# Exported from USD: /NEX35_C00/link_6_t/visuals/nex35_link_6_t/mesh
mtllib mesh_13.mtl

g mesh
v -0.02246405 -0.01908302 0.00000000
v -0.02246405 -0.01908302 0.00500000
v -0.02324005 -0.01918506 0.00500000
v -0.02396405 -0.01948499 0.00500000
v -0.02458505 -0.01996099 0.00500000
v -0.02506205 -0.02058303 0.00500000
v -0.02536105 -0.02130603 0.00500000
v -0.02546405 -0.02208304 0.00500000
v -0.02536105 -0.02285909 0.00500000
v -0.02506205 -0.02358305 0.00500000
v -0.02458505 -0.02420401 0.00500000
v -0.02396405 -0.02468109 0.00500000
v -0.02324005 -0.02498006 0.00500000
v -0.02246405 -0.02508306 0.00500000
v -0.02246405 -0.02508306 0.00000000
v -0.02324005 -0.02498006 0.00000000
v -0.02396405 -0.02468109 0.00000000
v -0.02458505 -0.02420401 0.00000000
v -0.02506205 -0.02358305 0.00000000
v -0.02536105 -0.02285909 0.00000000
v -0.02546405 -0.02208304 0.00000000
v -0.02536105 -0.02130603 0.00000000
v -0.02506205 -0.02058303 0.00000000
v -0.02458505 -0.01996099 0.00000000
v -0.02396405 -0.01948499 0.00000000
v -0.02324005 -0.01918506 0.00000000
v -0.02246405 -0.02508306 0.00000000
v -0.02246405 -0.02508306 0.00500000
v -0.02168704 -0.02498006 0.00500000
v -0.02096405 -0.02468109 0.00500000
v -0.02034205 -0.02420401 0.00500000
v -0.01986505 -0.02358305 0.00500000
v -0.01956605 -0.02285909 0.00500000
v -0.01946405 -0.02208304 0.00500000
v -0.01956605 -0.02130603 0.00500000
v -0.01986505 -0.02058303 0.00500000
v -0.02034205 -0.01996099 0.00500000
v -0.02096405 -0.01948499 0.00500000
v -0.02168705 -0.01918506 0.00500000
v -0.02246405 -0.01908302 0.00500000
v -0.02246405 -0.01908302 0.00000000
v -0.02168705 -0.01918506 0.00000000
v -0.02096405 -0.01948499 0.00000000
v -0.02034205 -0.01996099 0.00000000
v -0.01986505 -0.02058303 0.00000000
v -0.01956605 -0.02130603 0.00000000
v -0.01946405 -0.02208304 0.00000000
v -0.01956605 -0.02285909 0.00000000
v -0.01986505 -0.02358305 0.00000000
v -0.02034205 -0.02420401 0.00000000
v -0.02096405 -0.02468109 0.00000000
v -0.02168705 -0.02498006 0.00000000
v 0.01358495 0.02853001 0.00000000
v 0.01358495 0.02853001 0.00900006
v 0.01333495 0.02792693 0.00900006
v 0.01324995 0.02727998 0.00900006
v 0.01333495 0.02663291 0.00900006
v 0.01358495 0.02602995 0.00900006
v 0.01398195 0.02551199 0.00900006
v 0.01449995 0.02511502 0.00900006
v 0.01510295 0.02486492 0.00900006
v 0.01574995 0.02477992 0.00900006
v 0.01639695 0.02486492 0.00900006
v 0.01699995 0.02511502 0.00900006
v 0.01751795 0.02551199 0.00900006
v 0.01791495 0.02602995 0.00900006
v 0.01791495 0.02602995 -0.00000000
v 0.01751795 0.02551199 -0.00000000
v 0.01699995 0.02511502 -0.00000000
v 0.01639695 0.02486492 -0.00000000
v 0.01574995 0.02477992 -0.00000000
v 0.01510295 0.02486492 -0.00000000
v 0.01449995 0.02511502 -0.00000000
v 0.01398195 0.02551199 -0.00000000
v 0.01358495 0.02602995 -0.00000000
v 0.01333495 0.02663291 -0.00000000
v 0.01324995 0.02727998 0.00000000
v 0.01333495 0.02792693 0.00000000
v 0.01791495 0.02602995 -0.00000000
v 0.01791495 0.02602995 0.00900006
v 0.01816495 0.02663291 0.00900006
v 0.01824995 0.02727998 0.00900006
v 0.01816495 0.02792693 0.00900006
v 0.01791495 0.02853001 0.00900006
v 0.01751795 0.02904797 0.00900006
v 0.01699995 0.02944494 0.00900006
v 0.01639695 0.02969397 0.00900006
v 0.01574995 0.02977992 0.00900006
v 0.01510295 0.02969397 0.00900006
v 0.01449995 0.02944494 0.00900006
v 0.01398195 0.02904797 0.00900006
v 0.01358495 0.02853001 0.00900006
v 0.01358495 0.02853001 0.00000000
v 0.01398195 0.02904797 0.00000000
v 0.01449995 0.02944494 0.00000000
v 0.01510295 0.02969397 -0.00000000
v 0.01574995 0.02977992 -0.00000000
v 0.01639695 0.02969397 -0.00000000
v 0.01699995 0.02944494 -0.00000000
v 0.01751795 0.02904798 -0.00000000
v 0.01791495 0.02853001 -0.00000000
v 0.01816495 0.02792693 -0.00000000
v 0.01824995 0.02727998 -0.00000000
v 0.01816495 0.02663291 -0.00000000
v 0.02602995 0.01791502 -0.00000000
v 0.02602995 0.01791502 0.00900006
v 0.02551195 0.01751793 0.00900006
v 0.02511495 0.01699997 0.00900006
v 0.02486495 0.01639701 0.00900006
v 0.02477995 0.01574994 0.00900006
v 0.02486495 0.01510299 0.00900006
v 0.02511495 0.01449991 0.00900006
v 0.02551196 0.01398195 0.00900006
v 0.02602995 0.01358498 0.00900006
v 0.02663295 0.01333500 0.00900006
v 0.02727995 0.01325000 0.00900006
v 0.02792695 0.01333500 0.00900006
v 0.02852995 0.01358498 0.00900006
v 0.02852995 0.01358498 -0.00000000
v 0.02792695 0.01333500 -0.00000000
v 0.02727995 0.01325000 -0.00000000
v 0.02663295 0.01333500 -0.00000000
v 0.02602995 0.01358498 -0.00000000
v 0.02551195 0.01398195 -0.00000000
v 0.02511495 0.01449991 -0.00000000
v 0.02486495 0.01510299 -0.00000000
v 0.02477995 0.01574994 -0.00000000
v 0.02486495 0.01639701 -0.00000000
v 0.02511495 0.01699997 -0.00000000
v 0.02551195 0.01751793 -0.00000000
v 0.02852995 0.01358498 -0.00000000
v 0.02852995 0.01358498 0.00900006
v 0.02904795 0.01398195 0.00900006
v 0.02944495 0.01449991 0.00900006
v 0.02969496 0.01510299 0.00900006
v 0.02977996 0.01574994 0.00900006
v 0.02969496 0.01639701 0.00900006
v 0.02944495 0.01699997 0.00900006
v 0.02904795 0.01751793 0.00900006
v 0.02852995 0.01791502 0.00900006
v 0.02792695 0.01816500 0.00900006
v 0.02727995 0.01825000 0.00900006
v 0.02663295 0.01816500 0.00900006
v 0.02602995 0.01791502 0.00900006
v 0.02602995 0.01791502 -0.00000000
v 0.02663295 0.01816500 -0.00000000
v 0.02727995 0.01825000 -0.00000000
v 0.02792695 0.01816500 -0.00000000
v 0.02852995 0.01791502 -0.00000000
v 0.02904795 0.01751793 -0.00000000
v 0.02944495 0.01699997 -0.00000000
v 0.02969495 0.01639701 -0.00000000
v 0.02977995 0.01574994 -0.00000000
v 0.02969495 0.01510299 -0.00000000
v 0.02944495 0.01449991 -0.00000000
v 0.02904795 0.01398195 -0.00000000
v 0.03149996 0.00249995 -0.00000000
v 0.03149996 0.00249995 0.00900006
v 0.03085296 0.00241495 0.00900006
v 0.03024996 0.00216497 0.00900006
v 0.02973196 0.00176800 0.00900006
v 0.02933496 0.00124992 0.00900006
v 0.02908495 0.00064696 0.00900006
v 0.02899995 0.00000001 0.00900006
v 0.02908495 -0.00064706 0.00900006
v 0.02933496 -0.00125002 0.00900006
v 0.02973196 -0.00176798 0.00900006
v 0.03024996 -0.00216507 0.00900006
v 0.03085296 -0.00241505 0.00900006
v 0.03149996 -0.00250005 0.00900006
v 0.03149996 -0.00250005 -0.00000000
v 0.03085295 -0.00241505 -0.00000000
v 0.03024995 -0.00216507 -0.00000000
v 0.02973195 -0.00176798 -0.00000000
v 0.02933495 -0.00125002 -0.00000000
v 0.02908495 -0.00064706 -0.00000000
v 0.02899995 0.00000001 -0.00000000
v 0.02908495 0.00064696 -0.00000000
v 0.02933495 0.00124992 -0.00000000
v 0.02973195 0.00176800 -0.00000000
v 0.03024995 0.00216497 -0.00000000
v 0.03085295 0.00241495 -0.00000000
v 0.03149996 -0.00250005 -0.00000000
v 0.03149996 -0.00250005 0.00900006
v 0.03214696 -0.00241505 0.00900006
v 0.03274996 -0.00216507 0.00900006
v 0.03326796 -0.00176798 0.00900006
v 0.03366496 -0.00125002 0.00900006
v 0.03391495 -0.00064706 0.00900006
v 0.03399996 0.00000001 0.00900006
v 0.03391495 0.00064696 0.00900006
v 0.03366496 0.00124992 0.00900006
v 0.03326796 0.00176800 0.00900006
v 0.03274996 0.00216497 0.00900006
v 0.03214696 0.00241495 0.00900006
v 0.03149996 0.00249995 0.00900006
v 0.03149996 0.00249995 -0.00000000
v 0.03214696 0.00241495 -0.00000000
v 0.03274995 0.00216497 -0.00000000
v 0.03326796 0.00176800 -0.00000000
v 0.03366496 0.00124992 -0.00000000
v 0.03391495 0.00064696 -0.00000000
v 0.03399996 0.00000001 -0.00000000
v 0.03391495 -0.00064706 -0.00000000
v 0.03366496 -0.00125002 -0.00000000
v 0.03326796 -0.00176798 -0.00000000
v 0.03274995 -0.00216507 -0.00000000
v 0.03214696 -0.00241505 -0.00000000
v 0.02852996 -0.01358508 -0.00000000
v 0.02852996 -0.01358508 0.00900006
v 0.02792696 -0.01333498 0.00900006
v 0.02727996 -0.01324998 0.00900006
v 0.02663296 -0.01333498 0.00900006
v 0.02602996 -0.01358508 0.00900006
v 0.02551196 -0.01398205 0.00900006
v 0.02511496 -0.01450001 0.00900006
v 0.02486496 -0.01510309 0.00900006
v 0.02477996 -0.01575004 0.00900006
v 0.02486496 -0.01639699 0.00900006
v 0.02511496 -0.01700007 0.00900006
v 0.02551196 -0.01751803 0.00900006
v 0.02602996 -0.01791500 0.00900006
v 0.02602996 -0.01791500 -0.00000000
v 0.02551196 -0.01751803 -0.00000000
v 0.02511496 -0.01700007 -0.00000000
v 0.02486496 -0.01639699 -0.00000000
v 0.02477996 -0.01575004 -0.00000000
v 0.02486496 -0.01510309 -0.00000000
v 0.02511496 -0.01450001 -0.00000000
v 0.02551196 -0.01398205 -0.00000000
v 0.02602996 -0.01358508 -0.00000000
v 0.02663296 -0.01333498 -0.00000000
v 0.02727995 -0.01324998 -0.00000000
v 0.02792696 -0.01333498 -0.00000000
v 0.02602996 -0.01791500 -0.00000000
v 0.02602996 -0.01791500 0.00900006
v 0.02663296 -0.01816498 0.00900006
v 0.02727996 -0.01824998 0.00900006
v 0.02792696 -0.01816498 0.00900006
v 0.02852996 -0.01791500 0.00900006
v 0.02904796 -0.01751803 0.00900006
v 0.02944496 -0.01700007 0.00900006
v 0.02969496 -0.01639699 0.00900006
v 0.02977996 -0.01575004 0.00900006
v 0.02969496 -0.01510309 0.00900006
v 0.02944496 -0.01450001 0.00900006
v 0.02904796 -0.01398205 0.00900006
v 0.02852996 -0.01358508 0.00900006
v 0.02852996 -0.01358508 -0.00000000
v 0.02904796 -0.01398205 -0.00000000
v 0.02944496 -0.01450001 -0.00000000
v 0.02969496 -0.01510309 -0.00000000
v 0.02977996 -0.01575004 -0.00000000
v 0.02969496 -0.01639699 -0.00000000
v 0.02944496 -0.01700007 -0.00000000
v 0.02904796 -0.01751803 -0.00000000
v 0.02852996 -0.01791500 -0.00000000
v 0.02792696 -0.01816498 -0.00000000
v 0.02727996 -0.01824998 -0.00000000
v 0.02663296 -0.01816498 -0.00000000
v 0.01791496 -0.02603005 -0.00000000
v 0.01791496 -0.02603006 0.00900006
v 0.01751796 -0.02551209 0.00900006
v 0.01699996 -0.02511500 0.00900006
v 0.01639696 -0.02486502 0.00900006
v 0.01574996 -0.02478003 0.00900006
v 0.01510296 -0.02486502 0.00900006
v 0.01449996 -0.02511500 0.00900006
v 0.01398196 -0.02551209 0.00900006
v 0.01358496 -0.02603006 0.00900006
v 0.01333496 -0.02663302 0.00900006
v 0.01324996 -0.02728008 0.00900006
v 0.01333496 -0.02792703 0.00900006
v 0.01358496 -0.02852999 0.00900006
v 0.01358496 -0.02852999 -0.00000000
v 0.01333496 -0.02792703 -0.00000000
v 0.01324996 -0.02728008 -0.00000000
v 0.01333496 -0.02663302 -0.00000000
v 0.01358496 -0.02603005 -0.00000000
v 0.01398196 -0.02551209 -0.00000000
v 0.01449996 -0.02511500 -0.00000000
v 0.01510296 -0.02486502 -0.00000000
v 0.01574996 -0.02478003 -0.00000000
v 0.01639696 -0.02486502 -0.00000000
v 0.01699996 -0.02511500 -0.00000000
v 0.01751796 -0.02551209 -0.00000000
v 0.01358496 -0.02852999 -0.00000000
v 0.01358496 -0.02852999 0.00900006
v 0.01398196 -0.02904808 0.00900006
v 0.01449996 -0.02944504 0.00900006
v 0.01510296 -0.02969503 0.00900006
v 0.01574996 -0.02978002 0.00900006
v 0.01639696 -0.02969503 0.00900006
v 0.01699996 -0.02944504 0.00900006
v 0.01751796 -0.02904808 0.00900006
v 0.01791496 -0.02852999 0.00900006
v 0.01816496 -0.02792703 0.00900006
v 0.01824996 -0.02728008 0.00900006
v 0.01816496 -0.02663302 0.00900006
v 0.01791496 -0.02603006 0.00900006
v 0.01791496 -0.02603005 -0.00000000
v 0.01816496 -0.02663302 -0.00000000
v 0.01824996 -0.02728008 -0.00000000
v 0.01816496 -0.02792703 -0.00000000
v 0.01791496 -0.02852999 -0.00000000
v 0.01751796 -0.02904808 -0.00000000
v 0.01699996 -0.02944504 -0.00000000
v 0.01639696 -0.02969503 -0.00000000
v 0.01574996 -0.02978002 -0.00000000
v 0.01510296 -0.02969503 -0.00000000
v 0.01449996 -0.02944504 -0.00000000
v 0.01398196 -0.02904808 -0.00000000
v 0.00249996 -0.03150009 -0.00000000
v 0.00249996 -0.03150009 0.00900006
v 0.00241496 -0.03085303 0.00900006
v 0.00216496 -0.03025007 0.00900006
v 0.00176796 -0.02973198 0.00900006
v 0.00124996 -0.02933501 0.00900006
v 0.00064696 -0.02908503 0.00900006
v -0.00000004 -0.02900004 0.00900006
v -0.00064704 -0.02908503 0.00900006
v -0.00125004 -0.02933501 0.00900006
v -0.00176804 -0.02973198 0.00900006
v -0.00216504 -0.03025007 0.00900006
v -0.00241504 -0.03085303 0.00900006
v -0.00250004 -0.03150009 0.00900006
v -0.00250004 -0.03150009 -0.00000000
v -0.00241504 -0.03085303 -0.00000000
v -0.00216504 -0.03025006 -0.00000000
v -0.00176804 -0.02973198 -0.00000000
v -0.00125004 -0.02933501 -0.00000000
v -0.00064704 -0.02908503 -0.00000000
v -0.00000004 -0.02900004 -0.00000000
v 0.00064696 -0.02908503 -0.00000000
v 0.00124996 -0.02933501 -0.00000000
v 0.00176796 -0.02973198 -0.00000000
v 0.00216496 -0.03025006 -0.00000000
v 0.00241496 -0.03085303 -0.00000000
v -0.00250004 -0.03150009 -0.00000000
v -0.00250004 -0.03150009 0.00900006
v -0.00241504 -0.03214704 0.00900006
v -0.00216504 -0.03275000 0.00900006
v -0.00176804 -0.03326809 0.00900006
v -0.00125004 -0.03366505 0.00900006
v -0.00064704 -0.03391504 0.00900006
v -0.00000004 -0.03400003 0.00900006
v 0.00064696 -0.03391504 0.00900006
v 0.00124996 -0.03366505 0.00900006
v 0.00176796 -0.03326809 0.00900006
v 0.00216496 -0.03275000 0.00900006
v 0.00241496 -0.03214704 0.00900006
v 0.00249996 -0.03150009 0.00900006
v 0.00249996 -0.03150009 -0.00000000
v 0.00241496 -0.03214704 -0.00000000
v 0.00216496 -0.03275000 -0.00000000
v 0.00176796 -0.03326809 -0.00000000
v 0.00124996 -0.03366505 -0.00000000
v 0.00064696 -0.03391504 -0.00000000
v -0.00000004 -0.03400003 -0.00000000
v -0.00064704 -0.03391504 -0.00000000
v -0.00125004 -0.03366505 -0.00000000
v -0.00176804 -0.03326809 -0.00000000
v -0.00216504 -0.03275000 -0.00000000
v -0.00241504 -0.03214704 -0.00000000
v -0.01358505 -0.02852999 -0.00000000
v -0.01358504 -0.02853000 0.00900006
v -0.01333504 -0.02792703 0.00900006
v -0.01325004 -0.02728009 0.00900006
v -0.01333504 -0.02663302 0.00900006
v -0.01358505 -0.02603006 0.00900006
v -0.01398204 -0.02551209 0.00900006
v -0.01450004 -0.02511501 0.00900006
v -0.01510305 -0.02486503 0.00900006
v -0.01575005 -0.02478003 0.00900006
v -0.01639704 -0.02486503 0.00900006
v -0.01700005 -0.02511501 0.00900006
v -0.01751805 -0.02551209 0.00900006
v -0.01791504 -0.02603006 0.00900006
v -0.01791505 -0.02603006 0.00000000
v -0.01751805 -0.02551209 0.00000000
v -0.01700005 -0.02511501 0.00000000
v -0.01639705 -0.02486502 0.00000000
v -0.01575005 -0.02478003 0.00000000
v -0.01510305 -0.02486502 0.00000000
v -0.01450005 -0.02511501 0.00000000
v -0.01398205 -0.02551209 0.00000000
v -0.01358505 -0.02603006 0.00000000
v -0.01333505 -0.02663302 0.00000000
v -0.01325005 -0.02728009 -0.00000000
v -0.01333505 -0.02792703 -0.00000000
v -0.01791505 -0.02603006 0.00000000
v -0.01791504 -0.02603006 0.00900006
v -0.01816504 -0.02663302 0.00900006
v -0.01825004 -0.02728009 0.00900006
v -0.01816504 -0.02792704 0.00900006
v -0.01791504 -0.02853000 0.00900006
v -0.01751805 -0.02904808 0.00900006
v -0.01700005 -0.02944505 0.00900006
v -0.01639704 -0.02969503 0.00900006
v -0.01575004 -0.02978002 0.00900006
v -0.01510304 -0.02969503 0.00900006
v -0.01450004 -0.02944505 0.00900006
v -0.01398204 -0.02904808 0.00900006
v -0.01358504 -0.02853000 0.00900006
v -0.01358505 -0.02852999 -0.00000000
v -0.01398205 -0.02904808 -0.00000000
v -0.01450005 -0.02944505 -0.00000000
v -0.01510305 -0.02969503 0.00000000
v -0.01575005 -0.02978002 0.00000000
v -0.01639705 -0.02969503 0.00000000
v -0.01700005 -0.02944505 0.00000000
v -0.01751805 -0.02904808 0.00000000
v -0.01791505 -0.02853000 0.00000000
v -0.01816505 -0.02792703 0.00000000
v -0.01825005 -0.02728009 0.00000000
v -0.01816505 -0.02663302 0.00000000
v -0.02603005 -0.01791500 0.00000000
v -0.02603005 -0.01791501 0.00900007
v -0.02551205 -0.01751804 0.00900007
v -0.02511505 -0.01700007 0.00900007
v -0.02486505 -0.01639699 0.00900007
v -0.02478005 -0.01575005 0.00900007
v -0.02486505 -0.01510310 0.00900007
v -0.02511505 -0.01450002 0.00900007
v -0.02551205 -0.01398205 0.00900007
v -0.02603005 -0.01358509 0.00900007
v -0.02663305 -0.01333498 0.00900007
v -0.02728005 -0.01324999 0.00900007
v -0.02792705 -0.01333498 0.00900007
v -0.02853005 -0.01358509 0.00900007
v -0.02853005 -0.01358509 0.00000000
v -0.02792705 -0.01333498 0.00000000
v -0.02728005 -0.01324999 0.00000000
v -0.02663305 -0.01333498 0.00000000
v -0.02603005 -0.01358508 0.00000000
v -0.02551205 -0.01398205 0.00000000
v -0.02511505 -0.01450002 0.00000000
v -0.02486505 -0.01510310 0.00000000
v -0.02478005 -0.01575004 0.00000000
v -0.02486505 -0.01639699 0.00000000
v -0.02511505 -0.01700007 0.00000000
v -0.02551205 -0.01751804 0.00000000
v -0.02853005 -0.01358509 0.00000000
v -0.02853005 -0.01358509 0.00900007
v -0.02904805 -0.01398205 0.00900007
v -0.02944505 -0.01450002 0.00900007
v -0.02969505 -0.01510310 0.00900007
v -0.02978005 -0.01575005 0.00900007
v -0.02969505 -0.01639699 0.00900007
v -0.02944505 -0.01700007 0.00900007
v -0.02904805 -0.01751804 0.00900007
v -0.02853005 -0.01791501 0.00900007
v -0.02792705 -0.01816499 0.00900007
v -0.02728005 -0.01824998 0.00900007
v -0.02663305 -0.01816499 0.00900007
v -0.02603005 -0.01791501 0.00900007
v -0.02603005 -0.01791500 0.00000000
v -0.02663305 -0.01816499 0.00000000
v -0.02728005 -0.01824998 0.00000000
v -0.02792705 -0.01816499 0.00000000
v -0.02853005 -0.01791500 0.00000000
v -0.02904805 -0.01751804 0.00000000
v -0.02944505 -0.01700007 0.00000000
v -0.02969505 -0.01639699 0.00000000
v -0.02978005 -0.01575005 0.00000000
v -0.02969505 -0.01510310 0.00000000
v -0.02944505 -0.01450002 0.00000000
v -0.02904805 -0.01398205 0.00000000
v -0.03150005 -0.00250005 0.00000000
v -0.03150005 -0.00250005 0.00900007
v -0.03085305 -0.00241506 0.00900007
v -0.03025005 -0.00216507 0.00900007
v -0.02973205 -0.00176799 0.00900007
v -0.02933505 -0.00125002 0.00900007
v -0.02908505 -0.00064706 0.00900007
v -0.02900005 0.00000001 0.00900007
v -0.02908505 0.00064695 0.00900007
v -0.02933505 0.00124991 0.00900007
v -0.02973205 0.00176800 0.00900007
v -0.03025005 0.00216496 0.00900007
v -0.03085305 0.00241495 0.00900007
v -0.03150005 0.00249994 0.00900007
v -0.03150005 0.00249994 0.00000000
v -0.03085305 0.00241495 0.00000000
v -0.03025005 0.00216497 0.00000000
v -0.02973205 0.00176800 0.00000000
v -0.02933505 0.00124991 0.00000000
v -0.02908505 0.00064695 0.00000000
v -0.02900005 0.00000001 0.00000000
v -0.02908505 -0.00064706 0.00000000
v -0.02933505 -0.00125002 0.00000000
v -0.02973205 -0.00176799 0.00000000
v -0.03025005 -0.00216507 0.00000000
v -0.03085305 -0.00241506 0.00000000
v -0.03150005 0.00249994 0.00000000
v -0.03150005 0.00249994 0.00900007
v -0.03214705 0.00241495 0.00900007
v -0.03275005 0.00216496 0.00900007
v -0.03326805 0.00176800 0.00900007
v -0.03366505 0.00124991 0.00900007
v -0.03391505 0.00064695 0.00900007
v -0.03400005 0.00000000 0.00900007
v -0.03391505 -0.00064706 0.00900007
v -0.03366505 -0.00125002 0.00900007
v -0.03326805 -0.00176799 0.00900007
v -0.03275005 -0.00216507 0.00900007
v -0.03214705 -0.00241506 0.00900007
v -0.03150005 -0.00250005 0.00900007
v -0.03150005 -0.00250005 0.00000000
v -0.03214705 -0.00241506 0.00000000
v -0.03275005 -0.00216507 0.00000000
v -0.03326805 -0.00176799 0.00000000
v -0.03366505 -0.00125002 0.00000000
v -0.03391505 -0.00064706 0.00000000
v -0.03400005 0.00000001 0.00000000
v -0.03391505 0.00064695 0.00000000
v -0.03366505 0.00124991 0.00000000
v -0.03326805 0.00176800 0.00000000
v -0.03275005 0.00216497 0.00000000
v -0.03214705 0.00241495 0.00000000
v -0.02853005 0.01358498 0.00000000
v -0.02853005 0.01358498 0.00900007
v -0.02792705 0.01333499 0.00900007
v -0.02728005 0.01325000 0.00900007
v -0.02663305 0.01333499 0.00900007
v -0.02603005 0.01358498 0.00900007
v -0.02551205 0.01398194 0.00900007
v -0.02511505 0.01449991 0.00900007
v -0.02486505 0.01510299 0.00900007
v -0.02478005 0.01574994 0.00900007
v -0.02486505 0.01639700 0.00900007
v -0.02511505 0.01699997 0.00900007
v -0.02551205 0.01751793 0.00900007
v -0.02603005 0.01791502 0.00900007
v -0.02603005 0.01791502 0.00000000
v -0.02551205 0.01751793 0.00000000
v -0.02511505 0.01699997 0.00000000
v -0.02486505 0.01639701 0.00000000
v -0.02478005 0.01574994 0.00000000
v -0.02486505 0.01510299 0.00000000
v -0.02511505 0.01449991 0.00000000
v -0.02551205 0.01398194 0.00000000
v -0.02603005 0.01358498 0.00000000
v -0.02663305 0.01333500 0.00000000
v -0.02728005 0.01325000 0.00000000
v -0.02792705 0.01333500 0.00000000
v -0.02603005 0.01791502 0.00000000
v -0.02603005 0.01791502 0.00900007
v -0.02663305 0.01816500 0.00900007
v -0.02728005 0.01824999 0.00900007
v -0.02792705 0.01816500 0.00900007
v -0.02853005 0.01791502 0.00900007
v -0.02904805 0.01751793 0.00900007
v -0.02944505 0.01699996 0.00900007
v -0.02969505 0.01639700 0.00900007
v -0.02978005 0.01574994 0.00900007
v -0.02969505 0.01510299 0.00900007
v -0.02944505 0.01449991 0.00900007
v -0.02904805 0.01398194 0.00900007
v -0.02853005 0.01358498 0.00900007
v -0.02853005 0.01358498 0.00000000
v -0.02904805 0.01398194 0.00000000
v -0.02944505 0.01449991 0.00000000
v -0.02969505 0.01510299 0.00000000
v -0.02978005 0.01574994 0.00000000
v -0.02969505 0.01639700 0.00000000
v -0.02944505 0.01699997 0.00000000
v -0.02904805 0.01751793 0.00000000
v -0.02853005 0.01791502 0.00000000
v -0.02792705 0.01816500 0.00000000
v -0.02728005 0.01824999 0.00000000
v -0.02663305 0.01816500 0.00000000
v -0.01791505 0.02602995 0.00000000
v -0.01791505 0.02602995 0.00900007
v -0.01751805 0.02551199 0.00900007
v -0.01700005 0.02511502 0.00900007
v -0.01639705 0.02486492 0.00900007
v -0.01575005 0.02477992 0.00900007
v -0.01510305 0.02486492 0.00900007
v -0.01450005 0.02511502 0.00900007
v -0.01398205 0.02551199 0.00900007
v -0.01358505 0.02602995 0.00900007
v -0.01333505 0.02663291 0.00900007
v -0.01325005 0.02727998 0.00900007
v -0.01333505 0.02792693 0.00900007
v -0.01358505 0.02853001 0.00900007
v -0.01358505 0.02853001 0.00000000
v -0.01333505 0.02792693 0.00000000
v -0.01325005 0.02727998 0.00000000
v -0.01333505 0.02663291 0.00000000
v -0.01358505 0.02602995 0.00000000
v -0.01398205 0.02551199 0.00000000
v -0.01450005 0.02511502 0.00000000
v -0.01510305 0.02486492 0.00000000
v -0.01575005 0.02477992 0.00000000
v -0.01639705 0.02486492 0.00000000
v -0.01700005 0.02511502 0.00000000
v -0.01751805 0.02551199 0.00000000
v -0.01358505 0.02853001 0.00000000
v -0.01358505 0.02853001 0.00900007
v -0.01398205 0.02904797 0.00900007
v -0.01450005 0.02944494 0.00900007
v -0.01510305 0.02969397 0.00900007
v -0.01575005 0.02977992 0.00900007
v -0.01639705 0.02969397 0.00900007
v -0.01700005 0.02944494 0.00900007
v -0.01751805 0.02904797 0.00900007
v -0.01791505 0.02853001 0.00900007
v -0.01816505 0.02792693 0.00900007
v -0.01825005 0.02727998 0.00900007
v -0.01816505 0.02663291 0.00900007
v -0.01791505 0.02602995 0.00900007
v -0.01791505 0.02602995 0.00000000
v -0.01816505 0.02663291 0.00000000
v -0.01825005 0.02727998 0.00000000
v -0.01816505 0.02792693 0.00000000
v -0.01791505 0.02853001 0.00000000
v -0.01751805 0.02904797 0.00000000
v -0.01700005 0.02944494 0.00000000
v -0.01639705 0.02969397 0.00000000
v -0.01575005 0.02977992 0.00000000
v -0.01510305 0.02969397 0.00000000
v -0.01450005 0.02944494 0.00000000
v -0.01398205 0.02904797 0.00000000
v -0.00250005 0.03149999 0.00000000
v -0.00250005 0.03149999 0.00900007
v -0.00241505 0.03085292 0.00900007
v -0.00216505 0.03024996 0.00900007
v -0.00176805 0.02973200 0.00900007
v -0.00125005 0.02933491 0.00900007
v -0.00064705 0.02908493 0.00900007
v -0.00000005 0.02899993 0.00900007
v 0.00064695 0.02908493 0.00900007
v 0.00124995 0.02933491 0.00900007
v 0.00176795 0.02973200 0.00900007
v 0.00216495 0.03024996 0.00900007
v 0.00241495 0.03085292 0.00900007
v 0.00249995 0.03149999 0.00900007
v 0.00249995 0.03149999 0.00000000
v 0.00241495 0.03085292 0.00000000
v 0.00216495 0.03024996 0.00000000
v 0.00176795 0.02973200 0.00000000
v 0.00124995 0.02933491 0.00000000
v 0.00064695 0.02908493 0.00000000
v -0.00000005 0.02899993 0.00000000
v -0.00064705 0.02908493 0.00000000
v -0.00125005 0.02933491 0.00000000
v -0.00176805 0.02973200 0.00000000
v -0.00216505 0.03024996 0.00000000
v -0.00241505 0.03085292 0.00000000
v 0.00249995 0.03149999 0.00000000
v 0.00249995 0.03149999 0.00900007
v 0.00241495 0.03214694 0.00900007
v 0.00216495 0.03275002 0.00900007
v 0.00176795 0.03326798 0.00900007
v 0.00124995 0.03366495 0.00900007
v 0.00064695 0.03391493 0.00900007
v -0.00000005 0.03399993 0.00900007
v -0.00064705 0.03391493 0.00900007
v -0.00125005 0.03366495 0.00900007
v -0.00176805 0.03326798 0.00900007
v -0.00216505 0.03275002 0.00900007
v -0.00241505 0.03214694 0.00900007
v -0.00250005 0.03149999 0.00900007
v -0.00250005 0.03149999 0.00000000
v -0.00241505 0.03214694 0.00000000
v -0.00216505 0.03275002 0.00000000
v -0.00176805 0.03326798 0.00000000
v -0.00125005 0.03366495 0.00000000
v -0.00064705 0.03391493 0.00000000
v -0.00000005 0.03399993 0.00000000
v 0.00064695 0.03391493 0.00000000
v 0.00124995 0.03366495 0.00000000
v 0.00176795 0.03326798 0.00000000
v 0.00216495 0.03275002 0.00000000
v 0.00241495 0.03214694 0.00000000
v -0.02246405 -0.02508306 0.00500000
v -0.02324005 -0.02498006 0.00500000
v -0.02396405 -0.02468109 0.00500000
v -0.02458505 -0.02420401 0.00500000
v -0.02506205 -0.02358305 0.00500000
v -0.02536105 -0.02285909 0.00500000
v -0.02546405 -0.02208304 0.00500000
v -0.02536105 -0.02130603 0.00500000
v -0.02506205 -0.02058303 0.00500000
v -0.02458505 -0.01996099 0.00500000
v -0.02396405 -0.01948499 0.00500000
v -0.02324005 -0.01918506 0.00500000
v -0.02246405 -0.01908302 0.00500000
v -0.02168705 -0.01918506 0.00500000
v -0.02096405 -0.01948499 0.00500000
v -0.02034205 -0.01996099 0.00500000
v -0.01986505 -0.02058303 0.00500000
v -0.01956605 -0.02130603 0.00500000
v -0.01946405 -0.02208304 0.00500000
v -0.01956605 -0.02285909 0.00500000
v -0.01986505 -0.02358305 0.00500000
v -0.02034205 -0.02420401 0.00500000
v -0.02096405 -0.02468109 0.00500000
v -0.02168704 -0.02498006 0.00500000
v 0.01574995 0.02727998 0.01050198
v 0.01791495 0.02602995 0.00900006
v 0.01751795 0.02551199 0.00900006
v 0.01699995 0.02511502 0.00900006
v 0.01639695 0.02486492 0.00900006
v 0.01574995 0.02477992 0.00900006
v 0.01510295 0.02486492 0.00900006
v 0.01449995 0.02511502 0.00900006
v 0.01398195 0.02551199 0.00900006
v 0.01358495 0.02602995 0.00900006
v 0.01333495 0.02663291 0.00900006
v 0.01324995 0.02727998 0.00900006
v 0.01333495 0.02792693 0.00900006
v 0.01358495 0.02853001 0.00900006
v 0.01574995 0.02727998 0.01050198
v 0.01574995 0.02727998 0.01050198
v 0.01574995 0.02727998 0.01050198
v 0.01574995 0.02727998 0.01050198
v 0.01574995 0.02727998 0.01050198
v 0.01574995 0.02727998 0.01050198
v 0.01574995 0.02727998 0.01050198
v 0.01358495 0.02853001 0.00900006
v 0.01398195 0.02904797 0.00900006
v 0.01449995 0.02944494 0.00900006
v 0.01510295 0.02969397 0.00900006
v 0.01574995 0.02977992 0.00900006
v 0.01639695 0.02969397 0.00900006
v 0.01699995 0.02944494 0.00900006
v 0.01751795 0.02904797 0.00900006
v 0.01791495 0.02853001 0.00900006
v 0.01816495 0.02792693 0.00900006
v 0.01824995 0.02727998 0.00900006
v 0.01816495 0.02663291 0.00900006
v 0.01791495 0.02602995 0.00900006
v 0.01574995 0.02727998 0.01050198
v 0.01574995 0.02727998 0.01050198
v 0.01574995 0.02727998 0.01050198
v 0.01574995 0.02727998 0.01050198
v 0.01574995 0.02727998 0.01050198
v 0.01574995 0.02727998 0.01050198
v 0.01574995 0.02727998 0.01050198
v 0.01574995 0.02727998 0.01050198
v 0.01574995 0.02727998 0.01050198
v 0.02727995 0.01574994 0.01050198
v 0.02852995 0.01358498 0.00900006
v 0.02792695 0.01333500 0.00900006
v 0.02727995 0.01325000 0.00900006
v 0.02663295 0.01333500 0.00900006
v 0.02602995 0.01358498 0.00900006
v 0.02551196 0.01398195 0.00900006
v 0.02511495 0.01449991 0.00900006
v 0.02486495 0.01510299 0.00900006
v 0.02477995 0.01574994 0.00900006
v 0.02486495 0.01639701 0.00900006
v 0.02511495 0.01699997 0.00900006
v 0.02551195 0.01751793 0.00900006
v 0.02602995 0.01791502 0.00900006
v 0.02727995 0.01574994 0.01050198
v 0.02727995 0.01574994 0.01050198
v 0.02727995 0.01574994 0.01050198
v 0.02727995 0.01574994 0.01050198
v 0.02727995 0.01574994 0.01050198
v 0.02727995 0.01574994 0.01050198
v 0.02727995 0.01574994 0.01050198
v 0.02602995 0.01791502 0.00900006
v 0.02663295 0.01816500 0.00900006
v 0.02727995 0.01825000 0.00900006
v 0.02792695 0.01816500 0.00900006
v 0.02852995 0.01791502 0.00900006
v 0.02904795 0.01751793 0.00900006
v 0.02944495 0.01699997 0.00900006
v 0.02969496 0.01639701 0.00900006
v 0.02977996 0.01574994 0.00900006
v 0.02969496 0.01510299 0.00900006
v 0.02944495 0.01449991 0.00900006
v 0.02904795 0.01398195 0.00900006
v 0.02852995 0.01358498 0.00900006
v 0.02727995 0.01574994 0.01050198
v 0.02727995 0.01574994 0.01050198
v 0.02727995 0.01574994 0.01050198
v 0.02727995 0.01574994 0.01050198
v 0.02727995 0.01574994 0.01050198
v 0.02727995 0.01574994 0.01050198
v 0.02727995 0.01574994 0.01050198
v 0.02727995 0.01574994 0.01050198
v 0.03149996 0.00000001 0.01050198
v 0.03149996 -0.00250005 0.00900006
v 0.03085296 -0.00241505 0.00900006
v 0.03024996 -0.00216507 0.00900006
v 0.02973196 -0.00176798 0.00900006
v 0.02933496 -0.00125002 0.00900006
v 0.02908495 -0.00064706 0.00900006
v 0.02899995 0.00000001 0.00900006
v 0.02908495 0.00064696 0.00900006
v 0.02933496 0.00124992 0.00900006
v 0.02973196 0.00176800 0.00900006
v 0.03024996 0.00216497 0.00900006
v 0.03085296 0.00241495 0.00900006
v 0.03149996 0.00249995 0.00900006
v 0.03149996 0.00000001 0.01050198
v 0.03149996 0.00000001 0.01050198
v 0.03149996 0.00000001 0.01050198
v 0.03149996 0.00000001 0.01050198
v 0.03149996 0.00000001 0.01050198
v 0.03149996 0.00000001 0.01050198
v 0.03149996 0.00000001 0.01050198
v 0.03149996 0.00249995 0.00900006
v 0.03214696 0.00241495 0.00900006
v 0.03274996 0.00216497 0.00900006
v 0.03326796 0.00176800 0.00900006
v 0.03366496 0.00124992 0.00900006
v 0.03391495 0.00064696 0.00900006
v 0.03399996 0.00000001 0.00900006
v 0.03391495 -0.00064706 0.00900006
v 0.03366496 -0.00125002 0.00900006
v 0.03326796 -0.00176798 0.00900006
v 0.03274996 -0.00216507 0.00900006
v 0.03214696 -0.00241505 0.00900006
v 0.03149996 -0.00250005 0.00900006
v 0.03149996 0.00000001 0.01050198
v 0.03149996 0.00000001 0.01050198
v 0.03149996 0.00000001 0.01050198
v 0.03149996 0.00000001 0.01050198
v 0.03149996 0.00000001 0.01050198
v 0.03149996 0.00000001 0.01050198
v 0.03149996 0.00000001 0.01050198
v 0.03149996 0.00000001 0.01050198
v 0.03149996 0.00000001 0.01050198
v 0.02727996 -0.01575004 0.01050198
v 0.02602996 -0.01791500 0.00900006
v 0.02551196 -0.01751803 0.00900006
v 0.02511496 -0.01700007 0.00900006
v 0.02486496 -0.01639699 0.00900006
v 0.02477996 -0.01575004 0.00900006
v 0.02486496 -0.01510309 0.00900006
v 0.02511496 -0.01450001 0.00900006
v 0.02551196 -0.01398205 0.00900006
v 0.02602996 -0.01358508 0.00900006
v 0.02663296 -0.01333498 0.00900006
v 0.02727996 -0.01324998 0.00900006
v 0.02792696 -0.01333498 0.00900006
v 0.02852996 -0.01358508 0.00900006
v 0.02727996 -0.01575004 0.01050198
v 0.02727996 -0.01575004 0.01050198
v 0.02727996 -0.01575004 0.01050198
v 0.02727996 -0.01575004 0.01050198
v 0.02727996 -0.01575004 0.01050198
v 0.02727996 -0.01575004 0.01050198
v 0.02727996 -0.01575004 0.01050198
v 0.02852996 -0.01358508 0.00900006
v 0.02904796 -0.01398205 0.00900006
v 0.02944496 -0.01450001 0.00900006
v 0.02969496 -0.01510309 0.00900006
v 0.02977996 -0.01575004 0.00900006
v 0.02969496 -0.01639699 0.00900006
v 0.02944496 -0.01700007 0.00900006
v 0.02904796 -0.01751803 0.00900006
v 0.02852996 -0.01791500 0.00900006
v 0.02792696 -0.01816498 0.00900006
v 0.02727996 -0.01824998 0.00900006
v 0.02663296 -0.01816498 0.00900006
v 0.02602996 -0.01791500 0.00900006
v 0.02727996 -0.01575004 0.01050198
v 0.02727996 -0.01575004 0.01050198
v 0.02727996 -0.01575004 0.01050198
v 0.02727996 -0.01575004 0.01050198
v 0.02727996 -0.01575004 0.01050198
v 0.02727996 -0.01575004 0.01050198
v 0.02727996 -0.01575004 0.01050198
v 0.02727996 -0.01575004 0.01050198
v 0.02727996 -0.01575004 0.01050198
v 0.01574996 -0.02728008 0.01050198
v 0.01358496 -0.02852999 0.00900006
v 0.01333496 -0.02792703 0.00900006
v 0.01324996 -0.02728008 0.00900006
v 0.01333496 -0.02663302 0.00900006
v 0.01358496 -0.02603006 0.00900006
v 0.01398196 -0.02551209 0.00900006
v 0.01449996 -0.02511500 0.00900006
v 0.01510296 -0.02486502 0.00900006
v 0.01574996 -0.02478003 0.00900006
v 0.01639696 -0.02486502 0.00900006
v 0.01699996 -0.02511500 0.00900006
v 0.01751796 -0.02551209 0.00900006
v 0.01791496 -0.02603006 0.00900006
v 0.01574996 -0.02728008 0.01050198
v 0.01574996 -0.02728008 0.01050198
v 0.01574996 -0.02728008 0.01050198
v 0.01574996 -0.02728008 0.01050198
v 0.01574996 -0.02728008 0.01050198
v 0.01574996 -0.02728008 0.01050198
v 0.01574996 -0.02728008 0.01050198
v 0.01791496 -0.02603006 0.00900006
v 0.01816496 -0.02663302 0.00900006
v 0.01824996 -0.02728008 0.00900006
v 0.01816496 -0.02792703 0.00900006
v 0.01791496 -0.02852999 0.00900006
v 0.01751796 -0.02904808 0.00900006
v 0.01699996 -0.02944504 0.00900006
v 0.01639696 -0.02969503 0.00900006
v 0.01574996 -0.02978002 0.00900006
v 0.01510296 -0.02969503 0.00900006
v 0.01449996 -0.02944504 0.00900006
v 0.01398196 -0.02904808 0.00900006
v 0.01358496 -0.02852999 0.00900006
v 0.01574996 -0.02728008 0.01050198
v 0.01574996 -0.02728008 0.01050198
v 0.01574996 -0.02728008 0.01050198
v 0.01574996 -0.02728008 0.01050198
v 0.01574996 -0.02728008 0.01050198
v 0.01574996 -0.02728008 0.01050198
v 0.01574996 -0.02728008 0.01050198
v 0.01574996 -0.02728008 0.01050198
v -0.00000004 -0.03150009 0.01050198
v -0.00250004 -0.03150009 0.00900006
v -0.00241504 -0.03085303 0.00900006
v -0.00216504 -0.03025007 0.00900006
v -0.00176804 -0.02973198 0.00900006
v -0.00125004 -0.02933501 0.00900006
v -0.00064704 -0.02908503 0.00900006
v -0.00000004 -0.02900004 0.00900006
v 0.00064696 -0.02908503 0.00900006
v 0.00124996 -0.02933501 0.00900006
v 0.00176796 -0.02973198 0.00900006
v 0.00216496 -0.03025007 0.00900006
v 0.00241496 -0.03085303 0.00900006
v 0.00249996 -0.03150009 0.00900006
v -0.00000004 -0.03150009 0.01050198
v -0.00000004 -0.03150009 0.01050198
v -0.00000004 -0.03150009 0.01050198
v -0.00000004 -0.03150009 0.01050198
v -0.00000004 -0.03150009 0.01050198
v -0.00000004 -0.03150009 0.01050198
v -0.00000004 -0.03150009 0.01050198
v 0.00249996 -0.03150009 0.00900006
v 0.00241496 -0.03214704 0.00900006
v 0.00216496 -0.03275000 0.00900006
v 0.00176796 -0.03326809 0.00900006
v 0.00124996 -0.03366505 0.00900006
v 0.00064696 -0.03391504 0.00900006
v -0.00000004 -0.03400003 0.00900006
v -0.00064704 -0.03391504 0.00900006
v -0.00125004 -0.03366505 0.00900006
v -0.00176804 -0.03326809 0.00900006
v -0.00216504 -0.03275000 0.00900006
v -0.00241504 -0.03214704 0.00900006
v -0.00250004 -0.03150009 0.00900006
v -0.00000004 -0.03150009 0.01050198
v -0.00000004 -0.03150009 0.01050198
v -0.00000004 -0.03150009 0.01050198
v -0.00000004 -0.03150009 0.01050198
v -0.00000004 -0.03150009 0.01050198
v -0.00000004 -0.03150009 0.01050198
v -0.00000004 -0.03150009 0.01050198
v -0.00000004 -0.03150009 0.01050198
v -0.00000004 -0.03150009 0.01050198
v -0.01575004 -0.02728009 0.01050198
v -0.01791504 -0.02603006 0.00900006
v -0.01751805 -0.02551209 0.00900006
v -0.01700005 -0.02511501 0.00900006
v -0.01639704 -0.02486503 0.00900006
v -0.01575005 -0.02478003 0.00900006
v -0.01510305 -0.02486503 0.00900006
v -0.01450004 -0.02511501 0.00900006
v -0.01398204 -0.02551209 0.00900006
v -0.01358505 -0.02603006 0.00900006
v -0.01333504 -0.02663302 0.00900006
v -0.01325004 -0.02728009 0.00900006
v -0.01333504 -0.02792703 0.00900006
v -0.01358504 -0.02853000 0.00900006
v -0.01575004 -0.02728009 0.01050198
v -0.01575004 -0.02728009 0.01050198
v -0.01575004 -0.02728009 0.01050198
v -0.01575004 -0.02728009 0.01050198
v -0.01575004 -0.02728009 0.01050198
v -0.01575004 -0.02728009 0.01050198
v -0.01575004 -0.02728009 0.01050198
v -0.01358504 -0.02853000 0.00900006
v -0.01398204 -0.02904808 0.00900006
v -0.01450004 -0.02944505 0.00900006
v -0.01510304 -0.02969503 0.00900006
v -0.01575004 -0.02978002 0.00900006
v -0.01639704 -0.02969503 0.00900006
v -0.01700005 -0.02944505 0.00900006
v -0.01751805 -0.02904808 0.00900006
v -0.01791504 -0.02853000 0.00900006
v -0.01816504 -0.02792704 0.00900006
v -0.01825004 -0.02728009 0.00900006
v -0.01816504 -0.02663302 0.00900006
v -0.01791504 -0.02603006 0.00900006
v -0.01575004 -0.02728009 0.01050198
v -0.01575004 -0.02728009 0.01050198
v -0.01575004 -0.02728009 0.01050198
v -0.01575004 -0.02728009 0.01050198
v -0.01575004 -0.02728009 0.01050198
v -0.01575004 -0.02728009 0.01050198
v -0.01575004 -0.02728009 0.01050198
v -0.01575004 -0.02728009 0.01050198
v -0.01575004 -0.02728009 0.01050198
v -0.02728005 -0.01575005 0.01050198
v -0.02853005 -0.01358509 0.00900007
v -0.02792705 -0.01333498 0.00900007
v -0.02728005 -0.01324999 0.00900007
v -0.02663305 -0.01333498 0.00900007
v -0.02603005 -0.01358509 0.00900007
v -0.02551205 -0.01398205 0.00900007
v -0.02511505 -0.01450002 0.00900007
v -0.02486505 -0.01510310 0.00900007
v -0.02478005 -0.01575005 0.00900007
v -0.02486505 -0.01639699 0.00900007
v -0.02511505 -0.01700007 0.00900007
v -0.02551205 -0.01751804 0.00900007
v -0.02603005 -0.01791501 0.00900007
v -0.02728005 -0.01575005 0.01050198
v -0.02728005 -0.01575005 0.01050198
v -0.02728005 -0.01575005 0.01050198
v -0.02728005 -0.01575005 0.01050198
v -0.02728005 -0.01575005 0.01050198
v -0.02728005 -0.01575005 0.01050198
v -0.02728005 -0.01575005 0.01050198
v -0.02603005 -0.01791501 0.00900007
v -0.02663305 -0.01816499 0.00900007
v -0.02728005 -0.01824998 0.00900007
v -0.02792705 -0.01816499 0.00900007
v -0.02853005 -0.01791501 0.00900007
v -0.02904805 -0.01751804 0.00900007
v -0.02944505 -0.01700007 0.00900007
v -0.02969505 -0.01639699 0.00900007
v -0.02978005 -0.01575005 0.00900007
v -0.02969505 -0.01510310 0.00900007
v -0.02944505 -0.01450002 0.00900007
v -0.02904805 -0.01398205 0.00900007
v -0.02853005 -0.01358509 0.00900007
v -0.02728005 -0.01575005 0.01050198
v -0.02728005 -0.01575005 0.01050198
v -0.02728005 -0.01575005 0.01050198
v -0.02728005 -0.01575005 0.01050198
v -0.02728005 -0.01575005 0.01050198
v -0.02728005 -0.01575005 0.01050198
v -0.02728005 -0.01575005 0.01050198
v -0.02728005 -0.01575005 0.01050198
v -0.03150005 0.00000000 0.01050199
v -0.03150005 0.00249994 0.00900007
v -0.03085305 0.00241495 0.00900007
v -0.03025005 0.00216496 0.00900007
v -0.02973205 0.00176800 0.00900007
v -0.02933505 0.00124991 0.00900007
v -0.02908505 0.00064695 0.00900007
v -0.02900005 0.00000001 0.00900007
v -0.02908505 -0.00064706 0.00900007
v -0.02933505 -0.00125002 0.00900007
v -0.02973205 -0.00176799 0.00900007
v -0.03025005 -0.00216507 0.00900007
v -0.03085305 -0.00241506 0.00900007
v -0.03150005 -0.00250005 0.00900007
v -0.03150005 0.00000000 0.01050199
v -0.03150005 0.00000000 0.01050199
v -0.03150005 0.00000000 0.01050199
v -0.03150005 0.00000000 0.01050199
v -0.03150005 0.00000000 0.01050199
v -0.03150005 0.00000000 0.01050199
v -0.03150005 0.00000000 0.01050199
v -0.03150005 -0.00250005 0.00900007
v -0.03214705 -0.00241506 0.00900007
v -0.03275005 -0.00216507 0.00900007
v -0.03326805 -0.00176799 0.00900007
v -0.03366505 -0.00125002 0.00900007
v -0.03391505 -0.00064706 0.00900007
v -0.03400005 0.00000000 0.00900007
v -0.03391505 0.00064695 0.00900007
v -0.03366505 0.00124991 0.00900007
v -0.03326805 0.00176800 0.00900007
v -0.03275005 0.00216496 0.00900007
v -0.03214705 0.00241495 0.00900007
v -0.03150005 0.00249994 0.00900007
v -0.03150005 0.00000000 0.01050199
v -0.03150005 0.00000000 0.01050199
v -0.03150005 0.00000000 0.01050199
v -0.03150005 0.00000000 0.01050199
v -0.03150005 0.00000000 0.01050199
v -0.03150005 0.00000000 0.01050199
v -0.03150005 0.00000000 0.01050199
v -0.03150005 0.00000000 0.01050199
v -0.03150005 0.00000000 0.01050199
v -0.02728005 0.01574994 0.01050199
v -0.02603005 0.01791502 0.00900007
v -0.02551205 0.01751793 0.00900007
v -0.02511505 0.01699997 0.00900007
v -0.02486505 0.01639700 0.00900007
v -0.02478005 0.01574994 0.00900007
v -0.02486505 0.01510299 0.00900007
v -0.02511505 0.01449991 0.00900007
v -0.02551205 0.01398194 0.00900007
v -0.02603005 0.01358498 0.00900007
v -0.02663305 0.01333499 0.00900007
v -0.02728005 0.01325000 0.00900007
v -0.02792705 0.01333499 0.00900007
v -0.02853005 0.01358498 0.00900007
v -0.02728005 0.01574994 0.01050199
v -0.02728005 0.01574994 0.01050199
v -0.02728005 0.01574994 0.01050199
v -0.02728005 0.01574994 0.01050199
v -0.02728005 0.01574994 0.01050199
v -0.02728005 0.01574994 0.01050199
v -0.02728005 0.01574994 0.01050199
v -0.02853005 0.01358498 0.00900007
v -0.02904805 0.01398194 0.00900007
v -0.02944505 0.01449991 0.00900007
v -0.02969505 0.01510299 0.00900007
v -0.02978005 0.01574994 0.00900007
v -0.02969505 0.01639700 0.00900007
v -0.02944505 0.01699996 0.00900007
v -0.02904805 0.01751793 0.00900007
v -0.02853005 0.01791502 0.00900007
v -0.02792705 0.01816500 0.00900007
v -0.02728005 0.01824999 0.00900007
v -0.02663305 0.01816500 0.00900007
v -0.02603005 0.01791502 0.00900007
v -0.02728005 0.01574994 0.01050199
v -0.02728005 0.01574994 0.01050199
v -0.02728005 0.01574994 0.01050199
v -0.02728005 0.01574994 0.01050199
v -0.02728005 0.01574994 0.01050199
v -0.02728005 0.01574994 0.01050199
v -0.02728005 0.01574994 0.01050199
v -0.02728005 0.01574994 0.01050199
v -0.02728005 0.01574994 0.01050199
v -0.01575005 0.02727998 0.01050198
v -0.01358505 0.02853001 0.00900007
v -0.01333505 0.02792693 0.00900007
v -0.01325005 0.02727998 0.00900007
v -0.01333505 0.02663291 0.00900007
v -0.01358505 0.02602995 0.00900007
v -0.01398205 0.02551199 0.00900007
v -0.01450005 0.02511502 0.00900007
v -0.01510305 0.02486492 0.00900007
v -0.01575005 0.02477992 0.00900007
v -0.01639705 0.02486492 0.00900007
v -0.01700005 0.02511502 0.00900007
v -0.01751805 0.02551199 0.00900007
v -0.01791505 0.02602995 0.00900007
v -0.01575005 0.02727998 0.01050198
v -0.01575005 0.02727998 0.01050198
v -0.01575005 0.02727998 0.01050198
v -0.01575005 0.02727998 0.01050198
v -0.01575005 0.02727998 0.01050198
v -0.01575005 0.02727998 0.01050198
v -0.01575005 0.02727998 0.01050198
v -0.01791505 0.02602995 0.00900007
v -0.01816505 0.02663291 0.00900007
v -0.01825005 0.02727998 0.00900007
v -0.01816505 0.02792693 0.00900007
v -0.01791505 0.02853001 0.00900007
v -0.01751805 0.02904797 0.00900007
v -0.01700005 0.02944494 0.00900007
v -0.01639705 0.02969397 0.00900007
v -0.01575005 0.02977992 0.00900007
v -0.01510305 0.02969397 0.00900007
v -0.01450005 0.02944494 0.00900007
v -0.01398205 0.02904797 0.00900007
v -0.01358505 0.02853001 0.00900007
v -0.01575005 0.02727998 0.01050198
v -0.01575005 0.02727998 0.01050198
v -0.01575005 0.02727998 0.01050198
v -0.01575005 0.02727998 0.01050198
v -0.01575005 0.02727998 0.01050198
v -0.01575005 0.02727998 0.01050198
v -0.01575005 0.02727998 0.01050198
v -0.01575005 0.02727998 0.01050198
v -0.00000005 0.03149999 0.01050198
v 0.00249995 0.03149999 0.00900007
v 0.00241495 0.03085292 0.00900007
v 0.00216495 0.03024996 0.00900007
v 0.00176795 0.02973200 0.00900007
v 0.00124995 0.02933491 0.00900007
v 0.00064695 0.02908493 0.00900007
v -0.00000005 0.02899993 0.00900007
v -0.00064705 0.02908493 0.00900007
v -0.00125005 0.02933491 0.00900007
v -0.00176805 0.02973200 0.00900007
v -0.00216505 0.03024996 0.00900007
v -0.00241505 0.03085292 0.00900007
v -0.00250005 0.03149999 0.00900007
v -0.00000005 0.03149999 0.01050198
v -0.00000005 0.03149999 0.01050198
v -0.00000005 0.03149999 0.01050198
v -0.00000005 0.03149999 0.01050198
v -0.00000005 0.03149999 0.01050198
v -0.00000005 0.03149999 0.01050198
v -0.00000005 0.03149999 0.01050198
v -0.00250005 0.03149999 0.00900007
v -0.00241505 0.03214694 0.00900007
v -0.00216505 0.03275002 0.00900007
v -0.00176805 0.03326798 0.00900007
v -0.00125005 0.03366495 0.00900007
v -0.00064705 0.03391493 0.00900007
v -0.00000005 0.03399993 0.00900007
v 0.00064695 0.03391493 0.00900007
v 0.00124995 0.03366495 0.00900007
v 0.00176795 0.03326798 0.00900007
v 0.00216495 0.03275002 0.00900007
v 0.00241495 0.03214694 0.00900007
v 0.00249995 0.03149999 0.00900007
v -0.00000005 0.03149999 0.01050198
v -0.00000005 0.03149999 0.01050198
v -0.00000005 0.03149999 0.01050198
v -0.00000005 0.03149999 0.01050198
v -0.00000005 0.03149999 0.01050198
v -0.00000005 0.03149999 0.01050198
v -0.00000005 0.03149999 0.01050198
v -0.00000005 0.03149999 0.01050198
v -0.00000005 0.03149999 0.01050198
v 0.02877996 -0.01315199 -0.00000000
v 0.02877996 -0.01315199 0.00900006
v 0.02830596 -0.01293098 0.00900006
v 0.02780096 -0.01279604 0.00900006
v 0.02727996 -0.01275002 0.00900006
v 0.02675896 -0.01279604 0.00900006
v 0.02625396 -0.01293098 0.00900006
v 0.02577996 -0.01315199 0.00900006
v 0.02535096 -0.01345204 0.00900006
v 0.02498196 -0.01382207 0.00900006
v 0.02468196 -0.01425003 0.00900006
v 0.02446096 -0.01472401 0.00900006
v 0.02432496 -0.01522898 0.00900006
v 0.02427996 -0.01575004 0.00900006
v 0.02432496 -0.01627099 0.00900006
v 0.02446096 -0.01677608 0.00900006
v 0.02468196 -0.01725005 0.00900006
v 0.02498196 -0.01767801 0.00900006
v 0.02535096 -0.01804804 0.00900006
v 0.02577996 -0.01834809 0.00900006
v 0.02577996 -0.01834809 -0.00000000
v 0.02535095 -0.01804804 -0.00000000
v 0.02498196 -0.01767801 -0.00000000
v 0.02468196 -0.01725005 -0.00000000
v 0.02446095 -0.01677608 -0.00000000
v 0.02432496 -0.01627099 -0.00000000
v 0.02427996 -0.01575004 -0.00000000
v 0.02432496 -0.01522898 -0.00000000
v 0.02446095 -0.01472401 -0.00000000
v 0.02468196 -0.01425003 -0.00000000
v 0.02498196 -0.01382207 -0.00000000
v 0.02535095 -0.01345204 -0.00000000
v 0.02577996 -0.01315199 -0.00000000
v 0.02625396 -0.01293098 -0.00000000
v 0.02675896 -0.01279603 -0.00000000
v 0.02727995 -0.01275002 -0.00000000
v 0.02780096 -0.01279603 -0.00000000
v 0.02830596 -0.01293098 -0.00000000
v 0.02577996 -0.01834809 -0.00000000
v 0.02577996 -0.01834809 0.00900006
v 0.02625396 -0.01856898 0.00900006
v 0.02675896 -0.01870405 0.00900006
v 0.02727996 -0.01875006 0.00900006
v 0.02780096 -0.01870405 0.00900006
v 0.02830596 -0.01856898 0.00900006
v 0.02877996 -0.01834809 0.00900006
v 0.02920796 -0.01804804 0.00900006
v 0.02957796 -0.01767801 0.00900006
v 0.02987796 -0.01725005 0.00900006
v 0.03009896 -0.01677608 0.00900006
v 0.03023396 -0.01627099 0.00900006
v 0.03027996 -0.01575004 0.00900006
v 0.03023396 -0.01522898 0.00900006
v 0.03009896 -0.01472401 0.00900006
v 0.02987796 -0.01425003 0.00900006
v 0.02957796 -0.01382207 0.00900006
v 0.02920796 -0.01345204 0.00900006
v 0.02877996 -0.01315199 0.00900006
v 0.02877996 -0.01315199 -0.00000000
v 0.02920796 -0.01345204 -0.00000000
v 0.02957796 -0.01382207 -0.00000000
v 0.02987796 -0.01425003 -0.00000000
v 0.03009896 -0.01472401 -0.00000000
v 0.03023396 -0.01522898 -0.00000000
v 0.03027996 -0.01575004 -0.00000000
v 0.03023396 -0.01627099 -0.00000000
v 0.03009896 -0.01677607 -0.00000000
v 0.02987796 -0.01725005 -0.00000000
v 0.02957796 -0.01767801 -0.00000000
v 0.02920796 -0.01804804 -0.00000000
v 0.02877996 -0.01834809 -0.00000000
v 0.02830596 -0.01856898 -0.00000000
v 0.02780096 -0.01870405 -0.00000000
v 0.02727996 -0.01875006 -0.00000000
v 0.02675896 -0.01870405 -0.00000000
v 0.02625396 -0.01856898 -0.00000000
v 0.02852996 -0.01358508 0.00900006
v 0.02808296 -0.01338302 0.00900006
v 0.02760596 -0.01327108 0.00900006
v 0.02711596 -0.01325499 0.00900006
v 0.02663296 -0.01333498 0.00900006
v 0.02617396 -0.01350807 0.00900006
v 0.02575796 -0.01376699 0.00900006
v 0.02539996 -0.01410209 0.00900006
v 0.02511496 -0.01450001 0.00900006
v 0.02491296 -0.01494609 0.00900006
v 0.02480096 -0.01542400 0.00900006
v 0.02478496 -0.01591407 0.00900006
v 0.02486496 -0.01639699 0.00900006
v 0.02503796 -0.01685607 0.00900006
v 0.02529596 -0.01727199 0.00900006
v 0.02563096 -0.01763009 0.00900006
v 0.02602996 -0.01791500 0.00900006
v 0.02647596 -0.01811706 0.00900006
v 0.02695296 -0.01822900 0.00900006
v 0.02744296 -0.01824509 0.00900006
v 0.02792696 -0.01816498 0.00900006
v 0.02838496 -0.01799201 0.00900006
v 0.02880196 -0.01773309 0.00900006
v 0.02915896 -0.01739799 0.00900006
v 0.02944496 -0.01700007 0.00900006
v 0.02964696 -0.01655399 0.00900006
v 0.02975796 -0.01607608 0.00900006
v 0.02977396 -0.01558708 0.00900006
v 0.02969496 -0.01510309 0.00900006
v 0.02952196 -0.01464402 0.00900006
v 0.02926296 -0.01422798 0.00900006
v 0.02892796 -0.01386999 0.00900006
v 0.02877996 -0.01315199 0.00900006
v 0.02920796 -0.01345204 0.00900006
v 0.02957796 -0.01382207 0.00900006
v 0.02987796 -0.01425003 0.00900006
v 0.03009896 -0.01472401 0.00900006
v 0.03023396 -0.01522898 0.00900006
v 0.03027996 -0.01575004 0.00900006
v 0.03023396 -0.01627099 0.00900006
v 0.03009896 -0.01677608 0.00900006
v 0.02987796 -0.01725005 0.00900006
v 0.02957796 -0.01767801 0.00900006
v 0.02920796 -0.01804804 0.00900006
v 0.02877996 -0.01834809 0.00900006
v 0.02830596 -0.01856898 0.00900006
v 0.02780096 -0.01870405 0.00900006
v 0.02727996 -0.01875006 0.00900006
v 0.02675896 -0.01870405 0.00900006
v 0.02625396 -0.01856898 0.00900006
v 0.02577996 -0.01834809 0.00900006
v 0.02535096 -0.01804804 0.00900006
v 0.02498196 -0.01767801 0.00900006
v 0.02468196 -0.01725005 0.00900006
v 0.02446096 -0.01677608 0.00900006
v 0.02432496 -0.01627099 0.00900006
v 0.02427996 -0.01575004 0.00900006
v 0.02432496 -0.01522898 0.00900006
v 0.02446096 -0.01472401 0.00900006
v 0.02468196 -0.01425003 0.00900006
v 0.02498196 -0.01382207 0.00900006
v 0.02535096 -0.01345204 0.00900006
v 0.02577996 -0.01315199 0.00900006
v 0.02625396 -0.01293098 0.00900006
v 0.02675896 -0.01279604 0.00900006
v 0.02727996 -0.01275002 0.00900006
v 0.02780096 -0.01279604 0.00900006
v 0.02830596 -0.01293098 0.00900006
v 0.03149996 -0.00300001 -0.00000000
v 0.03149996 -0.00300001 0.00900006
v 0.03202096 -0.00295507 0.00900006
v 0.03252596 -0.00281905 0.00900006
v 0.03299996 -0.00259804 0.00900006
v 0.03342795 -0.00229799 0.00900006
v 0.03379796 -0.00192808 0.00900006
v 0.03409796 -0.00150000 0.00900006
v 0.03431895 -0.00102602 0.00900006
v 0.03445396 -0.00052105 0.00900006
v 0.03449996 0.00000001 0.00900006
v 0.03445396 0.00052095 0.00900006
v 0.03431895 0.00102592 0.00900006
v 0.03409796 0.00150002 0.00900006
v 0.03379796 0.00192798 0.00900006
v 0.03342795 0.00229801 0.00900006
v 0.03299996 0.00259794 0.00900006
v 0.03252596 0.00281895 0.00900006
v 0.03202096 0.00295402 0.00900006
v 0.03149996 0.00299991 0.00900006
v 0.03149996 0.00299991 -0.00000000
v 0.03202096 0.00295402 -0.00000000
v 0.03252596 0.00281895 -0.00000000
v 0.03299995 0.00259794 -0.00000000
v 0.03342795 0.00229801 -0.00000000
v 0.03379796 0.00192798 -0.00000000
v 0.03409795 0.00150002 -0.00000000
v 0.03431895 0.00102593 -0.00000000
v 0.03445395 0.00052095 -0.00000000
v 0.03449995 0.00000001 -0.00000000
v 0.03445395 -0.00052105 -0.00000000
v 0.03431895 -0.00102602 -0.00000000
v 0.03409795 -0.00150000 -0.00000000
v 0.03379796 -0.00192808 -0.00000000
v 0.03342795 -0.00229799 -0.00000000
v 0.03299995 -0.00259804 -0.00000000
v 0.03252596 -0.00281905 -0.00000000
v 0.03202096 -0.00295507 -0.00000000
v 0.03149996 0.00299991 -0.00000000
v 0.03149996 0.00299991 0.00900006
v 0.03097896 0.00295402 0.00900006
v 0.03047396 0.00281895 0.00900006
v 0.02999995 0.00259794 0.00900006
v 0.02957196 0.00229801 0.00900006
v 0.02920195 0.00192798 0.00900006
v 0.02890196 0.00150002 0.00900006
v 0.02868096 0.00102592 0.00900006
v 0.02854596 0.00052095 0.00900006
v 0.02849996 0.00000001 0.00900006
v 0.02854596 -0.00052105 0.00900006
v 0.02868096 -0.00102602 0.00900006
v 0.02890196 -0.00150000 0.00900006
v 0.02920196 -0.00192808 0.00900006
v 0.02957196 -0.00229799 0.00900006
v 0.02999996 -0.00259804 0.00900006
v 0.03047396 -0.00281905 0.00900006
v 0.03097896 -0.00295507 0.00900006
v 0.03149996 -0.00300001 0.00900006
v 0.03149996 -0.00300001 -0.00000000
v 0.03097896 -0.00295507 -0.00000000
v 0.03047395 -0.00281905 -0.00000000
v 0.02999995 -0.00259804 -0.00000000
v 0.02957196 -0.00229799 -0.00000000
v 0.02920195 -0.00192808 -0.00000000
v 0.02890195 -0.00150000 -0.00000000
v 0.02868096 -0.00102602 -0.00000000
v 0.02854595 -0.00052105 -0.00000000
v 0.02849995 0.00000001 -0.00000000
v 0.02854595 0.00052095 -0.00000000
v 0.02868096 0.00102593 -0.00000000
v 0.02890195 0.00150002 -0.00000000
v 0.02920195 0.00192798 -0.00000000
v 0.02957196 0.00229801 -0.00000000
v 0.02999995 0.00259794 -0.00000000
v 0.03047395 0.00281895 -0.00000000
v 0.03097895 0.00295402 -0.00000000
v 0.03149996 0.00249995 0.00900006
v 0.03101196 0.00245191 0.00900006
v 0.03054296 0.00230993 0.00900006
v 0.03011096 0.00207902 0.00900006
v 0.02973196 0.00176800 0.00900006
v 0.02942096 0.00138892 0.00900006
v 0.02918996 0.00095702 0.00900006
v 0.02904796 0.00048793 0.00900006
v 0.02899995 0.00000001 0.00900006
v 0.02904796 -0.00048803 0.00900006
v 0.02918996 -0.00095700 0.00900006
v 0.02942096 -0.00138902 0.00900006
v 0.02973196 -0.00176798 0.00900006
v 0.03011096 -0.00207900 0.00900006
v 0.03054296 -0.00231003 0.00900006
v 0.03101196 -0.00245201 0.00900006
v 0.03149996 -0.00250005 0.00900006
v 0.03198795 -0.00245201 0.00900006
v 0.03245696 -0.00231003 0.00900006
v 0.03288896 -0.00207900 0.00900006
v 0.03326796 -0.00176798 0.00900006
v 0.03357896 -0.00138902 0.00900006
v 0.03380996 -0.00095700 0.00900006
v 0.03395196 -0.00048803 0.00900006
v 0.03399996 0.00000001 0.00900006
v 0.03395196 0.00048793 0.00900006
v 0.03380996 0.00095702 0.00900006
v 0.03357896 0.00138892 0.00900006
v 0.03326796 0.00176800 0.00900006
v 0.03288896 0.00207902 0.00900006
v 0.03245696 0.00230993 0.00900006
v 0.03198795 0.00245191 0.00900006
v 0.03149996 0.00299991 0.00900006
v 0.03202096 0.00295402 0.00900006
v 0.03252596 0.00281895 0.00900006
v 0.03299996 0.00259794 0.00900006
v 0.03342795 0.00229801 0.00900006
v 0.03379796 0.00192798 0.00900006
v 0.03409796 0.00150002 0.00900006
v 0.03431895 0.00102592 0.00900006
v 0.03445396 0.00052095 0.00900006
v 0.03449996 0.00000001 0.00900006
v 0.03445396 -0.00052105 0.00900006
v 0.03431895 -0.00102602 0.00900006
v 0.03409796 -0.00150000 0.00900006
v 0.03379796 -0.00192808 0.00900006
v 0.03342795 -0.00229799 0.00900006
v 0.03299996 -0.00259804 0.00900006
v 0.03252596 -0.00281905 0.00900006
v 0.03202096 -0.00295507 0.00900006
v 0.03149996 -0.00300001 0.00900006
v 0.03097896 -0.00295507 0.00900006
v 0.03047396 -0.00281905 0.00900006
v 0.02999996 -0.00259804 0.00900006
v 0.02957196 -0.00229799 0.00900006
v 0.02920196 -0.00192808 0.00900006
v 0.02890196 -0.00150000 0.00900006
v 0.02868096 -0.00102602 0.00900006
v 0.02854596 -0.00052105 0.00900006
v 0.02849996 0.00000001 0.00900006
v 0.02854596 0.00052095 0.00900006
v 0.02868096 0.00102592 0.00900006
v 0.02890196 0.00150002 0.00900006
v 0.02920195 0.00192798 0.00900006
v 0.02957196 0.00229801 0.00900006
v 0.02999995 0.00259794 0.00900006
v 0.03047396 0.00281895 0.00900006
v 0.03097896 0.00295402 0.00900006
v 0.02602995 0.01791502 0.00900006
v 0.02563095 0.01762999 0.00900006
v 0.02529596 0.01727200 0.00900006
v 0.02503795 0.01685596 0.00900006
v 0.02486495 0.01639701 0.00900006
v 0.02478496 0.01591397 0.00900006
v 0.02480095 0.01542402 0.00900006
v 0.02491295 0.01494695 0.00900006
v 0.02511495 0.01449991 0.00900006
v 0.02539995 0.01410199 0.00900006
v 0.02575795 0.01376701 0.00900006
v 0.02617395 0.01350797 0.00900006
v 0.02663295 0.01333500 0.00900006
v 0.02711596 0.01325501 0.00900006
v 0.02760595 0.01327098 0.00900006
v 0.02808296 0.01338292 0.00900006
v 0.02852995 0.01358498 0.00900006
v 0.02892796 0.01387001 0.00900006
v 0.02926295 0.01422800 0.00900006
v 0.02952195 0.01464392 0.00900006
v 0.02969496 0.01510299 0.00900006
v 0.02977396 0.01558591 0.00900006
v 0.02975796 0.01607598 0.00900006
v 0.02964695 0.01655293 0.00900006
v 0.02944495 0.01699997 0.00900006
v 0.02915895 0.01739801 0.00900006
v 0.02880195 0.01773299 0.00900006
v 0.02838495 0.01799191 0.00900006
v 0.02792695 0.01816500 0.00900006
v 0.02744295 0.01824499 0.00900006
v 0.02695295 0.01822902 0.00900006
v 0.02647595 0.01811696 0.00900006
v 0.02577995 0.01834799 0.00900006
v 0.02625395 0.01856900 0.00900006
v 0.02675895 0.01870395 0.00900006
v 0.02727995 0.01874996 0.00900006
v 0.02780095 0.01870395 0.00900006
v 0.02830595 0.01856900 0.00900006
v 0.02877995 0.01834799 0.00900006
v 0.02920796 0.01804794 0.00900006
v 0.02957795 0.01767791 0.00900006
v 0.02987795 0.01724995 0.00900006
v 0.03009896 0.01677598 0.00900006
v 0.03023395 0.01627100 0.00900006
v 0.03027995 0.01574994 0.00900006
v 0.03023395 0.01522900 0.00900006
v 0.03009896 0.01472391 0.00900006
v 0.02987795 0.01424993 0.00900006
v 0.02957796 0.01382197 0.00900006
v 0.02920796 0.01345194 0.00900006
v 0.02877996 0.01315201 0.00900006
v 0.02830595 0.01293100 0.00900006
v 0.02780095 0.01279498 0.00900006
v 0.02727995 0.01274992 0.00900006
v 0.02675896 0.01279498 0.00900006
v 0.02625395 0.01293100 0.00900006
v 0.02577995 0.01315201 0.00900006
v 0.02535095 0.01345194 0.00900006
v 0.02498195 0.01382197 0.00900006
v 0.02468195 0.01424993 0.00900006
v 0.02446095 0.01472391 0.00900006
v 0.02432495 0.01522900 0.00900006
v 0.02427995 0.01574994 0.00900006
v 0.02432495 0.01627100 0.00900006
v 0.02446095 0.01677597 0.00900006
v 0.02468195 0.01724995 0.00900006
v 0.02498195 0.01767791 0.00900006
v 0.02535095 0.01804794 0.00900006
v 0.01834795 0.02577997 -0.00000000
v 0.01834795 0.02577997 0.00900006
v 0.01856895 0.02625395 0.00900006
v 0.01870395 0.02675892 0.00900006
v 0.01874995 0.02727998 0.00900006
v 0.01870395 0.02780093 0.00900006
v 0.01856895 0.02830602 0.00900006
v 0.01834795 0.02877999 0.00900006
v 0.01804795 0.02920795 0.00900006
v 0.01767795 0.02957798 0.00900006
v 0.01724995 0.02987791 0.00900006
v 0.01677595 0.03009892 0.00900006
v 0.01627095 0.03023399 0.00900006
v 0.01574995 0.03028000 0.00900006
v 0.01522895 0.03023399 0.00900006
v 0.01472395 0.03009892 0.00900006
v 0.01424995 0.02987791 0.00900006
v 0.01382195 0.02957798 0.00900006
v 0.01345195 0.02920795 0.00900006
v 0.01315195 0.02877999 0.00900006
v 0.01315195 0.02877999 0.00000000
v 0.01345195 0.02920795 0.00000000
v 0.01382195 0.02957798 0.00000000
v 0.01424995 0.02987791 0.00000000
v 0.01472395 0.03009892 0.00000000
v 0.01522895 0.03023399 -0.00000000
v 0.01574995 0.03028000 -0.00000000
v 0.01627095 0.03023399 -0.00000000
v 0.01677595 0.03009892 -0.00000000
v 0.01724995 0.02987791 -0.00000000
v 0.01767795 0.02957798 -0.00000000
v 0.01804795 0.02920795 -0.00000000
v 0.01834795 0.02877999 -0.00000000
v 0.01856895 0.02830602 -0.00000000
v 0.01870395 0.02780093 -0.00000000
v 0.01874995 0.02727998 -0.00000000
v 0.01870395 0.02675892 -0.00000000
v 0.01856895 0.02625395 -0.00000000
v 0.01315195 0.02877999 0.00000000
v 0.01315195 0.02877999 0.00900006
v 0.01293095 0.02830602 0.00900006
v 0.01279595 0.02780093 0.00900006
v 0.01274995 0.02727998 0.00900006
v 0.01279595 0.02675892 0.00900006
v 0.01293095 0.02625395 0.00900006
v 0.01315195 0.02577997 0.00900006
v 0.01345195 0.02535094 0.00900006
v 0.01382195 0.02498198 0.00900006
v 0.01424995 0.02468193 0.00900006
v 0.01472395 0.02446092 0.00900006
v 0.01522895 0.02432502 0.00900006
v 0.01574995 0.02427996 0.00900006
v 0.01627095 0.02432502 0.00900006
v 0.01677595 0.02446092 0.00900006
v 0.01724995 0.02468193 0.00900006
v 0.01767795 0.02498198 0.00900006
v 0.01804795 0.02535094 0.00900006
v 0.01834795 0.02577997 0.00900006
v 0.01834795 0.02577997 -0.00000000
v 0.01804795 0.02535094 -0.00000000
v 0.01767795 0.02498198 -0.00000000
v 0.01724995 0.02468193 -0.00000000
v 0.01677595 0.02446092 -0.00000000
v 0.01627095 0.02432502 -0.00000000
v 0.01574995 0.02427996 -0.00000000
v 0.01522895 0.02432502 -0.00000000
v 0.01472395 0.02446092 -0.00000000
v 0.01424995 0.02468193 -0.00000000
v 0.01382195 0.02498198 -0.00000000
v 0.01345195 0.02535094 -0.00000000
v 0.01315195 0.02577997 -0.00000000
v 0.01293095 0.02625395 0.00000000
v 0.01279595 0.02675892 0.00000000
v 0.01274995 0.02727998 0.00000000
v 0.01279595 0.02780093 0.00000000
v 0.01293095 0.02830602 0.00000000
v 0.01358495 0.02853001 0.00900006
v 0.01338295 0.02808298 0.00900006
v 0.01327095 0.02760602 0.00900006
v 0.01325495 0.02711595 0.00900006
v 0.01333495 0.02663291 0.00900006
v 0.01350795 0.02617396 0.00900006
v 0.01376695 0.02575792 0.00900006
v 0.01410195 0.02539993 0.00900006
v 0.01449995 0.02511502 0.00900006
v 0.01494595 0.02491296 0.00900006
v 0.01542395 0.02480091 0.00900006
v 0.01591395 0.02478493 0.00900006
v 0.01639695 0.02486492 0.00900006
v 0.01685595 0.02503801 0.00900006
v 0.01727195 0.02529598 0.00900006
v 0.01762995 0.02563096 0.00900006
v 0.01791495 0.02602995 0.00900006
v 0.01811695 0.02647591 0.00900006
v 0.01822895 0.02695299 0.00900006
v 0.01824495 0.02744294 0.00900006
v 0.01816495 0.02792693 0.00900006
v 0.01799195 0.02838493 0.00900006
v 0.01773295 0.02880193 0.00900006
v 0.01739795 0.02915896 0.00900006
v 0.01699995 0.02944494 0.00900006
v 0.01655395 0.02964700 0.00900006
v 0.01607595 0.02975798 0.00900006
v 0.01558595 0.02977396 0.00900006
v 0.01510295 0.02969397 0.00900006
v 0.01464395 0.02952195 0.00900006
v 0.01422795 0.02926291 0.00900006
v 0.01386995 0.02892793 0.00900006
v 0.01315195 0.02877999 0.00900006
v 0.01345195 0.02920795 0.00900006
v 0.01382195 0.02957798 0.00900006
v 0.01424995 0.02987791 0.00900006
v 0.01472395 0.03009892 0.00900006
v 0.01522895 0.03023399 0.00900006
v 0.01574995 0.03028000 0.00900006
v 0.01627095 0.03023399 0.00900006
v 0.01677595 0.03009892 0.00900006
v 0.01724995 0.02987791 0.00900006
v 0.01767795 0.02957798 0.00900006
v 0.01804795 0.02920795 0.00900006
v 0.01834795 0.02877999 0.00900006
v 0.01856895 0.02830602 0.00900006
v 0.01870395 0.02780093 0.00900006
v 0.01874995 0.02727998 0.00900006
v 0.01870395 0.02675892 0.00900006
v 0.01856895 0.02625395 0.00900006
v 0.01834795 0.02577997 0.00900006
v 0.01804795 0.02535094 0.00900006
v 0.01767795 0.02498198 0.00900006
v 0.01724995 0.02468193 0.00900006
v 0.01677595 0.02446092 0.00900006
v 0.01627095 0.02432502 0.00900006
v 0.01574995 0.02427996 0.00900006
v 0.01522895 0.02432502 0.00900006
v 0.01472395 0.02446092 0.00900006
v 0.01424995 0.02468193 0.00900006
v 0.01382195 0.02498198 0.00900006
v 0.01345195 0.02535094 0.00900006
v 0.01315195 0.02577997 0.00900006
v 0.01293095 0.02625395 0.00900006
v 0.01279595 0.02675892 0.00900006
v 0.01274995 0.02727998 0.00900006
v 0.01279595 0.02780093 0.00900006
v 0.01293095 0.02830602 0.00900006
v 0.00299995 0.03149999 0.00000000
v 0.00299995 0.03149999 0.00900006
v 0.00295395 0.03202093 0.00900007
v 0.00281895 0.03252590 0.00900007
v 0.00259795 0.03300000 0.00900007
v 0.00229795 0.03342796 0.00900007
v 0.00192795 0.03379799 0.00900007
v 0.00149995 0.03409792 0.00900007
v 0.00102595 0.03431893 0.00900007
v 0.00052095 0.03445400 0.00900007
v -0.00000005 0.03450001 0.00900007
v -0.00052105 0.03445400 0.00900007
v -0.00102605 0.03431893 0.00900007
v -0.00150005 0.03409792 0.00900007
v -0.00192805 0.03379799 0.00900007
v -0.00229805 0.03342796 0.00900007
v -0.00259805 0.03300000 0.00900007
v -0.00281905 0.03252590 0.00900007
v -0.00295405 0.03202093 0.00900007
v -0.00300005 0.03149999 0.00900007
v -0.00300005 0.03149999 0.00000000
v -0.00295405 0.03202093 0.00000000
v -0.00281905 0.03252590 0.00000000
v -0.00259805 0.03300000 0.00000000
v -0.00229805 0.03342796 0.00000000
v -0.00192805 0.03379799 0.00000000
v -0.00150005 0.03409792 0.00000000
v -0.00102605 0.03431893 0.00000000
v -0.00052105 0.03445400 0.00000000
v -0.00000005 0.03450001 0.00000000
v 0.00052095 0.03445400 0.00000000
v 0.00102595 0.03431893 0.00000000
v 0.00149995 0.03409792 0.00000000
v 0.00192795 0.03379799 0.00000000
v 0.00229795 0.03342796 0.00000000
v 0.00259795 0.03300000 0.00000000
v 0.00281895 0.03252590 0.00000000
v 0.00295395 0.03202093 0.00000000
v -0.00300005 0.03149999 0.00000000
v -0.00300005 0.03149999 0.00900007
v -0.00295405 0.03097893 0.00900007
v -0.00281905 0.03047395 0.00900007
v -0.00259805 0.02999998 0.00900007
v -0.00229805 0.02957202 0.00900007
v -0.00192805 0.02920199 0.00900007
v -0.00150005 0.02890194 0.00900007
v -0.00102605 0.02868093 0.00900007
v -0.00052105 0.02854491 0.00900007
v -0.00000005 0.02849997 0.00900007
v 0.00052095 0.02854491 0.00900007
v 0.00102595 0.02868093 0.00900007
v 0.00149995 0.02890194 0.00900007
v 0.00192795 0.02920199 0.00900006
v 0.00229795 0.02957202 0.00900006
v 0.00259795 0.02999998 0.00900006
v 0.00281895 0.03047395 0.00900006
v 0.00295395 0.03097893 0.00900006
v 0.00299995 0.03149999 0.00900006
v 0.00299995 0.03149999 0.00000000
v 0.00295395 0.03097893 0.00000000
v 0.00281895 0.03047396 0.00000000
v 0.00259795 0.02999998 0.00000000
v 0.00229795 0.02957202 0.00000000
v 0.00192795 0.02920199 0.00000000
v 0.00149995 0.02890194 0.00000000
v 0.00102595 0.02868093 0.00000000
v 0.00052095 0.02854491 0.00000000
v -0.00000005 0.02849997 0.00000000
v -0.00052105 0.02854491 0.00000000
v -0.00102605 0.02868093 0.00000000
v -0.00150005 0.02890194 0.00000000
v -0.00192805 0.02920199 0.00000000
v -0.00229805 0.02957202 0.00000000
v -0.00259805 0.02999998 0.00000000
v -0.00281905 0.03047396 0.00000000
v -0.00295405 0.03097893 0.00000000
v -0.00250005 0.03149999 0.00900007
v -0.00245205 0.03101195 0.00900007
v -0.00231005 0.03054298 0.00900007
v -0.00207905 0.03011096 0.00900007
v -0.00176805 0.02973200 0.00900007
v -0.00138905 0.02942098 0.00900007
v -0.00095705 0.02918995 0.00900007
v -0.00048805 0.02904797 0.00900007
v -0.00000005 0.02899993 0.00900007
v 0.00048795 0.02904797 0.00900007
v 0.00095695 0.02918995 0.00900007
v 0.00138895 0.02942098 0.00900007
v 0.00176795 0.02973200 0.00900007
v 0.00207895 0.03011096 0.00900007
v 0.00230995 0.03054298 0.00900007
v 0.00245195 0.03101195 0.00900007
v 0.00249995 0.03149999 0.00900007
v 0.00245195 0.03198791 0.00900007
v 0.00230995 0.03245700 0.00900007
v 0.00207895 0.03288902 0.00900007
v 0.00176795 0.03326798 0.00900007
v 0.00138895 0.03357900 0.00900007
v 0.00095695 0.03380895 0.00900007
v 0.00048795 0.03395201 0.00900007
v -0.00000005 0.03399993 0.00900007
v -0.00048805 0.03395200 0.00900007
v -0.00095705 0.03380895 0.00900007
v -0.00138905 0.03357900 0.00900007
v -0.00176805 0.03326798 0.00900007
v -0.00207905 0.03288902 0.00900007
v -0.00231005 0.03245700 0.00900007
v -0.00245205 0.03198791 0.00900007
v -0.00300005 0.03149999 0.00900007
v -0.00295405 0.03202093 0.00900007
v -0.00281905 0.03252590 0.00900007
v -0.00259805 0.03300000 0.00900007
v -0.00229805 0.03342796 0.00900007
v -0.00192805 0.03379799 0.00900007
v -0.00150005 0.03409792 0.00900007
v -0.00102605 0.03431893 0.00900007
v -0.00052105 0.03445400 0.00900007
v -0.00000005 0.03450001 0.00900007
v 0.00052095 0.03445400 0.00900007
v 0.00102595 0.03431893 0.00900007
v 0.00149995 0.03409792 0.00900007
v 0.00192795 0.03379799 0.00900007
v 0.00229795 0.03342796 0.00900007
v 0.00259795 0.03300000 0.00900007
v 0.00281895 0.03252590 0.00900007
v 0.00295395 0.03202093 0.00900007
v 0.00299995 0.03149999 0.00900006
v 0.00295395 0.03097893 0.00900006
v 0.00281895 0.03047395 0.00900006
v 0.00259795 0.02999998 0.00900006
v 0.00229795 0.02957202 0.00900006
v 0.00192795 0.02920199 0.00900006
v 0.00149995 0.02890194 0.00900007
v 0.00102595 0.02868093 0.00900007
v 0.00052095 0.02854491 0.00900007
v -0.00000005 0.02849997 0.00900007
v -0.00052105 0.02854491 0.00900007
v -0.00102605 0.02868093 0.00900007
v -0.00150005 0.02890194 0.00900007
v -0.00192805 0.02920199 0.00900007
v -0.00229805 0.02957202 0.00900007
v -0.00259805 0.02999998 0.00900007
v -0.00281905 0.03047395 0.00900007
v -0.00295405 0.03097893 0.00900007
v -0.01315205 0.02877999 0.00000000
v -0.01315205 0.02877999 0.00900007
v -0.01345205 0.02920795 0.00900007
v -0.01382205 0.02957798 0.00900007
v -0.01425005 0.02987791 0.00900007
v -0.01472405 0.03009892 0.00900007
v -0.01522905 0.03023399 0.00900007
v -0.01575005 0.03028000 0.00900007
v -0.01627105 0.03023399 0.00900007
v -0.01677605 0.03009892 0.00900007
v -0.01725005 0.02987791 0.00900007
v -0.01767805 0.02957798 0.00900007
v -0.01804805 0.02920795 0.00900007
v -0.01834805 0.02877999 0.00900007
v -0.01856905 0.02830601 0.00900007
v -0.01870405 0.02780092 0.00900007
v -0.01875005 0.02727998 0.00900007
v -0.01870405 0.02675892 0.00900007
v -0.01856905 0.02625394 0.00900007
v -0.01834805 0.02577997 0.00900007
v -0.01834805 0.02577997 0.00000000
v -0.01856905 0.02625395 0.00000000
v -0.01870405 0.02675892 0.00000000
v -0.01875005 0.02727998 0.00000000
v -0.01870405 0.02780092 0.00000000
v -0.01856905 0.02830601 0.00000000
v -0.01834805 0.02877999 0.00000000
v -0.01804805 0.02920795 0.00000000
v -0.01767805 0.02957798 0.00000000
v -0.01725005 0.02987791 0.00000000
v -0.01677605 0.03009892 0.00000000
v -0.01627105 0.03023399 0.00000000
v -0.01575005 0.03028000 0.00000000
v -0.01522905 0.03023399 0.00000000
v -0.01472405 0.03009892 0.00000000
v -0.01425005 0.02987791 0.00000000
v -0.01382205 0.02957798 0.00000000
v -0.01345205 0.02920795 0.00000000
v -0.01834805 0.02577997 0.00000000
v -0.01834805 0.02577997 0.00900007
v -0.01804805 0.02535093 0.00900007
v -0.01767805 0.02498198 0.00900007
v -0.01725005 0.02468193 0.00900007
v -0.01677605 0.02446092 0.00900007
v -0.01627105 0.02432502 0.00900007
v -0.01575005 0.02427996 0.00900007
v -0.01522905 0.02432502 0.00900007
v -0.01472405 0.02446092 0.00900007
v -0.01425005 0.02468193 0.00900007
v -0.01382205 0.02498198 0.00900007
v -0.01345205 0.02535093 0.00900007
v -0.01315205 0.02577997 0.00900007
v -0.01293105 0.02625394 0.00900007
v -0.01279605 0.02675892 0.00900007
v -0.01275005 0.02727998 0.00900007
v -0.01279605 0.02780092 0.00900007
v -0.01293105 0.02830601 0.00900007
v -0.01315205 0.02877999 0.00900007
v -0.01315205 0.02877999 0.00000000
v -0.01293105 0.02830601 0.00000000
v -0.01279605 0.02780092 0.00000000
v -0.01275005 0.02727998 0.00000000
v -0.01279605 0.02675892 0.00000000
v -0.01293105 0.02625395 0.00000000
v -0.01315205 0.02577997 0.00000000
v -0.01345205 0.02535094 0.00000000
v -0.01382205 0.02498198 0.00000000
v -0.01425005 0.02468193 0.00000000
v -0.01472405 0.02446092 0.00000000
v -0.01522905 0.02432502 0.00000000
v -0.01575005 0.02427996 0.00000000
v -0.01627105 0.02432502 0.00000000
v -0.01677605 0.02446092 0.00000000
v -0.01725005 0.02468193 0.00000000
v -0.01767805 0.02498198 0.00000000
v -0.01804805 0.02535093 0.00000000
v -0.01791505 0.02602995 0.00900007
v -0.01763005 0.02563096 0.00900007
v -0.01727205 0.02529598 0.00900007
v -0.01685605 0.02503801 0.00900007
v -0.01639705 0.02486492 0.00900007
v -0.01591405 0.02478493 0.00900007
v -0.01542405 0.02480090 0.00900007
v -0.01494605 0.02491201 0.00900007
v -0.01450005 0.02511502 0.00900007
v -0.01410205 0.02539993 0.00900007
v -0.01376705 0.02575792 0.00900007
v -0.01350805 0.02617396 0.00900007
v -0.01333505 0.02663291 0.00900007
v -0.01325505 0.02711595 0.00900007
v -0.01327105 0.02760602 0.00900007
v -0.01338305 0.02808297 0.00900007
v -0.01358505 0.02853001 0.00900007
v -0.01387005 0.02892793 0.00900007
v -0.01422805 0.02926291 0.00900007
v -0.01464405 0.02952195 0.00900007
v -0.01510305 0.02969397 0.00900007
v -0.01558605 0.02977396 0.00900007
v -0.01607605 0.02975798 0.00900007
v -0.01655405 0.02964700 0.00900007
v -0.01700005 0.02944494 0.00900007
v -0.01739805 0.02915896 0.00900007
v -0.01773305 0.02880192 0.00900007
v -0.01799205 0.02838493 0.00900007
v -0.01816505 0.02792693 0.00900007
v -0.01824505 0.02744294 0.00900007
v -0.01822905 0.02695299 0.00900007
v -0.01811705 0.02647591 0.00900007
v -0.01834805 0.02577997 0.00900007
v -0.01856905 0.02625394 0.00900007
v -0.01870405 0.02675892 0.00900007
v -0.01875005 0.02727998 0.00900007
v -0.01870405 0.02780092 0.00900007
v -0.01856905 0.02830601 0.00900007
v -0.01834805 0.02877999 0.00900007
v -0.01804805 0.02920795 0.00900007
v -0.01767805 0.02957798 0.00900007
v -0.01725005 0.02987791 0.00900007
v -0.01677605 0.03009892 0.00900007
v -0.01627105 0.03023399 0.00900007
v -0.01575005 0.03028000 0.00900007
v -0.01522905 0.03023399 0.00900007
v -0.01472405 0.03009892 0.00900007
v -0.01425005 0.02987791 0.00900007
v -0.01382205 0.02957798 0.00900007
v -0.01345205 0.02920795 0.00900007
v -0.01315205 0.02877999 0.00900007
v -0.01293105 0.02830601 0.00900007
v -0.01279605 0.02780092 0.00900007
v -0.01275005 0.02727998 0.00900007
v -0.01279605 0.02675892 0.00900007
v -0.01293105 0.02625394 0.00900007
v -0.01315205 0.02577997 0.00900007
v -0.01345205 0.02535093 0.00900007
v -0.01382205 0.02498198 0.00900007
v -0.01425005 0.02468193 0.00900007
v -0.01472405 0.02446092 0.00900007
v -0.01522905 0.02432502 0.00900007
v -0.01575005 0.02427996 0.00900007
v -0.01627105 0.02432502 0.00900007
v -0.01677605 0.02446092 0.00900007
v -0.01725005 0.02468193 0.00900007
v -0.01767805 0.02498198 0.00900007
v -0.01804805 0.02535093 0.00900007
v -0.02578005 0.01834798 0.00000000
v -0.02578005 0.01834798 0.00900007
v -0.02625405 0.01856900 0.00900007
v -0.02675905 0.01870394 0.00900007
v -0.02728005 0.01874996 0.00900007
v -0.02780105 0.01870394 0.00900007
v -0.02830605 0.01856900 0.00900007
v -0.02878005 0.01834798 0.00900007
v -0.02920805 0.01804793 0.00900007
v -0.02957805 0.01767791 0.00900007
v -0.02987805 0.01724995 0.00900007
v -0.03009905 0.01677597 0.00900007
v -0.03023405 0.01627100 0.00900007
v -0.03028005 0.01574994 0.00900007
v -0.03023405 0.01522899 0.00900007
v -0.03009905 0.01472390 0.00900007
v -0.02987805 0.01424993 0.00900007
v -0.02957805 0.01382196 0.00900007
v -0.02920805 0.01345194 0.00900007
v -0.02878005 0.01315201 0.00900007
v -0.02878005 0.01315201 0.00000000
v -0.02920805 0.01345194 0.00000000
v -0.02957805 0.01382197 0.00000000
v -0.02987805 0.01424993 0.00000000
v -0.03009905 0.01472390 0.00000000
v -0.03023405 0.01522899 0.00000000
v -0.03028005 0.01574994 0.00000000
v -0.03023405 0.01627100 0.00000000
v -0.03009905 0.01677597 0.00000000
v -0.02987805 0.01724995 0.00000000
v -0.02957805 0.01767791 0.00000000
v -0.02920805 0.01804793 0.00000000
v -0.02878005 0.01834798 0.00000000
v -0.02830605 0.01856900 0.00000000
v -0.02780105 0.01870394 0.00000000
v -0.02728005 0.01874996 0.00000000
v -0.02675905 0.01870394 0.00000000
v -0.02625405 0.01856900 0.00000000
v -0.02878005 0.01315201 0.00000000
v -0.02878005 0.01315201 0.00900007
v -0.02830605 0.01293099 0.00900007
v -0.02780105 0.01279498 0.00900007
v -0.02728005 0.01274992 0.00900007
v -0.02675905 0.01279498 0.00900007
v -0.02625405 0.01293099 0.00900007
v -0.02578005 0.01315201 0.00900007
v -0.02535105 0.01345194 0.00900007
v -0.02498205 0.01382196 0.00900007
v -0.02468205 0.01424993 0.00900007
v -0.02446105 0.01472390 0.00900007
v -0.02432505 0.01522899 0.00900007
v -0.02428005 0.01574994 0.00900007
v -0.02432505 0.01627100 0.00900007
v -0.02446105 0.01677597 0.00900007
v -0.02468205 0.01724995 0.00900007
v -0.02498205 0.01767791 0.00900007
v -0.02535105 0.01804793 0.00900007
v -0.02578005 0.01834798 0.00900007
v -0.02578005 0.01834798 0.00000000
v -0.02535105 0.01804793 0.00000000
v -0.02498205 0.01767791 0.00000000
v -0.02468205 0.01724995 0.00000000
v -0.02446105 0.01677597 0.00000000
v -0.02432505 0.01627100 0.00000000
v -0.02428005 0.01574994 0.00000000
v -0.02432505 0.01522899 0.00000000
v -0.02446105 0.01472390 0.00000000
v -0.02468205 0.01424993 0.00000000
v -0.02498205 0.01382197 0.00000000
v -0.02535105 0.01345194 0.00000000
v -0.02578005 0.01315201 0.00000000
v -0.02625405 0.01293100 0.00000000
v -0.02675905 0.01279498 0.00000000
v -0.02728005 0.01274992 0.00000000
v -0.02780105 0.01279498 0.00000000
v -0.02830605 0.01293099 0.00000000
v -0.02853005 0.01358498 0.00900007
v -0.02808305 0.01338292 0.00900007
v -0.02760605 0.01327098 0.00900007
v -0.02711605 0.01325501 0.00900007
v -0.02663305 0.01333499 0.00900007
v -0.02617405 0.01350797 0.00900007
v -0.02575805 0.01376701 0.00900007
v -0.02540005 0.01410199 0.00900007
v -0.02511505 0.01449991 0.00900007
v -0.02491305 0.01494599 0.00900007
v -0.02480105 0.01542402 0.00900007
v -0.02478505 0.01591302 0.00900007
v -0.02486505 0.01639700 0.00900007
v -0.02503805 0.01685596 0.00900007
v -0.02529605 0.01727200 0.00900007
v -0.02563105 0.01762999 0.00900007
v -0.02603005 0.01791502 0.00900007
v -0.02647605 0.01811696 0.00900007
v -0.02695305 0.01822901 0.00900007
v -0.02744305 0.01824499 0.00900007
v -0.02792705 0.01816500 0.00900007
v -0.02838505 0.01799191 0.00900007
v -0.02880205 0.01773298 0.00900007
v -0.02915905 0.01739800 0.00900007
v -0.02944505 0.01699996 0.00900007
v -0.02964705 0.01655400 0.00900007
v -0.02975805 0.01607597 0.00900007
v -0.02977405 0.01558698 0.00900007
v -0.02969505 0.01510299 0.00900007
v -0.02952205 0.01464391 0.00900007
v -0.02926305 0.01422799 0.00900007
v -0.02892805 0.01387001 0.00900007
v -0.02878005 0.01315201 0.00900007
v -0.02920805 0.01345194 0.00900007
v -0.02957805 0.01382196 0.00900007
v -0.02987805 0.01424993 0.00900007
v -0.03009905 0.01472390 0.00900007
v -0.03023405 0.01522899 0.00900007
v -0.03028005 0.01574994 0.00900007
v -0.03023405 0.01627100 0.00900007
v -0.03009905 0.01677597 0.00900007
v -0.02987805 0.01724995 0.00900007
v -0.02957805 0.01767791 0.00900007
v -0.02920805 0.01804793 0.00900007
v -0.02878005 0.01834798 0.00900007
v -0.02830605 0.01856900 0.00900007
v -0.02780105 0.01870394 0.00900007
v -0.02728005 0.01874996 0.00900007
v -0.02675905 0.01870394 0.00900007
v -0.02625405 0.01856900 0.00900007
v -0.02578005 0.01834798 0.00900007
v -0.02535105 0.01804793 0.00900007
v -0.02498205 0.01767791 0.00900007
v -0.02468205 0.01724995 0.00900007
v -0.02446105 0.01677597 0.00900007
v -0.02432505 0.01627100 0.00900007
v -0.02428005 0.01574994 0.00900007
v -0.02432505 0.01522899 0.00900007
v -0.02446105 0.01472390 0.00900007
v -0.02468205 0.01424993 0.00900007
v -0.02498205 0.01382196 0.00900007
v -0.02535105 0.01345194 0.00900007
v -0.02578005 0.01315201 0.00900007
v -0.02625405 0.01293099 0.00900007
v -0.02675905 0.01279498 0.00900007
v -0.02728005 0.01274992 0.00900007
v -0.02780105 0.01279498 0.00900007
v -0.02830605 0.01293099 0.00900007
v -0.03150005 0.00299991 0.00000000
v -0.03150005 0.00299991 0.00900007
v -0.03202105 0.00295401 0.00900007
v -0.03252605 0.00281895 0.00900007
v -0.03300005 0.00259793 0.00900007
v -0.03342805 0.00229800 0.00900007
v -0.03379805 0.00192798 0.00900007
v -0.03409805 0.00150002 0.00900007
v -0.03431905 0.00102592 0.00900007
v -0.03445405 0.00052095 0.00900007
v -0.03450005 0.00000000 0.00900007
v -0.03445405 -0.00052106 0.00900007
v -0.03431905 -0.00102603 0.00900007
v -0.03409805 -0.00150001 0.00900007
v -0.03379805 -0.00192809 0.00900007
v -0.03342805 -0.00229799 0.00900007
v -0.03300005 -0.00259804 0.00900007
v -0.03252605 -0.00281906 0.00900007
v -0.03202105 -0.00295507 0.00900007
v -0.03150005 -0.00300002 0.00900007
v -0.03150005 -0.00300002 0.00000000
v -0.03202105 -0.00295507 0.00000000
v -0.03252605 -0.00281906 0.00000000
v -0.03300005 -0.00259804 0.00000000
v -0.03342805 -0.00229799 0.00000000
v -0.03379805 -0.00192809 0.00000000
v -0.03409805 -0.00150001 0.00000000
v -0.03431905 -0.00102603 0.00000000
v -0.03445405 -0.00052106 0.00000000
v -0.03450005 0.00000001 0.00000000
v -0.03445405 0.00052095 0.00000000
v -0.03431905 0.00102592 0.00000000
v -0.03409805 0.00150002 0.00000000
v -0.03379805 0.00192798 0.00000000
v -0.03342805 0.00229800 0.00000000
v -0.03300005 0.00259793 0.00000000
v -0.03252605 0.00281895 0.00000000
v -0.03202105 0.00295401 0.00000000
v -0.03150005 -0.00300002 0.00000000
v -0.03150005 -0.00300002 0.00900007
v -0.03097905 -0.00295507 0.00900007
v -0.03047405 -0.00281906 0.00900007
v -0.03000005 -0.00259804 0.00900007
v -0.02957205 -0.00229799 0.00900007
v -0.02920205 -0.00192809 0.00900007
v -0.02890205 -0.00150001 0.00900007
v -0.02868105 -0.00102603 0.00900007
v -0.02854605 -0.00052106 0.00900007
v -0.02850005 0.00000001 0.00900007
v -0.02854605 0.00052095 0.00900007
v -0.02868105 0.00102592 0.00900007
v -0.02890205 0.00150002 0.00900007
v -0.02920205 0.00192798 0.00900007
v -0.02957205 0.00229800 0.00900007
v -0.03000005 0.00259793 0.00900007
v -0.03047405 0.00281895 0.00900007
v -0.03097905 0.00295401 0.00900007
v -0.03150005 0.00299991 0.00900007
v -0.03150005 0.00299991 0.00000000
v -0.03097905 0.00295401 0.00000000
v -0.03047405 0.00281895 0.00000000
v -0.03000005 0.00259793 0.00000000
v -0.02957205 0.00229800 0.00000000
v -0.02920205 0.00192798 0.00000000
v -0.02890205 0.00150002 0.00000000
v -0.02868105 0.00102592 0.00000000
v -0.02854605 0.00052095 0.00000000
v -0.02850005 0.00000001 0.00000000
v -0.02854605 -0.00052106 0.00000000
v -0.02868105 -0.00102603 0.00000000
v -0.02890205 -0.00150000 0.00000000
v -0.02920205 -0.00192809 0.00000000
v -0.02957205 -0.00229799 0.00000000
v -0.03000005 -0.00259804 0.00000000
v -0.03047405 -0.00281906 0.00000000
v -0.03097905 -0.00295507 0.00000000
v -0.03150005 -0.00250005 0.00900007
v -0.03101205 -0.00245201 0.00900007
v -0.03054305 -0.00231003 0.00900007
v -0.03011105 -0.00207901 0.00900007
v -0.02973205 -0.00176799 0.00900007
v -0.02942105 -0.00138902 0.00900007
v -0.02919005 -0.00095701 0.00900007
v -0.02904805 -0.00048804 0.00900007
v -0.02900005 0.00000001 0.00900007
v -0.02904805 0.00048793 0.00900007
v -0.02919005 0.00095702 0.00900007
v -0.02942105 0.00138891 0.00900007
v -0.02973205 0.00176800 0.00900007
v -0.03011105 0.00207901 0.00900007
v -0.03054305 0.00230992 0.00900007
v -0.03101205 0.00245190 0.00900007
v -0.03150005 0.00249994 0.00900007
v -0.03198805 0.00245190 0.00900007
v -0.03245705 0.00230992 0.00900007
v -0.03288905 0.00207901 0.00900007
v -0.03326805 0.00176800 0.00900007
v -0.03357905 0.00138891 0.00900007
v -0.03381005 0.00095702 0.00900007
v -0.03395205 0.00048793 0.00900007
v -0.03400005 0.00000000 0.00900007
v -0.03395205 -0.00048804 0.00900007
v -0.03381005 -0.00095701 0.00900007
v -0.03357905 -0.00138902 0.00900007
v -0.03326805 -0.00176799 0.00900007
v -0.03288905 -0.00207901 0.00900007
v -0.03245705 -0.00231003 0.00900007
v -0.03198805 -0.00245201 0.00900007
v -0.03150005 -0.00300002 0.00900007
v -0.03202105 -0.00295507 0.00900007
v -0.03252605 -0.00281906 0.00900007
v -0.03300005 -0.00259804 0.00900007
v -0.03342805 -0.00229799 0.00900007
v -0.03379805 -0.00192809 0.00900007
v -0.03409805 -0.00150001 0.00900007
v -0.03431905 -0.00102603 0.00900007
v -0.03445405 -0.00052106 0.00900007
v -0.03450005 0.00000000 0.00900007
v -0.03445405 0.00052095 0.00900007
v -0.03431905 0.00102592 0.00900007
v -0.03409805 0.00150002 0.00900007
v -0.03379805 0.00192798 0.00900007
v -0.03342805 0.00229800 0.00900007
v -0.03300005 0.00259793 0.00900007
v -0.03252605 0.00281895 0.00900007
v -0.03202105 0.00295401 0.00900007
v -0.03150005 0.00299991 0.00900007
v -0.03097905 0.00295401 0.00900007
v -0.03047405 0.00281895 0.00900007
v -0.03000005 0.00259793 0.00900007
v -0.02957205 0.00229800 0.00900007
v -0.02920205 0.00192798 0.00900007
v -0.02890205 0.00150002 0.00900007
v -0.02868105 0.00102592 0.00900007
v -0.02854605 0.00052095 0.00900007
v -0.02850005 0.00000001 0.00900007
v -0.02854605 -0.00052106 0.00900007
v -0.02868105 -0.00102603 0.00900007
v -0.02890205 -0.00150001 0.00900007
v -0.02920205 -0.00192809 0.00900007
v -0.02957205 -0.00229799 0.00900007
v -0.03000005 -0.00259804 0.00900007
v -0.03047405 -0.00281906 0.00900007
v -0.03097905 -0.00295507 0.00900007
v -0.02878005 -0.01315200 0.00000000
v -0.02878005 -0.01315200 0.00900007
v -0.02920805 -0.01345205 0.00900007
v -0.02957805 -0.01382207 0.00900007
v -0.02987805 -0.01425004 0.00900007
v -0.03009905 -0.01472401 0.00900007
v -0.03023405 -0.01522898 0.00900007
v -0.03028005 -0.01575005 0.00900007
v -0.03023405 -0.01627099 0.00900007
v -0.03009905 -0.01677608 0.00900007
v -0.02987805 -0.01725006 0.00900007
v -0.02957805 -0.01767802 0.00900007
v -0.02920805 -0.01804804 0.00900007
v -0.02878005 -0.01834809 0.00900007
v -0.02830605 -0.01856899 0.00900007
v -0.02780105 -0.01870405 0.00900007
v -0.02728005 -0.01875007 0.00900007
v -0.02675905 -0.01870405 0.00900007
v -0.02625405 -0.01856899 0.00900007
v -0.02578005 -0.01834809 0.00900007
v -0.02578005 -0.01834809 0.00000000
v -0.02625405 -0.01856899 0.00000000
v -0.02675905 -0.01870405 0.00000000
v -0.02728005 -0.01875007 0.00000000
v -0.02780105 -0.01870405 0.00000000
v -0.02830605 -0.01856899 0.00000000
v -0.02878005 -0.01834809 0.00000000
v -0.02920805 -0.01804804 0.00000000
v -0.02957805 -0.01767802 0.00000000
v -0.02987805 -0.01725006 0.00000000
v -0.03009905 -0.01677608 0.00000000
v -0.03023405 -0.01627099 0.00000000
v -0.03028005 -0.01575005 0.00000000
v -0.03023405 -0.01522898 0.00000000
v -0.03009905 -0.01472401 0.00000000
v -0.02987805 -0.01425003 0.00000000
v -0.02957805 -0.01382207 0.00000000
v -0.02920805 -0.01345205 0.00000000
v -0.02578005 -0.01834809 0.00000000
v -0.02578005 -0.01834809 0.00900007
v -0.02535105 -0.01804804 0.00900007
v -0.02498205 -0.01767802 0.00900007
v -0.02468205 -0.01725006 0.00900007
v -0.02446105 -0.01677608 0.00900007
v -0.02432505 -0.01627099 0.00900007
v -0.02428005 -0.01575005 0.00900007
v -0.02432505 -0.01522898 0.00900007
v -0.02446105 -0.01472401 0.00900007
v -0.02468205 -0.01425003 0.00900007
v -0.02498205 -0.01382207 0.00900007
v -0.02535105 -0.01345205 0.00900007
v -0.02578005 -0.01315200 0.00900007
v -0.02625405 -0.01293098 0.00900007
v -0.02675905 -0.01279604 0.00900007
v -0.02728005 -0.01275002 0.00900007
v -0.02780105 -0.01279604 0.00900007
v -0.02830605 -0.01293098 0.00900007
v -0.02878005 -0.01315200 0.00900007
v -0.02878005 -0.01315200 0.00000000
v -0.02830605 -0.01293098 0.00000000
v -0.02780105 -0.01279604 0.00000000
v -0.02728005 -0.01275002 0.00000000
v -0.02675905 -0.01279604 0.00000000
v -0.02625405 -0.01293098 0.00000000
v -0.02578005 -0.01315200 0.00000000
v -0.02535105 -0.01345205 0.00000000
v -0.02498205 -0.01382207 0.00000000
v -0.02468205 -0.01425003 0.00000000
v -0.02446105 -0.01472401 0.00000000
v -0.02432505 -0.01522898 0.00000000
v -0.02428005 -0.01575004 0.00000000
v -0.02432505 -0.01627099 0.00000000
v -0.02446105 -0.01677608 0.00000000
v -0.02468205 -0.01725006 0.00000000
v -0.02498205 -0.01767802 0.00000000
v -0.02535105 -0.01804804 0.00000000
v -0.02603005 -0.01791501 0.00900007
v -0.02563105 -0.01763009 0.00900007
v -0.02529605 -0.01727199 0.00900007
v -0.02503805 -0.01685607 0.00900007
v -0.02486505 -0.01639699 0.00900007
v -0.02478505 -0.01591408 0.00900007
v -0.02480105 -0.01542401 0.00900007
v -0.02491305 -0.01494705 0.00900007
v -0.02511505 -0.01450002 0.00900007
v -0.02540005 -0.01410210 0.00900007
v -0.02575805 -0.01376700 0.00900007
v -0.02617405 -0.01350808 0.00900007
v -0.02663305 -0.01333498 0.00900007
v -0.02711605 -0.01325499 0.00900007
v -0.02760605 -0.01327109 0.00900007
v -0.02808305 -0.01338303 0.00900007
v -0.02853005 -0.01358509 0.00900007
v -0.02892805 -0.01387000 0.00900007
v -0.02926305 -0.01422798 0.00900007
v -0.02952205 -0.01464402 0.00900007
v -0.02969505 -0.01510310 0.00900007
v -0.02977405 -0.01558601 0.00900007
v -0.02975805 -0.01607608 0.00900007
v -0.02964705 -0.01655304 0.00900007
v -0.02944505 -0.01700007 0.00900007
v -0.02915905 -0.01739799 0.00900007
v -0.02880205 -0.01773309 0.00900007
v -0.02838505 -0.01799201 0.00900007
v -0.02792705 -0.01816499 0.00900007
v -0.02744305 -0.01824510 0.00900007
v -0.02695305 -0.01822900 0.00900007
v -0.02647605 -0.01811706 0.00900007
v -0.02578005 -0.01834809 0.00900007
v -0.02625405 -0.01856899 0.00900007
v -0.02675905 -0.01870405 0.00900007
v -0.02728005 -0.01875007 0.00900007
v -0.02780105 -0.01870405 0.00900007
v -0.02830605 -0.01856899 0.00900007
v -0.02878005 -0.01834809 0.00900007
v -0.02920805 -0.01804804 0.00900007
v -0.02957805 -0.01767802 0.00900007
v -0.02987805 -0.01725006 0.00900007
v -0.03009905 -0.01677608 0.00900007
v -0.03023405 -0.01627099 0.00900007
v -0.03028005 -0.01575005 0.00900007
v -0.03023405 -0.01522898 0.00900007
v -0.03009905 -0.01472401 0.00900007
v -0.02987805 -0.01425004 0.00900007
v -0.02957805 -0.01382207 0.00900007
v -0.02920805 -0.01345205 0.00900007
v -0.02878005 -0.01315200 0.00900007
v -0.02830605 -0.01293098 0.00900007
v -0.02780105 -0.01279604 0.00900007
v -0.02728005 -0.01275002 0.00900007
v -0.02675905 -0.01279604 0.00900007
v -0.02625405 -0.01293098 0.00900007
v -0.02578005 -0.01315200 0.00900007
v -0.02535105 -0.01345205 0.00900007
v -0.02498205 -0.01382207 0.00900007
v -0.02468205 -0.01425003 0.00900007
v -0.02446105 -0.01472401 0.00900007
v -0.02432505 -0.01522898 0.00900007
v -0.02428005 -0.01575005 0.00900007
v -0.02432505 -0.01627099 0.00900007
v -0.02446105 -0.01677608 0.00900007
v -0.02468205 -0.01725006 0.00900007
v -0.02498205 -0.01767802 0.00900007
v -0.02535105 -0.01804804 0.00900007
v -0.01834805 -0.02578008 0.00000000
v -0.01834804 -0.02578008 0.00900006
v -0.01856905 -0.02625405 0.00900006
v -0.01870405 -0.02675902 0.00900006
v -0.01875005 -0.02728009 0.00900006
v -0.01870405 -0.02780103 0.00900006
v -0.01856904 -0.02830600 0.00900006
v -0.01834804 -0.02878010 0.00900006
v -0.01804804 -0.02920806 0.00900006
v -0.01767804 -0.02957808 0.00900006
v -0.01725004 -0.02987801 0.00900006
v -0.01677604 -0.03009903 0.00900006
v -0.01627105 -0.03023409 0.00900006
v -0.01575004 -0.03027999 0.00900006
v -0.01522904 -0.03023409 0.00900006
v -0.01472404 -0.03009903 0.00900006
v -0.01425004 -0.02987801 0.00900006
v -0.01382204 -0.02957808 0.00900006
v -0.01345204 -0.02920806 0.00900006
v -0.01315204 -0.02878010 0.00900006
v -0.01315205 -0.02878010 -0.00000000
v -0.01345205 -0.02920806 -0.00000000
v -0.01382205 -0.02957808 -0.00000000
v -0.01425005 -0.02987801 -0.00000000
v -0.01472405 -0.03009903 -0.00000000
v -0.01522905 -0.03023409 0.00000000
v -0.01575005 -0.03027999 0.00000000
v -0.01627105 -0.03023409 0.00000000
v -0.01677604 -0.03009903 0.00000000
v -0.01725005 -0.02987801 0.00000000
v -0.01767805 -0.02957808 0.00000000
v -0.01804805 -0.02920806 0.00000000
v -0.01834805 -0.02878010 0.00000000
v -0.01856905 -0.02830600 0.00000000
v -0.01870405 -0.02780103 0.00000000
v -0.01875005 -0.02728009 0.00000000
v -0.01870405 -0.02675902 0.00000000
v -0.01856905 -0.02625405 0.00000000
v -0.01315205 -0.02878010 -0.00000000
v -0.01315204 -0.02878010 0.00900006
v -0.01293105 -0.02830600 0.00900006
v -0.01279604 -0.02780103 0.00900006
v -0.01275004 -0.02728009 0.00900006
v -0.01279604 -0.02675902 0.00900006
v -0.01293105 -0.02625405 0.00900006
v -0.01315204 -0.02578008 0.00900006
v -0.01345204 -0.02535104 0.00900006
v -0.01382204 -0.02498209 0.00900006
v -0.01425004 -0.02468204 0.00900006
v -0.01472405 -0.02446102 0.00900006
v -0.01522904 -0.02432501 0.00900006
v -0.01575005 -0.02428007 0.00900006
v -0.01627105 -0.02432501 0.00900006
v -0.01677604 -0.02446103 0.00900006
v -0.01725004 -0.02468204 0.00900006
v -0.01767805 -0.02498209 0.00900006
v -0.01804804 -0.02535104 0.00900006
v -0.01834804 -0.02578008 0.00900006
v -0.01834805 -0.02578008 0.00000000
v -0.01804805 -0.02535104 0.00000000
v -0.01767805 -0.02498209 0.00000000
v -0.01725005 -0.02468204 0.00000000
v -0.01677605 -0.02446102 0.00000000
v -0.01627105 -0.02432501 0.00000000
v -0.01575005 -0.02428006 0.00000000
v -0.01522905 -0.02432501 0.00000000
v -0.01472405 -0.02446102 0.00000000
v -0.01425005 -0.02468204 0.00000000
v -0.01382205 -0.02498209 0.00000000
v -0.01345205 -0.02535104 0.00000000
v -0.01315205 -0.02578007 0.00000000
v -0.01293105 -0.02625405 -0.00000000
v -0.01279605 -0.02675902 -0.00000000
v -0.01275005 -0.02728009 -0.00000000
v -0.01279605 -0.02780103 -0.00000000
v -0.01293105 -0.02830600 -0.00000000
v -0.01358504 -0.02853000 0.00900006
v -0.01338304 -0.02808308 0.00900006
v -0.01327104 -0.02760600 0.00900006
v -0.01325504 -0.02711605 0.00900006
v -0.01333504 -0.02663302 0.00900006
v -0.01350805 -0.02617406 0.00900006
v -0.01376705 -0.02575802 0.00900006
v -0.01410204 -0.02540004 0.00900006
v -0.01450004 -0.02511501 0.00900006
v -0.01494604 -0.02491307 0.00900006
v -0.01542405 -0.02480101 0.00900006
v -0.01591405 -0.02478504 0.00900006
v -0.01639704 -0.02486503 0.00900006
v -0.01685604 -0.02503800 0.00900006
v -0.01727204 -0.02529704 0.00900006
v -0.01763004 -0.02563202 0.00900006
v -0.01791504 -0.02603006 0.00900006
v -0.01811704 -0.02647602 0.00900006
v -0.01822905 -0.02695405 0.00900006
v -0.01824505 -0.02744305 0.00900006
v -0.01816504 -0.02792704 0.00900006
v -0.01799204 -0.02838599 0.00900006
v -0.01773305 -0.02880203 0.00900006
v -0.01739804 -0.02915906 0.00900006
v -0.01700005 -0.02944505 0.00900006
v -0.01655404 -0.02964699 0.00900006
v -0.01607605 -0.02975809 0.00900006
v -0.01558604 -0.02977502 0.00900006
v -0.01510304 -0.02969503 0.00900006
v -0.01464404 -0.02952206 0.00900006
v -0.01422804 -0.02926301 0.00900006
v -0.01387004 -0.02892804 0.00900006
v -0.01315204 -0.02878010 0.00900006
v -0.01345204 -0.02920806 0.00900006
v -0.01382204 -0.02957808 0.00900006
v -0.01425004 -0.02987801 0.00900006
v -0.01472404 -0.03009903 0.00900006
v -0.01522904 -0.03023409 0.00900006
v -0.01575004 -0.03027999 0.00900006
v -0.01627105 -0.03023409 0.00900006
v -0.01677604 -0.03009903 0.00900006
v -0.01725004 -0.02987801 0.00900006
v -0.01767804 -0.02957808 0.00900006
v -0.01804804 -0.02920806 0.00900006
v -0.01834804 -0.02878010 0.00900006
v -0.01856904 -0.02830600 0.00900006
v -0.01870405 -0.02780103 0.00900006
v -0.01875005 -0.02728009 0.00900006
v -0.01870405 -0.02675902 0.00900006
v -0.01856905 -0.02625405 0.00900006
v -0.01834804 -0.02578008 0.00900006
v -0.01804804 -0.02535104 0.00900006
v -0.01767805 -0.02498209 0.00900006
v -0.01725004 -0.02468204 0.00900006
v -0.01677604 -0.02446103 0.00900006
v -0.01627105 -0.02432501 0.00900006
v -0.01575005 -0.02428007 0.00900006
v -0.01522904 -0.02432501 0.00900006
v -0.01472405 -0.02446102 0.00900006
v -0.01425004 -0.02468204 0.00900006
v -0.01382204 -0.02498209 0.00900006
v -0.01345204 -0.02535104 0.00900006
v -0.01315204 -0.02578008 0.00900006
v -0.01293105 -0.02625405 0.00900006
v -0.01279604 -0.02675902 0.00900006
v -0.01275004 -0.02728009 0.00900006
v -0.01279604 -0.02780103 0.00900006
v -0.01293105 -0.02830600 0.00900006
v -0.00300004 -0.03150009 -0.00000000
v -0.00300004 -0.03150009 0.00900006
v -0.00295404 -0.03202104 0.00900006
v -0.00281904 -0.03252601 0.00900006
v -0.00259804 -0.03299999 0.00900006
v -0.00229804 -0.03342807 0.00900006
v -0.00192804 -0.03379809 0.00900006
v -0.00150004 -0.03409802 0.00900006
v -0.00102604 -0.03431904 0.00900006
v -0.00052104 -0.03445505 0.00900006
v -0.00000004 -0.03450000 0.00900006
v 0.00052096 -0.03445505 0.00900006
v 0.00102596 -0.03431904 0.00900006
v 0.00149996 -0.03409802 0.00900006
v 0.00192796 -0.03379809 0.00900006
v 0.00229796 -0.03342807 0.00900006
v 0.00259796 -0.03299998 0.00900006
v 0.00281896 -0.03252601 0.00900006
v 0.00295396 -0.03202104 0.00900006
v 0.00299996 -0.03150009 0.00900006
v 0.00299996 -0.03150009 -0.00000000
v 0.00295396 -0.03202104 -0.00000000
v 0.00281896 -0.03252601 -0.00000000
v 0.00259796 -0.03299998 -0.00000000
v 0.00229796 -0.03342807 -0.00000000
v 0.00192796 -0.03379809 -0.00000000
v 0.00149996 -0.03409802 -0.00000000
v 0.00102596 -0.03431904 -0.00000000
v 0.00052096 -0.03445505 -0.00000000
v -0.00000004 -0.03450000 -0.00000000
v -0.00052104 -0.03445505 -0.00000000
v -0.00102604 -0.03431904 -0.00000000
v -0.00150004 -0.03409802 -0.00000000
v -0.00192804 -0.03379809 -0.00000000
v -0.00229804 -0.03342807 -0.00000000
v -0.00259804 -0.03299998 -0.00000000
v -0.00281904 -0.03252601 -0.00000000
v -0.00295404 -0.03202104 -0.00000000
v 0.00299996 -0.03150009 -0.00000000
v 0.00299996 -0.03150009 0.00900006
v 0.00295396 -0.03097903 0.00900006
v 0.00281896 -0.03047406 0.00900006
v 0.00259796 -0.03000008 0.00900006
v 0.00229796 -0.02957200 0.00900006
v 0.00192796 -0.02920210 0.00900006
v 0.00149996 -0.02890205 0.00900006
v 0.00102596 -0.02868103 0.00900006
v 0.00052096 -0.02854609 0.00900006
v -0.00000004 -0.02850007 0.00900006
v -0.00052104 -0.02854609 0.00900006
v -0.00102604 -0.02868103 0.00900006
v -0.00150004 -0.02890205 0.00900006
v -0.00192804 -0.02920210 0.00900006
v -0.00229804 -0.02957200 0.00900006
v -0.00259804 -0.03000008 0.00900006
v -0.00281904 -0.03047406 0.00900006
v -0.00295404 -0.03097903 0.00900006
v -0.00300004 -0.03150009 0.00900006
v -0.00300004 -0.03150009 -0.00000000
v -0.00295404 -0.03097903 -0.00000000
v -0.00281904 -0.03047406 -0.00000000
v -0.00259804 -0.03000008 -0.00000000
v -0.00229804 -0.02957200 -0.00000000
v -0.00192804 -0.02920210 -0.00000000
v -0.00150004 -0.02890205 -0.00000000
v -0.00102604 -0.02868103 -0.00000000
v -0.00052104 -0.02854609 -0.00000000
v -0.00000004 -0.02850007 -0.00000000
v 0.00052096 -0.02854609 -0.00000000
v 0.00102596 -0.02868103 -0.00000000
v 0.00149996 -0.02890205 -0.00000000
v 0.00192796 -0.02920210 -0.00000000
v 0.00229796 -0.02957200 -0.00000000
v 0.00259796 -0.03000008 -0.00000000
v 0.00281896 -0.03047406 -0.00000000
v 0.00295396 -0.03097903 -0.00000000
v 0.00249996 -0.03150009 0.00900006
v 0.00245196 -0.03101205 0.00900006
v 0.00230996 -0.03054308 0.00900006
v 0.00207896 -0.03011107 0.00900006
v 0.00176796 -0.02973198 0.00900006
v 0.00138896 -0.02942108 0.00900006
v 0.00095696 -0.02919006 0.00900006
v 0.00048796 -0.02904808 0.00900006
v -0.00000004 -0.02900004 0.00900006
v -0.00048804 -0.02904808 0.00900006
v -0.00095704 -0.02919006 0.00900006
v -0.00138904 -0.02942108 0.00900006
v -0.00176804 -0.02973198 0.00900006
v -0.00207904 -0.03011107 0.00900006
v -0.00231004 -0.03054308 0.00900006
v -0.00245204 -0.03101205 0.00900006
v -0.00250004 -0.03150009 0.00900006
v -0.00245204 -0.03198802 0.00900006
v -0.00231004 -0.03245699 0.00900006
v -0.00207904 -0.03288900 0.00900006
v -0.00176804 -0.03326809 0.00900006
v -0.00138904 -0.03357898 0.00900006
v -0.00095704 -0.03381001 0.00900006
v -0.00048804 -0.03395199 0.00900006
v -0.00000004 -0.03400003 0.00900006
v 0.00048796 -0.03395199 0.00900006
v 0.00095696 -0.03381001 0.00900006
v 0.00138896 -0.03357898 0.00900006
v 0.00176796 -0.03326809 0.00900006
v 0.00207896 -0.03288900 0.00900006
v 0.00230996 -0.03245699 0.00900006
v 0.00245196 -0.03198802 0.00900006
v 0.00299996 -0.03150009 0.00900006
v 0.00295396 -0.03202104 0.00900006
v 0.00281896 -0.03252601 0.00900006
v 0.00259796 -0.03299998 0.00900006
v 0.00229796 -0.03342807 0.00900006
v 0.00192796 -0.03379809 0.00900006
v 0.00149996 -0.03409802 0.00900006
v 0.00102596 -0.03431904 0.00900006
v 0.00052096 -0.03445505 0.00900006
v -0.00000004 -0.03450000 0.00900006
v -0.00052104 -0.03445505 0.00900006
v -0.00102604 -0.03431904 0.00900006
v -0.00150004 -0.03409802 0.00900006
v -0.00192804 -0.03379809 0.00900006
v -0.00229804 -0.03342807 0.00900006
v -0.00259804 -0.03299999 0.00900006
v -0.00281904 -0.03252601 0.00900006
v -0.00295404 -0.03202104 0.00900006
v -0.00300004 -0.03150009 0.00900006
v -0.00295404 -0.03097903 0.00900006
v -0.00281904 -0.03047406 0.00900006
v -0.00259804 -0.03000008 0.00900006
v -0.00229804 -0.02957200 0.00900006
v -0.00192804 -0.02920210 0.00900006
v -0.00150004 -0.02890205 0.00900006
v -0.00102604 -0.02868103 0.00900006
v -0.00052104 -0.02854609 0.00900006
v -0.00000004 -0.02850007 0.00900006
v 0.00052096 -0.02854609 0.00900006
v 0.00102596 -0.02868103 0.00900006
v 0.00149996 -0.02890205 0.00900006
v 0.00192796 -0.02920210 0.00900006
v 0.00229796 -0.02957200 0.00900006
v 0.00259796 -0.03000008 0.00900006
v 0.00281896 -0.03047406 0.00900006
v 0.00295396 -0.03097903 0.00900006
v 0.01315196 -0.02878009 -0.00000000
v 0.01315196 -0.02878009 0.00900006
v 0.01345196 -0.02920806 0.00900006
v 0.01382196 -0.02957808 0.00900006
v 0.01424996 -0.02987801 0.00900006
v 0.01472396 -0.03009903 0.00900006
v 0.01522896 -0.03023409 0.00900006
v 0.01574996 -0.03027999 0.00900006
v 0.01627096 -0.03023409 0.00900006
v 0.01677596 -0.03009903 0.00900006
v 0.01724996 -0.02987801 0.00900006
v 0.01767796 -0.02957808 0.00900006
v 0.01804796 -0.02920806 0.00900006
v 0.01834796 -0.02878009 0.00900006
v 0.01856896 -0.02830600 0.00900006
v 0.01870396 -0.02780103 0.00900006
v 0.01874996 -0.02728008 0.00900006
v 0.01870396 -0.02675902 0.00900006
v 0.01856896 -0.02625405 0.00900006
v 0.01834796 -0.02578007 0.00900006
v 0.01834796 -0.02578007 -0.00000000
v 0.01856896 -0.02625405 -0.00000000
v 0.01870396 -0.02675902 -0.00000000
v 0.01874996 -0.02728008 -0.00000000
v 0.01870396 -0.02780103 -0.00000000
v 0.01856896 -0.02830600 -0.00000000
v 0.01834796 -0.02878009 -0.00000000
v 0.01804796 -0.02920805 -0.00000000
v 0.01767796 -0.02957808 -0.00000000
v 0.01724996 -0.02987801 -0.00000000
v 0.01677596 -0.03009903 -0.00000000
v 0.01627096 -0.03023409 -0.00000000
v 0.01574996 -0.03027999 -0.00000000
v 0.01522896 -0.03023409 -0.00000000
v 0.01472396 -0.03009903 -0.00000000
v 0.01424996 -0.02987801 -0.00000000
v 0.01382196 -0.02957808 -0.00000000
v 0.01345196 -0.02920806 -0.00000000
v 0.01834796 -0.02578007 -0.00000000
v 0.01834796 -0.02578007 0.00900006
v 0.01804796 -0.02535104 0.00900006
v 0.01767796 -0.02498209 0.00900006
v 0.01724996 -0.02468204 0.00900006
v 0.01677596 -0.02446102 0.00900006
v 0.01627096 -0.02432500 0.00900006
v 0.01574996 -0.02428006 0.00900006
v 0.01522896 -0.02432500 0.00900006
v 0.01472396 -0.02446102 0.00900006
v 0.01424996 -0.02468204 0.00900006
v 0.01382196 -0.02498209 0.00900006
v 0.01345196 -0.02535104 0.00900006
v 0.01315196 -0.02578007 0.00900006
v 0.01293096 -0.02625405 0.00900006
v 0.01279596 -0.02675902 0.00900006
v 0.01274996 -0.02728008 0.00900006
v 0.01279596 -0.02780103 0.00900006
v 0.01293096 -0.02830600 0.00900006
v 0.01315196 -0.02878009 0.00900006
v 0.01315196 -0.02878009 -0.00000000
v 0.01293096 -0.02830600 -0.00000000
v 0.01279596 -0.02780103 -0.00000000
v 0.01274996 -0.02728008 -0.00000000
v 0.01279596 -0.02675902 -0.00000000
v 0.01293096 -0.02625405 -0.00000000
v 0.01315196 -0.02578007 -0.00000000
v 0.01345196 -0.02535104 -0.00000000
v 0.01382196 -0.02498209 -0.00000000
v 0.01424996 -0.02468204 -0.00000000
v 0.01472396 -0.02446102 -0.00000000
v 0.01522896 -0.02432500 -0.00000000
v 0.01574996 -0.02428006 -0.00000000
v 0.01627096 -0.02432500 -0.00000000
v 0.01677596 -0.02446102 -0.00000000
v 0.01724996 -0.02468204 -0.00000000
v 0.01767796 -0.02498209 -0.00000000
v 0.01804796 -0.02535104 -0.00000000
v 0.01791496 -0.02603006 0.00900006
v 0.01762996 -0.02563202 0.00900006
v 0.01727196 -0.02529608 0.00900006
v 0.01685596 -0.02503800 0.00900006
v 0.01639696 -0.02486502 0.00900006
v 0.01591396 -0.02478503 0.00900006
v 0.01542396 -0.02480101 0.00900006
v 0.01494596 -0.02491306 0.00900006
v 0.01449996 -0.02511500 0.00900006
v 0.01410196 -0.02540003 0.00900006
v 0.01376696 -0.02575802 0.00900006
v 0.01350796 -0.02617406 0.00900006
v 0.01333496 -0.02663302 0.00900006
v 0.01325496 -0.02711605 0.00900006
v 0.01327096 -0.02760600 0.00900006
v 0.01338296 -0.02808308 0.00900006
v 0.01358496 -0.02852999 0.00900006
v 0.01386996 -0.02892803 0.00900006
v 0.01422796 -0.02926301 0.00900006
v 0.01464396 -0.02952205 0.00900006
v 0.01510296 -0.02969503 0.00900006
v 0.01558596 -0.02977502 0.00900006
v 0.01607596 -0.02975904 0.00900006
v 0.01655396 -0.02964698 0.00900006
v 0.01699996 -0.02944504 0.00900006
v 0.01739796 -0.02915906 0.00900006
v 0.01773296 -0.02880203 0.00900006
v 0.01799196 -0.02838599 0.00900006
v 0.01816496 -0.02792703 0.00900006
v 0.01824496 -0.02744304 0.00900006
v 0.01822896 -0.02695405 0.00900006
v 0.01811696 -0.02647602 0.00900006
v 0.01834796 -0.02578007 0.00900006
v 0.01856896 -0.02625405 0.00900006
v 0.01870396 -0.02675902 0.00900006
v 0.01874996 -0.02728008 0.00900006
v 0.01870396 -0.02780103 0.00900006
v 0.01856896 -0.02830600 0.00900006
v 0.01834796 -0.02878009 0.00900006
v 0.01804796 -0.02920806 0.00900006
v 0.01767796 -0.02957808 0.00900006
v 0.01724996 -0.02987801 0.00900006
v 0.01677596 -0.03009903 0.00900006
v 0.01627096 -0.03023409 0.00900006
v 0.01574996 -0.03027999 0.00900006
v 0.01522896 -0.03023409 0.00900006
v 0.01472396 -0.03009903 0.00900006
v 0.01424996 -0.02987801 0.00900006
v 0.01382196 -0.02957808 0.00900006
v 0.01345196 -0.02920806 0.00900006
v 0.01315196 -0.02878009 0.00900006
v 0.01293096 -0.02830600 0.00900006
v 0.01279596 -0.02780103 0.00900006
v 0.01274996 -0.02728008 0.00900006
v 0.01279596 -0.02675902 0.00900006
v 0.01293096 -0.02625405 0.00900006
v 0.01315196 -0.02578007 0.00900006
v 0.01345196 -0.02535104 0.00900006
v 0.01382196 -0.02498209 0.00900006
v 0.01424996 -0.02468204 0.00900006
v 0.01472396 -0.02446102 0.00900006
v 0.01522896 -0.02432500 0.00900006
v 0.01574996 -0.02428006 0.00900006
v 0.01627096 -0.02432500 0.00900006
v 0.01677596 -0.02446102 0.00900006
v 0.01724996 -0.02468204 0.00900006
v 0.01767796 -0.02498209 0.00900006
v 0.01804796 -0.02535104 0.00900006
v -0.02246405 -0.01908302 0.00000000
v -0.02324005 -0.01918506 0.00000000
v -0.02396405 -0.01948499 0.00000000
v -0.02458505 -0.01996099 0.00000000
v -0.02506205 -0.02058303 0.00000000
v -0.02536105 -0.02130603 0.00000000
v -0.02546405 -0.02208304 0.00000000
v -0.02536105 -0.02285909 0.00000000
v -0.02506205 -0.02358305 0.00000000
v -0.02458505 -0.02420401 0.00000000
v -0.02396405 -0.02468109 0.00000000
v -0.02324005 -0.02498006 0.00000000
v -0.02246405 -0.02508306 0.00000000
v -0.02168705 -0.02498006 0.00000000
v -0.02096405 -0.02468109 0.00000000
v -0.02034205 -0.02420401 0.00000000
v -0.01986505 -0.02358305 0.00000000
v -0.01956605 -0.02285909 0.00000000
v -0.01946405 -0.02208304 0.00000000
v -0.01956605 -0.02130603 0.00000000
v -0.01986505 -0.02058303 0.00000000
v -0.02034205 -0.01996099 0.00000000
v -0.02096405 -0.01948499 0.00000000
v -0.02168705 -0.01918506 0.00000000
v -0.02100005 0.00000001 0.00000000
v -0.02059605 -0.00409710 0.00000000
v -0.01940105 -0.00803601 0.00000000
v -0.01746105 -0.01166701 0.00000000
v -0.01484905 -0.01484906 0.00000000
v -0.01166705 -0.01746105 0.00000000
v -0.00803605 -0.01940202 -0.00000000
v -0.00409705 -0.02059602 -0.00000000
v -0.00000005 -0.02100002 -0.00000000
v 0.00409696 -0.02059602 -0.00000000
v 0.00803595 -0.01940202 -0.00000000
v 0.01166696 -0.01746105 -0.00000000
v 0.01484895 -0.01484906 -0.00000000
v 0.01746095 -0.01166700 -0.00000000
v 0.01940096 -0.00803601 -0.00000000
v 0.02059595 -0.00409709 -0.00000000
v 0.02099995 0.00000001 -0.00000000
v 0.02059595 0.00409699 -0.00000000
v 0.01940095 0.00803591 -0.00000000
v 0.01746095 0.01166702 -0.00000000
v 0.01484895 0.01484896 -0.00000000
v 0.01166695 0.01746095 -0.00000000
v 0.00803595 0.01940096 0.00000000
v 0.00409695 0.02059592 0.00000000
v -0.00000005 0.02099992 0.00000000
v -0.00409705 0.02059592 0.00000000
v -0.00803605 0.01940096 0.00000000
v -0.01166705 0.01746095 0.00000000
v -0.01484905 0.01484895 0.00000000
v -0.01746105 0.01166702 0.00000000
v -0.01940105 0.00803590 0.00000000
v -0.02059605 0.00409699 0.00000000
v 0.01358495 0.02853001 0.00000000
v 0.01333495 0.02792693 0.00000000
v 0.01324995 0.02727998 0.00000000
v 0.01333495 0.02663291 -0.00000000
v 0.01358495 0.02602995 -0.00000000
v 0.01398195 0.02551199 -0.00000000
v 0.01449995 0.02511502 -0.00000000
v 0.01510295 0.02486492 -0.00000000
v 0.01574995 0.02477992 -0.00000000
v 0.01639695 0.02486492 -0.00000000
v 0.01699995 0.02511502 -0.00000000
v 0.01751795 0.02551199 -0.00000000
v 0.01791495 0.02602995 -0.00000000
v 0.01816495 0.02663291 -0.00000000
v 0.01824995 0.02727998 -0.00000000
v 0.01816495 0.02792693 -0.00000000
v 0.01791495 0.02853001 -0.00000000
v 0.01751795 0.02904798 -0.00000000
v 0.01699995 0.02944494 -0.00000000
v 0.01639695 0.02969397 -0.00000000
v 0.01574995 0.02977992 -0.00000000
v 0.01510295 0.02969397 -0.00000000
v 0.01449995 0.02944494 0.00000000
v 0.01398195 0.02904797 0.00000000
v 0.02602995 0.01791502 -0.00000000
v 0.02551195 0.01751793 -0.00000000
v 0.02511495 0.01699997 -0.00000000
v 0.02486495 0.01639701 -0.00000000
v 0.02477995 0.01574994 -0.00000000
v 0.02486495 0.01510299 -0.00000000
v 0.02511495 0.01449991 -0.00000000
v 0.02551195 0.01398195 -0.00000000
v 0.02602995 0.01358498 -0.00000000
v 0.02663295 0.01333500 -0.00000000
v 0.02727995 0.01325000 -0.00000000
v 0.02792695 0.01333500 -0.00000000
v 0.02852995 0.01358498 -0.00000000
v 0.02904795 0.01398195 -0.00000000
v 0.02944495 0.01449991 -0.00000000
v 0.02969495 0.01510299 -0.00000000
v 0.02977995 0.01574994 -0.00000000
v 0.02969495 0.01639701 -0.00000000
v 0.02944495 0.01699997 -0.00000000
v 0.02904795 0.01751793 -0.00000000
v 0.02852995 0.01791502 -0.00000000
v 0.02792695 0.01816500 -0.00000000
v 0.02727995 0.01825000 -0.00000000
v 0.02663295 0.01816500 -0.00000000
v 0.03149996 0.00249995 -0.00000000
v 0.03085295 0.00241495 -0.00000000
v 0.03024995 0.00216497 -0.00000000
v 0.02973195 0.00176800 -0.00000000
v 0.02933495 0.00124992 -0.00000000
v 0.02908495 0.00064696 -0.00000000
v 0.02899995 0.00000001 -0.00000000
v 0.02908495 -0.00064706 -0.00000000
v 0.02933495 -0.00125002 -0.00000000
v 0.02973195 -0.00176798 -0.00000000
v 0.03024995 -0.00216507 -0.00000000
v 0.03085295 -0.00241505 -0.00000000
v 0.03149996 -0.00250005 -0.00000000
v 0.03214696 -0.00241505 -0.00000000
v 0.03274995 -0.00216507 -0.00000000
v 0.03326796 -0.00176798 -0.00000000
v 0.03366496 -0.00125002 -0.00000000
v 0.03391495 -0.00064706 -0.00000000
v 0.03399996 0.00000001 -0.00000000
v 0.03391495 0.00064696 -0.00000000
v 0.03366496 0.00124992 -0.00000000
v 0.03326796 0.00176800 -0.00000000
v 0.03274995 0.00216497 -0.00000000
v 0.03214696 0.00241495 -0.00000000
v 0.02852996 -0.01358508 -0.00000000
v 0.02792696 -0.01333498 -0.00000000
v 0.02727995 -0.01324998 -0.00000000
v 0.02663296 -0.01333498 -0.00000000
v 0.02602996 -0.01358508 -0.00000000
v 0.02551196 -0.01398205 -0.00000000
v 0.02511496 -0.01450001 -0.00000000
v 0.02486496 -0.01510309 -0.00000000
v 0.02477996 -0.01575004 -0.00000000
v 0.02486496 -0.01639699 -0.00000000
v 0.02511496 -0.01700007 -0.00000000
v 0.02551196 -0.01751803 -0.00000000
v 0.02602996 -0.01791500 -0.00000000
v 0.02663296 -0.01816498 -0.00000000
v 0.02727996 -0.01824998 -0.00000000
v 0.02792696 -0.01816498 -0.00000000
v 0.02852996 -0.01791500 -0.00000000
v 0.02904796 -0.01751803 -0.00000000
v 0.02944496 -0.01700007 -0.00000000
v 0.02969496 -0.01639699 -0.00000000
v 0.02977996 -0.01575004 -0.00000000
v 0.02969496 -0.01510309 -0.00000000
v 0.02944496 -0.01450001 -0.00000000
v 0.02904796 -0.01398205 -0.00000000
v 0.01791496 -0.02603005 -0.00000000
v 0.01751796 -0.02551209 -0.00000000
v 0.01699996 -0.02511500 -0.00000000
v 0.01639696 -0.02486502 -0.00000000
v 0.01574996 -0.02478003 -0.00000000
v 0.01510296 -0.02486502 -0.00000000
v 0.01449996 -0.02511500 -0.00000000
v 0.01398196 -0.02551209 -0.00000000
v 0.01358496 -0.02603005 -0.00000000
v 0.01333496 -0.02663302 -0.00000000
v 0.01324996 -0.02728008 -0.00000000
v 0.01333496 -0.02792703 -0.00000000
v 0.01358496 -0.02852999 -0.00000000
v 0.01398196 -0.02904808 -0.00000000
v 0.01449996 -0.02944504 -0.00000000
v 0.01510296 -0.02969503 -0.00000000
v 0.01574996 -0.02978002 -0.00000000
v 0.01639696 -0.02969503 -0.00000000
v 0.01699996 -0.02944504 -0.00000000
v 0.01751796 -0.02904808 -0.00000000
v 0.01791496 -0.02852999 -0.00000000
v 0.01816496 -0.02792703 -0.00000000
v 0.01824996 -0.02728008 -0.00000000
v 0.01816496 -0.02663302 -0.00000000
v 0.00249996 -0.03150009 -0.00000000
v 0.00241496 -0.03085303 -0.00000000
v 0.00216496 -0.03025006 -0.00000000
v 0.00176796 -0.02973198 -0.00000000
v 0.00124996 -0.02933501 -0.00000000
v 0.00064696 -0.02908503 -0.00000000
v -0.00000004 -0.02900004 -0.00000000
v -0.00064704 -0.02908503 -0.00000000
v -0.00125004 -0.02933501 -0.00000000
v -0.00176804 -0.02973198 -0.00000000
v -0.00216504 -0.03025006 -0.00000000
v -0.00241504 -0.03085303 -0.00000000
v -0.00250004 -0.03150009 -0.00000000
v -0.00241504 -0.03214704 -0.00000000
v -0.00216504 -0.03275000 -0.00000000
v -0.00176804 -0.03326809 -0.00000000
v -0.00125004 -0.03366505 -0.00000000
v -0.00064704 -0.03391504 -0.00000000
v -0.00000004 -0.03400003 -0.00000000
v 0.00064696 -0.03391504 -0.00000000
v 0.00124996 -0.03366505 -0.00000000
v 0.00176796 -0.03326809 -0.00000000
v 0.00216496 -0.03275000 -0.00000000
v 0.00241496 -0.03214704 -0.00000000
v -0.01358505 -0.02852999 -0.00000000
v -0.01333505 -0.02792703 -0.00000000
v -0.01325005 -0.02728009 -0.00000000
v -0.01333505 -0.02663302 0.00000000
v -0.01358505 -0.02603006 0.00000000
v -0.01398205 -0.02551209 0.00000000
v -0.01450005 -0.02511501 0.00000000
v -0.01510305 -0.02486502 0.00000000
v -0.01575005 -0.02478003 0.00000000
v -0.01639705 -0.02486502 0.00000000
v -0.01700005 -0.02511501 0.00000000
v -0.01751805 -0.02551209 0.00000000
v -0.01791505 -0.02603006 0.00000000
v -0.01816505 -0.02663302 0.00000000
v -0.01825005 -0.02728009 0.00000000
v -0.01816505 -0.02792703 0.00000000
v -0.01791505 -0.02853000 0.00000000
v -0.01751805 -0.02904808 0.00000000
v -0.01700005 -0.02944505 0.00000000
v -0.01639705 -0.02969503 0.00000000
v -0.01575005 -0.02978002 0.00000000
v -0.01510305 -0.02969503 0.00000000
v -0.01450005 -0.02944505 -0.00000000
v -0.01398205 -0.02904808 -0.00000000
v -0.02603005 -0.01791500 0.00000000
v -0.02551205 -0.01751804 0.00000000
v -0.02511505 -0.01700007 0.00000000
v -0.02486505 -0.01639699 0.00000000
v -0.02478005 -0.01575004 0.00000000
v -0.02486505 -0.01510310 0.00000000
v -0.02511505 -0.01450002 0.00000000
v -0.02551205 -0.01398205 0.00000000
v -0.02603005 -0.01358508 0.00000000
v -0.02663305 -0.01333498 0.00000000
v -0.02728005 -0.01324999 0.00000000
v -0.02792705 -0.01333498 0.00000000
v -0.02853005 -0.01358509 0.00000000
v -0.02904805 -0.01398205 0.00000000
v -0.02944505 -0.01450002 0.00000000
v -0.02969505 -0.01510310 0.00000000
v -0.02978005 -0.01575005 0.00000000
v -0.02969505 -0.01639699 0.00000000
v -0.02944505 -0.01700007 0.00000000
v -0.02904805 -0.01751804 0.00000000
v -0.02853005 -0.01791500 0.00000000
v -0.02792705 -0.01816499 0.00000000
v -0.02728005 -0.01824998 0.00000000
v -0.02663305 -0.01816499 0.00000000
v -0.03150005 -0.00250005 0.00000000
v -0.03085305 -0.00241506 0.00000000
v -0.03025005 -0.00216507 0.00000000
v -0.02973205 -0.00176799 0.00000000
v -0.02933505 -0.00125002 0.00000000
v -0.02908505 -0.00064706 0.00000000
v -0.02900005 0.00000001 0.00000000
v -0.02908505 0.00064695 0.00000000
v -0.02933505 0.00124991 0.00000000
v -0.02973205 0.00176800 0.00000000
v -0.03025005 0.00216497 0.00000000
v -0.03085305 0.00241495 0.00000000
v -0.03150005 0.00249994 0.00000000
v -0.03214705 0.00241495 0.00000000
v -0.03275005 0.00216497 0.00000000
v -0.03326805 0.00176800 0.00000000
v -0.03366505 0.00124991 0.00000000
v -0.03391505 0.00064695 0.00000000
v -0.03400005 0.00000001 0.00000000
v -0.03391505 -0.00064706 0.00000000
v -0.03366505 -0.00125002 0.00000000
v -0.03326805 -0.00176799 0.00000000
v -0.03275005 -0.00216507 0.00000000
v -0.03214705 -0.00241506 0.00000000
v -0.02853005 0.01358498 0.00000000
v -0.02792705 0.01333500 0.00000000
v -0.02728005 0.01325000 0.00000000
v -0.02663305 0.01333500 0.00000000
v -0.02603005 0.01358498 0.00000000
v -0.02551205 0.01398194 0.00000000
v -0.02511505 0.01449991 0.00000000
v -0.02486505 0.01510299 0.00000000
v -0.02478005 0.01574994 0.00000000
v -0.02486505 0.01639701 0.00000000
v -0.02511505 0.01699997 0.00000000
v -0.02551205 0.01751793 0.00000000
v -0.02603005 0.01791502 0.00000000
v -0.02663305 0.01816500 0.00000000
v -0.02728005 0.01824999 0.00000000
v -0.02792705 0.01816500 0.00000000
v -0.02853005 0.01791502 0.00000000
v -0.02904805 0.01751793 0.00000000
v -0.02944505 0.01699997 0.00000000
v -0.02969505 0.01639700 0.00000000
v -0.02978005 0.01574994 0.00000000
v -0.02969505 0.01510299 0.00000000
v -0.02944505 0.01449991 0.00000000
v -0.02904805 0.01398194 0.00000000
v -0.01791505 0.02602995 0.00000000
v -0.01751805 0.02551199 0.00000000
v -0.01700005 0.02511502 0.00000000
v -0.01639705 0.02486492 0.00000000
v -0.01575005 0.02477992 0.00000000
v -0.01510305 0.02486492 0.00000000
v -0.01450005 0.02511502 0.00000000
v -0.01398205 0.02551199 0.00000000
v -0.01358505 0.02602995 0.00000000
v -0.01333505 0.02663291 0.00000000
v -0.01325005 0.02727998 0.00000000
v -0.01333505 0.02792693 0.00000000
v -0.01358505 0.02853001 0.00000000
v -0.01398205 0.02904797 0.00000000
v -0.01450005 0.02944494 0.00000000
v -0.01510305 0.02969397 0.00000000
v -0.01575005 0.02977992 0.00000000
v -0.01639705 0.02969397 0.00000000
v -0.01700005 0.02944494 0.00000000
v -0.01751805 0.02904797 0.00000000
v -0.01791505 0.02853001 0.00000000
v -0.01816505 0.02792693 0.00000000
v -0.01825005 0.02727998 0.00000000
v -0.01816505 0.02663291 0.00000000
v -0.00250005 0.03149999 0.00000000
v -0.00241505 0.03085292 0.00000000
v -0.00216505 0.03024996 0.00000000
v -0.00176805 0.02973200 0.00000000
v -0.00125005 0.02933491 0.00000000
v -0.00064705 0.02908493 0.00000000
v -0.00000005 0.02899993 0.00000000
v 0.00064695 0.02908493 0.00000000
v 0.00124995 0.02933491 0.00000000
v 0.00176795 0.02973200 0.00000000
v 0.00216495 0.03024996 0.00000000
v 0.00241495 0.03085292 0.00000000
v 0.00249995 0.03149999 0.00000000
v 0.00241495 0.03214694 0.00000000
v 0.00216495 0.03275002 0.00000000
v 0.00176795 0.03326798 0.00000000
v 0.00124995 0.03366495 0.00000000
v 0.00064695 0.03391493 0.00000000
v -0.00000005 0.03399993 0.00000000
v -0.00064705 0.03391493 0.00000000
v -0.00125005 0.03366495 0.00000000
v -0.00176805 0.03326798 0.00000000
v -0.00216505 0.03275002 0.00000000
v -0.00241505 0.03214694 0.00000000
v -0.00000004 -0.03645002 -0.00000000
v -0.00543304 -0.03604304 -0.00000000
v -0.01074404 -0.03483104 -0.00000000
v -0.01581504 -0.03284001 -0.00000000
v -0.02053305 -0.03011703 0.00000000
v -0.02479205 -0.02672004 0.00000000
v -0.02849805 -0.02272605 0.00000000
v -0.03156705 -0.01822507 0.00000000
v -0.03393005 -0.01331698 0.00000000
v -0.03553605 -0.00811099 0.00000000
v -0.03634805 -0.00272405 0.00000000
v -0.03634805 0.00272394 0.00000000
v -0.03553605 0.00811101 0.00000000
v -0.03393005 0.01331699 0.00000000
v -0.03156705 0.01822496 0.00000000
v -0.02849805 0.02272595 0.00000000
v -0.02479205 0.02671993 0.00000000
v -0.02053305 0.03011597 0.00000000
v -0.01581505 0.03284002 0.00000000
v -0.01074405 0.03482998 0.00000000
v -0.00543305 0.03604294 0.00000000
v -0.00000005 0.03644992 0.00000000
v 0.00543295 0.03604294 0.00000000
v 0.01074395 0.03482998 0.00000000
v 0.01581495 0.03284002 0.00000000
v 0.02053295 0.03011597 -0.00000000
v 0.02479195 0.02671994 -0.00000000
v 0.02849795 0.02272595 -0.00000000
v 0.03156695 0.01822496 -0.00000000
v 0.03392995 0.01331700 -0.00000000
v 0.03553595 0.00811101 -0.00000000
v 0.03634796 0.00272394 -0.00000000
v 0.03634796 -0.00272404 -0.00000000
v 0.03553595 -0.00811099 -0.00000000
v 0.03392996 -0.01331698 -0.00000000
v 0.03156696 -0.01822506 -0.00000000
v 0.02849796 -0.02272605 -0.00000000
v 0.02479196 -0.02672004 -0.00000000
v 0.02053296 -0.03011703 -0.00000000
v 0.01581496 -0.03284000 -0.00000000
v 0.01074396 -0.03483104 -0.00000000
v 0.00543296 -0.03604304 -0.00000000
v -0.02100005 0.00000001 0.00000000
v -0.02000005 0.00000001 0.00100005
v -0.01961605 -0.00390207 0.00100005
v -0.01847805 -0.00765406 0.00100005
v -0.01662905 -0.01111101 0.00100005
v -0.01414205 -0.01414203 0.00100005
v -0.01111105 -0.01662909 0.00100005
v -0.00765405 -0.01847803 0.00100005
v -0.00390205 -0.01961600 0.00100005
v -0.00000005 -0.02000009 0.00100005
v 0.00390195 -0.01961600 0.00100005
v 0.00765396 -0.01847803 0.00100004
v 0.01111095 -0.01662909 0.00100004
v 0.01414196 -0.01414203 0.00100004
v 0.01662895 -0.01111101 0.00100004
v 0.01847796 -0.00765406 0.00100004
v 0.01961595 -0.00390207 0.00100004
v 0.01999995 0.00000001 0.00100004
v 0.02099995 0.00000001 -0.00000000
v 0.02059595 -0.00409709 -0.00000000
v 0.01940096 -0.00803601 -0.00000000
v 0.01746095 -0.01166700 -0.00000000
v 0.01484895 -0.01484906 -0.00000000
v 0.01166696 -0.01746105 -0.00000000
v 0.00803595 -0.01940202 -0.00000000
v 0.00409696 -0.02059602 -0.00000000
v -0.00000005 -0.02100002 -0.00000000
v -0.00409705 -0.02059602 -0.00000000
v -0.00803605 -0.01940202 -0.00000000
v -0.01166705 -0.01746105 0.00000000
v -0.01484905 -0.01484906 0.00000000
v -0.01746105 -0.01166701 0.00000000
v -0.01940105 -0.00803601 0.00000000
v -0.02059605 -0.00409710 0.00000000
v 0.02099995 0.00000001 -0.00000000
v 0.01999995 0.00000001 0.00100004
v 0.01961595 0.00390197 0.00100004
v 0.01847795 0.00765396 0.00100005
v 0.01662895 0.01111091 0.00100005
v 0.01414195 0.01414193 0.00100005
v 0.01111095 0.01662899 0.00100005
v 0.00765395 0.01847697 0.00100005
v 0.00390195 0.01961602 0.00100005
v -0.00000005 0.01999999 0.00100005
v -0.00390205 0.01961602 0.00100005
v -0.00765405 0.01847697 0.00100005
v -0.01111105 0.01662899 0.00100005
v -0.01414205 0.01414192 0.00100005
v -0.01662905 0.01111091 0.00100005
v -0.01847805 0.00765396 0.00100005
v -0.01961605 0.00390196 0.00100005
v -0.02000005 0.00000001 0.00100005
v -0.02100005 0.00000001 0.00000000
v -0.02059605 0.00409699 0.00000000
v -0.01940105 0.00803590 0.00000000
v -0.01746105 0.01166702 0.00000000
v -0.01484905 0.01484895 0.00000000
v -0.01166705 0.01746095 0.00000000
v -0.00803605 0.01940096 0.00000000
v -0.00409705 0.02059592 0.00000000
v -0.00000005 0.02099992 0.00000000
v 0.00409695 0.02059592 0.00000000
v 0.00803595 0.01940096 0.00000000
v 0.01166695 0.01746095 -0.00000000
v 0.01484895 0.01484896 -0.00000000
v 0.01746095 0.01166702 -0.00000000
v 0.01940095 0.00803591 -0.00000000
v 0.02059595 0.00409699 -0.00000000
v -0.00000004 -0.03645002 -0.00000000
v -0.00000004 -0.03675007 0.00030005
v -0.00547704 -0.03633904 0.00030005
v -0.01083204 -0.03511702 0.00030005
v -0.01594505 -0.03311109 0.00030005
v -0.02070205 -0.03036403 0.00030005
v -0.02499605 -0.02693998 0.00030005
v -0.02873205 -0.02291309 0.00030005
v -0.03182605 -0.01837503 0.00030005
v -0.03421005 -0.01342606 0.00030005
v -0.03582905 -0.00817799 0.00030005
v -0.03664705 -0.00274598 0.00030005
v -0.03664705 0.00274599 0.00030005
v -0.03582905 0.00817800 0.00030005
v -0.03421005 0.01342595 0.00030005
v -0.03182605 0.01837493 0.00030005
v -0.02873205 0.02291298 0.00030005
v -0.02499605 0.02693999 0.00030005
v -0.02070205 0.03036392 0.00030005
v -0.01594505 0.03311098 0.00030005
v -0.01083205 0.03511692 0.00030005
v -0.00547705 0.03633893 0.00030005
v -0.00000005 0.03674997 0.00030005
v -0.00000005 0.03644992 0.00000000
v -0.00543305 0.03604294 0.00000000
v -0.01074405 0.03482998 0.00000000
v -0.01581505 0.03284002 0.00000000
v -0.02053305 0.03011597 0.00000000
v -0.02479205 0.02671993 0.00000000
v -0.02849805 0.02272595 0.00000000
v -0.03156705 0.01822496 0.00000000
v -0.03393005 0.01331699 0.00000000
v -0.03553605 0.00811101 0.00000000
v -0.03634805 0.00272394 0.00000000
v -0.03634805 -0.00272405 0.00000000
v -0.03553605 -0.00811099 0.00000000
v -0.03393005 -0.01331698 0.00000000
v -0.03156705 -0.01822507 0.00000000
v -0.02849805 -0.02272605 0.00000000
v -0.02479205 -0.02672004 0.00000000
v -0.02053305 -0.03011703 0.00000000
v -0.01581504 -0.03284001 -0.00000000
v -0.01074404 -0.03483104 -0.00000000
v -0.00543304 -0.03604304 -0.00000000
v -0.00000004 -0.03645002 -0.00000000
v 0.00543296 -0.03604304 -0.00000000
v 0.01074396 -0.03483104 -0.00000000
v 0.01581496 -0.03284000 -0.00000000
v 0.02053296 -0.03011703 -0.00000000
v 0.02479196 -0.02672004 -0.00000000
v 0.02849796 -0.02272605 -0.00000000
v 0.03156696 -0.01822506 -0.00000000
v 0.03392996 -0.01331698 -0.00000000
v 0.03553595 -0.00811099 -0.00000000
v 0.03634796 -0.00272404 -0.00000000
v 0.03634796 0.00272394 -0.00000000
v 0.03553595 0.00811101 -0.00000000
v 0.03392995 0.01331700 -0.00000000
v 0.03156695 0.01822496 -0.00000000
v 0.02849795 0.02272595 -0.00000000
v 0.02479195 0.02671994 -0.00000000
v 0.02053295 0.03011597 -0.00000000
v 0.01581495 0.03284002 0.00000000
v 0.01074395 0.03482998 0.00000000
v 0.00543295 0.03604294 0.00000000
v -0.00000005 0.03644992 0.00000000
v -0.00000005 0.03674997 0.00030005
v 0.00547695 0.03633893 0.00030005
v 0.01083195 0.03511692 0.00030005
v 0.01594495 0.03311099 0.00030005
v 0.02070195 0.03036393 0.00030005
v 0.02499595 0.02694000 0.00030005
v 0.02873195 0.02291299 0.00030005
v 0.03182595 0.01837493 0.00030005
v 0.03420995 0.01342596 0.00030005
v 0.03582895 0.00817801 0.00030005
v 0.03664695 0.00274600 0.00030005
v 0.03664695 -0.00274598 0.00030005
v 0.03582896 -0.00817799 0.00030005
v 0.03420996 -0.01342606 0.00030004
v 0.03182596 -0.01837503 0.00030004
v 0.02873196 -0.02291309 0.00030005
v 0.02499596 -0.02693998 0.00030005
v 0.02070196 -0.03036403 0.00030005
v 0.01594496 -0.03311109 0.00030005
v 0.01083196 -0.03511702 0.00030005
v 0.00547696 -0.03633904 0.00030005
v -0.00000004 -0.03675007 0.00030005
v -0.02000005 0.00000001 0.00100005
v -0.02000005 0.00000001 0.00500000
v -0.01961605 -0.00390207 0.00500000
v -0.01847805 -0.00765406 0.00500000
v -0.01662905 -0.01111101 0.00500000
v -0.01414205 -0.01414203 0.00500000
v -0.01111105 -0.01662909 0.00500000
v -0.00765405 -0.01847803 0.00500000
v -0.00390205 -0.01961600 0.00499999
v -0.00000004 -0.02000009 0.00499999
v 0.00390196 -0.01961600 0.00499999
v 0.00765396 -0.01847803 0.00499999
v 0.01111096 -0.01662909 0.00499999
v 0.01414196 -0.01414203 0.00499999
v 0.01662895 -0.01111101 0.00499999
v 0.01847796 -0.00765406 0.00499999
v 0.01961596 -0.00390207 0.00499999
v 0.01999995 0.00000001 0.00499999
v 0.01999995 0.00000001 0.00100004
v 0.01961595 -0.00390207 0.00100004
v 0.01847796 -0.00765406 0.00100004
v 0.01662895 -0.01111101 0.00100004
v 0.01414196 -0.01414203 0.00100004
v 0.01111095 -0.01662909 0.00100004
v 0.00765396 -0.01847803 0.00100004
v 0.00390195 -0.01961600 0.00100005
v -0.00000005 -0.02000009 0.00100005
v -0.00390205 -0.01961600 0.00100005
v -0.00765405 -0.01847803 0.00100005
v -0.01111105 -0.01662909 0.00100005
v -0.01414205 -0.01414203 0.00100005
v -0.01662905 -0.01111101 0.00100005
v -0.01847805 -0.00765406 0.00100005
v -0.01961605 -0.00390207 0.00100005
v 0.01999995 0.00000001 0.00100004
v 0.01999995 0.00000001 0.00499999
v 0.01961595 0.00390197 0.00499999
v 0.01847795 0.00765396 0.00499999
v 0.01662895 0.01111091 0.00499999
v 0.01414195 0.01414193 0.00499999
v 0.01111095 0.01662899 0.00500000
v 0.00765395 0.01847697 0.00500000
v 0.00390195 0.01961602 0.00500000
v -0.00000005 0.01999999 0.00500000
v -0.00390205 0.01961601 0.00500000
v -0.00765405 0.01847697 0.00500000
v -0.01111105 0.01662899 0.00500000
v -0.01414205 0.01414192 0.00500000
v -0.01662905 0.01111091 0.00500000
v -0.01847805 0.00765396 0.00500000
v -0.01961605 0.00390196 0.00500000
v -0.02000005 0.00000001 0.00500000
v -0.02000005 0.00000001 0.00100005
v -0.01961605 0.00390196 0.00100005
v -0.01847805 0.00765396 0.00100005
v -0.01662905 0.01111091 0.00100005
v -0.01414205 0.01414192 0.00100005
v -0.01111105 0.01662899 0.00100005
v -0.00765405 0.01847697 0.00100005
v -0.00390205 0.01961602 0.00100005
v -0.00000005 0.01999999 0.00100005
v 0.00390195 0.01961602 0.00100005
v 0.00765395 0.01847697 0.00100005
v 0.01111095 0.01662899 0.00100005
v 0.01414195 0.01414193 0.00100005
v 0.01662895 0.01111091 0.00100005
v 0.01847795 0.00765396 0.00100005
v 0.01961595 0.00390197 0.00100004
v -0.00000005 0.03674997 0.00030005
v -0.00547705 0.03633893 0.00030005
v -0.01083205 0.03511692 0.00030005
v -0.01594505 0.03311098 0.00030005
v -0.02070205 0.03036392 0.00030005
v -0.02499605 0.02693999 0.00030005
v -0.02873205 0.02291298 0.00030005
v -0.03182605 0.01837493 0.00030005
v -0.03421005 0.01342595 0.00030005
v -0.03582905 0.00817800 0.00030005
v -0.03664705 0.00274599 0.00030005
v -0.03664705 -0.00274598 0.00030005
v -0.03582905 -0.00817799 0.00030005
v -0.03421005 -0.01342606 0.00030005
v -0.03182605 -0.01837503 0.00030005
v -0.02873205 -0.02291309 0.00030005
v -0.02499605 -0.02693998 0.00030005
v -0.02070205 -0.03036403 0.00030005
v -0.01594505 -0.03311109 0.00030005
v -0.01083204 -0.03511702 0.00030005
v -0.00547704 -0.03633904 0.00030005
v -0.00000004 -0.03675007 0.00030005
v -0.00000004 -0.03675007 0.01999998
v -0.00547704 -0.03633904 0.01999998
v -0.01083204 -0.03511702 0.01999998
v -0.01594504 -0.03311109 0.01999998
v -0.02070204 -0.03036403 0.01999998
v -0.02499604 -0.02693998 0.01999998
v -0.02873204 -0.02291309 0.01999998
v -0.03182605 -0.01837503 0.01999998
v -0.03421005 -0.01342606 0.01999999
v -0.03582905 -0.00817799 0.01999999
v -0.03664705 -0.00274598 0.01999999
v -0.03664705 0.00274599 0.01999999
v -0.03582905 0.00817800 0.01999999
v -0.03421005 0.01342595 0.01999999
v -0.03182605 0.01837492 0.01999999
v -0.02873205 0.02291298 0.01999999
v -0.02499605 0.02693999 0.01999999
v -0.02070205 0.03036392 0.01999999
v -0.01594505 0.03311098 0.01999999
v -0.01083205 0.03511692 0.01999999
v -0.00547705 0.03633893 0.01999998
v -0.00000005 0.03674997 0.01999998
v -0.00000004 -0.03675007 0.00030005
v 0.00547696 -0.03633904 0.00030005
v 0.01083196 -0.03511702 0.00030005
v 0.01594496 -0.03311109 0.00030005
v 0.02070196 -0.03036403 0.00030005
v 0.02499596 -0.02693998 0.00030005
v 0.02873196 -0.02291309 0.00030005
v 0.03182596 -0.01837503 0.00030004
v 0.03420996 -0.01342606 0.00030004
v 0.03582896 -0.00817799 0.00030005
v 0.03664695 -0.00274598 0.00030005
v 0.03664695 0.00274600 0.00030005
v 0.03582895 0.00817801 0.00030005
v 0.03420995 0.01342596 0.00030005
v 0.03182595 0.01837493 0.00030005
v 0.02873195 0.02291299 0.00030005
v 0.02499595 0.02694000 0.00030005
v 0.02070195 0.03036393 0.00030005
v 0.01594495 0.03311099 0.00030005
v 0.01083195 0.03511692 0.00030005
v 0.00547695 0.03633893 0.00030005
v -0.00000005 0.03674997 0.00030005
v -0.00000005 0.03674997 0.01999998
v 0.00547695 0.03633893 0.01999998
v 0.01083195 0.03511692 0.01999998
v 0.01594495 0.03311098 0.01999998
v 0.02070196 0.03036393 0.01999998
v 0.02499595 0.02694000 0.01999998
v 0.02873196 0.02291299 0.01999998
v 0.03182596 0.01837493 0.01999998
v 0.03420996 0.01342596 0.01999998
v 0.03582896 0.00817800 0.01999998
v 0.03664696 0.00274600 0.01999998
v 0.03664696 -0.00274598 0.01999998
v 0.03582896 -0.00817799 0.01999998
v 0.03420996 -0.01342606 0.01999998
v 0.03182596 -0.01837503 0.01999998
v 0.02873196 -0.02291309 0.01999998
v 0.02499596 -0.02693998 0.01999998
v 0.02070196 -0.03036403 0.01999998
v 0.01594496 -0.03311109 0.01999998
v 0.01083196 -0.03511702 0.01999998
v 0.00547696 -0.03633904 0.01999998
v -0.00000004 -0.03675007 0.01999998
v -0.02000005 0.00000001 0.00500000
v -0.01961605 0.00390196 0.00500000
v -0.01847805 0.00765396 0.00500000
v -0.01662905 0.01111091 0.00500000
v -0.01414205 0.01414192 0.00500000
v -0.01111105 0.01662899 0.00500000
v -0.00765405 0.01847697 0.00500000
v -0.00390205 0.01961601 0.00500000
v -0.00000005 0.01999999 0.00500000
v 0.00390195 0.01961602 0.00500000
v 0.00765395 0.01847697 0.00500000
v 0.01111095 0.01662899 0.00500000
v 0.01414195 0.01414193 0.00499999
v 0.01662895 0.01111091 0.00499999
v 0.01847795 0.00765396 0.00499999
v 0.01961595 0.00390197 0.00499999
v 0.01999995 0.00000001 0.00499999
v 0.01961596 -0.00390207 0.00499999
v 0.01847796 -0.00765406 0.00499999
v 0.01662895 -0.01111101 0.00499999
v 0.01414196 -0.01414203 0.00499999
v 0.01111096 -0.01662909 0.00499999
v 0.00765396 -0.01847803 0.00499999
v 0.00390196 -0.01961600 0.00499999
v -0.00000004 -0.02000009 0.00499999
v -0.00390205 -0.01961600 0.00499999
v -0.00765405 -0.01847803 0.00500000
v -0.01111105 -0.01662909 0.00500000
v -0.01414205 -0.01414203 0.00500000
v -0.01662905 -0.01111101 0.00500000
v -0.01847805 -0.00765406 0.00500000
v -0.01961605 -0.00390207 0.00500000
v -0.00000005 0.03674997 0.01999998
v -0.00547705 0.03633893 0.01999998
v -0.01083205 0.03511692 0.01999999
v -0.01594505 0.03311098 0.01999999
v -0.02070205 0.03036392 0.01999999
v -0.02499605 0.02693999 0.01999999
v -0.02873205 0.02291298 0.01999999
v -0.03182605 0.01837492 0.01999999
v -0.03421005 0.01342595 0.01999999
v -0.03582905 0.00817800 0.01999999
v -0.03664705 0.00274599 0.01999999
v -0.03664705 -0.00274598 0.01999999
v -0.03582905 -0.00817799 0.01999999
v -0.03421005 -0.01342606 0.01999999
v -0.03182605 -0.01837503 0.01999998
v -0.02873204 -0.02291309 0.01999998
v -0.02499604 -0.02693998 0.01999998
v -0.02070204 -0.03036403 0.01999998
v -0.01594504 -0.03311109 0.01999998
v -0.01083204 -0.03511702 0.01999998
v -0.00547704 -0.03633904 0.01999998
v -0.00000004 -0.03675007 0.01999998
v 0.00547696 -0.03633904 0.01999998
v 0.01083196 -0.03511702 0.01999998
v 0.01594496 -0.03311109 0.01999998
v 0.02070196 -0.03036403 0.01999998
v 0.02499596 -0.02693998 0.01999998
v 0.02873196 -0.02291309 0.01999998
v 0.03182596 -0.01837503 0.01999998
v 0.03420996 -0.01342606 0.01999998
v 0.03582896 -0.00817799 0.01999998
v 0.03664696 -0.00274598 0.01999998
v 0.03664696 0.00274600 0.01999998
v 0.03582896 0.00817800 0.01999998
v 0.03420996 0.01342596 0.01999998
v 0.03182596 0.01837493 0.01999998
v 0.02873196 0.02291299 0.01999998
v 0.02499595 0.02694000 0.01999998
v 0.02070196 0.03036393 0.01999998
v 0.01594495 0.03311098 0.01999998
v 0.01083195 0.03511692 0.01999998
v 0.00547695 0.03633893 0.01999998
v 0.02877995 0.01315201 -0.00000000
v 0.02877996 0.01315201 0.00900006
v 0.02920796 0.01345194 0.00900006
v 0.02957796 0.01382197 0.00900006
v 0.02987795 0.01424993 0.00900006
v 0.03009896 0.01472391 0.00900006
v 0.03023395 0.01522900 0.00900006
v 0.03027995 0.01574994 0.00900006
v 0.03023395 0.01627100 0.00900006
v 0.03009896 0.01677598 0.00900006
v 0.02987795 0.01724995 0.00900006
v 0.02957795 0.01767791 0.00900006
v 0.02920796 0.01804794 0.00900006
v 0.02877995 0.01834799 0.00900006
v 0.02830595 0.01856900 0.00900006
v 0.02780095 0.01870395 0.00900006
v 0.02727995 0.01874996 0.00900006
v 0.02675895 0.01870395 0.00900006
v 0.02625395 0.01856900 0.00900006
v 0.02577995 0.01834799 0.00900006
v 0.02577995 0.01834799 -0.00000000
v 0.02625395 0.01856900 -0.00000000
v 0.02675895 0.01870395 -0.00000000
v 0.02727995 0.01874996 -0.00000000
v 0.02780095 0.01870395 -0.00000000
v 0.02830595 0.01856900 -0.00000000
v 0.02877995 0.01834799 -0.00000000
v 0.02920795 0.01804794 -0.00000000
v 0.02957795 0.01767791 -0.00000000
v 0.02987795 0.01724995 -0.00000000
v 0.03009895 0.01677598 -0.00000000
v 0.03023395 0.01627101 -0.00000000
v 0.03027995 0.01574994 -0.00000000
v 0.03023395 0.01522900 -0.00000000
v 0.03009895 0.01472391 -0.00000000
v 0.02987795 0.01424993 -0.00000000
v 0.02957795 0.01382197 -0.00000000
v 0.02920795 0.01345194 -0.00000000
v 0.02577995 0.01834799 -0.00000000
v 0.02577995 0.01834799 0.00900006
v 0.02535095 0.01804794 0.00900006
v 0.02498195 0.01767791 0.00900006
v 0.02468195 0.01724995 0.00900006
v 0.02446095 0.01677597 0.00900006
v 0.02432495 0.01627100 0.00900006
v 0.02427995 0.01574994 0.00900006
v 0.02432495 0.01522900 0.00900006
v 0.02446095 0.01472391 0.00900006
v 0.02468195 0.01424993 0.00900006
v 0.02498195 0.01382197 0.00900006
v 0.02535095 0.01345194 0.00900006
v 0.02577995 0.01315201 0.00900006
v 0.02625395 0.01293100 0.00900006
v 0.02675896 0.01279498 0.00900006
v 0.02727995 0.01274992 0.00900006
v 0.02780095 0.01279498 0.00900006
v 0.02830595 0.01293100 0.00900006
v 0.02877996 0.01315201 0.00900006
v 0.02877995 0.01315201 -0.00000000
v 0.02830595 0.01293100 -0.00000000
v 0.02780095 0.01279498 -0.00000000
v 0.02727995 0.01274992 -0.00000000
v 0.02675895 0.01279498 -0.00000000
v 0.02625395 0.01293100 -0.00000000
v 0.02577995 0.01315201 -0.00000000
v 0.02535095 0.01345194 -0.00000000
v 0.02498195 0.01382197 -0.00000000
v 0.02468195 0.01424993 -0.00000000
v 0.02446095 0.01472391 -0.00000000
v 0.02432495 0.01522900 -0.00000000
v 0.02427995 0.01574994 -0.00000000
v 0.02432495 0.01627100 -0.00000000
v 0.02446095 0.01677598 -0.00000000
v 0.02468195 0.01724995 -0.00000000
v 0.02498195 0.01767791 -0.00000000
v 0.02535095 0.01804794 -0.00000000
vt 1.00000000 0.74901998
vt 1.00000000 0.66666698
vt 0.00000000 0.66666698
vt 0.00000000 0.66666698
vt 1.00000000 0.66666698
vt 1.00000000 0.58431399
vt 0.00000000 0.66666698
vt 1.00000000 0.58431399
vt 0.00000000 0.58431399
vt 0.00000000 0.58431399
vt 1.00000000 0.58431399
vt 1.00000000 0.50196099
vt 0.00000000 0.58431399
vt 1.00000000 0.50196099
vt 0.00000000 0.49803901
vt 0.00000000 0.49803901
vt 1.00000000 0.50196099
vt 1.00000000 0.41568601
vt 0.00000000 0.49803901
vt 1.00000000 0.41568601
vt 0.00000000 0.41568601
vt 0.00000000 0.41568601
vt 1.00000000 0.41568601
vt 1.00000000 0.33333299
vt 0.00000000 0.41568601
vt 1.00000000 0.33333299
vt 0.00000000 0.33333299
vt 0.00000000 0.33333299
vt 1.00000000 0.33333299
vt 1.00000000 0.25097999
vt 0.00000000 0.33333299
vt 1.00000000 0.25097999
vt 0.00000000 0.25097999
vt 0.00000000 0.25097999
vt 1.00000000 0.25097999
vt 1.00000000 0.16862699
vt 0.00000000 0.25097999
vt 1.00000000 0.16862699
vt 0.00000000 0.16470601
vt 0.00000000 0.16470601
vt 1.00000000 0.16862699
vt 1.00000000 0.08235300
vt 0.00000000 0.16470601
vt 1.00000000 0.08235300
vt 0.00000000 0.08235300
vt 0.00000000 0.08235300
vt 1.00000000 0.08235300
vt 1.00000000 0.00000000
vt 0.00000000 0.08235300
vt 1.00000000 0.00000000
vt 0.00000000 0.00000000
vt 1.00000000 0.91764700
vt 0.00000000 1.00000000
vt 1.00000000 1.00000000
vt 1.00000000 0.00000000
vt 0.00000000 0.17647099
vt 1.00000000 0.08235300
vt 1.00000000 0.25097999
vt 0.00000000 0.41176501
vt 1.00000000 0.33333299
vt 1.00000000 0.50196099
vt 0.00000000 0.64705902
vt 1.00000000 0.58431399
vt 1.00000000 0.74901998
vt 0.00000000 0.88235301
vt 1.00000000 0.83529401
vt 1.00000000 0.50196099
vt 0.00000000 0.58823502
vt 1.00000000 0.58431399
vt 1.00000000 0.66666698
vt 0.00000000 0.82352901
vt 1.00000000 0.74901998
vt 1.00000000 0.58431399
vt 0.00000000 0.70588201
vt 1.00000000 0.66666698
vt 1.00000000 0.91764700
vt 0.00000000 1.00000000
vt 1.00000000 1.00000000
vt 1.00000000 0.41568601
vt 0.00000000 0.50196099
vt 1.00000000 0.50196099
vt 1.00000000 0.33333299
vt 0.00000000 0.47058800
vt 1.00000000 0.41568601
vt 1.00000000 0.74901998
vt 0.00000000 0.88235301
vt 1.00000000 0.83529401
vt 1.00000000 0.50196099
vt 0.00000000 0.64705902
vt 1.00000000 0.58431399
vt 1.00000000 0.25097999
vt 0.00000000 0.41176501
vt 1.00000000 0.33333299
vt 1.00000000 0.00000000
vt 0.00000000 0.17647099
vt 1.00000000 0.08235300
vt 1.00000000 0.66666698
vt 0.00000000 0.82352901
vt 1.00000000 0.74901998
vt 1.00000000 0.00000000
vt 0.00000000 0.17647099
vt 1.00000000 0.08235300
vt 1.00000000 0.91764700
vt 0.00000000 1.00000000
vt 1.00000000 1.00000000
vt 1.00000000 0.25097999
vt 0.00000000 0.41176501
vt 1.00000000 0.33333299
vt 1.00000000 0.41568601
vt 0.00000000 0.58823502
vt 1.00000000 0.50196099
vt 1.00000000 0.50196099
vt 0.00000000 0.64705902
vt 1.00000000 0.58431399
vt 1.00000000 0.33333299
vt 0.00000000 0.47058800
vt 1.00000000 0.41568601
vt 1.00000000 0.74901998
vt 0.00000000 0.88235301
vt 1.00000000 0.83529401
vt 1.00000000 0.74901998
vt 0.00000000 0.88235301
vt 1.00000000 0.83529401
vt 1.00000000 0.91764700
vt 0.00000000 1.00000000
vt 1.00000000 1.00000000
vt 1.00000000 0.66666698
vt 0.00000000 0.82352901
vt 1.00000000 0.74901998
vt 1.00000000 0.58431399
vt 0.00000000 0.70588201
vt 1.00000000 0.66666698
vt 1.00000000 0.50196099
vt 0.00000000 0.58823502
vt 1.00000000 0.58431399
vt 1.00000000 0.41568601
vt 0.00000000 0.50196099
vt 1.00000000 0.50196099
vt 1.00000000 0.33333299
vt 0.00000000 0.47058800
vt 1.00000000 0.41568601
vt 1.00000000 0.50196099
vt 0.00000000 0.64705902
vt 1.00000000 0.58431399
vt 1.00000000 0.25097999
vt 0.00000000 0.41176501
vt 1.00000000 0.33333299
vt 1.00000000 0.00000000
vt 0.00000000 0.17647099
vt 1.00000000 0.08235300
vt 1.00000000 0.91764700
vt 0.00000000 1.00000000
vt 1.00000000 1.00000000
vt 1.00000000 0.74901998
vt 0.00000000 0.88235301
vt 1.00000000 0.83529401
vt 1.00000000 0.25097999
vt 0.00000000 0.41176501
vt 1.00000000 0.33333299
vt 1.00000000 0.50196099
vt 0.00000000 0.64705902
vt 1.00000000 0.58431399
vt 1.00000000 0.41568601
vt 0.00000000 0.50196099
vt 1.00000000 0.50196099
vt 1.00000000 0.00000000
vt 0.00000000 0.17647099
vt 1.00000000 0.08235300
vt 1.00000000 0.33333299
vt 0.00000000 0.47058800
vt 1.00000000 0.41568601
vt 1.00000000 0.66666698
vt 0.00000000 0.82352901
vt 1.00000000 0.74901998
vt 1.00000000 0.58431399
vt 0.00000000 0.70588201
vt 1.00000000 0.66666698
vt 1.00000000 0.50196099
vt 0.00000000 0.58823502
vt 1.00000000 0.58431399
vt 1.00000000 0.66666698
vt 0.00000000 0.82352901
vt 1.00000000 0.74901998
vt 1.00000000 0.91764700
vt 0.00000000 1.00000000
vt 1.00000000 1.00000000
vt 1.00000000 0.66666698
vt 0.00000000 0.82352901
vt 1.00000000 0.74901998
vt 1.00000000 0.58431399
vt 0.00000000 0.70588201
vt 1.00000000 0.66666698
vt 1.00000000 0.00000000
vt 0.00000000 0.17647099
vt 1.00000000 0.08235300
vt 1.00000000 0.91764700
vt 0.00000000 1.00000000
vt 1.00000000 1.00000000
vt 1.00000000 0.00000000
vt 0.00000000 0.17647099
vt 1.00000000 0.08235300
vt 1.00000000 0.74901998
vt 0.00000000 0.88235301
vt 1.00000000 0.83529401
vt 1.00000000 0.25097999
vt 0.00000000 0.41176501
vt 1.00000000 0.33333299
vt 1.00000000 0.33333299
vt 0.00000000 0.47058800
vt 1.00000000 0.41568601
vt 1.00000000 0.58431399
vt 0.00000000 0.70588201
vt 1.00000000 0.66666698
vt 1.00000000 0.50196099
vt 0.00000000 0.58823502
vt 1.00000000 0.58431399
vt 1.00000000 0.00000000
vt 0.00000000 0.17647099
vt 1.00000000 0.08235300
vt 1.00000000 0.50196099
vt 0.00000000 0.64705902
vt 1.00000000 0.58431399
vt 1.00000000 0.41568601
vt 0.00000000 0.50196099
vt 1.00000000 0.50196099
vt 1.00000000 0.91764700
vt 0.00000000 1.00000000
vt 1.00000000 1.00000000
vt 1.00000000 0.41568601
vt 0.00000000 0.58823502
vt 1.00000000 0.50196099
vt 1.00000000 0.25097999
vt 0.00000000 0.41176501
vt 1.00000000 0.33333299
vt 1.00000000 0.66666698
vt 0.00000000 0.82352901
vt 1.00000000 0.74901998
vt 1.00000000 0.50196099
vt 0.00000000 0.64705902
vt 1.00000000 0.58431399
vt 1.00000000 0.33333299
vt 0.00000000 0.47058800
vt 1.00000000 0.41568601
vt 1.00000000 0.74901998
vt 0.00000000 0.88235301
vt 1.00000000 0.83529401
vt 1.00000000 0.50196099
vt 0.00000000 0.64705902
vt 1.00000000 0.58431399
vt 1.00000000 0.25097999
vt 0.00000000 0.41176501
vt 1.00000000 0.33333299
vt 1.00000000 0.33333299
vt 0.00000000 0.47058800
vt 1.00000000 0.41568601
vt 1.00000000 0.41568601
vt 0.00000000 0.50196099
vt 1.00000000 0.50196099
vt 1.00000000 0.50196099
vt 0.00000000 0.58823502
vt 1.00000000 0.58431399
vt 1.00000000 0.74901998
vt 0.00000000 0.88235301
vt 1.00000000 0.83529401
vt 1.00000000 0.50196099
vt 0.00000000 0.58823502
vt 1.00000000 0.58431399
vt 1.00000000 0.00000000
vt 0.00000000 0.17647099
vt 1.00000000 0.08235300
vt 1.00000000 0.41568601
vt 0.00000000 0.50196099
vt 1.00000000 0.50196099
vt 1.00000000 0.91764700
vt 0.00000000 1.00000000
vt 1.00000000 1.00000000
vt 1.00000000 0.33333299
vt 0.00000000 0.47058800
vt 1.00000000 0.41568601
vt 1.00000000 0.50196099
vt 0.00000000 0.64705902
vt 1.00000000 0.58431399
vt 1.00000000 0.25097999
vt 0.00000000 0.41176501
vt 1.00000000 0.33333299
vt 1.00000000 0.66666698
vt 0.00000000 0.82352901
vt 1.00000000 0.74901998
vt 1.00000000 0.58431399
vt 0.00000000 0.70588201
vt 1.00000000 0.66666698
vt 1.00000000 0.74901998
vt 0.00000000 0.88235301
vt 1.00000000 0.83529401
vt 1.00000000 0.50196099
vt 0.00000000 0.64705902
vt 1.00000000 0.58431399
vt 1.00000000 0.33333299
vt 0.00000000 0.47058800
vt 1.00000000 0.41568601
vt 1.00000000 0.41568601
vt 0.00000000 0.50196099
vt 1.00000000 0.50196099
vt 1.00000000 0.50196099
vt 0.00000000 0.58823502
vt 1.00000000 0.58431399
vt 1.00000000 0.25097999
vt 0.00000000 0.41176501
vt 1.00000000 0.33333299
vt 1.00000000 0.66666698
vt 0.00000000 0.82352901
vt 1.00000000 0.74901998
vt 1.00000000 0.58431399
vt 0.00000000 0.70588201
vt 1.00000000 0.66666698
vt 1.00000000 0.91764700
vt 0.00000000 1.00000000
vt 1.00000000 1.00000000
vt 1.00000000 0.00000000
vt 0.00000000 0.17647099
vt 1.00000000 0.08235300
vt 1.00000000 0.91764700
vt 0.00000000 1.00000000
vt 1.00000000 1.00000000
vt 1.00000000 0.41568601
vt 0.00000000 0.58823502
vt 1.00000000 0.50196099
vt 1.00000000 0.00000000
vt 0.00000000 0.17647099
vt 1.00000000 0.08235300
vt 1.00000000 0.33333299
vt 0.00000000 0.47058800
vt 1.00000000 0.41568601
vt 1.00000000 0.25097999
vt 0.00000000 0.41176501
vt 1.00000000 0.33333299
vt 1.00000000 0.66666698
vt 0.00000000 0.82352901
vt 1.00000000 0.74901998
vt 1.00000000 0.50196099
vt 0.00000000 0.64705902
vt 1.00000000 0.58431399
vt 1.00000000 0.74901998
vt 0.00000000 0.88235301
vt 1.00000000 0.83529401
vt 1.00000000 0.74901998
vt 0.00000000 0.88235301
vt 1.00000000 0.83529401
vt 1.00000000 0.66666698
vt 0.00000000 0.82352901
vt 1.00000000 0.74901998
vt 1.00000000 0.41568601
vt 0.00000000 0.58823502
vt 1.00000000 0.50196099
vt 1.00000000 0.33333299
vt 0.00000000 0.47058800
vt 1.00000000 0.41568601
vt 1.00000000 0.74901998
vt 0.00000000 0.88235301
vt 1.00000000 0.83529401
vt 1.00000000 0.25097999
vt 0.00000000 0.41176501
vt 1.00000000 0.33333299
vt 1.00000000 0.50196099
vt 0.00000000 0.64705902
vt 1.00000000 0.58431399
vt 1.00000000 0.58431399
vt 0.00000000 0.70588201
vt 1.00000000 0.66666698
vt 1.00000000 0.41568601
vt 0.00000000 0.50196099
vt 1.00000000 0.50196099
vt 1.00000000 0.50196099
vt 0.00000000 0.58823502
vt 1.00000000 0.58431399
vt 1.00000000 0.91764700
vt 0.00000000 1.00000000
vt 1.00000000 1.00000000
vt 1.00000000 0.66666698
vt 0.00000000 0.82352901
vt 1.00000000 0.74901998
vt 1.00000000 0.00000000
vt 0.00000000 0.17647099
vt 1.00000000 0.08235300
vt 1.00000000 0.33333299
vt 0.00000000 0.47058800
vt 1.00000000 0.41568601
vt 1.00000000 1.00000000
vt 0.00000000 0.91764700
vt 0.00000000 1.00000000
vt 1.00000000 1.00000000
vt 0.00000000 0.91764700
vt 0.00000000 1.00000000
vt 1.00000000 1.00000000
vt 0.00000000 0.91764700
vt 0.00000000 1.00000000
vt 1.00000000 1.00000000
vt 0.00000000 0.91764700
vt 0.00000000 1.00000000
vt 1.00000000 1.00000000
vt 0.00000000 0.91764700
vt 0.00000000 1.00000000
vt 1.00000000 1.00000000
vt 0.00000000 0.91764700
vt 0.00000000 1.00000000
vt 1.00000000 1.00000000
vt 0.00000000 0.91764700
vt 0.00000000 1.00000000
vt 1.00000000 1.00000000
vt 0.00000000 0.91764700
vt 0.00000000 1.00000000
vt 1.00000000 1.00000000
vt 0.00000000 0.91764700
vt 0.00000000 1.00000000
vt 1.00000000 1.00000000
vt 0.00000000 0.91764700
vt 0.00000000 1.00000000
vt 1.00000000 1.00000000
vt 0.00000000 0.91764700
vt 0.00000000 1.00000000
vt 1.00000000 1.00000000
vt 0.00000000 0.91764700
vt 0.00000000 1.00000000
vt 0.85490203 0.85490203
vt 0.85490203 0.14509800
vt 0.74901998 0.93333298
vt 1.00000000 1.00000000
vt 1.00000000 0.91764700
vt 0.00000000 1.00000000
vt 0.00000000 0.00000000
vt 0.00000000 0.08235300
vt 1.00000000 0.00000000
vt 1.00000000 1.00000000
vt 1.00000000 0.91764700
vt 0.00000000 1.00000000
vt 0.00000000 0.00000000
vt 0.00000000 0.08235300
vt 1.00000000 0.00000000
vt 0.00000000 0.00000000
vt 0.00000000 0.08235300
vt 1.00000000 0.00000000
vt 1.00000000 0.74901998
vt 0.00000000 0.83529401
vt 1.00000000 0.83529401
vt 1.00000000 1.00000000
vt 1.00000000 0.91764700
vt 0.00000000 1.00000000
vt 0.00000000 0.00000000
vt 0.00000000 0.08235300
vt 1.00000000 0.00000000
vt 1.00000000 1.00000000
vt 1.00000000 0.91764700
vt 0.00000000 1.00000000
vt 0.00000000 0.00000000
vt 0.00000000 0.08235300
vt 1.00000000 0.00000000
vt 1.00000000 1.00000000
vt 1.00000000 0.91764700
vt 0.00000000 1.00000000
vt 0.00000000 1.00000000
vt 1.00000000 0.91764700
vt 1.00000000 0.83529401
vt 1.00000000 0.91764700
vt 1.00000000 0.83529401
vt 0.00000000 0.94117701
vt 0.00000000 0.94117701
vt 1.00000000 0.83529401
vt 1.00000000 0.74901998
vt 1.00000000 0.50196099
vt 1.00000000 0.41568601
vt 0.00000000 0.52941197
vt 0.00000000 0.52941197
vt 1.00000000 0.41568601
vt 1.00000000 0.33333299
vt 1.00000000 0.25097999
vt 1.00000000 0.16862699
vt 0.00000000 0.29411799
vt 0.00000000 0.29411799
vt 1.00000000 0.16862699
vt 1.00000000 0.08235300
vt 1.00000000 0.74901998
vt 1.00000000 0.66666698
vt 0.00000000 0.76470602
vt 0.00000000 0.76470602
vt 1.00000000 0.66666698
vt 1.00000000 0.58431399
vt 1.00000000 1.00000000
vt 1.00000000 0.91764700
vt 0.00000000 1.00000000
vt 0.00000000 1.00000000
vt 1.00000000 0.91764700
vt 1.00000000 0.83529401
vt 1.00000000 0.33333299
vt 1.00000000 0.25097999
vt 0.00000000 0.35294101
vt 0.00000000 0.35294101
vt 1.00000000 0.25097999
vt 1.00000000 0.16862699
vt 1.00000000 0.16862699
vt 1.00000000 0.08235300
vt 0.00000000 0.23529400
vt 0.00000000 0.23529400
vt 1.00000000 0.08235300
vt 1.00000000 0.00000000
vt 1.00000000 0.91764700
vt 1.00000000 0.83529401
vt 0.00000000 0.94117701
vt 0.00000000 0.94117701
vt 1.00000000 0.83529401
vt 1.00000000 0.74901998
vt 1.00000000 0.74901998
vt 1.00000000 0.66666698
vt 0.00000000 0.76470602
vt 0.00000000 0.76470602
vt 1.00000000 0.66666698
vt 1.00000000 0.58431399
vt 1.00000000 0.25097999
vt 1.00000000 0.16862699
vt 0.00000000 0.29411799
vt 0.00000000 0.29411799
vt 1.00000000 0.16862699
vt 1.00000000 0.08235300
vt 1.00000000 0.50196099
vt 1.00000000 0.41568601
vt 0.00000000 0.52941197
vt 0.00000000 0.52941197
vt 1.00000000 0.41568601
vt 1.00000000 0.33333299
vt 1.00000000 0.25097999
vt 1.00000000 0.16862699
vt 0.00000000 0.29411799
vt 0.00000000 0.29411799
vt 1.00000000 0.16862699
vt 1.00000000 0.08235300
vt 1.00000000 0.91764700
vt 1.00000000 0.83529401
vt 0.00000000 0.94117701
vt 0.00000000 0.94117701
vt 1.00000000 0.83529401
vt 1.00000000 0.74901998
vt 1.00000000 0.33333299
vt 1.00000000 0.25097999
vt 0.00000000 0.35294101
vt 0.00000000 0.35294101
vt 1.00000000 0.25097999
vt 1.00000000 0.16862699
vt 1.00000000 0.50196099
vt 1.00000000 0.41568601
vt 0.00000000 0.52941197
vt 0.00000000 0.52941197
vt 1.00000000 0.41568601
vt 1.00000000 0.33333299
vt 1.00000000 0.16862699
vt 1.00000000 0.08235300
vt 0.00000000 0.23529400
vt 0.00000000 0.23529400
vt 1.00000000 0.08235300
vt 1.00000000 0.00000000
vt 1.00000000 0.66666698
vt 1.00000000 0.58431399
vt 0.00000000 0.70588201
vt 0.00000000 0.70588201
vt 1.00000000 0.58431399
vt 1.00000000 0.50196099
vt 1.00000000 0.74901998
vt 1.00000000 0.66666698
vt 0.00000000 0.76470602
vt 0.00000000 0.76470602
vt 1.00000000 0.66666698
vt 1.00000000 0.58431399
vt 1.00000000 1.00000000
vt 1.00000000 0.91764700
vt 0.00000000 1.00000000
vt 0.00000000 1.00000000
vt 1.00000000 0.91764700
vt 1.00000000 0.83529401
vt 1.00000000 0.74901998
vt 1.00000000 0.66666698
vt 0.00000000 0.76470602
vt 0.00000000 0.76470602
vt 1.00000000 0.66666698
vt 1.00000000 0.58431399
vt 1.00000000 0.33333299
vt 1.00000000 0.25097999
vt 0.00000000 0.35294101
vt 0.00000000 0.35294101
vt 1.00000000 0.25097999
vt 1.00000000 0.16862699
vt 1.00000000 0.16862699
vt 1.00000000 0.08235300
vt 0.00000000 0.23529400
vt 0.00000000 0.23529400
vt 1.00000000 0.08235300
vt 1.00000000 0.00000000
vt 1.00000000 1.00000000
vt 1.00000000 0.91764700
vt 0.00000000 1.00000000
vt 0.00000000 1.00000000
vt 1.00000000 0.91764700
vt 1.00000000 0.83529401
vt 1.00000000 0.50196099
vt 1.00000000 0.41568601
vt 0.00000000 0.50196099
vt 0.00000000 0.50196099
vt 1.00000000 0.41568601
vt 1.00000000 0.33333299
vt 1.00000000 0.25097999
vt 1.00000000 0.16862699
vt 0.00000000 0.29411799
vt 0.00000000 0.29411799
vt 1.00000000 0.16862699
vt 1.00000000 0.08235300
vt 1.00000000 0.91764700
vt 1.00000000 0.83529401
vt 0.00000000 0.94117701
vt 0.00000000 0.94117701
vt 1.00000000 0.83529401
vt 1.00000000 0.74901998
vt 1.00000000 1.00000000
vt 1.00000000 0.91764700
vt 0.00000000 1.00000000
vt 0.00000000 1.00000000
vt 1.00000000 0.91764700
vt 1.00000000 0.83529401
vt 1.00000000 0.74901998
vt 1.00000000 0.66666698
vt 0.00000000 0.76470602
vt 0.00000000 0.76470602
vt 1.00000000 0.66666698
vt 1.00000000 0.58431399
vt 1.00000000 0.16862699
vt 1.00000000 0.08235300
vt 0.00000000 0.23529400
vt 0.00000000 0.23529400
vt 1.00000000 0.08235300
vt 1.00000000 0.00000000
vt 1.00000000 0.33333299
vt 1.00000000 0.25097999
vt 0.00000000 0.35294101
vt 0.00000000 0.35294101
vt 1.00000000 0.25097999
vt 1.00000000 0.16862699
vt 1.00000000 0.25097999
vt 1.00000000 0.16862699
vt 0.00000000 0.29411799
vt 0.00000000 0.29411799
vt 1.00000000 0.16862699
vt 1.00000000 0.08235300
vt 1.00000000 0.50196099
vt 1.00000000 0.41568601
vt 0.00000000 0.52941197
vt 0.00000000 0.52941197
vt 1.00000000 0.41568601
vt 1.00000000 0.33333299
vt 1.00000000 0.91764700
vt 1.00000000 0.83529401
vt 0.00000000 0.94117701
vt 0.00000000 0.94117701
vt 1.00000000 0.83529401
vt 1.00000000 0.74901998
vt 1.00000000 0.91764700
vt 1.00000000 0.83529401
vt 0.00000000 0.94117701
vt 0.00000000 0.94117701
vt 1.00000000 0.83529401
vt 1.00000000 0.74901998
vt 1.00000000 0.91764700
vt 1.00000000 0.83529401
vt 0.00000000 0.94117701
vt 0.00000000 0.94117701
vt 1.00000000 0.83529401
vt 1.00000000 0.74901998
vt 1.00000000 0.25097999
vt 1.00000000 0.16862699
vt 0.00000000 0.29411799
vt 0.00000000 0.29411799
vt 1.00000000 0.16862699
vt 1.00000000 0.08235300
vt 1.00000000 0.25097999
vt 1.00000000 0.16862699
vt 0.00000000 0.29411799
vt 0.00000000 0.29411799
vt 1.00000000 0.16862699
vt 1.00000000 0.08235300
vt 1.00000000 1.00000000
vt 1.00000000 0.91764700
vt 0.00000000 1.00000000
vt 0.00000000 1.00000000
vt 1.00000000 0.91764700
vt 1.00000000 0.83529401
vt 1.00000000 0.16862699
vt 1.00000000 0.08235300
vt 0.00000000 0.23529400
vt 0.00000000 0.23529400
vt 1.00000000 0.08235300
vt 1.00000000 0.00000000
vt 1.00000000 0.50196099
vt 1.00000000 0.41568601
vt 0.00000000 0.52941197
vt 0.00000000 0.52941197
vt 1.00000000 0.41568601
vt 1.00000000 0.33333299
vt 1.00000000 0.74901998
vt 1.00000000 0.66666698
vt 0.00000000 0.76470602
vt 0.00000000 0.76470602
vt 1.00000000 0.66666698
vt 1.00000000 0.58431399
vt 1.00000000 0.33333299
vt 1.00000000 0.25097999
vt 0.00000000 0.35294101
vt 0.00000000 0.35294101
vt 1.00000000 0.25097999
vt 1.00000000 0.16862699
vt 1.00000000 0.25097999
vt 1.00000000 0.16862699
vt 0.00000000 0.29411799
vt 0.00000000 0.29411799
vt 1.00000000 0.16862699
vt 1.00000000 0.08235300
vt 1.00000000 0.91764700
vt 1.00000000 0.83529401
vt 0.00000000 0.94117701
vt 0.00000000 0.94117701
vt 1.00000000 0.83529401
vt 1.00000000 0.74901998
vt 1.00000000 0.50196099
vt 1.00000000 0.41568601
vt 0.00000000 0.52941197
vt 0.00000000 0.52941197
vt 1.00000000 0.41568601
vt 1.00000000 0.33333299
vt 1.00000000 0.66666698
vt 1.00000000 0.58431399
vt 0.00000000 0.70588201
vt 0.00000000 0.70588201
vt 1.00000000 0.58431399
vt 1.00000000 0.50196099
vt 1.00000000 0.74901998
vt 1.00000000 0.66666698
vt 0.00000000 0.76470602
vt 0.00000000 0.76470602
vt 1.00000000 0.66666698
vt 1.00000000 0.58431399
vt 1.00000000 0.33333299
vt 1.00000000 0.25097999
vt 0.00000000 0.35294101
vt 0.00000000 0.35294101
vt 1.00000000 0.25097999
vt 1.00000000 0.16862699
vt 1.00000000 1.00000000
vt 1.00000000 0.91764700
vt 0.00000000 1.00000000
vt 0.00000000 1.00000000
vt 1.00000000 0.91764700
vt 1.00000000 0.83529401
vt 1.00000000 0.16862699
vt 1.00000000 0.08235300
vt 0.00000000 0.23529400
vt 0.00000000 0.23529400
vt 1.00000000 0.08235300
vt 1.00000000 0.00000000
vt 1.00000000 0.74901998
vt 1.00000000 0.66666698
vt 0.00000000 0.76470602
vt 0.00000000 0.76470602
vt 1.00000000 0.66666698
vt 1.00000000 0.58431399
vt 1.00000000 1.00000000
vt 1.00000000 0.91764700
vt 0.00000000 1.00000000
vt 0.00000000 1.00000000
vt 1.00000000 0.91764700
vt 1.00000000 0.83529401
vt 1.00000000 0.50196099
vt 1.00000000 0.41568601
vt 0.00000000 0.50196099
vt 0.00000000 0.50196099
vt 1.00000000 0.41568601
vt 1.00000000 0.33333299
vt 1.00000000 0.33333299
vt 1.00000000 0.25097999
vt 0.00000000 0.35294101
vt 0.00000000 0.35294101
vt 1.00000000 0.25097999
vt 1.00000000 0.16862699
vt 1.00000000 0.16862699
vt 1.00000000 0.08235300
vt 0.00000000 0.23529400
vt 0.00000000 0.23529400
vt 1.00000000 0.08235300
vt 1.00000000 0.00000000
vt 1.00000000 0.91764700
vt 1.00000000 0.83529401
vt 0.00000000 0.94117701
vt 0.00000000 0.94117701
vt 1.00000000 0.83529401
vt 1.00000000 0.74901998
vt 1.00000000 0.33333299
vt 1.00000000 0.25097999
vt 0.00000000 0.35294101
vt 0.00000000 0.35294101
vt 1.00000000 0.25097999
vt 1.00000000 0.16862699
vt 1.00000000 0.16862699
vt 1.00000000 0.08235300
vt 0.00000000 0.23529400
vt 0.00000000 0.23529400
vt 1.00000000 0.08235300
vt 1.00000000 0.00000000
vt 1.00000000 0.74901998
vt 1.00000000 0.66666698
vt 0.00000000 0.76470602
vt 0.00000000 0.76470602
vt 1.00000000 0.66666698
vt 1.00000000 0.58431399
vt 1.00000000 0.33333299
vt 1.00000000 0.25097999
vt 0.00000000 0.35294101
vt 0.00000000 0.35294101
vt 1.00000000 0.25097999
vt 1.00000000 0.16862699
vt 1.00000000 0.16862699
vt 1.00000000 0.08235300
vt 0.00000000 0.23529400
vt 0.00000000 0.23529400
vt 1.00000000 0.08235300
vt 1.00000000 0.00000000
vt 1.00000000 0.25097999
vt 1.00000000 0.16862699
vt 0.00000000 0.29411799
vt 0.00000000 0.29411799
vt 1.00000000 0.16862699
vt 1.00000000 0.08235300
vt 1.00000000 0.50196099
vt 1.00000000 0.41568601
vt 0.00000000 0.50196099
vt 0.00000000 0.50196099
vt 1.00000000 0.41568601
vt 1.00000000 0.33333299
vt 1.00000000 0.50196099
vt 1.00000000 0.41568601
vt 0.00000000 0.52941197
vt 0.00000000 0.52941197
vt 1.00000000 0.41568601
vt 1.00000000 0.33333299
vt 1.00000000 0.74901998
vt 1.00000000 0.66666698
vt 0.00000000 0.76470602
vt 0.00000000 0.76470602
vt 1.00000000 0.66666698
vt 1.00000000 0.58431399
vt 1.00000000 0.25097999
vt 1.00000000 0.16862699
vt 0.00000000 0.29411799
vt 0.00000000 0.29411799
vt 1.00000000 0.16862699
vt 1.00000000 0.08235300
vt 1.00000000 0.91764700
vt 1.00000000 0.83529401
vt 0.00000000 0.94117701
vt 0.00000000 0.94117701
vt 1.00000000 0.83529401
vt 1.00000000 0.74901998
vt 1.00000000 0.25097999
vt 1.00000000 0.16862699
vt 0.00000000 0.29411799
vt 0.00000000 0.29411799
vt 1.00000000 0.16862699
vt 1.00000000 0.08235300
vt 1.00000000 0.33333299
vt 1.00000000 0.25097999
vt 0.00000000 0.35294101
vt 0.00000000 0.35294101
vt 1.00000000 0.25097999
vt 1.00000000 0.16862699
vt 1.00000000 0.91764700
vt 1.00000000 0.83529401
vt 0.00000000 0.94117701
vt 0.00000000 0.94117701
vt 1.00000000 0.83529401
vt 1.00000000 0.74901998
vt 1.00000000 0.74901998
vt 1.00000000 0.66666698
vt 0.00000000 0.76470602
vt 0.00000000 0.76470602
vt 1.00000000 0.66666698
vt 1.00000000 0.58431399
vt 1.00000000 0.50196099
vt 1.00000000 0.41568601
vt 0.00000000 0.52941197
vt 0.00000000 0.52941197
vt 1.00000000 0.41568601
vt 1.00000000 0.33333299
vt 1.00000000 0.66666698
vt 1.00000000 0.58431399
vt 0.00000000 0.70588201
vt 0.00000000 0.70588201
vt 1.00000000 0.58431399
vt 1.00000000 0.50196099
vt 1.00000000 1.00000000
vt 1.00000000 0.91764700
vt 0.00000000 1.00000000
vt 0.00000000 1.00000000
vt 1.00000000 0.91764700
vt 1.00000000 0.83529401
vt 1.00000000 0.16862699
vt 1.00000000 0.08235300
vt 0.00000000 0.23529400
vt 0.00000000 0.23529400
vt 1.00000000 0.08235300
vt 1.00000000 0.00000000
vt 1.00000000 1.00000000
vt 1.00000000 0.91764700
vt 0.00000000 1.00000000
vt 0.00000000 1.00000000
vt 1.00000000 0.91764700
vt 1.00000000 0.83529401
vt 1.00000000 0.66666698
vt 1.00000000 0.58431399
vt 0.00000000 0.70588201
vt 0.00000000 0.70588201
vt 1.00000000 0.58431399
vt 1.00000000 0.50196099
vt 1.00000000 0.33333299
vt 1.00000000 0.25097999
vt 0.00000000 0.35294101
vt 0.00000000 0.35294101
vt 1.00000000 0.25097999
vt 1.00000000 0.16862699
vt 1.00000000 0.16862699
vt 1.00000000 0.08235300
vt 0.00000000 0.23529400
vt 0.00000000 0.23529400
vt 1.00000000 0.08235300
vt 1.00000000 0.00000000
vt 1.00000000 1.00000000
vt 1.00000000 0.91764700
vt 0.00000000 1.00000000
vt 0.00000000 1.00000000
vt 1.00000000 0.91764700
vt 1.00000000 0.83529401
vt 1.00000000 0.25097999
vt 1.00000000 0.16862699
vt 0.00000000 0.29411799
vt 0.00000000 0.29411799
vt 1.00000000 0.16862699
vt 1.00000000 0.08235300
vt 1.00000000 0.50196099
vt 1.00000000 0.41568601
vt 0.00000000 0.50196099
vt 0.00000000 0.50196099
vt 1.00000000 0.41568601
vt 1.00000000 0.33333299
vt 1.00000000 0.74901998
vt 1.00000000 0.66666698
vt 0.00000000 0.76470602
vt 0.00000000 0.76470602
vt 1.00000000 0.66666698
vt 1.00000000 0.58431399
vt 1.00000000 0.91764700
vt 1.00000000 0.83529401
vt 0.00000000 0.94117701
vt 0.00000000 0.94117701
vt 1.00000000 0.83529401
vt 1.00000000 0.74901998
vt 1.00000000 1.00000000
vt 1.00000000 0.91764700
vt 0.00000000 1.00000000
vt 0.00000000 1.00000000
vt 1.00000000 0.91764700
vt 1.00000000 0.83529401
vt 1.00000000 0.33333299
vt 1.00000000 0.25097999
vt 0.00000000 0.35294101
vt 0.00000000 0.35294101
vt 1.00000000 0.25097999
vt 1.00000000 0.16862699
vt 1.00000000 0.16862699
vt 1.00000000 0.08235300
vt 0.00000000 0.23529400
vt 0.00000000 0.23529400
vt 1.00000000 0.08235300
vt 1.00000000 0.00000000
vt 0.25097999 0.06666700
vt 0.14509800 0.14509800
vt 0.25097999 0.93333298
vt 0.25097999 0.93333298
vt 0.14509800 0.14509800
vt 0.14509800 0.85490203
vt 0.14509800 0.85490203
vt 0.14509800 0.14509800
vt 0.06666700 0.74901998
vt 0.06666700 0.74901998
vt 0.14509800 0.14509800
vt 0.06666700 0.25097999
vt 0.06666700 0.74901998
vt 0.06666700 0.25097999
vt 0.01568600 0.62745100
vt 0.01568600 0.62745100
vt 0.06666700 0.25097999
vt 0.01568600 0.37254900
vt 0.01568600 0.62745100
vt 0.01568600 0.37254900
vt 0.00000000 0.50196099
vt 0.85490203 0.14509800
vt 0.85490203 0.85490203
vt 0.93333298 0.25097999
vt 0.93333298 0.25097999
vt 0.85490203 0.85490203
vt 0.93333298 0.74901998
vt 0.93333298 0.25097999
vt 0.93333298 0.74901998
vt 0.98431402 0.37254900
vt 0.98431402 0.37254900
vt 0.93333298 0.74901998
vt 0.98431402 0.62745100
vt 0.98431402 0.37254900
vt 0.98431402 0.62745100
vt 1.00000000 0.50196099
vt 0.74901998 0.93333298
vt 0.85490203 0.14509800
vt 0.62745100 0.98431402
vt 0.62745100 0.98431402
vt 0.85490203 0.14509800
vt 0.74901998 0.06666700
vt 0.62745100 0.98431402
vt 0.74901998 0.06666700
vt 0.50196099 1.00000000
vt 0.50196099 1.00000000
vt 0.74901998 0.06666700
vt 0.62745100 0.01568600
vt 0.50196099 1.00000000
vt 0.62745100 0.01568600
vt 0.37254900 0.98431402
vt 0.37254900 0.98431402
vt 0.62745100 0.01568600
vt 0.49803901 0.00000000
vt 0.37254900 0.98431402
vt 0.49803901 0.00000000
vt 0.25097999 0.93333298
vt 0.25097999 0.93333298
vt 0.49803901 0.00000000
vt 0.37254900 0.01568600
vt 0.25097999 0.93333298
vt 0.37254900 0.01568600
vt 0.25097999 0.06666700
vt 0.00000000 1.00000000
vt 1.00000000 0.91764700
vt 0.00000000 0.91764700
vt 0.00000000 0.91764700
vt 1.00000000 0.91764700
vt 1.00000000 0.83529401
vt 0.00000000 0.91764700
vt 1.00000000 0.83529401
vt 0.00000000 0.83529401
vt 0.00000000 0.83529401
vt 1.00000000 0.83529401
vt 1.00000000 0.74901998
vt 0.00000000 0.83529401
vt 1.00000000 0.74901998
vt 0.00000000 0.74901998
vt 0.00000000 0.74901998
vt 1.00000000 0.74901998
vt 1.00000000 0.66666698
vt 0.00000000 0.74901998
vt 1.00000000 0.66666698
vt 0.00000000 0.66666698
vt 0.00000000 0.66666698
vt 1.00000000 0.66666698
vt 1.00000000 0.58431399
vt 0.00000000 0.66666698
vt 1.00000000 0.58431399
vt 0.00000000 0.58431399
vt 0.00000000 0.58431399
vt 1.00000000 0.58431399
vt 1.00000000 0.50196099
vt 0.00000000 0.58431399
vt 1.00000000 0.50196099
vt 0.00000000 0.49803901
vt 0.00000000 0.49803901
vt 1.00000000 0.50196099
vt 1.00000000 0.41568601
vt 0.00000000 0.49803901
vt 1.00000000 0.41568601
vt 0.00000000 0.41568601
vt 0.00000000 0.41568601
vt 1.00000000 0.41568601
vt 1.00000000 0.33333299
vt 0.00000000 0.41568601
vt 1.00000000 0.33333299
vt 0.00000000 0.33333299
vt 0.00000000 0.33333299
vt 1.00000000 0.33333299
vt 1.00000000 0.25097999
vt 0.00000000 0.33333299
vt 1.00000000 0.25097999
vt 0.00000000 0.25097999
vt 0.00000000 0.25097999
vt 1.00000000 0.25097999
vt 1.00000000 0.16470601
vt 0.00000000 0.25097999
vt 1.00000000 0.16470601
vt 0.00000000 0.16470601
vt 0.00000000 0.16470601
vt 1.00000000 0.16470601
vt 1.00000000 0.08235300
vt 0.00000000 0.16470601
vt 1.00000000 0.08235300
vt 0.00000000 0.08235300
vt 0.00000000 0.08235300
vt 1.00000000 0.08235300
vt 1.00000000 0.00000000
vt 0.00000000 0.08235300
vt 1.00000000 0.00000000
vt 0.00000000 0.00000000
vt 1.00000000 1.00000000
vt 1.00000000 0.91764700
vt 0.00000000 0.91764700
vt 0.00000000 0.91764700
vt 1.00000000 0.91764700
vt 1.00000000 0.83529401
vt 0.00000000 0.91764700
vt 1.00000000 0.83529401
vt 0.00000000 0.83529401
vt 0.00000000 0.83529401
vt 1.00000000 0.83529401
vt 1.00000000 0.74901998
vt 0.00000000 0.83529401
vt 1.00000000 0.74901998
vt 0.00000000 0.74901998
vt 0.00000000 0.74901998
vt 1.00000000 0.74901998
vt 0.00000000 0.66666698
vt 0.00000000 0.91764700
vt 1.00000000 0.83529401
vt 0.00000000 0.83529401
vt 0.00000000 0.83529401
vt 1.00000000 0.83529401
vt 1.00000000 0.74901998
vt 0.00000000 0.83529401
vt 1.00000000 0.74901998
vt 0.00000000 0.74901998
vt 0.00000000 0.74901998
vt 1.00000000 0.74901998
vt 1.00000000 0.66666698
vt 0.00000000 0.74901998
vt 1.00000000 0.66666698
vt 0.00000000 0.66666698
vt 0.00000000 0.66666698
vt 1.00000000 0.66666698
vt 1.00000000 0.58431399
vt 0.00000000 0.66666698
vt 1.00000000 0.58431399
vt 0.00000000 0.58431399
vt 0.00000000 0.58431399
vt 1.00000000 0.58431399
vt 1.00000000 0.50196099
vt 0.00000000 0.58431399
vt 1.00000000 0.50196099
vt 0.00000000 0.49803901
vt 0.00000000 0.49803901
vt 1.00000000 0.50196099
vt 1.00000000 0.41568601
vt 0.00000000 0.49803901
vt 1.00000000 0.41568601
vt 0.00000000 0.41568601
vt 0.00000000 0.41568601
vt 1.00000000 0.41568601
vt 1.00000000 0.33333299
vt 0.00000000 0.41568601
vt 1.00000000 0.33333299
vt 0.00000000 0.33333299
vt 0.00000000 0.33333299
vt 1.00000000 0.33333299
vt 1.00000000 0.25097999
vt 0.00000000 0.33333299
vt 1.00000000 0.25097999
vt 0.00000000 0.25097999
vt 0.00000000 0.25097999
vt 1.00000000 0.25097999
vt 1.00000000 0.16470601
vt 0.00000000 0.25097999
vt 1.00000000 0.16470601
vt 0.00000000 0.16470601
vt 0.00000000 0.16470601
vt 1.00000000 0.16470601
vt 1.00000000 0.08235300
vt 0.00000000 0.16470601
vt 1.00000000 0.08235300
vt 0.00000000 0.08235300
vt 0.00000000 0.08235300
vt 1.00000000 0.08235300
vt 1.00000000 0.00000000
vt 0.00000000 0.08235300
vt 1.00000000 0.00000000
vt 0.00000000 0.00000000
vt 0.00000000 1.00000000
vt 1.00000000 1.00000000
vt 0.00000000 0.91764700
vt 0.00000000 0.91764700
vt 1.00000000 1.00000000
vt 1.00000000 0.91764700
vt 0.00000000 0.91764700
vt 1.00000000 0.91764700
vt 1.00000000 0.83529401
vt 1.00000000 0.74901998
vt 1.00000000 0.66666698
vt 0.00000000 0.66666698
vt 0.00000000 0.66666698
vt 1.00000000 0.66666698
vt 1.00000000 0.58431399
vt 0.00000000 0.66666698
vt 1.00000000 0.58431399
vt 0.00000000 0.58431399
vt 0.00000000 0.58431399
vt 1.00000000 0.58431399
vt 1.00000000 0.50196099
vt 0.00000000 0.58431399
vt 1.00000000 0.50196099
vt 0.00000000 0.49803901
vt 0.00000000 0.49803901
vt 1.00000000 0.50196099
vt 1.00000000 0.41568601
vt 0.00000000 0.49803901
vt 1.00000000 0.41568601
vt 0.00000000 0.41568601
vt 0.00000000 0.41568601
vt 1.00000000 0.41568601
vt 1.00000000 0.33333299
vt 0.00000000 0.41568601
vt 1.00000000 0.33333299
vt 0.00000000 0.33333299
vt 0.00000000 0.33333299
vt 1.00000000 0.33333299
vt 1.00000000 0.25097999
vt 0.00000000 0.33333299
vt 1.00000000 0.25097999
vt 0.00000000 0.25097999
vt 0.00000000 0.25097999
vt 1.00000000 0.25097999
vt 1.00000000 0.16862699
vt 0.00000000 0.25097999
vt 1.00000000 0.16862699
vt 0.00000000 0.16470601
vt 0.00000000 0.16470601
vt 1.00000000 0.16862699
vt 1.00000000 0.08235300
vt 0.00000000 0.16470601
vt 1.00000000 0.08235300
vt 0.00000000 0.08235300
vt 0.00000000 0.08235300
vt 1.00000000 0.08235300
vt 1.00000000 0.00000000
vt 0.00000000 0.08235300
vt 1.00000000 0.00000000
vt 0.00000000 0.00000000
vt 0.00000000 0.83529401
vt 0.00000000 0.91764700
vt 1.00000000 0.91764700
vt 1.00000000 0.91764700
vt 0.00000000 0.91764700
vt 0.00000000 1.00000000
vt 1.00000000 0.91764700
vt 0.00000000 1.00000000
vt 1.00000000 1.00000000
vt 1.00000000 1.00000000
vt 1.00000000 0.91764700
vt 0.00000000 0.91764700
vt 0.00000000 0.91764700
vt 1.00000000 0.91764700
vt 1.00000000 0.83529401
vt 0.00000000 0.91764700
vt 1.00000000 0.83529401
vt 0.00000000 0.83529401
vt 0.00000000 0.83529401
vt 1.00000000 0.83529401
vt 1.00000000 0.74901998
vt 0.00000000 0.83529401
vt 1.00000000 0.74901998
vt 0.00000000 0.74901998
vt 0.00000000 0.74901998
vt 1.00000000 0.74901998
vt 0.00000000 0.66666698
vt 1.00000000 0.74901998
vt 1.00000000 0.66666698
vt 0.00000000 0.66666698
vt 0.00000000 0.66666698
vt 1.00000000 0.66666698
vt 1.00000000 0.58431399
vt 0.00000000 0.66666698
vt 1.00000000 0.58431399
vt 0.00000000 0.58431399
vt 0.00000000 0.58431399
vt 1.00000000 0.58431399
vt 1.00000000 0.50196099
vt 0.00000000 0.58431399
vt 1.00000000 0.50196099
vt 0.00000000 0.49803901
vt 0.00000000 0.49803901
vt 1.00000000 0.50196099
vt 1.00000000 0.41568601
vt 0.00000000 0.49803901
vt 1.00000000 0.41568601
vt 0.00000000 0.41568601
vt 0.00000000 0.41568601
vt 1.00000000 0.41568601
vt 1.00000000 0.33333299
vt 0.00000000 0.41568601
vt 1.00000000 0.33333299
vt 0.00000000 0.33333299
vt 0.00000000 0.33333299
vt 1.00000000 0.33333299
vt 1.00000000 0.25097999
vt 0.00000000 0.33333299
vt 1.00000000 0.25097999
vt 0.00000000 0.25097999
vt 0.00000000 0.25097999
vt 1.00000000 0.25097999
vt 1.00000000 0.16862699
vt 0.00000000 0.25097999
vt 1.00000000 0.16862699
vt 0.00000000 0.16470601
vt 0.00000000 0.16470601
vt 1.00000000 0.16862699
vt 1.00000000 0.08235300
vt 0.00000000 0.16470601
vt 1.00000000 0.08235300
vt 0.00000000 0.08235300
vt 0.00000000 0.08235300
vt 1.00000000 0.08235300
vt 1.00000000 0.00000000
vt 0.00000000 0.08235300
vt 1.00000000 0.00000000
vt 0.00000000 0.00000000
vt 1.00000000 0.91764700
vt 1.00000000 0.83529401
vt 0.00000000 0.83529401
vt 0.00000000 0.83529401
vt 1.00000000 0.83529401
vt 1.00000000 0.74901998
vt 0.00000000 0.83529401
vt 1.00000000 0.74901998
vt 0.00000000 0.74901998
vt 0.00000000 0.74901998
vt 1.00000000 0.74901998
vt 1.00000000 0.66666698
vt 0.00000000 0.74901998
vt 1.00000000 0.66666698
vt 0.00000000 0.66666698
vt 0.00000000 0.66666698
vt 1.00000000 0.66666698
vt 1.00000000 0.58431399
vt 0.00000000 0.66666698
vt 1.00000000 0.58431399
vt 0.00000000 0.58431399
vt 0.00000000 0.58431399
vt 1.00000000 0.58431399
vt 1.00000000 0.50196099
vt 0.00000000 0.58431399
vt 1.00000000 0.50196099
vt 0.00000000 0.49803901
vt 0.00000000 0.49803901
vt 1.00000000 0.50196099
vt 1.00000000 0.41568601
vt 0.00000000 0.49803901
vt 1.00000000 0.41568601
vt 0.00000000 0.41568601
vt 0.00000000 0.41568601
vt 1.00000000 0.41568601
vt 1.00000000 0.33333299
vt 0.00000000 0.41568601
vt 1.00000000 0.33333299
vt 0.00000000 0.33333299
vt 0.00000000 0.33333299
vt 1.00000000 0.33333299
vt 1.00000000 0.25097999
vt 0.00000000 0.33333299
vt 1.00000000 0.25097999
vt 0.00000000 0.25097999
vt 0.00000000 0.25097999
vt 1.00000000 0.25097999
vt 1.00000000 0.16862699
vt 0.00000000 0.25097999
vt 1.00000000 0.16862699
vt 0.00000000 0.16470601
vt 0.00000000 0.16470601
vt 1.00000000 0.16862699
vt 1.00000000 0.08235300
vt 0.00000000 0.16470601
vt 1.00000000 0.08235300
vt 0.00000000 0.08235300
vt 0.00000000 0.08235300
vt 1.00000000 0.08235300
vt 1.00000000 0.00000000
vt 0.00000000 0.08235300
vt 1.00000000 0.00000000
vt 0.00000000 0.00000000
vt 1.00000000 0.00000000
vt 0.00000000 0.08235300
vt 1.00000000 0.08235300
vt 1.00000000 0.08235300
vt 0.00000000 0.08235300
vt 0.00000000 0.16470601
vt 1.00000000 0.08235300
vt 0.00000000 0.16470601
vt 1.00000000 0.16862699
vt 1.00000000 0.16862699
vt 0.00000000 0.16470601
vt 0.00000000 0.25097999
vt 1.00000000 0.16862699
vt 0.00000000 0.25097999
vt 1.00000000 0.25097999
vt 1.00000000 0.25097999
vt 0.00000000 0.25097999
vt 0.00000000 0.33333299
vt 1.00000000 0.25097999
vt 0.00000000 0.33333299
vt 1.00000000 0.33333299
vt 1.00000000 0.33333299
vt 0.00000000 0.33333299
vt 0.00000000 0.41568601
vt 1.00000000 0.33333299
vt 0.00000000 0.41568601
vt 1.00000000 0.41568601
vt 1.00000000 0.41568601
vt 0.00000000 0.41568601
vt 0.00000000 0.49803901
vt 1.00000000 0.41568601
vt 0.00000000 0.49803901
vt 1.00000000 0.50196099
vt 1.00000000 0.50196099
vt 0.00000000 0.49803901
vt 0.00000000 0.58431399
vt 1.00000000 0.50196099
vt 0.00000000 0.58431399
vt 1.00000000 0.58431399
vt 1.00000000 0.58431399
vt 0.00000000 0.58431399
vt 0.00000000 0.66666698
vt 1.00000000 0.58431399
vt 0.00000000 0.66666698
vt 1.00000000 0.66666698
vt 1.00000000 0.66666698
vt 0.00000000 0.66666698
vt 0.00000000 0.74901998
vt 1.00000000 0.66666698
vt 0.00000000 0.74901998
vt 1.00000000 0.74901998
vt 1.00000000 0.74901998
vt 0.00000000 0.74901998
vt 0.00000000 0.83529401
vt 1.00000000 0.74901998
vt 0.00000000 0.83529401
vt 1.00000000 0.83529401
vt 1.00000000 0.83529401
vt 0.00000000 0.83529401
vt 1.00000000 0.91764700
vt 1.00000000 0.91764700
vt 0.00000000 0.83529401
vt 0.00000000 0.91764700
vt 1.00000000 0.91764700
vt 0.00000000 0.91764700
vt 0.00000000 1.00000000
vt 0.00000000 0.83529401
vt 0.00000000 0.91764700
vt 1.00000000 0.91764700
vt 1.00000000 0.91764700
vt 0.00000000 0.91764700
vt 0.00000000 1.00000000
vt 1.00000000 0.91764700
vt 0.00000000 1.00000000
vt 1.00000000 1.00000000
vt 1.00000000 1.00000000
vt 1.00000000 0.91764700
vt 0.00000000 0.91764700
vt 0.00000000 0.91764700
vt 1.00000000 0.91764700
vt 1.00000000 0.83529401
vt 0.00000000 0.91764700
vt 1.00000000 0.83529401
vt 0.00000000 0.83529401
vt 0.00000000 0.83529401
vt 1.00000000 0.83529401
vt 1.00000000 0.74901998
vt 0.00000000 0.83529401
vt 1.00000000 0.74901998
vt 0.00000000 0.74901998
vt 0.00000000 0.74901998
vt 1.00000000 0.74901998
vt 0.00000000 0.66666698
vt 1.00000000 0.91764700
vt 1.00000000 0.83529401
vt 0.00000000 0.83529401
vt 0.00000000 0.83529401
vt 1.00000000 0.83529401
vt 1.00000000 0.74901998
vt 0.00000000 0.83529401
vt 1.00000000 0.74901998
vt 0.00000000 0.74901998
vt 0.00000000 0.74901998
vt 1.00000000 0.74901998
vt 1.00000000 0.66666698
vt 0.00000000 0.74901998
vt 1.00000000 0.66666698
vt 0.00000000 0.66666698
vt 0.00000000 0.66666698
vt 1.00000000 0.66666698
vt 1.00000000 0.58431399
vt 0.00000000 0.66666698
vt 1.00000000 0.58431399
vt 0.00000000 0.58431399
vt 0.00000000 0.58431399
vt 1.00000000 0.58431399
vt 1.00000000 0.50196099
vt 0.00000000 0.58431399
vt 1.00000000 0.50196099
vt 0.00000000 0.49803901
vt 0.00000000 0.49803901
vt 1.00000000 0.50196099
vt 1.00000000 0.41568601
vt 0.00000000 0.49803901
vt 1.00000000 0.41568601
vt 0.00000000 0.41568601
vt 0.00000000 0.41568601
vt 1.00000000 0.41568601
vt 1.00000000 0.33333299
vt 0.00000000 0.41568601
vt 1.00000000 0.33333299
vt 0.00000000 0.33333299
vt 0.00000000 0.33333299
vt 1.00000000 0.33333299
vt 1.00000000 0.25097999
vt 0.00000000 0.33333299
vt 1.00000000 0.25097999
vt 0.00000000 0.25097999
vt 0.00000000 0.25097999
vt 1.00000000 0.25097999
vt 1.00000000 0.16862699
vt 0.00000000 0.25097999
vt 1.00000000 0.16862699
vt 0.00000000 0.16470601
vt 0.00000000 0.16470601
vt 1.00000000 0.16862699
vt 1.00000000 0.08235300
vt 0.00000000 0.16470601
vt 1.00000000 0.08235300
vt 0.00000000 0.08235300
vt 0.00000000 0.08235300
vt 1.00000000 0.08235300
vt 1.00000000 0.00000000
vt 0.00000000 0.08235300
vt 1.00000000 0.00000000
vt 0.00000000 0.00000000
vt 1.00000000 0.91764700
vt 1.00000000 0.83529401
vt 0.00000000 0.83529401
vt 0.00000000 0.83529401
vt 1.00000000 0.83529401
vt 1.00000000 0.74901998
vt 0.00000000 0.83529401
vt 1.00000000 0.74901998
vt 0.00000000 0.74901998
vt 0.00000000 0.74901998
vt 1.00000000 0.74901998
vt 1.00000000 0.66666698
vt 0.00000000 0.74901998
vt 1.00000000 0.66666698
vt 0.00000000 0.66666698
vt 0.00000000 0.66666698
vt 1.00000000 0.66666698
vt 1.00000000 0.58431399
vt 0.00000000 0.66666698
vt 1.00000000 0.58431399
vt 0.00000000 0.58431399
vt 0.00000000 0.58431399
vt 1.00000000 0.58431399
vt 1.00000000 0.50196099
vt 0.00000000 0.58431399
vt 1.00000000 0.50196099
vt 0.00000000 0.49803901
vt 0.00000000 0.49803901
vt 1.00000000 0.50196099
vt 1.00000000 0.41568601
vt 0.00000000 0.49803901
vt 1.00000000 0.41568601
vt 0.00000000 0.41568601
vt 0.00000000 0.41568601
vt 1.00000000 0.41568601
vt 1.00000000 0.33333299
vt 0.00000000 0.41568601
vt 1.00000000 0.33333299
vt 0.00000000 0.33333299
vt 0.00000000 0.33333299
vt 1.00000000 0.33333299
vt 1.00000000 0.25097999
vt 0.00000000 0.33333299
vt 1.00000000 0.25097999
vt 0.00000000 0.25097999
vt 0.00000000 0.25097999
vt 1.00000000 0.25097999
vt 1.00000000 0.16862699
vt 0.00000000 0.25097999
vt 1.00000000 0.16862699
vt 0.00000000 0.16470601
vt 0.00000000 0.16470601
vt 1.00000000 0.16862699
vt 1.00000000 0.08235300
vt 0.00000000 0.16470601
vt 1.00000000 0.08235300
vt 0.00000000 0.08235300
vt 0.00000000 0.08235300
vt 1.00000000 0.08235300
vt 1.00000000 0.00000000
vt 0.00000000 0.08235300
vt 1.00000000 0.00000000
vt 0.00000000 0.00000000
vt 1.00000000 1.00000000
vt 1.00000000 0.91764700
vt 0.00000000 0.91764700
vt 0.00000000 0.91764700
vt 1.00000000 0.91764700
vt 1.00000000 0.83529401
vt 0.00000000 0.91764700
vt 1.00000000 0.83529401
vt 0.00000000 0.83529401
vt 0.00000000 0.83529401
vt 1.00000000 0.83529401
vt 1.00000000 0.74901998
vt 0.00000000 0.83529401
vt 1.00000000 0.74901998
vt 0.00000000 0.74901998
vt 0.00000000 0.74901998
vt 1.00000000 0.74901998
vt 0.00000000 0.66666698
vt 1.00000000 0.00000000
vt 0.00000000 0.08235300
vt 1.00000000 0.08235300
vt 1.00000000 0.08235300
vt 0.00000000 0.08235300
vt 0.00000000 0.16470601
vt 1.00000000 0.08235300
vt 0.00000000 0.16470601
vt 1.00000000 0.16862699
vt 1.00000000 0.16862699
vt 0.00000000 0.16470601
vt 0.00000000 0.25097999
vt 1.00000000 0.16862699
vt 0.00000000 0.25097999
vt 1.00000000 0.25097999
vt 1.00000000 0.25097999
vt 0.00000000 0.25097999
vt 0.00000000 0.33333299
vt 1.00000000 0.25097999
vt 0.00000000 0.33333299
vt 1.00000000 0.33333299
vt 1.00000000 0.33333299
vt 0.00000000 0.33333299
vt 0.00000000 0.41568601
vt 1.00000000 0.33333299
vt 0.00000000 0.41568601
vt 1.00000000 0.41568601
vt 1.00000000 0.41568601
vt 0.00000000 0.41568601
vt 0.00000000 0.49803901
vt 1.00000000 0.41568601
vt 0.00000000 0.49803901
vt 1.00000000 0.50196099
vt 1.00000000 0.50196099
vt 0.00000000 0.49803901
vt 0.00000000 0.58431399
vt 1.00000000 0.50196099
vt 0.00000000 0.58431399
vt 1.00000000 0.58431399
vt 1.00000000 0.58431399
vt 0.00000000 0.58431399
vt 0.00000000 0.66666698
vt 1.00000000 0.58431399
vt 0.00000000 0.66666698
vt 1.00000000 0.66666698
vt 1.00000000 1.00000000
vt 1.00000000 0.91764700
vt 0.00000000 0.91764700
vt 0.00000000 0.91764700
vt 1.00000000 0.91764700
vt 1.00000000 0.83529401
vt 0.00000000 0.91764700
vt 1.00000000 0.83529401
vt 0.00000000 0.83529401
vt 0.00000000 0.83529401
vt 1.00000000 0.83529401
vt 1.00000000 0.74901998
vt 1.00000000 0.66666698
vt 0.00000000 0.66666698
vt 1.00000000 0.74901998
vt 1.00000000 0.74901998
vt 0.00000000 0.66666698
vt 0.00000000 0.74901998
vt 1.00000000 0.74901998
vt 0.00000000 0.74901998
vt 0.00000000 0.83529401
vt 1.00000000 0.74901998
vt 1.00000000 0.66666698
vt 0.00000000 0.66666698
vt 0.00000000 0.66666698
vt 1.00000000 0.66666698
vt 1.00000000 0.58431399
vt 0.00000000 0.66666698
vt 1.00000000 0.58431399
vt 0.00000000 0.58431399
vt 0.00000000 0.58431399
vt 1.00000000 0.58431399
vt 1.00000000 0.50196099
vt 0.00000000 0.58431399
vt 1.00000000 0.50196099
vt 0.00000000 0.49803901
vt 0.00000000 0.49803901
vt 1.00000000 0.50196099
vt 1.00000000 0.41568601
vt 0.00000000 0.49803901
vt 1.00000000 0.41568601
vt 0.00000000 0.41568601
vt 0.00000000 0.41568601
vt 1.00000000 0.41568601
vt 1.00000000 0.33333299
vt 0.00000000 0.41568601
vt 1.00000000 0.33333299
vt 0.00000000 0.33333299
vt 0.00000000 0.33333299
vt 1.00000000 0.33333299
vt 1.00000000 0.25097999
vt 0.00000000 0.33333299
vt 1.00000000 0.25097999
vt 0.00000000 0.25097999
vt 0.00000000 0.25097999
vt 1.00000000 0.25097999
vt 1.00000000 0.16862699
vt 0.00000000 0.25097999
vt 1.00000000 0.16862699
vt 0.00000000 0.16470601
vt 0.00000000 0.16470601
vt 1.00000000 0.16862699
vt 1.00000000 0.08235300
vt 0.00000000 0.16470601
vt 1.00000000 0.08235300
vt 0.00000000 0.08235300
vt 0.00000000 0.08235300
vt 1.00000000 0.08235300
vt 1.00000000 0.00000000
vt 0.00000000 0.08235300
vt 1.00000000 0.00000000
vt 0.00000000 0.00000000
vt 0.00000000 0.83529401
vt 0.00000000 0.91764700
vt 1.00000000 0.91764700
vt 1.00000000 0.91764700
vt 0.00000000 0.91764700
vt 0.00000000 1.00000000
vt 1.00000000 0.91764700
vt 0.00000000 1.00000000
vt 1.00000000 1.00000000
vt 0.00000000 0.83529401
vt 0.00000000 0.91764700
vt 1.00000000 0.91764700
vt 1.00000000 0.91764700
vt 0.00000000 0.91764700
vt 0.00000000 1.00000000
vt 1.00000000 0.91764700
vt 0.00000000 1.00000000
vt 1.00000000 1.00000000
vt 1.00000000 1.00000000
vt 1.00000000 0.91764700
vt 0.00000000 0.91764700
vt 0.00000000 0.91764700
vt 1.00000000 0.91764700
vt 1.00000000 0.83529401
vt 0.00000000 0.91764700
vt 1.00000000 0.83529401
vt 0.00000000 0.83529401
vt 0.00000000 0.83529401
vt 1.00000000 0.83529401
vt 1.00000000 0.74901998
vt 0.00000000 0.83529401
vt 1.00000000 0.74901998
vt 0.00000000 0.74901998
vt 0.00000000 0.74901998
vt 1.00000000 0.74901998
vt 0.00000000 0.66666698
vt 1.00000000 0.00000000
vt 0.00000000 0.08235300
vt 1.00000000 0.08235300
vt 1.00000000 0.08235300
vt 0.00000000 0.08235300
vt 0.00000000 0.16470601
vt 1.00000000 0.08235300
vt 0.00000000 0.16470601
vt 1.00000000 0.16862699
vt 1.00000000 0.16862699
vt 0.00000000 0.16470601
vt 0.00000000 0.25097999
vt 1.00000000 0.16862699
vt 0.00000000 0.25097999
vt 1.00000000 0.25097999
vt 1.00000000 0.25097999
vt 0.00000000 0.25097999
vt 0.00000000 0.33333299
vt 1.00000000 0.25097999
vt 0.00000000 0.33333299
vt 1.00000000 0.33333299
vt 1.00000000 0.33333299
vt 0.00000000 0.33333299
vt 0.00000000 0.41568601
vt 1.00000000 0.33333299
vt 0.00000000 0.41568601
vt 1.00000000 0.41568601
vt 1.00000000 0.41568601
vt 0.00000000 0.41568601
vt 0.00000000 0.49803901
vt 1.00000000 0.41568601
vt 0.00000000 0.49803901
vt 1.00000000 0.50196099
vt 1.00000000 0.50196099
vt 0.00000000 0.49803901
vt 0.00000000 0.58431399
vt 1.00000000 0.50196099
vt 0.00000000 0.58431399
vt 1.00000000 0.58431399
vt 1.00000000 0.58431399
vt 0.00000000 0.58431399
vt 0.00000000 0.66666698
vt 1.00000000 0.58431399
vt 0.00000000 0.66666698
vt 1.00000000 0.66666698
vt 1.00000000 1.00000000
vt 1.00000000 0.91764700
vt 0.00000000 0.91764700
vt 0.00000000 0.91764700
vt 1.00000000 0.91764700
vt 1.00000000 0.83529401
vt 0.00000000 0.91764700
vt 1.00000000 0.83529401
vt 0.00000000 0.83529401
vt 0.00000000 0.83529401
vt 1.00000000 0.83529401
vt 1.00000000 0.74901998
vt 1.00000000 0.66666698
vt 0.00000000 0.66666698
vt 1.00000000 0.74901998
vt 1.00000000 0.74901998
vt 0.00000000 0.66666698
vt 0.00000000 0.74901998
vt 1.00000000 0.74901998
vt 0.00000000 0.74901998
vt 0.00000000 0.83529401
vt 1.00000000 0.91764700
vt 1.00000000 0.83529401
vt 0.00000000 0.83529401
vt 0.00000000 0.83529401
vt 1.00000000 0.83529401
vt 1.00000000 0.74901998
vt 0.00000000 0.83529401
vt 1.00000000 0.74901998
vt 0.00000000 0.74901998
vt 0.00000000 0.74901998
vt 1.00000000 0.74901998
vt 1.00000000 0.66666698
vt 0.00000000 0.74901998
vt 1.00000000 0.66666698
vt 0.00000000 0.66666698
vt 0.00000000 0.66666698
vt 1.00000000 0.66666698
vt 1.00000000 0.58431399
vt 0.00000000 0.66666698
vt 1.00000000 0.58431399
vt 0.00000000 0.58431399
vt 0.00000000 0.58431399
vt 1.00000000 0.58431399
vt 1.00000000 0.50196099
vt 0.00000000 0.58431399
vt 1.00000000 0.50196099
vt 0.00000000 0.49803901
vt 0.00000000 0.49803901
vt 1.00000000 0.50196099
vt 1.00000000 0.41568601
vt 0.00000000 0.49803901
vt 1.00000000 0.41568601
vt 0.00000000 0.41568601
vt 0.00000000 0.41568601
vt 1.00000000 0.41568601
vt 1.00000000 0.33333299
vt 0.00000000 0.41568601
vt 1.00000000 0.33333299
vt 0.00000000 0.33333299
vt 0.00000000 0.33333299
vt 1.00000000 0.33333299
vt 1.00000000 0.25097999
vt 0.00000000 0.33333299
vt 1.00000000 0.25097999
vt 0.00000000 0.25097999
vt 0.00000000 0.25097999
vt 1.00000000 0.25097999
vt 1.00000000 0.16862699
vt 0.00000000 0.25097999
vt 1.00000000 0.16862699
vt 0.00000000 0.16470601
vt 0.00000000 0.16470601
vt 1.00000000 0.16862699
vt 1.00000000 0.08235300
vt 0.00000000 0.16470601
vt 1.00000000 0.08235300
vt 0.00000000 0.08235300
vt 0.00000000 0.08235300
vt 1.00000000 0.08235300
vt 1.00000000 0.00000000
vt 0.00000000 0.08235300
vt 1.00000000 0.00000000
vt 0.00000000 0.00000000
vt 0.00000000 0.83529401
vt 0.00000000 0.91764700
vt 1.00000000 0.91764700
vt 1.00000000 0.91764700
vt 0.00000000 0.91764700
vt 0.00000000 1.00000000
vt 1.00000000 0.91764700
vt 0.00000000 1.00000000
vt 1.00000000 1.00000000
vt 0.00000000 0.83529401
vt 1.00000000 0.74901998
vt 0.00000000 0.74901998
vt 0.00000000 0.74901998
vt 1.00000000 0.74901998
vt 1.00000000 0.66666698
vt 0.00000000 0.74901998
vt 1.00000000 0.66666698
vt 0.00000000 0.66666698
vt 0.00000000 0.66666698
vt 1.00000000 0.66666698
vt 1.00000000 0.58431399
vt 0.00000000 0.66666698
vt 1.00000000 0.58431399
vt 0.00000000 0.58431399
vt 0.00000000 0.58431399
vt 1.00000000 0.58431399
vt 1.00000000 0.50196099
vt 0.00000000 0.58431399
vt 1.00000000 0.50196099
vt 0.00000000 0.49803901
vt 0.00000000 0.49803901
vt 1.00000000 0.50196099
vt 1.00000000 0.41568601
vt 0.00000000 0.49803901
vt 1.00000000 0.41568601
vt 0.00000000 0.41568601
vt 0.00000000 0.41568601
vt 1.00000000 0.41568601
vt 1.00000000 0.33333299
vt 0.00000000 0.41568601
vt 1.00000000 0.33333299
vt 0.00000000 0.33333299
vt 0.00000000 0.33333299
vt 1.00000000 0.33333299
vt 1.00000000 0.25097999
vt 0.00000000 0.33333299
vt 1.00000000 0.25097999
vt 0.00000000 0.25097999
vt 0.00000000 0.25097999
vt 1.00000000 0.25097999
vt 1.00000000 0.16862699
vt 0.00000000 0.25097999
vt 1.00000000 0.16862699
vt 0.00000000 0.16470601
vt 0.00000000 0.16470601
vt 1.00000000 0.16862699
vt 1.00000000 0.08235300
vt 0.00000000 0.16470601
vt 1.00000000 0.08235300
vt 0.00000000 0.08235300
vt 0.00000000 0.08235300
vt 1.00000000 0.08235300
vt 1.00000000 0.00000000
vt 0.00000000 0.08235300
vt 1.00000000 0.00000000
vt 0.00000000 0.00000000
vt 1.00000000 0.83529401
vt 0.00000000 0.83529401
vt 1.00000000 0.91764700
vt 1.00000000 0.91764700
vt 0.00000000 0.83529401
vt 0.00000000 0.91764700
vt 1.00000000 0.91764700
vt 0.00000000 0.91764700
vt 0.00000000 1.00000000
vt 1.00000000 0.91764700
vt 1.00000000 0.83529401
vt 0.00000000 0.83529401
vt 0.00000000 0.83529401
vt 1.00000000 0.83529401
vt 1.00000000 0.74901998
vt 0.00000000 0.83529401
vt 1.00000000 0.74901998
vt 0.00000000 0.74901998
vt 0.00000000 0.74901998
vt 1.00000000 0.74901998
vt 1.00000000 0.66666698
vt 0.00000000 0.74901998
vt 1.00000000 0.66666698
vt 0.00000000 0.66666698
vt 0.00000000 0.66666698
vt 1.00000000 0.66666698
vt 1.00000000 0.58431399
vt 0.00000000 0.66666698
vt 1.00000000 0.58431399
vt 0.00000000 0.58431399
vt 0.00000000 0.58431399
vt 1.00000000 0.58431399
vt 1.00000000 0.50196099
vt 0.00000000 0.58431399
vt 1.00000000 0.50196099
vt 0.00000000 0.49803901
vt 0.00000000 0.49803901
vt 1.00000000 0.50196099
vt 1.00000000 0.41568601
vt 0.00000000 0.49803901
vt 1.00000000 0.41568601
vt 0.00000000 0.41568601
vt 0.00000000 0.41568601
vt 1.00000000 0.41568601
vt 1.00000000 0.33333299
vt 0.00000000 0.41568601
vt 1.00000000 0.33333299
vt 0.00000000 0.33333299
vt 0.00000000 0.33333299
vt 1.00000000 0.33333299
vt 1.00000000 0.25097999
vt 0.00000000 0.33333299
vt 1.00000000 0.25097999
vt 0.00000000 0.25097999
vt 0.00000000 0.25097999
vt 1.00000000 0.25097999
vt 1.00000000 0.16862699
vt 0.00000000 0.25097999
vt 1.00000000 0.16862699
vt 0.00000000 0.16470601
vt 0.00000000 0.16470601
vt 1.00000000 0.16862699
vt 1.00000000 0.08235300
vt 0.00000000 0.16470601
vt 1.00000000 0.08235300
vt 0.00000000 0.08235300
vt 0.00000000 0.08235300
vt 1.00000000 0.08235300
vt 1.00000000 0.00000000
vt 0.00000000 0.08235300
vt 1.00000000 0.00000000
vt 0.00000000 0.00000000
vt 1.00000000 0.74901998
vt 1.00000000 0.66666698
vt 0.00000000 0.66666698
vt 0.00000000 0.66666698
vt 1.00000000 0.66666698
vt 1.00000000 0.58431399
vt 0.00000000 0.66666698
vt 1.00000000 0.58431399
vt 0.00000000 0.58431399
vt 0.00000000 0.58431399
vt 1.00000000 0.58431399
vt 1.00000000 0.50196099
vt 0.00000000 0.58431399
vt 1.00000000 0.50196099
vt 0.00000000 0.49803901
vt 0.00000000 0.49803901
vt 1.00000000 0.50196099
vt 1.00000000 0.41568601
vt 0.00000000 0.49803901
vt 1.00000000 0.41568601
vt 0.00000000 0.41568601
vt 0.00000000 0.41568601
vt 1.00000000 0.41568601
vt 1.00000000 0.33333299
vt 0.00000000 0.41568601
vt 1.00000000 0.33333299
vt 0.00000000 0.33333299
vt 0.00000000 0.33333299
vt 1.00000000 0.33333299
vt 1.00000000 0.25097999
vt 0.00000000 0.33333299
vt 1.00000000 0.25097999
vt 0.00000000 0.25097999
vt 0.00000000 0.25097999
vt 1.00000000 0.25097999
vt 1.00000000 0.16862699
vt 0.00000000 0.25097999
vt 1.00000000 0.16862699
vt 0.00000000 0.16470601
vt 0.00000000 0.16470601
vt 1.00000000 0.16862699
vt 1.00000000 0.08235300
vt 0.00000000 0.16470601
vt 1.00000000 0.08235300
vt 0.00000000 0.08235300
vt 0.00000000 0.08235300
vt 1.00000000 0.08235300
vt 1.00000000 0.00000000
vt 0.00000000 0.08235300
vt 1.00000000 0.00000000
vt 0.00000000 0.00000000
vt 1.00000000 0.74901998
vt 1.00000000 0.66666698
vt 0.00000000 0.66666698
vt 0.00000000 0.66666698
vt 1.00000000 0.66666698
vt 1.00000000 0.58431399
vt 0.00000000 0.66666698
vt 1.00000000 0.58431399
vt 0.00000000 0.58431399
vt 0.00000000 0.58431399
vt 1.00000000 0.58431399
vt 1.00000000 0.50196099
vt 0.00000000 0.58431399
vt 1.00000000 0.50196099
vt 0.00000000 0.49803901
vt 0.00000000 0.49803901
vt 1.00000000 0.50196099
vt 1.00000000 0.41568601
vt 0.00000000 0.49803901
vt 1.00000000 0.41568601
vt 0.00000000 0.41568601
vt 0.00000000 0.41568601
vt 1.00000000 0.41568601
vt 1.00000000 0.33333299
vt 0.00000000 0.41568601
vt 1.00000000 0.33333299
vt 0.00000000 0.33333299
vt 0.00000000 0.33333299
vt 1.00000000 0.33333299
vt 1.00000000 0.25097999
vt 0.00000000 0.33333299
vt 1.00000000 0.25097999
vt 0.00000000 0.25097999
vt 0.00000000 0.25097999
vt 1.00000000 0.25097999
vt 1.00000000 0.16862699
vt 0.00000000 0.25097999
vt 1.00000000 0.16862699
vt 0.00000000 0.16470601
vt 0.00000000 0.16470601
vt 1.00000000 0.16862699
vt 1.00000000 0.08235300
vt 0.00000000 0.16470601
vt 1.00000000 0.08235300
vt 0.00000000 0.08235300
vt 0.00000000 0.08235300
vt 1.00000000 0.08235300
vt 1.00000000 0.00000000
vt 0.00000000 0.08235300
vt 1.00000000 0.00000000
vt 0.00000000 0.00000000
vt 1.00000000 0.74901998
vt 1.00000000 0.66666698
vt 0.00000000 0.66666698
vt 0.00000000 0.66666698
vt 1.00000000 0.66666698
vt 1.00000000 0.58431399
vt 0.00000000 0.66666698
vt 1.00000000 0.58431399
vt 0.00000000 0.58431399
vt 0.00000000 0.58431399
vt 1.00000000 0.58431399
vt 1.00000000 0.50196099
vt 0.00000000 0.58431399
vt 1.00000000 0.50196099
vt 0.00000000 0.49803901
vt 0.00000000 0.49803901
vt 1.00000000 0.50196099
vt 1.00000000 0.41568601
vt 0.00000000 0.49803901
vt 1.00000000 0.41568601
vt 0.00000000 0.41568601
vt 0.00000000 0.41568601
vt 1.00000000 0.41568601
vt 1.00000000 0.33333299
vt 0.00000000 0.41568601
vt 1.00000000 0.33333299
vt 0.00000000 0.33333299
vt 0.00000000 0.33333299
vt 1.00000000 0.33333299
vt 1.00000000 0.25097999
vt 0.00000000 0.33333299
vt 1.00000000 0.25097999
vt 0.00000000 0.25097999
vt 0.00000000 0.25097999
vt 1.00000000 0.25097999
vt 1.00000000 0.16862699
vt 0.00000000 0.25097999
vt 1.00000000 0.16862699
vt 0.00000000 0.16470601
vt 0.00000000 0.16470601
vt 1.00000000 0.16862699
vt 1.00000000 0.08235300
vt 0.00000000 0.16470601
vt 1.00000000 0.08235300
vt 0.00000000 0.08235300
vt 0.00000000 0.08235300
vt 1.00000000 0.08235300
vt 1.00000000 0.00000000
vt 0.00000000 0.08235300
vt 1.00000000 0.00000000
vt 0.00000000 0.00000000
vt 1.00000000 1.00000000
vt 1.00000000 0.91764700
vt 0.00000000 0.91764700
vt 0.00000000 0.91764700
vt 1.00000000 0.91764700
vt 1.00000000 0.83529401
vt 0.00000000 0.91764700
vt 1.00000000 0.83529401
vt 0.00000000 0.83529401
vt 0.00000000 0.83529401
vt 1.00000000 0.83529401
vt 1.00000000 0.74901998
vt 0.00000000 0.83529401
vt 1.00000000 0.74901998
vt 0.00000000 0.74901998
vt 0.00000000 0.74901998
vt 1.00000000 0.74901998
vt 0.00000000 0.66666698
vt 1.00000000 0.91764700
vt 1.00000000 0.83529401
vt 0.00000000 0.83529401
vt 0.00000000 0.83529401
vt 1.00000000 0.83529401
vt 1.00000000 0.74901998
vt 0.00000000 0.83529401
vt 1.00000000 0.74901998
vt 0.00000000 0.74901998
vt 0.00000000 0.74901998
vt 1.00000000 0.74901998
vt 1.00000000 0.66666698
vt 0.00000000 0.74901998
vt 1.00000000 0.66666698
vt 0.00000000 0.66666698
vt 0.00000000 0.66666698
vt 1.00000000 0.66666698
vt 1.00000000 0.58431399
vt 0.00000000 0.66666698
vt 1.00000000 0.58431399
vt 0.00000000 0.58431399
vt 0.00000000 0.58431399
vt 1.00000000 0.58431399
vt 1.00000000 0.50196099
vt 0.00000000 0.58431399
vt 1.00000000 0.50196099
vt 0.00000000 0.49803901
vt 0.00000000 0.49803901
vt 1.00000000 0.50196099
vt 1.00000000 0.41568601
vt 0.00000000 0.49803901
vt 1.00000000 0.41568601
vt 0.00000000 0.41568601
vt 0.00000000 0.41568601
vt 1.00000000 0.41568601
vt 1.00000000 0.33333299
vt 0.00000000 0.41568601
vt 1.00000000 0.33333299
vt 0.00000000 0.33333299
vt 0.00000000 0.33333299
vt 1.00000000 0.33333299
vt 1.00000000 0.25097999
vt 0.00000000 0.33333299
vt 1.00000000 0.25097999
vt 0.00000000 0.25097999
vt 0.00000000 0.25097999
vt 1.00000000 0.25097999
vt 1.00000000 0.16862699
vt 0.00000000 0.25097999
vt 1.00000000 0.16862699
vt 0.00000000 0.16470601
vt 0.00000000 0.16470601
vt 1.00000000 0.16862699
vt 1.00000000 0.08235300
vt 0.00000000 0.16470601
vt 1.00000000 0.08235300
vt 0.00000000 0.08235300
vt 0.00000000 0.08235300
vt 1.00000000 0.08235300
vt 1.00000000 0.00000000
vt 0.00000000 0.08235300
vt 1.00000000 0.00000000
vt 0.00000000 0.00000000
vt 0.00000000 0.83529401
vt 0.00000000 0.91764700
vt 1.00000000 0.91764700
vt 1.00000000 0.91764700
vt 0.00000000 0.91764700
vt 0.00000000 1.00000000
vt 1.00000000 0.91764700
vt 0.00000000 1.00000000
vt 1.00000000 1.00000000
vt 0.00000000 0.83529401
vt 0.00000000 0.91764700
vt 1.00000000 0.91764700
vt 1.00000000 0.91764700
vt 0.00000000 0.91764700
vt 0.00000000 1.00000000
vt 1.00000000 0.91764700
vt 0.00000000 1.00000000
vt 1.00000000 1.00000000
vt 1.00000000 0.91764700
vt 1.00000000 0.83529401
vt 0.00000000 0.83529401
vt 0.00000000 0.83529401
vt 1.00000000 0.83529401
vt 1.00000000 0.74901998
vt 0.00000000 0.83529401
vt 1.00000000 0.74901998
vt 0.00000000 0.74901998
vt 0.00000000 0.74901998
vt 1.00000000 0.74901998
vt 1.00000000 0.66666698
vt 0.00000000 0.74901998
vt 1.00000000 0.66666698
vt 0.00000000 0.66666698
vt 0.00000000 0.66666698
vt 1.00000000 0.66666698
vt 1.00000000 0.58431399
vt 0.00000000 0.66666698
vt 1.00000000 0.58431399
vt 0.00000000 0.58431399
vt 0.00000000 0.58431399
vt 1.00000000 0.58431399
vt 1.00000000 0.50196099
vt 0.00000000 0.58431399
vt 1.00000000 0.50196099
vt 0.00000000 0.49803901
vt 0.00000000 0.49803901
vt 1.00000000 0.50196099
vt 1.00000000 0.41568601
vt 0.00000000 0.49803901
vt 1.00000000 0.41568601
vt 0.00000000 0.41568601
vt 0.00000000 0.41568601
vt 1.00000000 0.41568601
vt 1.00000000 0.33333299
vt 0.00000000 0.41568601
vt 1.00000000 0.33333299
vt 0.00000000 0.33333299
vt 0.00000000 0.33333299
vt 1.00000000 0.33333299
vt 1.00000000 0.25097999
vt 0.00000000 0.33333299
vt 1.00000000 0.25097999
vt 0.00000000 0.25097999
vt 0.00000000 0.25097999
vt 1.00000000 0.25097999
vt 1.00000000 0.16862699
vt 0.00000000 0.25097999
vt 1.00000000 0.16862699
vt 0.00000000 0.16470601
vt 0.00000000 0.16470601
vt 1.00000000 0.16862699
vt 1.00000000 0.08235300
vt 0.00000000 0.16470601
vt 1.00000000 0.08235300
vt 0.00000000 0.08235300
vt 0.00000000 0.08235300
vt 1.00000000 0.08235300
vt 1.00000000 0.00000000
vt 0.00000000 0.08235300
vt 1.00000000 0.00000000
vt 0.00000000 0.00000000
vt 1.00000000 1.00000000
vt 1.00000000 0.91764700
vt 0.00000000 0.91764700
vt 0.00000000 0.91764700
vt 1.00000000 0.91764700
vt 1.00000000 0.83529401
vt 0.00000000 0.91764700
vt 1.00000000 0.83529401
vt 0.00000000 0.83529401
vt 0.00000000 0.83529401
vt 1.00000000 0.83529401
vt 1.00000000 0.74901998
vt 0.00000000 0.83529401
vt 1.00000000 0.74901998
vt 0.00000000 0.74901998
vt 0.00000000 0.74901998
vt 1.00000000 0.74901998
vt 0.00000000 0.66666698
vt 1.00000000 0.74901998
vt 1.00000000 0.66666698
vt 0.00000000 0.66666698
vt 0.00000000 0.66666698
vt 1.00000000 0.66666698
vt 1.00000000 0.58431399
vt 0.00000000 0.66666698
vt 1.00000000 0.58431399
vt 0.00000000 0.58431399
vt 0.00000000 0.58431399
vt 1.00000000 0.58431399
vt 1.00000000 0.50196099
vt 0.00000000 0.58431399
vt 1.00000000 0.50196099
vt 0.00000000 0.49803901
vt 0.00000000 0.49803901
vt 1.00000000 0.50196099
vt 1.00000000 0.41568601
vt 0.00000000 0.49803901
vt 1.00000000 0.41568601
vt 0.00000000 0.41568601
vt 0.00000000 0.41568601
vt 1.00000000 0.41568601
vt 1.00000000 0.33333299
vt 0.00000000 0.41568601
vt 1.00000000 0.33333299
vt 0.00000000 0.33333299
vt 0.00000000 0.33333299
vt 1.00000000 0.33333299
vt 1.00000000 0.25097999
vt 0.00000000 0.33333299
vt 1.00000000 0.25097999
vt 0.00000000 0.25097999
vt 0.00000000 0.25097999
vt 1.00000000 0.25097999
vt 1.00000000 0.16862699
vt 0.00000000 0.25097999
vt 1.00000000 0.16862699
vt 0.00000000 0.16470601
vt 0.00000000 0.16470601
vt 1.00000000 0.16862699
vt 1.00000000 0.08235300
vt 0.00000000 0.16470601
vt 1.00000000 0.08235300
vt 0.00000000 0.08235300
vt 0.00000000 0.08235300
vt 1.00000000 0.08235300
vt 1.00000000 0.00000000
vt 0.00000000 0.08235300
vt 1.00000000 0.00000000
vt 0.00000000 0.00000000
vt 1.00000000 0.91764700
vt 1.00000000 0.83529401
vt 0.00000000 0.83529401
vt 0.00000000 0.83529401
vt 1.00000000 0.83529401
vt 1.00000000 0.74901998
vt 0.00000000 0.83529401
vt 1.00000000 0.74901998
vt 0.00000000 0.74901998
vt 0.00000000 0.74901998
vt 1.00000000 0.74901998
vt 1.00000000 0.66666698
vt 0.00000000 0.74901998
vt 1.00000000 0.66666698
vt 0.00000000 0.66666698
vt 0.00000000 0.66666698
vt 1.00000000 0.66666698
vt 1.00000000 0.58431399
vt 0.00000000 0.66666698
vt 1.00000000 0.58431399
vt 0.00000000 0.58431399
vt 0.00000000 0.58431399
vt 1.00000000 0.58431399
vt 1.00000000 0.50196099
vt 0.00000000 0.58431399
vt 1.00000000 0.50196099
vt 0.00000000 0.49803901
vt 0.00000000 0.49803901
vt 1.00000000 0.50196099
vt 1.00000000 0.41568601
vt 0.00000000 0.49803901
vt 1.00000000 0.41568601
vt 0.00000000 0.41568601
vt 0.00000000 0.41568601
vt 1.00000000 0.41568601
vt 1.00000000 0.33333299
vt 0.00000000 0.41568601
vt 1.00000000 0.33333299
vt 0.00000000 0.33333299
vt 0.00000000 0.33333299
vt 1.00000000 0.33333299
vt 1.00000000 0.25097999
vt 0.00000000 0.33333299
vt 1.00000000 0.25097999
vt 0.00000000 0.25097999
vt 0.00000000 0.25097999
vt 1.00000000 0.25097999
vt 1.00000000 0.16862699
vt 0.00000000 0.25097999
vt 1.00000000 0.16862699
vt 0.00000000 0.16470601
vt 0.00000000 0.16470601
vt 1.00000000 0.16862699
vt 1.00000000 0.08235300
vt 0.00000000 0.16470601
vt 1.00000000 0.08235300
vt 0.00000000 0.08235300
vt 0.00000000 0.08235300
vt 1.00000000 0.08235300
vt 1.00000000 0.00000000
vt 0.00000000 0.08235300
vt 1.00000000 0.00000000
vt 0.00000000 0.00000000
vt 0.00000000 0.83529401
vt 0.00000000 0.91764700
vt 1.00000000 0.91764700
vt 1.00000000 0.91764700
vt 0.00000000 0.91764700
vt 0.00000000 1.00000000
vt 1.00000000 0.91764700
vt 0.00000000 1.00000000
vt 1.00000000 1.00000000
vt 1.00000000 0.74901998
vt 1.00000000 0.66666698
vt 0.00000000 0.66666698
vt 0.00000000 0.66666698
vt 1.00000000 0.66666698
vt 1.00000000 0.58431399
vt 0.00000000 0.66666698
vt 1.00000000 0.58431399
vt 0.00000000 0.58431399
vt 0.00000000 0.58431399
vt 1.00000000 0.58431399
vt 1.00000000 0.50196099
vt 0.00000000 0.58431399
vt 1.00000000 0.50196099
vt 0.00000000 0.49803901
vt 0.00000000 0.49803901
vt 1.00000000 0.50196099
vt 1.00000000 0.41568601
vt 0.00000000 0.49803901
vt 1.00000000 0.41568601
vt 0.00000000 0.41568601
vt 0.00000000 0.41568601
vt 1.00000000 0.41568601
vt 1.00000000 0.33333299
vt 0.00000000 0.41568601
vt 1.00000000 0.33333299
vt 0.00000000 0.33333299
vt 0.00000000 0.33333299
vt 1.00000000 0.33333299
vt 1.00000000 0.25097999
vt 0.00000000 0.33333299
vt 1.00000000 0.25097999
vt 0.00000000 0.25097999
vt 0.00000000 0.25097999
vt 1.00000000 0.25097999
vt 1.00000000 0.16862699
vt 0.00000000 0.25097999
vt 1.00000000 0.16862699
vt 0.00000000 0.16470601
vt 0.00000000 0.16470601
vt 1.00000000 0.16862699
vt 1.00000000 0.08235300
vt 0.00000000 0.16470601
vt 1.00000000 0.08235300
vt 0.00000000 0.08235300
vt 0.00000000 0.08235300
vt 1.00000000 0.08235300
vt 1.00000000 0.00000000
vt 0.00000000 0.08235300
vt 1.00000000 0.00000000
vt 0.00000000 0.00000000
vt 1.00000000 1.00000000
vt 1.00000000 0.91764700
vt 0.00000000 0.91764700
vt 0.00000000 0.91764700
vt 1.00000000 0.91764700
vt 1.00000000 0.83529401
vt 0.00000000 0.91764700
vt 1.00000000 0.83529401
vt 0.00000000 0.83529401
vt 0.00000000 0.83529401
vt 1.00000000 0.83529401
vt 1.00000000 0.74901998
vt 0.00000000 0.83529401
vt 1.00000000 0.74901998
vt 0.00000000 0.74901998
vt 0.00000000 0.74901998
vt 1.00000000 0.74901998
vt 0.00000000 0.66666698
vt 1.00000000 0.00000000
vt 0.00000000 0.08235300
vt 1.00000000 0.08235300
vt 1.00000000 0.08235300
vt 0.00000000 0.08235300
vt 0.00000000 0.16470601
vt 1.00000000 0.08235300
vt 0.00000000 0.16470601
vt 1.00000000 0.16862699
vt 1.00000000 0.16862699
vt 0.00000000 0.16470601
vt 0.00000000 0.25097999
vt 1.00000000 0.16862699
vt 0.00000000 0.25097999
vt 1.00000000 0.25097999
vt 1.00000000 0.25097999
vt 0.00000000 0.25097999
vt 0.00000000 0.33333299
vt 1.00000000 0.25097999
vt 0.00000000 0.33333299
vt 1.00000000 0.33333299
vt 1.00000000 0.33333299
vt 0.00000000 0.33333299
vt 0.00000000 0.41568601
vt 1.00000000 0.33333299
vt 0.00000000 0.41568601
vt 1.00000000 0.41568601
vt 1.00000000 0.41568601
vt 0.00000000 0.41568601
vt 0.00000000 0.49803901
vt 1.00000000 0.41568601
vt 0.00000000 0.49803901
vt 1.00000000 0.50196099
vt 1.00000000 0.50196099
vt 0.00000000 0.49803901
vt 0.00000000 0.58431399
vt 1.00000000 0.50196099
vt 0.00000000 0.58431399
vt 1.00000000 0.58431399
vt 1.00000000 0.58431399
vt 0.00000000 0.58431399
vt 0.00000000 0.66666698
vt 1.00000000 0.58431399
vt 0.00000000 0.66666698
vt 1.00000000 0.66666698
vt 1.00000000 0.66666698
vt 0.00000000 0.66666698
vt 0.00000000 0.74901998
vt 1.00000000 0.66666698
vt 0.00000000 0.74901998
vt 1.00000000 0.74901998
vt 1.00000000 0.74901998
vt 0.00000000 0.74901998
vt 0.00000000 0.83529401
vt 1.00000000 0.74901998
vt 0.00000000 0.83529401
vt 1.00000000 0.83529401
vt 1.00000000 0.83529401
vt 0.00000000 0.83529401
vt 1.00000000 0.91764700
vt 1.00000000 0.91764700
vt 0.00000000 0.83529401
vt 0.00000000 0.91764700
vt 1.00000000 0.91764700
vt 0.00000000 0.91764700
vt 0.00000000 1.00000000
vt 1.00000000 0.00000000
vt 0.00000000 0.08235300
vt 1.00000000 0.08235300
vt 1.00000000 0.08235300
vt 0.00000000 0.08235300
vt 0.00000000 0.16470601
vt 1.00000000 0.08235300
vt 0.00000000 0.16470601
vt 1.00000000 0.16862699
vt 1.00000000 0.16862699
vt 0.00000000 0.16470601
vt 0.00000000 0.25097999
vt 1.00000000 0.16862699
vt 0.00000000 0.25097999
vt 1.00000000 0.25097999
vt 1.00000000 0.25097999
vt 0.00000000 0.25097999
vt 0.00000000 0.33333299
vt 1.00000000 0.25097999
vt 0.00000000 0.33333299
vt 1.00000000 0.33333299
vt 1.00000000 0.33333299
vt 0.00000000 0.33333299
vt 0.00000000 0.41568601
vt 1.00000000 0.33333299
vt 0.00000000 0.41568601
vt 1.00000000 0.41568601
vt 1.00000000 0.41568601
vt 0.00000000 0.41568601
vt 0.00000000 0.49803901
vt 1.00000000 0.41568601
vt 0.00000000 0.49803901
vt 1.00000000 0.50196099
vt 1.00000000 0.50196099
vt 0.00000000 0.49803901
vt 0.00000000 0.58431399
vt 1.00000000 0.50196099
vt 0.00000000 0.58431399
vt 1.00000000 0.58431399
vt 1.00000000 0.58431399
vt 0.00000000 0.58431399
vt 0.00000000 0.66666698
vt 1.00000000 0.58431399
vt 0.00000000 0.66666698
vt 1.00000000 0.66666698
vt 0.00000000 0.83529401
vt 0.00000000 0.91764700
vt 1.00000000 0.91764700
vt 1.00000000 0.91764700
vt 0.00000000 0.91764700
vt 0.00000000 1.00000000
vt 1.00000000 0.91764700
vt 0.00000000 1.00000000
vt 1.00000000 1.00000000
vt 1.00000000 1.00000000
vt 1.00000000 0.91764700
vt 0.00000000 0.91764700
vt 0.00000000 0.91764700
vt 1.00000000 0.91764700
vt 1.00000000 0.83529401
vt 0.00000000 0.91764700
vt 1.00000000 0.83529401
vt 0.00000000 0.83529401
vt 0.00000000 0.83529401
vt 1.00000000 0.83529401
vt 1.00000000 0.74901998
vt 1.00000000 0.91764700
vt 1.00000000 0.83529401
vt 0.00000000 0.83529401
vt 0.00000000 0.83529401
vt 1.00000000 0.83529401
vt 1.00000000 0.74901998
vt 0.00000000 0.83529401
vt 1.00000000 0.74901998
vt 0.00000000 0.74901998
vt 0.00000000 0.74901998
vt 1.00000000 0.74901998
vt 1.00000000 0.66666698
vt 0.00000000 0.74901998
vt 1.00000000 0.66666698
vt 0.00000000 0.66666698
vt 0.00000000 0.66666698
vt 1.00000000 0.66666698
vt 1.00000000 0.58431399
vt 0.00000000 0.66666698
vt 1.00000000 0.58431399
vt 0.00000000 0.58431399
vt 0.00000000 0.58431399
vt 1.00000000 0.58431399
vt 1.00000000 0.50196099
vt 0.00000000 0.58431399
vt 1.00000000 0.50196099
vt 0.00000000 0.49803901
vt 0.00000000 0.49803901
vt 1.00000000 0.50196099
vt 1.00000000 0.41568601
vt 0.00000000 0.49803901
vt 1.00000000 0.41568601
vt 0.00000000 0.41568601
vt 0.00000000 0.41568601
vt 1.00000000 0.41568601
vt 1.00000000 0.33333299
vt 0.00000000 0.41568601
vt 1.00000000 0.33333299
vt 0.00000000 0.33333299
vt 0.00000000 0.33333299
vt 1.00000000 0.33333299
vt 1.00000000 0.25097999
vt 0.00000000 0.33333299
vt 1.00000000 0.25097999
vt 0.00000000 0.25097999
vt 0.00000000 0.25097999
vt 1.00000000 0.25097999
vt 1.00000000 0.16862699
vt 0.00000000 0.25097999
vt 1.00000000 0.16862699
vt 0.00000000 0.16470601
vt 0.00000000 0.16470601
vt 1.00000000 0.16862699
vt 1.00000000 0.08235300
vt 0.00000000 0.16470601
vt 1.00000000 0.08235300
vt 0.00000000 0.08235300
vt 0.00000000 0.08235300
vt 1.00000000 0.08235300
vt 1.00000000 0.00000000
vt 0.00000000 0.08235300
vt 1.00000000 0.00000000
vt 0.00000000 0.00000000
vt 1.00000000 0.66666698
vt 0.00000000 0.66666698
vt 1.00000000 0.74901998
vt 1.00000000 0.74901998
vt 0.00000000 0.66666698
vt 0.00000000 0.74901998
vt 1.00000000 0.74901998
vt 0.00000000 0.74901998
vt 0.00000000 0.83529401
vt 1.00000000 1.00000000
vt 1.00000000 0.91764700
vt 0.00000000 0.91764700
vt 0.00000000 0.91764700
vt 1.00000000 0.91764700
vt 1.00000000 0.83529401
vt 0.00000000 0.91764700
vt 1.00000000 0.83529401
vt 0.00000000 0.83529401
vt 0.00000000 0.83529401
vt 1.00000000 0.83529401
vt 1.00000000 0.74901998
vt 0.00000000 0.83529401
vt 1.00000000 0.74901998
vt 0.00000000 0.74901998
vt 0.00000000 0.74901998
vt 1.00000000 0.74901998
vt 0.00000000 0.66666698
vt 0.00000000 0.00000000
vt 0.00000000 0.05490200
vt 1.00000000 0.05490200
vt 1.00000000 0.05490200
vt 0.00000000 0.05490200
vt 0.00000000 0.10980400
vt 1.00000000 0.05490200
vt 0.00000000 0.10980400
vt 1.00000000 0.10980400
vt 1.00000000 0.10980400
vt 0.00000000 0.10980400
vt 0.00000000 0.16862699
vt 1.00000000 0.10980400
vt 0.00000000 0.16862699
vt 1.00000000 0.16470601
vt 1.00000000 0.16470601
vt 0.00000000 0.16862699
vt 0.00000000 0.22352900
vt 1.00000000 0.16470601
vt 0.00000000 0.22352900
vt 1.00000000 0.22352900
vt 1.00000000 0.22352900
vt 0.00000000 0.22352900
vt 0.00000000 0.27843100
vt 1.00000000 0.22352900
vt 0.00000000 0.27843100
vt 1.00000000 0.27843100
vt 1.00000000 0.27843100
vt 0.00000000 0.27843100
vt 0.00000000 0.33333299
vt 1.00000000 0.27843100
vt 0.00000000 0.33333299
vt 1.00000000 0.33333299
vt 1.00000000 0.33333299
vt 0.00000000 0.33333299
vt 0.00000000 0.38823500
vt 1.00000000 0.33333299
vt 0.00000000 0.38823500
vt 1.00000000 0.38823500
vt 1.00000000 0.38823500
vt 0.00000000 0.38823500
vt 0.00000000 0.44313699
vt 1.00000000 0.38823500
vt 0.00000000 0.44313699
vt 1.00000000 0.44313699
vt 1.00000000 0.44313699
vt 0.00000000 0.44313699
vt 0.00000000 0.50196099
vt 1.00000000 0.44313699
vt 0.00000000 0.50196099
vt 1.00000000 0.50196099
vt 1.00000000 0.50196099
vt 0.00000000 0.50196099
vt 0.00000000 0.55686301
vt 1.00000000 0.50196099
vt 0.00000000 0.55686301
vt 1.00000000 0.55686301
vt 1.00000000 0.55686301
vt 0.00000000 0.55686301
vt 0.00000000 0.61176503
vt 1.00000000 0.55686301
vt 0.00000000 0.61176503
vt 1.00000000 0.61176503
vt 1.00000000 0.61176503
vt 0.00000000 0.61176503
vt 0.00000000 0.66666698
vt 1.00000000 0.61176503
vt 0.00000000 0.66666698
vt 1.00000000 0.66666698
vt 1.00000000 0.66666698
vt 0.00000000 0.66666698
vt 0.00000000 0.72156900
vt 1.00000000 0.66666698
vt 0.00000000 0.72156900
vt 1.00000000 0.72156900
vt 1.00000000 0.72156900
vt 0.00000000 0.72156900
vt 0.00000000 0.77647102
vt 1.00000000 0.72156900
vt 0.00000000 0.77647102
vt 1.00000000 0.77647102
vt 1.00000000 0.77647102
vt 0.00000000 0.77647102
vt 0.00000000 0.83529401
vt 1.00000000 0.77647102
vt 0.00000000 0.83529401
vt 1.00000000 0.83529401
vt 1.00000000 0.83529401
vt 0.00000000 0.83529401
vt 0.00000000 0.89019603
vt 1.00000000 0.83529401
vt 0.00000000 0.89019603
vt 1.00000000 0.89019603
vt 1.00000000 0.89019603
vt 0.00000000 0.89019603
vt 0.00000000 0.94509798
vt 1.00000000 0.89019603
vt 0.00000000 0.94509798
vt 1.00000000 0.94509798
vt 1.00000000 0.94509798
vt 0.00000000 0.94509798
vt 0.00000000 1.00000000
vt 1.00000000 0.94509798
vt 0.00000000 1.00000000
vt 1.00000000 1.00000000
vt 0.49803901 0.91764700
vt 0.41176501 0.99215698
vt 0.41960800 0.90980399
vt 0.41960800 0.90980399
vt 0.41176501 0.99215698
vt 0.32941201 0.96862799
vt 0.41960800 0.90980399
vt 0.32941201 0.96862799
vt 0.34117600 0.88627499
vt 0.34117600 0.88627499
vt 0.32941201 0.96862799
vt 0.25097999 0.93333298
vt 0.34117600 0.88627499
vt 0.25097999 0.93333298
vt 0.26666701 0.84705901
vt 0.26666701 0.84705901
vt 0.25097999 0.93333298
vt 0.18039200 0.88235301
vt 0.26666701 0.84705901
vt 0.18039200 0.88235301
vt 0.20392200 0.79607898
vt 0.20392200 0.79607898
vt 0.18039200 0.88235301
vt 0.11764700 0.81960797
vt 0.20392200 0.79607898
vt 0.11764700 0.81960797
vt 0.15294100 0.73333299
vt 0.15294100 0.73333299
vt 0.11764700 0.81960797
vt 0.06666700 0.74901998
vt 0.15294100 0.73333299
vt 0.06666700 0.74901998
vt 0.11372500 0.65882403
vt 0.11372500 0.65882403
vt 0.06666700 0.74901998
vt 0.03137300 0.67058802
vt 0.11372500 0.65882403
vt 0.03137300 0.67058802
vt 0.09019600 0.58039200
vt 0.09019600 0.58039200
vt 0.03137300 0.67058802
vt 0.00784300 0.58823502
vt 0.09019600 0.58039200
vt 0.00784300 0.58823502
vt 0.08235300 0.50196099
vt 0.08235300 0.50196099
vt 0.00784300 0.58823502
vt 0.00000000 0.50196099
vt 0.08235300 0.50196099
vt 0.00000000 0.50196099
vt 0.00784300 0.41176501
vt 0.08235300 0.50196099
vt 0.00784300 0.41176501
vt 0.09019600 0.41960800
vt 0.09019600 0.41960800
vt 0.00784300 0.41176501
vt 0.03137300 0.32941201
vt 0.09019600 0.41960800
vt 0.03137300 0.32941201
vt 0.11372500 0.34117600
vt 0.11372500 0.34117600
vt 0.03137300 0.32941201
vt 0.06666700 0.25097999
vt 0.11372500 0.34117600
vt 0.06666700 0.25097999
vt 0.15294100 0.26666701
vt 0.15294100 0.26666701
vt 0.06666700 0.25097999
vt 0.11764700 0.18039200
vt 0.15294100 0.26666701
vt 0.11764700 0.18039200
vt 0.20392200 0.20392200
vt 0.20392200 0.20392200
vt 0.11764700 0.18039200
vt 0.18039200 0.11764700
vt 0.20392200 0.20392200
vt 0.18039200 0.11764700
vt 0.26666701 0.15294100
vt 0.26666701 0.15294100
vt 0.18039200 0.11764700
vt 0.25097999 0.06666700
vt 0.26666701 0.15294100
vt 0.25097999 0.06666700
vt 0.34117600 0.11372500
vt 0.34117600 0.11372500
vt 0.25097999 0.06666700
vt 0.32941201 0.03137300
vt 0.34117600 0.11372500
vt 0.32941201 0.03137300
vt 0.41960800 0.09019600
vt 0.41960800 0.09019600
vt 0.32941201 0.03137300
vt 0.41176501 0.00784300
vt 0.41960800 0.09019600
vt 0.41176501 0.00784300
vt 0.50196099 0.08235300
vt 0.50196099 0.08235300
vt 0.41176501 0.00784300
vt 0.50196099 0.00000000
vt 0.50196099 0.08235300
vt 0.50196099 0.00000000
vt 0.58823502 0.00784300
vt 0.50196099 0.08235300
vt 0.58823502 0.00784300
vt 0.58039200 0.09019600
vt 0.58039200 0.09019600
vt 0.58823502 0.00784300
vt 0.67058802 0.03137300
vt 0.58039200 0.09019600
vt 0.67058802 0.03137300
vt 0.65882403 0.11372500
vt 0.65882403 0.11372500
vt 0.67058802 0.03137300
vt 0.74901998 0.06666700
vt 0.65882403 0.11372500
vt 0.74901998 0.06666700
vt 0.73333299 0.15294100
vt 0.73333299 0.15294100
vt 0.74901998 0.06666700
vt 0.81960797 0.11764700
vt 0.73333299 0.15294100
vt 0.81960797 0.11764700
vt 0.79607898 0.20392200
vt 0.79607898 0.20392200
vt 0.81960797 0.11764700
vt 0.88235301 0.18039200
vt 0.79607898 0.20392200
vt 0.88235301 0.18039200
vt 0.84705901 0.26666701
vt 0.84705901 0.26666701
vt 0.88235301 0.18039200
vt 0.93333298 0.25097999
vt 0.84705901 0.26666701
vt 0.93333298 0.25097999
vt 0.88627499 0.34117600
vt 0.88627499 0.34117600
vt 0.93333298 0.25097999
vt 0.96862799 0.32941201
vt 0.88627499 0.34117600
vt 0.96862799 0.32941201
vt 0.90980399 0.41960800
vt 0.90980399 0.41960800
vt 0.96862799 0.32941201
vt 0.99215698 0.41176501
vt 0.90980399 0.41960800
vt 0.99215698 0.41176501
vt 0.91764700 0.50196099
vt 0.00000000 0.00000000
vt 0.00000000 0.05490200
vt 1.00000000 0.05490200
vt 1.00000000 0.05490200
vt 0.00000000 0.05490200
vt 0.00000000 0.10980400
vt 1.00000000 0.05490200
vt 0.00000000 0.10980400
vt 1.00000000 0.10980400
vt 1.00000000 0.10980400
vt 0.00000000 0.10980400
vt 0.00000000 0.16862699
vt 1.00000000 0.10980400
vt 0.00000000 0.16862699
vt 1.00000000 0.16470601
vt 1.00000000 0.16470601
vt 0.00000000 0.16862699
vt 0.00000000 0.22352900
vt 1.00000000 0.16470601
vt 0.00000000 0.22352900
vt 1.00000000 0.22352900
vt 1.00000000 0.22352900
vt 0.00000000 0.22352900
vt 0.00000000 0.27843100
vt 1.00000000 0.22352900
vt 0.00000000 0.27843100
vt 1.00000000 0.27843100
vt 1.00000000 0.27843100
vt 0.00000000 0.27843100
vt 0.00000000 0.33333299
vt 1.00000000 0.27843100
vt 0.00000000 0.33333299
vt 1.00000000 0.33333299
vt 1.00000000 0.33333299
vt 0.00000000 0.33333299
vt 0.00000000 0.38823500
vt 1.00000000 0.33333299
vt 0.00000000 0.38823500
vt 1.00000000 0.38823500
vt 1.00000000 0.38823500
vt 0.00000000 0.38823500
vt 0.00000000 0.44313699
vt 1.00000000 0.38823500
vt 0.00000000 0.44313699
vt 1.00000000 0.44313699
vt 1.00000000 0.44313699
vt 0.00000000 0.44313699
vt 0.00000000 0.50196099
vt 1.00000000 0.44313699
vt 0.00000000 0.50196099
vt 1.00000000 0.50196099
vt 1.00000000 0.50196099
vt 0.00000000 0.50196099
vt 0.00000000 0.55686301
vt 1.00000000 0.50196099
vt 0.00000000 0.55686301
vt 1.00000000 0.55686301
vt 1.00000000 0.55686301
vt 0.00000000 0.55686301
vt 0.00000000 0.61176503
vt 1.00000000 0.55686301
vt 0.00000000 0.61176503
vt 1.00000000 0.61176503
vt 1.00000000 0.61176503
vt 0.00000000 0.61176503
vt 0.00000000 0.66666698
vt 1.00000000 0.61176503
vt 0.00000000 0.66666698
vt 1.00000000 0.66666698
vt 1.00000000 0.66666698
vt 0.00000000 0.66666698
vt 0.00000000 0.72156900
vt 1.00000000 0.66666698
vt 0.00000000 0.72156900
vt 1.00000000 0.72156900
vt 1.00000000 0.72156900
vt 0.00000000 0.72156900
vt 0.00000000 0.77647102
vt 1.00000000 0.72156900
vt 0.00000000 0.77647102
vt 1.00000000 0.77647102
vt 1.00000000 0.77647102
vt 0.00000000 0.77647102
vt 0.00000000 0.83529401
vt 1.00000000 0.77647102
vt 0.00000000 0.83529401
vt 1.00000000 0.83529401
vt 1.00000000 0.83529401
vt 0.00000000 0.83529401
vt 0.00000000 0.89019603
vt 1.00000000 0.83529401
vt 0.00000000 0.89019603
vt 1.00000000 0.89019603
vt 1.00000000 0.89019603
vt 0.00000000 0.89019603
vt 0.00000000 0.94509798
vt 1.00000000 0.89019603
vt 0.00000000 0.94509798
vt 1.00000000 0.94509798
vt 1.00000000 0.94509798
vt 0.00000000 0.94509798
vt 0.00000000 1.00000000
vt 1.00000000 0.94509798
vt 0.00000000 1.00000000
vt 1.00000000 1.00000000
vt 1.00000000 0.00000000
vt 0.00000000 0.05490200
vt 1.00000000 0.05490200
vt 1.00000000 0.05490200
vt 0.00000000 0.05490200
vt 0.00000000 0.10980400
vt 1.00000000 0.05490200
vt 0.00000000 0.10980400
vt 1.00000000 0.10980400
vt 1.00000000 0.10980400
vt 0.00000000 0.10980400
vt 0.00000000 0.16862699
vt 1.00000000 0.10980400
vt 0.00000000 0.16862699
vt 1.00000000 0.16470601
vt 1.00000000 0.16470601
vt 0.00000000 0.16862699
vt 0.00000000 0.22352900
vt 1.00000000 0.16470601
vt 0.00000000 0.22352900
vt 1.00000000 0.22352900
vt 1.00000000 0.22352900
vt 0.00000000 0.22352900
vt 0.00000000 0.27843100
vt 1.00000000 0.22352900
vt 0.00000000 0.27843100
vt 1.00000000 0.27843100
vt 1.00000000 0.27843100
vt 0.00000000 0.27843100
vt 0.00000000 0.33333299
vt 1.00000000 0.27843100
vt 0.00000000 0.33333299
vt 1.00000000 0.33333299
vt 1.00000000 0.33333299
vt 0.00000000 0.33333299
vt 0.00000000 0.38823500
vt 1.00000000 0.33333299
vt 0.00000000 0.38823500
vt 1.00000000 0.38823500
vt 1.00000000 0.38823500
vt 0.00000000 0.38823500
vt 0.00000000 0.44313699
vt 1.00000000 0.38823500
vt 0.00000000 0.44313699
vt 1.00000000 0.44313699
vt 0.00000000 1.00000000
vt 1.00000000 0.94509798
vt 0.00000000 0.94509798
vt 0.00000000 0.94509798
vt 1.00000000 0.94509798
vt 1.00000000 0.89019603
vt 0.00000000 0.94509798
vt 1.00000000 0.89019603
vt 0.00000000 0.89019603
vt 0.00000000 0.89019603
vt 1.00000000 0.89019603
vt 1.00000000 0.83529401
vt 0.00000000 0.89019603
vt 1.00000000 0.83529401
vt 0.00000000 0.83529401
vt 0.00000000 0.83529401
vt 1.00000000 0.83529401
vt 1.00000000 0.77647102
vt 0.00000000 0.83529401
vt 1.00000000 0.77647102
vt 0.00000000 0.77647102
vt 0.00000000 0.77647102
vt 1.00000000 0.77647102
vt 1.00000000 0.72156900
vt 0.00000000 0.77647102
vt 1.00000000 0.72156900
vt 0.00000000 0.72156900
vt 0.00000000 0.72156900
vt 1.00000000 0.72156900
vt 1.00000000 0.66666698
vt 0.00000000 0.72156900
vt 1.00000000 0.66666698
vt 0.00000000 0.66666698
vt 0.00000000 0.66666698
vt 1.00000000 0.66666698
vt 1.00000000 0.61176503
vt 0.00000000 0.66666698
vt 1.00000000 0.61176503
vt 0.00000000 0.61176503
vt 0.00000000 0.61176503
vt 1.00000000 0.61176503
vt 1.00000000 0.55686301
vt 0.00000000 0.61176503
vt 1.00000000 0.55686301
vt 0.00000000 0.55686301
vt 1.00000000 0.50196099
vt 0.91764700 0.50196099
vt 0.99215698 0.41176501
vt 0.99215698 0.41176501
vt 0.91764700 0.50196099
vt 0.90980399 0.41960800
vt 0.99215698 0.41176501
vt 0.90980399 0.41960800
vt 0.96862799 0.32941201
vt 0.96862799 0.32941201
vt 0.90980399 0.41960800
vt 0.88627499 0.34117600
vt 0.96862799 0.32941201
vt 0.88627499 0.34117600
vt 0.93333298 0.25097999
vt 0.93333298 0.25097999
vt 0.88627499 0.34117600
vt 0.84705901 0.26666701
vt 0.93333298 0.25097999
vt 0.84705901 0.26666701
vt 0.88235301 0.18039200
vt 0.88235301 0.18039200
vt 0.84705901 0.26666701
vt 0.79607898 0.20392200
vt 0.88235301 0.18039200
vt 0.79607898 0.20392200
vt 0.81960797 0.11764700
vt 0.81960797 0.11764700
vt 0.79607898 0.20392200
vt 0.73333299 0.15294100
vt 0.81960797 0.11764700
vt 0.73333299 0.15294100
vt 0.74901998 0.06666700
vt 0.74901998 0.06666700
vt 0.73333299 0.15294100
vt 0.65882403 0.11372500
vt 0.74901998 0.06666700
vt 0.65882403 0.11372500
vt 0.67058802 0.03137300
vt 0.67058802 0.03137300
vt 0.65882403 0.11372500
vt 0.58039200 0.09019600
vt 0.67058802 0.03137300
vt 0.58039200 0.09019600
vt 0.58823502 0.00784300
vt 0.58823502 0.99215698
vt 0.58039200 0.90980399
vt 0.67058802 0.96862799
vt 0.67058802 0.96862799
vt 0.58039200 0.90980399
vt 0.65882403 0.88627499
vt 0.67058802 0.96862799
vt 0.65882403 0.88627499
vt 0.74901998 0.93333298
vt 0.74901998 0.93333298
vt 0.65882403 0.88627499
vt 0.73333299 0.84705901
vt 0.74901998 0.93333298
vt 0.73333299 0.84705901
vt 0.81960797 0.88235301
vt 0.81960797 0.88235301
vt 0.73333299 0.84705901
vt 0.79607898 0.79607898
vt 0.81960797 0.88235301
vt 0.79607898 0.79607898
vt 0.88235301 0.81960797
vt 0.88235301 0.81960797
vt 0.79607898 0.79607898
vt 0.84705901 0.73333299
vt 0.88235301 0.81960797
vt 0.84705901 0.73333299
vt 0.93333298 0.74901998
vt 0.93333298 0.74901998
vt 0.84705901 0.73333299
vt 0.88627499 0.65882403
vt 0.93333298 0.74901998
vt 0.88627499 0.65882403
vt 0.96862799 0.67058802
vt 0.96862799 0.67058802
vt 0.88627499 0.65882403
vt 0.90980399 0.58039200
vt 0.96862799 0.67058802
vt 0.90980399 0.58039200
vt 0.99215698 0.58823502
vt 0.99215698 0.58823502
vt 0.90980399 0.58039200
vt 0.91764700 0.50196099
vt 0.99215698 0.58823502
vt 0.91764700 0.50196099
vt 1.00000000 0.50196099
vt 1.00000000 1.00000000
vt 1.00000000 0.94509798
vt 0.00000000 0.94509798
vt 0.00000000 0.94509798
vt 1.00000000 0.94509798
vt 1.00000000 0.89019603
vt 0.00000000 0.94509798
vt 1.00000000 0.89019603
vt 0.00000000 0.89019603
vt 0.00000000 0.89019603
vt 1.00000000 0.89019603
vt 1.00000000 0.83529401
vt 0.00000000 0.89019603
vt 1.00000000 0.83529401
vt 0.00000000 0.83529401
vt 0.00000000 0.83529401
vt 1.00000000 0.83529401
vt 1.00000000 0.77647102
vt 0.00000000 0.83529401
vt 1.00000000 0.77647102
vt 0.00000000 0.77647102
vt 0.00000000 0.77647102
vt 1.00000000 0.77647102
vt 1.00000000 0.72156900
vt 0.00000000 0.77647102
vt 1.00000000 0.72156900
vt 0.00000000 0.72156900
vt 0.00000000 0.72156900
vt 1.00000000 0.72156900
vt 1.00000000 0.66666698
vt 0.00000000 0.72156900
vt 1.00000000 0.66666698
vt 0.00000000 0.66666698
vt 0.00000000 0.66666698
vt 1.00000000 0.66666698
vt 1.00000000 0.61176503
vt 0.00000000 0.66666698
vt 1.00000000 0.61176503
vt 0.00000000 0.61176503
vt 0.00000000 0.61176503
vt 1.00000000 0.61176503
vt 1.00000000 0.55686301
vt 0.00000000 0.61176503
vt 1.00000000 0.55686301
vt 0.00000000 0.55686301
vt 0.00000000 0.55686301
vt 1.00000000 0.55686301
vt 1.00000000 0.50196099
vt 0.00000000 0.55686301
vt 1.00000000 0.50196099
vt 0.00000000 0.50196099
vt 0.00000000 0.50196099
vt 1.00000000 0.50196099
vt 1.00000000 0.44313699
vt 0.00000000 0.50196099
vt 1.00000000 0.44313699
vt 0.00000000 0.44313699
vt 0.00000000 0.44313699
vt 1.00000000 0.44313699
vt 1.00000000 0.38823500
vt 0.00000000 0.44313699
vt 1.00000000 0.38823500
vt 0.00000000 0.38823500
vt 0.00000000 0.38823500
vt 1.00000000 0.38823500
vt 1.00000000 0.33333299
vt 0.00000000 0.38823500
vt 1.00000000 0.33333299
vt 0.00000000 0.33333299
vt 0.00000000 0.33333299
vt 1.00000000 0.33333299
vt 1.00000000 0.27843100
vt 0.00000000 0.33333299
vt 1.00000000 0.27843100
vt 0.00000000 0.27843100
vt 0.00000000 0.27843100
vt 1.00000000 0.27843100
vt 1.00000000 0.22352900
vt 0.00000000 0.27843100
vt 1.00000000 0.22352900
vt 0.00000000 0.22352900
vt 0.00000000 0.22352900
vt 1.00000000 0.22352900
vt 1.00000000 0.16470601
vt 0.00000000 0.22352900
vt 1.00000000 0.16470601
vt 0.00000000 0.16862699
vt 0.00000000 0.16862699
vt 1.00000000 0.16470601
vt 1.00000000 0.10980400
vt 0.00000000 0.16862699
vt 1.00000000 0.10980400
vt 0.00000000 0.10980400
vt 0.00000000 0.10980400
vt 1.00000000 0.10980400
vt 1.00000000 0.05490200
vt 0.00000000 0.10980400
vt 1.00000000 0.05490200
vt 0.00000000 0.05490200
vt 0.00000000 0.05490200
vt 1.00000000 0.05490200
vt 1.00000000 0.00000000
vt 0.00000000 0.05490200
vt 1.00000000 0.00000000
vt 0.00000000 0.00000000
vt 0.00000000 0.00000000
vt 0.00000000 0.05490200
vt 1.00000000 0.05490200
vt 1.00000000 0.05490200
vt 0.00000000 0.05490200
vt 0.00000000 0.10980400
vt 1.00000000 0.05490200
vt 0.00000000 0.10980400
vt 1.00000000 0.10980400
vt 1.00000000 0.10980400
vt 0.00000000 0.10980400
vt 0.00000000 0.16862699
vt 1.00000000 0.10980400
vt 0.00000000 0.16862699
vt 1.00000000 0.16470601
vt 1.00000000 0.16470601
vt 0.00000000 0.16862699
vt 0.00000000 0.22352900
vt 1.00000000 0.16470601
vt 0.00000000 0.22352900
vt 1.00000000 0.22352900
vt 1.00000000 0.22352900
vt 0.00000000 0.22352900
vt 0.00000000 0.27843100
vt 1.00000000 0.22352900
vt 0.00000000 0.27843100
vt 1.00000000 0.27843100
vt 1.00000000 0.27843100
vt 0.00000000 0.27843100
vt 0.00000000 0.33333299
vt 1.00000000 0.27843100
vt 0.00000000 0.33333299
vt 1.00000000 0.33333299
vt 1.00000000 0.33333299
vt 0.00000000 0.33333299
vt 0.00000000 0.38823500
vt 1.00000000 0.33333299
vt 0.00000000 0.38823500
vt 1.00000000 0.38823500
vt 1.00000000 0.38823500
vt 0.00000000 0.38823500
vt 0.00000000 0.44313699
vt 1.00000000 0.38823500
vt 0.00000000 0.44313699
vt 1.00000000 0.44313699
vt 1.00000000 0.44313699
vt 0.00000000 0.44313699
vt 0.00000000 0.50196099
vt 1.00000000 0.44313699
vt 0.00000000 0.50196099
vt 1.00000000 0.50196099
vt 1.00000000 0.50196099
vt 0.00000000 0.50196099
vt 0.00000000 0.55686301
vt 1.00000000 0.50196099
vt 0.00000000 0.55686301
vt 1.00000000 0.55686301
vt 1.00000000 0.55686301
vt 0.00000000 0.55686301
vt 0.00000000 0.61176503
vt 1.00000000 0.55686301
vt 0.00000000 0.61176503
vt 1.00000000 0.61176503
vt 1.00000000 0.61176503
vt 0.00000000 0.61176503
vt 0.00000000 0.66666698
vt 1.00000000 0.61176503
vt 0.00000000 0.66666698
vt 1.00000000 0.66666698
vt 1.00000000 0.66666698
vt 0.00000000 0.66666698
vt 0.00000000 0.72156900
vt 1.00000000 0.66666698
vt 0.00000000 0.72156900
vt 1.00000000 0.72156900
vt 1.00000000 0.72156900
vt 0.00000000 0.72156900
vt 0.00000000 0.77647102
vt 1.00000000 0.72156900
vt 0.00000000 0.77647102
vt 1.00000000 0.77647102
vt 1.00000000 0.77647102
vt 0.00000000 0.77647102
vt 0.00000000 0.83529401
vt 1.00000000 0.77647102
vt 0.00000000 0.83529401
vt 1.00000000 0.83529401
vt 1.00000000 0.83529401
vt 0.00000000 0.83529401
vt 0.00000000 0.89019603
vt 1.00000000 0.83529401
vt 0.00000000 0.89019603
vt 1.00000000 0.89019603
vt 1.00000000 0.89019603
vt 0.00000000 0.89019603
vt 0.00000000 0.94509798
vt 1.00000000 0.89019603
vt 0.00000000 0.94509798
vt 1.00000000 0.94509798
vt 1.00000000 0.94509798
vt 0.00000000 0.94509798
vt 0.00000000 1.00000000
vt 1.00000000 0.94509798
vt 0.00000000 1.00000000
vt 1.00000000 1.00000000
vt 0.58823502 0.99215698
vt 0.49803901 1.00000000
vt 0.49803901 0.91764700
vt 0.49803901 0.91764700
vt 0.49803901 1.00000000
vt 0.41176501 0.99215698
vt 0.49803901 0.91764700
vt 0.41176501 0.99215698
vt 0.41960800 0.90980399
vt 0.41960800 0.90980399
vt 0.41176501 0.99215698
vt 0.32941201 0.96862799
vt 0.41960800 0.90980399
vt 0.32941201 0.96862799
vt 0.34117600 0.88627499
vt 0.34117600 0.88627499
vt 0.32941201 0.96862799
vt 0.25097999 0.93333298
vt 0.34117600 0.88627499
vt 0.25097999 0.93333298
vt 0.26666701 0.84705901
vt 0.26666701 0.84705901
vt 0.25097999 0.93333298
vt 0.18039200 0.88235301
vt 0.26666701 0.84705901
vt 0.18039200 0.88235301
vt 0.20392200 0.79607898
vt 0.20392200 0.79607898
vt 0.18039200 0.88235301
vt 0.11764700 0.81960797
vt 0.20392200 0.79607898
vt 0.11764700 0.81960797
vt 0.15294100 0.73333299
vt 0.15294100 0.73333299
vt 0.11764700 0.81960797
vt 0.06666700 0.74901998
vt 0.15294100 0.73333299
vt 0.06666700 0.74901998
vt 0.11372500 0.65882403
vt 0.11372500 0.65882403
vt 0.06666700 0.74901998
vt 0.03137300 0.67058802
vt 0.11372500 0.65882403
vt 0.03137300 0.67058802
vt 0.09019600 0.58039200
vt 0.09019600 0.58039200
vt 0.03137300 0.67058802
vt 0.00784300 0.58823502
vt 0.09019600 0.58039200
vt 0.00784300 0.58823502
vt 0.08235300 0.50196099
vt 0.08235300 0.50196099
vt 0.00784300 0.58823502
vt 0.00000000 0.50196099
vt 0.08235300 0.50196099
vt 0.00000000 0.50196099
vt 0.00784300 0.41176501
vt 0.99215698 0.41176501
vt 1.00000000 0.50196099
vt 0.91764700 0.50196099
vt 0.91764700 0.50196099
vt 1.00000000 0.50196099
vt 0.99215698 0.58823502
vt 0.91764700 0.50196099
vt 0.99215698 0.58823502
vt 0.90980399 0.58039200
vt 0.90980399 0.58039200
vt 0.99215698 0.58823502
vt 0.96862799 0.67058802
vt 0.90980399 0.58039200
vt 0.96862799 0.67058802
vt 0.88627499 0.65882403
vt 0.88627499 0.65882403
vt 0.96862799 0.67058802
vt 0.93333298 0.74901998
vt 0.88627499 0.65882403
vt 0.93333298 0.74901998
vt 0.84705901 0.73333299
vt 0.84705901 0.73333299
vt 0.93333298 0.74901998
vt 0.88235301 0.81960797
vt 0.84705901 0.73333299
vt 0.88235301 0.81960797
vt 0.79607898 0.79607898
vt 0.79607898 0.79607898
vt 0.88235301 0.81960797
vt 0.81960797 0.88235301
vt 0.79607898 0.79607898
vt 0.81960797 0.88235301
vt 0.73333299 0.84705901
vt 0.73333299 0.84705901
vt 0.81960797 0.88235301
vt 0.74901998 0.93333298
vt 0.73333299 0.84705901
vt 0.74901998 0.93333298
vt 0.65882403 0.88627499
vt 0.65882403 0.88627499
vt 0.74901998 0.93333298
vt 0.67058802 0.96862799
vt 0.65882403 0.88627499
vt 0.67058802 0.96862799
vt 0.58039200 0.90980399
vt 0.58039200 0.90980399
vt 0.67058802 0.96862799
vt 0.58823502 0.99215698
vt 0.58039200 0.90980399
vt 0.58823502 0.99215698
vt 0.49803901 0.91764700
vt 0.41176501 0.00784300
vt 0.50196099 0.00000000
vt 0.50196099 0.08235300
vt 0.50196099 0.08235300
vt 0.50196099 0.00000000
vt 0.58823502 0.00784300
vt 0.50196099 0.08235300
vt 0.58823502 0.00784300
vt 0.58039200 0.09019600
vt 0.58039200 0.09019600
vt 0.58823502 0.00784300
vt 0.67058802 0.03137300
vt 0.58039200 0.09019600
vt 0.67058802 0.03137300
vt 0.65882403 0.11372500
vt 0.65882403 0.11372500
vt 0.67058802 0.03137300
vt 0.74901998 0.06666700
vt 0.65882403 0.11372500
vt 0.74901998 0.06666700
vt 0.73333299 0.15294100
vt 0.73333299 0.15294100
vt 0.74901998 0.06666700
vt 0.81960797 0.11764700
vt 0.73333299 0.15294100
vt 0.81960797 0.11764700
vt 0.79607898 0.20392200
vt 0.79607898 0.20392200
vt 0.81960797 0.11764700
vt 0.88235301 0.18039200
vt 0.79607898 0.20392200
vt 0.88235301 0.18039200
vt 0.84705901 0.26666701
vt 0.84705901 0.26666701
vt 0.88235301 0.18039200
vt 0.93333298 0.25097999
vt 0.84705901 0.26666701
vt 0.93333298 0.25097999
vt 0.88627499 0.34117600
vt 0.88627499 0.34117600
vt 0.93333298 0.25097999
vt 0.96862799 0.32941201
vt 0.88627499 0.34117600
vt 0.96862799 0.32941201
vt 0.90980399 0.41960800
vt 0.90980399 0.41960800
vt 0.96862799 0.32941201
vt 0.99215698 0.41176501
vt 0.90980399 0.41960800
vt 0.99215698 0.41176501
vt 0.91764700 0.50196099
vt 0.08235300 0.50196099
vt 0.00784300 0.41176501
vt 0.09019600 0.41960800
vt 0.09019600 0.41960800
vt 0.00784300 0.41176501
vt 0.03137300 0.32941201
vt 0.09019600 0.41960800
vt 0.03137300 0.32941201
vt 0.11372500 0.34117600
vt 0.11372500 0.34117600
vt 0.03137300 0.32941201
vt 0.06666700 0.25097999
vt 0.11372500 0.34117600
vt 0.06666700 0.25097999
vt 0.15294100 0.26666701
vt 0.15294100 0.26666701
vt 0.06666700 0.25097999
vt 0.11764700 0.18039200
vt 0.15294100 0.26666701
vt 0.11764700 0.18039200
vt 0.20392200 0.20392200
vt 0.20392200 0.20392200
vt 0.11764700 0.18039200
vt 0.18039200 0.11764700
vt 0.20392200 0.20392200
vt 0.18039200 0.11764700
vt 0.26666701 0.15294100
vt 0.26666701 0.15294100
vt 0.18039200 0.11764700
vt 0.25097999 0.06666700
vt 0.26666701 0.15294100
vt 0.25097999 0.06666700
vt 0.34117600 0.11372500
vt 0.34117600 0.11372500
vt 0.25097999 0.06666700
vt 0.32941201 0.03137300
vt 0.34117600 0.11372500
vt 0.32941201 0.03137300
vt 0.41960800 0.09019600
vt 0.41960800 0.09019600
vt 0.32941201 0.03137300
vt 0.41176501 0.00784300
vt 0.41960800 0.09019600
vt 0.41176501 0.00784300
vt 0.50196099 0.08235300
vt 0.00000000 0.00000000
vt 0.00000000 0.05490200
vt 1.00000000 0.05490200
vt 1.00000000 0.05490200
vt 0.00000000 0.05490200
vt 0.00000000 0.10980400
vt 1.00000000 0.05490200
vt 0.00000000 0.10980400
vt 1.00000000 0.10980400
vt 1.00000000 0.10980400
vt 0.00000000 0.10980400
vt 0.00000000 0.16862699
vt 1.00000000 0.10980400
vt 0.00000000 0.16862699
vt 1.00000000 0.16470601
vt 1.00000000 0.16470601
vt 0.00000000 0.16862699
vt 0.00000000 0.22352900
vt 1.00000000 0.16470601
vt 0.00000000 0.22352900
vt 1.00000000 0.22352900
vt 1.00000000 0.22352900
vt 0.00000000 0.22352900
vt 0.00000000 0.27843100
vt 1.00000000 0.22352900
vt 0.00000000 0.27843100
vt 1.00000000 0.27843100
vt 1.00000000 0.27843100
vt 0.00000000 0.27843100
vt 0.00000000 0.33333299
vt 1.00000000 0.27843100
vt 0.00000000 0.33333299
vt 1.00000000 0.33333299
vt 1.00000000 0.33333299
vt 0.00000000 0.33333299
vt 0.00000000 0.38823500
vt 1.00000000 0.33333299
vt 0.00000000 0.38823500
vt 1.00000000 0.38823500
vt 1.00000000 0.38823500
vt 0.00000000 0.38823500
vt 0.00000000 0.44313699
vt 1.00000000 0.38823500
vt 0.00000000 0.44313699
vt 1.00000000 0.44313699
vt 1.00000000 0.44313699
vt 0.00000000 0.44313699
vt 0.00000000 0.50196099
vt 1.00000000 0.44313699
vt 0.00000000 0.50196099
vt 1.00000000 0.50196099
vt 1.00000000 0.50196099
vt 0.00000000 0.50196099
vt 0.00000000 0.55686301
vt 1.00000000 0.50196099
vt 0.00000000 0.55686301
vt 1.00000000 0.55686301
vt 1.00000000 0.55686301
vt 0.00000000 0.55686301
vt 0.00000000 0.61176503
vt 1.00000000 0.55686301
vt 0.00000000 0.61176503
vt 1.00000000 0.61176503
vt 1.00000000 0.61176503
vt 0.00000000 0.61176503
vt 0.00000000 0.66666698
vt 1.00000000 0.61176503
vt 0.00000000 0.66666698
vt 1.00000000 0.66666698
vt 1.00000000 0.66666698
vt 0.00000000 0.66666698
vt 0.00000000 0.72156900
vt 1.00000000 0.66666698
vt 0.00000000 0.72156900
vt 1.00000000 0.72156900
vt 1.00000000 0.72156900
vt 0.00000000 0.72156900
vt 0.00000000 0.77647102
vt 1.00000000 0.72156900
vt 0.00000000 0.77647102
vt 1.00000000 0.77647102
vt 1.00000000 0.77647102
vt 0.00000000 0.77647102
vt 0.00000000 0.83529401
vt 1.00000000 0.77647102
vt 0.00000000 0.83529401
vt 1.00000000 0.83529401
vt 1.00000000 0.83529401
vt 0.00000000 0.83529401
vt 0.00000000 0.89019603
vt 1.00000000 0.83529401
vt 0.00000000 0.89019603
vt 1.00000000 0.89019603
vt 1.00000000 0.89019603
vt 0.00000000 0.89019603
vt 0.00000000 0.94509798
vt 1.00000000 0.89019603
vt 0.00000000 0.94509798
vt 1.00000000 0.94509798
vt 1.00000000 0.94509798
vt 0.00000000 0.94509798
vt 0.00000000 1.00000000
vt 1.00000000 0.94509798
vt 0.00000000 1.00000000
vt 1.00000000 1.00000000
vt 1.00000000 1.00000000
vt 1.00000000 0.94509798
vt 0.00000000 0.94509798
vt 0.00000000 0.94509798
vt 1.00000000 0.94509798
vt 1.00000000 0.89019603
vt 0.00000000 0.94509798
vt 1.00000000 0.89019603
vt 0.00000000 0.89019603
vt 0.00000000 0.89019603
vt 1.00000000 0.89019603
vt 1.00000000 0.83529401
vt 0.00000000 0.89019603
vt 1.00000000 0.83529401
vt 0.00000000 0.83529401
vt 0.00000000 0.83529401
vt 1.00000000 0.83529401
vt 1.00000000 0.77647102
vt 0.00000000 0.83529401
vt 1.00000000 0.77647102
vt 0.00000000 0.77647102
vt 0.00000000 0.77647102
vt 1.00000000 0.77647102
vt 1.00000000 0.72156900
vt 0.00000000 0.77647102
vt 1.00000000 0.72156900
vt 0.00000000 0.72156900
vt 0.00000000 0.72156900
vt 1.00000000 0.72156900
vt 1.00000000 0.66666698
vt 0.00000000 0.72156900
vt 1.00000000 0.66666698
vt 0.00000000 0.66666698
vt 0.00000000 0.66666698
vt 1.00000000 0.66666698
vt 1.00000000 0.61176503
vt 0.00000000 0.66666698
vt 1.00000000 0.61176503
vt 0.00000000 0.61176503
vt 0.00000000 0.61176503
vt 1.00000000 0.61176503
vt 1.00000000 0.55686301
vt 0.00000000 0.61176503
vt 1.00000000 0.55686301
vt 0.00000000 0.55686301
vt 0.00000000 0.55686301
vt 1.00000000 0.55686301
vt 1.00000000 0.50196099
vt 0.00000000 0.55686301
vt 1.00000000 0.50196099
vt 0.00000000 0.50196099
vt 0.00000000 0.50196099
vt 1.00000000 0.50196099
vt 1.00000000 0.44313699
vt 0.00000000 0.50196099
vt 1.00000000 0.44313699
vt 0.00000000 0.44313699
vt 0.00000000 0.44313699
vt 1.00000000 0.44313699
vt 1.00000000 0.38823500
vt 0.00000000 0.44313699
vt 1.00000000 0.38823500
vt 0.00000000 0.38823500
vt 0.00000000 0.38823500
vt 1.00000000 0.38823500
vt 1.00000000 0.33333299
vt 0.00000000 0.38823500
vt 1.00000000 0.33333299
vt 0.00000000 0.33333299
vt 0.00000000 0.33333299
vt 1.00000000 0.33333299
vt 1.00000000 0.27843100
vt 0.00000000 0.33333299
vt 1.00000000 0.27843100
vt 0.00000000 0.27843100
vt 0.00000000 0.27843100
vt 1.00000000 0.27843100
vt 1.00000000 0.22352900
vt 0.00000000 0.27843100
vt 1.00000000 0.22352900
vt 0.00000000 0.22352900
vt 0.00000000 0.22352900
vt 1.00000000 0.22352900
vt 1.00000000 0.16470601
vt 0.00000000 0.22352900
vt 1.00000000 0.16470601
vt 0.00000000 0.16862699
vt 0.00000000 0.16862699
vt 1.00000000 0.16470601
vt 1.00000000 0.10980400
vt 0.00000000 0.16862699
vt 1.00000000 0.10980400
vt 0.00000000 0.10980400
vt 0.00000000 0.10980400
vt 1.00000000 0.10980400
vt 1.00000000 0.05490200
vt 0.00000000 0.10980400
vt 1.00000000 0.05490200
vt 0.00000000 0.05490200
vt 0.00000000 0.05490200
vt 1.00000000 0.05490200
vt 1.00000000 0.00000000
vt 0.00000000 0.05490200
vt 1.00000000 0.00000000
vt 0.00000000 0.00000000
vt 0.00000000 0.00000000
vt 0.00000000 0.05490200
vt 1.00000000 0.05490200
vt 1.00000000 0.05490200
vt 0.00000000 0.05490200
vt 0.00000000 0.10980400
vt 1.00000000 0.05490200
vt 0.00000000 0.10980400
vt 1.00000000 0.10980400
vt 1.00000000 0.10980400
vt 0.00000000 0.10980400
vt 0.00000000 0.16862699
vt 1.00000000 0.10980400
vt 0.00000000 0.16862699
vt 1.00000000 0.16470601
vt 1.00000000 0.16470601
vt 0.00000000 0.16862699
vt 0.00000000 0.22352900
vt 1.00000000 0.16470601
vt 0.00000000 0.22352900
vt 1.00000000 0.22352900
vt 1.00000000 0.22352900
vt 0.00000000 0.22352900
vt 0.00000000 0.27843100
vt 1.00000000 0.22352900
vt 0.00000000 0.27843100
vt 1.00000000 0.27843100
vt 1.00000000 0.27843100
vt 0.00000000 0.27843100
vt 0.00000000 0.33333299
vt 1.00000000 0.27843100
vt 0.00000000 0.33333299
vt 1.00000000 0.33333299
vt 1.00000000 0.33333299
vt 0.00000000 0.33333299
vt 0.00000000 0.38823500
vt 1.00000000 0.33333299
vt 0.00000000 0.38823500
vt 1.00000000 0.38823500
vt 1.00000000 0.38823500
vt 0.00000000 0.38823500
vt 0.00000000 0.44313699
vt 1.00000000 0.38823500
vt 0.00000000 0.44313699
vt 1.00000000 0.44313699
vt 0.00000000 0.00000000
vt 0.00000000 0.05490200
vt 1.00000000 0.05490200
vt 1.00000000 0.05490200
vt 0.00000000 0.05490200
vt 0.00000000 0.10980400
vt 1.00000000 0.05490200
vt 0.00000000 0.10980400
vt 1.00000000 0.10980400
vt 1.00000000 0.10980400
vt 0.00000000 0.10980400
vt 0.00000000 0.16862699
vt 1.00000000 0.10980400
vt 0.00000000 0.16862699
vt 1.00000000 0.16470601
vt 1.00000000 0.16470601
vt 0.00000000 0.16862699
vt 0.00000000 0.22352900
vt 1.00000000 0.16470601
vt 0.00000000 0.22352900
vt 1.00000000 0.22352900
vt 1.00000000 0.22352900
vt 0.00000000 0.22352900
vt 0.00000000 0.27843100
vt 1.00000000 0.22352900
vt 0.00000000 0.27843100
vt 1.00000000 0.27843100
vt 1.00000000 0.27843100
vt 0.00000000 0.27843100
vt 0.00000000 0.33333299
vt 1.00000000 0.27843100
vt 0.00000000 0.33333299
vt 1.00000000 0.33333299
vt 1.00000000 0.33333299
vt 0.00000000 0.33333299
vt 0.00000000 0.38823500
vt 1.00000000 0.33333299
vt 0.00000000 0.38823500
vt 1.00000000 0.38823500
vt 1.00000000 0.38823500
vt 0.00000000 0.38823500
vt 0.00000000 0.44313699
vt 1.00000000 0.38823500
vt 0.00000000 0.44313699
vt 1.00000000 0.44313699
vt 1.00000000 0.44313699
vt 0.00000000 0.44313699
vt 0.00000000 0.50196099
vt 1.00000000 0.44313699
vt 0.00000000 0.50196099
vt 1.00000000 0.50196099
vt 1.00000000 0.50196099
vt 0.00000000 0.50196099
vt 0.00000000 0.55686301
vt 1.00000000 0.50196099
vt 0.00000000 0.55686301
vt 1.00000000 0.55686301
vt 1.00000000 0.55686301
vt 0.00000000 0.55686301
vt 0.00000000 0.61176503
vt 1.00000000 0.55686301
vt 0.00000000 0.61176503
vt 1.00000000 0.61176503
vt 1.00000000 0.61176503
vt 0.00000000 0.61176503
vt 0.00000000 0.66666698
vt 1.00000000 0.61176503
vt 0.00000000 0.66666698
vt 1.00000000 0.66666698
vt 1.00000000 0.66666698
vt 0.00000000 0.66666698
vt 0.00000000 0.72156900
vt 1.00000000 0.66666698
vt 0.00000000 0.72156900
vt 1.00000000 0.72156900
vt 1.00000000 0.72156900
vt 0.00000000 0.72156900
vt 0.00000000 0.77647102
vt 1.00000000 0.72156900
vt 0.00000000 0.77647102
vt 1.00000000 0.77647102
vt 1.00000000 0.77647102
vt 0.00000000 0.77647102
vt 0.00000000 0.83529401
vt 1.00000000 0.77647102
vt 0.00000000 0.83529401
vt 1.00000000 0.83529401
vt 1.00000000 0.83529401
vt 0.00000000 0.83529401
vt 0.00000000 0.89019603
vt 1.00000000 0.83529401
vt 0.00000000 0.89019603
vt 1.00000000 0.89019603
vt 1.00000000 0.89019603
vt 0.00000000 0.89019603
vt 0.00000000 0.94509798
vt 1.00000000 0.89019603
vt 0.00000000 0.94509798
vt 1.00000000 0.94509798
vt 1.00000000 0.94509798
vt 0.00000000 0.94509798
vt 0.00000000 1.00000000
vt 1.00000000 0.94509798
vt 0.00000000 1.00000000
vt 1.00000000 1.00000000
vt 0.00784300 0.58823502
vt 0.00000000 0.50196099
vt 0.08235300 0.50196099
vt 0.08235300 0.50196099
vt 0.00000000 0.50196099
vt 0.00784300 0.41176501
vt 0.08235300 0.50196099
vt 0.00784300 0.41176501
vt 0.09019600 0.41960800
vt 0.09019600 0.41960800
vt 0.00784300 0.41176501
vt 0.03137300 0.32941201
vt 0.09019600 0.41960800
vt 0.03137300 0.32941201
vt 0.11372500 0.34117600
vt 0.11372500 0.34117600
vt 0.03137300 0.32941201
vt 0.06666700 0.25097999
vt 0.11372500 0.34117600
vt 0.06666700 0.25097999
vt 0.15294100 0.26666701
vt 0.15294100 0.26666701
vt 0.06666700 0.25097999
vt 0.11764700 0.18039200
vt 0.15294100 0.26666701
vt 0.11764700 0.18039200
vt 0.20392200 0.20392200
vt 0.20392200 0.20392200
vt 0.11764700 0.18039200
vt 0.18039200 0.11764700
vt 0.20392200 0.20392200
vt 0.18039200 0.11764700
vt 0.26666701 0.15294100
vt 0.26666701 0.15294100
vt 0.18039200 0.11764700
vt 0.25097999 0.06666700
vt 0.26666701 0.15294100
vt 0.25097999 0.06666700
vt 0.34117600 0.11372500
vt 0.34117600 0.11372500
vt 0.25097999 0.06666700
vt 0.32941201 0.03137300
vt 0.34117600 0.11372500
vt 0.32941201 0.03137300
vt 0.41960800 0.09019600
vt 0.41960800 0.09019600
vt 0.32941201 0.03137300
vt 0.41176501 0.00784300
vt 0.41960800 0.09019600
vt 0.41176501 0.00784300
vt 0.50196099 0.08235300
vt 0.50196099 0.08235300
vt 0.41176501 0.00784300
vt 0.50196099 0.00000000
vt 0.50196099 0.08235300
vt 0.50196099 0.00000000
vt 0.58823502 0.00784300
vt 0.41176501 0.00784300
vt 0.41960800 0.09019600
vt 0.32941201 0.03137300
vt 0.32941201 0.03137300
vt 0.41960800 0.09019600
vt 0.34117600 0.11372500
vt 0.32941201 0.03137300
vt 0.34117600 0.11372500
vt 0.25097999 0.06666700
vt 0.25097999 0.06666700
vt 0.34117600 0.11372500
vt 0.26666701 0.15294100
vt 0.25097999 0.06666700
vt 0.26666701 0.15294100
vt 0.18039200 0.11764700
vt 0.18039200 0.11764700
vt 0.26666701 0.15294100
vt 0.20392200 0.20392200
vt 0.18039200 0.11764700
vt 0.20392200 0.20392200
vt 0.11764700 0.18039200
vt 0.11764700 0.18039200
vt 0.20392200 0.20392200
vt 0.15294100 0.26666701
vt 0.11764700 0.18039200
vt 0.15294100 0.26666701
vt 0.06666700 0.25097999
vt 0.06666700 0.25097999
vt 0.15294100 0.26666701
vt 0.11372500 0.34117600
vt 0.06666700 0.25097999
vt 0.11372500 0.34117600
vt 0.03137300 0.32941201
vt 0.03137300 0.32941201
vt 0.11372500 0.34117600
vt 0.09019600 0.41960800
vt 0.03137300 0.32941201
vt 0.09019600 0.41960800
vt 0.00784300 0.41176501
vt 0.00784300 0.41176501
vt 0.09019600 0.41960800
vt 0.08235300 0.50196099
vt 0.00784300 0.41176501
vt 0.08235300 0.50196099
vt 0.00000000 0.50196099
vt 0.00000000 0.50196099
vt 0.08235300 0.50196099
vt 0.00784300 0.58823502
vt 0.50196099 0.08235300
vt 0.58823502 0.00784300
vt 0.58039200 0.09019600
vt 0.58039200 0.09019600
vt 0.58823502 0.00784300
vt 0.67058802 0.03137300
vt 0.58039200 0.09019600
vt 0.67058802 0.03137300
vt 0.65882403 0.11372500
vt 0.65882403 0.11372500
vt 0.67058802 0.03137300
vt 0.74901998 0.06666700
vt 0.65882403 0.11372500
vt 0.74901998 0.06666700
vt 0.73333299 0.15294100
vt 0.73333299 0.15294100
vt 0.74901998 0.06666700
vt 0.81960797 0.11764700
vt 0.73333299 0.15294100
vt 0.81960797 0.11764700
vt 0.79607898 0.20392200
vt 0.79607898 0.20392200
vt 0.81960797 0.11764700
vt 0.88235301 0.18039200
vt 0.79607898 0.20392200
vt 0.88235301 0.18039200
vt 0.84705901 0.26666701
vt 0.84705901 0.26666701
vt 0.88235301 0.18039200
vt 0.93333298 0.25097999
vt 0.84705901 0.26666701
vt 0.93333298 0.25097999
vt 0.88627499 0.34117600
vt 0.88627499 0.34117600
vt 0.93333298 0.25097999
vt 0.96862799 0.32941201
vt 0.88627499 0.34117600
vt 0.96862799 0.32941201
vt 0.90980399 0.41960800
vt 0.90980399 0.41960800
vt 0.96862799 0.32941201
vt 0.99215698 0.41176501
vt 0.90980399 0.41960800
vt 0.99215698 0.41176501
vt 0.91764700 0.50196099
vt 0.91764700 0.50196099
vt 0.99215698 0.41176501
vt 1.00000000 0.50196099
vt 0.91764700 0.50196099
vt 1.00000000 0.50196099
vt 0.99215698 0.58823502
vt 0.00784300 0.58823502
vt 0.09019600 0.58039200
vt 0.03137300 0.67058802
vt 0.03137300 0.67058802
vt 0.09019600 0.58039200
vt 0.11372500 0.65882403
vt 0.03137300 0.67058802
vt 0.11372500 0.65882403
vt 0.06666700 0.74901998
vt 0.06666700 0.74901998
vt 0.11372500 0.65882403
vt 0.15294100 0.73333299
vt 0.06666700 0.74901998
vt 0.15294100 0.73333299
vt 0.11764700 0.81960797
vt 0.11764700 0.81960797
vt 0.15294100 0.73333299
vt 0.20392200 0.79607898
vt 0.11764700 0.81960797
vt 0.20392200 0.79607898
vt 0.18039200 0.88235301
vt 0.18039200 0.88235301
vt 0.20392200 0.79607898
vt 0.26666701 0.84705901
vt 0.18039200 0.88235301
vt 0.26666701 0.84705901
vt 0.25097999 0.93333298
vt 0.25097999 0.93333298
vt 0.26666701 0.84705901
vt 0.34117600 0.88627499
vt 0.25097999 0.93333298
vt 0.34117600 0.88627499
vt 0.32941201 0.96862799
vt 0.32941201 0.96862799
vt 0.34117600 0.88627499
vt 0.41960800 0.90980399
vt 0.32941201 0.96862799
vt 0.41960800 0.90980399
vt 0.41176501 0.99215698
vt 0.91764700 0.50196099
vt 0.99215698 0.58823502
vt 0.90980399 0.58039200
vt 0.90980399 0.58039200
vt 0.99215698 0.58823502
vt 0.96862799 0.67058802
vt 0.90980399 0.58039200
vt 0.96862799 0.67058802
vt 0.88627499 0.65882403
vt 0.88627499 0.65882403
vt 0.96862799 0.67058802
vt 0.93333298 0.74901998
vt 0.88627499 0.65882403
vt 0.93333298 0.74901998
vt 0.84705901 0.73333299
vt 0.84705901 0.73333299
vt 0.93333298 0.74901998
vt 0.88235301 0.81960797
vt 0.84705901 0.73333299
vt 0.88235301 0.81960797
vt 0.79607898 0.79607898
vt 0.79607898 0.79607898
vt 0.88235301 0.81960797
vt 0.81960797 0.88235301
vt 0.79607898 0.79607898
vt 0.81960797 0.88235301
vt 0.73333299 0.84705901
vt 0.73333299 0.84705901
vt 0.81960797 0.88235301
vt 0.74901998 0.93333298
vt 0.73333299 0.84705901
vt 0.74901998 0.93333298
vt 0.65882403 0.88627499
vt 0.65882403 0.88627499
vt 0.74901998 0.93333298
vt 0.67058802 0.96862799
vt 0.65882403 0.88627499
vt 0.67058802 0.96862799
vt 0.58039200 0.90980399
vt 0.58039200 0.90980399
vt 0.67058802 0.96862799
vt 0.58823502 0.99215698
vt 0.58039200 0.90980399
vt 0.58823502 0.99215698
vt 0.49803901 0.91764700
vt 0.49803901 0.91764700
vt 0.58823502 0.99215698
vt 0.49803901 1.00000000
vt 0.49803901 0.91764700
vt 0.49803901 1.00000000
vt 0.41176501 0.99215698
vt 0.49803901 0.91764700
vt 0.41176501 0.99215698
vt 0.41960800 0.90980399
vt 0.41960800 0.90980399
vt 0.41176501 0.99215698
vt 0.32941201 0.96862799
vt 0.41960800 0.90980399
vt 0.32941201 0.96862799
vt 0.34117600 0.88627499
vt 0.34117600 0.88627499
vt 0.32941201 0.96862799
vt 0.25097999 0.93333298
vt 0.34117600 0.88627499
vt 0.25097999 0.93333298
vt 0.26666701 0.84705901
vt 0.26666701 0.84705901
vt 0.25097999 0.93333298
vt 0.18039200 0.88235301
vt 0.26666701 0.84705901
vt 0.18039200 0.88235301
vt 0.20392200 0.79607898
vt 0.20392200 0.79607898
vt 0.18039200 0.88235301
vt 0.11764700 0.81960797
vt 0.20392200 0.79607898
vt 0.11764700 0.81960797
vt 0.15294100 0.73333299
vt 0.15294100 0.73333299
vt 0.11764700 0.81960797
vt 0.06666700 0.74901998
vt 0.15294100 0.73333299
vt 0.06666700 0.74901998
vt 0.11372500 0.65882403
vt 0.11372500 0.65882403
vt 0.06666700 0.74901998
vt 0.03137300 0.67058802
vt 0.11372500 0.65882403
vt 0.03137300 0.67058802
vt 0.09019600 0.58039200
vt 0.09019600 0.58039200
vt 0.03137300 0.67058802
vt 0.00784300 0.58823502
vt 0.09019600 0.58039200
vt 0.00784300 0.58823502
vt 0.08235300 0.50196099
vt 1.00000000 1.00000000
vt 1.00000000 0.94509798
vt 0.00000000 0.94509798
vt 0.00000000 0.94509798
vt 1.00000000 0.94509798
vt 1.00000000 0.89019603
vt 0.00000000 0.94509798
vt 1.00000000 0.89019603
vt 0.00000000 0.89019603
vt 0.00000000 0.89019603
vt 1.00000000 0.89019603
vt 1.00000000 0.83529401
vt 0.00000000 0.89019603
vt 1.00000000 0.83529401
vt 0.00000000 0.83529401
vt 0.00000000 0.83529401
vt 1.00000000 0.83529401
vt 1.00000000 0.77647102
vt 0.00000000 0.83529401
vt 1.00000000 0.77647102
vt 0.00000000 0.77647102
vt 0.00000000 0.77647102
vt 1.00000000 0.77647102
vt 1.00000000 0.72156900
vt 0.00000000 0.77647102
vt 1.00000000 0.72156900
vt 0.00000000 0.72156900
vt 0.00000000 0.72156900
vt 1.00000000 0.72156900
vt 1.00000000 0.66666698
vt 0.00000000 0.72156900
vt 1.00000000 0.66666698
vt 0.00000000 0.66666698
vt 0.00000000 0.66666698
vt 1.00000000 0.66666698
vt 1.00000000 0.61176503
vt 0.00000000 0.66666698
vt 1.00000000 0.61176503
vt 0.00000000 0.61176503
vt 0.00000000 0.61176503
vt 1.00000000 0.61176503
vt 1.00000000 0.55686301
vt 0.00000000 0.61176503
vt 1.00000000 0.55686301
vt 0.00000000 0.55686301
vt 1.00000000 1.00000000
vt 1.00000000 0.94509798
vt 0.00000000 0.94509798
vt 0.00000000 0.94509798
vt 1.00000000 0.94509798
vt 1.00000000 0.89019603
vt 0.00000000 0.94509798
vt 1.00000000 0.89019603
vt 0.00000000 0.89019603
vt 0.00000000 0.89019603
vt 1.00000000 0.89019603
vt 1.00000000 0.83529401
vt 0.00000000 0.89019603
vt 1.00000000 0.83529401
vt 0.00000000 0.83529401
vt 0.00000000 0.83529401
vt 1.00000000 0.83529401
vt 1.00000000 0.77647102
vt 0.00000000 0.83529401
vt 1.00000000 0.77647102
vt 0.00000000 0.77647102
vt 0.00000000 0.77647102
vt 1.00000000 0.77647102
vt 1.00000000 0.72156900
vt 0.00000000 0.77647102
vt 1.00000000 0.72156900
vt 0.00000000 0.72156900
vt 0.00000000 0.72156900
vt 1.00000000 0.72156900
vt 1.00000000 0.66666698
vt 0.00000000 0.72156900
vt 1.00000000 0.66666698
vt 0.00000000 0.66666698
vt 0.00000000 0.66666698
vt 1.00000000 0.66666698
vt 1.00000000 0.61176503
vt 0.00000000 0.66666698
vt 1.00000000 0.61176503
vt 0.00000000 0.61176503
vt 0.00000000 0.61176503
vt 1.00000000 0.61176503
vt 1.00000000 0.55686301
vt 0.00000000 0.61176503
vt 1.00000000 0.55686301
vt 0.00000000 0.55686301
vt 0.00000000 0.55686301
vt 1.00000000 0.55686301
vt 1.00000000 0.50196099
vt 0.00000000 0.55686301
vt 1.00000000 0.50196099
vt 0.00000000 0.50196099
vt 0.00000000 0.50196099
vt 1.00000000 0.50196099
vt 1.00000000 0.44313699
vt 0.00000000 0.50196099
vt 1.00000000 0.44313699
vt 0.00000000 0.44313699
vt 0.00000000 0.44313699
vt 1.00000000 0.44313699
vt 1.00000000 0.38823500
vt 0.00000000 0.44313699
vt 1.00000000 0.38823500
vt 0.00000000 0.38823500
vt 0.00000000 0.38823500
vt 1.00000000 0.38823500
vt 1.00000000 0.33333299
vt 0.00000000 0.38823500
vt 1.00000000 0.33333299
vt 0.00000000 0.33333299
vt 0.00000000 0.33333299
vt 1.00000000 0.33333299
vt 1.00000000 0.27843100
vt 0.00000000 0.33333299
vt 1.00000000 0.27843100
vt 0.00000000 0.27843100
vt 0.00000000 0.27843100
vt 1.00000000 0.27843100
vt 1.00000000 0.22352900
vt 0.00000000 0.27843100
vt 1.00000000 0.22352900
vt 0.00000000 0.22352900
vt 0.00000000 0.22352900
vt 1.00000000 0.22352900
vt 1.00000000 0.16470601
vt 0.00000000 0.22352900
vt 1.00000000 0.16470601
vt 0.00000000 0.16862699
vt 0.00000000 0.16862699
vt 1.00000000 0.16470601
vt 1.00000000 0.10980400
vt 0.00000000 0.16862699
vt 1.00000000 0.10980400
vt 0.00000000 0.10980400
vt 0.00000000 0.10980400
vt 1.00000000 0.10980400
vt 1.00000000 0.05490200
vt 0.00000000 0.10980400
vt 1.00000000 0.05490200
vt 0.00000000 0.05490200
vt 0.00000000 0.05490200
vt 1.00000000 0.05490200
vt 1.00000000 0.00000000
vt 0.00000000 0.05490200
vt 1.00000000 0.00000000
vt 0.00000000 0.00000000
vt 0.58823502 0.99215698
vt 0.49803901 1.00000000
vt 0.49803901 0.91764700
vt 0.49803901 0.91764700
vt 0.49803901 1.00000000
vt 0.41176501 0.99215698
vt 0.49803901 0.91764700
vt 0.41176501 0.99215698
vt 0.41960800 0.90980399
vt 0.41960800 0.90980399
vt 0.41176501 0.99215698
vt 0.32941201 0.96862799
vt 0.41960800 0.90980399
vt 0.32941201 0.96862799
vt 0.34117600 0.88627499
vt 0.34117600 0.88627499
vt 0.32941201 0.96862799
vt 0.25097999 0.93333298
vt 0.34117600 0.88627499
vt 0.25097999 0.93333298
vt 0.26666701 0.84705901
vt 0.26666701 0.84705901
vt 0.25097999 0.93333298
vt 0.18039200 0.88235301
vt 0.26666701 0.84705901
vt 0.18039200 0.88235301
vt 0.20392200 0.79607898
vt 0.20392200 0.79607898
vt 0.18039200 0.88235301
vt 0.11764700 0.81960797
vt 0.20392200 0.79607898
vt 0.11764700 0.81960797
vt 0.15294100 0.73333299
vt 0.15294100 0.73333299
vt 0.11764700 0.81960797
vt 0.06666700 0.74901998
vt 0.15294100 0.73333299
vt 0.06666700 0.74901998
vt 0.11372500 0.65882403
vt 0.11372500 0.65882403
vt 0.06666700 0.74901998
vt 0.03137300 0.67058802
vt 0.11372500 0.65882403
vt 0.03137300 0.67058802
vt 0.09019600 0.58039200
vt 0.09019600 0.58039200
vt 0.03137300 0.67058802
vt 0.00784300 0.58823502
vt 0.09019600 0.58039200
vt 0.00784300 0.58823502
vt 0.08235300 0.50196099
vt 0.08235300 0.50196099
vt 0.00784300 0.58823502
vt 0.00000000 0.50196099
vt 0.08235300 0.50196099
vt 0.00000000 0.50196099
vt 0.00784300 0.41176501
vt 0.99215698 0.41176501
vt 1.00000000 0.50196099
vt 0.91764700 0.50196099
vt 0.91764700 0.50196099
vt 1.00000000 0.50196099
vt 0.99215698 0.58823502
vt 0.91764700 0.50196099
vt 0.99215698 0.58823502
vt 0.90980399 0.58039200
vt 0.90980399 0.58039200
vt 0.99215698 0.58823502
vt 0.96862799 0.67058802
vt 0.90980399 0.58039200
vt 0.96862799 0.67058802
vt 0.88627499 0.65882403
vt 0.88627499 0.65882403
vt 0.96862799 0.67058802
vt 0.93333298 0.74901998
vt 0.88627499 0.65882403
vt 0.93333298 0.74901998
vt 0.84705901 0.73333299
vt 0.84705901 0.73333299
vt 0.93333298 0.74901998
vt 0.88235301 0.81960797
vt 0.84705901 0.73333299
vt 0.88235301 0.81960797
vt 0.79607898 0.79607898
vt 0.79607898 0.79607898
vt 0.88235301 0.81960797
vt 0.81960797 0.88235301
vt 0.79607898 0.79607898
vt 0.81960797 0.88235301
vt 0.73333299 0.84705901
vt 0.73333299 0.84705901
vt 0.81960797 0.88235301
vt 0.74901998 0.93333298
vt 0.73333299 0.84705901
vt 0.74901998 0.93333298
vt 0.65882403 0.88627499
vt 0.65882403 0.88627499
vt 0.74901998 0.93333298
vt 0.67058802 0.96862799
vt 0.65882403 0.88627499
vt 0.67058802 0.96862799
vt 0.58039200 0.90980399
vt 0.58039200 0.90980399
vt 0.67058802 0.96862799
vt 0.58823502 0.99215698
vt 0.58039200 0.90980399
vt 0.58823502 0.99215698
vt 0.49803901 0.91764700
vt 0.58823502 0.99215698
vt 0.49803901 1.00000000
vt 0.49803901 0.91764700
vt 0.49803901 0.91764700
vt 0.49803901 1.00000000
vt 0.41176501 0.99215698
vt 0.49803901 0.91764700
vt 0.41176501 0.99215698
vt 0.41960800 0.90980399
vt 0.41960800 0.90980399
vt 0.41176501 0.99215698
vt 0.32941201 0.96862799
vt 0.41960800 0.90980399
vt 0.32941201 0.96862799
vt 0.34117600 0.88627499
vt 0.34117600 0.88627499
vt 0.32941201 0.96862799
vt 0.25097999 0.93333298
vt 0.34117600 0.88627499
vt 0.25097999 0.93333298
vt 0.26666701 0.84705901
vt 0.26666701 0.84705901
vt 0.25097999 0.93333298
vt 0.18039200 0.88235301
vt 0.26666701 0.84705901
vt 0.18039200 0.88235301
vt 0.20392200 0.79607898
vt 0.20392200 0.79607898
vt 0.18039200 0.88235301
vt 0.11764700 0.81960797
vt 0.20392200 0.79607898
vt 0.11764700 0.81960797
vt 0.15294100 0.73333299
vt 0.15294100 0.73333299
vt 0.11764700 0.81960797
vt 0.06666700 0.74901998
vt 0.15294100 0.73333299
vt 0.06666700 0.74901998
vt 0.11372500 0.65882403
vt 0.11372500 0.65882403
vt 0.06666700 0.74901998
vt 0.03137300 0.67058802
vt 0.11372500 0.65882403
vt 0.03137300 0.67058802
vt 0.09019600 0.58039200
vt 0.09019600 0.58039200
vt 0.03137300 0.67058802
vt 0.00784300 0.58823502
vt 0.09019600 0.58039200
vt 0.00784300 0.58823502
vt 0.08235300 0.50196099
vt 0.08235300 0.50196099
vt 0.00784300 0.58823502
vt 0.00000000 0.50196099
vt 0.08235300 0.50196099
vt 0.00000000 0.50196099
vt 0.00784300 0.41176501
vt 0.99215698 0.41176501
vt 1.00000000 0.50196099
vt 0.91764700 0.50196099
vt 0.91764700 0.50196099
vt 1.00000000 0.50196099
vt 0.99215698 0.58823502
vt 0.91764700 0.50196099
vt 0.99215698 0.58823502
vt 0.90980399 0.58039200
vt 0.90980399 0.58039200
vt 0.99215698 0.58823502
vt 0.96862799 0.67058802
vt 0.90980399 0.58039200
vt 0.96862799 0.67058802
vt 0.88627499 0.65882403
vt 0.88627499 0.65882403
vt 0.96862799 0.67058802
vt 0.93333298 0.74901998
vt 0.88627499 0.65882403
vt 0.93333298 0.74901998
vt 0.84705901 0.73333299
vt 0.84705901 0.73333299
vt 0.93333298 0.74901998
vt 0.88235301 0.81960797
vt 0.84705901 0.73333299
vt 0.88235301 0.81960797
vt 0.79607898 0.79607898
vt 0.79607898 0.79607898
vt 0.88235301 0.81960797
vt 0.81960797 0.88235301
vt 0.79607898 0.79607898
vt 0.81960797 0.88235301
vt 0.73333299 0.84705901
vt 0.73333299 0.84705901
vt 0.81960797 0.88235301
vt 0.74901998 0.93333298
vt 0.73333299 0.84705901
vt 0.74901998 0.93333298
vt 0.65882403 0.88627499
vt 0.65882403 0.88627499
vt 0.74901998 0.93333298
vt 0.67058802 0.96862799
vt 0.65882403 0.88627499
vt 0.67058802 0.96862799
vt 0.58039200 0.90980399
vt 0.58039200 0.90980399
vt 0.67058802 0.96862799
vt 0.58823502 0.99215698
vt 0.58039200 0.90980399
vt 0.58823502 0.99215698
vt 0.49803901 0.91764700
vt 0.41176501 0.00784300
vt 0.50196099 0.00000000
vt 0.50196099 0.08235300
vt 0.50196099 0.08235300
vt 0.50196099 0.00000000
vt 0.58823502 0.00784300
vt 0.50196099 0.08235300
vt 0.58823502 0.00784300
vt 0.58039200 0.09019600
vt 0.58039200 0.09019600
vt 0.58823502 0.00784300
vt 0.67058802 0.03137300
vt 0.58039200 0.09019600
vt 0.67058802 0.03137300
vt 0.65882403 0.11372500
vt 0.65882403 0.11372500
vt 0.67058802 0.03137300
vt 0.74901998 0.06666700
vt 0.65882403 0.11372500
vt 0.74901998 0.06666700
vt 0.73333299 0.15294100
vt 0.73333299 0.15294100
vt 0.74901998 0.06666700
vt 0.81960797 0.11764700
vt 0.73333299 0.15294100
vt 0.81960797 0.11764700
vt 0.79607898 0.20392200
vt 0.79607898 0.20392200
vt 0.81960797 0.11764700
vt 0.88235301 0.18039200
vt 0.79607898 0.20392200
vt 0.88235301 0.18039200
vt 0.84705901 0.26666701
vt 0.84705901 0.26666701
vt 0.88235301 0.18039200
vt 0.93333298 0.25097999
vt 0.84705901 0.26666701
vt 0.93333298 0.25097999
vt 0.88627499 0.34117600
vt 0.88627499 0.34117600
vt 0.93333298 0.25097999
vt 0.96862799 0.32941201
vt 0.88627499 0.34117600
vt 0.96862799 0.32941201
vt 0.90980399 0.41960800
vt 0.90980399 0.41960800
vt 0.96862799 0.32941201
vt 0.99215698 0.41176501
vt 0.90980399 0.41960800
vt 0.99215698 0.41176501
vt 0.91764700 0.50196099
vt 0.08235300 0.50196099
vt 0.00784300 0.41176501
vt 0.09019600 0.41960800
vt 0.09019600 0.41960800
vt 0.00784300 0.41176501
vt 0.03137300 0.32941201
vt 0.09019600 0.41960800
vt 0.03137300 0.32941201
vt 0.11372500 0.34117600
vt 0.11372500 0.34117600
vt 0.03137300 0.32941201
vt 0.06666700 0.25097999
vt 0.11372500 0.34117600
vt 0.06666700 0.25097999
vt 0.15294100 0.26666701
vt 0.15294100 0.26666701
vt 0.06666700 0.25097999
vt 0.11764700 0.18039200
vt 0.15294100 0.26666701
vt 0.11764700 0.18039200
vt 0.20392200 0.20392200
vt 0.20392200 0.20392200
vt 0.11764700 0.18039200
vt 0.18039200 0.11764700
vt 0.20392200 0.20392200
vt 0.18039200 0.11764700
vt 0.26666701 0.15294100
vt 0.26666701 0.15294100
vt 0.18039200 0.11764700
vt 0.25097999 0.06666700
vt 0.26666701 0.15294100
vt 0.25097999 0.06666700
vt 0.34117600 0.11372500
vt 0.34117600 0.11372500
vt 0.25097999 0.06666700
vt 0.32941201 0.03137300
vt 0.34117600 0.11372500
vt 0.32941201 0.03137300
vt 0.41960800 0.09019600
vt 0.41960800 0.09019600
vt 0.32941201 0.03137300
vt 0.41176501 0.00784300
vt 0.41960800 0.09019600
vt 0.41176501 0.00784300
vt 0.50196099 0.08235300
vt 0.41176501 0.00784300
vt 0.50196099 0.00000000
vt 0.50196099 0.08235300
vt 0.50196099 0.08235300
vt 0.50196099 0.00000000
vt 0.58823502 0.00784300
vt 0.50196099 0.08235300
vt 0.58823502 0.00784300
vt 0.58039200 0.09019600
vt 0.58039200 0.09019600
vt 0.58823502 0.00784300
vt 0.67058802 0.03137300
vt 0.58039200 0.09019600
vt 0.67058802 0.03137300
vt 0.65882403 0.11372500
vt 0.65882403 0.11372500
vt 0.67058802 0.03137300
vt 0.74901998 0.06666700
vt 0.65882403 0.11372500
vt 0.74901998 0.06666700
vt 0.73333299 0.15294100
vt 0.73333299 0.15294100
vt 0.74901998 0.06666700
vt 0.81960797 0.11764700
vt 0.73333299 0.15294100
vt 0.81960797 0.11764700
vt 0.79607898 0.20392200
vt 0.79607898 0.20392200
vt 0.81960797 0.11764700
vt 0.88235301 0.18039200
vt 0.79607898 0.20392200
vt 0.88235301 0.18039200
vt 0.84705901 0.26666701
vt 0.84705901 0.26666701
vt 0.88235301 0.18039200
vt 0.93333298 0.25097999
vt 0.84705901 0.26666701
vt 0.93333298 0.25097999
vt 0.88627499 0.34117600
vt 0.88627499 0.34117600
vt 0.93333298 0.25097999
vt 0.96862799 0.32941201
vt 0.88627499 0.34117600
vt 0.96862799 0.32941201
vt 0.90980399 0.41960800
vt 0.90980399 0.41960800
vt 0.96862799 0.32941201
vt 0.99215698 0.41176501
vt 0.90980399 0.41960800
vt 0.99215698 0.41176501
vt 0.91764700 0.50196099
vt 0.08235300 0.50196099
vt 0.00784300 0.41176501
vt 0.09019600 0.41960800
vt 0.09019600 0.41960800
vt 0.00784300 0.41176501
vt 0.03137300 0.32941201
vt 0.09019600 0.41960800
vt 0.03137300 0.32941201
vt 0.11372500 0.34117600
vt 0.11372500 0.34117600
vt 0.03137300 0.32941201
vt 0.06666700 0.25097999
vt 0.11372500 0.34117600
vt 0.06666700 0.25097999
vt 0.15294100 0.26666701
vt 0.15294100 0.26666701
vt 0.06666700 0.25097999
vt 0.11764700 0.18039200
vt 0.15294100 0.26666701
vt 0.11764700 0.18039200
vt 0.20392200 0.20392200
vt 0.20392200 0.20392200
vt 0.11764700 0.18039200
vt 0.18039200 0.11764700
vt 0.20392200 0.20392200
vt 0.18039200 0.11764700
vt 0.26666701 0.15294100
vt 0.26666701 0.15294100
vt 0.18039200 0.11764700
vt 0.25097999 0.06666700
vt 0.26666701 0.15294100
vt 0.25097999 0.06666700
vt 0.34117600 0.11372500
vt 0.34117600 0.11372500
vt 0.25097999 0.06666700
vt 0.32941201 0.03137300
vt 0.34117600 0.11372500
vt 0.32941201 0.03137300
vt 0.41960800 0.09019600
vt 0.41960800 0.09019600
vt 0.32941201 0.03137300
vt 0.41176501 0.00784300
vt 0.41960800 0.09019600
vt 0.41176501 0.00784300
vt 0.50196099 0.08235300
vt 0.00000000 1.00000000
vt 1.00000000 0.94509798
vt 0.00000000 0.94509798
vt 0.00000000 0.94509798
vt 1.00000000 0.94509798
vt 1.00000000 0.89019603
vt 0.00000000 0.94509798
vt 1.00000000 0.89019603
vt 0.00000000 0.89019603
vt 0.00000000 0.89019603
vt 1.00000000 0.89019603
vt 1.00000000 0.83529401
vt 0.00000000 0.89019603
vt 1.00000000 0.83529401
vt 0.00000000 0.83529401
vt 0.00000000 0.83529401
vt 1.00000000 0.83529401
vt 1.00000000 0.77647102
vt 0.00000000 0.83529401
vt 1.00000000 0.77647102
vt 0.00000000 0.77647102
vt 0.00000000 0.77647102
vt 1.00000000 0.77647102
vt 1.00000000 0.72156900
vt 0.00000000 0.77647102
vt 1.00000000 0.72156900
vt 0.00000000 0.72156900
vt 0.00000000 0.72156900
vt 1.00000000 0.72156900
vt 1.00000000 0.66666698
vt 0.00000000 0.72156900
vt 1.00000000 0.66666698
vt 0.00000000 0.66666698
vt 0.00000000 0.66666698
vt 1.00000000 0.66666698
vt 1.00000000 0.61176503
vt 0.00000000 0.66666698
vt 1.00000000 0.61176503
vt 0.00000000 0.61176503
vt 0.00000000 0.61176503
vt 1.00000000 0.61176503
vt 1.00000000 0.55686301
vt 0.00000000 0.61176503
vt 1.00000000 0.55686301
vt 0.00000000 0.55686301
vt 0.00000000 0.55686301
vt 1.00000000 0.55686301
vt 1.00000000 0.50196099
vt 0.00000000 0.55686301
vt 1.00000000 0.50196099
vt 0.00000000 0.50196099
vt 0.00000000 0.50196099
vt 1.00000000 0.50196099
vt 1.00000000 0.44313699
vt 0.00000000 0.50196099
vt 1.00000000 0.44313699
vt 0.00000000 0.44313699
vt 0.00000000 0.44313699
vt 1.00000000 0.44313699
vt 1.00000000 0.38823500
vt 0.00000000 0.44313699
vt 1.00000000 0.38823500
vt 0.00000000 0.38823500
vt 0.00000000 0.38823500
vt 1.00000000 0.38823500
vt 1.00000000 0.33333299
vt 0.00000000 0.38823500
vt 1.00000000 0.33333299
vt 0.00000000 0.33333299
vt 0.00000000 0.33333299
vt 1.00000000 0.33333299
vt 1.00000000 0.27843100
vt 0.00000000 0.33333299
vt 1.00000000 0.27843100
vt 0.00000000 0.27843100
vt 0.00000000 0.27843100
vt 1.00000000 0.27843100
vt 1.00000000 0.22352900
vt 0.00000000 0.27843100
vt 1.00000000 0.22352900
vt 0.00000000 0.22352900
vt 0.00000000 0.22352900
vt 1.00000000 0.22352900
vt 1.00000000 0.16470601
vt 0.00000000 0.22352900
vt 1.00000000 0.16470601
vt 0.00000000 0.16862699
vt 0.00000000 0.16862699
vt 1.00000000 0.16470601
vt 1.00000000 0.10980400
vt 0.00000000 0.16862699
vt 1.00000000 0.10980400
vt 0.00000000 0.10980400
vt 0.00000000 0.10980400
vt 1.00000000 0.10980400
vt 1.00000000 0.05490200
vt 0.00000000 0.10980400
vt 1.00000000 0.05490200
vt 0.00000000 0.05490200
vt 0.00000000 0.05490200
vt 1.00000000 0.05490200
vt 1.00000000 0.00000000
vt 0.00000000 0.05490200
vt 1.00000000 0.00000000
vt 0.00000000 0.00000000
vt 1.00000000 1.00000000
vt 1.00000000 0.94509798
vt 0.00000000 0.94509798
vt 0.00000000 0.94509798
vt 1.00000000 0.94509798
vt 1.00000000 0.89019603
vt 0.00000000 0.94509798
vt 1.00000000 0.89019603
vt 0.00000000 0.89019603
vt 0.00000000 0.89019603
vt 1.00000000 0.89019603
vt 1.00000000 0.83529401
vt 0.00000000 0.89019603
vt 1.00000000 0.83529401
vt 0.00000000 0.83529401
vt 0.00000000 0.83529401
vt 1.00000000 0.83529401
vt 1.00000000 0.77647102
vt 0.00000000 0.83529401
vt 1.00000000 0.77647102
vt 0.00000000 0.77647102
vt 0.00000000 0.77647102
vt 1.00000000 0.77647102
vt 1.00000000 0.72156900
vt 0.00000000 0.77647102
vt 1.00000000 0.72156900
vt 0.00000000 0.72156900
vt 0.00000000 0.72156900
vt 1.00000000 0.72156900
vt 1.00000000 0.66666698
vt 0.00000000 0.72156900
vt 1.00000000 0.66666698
vt 0.00000000 0.66666698
vt 0.00000000 0.66666698
vt 1.00000000 0.66666698
vt 1.00000000 0.61176503
vt 0.00000000 0.66666698
vt 1.00000000 0.61176503
vt 0.00000000 0.61176503
vt 0.00000000 0.61176503
vt 1.00000000 0.61176503
vt 1.00000000 0.55686301
vt 0.00000000 0.61176503
vt 1.00000000 0.55686301
vt 0.00000000 0.55686301
vt 0.00000000 0.55686301
vt 1.00000000 0.55686301
vt 1.00000000 0.50196099
vt 0.00000000 0.55686301
vt 1.00000000 0.50196099
vt 0.00000000 0.50196099
vt 0.00000000 0.50196099
vt 1.00000000 0.50196099
vt 1.00000000 0.44313699
vt 0.00000000 0.50196099
vt 1.00000000 0.44313699
vt 0.00000000 0.44313699
vt 0.00000000 0.44313699
vt 1.00000000 0.44313699
vt 1.00000000 0.38823500
vt 0.00000000 0.44313699
vt 1.00000000 0.38823500
vt 0.00000000 0.38823500
vt 0.00000000 0.38823500
vt 1.00000000 0.38823500
vt 1.00000000 0.33333299
vt 0.00000000 0.38823500
vt 1.00000000 0.33333299
vt 0.00000000 0.33333299
vt 0.00000000 0.33333299
vt 1.00000000 0.33333299
vt 1.00000000 0.27843100
vt 0.00000000 0.33333299
vt 1.00000000 0.27843100
vt 0.00000000 0.27843100
vt 0.00000000 0.27843100
vt 1.00000000 0.27843100
vt 1.00000000 0.22352900
vt 0.00000000 0.27843100
vt 1.00000000 0.22352900
vt 0.00000000 0.22352900
vt 0.00000000 0.22352900
vt 1.00000000 0.22352900
vt 1.00000000 0.16470601
vt 0.00000000 0.22352900
vt 1.00000000 0.16470601
vt 0.00000000 0.16862699
vt 0.00000000 0.16862699
vt 1.00000000 0.16470601
vt 1.00000000 0.10980400
vt 0.00000000 0.16862699
vt 1.00000000 0.10980400
vt 0.00000000 0.10980400
vt 0.00000000 0.10980400
vt 1.00000000 0.10980400
vt 1.00000000 0.05490200
vt 0.00000000 0.10980400
vt 1.00000000 0.05490200
vt 0.00000000 0.05490200
vt 0.00000000 0.05490200
vt 1.00000000 0.05490200
vt 1.00000000 0.00000000
vt 0.00000000 0.05490200
vt 1.00000000 0.00000000
vt 0.00000000 0.00000000
vt 0.00000000 0.00000000
vt 0.00000000 0.05490200
vt 1.00000000 0.05490200
vt 1.00000000 0.05490200
vt 0.00000000 0.05490200
vt 0.00000000 0.10980400
vt 1.00000000 0.05490200
vt 0.00000000 0.10980400
vt 1.00000000 0.10980400
vt 1.00000000 0.10980400
vt 0.00000000 0.10980400
vt 0.00000000 0.16862699
vt 1.00000000 0.10980400
vt 0.00000000 0.16862699
vt 1.00000000 0.16470601
vt 1.00000000 0.16470601
vt 0.00000000 0.16862699
vt 0.00000000 0.22352900
vt 1.00000000 0.16470601
vt 0.00000000 0.22352900
vt 1.00000000 0.22352900
vt 1.00000000 0.22352900
vt 0.00000000 0.22352900
vt 0.00000000 0.27843100
vt 1.00000000 0.22352900
vt 0.00000000 0.27843100
vt 1.00000000 0.27843100
vt 1.00000000 0.27843100
vt 0.00000000 0.27843100
vt 0.00000000 0.33333299
vt 1.00000000 0.27843100
vt 0.00000000 0.33333299
vt 1.00000000 0.33333299
vt 1.00000000 0.33333299
vt 0.00000000 0.33333299
vt 0.00000000 0.38823500
vt 1.00000000 0.33333299
vt 0.00000000 0.38823500
vt 1.00000000 0.38823500
vt 1.00000000 0.38823500
vt 0.00000000 0.38823500
vt 0.00000000 0.44313699
vt 1.00000000 0.38823500
vt 0.00000000 0.44313699
vt 1.00000000 0.44313699
vt 1.00000000 0.44313699
vt 0.00000000 0.44313699
vt 0.00000000 0.50196099
vt 1.00000000 0.44313699
vt 0.00000000 0.50196099
vt 1.00000000 0.50196099
vt 1.00000000 0.50196099
vt 0.00000000 0.50196099
vt 0.00000000 0.55686301
vt 1.00000000 0.50196099
vt 0.00000000 0.55686301
vt 1.00000000 0.55686301
vt 1.00000000 0.55686301
vt 0.00000000 0.55686301
vt 0.00000000 0.61176503
vt 1.00000000 0.55686301
vt 0.00000000 0.61176503
vt 1.00000000 0.61176503
vt 1.00000000 0.61176503
vt 0.00000000 0.61176503
vt 0.00000000 0.66666698
vt 1.00000000 0.61176503
vt 0.00000000 0.66666698
vt 1.00000000 0.66666698
vt 1.00000000 0.66666698
vt 0.00000000 0.66666698
vt 0.00000000 0.72156900
vt 1.00000000 0.66666698
vt 0.00000000 0.72156900
vt 1.00000000 0.72156900
vt 1.00000000 0.72156900
vt 0.00000000 0.72156900
vt 0.00000000 0.77647102
vt 1.00000000 0.72156900
vt 0.00000000 0.77647102
vt 1.00000000 0.77647102
vt 1.00000000 0.77647102
vt 0.00000000 0.77647102
vt 0.00000000 0.83529401
vt 1.00000000 0.77647102
vt 0.00000000 0.83529401
vt 1.00000000 0.83529401
vt 1.00000000 0.83529401
vt 0.00000000 0.83529401
vt 0.00000000 0.89019603
vt 1.00000000 0.83529401
vt 0.00000000 0.89019603
vt 1.00000000 0.89019603
vt 1.00000000 0.89019603
vt 0.00000000 0.89019603
vt 0.00000000 0.94509798
vt 1.00000000 0.89019603
vt 0.00000000 0.94509798
vt 1.00000000 0.94509798
vt 1.00000000 0.94509798
vt 0.00000000 0.94509798
vt 0.00000000 1.00000000
vt 1.00000000 0.94509798
vt 0.00000000 1.00000000
vt 1.00000000 1.00000000
vt 0.00000000 0.00000000
vt 1.00000000 0.05490200
vt 1.00000000 0.00000000
vt 0.00000000 0.00000000
vt 0.00000000 0.05490200
vt 1.00000000 0.00000000
vt 1.00000000 1.00000000
vt 1.00000000 0.94509798
vt 0.00000000 1.00000000
vt 1.00000000 1.00000000
vt 0.00000000 0.94509798
vt 0.00000000 1.00000000
vt 0.00000000 0.00000000
vt 1.00000000 0.05490200
vt 1.00000000 0.00000000
vt 0.00000000 0.00000000
vt 1.00000000 0.05490200
vt 1.00000000 0.00000000
vt 1.00000000 1.00000000
vt 0.00000000 0.94509798
vt 0.00000000 1.00000000
vt 0.00000000 0.00000000
vt 1.00000000 0.05490200
vt 1.00000000 0.00000000
vt 0.00000000 0.00000000
vt 1.00000000 0.05490200
vt 1.00000000 0.00000000
vt 0.08235300 0.50196099
vt 0.09019600 0.58039200
vt 0.00784300 0.58823502
vt 1.00000000 1.00000000
vt 0.00000000 0.94509798
vt 0.00000000 1.00000000
vt 1.00000000 1.00000000
vt 0.00000000 0.94509798
vt 0.00000000 1.00000000
vt 1.00000000 1.00000000
vt 1.00000000 0.94509798
vt 0.00000000 1.00000000
vt 0.00000000 0.00000000
vt 1.00000000 0.05490200
vt 1.00000000 0.00000000
vt 1.00000000 1.00000000
vt 0.00000000 0.94509798
vt 0.00000000 1.00000000
vt 0.99215698 0.41176501
vt 1.00000000 0.50196099
vt 0.91764700 0.50196099
vt 0.91764700 0.50196099
vt 1.00000000 0.50196099
vt 0.99215698 0.58823502
vt 0.91764700 0.50196099
vt 0.99215698 0.58823502
vt 0.90980399 0.58039200
vt 0.90980399 0.58039200
vt 0.99215698 0.58823502
vt 0.96862799 0.67058802
vt 0.90980399 0.58039200
vt 0.96862799 0.67058802
vt 0.88627499 0.65882403
vt 0.88627499 0.65882403
vt 0.96862799 0.67058802
vt 0.93333298 0.74901998
vt 0.88627499 0.65882403
vt 0.93333298 0.74901998
vt 0.84705901 0.73333299
vt 0.84705901 0.73333299
vt 0.93333298 0.74901998
vt 0.88235301 0.81960797
vt 0.84705901 0.73333299
vt 0.88235301 0.81960797
vt 0.79607898 0.79607898
vt 0.79607898 0.79607898
vt 0.88235301 0.81960797
vt 0.81960797 0.88235301
vt 0.79607898 0.79607898
vt 0.81960797 0.88235301
vt 0.73333299 0.84705901
vt 0.73333299 0.84705901
vt 0.81960797 0.88235301
vt 0.74901998 0.93333298
vt 0.73333299 0.84705901
vt 0.74901998 0.93333298
vt 0.65882403 0.88627499
vt 0.65882403 0.88627499
vt 0.74901998 0.93333298
vt 0.67058802 0.96862799
vt 0.65882403 0.88627499
vt 0.67058802 0.96862799
vt 0.58039200 0.90980399
vt 0.58039200 0.90980399
vt 0.67058802 0.96862799
vt 0.58823502 0.99215698
vt 0.58039200 0.90980399
vt 0.58823502 0.99215698
vt 0.49803901 0.91764700
vt 0.49803901 0.91764700
vt 0.58823502 0.99215698
vt 0.49803901 1.00000000
vt 0.49803901 0.91764700
vt 0.49803901 1.00000000
vt 0.41176501 0.99215698
vt 0.00000000 1.00000000
vt 1.00000000 0.94509798
vt 0.00000000 0.94509798
vt 0.00000000 0.94509798
vt 1.00000000 0.94509798
vt 1.00000000 0.89019603
vt 0.00000000 0.94509798
vt 1.00000000 0.89019603
vt 0.00000000 0.89019603
vt 0.00000000 0.89019603
vt 1.00000000 0.89019603
vt 1.00000000 0.83529401
vt 0.00000000 0.89019603
vt 1.00000000 0.83529401
vt 0.00000000 0.83529401
vt 0.00000000 0.83529401
vt 1.00000000 0.83529401
vt 1.00000000 0.77647102
vt 0.00000000 0.83529401
vt 1.00000000 0.77647102
vt 0.00000000 0.77647102
vt 0.00000000 0.77647102
vt 1.00000000 0.77647102
vt 1.00000000 0.72156900
vt 0.00000000 0.77647102
vt 1.00000000 0.72156900
vt 0.00000000 0.72156900
vt 0.00000000 0.72156900
vt 1.00000000 0.72156900
vt 1.00000000 0.66666698
vt 0.00000000 0.72156900
vt 1.00000000 0.66666698
vt 0.00000000 0.66666698
vt 0.00000000 0.66666698
vt 1.00000000 0.66666698
vt 1.00000000 0.61176503
vt 0.00000000 0.66666698
vt 1.00000000 0.61176503
vt 0.00000000 0.61176503
vt 0.00000000 0.61176503
vt 1.00000000 0.61176503
vt 1.00000000 0.55686301
vt 0.00000000 0.61176503
vt 1.00000000 0.55686301
vt 0.00000000 0.55686301
vt 0.00000000 0.55686301
vt 1.00000000 0.55686301
vt 1.00000000 0.50196099
vt 0.00000000 0.55686301
vt 1.00000000 0.50196099
vt 0.00000000 0.50196099
vt 0.00000000 0.50196099
vt 1.00000000 0.50196099
vt 1.00000000 0.44313699
vt 0.00000000 0.50196099
vt 1.00000000 0.44313699
vt 0.00000000 0.44313699
vt 0.00000000 0.44313699
vt 1.00000000 0.44313699
vt 1.00000000 0.38823500
vt 0.00000000 0.44313699
vt 1.00000000 0.38823500
vt 0.00000000 0.38823500
vt 0.00000000 0.38823500
vt 1.00000000 0.38823500
vt 1.00000000 0.33333299
vt 0.00000000 0.38823500
vt 1.00000000 0.33333299
vt 0.00000000 0.33333299
vt 0.00000000 0.33333299
vt 1.00000000 0.33333299
vt 1.00000000 0.27843100
vt 0.00000000 0.33333299
vt 1.00000000 0.27843100
vt 0.00000000 0.27843100
vt 0.00000000 0.27843100
vt 1.00000000 0.27843100
vt 1.00000000 0.22352900
vt 0.00000000 0.27843100
vt 1.00000000 0.22352900
vt 0.00000000 0.22352900
vt 0.00000000 0.22352900
vt 1.00000000 0.22352900
vt 1.00000000 0.16470601
vt 0.00000000 0.22352900
vt 1.00000000 0.16470601
vt 0.00000000 0.16862699
vt 0.00000000 0.16862699
vt 1.00000000 0.16470601
vt 1.00000000 0.10980400
vt 0.00000000 0.16862699
vt 1.00000000 0.10980400
vt 0.00000000 0.10980400
vt 0.00000000 0.10980400
vt 1.00000000 0.10980400
vt 1.00000000 0.05490200
vt 0.00000000 0.10980400
vt 1.00000000 0.05490200
vt 0.00000000 0.05490200
vt 0.00000000 0.05490200
vt 1.00000000 0.05490200
vt 1.00000000 0.00000000
vt 0.00000000 0.05490200
vt 1.00000000 0.00000000
vt 0.00000000 0.00000000
vt 0.99215698 0.41176501
vt 1.00000000 0.50196099
vt 0.91764700 0.50196099
vt 0.91764700 0.50196099
vt 1.00000000 0.50196099
vt 0.99215698 0.58823502
vt 0.91764700 0.50196099
vt 0.99215698 0.58823502
vt 0.90980399 0.58039200
vt 0.90980399 0.58039200
vt 0.99215698 0.58823502
vt 0.96862799 0.67058802
vt 0.90980399 0.58039200
vt 0.96862799 0.67058802
vt 0.88627499 0.65882403
vt 0.88627499 0.65882403
vt 0.96862799 0.67058802
vt 0.93333298 0.74901998
vt 0.88627499 0.65882403
vt 0.93333298 0.74901998
vt 0.84705901 0.73333299
vt 0.84705901 0.73333299
vt 0.93333298 0.74901998
vt 0.88235301 0.81960797
vt 0.84705901 0.73333299
vt 0.88235301 0.81960797
vt 0.79607898 0.79607898
vt 0.79607898 0.79607898
vt 0.88235301 0.81960797
vt 0.81960797 0.88235301
vt 0.79607898 0.79607898
vt 0.81960797 0.88235301
vt 0.73333299 0.84705901
vt 0.73333299 0.84705901
vt 0.81960797 0.88235301
vt 0.74901998 0.93333298
vt 0.73333299 0.84705901
vt 0.74901998 0.93333298
vt 0.65882403 0.88627499
vt 0.65882403 0.88627499
vt 0.74901998 0.93333298
vt 0.67058802 0.96862799
vt 0.65882403 0.88627499
vt 0.67058802 0.96862799
vt 0.58039200 0.90980399
vt 0.58039200 0.90980399
vt 0.67058802 0.96862799
vt 0.58823502 0.99215698
vt 0.58039200 0.90980399
vt 0.58823502 0.99215698
vt 0.49803901 0.91764700
vt 0.49803901 0.91764700
vt 0.58823502 0.99215698
vt 0.49803901 1.00000000
vt 0.49803901 0.91764700
vt 0.49803901 1.00000000
vt 0.41176501 0.99215698
vt 0.49803901 0.91764700
vt 0.41176501 0.99215698
vt 0.41960800 0.90980399
vt 0.41960800 0.90980399
vt 0.41176501 0.99215698
vt 0.32941201 0.96862799
vt 0.41960800 0.90980399
vt 0.32941201 0.96862799
vt 0.34117600 0.88627499
vt 0.34117600 0.88627499
vt 0.32941201 0.96862799
vt 0.25097999 0.93333298
vt 0.34117600 0.88627499
vt 0.25097999 0.93333298
vt 0.26666701 0.84705901
vt 0.26666701 0.84705901
vt 0.25097999 0.93333298
vt 0.18039200 0.88235301
vt 0.26666701 0.84705901
vt 0.18039200 0.88235301
vt 0.20392200 0.79607898
vt 0.20392200 0.79607898
vt 0.18039200 0.88235301
vt 0.11764700 0.81960797
vt 0.20392200 0.79607898
vt 0.11764700 0.81960797
vt 0.15294100 0.73333299
vt 0.15294100 0.73333299
vt 0.11764700 0.81960797
vt 0.06666700 0.74901998
vt 0.15294100 0.73333299
vt 0.06666700 0.74901998
vt 0.11372500 0.65882403
vt 0.11372500 0.65882403
vt 0.06666700 0.74901998
vt 0.03137300 0.67058802
vt 0.11372500 0.65882403
vt 0.03137300 0.67058802
vt 0.09019600 0.58039200
vt 0.09019600 0.58039200
vt 0.03137300 0.67058802
vt 0.00784300 0.58823502
vt 0.09019600 0.58039200
vt 0.00784300 0.58823502
vt 0.08235300 0.50196099
vt 0.08235300 0.50196099
vt 0.00784300 0.58823502
vt 0.00000000 0.50196099
vt 0.08235300 0.50196099
vt 0.00000000 0.50196099
vt 0.00784300 0.41176501
vt 0.08235300 0.50196099
vt 0.00784300 0.41176501
vt 0.09019600 0.41960800
vt 0.09019600 0.41960800
vt 0.00784300 0.41176501
vt 0.03137300 0.32941201
vt 0.09019600 0.41960800
vt 0.03137300 0.32941201
vt 0.11372500 0.34117600
vt 0.11372500 0.34117600
vt 0.03137300 0.32941201
vt 0.06666700 0.25097999
vt 0.11372500 0.34117600
vt 0.06666700 0.25097999
vt 0.15294100 0.26666701
vt 0.15294100 0.26666701
vt 0.06666700 0.25097999
vt 0.11764700 0.18039200
vt 0.15294100 0.26666701
vt 0.11764700 0.18039200
vt 0.20392200 0.20392200
vt 0.20392200 0.20392200
vt 0.11764700 0.18039200
vt 0.18039200 0.11764700
vt 0.20392200 0.20392200
vt 0.18039200 0.11764700
vt 0.26666701 0.15294100
vt 0.26666701 0.15294100
vt 0.18039200 0.11764700
vt 0.25097999 0.06666700
vt 0.26666701 0.15294100
vt 0.25097999 0.06666700
vt 0.34117600 0.11372500
vt 0.34117600 0.11372500
vt 0.25097999 0.06666700
vt 0.32941201 0.03137300
vt 0.34117600 0.11372500
vt 0.32941201 0.03137300
vt 0.41960800 0.09019600
vt 0.41960800 0.09019600
vt 0.32941201 0.03137300
vt 0.41176501 0.00784300
vt 0.41960800 0.09019600
vt 0.41176501 0.00784300
vt 0.50196099 0.08235300
vt 0.50196099 0.08235300
vt 0.41176501 0.00784300
vt 0.50196099 0.00000000
vt 0.50196099 0.08235300
vt 0.50196099 0.00000000
vt 0.58823502 0.00784300
vt 0.50196099 0.08235300
vt 0.58823502 0.00784300
vt 0.58039200 0.09019600
vt 0.58039200 0.09019600
vt 0.58823502 0.00784300
vt 0.67058802 0.03137300
vt 0.58039200 0.09019600
vt 0.67058802 0.03137300
vt 0.65882403 0.11372500
vt 0.65882403 0.11372500
vt 0.67058802 0.03137300
vt 0.74901998 0.06666700
vt 0.65882403 0.11372500
vt 0.74901998 0.06666700
vt 0.73333299 0.15294100
vt 0.73333299 0.15294100
vt 0.74901998 0.06666700
vt 0.81960797 0.11764700
vt 0.73333299 0.15294100
vt 0.81960797 0.11764700
vt 0.79607898 0.20392200
vt 0.79607898 0.20392200
vt 0.81960797 0.11764700
vt 0.88235301 0.18039200
vt 0.79607898 0.20392200
vt 0.88235301 0.18039200
vt 0.84705901 0.26666701
vt 0.84705901 0.26666701
vt 0.88235301 0.18039200
vt 0.93333298 0.25097999
vt 0.84705901 0.26666701
vt 0.93333298 0.25097999
vt 0.88627499 0.34117600
vt 0.88627499 0.34117600
vt 0.93333298 0.25097999
vt 0.96862799 0.32941201
vt 0.88627499 0.34117600
vt 0.96862799 0.32941201
vt 0.90980399 0.41960800
vt 0.90980399 0.41960800
vt 0.96862799 0.32941201
vt 0.99215698 0.41176501
vt 0.90980399 0.41960800
vt 0.99215698 0.41176501
vt 0.91764700 0.50196099
vt 1.00000000 1.00000000
vt 1.00000000 0.94509798
vt 0.00000000 0.94509798
vt 0.00000000 0.94509798
vt 1.00000000 0.94509798
vt 1.00000000 0.89019603
vt 0.00000000 0.94509798
vt 1.00000000 0.89019603
vt 0.00000000 0.89019603
vt 0.00000000 0.89019603
vt 1.00000000 0.89019603
vt 1.00000000 0.83529401
vt 0.00000000 0.89019603
vt 1.00000000 0.83529401
vt 0.00000000 0.83529401
vt 0.00000000 0.83529401
vt 1.00000000 0.83529401
vt 1.00000000 0.77647102
vt 0.00000000 0.83529401
vt 1.00000000 0.77647102
vt 0.00000000 0.77647102
vt 0.00000000 0.77647102
vt 1.00000000 0.77647102
vt 1.00000000 0.72156900
vt 0.00000000 0.77647102
vt 1.00000000 0.72156900
vt 0.00000000 0.72156900
vt 0.00000000 0.72156900
vt 1.00000000 0.72156900
vt 1.00000000 0.66666698
vt 0.00000000 0.72156900
vt 1.00000000 0.66666698
vt 0.00000000 0.66666698
vt 0.00000000 0.66666698
vt 1.00000000 0.66666698
vt 1.00000000 0.61176503
vt 0.00000000 0.66666698
vt 1.00000000 0.61176503
vt 0.00000000 0.61176503
vt 0.00000000 0.61176503
vt 1.00000000 0.61176503
vt 1.00000000 0.55686301
vt 0.00000000 0.61176503
vt 1.00000000 0.55686301
vt 0.00000000 0.55686301
vt 0.00000000 0.55686301
vt 1.00000000 0.55686301
vt 1.00000000 0.50196099
vt 0.00000000 0.55686301
vt 1.00000000 0.50196099
vt 0.00000000 0.50196099
vt 0.00000000 0.50196099
vt 1.00000000 0.50196099
vt 1.00000000 0.44313699
vt 0.00000000 0.50196099
vt 1.00000000 0.44313699
vt 0.00000000 0.44313699
vt 0.00000000 0.00000000
vt 0.00000000 0.05490200
vt 1.00000000 0.05490200
vt 1.00000000 0.05490200
vt 0.00000000 0.05490200
vt 0.00000000 0.10980400
vt 1.00000000 0.05490200
vt 0.00000000 0.10980400
vt 1.00000000 0.10980400
vt 1.00000000 0.10980400
vt 0.00000000 0.10980400
vt 0.00000000 0.16862699
vt 1.00000000 0.10980400
vt 0.00000000 0.16862699
vt 1.00000000 0.16470601
vt 1.00000000 0.16470601
vt 0.00000000 0.16862699
vt 0.00000000 0.22352900
vt 1.00000000 0.16470601
vt 0.00000000 0.22352900
vt 1.00000000 0.22352900
vt 1.00000000 0.22352900
vt 0.00000000 0.22352900
vt 0.00000000 0.27843100
vt 1.00000000 0.22352900
vt 0.00000000 0.27843100
vt 1.00000000 0.27843100
vt 1.00000000 0.27843100
vt 0.00000000 0.27843100
vt 0.00000000 0.33333299
vt 1.00000000 0.27843100
vt 0.00000000 0.33333299
vt 1.00000000 0.33333299
vt 1.00000000 0.33333299
vt 0.00000000 0.33333299
vt 0.00000000 0.38823500
vt 1.00000000 0.33333299
vt 0.00000000 0.38823500
vt 1.00000000 0.38823500
vt 1.00000000 0.38823500
vt 0.00000000 0.38823500
vt 0.00000000 0.44313699
vt 1.00000000 0.38823500
vt 0.00000000 0.44313699
vt 1.00000000 0.44313699
vt 1.00000000 0.44313699
vt 0.00000000 0.44313699
vt 0.00000000 0.50196099
vt 1.00000000 0.44313699
vt 0.00000000 0.50196099
vt 1.00000000 0.50196099
vt 1.00000000 0.50196099
vt 0.00000000 0.50196099
vt 0.00000000 0.55686301
vt 1.00000000 0.50196099
vt 0.00000000 0.55686301
vt 1.00000000 0.55686301
vt 0.00784300 0.58823502
vt 0.00000000 0.50196099
vt 0.08235300 0.50196099
vt 0.08235300 0.50196099
vt 0.00000000 0.50196099
vt 0.00784300 0.41176501
vt 0.08235300 0.50196099
vt 0.00784300 0.41176501
vt 0.09019600 0.41960800
vt 0.09019600 0.41960800
vt 0.00784300 0.41176501
vt 0.03137300 0.32941201
vt 0.09019600 0.41960800
vt 0.03137300 0.32941201
vt 0.11372500 0.34117600
vt 0.11372500 0.34117600
vt 0.03137300 0.32941201
vt 0.06666700 0.25097999
vt 0.11372500 0.34117600
vt 0.06666700 0.25097999
vt 0.15294100 0.26666701
vt 0.15294100 0.26666701
vt 0.06666700 0.25097999
vt 0.11764700 0.18039200
vt 0.15294100 0.26666701
vt 0.11764700 0.18039200
vt 0.20392200 0.20392200
vt 0.20392200 0.20392200
vt 0.11764700 0.18039200
vt 0.18039200 0.11764700
vt 0.20392200 0.20392200
vt 0.18039200 0.11764700
vt 0.26666701 0.15294100
vt 0.26666701 0.15294100
vt 0.18039200 0.11764700
vt 0.25097999 0.06666700
vt 0.26666701 0.15294100
vt 0.25097999 0.06666700
vt 0.34117600 0.11372500
vt 0.34117600 0.11372500
vt 0.25097999 0.06666700
vt 0.32941201 0.03137300
vt 0.34117600 0.11372500
vt 0.32941201 0.03137300
vt 0.41960800 0.09019600
vt 0.41960800 0.09019600
vt 0.32941201 0.03137300
vt 0.41176501 0.00784300
vt 0.41960800 0.09019600
vt 0.41176501 0.00784300
vt 0.50196099 0.08235300
vt 0.50196099 0.08235300
vt 0.41176501 0.00784300
vt 0.50196099 0.00000000
vt 0.50196099 0.08235300
vt 0.50196099 0.00000000
vt 0.58823502 0.00784300
vt 0.41176501 0.00784300
vt 0.50196099 0.00000000
vt 0.50196099 0.08235300
vt 0.50196099 0.08235300
vt 0.50196099 0.00000000
vt 0.58823502 0.00784300
vt 0.50196099 0.08235300
vt 0.58823502 0.00784300
vt 0.58039200 0.09019600
vt 0.58039200 0.09019600
vt 0.58823502 0.00784300
vt 0.67058802 0.03137300
vt 0.58039200 0.09019600
vt 0.67058802 0.03137300
vt 0.65882403 0.11372500
vt 0.65882403 0.11372500
vt 0.67058802 0.03137300
vt 0.74901998 0.06666700
vt 0.65882403 0.11372500
vt 0.74901998 0.06666700
vt 0.73333299 0.15294100
vt 0.73333299 0.15294100
vt 0.74901998 0.06666700
vt 0.81960797 0.11764700
vt 0.73333299 0.15294100
vt 0.81960797 0.11764700
vt 0.79607898 0.20392200
vt 0.79607898 0.20392200
vt 0.81960797 0.11764700
vt 0.88235301 0.18039200
vt 0.79607898 0.20392200
vt 0.88235301 0.18039200
vt 0.84705901 0.26666701
vt 0.84705901 0.26666701
vt 0.88235301 0.18039200
vt 0.93333298 0.25097999
vt 0.84705901 0.26666701
vt 0.93333298 0.25097999
vt 0.88627499 0.34117600
vt 0.88627499 0.34117600
vt 0.93333298 0.25097999
vt 0.96862799 0.32941201
vt 0.88627499 0.34117600
vt 0.96862799 0.32941201
vt 0.90980399 0.41960800
vt 0.90980399 0.41960800
vt 0.96862799 0.32941201
vt 0.99215698 0.41176501
vt 0.90980399 0.41960800
vt 0.99215698 0.41176501
vt 0.91764700 0.50196099
vt 0.91764700 0.50196099
vt 0.99215698 0.41176501
vt 1.00000000 0.50196099
vt 0.91764700 0.50196099
vt 1.00000000 0.50196099
vt 0.99215698 0.58823502
vt 0.00784300 0.58823502
vt 0.00000000 0.50196099
vt 0.08235300 0.50196099
vt 0.08235300 0.50196099
vt 0.00000000 0.50196099
vt 0.00784300 0.41176501
vt 0.08235300 0.50196099
vt 0.00784300 0.41176501
vt 0.09019600 0.41960800
vt 0.09019600 0.41960800
vt 0.00784300 0.41176501
vt 0.03137300 0.32941201
vt 0.09019600 0.41960800
vt 0.03137300 0.32941201
vt 0.11372500 0.34117600
vt 0.11372500 0.34117600
vt 0.03137300 0.32941201
vt 0.06666700 0.25097999
vt 0.11372500 0.34117600
vt 0.06666700 0.25097999
vt 0.15294100 0.26666701
vt 0.15294100 0.26666701
vt 0.06666700 0.25097999
vt 0.11764700 0.18039200
vt 0.15294100 0.26666701
vt 0.11764700 0.18039200
vt 0.20392200 0.20392200
vt 0.20392200 0.20392200
vt 0.11764700 0.18039200
vt 0.18039200 0.11764700
vt 0.20392200 0.20392200
vt 0.18039200 0.11764700
vt 0.26666701 0.15294100
vt 0.26666701 0.15294100
vt 0.18039200 0.11764700
vt 0.25097999 0.06666700
vt 0.26666701 0.15294100
vt 0.25097999 0.06666700
vt 0.34117600 0.11372500
vt 0.34117600 0.11372500
vt 0.25097999 0.06666700
vt 0.32941201 0.03137300
vt 0.34117600 0.11372500
vt 0.32941201 0.03137300
vt 0.41960800 0.09019600
vt 0.41960800 0.09019600
vt 0.32941201 0.03137300
vt 0.41176501 0.00784300
vt 0.41960800 0.09019600
vt 0.41176501 0.00784300
vt 0.50196099 0.08235300
vt 0.58823502 0.99215698
vt 0.49803901 1.00000000
vt 0.49803901 0.91764700
vt 0.49803901 0.91764700
vt 0.49803901 1.00000000
vt 0.41176501 0.99215698
vt 0.49803901 0.91764700
vt 0.41176501 0.99215698
vt 0.41960800 0.90980399
vt 0.41960800 0.90980399
vt 0.41176501 0.99215698
vt 0.32941201 0.96862799
vt 0.41960800 0.90980399
vt 0.32941201 0.96862799
vt 0.34117600 0.88627499
vt 0.34117600 0.88627499
vt 0.32941201 0.96862799
vt 0.25097999 0.93333298
vt 0.34117600 0.88627499
vt 0.25097999 0.93333298
vt 0.26666701 0.84705901
vt 0.26666701 0.84705901
vt 0.25097999 0.93333298
vt 0.18039200 0.88235301
vt 0.26666701 0.84705901
vt 0.18039200 0.88235301
vt 0.20392200 0.79607898
vt 0.20392200 0.79607898
vt 0.18039200 0.88235301
vt 0.11764700 0.81960797
vt 0.20392200 0.79607898
vt 0.11764700 0.81960797
vt 0.15294100 0.73333299
vt 0.15294100 0.73333299
vt 0.11764700 0.81960797
vt 0.06666700 0.74901998
vt 0.15294100 0.73333299
vt 0.06666700 0.74901998
vt 0.11372500 0.65882403
vt 0.11372500 0.65882403
vt 0.06666700 0.74901998
vt 0.03137300 0.67058802
vt 0.11372500 0.65882403
vt 0.03137300 0.67058802
vt 0.09019600 0.58039200
vt 0.09019600 0.58039200
vt 0.03137300 0.67058802
vt 0.00784300 0.58823502
vt 0.09019600 0.58039200
vt 0.00784300 0.58823502
vt 0.08235300 0.50196099
vt 0.91764700 0.50196099
vt 0.99215698 0.58823502
vt 0.90980399 0.58039200
vt 0.90980399 0.58039200
vt 0.99215698 0.58823502
vt 0.96862799 0.67058802
vt 0.90980399 0.58039200
vt 0.96862799 0.67058802
vt 0.88627499 0.65882403
vt 0.88627499 0.65882403
vt 0.96862799 0.67058802
vt 0.93333298 0.74901998
vt 0.88627499 0.65882403
vt 0.93333298 0.74901998
vt 0.84705901 0.73333299
vt 0.84705901 0.73333299
vt 0.93333298 0.74901998
vt 0.88235301 0.81960797
vt 0.84705901 0.73333299
vt 0.88235301 0.81960797
vt 0.79607898 0.79607898
vt 0.79607898 0.79607898
vt 0.88235301 0.81960797
vt 0.81960797 0.88235301
vt 0.79607898 0.79607898
vt 0.81960797 0.88235301
vt 0.73333299 0.84705901
vt 0.73333299 0.84705901
vt 0.81960797 0.88235301
vt 0.74901998 0.93333298
vt 0.73333299 0.84705901
vt 0.74901998 0.93333298
vt 0.65882403 0.88627499
vt 0.65882403 0.88627499
vt 0.74901998 0.93333298
vt 0.67058802 0.96862799
vt 0.65882403 0.88627499
vt 0.67058802 0.96862799
vt 0.58039200 0.90980399
vt 0.58039200 0.90980399
vt 0.67058802 0.96862799
vt 0.58823502 0.99215698
vt 0.58039200 0.90980399
vt 0.58823502 0.99215698
vt 0.49803901 0.91764700
vt 0.00000000 0.00000000
vt 0.00000000 0.05490200
vt 1.00000000 0.05490200
vt 1.00000000 0.05490200
vt 0.00000000 0.05490200
vt 0.00000000 0.10980400
vt 1.00000000 0.05490200
vt 0.00000000 0.10980400
vt 1.00000000 0.10980400
vt 1.00000000 0.10980400
vt 0.00000000 0.10980400
vt 0.00000000 0.16862699
vt 1.00000000 0.10980400
vt 0.00000000 0.16862699
vt 1.00000000 0.16470601
vt 1.00000000 0.16470601
vt 0.00000000 0.16862699
vt 0.00000000 0.22352900
vt 1.00000000 0.16470601
vt 0.00000000 0.22352900
vt 1.00000000 0.22352900
vt 1.00000000 0.22352900
vt 0.00000000 0.22352900
vt 0.00000000 0.27843100
vt 1.00000000 0.22352900
vt 0.00000000 0.27843100
vt 1.00000000 0.27843100
vt 1.00000000 0.27843100
vt 0.00000000 0.27843100
vt 0.00000000 0.33333299
vt 1.00000000 0.27843100
vt 0.00000000 0.33333299
vt 1.00000000 0.33333299
vt 1.00000000 0.33333299
vt 0.00000000 0.33333299
vt 0.00000000 0.38823500
vt 1.00000000 0.33333299
vt 0.00000000 0.38823500
vt 1.00000000 0.38823500
vt 1.00000000 0.38823500
vt 0.00000000 0.38823500
vt 0.00000000 0.44313699
vt 1.00000000 0.38823500
vt 0.00000000 0.44313699
vt 1.00000000 0.44313699
vt 1.00000000 0.44313699
vt 0.00000000 0.44313699
vt 0.00000000 0.50196099
vt 1.00000000 0.44313699
vt 0.00000000 0.50196099
vt 1.00000000 0.50196099
vt 1.00000000 0.50196099
vt 0.00000000 0.50196099
vt 0.00000000 0.55686301
vt 1.00000000 0.50196099
vt 0.00000000 0.55686301
vt 1.00000000 0.55686301
vt 1.00000000 0.55686301
vt 0.00000000 0.55686301
vt 0.00000000 0.61176503
vt 1.00000000 0.55686301
vt 0.00000000 0.61176503
vt 1.00000000 0.61176503
vt 1.00000000 0.61176503
vt 0.00000000 0.61176503
vt 0.00000000 0.66666698
vt 1.00000000 0.61176503
vt 0.00000000 0.66666698
vt 1.00000000 0.66666698
vt 1.00000000 0.66666698
vt 0.00000000 0.66666698
vt 0.00000000 0.72156900
vt 1.00000000 0.66666698
vt 0.00000000 0.72156900
vt 1.00000000 0.72156900
vt 1.00000000 0.72156900
vt 0.00000000 0.72156900
vt 0.00000000 0.77647102
vt 1.00000000 0.72156900
vt 0.00000000 0.77647102
vt 1.00000000 0.77647102
vt 1.00000000 0.77647102
vt 0.00000000 0.77647102
vt 0.00000000 0.83529401
vt 1.00000000 0.77647102
vt 0.00000000 0.83529401
vt 1.00000000 0.83529401
vt 1.00000000 0.83529401
vt 0.00000000 0.83529401
vt 0.00000000 0.89019603
vt 1.00000000 0.83529401
vt 0.00000000 0.89019603
vt 1.00000000 0.89019603
vt 1.00000000 0.89019603
vt 0.00000000 0.89019603
vt 0.00000000 0.94509798
vt 1.00000000 0.89019603
vt 0.00000000 0.94509798
vt 1.00000000 0.94509798
vt 1.00000000 0.94509798
vt 0.00000000 0.94509798
vt 0.00000000 1.00000000
vt 1.00000000 0.94509798
vt 0.00000000 1.00000000
vt 1.00000000 1.00000000
vt 1.00000000 1.00000000
vt 1.00000000 0.94509798
vt 0.00000000 0.94509798
vt 0.00000000 0.94509798
vt 1.00000000 0.94509798
vt 1.00000000 0.89019603
vt 0.00000000 0.94509798
vt 1.00000000 0.89019603
vt 0.00000000 0.89019603
vt 0.00000000 0.89019603
vt 1.00000000 0.89019603
vt 1.00000000 0.83529401
vt 0.00000000 0.89019603
vt 1.00000000 0.83529401
vt 0.00000000 0.83529401
vt 0.00000000 0.83529401
vt 1.00000000 0.83529401
vt 1.00000000 0.77647102
vt 0.00000000 0.83529401
vt 1.00000000 0.77647102
vt 0.00000000 0.77647102
vt 0.00000000 0.77647102
vt 1.00000000 0.77647102
vt 1.00000000 0.72156900
vt 0.00000000 0.77647102
vt 1.00000000 0.72156900
vt 0.00000000 0.72156900
vt 0.00000000 0.72156900
vt 1.00000000 0.72156900
vt 1.00000000 0.66666698
vt 0.00000000 0.72156900
vt 1.00000000 0.66666698
vt 0.00000000 0.66666698
vt 0.00000000 0.66666698
vt 1.00000000 0.66666698
vt 1.00000000 0.61176503
vt 0.00000000 0.66666698
vt 1.00000000 0.61176503
vt 0.00000000 0.61176503
vt 0.00000000 0.61176503
vt 1.00000000 0.61176503
vt 1.00000000 0.55686301
vt 0.00000000 0.61176503
vt 1.00000000 0.55686301
vt 0.00000000 0.55686301
vt 0.00000000 0.55686301
vt 1.00000000 0.55686301
vt 1.00000000 0.50196099
vt 0.00000000 0.55686301
vt 1.00000000 0.50196099
vt 0.00000000 0.50196099
vt 0.00000000 0.50196099
vt 1.00000000 0.50196099
vt 1.00000000 0.44313699
vt 0.00000000 0.50196099
vt 1.00000000 0.44313699
vt 0.00000000 0.44313699
vt 0.00000000 0.44313699
vt 1.00000000 0.44313699
vt 1.00000000 0.38823500
vt 0.00000000 0.44313699
vt 1.00000000 0.38823500
vt 0.00000000 0.38823500
vt 0.00000000 0.38823500
vt 1.00000000 0.38823500
vt 1.00000000 0.33333299
vt 0.00000000 0.38823500
vt 1.00000000 0.33333299
vt 0.00000000 0.33333299
vt 0.00000000 0.33333299
vt 1.00000000 0.33333299
vt 1.00000000 0.27843100
vt 0.00000000 0.33333299
vt 1.00000000 0.27843100
vt 0.00000000 0.27843100
vt 0.00000000 0.27843100
vt 1.00000000 0.27843100
vt 1.00000000 0.22352900
vt 0.00000000 0.27843100
vt 1.00000000 0.22352900
vt 0.00000000 0.22352900
vt 0.00000000 0.22352900
vt 1.00000000 0.22352900
vt 1.00000000 0.16470601
vt 0.00000000 0.22352900
vt 1.00000000 0.16470601
vt 0.00000000 0.16862699
vt 0.00000000 0.16862699
vt 1.00000000 0.16470601
vt 1.00000000 0.10980400
vt 0.00000000 0.16862699
vt 1.00000000 0.10980400
vt 0.00000000 0.10980400
vt 0.00000000 0.10980400
vt 1.00000000 0.10980400
vt 1.00000000 0.05490200
vt 0.00000000 0.10980400
vt 1.00000000 0.05490200
vt 0.00000000 0.05490200
vt 0.00000000 0.05490200
vt 1.00000000 0.05490200
vt 1.00000000 0.00000000
vt 0.00000000 0.05490200
vt 1.00000000 0.00000000
vt 0.00000000 0.00000000
vt 0.41176501 0.00784300
vt 0.50196099 0.00000000
vt 0.50196099 0.08235300
vt 0.50196099 0.08235300
vt 0.50196099 0.00000000
vt 0.58823502 0.00784300
vt 0.50196099 0.08235300
vt 0.58823502 0.00784300
vt 0.58039200 0.09019600
vt 0.58039200 0.09019600
vt 0.58823502 0.00784300
vt 0.67058802 0.03137300
vt 0.58039200 0.09019600
vt 0.67058802 0.03137300
vt 0.65882403 0.11372500
vt 0.65882403 0.11372500
vt 0.67058802 0.03137300
vt 0.74901998 0.06666700
vt 0.65882403 0.11372500
vt 0.74901998 0.06666700
vt 0.73333299 0.15294100
vt 0.73333299 0.15294100
vt 0.74901998 0.06666700
vt 0.81960797 0.11764700
vt 0.73333299 0.15294100
vt 0.81960797 0.11764700
vt 0.79607898 0.20392200
vt 0.79607898 0.20392200
vt 0.81960797 0.11764700
vt 0.88235301 0.18039200
vt 0.79607898 0.20392200
vt 0.88235301 0.18039200
vt 0.84705901 0.26666701
vt 0.84705901 0.26666701
vt 0.88235301 0.18039200
vt 0.93333298 0.25097999
vt 0.84705901 0.26666701
vt 0.93333298 0.25097999
vt 0.88627499 0.34117600
vt 0.88627499 0.34117600
vt 0.93333298 0.25097999
vt 0.96862799 0.32941201
vt 0.88627499 0.34117600
vt 0.96862799 0.32941201
vt 0.90980399 0.41960800
vt 0.90980399 0.41960800
vt 0.96862799 0.32941201
vt 0.99215698 0.41176501
vt 0.90980399 0.41960800
vt 0.99215698 0.41176501
vt 0.91764700 0.50196099
vt 0.91764700 0.50196099
vt 0.99215698 0.41176501
vt 1.00000000 0.50196099
vt 0.91764700 0.50196099
vt 1.00000000 0.50196099
vt 0.99215698 0.58823502
vt 0.00784300 0.58823502
vt 0.00000000 0.50196099
vt 0.08235300 0.50196099
vt 0.08235300 0.50196099
vt 0.00000000 0.50196099
vt 0.00784300 0.41176501
vt 0.08235300 0.50196099
vt 0.00784300 0.41176501
vt 0.09019600 0.41960800
vt 0.09019600 0.41960800
vt 0.00784300 0.41176501
vt 0.03137300 0.32941201
vt 0.09019600 0.41960800
vt 0.03137300 0.32941201
vt 0.11372500 0.34117600
vt 0.11372500 0.34117600
vt 0.03137300 0.32941201
vt 0.06666700 0.25097999
vt 0.11372500 0.34117600
vt 0.06666700 0.25097999
vt 0.15294100 0.26666701
vt 0.15294100 0.26666701
vt 0.06666700 0.25097999
vt 0.11764700 0.18039200
vt 0.15294100 0.26666701
vt 0.11764700 0.18039200
vt 0.20392200 0.20392200
vt 0.20392200 0.20392200
vt 0.11764700 0.18039200
vt 0.18039200 0.11764700
vt 0.20392200 0.20392200
vt 0.18039200 0.11764700
vt 0.26666701 0.15294100
vt 0.26666701 0.15294100
vt 0.18039200 0.11764700
vt 0.25097999 0.06666700
vt 0.26666701 0.15294100
vt 0.25097999 0.06666700
vt 0.34117600 0.11372500
vt 0.34117600 0.11372500
vt 0.25097999 0.06666700
vt 0.32941201 0.03137300
vt 0.34117600 0.11372500
vt 0.32941201 0.03137300
vt 0.41960800 0.09019600
vt 0.41960800 0.09019600
vt 0.32941201 0.03137300
vt 0.41176501 0.00784300
vt 0.41960800 0.09019600
vt 0.41176501 0.00784300
vt 0.50196099 0.08235300
vt 0.58823502 0.99215698
vt 0.49803901 1.00000000
vt 0.49803901 0.91764700
vt 0.49803901 0.91764700
vt 0.49803901 1.00000000
vt 0.41176501 0.99215698
vt 0.49803901 0.91764700
vt 0.41176501 0.99215698
vt 0.41960800 0.90980399
vt 0.41960800 0.90980399
vt 0.41176501 0.99215698
vt 0.32941201 0.96862799
vt 0.41960800 0.90980399
vt 0.32941201 0.96862799
vt 0.34117600 0.88627499
vt 0.34117600 0.88627499
vt 0.32941201 0.96862799
vt 0.25097999 0.93333298
vt 0.34117600 0.88627499
vt 0.25097999 0.93333298
vt 0.26666701 0.84705901
vt 0.26666701 0.84705901
vt 0.25097999 0.93333298
vt 0.18039200 0.88235301
vt 0.26666701 0.84705901
vt 0.18039200 0.88235301
vt 0.20392200 0.79607898
vt 0.20392200 0.79607898
vt 0.18039200 0.88235301
vt 0.11764700 0.81960797
vt 0.20392200 0.79607898
vt 0.11764700 0.81960797
vt 0.15294100 0.73333299
vt 0.15294100 0.73333299
vt 0.11764700 0.81960797
vt 0.06666700 0.74901998
vt 0.15294100 0.73333299
vt 0.06666700 0.74901998
vt 0.11372500 0.65882403
vt 0.11372500 0.65882403
vt 0.06666700 0.74901998
vt 0.03137300 0.67058802
vt 0.11372500 0.65882403
vt 0.03137300 0.67058802
vt 0.09019600 0.58039200
vt 0.09019600 0.58039200
vt 0.03137300 0.67058802
vt 0.00784300 0.58823502
vt 0.09019600 0.58039200
vt 0.00784300 0.58823502
vt 0.08235300 0.50196099
vt 0.91764700 0.50196099
vt 0.99215698 0.58823502
vt 0.90980399 0.58039200
vt 0.90980399 0.58039200
vt 0.99215698 0.58823502
vt 0.96862799 0.67058802
vt 0.90980399 0.58039200
vt 0.96862799 0.67058802
vt 0.88627499 0.65882403
vt 0.88627499 0.65882403
vt 0.96862799 0.67058802
vt 0.93333298 0.74901998
vt 0.88627499 0.65882403
vt 0.93333298 0.74901998
vt 0.84705901 0.73333299
vt 0.84705901 0.73333299
vt 0.93333298 0.74901998
vt 0.88235301 0.81960797
vt 0.84705901 0.73333299
vt 0.88235301 0.81960797
vt 0.79607898 0.79607898
vt 0.79607898 0.79607898
vt 0.88235301 0.81960797
vt 0.81960797 0.88235301
vt 0.79607898 0.79607898
vt 0.81960797 0.88235301
vt 0.73333299 0.84705901
vt 0.73333299 0.84705901
vt 0.81960797 0.88235301
vt 0.74901998 0.93333298
vt 0.73333299 0.84705901
vt 0.74901998 0.93333298
vt 0.65882403 0.88627499
vt 0.65882403 0.88627499
vt 0.74901998 0.93333298
vt 0.67058802 0.96862799
vt 0.65882403 0.88627499
vt 0.67058802 0.96862799
vt 0.58039200 0.90980399
vt 0.58039200 0.90980399
vt 0.67058802 0.96862799
vt 0.58823502 0.99215698
vt 0.58039200 0.90980399
vt 0.58823502 0.99215698
vt 0.49803901 0.91764700
vt 1.00000000 1.00000000
vt 1.00000000 0.94509798
vt 0.00000000 0.94509798
vt 0.00000000 0.94509798
vt 1.00000000 0.94509798
vt 1.00000000 0.89019603
vt 0.00000000 0.94509798
vt 1.00000000 0.89019603
vt 0.00000000 0.89019603
vt 0.00000000 0.89019603
vt 1.00000000 0.89019603
vt 1.00000000 0.83529401
vt 0.00000000 0.89019603
vt 1.00000000 0.83529401
vt 0.00000000 0.83529401
vt 0.00000000 0.83529401
vt 1.00000000 0.83529401
vt 1.00000000 0.77647102
vt 0.00000000 0.83529401
vt 1.00000000 0.77647102
vt 0.00000000 0.77647102
vt 0.00000000 0.77647102
vt 1.00000000 0.77647102
vt 1.00000000 0.72156900
vt 0.00000000 0.77647102
vt 1.00000000 0.72156900
vt 0.00000000 0.72156900
vt 0.00000000 0.72156900
vt 1.00000000 0.72156900
vt 1.00000000 0.66666698
vt 0.00000000 0.72156900
vt 1.00000000 0.66666698
vt 0.00000000 0.66666698
vt 0.00000000 0.66666698
vt 1.00000000 0.66666698
vt 1.00000000 0.61176503
vt 0.00000000 0.66666698
vt 1.00000000 0.61176503
vt 0.00000000 0.61176503
vt 0.00000000 0.61176503
vt 1.00000000 0.61176503
vt 1.00000000 0.55686301
vt 0.00000000 0.61176503
vt 1.00000000 0.55686301
vt 0.00000000 0.55686301
vt 0.00000000 0.55686301
vt 1.00000000 0.55686301
vt 1.00000000 0.50196099
vt 0.00000000 0.55686301
vt 1.00000000 0.50196099
vt 0.00000000 0.50196099
vt 0.00000000 0.50196099
vt 1.00000000 0.50196099
vt 1.00000000 0.44313699
vt 0.00000000 0.50196099
vt 1.00000000 0.44313699
vt 0.00000000 0.44313699
vt 0.00000000 0.44313699
vt 1.00000000 0.44313699
vt 1.00000000 0.38823500
vt 0.00000000 0.44313699
vt 1.00000000 0.38823500
vt 0.00000000 0.38823500
vt 0.00000000 0.38823500
vt 1.00000000 0.38823500
vt 1.00000000 0.33333299
vt 0.00000000 0.38823500
vt 1.00000000 0.33333299
vt 0.00000000 0.33333299
vt 0.00000000 0.33333299
vt 1.00000000 0.33333299
vt 1.00000000 0.27843100
vt 0.00000000 0.33333299
vt 1.00000000 0.27843100
vt 0.00000000 0.27843100
vt 0.00000000 0.27843100
vt 1.00000000 0.27843100
vt 1.00000000 0.22352900
vt 0.00000000 0.27843100
vt 1.00000000 0.22352900
vt 0.00000000 0.22352900
vt 0.00000000 0.22352900
vt 1.00000000 0.22352900
vt 1.00000000 0.16470601
vt 0.00000000 0.22352900
vt 1.00000000 0.16470601
vt 0.00000000 0.16862699
vt 0.00000000 0.16862699
vt 1.00000000 0.16470601
vt 1.00000000 0.10980400
vt 0.00000000 0.16862699
vt 1.00000000 0.10980400
vt 0.00000000 0.10980400
vt 0.00000000 0.10980400
vt 1.00000000 0.10980400
vt 1.00000000 0.05490200
vt 0.00000000 0.10980400
vt 1.00000000 0.05490200
vt 0.00000000 0.05490200
vt 0.00000000 0.05490200
vt 1.00000000 0.05490200
vt 1.00000000 0.00000000
vt 0.00000000 0.05490200
vt 1.00000000 0.00000000
vt 0.00000000 0.00000000
vt 0.00000000 0.00000000
vt 0.00000000 0.05490200
vt 1.00000000 0.05490200
vt 1.00000000 0.05490200
vt 0.00000000 0.05490200
vt 0.00000000 0.10980400
vt 1.00000000 0.05490200
vt 0.00000000 0.10980400
vt 1.00000000 0.10980400
vt 1.00000000 0.10980400
vt 0.00000000 0.10980400
vt 0.00000000 0.16862699
vt 1.00000000 0.10980400
vt 0.00000000 0.16862699
vt 1.00000000 0.16470601
vt 1.00000000 0.16470601
vt 0.00000000 0.16862699
vt 0.00000000 0.22352900
vt 1.00000000 0.16470601
vt 0.00000000 0.22352900
vt 1.00000000 0.22352900
vt 1.00000000 0.22352900
vt 0.00000000 0.22352900
vt 0.00000000 0.27843100
vt 1.00000000 0.22352900
vt 0.00000000 0.27843100
vt 1.00000000 0.27843100
vt 1.00000000 0.27843100
vt 0.00000000 0.27843100
vt 0.00000000 0.33333299
vt 1.00000000 0.27843100
vt 0.00000000 0.33333299
vt 1.00000000 0.33333299
vt 1.00000000 0.33333299
vt 0.00000000 0.33333299
vt 0.00000000 0.38823500
vt 1.00000000 0.33333299
vt 0.00000000 0.38823500
vt 1.00000000 0.38823500
vt 1.00000000 0.38823500
vt 0.00000000 0.38823500
vt 0.00000000 0.44313699
vt 1.00000000 0.38823500
vt 0.00000000 0.44313699
vt 1.00000000 0.44313699
vt 1.00000000 0.44313699
vt 0.00000000 0.44313699
vt 0.00000000 0.50196099
vt 1.00000000 0.44313699
vt 0.00000000 0.50196099
vt 1.00000000 0.50196099
vt 1.00000000 0.50196099
vt 0.00000000 0.50196099
vt 0.00000000 0.55686301
vt 1.00000000 0.50196099
vt 0.00000000 0.55686301
vt 1.00000000 0.55686301
vt 1.00000000 0.55686301
vt 0.00000000 0.55686301
vt 0.00000000 0.61176503
vt 1.00000000 0.55686301
vt 0.00000000 0.61176503
vt 1.00000000 0.61176503
vt 1.00000000 0.61176503
vt 0.00000000 0.61176503
vt 0.00000000 0.66666698
vt 1.00000000 0.61176503
vt 0.00000000 0.66666698
vt 1.00000000 0.66666698
vt 1.00000000 0.66666698
vt 0.00000000 0.66666698
vt 0.00000000 0.72156900
vt 1.00000000 0.66666698
vt 0.00000000 0.72156900
vt 1.00000000 0.72156900
vt 1.00000000 0.72156900
vt 0.00000000 0.72156900
vt 0.00000000 0.77647102
vt 1.00000000 0.72156900
vt 0.00000000 0.77647102
vt 1.00000000 0.77647102
vt 1.00000000 0.77647102
vt 0.00000000 0.77647102
vt 0.00000000 0.83529401
vt 1.00000000 0.77647102
vt 0.00000000 0.83529401
vt 1.00000000 0.83529401
vt 1.00000000 0.83529401
vt 0.00000000 0.83529401
vt 0.00000000 0.89019603
vt 1.00000000 0.83529401
vt 0.00000000 0.89019603
vt 1.00000000 0.89019603
vt 1.00000000 0.89019603
vt 0.00000000 0.89019603
vt 0.00000000 0.94509798
vt 1.00000000 0.89019603
vt 0.00000000 0.94509798
vt 1.00000000 0.94509798
vt 1.00000000 0.94509798
vt 0.00000000 0.94509798
vt 0.00000000 1.00000000
vt 1.00000000 0.94509798
vt 0.00000000 1.00000000
vt 1.00000000 1.00000000
vt 0.00000000 0.00000000
vt 0.00000000 0.05490200
vt 1.00000000 0.05490200
vt 1.00000000 0.05490200
vt 0.00000000 0.05490200
vt 0.00000000 0.10980400
vt 1.00000000 0.05490200
vt 0.00000000 0.10980400
vt 1.00000000 0.10980400
vt 1.00000000 0.10980400
vt 0.00000000 0.10980400
vt 0.00000000 0.16862699
vt 1.00000000 0.10980400
vt 0.00000000 0.16862699
vt 1.00000000 0.16470601
vt 1.00000000 0.16470601
vt 0.00000000 0.16862699
vt 0.00000000 0.22352900
vt 1.00000000 0.16470601
vt 0.00000000 0.22352900
vt 1.00000000 0.22352900
vt 1.00000000 0.22352900
vt 0.00000000 0.22352900
vt 0.00000000 0.27843100
vt 1.00000000 0.22352900
vt 0.00000000 0.27843100
vt 1.00000000 0.27843100
vt 1.00000000 0.27843100
vt 0.00000000 0.27843100
vt 0.00000000 0.33333299
vt 1.00000000 0.27843100
vt 0.00000000 0.33333299
vt 1.00000000 0.33333299
vt 1.00000000 0.33333299
vt 0.00000000 0.33333299
vt 0.00000000 0.38823500
vt 1.00000000 0.33333299
vt 0.00000000 0.38823500
vt 1.00000000 0.38823500
vt 1.00000000 0.38823500
vt 0.00000000 0.38823500
vt 0.00000000 0.44313699
vt 1.00000000 0.38823500
vt 0.00000000 0.44313699
vt 1.00000000 0.44313699
vt 1.00000000 0.44313699
vt 0.00000000 0.44313699
vt 0.00000000 0.50196099
vt 1.00000000 0.44313699
vt 0.00000000 0.50196099
vt 1.00000000 0.50196099
vt 1.00000000 0.50196099
vt 0.00000000 0.50196099
vt 0.00000000 0.55686301
vt 1.00000000 0.50196099
vt 0.00000000 0.55686301
vt 1.00000000 0.55686301
vt 1.00000000 0.55686301
vt 0.00000000 0.55686301
vt 0.00000000 0.61176503
vt 1.00000000 0.55686301
vt 0.00000000 0.61176503
vt 1.00000000 0.61176503
vt 1.00000000 0.61176503
vt 0.00000000 0.61176503
vt 0.00000000 0.66666698
vt 1.00000000 0.61176503
vt 0.00000000 0.66666698
vt 1.00000000 0.66666698
vt 1.00000000 0.66666698
vt 0.00000000 0.66666698
vt 0.00000000 0.72156900
vt 1.00000000 0.66666698
vt 0.00000000 0.72156900
vt 1.00000000 0.72156900
vt 1.00000000 0.72156900
vt 0.00000000 0.72156900
vt 0.00000000 0.77647102
vt 1.00000000 0.72156900
vt 0.00000000 0.77647102
vt 1.00000000 0.77647102
vt 1.00000000 0.77647102
vt 0.00000000 0.77647102
vt 0.00000000 0.83529401
vt 1.00000000 0.77647102
vt 0.00000000 0.83529401
vt 1.00000000 0.83529401
vt 1.00000000 0.83529401
vt 0.00000000 0.83529401
vt 0.00000000 0.89019603
vt 1.00000000 0.83529401
vt 0.00000000 0.89019603
vt 1.00000000 0.89019603
vt 1.00000000 0.89019603
vt 0.00000000 0.89019603
vt 0.00000000 0.94509798
vt 1.00000000 0.89019603
vt 0.00000000 0.94509798
vt 1.00000000 0.94509798
vt 1.00000000 0.94509798
vt 0.00000000 0.94509798
vt 0.00000000 1.00000000
vt 1.00000000 0.94509798
vt 0.00000000 1.00000000
vt 1.00000000 1.00000000
vt 0.00784300 0.58823502
vt 0.00000000 0.50196099
vt 0.08235300 0.50196099
vt 0.08235300 0.50196099
vt 0.00000000 0.50196099
vt 0.00784300 0.41176501
vt 0.08235300 0.50196099
vt 0.00784300 0.41176501
vt 0.09019600 0.41960800
vt 0.09019600 0.41960800
vt 0.00784300 0.41176501
vt 0.03137300 0.32941201
vt 0.09019600 0.41960800
vt 0.03137300 0.32941201
vt 0.11372500 0.34117600
vt 0.11372500 0.34117600
vt 0.03137300 0.32941201
vt 0.06666700 0.25097999
vt 0.11372500 0.34117600
vt 0.06666700 0.25097999
vt 0.15294100 0.26666701
vt 0.15294100 0.26666701
vt 0.06666700 0.25097999
vt 0.11764700 0.18039200
vt 0.15294100 0.26666701
vt 0.11764700 0.18039200
vt 0.20392200 0.20392200
vt 0.20392200 0.20392200
vt 0.11764700 0.18039200
vt 0.18039200 0.11764700
vt 0.20392200 0.20392200
vt 0.18039200 0.11764700
vt 0.26666701 0.15294100
vt 0.26666701 0.15294100
vt 0.18039200 0.11764700
vt 0.25097999 0.06666700
vt 0.26666701 0.15294100
vt 0.25097999 0.06666700
vt 0.34117600 0.11372500
vt 0.34117600 0.11372500
vt 0.25097999 0.06666700
vt 0.32941201 0.03137300
vt 0.34117600 0.11372500
vt 0.32941201 0.03137300
vt 0.41960800 0.09019600
vt 0.41960800 0.09019600
vt 0.32941201 0.03137300
vt 0.41176501 0.00784300
vt 0.41960800 0.09019600
vt 0.41176501 0.00784300
vt 0.50196099 0.08235300
vt 0.50196099 0.08235300
vt 0.41176501 0.00784300
vt 0.50196099 0.00000000
vt 0.50196099 0.08235300
vt 0.50196099 0.00000000
vt 0.58823502 0.00784300
vt 0.50196099 0.08235300
vt 0.58823502 0.00784300
vt 0.58039200 0.09019600
vt 0.58039200 0.09019600
vt 0.58823502 0.00784300
vt 0.67058802 0.03137300
vt 0.58039200 0.09019600
vt 0.67058802 0.03137300
vt 0.65882403 0.11372500
vt 0.65882403 0.11372500
vt 0.67058802 0.03137300
vt 0.74901998 0.06666700
vt 0.65882403 0.11372500
vt 0.74901998 0.06666700
vt 0.73333299 0.15294100
vt 0.73333299 0.15294100
vt 0.74901998 0.06666700
vt 0.81960797 0.11764700
vt 0.73333299 0.15294100
vt 0.81960797 0.11764700
vt 0.79607898 0.20392200
vt 0.79607898 0.20392200
vt 0.81960797 0.11764700
vt 0.88235301 0.18039200
vt 0.79607898 0.20392200
vt 0.88235301 0.18039200
vt 0.84705901 0.26666701
vt 0.84705901 0.26666701
vt 0.88235301 0.18039200
vt 0.93333298 0.25097999
vt 0.84705901 0.26666701
vt 0.93333298 0.25097999
vt 0.88627499 0.34117600
vt 0.88627499 0.34117600
vt 0.93333298 0.25097999
vt 0.96862799 0.32941201
vt 0.88627499 0.34117600
vt 0.96862799 0.32941201
vt 0.90980399 0.41960800
vt 0.90980399 0.41960800
vt 0.96862799 0.32941201
vt 0.99215698 0.41176501
vt 0.90980399 0.41960800
vt 0.99215698 0.41176501
vt 0.91764700 0.50196099
vt 0.91764700 0.50196099
vt 0.99215698 0.41176501
vt 1.00000000 0.50196099
vt 0.91764700 0.50196099
vt 1.00000000 0.50196099
vt 0.99215698 0.58823502
vt 0.91764700 0.50196099
vt 0.99215698 0.58823502
vt 0.90980399 0.58039200
vt 0.90980399 0.58039200
vt 0.99215698 0.58823502
vt 0.96862799 0.67058802
vt 0.90980399 0.58039200
vt 0.96862799 0.67058802
vt 0.88627499 0.65882403
vt 0.88627499 0.65882403
vt 0.96862799 0.67058802
vt 0.93333298 0.74901998
vt 0.88627499 0.65882403
vt 0.93333298 0.74901998
vt 0.84705901 0.73333299
vt 0.84705901 0.73333299
vt 0.93333298 0.74901998
vt 0.88235301 0.81960797
vt 0.84705901 0.73333299
vt 0.88235301 0.81960797
vt 0.79607898 0.79607898
vt 0.79607898 0.79607898
vt 0.88235301 0.81960797
vt 0.81960797 0.88235301
vt 0.79607898 0.79607898
vt 0.81960797 0.88235301
vt 0.73333299 0.84705901
vt 0.73333299 0.84705901
vt 0.81960797 0.88235301
vt 0.74901998 0.93333298
vt 0.73333299 0.84705901
vt 0.74901998 0.93333298
vt 0.65882403 0.88627499
vt 0.65882403 0.88627499
vt 0.74901998 0.93333298
vt 0.67058802 0.96862799
vt 0.65882403 0.88627499
vt 0.67058802 0.96862799
vt 0.58039200 0.90980399
vt 0.58039200 0.90980399
vt 0.67058802 0.96862799
vt 0.58823502 0.99215698
vt 0.58039200 0.90980399
vt 0.58823502 0.99215698
vt 0.49803901 0.91764700
vt 0.49803901 0.91764700
vt 0.58823502 0.99215698
vt 0.49803901 1.00000000
vt 0.49803901 0.91764700
vt 0.49803901 1.00000000
vt 0.41176501 0.99215698
vt 0.49803901 0.91764700
vt 0.41176501 0.99215698
vt 0.41960800 0.90980399
vt 0.41960800 0.90980399
vt 0.41176501 0.99215698
vt 0.32941201 0.96862799
vt 0.41960800 0.90980399
vt 0.32941201 0.96862799
vt 0.34117600 0.88627499
vt 0.34117600 0.88627499
vt 0.32941201 0.96862799
vt 0.25097999 0.93333298
vt 0.34117600 0.88627499
vt 0.25097999 0.93333298
vt 0.26666701 0.84705901
vt 0.26666701 0.84705901
vt 0.25097999 0.93333298
vt 0.18039200 0.88235301
vt 0.26666701 0.84705901
vt 0.18039200 0.88235301
vt 0.20392200 0.79607898
vt 0.20392200 0.79607898
vt 0.18039200 0.88235301
vt 0.11764700 0.81960797
vt 0.20392200 0.79607898
vt 0.11764700 0.81960797
vt 0.15294100 0.73333299
vt 0.15294100 0.73333299
vt 0.11764700 0.81960797
vt 0.06666700 0.74901998
vt 0.15294100 0.73333299
vt 0.06666700 0.74901998
vt 0.11372500 0.65882403
vt 0.11372500 0.65882403
vt 0.06666700 0.74901998
vt 0.03137300 0.67058802
vt 0.11372500 0.65882403
vt 0.03137300 0.67058802
vt 0.09019600 0.58039200
vt 0.09019600 0.58039200
vt 0.03137300 0.67058802
vt 0.00784300 0.58823502
vt 0.09019600 0.58039200
vt 0.00784300 0.58823502
vt 0.08235300 0.50196099
vt 0.00784300 0.58823502
vt 0.00000000 0.50196099
vt 0.08235300 0.50196099
vt 0.08235300 0.50196099
vt 0.00000000 0.50196099
vt 0.00784300 0.41176501
vt 0.08235300 0.50196099
vt 0.00784300 0.41176501
vt 0.09019600 0.41960800
vt 0.09019600 0.41960800
vt 0.00784300 0.41176501
vt 0.03137300 0.32941201
vt 0.09019600 0.41960800
vt 0.03137300 0.32941201
vt 0.11372500 0.34117600
vt 0.11372500 0.34117600
vt 0.03137300 0.32941201
vt 0.06666700 0.25097999
vt 0.11372500 0.34117600
vt 0.06666700 0.25097999
vt 0.15294100 0.26666701
vt 0.15294100 0.26666701
vt 0.06666700 0.25097999
vt 0.11764700 0.18039200
vt 0.15294100 0.26666701
vt 0.11764700 0.18039200
vt 0.20392200 0.20392200
vt 0.20392200 0.20392200
vt 0.11764700 0.18039200
vt 0.18039200 0.11764700
vt 0.20392200 0.20392200
vt 0.18039200 0.11764700
vt 0.26666701 0.15294100
vt 0.26666701 0.15294100
vt 0.18039200 0.11764700
vt 0.25097999 0.06666700
vt 0.26666701 0.15294100
vt 0.25097999 0.06666700
vt 0.34117600 0.11372500
vt 0.34117600 0.11372500
vt 0.25097999 0.06666700
vt 0.32941201 0.03137300
vt 0.34117600 0.11372500
vt 0.32941201 0.03137300
vt 0.41960800 0.09019600
vt 0.41960800 0.09019600
vt 0.32941201 0.03137300
vt 0.41176501 0.00784300
vt 0.41960800 0.09019600
vt 0.41176501 0.00784300
vt 0.50196099 0.08235300
vt 0.50196099 0.08235300
vt 0.41176501 0.00784300
vt 0.50196099 0.00000000
vt 0.50196099 0.08235300
vt 0.50196099 0.00000000
vt 0.58823502 0.00784300
vt 0.50196099 0.08235300
vt 0.58823502 0.00784300
vt 0.58039200 0.09019600
vt 0.58039200 0.09019600
vt 0.58823502 0.00784300
vt 0.67058802 0.03137300
vt 0.58039200 0.09019600
vt 0.67058802 0.03137300
vt 0.65882403 0.11372500
vt 0.65882403 0.11372500
vt 0.67058802 0.03137300
vt 0.74901998 0.06666700
vt 0.65882403 0.11372500
vt 0.74901998 0.06666700
vt 0.73333299 0.15294100
vt 0.73333299 0.15294100
vt 0.74901998 0.06666700
vt 0.81960797 0.11764700
vt 0.73333299 0.15294100
vt 0.81960797 0.11764700
vt 0.79607898 0.20392200
vt 0.79607898 0.20392200
vt 0.81960797 0.11764700
vt 0.88235301 0.18039200
vt 0.79607898 0.20392200
vt 0.88235301 0.18039200
vt 0.84705901 0.26666701
vt 0.84705901 0.26666701
vt 0.88235301 0.18039200
vt 0.93333298 0.25097999
vt 0.84705901 0.26666701
vt 0.93333298 0.25097999
vt 0.88627499 0.34117600
vt 0.88627499 0.34117600
vt 0.93333298 0.25097999
vt 0.96862799 0.32941201
vt 0.88627499 0.34117600
vt 0.96862799 0.32941201
vt 0.90980399 0.41960800
vt 0.90980399 0.41960800
vt 0.96862799 0.32941201
vt 0.99215698 0.41176501
vt 0.90980399 0.41960800
vt 0.99215698 0.41176501
vt 0.91764700 0.50196099
vt 0.91764700 0.50196099
vt 0.99215698 0.41176501
vt 1.00000000 0.50196099
vt 0.91764700 0.50196099
vt 1.00000000 0.50196099
vt 0.99215698 0.58823502
vt 0.91764700 0.50196099
vt 0.99215698 0.58823502
vt 0.90980399 0.58039200
vt 0.90980399 0.58039200
vt 0.99215698 0.58823502
vt 0.96862799 0.67058802
vt 0.90980399 0.58039200
vt 0.96862799 0.67058802
vt 0.88627499 0.65882403
vt 0.88627499 0.65882403
vt 0.96862799 0.67058802
vt 0.93333298 0.74901998
vt 0.88627499 0.65882403
vt 0.93333298 0.74901998
vt 0.84705901 0.73333299
vt 0.84705901 0.73333299
vt 0.93333298 0.74901998
vt 0.88235301 0.81960797
vt 0.84705901 0.73333299
vt 0.88235301 0.81960797
vt 0.79607898 0.79607898
vt 0.79607898 0.79607898
vt 0.88235301 0.81960797
vt 0.81960797 0.88235301
vt 0.79607898 0.79607898
vt 0.81960797 0.88235301
vt 0.73333299 0.84705901
vt 0.73333299 0.84705901
vt 0.81960797 0.88235301
vt 0.74901998 0.93333298
vt 0.73333299 0.84705901
vt 0.74901998 0.93333298
vt 0.65882403 0.88627499
vt 0.65882403 0.88627499
vt 0.74901998 0.93333298
vt 0.67058802 0.96862799
vt 0.65882403 0.88627499
vt 0.67058802 0.96862799
vt 0.58039200 0.90980399
vt 0.58039200 0.90980399
vt 0.67058802 0.96862799
vt 0.58823502 0.99215698
vt 0.58039200 0.90980399
vt 0.58823502 0.99215698
vt 0.49803901 0.91764700
vt 0.49803901 0.91764700
vt 0.58823502 0.99215698
vt 0.49803901 1.00000000
vt 0.49803901 0.91764700
vt 0.49803901 1.00000000
vt 0.41176501 0.99215698
vt 0.49803901 0.91764700
vt 0.41176501 0.99215698
vt 0.41960800 0.90980399
vt 0.41960800 0.90980399
vt 0.41176501 0.99215698
vt 0.32941201 0.96862799
vt 0.41960800 0.90980399
vt 0.32941201 0.96862799
vt 0.34117600 0.88627499
vt 0.34117600 0.88627499
vt 0.32941201 0.96862799
vt 0.25097999 0.93333298
vt 0.34117600 0.88627499
vt 0.25097999 0.93333298
vt 0.26666701 0.84705901
vt 0.26666701 0.84705901
vt 0.25097999 0.93333298
vt 0.18039200 0.88235301
vt 0.26666701 0.84705901
vt 0.18039200 0.88235301
vt 0.20392200 0.79607898
vt 0.20392200 0.79607898
vt 0.18039200 0.88235301
vt 0.11764700 0.81960797
vt 0.20392200 0.79607898
vt 0.11764700 0.81960797
vt 0.15294100 0.73333299
vt 0.15294100 0.73333299
vt 0.11764700 0.81960797
vt 0.06666700 0.74901998
vt 0.15294100 0.73333299
vt 0.06666700 0.74901998
vt 0.11372500 0.65882403
vt 0.11372500 0.65882403
vt 0.06666700 0.74901998
vt 0.03137300 0.67058802
vt 0.11372500 0.65882403
vt 0.03137300 0.67058802
vt 0.09019600 0.58039200
vt 0.09019600 0.58039200
vt 0.03137300 0.67058802
vt 0.00784300 0.58823502
vt 0.09019600 0.58039200
vt 0.00784300 0.58823502
vt 0.08235300 0.50196099
vt 1.00000000 1.00000000
vt 1.00000000 0.94509798
vt 0.00000000 0.94509798
vt 0.00000000 0.94509798
vt 1.00000000 0.94509798
vt 1.00000000 0.89019603
vt 0.00000000 0.94509798
vt 1.00000000 0.89019603
vt 0.00000000 0.89019603
vt 0.00000000 0.89019603
vt 1.00000000 0.89019603
vt 1.00000000 0.83529401
vt 0.00000000 0.89019603
vt 1.00000000 0.83529401
vt 0.00000000 0.83529401
vt 0.00000000 0.83529401
vt 1.00000000 0.83529401
vt 1.00000000 0.77647102
vt 0.00000000 0.83529401
vt 1.00000000 0.77647102
vt 0.00000000 0.77647102
vt 0.00000000 0.77647102
vt 1.00000000 0.77647102
vt 1.00000000 0.72156900
vt 0.00000000 0.77647102
vt 1.00000000 0.72156900
vt 0.00000000 0.72156900
vt 0.00000000 0.72156900
vt 1.00000000 0.72156900
vt 1.00000000 0.66666698
vt 0.00000000 0.72156900
vt 1.00000000 0.66666698
vt 0.00000000 0.66666698
vt 0.00000000 0.66666698
vt 1.00000000 0.66666698
vt 1.00000000 0.61176503
vt 0.00000000 0.66666698
vt 1.00000000 0.61176503
vt 0.00000000 0.61176503
vt 0.00000000 0.61176503
vt 1.00000000 0.61176503
vt 1.00000000 0.55686301
vt 0.00000000 0.61176503
vt 1.00000000 0.55686301
vt 0.00000000 0.55686301
vt 0.00000000 0.55686301
vt 1.00000000 0.55686301
vt 1.00000000 0.50196099
vt 0.00000000 0.55686301
vt 1.00000000 0.50196099
vt 0.00000000 0.50196099
vt 0.00000000 0.50196099
vt 1.00000000 0.50196099
vt 1.00000000 0.44313699
vt 0.00000000 0.50196099
vt 1.00000000 0.44313699
vt 0.00000000 0.44313699
vt 0.00000000 0.44313699
vt 1.00000000 0.44313699
vt 1.00000000 0.38823500
vt 0.00000000 0.44313699
vt 1.00000000 0.38823500
vt 0.00000000 0.38823500
vt 0.00000000 0.38823500
vt 1.00000000 0.38823500
vt 1.00000000 0.33333299
vt 0.00000000 0.38823500
vt 1.00000000 0.33333299
vt 0.00000000 0.33333299
vt 0.00000000 0.33333299
vt 1.00000000 0.33333299
vt 1.00000000 0.27843100
vt 0.00000000 0.33333299
vt 1.00000000 0.27843100
vt 0.00000000 0.27843100
vt 0.00000000 0.27843100
vt 1.00000000 0.27843100
vt 1.00000000 0.22352900
vt 0.00000000 0.27843100
vt 1.00000000 0.22352900
vt 0.00000000 0.22352900
vt 0.00000000 0.22352900
vt 1.00000000 0.22352900
vt 1.00000000 0.16470601
vt 0.00000000 0.22352900
vt 1.00000000 0.16470601
vt 0.00000000 0.16862699
vt 0.00000000 0.16862699
vt 1.00000000 0.16470601
vt 1.00000000 0.10980400
vt 0.00000000 0.16862699
vt 1.00000000 0.10980400
vt 0.00000000 0.10980400
vt 0.00000000 0.10980400
vt 1.00000000 0.10980400
vt 1.00000000 0.05490200
vt 0.00000000 0.10980400
vt 1.00000000 0.05490200
vt 0.00000000 0.05490200
vt 0.00000000 0.05490200
vt 1.00000000 0.05490200
vt 1.00000000 0.00000000
vt 0.00000000 0.05490200
vt 1.00000000 0.00000000
vt 0.00000000 0.00000000
vt 0.58823502 0.99215698
vt 0.49803901 1.00000000
vt 0.49803901 0.91764700
vt 0.49803901 0.91764700
vt 0.49803901 1.00000000
vt 0.41176501 0.99215698
vt 0.49803901 0.91764700
vt 0.41176501 0.99215698
vt 0.41960800 0.90980399
vt 0.41960800 0.90980399
vt 0.41176501 0.99215698
vt 0.32941201 0.96862799
vt 0.41960800 0.90980399
vt 0.32941201 0.96862799
vt 0.34117600 0.88627499
vt 0.34117600 0.88627499
vt 0.32941201 0.96862799
vt 0.25097999 0.93333298
vt 0.34117600 0.88627499
vt 0.25097999 0.93333298
vt 0.26666701 0.84705901
vt 0.26666701 0.84705901
vt 0.25097999 0.93333298
vt 0.18039200 0.88235301
vt 0.26666701 0.84705901
vt 0.18039200 0.88235301
vt 0.20392200 0.79607898
vt 0.20392200 0.79607898
vt 0.18039200 0.88235301
vt 0.11764700 0.81960797
vt 0.20392200 0.79607898
vt 0.11764700 0.81960797
vt 0.15294100 0.73333299
vt 0.15294100 0.73333299
vt 0.11764700 0.81960797
vt 0.06666700 0.74901998
vt 0.15294100 0.73333299
vt 0.06666700 0.74901998
vt 0.11372500 0.65882403
vt 0.11372500 0.65882403
vt 0.06666700 0.74901998
vt 0.03137300 0.67058802
vt 0.11372500 0.65882403
vt 0.03137300 0.67058802
vt 0.09019600 0.58039200
vt 0.09019600 0.58039200
vt 0.03137300 0.67058802
vt 0.00784300 0.58823502
vt 0.09019600 0.58039200
vt 0.00784300 0.58823502
vt 0.08235300 0.50196099
vt 0.00000000 0.44313699
vt 0.00000000 0.50196099
vt 1.00000000 0.44313699
vt 1.00000000 0.44313699
vt 0.00000000 0.50196099
vt 1.00000000 0.50196099
vt 0.00000000 0.50196099
vt 0.00000000 0.55686301
vt 1.00000000 0.50196099
vt 1.00000000 0.50196099
vt 0.00000000 0.55686301
vt 1.00000000 0.55686301
vt 0.99215698 0.41176501
vt 1.00000000 0.50196099
vt 0.91764700 0.50196099
vt 0.91764700 0.50196099
vt 1.00000000 0.50196099
vt 0.99215698 0.58823502
vt 0.91764700 0.50196099
vt 0.99215698 0.58823502
vt 0.90980399 0.58039200
vt 0.90980399 0.58039200
vt 0.99215698 0.58823502
vt 0.96862799 0.67058802
vt 0.90980399 0.58039200
vt 0.96862799 0.67058802
vt 0.88627499 0.65882403
vt 0.88627499 0.65882403
vt 0.96862799 0.67058802
vt 0.93333298 0.74901998
vt 0.88627499 0.65882403
vt 0.93333298 0.74901998
vt 0.84705901 0.73333299
vt 0.84705901 0.73333299
vt 0.93333298 0.74901998
vt 0.88235301 0.81960797
vt 0.84705901 0.73333299
vt 0.88235301 0.81960797
vt 0.79607898 0.79607898
vt 0.79607898 0.79607898
vt 0.88235301 0.81960797
vt 0.81960797 0.88235301
vt 0.79607898 0.79607898
vt 0.81960797 0.88235301
vt 0.73333299 0.84705901
vt 0.73333299 0.84705901
vt 0.81960797 0.88235301
vt 0.74901998 0.93333298
vt 0.73333299 0.84705901
vt 0.74901998 0.93333298
vt 0.65882403 0.88627499
vt 0.65882403 0.88627499
vt 0.74901998 0.93333298
vt 0.67058802 0.96862799
vt 0.65882403 0.88627499
vt 0.67058802 0.96862799
vt 0.58039200 0.90980399
vt 0.58039200 0.90980399
vt 0.67058802 0.96862799
vt 0.58823502 0.99215698
vt 0.58039200 0.90980399
vt 0.58823502 0.99215698
vt 0.49803901 0.91764700
vt 0.49803901 0.91764700
vt 0.58823502 0.99215698
vt 0.49803901 1.00000000
vt 0.49803901 0.91764700
vt 0.49803901 1.00000000
vt 0.41176501 0.99215698
vt 0.41176501 0.00784300
vt 0.50196099 0.00000000
vt 0.50196099 0.08235300
vt 0.50196099 0.08235300
vt 0.50196099 0.00000000
vt 0.58823502 0.00784300
vt 0.50196099 0.08235300
vt 0.58823502 0.00784300
vt 0.58039200 0.09019600
vt 0.58039200 0.09019600
vt 0.58823502 0.00784300
vt 0.67058802 0.03137300
vt 0.58039200 0.09019600
vt 0.67058802 0.03137300
vt 0.65882403 0.11372500
vt 0.65882403 0.11372500
vt 0.67058802 0.03137300
vt 0.74901998 0.06666700
vt 0.65882403 0.11372500
vt 0.74901998 0.06666700
vt 0.73333299 0.15294100
vt 0.73333299 0.15294100
vt 0.74901998 0.06666700
vt 0.81960797 0.11764700
vt 0.73333299 0.15294100
vt 0.81960797 0.11764700
vt 0.79607898 0.20392200
vt 0.79607898 0.20392200
vt 0.81960797 0.11764700
vt 0.88235301 0.18039200
vt 0.79607898 0.20392200
vt 0.88235301 0.18039200
vt 0.84705901 0.26666701
vt 0.84705901 0.26666701
vt 0.88235301 0.18039200
vt 0.93333298 0.25097999
vt 0.84705901 0.26666701
vt 0.93333298 0.25097999
vt 0.88627499 0.34117600
vt 0.88627499 0.34117600
vt 0.93333298 0.25097999
vt 0.96862799 0.32941201
vt 0.88627499 0.34117600
vt 0.96862799 0.32941201
vt 0.90980399 0.41960800
vt 0.90980399 0.41960800
vt 0.96862799 0.32941201
vt 0.99215698 0.41176501
vt 0.90980399 0.41960800
vt 0.99215698 0.41176501
vt 0.91764700 0.50196099
vt 1.00000000 0.00000000
vt 0.00000000 0.05490200
vt 1.00000000 0.05490200
vt 1.00000000 0.05490200
vt 0.00000000 0.05490200
vt 0.00000000 0.10980400
vt 1.00000000 0.05490200
vt 0.00000000 0.10980400
vt 1.00000000 0.10980400
vt 1.00000000 0.10980400
vt 0.00000000 0.10980400
vt 0.00000000 0.16862699
vt 1.00000000 0.10980400
vt 0.00000000 0.16862699
vt 1.00000000 0.16470601
vt 1.00000000 0.16470601
vt 0.00000000 0.16862699
vt 0.00000000 0.22352900
vt 1.00000000 0.16470601
vt 0.00000000 0.22352900
vt 1.00000000 0.22352900
vt 1.00000000 0.22352900
vt 0.00000000 0.22352900
vt 0.00000000 0.27843100
vt 1.00000000 0.22352900
vt 0.00000000 0.27843100
vt 1.00000000 0.27843100
vt 1.00000000 0.27843100
vt 0.00000000 0.27843100
vt 0.00000000 0.33333299
vt 1.00000000 0.27843100
vt 0.00000000 0.33333299
vt 1.00000000 0.33333299
vt 1.00000000 0.33333299
vt 0.00000000 0.33333299
vt 0.00000000 0.38823500
vt 1.00000000 0.33333299
vt 0.00000000 0.38823500
vt 1.00000000 0.38823500
vt 1.00000000 0.38823500
vt 0.00000000 0.38823500
vt 0.00000000 0.44313699
vt 1.00000000 0.38823500
vt 0.00000000 0.44313699
vt 1.00000000 0.44313699
vt 1.00000000 0.44313699
vt 0.00000000 0.44313699
vt 0.00000000 0.50196099
vt 1.00000000 0.44313699
vt 0.00000000 0.50196099
vt 1.00000000 0.50196099
vt 1.00000000 0.50196099
vt 0.00000000 0.50196099
vt 0.00000000 0.55686301
vt 1.00000000 0.50196099
vt 0.00000000 0.55686301
vt 1.00000000 0.55686301
vt 0.00000000 1.00000000
vt 1.00000000 0.94509798
vt 0.00000000 0.94509798
vt 0.00000000 0.94509798
vt 1.00000000 0.94509798
vt 1.00000000 0.89019603
vt 0.00000000 0.94509798
vt 1.00000000 0.89019603
vt 0.00000000 0.89019603
vt 0.00000000 0.89019603
vt 1.00000000 0.89019603
vt 1.00000000 0.83529401
vt 0.00000000 0.89019603
vt 1.00000000 0.83529401
vt 0.00000000 0.83529401
vt 0.00000000 0.83529401
vt 1.00000000 0.83529401
vt 1.00000000 0.77647102
vt 0.00000000 0.83529401
vt 1.00000000 0.77647102
vt 0.00000000 0.77647102
vt 0.00000000 0.77647102
vt 1.00000000 0.77647102
vt 1.00000000 0.72156900
vt 0.00000000 0.77647102
vt 1.00000000 0.72156900
vt 0.00000000 0.72156900
vt 0.00000000 0.72156900
vt 1.00000000 0.72156900
vt 1.00000000 0.66666698
vt 0.00000000 0.72156900
vt 1.00000000 0.66666698
vt 0.00000000 0.66666698
vt 0.00000000 0.66666698
vt 1.00000000 0.66666698
vt 1.00000000 0.61176503
vt 0.00000000 0.66666698
vt 1.00000000 0.61176503
vt 0.00000000 0.61176503
vt 0.00000000 0.61176503
vt 1.00000000 0.61176503
vt 1.00000000 0.55686301
vt 0.00000000 0.61176503
vt 1.00000000 0.55686301
vt 0.00000000 0.55686301
vt 1.00000000 1.00000000
vt 1.00000000 0.94509798
vt 0.00000000 1.00000000
vt 0.00000000 0.00000000
vt 1.00000000 0.05490200
vt 1.00000000 0.00000000
vt 1.00000000 1.00000000
vt 0.00000000 0.94509798
vt 0.00000000 1.00000000
vt 0.00000000 0.00000000
vt 1.00000000 0.05490200
vt 1.00000000 0.00000000
vt 0.58039200 0.09019600
vt 0.50196099 0.08235300
vt 0.58823502 0.00784300
vt 0.00000000 0.00000000
vt 1.00000000 0.05490200
vt 1.00000000 0.00000000
vt 1.00000000 1.00000000
vt 0.00000000 0.94509798
vt 0.00000000 1.00000000
vt 0.00000000 0.00000000
vt 1.00000000 0.05490200
vt 1.00000000 0.00000000
vt 0.00000000 0.00000000
vt 1.00000000 0.05490200
vt 1.00000000 0.00000000
vt 1.00000000 1.00000000
vt 0.00000000 0.94509798
vt 0.00000000 1.00000000
vt 1.00000000 1.00000000
vt 0.00000000 0.94509798
vt 0.00000000 1.00000000
vt 0.41960800 0.90980399
vt 0.49803901 0.91764700
vt 0.41176501 0.99215698
vt 1.00000000 1.00000000
vt 1.00000000 0.94509798
vt 0.00000000 1.00000000
vt 0.00000000 0.00000000
vt 0.00000000 0.05490200
vt 1.00000000 0.00000000
vt 0.49803901 0.91764700
vt 0.58039200 0.90980399
vt 0.58823502 0.99215698
vt 0.50196099 0.08235300
vt 0.41960800 0.09019600
vt 0.41176501 0.00784300
vt 0.00000000 0.25097999
vt 1.00000000 0.21960799
vt 0.00000000 0.21960799
vt 0.00000000 0.21960799
vt 1.00000000 0.21960799
vt 1.00000000 0.18823500
vt 0.00000000 0.21960799
vt 1.00000000 0.18823500
vt 0.00000000 0.18823500
vt 0.00000000 0.18823500
vt 1.00000000 0.18823500
vt 1.00000000 0.15686300
vt 0.00000000 0.18823500
vt 1.00000000 0.15686300
vt 0.00000000 0.15686300
vt 0.00000000 0.15686300
vt 1.00000000 0.15686300
vt 1.00000000 0.12548999
vt 0.00000000 0.15686300
vt 1.00000000 0.12548999
vt 0.00000000 0.12548999
vt 0.00000000 0.12548999
vt 1.00000000 0.12548999
vt 1.00000000 0.09411800
vt 0.00000000 0.12548999
vt 1.00000000 0.09411800
vt 0.00000000 0.09411800
vt 0.00000000 0.09411800
vt 1.00000000 0.09411800
vt 1.00000000 0.06274500
vt 0.00000000 0.09411800
vt 1.00000000 0.06274500
vt 0.00000000 0.06274500
vt 0.00000000 0.06274500
vt 1.00000000 0.06274500
vt 1.00000000 0.03137300
vt 0.00000000 0.06274500
vt 1.00000000 0.03137300
vt 0.00000000 0.03137300
vt 0.00000000 0.03137300
vt 1.00000000 0.03137300
vt 1.00000000 0.00000000
vt 0.00000000 0.03137300
vt 1.00000000 0.00000000
vt 0.00000000 1.00000000
vt 0.00000000 1.00000000
vt 1.00000000 0.00000000
vt 1.00000000 0.96862799
vt 0.00000000 1.00000000
vt 1.00000000 0.96862799
vt 0.00000000 0.96862799
vt 0.00000000 0.96862799
vt 1.00000000 0.96862799
vt 1.00000000 0.93725502
vt 0.00000000 0.96862799
vt 1.00000000 0.93725502
vt 0.00000000 0.93725502
vt 0.00000000 0.93725502
vt 1.00000000 0.93725502
vt 1.00000000 0.90588200
vt 0.00000000 0.93725502
vt 1.00000000 0.90588200
vt 0.00000000 0.90588200
vt 0.00000000 0.90588200
vt 1.00000000 0.90588200
vt 1.00000000 0.87450999
vt 0.00000000 0.90588200
vt 1.00000000 0.87450999
vt 0.00000000 0.87450999
vt 0.00000000 0.87450999
vt 1.00000000 0.87450999
vt 1.00000000 0.84313703
vt 0.00000000 0.87450999
vt 1.00000000 0.84313703
vt 0.00000000 0.84313703
vt 0.00000000 0.84313703
vt 1.00000000 0.84313703
vt 1.00000000 0.81176502
vt 0.00000000 0.84313703
vt 1.00000000 0.81176502
vt 0.00000000 0.81176502
vt 0.00000000 0.81176502
vt 1.00000000 0.81176502
vt 1.00000000 0.78039199
vt 0.00000000 0.81176502
vt 1.00000000 0.78039199
vt 0.00000000 0.78039199
vt 0.00000000 0.78039199
vt 1.00000000 0.78039199
vt 1.00000000 0.74901998
vt 0.00000000 0.78039199
vt 1.00000000 0.74901998
vt 0.00000000 0.74901998
vt 0.16862699 0.78039199
vt 0.17647099 0.77254897
vt 0.14902000 0.74117601
vt 0.12548999 0.31764701
vt 0.07843100 0.46666700
vt 0.08627500 0.47058800
vt 0.10980400 0.68627501
vt 0.11764700 0.68235302
vt 0.02352900 0.64705902
vt 0.31764701 0.88235301
vt 0.31372601 0.89411801
vt 0.38823500 0.98823500
vt 0.91372597 0.47058800
vt 0.78431398 0.44313699
vt 0.90980399 0.47451001
vt 0.14117600 0.68627501
vt 0.23529400 0.61176503
vt 0.13333300 0.68235302
vt 1.00000000 1.00000000
vt 0.00000000 1.00000000
vt 1.00000000 0.95294100
vt 0.52548999 0.90980399
vt 0.52941197 0.91764700
vt 0.55686301 0.78431398
vt 0.83921599 0.71764702
vt 0.74117601 0.65882403
vt 0.70196098 0.70588201
vt 0.17647099 0.84313703
vt 0.13333300 0.83921599
vt 0.18823500 0.89019603
vt 0.16078401 0.28235301
vt 0.25882399 0.34117600
vt 0.29803899 0.29411799
vt 0.52548999 0.09019600
vt 0.55686301 0.21568599
vt 0.52941197 0.08235300
vt 0.47451001 0.90980399
vt 0.44313699 0.78431398
vt 0.47058800 0.91764700
vt 0.38823500 0.01176500
vt 0.46666700 0.07451000
vt 0.46666700 0.06666700
vt 0.53333300 0.07451000
vt 0.61176503 0.01176500
vt 0.53333300 0.06666700
vt 1.00000000 0.50196099
vt 0.99215698 0.59607798
vt 0.99215698 0.40392199
vt 1.00000000 0.00000000
vt 1.00000000 0.04705900
vt 0.00000000 0.00000000
vt 1.00000000 1.00000000
vt 0.00000000 0.93725502
vt 0.00000000 1.00000000
vt 0.20784301 0.84705901
vt 0.18823500 0.89019603
vt 0.25097999 0.87450999
vt 0.00000000 0.00000000
vt 1.00000000 0.06274500
vt 1.00000000 0.00000000
vt 0.10980400 0.31372601
vt 0.02352900 0.35294101
vt 0.11764700 0.31764701
vt 1.00000000 1.00000000
vt 0.00000000 1.00000000
vt 1.00000000 0.95294100
vt 0.74901998 0.87450999
vt 0.81176502 0.89019603
vt 0.74901998 0.86666697
vt 0.61176503 0.98823500
vt 0.53333300 0.92549002
vt 0.53333300 0.93333298
vt 0.85097998 0.74117601
vt 0.84313703 0.73333299
vt 0.73333299 0.84705901
vt 0.00000000 1.00000000
vt 0.00000000 0.95294100
vt 1.00000000 1.00000000
vt 1.00000000 1.00000000
vt 1.00000000 0.93725502
vt 0.00000000 1.00000000
vt 1.00000000 0.25097999
vt 1.00000000 0.21960799
vt 0.00000000 0.25097999
vt 0.74117601 0.34117600
vt 0.83921599 0.28235301
vt 0.70196098 0.29411799
vt 0.70196098 0.29411799
vt 0.83921599 0.28235301
vt 0.83921599 0.27451000
vt 0.09803900 0.51764703
vt 0.21568599 0.55686301
vt 0.10196100 0.50980401
vt 0.10196100 0.50980401
vt 0.21568599 0.55686301
vt 0.21176501 0.50196099
vt 0.50196099 0.78823501
vt 0.50980401 0.90196103
vt 0.55686301 0.78431398
vt 0.55686301 0.78431398
vt 0.50980401 0.90196103
vt 0.51764703 0.90196103
vt 0.55686301 0.78431398
vt 0.51764703 0.90196103
vt 0.52548999 0.90980399
vt 0.14902000 0.74117601
vt 0.17647099 0.77254897
vt 0.15686300 0.73333299
vt 0.15686300 0.73333299
vt 0.17647099 0.77254897
vt 0.18823500 0.76862800
vt 0.15686300 0.73333299
vt 0.18823500 0.76862800
vt 0.16078401 0.72548997
vt 0.16078401 0.72548997
vt 0.18823500 0.76862800
vt 0.19607800 0.76862800
vt 0.16078401 0.72548997
vt 0.19607800 0.76862800
vt 0.16078401 0.71764702
vt 0.16078401 0.71764702
vt 0.19607800 0.76862800
vt 0.20784301 0.76862800
vt 0.16078401 0.71764702
vt 0.20784301 0.76862800
vt 0.25882399 0.65882403
vt 0.25882399 0.65882403
vt 0.20784301 0.76862800
vt 0.21960799 0.77254897
vt 0.25882399 0.65882403
vt 0.21960799 0.77254897
vt 0.29803899 0.70588201
vt 0.87450999 0.68235302
vt 0.78431398 0.55686301
vt 0.86666697 0.68235302
vt 0.86666697 0.68235302
vt 0.78431398 0.55686301
vt 0.76470602 0.61176503
vt 0.86666697 0.68235302
vt 0.76470602 0.61176503
vt 0.85882401 0.68627501
vt 0.08627500 0.78431398
vt 0.13333300 0.83921599
vt 0.15686300 0.80784303
vt 0.15686300 0.80784303
vt 0.13333300 0.83921599
vt 0.15686300 0.81960797
vt 0.50196099 0.21176501
vt 0.49019599 0.09803900
vt 0.44313699 0.21568599
vt 0.44313699 0.21568599
vt 0.49019599 0.09803900
vt 0.48235300 0.09803900
vt 0.69019598 0.14902000
vt 0.61176503 0.23137300
vt 0.69803900 0.15294100
vt 0.69803900 0.15294100
vt 0.61176503 0.23137300
vt 0.65882403 0.25882399
vt 0.21568599 0.44313699
vt 0.23529400 0.38823500
vt 0.13333300 0.31764701
vt 0.13333300 0.31764701
vt 0.23529400 0.38823500
vt 0.14117600 0.31372601
vt 0.97647101 0.35294101
vt 0.94902003 0.28235301
vt 0.90196103 0.30196100
vt 0.90196103 0.30196100
vt 0.94902003 0.28235301
vt 0.90588200 0.29411799
vt 0.94902003 0.28235301
vt 0.91372597 0.21568599
vt 0.90196103 0.26666701
vt 0.90196103 0.26666701
vt 0.91372597 0.21568599
vt 0.89803898 0.25882399
vt 0.12548999 0.68235302
vt 0.13333300 0.68235302
vt 0.21568599 0.55686301
vt 0.21568599 0.55686301
vt 0.13333300 0.68235302
vt 0.23529400 0.61176503
vt 0.14117600 0.68627501
vt 0.14902000 0.69411802
vt 0.23529400 0.61176503
vt 0.23529400 0.61176503
vt 0.14902000 0.69411802
vt 0.15686300 0.69803900
vt 0.23529400 0.61176503
vt 0.15686300 0.69803900
vt 0.25882399 0.65882403
vt 0.25882399 0.65882403
vt 0.15686300 0.69803900
vt 0.16078401 0.70588201
vt 0.25882399 0.65882403
vt 0.16078401 0.70588201
vt 0.16078401 0.71764702
vt 0.90196103 0.30196100
vt 0.89803898 0.30588201
vt 0.97647101 0.35294101
vt 0.97647101 0.35294101
vt 0.89803898 0.30588201
vt 0.89019603 0.31372601
vt 0.97647101 0.35294101
vt 0.89019603 0.31372601
vt 0.88235301 0.31764701
vt 0.14902000 0.74117601
vt 0.14117600 0.74509799
vt 0.16862699 0.78039199
vt 0.16862699 0.78039199
vt 0.14117600 0.74509799
vt 0.13333300 0.74901998
vt 0.16862699 0.78039199
vt 0.13333300 0.74901998
vt 0.16078401 0.78823501
vt 0.16078401 0.78823501
vt 0.13333300 0.74901998
vt 0.12548999 0.75294101
vt 0.16078401 0.78823501
vt 0.12548999 0.75294101
vt 0.15686300 0.80000001
vt 0.23137300 0.83137298
vt 0.26666701 0.84705901
vt 0.23529400 0.81960797
vt 0.23529400 0.81960797
vt 0.26666701 0.84705901
vt 0.27451000 0.84313703
vt 0.23529400 0.81960797
vt 0.27451000 0.84313703
vt 0.23921600 0.80784303
vt 0.23921600 0.80784303
vt 0.27451000 0.84313703
vt 0.28235301 0.83921599
vt 0.23921600 0.80784303
vt 0.28235301 0.83921599
vt 0.23529400 0.80000001
vt 0.23529400 0.80000001
vt 0.28235301 0.83921599
vt 0.34117600 0.74117601
vt 0.23529400 0.80000001
vt 0.34117600 0.74117601
vt 0.23137300 0.78823501
vt 0.23137300 0.78823501
vt 0.34117600 0.74117601
vt 0.29803899 0.70588201
vt 0.23137300 0.78823501
vt 0.29803899 0.70588201
vt 0.22745100 0.78039199
vt 0.22745100 0.78039199
vt 0.29803899 0.70588201
vt 0.21960799 0.77254897
vt 0.65882403 0.74117601
vt 0.71764702 0.83921599
vt 0.70196098 0.70588201
vt 0.70196098 0.70588201
vt 0.71764702 0.83921599
vt 0.72548997 0.84313703
vt 0.70196098 0.70588201
vt 0.72548997 0.84313703
vt 0.73333299 0.84705901
vt 0.68627501 0.85882401
vt 0.61176503 0.76862800
vt 0.68235302 0.86666697
vt 0.68235302 0.86666697
vt 0.61176503 0.76862800
vt 0.55686301 0.78431398
vt 0.68235302 0.86666697
vt 0.55686301 0.78431398
vt 0.68235302 0.87450999
vt 0.68235302 0.87450999
vt 0.55686301 0.78431398
vt 0.52941197 0.91764700
vt 0.68235302 0.87450999
vt 0.52941197 0.91764700
vt 0.68235302 0.88235301
vt 0.89803898 0.50980401
vt 0.89803898 0.49803901
vt 0.78823501 0.50196099
vt 0.78823501 0.50196099
vt 0.89803898 0.49803901
vt 0.89803898 0.49019599
vt 0.78823501 0.50196099
vt 0.89803898 0.49019599
vt 0.78431398 0.44313699
vt 0.78431398 0.44313699
vt 0.89803898 0.49019599
vt 0.90196103 0.48235300
vt 0.78431398 0.44313699
vt 0.90196103 0.48235300
vt 0.90980399 0.47451001
vt 0.83921599 0.71764702
vt 0.83921599 0.70588201
vt 0.74117601 0.65882403
vt 0.74117601 0.65882403
vt 0.83921599 0.70588201
vt 0.84313703 0.69803900
vt 0.74117601 0.65882403
vt 0.84313703 0.69803900
vt 0.76470602 0.61176503
vt 0.76470602 0.61176503
vt 0.84313703 0.69803900
vt 0.85097998 0.69411802
vt 0.76470602 0.61176503
vt 0.85097998 0.69411802
vt 0.85882401 0.68627501
vt 0.20784301 0.84705901
vt 0.25097999 0.87450999
vt 0.21960799 0.84313703
vt 0.21960799 0.84313703
vt 0.25097999 0.87450999
vt 0.25097999 0.86666697
vt 0.21960799 0.84313703
vt 0.25097999 0.86666697
vt 0.22745100 0.83921599
vt 0.22745100 0.83921599
vt 0.25097999 0.86666697
vt 0.25490201 0.85882401
vt 0.22745100 0.83921599
vt 0.25490201 0.85882401
vt 0.23137300 0.83137298
vt 0.23137300 0.83137298
vt 0.25490201 0.85882401
vt 0.25882399 0.85097998
vt 0.23137300 0.83137298
vt 0.25882399 0.85097998
vt 0.26666701 0.84705901
vt 0.68627501 0.85882401
vt 0.69019598 0.85097998
vt 0.61176503 0.76862800
vt 0.61176503 0.76862800
vt 0.69019598 0.85097998
vt 0.69803900 0.84705901
vt 0.61176503 0.76862800
vt 0.69803900 0.84705901
vt 0.65882403 0.74117601
vt 0.65882403 0.74117601
vt 0.69803900 0.84705901
vt 0.70588201 0.84313703
vt 0.65882403 0.74117601
vt 0.70588201 0.84313703
vt 0.71764702 0.83921599
vt 0.90196103 0.51764703
vt 0.89803898 0.50980401
vt 0.78431398 0.55686301
vt 0.78431398 0.55686301
vt 0.89803898 0.50980401
vt 0.78823501 0.50196099
vt 0.73333299 0.15294100
vt 0.70196098 0.29411799
vt 0.84313703 0.26666701
vt 0.84313703 0.26666701
vt 0.70196098 0.29411799
vt 0.83921599 0.27451000
vt 0.85882401 0.31372601
vt 0.76470602 0.38823500
vt 0.86666697 0.31764701
vt 0.86666697 0.31764701
vt 0.76470602 0.38823500
vt 0.78431398 0.44313699
vt 0.86666697 0.31764701
vt 0.78431398 0.44313699
vt 0.87450999 0.31764701
vt 0.87450999 0.31764701
vt 0.78431398 0.44313699
vt 0.91372597 0.47058800
vt 0.87450999 0.31764701
vt 0.91372597 0.47058800
vt 0.92156899 0.46666700
vt 0.85882401 0.31372601
vt 0.85097998 0.30588201
vt 0.76470602 0.38823500
vt 0.76470602 0.38823500
vt 0.85097998 0.30588201
vt 0.84313703 0.30196100
vt 0.76470602 0.38823500
vt 0.84313703 0.30196100
vt 0.74117601 0.34117600
vt 0.74117601 0.34117600
vt 0.84313703 0.30196100
vt 0.83921599 0.29411799
vt 0.74117601 0.34117600
vt 0.83921599 0.29411799
vt 0.83921599 0.28235301
vt 0.17647099 0.84313703
vt 0.16862699 0.83921599
vt 0.13333300 0.83921599
vt 0.13333300 0.83921599
vt 0.16862699 0.83921599
vt 0.16078401 0.83137298
vt 0.13333300 0.83921599
vt 0.16078401 0.83137298
vt 0.15686300 0.81960797
vt 0.20784301 0.84705901
vt 0.19607800 0.85097998
vt 0.18823500 0.89019603
vt 0.18823500 0.89019603
vt 0.19607800 0.85097998
vt 0.18823500 0.84705901
vt 0.18823500 0.89019603
vt 0.18823500 0.84705901
vt 0.17647099 0.84313703
vt 0.34117600 0.25882399
vt 0.28235301 0.16078401
vt 0.29803899 0.29411799
vt 0.29803899 0.29411799
vt 0.28235301 0.16078401
vt 0.27451000 0.15686300
vt 0.29803899 0.29411799
vt 0.27451000 0.15686300
vt 0.26666701 0.15294100
vt 0.31372601 0.14117600
vt 0.38823500 0.23137300
vt 0.31764701 0.13333300
vt 0.31764701 0.13333300
vt 0.38823500 0.23137300
vt 0.44313699 0.21568599
vt 0.31764701 0.13333300
vt 0.44313699 0.21568599
vt 0.31764701 0.12548999
vt 0.31372601 0.14117600
vt 0.30980399 0.14902000
vt 0.38823500 0.23137300
vt 0.38823500 0.23137300
vt 0.30980399 0.14902000
vt 0.30196100 0.15294100
vt 0.38823500 0.23137300
vt 0.30196100 0.15294100
vt 0.34117600 0.25882399
vt 0.34117600 0.25882399
vt 0.30196100 0.15294100
vt 0.29411799 0.15686300
vt 0.34117600 0.25882399
vt 0.29411799 0.15686300
vt 0.28235301 0.16078401
vt 0.48235300 0.09803900
vt 0.47451001 0.09019600
vt 0.44313699 0.21568599
vt 0.44313699 0.21568599
vt 0.47451001 0.09019600
vt 0.47058800 0.08235300
vt 0.44313699 0.21568599
vt 0.47058800 0.08235300
vt 0.31764701 0.12548999
vt 0.31764701 0.12548999
vt 0.47058800 0.08235300
vt 0.31764701 0.11764700
vt 0.00000000 0.47451001
vt 1.00000000 0.52548999
vt 0.00000000 0.52548999
vt 0.00000000 0.52548999
vt 1.00000000 0.52548999
vt 1.00000000 0.57254899
vt 0.00000000 0.52548999
vt 1.00000000 0.57254899
vt 0.00000000 0.57254899
vt 0.00000000 0.57254899
vt 1.00000000 0.57254899
vt 1.00000000 0.61960799
vt 0.00000000 0.57254899
vt 1.00000000 0.61960799
vt 0.00000000 0.61960799
vt 0.00000000 0.61960799
vt 1.00000000 0.61960799
vt 1.00000000 0.66666698
vt 0.00000000 0.61960799
vt 1.00000000 0.66666698
vt 0.00000000 0.66666698
vt 0.00000000 0.66666698
vt 1.00000000 0.66666698
vt 1.00000000 0.71372598
vt 0.00000000 0.66666698
vt 1.00000000 0.71372598
vt 0.00000000 0.71372598
vt 0.00000000 0.71372598
vt 1.00000000 0.71372598
vt 1.00000000 0.76078397
vt 0.00000000 0.71372598
vt 1.00000000 0.76078397
vt 0.00000000 0.76078397
vt 0.00000000 0.76078397
vt 1.00000000 0.76078397
vt 1.00000000 0.80784303
vt 0.00000000 0.76078397
vt 1.00000000 0.80784303
vt 0.00000000 0.80784303
vt 0.00000000 0.80784303
vt 1.00000000 0.80784303
vt 1.00000000 0.85882401
vt 0.00000000 0.80784303
vt 1.00000000 0.85882401
vt 0.00000000 0.85882401
vt 0.00000000 0.85882401
vt 1.00000000 0.85882401
vt 1.00000000 0.90588200
vt 0.00000000 0.85882401
vt 1.00000000 0.90588200
vt 0.00000000 0.90588200
vt 0.00000000 0.90588200
vt 1.00000000 0.90588200
vt 1.00000000 0.95294100
vt 0.00000000 0.90588200
vt 1.00000000 0.95294100
vt 0.00000000 0.95294100
vt 0.00000000 0.95294100
vt 1.00000000 0.95294100
vt 0.00000000 1.00000000
vt 0.69019598 0.14902000
vt 0.68627501 0.14117600
vt 0.61176503 0.23137300
vt 0.61176503 0.23137300
vt 0.68627501 0.14117600
vt 0.68235302 0.13333300
vt 0.61176503 0.23137300
vt 0.68235302 0.13333300
vt 0.55686301 0.21568599
vt 0.55686301 0.21568599
vt 0.68235302 0.13333300
vt 0.68235302 0.12548999
vt 0.55686301 0.21568599
vt 0.68235302 0.12548999
vt 0.52941197 0.08235300
vt 0.52941197 0.08235300
vt 0.68235302 0.12548999
vt 0.68235302 0.11764700
vt 0.16078401 0.28235301
vt 0.16078401 0.29411799
vt 0.25882399 0.34117600
vt 0.25882399 0.34117600
vt 0.16078401 0.29411799
vt 0.15686300 0.30196100
vt 0.25882399 0.34117600
vt 0.15686300 0.30196100
vt 0.23529400 0.38823500
vt 0.23529400 0.38823500
vt 0.15686300 0.30196100
vt 0.14902000 0.30588201
vt 0.23529400 0.38823500
vt 0.14902000 0.30588201
vt 0.14117600 0.31372601
vt 0.30980399 0.85097998
vt 0.38823500 0.76862800
vt 0.30196100 0.84705901
vt 0.30196100 0.84705901
vt 0.38823500 0.76862800
vt 0.34117600 0.74117601
vt 0.30196100 0.84705901
vt 0.34117600 0.74117601
vt 0.29411799 0.84313703
vt 0.29411799 0.84313703
vt 0.34117600 0.74117601
vt 0.28235301 0.83921599
vt 0.13333300 0.31764701
vt 0.12548999 0.31764701
vt 0.21568599 0.44313699
vt 0.21568599 0.44313699
vt 0.12548999 0.31764701
vt 0.08627500 0.47058800
vt 0.21568599 0.44313699
vt 0.08627500 0.47058800
vt 0.09019600 0.47451001
vt 0.52548999 0.09019600
vt 0.51764703 0.09803900
vt 0.55686301 0.21568599
vt 0.55686301 0.21568599
vt 0.51764703 0.09803900
vt 0.50980401 0.09803900
vt 0.55686301 0.21568599
vt 0.50980401 0.09803900
vt 0.50196099 0.21176501
vt 0.50196099 0.21176501
vt 0.50980401 0.09803900
vt 0.49803901 0.10196100
vt 0.50196099 0.21176501
vt 0.49803901 0.10196100
vt 0.49019599 0.09803900
vt 0.09019600 0.47451001
vt 0.09803900 0.48235300
vt 0.21568599 0.44313699
vt 0.21568599 0.44313699
vt 0.09803900 0.48235300
vt 0.10196100 0.49019599
vt 0.21568599 0.44313699
vt 0.10196100 0.49019599
vt 0.21176501 0.50196099
vt 0.21176501 0.50196099
vt 0.10196100 0.49019599
vt 0.10196100 0.50196099
vt 0.21176501 0.50196099
vt 0.10196100 0.50196099
vt 0.10196100 0.50980401
vt 0.47451001 0.90980399
vt 0.48235300 0.90196103
vt 0.44313699 0.78431398
vt 0.44313699 0.78431398
vt 0.48235300 0.90196103
vt 0.49019599 0.90196103
vt 0.44313699 0.78431398
vt 0.49019599 0.90196103
vt 0.50196099 0.78823501
vt 0.50196099 0.78823501
vt 0.49019599 0.90196103
vt 0.50196099 0.89803898
vt 0.50196099 0.78823501
vt 0.50196099 0.89803898
vt 0.50980401 0.90196103
vt 0.73333299 0.15294100
vt 0.72548997 0.15686300
vt 0.70196098 0.29411799
vt 0.70196098 0.29411799
vt 0.72548997 0.15686300
vt 0.71764702 0.16078401
vt 0.70196098 0.29411799
vt 0.71764702 0.16078401
vt 0.65882403 0.25882399
vt 0.65882403 0.25882399
vt 0.71764702 0.16078401
vt 0.70588201 0.15686300
vt 0.65882403 0.25882399
vt 0.70588201 0.15686300
vt 0.69803900 0.15294100
vt 0.00000000 0.00000000
vt 1.00000000 0.00000000
vt 0.00000000 0.04705900
vt 0.00000000 0.04705900
vt 1.00000000 0.00000000
vt 1.00000000 0.04705900
vt 0.00000000 0.04705900
vt 1.00000000 0.04705900
vt 0.00000000 0.09411800
vt 0.00000000 0.09411800
vt 1.00000000 0.04705900
vt 1.00000000 0.09411800
vt 0.00000000 0.09411800
vt 1.00000000 0.09411800
vt 0.00000000 0.14117600
vt 0.00000000 0.14117600
vt 1.00000000 0.09411800
vt 1.00000000 0.14117600
vt 0.00000000 0.14117600
vt 1.00000000 0.14117600
vt 0.00000000 0.19215700
vt 0.00000000 0.19215700
vt 1.00000000 0.14117600
vt 1.00000000 0.19215700
vt 0.00000000 0.19215700
vt 1.00000000 0.19215700
vt 0.00000000 0.23921600
vt 0.00000000 0.23921600
vt 1.00000000 0.19215700
vt 1.00000000 0.23921600
vt 0.00000000 0.23921600
vt 1.00000000 0.23921600
vt 0.00000000 0.28627500
vt 0.00000000 0.28627500
vt 1.00000000 0.23921600
vt 1.00000000 0.28627500
vt 0.00000000 0.28627500
vt 1.00000000 0.28627500
vt 0.00000000 0.33333299
vt 0.00000000 0.33333299
vt 1.00000000 0.28627500
vt 1.00000000 0.33333299
vt 0.00000000 0.33333299
vt 1.00000000 0.33333299
vt 0.00000000 0.38039199
vt 0.00000000 0.38039199
vt 1.00000000 0.33333299
vt 1.00000000 0.38039199
vt 0.00000000 0.38039199
vt 1.00000000 0.38039199
vt 0.00000000 0.42745101
vt 0.00000000 0.42745101
vt 1.00000000 0.38039199
vt 1.00000000 0.42745101
vt 0.00000000 0.42745101
vt 1.00000000 0.42745101
vt 0.00000000 0.47451001
vt 0.00000000 0.47451001
vt 1.00000000 0.42745101
vt 1.00000000 0.47451001
vt 0.00000000 0.47451001
vt 1.00000000 0.47451001
vt 1.00000000 0.52548999
vt 0.51764703 0.03529400
vt 0.52548999 0.04313700
vt 0.53725499 0.00000000
vt 0.53725499 0.00000000
vt 0.52548999 0.04313700
vt 0.52941197 0.05098000
vt 0.53725499 0.00000000
vt 0.52941197 0.05098000
vt 0.61176503 0.01176500
vt 0.61176503 0.01176500
vt 0.52941197 0.05098000
vt 0.53333300 0.05882400
vt 0.61176503 0.01176500
vt 0.53333300 0.05882400
vt 0.53333300 0.06666700
vt 0.48235300 0.03529400
vt 0.49019599 0.03529400
vt 0.46274501 0.00000000
vt 0.46274501 0.00000000
vt 0.49019599 0.03529400
vt 0.50196099 0.03137300
vt 0.46274501 0.00000000
vt 0.50196099 0.03137300
vt 0.53725499 0.00000000
vt 0.53725499 0.00000000
vt 0.50196099 0.03137300
vt 0.50980401 0.03529400
vt 0.53725499 0.00000000
vt 0.50980401 0.03529400
vt 0.51764703 0.03529400
vt 0.46666700 0.06666700
vt 0.46666700 0.05882400
vt 0.38823500 0.01176500
vt 0.38823500 0.01176500
vt 0.46666700 0.05882400
vt 0.47058800 0.05098000
vt 0.38823500 0.01176500
vt 0.47058800 0.05098000
vt 0.46274501 0.00000000
vt 0.46274501 0.00000000
vt 0.47058800 0.05098000
vt 0.47451001 0.04313700
vt 0.46274501 0.00000000
vt 0.47451001 0.04313700
vt 0.48235300 0.03529400
vt 0.74117601 0.14902000
vt 0.73333299 0.15294100
vt 0.85097998 0.25882399
vt 0.85097998 0.25882399
vt 0.73333299 0.15294100
vt 0.84313703 0.26666701
vt 0.68235302 0.03137300
vt 0.71764702 0.09019600
vt 0.74901998 0.06666700
vt 0.74901998 0.06666700
vt 0.71764702 0.09019600
vt 0.72548997 0.09019600
vt 0.74901998 0.06666700
vt 0.72548997 0.09019600
vt 0.73333299 0.09411800
vt 0.73333299 0.09411800
vt 0.74117601 0.10196100
vt 0.74901998 0.06666700
vt 0.74901998 0.06666700
vt 0.74117601 0.10196100
vt 0.74509799 0.10588200
vt 0.74901998 0.06666700
vt 0.74509799 0.10588200
vt 0.81176502 0.10980400
vt 0.81176502 0.10980400
vt 0.74509799 0.10588200
vt 0.74901998 0.11764700
vt 0.81176502 0.10980400
vt 0.74901998 0.11764700
vt 0.74901998 0.12548999
vt 0.69019598 0.10196100
vt 0.69803900 0.09411800
vt 0.68235302 0.03137300
vt 0.68235302 0.03137300
vt 0.69803900 0.09411800
vt 0.70588201 0.09019600
vt 0.68235302 0.03137300
vt 0.70588201 0.09019600
vt 0.71764702 0.09019600
vt 0.46274501 0.00000000
vt 0.53725499 0.00000000
vt 0.38823500 0.01176500
vt 0.38823500 0.01176500
vt 0.53725499 0.00000000
vt 0.61176503 0.01176500
vt 0.38823500 0.01176500
vt 0.61176503 0.01176500
vt 0.31764701 0.03137300
vt 0.31764701 0.03137300
vt 0.61176503 0.01176500
vt 0.68235302 0.03137300
vt 0.31764701 0.03137300
vt 0.68235302 0.03137300
vt 0.25097999 0.06666700
vt 0.25097999 0.06666700
vt 0.68235302 0.03137300
vt 0.74901998 0.06666700
vt 0.25097999 0.06666700
vt 0.74901998 0.06666700
vt 0.18823500 0.10980400
vt 0.18823500 0.10980400
vt 0.74901998 0.06666700
vt 0.81176502 0.10980400
vt 0.18823500 0.10980400
vt 0.81176502 0.10980400
vt 0.13333300 0.16078401
vt 0.13333300 0.16078401
vt 0.81176502 0.10980400
vt 0.86666697 0.16078401
vt 0.13333300 0.16078401
vt 0.86666697 0.16078401
vt 0.08627500 0.21568599
vt 0.08627500 0.21568599
vt 0.86666697 0.16078401
vt 0.91372597 0.21568599
vt 0.08627500 0.21568599
vt 0.91372597 0.21568599
vt 0.05098000 0.28235301
vt 0.05098000 0.28235301
vt 0.91372597 0.21568599
vt 0.94902003 0.28235301
vt 0.05098000 0.28235301
vt 0.94902003 0.28235301
vt 0.02352900 0.35294101
vt 0.02352900 0.35294101
vt 0.94902003 0.28235301
vt 0.97647101 0.35294101
vt 0.02352900 0.35294101
vt 0.97647101 0.35294101
vt 0.00392200 0.42352900
vt 0.00392200 0.42352900
vt 0.97647101 0.35294101
vt 0.99607801 0.42352900
vt 0.00392200 0.42352900
vt 0.99607801 0.42352900
vt 0.00000000 0.50196099
vt 0.00000000 0.50196099
vt 0.99607801 0.42352900
vt 1.00000000 0.50196099
vt 0.00000000 0.50196099
vt 1.00000000 0.50196099
vt 0.00392200 0.57647097
vt 0.00392200 0.57647097
vt 1.00000000 0.50196099
vt 0.99607801 0.57647097
vt 0.00392200 0.57647097
vt 0.99607801 0.57647097
vt 0.02352900 0.64705902
vt 0.02352900 0.64705902
vt 0.99607801 0.57647097
vt 0.97647101 0.64705902
vt 0.02352900 0.64705902
vt 0.97647101 0.64705902
vt 0.05098000 0.71764702
vt 0.05098000 0.71764702
vt 0.97647101 0.64705902
vt 0.94902003 0.71764702
vt 0.05098000 0.71764702
vt 0.94902003 0.71764702
vt 0.08627500 0.78431398
vt 0.08627500 0.78431398
vt 0.94902003 0.71764702
vt 0.91372597 0.78431398
vt 0.08627500 0.78431398
vt 0.91372597 0.78431398
vt 0.13333300 0.83921599
vt 0.13333300 0.83921599
vt 0.91372597 0.78431398
vt 0.86666697 0.83921599
vt 0.13333300 0.83921599
vt 0.86666697 0.83921599
vt 0.18823500 0.89019603
vt 0.18823500 0.89019603
vt 0.86666697 0.83921599
vt 0.81176502 0.89019603
vt 0.18823500 0.89019603
vt 0.81176502 0.89019603
vt 0.25097999 0.93333298
vt 0.25097999 0.93333298
vt 0.81176502 0.89019603
vt 0.74901998 0.93333298
vt 0.25097999 0.93333298
vt 0.74901998 0.93333298
vt 0.31764701 0.96862799
vt 0.31764701 0.96862799
vt 0.74901998 0.93333298
vt 0.68235302 0.96862799
vt 0.31764701 0.96862799
vt 0.68235302 0.96862799
vt 0.38823500 0.98823500
vt 0.38823500 0.98823500
vt 0.68235302 0.96862799
vt 0.61176503 0.98823500
vt 0.38823500 0.98823500
vt 0.61176503 0.98823500
vt 0.46274501 1.00000000
vt 0.46274501 1.00000000
vt 0.61176503 0.98823500
vt 0.53725499 1.00000000
vt 0.69019598 0.10196100
vt 0.68235302 0.03137300
vt 0.68627501 0.10588200
vt 0.68627501 0.10588200
vt 0.68235302 0.03137300
vt 0.61176503 0.01176500
vt 0.68627501 0.10588200
vt 0.61176503 0.01176500
vt 0.68235302 0.11764700
vt 0.68235302 0.11764700
vt 0.61176503 0.01176500
vt 0.53333300 0.07451000
vt 0.68235302 0.11764700
vt 0.53333300 0.07451000
vt 0.52941197 0.08235300
vt 0.74901998 0.12548999
vt 0.74901998 0.13333300
vt 0.81176502 0.10980400
vt 0.81176502 0.10980400
vt 0.74901998 0.13333300
vt 0.74509799 0.14117600
vt 0.81176502 0.10980400
vt 0.74509799 0.14117600
vt 0.86666697 0.16078401
vt 0.49803901 0.00000000
vt 0.59607798 0.00784300
vt 0.40392199 0.00784300
vt 0.40392199 0.00784300
vt 0.59607798 0.00784300
vt 0.69019598 0.03921600
vt 0.40392199 0.00784300
vt 0.69019598 0.03921600
vt 0.30980399 0.03921600
vt 0.30980399 0.03921600
vt 0.69019598 0.03921600
vt 0.77647102 0.08235300
vt 0.30980399 0.03921600
vt 0.77647102 0.08235300
vt 0.22352900 0.08235300
vt 0.22352900 0.08235300
vt 0.77647102 0.08235300
vt 0.85490203 0.14509800
vt 0.22352900 0.08235300
vt 0.85490203 0.14509800
vt 0.14509800 0.14509800
vt 0.14509800 0.14509800
vt 0.85490203 0.14509800
vt 0.91764700 0.22352900
vt 0.14509800 0.14509800
vt 0.91764700 0.22352900
vt 0.08235300 0.22352900
vt 0.08235300 0.22352900
vt 0.91764700 0.22352900
vt 0.96078402 0.30980399
vt 0.08235300 0.22352900
vt 0.96078402 0.30980399
vt 0.03921600 0.30980399
vt 0.03921600 0.30980399
vt 0.96078402 0.30980399
vt 0.99215698 0.40392199
vt 0.85882401 0.25490201
vt 0.86666697 0.25097999
vt 0.86666697 0.16078401
vt 0.86666697 0.16078401
vt 0.86666697 0.25097999
vt 0.87450999 0.24705900
vt 0.86666697 0.16078401
vt 0.87450999 0.24705900
vt 0.91372597 0.21568599
vt 0.74509799 0.14117600
vt 0.74117601 0.14902000
vt 0.86666697 0.16078401
vt 0.86666697 0.16078401
vt 0.74117601 0.14902000
vt 0.85097998 0.25882399
vt 0.86666697 0.16078401
vt 0.85097998 0.25882399
vt 0.85882401 0.25490201
vt 0.90196103 0.26666701
vt 0.90588200 0.27451000
vt 0.94902003 0.28235301
vt 0.94902003 0.28235301
vt 0.90588200 0.27451000
vt 0.90980399 0.28235301
vt 0.94902003 0.28235301
vt 0.90980399 0.28235301
vt 0.90588200 0.29411799
vt 0.50196099 1.00000000
vt 0.40392199 0.99215698
vt 0.59607798 0.99215698
vt 0.59607798 0.99215698
vt 0.40392199 0.99215698
vt 0.30980399 0.96078402
vt 0.59607798 0.99215698
vt 0.30980399 0.96078402
vt 0.69019598 0.96078402
vt 0.69019598 0.96078402
vt 0.30980399 0.96078402
vt 0.22352900 0.91764700
vt 0.69019598 0.96078402
vt 0.22352900 0.91764700
vt 0.77647102 0.91764700
vt 0.77647102 0.91764700
vt 0.22352900 0.91764700
vt 0.14509800 0.85490203
vt 0.77647102 0.91764700
vt 0.14509800 0.85490203
vt 0.85490203 0.85490203
vt 0.85490203 0.85490203
vt 0.14509800 0.85490203
vt 0.08235300 0.77647102
vt 0.85490203 0.85490203
vt 0.08235300 0.77647102
vt 0.91764700 0.77647102
vt 0.91764700 0.77647102
vt 0.08235300 0.77647102
vt 0.03921600 0.69019598
vt 0.91764700 0.77647102
vt 0.03921600 0.69019598
vt 0.96078402 0.69019598
vt 0.96078402 0.69019598
vt 0.03921600 0.69019598
vt 0.00784300 0.59607798
vt 0.96078402 0.69019598
vt 0.00784300 0.59607798
vt 0.99215698 0.59607798
vt 0.99215698 0.59607798
vt 0.00784300 0.59607798
vt 0.00000000 0.50196099
vt 0.99215698 0.59607798
vt 0.00000000 0.50196099
vt 0.99215698 0.40392199
vt 0.99215698 0.40392199
vt 0.00000000 0.50196099
vt 0.00784300 0.40392199
vt 0.99215698 0.40392199
vt 0.00784300 0.40392199
vt 0.03921600 0.30980399
vt 0.87450999 0.24705900
vt 0.88235301 0.25097999
vt 0.91372597 0.21568599
vt 0.91372597 0.21568599
vt 0.88235301 0.25097999
vt 0.89019603 0.25490201
vt 0.91372597 0.21568599
vt 0.89019603 0.25490201
vt 0.89803898 0.25882399
vt 0.00392200 0.57647097
vt 0.03921600 0.51764703
vt 0.00000000 0.50196099
vt 0.00000000 0.50196099
vt 0.03921600 0.51764703
vt 0.03529400 0.50980401
vt 0.00000000 0.50196099
vt 0.03529400 0.50980401
vt 0.03529400 0.49803901
vt 0.07843100 0.53333300
vt 0.12548999 0.68235302
vt 0.08627500 0.52941197
vt 0.08627500 0.52941197
vt 0.12548999 0.68235302
vt 0.21568599 0.55686301
vt 0.08627500 0.52941197
vt 0.21568599 0.55686301
vt 0.09019600 0.52548999
vt 0.09019600 0.52548999
vt 0.21568599 0.55686301
vt 0.09803900 0.51764703
vt 0.03529400 0.49803901
vt 0.03529400 0.49019599
vt 0.00000000 0.50196099
vt 0.00000000 0.50196099
vt 0.03529400 0.49019599
vt 0.03921600 0.48235300
vt 0.00000000 0.50196099
vt 0.03921600 0.48235300
vt 0.00392200 0.42352900
vt 0.00392200 0.42352900
vt 0.03921600 0.48235300
vt 0.04313700 0.47451001
vt 0.00392200 0.42352900
vt 0.04313700 0.47451001
vt 0.05098000 0.47058800
vt 0.15686300 0.80784303
vt 0.15686300 0.80000001
vt 0.08627500 0.78431398
vt 0.08627500 0.78431398
vt 0.15686300 0.80000001
vt 0.12548999 0.75294101
vt 0.08627500 0.78431398
vt 0.12548999 0.75294101
vt 0.11764700 0.74901998
vt 0.09019600 0.71764702
vt 0.09411800 0.70588201
vt 0.05098000 0.71764702
vt 0.05098000 0.71764702
vt 0.09411800 0.70588201
vt 0.09803900 0.69803900
vt 0.05098000 0.71764702
vt 0.09803900 0.69803900
vt 0.02352900 0.64705902
vt 0.02352900 0.64705902
vt 0.09803900 0.69803900
vt 0.10196100 0.69411802
vt 0.02352900 0.64705902
vt 0.10196100 0.69411802
vt 0.10980400 0.68627501
vt 0.08627500 0.78431398
vt 0.09803900 0.73333299
vt 0.05098000 0.71764702
vt 0.05098000 0.71764702
vt 0.09803900 0.73333299
vt 0.09411800 0.72548997
vt 0.05098000 0.71764702
vt 0.09411800 0.72548997
vt 0.09019600 0.71764702
vt 0.11764700 0.74901998
vt 0.10980400 0.74509799
vt 0.08627500 0.78431398
vt 0.08627500 0.78431398
vt 0.10980400 0.74509799
vt 0.10196100 0.74117601
vt 0.08627500 0.78431398
vt 0.10196100 0.74117601
vt 0.09803900 0.73333299
vt 0.38823500 0.98823500
vt 0.31372601 0.89411801
vt 0.31764701 0.96862799
vt 0.31764701 0.96862799
vt 0.31372601 0.89411801
vt 0.30980399 0.89803898
vt 0.31764701 0.96862799
vt 0.30980399 0.89803898
vt 0.30196100 0.90588200
vt 0.25882399 0.14902000
vt 0.14902000 0.25882399
vt 0.26666701 0.15294100
vt 0.26666701 0.15294100
vt 0.14902000 0.25882399
vt 0.15686300 0.26666701
vt 0.26666701 0.15294100
vt 0.15686300 0.26666701
vt 0.29803899 0.29411799
vt 0.29803899 0.29411799
vt 0.15686300 0.26666701
vt 0.16078401 0.27451000
vt 0.29803899 0.29411799
vt 0.16078401 0.27451000
vt 0.16078401 0.28235301
vt 1.00000000 1.00000000
vt 1.00000000 0.93725502
vt 0.00000000 0.93725502
vt 0.00000000 0.93725502
vt 1.00000000 0.93725502
vt 1.00000000 0.87450999
vt 0.00000000 0.93725502
vt 1.00000000 0.87450999
vt 0.00000000 0.87450999
vt 0.00000000 0.87450999
vt 1.00000000 0.87450999
vt 1.00000000 0.81176502
vt 0.00000000 0.87450999
vt 1.00000000 0.81176502
vt 0.00000000 0.81176502
vt 0.00000000 0.81176502
vt 1.00000000 0.81176502
vt 1.00000000 0.74901998
vt 0.00000000 0.81176502
vt 1.00000000 0.74901998
vt 0.00000000 0.74901998
vt 0.00000000 0.74901998
vt 1.00000000 0.74901998
vt 1.00000000 0.68627501
vt 0.00000000 0.74901998
vt 1.00000000 0.68627501
vt 0.00000000 0.68627501
vt 0.00000000 0.68627501
vt 1.00000000 0.68627501
vt 1.00000000 0.62352902
vt 0.00000000 0.68627501
vt 1.00000000 0.62352902
vt 0.00000000 0.62352902
vt 0.00000000 0.62352902
vt 1.00000000 0.62352902
vt 1.00000000 0.56078398
vt 0.00000000 0.62352902
vt 1.00000000 0.56078398
vt 0.00000000 0.56078398
vt 0.00000000 0.56078398
vt 1.00000000 0.56078398
vt 1.00000000 0.50196099
vt 0.00000000 0.56078398
vt 1.00000000 0.50196099
vt 0.00000000 0.50196099
vt 0.00000000 0.50196099
vt 1.00000000 0.50196099
vt 1.00000000 0.43921599
vt 0.00000000 0.50196099
vt 1.00000000 0.43921599
vt 0.00000000 0.43921599
vt 0.00000000 0.43921599
vt 1.00000000 0.43921599
vt 1.00000000 0.37647101
vt 0.00000000 0.43921599
vt 1.00000000 0.37647101
vt 0.00000000 0.37647101
vt 0.00000000 0.37647101
vt 1.00000000 0.37647101
vt 1.00000000 0.31372601
vt 0.00000000 0.37647101
vt 1.00000000 0.31372601
vt 0.00000000 0.31372601
vt 0.00000000 0.31372601
vt 1.00000000 0.31372601
vt 1.00000000 0.25097999
vt 0.00000000 0.31372601
vt 1.00000000 0.25097999
vt 0.00000000 0.25097999
vt 0.00000000 0.25097999
vt 1.00000000 0.25097999
vt 1.00000000 0.18823500
vt 0.00000000 0.25097999
vt 1.00000000 0.18823500
vt 0.00000000 0.18823500
vt 0.00000000 0.18823500
vt 1.00000000 0.18823500
vt 1.00000000 0.12548999
vt 0.00000000 0.18823500
vt 1.00000000 0.12548999
vt 0.00000000 0.12548999
vt 0.00000000 0.12548999
vt 1.00000000 0.12548999
vt 1.00000000 0.06274500
vt 0.00000000 0.12548999
vt 1.00000000 0.06274500
vt 0.00000000 0.06274500
vt 0.00000000 0.06274500
vt 1.00000000 0.06274500
vt 1.00000000 0.00000000
vt 0.00000000 0.06274500
vt 1.00000000 0.00000000
vt 0.00000000 0.00000000
vt 0.30196100 0.90588200
vt 0.29411799 0.90980399
vt 0.31764701 0.96862799
vt 0.31764701 0.96862799
vt 0.29411799 0.90980399
vt 0.28235301 0.90980399
vt 0.31764701 0.96862799
vt 0.28235301 0.90980399
vt 0.25097999 0.93333298
vt 0.25097999 0.93333298
vt 0.28235301 0.90980399
vt 0.27451000 0.90980399
vt 0.25097999 0.93333298
vt 0.27451000 0.90980399
vt 0.26666701 0.90588200
vt 0.26666701 0.90588200
vt 0.25882399 0.89803898
vt 0.25097999 0.93333298
vt 0.25097999 0.93333298
vt 0.25882399 0.89803898
vt 0.25490201 0.89411801
vt 0.25097999 0.93333298
vt 0.25490201 0.89411801
vt 0.18823500 0.89019603
vt 0.18823500 0.89019603
vt 0.25490201 0.89411801
vt 0.25097999 0.88235301
vt 0.18823500 0.89019603
vt 0.25097999 0.88235301
vt 0.25097999 0.87450999
vt 0.47058800 0.08235300
vt 0.46666700 0.07451000
vt 0.31764701 0.11764700
vt 0.31764701 0.11764700
vt 0.46666700 0.07451000
vt 0.38823500 0.01176500
vt 0.31764701 0.11764700
vt 0.38823500 0.01176500
vt 0.31372601 0.10588200
vt 0.31372601 0.10588200
vt 0.38823500 0.01176500
vt 0.31764701 0.03137300
vt 0.31372601 0.10588200
vt 0.31764701 0.03137300
vt 0.30980399 0.10196100
vt 0.30980399 0.10196100
vt 0.31764701 0.03137300
vt 0.30196100 0.09411800
vt 0.13333300 0.16078401
vt 0.25490201 0.14117600
vt 0.18823500 0.10980400
vt 0.18823500 0.10980400
vt 0.25490201 0.14117600
vt 0.25097999 0.13333300
vt 0.18823500 0.10980400
vt 0.25097999 0.13333300
vt 0.25097999 0.12548999
vt 0.25097999 0.12548999
vt 0.25097999 0.11764700
vt 0.18823500 0.10980400
vt 0.18823500 0.10980400
vt 0.25097999 0.11764700
vt 0.25490201 0.10588200
vt 0.18823500 0.10980400
vt 0.25490201 0.10588200
vt 0.25097999 0.06666700
vt 0.25097999 0.06666700
vt 0.25490201 0.10588200
vt 0.25882399 0.10196100
vt 0.25097999 0.06666700
vt 0.25882399 0.10196100
vt 0.26666701 0.09411800
vt 0.26666701 0.09411800
vt 0.27451000 0.09019600
vt 0.25097999 0.06666700
vt 0.25097999 0.06666700
vt 0.27451000 0.09019600
vt 0.28235301 0.09019600
vt 0.25097999 0.06666700
vt 0.28235301 0.09019600
vt 0.31764701 0.03137300
vt 0.31764701 0.03137300
vt 0.28235301 0.09019600
vt 0.29411799 0.09019600
vt 0.31764701 0.03137300
vt 0.29411799 0.09019600
vt 0.30196100 0.09411800
vt 0.30980399 0.85097998
vt 0.31372601 0.85882401
vt 0.38823500 0.76862800
vt 0.38823500 0.76862800
vt 0.31372601 0.85882401
vt 0.31764701 0.86666697
vt 0.38823500 0.76862800
vt 0.31764701 0.86666697
vt 0.44313699 0.78431398
vt 0.44313699 0.78431398
vt 0.31764701 0.86666697
vt 0.31764701 0.87450999
vt 0.44313699 0.78431398
vt 0.31764701 0.87450999
vt 0.47058800 0.91764700
vt 0.47058800 0.91764700
vt 0.31764701 0.87450999
vt 0.31764701 0.88235301
vt 0.47058800 0.91764700
vt 0.31764701 0.88235301
vt 0.46666700 0.92549002
vt 0.46666700 0.92549002
vt 0.31764701 0.88235301
vt 0.38823500 0.98823500
vt 0.46666700 0.92549002
vt 0.38823500 0.98823500
vt 0.46666700 0.93333298
vt 0.14117600 0.25490201
vt 0.14902000 0.25882399
vt 0.13333300 0.16078401
vt 0.13333300 0.16078401
vt 0.14902000 0.25882399
vt 0.25882399 0.14902000
vt 0.13333300 0.16078401
vt 0.25882399 0.14902000
vt 0.25490201 0.14117600
vt 0.00000000 0.00000000
vt 0.00000000 0.06274500
vt 1.00000000 0.06274500
vt 1.00000000 0.06274500
vt 0.00000000 0.06274500
vt 0.00000000 0.12548999
vt 1.00000000 0.06274500
vt 0.00000000 0.12548999
vt 1.00000000 0.12548999
vt 1.00000000 0.12548999
vt 0.00000000 0.12548999
vt 0.00000000 0.18823500
vt 1.00000000 0.12548999
vt 0.00000000 0.18823500
vt 1.00000000 0.18823500
vt 1.00000000 0.18823500
vt 0.00000000 0.18823500
vt 0.00000000 0.25097999
vt 1.00000000 0.18823500
vt 0.00000000 0.25097999
vt 1.00000000 0.25097999
vt 1.00000000 0.25097999
vt 0.00000000 0.25097999
vt 0.00000000 0.31372601
vt 1.00000000 0.25097999
vt 0.00000000 0.31372601
vt 1.00000000 0.31372601
vt 1.00000000 0.31372601
vt 0.00000000 0.31372601
vt 0.00000000 0.37647101
vt 1.00000000 0.31372601
vt 0.00000000 0.37647101
vt 1.00000000 0.37647101
vt 1.00000000 0.37647101
vt 0.00000000 0.37647101
vt 0.00000000 0.43921599
vt 1.00000000 0.37647101
vt 0.00000000 0.43921599
vt 1.00000000 0.43921599
vt 1.00000000 0.43921599
vt 0.00000000 0.43921599
vt 0.00000000 0.50196099
vt 1.00000000 0.43921599
vt 0.00000000 0.50196099
vt 1.00000000 0.50196099
vt 1.00000000 0.50196099
vt 0.00000000 0.50196099
vt 0.00000000 0.56078398
vt 1.00000000 0.50196099
vt 0.00000000 0.56078398
vt 1.00000000 0.56078398
vt 1.00000000 0.56078398
vt 0.00000000 0.56078398
vt 0.00000000 0.62352902
vt 1.00000000 0.56078398
vt 0.00000000 0.62352902
vt 1.00000000 0.62352902
vt 1.00000000 0.62352902
vt 0.00000000 0.62352902
vt 0.00000000 0.68627501
vt 1.00000000 0.62352902
vt 0.00000000 0.68627501
vt 1.00000000 0.68627501
vt 1.00000000 0.68627501
vt 0.00000000 0.68627501
vt 0.00000000 0.74901998
vt 1.00000000 0.68627501
vt 0.00000000 0.74901998
vt 1.00000000 0.74901998
vt 1.00000000 0.74901998
vt 0.00000000 0.74901998
vt 0.00000000 0.81176502
vt 1.00000000 0.74901998
vt 0.00000000 0.81176502
vt 1.00000000 0.81176502
vt 1.00000000 0.81176502
vt 0.00000000 0.81176502
vt 0.00000000 0.87450999
vt 1.00000000 0.81176502
vt 0.00000000 0.87450999
vt 1.00000000 0.87450999
vt 1.00000000 0.87450999
vt 0.00000000 0.87450999
vt 0.00000000 0.93725502
vt 1.00000000 0.87450999
vt 0.00000000 0.93725502
vt 1.00000000 0.93725502
vt 1.00000000 0.93725502
vt 0.00000000 0.93725502
vt 0.00000000 1.00000000
vt 1.00000000 0.93725502
vt 0.00000000 1.00000000
vt 1.00000000 1.00000000
vt 0.10980400 0.31372601
vt 0.10196100 0.30588201
vt 0.02352900 0.35294101
vt 0.02352900 0.35294101
vt 0.10196100 0.30588201
vt 0.09803900 0.30196100
vt 0.02352900 0.35294101
vt 0.09803900 0.30196100
vt 0.05098000 0.28235301
vt 0.05098000 0.28235301
vt 0.09803900 0.30196100
vt 0.09411800 0.29411799
vt 0.05098000 0.28235301
vt 0.09411800 0.29411799
vt 0.09019600 0.28235301
vt 0.10980400 0.25490201
vt 0.11764700 0.25097999
vt 0.08627500 0.21568599
vt 0.08627500 0.21568599
vt 0.11764700 0.25097999
vt 0.12548999 0.24705900
vt 0.08627500 0.21568599
vt 0.12548999 0.24705900
vt 0.13333300 0.16078401
vt 0.13333300 0.16078401
vt 0.12548999 0.24705900
vt 0.13333300 0.25097999
vt 0.13333300 0.16078401
vt 0.13333300 0.25097999
vt 0.14117600 0.25490201
vt 0.09019600 0.28235301
vt 0.09411800 0.27451000
vt 0.05098000 0.28235301
vt 0.05098000 0.28235301
vt 0.09411800 0.27451000
vt 0.09803900 0.26666701
vt 0.05098000 0.28235301
vt 0.09803900 0.26666701
vt 0.08627500 0.21568599
vt 0.08627500 0.21568599
vt 0.09803900 0.26666701
vt 0.10196100 0.25882399
vt 0.08627500 0.21568599
vt 0.10196100 0.25882399
vt 0.10980400 0.25490201
vt 0.00000000 0.47451001
vt 1.00000000 0.52548999
vt 0.00000000 0.52548999
vt 0.00000000 0.52548999
vt 1.00000000 0.52548999
vt 1.00000000 0.57254899
vt 0.00000000 0.52548999
vt 1.00000000 0.57254899
vt 0.00000000 0.57254899
vt 0.00000000 0.57254899
vt 1.00000000 0.57254899
vt 1.00000000 0.61960799
vt 0.00000000 0.57254899
vt 1.00000000 0.61960799
vt 0.00000000 0.61960799
vt 0.00000000 0.61960799
vt 1.00000000 0.61960799
vt 1.00000000 0.66666698
vt 0.00000000 0.61960799
vt 1.00000000 0.66666698
vt 0.00000000 0.66666698
vt 0.00000000 0.66666698
vt 1.00000000 0.66666698
vt 1.00000000 0.71372598
vt 0.00000000 0.66666698
vt 1.00000000 0.71372598
vt 0.00000000 0.71372598
vt 0.00000000 0.71372598
vt 1.00000000 0.71372598
vt 1.00000000 0.76078397
vt 0.00000000 0.71372598
vt 1.00000000 0.76078397
vt 0.00000000 0.76078397
vt 0.00000000 0.76078397
vt 1.00000000 0.76078397
vt 1.00000000 0.80784303
vt 0.00000000 0.76078397
vt 1.00000000 0.80784303
vt 0.00000000 0.80784303
vt 0.00000000 0.80784303
vt 1.00000000 0.80784303
vt 1.00000000 0.85882401
vt 0.00000000 0.80784303
vt 1.00000000 0.85882401
vt 0.00000000 0.85882401
vt 0.00000000 0.85882401
vt 1.00000000 0.85882401
vt 1.00000000 0.90588200
vt 0.00000000 0.85882401
vt 1.00000000 0.90588200
vt 0.00000000 0.90588200
vt 0.00000000 0.90588200
vt 1.00000000 0.90588200
vt 1.00000000 0.95294100
vt 0.00000000 0.90588200
vt 1.00000000 0.95294100
vt 0.00000000 0.95294100
vt 0.00000000 0.95294100
vt 1.00000000 0.95294100
vt 0.00000000 1.00000000
vt 0.12548999 0.31764701
vt 0.11764700 0.31764701
vt 0.07843100 0.46666700
vt 0.07843100 0.46666700
vt 0.11764700 0.31764701
vt 0.02352900 0.35294101
vt 0.07843100 0.46666700
vt 0.02352900 0.35294101
vt 0.06666700 0.46666700
vt 0.06666700 0.46666700
vt 0.02352900 0.35294101
vt 0.00392200 0.42352900
vt 0.06666700 0.46666700
vt 0.00392200 0.42352900
vt 0.05882400 0.46666700
vt 0.05882400 0.46666700
vt 0.00392200 0.42352900
vt 0.05098000 0.47058800
vt 0.05882400 0.53333300
vt 0.05098000 0.52941197
vt 0.00392200 0.57647097
vt 0.00392200 0.57647097
vt 0.05098000 0.52941197
vt 0.04313700 0.52548999
vt 0.00392200 0.57647097
vt 0.04313700 0.52548999
vt 0.03921600 0.51764703
vt 0.00000000 0.00000000
vt 1.00000000 0.00000000
vt 0.00000000 0.04705900
vt 0.00000000 0.04705900
vt 1.00000000 0.00000000
vt 1.00000000 0.04705900
vt 0.00000000 0.04705900
vt 1.00000000 0.04705900
vt 0.00000000 0.09411800
vt 0.00000000 0.09411800
vt 1.00000000 0.04705900
vt 1.00000000 0.09411800
vt 0.00000000 0.09411800
vt 1.00000000 0.09411800
vt 0.00000000 0.14117600
vt 0.00000000 0.14117600
vt 1.00000000 0.09411800
vt 1.00000000 0.14117600
vt 0.00000000 0.14117600
vt 1.00000000 0.14117600
vt 0.00000000 0.19215700
vt 0.00000000 0.19215700
vt 1.00000000 0.14117600
vt 1.00000000 0.19215700
vt 0.00000000 0.19215700
vt 1.00000000 0.19215700
vt 0.00000000 0.23921600
vt 0.00000000 0.23921600
vt 1.00000000 0.19215700
vt 1.00000000 0.23921600
vt 0.00000000 0.23921600
vt 1.00000000 0.23921600
vt 0.00000000 0.28627500
vt 0.00000000 0.28627500
vt 1.00000000 0.23921600
vt 1.00000000 0.28627500
vt 0.00000000 0.28627500
vt 1.00000000 0.28627500
vt 0.00000000 0.33333299
vt 0.00000000 0.33333299
vt 1.00000000 0.28627500
vt 1.00000000 0.33333299
vt 0.00000000 0.33333299
vt 1.00000000 0.33333299
vt 0.00000000 0.38039199
vt 0.00000000 0.38039199
vt 1.00000000 0.33333299
vt 1.00000000 0.38039199
vt 0.00000000 0.38039199
vt 1.00000000 0.38039199
vt 0.00000000 0.42745101
vt 0.00000000 0.42745101
vt 1.00000000 0.38039199
vt 1.00000000 0.42745101
vt 0.00000000 0.42745101
vt 1.00000000 0.42745101
vt 0.00000000 0.47451001
vt 0.00000000 0.47451001
vt 1.00000000 0.42745101
vt 1.00000000 0.47451001
vt 0.00000000 0.47451001
vt 1.00000000 0.47451001
vt 1.00000000 0.52548999
vt 0.05882400 0.53333300
vt 0.00392200 0.57647097
vt 0.06666700 0.53333300
vt 0.06666700 0.53333300
vt 0.00392200 0.57647097
vt 0.02352900 0.64705902
vt 0.06666700 0.53333300
vt 0.02352900 0.64705902
vt 0.07843100 0.53333300
vt 0.07843100 0.53333300
vt 0.02352900 0.64705902
vt 0.11764700 0.68235302
vt 0.07843100 0.53333300
vt 0.11764700 0.68235302
vt 0.12548999 0.68235302
vt 0.99607801 0.42352900
vt 0.96078402 0.48235300
vt 1.00000000 0.50196099
vt 1.00000000 0.50196099
vt 0.96078402 0.48235300
vt 0.96470600 0.49019599
vt 1.00000000 0.50196099
vt 0.96470600 0.49019599
vt 0.96470600 0.50196099
vt 0.96470600 0.50196099
vt 0.96470600 0.50980401
vt 1.00000000 0.50196099
vt 1.00000000 0.50196099
vt 0.96470600 0.50980401
vt 0.96078402 0.51764703
vt 1.00000000 0.50196099
vt 0.96078402 0.51764703
vt 0.99607801 0.57647097
vt 0.99607801 0.57647097
vt 0.96078402 0.51764703
vt 0.95686299 0.52548999
vt 0.99607801 0.57647097
vt 0.95686299 0.52548999
vt 0.94902003 0.52941197
vt 0.92156899 0.53333300
vt 0.97647101 0.64705902
vt 0.93333298 0.53333300
vt 0.93333298 0.53333300
vt 0.97647101 0.64705902
vt 0.99607801 0.57647097
vt 0.93333298 0.53333300
vt 0.99607801 0.57647097
vt 0.94117701 0.53333300
vt 0.94117701 0.53333300
vt 0.99607801 0.57647097
vt 0.94902003 0.52941197
vt 0.94117701 0.46666700
vt 0.94902003 0.47058800
vt 0.99607801 0.42352900
vt 0.99607801 0.42352900
vt 0.94902003 0.47058800
vt 0.95686299 0.47451001
vt 0.99607801 0.42352900
vt 0.95686299 0.47451001
vt 0.96078402 0.48235300
vt 0.94117701 0.46666700
vt 0.99607801 0.42352900
vt 0.93333298 0.46666700
vt 0.93333298 0.46666700
vt 0.99607801 0.42352900
vt 0.97647101 0.35294101
vt 0.93333298 0.46666700
vt 0.97647101 0.35294101
vt 0.92156899 0.46666700
vt 0.92156899 0.46666700
vt 0.97647101 0.35294101
vt 0.88235301 0.31764701
vt 0.92156899 0.46666700
vt 0.88235301 0.31764701
vt 0.87450999 0.31764701
vt 0.48235300 0.96470600
vt 0.47451001 0.95686299
vt 0.46274501 1.00000000
vt 0.46274501 1.00000000
vt 0.47451001 0.95686299
vt 0.47058800 0.94902003
vt 0.46274501 1.00000000
vt 0.47058800 0.94902003
vt 0.38823500 0.98823500
vt 0.38823500 0.98823500
vt 0.47058800 0.94902003
vt 0.46666700 0.94117701
vt 0.38823500 0.98823500
vt 0.46666700 0.94117701
vt 0.46666700 0.93333298
vt 0.51764703 0.96470600
vt 0.50980401 0.96470600
vt 0.53725499 1.00000000
vt 0.53725499 1.00000000
vt 0.50980401 0.96470600
vt 0.49803901 0.96862799
vt 0.53725499 1.00000000
vt 0.49803901 0.96862799
vt 0.46274501 1.00000000
vt 0.46274501 1.00000000
vt 0.49803901 0.96862799
vt 0.49019599 0.96470600
vt 0.46274501 1.00000000
vt 0.49019599 0.96470600
vt 0.48235300 0.96470600
vt 0.53333300 0.93333298
vt 0.53333300 0.94117701
vt 0.61176503 0.98823500
vt 0.61176503 0.98823500
vt 0.53333300 0.94117701
vt 0.52941197 0.94902003
vt 0.61176503 0.98823500
vt 0.52941197 0.94902003
vt 0.53725499 1.00000000
vt 0.53725499 1.00000000
vt 0.52941197 0.94902003
vt 0.52548999 0.95686299
vt 0.53725499 1.00000000
vt 0.52548999 0.95686299
vt 0.51764703 0.96470600
vt 0.74901998 0.86666697
vt 0.81176502 0.89019603
vt 0.74509799 0.85882401
vt 0.74509799 0.85882401
vt 0.81176502 0.89019603
vt 0.86666697 0.83921599
vt 0.74509799 0.85882401
vt 0.86666697 0.83921599
vt 0.74117601 0.85097998
vt 0.73333299 0.84705901
vt 0.84313703 0.73333299
vt 0.70196098 0.70588201
vt 0.70196098 0.70588201
vt 0.84313703 0.73333299
vt 0.83921599 0.72548997
vt 0.70196098 0.70588201
vt 0.83921599 0.72548997
vt 0.83921599 0.71764702
vt 0.52941197 0.91764700
vt 0.53333300 0.92549002
vt 0.68235302 0.88235301
vt 0.68235302 0.88235301
vt 0.53333300 0.92549002
vt 0.61176503 0.98823500
vt 0.68235302 0.88235301
vt 0.61176503 0.98823500
vt 0.68627501 0.89411801
vt 0.68627501 0.89411801
vt 0.61176503 0.98823500
vt 0.68235302 0.96862799
vt 0.89019603 0.68627501
vt 0.89803898 0.69411802
vt 0.97647101 0.64705902
vt 0.97647101 0.64705902
vt 0.89803898 0.69411802
vt 0.90196103 0.69803900
vt 0.97647101 0.64705902
vt 0.90196103 0.69803900
vt 0.94902003 0.71764702
vt 0.94902003 0.71764702
vt 0.90196103 0.69803900
vt 0.90588200 0.70588201
vt 0.94902003 0.71764702
vt 0.90588200 0.70588201
vt 0.90980399 0.71764702
vt 0.89019603 0.68627501
vt 0.97647101 0.64705902
vt 0.88235301 0.68235302
vt 0.88235301 0.68235302
vt 0.97647101 0.64705902
vt 0.92156899 0.53333300
vt 0.88235301 0.68235302
vt 0.92156899 0.53333300
vt 0.87450999 0.68235302
vt 0.87450999 0.68235302
vt 0.92156899 0.53333300
vt 0.91372597 0.52941197
vt 0.87450999 0.68235302
vt 0.91372597 0.52941197
vt 0.78431398 0.55686301
vt 0.78431398 0.55686301
vt 0.91372597 0.52941197
vt 0.90980399 0.52548999
vt 0.78431398 0.55686301
vt 0.90980399 0.52548999
vt 0.90196103 0.51764703
vt 0.86666697 0.74901998
vt 0.86666697 0.83921599
vt 0.87450999 0.75294101
vt 0.87450999 0.75294101
vt 0.86666697 0.83921599
vt 0.91372597 0.78431398
vt 0.87450999 0.75294101
vt 0.91372597 0.78431398
vt 0.88235301 0.74901998
vt 0.88235301 0.74901998
vt 0.91372597 0.78431398
vt 0.89019603 0.74509799
vt 0.90980399 0.71764702
vt 0.90588200 0.72548997
vt 0.94902003 0.71764702
vt 0.94902003 0.71764702
vt 0.90588200 0.72548997
vt 0.90196103 0.73333299
vt 0.94902003 0.71764702
vt 0.90196103 0.73333299
vt 0.91372597 0.78431398
vt 0.91372597 0.78431398
vt 0.90196103 0.73333299
vt 0.89803898 0.74117601
vt 0.91372597 0.78431398
vt 0.89803898 0.74117601
vt 0.89019603 0.74509799
vt 0.74901998 0.87450999
vt 0.74901998 0.88235301
vt 0.81176502 0.89019603
vt 0.81176502 0.89019603
vt 0.74901998 0.88235301
vt 0.74509799 0.89411801
vt 0.81176502 0.89019603
vt 0.74509799 0.89411801
vt 0.74901998 0.93333298
vt 0.74901998 0.93333298
vt 0.74509799 0.89411801
vt 0.74117601 0.89803898
vt 0.74901998 0.93333298
vt 0.74117601 0.89803898
vt 0.73333299 0.90588200
vt 0.70588201 0.90980399
vt 0.68235302 0.96862799
vt 0.71764702 0.90980399
vt 0.71764702 0.90980399
vt 0.68235302 0.96862799
vt 0.74901998 0.93333298
vt 0.71764702 0.90980399
vt 0.74901998 0.93333298
vt 0.72548997 0.90980399
vt 0.72548997 0.90980399
vt 0.74901998 0.93333298
vt 0.73333299 0.90588200
vt 0.70588201 0.90980399
vt 0.69803900 0.90588200
vt 0.68235302 0.96862799
vt 0.68235302 0.96862799
vt 0.69803900 0.90588200
vt 0.69019598 0.89803898
vt 0.68235302 0.96862799
vt 0.69019598 0.89803898
vt 0.68627501 0.89411801
vt 0.86666697 0.74901998
vt 0.85882401 0.74509799
vt 0.86666697 0.83921599
vt 0.86666697 0.83921599
vt 0.85882401 0.74509799
vt 0.85097998 0.74117601
vt 0.86666697 0.83921599
vt 0.85097998 0.74117601
vt 0.74117601 0.85097998
vt 0.74117601 0.85097998
vt 0.85097998 0.74117601
vt 0.73333299 0.84705901
vt 0.00000000 0.00000000
vt 1.00000000 0.04705900
vt 0.00000000 0.04705900
vt 0.00000000 0.04705900
vt 1.00000000 0.04705900
vt 1.00000000 0.09411800
vt 0.00000000 0.04705900
vt 1.00000000 0.09411800
vt 0.00000000 0.09411800
vt 0.00000000 0.09411800
vt 1.00000000 0.09411800
vt 1.00000000 0.14117600
vt 0.00000000 0.09411800
vt 1.00000000 0.14117600
vt 0.00000000 0.14117600
vt 0.00000000 0.14117600
vt 1.00000000 0.14117600
vt 1.00000000 0.19215700
vt 0.00000000 0.14117600
vt 1.00000000 0.19215700
vt 0.00000000 0.19215700
vt 0.00000000 0.19215700
vt 1.00000000 0.19215700
vt 1.00000000 0.23921600
vt 0.00000000 0.19215700
vt 1.00000000 0.23921600
vt 0.00000000 0.23921600
vt 0.00000000 0.23921600
vt 1.00000000 0.23921600
vt 1.00000000 0.28627500
vt 0.00000000 0.23921600
vt 1.00000000 0.28627500
vt 0.00000000 0.28627500
vt 0.00000000 0.28627500
vt 1.00000000 0.28627500
vt 1.00000000 0.33333299
vt 0.00000000 0.28627500
vt 1.00000000 0.33333299
vt 0.00000000 0.33333299
vt 0.00000000 0.33333299
vt 1.00000000 0.33333299
vt 1.00000000 0.38039199
vt 0.00000000 0.33333299
vt 1.00000000 0.38039199
vt 0.00000000 0.38039199
vt 0.00000000 0.38039199
vt 1.00000000 0.38039199
vt 1.00000000 0.42745101
vt 0.00000000 0.38039199
vt 1.00000000 0.42745101
vt 0.00000000 0.42745101
vt 0.00000000 0.42745101
vt 1.00000000 0.42745101
vt 1.00000000 0.47451001
vt 0.00000000 0.42745101
vt 1.00000000 0.47451001
vt 0.00000000 0.47451001
vt 0.00000000 0.47451001
vt 1.00000000 0.47451001
vt 1.00000000 0.52548999
vt 0.00000000 0.47451001
vt 1.00000000 0.52548999
vt 0.00000000 0.52548999
vt 0.00000000 0.52548999
vt 1.00000000 0.52548999
vt 1.00000000 0.57254899
vt 0.00000000 0.52548999
vt 1.00000000 0.57254899
vt 0.00000000 0.57254899
vt 0.00000000 0.57254899
vt 1.00000000 0.57254899
vt 1.00000000 0.61960799
vt 0.00000000 0.57254899
vt 1.00000000 0.61960799
vt 0.00000000 0.61960799
vt 0.00000000 0.61960799
vt 1.00000000 0.61960799
vt 1.00000000 0.66666698
vt 0.00000000 0.61960799
vt 1.00000000 0.66666698
vt 0.00000000 0.66666698
vt 0.00000000 0.66666698
vt 1.00000000 0.66666698
vt 1.00000000 0.71372598
vt 0.00000000 0.66666698
vt 1.00000000 0.71372598
vt 0.00000000 0.71372598
vt 0.00000000 0.71372598
vt 1.00000000 0.71372598
vt 1.00000000 0.76078397
vt 0.00000000 0.71372598
vt 1.00000000 0.76078397
vt 0.00000000 0.76078397
vt 0.00000000 0.76078397
vt 1.00000000 0.76078397
vt 1.00000000 0.80784303
vt 0.00000000 0.76078397
vt 1.00000000 0.80784303
vt 0.00000000 0.80784303
vt 0.00000000 0.80784303
vt 1.00000000 0.80784303
vt 1.00000000 0.85882401
vt 0.00000000 0.80784303
vt 1.00000000 0.85882401
vt 0.00000000 0.85882401
vt 0.00000000 0.85882401
vt 1.00000000 0.85882401
vt 1.00000000 0.90588200
vt 0.00000000 0.85882401
vt 1.00000000 0.90588200
vt 0.00000000 0.90588200
vt 0.00000000 0.90588200
vt 1.00000000 0.90588200
vt 1.00000000 0.95294100
vt 0.00000000 0.90588200
vt 1.00000000 0.95294100
vt 0.00000000 0.95294100
vt 0.00000000 0.95294100
vt 1.00000000 0.95294100
vt 1.00000000 1.00000000
vt 0.00000000 0.95294100
vt 1.00000000 1.00000000
vt 0.00000000 1.00000000
vt 1.00000000 1.00000000
vt 0.00000000 0.95294100
vt 1.00000000 0.95294100
vt 1.00000000 0.95294100
vt 0.00000000 0.95294100
vt 0.00000000 0.90588200
vt 1.00000000 0.95294100
vt 0.00000000 0.90588200
vt 1.00000000 0.90588200
vt 1.00000000 0.90588200
vt 0.00000000 0.90588200
vt 0.00000000 0.85882401
vt 1.00000000 0.90588200
vt 0.00000000 0.85882401
vt 1.00000000 0.85882401
vt 1.00000000 0.85882401
vt 0.00000000 0.85882401
vt 0.00000000 0.80784303
vt 1.00000000 0.85882401
vt 0.00000000 0.80784303
vt 1.00000000 0.80784303
vt 1.00000000 0.80784303
vt 0.00000000 0.80784303
vt 0.00000000 0.76078397
vt 1.00000000 0.80784303
vt 0.00000000 0.76078397
vt 1.00000000 0.76078397
vt 1.00000000 0.76078397
vt 0.00000000 0.76078397
vt 0.00000000 0.71372598
vt 1.00000000 0.76078397
vt 0.00000000 0.71372598
vt 1.00000000 0.71372598
vt 1.00000000 0.71372598
vt 0.00000000 0.71372598
vt 0.00000000 0.66666698
vt 1.00000000 0.71372598
vt 0.00000000 0.66666698
vt 1.00000000 0.66666698
vt 1.00000000 0.66666698
vt 0.00000000 0.66666698
vt 0.00000000 0.61960799
vt 1.00000000 0.66666698
vt 0.00000000 0.61960799
vt 1.00000000 0.61960799
vt 1.00000000 0.61960799
vt 0.00000000 0.61960799
vt 0.00000000 0.57254899
vt 1.00000000 0.61960799
vt 0.00000000 0.57254899
vt 1.00000000 0.57254899
vt 1.00000000 0.57254899
vt 0.00000000 0.57254899
vt 0.00000000 0.52548999
vt 1.00000000 0.57254899
vt 0.00000000 0.52548999
vt 1.00000000 0.52548999
vt 1.00000000 0.52548999
vt 0.00000000 0.52548999
vt 0.00000000 0.47451001
vt 1.00000000 0.52548999
vt 0.00000000 0.47451001
vt 1.00000000 0.47451001
vt 1.00000000 0.47451001
vt 0.00000000 0.47451001
vt 0.00000000 0.42745101
vt 1.00000000 0.47451001
vt 0.00000000 0.42745101
vt 1.00000000 0.42745101
vt 1.00000000 0.42745101
vt 0.00000000 0.42745101
vt 0.00000000 0.38039199
vt 1.00000000 0.42745101
vt 0.00000000 0.38039199
vt 1.00000000 0.38039199
vt 1.00000000 0.38039199
vt 0.00000000 0.38039199
vt 0.00000000 0.33333299
vt 1.00000000 0.38039199
vt 0.00000000 0.33333299
vt 1.00000000 0.33333299
vt 1.00000000 0.33333299
vt 0.00000000 0.33333299
vt 0.00000000 0.28627500
vt 1.00000000 0.33333299
vt 0.00000000 0.28627500
vt 1.00000000 0.28627500
vt 1.00000000 0.28627500
vt 0.00000000 0.28627500
vt 0.00000000 0.23921600
vt 1.00000000 0.28627500
vt 0.00000000 0.23921600
vt 1.00000000 0.23921600
vt 1.00000000 0.23921600
vt 0.00000000 0.23921600
vt 0.00000000 0.19215700
vt 1.00000000 0.23921600
vt 0.00000000 0.19215700
vt 1.00000000 0.19215700
vt 1.00000000 0.19215700
vt 0.00000000 0.19215700
vt 0.00000000 0.14117600
vt 1.00000000 0.19215700
vt 0.00000000 0.14117600
vt 1.00000000 0.14117600
vt 1.00000000 0.14117600
vt 0.00000000 0.14117600
vt 0.00000000 0.09411800
vt 1.00000000 0.14117600
vt 0.00000000 0.09411800
vt 1.00000000 0.09411800
vt 1.00000000 0.09411800
vt 0.00000000 0.09411800
vt 0.00000000 0.04705900
vt 1.00000000 0.09411800
vt 0.00000000 0.04705900
vt 1.00000000 0.04705900
vt 1.00000000 0.04705900
vt 0.00000000 0.04705900
vt 0.00000000 0.00000000
vt 1.00000000 0.04705900
vt 0.00000000 0.00000000
vt 1.00000000 0.00000000
vt 0.00000000 1.00000000
vt 1.00000000 0.93725502
vt 0.00000000 0.93725502
vt 0.00000000 0.93725502
vt 1.00000000 0.93725502
vt 1.00000000 0.87450999
vt 0.00000000 0.93725502
vt 1.00000000 0.87450999
vt 0.00000000 0.87450999
vt 0.00000000 0.87450999
vt 1.00000000 0.87450999
vt 1.00000000 0.81176502
vt 0.00000000 0.87450999
vt 1.00000000 0.81176502
vt 0.00000000 0.81176502
vt 0.00000000 0.81176502
vt 1.00000000 0.81176502
vt 1.00000000 0.74901998
vt 0.00000000 0.81176502
vt 1.00000000 0.74901998
vt 0.00000000 0.74901998
vt 0.00000000 0.74901998
vt 1.00000000 0.74901998
vt 1.00000000 0.68627501
vt 0.00000000 0.74901998
vt 1.00000000 0.68627501
vt 0.00000000 0.68627501
vt 0.00000000 0.68627501
vt 1.00000000 0.68627501
vt 1.00000000 0.62352902
vt 0.00000000 0.68627501
vt 1.00000000 0.62352902
vt 0.00000000 0.62352902
vt 0.00000000 0.62352902
vt 1.00000000 0.62352902
vt 1.00000000 0.56078398
vt 0.00000000 0.62352902
vt 1.00000000 0.56078398
vt 0.00000000 0.56078398
vt 0.00000000 0.56078398
vt 1.00000000 0.56078398
vt 1.00000000 0.50196099
vt 0.00000000 0.56078398
vt 1.00000000 0.50196099
vt 0.00000000 0.50196099
vt 0.00000000 0.50196099
vt 1.00000000 0.50196099
vt 1.00000000 0.43921599
vt 0.00000000 0.50196099
vt 1.00000000 0.43921599
vt 0.00000000 0.43921599
vt 0.00000000 0.43921599
vt 1.00000000 0.43921599
vt 1.00000000 0.37647101
vt 0.00000000 0.43921599
vt 1.00000000 0.37647101
vt 0.00000000 0.37647101
vt 0.00000000 0.37647101
vt 1.00000000 0.37647101
vt 1.00000000 0.31372601
vt 0.00000000 0.37647101
vt 1.00000000 0.31372601
vt 0.00000000 0.31372601
vt 0.00000000 0.31372601
vt 1.00000000 0.31372601
vt 1.00000000 0.25097999
vt 0.00000000 0.31372601
vt 1.00000000 0.25097999
vt 0.00000000 0.25097999
vt 0.00000000 0.25097999
vt 1.00000000 0.25097999
vt 1.00000000 0.18823500
vt 0.00000000 0.25097999
vt 1.00000000 0.18823500
vt 0.00000000 0.18823500
vt 0.00000000 0.18823500
vt 1.00000000 0.18823500
vt 1.00000000 0.12548999
vt 0.00000000 0.18823500
vt 1.00000000 0.12548999
vt 0.00000000 0.12548999
vt 0.00000000 0.12548999
vt 1.00000000 0.12548999
vt 1.00000000 0.06274500
vt 0.00000000 0.12548999
vt 1.00000000 0.06274500
vt 0.00000000 0.06274500
vt 0.00000000 0.06274500
vt 1.00000000 0.06274500
vt 1.00000000 0.00000000
vt 0.00000000 0.06274500
vt 1.00000000 0.00000000
vt 0.00000000 0.00000000
vt 0.00000000 0.00000000
vt 0.00000000 0.05490200
vt 1.00000000 0.05490200
vt 1.00000000 0.05490200
vt 0.00000000 0.05490200
vt 0.00000000 0.10980400
vt 1.00000000 0.05490200
vt 0.00000000 0.10980400
vt 1.00000000 0.10980400
vt 1.00000000 0.10980400
vt 0.00000000 0.10980400
vt 0.00000000 0.16862699
vt 1.00000000 0.10980400
vt 0.00000000 0.16862699
vt 1.00000000 0.16470601
vt 1.00000000 0.16470601
vt 0.00000000 0.16862699
vt 0.00000000 0.22352900
vt 1.00000000 0.16470601
vt 0.00000000 0.22352900
vt 1.00000000 0.22352900
vt 1.00000000 0.22352900
vt 0.00000000 0.22352900
vt 0.00000000 0.27843100
vt 1.00000000 0.22352900
vt 0.00000000 0.27843100
vt 1.00000000 0.27843100
vt 1.00000000 0.27843100
vt 0.00000000 0.27843100
vt 0.00000000 0.33333299
vt 1.00000000 0.27843100
vt 0.00000000 0.33333299
vt 1.00000000 0.33333299
vt 1.00000000 0.33333299
vt 0.00000000 0.33333299
vt 0.00000000 0.38823500
vt 1.00000000 0.33333299
vt 0.00000000 0.38823500
vt 1.00000000 0.38823500
vt 1.00000000 0.38823500
vt 0.00000000 0.38823500
vt 0.00000000 0.44313699
vt 1.00000000 0.38823500
vt 0.00000000 0.44313699
vt 1.00000000 0.44313699
vt 1.00000000 0.44313699
vt 0.00000000 0.44313699
vt 0.00000000 0.50196099
vt 1.00000000 0.44313699
vt 0.00000000 0.50196099
vt 1.00000000 0.50196099
vt 1.00000000 0.50196099
vt 0.00000000 0.50196099
vt 0.00000000 0.55686301
vt 1.00000000 0.50196099
vt 0.00000000 0.55686301
vt 1.00000000 0.55686301
vt 1.00000000 0.55686301
vt 0.00000000 0.55686301
vt 0.00000000 0.61176503
vt 1.00000000 0.55686301
vt 0.00000000 0.61176503
vt 1.00000000 0.61176503
vt 1.00000000 0.61176503
vt 0.00000000 0.61176503
vt 0.00000000 0.66666698
vt 1.00000000 0.61176503
vt 0.00000000 0.66666698
vt 1.00000000 0.66666698
vt 1.00000000 0.66666698
vt 0.00000000 0.66666698
vt 0.00000000 0.72156900
vt 1.00000000 0.66666698
vt 0.00000000 0.72156900
vt 1.00000000 0.72156900
vt 1.00000000 0.72156900
vt 0.00000000 0.72156900
vt 0.00000000 0.77647102
vt 1.00000000 0.72156900
vt 0.00000000 0.77647102
vt 1.00000000 0.77647102
vt 1.00000000 0.77647102
vt 0.00000000 0.77647102
vt 0.00000000 0.83529401
vt 1.00000000 0.77647102
vt 0.00000000 0.83529401
vt 1.00000000 0.83529401
vt 1.00000000 0.83529401
vt 0.00000000 0.83529401
vt 0.00000000 0.89019603
vt 1.00000000 0.83529401
vt 0.00000000 0.89019603
vt 1.00000000 0.89019603
vt 1.00000000 0.89019603
vt 0.00000000 0.89019603
vt 0.00000000 0.94509798
vt 1.00000000 0.89019603
vt 0.00000000 0.94509798
vt 1.00000000 0.94509798
vt 1.00000000 0.94509798
vt 0.00000000 0.94509798
vt 0.00000000 1.00000000
vt 1.00000000 0.94509798
vt 0.00000000 1.00000000
vt 1.00000000 1.00000000
vt 1.00000000 1.00000000
vt 0.00000000 0.94509798
vt 0.00000000 1.00000000
vt 0.00000000 0.00000000
vt 1.00000000 0.05490200
vt 1.00000000 0.00000000
vt 1.00000000 1.00000000
vt 1.00000000 0.94509798
vt 0.00000000 0.94509798
vt 0.00000000 0.94509798
vt 1.00000000 0.94509798
vt 1.00000000 0.89019603
vt 0.00000000 0.94509798
vt 1.00000000 0.89019603
vt 0.00000000 0.89019603
vt 0.00000000 0.89019603
vt 1.00000000 0.89019603
vt 1.00000000 0.83529401
vt 0.00000000 0.89019603
vt 1.00000000 0.83529401
vt 0.00000000 0.83529401
vt 0.00000000 0.83529401
vt 1.00000000 0.83529401
vt 1.00000000 0.77647102
vt 0.00000000 0.83529401
vt 1.00000000 0.77647102
vt 0.00000000 0.77647102
vt 0.00000000 0.77647102
vt 1.00000000 0.77647102
vt 1.00000000 0.72156900
vt 0.00000000 0.77647102
vt 1.00000000 0.72156900
vt 0.00000000 0.72156900
vt 0.00000000 0.72156900
vt 1.00000000 0.72156900
vt 1.00000000 0.66666698
vt 0.00000000 0.72156900
vt 1.00000000 0.66666698
vt 0.00000000 0.66666698
vt 0.00000000 0.66666698
vt 1.00000000 0.66666698
vt 1.00000000 0.61176503
vt 0.00000000 0.66666698
vt 1.00000000 0.61176503
vt 0.00000000 0.61176503
vt 0.00000000 0.61176503
vt 1.00000000 0.61176503
vt 1.00000000 0.55686301
vt 0.00000000 0.61176503
vt 1.00000000 0.55686301
vt 0.00000000 0.55686301
vt 0.00000000 0.55686301
vt 1.00000000 0.55686301
vt 1.00000000 0.50196099
vt 0.00000000 0.55686301
vt 1.00000000 0.50196099
vt 0.00000000 0.50196099
vt 0.00000000 0.50196099
vt 1.00000000 0.50196099
vt 1.00000000 0.44313699
vt 0.00000000 0.50196099
vt 1.00000000 0.44313699
vt 0.00000000 0.44313699
vt 0.00000000 0.44313699
vt 1.00000000 0.44313699
vt 1.00000000 0.38823500
vt 0.00000000 0.44313699
vt 1.00000000 0.38823500
vt 0.00000000 0.38823500
vt 0.00000000 0.38823500
vt 1.00000000 0.38823500
vt 1.00000000 0.33333299
vt 0.00000000 0.38823500
vt 1.00000000 0.33333299
vt 0.00000000 0.33333299
vt 0.00000000 0.33333299
vt 1.00000000 0.33333299
vt 1.00000000 0.27843100
vt 0.00000000 0.33333299
vt 1.00000000 0.27843100
vt 0.00000000 0.27843100
vt 0.00000000 0.27843100
vt 1.00000000 0.27843100
vt 1.00000000 0.22352900
vt 0.00000000 0.27843100
vt 1.00000000 0.22352900
vt 0.00000000 0.22352900
vt 0.00000000 0.22352900
vt 1.00000000 0.22352900
vt 1.00000000 0.16470601
vt 0.00000000 0.22352900
vt 1.00000000 0.16470601
vt 0.00000000 0.16862699
vt 0.00000000 0.16862699
vt 1.00000000 0.16470601
vt 1.00000000 0.10980400
vt 0.00000000 0.16862699
vt 1.00000000 0.10980400
vt 0.00000000 0.10980400
vt 0.00000000 0.10980400
vt 1.00000000 0.10980400
vt 1.00000000 0.05490200
vt 0.00000000 0.10980400
vt 1.00000000 0.05490200
vt 0.00000000 0.05490200
vt 0.00000000 0.05490200
vt 1.00000000 0.05490200
vt 1.00000000 0.00000000
vt 0.00000000 0.05490200
vt 1.00000000 0.00000000
vt 0.00000000 0.00000000
usemtl f1
f 395/1 396/2 413/3
f 413/4 396/5 397/6
f 413/7 397/8 412/9
f 412/10 397/11 398/12
f 412/13 398/14 411/15
f 411/16 398/17 399/18
f 411/19 399/20 410/21
f 410/22 399/23 400/24
f 410/25 400/26 409/27
f 409/28 400/29 401/30
f 409/31 401/32 408/33
f 408/34 401/35 402/36
f 408/37 402/38 407/39
f 407/40 402/41 403/42
f 407/43 403/44 406/45
f 406/46 403/47 404/48
f 406/49 404/50 405/51
f 766/52 778/53 765/54
f 757/55 764/56 756/57
f 754/58 762/59 753/60
f 751/61 760/62 750/63
f 748/64 758/65 747/66
f 728/67 740/68 727/69
f 726/70 737/71 725/72
f 727/73 738/74 726/75
f 723/76 735/77 722/78
f 729/79 739/80 728/81
f 730/82 741/83 729/84
f 705/85 715/86 704/87
f 708/88 717/89 707/90
f 711/91 719/92 710/93
f 714/94 721/95 713/96
f 1025/97 1036/98 1024/99
f 1013/100 1020/101 1012/102
f 1022/103 1034/104 1021/105
f 1010/106 1018/107 1009/108
f 1028/109 1038/110 1027/111
f 1007/112 1016/113 1006/114
f 1029/115 1039/116 1028/117
f 1004/118 1014/119 1003/120
f 1046/121 1056/122 1045/123
f 1064/124 1076/125 1063/126
f 982/127 993/128 981/129
f 983/130 994/131 982/132
f 984/133 996/134 983/135
f 985/136 995/137 984/138
f 986/139 997/140 985/141
f 1049/142 1058/143 1048/144
f 1052/145 1060/146 1051/147
f 1055/148 1062/149 1054/150
f 979/151 991/152 978/153
f 961/154 971/155 960/156
f 967/157 975/158 966/159
f 964/160 973/161 963/162
f 1070/163 1080/164 1069/165
f 970/166 977/167 969/168
f 1071/169 1082/170 1070/171
f 1067/172 1078/173 1066/174
f 1068/175 1079/176 1067/177
f 1069/178 1081/179 1068/180
f 939/181 950/182 938/183
f 1107/184 1119/185 1106/186
f 1110/187 1121/188 1109/189
f 1111/190 1122/191 1110/192
f 1098/193 1105/194 1097/195
f 936/196 948/197 935/198
f 927/199 934/200 926/201
f 1089/202 1099/203 1088/204
f 1095/205 1103/206 1094/207
f 943/208 954/209 942/210
f 940/211 951/212 939/213
f 941/214 953/215 940/216
f 1141/217 1148/218 1140/219
f 1092/220 1101/221 1091/222
f 942/223 952/224 941/225
f 894/226 906/227 893/228
f 900/229 910/230 899/231
f 1138/232 1146/233 1137/234
f 897/235 908/236 896/237
f 1135/238 1144/239 1134/240
f 901/241 911/242 900/243
f 1132/244 1142/245 1131/246
f 921/247 930/248 920/249
f 924/250 932/251 923/252
f 1114/253 1125/254 1113/255
f 1113/256 1123/257 1112/258
f 1112/259 1124/260 1111/261
f 918/262 928/263 917/264
f 856/265 868/266 855/267
f 1183/268 1190/269 1182/270
f 857/271 867/272 856/273
f 851/274 863/275 850/276
f 858/277 869/278 857/279
f 1177/280 1186/281 1176/282
f 1180/283 1188/284 1179/285
f 854/286 865/287 853/288
f 855/289 866/290 854/291
f 833/292 843/293 832/294
f 836/295 845/296 835/297
f 1199/298 1210/299 1198/300
f 1198/301 1208/302 1197/303
f 1197/304 1209/305 1196/306
f 839/307 847/308 838/309
f 1195/310 1206/311 1194/312
f 1196/313 1207/314 1195/315
f 1192/316 1204/317 1191/318
f 842/319 849/320 841/321
f 1150/322 1162/323 1149/324
f 1156/325 1166/326 1155/327
f 885/328 892/329 884/330
f 1157/331 1167/332 1156/333
f 882/334 890/335 881/336
f 1153/337 1164/338 1152/339
f 879/340 888/341 878/342
f 876/343 886/344 875/345
f 1174/346 1184/347 1173/348
f 769/349 780/350 768/351
f 772/352 782/353 771/354
f 773/355 783/356 772/357
f 790/358 800/359 789/360
f 796/361 804/362 795/363
f 793/364 802/365 792/366
f 812/367 823/368 811/369
f 814/370 824/371 813/372
f 813/373 825/374 812/375
f 808/376 820/377 807/378
f 811/379 822/380 810/381
f 799/382 806/383 798/384
f 815/385 826/386 814/387
f 652/388 676/389 651/390
f 80/391 104/392 79/393
f 184/394 208/395 183/396
f 132/397 156/398 131/399
f 548/400 572/401 547/402
f 600/403 624/404 599/405
f 236/406 260/407 235/408
f 340/409 364/410 339/411
f 288/412 312/413 287/414
f 496/415 520/416 495/417
f 444/418 468/419 443/420
f 392/421 416/422 391/423
f 698/424 680/425 697/426
f 15/427 16/428 14/429
f 119/430 120/431 118/432
f 106/433 107/434 105/435
f 561/436 562/437 560/438
f 249/439 250/440 248/441
f 629/442 649/443 628/444
f 626/445 627/446 625/447
f 483/448 484/449 482/450
f 470/451 471/452 469/453
f 457/454 458/455 456/456
f 702/457 703/458 701/459
f 701/460 703/461 704/462
f 766/463 767/464 779/465
f 779/466 767/467 768/468
f 751/469 752/470 761/471
f 761/472 752/473 753/474
f 754/475 755/476 763/477
f 763/478 755/479 756/480
f 748/481 749/482 759/483
f 759/484 749/485 750/486
f 745/487 746/488 744/489
f 744/490 746/491 747/492
f 730/493 731/494 742/495
f 742/496 731/497 732/498
f 732/499 733/500 743/501
f 743/502 733/503 734/504
f 723/505 724/506 736/507
f 736/508 724/509 725/510
f 705/511 706/512 716/513
f 716/514 706/515 707/516
f 711/517 712/518 720/519
f 720/520 712/521 713/522
f 708/523 709/524 718/525
f 718/526 709/527 710/528
f 1010/529 1011/530 1019/531
f 1019/532 1011/533 1012/534
f 1022/535 1023/536 1035/537
f 1035/538 1023/539 1024/540
f 1029/541 1030/542 1040/543
f 1040/544 1030/545 1031/546
f 1007/547 1008/548 1017/549
f 1017/550 1008/551 1009/552
f 1031/553 1032/554 1041/555
f 1041/556 1032/557 1033/558
f 1025/559 1026/560 1037/561
f 1037/562 1026/563 1027/564
f 1004/565 1005/566 1015/567
f 1015/568 1005/569 1006/570
f 1001/571 1002/572 1000/573
f 1000/574 1002/575 1003/576
f 1046/577 1047/578 1057/579
f 1057/580 1047/581 1048/582
f 986/583 987/584 998/585
f 998/586 987/587 988/588
f 988/589 989/590 999/591
f 999/592 989/593 990/594
f 1043/595 1044/596 1042/597
f 1042/598 1044/599 1045/600
f 1049/601 1050/602 1059/603
f 1059/604 1050/605 1051/606
f 1052/607 1053/608 1061/609
f 1061/610 1053/611 1054/612
f 979/613 980/614 992/615
f 992/616 980/617 981/618
f 958/619 959/620 957/621
f 957/622 959/623 960/624
f 961/625 962/626 972/627
f 972/628 962/629 963/630
f 1073/631 1074/632 1084/633
f 1084/634 1074/635 1075/636
f 1071/637 1072/638 1083/639
f 1083/640 1072/641 1073/642
f 967/643 968/644 976/645
f 976/646 968/647 969/648
f 964/649 965/650 974/651
f 974/652 965/653 966/654
f 1064/655 1065/656 1077/657
f 1077/658 1065/659 1066/660
f 936/661 937/662 949/663
f 949/664 937/665 938/666
f 1107/667 1108/668 1120/669
f 1120/670 1108/671 1109/672
f 1095/673 1096/674 1104/675
f 1104/676 1096/677 1097/678
f 924/679 925/680 933/681
f 933/682 925/683 926/684
f 1086/685 1087/686 1085/687
f 1085/688 1087/689 1088/690
f 945/691 946/692 956/693
f 956/694 946/695 947/696
f 1092/697 1093/698 1102/699
f 1102/700 1093/701 1094/702
f 1089/703 1090/704 1100/705
f 1100/706 1090/707 1091/708
f 943/709 944/710 955/711
f 955/712 944/713 945/714
f 1138/715 1139/716 1147/717
f 1147/718 1139/719 1140/720
f 894/721 895/722 907/723
f 907/724 895/725 896/726
f 1135/727 1136/728 1145/729
f 1145/730 1136/731 1137/732
f 897/733 898/734 909/735
f 909/736 898/737 899/738
f 1132/739 1133/740 1143/741
f 1143/742 1133/743 1134/744
f 901/745 902/746 912/747
f 912/748 902/749 903/750
f 1129/751 1130/752 1128/753
f 1128/754 1130/755 1131/756
f 903/757 904/758 913/759
f 913/760 904/761 905/762
f 918/763 919/764 929/765
f 929/766 919/767 920/768
f 915/769 916/770 914/771
f 914/772 916/773 917/774
f 921/775 922/776 931/777
f 931/778 922/779 923/780
f 1114/781 1115/782 1126/783
f 1126/784 1115/785 1116/786
f 1116/787 1117/788 1127/789
f 1127/790 1117/791 1118/792
f 851/793 852/794 864/795
f 864/796 852/797 853/798
f 858/799 859/800 870/801
f 870/802 859/803 860/804
f 860/805 861/806 871/807
f 871/808 861/809 862/810
f 1174/811 1175/812 1185/813
f 1185/814 1175/815 1176/816
f 1199/817 1200/818 1211/819
f 1211/820 1200/821 1201/822
f 1201/823 1202/824 1212/825
f 1212/826 1202/827 1203/828
f 1180/829 1181/830 1189/831
f 1189/832 1181/833 1182/834
f 1177/835 1178/836 1187/837
f 1187/838 1178/839 1179/840
f 836/841 837/842 846/843
f 846/844 837/845 838/846
f 833/847 834/848 844/849
f 844/850 834/851 835/852
f 839/853 840/854 848/855
f 848/856 840/857 841/858
f 1192/859 1193/860 1205/861
f 1205/862 1193/863 1194/864
f 882/865 883/866 891/867
f 891/868 883/869 884/870
f 1157/871 1158/872 1168/873
f 1168/874 1158/875 1159/876
f 1150/877 1151/878 1163/879
f 1163/880 1151/881 1152/882
f 876/883 877/884 887/885
f 887/886 877/887 878/888
f 879/889 880/890 889/891
f 889/892 880/893 881/894
f 1153/895 1154/896 1165/897
f 1165/898 1154/899 1155/900
f 873/901 874/902 872/903
f 872/904 874/905 875/906
f 1159/907 1160/908 1169/909
f 1169/910 1160/911 1161/912
f 1171/913 1172/914 1170/915
f 1170/916 1172/917 1173/918
f 769/919 770/920 781/921
f 781/922 770/923 771/924
f 773/925 774/926 784/927
f 784/928 774/929 775/930
f 775/931 776/932 785/933
f 785/934 776/935 777/936
f 787/937 788/938 786/939
f 786/940 788/941 789/942
f 796/943 797/944 805/945
f 805/946 797/947 798/948
f 793/949 794/950 803/951
f 803/952 794/953 795/954
f 790/955 791/956 801/957
f 801/958 791/959 792/960
f 808/961 809/962 821/963
f 821/964 809/965 810/966
f 830/967 831/968 829/969
f 829/970 831/971 832/972
f 815/973 816/974 827/975
f 827/976 816/977 817/978
f 817/979 818/980 828/981
f 828/982 818/983 819/984
f 685/985 686/986 693/987
f 693/988 686/989 692/990
f 692/991 686/992 691/993
f 691/994 686/995 687/996
f 691/997 687/998 690/999
f 690/1000 687/1001 688/1002
f 690/1003 688/1004 689/1005
f 680/1006 698/1007 679/1008
f 679/1009 698/1010 699/1011
f 679/1012 699/1013 678/1014
f 678/1015 699/1016 700/1017
f 678/1018 700/1019 677/1020
f 697/1021 680/1022 696/1023
f 696/1024 680/1025 681/1026
f 696/1027 681/1028 695/1029
f 695/1030 681/1031 682/1032
f 695/1033 682/1034 694/1035
f 694/1036 682/1037 683/1038
f 694/1039 683/1040 693/1041
f 693/1042 683/1043 684/1044
f 693/1045 684/1046 685/1047
f 14/1048 16/1049 13/1050
f 13/1051 16/1052 17/1053
f 13/1054 17/1055 12/1056
f 12/1057 17/1058 18/1059
f 12/1060 18/1061 11/1062
f 11/1063 18/1064 19/1065
f 11/1066 19/1067 10/1068
f 10/1069 19/1070 20/1071
f 10/1072 20/1073 9/1074
f 9/1075 20/1076 21/1077
f 9/1078 21/1079 8/1080
f 8/1081 21/1082 22/1083
f 8/1084 22/1085 7/1086
f 7/1087 22/1088 23/1089
f 7/1090 23/1091 6/1092
f 6/1093 23/1094 24/1095
f 6/1096 24/1097 5/1098
f 5/1099 24/1100 25/1101
f 5/1102 25/1103 4/1104
f 4/1105 25/1106 26/1107
f 4/1108 26/1109 3/1110
f 3/1111 26/1112 1/1113
f 3/1114 1/1115 2/1116
f 652/1117 653/1118 676/1119
f 676/1120 653/1121 654/1122
f 676/1123 654/1124 675/1125
f 675/1126 654/1127 655/1128
f 675/1129 655/1130 674/1131
f 674/1132 655/1133 673/1134
f 39/1135 43/1136 38/1137
f 38/1138 43/1139 44/1140
f 38/1141 44/1142 37/1143
f 37/1144 44/1145 45/1146
f 37/1147 45/1148 36/1149
f 36/1150 45/1151 46/1152
f 36/1153 46/1154 35/1155
f 35/1156 46/1157 47/1158
f 35/1159 47/1160 34/1161
f 34/1162 47/1163 48/1164
f 34/1165 48/1166 33/1167
f 33/1168 48/1169 49/1170
f 33/1171 49/1172 32/1173
f 32/1174 49/1175 50/1176
f 32/1177 50/1178 31/1179
f 31/1180 50/1181 51/1182
f 31/1183 51/1184 30/1185
f 30/1186 51/1187 52/1188
f 30/1189 52/1190 29/1191
f 29/1192 52/1193 27/1194
f 29/1195 27/1196 28/1197
f 40/1198 41/1199 39/1200
f 39/1201 41/1202 42/1203
f 39/1204 42/1205 43/1206
f 655/1207 656/1208 673/1209
f 673/1210 656/1211 657/1212
f 673/1213 657/1214 672/1215
f 672/1216 657/1217 658/1218
f 672/1219 658/1220 671/1221
f 671/1222 658/1223 659/1224
f 671/1225 659/1226 670/1227
f 670/1228 659/1229 660/1230
f 670/1231 660/1232 669/1233
f 669/1234 660/1235 661/1236
f 669/1237 661/1238 668/1239
f 668/1240 661/1241 662/1242
f 668/1243 662/1244 667/1245
f 667/1246 662/1247 663/1248
f 667/1249 663/1250 666/1251
f 666/1252 663/1253 664/1254
f 666/1255 664/1256 665/1257
f 77/1258 78/1259 55/1260
f 55/1261 78/1262 53/1263
f 55/1264 53/1265 54/1266
f 80/1267 81/1268 104/1269
f 104/1270 81/1271 82/1272
f 104/1273 82/1274 103/1275
f 103/1276 82/1277 83/1278
f 103/1279 83/1280 102/1281
f 102/1282 83/1283 101/1284
f 83/1285 84/1286 101/1287
f 101/1288 84/1289 85/1290
f 101/1291 85/1292 100/1293
f 100/1294 85/1295 86/1296
f 100/1297 86/1298 99/1299
f 99/1300 86/1301 87/1302
f 99/1303 87/1304 98/1305
f 98/1306 87/1307 88/1308
f 98/1309 88/1310 97/1311
f 97/1312 88/1313 89/1314
f 97/1315 89/1316 96/1317
f 96/1318 89/1319 90/1320
f 96/1321 90/1322 95/1323
f 95/1324 90/1325 91/1326
f 95/1327 91/1328 94/1329
f 94/1330 91/1331 92/1332
f 94/1333 92/1334 93/1335
f 55/1336 56/1337 77/1338
f 77/1339 56/1340 57/1341
f 77/1342 57/1343 76/1344
f 76/1345 57/1346 58/1347
f 76/1348 58/1349 75/1350
f 75/1351 58/1352 59/1353
f 75/1354 59/1355 74/1356
f 74/1357 59/1358 60/1359
f 74/1360 60/1361 73/1362
f 73/1363 60/1364 61/1365
f 73/1366 61/1367 72/1368
f 72/1369 61/1370 62/1371
f 72/1372 62/1373 71/1374
f 71/1375 62/1376 63/1377
f 71/1378 63/1379 70/1380
f 70/1381 63/1382 64/1383
f 70/1384 64/1385 69/1386
f 69/1387 64/1388 65/1389
f 69/1390 65/1391 68/1392
f 68/1393 65/1394 66/1395
f 68/1396 66/1397 67/1398
f 118/1399 120/1400 117/1401
f 117/1402 120/1403 121/1404
f 117/1405 121/1406 116/1407
f 116/1408 121/1409 122/1410
f 116/1411 122/1412 115/1413
f 115/1414 122/1415 123/1416
f 115/1417 123/1418 114/1419
f 114/1420 123/1421 124/1422
f 114/1423 124/1424 113/1425
f 113/1426 124/1427 125/1428
f 113/1429 125/1430 112/1431
f 112/1432 125/1433 126/1434
f 112/1435 126/1436 111/1437
f 111/1438 126/1439 127/1440
f 111/1441 127/1442 110/1443
f 110/1444 127/1445 128/1446
f 110/1447 128/1448 109/1449
f 109/1450 128/1451 129/1452
f 109/1453 129/1454 108/1455
f 108/1456 129/1457 107/1458
f 107/1459 129/1460 130/1461
f 107/1462 130/1463 105/1464
f 545/1465 546/1466 523/1467
f 523/1468 546/1469 521/1470
f 523/1471 521/1472 522/1473
f 184/1474 185/1475 208/1476
f 208/1477 185/1478 186/1479
f 208/1480 186/1481 207/1482
f 207/1483 186/1484 187/1485
f 207/1486 187/1487 206/1488
f 206/1489 187/1490 205/1491
f 159/1492 160/1493 181/1494
f 181/1495 160/1496 161/1497
f 181/1498 161/1499 180/1500
f 180/1501 161/1502 162/1503
f 180/1504 162/1505 179/1506
f 179/1507 162/1508 163/1509
f 179/1510 163/1511 178/1512
f 178/1513 163/1514 164/1515
f 178/1516 164/1517 177/1518
f 177/1519 164/1520 165/1521
f 177/1522 165/1523 176/1524
f 176/1525 165/1526 166/1527
f 176/1528 166/1529 175/1530
f 175/1531 166/1532 167/1533
f 175/1534 167/1535 174/1536
f 174/1537 167/1538 168/1539
f 174/1540 168/1541 173/1542
f 173/1543 168/1544 169/1545
f 173/1546 169/1547 172/1548
f 172/1549 169/1550 170/1551
f 172/1552 170/1553 171/1554
f 523/1555 524/1556 545/1557
f 545/1558 524/1559 525/1560
f 545/1561 525/1562 544/1563
f 544/1564 525/1565 526/1566
f 544/1567 526/1568 543/1569
f 543/1570 526/1571 527/1572
f 543/1573 527/1574 542/1575
f 542/1576 527/1577 528/1578
f 542/1579 528/1580 541/1581
f 541/1582 528/1583 529/1584
f 541/1585 529/1586 540/1587
f 540/1588 529/1589 530/1590
f 540/1591 530/1592 539/1593
f 539/1594 530/1595 531/1596
f 539/1597 531/1598 538/1599
f 538/1600 531/1601 532/1602
f 538/1603 532/1604 537/1605
f 537/1606 532/1607 533/1608
f 537/1609 533/1610 536/1611
f 536/1612 533/1613 534/1614
f 536/1615 534/1616 535/1617
f 132/1618 133/1619 156/1620
f 156/1621 133/1622 134/1623
f 156/1624 134/1625 155/1626
f 155/1627 134/1628 135/1629
f 155/1630 135/1631 154/1632
f 154/1633 135/1634 153/1635
f 560/1636 562/1637 559/1638
f 559/1639 562/1640 563/1641
f 559/1642 563/1643 558/1644
f 558/1645 563/1646 564/1647
f 558/1648 564/1649 557/1650
f 557/1651 564/1652 565/1653
f 557/1654 565/1655 556/1656
f 556/1657 565/1658 566/1659
f 556/1660 566/1661 555/1662
f 555/1663 566/1664 567/1665
f 555/1666 567/1667 554/1668
f 554/1669 567/1670 568/1671
f 554/1672 568/1673 553/1674
f 553/1675 568/1676 569/1677
f 553/1678 569/1679 552/1680
f 548/1681 549/1682 572/1683
f 572/1684 549/1685 550/1686
f 572/1687 550/1688 571/1689
f 571/1690 550/1691 551/1692
f 552/1693 569/1694 551/1695
f 551/1696 569/1697 570/1698
f 551/1699 570/1700 571/1701
f 135/1702 136/1703 153/1704
f 153/1705 136/1706 137/1707
f 153/1708 137/1709 152/1710
f 152/1711 137/1712 138/1713
f 152/1714 138/1715 151/1716
f 151/1717 138/1718 139/1719
f 151/1720 139/1721 150/1722
f 150/1723 139/1724 140/1725
f 150/1726 140/1727 149/1728
f 149/1729 140/1730 141/1731
f 149/1732 141/1733 148/1734
f 148/1735 141/1736 142/1737
f 148/1738 142/1739 147/1740
f 147/1741 142/1742 143/1743
f 147/1744 143/1745 146/1746
f 146/1747 143/1748 144/1749
f 146/1750 144/1751 145/1752
f 597/1753 598/1754 575/1755
f 575/1756 598/1757 573/1758
f 575/1759 573/1760 574/1761
f 181/1762 182/1763 159/1764
f 159/1765 182/1766 157/1767
f 159/1768 157/1769 158/1770
f 600/1771 601/1772 624/1773
f 624/1774 601/1775 602/1776
f 624/1777 602/1778 623/1779
f 623/1780 602/1781 603/1782
f 623/1783 603/1784 622/1785
f 622/1786 603/1787 621/1788
f 248/1789 250/1790 247/1791
f 247/1792 250/1793 251/1794
f 247/1795 251/1796 246/1797
f 246/1798 251/1799 252/1800
f 246/1801 252/1802 245/1803
f 245/1804 252/1805 253/1806
f 245/1807 253/1808 244/1809
f 244/1810 253/1811 254/1812
f 244/1813 254/1814 243/1815
f 243/1816 254/1817 255/1818
f 243/1819 255/1820 242/1821
f 242/1822 255/1823 256/1824
f 242/1825 256/1826 241/1827
f 241/1828 256/1829 257/1830
f 241/1831 257/1832 240/1833
f 236/1834 237/1835 260/1836
f 260/1837 237/1838 238/1839
f 260/1840 238/1841 259/1842
f 259/1843 238/1844 239/1845
f 240/1846 257/1847 239/1848
f 239/1849 257/1850 258/1851
f 239/1852 258/1853 259/1854
f 575/1855 576/1856 597/1857
f 597/1858 576/1859 577/1860
f 597/1861 577/1862 596/1863
f 596/1864 577/1865 578/1866
f 596/1867 578/1868 595/1869
f 595/1870 578/1871 579/1872
f 595/1873 579/1874 594/1875
f 594/1876 579/1877 580/1878
f 594/1879 580/1880 593/1881
f 593/1882 580/1883 581/1884
f 593/1885 581/1886 592/1887
f 592/1888 581/1889 582/1890
f 592/1891 582/1892 591/1893
f 591/1894 582/1895 583/1896
f 591/1897 583/1898 590/1899
f 590/1900 583/1901 584/1902
f 590/1903 584/1904 589/1905
f 589/1906 584/1907 585/1908
f 589/1909 585/1910 588/1911
f 588/1912 585/1913 586/1914
f 588/1915 586/1916 587/1917
f 233/1918 234/1919 211/1920
f 211/1921 234/1922 209/1923
f 211/1924 209/1925 210/1926
f 649/1927 629/1928 648/1929
f 648/1930 629/1931 630/1932
f 648/1933 630/1934 647/1935
f 647/1936 630/1937 631/1938
f 647/1939 631/1940 646/1941
f 646/1942 631/1943 632/1944
f 646/1945 632/1946 645/1947
f 645/1948 632/1949 633/1950
f 645/1951 633/1952 644/1953
f 644/1954 633/1955 634/1956
f 644/1957 634/1958 643/1959
f 643/1960 634/1961 635/1962
f 643/1963 635/1964 642/1965
f 642/1966 635/1967 636/1968
f 642/1969 636/1970 641/1971
f 641/1972 636/1973 637/1974
f 641/1975 637/1976 640/1977
f 640/1978 637/1979 638/1980
f 640/1981 638/1982 639/1983
f 628/1984 649/1985 627/1986
f 627/1987 649/1988 650/1989
f 627/1990 650/1991 625/1992
f 211/1993 212/1994 233/1995
f 233/1996 212/1997 213/1998
f 233/1999 213/2000 232/2001
f 232/2002 213/2003 214/2004
f 232/2005 214/2006 231/2007
f 231/2008 214/2009 215/2010
f 231/2011 215/2012 230/2013
f 230/2014 215/2015 216/2016
f 230/2017 216/2018 229/2019
f 229/2020 216/2021 217/2022
f 229/2023 217/2024 228/2025
f 228/2026 217/2027 218/2028
f 228/2029 218/2030 227/2031
f 227/2032 218/2033 219/2034
f 227/2035 219/2036 226/2037
f 226/2038 219/2039 220/2040
f 226/2041 220/2042 225/2043
f 225/2044 220/2045 221/2046
f 225/2047 221/2048 224/2049
f 224/2050 221/2051 222/2052
f 224/2053 222/2054 223/2055
f 187/2056 188/2057 205/2058
f 205/2059 188/2060 189/2061
f 205/2062 189/2063 204/2064
f 204/2065 189/2066 190/2067
f 204/2068 190/2069 203/2070
f 203/2071 190/2072 191/2073
f 203/2074 191/2075 202/2076
f 202/2077 191/2078 192/2079
f 202/2080 192/2081 201/2082
f 201/2083 192/2084 193/2085
f 201/2086 193/2087 200/2088
f 200/2089 193/2090 194/2091
f 200/2092 194/2093 199/2094
f 199/2095 194/2096 195/2097
f 199/2098 195/2099 198/2100
f 198/2101 195/2102 196/2103
f 198/2104 196/2105 197/2106
f 603/2107 604/2108 621/2109
f 621/2110 604/2111 605/2112
f 621/2113 605/2114 620/2115
f 620/2116 605/2117 606/2118
f 620/2119 606/2120 619/2121
f 619/2122 606/2123 607/2124
f 619/2125 607/2126 618/2127
f 618/2128 607/2129 608/2130
f 618/2131 608/2132 617/2133
f 617/2134 608/2135 609/2136
f 617/2137 609/2138 616/2139
f 616/2140 609/2141 610/2142
f 616/2143 610/2144 615/2145
f 615/2146 610/2147 611/2148
f 615/2149 611/2150 614/2151
f 614/2152 611/2153 612/2154
f 614/2155 612/2156 613/2157
f 343/2158 344/2159 361/2160
f 361/2161 344/2162 345/2163
f 361/2164 345/2165 360/2166
f 360/2167 345/2168 346/2169
f 360/2170 346/2171 359/2172
f 359/2173 346/2174 347/2175
f 359/2176 347/2177 358/2178
f 358/2179 347/2180 348/2181
f 358/2182 348/2183 357/2184
f 357/2185 348/2186 349/2187
f 357/2188 349/2189 356/2190
f 356/2191 349/2192 350/2193
f 356/2194 350/2195 355/2196
f 355/2197 350/2198 351/2199
f 355/2200 351/2201 354/2202
f 354/2203 351/2204 352/2205
f 354/2206 352/2207 353/2208
f 340/2209 341/2210 364/2211
f 364/2212 341/2213 342/2214
f 364/2215 342/2216 363/2217
f 363/2218 342/2219 343/2220
f 363/2221 343/2222 362/2223
f 362/2224 343/2225 361/2226
f 367/2227 368/2228 389/2229
f 389/2230 368/2231 369/2232
f 389/2233 369/2234 388/2235
f 388/2236 369/2237 370/2238
f 388/2239 370/2240 387/2241
f 387/2242 370/2243 371/2244
f 387/2245 371/2246 386/2247
f 386/2248 371/2249 372/2250
f 386/2251 372/2252 385/2253
f 385/2254 372/2255 373/2256
f 385/2257 373/2258 384/2259
f 384/2260 373/2261 374/2262
f 384/2263 374/2264 383/2265
f 383/2266 374/2267 375/2268
f 383/2269 375/2270 382/2271
f 382/2272 375/2273 376/2274
f 382/2275 376/2276 381/2277
f 381/2278 376/2279 377/2280
f 381/2281 377/2282 380/2283
f 380/2284 377/2285 378/2286
f 380/2287 378/2288 379/2289
f 389/2290 390/2291 367/2292
f 367/2293 390/2294 365/2295
f 367/2296 365/2297 366/2298
f 285/2299 286/2300 263/2301
f 263/2302 286/2303 261/2304
f 263/2305 261/2306 262/2307
f 263/2308 264/2309 285/2310
f 285/2311 264/2312 265/2313
f 285/2314 265/2315 284/2316
f 284/2317 265/2318 266/2319
f 284/2320 266/2321 283/2322
f 283/2323 266/2324 267/2325
f 283/2326 267/2327 282/2328
f 282/2329 267/2330 268/2331
f 282/2332 268/2333 281/2334
f 281/2335 268/2336 269/2337
f 281/2338 269/2339 280/2340
f 280/2341 269/2342 270/2343
f 280/2344 270/2345 279/2346
f 279/2347 270/2348 271/2349
f 279/2350 271/2351 278/2352
f 278/2353 271/2354 272/2355
f 278/2356 272/2357 277/2358
f 277/2359 272/2360 273/2361
f 277/2362 273/2363 276/2364
f 276/2365 273/2366 274/2367
f 276/2368 274/2369 275/2370
f 288/2371 289/2372 312/2373
f 312/2374 289/2375 290/2376
f 312/2377 290/2378 311/2379
f 311/2380 290/2381 291/2382
f 311/2383 291/2384 310/2385
f 310/2386 291/2387 309/2388
f 291/2389 292/2390 309/2391
f 309/2392 292/2393 293/2394
f 309/2395 293/2396 308/2397
f 308/2398 293/2399 294/2400
f 308/2401 294/2402 307/2403
f 307/2404 294/2405 295/2406
f 307/2407 295/2408 306/2409
f 306/2410 295/2411 296/2412
f 306/2413 296/2414 305/2415
f 305/2416 296/2417 297/2418
f 305/2419 297/2420 304/2421
f 304/2422 297/2423 298/2424
f 304/2425 298/2426 303/2427
f 303/2428 298/2429 299/2430
f 303/2431 299/2432 302/2433
f 302/2434 299/2435 300/2436
f 302/2437 300/2438 301/2439
f 315/2440 316/2441 337/2442
f 337/2443 316/2444 317/2445
f 337/2446 317/2447 336/2448
f 336/2449 317/2450 318/2451
f 336/2452 318/2453 335/2454
f 335/2455 318/2456 319/2457
f 335/2458 319/2459 334/2460
f 334/2461 319/2462 320/2463
f 334/2464 320/2465 333/2466
f 333/2467 320/2468 321/2469
f 333/2470 321/2471 332/2472
f 332/2473 321/2474 322/2475
f 332/2476 322/2477 331/2478
f 331/2479 322/2480 323/2481
f 331/2482 323/2483 330/2484
f 330/2485 323/2486 324/2487
f 330/2488 324/2489 329/2490
f 329/2491 324/2492 325/2493
f 329/2494 325/2495 328/2496
f 328/2497 325/2498 326/2499
f 328/2500 326/2501 327/2502
f 337/2503 338/2504 315/2505
f 315/2506 338/2507 313/2508
f 315/2509 313/2510 314/2511
f 499/2512 500/2513 517/2514
f 517/2515 500/2516 501/2517
f 517/2518 501/2519 516/2520
f 516/2521 501/2522 502/2523
f 516/2524 502/2525 515/2526
f 515/2527 502/2528 503/2529
f 515/2530 503/2531 514/2532
f 514/2533 503/2534 504/2535
f 514/2536 504/2537 513/2538
f 513/2539 504/2540 505/2541
f 513/2542 505/2543 512/2544
f 512/2545 505/2546 506/2547
f 512/2548 506/2549 511/2550
f 511/2551 506/2552 507/2553
f 511/2554 507/2555 510/2556
f 510/2557 507/2558 508/2559
f 510/2560 508/2561 509/2562
f 496/2563 497/2564 520/2565
f 520/2566 497/2567 498/2568
f 520/2569 498/2570 519/2571
f 519/2572 498/2573 499/2574
f 519/2575 499/2576 518/2577
f 518/2578 499/2579 517/2580
f 482/2581 484/2582 481/2583
f 481/2584 484/2585 485/2586
f 481/2587 485/2588 480/2589
f 480/2590 485/2591 486/2592
f 480/2593 486/2594 479/2595
f 479/2596 486/2597 487/2598
f 479/2599 487/2600 478/2601
f 478/2602 487/2603 488/2604
f 478/2605 488/2606 477/2607
f 477/2608 488/2609 489/2610
f 477/2611 489/2612 476/2613
f 476/2614 489/2615 490/2616
f 476/2617 490/2618 475/2619
f 475/2620 490/2621 491/2622
f 475/2623 491/2624 474/2625
f 474/2626 491/2627 492/2628
f 474/2629 492/2630 473/2631
f 473/2632 492/2633 493/2634
f 473/2635 493/2636 472/2637
f 472/2638 493/2639 471/2640
f 471/2641 493/2642 494/2643
f 471/2644 494/2645 469/2646
f 456/2647 458/2648 455/2649
f 455/2650 458/2651 459/2652
f 455/2653 459/2654 454/2655
f 454/2656 459/2657 460/2658
f 454/2659 460/2660 453/2661
f 453/2662 460/2663 461/2664
f 453/2665 461/2666 452/2667
f 452/2668 461/2669 462/2670
f 452/2671 462/2672 451/2673
f 451/2674 462/2675 463/2676
f 451/2677 463/2678 450/2679
f 450/2680 463/2681 464/2682
f 450/2683 464/2684 449/2685
f 449/2686 464/2687 465/2688
f 449/2689 465/2690 448/2691
f 441/2692 442/2693 419/2694
f 419/2695 442/2696 417/2697
f 419/2698 417/2699 418/2700
f 444/2701 445/2702 468/2703
f 468/2704 445/2705 446/2706
f 468/2707 446/2708 467/2709
f 467/2710 446/2711 447/2712
f 419/2713 420/2714 441/2715
f 441/2716 420/2717 421/2718
f 441/2719 421/2720 440/2721
f 440/2722 421/2723 422/2724
f 440/2725 422/2726 439/2727
f 439/2728 422/2729 423/2730
f 439/2731 423/2732 438/2733
f 438/2734 423/2735 424/2736
f 438/2737 424/2738 437/2739
f 437/2740 424/2741 425/2742
f 437/2743 425/2744 436/2745
f 436/2746 425/2747 426/2748
f 436/2749 426/2750 435/2751
f 435/2752 426/2753 427/2754
f 435/2755 427/2756 434/2757
f 434/2758 427/2759 428/2760
f 434/2761 428/2762 433/2763
f 433/2764 428/2765 429/2766
f 433/2767 429/2768 432/2769
f 432/2770 429/2771 430/2772
f 432/2773 430/2774 431/2775
f 448/2776 465/2777 447/2778
f 447/2779 465/2780 466/2781
f 447/2782 466/2783 467/2784
f 392/2785 393/2786 416/2787
f 416/2788 393/2789 394/2790
f 416/2791 394/2792 415/2793
f 415/2794 394/2795 395/2796
f 415/2797 395/2798 414/2799
f 414/2800 395/2801 413/2802
f 2059/2803 2060/2804 2057/2805
f 2057/2806 2060/2807 2061/2808
f 2057/2809 2061/2810 2056/2811
f 2056/2812 2061/2813 2062/2814
f 2056/2815 2062/2816 2055/2817
f 2055/2818 2062/2819 2063/2820
f 2055/2821 2063/2822 2054/2823
f 2054/2824 2063/2825 2064/2826
f 2054/2827 2064/2828 2053/2829
f 2053/2830 2064/2831 2065/2832
f 2053/2833 2065/2834 2052/2835
f 2052/2836 2065/2837 2066/2838
f 2052/2839 2066/2840 2051/2841
f 2051/2842 2066/2843 2067/2844
f 2051/2845 2067/2846 2050/2847
f 2050/2848 2067/2849 2068/2850
f 2050/2851 2068/2852 2049/2853
f 2049/2854 2068/2855 2069/2856
f 2049/2857 2069/2858 2048/2859
f 2048/2860 2069/2861 2070/2862
f 2048/2863 2070/2864 2047/2865
f 2047/2866 2070/2867 2071/2868
f 2047/2869 2071/2870 2046/2871
f 2046/2872 2071/2873 2072/2874
f 2046/2875 2072/2876 2045/2877
f 2045/2878 2072/2879 2073/2880
f 2045/2881 2073/2882 2044/2883
f 2044/2884 2073/2885 2074/2886
f 2044/2887 2074/2888 2043/2889
f 2043/2890 2074/2891 2075/2892
f 2043/2893 2075/2894 2042/2895
f 2042/2896 2075/2897 2076/2898
f 2042/2899 2076/2900 2041/2901
f 2041/2902 2076/2903 2039/2904
f 2041/2905 2039/2906 2040/2907
f 2821/2908 2839/2909 2820/2910
f 2820/2911 2839/2912 2840/2913
f 2820/2914 2840/2915 2819/2916
f 2819/2917 2840/2918 2841/2919
f 2819/2920 2841/2921 2818/2922
f 2818/2923 2841/2924 2842/2925
f 2818/2926 2842/2927 2817/2928
f 2817/2929 2842/2930 2843/2931
f 2817/2932 2843/2933 2816/2934
f 2816/2935 2843/2936 2844/2937
f 2816/2938 2844/2939 2815/2940
f 2815/2941 2844/2942 2845/2943
f 2815/2944 2845/2945 2814/2946
f 2814/2947 2845/2948 2846/2949
f 2814/2950 2846/2951 2813/2952
f 2813/2953 2846/2954 2847/2955
f 2813/2956 2847/2957 2848/2958
f 2813/2959 2848/2960 2812/2961
f 2812/2962 2848/2963 2849/2964
f 2812/2965 2849/2966 2811/2967
f 2811/2968 2849/2969 2850/2970
f 2811/2971 2850/2972 2810/2973
f 2810/2974 2850/2975 2851/2976
f 2810/2977 2851/2978 2809/2979
f 2809/2980 2851/2981 2852/2982
f 2809/2983 2852/2984 2808/2985
f 2808/2986 2852/2987 2853/2988
f 2808/2989 2853/2990 2807/2991
f 2807/2992 2853/2993 2854/2994
f 2807/2995 2854/2996 2806/2997
f 2806/2998 2854/2999 2855/3000
f 2806/3001 2855/3002 2805/3003
f 2805/3004 2855/3005 2856/3006
f 2805/3007 2856/3008 2857/3009
f 2805/3010 2857/3011 2804/3012
f 2804/3013 2857/3014 2858/3015
f 2804/3016 2858/3017 2803/3018
f 2803/3019 2858/3020 2859/3021
f 2803/3022 2859/3023 2802/3024
f 2802/3025 2859/3026 2860/3027
f 2802/3028 2860/3029 2801/3030
f 2801/3031 2860/3032 2861/3033
f 2801/3034 2861/3035 2800/3036
f 2800/3037 2861/3038 2862/3039
f 2800/3040 2862/3041 2799/3042
f 2799/3043 2862/3044 2863/3045
f 2799/3046 2863/3047 2798/3048
f 2798/3049 2863/3050 2864/3051
f 2798/3052 2864/3053 2797/3054
f 2779/3055 2780/3056 2777/3057
f 2777/3058 2780/3059 2781/3060
f 2777/3061 2781/3062 2776/3063
f 2776/3064 2781/3065 2782/3066
f 2776/3067 2782/3068 2775/3069
f 2775/3070 2782/3071 2783/3072
f 2775/3073 2783/3074 2774/3075
f 2774/3076 2783/3077 2784/3078
f 2774/3079 2784/3080 2773/3081
f 2773/3082 2784/3083 2785/3084
f 2773/3085 2785/3086 2772/3087
f 2772/3088 2785/3089 2786/3090
f 2772/3091 2786/3092 2771/3093
f 2771/3094 2786/3095 2787/3096
f 2771/3097 2787/3098 2770/3099
f 2770/3100 2787/3101 2788/3102
f 2770/3103 2788/3104 2769/3105
f 2769/3106 2788/3107 2789/3108
f 2769/3109 2789/3110 2768/3111
f 2768/3112 2789/3113 2790/3114
f 2768/3115 2790/3116 2767/3117
f 2767/3118 2790/3119 2791/3120
f 2767/3121 2791/3122 2766/3123
f 2766/3124 2791/3125 2792/3126
f 2766/3127 2792/3128 2765/3129
f 2765/3130 2792/3131 2793/3132
f 2765/3133 2793/3134 2764/3135
f 2764/3136 2793/3137 2794/3138
f 2764/3139 2794/3140 2763/3141
f 2763/3142 2794/3143 2795/3144
f 2763/3145 2795/3146 2762/3147
f 2762/3148 2795/3149 2796/3150
f 2762/3151 2796/3152 2761/3153
f 2761/3154 2796/3155 2759/3156
f 2761/3157 2759/3158 2760/3159
f 2164/3160 2166/3161 2163/3162
f 2163/3163 2166/3164 2167/3165
f 2163/3166 2167/3167 2162/3168
f 2162/3169 2167/3170 2168/3171
f 2162/3172 2168/3173 2161/3174
f 2161/3175 2168/3176 2169/3177
f 2161/3178 2169/3179 2160/3180
f 2160/3181 2169/3182 2170/3183
f 2160/3184 2170/3185 2159/3186
f 2159/3187 2170/3188 2171/3189
f 2159/3190 2171/3191 2158/3192
f 2158/3193 2171/3194 2172/3195
f 2158/3196 2172/3197 2157/3198
f 2157/3199 2172/3200 2173/3201
f 2157/3202 2173/3203 2156/3204
f 2183/3205 2185/3206 2220/3207
f 2220/3208 2185/3209 2186/3210
f 2220/3211 2186/3212 2219/3213
f 2219/3214 2186/3215 2187/3216
f 2219/3217 2187/3218 2218/3219
f 2218/3220 2187/3221 2188/3222
f 2218/3223 2188/3224 2217/3225
f 2217/3226 2188/3227 2189/3228
f 2217/3229 2189/3230 2216/3231
f 2216/3232 2189/3233 2190/3234
f 2216/3235 2190/3236 2215/3237
f 2215/3238 2190/3239 2191/3240
f 2215/3241 2191/3242 2214/3243
f 2214/3244 2191/3245 2192/3246
f 2214/3247 2192/3248 2213/3249
f 2253/3250 2221/3251 2288/3252
f 2288/3253 2221/3254 2222/3255
f 2288/3256 2222/3257 2287/3258
f 2287/3259 2222/3260 2223/3261
f 2287/3262 2223/3263 2286/3264
f 2286/3265 2223/3266 2224/3267
f 2286/3268 2224/3269 2285/3270
f 2285/3271 2224/3272 2225/3273
f 2285/3274 2225/3275 2284/3276
f 2284/3277 2225/3278 2226/3279
f 2284/3280 2226/3281 2283/3282
f 2283/3283 2226/3284 2227/3285
f 2283/3286 2227/3287 2282/3288
f 2282/3289 2227/3290 2228/3291
f 2282/3292 2228/3293 2281/3294
f 2261/3295 2246/3296 2260/3297
f 2260/3298 2246/3299 2247/3300
f 2260/3301 2247/3302 2259/3303
f 2259/3304 2247/3305 2248/3306
f 2259/3307 2248/3308 2258/3309
f 2258/3310 2248/3311 2249/3312
f 2258/3313 2249/3314 2257/3315
f 2257/3316 2249/3317 2250/3318
f 2257/3319 2250/3320 2256/3321
f 2256/3322 2250/3323 2251/3324
f 2256/3325 2251/3326 2255/3327
f 2255/3328 2251/3329 2252/3330
f 2255/3331 2252/3332 2254/3333
f 2254/3334 2252/3335 2221/3336
f 2254/3337 2221/3338 2253/3339
f 2434/3340 2435/3341 2470/3342
f 2470/3343 2435/3344 2436/3345
f 2470/3346 2436/3347 2469/3348
f 2469/3349 2436/3350 2437/3351
f 2469/3352 2437/3353 2468/3354
f 2468/3355 2437/3356 2438/3357
f 2468/3358 2438/3359 2467/3360
f 2467/3361 2438/3362 2439/3363
f 2467/3364 2439/3365 2466/3366
f 2466/3367 2439/3368 2440/3369
f 2466/3370 2440/3371 2465/3372
f 2465/3373 2440/3374 2441/3375
f 2465/3376 2441/3377 2464/3378
f 2464/3379 2441/3380 2442/3381
f 2464/3382 2442/3383 2463/3384
f 2463/3385 2442/3386 2443/3387
f 2463/3388 2443/3389 2462/3390
f 2462/3391 2443/3392 2444/3393
f 2462/3394 2444/3395 2461/3396
f 2461/3397 2444/3398 2445/3399
f 2461/3400 2445/3401 2460/3402
f 2460/3403 2445/3404 2446/3405
f 2460/3406 2446/3407 2459/3408
f 2459/3409 2446/3410 2447/3411
f 2459/3412 2447/3413 2458/3414
f 2458/3415 2447/3416 2448/3417
f 2458/3418 2448/3419 2457/3420
f 2457/3421 2448/3422 2449/3423
f 2457/3424 2449/3425 2456/3426
f 2456/3427 2449/3428 2450/3429
f 2456/3430 2450/3431 2455/3432
f 2455/3433 2450/3434 2451/3435
f 2455/3436 2451/3437 2454/3438
f 2454/3439 2451/3440 2452/3441
f 2454/3442 2452/3443 2453/3444
f 2491/3445 2492/3446 2489/3447
f 2489/3448 2492/3449 2493/3450
f 2489/3451 2493/3452 2488/3453
f 2488/3454 2493/3455 2494/3456
f 2488/3457 2494/3458 2487/3459
f 2487/3460 2494/3461 2495/3462
f 2487/3463 2495/3464 2486/3465
f 2486/3466 2495/3467 2496/3468
f 2486/3469 2496/3470 2485/3471
f 2485/3472 2496/3473 2497/3474
f 2485/3475 2497/3476 2484/3477
f 2484/3478 2497/3479 2498/3480
f 2484/3481 2498/3482 2483/3483
f 2483/3484 2498/3485 2499/3486
f 2483/3487 2499/3488 2482/3489
f 2482/3490 2499/3491 2500/3492
f 2482/3493 2500/3494 2481/3495
f 2481/3496 2500/3497 2501/3498
f 2481/3499 2501/3500 2480/3501
f 2480/3502 2501/3503 2502/3504
f 2480/3505 2502/3506 2479/3507
f 2479/3508 2502/3509 2503/3510
f 2479/3511 2503/3512 2478/3513
f 2478/3514 2503/3515 2504/3516
f 2478/3517 2504/3518 2477/3519
f 2477/3520 2504/3521 2505/3522
f 2477/3523 2505/3524 2476/3525
f 2476/3526 2505/3527 2506/3528
f 2476/3529 2506/3530 2475/3531
f 2475/3532 2506/3533 2507/3534
f 2475/3535 2507/3536 2474/3537
f 2474/3538 2507/3539 2508/3540
f 2474/3541 2508/3542 2473/3543
f 2473/3544 2508/3545 2471/3546
f 2473/3547 2471/3548 2472/3549
f 2405/3550 2406/3551 2389/3552
f 2389/3553 2406/3554 2407/3555
f 2389/3556 2407/3557 2388/3558
f 2388/3559 2407/3560 2408/3561
f 2388/3562 2408/3563 2387/3564
f 2387/3565 2408/3566 2409/3567
f 2387/3568 2409/3569 2386/3570
f 2386/3571 2409/3572 2410/3573
f 2386/3574 2410/3575 2385/3576
f 2385/3577 2410/3578 2411/3579
f 2385/3580 2411/3581 2384/3582
f 2384/3583 2411/3584 2412/3585
f 2384/3586 2412/3587 2383/3588
f 2383/3589 2412/3590 2413/3591
f 2383/3592 2413/3593 2382/3594
f 2382/3595 2413/3596 2414/3597
f 2382/3598 2414/3599 2381/3600
f 2381/3601 2414/3602 2415/3603
f 2381/3604 2415/3605 2416/3606
f 2432/3607 2397/3608 2365/3609
f 2365/3610 2397/3611 2398/3612
f 2365/3613 2398/3614 2396/3615
f 2396/3616 2398/3617 2399/3618
f 2396/3619 2399/3620 2395/3621
f 2395/3622 2399/3623 2400/3624
f 2395/3625 2400/3626 2394/3627
f 2394/3628 2400/3629 2401/3630
f 2394/3631 2401/3632 2393/3633
f 2393/3634 2401/3635 2402/3636
f 2393/3637 2402/3638 2392/3639
f 2392/3640 2402/3641 2403/3642
f 2392/3643 2403/3644 2391/3645
f 2391/3646 2403/3647 2404/3648
f 2391/3649 2404/3650 2390/3651
f 2390/3652 2404/3653 2405/3654
f 2390/3655 2405/3656 2389/3657
f 2423/3658 2424/3659 2373/3660
f 2373/3661 2424/3662 2425/3663
f 2373/3664 2425/3665 2372/3666
f 2372/3667 2425/3668 2426/3669
f 2372/3670 2426/3671 2371/3672
f 2371/3673 2426/3674 2427/3675
f 2371/3676 2427/3677 2370/3678
f 2370/3679 2427/3680 2428/3681
f 2370/3682 2428/3683 2369/3684
f 2369/3685 2428/3686 2429/3687
f 2369/3688 2429/3689 2368/3690
f 2368/3691 2429/3692 2430/3693
f 2368/3694 2430/3695 2367/3696
f 2367/3697 2430/3698 2431/3699
f 2367/3700 2431/3701 2366/3702
f 2366/3703 2431/3704 2432/3705
f 2366/3706 2432/3707 2365/3708
f 2381/3709 2416/3710 2380/3711
f 2380/3712 2416/3713 2417/3714
f 2380/3715 2417/3716 2379/3717
f 2379/3718 2417/3719 2418/3720
f 2379/3721 2418/3722 2378/3723
f 2378/3724 2418/3725 2419/3726
f 2378/3727 2419/3728 2377/3729
f 2377/3730 2419/3731 2420/3732
f 2377/3733 2420/3734 2376/3735
f 2376/3736 2420/3737 2421/3738
f 2376/3739 2421/3740 2375/3741
f 2375/3742 2421/3743 2422/3744
f 2375/3745 2422/3746 2374/3747
f 2374/3748 2422/3749 2423/3750
f 2374/3751 2423/3752 2373/3753
f 2347/3754 2348/3755 2345/3756
f 2345/3757 2348/3758 2349/3759
f 2345/3760 2349/3761 2344/3762
f 2344/3763 2349/3764 2350/3765
f 2344/3766 2350/3767 2343/3768
f 2343/3769 2350/3770 2351/3771
f 2343/3772 2351/3773 2342/3774
f 2342/3775 2351/3776 2352/3777
f 2342/3778 2352/3779 2341/3780
f 2341/3781 2352/3782 2353/3783
f 2341/3784 2353/3785 2340/3786
f 2340/3787 2353/3788 2354/3789
f 2340/3790 2354/3791 2339/3792
f 2339/3793 2354/3794 2355/3795
f 2339/3796 2355/3797 2338/3798
f 2338/3799 2355/3800 2356/3801
f 2338/3802 2356/3803 2337/3804
f 2337/3805 2356/3806 2357/3807
f 2337/3808 2357/3809 2336/3810
f 2336/3811 2357/3812 2358/3813
f 2336/3814 2358/3815 2335/3816
f 2335/3817 2358/3818 2359/3819
f 2335/3820 2359/3821 2334/3822
f 2334/3823 2359/3824 2360/3825
f 2334/3826 2360/3827 2333/3828
f 2333/3829 2360/3830 2361/3831
f 2333/3832 2361/3833 2332/3834
f 2332/3835 2361/3836 2362/3837
f 2332/3838 2362/3839 2331/3840
f 2331/3841 2362/3842 2363/3843
f 2331/3844 2363/3845 2330/3846
f 2330/3847 2363/3848 2364/3849
f 2330/3850 2364/3851 2329/3852
f 2329/3853 2364/3854 2327/3855
f 2329/3856 2327/3857 2328/3858
f 2290/3859 2291/3860 2326/3861
f 2326/3862 2291/3863 2292/3864
f 2326/3865 2292/3866 2325/3867
f 2325/3868 2292/3869 2293/3870
f 2325/3871 2293/3872 2324/3873
f 2324/3874 2293/3875 2294/3876
f 2324/3877 2294/3878 2323/3879
f 2323/3880 2294/3881 2295/3882
f 2323/3883 2295/3884 2322/3885
f 2322/3886 2295/3887 2296/3888
f 2322/3889 2296/3890 2321/3891
f 2321/3892 2296/3893 2297/3894
f 2321/3895 2297/3896 2320/3897
f 2320/3898 2297/3899 2298/3900
f 2320/3901 2298/3902 2319/3903
f 2319/3904 2298/3905 2299/3906
f 2319/3907 2299/3908 2318/3909
f 2318/3910 2299/3911 2300/3912
f 2318/3913 2300/3914 2317/3915
f 2317/3916 2300/3917 2301/3918
f 2317/3919 2301/3920 2316/3921
f 2316/3922 2301/3923 2302/3924
f 2316/3925 2302/3926 2315/3927
f 2315/3928 2302/3929 2303/3930
f 2315/3931 2303/3932 2314/3933
f 2314/3934 2303/3935 2304/3936
f 2314/3937 2304/3938 2313/3939
f 2313/3940 2304/3941 2305/3942
f 2313/3943 2305/3944 2312/3945
f 2312/3946 2305/3947 2306/3948
f 2312/3949 2306/3950 2311/3951
f 2311/3952 2306/3953 2307/3954
f 2311/3955 2307/3956 2310/3957
f 2310/3958 2307/3959 2308/3960
f 2310/3961 2308/3962 2309/3963
f 1415/3964 1416/3965 1413/3966
f 1413/3967 1416/3968 1417/3969
f 1413/3970 1417/3971 1412/3972
f 1412/3973 1417/3974 1418/3975
f 1412/3976 1418/3977 1411/3978
f 1411/3979 1418/3980 1419/3981
f 1411/3982 1419/3983 1410/3984
f 1410/3985 1419/3986 1420/3987
f 1410/3988 1420/3989 1409/3990
f 1409/3991 1420/3992 1421/3993
f 1409/3994 1421/3995 1408/3996
f 1408/3997 1421/3998 1422/3999
f 1408/4000 1422/4001 1407/4002
f 1407/4003 1422/4004 1423/4005
f 1407/4006 1423/4007 1406/4008
f 2635/4009 2636/4010 2633/4011
f 2633/4012 2636/4013 2637/4014
f 2633/4015 2637/4016 2632/4017
f 2632/4018 2637/4019 2638/4020
f 2632/4021 2638/4022 2631/4023
f 2631/4024 2638/4025 2639/4026
f 2631/4027 2639/4028 2630/4029
f 2630/4030 2639/4031 2640/4032
f 2630/4033 2640/4034 2629/4035
f 2629/4036 2640/4037 2641/4038
f 2629/4039 2641/4040 2628/4041
f 2628/4042 2641/4043 2642/4044
f 2628/4045 2642/4046 2627/4047
f 2627/4048 2642/4049 2643/4050
f 2627/4051 2643/4052 2626/4053
f 2626/4054 2643/4055 2644/4056
f 2626/4057 2644/4058 2625/4059
f 2625/4060 2644/4061 2645/4062
f 2625/4063 2645/4064 2624/4065
f 2624/4066 2645/4067 2646/4068
f 2624/4069 2646/4070 2623/4071
f 2623/4072 2646/4073 2647/4074
f 2623/4075 2647/4076 2622/4077
f 2622/4078 2647/4079 2648/4080
f 2622/4081 2648/4082 2621/4083
f 2621/4084 2648/4085 2649/4086
f 2621/4087 2649/4088 2620/4089
f 2620/4090 2649/4091 2650/4092
f 2620/4093 2650/4094 2619/4095
f 2619/4096 2650/4097 2651/4098
f 2619/4099 2651/4100 2618/4101
f 2618/4102 2651/4103 2652/4104
f 2618/4105 2652/4106 2617/4107
f 2617/4108 2652/4109 2615/4110
f 2617/4111 2615/4112 2616/4113
f 2702/4114 2703/4115 2669/4116
f 2669/4117 2703/4118 2704/4119
f 2669/4120 2704/4121 2668/4122
f 2668/4123 2704/4124 2705/4125
f 2668/4126 2705/4127 2667/4128
f 2667/4129 2705/4130 2706/4131
f 2667/4132 2706/4133 2666/4134
f 2666/4135 2706/4136 2707/4137
f 2666/4138 2707/4139 2665/4140
f 2665/4141 2707/4142 2708/4143
f 2665/4144 2708/4145 2664/4146
f 2664/4147 2708/4148 2709/4149
f 2664/4150 2709/4151 2663/4152
f 2663/4153 2709/4154 2710/4155
f 2663/4156 2710/4157 2662/4158
f 2662/4159 2710/4160 2711/4161
f 2662/4162 2711/4163 2661/4164
f 2661/4165 2711/4166 2712/4167
f 2661/4168 2712/4169 2713/4170
f 1491/4171 1442/4172 1490/4173
f 1490/4174 1442/4175 1443/4176
f 1490/4177 1443/4178 1489/4179
f 1489/4180 1443/4181 1444/4182
f 1489/4183 1444/4184 1488/4185
f 1488/4186 1444/4187 1445/4188
f 1488/4189 1445/4190 1487/4191
f 1487/4192 1445/4193 1446/4194
f 1487/4195 1446/4196 1486/4197
f 1486/4198 1446/4199 1447/4200
f 1486/4201 1447/4202 1485/4203
f 1485/4204 1447/4205 1448/4206
f 1485/4207 1448/4208 1484/4209
f 1484/4210 1448/4211 1449/4212
f 1484/4213 1449/4214 1483/4215
f 1483/4216 1449/4217 1482/4218
f 2661/4219 2713/4220 2660/4221
f 2660/4222 2713/4223 2714/4224
f 2660/4225 2714/4226 2659/4227
f 2659/4228 2714/4229 2715/4230
f 2659/4231 2715/4232 2658/4233
f 2658/4234 2715/4235 2716/4236
f 2658/4237 2716/4238 2657/4239
f 2657/4240 2716/4241 2717/4242
f 2657/4243 2717/4244 2656/4245
f 2656/4246 2717/4247 2718/4248
f 2656/4249 2718/4250 2655/4251
f 2655/4252 2718/4253 2719/4254
f 2655/4255 2719/4256 2654/4257
f 2654/4258 2719/4259 2720/4260
f 2654/4261 2720/4262 2653/4263
f 2653/4264 2720/4265 2685/4266
f 2653/4267 2685/4268 2686/4269
f 1482/4270 1450/4271 1481/4272
f 1481/4273 1450/4274 1451/4275
f 1481/4276 1451/4277 1480/4278
f 1480/4279 1451/4280 1452/4281
f 1480/4282 1452/4283 1479/4284
f 1479/4285 1452/4286 1453/4287
f 1479/4288 1453/4289 1478/4290
f 1478/4291 1453/4292 1454/4293
f 1478/4294 1454/4295 1477/4296
f 1477/4297 1454/4298 1455/4299
f 1477/4300 1455/4301 1476/4302
f 1476/4303 1455/4304 1456/4305
f 1476/4306 1456/4307 1475/4308
f 2653/4309 2686/4310 2684/4311
f 2684/4312 2686/4313 2687/4314
f 2684/4315 2687/4316 2683/4317
f 2683/4318 2687/4319 2688/4320
f 2683/4321 2688/4322 2682/4323
f 2682/4324 2688/4325 2689/4326
f 2682/4327 2689/4328 2681/4329
f 2681/4330 2689/4331 2690/4332
f 2681/4333 2690/4334 2680/4335
f 2680/4336 2690/4337 2691/4338
f 2680/4339 2691/4340 2679/4341
f 2679/4342 2691/4343 2692/4344
f 2679/4345 2692/4346 2678/4347
f 2678/4348 2692/4349 2693/4350
f 2678/4351 2693/4352 2677/4353
f 2677/4354 2693/4355 2694/4356
f 2677/4357 2694/4358 2695/4359
f 2677/4360 2695/4361 2676/4362
f 2676/4363 2695/4364 2696/4365
f 2676/4366 2696/4367 2675/4368
f 2675/4369 2696/4370 2697/4371
f 2675/4372 2697/4373 2674/4374
f 2674/4375 2697/4376 2698/4377
f 2674/4378 2698/4379 2673/4380
f 2673/4381 2698/4382 2699/4383
f 2673/4384 2699/4385 2672/4386
f 2672/4387 2699/4388 2700/4389
f 2672/4390 2700/4391 2671/4392
f 2671/4393 2700/4394 2701/4395
f 2671/4396 2701/4397 2670/4398
f 2670/4399 2701/4400 2702/4401
f 2670/4402 2702/4403 2669/4404
f 1358/4405 1359/4406 1394/4407
f 1394/4408 1359/4409 1360/4410
f 1394/4411 1360/4412 1393/4413
f 1393/4414 1360/4415 1361/4416
f 1393/4417 1361/4418 1392/4419
f 1392/4420 1361/4421 1362/4422
f 1392/4423 1362/4424 1391/4425
f 1391/4426 1362/4427 1363/4428
f 1391/4429 1363/4430 1390/4431
f 1390/4432 1363/4433 1364/4434
f 1390/4435 1364/4436 1389/4437
f 1389/4438 1364/4439 1365/4440
f 1389/4441 1365/4442 1388/4443
f 1388/4444 1365/4445 1366/4446
f 1388/4447 1366/4448 1387/4449
f 2722/4450 2723/4451 2758/4452
f 2758/4453 2723/4454 2724/4455
f 2758/4456 2724/4457 2757/4458
f 2757/4459 2724/4460 2725/4461
f 2757/4462 2725/4463 2756/4464
f 2756/4465 2725/4466 2726/4467
f 2756/4468 2726/4469 2755/4470
f 2755/4471 2726/4472 2727/4473
f 2755/4474 2727/4475 2754/4476
f 2754/4477 2727/4478 2728/4479
f 2754/4480 2728/4481 2753/4482
f 2753/4483 2728/4484 2729/4485
f 2753/4486 2729/4487 2752/4488
f 2752/4489 2729/4490 2730/4491
f 2752/4492 2730/4493 2751/4494
f 2751/4495 2730/4496 2731/4497
f 2751/4498 2731/4499 2750/4500
f 2750/4501 2731/4502 2732/4503
f 2750/4504 2732/4505 2749/4506
f 2749/4507 2732/4508 2733/4509
f 2749/4510 2733/4511 2748/4512
f 2748/4513 2733/4514 2734/4515
f 2748/4516 2734/4517 2747/4518
f 2747/4519 2734/4520 2735/4521
f 2747/4522 2735/4523 2746/4524
f 2746/4525 2735/4526 2736/4527
f 2746/4528 2736/4529 2745/4530
f 2745/4531 2736/4532 2737/4533
f 2745/4534 2737/4535 2744/4536
f 2744/4537 2737/4538 2738/4539
f 2744/4540 2738/4541 2743/4542
f 2743/4543 2738/4544 2739/4545
f 2743/4546 2739/4547 2742/4548
f 2742/4549 2739/4550 2740/4551
f 2742/4552 2740/4553 2741/4554
f 1329/4555 1330/4556 1313/4557
f 1313/4558 1330/4559 1331/4560
f 1313/4561 1331/4562 1312/4563
f 1312/4564 1331/4565 1332/4566
f 1312/4567 1332/4568 1311/4569
f 1311/4570 1332/4571 1333/4572
f 1311/4573 1333/4574 1310/4575
f 1310/4576 1333/4577 1334/4578
f 1310/4579 1334/4580 1309/4581
f 1309/4582 1334/4583 1335/4584
f 1309/4585 1335/4586 1308/4587
f 1308/4588 1335/4589 1336/4590
f 1308/4591 1336/4592 1307/4593
f 1307/4594 1336/4595 1337/4596
f 1307/4597 1337/4598 1306/4599
f 1306/4600 1337/4601 1338/4602
f 1306/4603 1338/4604 1305/4605
f 1305/4606 1338/4607 1339/4608
f 1305/4609 1339/4610 1340/4611
f 1356/4612 1321/4613 1289/4614
f 1289/4615 1321/4616 1322/4617
f 1289/4618 1322/4619 1320/4620
f 1320/4621 1322/4622 1323/4623
f 1320/4624 1323/4625 1319/4626
f 1319/4627 1323/4628 1324/4629
f 1319/4630 1324/4631 1318/4632
f 1318/4633 1324/4634 1325/4635
f 1318/4636 1325/4637 1317/4638
f 1317/4639 1325/4640 1326/4641
f 1317/4642 1326/4643 1316/4644
f 1316/4645 1326/4646 1327/4647
f 1316/4648 1327/4649 1315/4650
f 1315/4651 1327/4652 1328/4653
f 1315/4654 1328/4655 1314/4656
f 1314/4657 1328/4658 1329/4659
f 1314/4660 1329/4661 1313/4662
f 2549/4663 2550/4664 2533/4665
f 2533/4666 2550/4667 2551/4668
f 2533/4669 2551/4670 2532/4671
f 2532/4672 2551/4673 2552/4674
f 2532/4675 2552/4676 2531/4677
f 2531/4678 2552/4679 2553/4680
f 2531/4681 2553/4682 2530/4683
f 2530/4684 2553/4685 2554/4686
f 2530/4687 2554/4688 2529/4689
f 2529/4690 2554/4691 2555/4692
f 2529/4693 2555/4694 2528/4695
f 2528/4696 2555/4697 2556/4698
f 2528/4699 2556/4700 2527/4701
f 2527/4702 2556/4703 2557/4704
f 2527/4705 2557/4706 2526/4707
f 2526/4708 2557/4709 2558/4710
f 2526/4711 2558/4712 2525/4713
f 2525/4714 2558/4715 2559/4716
f 2525/4717 2559/4718 2560/4719
f 2576/4720 2541/4721 2509/4722
f 2509/4723 2541/4724 2542/4725
f 2509/4726 2542/4727 2540/4728
f 2540/4729 2542/4730 2543/4731
f 2540/4732 2543/4733 2539/4734
f 2539/4735 2543/4736 2544/4737
f 2539/4738 2544/4739 2538/4740
f 2538/4741 2544/4742 2545/4743
f 2538/4744 2545/4745 2537/4746
f 2537/4747 2545/4748 2546/4749
f 2537/4750 2546/4751 2536/4752
f 2536/4753 2546/4754 2547/4755
f 2536/4756 2547/4757 2535/4758
f 2535/4759 2547/4760 2548/4761
f 2535/4762 2548/4763 2534/4764
f 2534/4765 2548/4766 2549/4767
f 2534/4768 2549/4769 2533/4770
f 2567/4771 2568/4772 2517/4773
f 2517/4774 2568/4775 2569/4776
f 2517/4777 2569/4778 2516/4779
f 2516/4780 2569/4781 2570/4782
f 2516/4783 2570/4784 2515/4785
f 2515/4786 2570/4787 2571/4788
f 2515/4789 2571/4790 2514/4791
f 2514/4792 2571/4793 2572/4794
f 2514/4795 2572/4796 2513/4797
f 2513/4798 2572/4799 2573/4800
f 2513/4801 2573/4802 2512/4803
f 2512/4804 2573/4805 2574/4806
f 2512/4807 2574/4808 2511/4809
f 2511/4810 2574/4811 2575/4812
f 2511/4813 2575/4814 2510/4815
f 2510/4816 2575/4817 2576/4818
f 2510/4819 2576/4820 2509/4821
f 2525/4822 2560/4823 2524/4824
f 2524/4825 2560/4826 2561/4827
f 2524/4828 2561/4829 2523/4830
f 2523/4831 2561/4832 2562/4833
f 2523/4834 2562/4835 2522/4836
f 2522/4837 2562/4838 2563/4839
f 2522/4840 2563/4841 2521/4842
f 2521/4843 2563/4844 2564/4845
f 2521/4846 2564/4847 2520/4848
f 2520/4849 2564/4850 2565/4851
f 2520/4852 2565/4853 2519/4854
f 2519/4855 2565/4856 2566/4857
f 2519/4858 2566/4859 2518/4860
f 2518/4861 2566/4862 2567/4863
f 2518/4864 2567/4865 2517/4866
f 1347/4867 1348/4868 1297/4869
f 1297/4870 1348/4871 1349/4872
f 1297/4873 1349/4874 1296/4875
f 1296/4876 1349/4877 1350/4878
f 1296/4879 1350/4880 1295/4881
f 1295/4882 1350/4883 1351/4884
f 1295/4885 1351/4886 1294/4887
f 1294/4888 1351/4889 1352/4890
f 1294/4891 1352/4892 1293/4893
f 1293/4894 1352/4895 1353/4896
f 1293/4897 1353/4898 1292/4899
f 1292/4900 1353/4901 1354/4902
f 1292/4903 1354/4904 1291/4905
f 1291/4906 1354/4907 1355/4908
f 1291/4909 1355/4910 1290/4911
f 1290/4912 1355/4913 1356/4914
f 1290/4915 1356/4916 1289/4917
f 1305/4918 1340/4919 1304/4920
f 1304/4921 1340/4922 1341/4923
f 1304/4924 1341/4925 1303/4926
f 1303/4927 1341/4928 1342/4929
f 1303/4930 1342/4931 1302/4932
f 1302/4933 1342/4934 1343/4935
f 1302/4936 1343/4937 1301/4938
f 1301/4939 1343/4940 1344/4941
f 1301/4942 1344/4943 1300/4944
f 1300/4945 1344/4946 1345/4947
f 1300/4948 1345/4949 1299/4950
f 1299/4951 1345/4952 1346/4953
f 1299/4954 1346/4955 1298/4956
f 1298/4957 1346/4958 1347/4959
f 1298/4960 1347/4961 1297/4962
f 1251/4963 1253/4964 1288/4965
f 1288/4966 1253/4967 1254/4968
f 1288/4969 1254/4970 1287/4971
f 1287/4972 1254/4973 1255/4974
f 1287/4975 1255/4976 1286/4977
f 1286/4978 1255/4979 1256/4980
f 1286/4981 1256/4982 1285/4983
f 1285/4984 1256/4985 1257/4986
f 1285/4987 1257/4988 1284/4989
f 1284/4990 1257/4991 1258/4992
f 1284/4993 1258/4994 1283/4995
f 1283/4996 1258/4997 1259/4998
f 1283/4999 1259/5000 1282/5001
f 1282/5002 1259/5003 1260/5004
f 1282/5005 1260/5006 1281/5007
f 1281/5008 1260/5009 1261/5010
f 1281/5011 1261/5012 1280/5013
f 1280/5014 1261/5015 1262/5016
f 1280/5017 1262/5018 1279/5019
f 1279/5020 1262/5021 1263/5022
f 1279/5023 1263/5024 1278/5025
f 1278/5026 1263/5027 1264/5028
f 1278/5029 1264/5030 1277/5031
f 1277/5032 1264/5033 1265/5034
f 1277/5035 1265/5036 1276/5037
f 1276/5038 1265/5039 1266/5040
f 1276/5041 1266/5042 1275/5043
f 1275/5044 1266/5045 1267/5046
f 1275/5047 1267/5048 1274/5049
f 1274/5050 1267/5051 1268/5052
f 1274/5053 1268/5054 1273/5055
f 1273/5056 1268/5057 1269/5058
f 1273/5059 1269/5060 1272/5061
f 1272/5062 1269/5063 1270/5064
f 1272/5065 1270/5066 1271/5067
f 2578/5068 2579/5069 2614/5070
f 2614/5071 2579/5072 2580/5073
f 2614/5074 2580/5075 2613/5076
f 2613/5077 2580/5078 2581/5079
f 2613/5080 2581/5081 2612/5082
f 2612/5083 2581/5084 2582/5085
f 2612/5086 2582/5087 2611/5088
f 2611/5089 2582/5090 2583/5091
f 2611/5092 2583/5093 2610/5094
f 2610/5095 2583/5096 2584/5097
f 2610/5098 2584/5099 2609/5100
f 2609/5101 2584/5102 2585/5103
f 2609/5104 2585/5105 2608/5106
f 2608/5107 2585/5108 2586/5109
f 2608/5110 2586/5111 2607/5112
f 2607/5113 2586/5114 2587/5115
f 2607/5116 2587/5117 2606/5118
f 2606/5119 2587/5120 2588/5121
f 2606/5122 2588/5123 2605/5124
f 2605/5125 2588/5126 2589/5127
f 2605/5128 2589/5129 2604/5130
f 2604/5131 2589/5132 2590/5133
f 2604/5134 2590/5135 2603/5136
f 2603/5137 2590/5138 2591/5139
f 2603/5140 2591/5141 2602/5142
f 2602/5143 2591/5144 2592/5145
f 2602/5146 2592/5147 2601/5148
f 2601/5149 2592/5150 2593/5151
f 2601/5152 2593/5153 2600/5154
f 2600/5155 2593/5156 2594/5157
f 2600/5158 2594/5159 2599/5160
f 2599/5161 2594/5162 2595/5163
f 2599/5164 2595/5165 2598/5166
f 2598/5167 2595/5168 2596/5169
f 2598/5170 2596/5171 2597/5172
f 1233/5173 1234/5174 1231/5175
f 1231/5176 1234/5177 1235/5178
f 1231/5179 1235/5180 1230/5181
f 1230/5182 1235/5183 1236/5184
f 1230/5185 1236/5186 1229/5187
f 1229/5188 1236/5189 1237/5190
f 1229/5191 1237/5192 1228/5193
f 1228/5194 1237/5195 1238/5196
f 1228/5197 1238/5198 1227/5199
f 1227/5200 1238/5201 1239/5202
f 1227/5203 1239/5204 1226/5205
f 1226/5206 1239/5207 1240/5208
f 1226/5209 1240/5210 1225/5211
f 1225/5212 1240/5213 1241/5214
f 1225/5215 1241/5216 1224/5217
f 1224/5218 1241/5219 1242/5220
f 1224/5221 1242/5222 1223/5223
f 1223/5224 1242/5225 1243/5226
f 1223/5227 1243/5228 1222/5229
f 1222/5230 1243/5231 1244/5232
f 1222/5233 1244/5234 1221/5235
f 1221/5236 1244/5237 1245/5238
f 1221/5239 1245/5240 1220/5241
f 1220/5242 1245/5243 1246/5244
f 1220/5245 1246/5246 1219/5247
f 1219/5248 1246/5249 1247/5250
f 1219/5251 1247/5252 1218/5253
f 1218/5254 1247/5255 1248/5256
f 1218/5257 1248/5258 1217/5259
f 1217/5260 1248/5261 1249/5262
f 1217/5263 1249/5264 1216/5265
f 1216/5266 1249/5267 1250/5268
f 1216/5269 1250/5270 1215/5271
f 1215/5272 1250/5273 1213/5274
f 1215/5275 1213/5276 1214/5277
f 2779/5278 2777/5279 2778/5280
f 2165/5281 2166/5282 2164/5283
f 2184/5284 2185/5285 2183/5286
f 2434/5287 2470/5288 2433/5289
f 2491/5290 2489/5291 2490/5292
f 2347/5293 2345/5294 2346/5295
f 2290/5296 2326/5297 2289/5298
f 1415/5299 1413/5300 1414/5301
f 2635/5302 2633/5303 2634/5304
f 1449/5305 1450/5306 1482/5307
f 1358/5308 1394/5309 1357/5310
f 2722/5311 2758/5312 2721/5313
f 1252/5314 1253/5315 1251/5316
f 1233/5317 1231/5318 1232/5319
f 2578/5320 2614/5321 2577/5322
f 2864/5323 2829/5324 2797/5325
f 2797/5326 2829/5327 2830/5328
f 2797/5329 2830/5330 2828/5331
f 2828/5332 2830/5333 2831/5334
f 2828/5335 2831/5336 2827/5337
f 2827/5338 2831/5339 2832/5340
f 2827/5341 2832/5342 2826/5343
f 2826/5344 2832/5345 2833/5346
f 2826/5347 2833/5348 2825/5349
f 2825/5350 2833/5351 2834/5352
f 2825/5353 2834/5354 2824/5355
f 2824/5356 2834/5357 2835/5358
f 2824/5359 2835/5360 2823/5361
f 2823/5362 2835/5363 2836/5364
f 2823/5365 2836/5366 2822/5367
f 2822/5368 2836/5369 2837/5370
f 2822/5371 2837/5372 2821/5373
f 2821/5374 2837/5375 2838/5376
f 2821/5377 2838/5378 2839/5379
f 2001/5380 2003/5381 2038/5382
f 2038/5383 2003/5384 2004/5385
f 2038/5386 2004/5387 2037/5388
f 2037/5389 2004/5390 2005/5391
f 2037/5392 2005/5393 2036/5394
f 2036/5395 2005/5396 2006/5397
f 2036/5398 2006/5399 2035/5400
f 2035/5401 2006/5402 2007/5403
f 2035/5404 2007/5405 2034/5406
f 2034/5407 2007/5408 2008/5409
f 2034/5410 2008/5411 2033/5412
f 2033/5413 2008/5414 2009/5415
f 2033/5416 2009/5417 2032/5418
f 2032/5419 2009/5420 2010/5421
f 2032/5422 2010/5423 2031/5424
f 2031/5425 2010/5426 2011/5427
f 2031/5428 2011/5429 2030/5430
f 2030/5431 2011/5432 2012/5433
f 2030/5434 2012/5435 2029/5436
f 2029/5437 2012/5438 2013/5439
f 2029/5440 2013/5441 2028/5442
f 2028/5443 2013/5444 2014/5445
f 2028/5446 2014/5447 2027/5448
f 2027/5449 2014/5450 2015/5451
f 2027/5452 2015/5453 2026/5454
f 2026/5455 2015/5456 2016/5457
f 2026/5458 2016/5459 2025/5460
f 2025/5461 2016/5462 2017/5463
f 2025/5464 2017/5465 2024/5466
f 2024/5467 2017/5468 2018/5469
f 2024/5470 2018/5471 2023/5472
f 2023/5473 2018/5474 2019/5475
f 2023/5476 2019/5477 2022/5478
f 2022/5479 2019/5480 2020/5481
f 2022/5482 2020/5483 2021/5484
f 2144/5485 2109/5486 2077/5487
f 2077/5488 2109/5489 2110/5490
f 2077/5491 2110/5492 2108/5493
f 2108/5494 2110/5495 2111/5496
f 2108/5497 2111/5498 2107/5499
f 2107/5500 2111/5501 2112/5502
f 2107/5503 2112/5504 2106/5505
f 2106/5506 2112/5507 2113/5508
f 2106/5509 2113/5510 2105/5511
f 2105/5512 2113/5513 2114/5514
f 2105/5515 2114/5516 2104/5517
f 2104/5518 2114/5519 2115/5520
f 2104/5521 2115/5522 2103/5523
f 2103/5524 2115/5525 2116/5526
f 2103/5527 2116/5528 2102/5529
f 2102/5530 2116/5531 2117/5532
f 2102/5533 2117/5534 2101/5535
f 2101/5536 2117/5537 2118/5538
f 2101/5539 2118/5540 2119/5541
f 2101/5542 2119/5543 2100/5544
f 2100/5545 2119/5546 2120/5547
f 2100/5548 2120/5549 2099/5550
f 2099/5551 2120/5552 2121/5553
f 2099/5554 2121/5555 2098/5556
f 2098/5557 2121/5558 2122/5559
f 2098/5560 2122/5561 2097/5562
f 2097/5563 2122/5564 2123/5565
f 2097/5566 2123/5567 2096/5568
f 2096/5569 2123/5570 2124/5571
f 2096/5572 2124/5573 2095/5574
f 2095/5575 2124/5576 2125/5577
f 2095/5578 2125/5579 2094/5580
f 2094/5581 2125/5582 2126/5583
f 2094/5584 2126/5585 2093/5586
f 2093/5587 2126/5588 2127/5589
f 2093/5590 2127/5591 2128/5592
f 2093/5593 2128/5594 2092/5595
f 2092/5596 2128/5597 2129/5598
f 2092/5599 2129/5600 2091/5601
f 2091/5602 2129/5603 2130/5604
f 2091/5605 2130/5606 2090/5607
f 2090/5608 2130/5609 2131/5610
f 2090/5611 2131/5612 2089/5613
f 2089/5614 2131/5615 2132/5616
f 2089/5617 2132/5618 2088/5619
f 2088/5620 2132/5621 2133/5622
f 2088/5623 2133/5624 2087/5625
f 2087/5626 2133/5627 2134/5628
f 2087/5629 2134/5630 2086/5631
f 2086/5632 2134/5633 2135/5634
f 2086/5635 2135/5636 2085/5637
f 2085/5638 2135/5639 2136/5640
f 2085/5641 2136/5642 2137/5643
f 2085/5644 2137/5645 2084/5646
f 2084/5647 2137/5648 2138/5649
f 2084/5650 2138/5651 2083/5652
f 2083/5653 2138/5654 2139/5655
f 2083/5656 2139/5657 2082/5658
f 2082/5659 2139/5660 2140/5661
f 2082/5662 2140/5663 2081/5664
f 2081/5665 2140/5666 2141/5667
f 2081/5668 2141/5669 2080/5670
f 2080/5671 2141/5672 2142/5673
f 2080/5674 2142/5675 2079/5676
f 2079/5677 2142/5678 2143/5679
f 2079/5680 2143/5681 2078/5682
f 2078/5683 2143/5684 2144/5685
f 2078/5686 2144/5687 2077/5688
f 2146/5689 2147/5690 2182/5691
f 2182/5692 2147/5693 2148/5694
f 2182/5695 2148/5696 2181/5697
f 2181/5698 2148/5699 2149/5700
f 2181/5701 2149/5702 2180/5703
f 2180/5704 2149/5705 2150/5706
f 2180/5707 2150/5708 2179/5709
f 2179/5710 2150/5711 2151/5712
f 2179/5713 2151/5714 2178/5715
f 2178/5716 2151/5717 2152/5718
f 2178/5719 2152/5720 2177/5721
f 2177/5722 2152/5723 2153/5724
f 2177/5725 2153/5726 2176/5727
f 2176/5728 2153/5729 2154/5730
f 2176/5731 2154/5732 2175/5733
f 2175/5734 2154/5735 2155/5736
f 2175/5737 2155/5738 2174/5739
f 2174/5740 2155/5741 2156/5742
f 2174/5743 2156/5744 2173/5745
f 2203/5746 2204/5747 2201/5748
f 2201/5749 2204/5750 2205/5751
f 2201/5752 2205/5753 2200/5754
f 2200/5755 2205/5756 2206/5757
f 2200/5758 2206/5759 2199/5760
f 2199/5761 2206/5762 2207/5763
f 2199/5764 2207/5765 2198/5766
f 2198/5767 2207/5768 2208/5769
f 2198/5770 2208/5771 2197/5772
f 2197/5773 2208/5774 2209/5775
f 2197/5776 2209/5777 2196/5778
f 2196/5779 2209/5780 2210/5781
f 2196/5782 2210/5783 2195/5784
f 2195/5785 2210/5786 2211/5787
f 2195/5788 2211/5789 2194/5790
f 2194/5791 2211/5792 2212/5793
f 2194/5794 2212/5795 2193/5796
f 2193/5797 2212/5798 2213/5799
f 2193/5800 2213/5801 2192/5802
f 2270/5803 2271/5804 2237/5805
f 2237/5806 2271/5807 2272/5808
f 2237/5809 2272/5810 2236/5811
f 2236/5812 2272/5813 2273/5814
f 2236/5815 2273/5816 2235/5817
f 2235/5818 2273/5819 2274/5820
f 2235/5821 2274/5822 2234/5823
f 2234/5824 2274/5825 2275/5826
f 2234/5827 2275/5828 2233/5829
f 2233/5830 2275/5831 2276/5832
f 2233/5833 2276/5834 2232/5835
f 2232/5836 2276/5837 2277/5838
f 2232/5839 2277/5840 2231/5841
f 2231/5842 2277/5843 2278/5844
f 2231/5845 2278/5846 2230/5847
f 2230/5848 2278/5849 2279/5850
f 2230/5851 2279/5852 2229/5853
f 2229/5854 2279/5855 2280/5856
f 2229/5857 2280/5858 2281/5859
f 1847/5860 1848/5861 1797/5862
f 1797/5863 1848/5864 1849/5865
f 1797/5866 1849/5867 1796/5868
f 1796/5869 1849/5870 1850/5871
f 1796/5872 1850/5873 1795/5874
f 1795/5875 1850/5876 1851/5877
f 1795/5878 1851/5879 1794/5880
f 1794/5881 1851/5882 1852/5883
f 1794/5884 1852/5885 1793/5886
f 1793/5887 1852/5888 1853/5889
f 1793/5890 1853/5891 1792/5892
f 1792/5893 1853/5894 1854/5895
f 1792/5896 1854/5897 1791/5898
f 1791/5899 1854/5900 1855/5901
f 1791/5902 1855/5903 1790/5904
f 1790/5905 1855/5906 1856/5907
f 1790/5908 1856/5909 1789/5910
f 1789/5911 1856/5912 1821/5913
f 1789/5914 1821/5915 1822/5916
f 1838/5917 1839/5918 1805/5919
f 1805/5920 1839/5921 1840/5922
f 1805/5923 1840/5924 1804/5925
f 1804/5926 1840/5927 1841/5928
f 1804/5929 1841/5930 1803/5931
f 1803/5932 1841/5933 1842/5934
f 1803/5935 1842/5936 1802/5937
f 1802/5938 1842/5939 1843/5940
f 1802/5941 1843/5942 1801/5943
f 1801/5944 1843/5945 1844/5946
f 1801/5947 1844/5948 1800/5949
f 1800/5950 1844/5951 1845/5952
f 1800/5953 1845/5954 1799/5955
f 1799/5956 1845/5957 1846/5958
f 1799/5959 1846/5960 1798/5961
f 1798/5962 1846/5963 1847/5964
f 1798/5965 1847/5966 1797/5967
f 1829/5968 1830/5969 1813/5970
f 1813/5971 1830/5972 1831/5973
f 1813/5974 1831/5975 1812/5976
f 1812/5977 1831/5978 1832/5979
f 1812/5980 1832/5981 1811/5982
f 1811/5983 1832/5984 1833/5985
f 1811/5986 1833/5987 1810/5988
f 1810/5989 1833/5990 1834/5991
f 1810/5992 1834/5993 1809/5994
f 1809/5995 1834/5996 1835/5997
f 1809/5998 1835/5999 1808/6000
f 1808/6001 1835/6002 1836/6003
f 1808/6004 1836/6005 1807/6006
f 1807/6007 1836/6008 1837/6009
f 1807/6010 1837/6011 1806/6012
f 1806/6013 1837/6014 1838/6015
f 1806/6016 1838/6017 1805/6018
f 1789/6019 1822/6020 1820/6021
f 1820/6022 1822/6023 1823/6024
f 1820/6025 1823/6026 1819/6027
f 1819/6028 1823/6029 1824/6030
f 1819/6031 1824/6032 1818/6033
f 1818/6034 1824/6035 1825/6036
f 1818/6037 1825/6038 1817/6039
f 1817/6040 1825/6041 1826/6042
f 1817/6043 1826/6044 1816/6045
f 1816/6046 1826/6047 1827/6048
f 1816/6049 1827/6050 1815/6051
f 1815/6052 1827/6053 1828/6054
f 1815/6055 1828/6056 1814/6057
f 1814/6058 1828/6059 1829/6060
f 1814/6061 1829/6062 1813/6063
f 1771/6064 1772/6065 1769/6066
f 1769/6067 1772/6068 1773/6069
f 1769/6070 1773/6071 1768/6072
f 1768/6073 1773/6074 1774/6075
f 1768/6076 1774/6077 1767/6078
f 1767/6079 1774/6080 1775/6081
f 1767/6082 1775/6083 1766/6084
f 1766/6085 1775/6086 1776/6087
f 1766/6088 1776/6089 1765/6090
f 1765/6091 1776/6092 1777/6093
f 1765/6094 1777/6095 1764/6096
f 1764/6097 1777/6098 1778/6099
f 1764/6100 1778/6101 1763/6102
f 1763/6103 1778/6104 1779/6105
f 1763/6106 1779/6107 1762/6108
f 1762/6109 1779/6110 1780/6111
f 1762/6112 1780/6113 1761/6114
f 1761/6115 1780/6116 1781/6117
f 1761/6118 1781/6119 1760/6120
f 1760/6121 1781/6122 1782/6123
f 1760/6124 1782/6125 1759/6126
f 1759/6127 1782/6128 1783/6129
f 1759/6130 1783/6131 1758/6132
f 1758/6133 1783/6134 1784/6135
f 1758/6136 1784/6137 1757/6138
f 1757/6139 1784/6140 1785/6141
f 1757/6142 1785/6143 1756/6144
f 1756/6145 1785/6146 1786/6147
f 1756/6148 1786/6149 1755/6150
f 1755/6151 1786/6152 1787/6153
f 1755/6154 1787/6155 1754/6156
f 1754/6157 1787/6158 1788/6159
f 1754/6160 1788/6161 1753/6162
f 1753/6163 1788/6164 1751/6165
f 1753/6166 1751/6167 1752/6168
f 1714/6169 1715/6170 1750/6171
f 1750/6172 1715/6173 1716/6174
f 1750/6175 1716/6176 1749/6177
f 1749/6178 1716/6179 1717/6180
f 1749/6181 1717/6182 1748/6183
f 1748/6184 1717/6185 1718/6186
f 1748/6187 1718/6188 1747/6189
f 1747/6190 1718/6191 1719/6192
f 1747/6193 1719/6194 1746/6195
f 1746/6196 1719/6197 1720/6198
f 1746/6199 1720/6200 1745/6201
f 1745/6202 1720/6203 1721/6204
f 1745/6205 1721/6206 1744/6207
f 1744/6208 1721/6209 1722/6210
f 1744/6211 1722/6212 1743/6213
f 1743/6214 1722/6215 1723/6216
f 1743/6217 1723/6218 1742/6219
f 1742/6220 1723/6221 1724/6222
f 1742/6223 1724/6224 1741/6225
f 1741/6226 1724/6227 1725/6228
f 1741/6229 1725/6230 1740/6231
f 1740/6232 1725/6233 1726/6234
f 1740/6235 1726/6236 1739/6237
f 1739/6238 1726/6239 1727/6240
f 1739/6241 1727/6242 1738/6243
f 1738/6244 1727/6245 1728/6246
f 1738/6247 1728/6248 1737/6249
f 1737/6250 1728/6251 1729/6252
f 1737/6253 1729/6254 1736/6255
f 1736/6256 1729/6257 1730/6258
f 1736/6259 1730/6260 1735/6261
f 1735/6262 1730/6263 1731/6264
f 1735/6265 1731/6266 1734/6267
f 1734/6268 1731/6269 1732/6270
f 1734/6271 1732/6272 1733/6273
f 1991/6274 1992/6275 1941/6276
f 1941/6277 1992/6278 1993/6279
f 1941/6280 1993/6281 1940/6282
f 1940/6283 1993/6284 1994/6285
f 1940/6286 1994/6287 1939/6288
f 1939/6289 1994/6290 1995/6291
f 1939/6292 1995/6293 1938/6294
f 1938/6295 1995/6296 1996/6297
f 1938/6298 1996/6299 1937/6300
f 1937/6301 1996/6302 1997/6303
f 1937/6304 1997/6305 1936/6306
f 1936/6307 1997/6308 1998/6309
f 1936/6310 1998/6311 1935/6312
f 1935/6313 1998/6314 1999/6315
f 1935/6316 1999/6317 1934/6318
f 1934/6319 1999/6320 2000/6321
f 1934/6322 2000/6323 1933/6324
f 1933/6325 2000/6326 1965/6327
f 1933/6328 1965/6329 1966/6330
f 1982/6331 1983/6332 1949/6333
f 1949/6334 1983/6335 1984/6336
f 1949/6337 1984/6338 1948/6339
f 1948/6340 1984/6341 1985/6342
f 1948/6343 1985/6344 1947/6345
f 1947/6346 1985/6347 1986/6348
f 1947/6349 1986/6350 1946/6351
f 1946/6352 1986/6353 1987/6354
f 1946/6355 1987/6356 1945/6357
f 1945/6358 1987/6359 1988/6360
f 1945/6361 1988/6362 1944/6363
f 1944/6364 1988/6365 1989/6366
f 1944/6367 1989/6368 1943/6369
f 1943/6370 1989/6371 1990/6372
f 1943/6373 1990/6374 1942/6375
f 1942/6376 1990/6377 1991/6378
f 1942/6379 1991/6380 1941/6381
f 1973/6382 1974/6383 1957/6384
f 1957/6385 1974/6386 1975/6387
f 1957/6388 1975/6389 1956/6390
f 1956/6391 1975/6392 1976/6393
f 1956/6394 1976/6395 1955/6396
f 1955/6397 1976/6398 1977/6399
f 1955/6400 1977/6401 1954/6402
f 1954/6403 1977/6404 1978/6405
f 1954/6406 1978/6407 1953/6408
f 1953/6409 1978/6410 1979/6411
f 1953/6412 1979/6413 1952/6414
f 1952/6415 1979/6416 1980/6417
f 1952/6418 1980/6419 1951/6420
f 1951/6421 1980/6422 1981/6423
f 1951/6424 1981/6425 1950/6426
f 1950/6427 1981/6428 1982/6429
f 1950/6430 1982/6431 1949/6432
f 1933/6433 1966/6434 1964/6435
f 1964/6436 1966/6437 1967/6438
f 1964/6439 1967/6440 1963/6441
f 1963/6442 1967/6443 1968/6444
f 1963/6445 1968/6446 1962/6447
f 1962/6448 1968/6449 1969/6450
f 1962/6451 1969/6452 1961/6453
f 1961/6454 1969/6455 1970/6456
f 1961/6457 1970/6458 1960/6459
f 1960/6460 1970/6461 1971/6462
f 1960/6463 1971/6464 1959/6465
f 1959/6466 1971/6467 1972/6468
f 1959/6469 1972/6470 1958/6471
f 1958/6472 1972/6473 1973/6474
f 1958/6475 1973/6476 1957/6477
f 1858/6478 1859/6479 1894/6480
f 1894/6481 1859/6482 1860/6483
f 1894/6484 1860/6485 1893/6486
f 1893/6487 1860/6488 1861/6489
f 1893/6490 1861/6491 1892/6492
f 1892/6493 1861/6494 1862/6495
f 1892/6496 1862/6497 1891/6498
f 1891/6499 1862/6500 1863/6501
f 1891/6502 1863/6503 1890/6504
f 1890/6505 1863/6506 1864/6507
f 1890/6508 1864/6509 1889/6510
f 1889/6511 1864/6512 1865/6513
f 1889/6514 1865/6515 1888/6516
f 1888/6517 1865/6518 1866/6519
f 1888/6520 1866/6521 1887/6522
f 1887/6523 1866/6524 1867/6525
f 1887/6526 1867/6527 1886/6528
f 1886/6529 1867/6530 1868/6531
f 1886/6532 1868/6533 1885/6534
f 1885/6535 1868/6536 1869/6537
f 1885/6538 1869/6539 1884/6540
f 1884/6541 1869/6542 1870/6543
f 1884/6544 1870/6545 1883/6546
f 1883/6547 1870/6548 1871/6549
f 1883/6550 1871/6551 1882/6552
f 1882/6553 1871/6554 1872/6555
f 1882/6556 1872/6557 1881/6558
f 1881/6559 1872/6560 1873/6561
f 1881/6562 1873/6563 1880/6564
f 1880/6565 1873/6566 1874/6567
f 1880/6568 1874/6569 1879/6570
f 1879/6571 1874/6572 1875/6573
f 1879/6574 1875/6575 1878/6576
f 1878/6577 1875/6578 1876/6579
f 1878/6580 1876/6581 1877/6582
f 1915/6583 1916/6584 1913/6585
f 1913/6586 1916/6587 1917/6588
f 1913/6589 1917/6590 1912/6591
f 1912/6592 1917/6593 1918/6594
f 1912/6595 1918/6596 1911/6597
f 1911/6598 1918/6599 1919/6600
f 1911/6601 1919/6602 1910/6603
f 1910/6604 1919/6605 1920/6606
f 1910/6607 1920/6608 1909/6609
f 1909/6610 1920/6611 1921/6612
f 1909/6613 1921/6614 1908/6615
f 1908/6616 1921/6617 1922/6618
f 1908/6619 1922/6620 1907/6621
f 1907/6622 1922/6623 1923/6624
f 1907/6625 1923/6626 1906/6627
f 1906/6628 1923/6629 1924/6630
f 1906/6631 1924/6632 1905/6633
f 1905/6634 1924/6635 1925/6636
f 1905/6637 1925/6638 1904/6639
f 1904/6640 1925/6641 1926/6642
f 1904/6643 1926/6644 1903/6645
f 1903/6646 1926/6647 1927/6648
f 1903/6649 1927/6650 1902/6651
f 1902/6652 1927/6653 1928/6654
f 1902/6655 1928/6656 1901/6657
f 1901/6658 1928/6659 1929/6660
f 1901/6661 1929/6662 1900/6663
f 1900/6664 1929/6665 1930/6666
f 1900/6667 1930/6668 1899/6669
f 1899/6670 1930/6671 1931/6672
f 1899/6673 1931/6674 1898/6675
f 1898/6676 1931/6677 1932/6678
f 1898/6679 1932/6680 1897/6681
f 1897/6682 1932/6683 1895/6684
f 1897/6685 1895/6686 1896/6687
f 1627/6688 1628/6689 1625/6690
f 1625/6691 1628/6692 1629/6693
f 1625/6694 1629/6695 1624/6696
f 1624/6697 1629/6698 1630/6699
f 1624/6700 1630/6701 1623/6702
f 1623/6703 1630/6704 1631/6705
f 1623/6706 1631/6707 1622/6708
f 1622/6709 1631/6710 1632/6711
f 1622/6712 1632/6713 1621/6714
f 1621/6715 1632/6716 1633/6717
f 1621/6718 1633/6719 1620/6720
f 1620/6721 1633/6722 1634/6723
f 1620/6724 1634/6725 1619/6726
f 1619/6727 1634/6728 1635/6729
f 1619/6730 1635/6731 1618/6732
f 1618/6733 1635/6734 1636/6735
f 1618/6736 1636/6737 1617/6738
f 1617/6739 1636/6740 1637/6741
f 1617/6742 1637/6743 1616/6744
f 1616/6745 1637/6746 1638/6747
f 1616/6748 1638/6749 1615/6750
f 1615/6751 1638/6752 1639/6753
f 1615/6754 1639/6755 1614/6756
f 1614/6757 1639/6758 1640/6759
f 1614/6760 1640/6761 1613/6762
f 1613/6763 1640/6764 1641/6765
f 1613/6766 1641/6767 1612/6768
f 1612/6769 1641/6770 1642/6771
f 1612/6772 1642/6773 1611/6774
f 1611/6775 1642/6776 1643/6777
f 1611/6778 1643/6779 1610/6780
f 1610/6781 1643/6782 1644/6783
f 1610/6784 1644/6785 1609/6786
f 1609/6787 1644/6788 1607/6789
f 1609/6790 1607/6791 1608/6792
f 1694/6793 1695/6794 1661/6795
f 1661/6796 1695/6797 1696/6798
f 1661/6799 1696/6800 1660/6801
f 1660/6802 1696/6803 1697/6804
f 1660/6805 1697/6806 1659/6807
f 1659/6808 1697/6809 1698/6810
f 1659/6811 1698/6812 1658/6813
f 1658/6814 1698/6815 1699/6816
f 1658/6817 1699/6818 1657/6819
f 1657/6820 1699/6821 1700/6822
f 1657/6823 1700/6824 1656/6825
f 1656/6826 1700/6827 1701/6828
f 1656/6829 1701/6830 1655/6831
f 1655/6832 1701/6833 1702/6834
f 1655/6835 1702/6836 1654/6837
f 1654/6838 1702/6839 1703/6840
f 1654/6841 1703/6842 1653/6843
f 1653/6844 1703/6845 1704/6846
f 1653/6847 1704/6848 1705/6849
f 1653/6850 1705/6851 1652/6852
f 1652/6853 1705/6854 1706/6855
f 1652/6856 1706/6857 1651/6858
f 1651/6859 1706/6860 1707/6861
f 1651/6862 1707/6863 1650/6864
f 1650/6865 1707/6866 1708/6867
f 1650/6868 1708/6869 1649/6870
f 1649/6871 1708/6872 1709/6873
f 1649/6874 1709/6875 1648/6876
f 1648/6877 1709/6878 1710/6879
f 1648/6880 1710/6881 1647/6882
f 1647/6883 1710/6884 1711/6885
f 1647/6886 1711/6887 1646/6888
f 1646/6889 1711/6890 1712/6891
f 1646/6892 1712/6893 1645/6894
f 1645/6895 1712/6896 1677/6897
f 1645/6898 1677/6899 1678/6900
f 1645/6901 1678/6902 1676/6903
f 1676/6904 1678/6905 1679/6906
f 1676/6907 1679/6908 1675/6909
f 1675/6910 1679/6911 1680/6912
f 1675/6913 1680/6914 1674/6915
f 1674/6916 1680/6917 1681/6918
f 1674/6919 1681/6920 1673/6921
f 1673/6922 1681/6923 1682/6924
f 1673/6925 1682/6926 1672/6927
f 1672/6928 1682/6929 1683/6930
f 1672/6931 1683/6932 1671/6933
f 1671/6934 1683/6935 1684/6936
f 1671/6937 1684/6938 1670/6939
f 1670/6940 1684/6941 1685/6942
f 1670/6943 1685/6944 1669/6945
f 1669/6946 1685/6947 1686/6948
f 1669/6949 1686/6950 1687/6951
f 1669/6952 1687/6953 1668/6954
f 1668/6955 1687/6956 1688/6957
f 1668/6958 1688/6959 1667/6960
f 1667/6961 1688/6962 1689/6963
f 1667/6964 1689/6965 1666/6966
f 1666/6967 1689/6968 1690/6969
f 1666/6970 1690/6971 1665/6972
f 1665/6973 1690/6974 1691/6975
f 1665/6976 1691/6977 1664/6978
f 1664/6979 1691/6980 1692/6981
f 1664/6982 1692/6983 1663/6984
f 1663/6985 1692/6986 1693/6987
f 1663/6988 1693/6989 1662/6990
f 1662/6991 1693/6992 1694/6993
f 1662/6994 1694/6995 1661/6996
f 1550/6997 1551/6998 1517/6999
f 1517/7000 1551/7001 1552/7002
f 1517/7003 1552/7004 1516/7005
f 1516/7006 1552/7007 1553/7008
f 1516/7009 1553/7010 1515/7011
f 1515/7012 1553/7013 1554/7014
f 1515/7015 1554/7016 1514/7017
f 1514/7018 1554/7019 1555/7020
f 1514/7021 1555/7022 1513/7023
f 1513/7024 1555/7025 1556/7026
f 1513/7027 1556/7028 1512/7029
f 1512/7030 1556/7031 1557/7032
f 1512/7033 1557/7034 1511/7035
f 1511/7036 1557/7037 1558/7038
f 1511/7039 1558/7040 1510/7041
f 1510/7042 1558/7043 1559/7044
f 1510/7045 1559/7046 1509/7047
f 1509/7048 1559/7049 1560/7050
f 1509/7051 1560/7052 1561/7053
f 1509/7054 1561/7055 1508/7056
f 1508/7057 1561/7058 1562/7059
f 1508/7060 1562/7061 1507/7062
f 1507/7063 1562/7064 1563/7065
f 1507/7066 1563/7067 1506/7068
f 1506/7069 1563/7070 1564/7071
f 1506/7072 1564/7073 1505/7074
f 1505/7075 1564/7076 1565/7077
f 1505/7078 1565/7079 1504/7080
f 1504/7081 1565/7082 1566/7083
f 1504/7084 1566/7085 1503/7086
f 1503/7087 1566/7088 1567/7089
f 1503/7090 1567/7091 1502/7092
f 1502/7093 1567/7094 1568/7095
f 1502/7096 1568/7097 1501/7098
f 1501/7099 1568/7100 1533/7101
f 1501/7102 1533/7103 1534/7104
f 1501/7105 1534/7106 1532/7107
f 1532/7108 1534/7109 1535/7110
f 1532/7111 1535/7112 1531/7113
f 1531/7114 1535/7115 1536/7116
f 1531/7117 1536/7118 1530/7119
f 1530/7120 1536/7121 1537/7122
f 1530/7123 1537/7124 1529/7125
f 1529/7126 1537/7127 1538/7128
f 1529/7129 1538/7130 1528/7131
f 1528/7132 1538/7133 1539/7134
f 1528/7135 1539/7136 1527/7137
f 1527/7138 1539/7139 1540/7140
f 1527/7141 1540/7142 1526/7143
f 1526/7144 1540/7145 1541/7146
f 1526/7147 1541/7148 1525/7149
f 1525/7150 1541/7151 1542/7152
f 1525/7153 1542/7154 1543/7155
f 1525/7156 1543/7157 1524/7158
f 1524/7159 1543/7160 1544/7161
f 1524/7162 1544/7163 1523/7164
f 1523/7165 1544/7166 1545/7167
f 1523/7168 1545/7169 1522/7170
f 1522/7171 1545/7172 1546/7173
f 1522/7174 1546/7175 1521/7176
f 1521/7177 1546/7178 1547/7179
f 1521/7180 1547/7181 1520/7182
f 1520/7183 1547/7184 1548/7185
f 1520/7186 1548/7187 1519/7188
f 1519/7189 1548/7190 1549/7191
f 1519/7192 1549/7193 1518/7194
f 1518/7195 1549/7196 1550/7197
f 1518/7198 1550/7199 1517/7200
f 1570/7201 1571/7202 1606/7203
f 1606/7204 1571/7205 1572/7206
f 1606/7207 1572/7208 1605/7209
f 1605/7210 1572/7211 1573/7212
f 1605/7213 1573/7214 1604/7215
f 1604/7216 1573/7217 1574/7218
f 1604/7219 1574/7220 1603/7221
f 1603/7222 1574/7223 1575/7224
f 1603/7225 1575/7226 1602/7227
f 1602/7228 1575/7229 1576/7230
f 1602/7231 1576/7232 1601/7233
f 1601/7234 1576/7235 1577/7236
f 1601/7237 1577/7238 1600/7239
f 1600/7240 1577/7241 1578/7242
f 1600/7243 1578/7244 1599/7245
f 1599/7246 1578/7247 1579/7248
f 1599/7249 1579/7250 1598/7251
f 1598/7252 1579/7253 1580/7254
f 1598/7255 1580/7256 1597/7257
f 1597/7258 1580/7259 1581/7260
f 1597/7261 1581/7262 1596/7263
f 1596/7264 1581/7265 1582/7266
f 1596/7267 1582/7268 1595/7269
f 1595/7270 1582/7271 1583/7272
f 1595/7273 1583/7274 1594/7275
f 1594/7276 1583/7277 1584/7278
f 1594/7279 1584/7280 1593/7281
f 1593/7282 1584/7283 1585/7284
f 1593/7285 1585/7286 1592/7287
f 1592/7288 1585/7289 1586/7290
f 1592/7291 1586/7292 1591/7293
f 1591/7294 1586/7295 1587/7296
f 1591/7297 1587/7298 1590/7299
f 1590/7300 1587/7301 1588/7302
f 1590/7303 1588/7304 1589/7305
f 2261/7306 2262/7307 2245/7308
f 2245/7309 2262/7310 2263/7311
f 2245/7312 2263/7313 2244/7314
f 2244/7315 2263/7316 2264/7317
f 2244/7318 2264/7319 2243/7320
f 2243/7321 2264/7322 2265/7323
f 2243/7324 2265/7325 2242/7326
f 2242/7327 2265/7328 2266/7329
f 2242/7330 2266/7331 2241/7332
f 2241/7333 2266/7334 2267/7335
f 2241/7336 2267/7337 2240/7338
f 2240/7339 2267/7340 2268/7341
f 2240/7342 2268/7343 2239/7344
f 2239/7345 2268/7346 2269/7347
f 2239/7348 2269/7349 2238/7350
f 2238/7351 2269/7352 2270/7353
f 2238/7354 2270/7355 2237/7356
f 1423/7357 1424/7358 1406/7359
f 1406/7360 1424/7361 1405/7362
f 1424/7363 1425/7364 1405/7365
f 1405/7366 1425/7367 1404/7368
f 1500/7369 1465/7370 1433/7371
f 1433/7372 1465/7373 1466/7374
f 1433/7375 1466/7376 1464/7377
f 1464/7378 1466/7379 1467/7380
f 1464/7381 1467/7382 1463/7383
f 1463/7384 1467/7385 1468/7386
f 1463/7387 1468/7388 1462/7389
f 1462/7390 1468/7391 1469/7392
f 1462/7393 1469/7394 1461/7395
f 1461/7396 1469/7397 1470/7398
f 1461/7399 1470/7400 1460/7401
f 1460/7402 1470/7403 1471/7404
f 1460/7405 1471/7406 1459/7407
f 1459/7408 1471/7409 1472/7410
f 1459/7411 1472/7412 1458/7413
f 1458/7414 1472/7415 1473/7416
f 1458/7417 1473/7418 1457/7419
f 1457/7420 1473/7421 1474/7422
f 1457/7423 1474/7424 1475/7425
f 1491/7426 1492/7427 1441/7428
f 1441/7429 1492/7430 1493/7431
f 1441/7432 1493/7433 1440/7434
f 1440/7435 1493/7436 1494/7437
f 1440/7438 1494/7439 1439/7440
f 1439/7441 1494/7442 1495/7443
f 1439/7444 1495/7445 1438/7446
f 1438/7447 1495/7448 1496/7449
f 1438/7450 1496/7451 1437/7452
f 1437/7453 1496/7454 1497/7455
f 1437/7456 1497/7457 1436/7458
f 1436/7459 1497/7460 1498/7461
f 1436/7462 1498/7463 1435/7464
f 1435/7465 1498/7466 1499/7467
f 1435/7468 1499/7469 1434/7470
f 1434/7471 1499/7472 1500/7473
f 1434/7474 1500/7475 1433/7476
f 1376/7477 1378/7478 1375/7479
f 1375/7480 1378/7481 1379/7482
f 1375/7483 1379/7484 1374/7485
f 1374/7486 1379/7487 1380/7488
f 1374/7489 1380/7490 1373/7491
f 1373/7492 1380/7493 1381/7494
f 1373/7495 1381/7496 1372/7497
f 1372/7498 1381/7499 1382/7500
f 1372/7501 1382/7502 1371/7503
f 1371/7504 1382/7505 1383/7506
f 1371/7507 1383/7508 1370/7509
f 1370/7510 1383/7511 1384/7512
f 1370/7513 1384/7514 1369/7515
f 1369/7516 1384/7517 1385/7518
f 1369/7519 1385/7520 1368/7521
f 1368/7522 1385/7523 1386/7524
f 1368/7525 1386/7526 1367/7527
f 1367/7528 1386/7529 1387/7530
f 1367/7531 1387/7532 1366/7533
f 1395/7534 1397/7535 1432/7536
f 1432/7537 1397/7538 1398/7539
f 1432/7540 1398/7541 1431/7542
f 1431/7543 1398/7544 1399/7545
f 1431/7546 1399/7547 1430/7548
f 1430/7549 1399/7550 1400/7551
f 1430/7552 1400/7553 1429/7554
f 1429/7555 1400/7556 1401/7557
f 1429/7558 1401/7559 1428/7560
f 1428/7561 1401/7562 1402/7563
f 1428/7564 1402/7565 1427/7566
f 1427/7567 1402/7568 1403/7569
f 1427/7570 1403/7571 1426/7572
f 1426/7573 1403/7574 1404/7575
f 1426/7576 1404/7577 1425/7578
f 2002/7579 2003/7580 2001/7581
f 2059/7582 2057/7583 2058/7584
f 2146/7585 2182/7586 2145/7587
f 2203/7588 2201/7589 2202/7590
f 2228/7591 2229/7592 2281/7593
f 1771/7594 1769/7595 1770/7596
f 1858/7597 1894/7598 1857/7599
f 1915/7600 1913/7601 1914/7602
f 1627/7603 1625/7604 1626/7605
f 1714/7606 1750/7607 1713/7608
f 1570/7609 1606/7610 1569/7611
f 1456/7612 1457/7613 1475/7614
f 1396/7615 1397/7616 1395/7617
f 1377/7618 1378/7619 1376/7620
f 2245/7621 2246/7622 2261/7623
f 1441/7624 1442/7625 1491/7626
usemtl f2_2
f 3268/7627 3270/7628 3267/7629
f 3267/7630 3270/7631 3271/7632
f 3267/7633 3271/7634 3266/7635
f 3266/7636 3271/7637 3272/7638
f 3266/7639 3272/7640 3265/7641
f 3265/7642 3272/7643 3273/7644
f 3265/7645 3273/7646 3264/7647
f 3264/7648 3273/7649 3274/7650
f 3264/7651 3274/7652 3263/7653
f 3263/7654 3274/7655 3275/7656
f 3263/7657 3275/7658 3262/7659
f 3262/7660 3275/7661 3276/7662
f 3262/7663 3276/7664 3261/7665
f 3261/7666 3276/7667 3277/7668
f 3261/7669 3277/7670 3260/7671
f 3260/7672 3277/7673 3278/7674
f 3260/7675 3278/7676 3259/7677
f 3259/7678 3278/7679 3279/7680
f 3259/7681 3279/7682 3258/7683
f 3258/7684 3279/7685 3280/7686
f 3258/7687 3280/7688 3257/7689
f 3257/7690 3280/7691 3281/7692
f 3257/7693 3281/7694 3256/7695
f 3256/7696 3281/7697 3282/7698
f 3256/7699 3282/7700 3255/7701
f 3255/7702 3282/7703 3283/7704
f 3255/7705 3283/7706 3254/7707
f 3254/7708 3283/7709 3284/7710
f 3254/7711 3284/7712 3253/7713
f 3253/7714 3284/7715 3251/7716
f 3253/7717 3251/7718 3252/7719
f 2880/7720 2881/7721 3076/7722
f 3027/7723 3042/7724 3043/7725
f 3065/7726 3066/7727 3211/7728
f 3100/7729 3101/7730 3218/7731
f 3195/7732 2912/7733 3194/7734
f 3069/7735 2895/7736 3068/7737
f 3540/7738 3541/7739 3539/7740
f 3122/7741 3123/7742 2920/7743
f 3165/7744 2916/7745 2917/7746
f 2873/7747 3214/7748 3215/7749
f 3021/7750 2900/7751 2901/7752
f 2972/7753 2906/7754 2971/7755
f 3116/7756 2890/7757 3115/7758
f 3242/7759 2980/7760 2981/7761
f 2970/7762 3239/7763 2969/7764
f 3579/7765 3580/7766 3578/7767
f 3385/7768 3386/7769 3384/7770
f 3408/7771 3440/7772 3407/7773
f 2870/7774 3215/7775 3111/7776
f 3459/7777 3457/7778 3458/7779
f 3029/7780 3249/7781 3028/7782
f 3496/7783 3497/7784 3495/7785
f 3151/7786 3224/7787 3150/7788
f 3221/7789 3124/7790 3125/7791
f 3162/7792 3163/7793 3147/7794
f 3342/7795 3343/7796 3341/7797
f 3303/7798 3304/7799 3302/7800
f 3269/7801 3270/7802 3268/7803
f 2910/7804 2929/7805 2909/7806
f 2909/7807 2929/7808 2930/7809
f 3049/7810 2896/7811 3048/7812
f 3048/7813 2896/7814 2897/7815
f 2889/7816 3120/7817 2920/7818
f 2920/7819 3120/7820 3121/7821
f 2920/7822 3121/7823 3122/7824
f 3076/7825 2881/7826 3075/7827
f 3075/7828 2881/7829 2882/7830
f 3075/7831 2882/7832 3074/7833
f 3074/7834 2882/7835 2883/7836
f 3074/7837 2883/7838 3073/7839
f 3073/7840 2883/7841 2884/7842
f 3073/7843 2884/7844 2894/7845
f 2894/7846 2884/7847 2885/7848
f 2894/7849 2885/7850 2893/7851
f 3171/7852 2914/7853 3170/7854
f 3170/7855 2914/7856 2915/7857
f 3170/7858 2915/7859 3169/7860
f 3213/7861 3214/7862 2877/7863
f 2877/7864 3214/7865 2876/7866
f 2905/7867 2976/7868 2904/7869
f 2904/7870 2976/7871 2977/7872
f 2952/7873 2907/7874 2951/7875
f 2951/7876 2907/7877 2908/7878
f 2898/7879 2899/7880 3026/7881
f 3026/7882 2899/7883 3025/7884
f 3232/7885 3233/7886 2943/7887
f 2943/7888 3233/7889 2942/7890
f 3233/7891 3234/7892 2939/7893
f 2939/7894 3234/7895 2938/7896
f 3067/7897 3068/7898 2896/7899
f 2896/7900 3068/7901 2895/7902
f 3069/7903 3070/7904 2895/7905
f 2895/7906 3070/7907 3071/7908
f 2895/7909 3071/7910 2894/7911
f 2894/7912 3071/7913 3072/7914
f 2894/7915 3072/7916 3073/7917
f 2943/7918 2944/7919 3232/7920
f 3232/7921 2944/7922 2921/7923
f 3232/7924 2921/7925 2922/7926
f 3076/7927 3077/7928 2880/7929
f 2880/7930 3077/7931 3078/7932
f 2880/7933 3078/7934 2879/7935
f 2879/7936 3078/7937 3079/7938
f 2879/7939 3079/7940 2878/7941
f 2867/7942 3091/7943 2866/7944
f 2866/7945 3091/7946 3092/7947
f 2866/7948 3092/7949 2865/7950
f 2865/7951 3092/7952 3093/7953
f 2865/7954 3093/7955 2888/7956
f 2888/7957 3093/7958 2892/7959
f 2888/7960 2892/7961 2887/7962
f 2887/7963 2892/7964 2893/7965
f 2887/7966 2893/7967 2886/7968
f 2886/7969 2893/7970 2885/7971
f 2918/7972 3145/7973 2917/7974
f 2917/7975 3145/7976 3146/7977
f 2917/7978 3146/7979 3147/7980
f 3141/7981 2919/7982 3140/7983
f 3140/7984 2919/7985 2920/7986
f 3140/7987 2920/7988 3139/7989
f 3139/7990 2920/7991 3123/7992
f 3139/7993 3123/7994 3138/7995
f 3190/7996 3191/7997 2913/7998
f 2913/7999 3191/8000 3192/8001
f 2913/8002 3192/8003 2912/8004
f 2912/8005 3192/8006 3193/8007
f 2912/8008 3193/8009 3194/8010
f 3165/8011 3166/8012 2916/8013
f 2916/8014 3166/8015 3167/8016
f 2916/8017 3167/8018 2915/8019
f 2915/8020 3167/8021 3168/8022
f 2915/8023 3168/8024 3169/8025
f 2870/8026 3111/8027 2869/8028
f 2869/8029 3111/8030 3112/8031
f 2869/8032 3112/8033 2868/8034
f 2868/8035 3112/8036 3089/8037
f 2868/8038 3089/8039 2867/8040
f 2867/8041 3089/8042 3090/8043
f 2867/8044 3090/8045 3091/8046
f 3141/8047 3142/8048 2919/8049
f 2919/8050 3142/8051 3143/8052
f 2919/8053 3143/8054 2918/8055
f 2918/8056 3143/8057 3144/8058
f 2918/8059 3144/8060 3145/8061
f 3189/8062 3190/8063 2914/8064
f 2914/8065 3190/8066 2913/8067
f 2947/8068 2909/8069 2931/8070
f 2931/8071 2909/8072 2930/8073
f 2925/8074 2911/8075 2924/8076
f 2924/8077 2911/8078 2912/8079
f 2924/8080 2912/8081 2923/8082
f 2923/8083 2912/8084 3195/8085
f 2923/8086 3195/8087 3196/8088
f 2925/8089 2926/8090 2911/8091
f 2911/8092 2926/8093 2927/8094
f 2911/8095 2927/8096 2910/8097
f 2910/8098 2927/8099 2928/8100
f 2910/8101 2928/8102 2929/8103
f 2873/8104 2874/8105 3214/8106
f 3214/8107 2874/8108 2875/8109
f 3214/8110 2875/8111 2876/8112
f 2870/8113 2871/8114 3215/8115
f 3215/8116 2871/8117 2872/8118
f 3215/8119 2872/8120 2873/8121
f 2902/8122 3001/8123 2901/8124
f 2901/8125 3001/8126 3002/8127
f 2901/8128 3002/8129 3003/8130
f 2997/8131 2903/8132 2996/8133
f 2996/8134 2903/8135 2904/8136
f 2996/8137 2904/8138 2995/8139
f 2997/8140 2998/8141 2903/8142
f 2903/8143 2998/8144 2999/8145
f 2903/8146 2999/8147 2902/8148
f 2902/8149 2999/8150 3000/8151
f 2902/8152 3000/8153 3001/8154
f 2977/8155 2978/8156 2904/8157
f 2904/8158 2978/8159 2979/8160
f 2904/8161 2979/8162 2995/8163
f 2995/8164 2979/8165 2994/8166
f 3552/8167 3530/8168 3551/8169
f 3551/8170 3530/8171 3531/8172
f 3551/8173 3531/8174 3550/8175
f 3550/8176 3531/8177 3532/8178
f 3550/8179 3532/8180 3549/8181
f 3549/8182 3532/8183 3533/8184
f 3549/8185 3533/8186 3548/8187
f 3548/8188 3533/8189 3534/8190
f 3548/8191 3534/8192 3547/8193
f 3547/8194 3534/8195 3535/8196
f 3547/8197 3535/8198 3546/8199
f 3546/8200 3535/8201 3536/8202
f 3546/8203 3536/8204 3545/8205
f 3545/8206 3536/8207 3537/8208
f 3545/8209 3537/8210 3544/8211
f 3544/8212 3537/8213 3538/8214
f 3544/8215 3538/8216 3543/8217
f 3543/8218 3538/8219 3539/8220
f 3543/8221 3539/8222 3542/8223
f 3542/8224 3539/8225 3541/8226
f 2952/8227 2953/8228 2907/8229
f 2907/8230 2953/8231 2954/8232
f 2907/8233 2954/8234 2906/8235
f 2906/8236 2954/8237 2955/8238
f 2906/8239 2955/8240 2971/8241
f 2971/8242 2955/8243 2956/8244
f 3021/8245 3022/8246 2900/8247
f 2900/8248 3022/8249 3023/8250
f 2900/8251 3023/8252 2899/8253
f 2899/8254 3023/8255 3024/8256
f 2899/8257 3024/8258 3025/8259
f 3096/8260 2891/8261 3095/8262
f 3095/8263 2891/8264 2892/8265
f 3095/8266 2892/8267 3094/8268
f 3094/8269 2892/8270 3093/8271
f 3026/8272 3027/8273 2898/8274
f 2898/8275 3027/8276 3043/8277
f 2898/8278 3043/8279 3044/8280
f 2972/8281 2973/8282 2906/8283
f 2906/8284 2973/8285 2974/8286
f 2906/8287 2974/8288 2905/8289
f 2905/8290 2974/8291 2975/8292
f 2905/8293 2975/8294 2976/8295
f 3044/8296 3045/8297 2898/8298
f 2898/8299 3045/8300 3046/8301
f 2898/8302 3046/8303 2897/8304
f 2897/8305 3046/8306 3047/8307
f 2897/8308 3047/8309 3048/8310
f 3116/8311 3117/8312 2890/8313
f 2890/8314 3117/8315 3118/8316
f 2890/8317 3118/8318 2889/8319
f 2889/8320 3118/8321 3119/8322
f 2889/8323 3119/8324 3120/8325
f 2947/8326 2948/8327 2909/8328
f 2909/8329 2948/8330 2949/8331
f 2909/8332 2949/8333 2908/8334
f 2908/8335 2949/8336 2950/8337
f 2908/8338 2950/8339 2951/8340
f 3562/8341 3519/8342 3561/8343
f 3561/8344 3519/8345 3520/8346
f 3561/8347 3520/8348 3560/8349
f 3560/8350 3520/8351 3521/8352
f 3560/8353 3521/8354 3559/8355
f 3559/8356 3521/8357 3522/8358
f 3559/8359 3522/8360 3558/8361
f 3558/8362 3522/8363 3523/8364
f 3558/8365 3523/8366 3557/8367
f 3557/8368 3523/8369 3524/8370
f 3557/8371 3524/8372 3556/8373
f 3556/8374 3524/8375 3525/8376
f 3556/8377 3525/8378 3555/8379
f 3555/8380 3525/8381 3526/8382
f 3555/8383 3526/8384 3554/8385
f 3554/8386 3526/8387 3527/8388
f 3554/8389 3527/8390 3553/8391
f 3553/8392 3527/8393 3528/8394
f 3553/8395 3528/8396 3552/8397
f 3552/8398 3528/8399 3529/8400
f 3552/8401 3529/8402 3530/8403
f 2989/8404 2990/8405 3240/8406
f 3240/8407 2990/8408 2991/8409
f 3240/8410 2991/8411 3239/8412
f 3239/8413 2991/8414 2992/8415
f 3239/8416 2992/8417 2969/8418
f 2985/8419 2986/8420 3241/8421
f 3241/8422 2986/8423 2987/8424
f 3241/8425 2987/8426 3240/8427
f 3240/8428 2987/8429 2988/8430
f 3240/8431 2988/8432 2989/8433
f 2981/8434 2982/8435 3242/8436
f 3242/8437 2982/8438 2983/8439
f 3242/8440 2983/8441 3241/8442
f 3241/8443 2983/8444 2984/8445
f 3241/8446 2984/8447 2985/8448
f 2946/8449 2947/8450 2932/8451
f 2932/8452 2947/8453 2931/8454
f 3238/8455 2961/8456 3237/8457
f 3237/8458 2961/8459 2962/8460
f 3237/8461 2962/8462 2963/8463
f 2963/8464 2964/8465 3237/8466
f 3237/8467 2964/8468 2965/8469
f 3237/8470 2965/8471 3236/8472
f 3236/8473 2965/8474 2966/8475
f 3236/8476 2966/8477 2967/8478
f 2958/8479 2959/8480 3238/8481
f 3238/8482 2959/8483 2960/8484
f 3238/8485 2960/8486 2961/8487
f 3605/8488 3606/8489 3604/8490
f 3604/8491 3606/8492 3607/8493
f 3604/8494 3607/8495 3603/8496
f 3603/8497 3607/8498 3608/8499
f 3603/8500 3608/8501 3602/8502
f 3602/8503 3608/8504 3609/8505
f 3602/8506 3609/8507 3601/8508
f 3601/8509 3609/8510 3610/8511
f 3601/8512 3610/8513 3600/8514
f 3600/8515 3610/8516 3611/8517
f 3600/8518 3611/8519 3599/8520
f 3599/8521 3611/8522 3612/8523
f 3599/8524 3612/8525 3598/8526
f 3598/8527 3612/8528 3613/8529
f 3598/8530 3613/8531 3597/8532
f 3597/8533 3613/8534 3614/8535
f 3597/8536 3614/8537 3596/8538
f 3596/8539 3614/8540 3615/8541
f 3596/8542 3615/8543 3595/8544
f 3595/8545 3615/8546 3616/8547
f 3595/8548 3616/8549 3636/8550
f 3636/8551 3616/8552 3617/8553
f 3636/8554 3617/8555 3635/8556
f 3635/8557 3617/8558 3618/8559
f 3635/8560 3618/8561 3634/8562
f 3634/8563 3618/8564 3619/8565
f 3634/8566 3619/8567 3633/8568
f 3633/8569 3619/8570 3620/8571
f 3633/8572 3620/8573 3632/8574
f 3632/8575 3620/8576 3621/8577
f 3632/8578 3621/8579 3631/8580
f 3631/8581 3621/8582 3622/8583
f 3631/8584 3622/8585 3630/8586
f 3630/8587 3622/8588 3623/8589
f 3630/8590 3623/8591 3629/8592
f 3629/8593 3623/8594 3624/8595
f 3629/8596 3624/8597 3628/8598
f 3628/8599 3624/8600 3625/8601
f 3628/8602 3625/8603 3627/8604
f 3627/8605 3625/8606 3626/8607
f 2958/8608 3238/8609 2957/8610
f 2957/8611 3238/8612 3239/8613
f 2957/8614 3239/8615 2956/8616
f 2956/8617 3239/8618 2970/8619
f 2956/8620 2970/8621 2971/8622
f 2967/8623 2968/8624 3236/8625
f 3236/8626 2968/8627 2945/8628
f 3236/8629 2945/8630 3235/8631
f 3571/8632 3572/8633 3570/8634
f 3570/8635 3572/8636 3573/8637
f 3570/8638 3573/8639 3569/8640
f 3569/8641 3573/8642 3574/8643
f 3569/8644 3574/8645 3568/8646
f 3568/8647 3574/8648 3575/8649
f 3568/8650 3575/8651 3567/8652
f 3567/8653 3575/8654 3576/8655
f 3567/8656 3576/8657 3566/8658
f 3566/8659 3576/8660 3577/8661
f 3566/8662 3577/8663 3565/8664
f 3565/8665 3577/8666 3578/8667
f 2933/8668 2934/8669 3235/8670
f 3235/8671 2934/8672 2935/8673
f 3235/8674 2935/8675 3234/8676
f 2945/8677 2946/8678 3235/8679
f 3235/8680 2946/8681 2932/8682
f 3235/8683 2932/8684 2933/8685
f 2939/8686 2940/8687 3233/8688
f 3233/8689 2940/8690 2941/8691
f 3233/8692 2941/8693 2942/8694
f 3587/8695 3588/8696 3586/8697
f 3586/8698 3588/8699 3589/8700
f 3586/8701 3589/8702 3585/8703
f 3585/8704 3589/8705 3590/8706
f 3585/8707 3590/8708 3584/8709
f 3584/8710 3590/8711 3591/8712
f 3584/8713 3591/8714 3583/8715
f 3583/8716 3591/8717 3592/8718
f 3583/8719 3592/8720 3582/8721
f 3582/8722 3592/8723 3593/8724
f 3582/8725 3593/8726 3581/8727
f 3581/8728 3593/8729 3594/8730
f 3581/8731 3594/8732 3580/8733
f 3580/8734 3594/8735 3563/8736
f 3580/8737 3563/8738 3578/8739
f 3578/8740 3563/8741 3564/8742
f 3578/8743 3564/8744 3565/8745
f 2935/8746 2936/8747 3234/8748
f 3234/8749 2936/8750 2937/8751
f 3234/8752 2937/8753 2938/8754
f 3210/8755 3057/8756 3209/8757
f 3209/8758 3057/8759 3058/8760
f 3209/8761 3058/8762 3059/8763
f 3052/8764 3067/8765 3051/8766
f 3051/8767 3067/8768 2896/8769
f 3051/8770 2896/8771 3050/8772
f 3050/8773 2896/8774 3049/8775
f 3059/8776 3060/8777 3209/8778
f 3209/8779 3060/8780 3061/8781
f 3209/8782 3061/8783 3250/8784
f 3250/8785 3061/8786 3062/8787
f 3250/8788 3062/8789 3063/8790
f 2877/8791 2878/8792 3213/8793
f 3213/8794 2878/8795 3079/8796
f 3213/8797 3079/8798 3080/8799
f 3085/8800 3086/8801 3212/8802
f 3212/8803 3086/8804 3087/8805
f 3212/8806 3087/8807 3211/8808
f 3211/8809 3087/8810 3088/8811
f 3211/8812 3088/8813 3065/8814
f 3213/8815 3083/8816 3212/8817
f 3212/8818 3083/8819 3084/8820
f 3212/8821 3084/8822 3085/8823
f 3080/8824 3081/8825 3213/8826
f 3213/8827 3081/8828 3082/8829
f 3213/8830 3082/8831 3083/8832
f 3218/8833 3101/8834 3217/8835
f 3217/8836 3101/8837 3102/8838
f 3217/8839 3102/8840 3103/8841
f 3004/8842 3018/8843 3003/8844
f 3003/8845 3018/8846 3019/8847
f 3003/8848 3019/8849 2901/8850
f 2901/8851 3019/8852 3020/8853
f 2901/8854 3020/8855 3021/8856
f 3408/8857 3409/8858 3440/8859
f 3440/8860 3409/8861 3410/8862
f 3440/8863 3410/8864 3439/8865
f 3439/8866 3410/8867 3411/8868
f 3439/8869 3411/8870 3438/8871
f 3438/8872 3411/8873 3412/8874
f 3438/8875 3412/8876 3437/8877
f 3437/8878 3412/8879 3413/8880
f 3437/8881 3413/8882 3436/8883
f 3436/8884 3413/8885 3414/8886
f 3436/8887 3414/8888 3435/8889
f 3435/8890 3414/8891 3415/8892
f 3435/8893 3415/8894 3434/8895
f 3434/8896 3415/8897 3416/8898
f 3434/8899 3416/8900 3433/8901
f 3433/8902 3416/8903 3417/8904
f 3433/8905 3417/8906 3432/8907
f 3432/8908 3417/8909 3418/8910
f 3432/8911 3418/8912 3431/8913
f 3431/8914 3418/8915 3419/8916
f 3431/8917 3419/8918 3430/8919
f 3430/8920 3419/8921 3420/8922
f 3430/8923 3420/8924 3429/8925
f 3429/8926 3420/8927 3421/8928
f 3429/8929 3421/8930 3428/8931
f 3428/8932 3421/8933 3422/8934
f 3428/8935 3422/8936 3427/8937
f 3427/8938 3422/8939 3423/8940
f 3427/8941 3423/8942 3426/8943
f 3426/8944 3423/8945 3424/8946
f 3426/8947 3424/8948 3425/8949
f 3103/8950 3104/8951 3217/8952
f 3217/8953 3104/8954 3105/8955
f 3217/8956 3105/8957 3216/8958
f 3216/8959 3105/8960 3106/8961
f 3216/8962 3106/8963 3107/8964
f 3107/8965 3108/8966 3216/8967
f 3216/8968 3108/8969 3109/8970
f 3216/8971 3109/8972 3215/8973
f 3215/8974 3109/8975 3110/8976
f 3215/8977 3110/8978 3111/8979
f 2979/8980 2980/8981 2994/8982
f 2994/8983 2980/8984 3242/8985
f 2994/8986 3242/8987 2993/8988
f 2993/8989 3242/8990 3243/8991
f 2993/8992 3243/8993 3016/8994
f 3016/8995 3243/8996 3015/8997
f 3246/8998 3005/8999 3245/9000
f 3245/9001 3005/9002 3006/9003
f 3245/9004 3006/9005 3007/9006
f 3007/9007 3008/9008 3245/9009
f 3245/9010 3008/9011 3009/9012
f 3245/9013 3009/9014 3244/9015
f 3244/9016 3009/9017 3010/9018
f 3244/9019 3010/9020 3011/9021
f 3011/9022 3012/9023 3244/9024
f 3244/9025 3012/9026 3013/9027
f 3244/9028 3013/9029 3243/9030
f 3243/9031 3013/9032 3014/9033
f 3243/9034 3014/9035 3015/9036
f 3096/9037 3097/9038 2891/9039
f 2891/9040 3097/9041 3098/9042
f 2891/9043 3098/9044 2890/9045
f 2890/9046 3098/9047 3099/9048
f 2890/9049 3099/9050 3115/9051
f 3115/9052 3099/9053 3100/9054
f 3115/9055 3100/9056 3114/9057
f 3114/9058 3100/9059 3218/9060
f 3114/9061 3218/9062 3113/9063
f 3017/9064 3018/9065 3246/9066
f 3246/9067 3018/9068 3004/9069
f 3246/9070 3004/9071 3005/9072
f 3459/9073 3460/9074 3457/9075
f 3457/9076 3460/9077 3461/9078
f 3457/9079 3461/9080 3456/9081
f 3456/9082 3461/9083 3462/9084
f 3456/9085 3462/9086 3455/9087
f 3455/9088 3462/9089 3463/9090
f 3455/9091 3463/9092 3454/9093
f 3454/9094 3463/9095 3464/9096
f 3454/9097 3464/9098 3453/9099
f 3453/9100 3464/9101 3465/9102
f 3453/9103 3465/9104 3452/9105
f 3452/9106 3465/9107 3466/9108
f 3452/9109 3466/9110 3451/9111
f 3451/9112 3466/9113 3467/9114
f 3451/9115 3467/9116 3450/9117
f 3450/9118 3467/9119 3468/9120
f 3450/9121 3468/9122 3449/9123
f 3449/9124 3468/9125 3469/9126
f 3449/9127 3469/9128 3448/9129
f 3448/9130 3469/9131 3470/9132
f 3448/9133 3470/9134 3447/9135
f 3447/9136 3470/9137 3471/9138
f 3447/9139 3471/9140 3446/9141
f 3446/9142 3471/9143 3472/9144
f 3446/9145 3472/9146 3445/9147
f 3445/9148 3472/9149 3473/9150
f 3445/9151 3473/9152 3444/9153
f 3444/9154 3473/9155 3474/9156
f 3444/9157 3474/9158 3443/9159
f 3443/9160 3474/9161 3441/9162
f 3443/9163 3441/9164 3442/9165
f 3029/9166 3030/9167 3249/9168
f 3249/9169 3030/9170 3031/9171
f 3249/9172 3031/9173 3248/9174
f 3248/9175 3031/9176 3032/9177
f 3248/9178 3032/9179 3033/9180
f 3037/9181 3038/9182 3247/9183
f 3247/9184 3038/9185 3039/9186
f 3247/9187 3039/9188 3246/9189
f 3246/9190 3039/9191 3040/9192
f 3246/9193 3040/9194 3017/9195
f 3033/9196 3034/9197 3248/9198
f 3248/9199 3034/9200 3035/9201
f 3248/9202 3035/9203 3247/9204
f 3247/9205 3035/9206 3036/9207
f 3247/9208 3036/9209 3037/9210
f 3508/9211 3486/9212 3507/9213
f 3507/9214 3486/9215 3487/9216
f 3507/9217 3487/9218 3506/9219
f 3506/9220 3487/9221 3488/9222
f 3506/9223 3488/9224 3505/9225
f 3505/9226 3488/9227 3489/9228
f 3505/9229 3489/9230 3504/9231
f 3504/9232 3489/9233 3490/9234
f 3504/9235 3490/9236 3503/9237
f 3503/9238 3490/9239 3491/9240
f 3503/9241 3491/9242 3502/9243
f 3502/9244 3491/9245 3492/9246
f 3502/9247 3492/9248 3501/9249
f 3501/9250 3492/9251 3493/9252
f 3501/9253 3493/9254 3500/9255
f 3500/9256 3493/9257 3494/9258
f 3500/9259 3494/9260 3499/9261
f 3499/9262 3494/9263 3495/9264
f 3499/9265 3495/9266 3498/9267
f 3498/9268 3495/9269 3497/9270
f 3027/9271 3028/9272 3042/9273
f 3042/9274 3028/9275 3249/9276
f 3042/9277 3249/9278 3041/9279
f 3041/9280 3249/9281 3250/9282
f 3041/9283 3250/9284 3064/9285
f 3064/9286 3250/9287 3063/9288
f 3054/9289 3055/9290 3210/9291
f 3210/9292 3055/9293 3056/9294
f 3210/9295 3056/9296 3057/9297
f 3518/9298 3475/9299 3517/9300
f 3517/9301 3475/9302 3476/9303
f 3517/9304 3476/9305 3516/9306
f 3516/9307 3476/9308 3477/9309
f 3516/9310 3477/9311 3515/9312
f 3515/9313 3477/9314 3478/9315
f 3515/9316 3478/9317 3514/9318
f 3514/9319 3478/9320 3479/9321
f 3514/9322 3479/9323 3513/9324
f 3513/9325 3479/9326 3480/9327
f 3513/9328 3480/9329 3512/9330
f 3512/9331 3480/9332 3481/9333
f 3512/9334 3481/9335 3511/9336
f 3511/9337 3481/9338 3482/9339
f 3511/9340 3482/9341 3510/9342
f 3510/9343 3482/9344 3483/9345
f 3510/9346 3483/9347 3509/9348
f 3509/9349 3483/9350 3484/9351
f 3509/9352 3484/9353 3508/9354
f 3508/9355 3484/9356 3485/9357
f 3508/9358 3485/9359 3486/9360
f 3054/9361 3210/9362 3053/9363
f 3053/9364 3210/9365 3211/9366
f 3053/9367 3211/9368 3052/9369
f 3052/9370 3211/9371 3066/9372
f 3052/9373 3066/9374 3067/9375
f 3231/9376 3201/9377 3230/9378
f 3230/9379 3201/9380 3202/9381
f 3230/9382 3202/9383 3203/9384
f 3203/9385 3204/9386 3230/9387
f 3230/9388 3204/9389 3205/9390
f 3230/9391 3205/9392 3229/9393
f 3229/9394 3205/9395 3206/9396
f 3229/9397 3206/9398 3207/9399
f 3186/9400 3228/9401 3185/9402
f 3185/9403 3228/9404 3229/9405
f 3185/9406 3229/9407 3208/9408
f 3208/9409 3229/9410 3207/9411
f 3198/9412 3199/9413 3231/9414
f 3231/9415 3199/9416 3200/9417
f 3231/9418 3200/9419 3201/9420
f 3198/9421 3231/9422 3197/9423
f 3197/9424 3231/9425 3232/9426
f 3197/9427 3232/9428 3196/9429
f 3196/9430 3232/9431 2922/9432
f 3196/9433 2922/9434 2923/9435
f 3133/9436 3134/9437 3219/9438
f 3219/9439 3134/9440 3135/9441
f 3219/9442 3135/9443 3218/9444
f 3218/9445 3135/9446 3136/9447
f 3218/9448 3136/9449 3113/9450
f 3129/9451 3130/9452 3220/9453
f 3220/9454 3130/9455 3131/9456
f 3220/9457 3131/9458 3219/9459
f 3219/9460 3131/9461 3132/9462
f 3219/9463 3132/9464 3133/9465
f 3125/9466 3126/9467 3221/9468
f 3221/9469 3126/9470 3127/9471
f 3221/9472 3127/9473 3220/9474
f 3220/9475 3127/9476 3128/9477
f 3220/9478 3128/9479 3129/9480
f 3150/9481 3224/9482 3149/9483
f 3149/9484 3224/9485 3225/9486
f 3149/9487 3225/9488 3148/9489
f 3147/9490 3163/9491 2917/9492
f 2917/9493 3163/9494 3164/9495
f 2917/9496 3164/9497 3165/9498
f 3123/9499 3124/9500 3138/9501
f 3138/9502 3124/9503 3221/9504
f 3138/9505 3221/9506 3137/9507
f 3137/9508 3221/9509 3222/9510
f 3173/9511 3174/9512 3228/9513
f 3228/9514 3174/9515 3175/9516
f 3228/9517 3175/9518 3227/9519
f 3227/9520 3175/9521 3176/9522
f 3227/9523 3176/9524 3177/9525
f 3173/9526 3228/9527 3172/9528
f 3172/9529 3228/9530 3186/9531
f 3172/9532 3186/9533 3171/9534
f 3171/9535 3186/9536 3187/9537
f 3171/9538 3187/9539 2914/9540
f 2914/9541 3187/9542 3188/9543
f 2914/9544 3188/9545 3189/9546
f 3184/9547 3225/9548 3183/9549
f 3183/9550 3225/9551 3226/9552
f 3183/9553 3226/9554 3182/9555
f 3182/9556 3226/9557 3181/9558
f 3177/9559 3178/9560 3227/9561
f 3227/9562 3178/9563 3179/9564
f 3227/9565 3179/9566 3226/9567
f 3226/9568 3179/9569 3180/9570
f 3226/9571 3180/9572 3181/9573
f 3151/9574 3152/9575 3224/9576
f 3224/9577 3152/9578 3153/9579
f 3224/9580 3153/9581 3223/9582
f 3223/9583 3153/9584 3154/9585
f 3223/9586 3154/9587 3155/9588
f 3158/9589 3222/9590 3157/9591
f 3157/9592 3222/9593 3223/9594
f 3157/9595 3223/9596 3156/9597
f 3156/9598 3223/9599 3155/9600
f 3158/9601 3159/9602 3222/9603
f 3222/9604 3159/9605 3160/9606
f 3222/9607 3160/9608 3137/9609
f 3184/9610 3161/9611 3225/9612
f 3225/9613 3161/9614 3162/9615
f 3225/9616 3162/9617 3148/9618
f 3148/9619 3162/9620 3147/9621
f 3384/9622 3386/9623 3383/9624
f 3383/9625 3386/9626 3387/9627
f 3383/9628 3387/9629 3382/9630
f 3382/9631 3387/9632 3388/9633
f 3382/9634 3388/9635 3381/9636
f 3381/9637 3388/9638 3389/9639
f 3381/9640 3389/9641 3380/9642
f 3380/9643 3389/9644 3390/9645
f 3380/9646 3390/9647 3379/9648
f 3379/9649 3390/9650 3391/9651
f 3379/9652 3391/9653 3378/9654
f 3378/9655 3391/9656 3392/9657
f 3378/9658 3392/9659 3377/9660
f 3377/9661 3392/9662 3393/9663
f 3377/9664 3393/9665 3376/9666
f 3376/9667 3393/9668 3394/9669
f 3376/9670 3394/9671 3375/9672
f 3375/9673 3394/9674 3395/9675
f 3375/9676 3395/9677 3374/9678
f 3374/9679 3395/9680 3396/9681
f 3374/9682 3396/9683 3373/9684
f 3373/9685 3396/9686 3397/9687
f 3373/9688 3397/9689 3372/9690
f 3372/9691 3397/9692 3398/9693
f 3372/9694 3398/9695 3371/9696
f 3371/9697 3398/9698 3399/9699
f 3371/9700 3399/9701 3370/9702
f 3370/9703 3399/9704 3400/9705
f 3370/9706 3400/9707 3369/9708
f 3369/9709 3400/9710 3401/9711
f 3369/9712 3401/9713 3368/9714
f 3368/9715 3401/9716 3402/9717
f 3368/9718 3402/9719 3367/9720
f 3367/9721 3402/9722 3403/9723
f 3367/9724 3403/9725 3366/9726
f 3366/9727 3403/9728 3404/9729
f 3366/9730 3404/9731 3365/9732
f 3365/9733 3404/9734 3405/9735
f 3365/9736 3405/9737 3364/9738
f 3364/9739 3405/9740 3406/9741
f 3364/9742 3406/9743 3363/9744
f 3341/9745 3343/9746 3340/9747
f 3340/9748 3343/9749 3344/9750
f 3340/9751 3344/9752 3339/9753
f 3339/9754 3344/9755 3345/9756
f 3339/9757 3345/9758 3338/9759
f 3338/9760 3345/9761 3346/9762
f 3338/9763 3346/9764 3337/9765
f 3337/9766 3346/9767 3347/9768
f 3337/9769 3347/9770 3336/9771
f 3336/9772 3347/9773 3348/9774
f 3336/9775 3348/9776 3335/9777
f 3335/9778 3348/9779 3349/9780
f 3335/9781 3349/9782 3334/9783
f 3334/9784 3349/9785 3350/9786
f 3334/9787 3350/9788 3333/9789
f 3333/9790 3350/9791 3351/9792
f 3333/9793 3351/9794 3332/9795
f 3332/9796 3351/9797 3352/9798
f 3332/9799 3352/9800 3331/9801
f 3331/9802 3352/9803 3353/9804
f 3331/9805 3353/9806 3330/9807
f 3330/9808 3353/9809 3354/9810
f 3330/9811 3354/9812 3329/9813
f 3329/9814 3354/9815 3355/9816
f 3329/9817 3355/9818 3328/9819
f 3328/9820 3355/9821 3356/9822
f 3328/9823 3356/9824 3327/9825
f 3327/9826 3356/9827 3357/9828
f 3327/9829 3357/9830 3326/9831
f 3326/9832 3357/9833 3358/9834
f 3326/9835 3358/9836 3325/9837
f 3325/9838 3358/9839 3359/9840
f 3325/9841 3359/9842 3324/9843
f 3324/9844 3359/9845 3360/9846
f 3324/9847 3360/9848 3323/9849
f 3323/9850 3360/9851 3361/9852
f 3323/9853 3361/9854 3322/9855
f 3322/9856 3361/9857 3362/9858
f 3322/9859 3362/9860 3321/9861
f 3321/9862 3362/9863 3319/9864
f 3321/9865 3319/9866 3320/9867
f 3302/9868 3304/9869 3301/9870
f 3301/9871 3304/9872 3305/9873
f 3301/9874 3305/9875 3300/9876
f 3300/9877 3305/9878 3306/9879
f 3300/9880 3306/9881 3299/9882
f 3299/9883 3306/9884 3307/9885
f 3299/9886 3307/9887 3298/9888
f 3298/9889 3307/9890 3308/9891
f 3298/9892 3308/9893 3297/9894
f 3297/9895 3308/9896 3309/9897
f 3297/9898 3309/9899 3296/9900
f 3296/9901 3309/9902 3310/9903
f 3296/9904 3310/9905 3295/9906
f 3295/9907 3310/9908 3311/9909
f 3295/9910 3311/9911 3294/9912
f 3294/9913 3311/9914 3312/9915
f 3294/9916 3312/9917 3293/9918
f 3293/9919 3312/9920 3313/9921
f 3293/9922 3313/9923 3292/9924
f 3292/9925 3313/9926 3314/9927
f 3292/9928 3314/9929 3291/9930
f 3291/9931 3314/9932 3315/9933
f 3291/9934 3315/9935 3290/9936
f 3290/9937 3315/9938 3316/9939
f 3290/9940 3316/9941 3289/9942
f 3289/9943 3316/9944 3317/9945
f 3289/9946 3317/9947 3288/9948
f 3288/9949 3317/9950 3318/9951
f 3288/9952 3318/9953 3287/9954
f 3287/9955 3318/9956 3285/9957
f 3287/9958 3285/9959 3286/9960
usemtl f1
f 3695/9961 3696/9962 3693/9963
f 3693/9964 3696/9965 3697/9966
f 3693/9967 3697/9968 3692/9969
f 3692/9970 3697/9971 3698/9972
f 3692/9973 3698/9974 3691/9975
f 3691/9976 3698/9977 3699/9978
f 3691/9979 3699/9980 3690/9981
f 3690/9982 3699/9983 3700/9984
f 3690/9985 3700/9986 3689/9987
f 3689/9988 3700/9989 3701/9990
f 3689/9991 3701/9992 3688/9993
f 3688/9994 3701/9995 3702/9996
f 3688/9997 3702/9998 3687/9999
f 3687/10000 3702/10001 3703/10002
f 3687/10003 3703/10004 3686/10005
f 3686/10006 3703/10007 3704/10008
f 3686/10009 3704/10010 3685/10011
f 3685/10012 3704/10013 3705/10014
f 3685/10015 3705/10016 3684/10017
f 3684/10018 3705/10019 3706/10020
f 3684/10021 3706/10022 3683/10023
f 3683/10024 3706/10025 3707/10026
f 3683/10027 3707/10028 3682/10029
f 3682/10030 3707/10031 3708/10032
f 3682/10033 3708/10034 3681/10035
f 3681/10036 3708/10037 3709/10038
f 3681/10039 3709/10040 3680/10041
f 3680/10042 3709/10043 3710/10044
f 3680/10045 3710/10046 3679/10047
f 3679/10048 3710/10049 3711/10050
f 3679/10051 3711/10052 3678/10053
f 3678/10054 3711/10055 3712/10056
f 3678/10057 3712/10058 3677/10059
f 3677/10060 3712/10061 3675/10062
f 3677/10063 3675/10064 3676/10065
f 3638/10066 3674/10067 3637/10068
f 3695/10069 3693/10070 3694/10071
f 3638/10072 3639/10073 3674/10074
f 3674/10075 3639/10076 3640/10077
f 3674/10078 3640/10079 3673/10080
f 3673/10081 3640/10082 3641/10083
f 3673/10084 3641/10085 3672/10086
f 3672/10087 3641/10088 3642/10089
f 3672/10090 3642/10091 3671/10092
f 3671/10093 3642/10094 3643/10095
f 3671/10096 3643/10097 3670/10098
f 3670/10099 3643/10100 3644/10101
f 3670/10102 3644/10103 3669/10104
f 3669/10105 3644/10106 3645/10107
f 3669/10108 3645/10109 3668/10110
f 3668/10111 3645/10112 3646/10113
f 3668/10114 3646/10115 3667/10116
f 3667/10117 3646/10118 3647/10119
f 3667/10120 3647/10121 3666/10122
f 3666/10123 3647/10124 3648/10125
f 3666/10126 3648/10127 3665/10128
f 3665/10129 3648/10130 3649/10131
f 3665/10132 3649/10133 3664/10134
f 3664/10135 3649/10136 3650/10137
f 3664/10138 3650/10139 3663/10140
f 3663/10141 3650/10142 3651/10143
f 3663/10144 3651/10145 3662/10146
f 3662/10147 3651/10148 3652/10149
f 3662/10150 3652/10151 3661/10152
f 3661/10153 3652/10154 3653/10155
f 3661/10156 3653/10157 3660/10158
f 3660/10159 3653/10160 3654/10161
f 3660/10162 3654/10163 3659/10164
f 3659/10165 3654/10166 3655/10167
f 3659/10168 3655/10169 3658/10170
f 3658/10171 3655/10172 3656/10173
f 3658/10174 3656/10175 3657/10176
