# Exported from USD: /NEX35_C00/link_5_b/collisions/nex35_link_5_b/mesh
mtllib mesh_11.mtl

g mesh
v -0.10659997 -0.00553004 -0.05261002
v -0.12850002 0.04279693 0.03109398
v -0.12850003 0.01634688 0.05031098
v -0.12850004 -0.03539710 0.03931198
v -0.12850004 -0.04832714 0.02151597
v -0.12850004 -0.05174415 0.01099897
v -0.12850004 -0.05174415 -0.01099903
v -0.12850004 -0.04279713 -0.03109403
v -0.12850003 -0.01634709 -0.05031103
v -0.12850003 -0.00553004 -0.05261002
v -0.12850002 0.04832693 -0.02151602
v -0.12850002 0.05174395 -0.01099902
v -0.10659997 0.00552889 -0.05261002
v -0.12850004 -0.04279714 0.03109397
v -0.12850004 -0.02645009 0.04581298
v -0.12850003 -0.01634710 0.05031098
v -0.12850003 -0.00553005 0.05260998
v -0.12850003 0.00552888 0.05260998
v -0.12850003 0.02644987 0.04581299
v -0.12850002 0.03539689 0.03931199
v -0.12850002 0.04832693 0.02151599
v -0.12850002 0.05174394 0.01099898
v -0.12899998 0.05239995 -0.00000002
v -0.12899998 0.05125495 0.01089498
v -0.12899999 0.04786988 0.02131298
v -0.12899999 0.03506191 0.03894098
v -0.12899999 0.01619191 0.04983498
v -0.12899999 0.00547690 0.05211298
v -0.12900000 -0.01619308 0.04983498
v -0.12900000 -0.02620010 0.04537998
v -0.12900000 -0.03506212 0.03894098
v -0.12900000 -0.04787009 0.02131297
v -0.12900000 -0.03506211 -0.03894103
v -0.12899999 -0.00547711 -0.05211303
v -0.12899999 0.00547692 -0.05211303
v -0.12899999 0.01619192 -0.04983502
v -0.12899999 0.02619990 -0.04538002
v -0.12899999 0.03506192 -0.03894102
v -0.12899998 0.04786988 -0.02131302
v -0.12850002 0.05289992 -0.00000002
v -0.12850002 0.04279693 -0.03109402
v -0.12850002 0.03539690 -0.03931202
v -0.12850002 0.02644988 -0.04581302
v -0.12850003 0.01634690 -0.05031102
v -0.12850003 0.00552889 -0.05261002
v -0.12850003 -0.02645008 -0.04581303
v -0.12850004 -0.03539709 -0.03931203
v -0.12850004 -0.04832713 -0.02151603
v -0.12850004 -0.05290012 -0.00000003
v -0.12899998 0.05125495 -0.01089502
v -0.12899999 0.04239186 -0.03080002
v -0.12900000 -0.01619307 -0.04983503
v -0.12900000 -0.02620009 -0.04538003
v -0.12900000 -0.04239313 -0.03080003
v -0.12900000 -0.04787008 -0.02131303
v -0.12900000 -0.05125503 -0.01089503
v -0.12900000 -0.05240004 -0.00000003
v -0.12900000 -0.05125503 0.01089497
v -0.12900000 -0.04239314 0.03079997
v -0.12900000 -0.00547712 0.05211298
v -0.12899999 0.02619989 0.04537998
v -0.12899999 0.04239185 0.03079998
v 0.07269496 -0.04321310 0.04669998
v 0.07479901 -0.03946015 0.04669998
v 0.07479902 0.03945986 0.04669999
v 0.07377096 0.04134993 0.04669999
v 0.07269498 0.04321293 0.04669999
v 0.00322601 0.08450788 0.04669999
v 0.00107595 0.08456188 0.04669999
v -0.00107601 0.08456188 0.04669999
v -0.00322595 0.08450788 0.04669999
v -0.07740001 0.01911087 -0.05097702
v -0.07015102 -0.01925414 -0.05100003
v 0.07790298 -0.03656014 0.00412998
v 0.07966097 0.03255383 0.00412999
v 0.07321592 0.04522185 0.00412999
v 0.06477400 0.05665593 0.00412999
v 0.01631698 0.08449488 0.00412999
v -0.02586404 0.08207685 0.00412999
v 0.01737496 0.08270090 0.04849999
v 0.03019199 0.07892888 0.04849999
v 0.04225298 0.07318489 0.04849999
v 0.05325898 0.06561093 0.04849999
v 0.06293293 0.05639784 0.04849999
v 0.07513901 0.03879086 0.04693399
v 0.08344992 0.01331786 0.04849999
v 0.08450599 -0.00000009 0.04849999
v 0.08344991 -0.01331815 0.04849998
v 0.08030898 -0.02630314 0.04849998
v 0.07515997 -0.03863117 0.04849998
v 0.07377095 -0.04135009 0.04669998
v 0.07157296 -0.04504808 0.04669998
v 0.05536598 -0.06384310 0.04849998
v 0.01602691 -0.08297308 0.04849998
v 0.07114095 -0.04570815 0.04698298
v 0.07515497 -0.03875610 0.04698298
v 0.07157298 0.04504792 0.04669999
v 0.07111701 0.04573790 0.04709999
v 0.00393101 0.08447092 0.04689099
v -0.00393096 0.08447092 0.04689099
v -0.00405195 0.08445793 0.04709999
v -0.07015101 0.01925392 -0.05100002
v -0.07032506 0.01981588 -0.05094502
v -0.07799999 0.00545593 -0.05191402
v -0.07799999 -0.00545709 -0.05191402
v -0.08250003 -0.00000004 -0.05220003
v 0.07646496 -0.03812917 0.00077198
v 0.07744700 -0.03620609 0.00088898
v 0.08224900 -0.02332409 0.00088898
v 0.08496602 -0.00946816 0.00088898
v 0.08499296 -0.00922319 0.00088898
v 0.08535202 0.00489191 0.00088898
v 0.07923194 0.03211192 0.00088899
v 0.07570597 0.03938083 0.00052499
v 0.07529696 0.03996889 0.00033699
v 0.07460996 0.04079990 -0.00006501
v -0.01200202 0.08521491 0.00412999
v 0.00218698 0.08602792 0.00412999
v 0.03000197 0.08065587 0.00412999
v 0.04286894 0.07461791 0.00412999
v 0.05456599 0.06654494 0.00412999
v 0.08393295 0.01899783 0.00412998
v 0.08591492 0.00492386 0.00412998
v 0.08605595 -0.00000008 0.00412998
v 0.08555396 -0.00928410 0.00412998
v 0.08285899 -0.02323910 0.00412998
v 0.07082302 -0.04888412 0.00412998
v 0.07071502 -0.04880913 0.00238098
v 0.07778496 -0.03650411 0.00238098
v 0.08273191 -0.02320417 0.00238098
v 0.08542295 -0.00927015 0.00238098
v 0.08578403 0.00491683 0.00238098
v 0.08380397 0.01896886 0.00238098
v 0.07953902 0.03250388 0.00238099
v 0.07220098 0.04459385 -0.00036001
v 0.07310399 0.04515283 0.00238099
v 0.06387600 0.05586986 -0.00036001
v 0.06467601 0.05656891 0.00238099
v 0.05380901 0.06562190 -0.00036001
v 0.05448195 0.06644289 0.00238099
v 0.04227397 0.07358294 -0.00036001
v 0.04280302 0.07450383 0.00238099
v 0.02958605 0.07953792 -0.00036001
v 0.02995595 0.08053284 0.00238099
v 0.01609096 0.08332294 -0.00036001
v 0.01629195 0.08436590 0.00238099
v 0.00215694 0.08483487 -0.00036001
v 0.00218400 0.08589691 0.00238099
v -0.01183596 0.08403295 -0.00036001
v -0.01198402 0.08508486 0.00238099
v -0.02550605 0.08093888 -0.00036001
v -0.02582505 0.08195192 0.00238099
v -0.01602701 0.08297294 0.04849999
v -0.02760700 0.07986992 0.04849999
v -0.00412503 0.08440583 0.04849999
v 0.00412497 0.08440583 0.04849999
v 0.07103499 0.04577486 0.04849999
v 0.08030899 0.02630285 0.04849999
v 0.07515999 0.03863088 0.04849999
v 0.07103497 -0.04577514 0.04849998
v 0.06384296 -0.05536613 0.04849998
v 0.00412494 -0.08440609 0.04849998
v -0.01737505 -0.08270116 0.04849997
v -0.00412506 -0.08440609 0.04849997
v -0.04737798 0.06631488 0.05849999
v 0.02365800 0.07799094 0.05849899
v 0.03118893 0.07529692 0.05849899
v 0.06299993 0.05170290 0.05849899
v 0.07529600 0.03118888 0.05849899
v 0.07993396 0.01589588 0.05849899
v 0.08150001 -0.00000009 0.05849899
v 0.07993395 -0.01589617 0.05849998
v 0.07799000 -0.02365812 0.05849898
v 0.06299991 -0.05170318 0.05849898
v 0.05170292 -0.06300017 0.05849898
v 0.03841799 -0.07187613 0.05849898
v 0.03118890 -0.07529613 0.05849998
v 0.02365798 -0.07799109 0.05849997
v -0.01258701 -0.08052106 0.05850098
v -0.02487606 -0.07761009 0.05850098
v -0.00185207 0.05719191 -0.04550002
v 0.00505897 0.05699688 -0.04550001
v 0.01189693 0.05597085 -0.04550001
v 0.01856097 0.05412692 -0.04550002
v 0.03098294 0.04810792 -0.04550002
v 0.04160198 0.03928893 -0.04550002
v 0.05376895 0.01957386 -0.04550002
v 0.05704995 0.00442093 -0.04550002
v 0.04715795 -0.03241117 -0.04550002
v 0.03044195 -0.04845209 -0.04550003
v -0.07032101 -0.01981609 -0.05094503
v -0.04300004 -0.08700008 0.01499997
v -0.04275102 -0.08700008 0.01697897
v -0.04085404 -0.08700008 0.02045297
v -0.03932303 -0.08700008 0.02173097
v -0.03752309 -0.08700008 0.02259197
v -0.03556699 -0.08700008 0.02297997
v -0.04202110 -0.08700008 0.01883497
v 0.03499991 -0.08700009 -0.02300003
v 0.03707093 -0.08700009 -0.02272703
v 0.04065698 -0.08700009 -0.02065703
v 0.04192799 -0.08700009 -0.01900003
v 0.04272693 -0.08700009 -0.01707103
v 0.04299992 -0.08700009 0.01499997
v 0.04202097 -0.08700009 0.01883497
v 0.04085392 -0.08700009 0.02045297
v 0.03932291 -0.08700009 0.02173097
v 0.03752297 -0.08700009 0.02259197
v 0.03556698 -0.08700009 0.02297997
v 0.04275101 -0.08700009 0.01697897
v 0.04299992 -0.08700009 -0.01500003
v 0.07570595 -0.03938111 0.00052498
v 0.07631893 -0.03802010 0.00041098
v 0.07723302 -0.03610607 0.00042098
v 0.07744702 0.03620593 0.00088899
v 0.07913895 0.03234093 0.00088899
v 0.08338292 0.01887385 0.00088898
v 0.08343692 0.01863293 0.00088898
v 0.08536597 0.00464586 0.00088898
v 0.08231599 -0.02308711 0.00088898
v 0.08202202 -0.02326008 0.00042098
v 0.08473201 -0.00944217 0.00042098
v 0.08512993 0.00463287 0.00042098
v 0.08320697 0.01858083 0.00042098
v 0.07901295 0.03202288 0.00042099
v 0.07416495 0.04121892 -0.00038101
v 0.07646497 0.03812889 0.00077199
v 0.07723304 0.03610591 0.00042099
v 0.07631894 0.03801994 0.00041099
v -0.02820605 -0.07593114 0.05899997
v 0.04049891 -0.07014807 0.05899998
v 0.07985992 -0.01353809 0.05899998
v 0.07985993 0.01353792 0.05899999
v 0.02820498 -0.07593008 0.05899998
v -0.04050106 -0.07014806 0.05899998
v -0.04737800 -0.06631417 0.05850098
v -0.03656501 -0.07283611 0.05850098
v 0.01589590 -0.07993515 0.05849898
v 0.04527897 -0.06776508 0.05849898
v 0.05762893 -0.05762908 0.05849898
v 0.07529599 -0.03118917 0.05849898
v 0.08110602 -0.00799712 0.05849899
v 0.08110602 0.00799683 0.05849899
v 0.07799001 0.02365891 0.05849899
v 0.05762895 0.05762891 0.05849899
v 0.05170294 0.06300084 0.05849899
v 0.04527899 0.06776492 0.05849899
v 0.03841897 0.07187693 0.05849899
v 0.01589593 0.07993488 0.05849899
v -0.01258698 0.08052188 0.05849999
v -0.02487698 0.07761091 0.05849999
v -0.03656498 0.07283693 0.05849999
v -0.04050103 0.07014793 0.05899999
v -0.02820602 0.07593089 0.05899999
v 0.02820500 0.07593088 0.05899999
v 0.04049894 0.07014792 0.05899999
v 0.03672595 -0.04388113 -0.04550003
v 0.04233200 -0.03850109 -0.04550003
v 0.05111391 -0.02572317 -0.04550002
v 0.05412800 -0.01856108 -0.04550002
v 0.05614300 -0.01105709 -0.04550002
v 0.05712397 -0.00334914 -0.04550002
v 0.05592592 0.01210885 -0.04550002
v 0.05062195 0.02667790 -0.04550002
v 0.04654094 0.03329092 -0.04550002
v 0.03655895 0.04401987 -0.04550002
v 0.02495393 0.05149394 -0.04550002
v 0.04219802 0.03985291 -0.04538502
v 0.04291602 0.04052990 -0.04489402
v 0.04345604 0.04103988 -0.04407902
v 0.03085501 -0.04916210 -0.04538503
v 0.03137893 -0.04999811 -0.04489403
v 0.03985292 -0.04219813 -0.04538503
v 0.04052991 -0.04291613 -0.04489403
v 0.04731996 -0.03361316 -0.04538502
v 0.04812402 -0.03418417 -0.04489402
v 0.04872996 -0.03461416 -0.04407902
v 0.05296798 -0.02373512 -0.04538502
v 0.05386801 -0.02413912 -0.04489402
v 0.05454595 -0.02444310 -0.04407902
v 0.05658097 -0.01294608 -0.04538502
v 0.05754299 -0.01316614 -0.04489402
v 0.05826695 -0.01333113 -0.04407902
v 0.05801900 -0.00165911 -0.04538502
v 0.05900498 -0.00168712 -0.04489402
v 0.05974801 -0.00170810 -0.04407902
v 0.05722793 0.00969188 -0.04538502
v 0.05820103 0.00985687 -0.04489402
v 0.05893298 0.00998085 -0.04407902
v 0.05423697 0.02066987 -0.04538502
v 0.05515893 0.02102189 -0.04489402
v 0.05585297 0.02128594 -0.04407902
v 0.04916199 0.03085392 -0.04538502
v 0.04999801 0.03137892 -0.04489402
v 0.05062803 0.03177386 -0.04407902
v 0.03361293 0.04731887 -0.04538502
v 0.03418394 0.04812389 -0.04489401
v 0.03461393 0.04872888 -0.04407901
v 0.02373501 0.05296784 -0.04538502
v 0.02413901 0.05386787 -0.04489401
v 0.02444300 0.05454594 -0.04407901
v 0.01294598 0.05657989 -0.04538502
v 0.01316604 0.05754191 -0.04489401
v 0.01333198 0.05826587 -0.04407901
v 0.00165900 0.05801887 -0.04538502
v 0.00168702 0.05900485 -0.04489401
v 0.00170800 0.05974788 -0.04407901
v -0.00969199 0.05722791 -0.04538502
v -0.00985697 0.05820090 -0.04489401
v -0.00998107 0.05893285 -0.04407901
v -0.00249999 -0.06544716 -0.04493303
v -0.00249999 -0.06503708 -0.04524103
v -0.00450009 -0.06558413 -0.04478603
v -0.00450009 -0.06505210 -0.04523203
v -0.00249999 -0.06456107 -0.04543403
v -0.00450009 -0.06439907 -0.04547003
v -0.00450009 -0.06473607 -0.04537903
v -0.00450009 -0.06533713 -0.04503203
v -0.00503498 -0.06497914 -0.04523203
v -0.00485998 -0.06435007 -0.04547003
v 0.00449997 -0.06544716 -0.04493303
v 0.00449997 -0.06514711 -0.04517403
v 0.00449997 -0.06480510 -0.04535303
v 0.00556392 -0.06474513 -0.04523203
v 0.00521702 -0.06419212 -0.04547003
v 0.00488001 -0.06501514 -0.04523203
v 0.00475592 -0.06437415 -0.04547003
v 0.00449998 -0.06443507 -0.04546303
v 0.00250000 -0.06503708 -0.04524103
v 0.00250000 -0.06456107 -0.04543403
v -0.04300004 -0.08700007 -0.01500003
v -0.03500003 -0.08700007 -0.02300003
v -0.03707105 -0.08700007 -0.02272703
v -0.03900010 -0.08700007 -0.02192803
v -0.04065699 -0.08700007 -0.02065703
v -0.04192799 -0.08700007 -0.01900003
v -0.04272705 -0.08700007 -0.01707103
v 0.03899997 -0.08700009 -0.02192803
v -0.03438500 0.06788891 0.06399999
v -0.01594204 -0.07441111 0.06399998
v 0.04997200 -0.05739316 0.06399998
v 0.04784402 0.05917887 0.06399999
v 0.03805002 0.06590490 0.06400000
v -0.00000003 0.08149987 0.06199999
v 0.04160100 -0.06372210 0.06399998
v 0.03438491 -0.06788918 0.06399998
v -0.00000006 -0.08150013 0.06199997
v 0.00071198 -0.08140607 0.06199997
v 0.07058102 -0.04075011 0.06199998
v 0.07014402 0.04131988 0.06199999
v 0.07058104 0.04074982 0.06199999
v 0.07085594 0.04008690 0.06199999
v -0.02825207 -0.07281108 0.06199997
v -0.03905004 -0.06763716 0.06199997
v -0.02732903 -0.07102413 0.06399998
v -0.03805000 -0.06590516 0.06399998
v -0.04784399 -0.05917914 0.06399998
v -0.03443400 0.06896287 0.06301899
v -0.02471796 0.07197386 0.06399999
v -0.04160098 0.06372195 0.06399999
v -0.04250697 0.06430191 0.06301899
v -0.04997197 0.05739289 0.06399999
v 0.02515894 -0.07393714 0.06199997
v 0.03469890 -0.06996914 0.06199998
v 0.03443390 -0.06896313 0.06301898
v 0.02471799 -0.07197412 0.06399998
v 0.04250699 -0.06430217 0.06301898
v 0.04324597 -0.06503412 0.06199998
v 0.07718201 -0.01193818 0.06199998
v 0.07809992 -0.00000009 0.06199998
v 0.07718201 0.01193789 0.06199999
v 0.07241293 0.02339986 0.06399999
v 0.07517298 0.01184383 0.06399999
v 0.07609994 -0.00000009 0.06399999
v 0.07517297 -0.01184413 0.06399999
v 0.07241292 -0.02340016 0.06399999
v 0.03904995 0.06763689 0.06199999
v 0.02825197 0.07281093 0.06199999
v 0.01594194 0.07441084 0.06400000
v 0.02732893 0.07102291 0.06400000
v 0.05647095 0.05101184 0.06399999
v -0.04324499 0.06503385 0.06199999
v -0.00071207 0.08140593 0.06199999
v 0.00071201 0.08140593 0.06199999
v -0.03469804 0.06996888 0.06199999
v -0.02515903 0.07393688 0.06199999
v 0.04893001 0.06087283 0.06199999
v 0.05145091 -0.05875715 0.06199998
v -0.00071210 -0.08140607 0.06199997
v 0.07014400 -0.04132017 0.06199998
v 0.07085592 -0.04008719 0.06199998
v -0.00000006 -0.07050009 0.06799998
v 0.03525003 0.06105487 0.06800000
v 0.04531702 0.05400590 0.06799999
v 0.05400594 0.04531685 0.06799999
v 0.06105502 0.03524987 0.06799999
v 0.06624802 0.02411190 0.06799999
v 0.06942900 0.01224187 0.06799999
v 0.07049997 -0.00000009 0.06799999
v 0.06942899 -0.01224217 0.06799999
v 0.06624801 -0.02411315 0.06799999
v 0.06105501 -0.03525015 0.06799999
v 0.05400593 -0.04531714 0.06799998
v 0.04531700 -0.05400618 0.06799998
v 0.03525001 -0.06105515 0.06799998
v 0.02411300 -0.06624814 0.06799998
v 0.01224190 -0.06942912 0.06799998
v -0.00000003 0.07049983 0.06800000
v -0.01224202 -0.06942911 0.06799998
v -0.02411205 -0.06624813 0.06799998
v -0.04531604 -0.05400617 0.06799998
v -0.07050006 -0.00000006 0.06799999
v -0.06624798 0.02411193 0.06799999
v -0.03524998 0.06105488 0.06799999
v -0.01224199 0.06942885 0.06800000
v -0.02411202 0.06624788 0.06800000
v -0.04531602 0.05400592 0.06799999
v -0.05400602 0.04531687 0.06799999
v -0.06105499 0.03524989 0.06799999
v -0.06942908 0.01224190 0.06799999
v -0.06942909 -0.01224214 0.06799999
v -0.06624799 -0.02411312 0.06799998
v -0.06105500 -0.03525013 0.06799998
v -0.05400604 -0.04531712 0.06799998
v -0.03525001 -0.06105513 0.06799998
v 0.02411302 0.06624787 0.06800000
v 0.01224193 0.06942885 0.06800000
v 0.06749995 -0.00000009 0.06847499
v 0.04988295 -0.04547414 0.06847498
v 0.03008694 -0.06042417 0.06847498
v 0.01847202 -0.06492313 0.06847498
v -0.00622803 -0.06721206 0.06847498
v -0.03008705 -0.06042416 0.06847498
v -0.04988306 -0.04547412 0.06847498
v -0.06750004 -0.00000006 0.06847498
v -0.06294207 0.02438384 0.06847499
v -0.05739002 0.03553384 0.06847499
v -0.04067806 0.05386585 0.06847499
v -0.01847199 0.06492286 0.06847499
v -0.00622800 0.06721192 0.06847499
v 0.00622794 0.06721192 0.06847499
v 0.03008696 0.06042282 0.06847499
v 0.06635101 0.01240293 0.06847499
v -0.06635099 -0.01240307 0.06847498
v -0.06294208 -0.02438408 0.06847498
v -0.05739003 -0.03553409 0.06847498
v -0.04067808 -0.05386610 0.06847498
v -0.01847202 -0.06492312 0.06847498
v 0.00622791 -0.06721206 0.06847498
v 0.04067797 -0.05386611 0.06847498
v 0.05738992 -0.03553411 0.06847498
v 0.06294198 -0.02438411 0.06847498
v 0.06635101 -0.01240310 0.06847498
v 0.06294199 0.02438382 0.06847499
v 0.05738993 0.03553382 0.06847499
v 0.04988297 0.04547385 0.06847499
v 0.04067799 0.05386583 0.06847499
v 0.01847204 0.06492286 0.06847499
v -0.03008703 0.06042283 0.06847499
v -0.04988305 0.04547387 0.06847499
v -0.06635098 0.01240295 0.06847498
v -0.06117801 0.01216894 0.06864198
v -0.05762808 0.02386993 0.06864198
v -0.03465406 0.05186385 0.06864199
v -0.01216904 0.06117790 0.06864199
v -0.00000004 0.06237583 0.06864199
v 0.01216897 0.06117790 0.06864199
v 0.02386995 0.05762784 0.06864199
v 0.03465398 0.05186383 0.06864199
v 0.05186399 0.03465382 0.06864199
v 0.06211097 0.00631586 0.06863499
v 0.05458601 0.03029791 0.06863499
v 0.05762798 -0.02387008 0.06864198
v 0.05186397 -0.03465411 0.06864198
v 0.03465396 -0.05186411 0.06864198
v -0.00000006 -0.06237610 0.06864198
v -0.01216906 -0.06117816 0.06864197
v -0.05186408 -0.03465409 0.06864198
v -0.05762809 -0.02387006 0.06864198
v -0.06117802 -0.01216907 0.06864198
v -0.06237607 -0.00000006 0.06864198
v 0.06211097 -0.00631615 0.06863499
v 0.05458600 -0.03029808 0.06863498
v -0.04410702 -0.04410715 0.06864198
v -0.03465408 -0.05186410 0.06864198
v -0.02387005 -0.05762811 0.06864198
v 0.01216895 -0.06117817 0.06864198
v 0.02386993 -0.05762812 0.06864198
v 0.04410691 -0.04410716 0.06864198
v 0.06117792 -0.01216909 0.06864198
v 0.06237598 -0.00000008 0.06864198
v 0.06117792 0.01216892 0.06864198
v 0.05762799 0.02386991 0.06864199
v 0.04410692 0.04410688 0.06864199
v -0.02387003 0.05762785 0.06864199
v -0.04410700 0.04410690 0.06864199
v -0.05186407 0.03465384 0.06864199
vt 1.00000000 0.46666700
vt 0.00000000 0.40000001
vt 1.00000000 0.40000001
vt 1.00000000 0.40000001
vt 0.00000000 0.40000001
vt 0.00000000 0.33333299
vt 1.00000000 0.40000001
vt 0.00000000 0.33333299
vt 1.00000000 0.33333299
vt 1.00000000 0.46666700
vt 0.00000000 0.46666700
vt 0.00000000 0.40000001
vt 1.00000000 0.46666700
vt 0.00000000 0.40000001
vt 1.00000000 0.40000001
vt 1.00000000 0.33333299
vt 0.00000000 0.33333299
vt 0.00000000 0.26666701
vt 1.00000000 0.33333299
vt 0.00000000 0.26666701
vt 1.00000000 0.26666701
vt 1.00000000 0.93333298
vt 0.00000000 0.93333298
vt 0.00000000 0.86666697
vt 1.00000000 0.93333298
vt 0.00000000 0.86666697
vt 1.00000000 0.86666697
vt 0.00000000 0.53333300
vt 0.00000000 0.00000000
vt 1.00000000 0.46666700
vt 0.00000000 0.00000000
vt 0.00000000 0.00000000
vt 0.00000000 0.00000000
vt 0.00000000 0.00000000
vt 0.00000000 0.00000000
vt 0.45882401 0.00000000
vt 0.00000000 0.00000000
vt 0.00000000 0.00000000
vt 0.00000000 0.70196098
vt 0.00000000 0.00000000
vt 0.00000000 0.00000000
vt 0.00000000 0.00000000
vt 0.00000000 0.00000000
vt 0.00000000 0.00000000
vt 0.00000000 1.00000000
vt 0.00000000 0.00000000
vt 0.00000000 0.00000000
vt 0.00000000 0.50196099
vt 0.00000000 0.00000000
vt 0.00000000 0.00000000
vt 0.36470601 0.99215698
vt 0.00000000 0.00000000
vt 0.00000000 0.00000000
vt 0.00000000 0.00000000
vt 0.00000000 0.00000000
vt 0.00000000 0.00000000
vt 0.01568600 0.87058800
vt 0.00000000 0.00000000
vt 0.01568600 0.87058800
vt 0.00000000 0.00000000
vt 0.00000000 0.00000000
vt 0.00000000 0.97254902
vt 0.00000000 0.00000000
vt 0.00000000 0.00000000
vt 0.00000000 0.00000000
vt 0.00000000 0.00000000
vt 0.00000000 0.00000000
vt 0.00000000 0.00000000
vt 0.00000000 0.00000000
vt 0.00000000 0.00000000
vt 0.00000000 0.00000000
vt 0.00000000 0.00000000
vt 0.00000000 0.00000000
vt 0.00000000 0.00000000
vt 0.00000000 0.00000000
vt 0.01568600 0.87058800
vt 0.00000000 0.00000000
vt 0.00000000 0.00000000
vt 0.00000000 0.97254902
vt 0.00000000 0.00000000
vt 0.00000000 0.00000000
vt 0.00000000 0.97254902
vt 0.00000000 0.00000000
vt 0.00000000 0.00000000
vt 0.00000000 0.00000000
vt 0.00000000 0.00000000
vt 0.00000000 0.00000000
vt 0.00000000 0.00000000
vt 0.00000000 0.00000000
vt 0.00000000 0.00000000
vt 0.00000000 0.00000000
vt 0.00000000 0.00000000
vt 0.00000000 0.00000000
vt 0.00000000 0.00000000
vt 0.00000000 0.00000000
vt 0.00000000 0.00000000
vt 0.00000000 0.00000000
vt 0.00000000 0.00000000
vt 0.00000000 0.00000000
vt 0.00000000 0.00000000
vt 0.00000000 0.00000000
vt 0.00000000 0.00000000
vt 0.00000000 0.00000000
vt 0.00000000 0.00000000
vt 0.00000000 0.00000000
vt 0.00000000 0.00000000
vt 0.00000000 0.00000000
vt 0.00000000 0.00000000
vt 0.00000000 0.00000000
vt 0.00000000 0.00000000
vt 0.00000000 0.00000000
vt 0.06666700 0.91372597
vt 0.00000000 0.00000000
vt 0.00000000 0.00000000
vt 0.06666700 0.91372597
vt 0.00000000 0.00000000
vt 0.00000000 0.00000000
vt 0.06666700 0.91372597
vt 0.00000000 0.92549002
vt 0.00000000 0.00000000
vt 0.97647101 0.92941201
vt 0.00000000 0.00000000
vt 0.00000000 0.00000000
vt 0.97647101 0.92941201
vt 0.00000000 0.00000000
vt 0.00000000 0.00000000
vt 0.03921600 0.91764700
vt 0.00000000 0.00000000
vt 0.00000000 0.00000000
vt 0.03921600 0.91764700
vt 0.00000000 0.00000000
vt 0.00000000 0.00000000
vt 0.00000000 0.00000000
vt 0.00000000 0.00000000
vt 0.00000000 0.00000000
vt 0.00000000 0.00000000
vt 0.00000000 0.00000000
vt 0.00000000 0.00000000
vt 0.05882400 0.09019600
vt 0.00000000 0.00000000
vt 0.00000000 0.00000000
vt 0.00000000 0.00000000
vt 0.00000000 0.00000000
vt 0.00000000 0.00000000
vt 0.00000000 0.92549002
vt 0.00000000 0.94902003
vt 0.00000000 0.00000000
vt 0.00000000 0.00000000
vt 0.00000000 0.00000000
vt 0.00000000 0.00000000
vt 0.00000000 0.00000000
vt 0.00000000 0.89019603
vt 0.00000000 0.00000000
vt 0.00000000 0.00000000
vt 0.00000000 0.86274499
vt 0.00000000 0.00000000
vt 0.00000000 0.00000000
vt 0.00000000 0.00000000
vt 0.00000000 0.00000000
vt 0.00000000 0.00000000
vt 0.00000000 0.00000000
vt 0.00000000 0.00000000
vt 0.00000000 0.00000000
vt 0.00000000 0.00000000
vt 0.00000000 0.00000000
vt 0.00000000 0.00000000
vt 0.00000000 0.00000000
vt 0.00000000 0.00000000
vt 0.00000000 0.00000000
vt 1.00000000 0.66666698
vt 0.33333299 0.82745099
vt 0.00000000 0.41568601
vt 1.00000000 0.73333299
vt 1.00000000 0.00000000
vt 0.00000000 0.00000000
vt 0.00784300 0.40784299
vt 1.00000000 0.06274500
vt 1.00000000 0.26666701
vt 1.00000000 0.20000000
vt 0.34117600 0.85882401
vt 0.58039200 0.85882401
vt 0.00000000 0.00000000
vt 0.00000000 0.00000000
vt 0.00000000 0.97647101
vt 0.00000000 0.00000000
vt 0.00000000 0.20392200
vt 0.00000000 0.00000000
vt 0.00000000 0.94902003
vt 0.00000000 0.00000000
vt 0.00000000 0.00000000
vt 0.00000000 0.94902003
vt 0.00000000 0.00000000
vt 0.00000000 0.00000000
vt 0.00000000 0.00000000
vt 0.00000000 0.00000000
vt 0.00000000 0.00000000
vt 0.00000000 0.00000000
vt 0.00000000 0.00000000
vt 0.00000000 0.00000000
vt 0.00000000 0.00000000
vt 0.00000000 0.00000000
vt 0.00000000 0.00000000
vt 0.00000000 0.00000000
vt 0.00000000 0.00000000
vt 0.00000000 0.00000000
vt 0.00000000 0.00000000
vt 0.00000000 0.00000000
vt 0.00000000 0.20392200
vt 0.00000000 0.00000000
vt 0.00000000 0.21960799
vt 0.00000000 0.00000000
vt 0.00000000 0.00000000
vt 0.00000000 0.94902003
vt 0.00000000 0.00000000
vt 0.00000000 0.00000000
vt 0.08235300 0.77647102
vt 0.00000000 0.00000000
vt 0.81960797 0.88235301
vt 0.00000000 0.82352901
vt 0.00000000 0.00000000
vt 0.00000000 0.00000000
vt 0.00000000 0.00000000
vt 0.14509800 0.14509800
vt 0.00000000 0.00000000
vt 0.00000000 0.00000000
vt 0.00000000 0.00000000
vt 0.00000000 0.02352900
vt 0.00000000 0.00000000
vt 0.00000000 0.00000000
vt 0.00000000 0.97647101
vt 0.00000000 0.00000000
vt 0.00000000 0.00000000
vt 0.00000000 0.00000000
vt 0.00000000 0.00000000
vt 0.00000000 0.00000000
vt 0.00000000 0.00000000
vt 0.00000000 0.00000000
vt 0.00000000 0.00000000
vt 0.00000000 0.00000000
vt 0.00000000 0.00000000
vt 0.00000000 0.00000000
vt 0.00000000 0.00000000
vt 0.00000000 0.00000000
vt 0.00000000 0.00000000
vt 0.00000000 0.00000000
vt 0.00000000 0.00000000
vt 0.00000000 0.66666698
vt 0.49019599 0.98431402
vt 0.00000000 0.00000000
vt 0.00000000 0.83529401
vt 0.00000000 0.00000000
vt 1.00000000 0.93333298
vt 0.00000000 0.00000000
vt 0.00000000 0.70196098
vt 1.00000000 0.86666697
vt 1.00000000 0.65882403
vt 0.00000000 0.00000000
vt 0.00000000 0.00000000
vt 0.00000000 0.00000000
vt 1.00000000 0.65882403
vt 0.00000000 0.04705900
vt 1.00000000 0.65882403
vt 0.00000000 0.00000000
vt 0.00000000 0.04705900
vt 0.00000000 0.00000000
vt 0.00000000 0.00000000
vt 0.00000000 0.04705900
vt 0.00000000 0.00000000
vt 0.22745100 0.02745100
vt 0.00000000 0.04705900
vt 0.00000000 0.00000000
vt 0.00000000 0.00000000
vt 0.22745100 0.02745100
vt 0.00000000 0.00000000
vt 0.00000000 0.00000000
vt 0.22745100 0.02745100
vt 0.00000000 0.00000000
vt 0.00000000 0.00000000
vt 0.00000000 0.00000000
vt 0.00000000 0.00000000
vt 0.00000000 0.00000000
vt 0.00000000 0.00000000
vt 0.00784300 0.40784299
vt 0.00000000 0.00000000
vt 0.00000000 0.00000000
vt 0.41176501 0.99215698
vt 0.00000000 0.00000000
vt 0.00000000 0.00000000
vt 0.00000000 0.00000000
vt 0.00000000 0.00000000
vt 0.00000000 0.00000000
vt 0.96470600 0.31764701
vt 1.00000000 0.81176502
vt 0.00000000 0.00000000
vt 0.00000000 0.00000000
vt 0.00000000 0.00000000
vt 0.00000000 0.00000000
vt 0.00000000 0.00000000
vt 0.00000000 0.00000000
vt 0.00000000 0.00000000
vt 0.00000000 0.00000000
vt 0.22352900 0.08235300
vt 0.33333299 0.35686299
vt 0.58039200 0.28627500
vt 0.36470601 0.99215698
vt 0.03921600 0.91764700
vt 0.00000000 0.00000000
vt 0.00000000 0.97254902
vt 0.97647101 0.92941201
vt 0.00000000 0.00000000
vt 0.00000000 0.00000000
vt 0.00000000 0.00000000
vt 1.00000000 0.93333298
vt 0.00000000 0.00000000
vt 0.00000000 0.00000000
vt 0.00000000 0.00000000
vt 0.00000000 0.00000000
vt 0.00000000 0.00000000
vt 0.00000000 0.00000000
vt 0.00000000 0.00000000
vt 0.00000000 0.00000000
vt 0.00000000 0.80392200
vt 0.00000000 0.00000000
vt 1.00000000 0.37647101
vt 0.00000000 0.00000000
vt 0.00000000 0.00000000
vt 0.00000000 0.77647102
vt 0.00000000 0.00000000
vt 0.00000000 0.00000000
vt 0.00000000 0.00000000
vt 0.00000000 0.00000000
vt 0.00000000 0.00000000
vt 0.00000000 0.00000000
vt 0.00000000 0.00000000
vt 0.00000000 0.00000000
vt 0.00000000 0.00000000
vt 0.00000000 0.00000000
vt 0.33725500 0.00784300
vt 0.00000000 0.00000000
vt 0.00000000 0.00000000
vt 0.00000000 0.00000000
vt 0.00000000 0.74901998
vt 0.00000000 0.00000000
vt 0.00000000 0.00000000
vt 0.00000000 0.00000000
vt 0.00000000 0.00000000
vt 0.00000000 0.00000000
vt 0.00000000 0.00000000
vt 0.00000000 0.00000000
vt 0.00000000 0.00000000
vt 0.00000000 0.50196099
vt 0.00000000 0.00000000
vt 0.00000000 0.00000000
vt 0.00000000 0.00000000
vt 0.00000000 0.00000000
vt 0.00000000 0.21568599
vt 0.00000000 0.00000000
vt 0.00000000 0.00000000
vt 0.00000000 0.00000000
vt 0.00000000 0.00000000
vt 0.00000000 0.00000000
vt 0.99215698 0.59607798
vt 0.00000000 0.00000000
vt 0.00000000 0.00000000
vt 0.99215698 0.59607798
vt 0.00000000 0.00000000
vt 0.00000000 0.00000000
vt 0.99215698 0.59607798
vt 1.00000000 0.56078398
vt 0.00000000 0.00000000
vt 0.99215698 0.59607798
vt 0.00000000 0.00000000
vt 0.00000000 0.00000000
vt 0.99215698 0.59607798
vt 0.00000000 0.00000000
vt 0.00000000 0.00000000
vt 0.99215698 0.59607798
vt 0.08235300 0.77647102
vt 0.00000000 0.00000000
vt 0.99215698 0.59607798
vt 1.00000000 0.93725502
vt 0.00000000 0.00000000
vt 0.99215698 0.59607798
vt 1.00000000 0.18823500
vt 0.00000000 0.00000000
vt 0.99215698 0.59607798
vt 0.30980399 0.03921600
vt 0.00000000 0.00000000
vt 0.99215698 0.59607798
vt 1.00000000 0.50196099
vt 0.00000000 0.00000000
vt 0.99215698 0.59607798
vt 0.69019598 0.03921600
vt 0.00000000 0.00000000
vt 0.99215698 0.59607798
vt 0.00000000 0.00000000
vt 0.00000000 0.00000000
vt 0.99215698 0.59607798
vt 0.00000000 0.00000000
vt 1.00000000 0.81176502
vt 0.99215698 0.59607798
vt 1.00000000 0.87450999
vt 0.00000000 0.00000000
vt 0.00000000 0.00000000
vt 0.00000000 0.00000000
vt 0.00000000 0.00000000
vt 0.00000000 0.00000000
vt 0.00000000 0.00000000
vt 1.00000000 0.50196099
vt 0.69019598 0.03921600
vt 0.00000000 0.00000000
vt 0.00000000 0.00000000
vt 0.00000000 0.00000000
vt 0.00000000 0.00000000
vt 0.00000000 0.00000000
vt 0.00000000 0.00000000
vt 0.00000000 0.00000000
vt 0.49411801 1.00000000
vt 0.00000000 0.00000000
vt 0.00000000 0.00000000
vt 0.00000000 0.00000000
vt 0.00000000 0.00000000
vt 0.00000000 0.00000000
vt 1.00000000 0.20000000
vt 0.00000000 0.00000000
vt 0.00000000 0.00000000
vt 1.00000000 0.24313700
vt 0.00000000 0.00000000
vt 0.00000000 0.00000000
vt 1.00000000 0.24313700
vt 0.10980400 0.35686299
vt 0.00000000 0.00000000
vt 0.81960797 0.28627500
vt 0.00000000 0.00000000
vt 0.00000000 0.00000000
vt 1.00000000 0.26274499
vt 0.00000000 0.50196099
vt 0.00000000 0.00000000
vt 1.00000000 0.13333300
vt 0.00000000 0.50196099
vt 0.00000000 0.00000000
vt 0.00000000 0.00000000
vt 1.00000000 0.20000000
vt 0.00000000 0.00000000
vt 0.00000000 0.00000000
vt 0.34117600 0.85882401
vt 0.00000000 0.00000000
vt 0.00000000 0.00000000
vt 0.00000000 0.02352900
vt 0.00000000 0.00000000
vt 0.00000000 0.00000000
vt 0.00000000 0.00000000
vt 0.00000000 0.00000000
vt 0.00000000 0.00000000
vt 0.00000000 0.00000000
vt 0.00000000 0.00000000
vt 0.00000000 0.00000000
vt 0.00000000 0.00000000
vt 0.00000000 0.00000000
vt 1.00000000 0.43921599
vt 0.00000000 0.00000000
vt 0.99215698 0.41176501
vt 0.00000000 0.00000000
vt 0.00000000 0.00000000
vt 0.00000000 0.00000000
vt 0.00000000 0.00000000
vt 0.00000000 0.00000000
vt 0.45882401 0.00000000
vt 0.00000000 0.00000000
vt 0.00000000 0.00000000
vt 0.00000000 0.74901998
vt 0.00000000 0.00000000
vt 0.00000000 0.00000000
vt 0.00000000 0.00000000
vt 0.00000000 0.00000000
vt 0.00000000 0.00000000
vt 0.00000000 0.00000000
vt 0.00000000 0.00000000
vt 0.00000000 0.00000000
vt 0.00000000 0.00000000
vt 0.00000000 0.97647101
vt 0.00000000 0.00000000
vt 0.00000000 0.00000000
vt 0.00000000 0.00000000
vt 0.00000000 0.00000000
vt 0.00000000 0.00000000
vt 0.00000000 0.00000000
vt 0.00000000 0.97647101
vt 0.00000000 0.00000000
vt 0.00000000 0.00000000
vt 0.00000000 0.00000000
vt 0.00000000 0.94509798
vt 0.00000000 0.89019603
vt 0.00000000 0.00000000
vt 0.00000000 0.00000000
vt 0.00000000 0.00000000
vt 0.00000000 0.00000000
vt 0.99215698 0.59607798
vt 0.00000000 0.00000000
vt 1.00000000 0.93725502
vt 0.00000000 0.00000000
vt 0.00000000 0.00000000
vt 0.00000000 0.00000000
vt 0.00000000 0.00000000
vt 0.00000000 0.00000000
vt 0.00000000 0.50196099
vt 0.00000000 0.00000000
vt 0.00000000 0.00000000
vt 0.00000000 0.00000000
vt 0.00000000 0.00000000
vt 0.00000000 0.00000000
vt 0.00000000 0.00000000
vt 0.00000000 0.00000000
vt 0.00000000 0.00000000
vt 0.00000000 0.00000000
vt 0.00000000 0.00000000
vt 0.00000000 0.00000000
vt 0.36862701 0.00000000
vt 0.00000000 0.00000000
vt 0.00000000 0.00000000
vt 0.24705900 0.00000000
vt 0.00000000 0.00000000
vt 0.00000000 0.00000000
vt 0.24705900 0.00000000
vt 0.00000000 0.00000000
vt 0.00000000 0.00000000
vt 0.00000000 0.00000000
vt 0.00000000 0.00000000
vt 0.00000000 0.00000000
vt 0.24705900 0.00000000
vt 0.00000000 0.16470601
vt 0.00000000 0.00000000
vt 0.10980400 0.12156900
vt 0.00000000 0.00000000
vt 0.00000000 0.00000000
vt 0.10980400 0.12156900
vt 0.00000000 0.00000000
vt 0.00000000 0.00000000
vt 0.10980400 0.35686299
vt 0.00000000 0.00000000
vt 0.00000000 0.00000000
vt 0.00000000 0.00000000
vt 0.00000000 0.00000000
vt 0.00000000 0.00000000
vt 0.00000000 0.50196099
vt 0.00000000 0.00000000
vt 0.00000000 0.00000000
vt 0.00000000 0.00000000
vt 1.00000000 0.46666700
vt 0.00000000 0.00000000
vt 0.00000000 0.00000000
vt 0.14509800 0.00000000
vt 0.00000000 0.00000000
vt 0.34117600 0.06274500
vt 0.00000000 0.00000000
vt 0.00000000 0.00000000
vt 0.23137300 0.81568599
vt 1.00000000 0.41568601
vt 0.00000000 0.00000000
vt 0.61960799 0.83921599
vt 0.00000000 0.00000000
vt 0.00000000 0.00000000
vt 0.61960799 0.83921599
vt 0.00000000 0.00000000
vt 0.00000000 0.00000000
vt 0.00000000 0.00000000
vt 0.00000000 0.00000000
vt 0.00000000 0.00000000
vt 0.00000000 0.00000000
vt 1.00000000 0.50196099
vt 0.00000000 0.00000000
vt 0.59607798 0.00784300
vt 0.00000000 0.00000000
vt 0.30980399 0.03921600
vt 0.00000000 0.00000000
vt 0.00000000 0.00000000
vt 0.00000000 0.00000000
vt 0.00000000 0.58823502
vt 0.00000000 0.00000000
vt 0.00000000 0.00000000
vt 0.00000000 0.00000000
vt 0.00000000 0.89019603
vt 0.00000000 0.00000000
vt 0.00000000 0.45490199
vt 0.00000000 0.00000000
vt 0.00000000 0.21568599
vt 0.00000000 0.00000000
vt 0.00000000 0.00000000
vt 0.00000000 0.00000000
vt 0.00000000 0.00000000
vt 0.00000000 0.00000000
vt 0.00000000 0.00000000
vt 0.00000000 0.00000000
vt 0.00000000 0.00000000
vt 0.00000000 0.00000000
vt 0.00000000 0.00000000
vt 0.00000000 0.70196098
vt 0.00000000 0.94902003
vt 0.97254902 0.73333299
vt 0.03529400 0.07451000
vt 0.97647101 0.06274500
vt 0.97647101 0.08627500
vt 0.00000000 0.00000000
vt 0.00000000 0.00000000
vt 0.00000000 0.00000000
vt 0.00000000 0.00000000
vt 0.00000000 0.00000000
vt 0.00000000 0.05490200
vt 0.00000000 0.02745100
vt 0.00000000 0.00000000
vt 0.00000000 0.00000000
vt 1.00000000 0.41568601
vt 0.92549002 0.76470602
vt 0.00000000 0.00000000
vt 0.96078402 0.69019598
vt 1.00000000 0.66666698
vt 0.00000000 0.00000000
vt 0.33333299 0.82745099
vt 0.00000000 0.00000000
vt 0.00000000 0.00000000
vt 0.00000000 0.00000000
vt 0.00000000 0.00000000
vt 0.10980400 1.00000000
vt 0.00000000 0.16470601
vt 0.00000000 0.00000000
vt 0.00000000 0.00000000
vt 0.00000000 0.00000000
vt 0.00000000 0.00000000
vt 0.00000000 0.00000000
vt 0.00000000 0.00000000
vt 0.00000000 0.00000000
vt 0.00000000 0.00000000
vt 1.00000000 0.46666700
vt 0.00000000 0.00000000
vt 0.00000000 0.00000000
vt 1.00000000 0.46666700
vt 0.00000000 0.00000000
vt 0.00000000 0.00000000
vt 1.00000000 0.46666700
vt 1.00000000 0.04313700
vt 0.00000000 0.00000000
vt 1.00000000 0.46666700
vt 0.00000000 0.00000000
vt 0.49803901 0.50588202
vt 0.00000000 0.00000000
vt 0.00000000 0.00000000
vt 0.36862701 0.00000000
vt 0.49019599 0.00000000
vt 0.00000000 0.00000000
vt 0.61960799 0.78823501
vt 0.00000000 0.00000000
vt 0.00000000 0.00000000
vt 0.00000000 0.00000000
vt 0.00000000 0.00000000
vt 0.00000000 0.00000000
vt 0.00000000 0.00000000
vt 0.00000000 0.00000000
vt 0.00000000 0.00000000
vt 0.00000000 0.00000000
vt 0.00000000 0.00000000
vt 0.34117600 0.03137300
vt 1.00000000 0.33333299
vt 0.00000000 0.00000000
vt 0.00000000 0.00000000
vt 0.00000000 0.00000000
vt 0.00000000 0.00000000
vt 0.00000000 0.00000000
vt 0.00000000 0.00000000
vt 0.00000000 0.00000000
vt 0.00000000 0.00000000
vt 0.00000000 0.00000000
vt 0.00000000 0.00000000
vt 0.97254902 0.73333299
vt 0.00000000 0.00000000
vt 0.03529400 0.07451000
vt 0.96078402 0.75686300
vt 0.00000000 0.00000000
vt 0.00000000 0.00000000
vt 0.00000000 0.00000000
vt 0.00000000 0.00000000
vt 0.00000000 0.00000000
vt 0.00000000 0.00000000
vt 0.00000000 0.00000000
vt 0.00000000 0.00000000
vt 0.00000000 0.00000000
vt 0.00000000 0.00000000
vt 0.00000000 0.00000000
vt 0.00000000 0.00000000
vt 0.00000000 0.00000000
vt 0.00000000 0.00000000
vt 0.00000000 0.00000000
vt 0.00000000 0.00000000
vt 0.00000000 0.60000002
vt 0.00000000 0.53333300
vt 0.00000000 0.00000000
vt 0.00000000 0.00000000
vt 0.00000000 0.00000000
vt 1.00000000 0.93333298
vt 1.00000000 0.86666697
vt 0.00000000 0.13333300
vt 0.00000000 0.00000000
vt 0.00000000 0.00000000
vt 0.00000000 0.50196099
vt 0.01176500 0.39607799
vt 0.00000000 0.00000000
vt 0.00000000 0.00000000
vt 1.00000000 0.93333298
vt 1.00000000 0.81176502
vt 0.00000000 0.00000000
vt 0.00000000 0.89019603
vt 0.92549002 0.23529400
vt 0.87058800 0.83921599
vt 0.00000000 0.00000000
vt 0.00000000 0.00000000
vt 0.00000000 0.00000000
vt 0.00000000 0.00000000
vt 0.00000000 0.33333299
vt 0.00000000 0.00000000
vt 0.00000000 0.00000000
vt 0.00000000 0.33333299
vt 0.00000000 0.00000000
vt 0.01176500 0.39607799
vt 0.00000000 0.00000000
vt 0.00000000 0.00000000
vt 1.00000000 0.73333299
vt 0.00000000 0.73333299
vt 0.00000000 0.00000000
vt 0.00000000 0.00000000
vt 0.00000000 0.33333299
vt 0.00000000 0.26666701
vt 0.00000000 0.00000000
vt 1.00000000 0.33333299
vt 0.00000000 0.26666701
vt 0.00000000 0.00000000
vt 0.00000000 0.00000000
vt 0.00000000 0.00000000
vt 0.00000000 0.00000000
vt 0.10980400 0.82745099
vt 0.00000000 0.00000000
vt 0.00000000 0.00000000
vt 1.00000000 0.46666700
vt 1.00000000 0.53333300
vt 0.00000000 0.53333300
vt 0.69019598 0.97647101
vt 0.00000000 0.00000000
vt 1.00000000 0.00000000
vt 0.00000000 0.00000000
vt 0.00000000 0.00000000
vt 1.00000000 0.00000000
vt 0.00000000 0.00000000
vt 0.00000000 0.00000000
vt 1.00000000 0.00000000
vt 0.00000000 0.00000000
vt 0.00000000 0.00000000
vt 0.00000000 0.00000000
vt 0.00000000 0.00000000
vt 0.00000000 0.00000000
vt 0.49803901 0.50588202
vt 0.00000000 0.00000000
vt 0.00000000 0.00000000
vt 0.49803901 0.50588202
vt 0.00000000 0.00000000
vt 0.00000000 0.00000000
vt 0.49803901 0.50588202
vt 0.00000000 0.00000000
vt 0.00000000 0.00000000
vt 0.49803901 0.50588202
vt 1.00000000 0.40000001
vt 0.00000000 0.00000000
vt 1.00000000 0.46666700
vt 0.00000000 0.00000000
vt 0.00000000 0.00000000
vt 0.00000000 0.00000000
vt 0.00000000 0.00000000
vt 0.00000000 0.00000000
vt 0.00000000 0.00000000
vt 0.93333298 0.25097999
vt 0.00000000 0.00000000
vt 0.00000000 0.00000000
vt 0.61960799 0.78823501
vt 0.00000000 0.00000000
vt 0.00000000 0.00000000
vt 0.00000000 0.00000000
vt 0.97647101 0.11372500
vt 0.00000000 0.00000000
vt 0.00000000 0.00000000
vt 0.00000000 0.00000000
vt 0.96078402 0.75686300
vt 0.00000000 0.00000000
vt 0.88235301 0.81960797
vt 0.00000000 0.00000000
vt 0.00000000 0.00000000
vt 0.00000000 0.00000000
vt 0.00000000 0.00000000
vt 0.00000000 0.00000000
vt 1.00000000 0.25097999
vt 0.00000000 0.00000000
vt 0.00000000 0.00000000
vt 1.00000000 0.25097999
vt 0.00000000 0.00000000
vt 0.00000000 0.00000000
vt 1.00000000 0.25097999
vt 0.00000000 0.00000000
vt 0.00000000 0.00000000
vt 1.00000000 0.25097999
vt 0.14509800 0.85490203
vt 0.00000000 0.00000000
vt 0.88235301 0.81960797
vt 0.00000000 0.00000000
vt 0.00000000 0.00000000
vt 0.00000000 0.00000000
vt 0.00000000 0.00000000
vt 0.00000000 0.00000000
vt 0.00000000 0.00000000
vt 0.00000000 0.00000000
vt 1.00000000 0.40000001
vt 1.00000000 0.33333299
vt 0.00000000 0.00000000
vt 0.00000000 0.00000000
vt 1.00000000 0.66666698
vt 1.00000000 0.73333299
vt 0.00000000 0.73333299
vt 0.00000000 0.00000000
vt 0.00000000 0.73333299
vt 1.00000000 0.73333299
vt 0.00000000 0.00000000
vt 0.00000000 0.00000000
vt 0.00000000 0.67843097
vt 0.00000000 0.00000000
vt 0.99607801 0.66274500
vt 1.00000000 0.50196099
vt 0.00000000 0.00000000
vt 0.00000000 0.00000000
vt 0.00000000 0.26666701
vt 0.00000000 0.33333299
vt 0.00000000 0.00000000
vt 0.00000000 0.33333299
vt 0.00000000 0.40000001
vt 0.00000000 0.00000000
vt 0.00000000 0.40000001
vt 0.00000000 0.00000000
vt 0.00000000 0.00000000
vt 0.00000000 0.00000000
vt 0.00000000 0.00000000
vt 0.00000000 0.00000000
vt 0.00000000 0.00000000
vt 0.00000000 0.60000002
vt 0.00000000 0.00000000
vt 0.00000000 0.60000002
vt 0.00000000 0.00000000
vt 0.00000000 0.00000000
vt 0.00000000 0.00000000
vt 0.00000000 0.00000000
vt 0.00000000 0.00000000
vt 0.00000000 0.00000000
vt 0.00000000 0.00000000
vt 0.00000000 0.00000000
vt 0.00000000 0.00000000
vt 0.00000000 0.00000000
vt 0.00000000 0.00000000
vt 0.00000000 0.00000000
vt 0.00000000 0.93333298
vt 0.00000000 0.00000000
vt 0.00000000 0.93333298
vt 0.00000000 1.00000000
vt 0.00000000 0.00000000
vt 0.00000000 1.00000000
vt 0.00000000 0.00000000
vt 0.00000000 0.00000000
vt 0.00000000 0.00000000
vt 0.00000000 0.00000000
vt 0.00000000 0.00000000
vt 0.00000000 0.00000000
vt 0.00000000 0.00000000
vt 0.00000000 0.00000000
vt 0.00000000 0.00000000
vt 0.00000000 0.00000000
vt 0.00000000 0.00000000
vt 0.00000000 0.00000000
vt 0.00000000 0.33333299
vt 0.00000000 0.00000000
vt 0.00000000 0.33333299
vt 0.00000000 0.40000001
vt 0.00000000 0.00000000
vt 0.00000000 0.40000001
vt 0.00000000 0.46666700
vt 0.00000000 0.00000000
vt 0.00000000 0.46666700
vt 0.00000000 0.53333300
vt 0.00000000 0.00000000
vt 0.00000000 0.53333300
vt 0.34509799 0.02352900
vt 0.00000000 0.00000000
vt 0.34509799 0.02352900
vt 0.25097999 0.06274500
vt 0.00000000 0.00000000
vt 0.25097999 0.06274500
vt 0.00000000 0.73333299
vt 0.00000000 0.00000000
vt 0.00000000 0.73333299
vt 0.00000000 0.00000000
vt 0.00000000 0.00000000
vt 0.00000000 0.00000000
vt 0.04313700 0.29411799
vt 0.00000000 0.00000000
vt 0.04313700 0.29411799
vt 0.01176500 0.39607799
vt 0.00000000 0.00000000
vt 0.01176500 0.39607799
vt 0.00000000 0.50196099
vt 0.00000000 0.00000000
vt 0.00000000 0.50196099
vt 0.01176500 0.60392201
vt 0.00000000 0.00000000
vt 0.01176500 0.60392201
vt 0.00000000 0.13333300
vt 0.00000000 0.93333298
vt 1.00000000 0.93333298
vt 0.00000000 0.00000000
vt 0.00000000 1.00000000
vt 0.00000000 0.00000000
vt 0.00000000 1.00000000
vt 0.00000000 0.00000000
vt 0.00000000 0.00000000
vt 0.00000000 0.00000000
vt 0.00000000 0.86274499
vt 0.00000000 0.00000000
vt 0.80000001 0.90196103
vt 0.00000000 0.00000000
vt 0.00000000 0.00000000
vt 0.00000000 0.13333300
vt 0.00000000 0.00000000
vt 1.00000000 0.93333298
vt 1.00000000 0.86666697
vt 0.00000000 0.00000000
vt 0.00000000 0.13333300
vt 0.00000000 0.00000000
vt 1.00000000 0.20000000
vt 0.00000000 0.00000000
vt 0.00000000 0.00000000
vt 0.00000000 0.00000000
vt 0.00000000 0.00000000
vt 0.00000000 0.60000002
vt 0.00000000 0.00000000
vt 0.00000000 0.00000000
vt 1.00000000 0.33333299
vt 0.00000000 0.00000000
vt 1.00000000 0.40000001
vt 0.00000000 0.00000000
vt 0.00000000 0.00000000
vt 0.00000000 0.63137299
vt 0.00000000 0.60392201
vt 0.00000000 0.00000000
vt 0.00000000 0.00000000
vt 0.00000000 0.11764700
vt 0.00000000 0.00000000
vt 0.00000000 0.00000000
vt 0.00000000 0.00000000
vt 1.00000000 0.18823500
vt 0.00000000 0.00000000
vt 0.14509800 0.14509800
vt 0.25097999 0.93333298
vt 1.00000000 0.46666700
vt 1.00000000 0.40000001
vt 0.00000000 0.00000000
vt 0.00000000 0.00000000
vt 0.00000000 0.00000000
vt 0.00000000 0.00000000
vt 0.65490198 0.87058800
vt 0.00000000 0.60392201
vt 0.00000000 0.00000000
vt 0.31764701 0.58431399
vt 0.23137300 0.94902003
vt 0.00000000 0.00000000
vt 0.00000000 0.97254902
vt 0.23137300 0.97254902
vt 0.00000000 0.00000000
vt 0.93333298 0.25097999
vt 0.00000000 0.00000000
vt 0.00000000 0.00000000
vt 0.00000000 0.00000000
vt 0.93333298 0.25097999
vt 0.00000000 0.00000000
vt 0.00000000 0.00000000
vt 0.00000000 0.16862699
vt 1.00000000 0.93333298
vt 0.00000000 0.00000000
vt 0.00000000 0.00000000
vt 0.00000000 0.00000000
vt 0.00000000 0.13333300
vt 0.00000000 0.00000000
vt 1.00000000 0.20000000
vt 0.00000000 0.00000000
vt 0.00000000 0.00000000
vt 0.00000000 0.40000001
vt 1.00000000 0.46666700
vt 0.00000000 0.00000000
vt 0.00000000 0.89019603
vt 0.00000000 0.00000000
vt 0.30980399 0.03921600
vt 0.00000000 0.00000000
vt 0.00000000 0.02352900
vt 0.00000000 0.84313703
vt 0.00000000 0.00000000
vt 0.00000000 0.00000000
vt 0.00000000 0.00000000
vt 0.00000000 0.73333299
vt 1.00000000 0.73333299
vt 0.00000000 0.00000000
vt 0.00000000 0.00000000
vt 0.00000000 0.02352900
vt 0.00000000 0.00000000
vt 0.00000000 0.97254902
vt 0.00000000 0.00000000
vt 0.00000000 0.00000000
vt 0.23137300 0.97254902
vt 0.00000000 0.43921599
vt 0.00000000 0.00000000
vt 0.00000000 0.00000000
vt 0.00000000 0.00000000
vt 0.00000000 0.00000000
vt 0.00000000 0.66666698
vt 0.00000000 0.00000000
vt 0.00000000 0.00000000
vt 0.00000000 0.13725500
vt 0.00000000 0.10980400
vt 0.00000000 0.05490200
vt 0.00000000 0.00000000
vt 0.99215698 0.59607798
vt 0.00000000 0.00000000
vt 0.00000000 0.02745100
vt 0.00000000 0.00000000
vt 0.00000000 0.00000000
vt 0.00000000 0.00000000
vt 0.00000000 0.00000000
vt 1.00000000 0.53333300
vt 0.00000000 0.00000000
vt 0.00000000 0.00000000
vt 0.00000000 0.00000000
vt 1.00000000 0.53333300
vt 0.00000000 0.00000000
vt 0.00000000 0.00000000
vt 1.00000000 0.53333300
vt 0.00000000 0.00000000
vt 0.00000000 0.00000000
vt 0.00000000 0.00000000
vt 1.00000000 0.50196099
vt 0.00000000 0.00000000
vt 0.00000000 0.74901998
vt 0.00000000 0.00000000
vt 0.00000000 0.00000000
vt 0.00000000 0.00000000
vt 0.00000000 0.00000000
vt 1.00000000 0.86666697
vt 1.00000000 0.66274500
vt 0.00000000 0.00000000
vt 0.00000000 0.00000000
vt 0.00000000 0.00000000
vt 0.00000000 0.00000000
vt 0.00000000 0.00000000
vt 0.00000000 0.00000000
vt 1.00000000 0.66274500
vt 0.00000000 0.43921599
vt 0.00000000 0.00000000
vt 0.00000000 0.00000000
vt 0.00000000 0.00000000
vt 0.00000000 0.00000000
vt 0.00000000 0.00000000
vt 0.00000000 0.00000000
vt 0.99215698 0.41176501
vt 0.00000000 0.83529401
vt 0.00000000 0.00000000
vt 0.00000000 0.00000000
vt 0.00000000 0.00000000
vt 0.00000000 0.00000000
vt 0.00000000 0.00000000
vt 0.00000000 0.00000000
vt 0.99215698 0.41176501
vt 1.00000000 0.93725502
vt 0.00000000 0.00000000
vt 0.00000000 0.00000000
vt 1.00000000 0.00000000
vt 0.34509799 0.02352900
vt 0.00000000 0.00000000
vt 1.00000000 0.46666700
vt 1.00000000 0.40000001
vt 0.00000000 0.00000000
vt 0.00000000 0.00000000
vt 0.00000000 0.00000000
vt 1.00000000 0.46666700
vt 1.00000000 0.46666700
vt 0.00000000 0.53333300
vt 0.00000000 0.46666700
vt 0.00000000 0.00000000
vt 0.00000000 0.00000000
vt 0.00000000 0.00000000
vt 0.00000000 0.00000000
vt 0.41176501 0.99215698
vt 0.00000000 0.00000000
vt 1.00000000 0.53333300
vt 1.00000000 0.46666700
vt 0.00000000 0.00000000
vt 0.00000000 0.00000000
vt 0.00000000 0.00000000
vt 0.00000000 0.00000000
vt 1.00000000 0.20000000
vt 1.00000000 0.26666701
vt 0.00000000 0.26666701
vt 0.00000000 0.00000000
vt 0.00000000 0.00000000
vt 0.00000000 0.70196098
vt 0.00000000 0.00000000
vt 0.51372600 1.00000000
vt 0.00000000 0.00000000
vt 0.00000000 0.63137299
vt 0.00000000 0.00000000
vt 0.00000000 0.00000000
vt 0.00000000 0.63137299
vt 0.00000000 0.00000000
vt 0.51372600 1.00000000
vt 0.00000000 0.00000000
vt 0.50196099 1.00000000
vt 0.00000000 0.00000000
vt 0.00000000 0.00000000
vt 0.00000000 0.00000000
vt 0.00000000 0.00000000
vt 0.00000000 0.00000000
vt 0.00000000 0.86274499
vt 0.00000000 0.00000000
vt 0.00000000 0.00000000
vt 0.00000000 0.00000000
vt 0.00000000 0.00000000
vt 0.00000000 0.00000000
vt 0.00000000 0.00000000
vt 0.00000000 0.00000000
vt 0.00000000 0.52941197
vt 0.00000000 0.00000000
vt 0.04313700 0.29411799
vt 0.09411800 0.20392200
vt 0.00000000 0.00000000
vt 0.00000000 0.00000000
vt 0.65490198 0.87058800
vt 0.00000000 0.00000000
vt 0.00000000 0.00000000
vt 0.00000000 0.00000000
vt 0.00000000 0.00000000
vt 0.00000000 0.00000000
vt 0.00000000 0.00000000
vt 1.00000000 0.18823500
vt 0.00000000 0.00000000
vt 0.00000000 0.00000000
vt 0.88235301 0.81960797
vt 1.00000000 0.86666697
vt 0.00000000 0.00000000
vt 0.00000000 0.00000000
vt 1.00000000 0.93333298
vt 0.00000000 0.00000000
vt 0.08235300 0.77647102
vt 0.00000000 0.82352901
vt 0.00000000 0.00000000
vt 0.00000000 0.77647102
vt 0.00000000 0.58823502
vt 0.59607798 0.00784300
vt 0.00000000 0.58823502
vt 0.00000000 0.00000000
vt 1.00000000 0.56078398
vt 1.00000000 0.33333299
vt 1.00000000 0.40000001
vt 0.00000000 0.40000001
vt 0.00000000 0.33333299
vt 1.00000000 0.33333299
vt 1.00000000 0.26666701
vt 0.58039200 0.85882401
vt 0.81960797 0.85882401
vt 0.00000000 0.00000000
vt 0.00000000 1.00000000
vt 0.00000000 0.00000000
vt 1.00000000 0.93333298
vt 0.65490198 0.87058800
vt 0.00000000 0.00000000
vt 0.00000000 0.60392201
vt 0.00000000 0.00000000
vt 0.00000000 0.00000000
vt 0.00000000 0.60392201
vt 0.00000000 0.00000000
vt 0.00000000 0.00000000
vt 0.00000000 0.60392201
vt 0.00000000 0.00000000
vt 0.00000000 0.00000000
vt 0.00000000 0.00000000
vt 0.00000000 0.00000000
vt 0.00000000 0.00000000
vt 0.00000000 0.00000000
vt 0.00000000 0.00000000
vt 0.00000000 0.00000000
vt 0.06666700 0.91372597
vt 0.14509800 0.94902003
vt 0.99607801 0.30588201
vt 0.00000000 0.00000000
vt 0.00000000 0.00000000
vt 0.00000000 0.00000000
vt 0.00000000 0.00000000
vt 0.00000000 0.00000000
vt 0.00000000 0.00000000
vt 0.00000000 0.00000000
vt 0.00000000 0.00000000
vt 0.00000000 0.50196099
vt 0.00000000 0.00000000
vt 1.00000000 0.93333298
vt 0.01176500 0.60392201
vt 0.49019599 0.01568600
vt 0.00000000 0.00000000
vt 1.00000000 0.73333299
vt 0.00000000 0.00000000
vt 0.00000000 0.00000000
vt 1.00000000 0.73333299
vt 0.00000000 0.00000000
vt 0.00000000 0.00000000
vt 1.00000000 0.73333299
vt 0.00000000 0.00000000
vt 0.00000000 0.00000000
vt 1.00000000 0.73333299
vt 0.00000000 0.00000000
vt 0.00000000 0.00000000
vt 0.00000000 0.00000000
vt 0.00000000 0.00000000
vt 0.00000000 0.83529401
vt 0.00000000 0.00000000
vt 0.00000000 0.00000000
vt 0.00000000 0.00000000
vt 0.00000000 0.00000000
vt 0.00000000 0.00000000
vt 0.00000000 0.11764700
vt 0.00000000 0.00000000
vt 1.00000000 0.25097999
vt 0.00000000 0.00000000
vt 0.00000000 0.00000000
vt 0.00000000 0.00000000
vt 0.00000000 0.00000000
vt 0.00000000 0.00000000
vt 0.00000000 0.00000000
vt 0.80000001 0.90196103
vt 0.00000000 0.16862699
vt 0.00000000 0.30980399
vt 0.00000000 0.00000000
vt 0.00000000 0.00000000
vt 0.00000000 0.00000000
vt 0.00000000 0.00000000
vt 0.00000000 0.66666698
vt 0.00000000 0.50196099
vt 0.34509799 0.02352900
vt 0.00000000 0.00000000
vt 1.00000000 0.66666698
vt 0.25097999 0.06274500
vt 0.99607801 0.32941201
vt 1.00000000 0.86666697
vt 0.00000000 0.00000000
vt 0.00000000 0.00000000
vt 0.00000000 0.00000000
vt 0.49019599 0.01568600
vt 0.00000000 0.00000000
vt 0.00000000 0.00000000
vt 0.00000000 0.00000000
vt 0.49019599 0.98431402
vt 0.00000000 0.00000000
vt 0.00000000 0.00000000
vt 0.00000000 0.81176502
vt 0.14509800 0.81568599
vt 0.14509800 0.62745100
vt 0.00000000 0.89411801
vt 0.23137300 0.92156899
vt 0.23137300 0.89411801
vt 0.23137300 0.89411801
vt 0.23137300 0.92156899
vt 0.43529400 0.89411801
vt 0.23137300 0.89411801
vt 0.43529400 0.89411801
vt 0.43529400 0.89411801
vt 0.43529400 0.94902003
vt 0.43529400 0.92156899
vt 0.23137300 0.94902003
vt 0.23137300 0.94902003
vt 0.43529400 0.92156899
vt 0.23137300 0.92156899
vt 0.23137300 0.94902003
vt 0.23137300 0.92156899
vt 0.00000000 0.92156899
vt 0.00000000 0.92156899
vt 0.23137300 0.92156899
vt 0.00000000 0.89411801
vt 1.00000000 0.24313700
vt 0.81960797 0.22352900
vt 0.81960797 0.25490201
vt 0.81960797 0.25490201
vt 0.81960797 0.22352900
vt 0.58039200 0.22352900
vt 0.81960797 0.25490201
vt 0.58039200 0.22352900
vt 0.58039200 0.25490201
vt 1.00000000 0.20000000
vt 0.81960797 0.19215700
vt 0.81960797 0.22352900
vt 0.58039200 0.22352900
vt 0.58039200 0.19215700
vt 0.34117600 0.19215700
vt 0.58039200 0.22352900
vt 0.34117600 0.19215700
vt 0.34117600 0.22352900
vt 1.00000000 0.17647099
vt 0.81960797 0.16078401
vt 0.81960797 0.19215700
vt 0.81960797 0.19215700
vt 0.81960797 0.16078401
vt 0.58039200 0.16078401
vt 0.81960797 0.19215700
vt 0.58039200 0.16078401
vt 0.58039200 0.19215700
vt 1.00000000 0.15294100
vt 0.81960797 0.12941200
vt 0.81960797 0.16078401
vt 0.58039200 0.16078401
vt 0.58039200 0.12941200
vt 0.34117600 0.12941200
vt 0.58039200 0.16078401
vt 0.34117600 0.12941200
vt 0.34117600 0.16078401
vt 1.00000000 0.17647099
vt 0.81960797 0.19215700
vt 1.00000000 0.20000000
vt 1.00000000 0.15294100
vt 0.81960797 0.16078401
vt 1.00000000 0.17647099
vt 0.45098001 0.95294100
vt 0.43529400 0.94902003
vt 0.23137300 0.94902003
vt 1.00000000 0.13333300
vt 0.81960797 0.12941200
vt 1.00000000 0.15294100
vt 0.10980400 1.00000000
vt 0.22352900 1.00000000
vt 0.10980400 0.82745099
vt 0.33333299 0.12156900
vt 0.49019599 0.00000000
vt 0.36862701 0.00000000
vt 0.33333299 0.35686299
vt 0.33333299 0.12156900
vt 0.10980400 0.12156900
vt 0.10980400 0.12156900
vt 0.33333299 0.12156900
vt 0.24705900 0.00000000
vt 0.10980400 0.35686299
vt 0.33333299 0.35686299
vt 0.10980400 0.12156900
vt 0.24705900 0.00000000
vt 0.33333299 0.12156900
vt 0.36862701 0.00000000
vt 1.00000000 0.26274499
vt 0.81960797 0.25490201
vt 0.81960797 0.28627500
vt 1.00000000 0.24313700
vt 0.81960797 0.25490201
vt 1.00000000 0.26274499
vt 1.00000000 0.87450999
vt 1.00000000 0.81176502
vt 0.73725498 0.83921599
vt 0.00000000 0.24705900
vt 0.00000000 0.24705900
vt 0.14509800 0.24705900
vt 0.00000000 0.84313703
vt 0.23137300 0.86666697
vt 0.23137300 0.84313703
vt 0.23137300 0.89411801
vt 0.23137300 0.86666697
vt 0.00000000 0.87843102
vt 0.00000000 0.87843102
vt 0.23137300 0.86666697
vt 0.00000000 0.86666697
vt 0.81960797 0.12941200
vt 0.81960797 0.09411800
vt 0.58039200 0.09411800
vt 0.58039200 0.09411800
vt 0.81960797 0.09411800
vt 0.58039200 0.06274500
vt 0.58039200 0.09411800
vt 0.58039200 0.12941200
vt 0.81960797 0.12941200
vt 0.81960797 0.09411800
vt 1.00000000 0.08627500
vt 0.81960797 0.06274500
vt 0.81960797 0.09411800
vt 0.81960797 0.06274500
vt 0.58039200 0.06274500
vt 0.00000000 0.86666697
vt 0.23137300 0.86666697
vt 0.00000000 0.84313703
vt 0.23137300 0.89411801
vt 0.00000000 0.87843102
vt 0.00000000 0.89411801
vt 0.23137300 0.70980400
vt 0.61960799 0.70980400
vt 0.23137300 0.68235302
vt 0.23137300 0.68235302
vt 0.61960799 0.70980400
vt 0.61960799 0.68235302
vt 0.23137300 0.65882403
vt 0.61960799 0.65882403
vt 0.23137300 0.63137299
vt 0.23137300 0.63137299
vt 0.61960799 0.65882403
vt 0.61960799 0.63137299
vt 0.23137300 0.84313703
vt 0.43529400 0.81568599
vt 0.23137300 0.81568599
vt 0.23137300 0.70980400
vt 0.00000000 0.70980400
vt 0.23137300 0.73725498
vt 0.23137300 0.73725498
vt 0.00000000 0.70980400
vt 0.00000000 0.73725498
vt 0.23137300 0.78823501
vt 0.48627499 0.80000001
vt 0.51372600 0.80000001
vt 0.23137300 0.78823501
vt 0.51372600 0.80000001
vt 0.57254899 0.79607898
vt 0.58039200 0.89411801
vt 0.81960797 0.89411801
vt 0.58039200 0.85882401
vt 0.58039200 0.89411801
vt 0.34117600 0.89411801
vt 0.58039200 0.92549002
vt 0.81960797 0.92549002
vt 0.58039200 0.92549002
vt 0.81960797 0.95686299
vt 0.34117600 0.89411801
vt 0.34117600 0.92549002
vt 0.58039200 0.92549002
vt 0.58039200 0.92549002
vt 0.58039200 0.95686299
vt 0.81960797 0.95686299
vt 0.58039200 0.95686299
vt 0.34117600 0.95686299
vt 0.58039200 0.98823500
vt 0.81960797 0.98823500
vt 0.58039200 0.98823500
vt 0.81960797 0.00000000
vt 0.81960797 0.98823500
vt 0.81960797 0.00000000
vt 1.00000000 1.00000000
vt 0.34117600 0.95686299
vt 0.34117600 0.98823500
vt 0.58039200 0.98823500
vt 0.58039200 0.98823500
vt 0.58039200 0.00000000
vt 0.81960797 0.00000000
vt 0.81960797 0.00000000
vt 0.81960797 0.03137300
vt 1.00000000 0.02352900
vt 1.00000000 0.02352900
vt 0.81960797 0.03137300
vt 1.00000000 0.04313700
vt 0.34117600 0.03137300
vt 0.58039200 0.03137300
vt 0.34117600 0.00000000
vt 0.34117600 0.00000000
vt 0.58039200 0.03137300
vt 0.58039200 0.00000000
vt 0.58039200 0.06274500
vt 0.81960797 0.06274500
vt 0.58039200 0.03137300
vt 0.58039200 0.03137300
vt 0.81960797 0.06274500
vt 0.81960797 0.03137300
vt 0.81960797 0.06274500
vt 1.00000000 0.04313700
vt 0.81960797 0.03137300
vt 0.81960797 0.89411801
vt 0.81960797 0.85882401
vt 0.58039200 0.85882401
vt 0.00000000 0.16862699
vt 1.00000000 0.15686300
vt 1.00000000 0.17647099
vt 0.23137300 0.60392201
vt 0.61960799 0.60392201
vt 0.23137300 0.58039200
vt 0.23137300 0.58039200
vt 0.61960799 0.60392201
vt 0.61960799 0.58039200
vt 0.99607801 0.32941201
vt 0.00000000 0.30980399
vt 0.99607801 0.30588201
vt 0.00000000 0.00000000
vt 0.00000000 0.00000000
vt 0.13333300 0.05490200
vt 0.00000000 0.00000000
vt 0.13333300 0.05490200
vt 0.22745100 0.02745100
vt 0.00000000 0.00000000
vt 0.22745100 0.02745100
vt 0.33725500 0.00784300
vt 0.00000000 0.00000000
vt 0.33725500 0.00784300
vt 0.45882401 0.00000000
vt 0.00000000 0.00000000
vt 0.00000000 0.00000000
vt 0.00000000 0.50196099
vt 0.00000000 0.00000000
vt 0.00000000 0.50196099
vt 0.00000000 0.60000002
vt 0.00000000 0.00000000
vt 0.00000000 0.60000002
vt 0.00000000 0.70196098
vt 0.00000000 0.00000000
vt 0.00000000 0.00000000
vt 0.00000000 1.00000000
vt 0.00000000 0.00000000
vt 0.00000000 0.00000000
vt 0.00000000 0.08235300
vt 0.00000000 0.00000000
vt 0.00000000 0.08235300
vt 0.00000000 0.16470601
vt 0.00000000 0.00000000
vt 0.00000000 0.16470601
vt 0.00000000 0.25097999
vt 0.00000000 0.00000000
vt 0.00000000 0.25097999
vt 0.00000000 0.33333299
vt 0.00000000 0.00000000
vt 0.00000000 0.33333299
vt 0.00000000 0.41568601
vt 0.00000000 0.00000000
vt 0.00000000 0.41568601
vt 0.00000000 0.50196099
vt 0.00000000 0.00000000
vt 0.00000000 0.00000000
vt 0.36470601 0.99215698
vt 0.00000000 0.00000000
vt 0.00000000 0.00000000
vt 0.06666700 0.91372597
vt 0.00000000 0.00000000
vt 0.06666700 0.91372597
vt 0.01568600 0.87058800
vt 0.80000001 0.90196103
vt 0.00000000 0.00000000
vt 0.87058800 0.83921599
vt 0.00000000 0.13725500
vt 0.06666700 0.91372597
vt 0.00000000 0.00000000
vt 0.01568600 0.87058800
vt 0.00000000 0.00000000
vt 0.23137300 0.94902003
vt 0.23137300 0.97254902
vt 0.23137300 0.63137299
vt 0.00000000 0.63137299
vt 0.00000000 0.00000000
vt 0.23137300 0.65882403
vt 0.61960799 0.68235302
vt 0.00000000 0.00000000
vt 0.34117600 0.98823500
vt 0.34117600 0.95686299
vt 0.58039200 0.22352900
vt 0.34117600 0.22352900
vt 0.00000000 0.00000000
vt 0.00000000 0.00000000
vt 0.69019598 0.03921600
vt 0.00000000 0.58823502
vt 0.00000000 0.80392200
vt 0.00000000 0.64705902
vt 0.45098001 0.95294100
vt 0.23137300 0.94902003
vt 0.00000000 0.00000000
vt 0.00000000 0.92156899
vt 0.00000000 0.00000000
vt 0.23137300 0.94902003
vt 0.61960799 0.73725498
vt 0.61960799 0.76470602
vt 0.34117600 0.00000000
vt 0.34117600 0.98823500
vt 0.00000000 0.00000000
vt 0.03921600 0.91764700
vt 0.97647101 0.92941201
vt 0.00000000 0.00000000
vt 0.13333300 0.05490200
vt 0.05882400 0.09019600
vt 0.00000000 0.94902003
vt 0.00000000 0.00000000
vt 0.00000000 0.00000000
vt 0.00000000 0.94509798
vt 0.00000000 0.91764700
vt 0.00000000 0.00000000
vt 0.00000000 0.91764700
vt 0.00000000 0.89019603
vt 0.00000000 0.00000000
vt 0.00000000 0.89019603
vt 0.00000000 0.86274499
vt 0.00000000 0.00000000
vt 0.34117600 0.22352900
vt 0.34117600 0.19215700
vt 0.14509800 0.94902003
vt 0.34117600 0.00000000
vt 0.61960799 0.76470602
vt 0.61960799 0.78823501
vt 0.00000000 0.00000000
vt 0.00000000 0.00000000
vt 0.00000000 0.97647101
vt 0.00000000 0.89411801
vt 0.00000000 0.87843102
vt 0.14509800 0.81568599
vt 0.00000000 0.81176502
vt 0.43529400 0.92156899
vt 0.00000000 0.81176502
vt 0.23137300 0.92156899
vt 0.43529400 0.92156899
vt 0.14509800 0.05882400
vt 0.43529400 0.81568599
vt 0.23137300 0.84313703
vt 0.00000000 0.24705900
vt 0.00000000 0.00000000
vt 0.00000000 0.00000000
vt 0.99215698 0.40784299
vt 0.00000000 0.97254902
vt 0.49019599 0.98431402
vt 1.00000000 0.98039198
vt 0.00000000 0.00000000
vt 1.00000000 0.98039198
vt 0.00000000 0.06274500
vt 0.00000000 0.07843100
vt 0.00000000 0.06274500
vt 0.13333300 0.05490200
vt 0.00000000 0.00000000
vt 0.00000000 0.06274500
vt 0.00000000 0.04705900
vt 0.13333300 0.05490200
vt 0.00000000 0.04705900
vt 0.22745100 0.02745100
vt 0.13333300 0.05490200
vt 1.00000000 0.15686300
vt 1.00000000 0.14117600
vt 0.00000000 0.14117600
vt 0.00000000 0.16862699
vt 0.00000000 0.20392200
vt 0.00000000 0.21960799
vt 0.00000000 0.00000000
vt 0.00000000 0.97254902
vt 0.00000000 0.94902003
vt 0.00000000 0.00000000
vt 0.00784300 0.40784299
vt 0.32941201 0.96862799
vt 0.03529400 0.31764701
vt 1.00000000 0.06274500
vt 0.96470600 0.31764701
vt 0.00000000 0.91764700
vt 0.00000000 0.94509798
vt 0.00000000 0.16470601
vt 0.00000000 0.08235300
vt 0.00000000 0.00000000
vt 0.00000000 0.00000000
vt 0.00000000 0.97254902
vt 0.99215698 0.40784299
vt 0.00000000 0.00000000
vt 1.00000000 0.87450999
vt 0.00000000 0.82352901
vt 0.00000000 0.00000000
vt 0.00000000 0.88235301
vt 0.92549002 0.23529400
vt 0.00000000 0.89019603
vt 0.00000000 0.91764700
vt 0.00000000 0.00000000
vt 0.00000000 0.86274499
vt 0.00000000 0.89019603
vt 0.00000000 0.00000000
vt 0.00000000 0.80392200
vt 0.00000000 0.00000000
vt 0.00000000 0.83529401
vt 0.00000000 0.66666698
vt 0.49019599 0.98431402
vt 0.00000000 0.00000000
vt 0.00000000 0.80392200
vt 0.49019599 0.01568600
vt 1.00000000 0.01960800
vt 0.00000000 0.00000000
vt 0.00000000 0.00000000
vt 0.00000000 0.33333299
vt 0.88235301 0.81960797
vt 0.00000000 0.00000000
vt 0.58039200 0.25490201
vt 0.58039200 0.22352900
vt 0.00000000 0.00000000
vt 0.58039200 0.28627500
vt 0.81960797 0.28627500
vt 0.81960797 0.25490201
vt 0.58039200 0.25490201
vt 0.58039200 0.92549002
vt 0.81960797 0.92549002
vt 0.81960797 0.89411801
vt 0.58039200 0.89411801
vt 0.14509800 0.24705900
vt 0.00000000 0.00000000
vt 0.34117600 0.12941200
vt 0.34117600 0.09411800
vt 0.14509800 0.62745100
vt 0.43529400 0.89411801
vt 0.43529400 0.89411801
vt 0.00000000 0.00000000
vt 0.23137300 0.84313703
vt 0.23137300 0.86666697
vt 0.43529400 0.86666697
vt 0.14509800 0.81568599
vt 0.14509800 1.00000000
vt 0.34117600 0.19215700
vt 0.34117600 0.16078401
vt 1.00000000 0.97647101
vt 0.00000000 0.97254902
vt 0.00000000 0.21960799
vt 0.00000000 0.06274500
vt 1.00000000 0.98039198
vt 0.49019599 0.98431402
vt 0.00000000 0.00000000
vt 0.00000000 0.04705900
vt 0.00000000 0.06274500
vt 0.00000000 0.00000000
vt 0.33725500 0.00784300
vt 0.22745100 0.02745100
vt 0.00000000 0.00000000
vt 0.00000000 0.00000000
vt 0.00000000 0.00000000
vt 1.00000000 0.97647101
vt 0.00000000 0.00000000
vt 0.00000000 0.97254902
vt 0.00000000 0.00000000
vt 0.00000000 0.00000000
vt 0.00000000 1.00000000
vt 1.00000000 1.00000000
vt 0.00000000 0.00000000
vt 0.00000000 0.02745100
vt 0.00000000 0.00000000
vt 0.00000000 1.00000000
vt 1.00000000 0.87450999
vt 0.73725498 0.83921599
vt 0.92549002 0.23529400
vt 0.73725498 0.83921599
vt 1.00000000 0.81176502
vt 0.92549002 0.23529400
vt 0.49411801 1.00000000
vt 0.00000000 0.00000000
vt 0.36470601 0.99215698
vt 0.49019599 0.00000000
vt 0.33333299 0.12156900
vt 0.36470601 0.99215698
vt 0.33333299 0.12156900
vt 0.33333299 0.35686299
vt 0.36470601 0.99215698
vt 0.81960797 0.12941200
vt 0.58039200 0.12941200
vt 0.58039200 0.16078401
vt 0.81960797 0.16078401
vt 1.00000000 0.24313700
vt 0.00000000 0.00000000
vt 0.81960797 0.22352900
vt 0.00000000 0.00000000
vt 1.00000000 0.20000000
vt 0.81960797 0.22352900
vt 1.00000000 0.13333300
vt 0.00000000 0.00000000
vt 0.81960797 0.12941200
vt 0.00000000 0.00000000
vt 0.81960797 0.09411800
vt 0.81960797 0.12941200
vt 0.34117600 0.85882401
vt 0.34117600 0.89411801
vt 0.58039200 0.89411801
vt 0.58039200 0.85882401
vt 0.14509800 0.43921599
vt 0.14509800 0.62745100
vt 0.34117600 0.12941200
vt 0.14509800 0.24705900
vt 0.00000000 0.24705900
vt 0.00000000 0.00000000
vt 0.14509800 0.43921599
vt 0.14509800 0.43921599
vt 0.00000000 0.00000000
vt 0.00000000 0.43921599
vt 0.43529400 0.86666697
vt 0.23137300 0.86666697
vt 0.00000000 0.00000000
vt 0.14509800 0.62745100
vt 0.14509800 0.81568599
vt 0.34117600 0.16078401
vt 0.34117600 0.12941200
vt 0.00000000 0.14117600
vt 1.00000000 0.14117600
vt 0.00000000 0.00000000
vt 0.00000000 0.11764700
vt 0.00000000 0.00000000
vt 0.00000000 0.77647102
vt 0.00000000 0.80392200
vt 0.00000000 0.77647102
vt 0.00000000 0.00000000
vt 0.00000000 0.80392200
vt 0.00000000 0.00000000
vt 1.00000000 0.65882403
vt 0.00000000 0.66666698
vt 0.00000000 0.00000000
vt 0.45882401 0.00000000
vt 0.33725500 0.00784300
vt 0.00000000 0.77647102
vt 0.00000000 0.74901998
vt 0.00000000 0.00000000
vt 0.00000000 0.60000002
vt 0.00000000 0.50196099
vt 0.00000000 0.00000000
vt 0.00000000 0.16862699
vt 0.00000000 0.13725500
vt 0.89019603 0.18431400
vt 0.93333298 0.25097999
vt 0.00000000 0.00000000
vt 0.99215698 0.59607798
vt 1.00000000 0.50196099
vt 0.99215698 0.59607798
vt 0.96078402 0.69019598
vt 0.00000000 0.00000000
vt 0.99215698 0.59607798
vt 0.00000000 0.00000000
vt 1.00000000 0.37647101
vt 0.99215698 0.59607798
vt 1.00000000 0.37647101
vt 1.00000000 0.43921599
vt 0.99215698 0.59607798
vt 1.00000000 0.43921599
vt 1.00000000 0.50196099
vt 0.99215698 0.59607798
vt 1.00000000 0.50196099
vt 1.00000000 0.56078398
vt 0.99215698 0.59607798
vt 0.00000000 0.00000000
vt 0.08235300 0.77647102
vt 0.99215698 0.59607798
vt 0.00000000 0.00000000
vt 1.00000000 0.93725502
vt 0.99215698 0.59607798
vt 0.00000000 0.00000000
vt 1.00000000 0.06274500
vt 0.99215698 0.59607798
vt 1.00000000 0.06274500
vt 1.00000000 0.12548999
vt 0.99215698 0.59607798
vt 1.00000000 0.12548999
vt 1.00000000 0.18823500
vt 0.99215698 0.59607798
vt 0.00000000 0.00000000
vt 0.22352900 0.08235300
vt 0.99215698 0.59607798
vt 0.22352900 0.08235300
vt 0.30980399 0.03921600
vt 0.99215698 0.59607798
vt 0.00000000 0.00000000
vt 1.00000000 0.50196099
vt 0.99215698 0.59607798
vt 0.00000000 0.00000000
vt 0.69019598 0.03921600
vt 0.99215698 0.59607798
vt 1.00000000 0.81176502
vt 1.00000000 0.87450999
vt 0.99215698 0.59607798
vt 0.00000000 0.00000000
vt 1.00000000 0.50196099
vt 0.00000000 0.00000000
vt 0.00000000 0.00000000
vt 0.00000000 0.00000000
vt 0.61960799 0.65882403
vt 0.61960799 0.68235302
vt 0.34117600 0.95686299
vt 0.34117600 0.92549002
vt 0.00000000 0.00000000
vt 0.00000000 0.21568599
vt 0.00000000 0.00000000
vt 0.00000000 0.63137299
vt 1.00000000 0.20000000
vt 0.00000000 0.00000000
vt 1.00000000 0.17647099
vt 1.00000000 0.53333300
vt 0.00000000 0.50196099
vt 1.00000000 0.17647099
vt 0.00000000 0.50196099
vt 1.00000000 0.15294100
vt 1.00000000 0.17647099
vt 1.00000000 0.26274499
vt 0.00000000 0.00000000
vt 1.00000000 0.24313700
vt 0.00000000 0.00000000
vt 1.00000000 0.26274499
vt 0.81960797 0.28627500
vt 0.00000000 0.50196099
vt 1.00000000 0.13333300
vt 1.00000000 0.15294100
vt 1.00000000 0.08627500
vt 0.81960797 0.09411800
vt 0.00000000 0.00000000
vt 0.34117600 0.95686299
vt 0.58039200 0.95686299
vt 0.58039200 0.92549002
vt 0.34117600 0.92549002
vt 0.34117600 0.06274500
vt 0.00000000 0.00000000
vt 0.34117600 0.09411800
vt 0.87058800 0.83921599
vt 0.00000000 0.00000000
vt 0.92549002 0.76470602
vt 0.00000000 0.10980400
vt 0.00000000 0.84313703
vt 0.00000000 0.02352900
vt 0.00000000 0.86666697
vt 0.00000000 0.24705900
vt 0.23137300 0.84313703
vt 0.00000000 0.00000000
vt 0.23137300 0.76470602
vt 0.97647101 0.11372500
vt 0.00000000 0.00000000
vt 0.23137300 0.78823501
vt 0.00000000 1.00000000
vt 0.00000000 0.00000000
vt 1.00000000 0.93333298
vt 0.00000000 0.00000000
vt 0.00000000 0.21960799
vt 0.00000000 0.20392200
vt 0.00000000 0.94902003
vt 0.00000000 0.97647101
vt 1.00000000 0.00000000
vt 0.00000000 0.00000000
vt 0.00000000 0.00000000
vt 0.69019598 0.03921600
vt 0.59607798 0.00784300
vt 0.00000000 0.58823502
vt 0.00000000 0.00000000
vt 0.00000000 0.74901998
vt 0.00000000 0.77647102
vt 0.00000000 0.50196099
vt 0.00000000 0.40000001
vt 0.00000000 0.00000000
vt 0.00000000 0.52941197
vt 1.00000000 0.50196099
vt 0.00000000 0.47058800
vt 0.00000000 0.00000000
vt 0.00000000 0.58823502
vt 1.00000000 0.56078398
vt 0.00000000 0.52941197
vt 0.00000000 0.00000000
vt 0.00000000 0.00000000
vt 0.00000000 0.89019603
vt 0.00000000 0.94509798
vt 0.00000000 0.83529401
vt 0.99215698 0.41176501
vt 0.00000000 0.00000000
vt 0.00000000 0.00000000
vt 0.00000000 0.94902003
vt 0.00000000 0.97647101
vt 0.00000000 0.00000000
vt 0.00000000 0.97647101
vt 0.00000000 0.94902003
vt 0.00000000 0.00000000
vt 0.00000000 0.94902003
vt 0.00000000 0.70196098
vt 0.00000000 0.60000002
vt 1.00000000 0.00000000
vt 0.00000000 0.00000000
vt 0.00000000 0.00000000
vt 0.00000000 0.00000000
vt 0.00000000 0.02745100
vt 0.00000000 0.00000000
vt 0.00000000 0.05490200
vt 0.00000000 0.00000000
vt 0.00000000 0.02745100
vt 0.00000000 0.00000000
vt 0.96078402 0.69019598
vt 0.99215698 0.59607798
vt 0.00000000 0.41568601
vt 0.00000000 0.00000000
vt 0.00000000 0.50196099
vt 0.33333299 0.82745099
vt 0.00000000 0.00000000
vt 0.44313699 1.00000000
vt 0.00000000 0.41568601
vt 0.33333299 0.82745099
vt 0.44313699 1.00000000
vt 0.00000000 0.00000000
vt 0.24705900 0.00000000
vt 0.36862701 0.00000000
vt 0.00000000 0.00000000
vt 0.10980400 0.12156900
vt 0.24705900 0.00000000
vt 0.00000000 0.16470601
vt 1.00000000 0.12548999
vt 0.24705900 0.00000000
vt 1.00000000 0.12548999
vt 0.00000000 0.16470601
vt 0.10980400 0.12156900
vt 0.00000000 0.83529401
vt 0.00000000 0.00000000
vt 0.00000000 0.86274499
vt 0.00000000 0.00000000
vt 0.00000000 0.00000000
vt 0.00000000 0.50196099
vt 1.00000000 0.53333300
vt 1.00000000 0.46666700
vt 0.00000000 0.00000000
vt 0.00000000 0.50196099
vt 0.00000000 0.00000000
vt 1.00000000 0.46666700
vt 0.00000000 0.50196099
vt 0.00000000 0.00000000
vt 0.81960797 0.06274500
vt 1.00000000 0.08627500
vt 0.00000000 0.00000000
vt 1.00000000 0.04313700
vt 0.81960797 0.06274500
vt 0.58039200 0.16078401
vt 0.34117600 0.16078401
vt 0.34117600 0.19215700
vt 0.58039200 0.19215700
vt 0.43529400 0.89411801
vt 0.00000000 0.00000000
vt 0.23137300 0.86666697
vt 0.23137300 0.89411801
vt 0.14509800 0.05882400
vt 0.00000000 0.24705900
vt 0.34117600 0.06274500
vt 0.00000000 0.24705900
vt 0.14509800 0.24705900
vt 0.34117600 0.06274500
vt 0.14509800 0.05882400
vt 0.00000000 0.05490200
vt 0.43529400 0.81568599
vt 0.00000000 0.05490200
vt 0.23137300 0.81568599
vt 0.43529400 0.81568599
vt 0.00000000 0.05490200
vt 0.00000000 0.00000000
vt 0.23137300 0.81568599
vt 0.00000000 0.00000000
vt 0.23137300 0.78823501
vt 0.23137300 0.81568599
vt 0.00000000 0.00000000
vt 0.00000000 0.68235302
vt 0.23137300 0.68235302
vt 0.23137300 0.65882403
vt 0.03529400 0.07451000
vt 0.00000000 0.00000000
vt 0.97647101 0.06274500
vt 0.15294100 1.00000000
vt 0.61960799 0.83921599
vt 0.00000000 0.00000000
vt 0.23137300 0.58039200
vt 0.61960799 0.58039200
vt 1.00000000 0.86666697
vt 1.00000000 0.93333298
vt 0.15294100 1.00000000
vt 0.00000000 0.00000000
vt 0.61960799 0.83921599
vt 1.00000000 0.33333299
vt 1.00000000 0.41568601
vt 0.61960799 0.83921599
vt 1.00000000 0.50196099
vt 1.00000000 0.43921599
vt 0.00000000 0.00000000
vt 0.24705900 0.24705900
vt 0.14509800 0.00000000
vt 0.34117600 0.06274500
vt 0.34117600 0.03137300
vt 1.00000000 0.33333299
vt 0.00000000 0.05490200
vt 0.00000000 0.00000000
vt 0.00000000 0.08235300
vt 0.00000000 0.00000000
vt 0.00000000 0.05490200
vt 1.00000000 0.33333299
vt 0.00000000 0.08235300
vt 0.00000000 0.05490200
vt 0.00000000 0.00000000
vt 0.92549002 0.23529400
vt 0.00000000 0.91764700
vt 0.96470600 0.31764701
vt 0.73725498 0.16078401
vt 1.00000000 0.18823500
vt 0.96078402 0.69019598
vt 0.00000000 0.33333299
vt 0.00000000 0.00000000
vt 0.00000000 0.41568601
vt 0.00000000 0.00000000
vt 0.49019599 0.01568600
vt 1.00000000 0.73333299
vt 1.00000000 0.66666698
vt 0.22352900 1.00000000
vt 0.00000000 0.00000000
vt 0.33333299 0.82745099
vt 0.00000000 0.00000000
vt 0.22352900 1.00000000
vt 0.33333299 0.82745099
vt 0.00000000 0.00000000
vt 0.10980400 0.82745099
vt 0.22352900 1.00000000
vt 0.10980400 1.00000000
vt 0.00000000 0.00000000
vt 0.00000000 0.00000000
vt 0.10980400 0.82745099
vt 0.00000000 0.00000000
vt 0.10980400 1.00000000
vt 0.00000000 0.60392201
vt 0.00000000 0.63137299
vt 0.23137300 0.63137299
vt 0.23137300 0.60392201
vt 1.00000000 0.02352900
vt 1.00000000 0.04313700
vt 1.00000000 0.46666700
vt 0.49803901 0.50588202
vt 1.00000000 0.00000000
vt 0.00000000 0.00000000
vt 0.81960797 0.22352900
vt 0.81960797 0.19215700
vt 0.58039200 0.19215700
vt 0.58039200 0.22352900
vt 0.00000000 0.00000000
vt 0.13333300 0.24705900
vt 0.24705900 0.24705900
vt 0.43529400 0.94902003
vt 0.45098001 0.95294100
vt 0.00000000 0.00000000
vt 0.00000000 0.00000000
vt 0.48627499 0.80000001
vt 0.23137300 0.78823501
vt 0.00000000 0.00000000
vt 0.57254899 0.79607898
vt 0.61960799 0.78823501
vt 0.23137300 0.78823501
vt 0.23137300 0.60392201
vt 0.23137300 0.63137299
vt 0.61960799 0.63137299
vt 0.61960799 0.60392201
vt 0.00000000 0.16862699
vt 0.00000000 0.14117600
vt 0.00000000 0.73725498
vt 0.00000000 0.70980400
vt 0.96078402 0.75686300
vt 0.96470600 0.74509799
vt 0.00000000 0.00000000
vt 0.96470600 0.74509799
vt 0.97254902 0.73333299
vt 0.00000000 0.00000000
vt 0.97254902 0.73333299
vt 0.96470600 0.74509799
vt 0.00000000 0.00000000
vt 0.96470600 0.74509799
vt 0.96078402 0.75686300
vt 0.00000000 0.00000000
vt 1.00000000 0.25097999
vt 0.00000000 0.00000000
vt 1.00000000 0.33333299
vt 0.00000000 0.10980400
vt 0.00000000 0.08235300
vt 1.00000000 0.33333299
vt 0.22352900 0.08235300
vt 0.00000000 0.00000000
vt 0.30980399 0.03921600
vt 0.00000000 0.00000000
vt 0.00000000 0.97254902
vt 0.00000000 0.97254902
vt 0.00000000 1.00000000
vt 0.00000000 0.33333299
vt 0.00000000 0.00000000
vt 0.00000000 0.50196099
vt 0.00000000 0.00000000
vt 1.00000000 0.50196099
vt 0.00000000 0.50196099
vt 1.00000000 0.50196099
vt 0.00000000 0.00000000
vt 0.00000000 0.50196099
vt 1.00000000 0.50196099
vt 0.00000000 0.67843097
vt 0.99607801 0.68627501
vt 0.00000000 0.67843097
vt 0.00000000 0.00000000
vt 0.99607801 0.68627501
vt 0.00000000 0.08235300
vt 0.00000000 0.00000000
vt 0.00000000 0.00000000
vt 0.00000000 0.00000000
vt 0.00000000 0.10980400
vt 0.92549002 0.76470602
vt 0.00000000 0.08235300
vt 1.00000000 0.18823500
vt 0.73725498 0.16078401
vt 0.92549002 0.76470602
vt 0.00000000 0.25097999
vt 0.00000000 0.00000000
vt 0.00000000 0.33333299
vt 0.49803901 0.50588202
vt 0.00000000 0.00000000
vt 1.00000000 0.00000000
vt 0.63921601 0.98823500
vt 0.69019598 0.97647101
vt 1.00000000 0.00000000
vt 0.81960797 0.00000000
vt 1.00000000 0.02352900
vt 0.00000000 0.00000000
vt 1.00000000 1.00000000
vt 0.81960797 0.00000000
vt 0.00000000 0.00000000
vt 0.58431399 1.00000000
vt 0.63921601 0.98823500
vt 0.49803901 0.50588202
vt 0.58039200 0.09411800
vt 0.34117600 0.09411800
vt 0.34117600 0.12941200
vt 0.58039200 0.12941200
vt 0.00000000 0.21568599
vt 0.00000000 0.19215700
vt 0.00000000 0.68235302
vt 0.97647101 0.21960799
vt 0.51372600 0.80000001
vt 0.48627499 0.80000001
vt 0.00000000 0.00000000
vt 0.97647101 0.08627500
vt 0.97647101 0.06274500
vt 0.23137300 0.81568599
vt 0.23137300 0.78823501
vt 0.61960799 0.60392201
vt 0.61960799 0.63137299
vt 0.34117600 0.89411801
vt 0.34117600 0.85882401
vt 0.00000000 0.11764700
vt 0.00000000 0.00000000
vt 0.97647101 0.11372500
vt 0.00000000 0.94902003
vt 0.00000000 0.97254902
vt 0.00000000 0.97254902
vt 0.00000000 0.94509798
vt 0.00000000 0.13725500
vt 0.87058800 0.83921599
vt 0.00000000 0.10980400
vt 0.14509800 0.14509800
vt 0.00000000 0.00000000
vt 0.22352900 0.08235300
vt 0.14509800 0.43921599
vt 0.00000000 0.43921599
vt 0.43529400 0.89411801
vt 0.14509800 0.62745100
vt 0.00000000 0.67843097
vt 0.99607801 0.66274500
vt 0.00000000 0.00000000
vt 0.99607801 0.66274500
vt 0.00000000 0.67843097
vt 1.00000000 0.50196099
vt 0.92549002 0.76470602
vt 0.96078402 0.69019598
vt 0.96470600 0.68235302
vt 0.00000000 0.08235300
vt 0.00000000 0.16470601
vt 0.00000000 0.00000000
vt 0.00000000 0.25097999
vt 0.00000000 0.00000000
vt 0.49019599 0.98431402
vt 0.00000000 0.00000000
vt 0.00000000 0.30980399
vt 0.58431399 1.00000000
vt 0.00000000 0.00000000
vt 0.63921601 0.98823500
vt 0.00000000 0.00000000
vt 0.69019598 0.97647101
vt 0.63921601 0.98823500
vt 0.81960797 0.95686299
vt 1.00000000 0.96078402
vt 0.69019598 0.97647101
vt 0.81960797 0.92549002
vt 0.81960797 0.95686299
vt 0.69019598 0.97647101
vt 0.81960797 0.95686299
vt 0.00000000 0.00000000
vt 0.00000000 0.00000000
vt 0.81960797 0.98823500
vt 1.00000000 1.00000000
vt 0.00000000 0.00000000
vt 0.81960797 0.95686299
vt 0.81960797 0.98823500
vt 0.00000000 0.00000000
vt 0.81960797 0.85882401
vt 0.81960797 0.89411801
vt 0.00000000 0.00000000
vt 0.10980400 0.35686299
vt 0.81960797 0.28627500
vt 0.58039200 0.28627500
vt 0.33333299 0.35686299
vt 0.00000000 0.00000000
vt 0.58431399 1.00000000
vt 0.00000000 0.00000000
vt 0.81960797 0.00000000
vt 0.58039200 0.00000000
vt 0.58039200 0.03137300
vt 0.81960797 0.03137300
vt 0.00000000 0.00000000
vt 0.96470600 0.31764701
vt 0.00000000 0.00000000
vt 0.99215698 0.40784299
vt 0.61960799 0.70980400
vt 0.61960799 0.73725498
vt 0.34117600 0.98823500
vt 0.61960799 0.65882403
vt 0.23137300 0.65882403
vt 0.23137300 0.68235302
vt 0.61960799 0.68235302
vt 0.00000000 0.19215700
vt 0.00000000 0.16862699
vt 0.00000000 0.70980400
vt 0.00000000 0.68235302
vt 0.97647101 0.11372500
vt 0.00000000 0.00000000
vt 0.00000000 0.00000000
vt 0.00000000 0.00000000
vt 1.00000000 0.14117600
vt 0.00000000 0.00000000
vt 1.00000000 0.12548999
vt 0.00000000 0.00000000
vt 1.00000000 0.25097999
vt 0.00000000 0.00000000
vt 0.15294100 1.00000000
vt 0.00000000 0.00000000
vt 0.00000000 0.50196099
vt 0.00000000 0.00000000
vt 0.00000000 0.89019603
vt 0.00000000 0.16862699
vt 0.80000001 0.90196103
vt 0.00000000 0.13725500
vt 0.99607801 0.30588201
vt 0.99607801 0.27843100
vt 0.65490198 0.87058800
vt 0.31764701 0.58431399
vt 0.00000000 0.00000000
vt 0.25097999 0.93333298
vt 0.18039200 0.88235301
vt 0.25097999 0.93333298
vt 0.00000000 0.00000000
vt 0.00000000 0.00000000
vt 0.00000000 0.00000000
vt 1.00000000 0.37647101
vt 1.00000000 0.31372601
vt 0.58039200 0.03137300
vt 0.34117600 0.03137300
vt 0.34117600 0.06274500
vt 0.58039200 0.06274500
vt 0.58039200 0.98823500
vt 0.34117600 0.98823500
vt 0.34117600 0.00000000
vt 0.58039200 0.00000000
vt 0.58039200 0.06274500
vt 0.34117600 0.06274500
vt 0.34117600 0.09411800
vt 0.58039200 0.09411800
vt 0.00000000 0.14117600
vt 0.00000000 0.11764700
vt 0.97647101 0.11372500
vt 0.00000000 0.73725498
vt 1.00000000 1.00000000
vt 0.00000000 1.00000000
vt 0.00000000 0.97254902
vt 0.00000000 0.00000000
vt 0.00000000 0.00000000
vt 0.00000000 0.00000000
vt 1.00000000 0.14117600
vt 0.00000000 0.16862699
vt 1.00000000 0.17647099
vt 1.00000000 0.15686300
vt 0.00000000 0.16862699
vt 0.00000000 0.00000000
vt 1.00000000 0.15686300
vt 1.00000000 0.17647099
vt 0.00000000 0.16862699
vt 0.00000000 0.00000000
vt 0.00000000 0.43921599
vt 0.00000000 0.33333299
vt 0.00000000 0.50196099
vt 0.00000000 0.00000000
vt 0.00000000 0.00000000
vt 1.00000000 0.12548999
vt 0.00000000 0.00000000
vt 1.00000000 0.18823500
vt 0.03529400 0.31764701
vt 0.32941201 0.96862799
vt 0.25097999 0.93333298
vt 0.32941201 0.96862799
vt 1.00000000 0.46666700
vt 0.25097999 0.93333298
vt 0.14509800 0.62745100
vt 0.43529400 0.89411801
vt 0.23137300 0.92156899
vt 0.00000000 0.81176502
vt 0.32941201 0.96862799
vt 0.41176501 0.99215698
vt 1.00000000 0.46666700
vt 0.00000000 0.00000000
vt 1.00000000 0.43921599
vt 1.00000000 0.37647101
vt 0.14509800 0.81568599
vt 0.43529400 0.92156899
vt 0.00000000 0.00000000
vt 0.14509800 1.00000000
vt 0.61960799 0.76470602
vt 0.23137300 0.76470602
vt 0.23137300 0.78823501
vt 0.61960799 0.78823501
vt 0.61960799 0.73725498
vt 0.23137300 0.73725498
vt 0.23137300 0.76470602
vt 0.61960799 0.76470602
vt 0.00000000 0.00000000
vt 0.00000000 0.60392201
vt 0.23137300 0.60392201
vt 0.23137300 0.58039200
vt 0.61960799 0.65882403
vt 0.34117600 0.92549002
vt 0.00000000 0.00000000
vt 0.61960799 0.63137299
vt 0.00000000 0.45490199
vt 0.00000000 0.43921599
vt 0.00000000 0.00000000
vt 0.00000000 0.00000000
vt 0.00000000 0.16862699
vt 1.00000000 0.17647099
vt 1.00000000 0.66274500
vt 0.00000000 0.00000000
vt 0.00000000 0.66666698
vt 0.00000000 0.00000000
vt 0.00000000 0.83529401
vt 0.00000000 0.66666698
vt 0.99215698 0.41176501
vt 0.00000000 0.00000000
vt 0.00000000 0.00000000
vt 1.00000000 0.06274500
vt 0.03529400 0.31764701
vt 1.00000000 0.12548999
vt 0.00784300 0.40784299
vt 0.41176501 0.99215698
vt 0.32941201 0.96862799
vt 0.00000000 0.86666697
vt 0.00000000 0.02352900
vt 0.00000000 0.00000000
vt 0.00000000 0.87843102
vt 0.81960797 0.95686299
vt 0.58039200 0.95686299
vt 0.58039200 0.98823500
vt 0.81960797 0.98823500
vt 0.00000000 0.00000000
vt 1.00000000 0.50196099
vt 1.00000000 0.43921599
vt 0.61960799 0.70980400
vt 0.23137300 0.70980400
vt 0.23137300 0.73725498
vt 0.61960799 0.73725498
vt 0.00000000 0.00000000
vt 0.61960799 0.58039200
vt 0.61960799 0.60392201
vt 0.00000000 0.00000000
vt 0.00000000 0.84313703
vt 0.23137300 0.84313703
vt 0.23137300 0.81568599
vt 0.00000000 0.00000000
vt 0.14509800 0.00000000
vt 0.24705900 0.24705900
vt 0.00000000 0.00000000
vt 0.00000000 0.02745100
vt 0.00000000 0.05490200
vt 0.00000000 0.02745100
vt 0.00000000 0.00000000
vt 0.00000000 0.00000000
vt 0.00000000 0.43921599
vt 0.00000000 0.45490199
vt 0.74901998 0.93333298
vt 0.81960797 0.88235301
vt 0.00000000 0.00000000
vt 0.81960797 0.88235301
vt 0.88235301 0.81960797
vt 0.00000000 0.00000000
vt 0.03529400 0.31764701
vt 0.25097999 0.93333298
vt 0.07451000 0.23529400
vt 1.00000000 0.12548999
vt 0.00000000 0.82352901
vt 0.81960797 0.88235301
vt 0.74901998 0.93333298
vt 0.00000000 0.00000000
vt 0.10980400 0.35686299
vt 0.10980400 0.12156900
vt 0.00000000 0.00000000
vt 0.00000000 0.52941197
vt 1.00000000 0.56078398
vt 1.00000000 0.50196099
vt 0.23137300 0.73725498
vt 0.00000000 0.73725498
vt 0.97647101 0.11372500
vt 0.23137300 0.76470602
vt 0.00000000 0.00000000
vt 0.00000000 0.05490200
vt 0.00000000 0.00000000
vt 0.14509800 0.00000000
vt 0.23137300 0.68235302
vt 0.00000000 0.68235302
vt 0.00000000 0.70980400
vt 0.23137300 0.70980400
vt 0.00000000 0.97647101
vt 0.00000000 0.94902003
vt 0.00000000 0.92156899
vt 0.00000000 0.89411801
vt 0.47451001 1.00000000
vt 0.48627499 1.00000000
vt 0.00000000 0.63137299
vt 0.48627499 1.00000000
vt 0.50196099 1.00000000
vt 0.00000000 0.63137299
vt 0.50196099 1.00000000
vt 0.51372600 1.00000000
vt 0.00000000 0.63137299
vt 0.51372600 1.00000000
vt 0.50196099 1.00000000
vt 0.00000000 0.00000000
vt 0.50196099 1.00000000
vt 0.48627499 1.00000000
vt 0.00000000 0.00000000
vt 0.00000000 0.33333299
vt 0.00000000 0.00000000
vt 0.00000000 0.00000000
vt 0.00000000 0.00000000
vt 0.88235301 0.81960797
vt 0.81960797 0.88235301
vt 0.00000000 0.00000000
vt 0.93333298 0.25097999
vt 0.00000000 0.00000000
vt 0.00000000 0.00000000
vt 1.00000000 0.93725502
vt 1.00000000 0.87450999
vt 0.00000000 0.00000000
vt 0.00000000 0.94902003
vt 0.00000000 0.92549002
vt 0.97647101 0.92941201
vt 0.00000000 0.92156899
vt 0.00000000 0.00000000
vt 0.48627499 1.00000000
vt 0.47451001 1.00000000
vt 0.99607801 0.27843100
vt 0.99607801 0.30588201
vt 0.00000000 0.00000000
vt 0.96862799 0.67058802
vt 0.99215698 0.58823502
vt 0.00000000 0.00000000
vt 0.96862799 0.67058802
vt 0.00000000 0.58823502
vt 0.00000000 0.00000000
vt 0.58039200 0.28627500
vt 0.00000000 0.00000000
vt 0.00000000 0.00000000
vt 0.36470601 0.99215698
vt 0.00000000 0.00000000
vt 0.49019599 0.01568600
vt 0.00000000 0.00000000
vt 0.08235300 0.77647102
vt 0.14509800 0.85490203
vt 0.00000000 0.00000000
vt 1.00000000 0.66274500
vt 0.00000000 0.00000000
vt 0.93333298 0.25097999
vt 0.00000000 0.00000000
vt 1.00000000 0.86666697
vt 0.99607801 0.32941201
vt 0.99607801 0.30588201
vt 0.00000000 0.30980399
vt 0.00000000 0.00000000
vt 0.99607801 0.30588201
vt 0.00000000 0.66666698
vt 1.00000000 0.65882403
vt 0.00000000 0.00000000
vt 0.49019599 0.98431402
vt 0.00000000 0.33725500
vt 0.99607801 0.32941201
vt 0.00000000 0.00000000
vt 0.00000000 0.00000000
vt 0.99607801 0.32941201
vt 0.00000000 0.33725500
vt 0.00000000 0.00000000
vt 0.00000000 0.30980399
vt 0.99607801 0.32941201
f 17/1 29/2 16/3
f 16/4 29/5 30/6
f 16/7 30/8 15/9
f 45/10 35/11 36/12
f 45/13 36/14 44/15
f 43/16 37/17 38/18
f 43/19 38/20 42/21
f 22/22 24/23 25/24
f 22/25 25/26 21/27
f 13/28 1/29 10/30 45/31
f 204/32 210/33 205/34
f 204/35 209/36 197/37
f 204/38 194/39 198/40
f 204/41 198/42 193/43
f 204/44 192/45 331/46
f 204/47 332/48 199/49
f 204/50 200/51 338/52
f 204/53 338/54 201/55
f 204/56 203/57 211/58
f 203/59 128/60 211/61
f 127/62 95/63 204/64
f 95/65 160/66 204/67
f 160/68 161/69 204/70
f 161/71 210/72 204/73
f 212/74 128/75 203/76
f 63/77 92/78 127/79
f 92/80 95/81 127/82
f 161/83 93/84 210/85
f 93/86 205/87 210/88
f 92/89 160/90 95/91
f 92/92 63/93 160/94
f 63/95 90/96 160/97
f 90/98 349/99 160/100
f 349/101 161/102 160/103
f 349/104 390/105 161/106
f 390/107 174/108 161/109
f 214/110 213/111 202/112
f 213/113 107/114 202/115
f 107/116 212/117 202/118
f 90/119 96/120 74/121
f 96/122 64/123 74/124
f 64/125 90/126 91/127
f 90/128 63/129 91/130
f 93/131 175/132 205/133
f 175/134 239/135 205/136
f 239/137 176/138 205/139
f 240/140 175/141 93/142
f 64/143 96/144 90/145
f 89/146 391/147 349/148
f 391/149 401/150 349/151
f 403/152 390/153 349/154
f 404/155 341/156 390/157
f 341/158 388/159 390/160
f 388/161 240/162 390/163
f 240/164 174/165 390/166
f 388/167 175/168 240/169
f 46/170 319/171 333/172 47/173
f 481/174 435/175 444/176 480/177
f 42/178 41/179 310/180 309/181
f 171/182 242/183 88/184 87/185
f 173/186 241/187 89/188
f 241/189 391/190 89/191
f 239/192 231/193 176/194
f 231/195 346/196 176/197
f 346/198 365/199 176/200
f 388/201 341/202 175/203
f 368/204 231/205 239/206
f 241/207 173/208 391/209
f 172/210 375/211 391/212
f 376/213 401/214 391/215
f 497/216 460/217 418/218 437/219
f 434/220 411/221 447/222 484/223
f 243/224 171/225 87/226 86/227
f 242/228 172/229 88/230
f 242/231 232/232 172/233
f 232/234 369/235 172/236
f 339/237 385/238 253/239 360/240
f 416/241 339/242 414/243 459/244
f 339/245 416/246 359/247 358/248
f 345/249 405/250 346/251
f 6/252 198/253 194/254 5/255
f 363/256 234/257 177/258
f 234/259 363/260 178/261
f 363/262 348/263 178/264
f 348/265 238/266 178/267
f 238/268 207/269 178/270
f 238/271 94/272 207/273
f 94/274 347/275 207/276
f 491/277 482/278 453/279
f 482/280 490/281 453/282
f 444/283 435/284 412/285 421/286
f 428/287 491/288 453/289
f 490/290 473/291 452/292
f 474/293 489/294 429/295
f 489/296 475/297 450/298
f 447/299 425/300 433/301 485/302
f 324/303 272/304 200/305
f 91/306 63/307 127/308 74/309
f 40/310 79/311 152/312 12/313
f 171/314 370/315 242/316
f 369/317 232/318 242/319
f 348/320 366/321 406/322
f 458/323 468/324 442/325 426/326
f 407/327 347/328 348/329
f 347/330 94/331 348/332
f 94/333 238/334 348/335
f 347/336 162/337 208/338
f 164/339 162/340 347/341
f 392/342 409/343 347/344
f 409/345 389/346 347/347
f 389/348 195/349 347/350
f 196/351 164/352 347/353
f 384/354 249/355 80/356 156/357
f 461/358 420/359 412/360 435/361
f 492/362 470/363 494/364
f 492/365 494/366 469/367
f 492/368 465/369 495/370
f 492/371 495/372 464/373
f 492/374 464/375 496/376
f 492/377 497/378 463/379
f 492/380 462/381 481/382
f 492/383 478/384 484/385
f 492/386 486/387 477/388
f 492/389 476/390 487/391
f 492/392 488/393 475/394
f 492/395 475/396 489/397
f 492/398 489/399 474/400
f 492/401 473/402 490/403
f 428/404 443/405 491/406
f 443/407 471/408 491/409
f 488/410 430/411 475/412
f 332/413 311/414 321/415
f 332/416 321/417 199/418
f 311/419 318/420 321/421
f 189/422 105/423 259/424
f 73/425 105/426 258/427
f 105/428 189/429 258/430
f 325/431 190/432 271/433
f 190/434 73/435 257/436
f 106/437 188/438 262/439
f 106/440 263/441 188/442
f 41/443 11/444 149/445 310/446
f 170/447 243/448 86/449
f 170/450 233/451 243/452
f 233/453 371/454 243/455
f 370/456 171/457 243/458
f 441/459 467/460 458/461 427/462
f 162/463 164/464 197/465
f 162/466 197/467 209/468
f 432/469 409/470 392/471
f 340/472 389/473 409/474
f 340/475 355/476 389/477
f 355/478 180/479 389/480
f 179/481 163/482 389/483
f 163/484 195/485 389/486
f 163/487 179/488 195/489
f 355/490 340/491 409/492 410/493
f 170/494 352/495 373/496
f 443/497 492/498 471/499
f 462/500 436/501 413/502 461/503
f 318/504 313/505 332/506
f 313/507 311/508 332/509
f 313/510 318/511 311/512
f 314/513 312/514 329/515
f 314/516 329/517 322/518
f 329/519 312/520 323/521
f 312/522 317/523 323/524
f 317/525 315/526 330/527
f 317/528 330/529 323/530
f 330/531 316/532 327/533
f 316/534 191/535 327/536
f 73/537 190/538 325/539
f 73/540 1/541 105/542
f 1/543 13/544 106/545
f 191/546 1/547 73/548
f 104/549 187/550 263/551
f 228/552 225/553 292/554
f 215/555 227/556 134/557
f 352/558 169/559 158/560
f 169/561 244/562 158/563
f 371/564 233/565 170/566
f 244/567 352/568 170/569
f 476/570 449/571 487/572
f 477/573 486/574 448/575
f 459/576 495/577 439/578 416/579
f 433/580 425/581 410/582
f 249/583 166/584 81/585 80/586
f 353/587 180/588 355/589
f 353/590 230/591 180/592
f 230/593 237/594 180/595
f 237/596 194/597 180/598
f 65/599 85/600 75/601 76/602
f 368/603 345/604 346/605 231/606
f 352/607 397/608 372/609
f 244/610 169/611 352/612
f 455/613 472/614 493/615
f 46/616 9/617 319/618
f 317/619 312/620 314/621
f 315/622 316/623 330/624
f 10/625 191/626 316/627
f 10/628 1/629 191/630
f 13/631 102/632 104/633
f 102/634 186/635 104/636
f 186/637 265/638 104/639
f 264/640 187/641 104/642
f 45/643 103/644 13/645
f 314/646 322/647 321/648 318/649
f 135/650 226/651 295/652
f 226/653 116/654 295/655
f 116/656 114/657 295/658
f 114/659 229/660 295/661
f 15/662 4/663 357/664 411/665
f 368/666 239/667 175/668 341/669
f 97/670 67/671 76/672
f 65/673 159/674 85/675
f 67/676 157/677 159/678
f 155/679 383/680 344/681 156/682
f 240/683 93/684 161/685 174/686
f 447/687 411/688 425/689
f 230/690 353/691 237/692
f 27/693 28/694 18/695 3/696
f 50/697 12/698 11/699 39/700
f 7/701 49/702 57/703 56/704
f 193/705 198/706 6/707
f 474/708 429/709 403/710 451/711
f 456/712 494/713 470/714
f 48/715 8/716 334/717
f 8/718 47/719 334/720
f 7/721 56/722 55/723 48/724
f 20/725 26/726 61/727 19/728
f 30/729 31/730 4/731 15/732
f 31/733 59/734 14/735 4/736
f 10/737 320/738 9/739
f 60/740 17/741 18/742 28/743
f 184/744 267/745 102/746
f 267/747 185/748 102/749
f 185/750 266/751 102/752
f 266/753 186/754 102/755
f 45/756 72/757 103/758
f 72/759 181/760 103/761
f 181/762 305/763 103/764
f 305/765 182/766 103/767
f 44/768 308/769 45/770
f 308/771 72/772 45/773
f 380/774 426/775 393/776 343/777
f 116/778 226/779 135/780
f 157/781 97/782 98/783
f 77/784 157/785 98/786
f 157/787 67/788 97/789
f 417/790 362/791 19/792 3/793
f 168/794 245/795 350/796
f 245/797 342/798 350/799
f 342/800 381/801 350/802
f 381/803 395/804 350/805
f 496/806 438/807 417/808 460/809
f 434/810 424/811 411/812
f 424/813 16/814 411/815
f 16/816 15/817 411/818
f 53/819 46/820 47/821 33/822
f 54/823 33/824 47/825 8/826
f 14/827 235/828 4/829
f 236/830 354/831 4/832
f 59/833 31/834 30/835
f 59/836 30/837 29/838
f 59/839 29/840 60/841
f 59/842 60/843 28/844
f 59/845 28/846 27/847
f 59/848 27/849 61/850
f 59/851 61/852 26/853
f 59/854 26/855 62/856
f 59/857 62/858 25/859
f 59/860 25/861 24/862
f 59/863 24/864 23/865
f 59/866 23/867 50/868
f 59/869 50/870 39/871
f 59/872 39/873 51/874
f 59/875 51/876 38/877
f 59/878 38/879 37/880
f 59/881 37/882 36/883
f 59/884 36/885 35/886
f 59/887 35/888 34/889
f 59/890 34/891 52/892
f 59/893 52/894 53/895
f 59/896 53/897 33/898
f 59/899 33/900 54/901
f 59/902 54/903 55/904
f 59/905 55/906 56/907
f 59/908 56/909 57/910
f 59/911 57/912 58/913
f 59/914 58/915 32/916
f 24/917 22/918 40/919 23/920
f 331/921 192/922 49/923
f 489/924 450/925 404/926 429/927
f 457/928 469/929 494/930
f 32/931 58/932 6/933 5/934
f 59/935 32/936 5/937 14/938
f 308/939 181/940 72/941
f 61/942 27/943 3/944 19/945
f 43/946 308/947 44/948
f 100/949 71/950 118/951 117/952
f 245/953 168/954 84/955
f 387/956 342/957 245/958
f 478/959 434/960 484/961
f 423/962 17/963 16/964
f 459/965 414/966 438/967 464/968
f 153/969 117/970 79/971 154/972
f 129/973 74/974 127/975 128/976
f 377/977 343/978 247/979
f 377/980 248/981 343/982
f 426/983 442/984 393/985
f 22/986 154/987 79/988 40/989
f 39/990 11/991 41/992 51/993
f 60/994 29/995 17/996
f 433/997 410/998 448/999 486/1000
f 158/1001 86/1002 122/1003 75/1004
f 2/1005 62/1006 26/1007 20/1008
f 244/1009 170/1010 86/1011 158/1012
f 127/1013 204/1014 211/1015 128/1016
f 167/1017 378/1018 248/1019
f 166/1020 384/1021 380/1022
f 381/1023 342/1024 394/1025 395/1026
f 397/1027 454/1028 492/1029 443/1030
f 398/1031 443/1032 428/1033 399/1034
f 420/1035 18/1036 412/1037
f 420/1038 413/1039 18/1040
f 413/1041 419/1042 18/1043
f 419/1044 3/1045 18/1046
f 476/1047 432/1048 392/1049 449/1050
f 25/1051 62/1052 2/1053 21/1054
f 378/1055 255/1056 166/1057
f 249/1058 384/1059 166/1060
f 255/1061 378/1062 167/1063
f 156/1064 344/1065 384/1066
f 344/1067 427/1068 384/1069
f 427/1070 379/1071 384/1072
f 344/1073 408/1074 427/1075
f 408/1076 441/1077 427/1078
f 462/1079 461/1080 435/1081 481/1082
f 52/1083 34/1084 10/1085 9/1086
f 461/1087 413/1088 420/1089
f 45/1090 10/1091 34/1092 35/1093
f 477/1094 448/1095 409/1096 432/1097
f 421/1098 412/1099 18/1100 17/1101
f 436/1102 419/1103 413/1104
f 51/1105 41/1106 42/1107 38/1108
f 14/1109 5/1110 194/1111 237/1112
f 68/1113 99/1114 118/1115
f 99/1116 156/1117 118/1118
f 99/1119 68/1120 156/1121
f 69/1122 155/1123 156/1124
f 345/1125 367/1126 341/1127 404/1128
f 383/1129 415/1130 344/1131
f 415/1132 408/1133 344/1134
f 415/1135 440/1136 408/1137
f 55/1138 54/1139 8/1140 48/1141
f 153/1142 250/1143 383/1144 155/1145
f 446/1146 424/1147 434/1148 478/1149
f 438/1150 414/1151 417/1152
f 21/1153 251/1154 154/1155 22/1156
f 463/1157 497/1158 437/1159
f 449/1160 407/1161 431/1162 487/1163
f 439/1164 495/1165 465/1166
f 43/1167 44/1168 36/1169 37/1170
f 43/1171 42/1172 309/1173 308/1174
f 50/1175 23/1176 40/1177 12/1178
f 153/1179 155/1180 117/1181
f 155/1182 101/1183 117/1184
f 101/1185 100/1186 117/1187
f 101/1188 155/1189 100/1190
f 155/1191 71/1192 100/1193
f 280/1194 214/1195 202/1196 201/1197
f 251/1198 386/1199 383/1200
f 386/1201 359/1202 383/1203
f 359/1204 416/1205 383/1206
f 57/1207 49/1208 6/1209 58/1210
f 361/1211 382/1212 20/1213
f 382/1214 165/1215 20/1216
f 165/1217 253/1218 20/1219
f 253/1220 2/1221 20/1222
f 414/1223 339/1224 360/1225
f 430/1226 405/1227 450/1228 475/1229
f 496/1230 464/1231 438/1232
f 84/1233 168/1234 350/1235 157/1236
f 459/1237 464/1238 495/1239
f 442/1240 469/1241 457/1242 393/1243
f 254/1244 359/1245 386/1246
f 237/1247 353/1248 355/1249 356/1250
f 52/1251 9/1252 46/1253 53/1254
f 252/1255 21/1256 2/1257
f 253/1258 382/1259 361/1260
f 253/1261 165/1262 382/1263
f 358/1264 385/1265 339/1266
f 220/1267 221/1268 222/1269
f 125/1270 130/1271 131/1272
f 131/1273 130/1274 110/1275
f 131/1276 110/1277 111/1278
f 108/1279 109/1280 129/1281
f 129/1282 109/1283 130/1284
f 129/1285 130/1286 126/1287
f 126/1288 130/1289 125/1290
f 258/1291 275/1292 273/1293
f 273/1294 275/1295 276/1296
f 273/1297 276/1298 274/1299
f 259/1300 278/1301 275/1302
f 276/1303 279/1304 280/1305
f 276/1306 280/1307 277/1308
f 260/1309 281/1310 278/1311
f 278/1312 281/1313 282/1314
f 278/1315 282/1316 279/1317
f 261/1318 284/1319 281/1320
f 282/1321 285/1322 286/1323
f 282/1324 286/1325 283/1326
f 260/1327 278/1328 259/1329
f 261/1330 281/1331 260/1332
f 107/1333 108/1334 129/1335
f 262/1336 284/1337 261/1338
f 316/1339 317/1340 320/1341
f 326/1342 321/1343 322/1344
f 324/1345 326/1346 327/1347
f 327/1348 326/1349 323/1350
f 325/1351 324/1352 327/1353
f 323/1354 326/1355 322/1356
f 257/1357 273/1358 271/1359
f 258/1360 273/1361 257/1362
f 473/1363 474/1364 483/1365
f 217/1366 218/1367 224/1368
f 122/1369 132/1370 133/1371
f 131/1372 132/1373 124/1374
f 124/1375 132/1376 123/1377
f 284/1378 287/1379 288/1380
f 288/1381 287/1382 291/1383
f 288/1384 285/1385 284/1386
f 287/1387 263/1388 290/1389
f 287/1390 290/1391 291/1392
f 123/1393 132/1394 122/1395
f 131/1396 124/1397 125/1398
f 142/1399 141/1400 144/1401
f 144/1402 141/1403 143/1404
f 146/1405 145/1406 148/1407
f 148/1408 145/1409 147/1410
f 133/1411 113/1412 134/1413
f 142/1414 120/1415 140/1416
f 140/1417 120/1418 121/1419
f 136/1420 114/1421 115/1422
f 136/1423 115/1424 116/1425
f 306/1426 305/1427 309/1428
f 306/1429 307/1430 303/1431
f 302/1432 303/1433 299/1434
f 307/1435 304/1436 303/1437
f 303/1438 300/1439 299/1440
f 300/1441 301/1442 297/1443
f 296/1444 297/1445 268/1446
f 296/1447 268/1448 266/1449
f 301/1450 298/1451 297/1452
f 297/1453 269/1454 268/1455
f 268/1456 293/1457 265/1458
f 265/1459 293/1460 264/1461
f 295/1462 294/1463 270/1464
f 270/1465 294/1466 269/1467
f 291/1468 290/1469 294/1470
f 294/1471 290/1472 293/1473
f 290/1474 264/1475 293/1476
f 305/1477 308/1478 309/1479
f 256/1480 247/1481 248/1482
f 150/1483 149/1484 152/1485
f 152/1486 149/1487 151/1488
f 252/1489 254/1490 251/1491
f 204/1492 205/1493 206/1494
f 204/1495 206/1496 207/1497
f 204/1498 207/1499 208/1500
f 204/1501 208/1502 209/1503
f 204/1504 197/1505 196/1506
f 204/1507 196/1508 195/1509
f 204/1510 195/1511 194/1512
f 204/1513 193/1514 192/1515
f 204/1516 331/1517 337/1518
f 204/1519 337/1520 336/1521
f 204/1522 336/1523 335/1524
f 204/1525 335/1526 334/1527
f 204/1528 334/1529 333/1530
f 204/1531 333/1532 332/1533
f 204/1534 199/1535 200/1536
f 204/1537 201/1538 202/1539
f 204/1540 202/1541 203/1542
f 457/1543 494/1544 456/1545 394/1546
f 202/1547 212/1548 203/1549
f 212/1550 129/1551 128/1552
f 148/1553 118/1554 78/1555 146/1556
f 143/1557 141/1558 298/1559 301/1560
f 276/1561 277/1562 201/1563 338/1564
f 488/1565 431/1566 406/1567 430/1568
f 107/1569 129/1570 212/1571
f 126/1572 74/1573 129/1574
f 139/1575 137/1576 270/1577 298/1578
f 64/1579 91/1580 74/1581
f 176/1582 206/1583 205/1584
f 89/1585 349/1586 90/1587
f 401/1588 402/1589 349/1590
f 402/1591 403/1592 349/1593
f 403/1594 404/1595 390/1596
f 277/1597 280/1598 201/1599
f 270/1600 137/1601 135/1602 295/1603
f 87/1604 88/1605 125/1606 124/1607
f 221/1608 220/1609 109/1610
f 220/1611 130/1612 109/1613
f 225/1614 113/1615 133/1616 217/1617
f 399/1618 428/1619 453/1620 400/1621
f 365/1622 364/1623 176/1624
f 364/1625 177/1626 176/1627
f 177/1628 206/1629 176/1630
f 177/1631 178/1632 206/1633
f 178/1634 207/1635 206/1636
f 247/1637 246/1638 83/1639 82/1640
f 173/1641 172/1642 391/1643
f 375/1644 376/1645 391/1646
f 444/1647 422/1648 445/1649 480/1650
f 452/1651 402/1652 401/1653
f 336/1654 337/1655 7/1656 48/1657
f 400/1658 453/1659 401/1660
f 463/1661 437/1662 419/1663 436/1664
f 451/1665 403/1666 402/1667
f 429/1668 404/1669 403/1670
f 430/1671 406/1672 346/1673 405/1674
f 366/1675 365/1676 346/1677 406/1678
f 367/1679 368/1680 341/1681
f 360/1682 362/1683 417/1684 414/1685
f 274/1686 276/1687 338/1688
f 272/1689 271/1690 273/1691 274/1692
f 303/1693 302/1694 305/1695 306/1696
f 224/1697 223/1698 286/1699 289/1700
f 222/1701 111/1702 110/1703
f 218/1704 133/1705 132/1706 112/1707
f 221/1708 214/1709 280/1710 283/1711
f 369/1712 375/1713 172/1714
f 177/1715 364/1716 365/1717
f 234/1718 178/1719 177/1720
f 347/1721 208/1722 207/1723
f 367/1724 345/1725 368/1726
f 369/1727 242/1728 375/1729
f 243/1730 373/1731 374/1732 370/1733
f 373/1734 398/1735 399/1736 374/1737
f 473/1738 483/1739 451/1740
f 483/1741 474/1742 451/1743
f 199/1744 321/1745 200/1746
f 321/1747 326/1748 200/1749
f 326/1750 324/1751 200/1752
f 284/1753 285/1754 282/1755 281/1756
f 258/1757 189/1758 275/1759
f 189/1760 259/1761 275/1762
f 262/1763 188/1764 284/1765
f 188/1766 287/1767 284/1768
f 310/1769 307/1770 306/1771 309/1772
f 223/1773 222/1774 286/1775
f 224/1776 218/1777 112/1778 223/1779
f 223/1780 112/1781 219/1782
f 112/1783 132/1784 219/1785
f 222/1786 221/1787 283/1788 286/1789
f 83/1790 246/1791 245/1792 84/1793
f 431/1794 407/1795 406/1796
f 407/1797 348/1798 406/1799
f 348/1800 363/1801 366/1802
f 162/1803 209/1804 208/1805
f 407/1806 392/1807 347/1808
f 195/1809 196/1810 347/1811
f 393/1812 394/1813 342/1814 343/1815
f 471/1816 492/1817 491/1818
f 492/1819 493/1820 470/1821
f 492/1822 469/1823 468/1824
f 492/1825 468/1826 467/1827
f 492/1828 467/1829 466/1830
f 492/1831 466/1832 465/1833
f 492/1834 496/1835 497/1836
f 492/1837 463/1838 462/1839
f 492/1840 481/1841 480/1842
f 492/1843 480/1844 479/1845
f 492/1846 479/1847 478/1848
f 492/1849 484/1850 485/1851
f 492/1852 485/1853 486/1854
f 492/1855 477/1856 476/1857
f 492/1858 487/1859 488/1860
f 492/1861 474/1862 473/1863
f 492/1864 490/1865 491/1866
f 490/1867 482/1868 491/1869
f 145/1870 143/1871 301/1872 304/1873
f 156/1874 80/1875 78/1876 118/1877
f 259/1878 105/1879 260/1880
f 105/1881 106/1882 260/1883
f 106/1884 261/1885 260/1886
f 257/1887 73/1888 258/1889
f 190/1890 257/1891 271/1892
f 106/1893 262/1894 261/1895
f 263/1896 287/1897 188/1898
f 301/1899 300/1900 303/1901 304/1902
f 292/1903 224/1904 289/1905
f 456/1906 470/1907 455/1908 395/1909
f 122/1910 86/1911 123/1912
f 217/1913 133/1914 218/1915
f 138/1916 77/1917 76/1918 136/1919
f 192/1920 193/1921 6/1922 49/1923
f 172/1924 173/1925 89/1926 88/1927
f 371/1928 373/1929 243/1930
f 488/1931 487/1932 431/1933
f 449/1934 392/1935 407/1936
f 196/1937 197/1938 164/1939
f 440/1940 466/1941 441/1942 408/1943
f 439/1944 465/1945 440/1946 415/1947
f 448/1948 410/1949 409/1950
f 379/1951 427/1952 426/1953 380/1954
f 180/1955 179/1956 389/1957
f 179/1958 180/1959 195/1960
f 180/1961 194/1962 195/1963
f 371/1964 170/1965 373/1966
f 352/1967 372/1968 373/1969
f 397/1970 443/1971 398/1972
f 454/1973 493/1974 492/1975
f 333/1976 318/1977 332/1978
f 319/1979 314/1980 318/1981
f 333/1982 319/1983 318/1984
f 329/1985 323/1986 322/1987
f 328/1988 327/1989 323/1990
f 330/1991 328/1992 323/1993
f 328/1994 330/1995 327/1996
f 405/1997 345/1998 404/1999 450/2000
f 1/2001 106/2002 105/2003
f 104/2004 263/2005 106/2006
f 13/2007 104/2008 106/2009
f 187/2010 290/2011 263/2012
f 187/2013 264/2014 290/2015
f 282/2016 283/2017 280/2018 279/2019
f 111/2020 219/2021 132/2022 131/2023
f 225/2024 217/2025 292/2026
f 217/2027 224/2028 292/2029
f 225/2030 216/2031 113/2032
f 216/2033 134/2034 113/2035
f 216/2036 215/2037 134/2038
f 227/2039 136/2040 134/2041
f 78/2042 119/2043 144/2044 146/2045
f 85/2046 159/2047 75/2048
f 159/2049 158/2050 75/2051
f 152/2052 151/2053 11/2054 12/2055
f 159/2056 351/2057 158/2058
f 351/2059 352/2060 158/2061
f 476/2062 477/2063 432/2064
f 229/2065 228/2066 292/2067 295/2068
f 351/2069 397/2070 352/2071
f 396/2072 454/2073 397/2074
f 351/2075 396/2076 397/2077
f 473/2078 451/2079 402/2080 452/2081
f 472/2082 470/2083 493/2084
f 334/2085 47/2086 333/2087
f 360/2088 361/2089 20/2090 19/2091
f 317/2092 314/2093 319/2094
f 9/2095 317/2096 319/2097
f 9/2098 320/2099 317/2100
f 316/2101 315/2102 317/2103
f 320/2104 10/2105 316/2106
f 117/2107 118/2108 148/2109 150/2110
f 265/2111 264/2112 104/2113
f 103/2114 102/2115 13/2116
f 275/2117 278/2118 279/2119 276/2120
f 114/2121 227/2122 229/2123
f 108/2124 107/2125 213/2126 214/2127
f 114/2128 136/2129 227/2130
f 116/2131 135/2132 136/2133
f 150/2134 148/2135 147/2136 149/2137
f 82/2138 83/2139 121/2140 120/2141
f 67/2142 66/2143 76/2144
f 66/2145 65/2146 76/2147
f 65/2148 66/2149 159/2150
f 66/2151 67/2152 159/2153
f 350/2154 395/2155 351/2156
f 395/2157 396/2158 351/2159
f 485/2160 433/2161 486/2162
f 399/2163 400/2164 375/2165 374/2166
f 357/2167 4/2168 356/2169
f 4/2170 354/2171 356/2172
f 354/2173 237/2174 356/2175
f 354/2176 235/2177 237/2178
f 235/2179 14/2180 237/2181
f 337/2182 331/2183 49/2184 7/2185
f 395/2186 455/2187 396/2188
f 470/2189 472/2190 455/2191
f 335/2192 48/2193 334/2194
f 103/2195 183/2196 102/2197
f 183/2198 184/2199 102/2200
f 268/2201 265/2202 186/2203
f 266/2204 268/2205 186/2206
f 182/2207 183/2208 103/2209
f 288/2210 289/2211 286/2212 285/2213
f 80/2214 81/2215 119/2216 78/2217
f 115/2218 114/2219 116/2220
f 76/2221 75/2222 134/2223 136/2224
f 149/2225 147/2226 307/2227 310/2228
f 84/2229 157/2230 77/2231
f 376/2232 375/2233 400/2234 401/2235
f 394/2236 456/2237 395/2238
f 484/2239 447/2240 485/2241
f 223/2242 219/2243 111/2244 222/2245
f 235/2246 236/2247 4/2248
f 236/2249 235/2250 354/2251
f 455/2252 493/2253 454/2254 396/2255
f 336/2256 48/2257 335/2258
f 385/2259 358/2260 359/2261 254/2262
f 182/2263 302/2264 183/2265
f 302/2266 184/2267 183/2268
f 299/2269 267/2270 184/2271
f 302/2272 299/2273 184/2274
f 299/2275 185/2276 267/2277
f 296/2278 266/2279 185/2280
f 299/2281 296/2282 185/2283
f 308/2284 305/2285 181/2286
f 325/2287 271/2288 272/2289 324/2290
f 302/2291 182/2292 305/2293
f 268/2294 269/2295 294/2296 293/2297
f 490/2298 452/2299 401/2300 453/2301
f 141/2302 139/2303 298/2304
f 145/2305 146/2306 144/2307 143/2308
f 81/2309 82/2310 120/2311 119/2312
f 77/2313 98/2314 97/2315 76/2316
f 246/2317 387/2318 245/2319
f 157/2320 350/2321 351/2322 159/2323
f 425/2324 356/2325 355/2326 410/2327
f 393/2328 457/2329 394/2330
f 251/2331 250/2332 153/2333 154/2334
f 446/2335 423/2336 424/2337
f 423/2338 16/2339 424/2340
f 442/2341 468/2342 469/2343
f 294/2344 295/2345 292/2346 291/2347
f 297/2348 298/2349 270/2350 269/2351
f 291/2352 292/2353 289/2354 288/2355
f 83/2356 84/2357 77/2358 121/2359
f 370/2360 374/2361 375/2362 242/2363
f 247/2364 387/2365 246/2366
f 82/2367 248/2368 247/2369
f 256/2370 377/2371 247/2372
f 248/2373 82/2374 81/2375 167/2376
f 357/2377 356/2378 425/2379 411/2380
f 479/2381 446/2382 478/2383
f 445/2384 422/2385 423/2386
f 422/2387 17/2388 423/2389
f 222/2390 110/2391 130/2392 220/2393
f 422/2394 421/2395 17/2396
f 458/2397 467/2398 468/2399
f 221/2400 109/2401 108/2402 214/2403
f 137/2404 138/2405 136/2406 135/2407
f 139/2408 140/2409 138/2410 137/2411
f 79/2412 117/2413 150/2414 152/2415
f 145/2416 304/2417 307/2418 147/2419
f 166/2420 167/2421 81/2422
f 377/2423 256/2424 248/2425
f 378/2426 166/2427 380/2428
f 384/2429 379/2430 380/2431
f 427/2432 458/2433 426/2434
f 480/2435 445/2436 479/2437
f 444/2438 421/2439 422/2440
f 123/2441 86/2442 87/2443 124/2444
f 299/2445 300/2446 297/2447 296/2448
f 441/2449 466/2450 467/2451
f 141/2452 142/2453 140/2454 139/2455
f 11/2456 151/2457 149/2458
f 75/2459 122/2460 133/2461 134/2462
f 215/2463 228/2464 229/2465 227/2466
f 372/2467 397/2468 398/2469 373/2470
f 255/2471 167/2472 166/2473
f 419/2474 418/2475 3/2476
f 418/2477 417/2478 3/2479
f 445/2480 423/2481 446/2482 479/2483
f 437/2484 418/2485 419/2486
f 73/2487 325/2488 327/2489 191/2490
f 440/2491 465/2492 466/2493
f 140/2494 121/2495 77/2496 138/2497
f 215/2498 216/2499 225/2500 228/2501
f 144/2502 119/2503 120/2504 142/2505
f 88/2506 89/2507 126/2508 125/2509
f 71/2510 70/2511 118/2512
f 70/2513 69/2514 118/2515
f 69/2516 68/2517 118/2518
f 68/2519 69/2520 156/2521
f 69/2522 70/2523 155/2524
f 362/2525 360/2526 19/2527
f 460/2528 417/2529 418/2530
f 247/2531 343/2532 342/2533 387/2534
f 462/2535 463/2536 436/2537
f 89/2538 90/2539 74/2540 126/2541
f 155/2542 70/2543 71/2544
f 250/2545 251/2546 383/2547
f 416/2548 415/2549 383/2550
f 416/2551 439/2552 415/2553
f 272/2554 274/2555 338/2556 200/2557
f 253/2558 361/2559 360/2560
f 497/2561 496/2562 460/2563
f 378/2564 380/2565 343/2566 248/2567
f 21/2568 252/2569 251/2570
f 254/2571 386/2572 251/2573
f 366/2574 363/2575 177/2576 365/2577
f 253/2578 252/2579 2/2580
f 385/2581 252/2582 253/2583
f 385/2584 254/2585 252/2586
