# Exported from USD: /NEX35_C00/link_4_r/collisions/nex35_link_4_r/mesh
mtllib mesh_9.mtl

g mesh
v 0.09819979 0.04070017 0.22048115
v 0.09819979 0.04070017 0.22351914
v 0.09702189 -0.03075183 0.22376514
v 0.09702189 -0.03094884 0.22185213
v 0.09702189 -0.03067984 0.21994716
v 0.09919591 0.03787417 0.22300714
v 0.09919591 0.03784717 0.22310412
v 0.09919591 0.03770617 0.22351116
v 0.09919591 0.03747317 0.22398811
v 0.09919591 0.03787317 0.22099214
v 0.09919591 0.03598817 0.21852612
v 0.09919591 0.03683017 0.21917015
v 0.09919591 0.03718017 0.21956914
v 0.09919591 0.03770617 0.22048914
v 0.09919591 0.03740717 0.21990013
v 0.09919984 0.03641417 0.21884215
v 0.09979982 0.00970217 0.22588915
v 0.09979982 0.01167317 0.22604412
v 0.09979982 0.01262817 0.22576314
v 0.09979982 0.01472317 0.22371715
v 0.09979982 0.01509417 0.22177511
v 0.09979982 0.01491917 0.22079414
v 0.09979982 0.01451317 0.21988511
v 0.09979982 0.01389917 0.21910113
v 0.09979982 0.01330717 0.21861315
v 0.09979982 0.01046417 0.21793514
v 0.09979982 0.00843417 0.21880215
v 0.09979982 0.00789917 0.21931910
v 0.09979982 0.00690117 0.22206414
v 0.09979982 0.00698017 0.22280615
v 0.09979982 0.00754217 0.22420514
v 0.09979982 0.00876717 0.22543311
v 0.09979982 0.00719317 0.22351813
v 0.09979982 0.00695817 0.22131711
v 0.09979982 0.00714817 0.22059613
v 0.09979982 0.00746517 0.21992314
v 0.09979982 0.00905417 0.21839213
v 0.09979982 0.00973817 0.21809912
v 0.09979982 0.01120917 0.21790612
v 0.09979982 0.01195117 0.21801311
v 0.09979982 0.01265817 0.21825015
v 0.09979982 0.01502717 0.22276813
v 0.09979982 0.01419917 0.22456413
v 0.09979982 0.01348717 0.22525912
v 0.09979982 0.01067817 0.22608715
v 0.06157587 0.07825715 -0.03300890
v 0.05997286 0.07822015 -0.03518888
v -0.05494811 0.07668514 -0.06371091
v -0.06546916 0.07750415 -0.05275188
v -0.06854715 0.07773914 -0.04865585
v -0.05954816 0.07805214 -0.04140888
v -0.06040313 0.07823415 -0.03443585
v 0.06714592 0.07827815 -0.03076693
v 0.05918191 0.07816115 -0.03778395
v 0.06300984 0.07827115 -0.03190991
v 0.05847488 0.07695915 -0.06046495
v 0.06854687 0.07773915 -0.04865583
v 0.06885086 0.07769215 -0.04886791
v 0.06913493 0.07758415 -0.04906389
v 0.06932686 0.07746715 -0.04919394
v 0.06968389 0.07713315 -0.04942986
v 0.06989692 0.07681515 -0.04956385
v 0.07005189 0.07646115 -0.04965493
v 0.07014094 0.07611315 -0.04969987
v 0.04781292 0.07454215 -0.07142195
v 0.04729889 0.07574314 -0.07077786
v 0.05914293 0.07666015 -0.06112990
v 0.05944584 0.07631615 -0.06141493
v 0.05967794 0.07587415 -0.06161889
v 0.03074990 0.07517314 -0.07612989
v -0.03075017 0.07445514 -0.07676886
v -0.03075017 0.07539615 -0.07570086
v -0.06702711 0.07550814 -0.05388187
v -0.06994607 0.07672014 -0.04959391
v -0.04729916 0.07574314 -0.07077788
v -0.04781307 0.07454214 -0.07142196
v -0.04771806 0.07495314 -0.07131396
v -0.04753210 0.07540415 -0.07108293
v -0.05607917 0.07558614 -0.06492196
v -0.05586113 0.07603114 -0.06470893
v -0.05557610 0.07637815 -0.06440995
v -0.06682016 0.07645314 -0.05376385
v -0.06656017 0.07688914 -0.05358194
v -0.06622114 0.07722614 -0.05332993
v -0.06985213 0.07780315 -0.04683290
v -0.06819918 0.07782915 -0.04684494
v -0.06376614 0.07827615 -0.03150688
v -0.06154611 0.07825615 -0.03303693
v -0.05933907 0.07818214 -0.03692697
v -0.07723918 0.07709915 -0.03074990
v -0.07942607 0.07660815 -0.02859591
v -0.06714608 0.07827814 -0.03076695
v -0.07623007 0.07727714 -0.03111790
v 0.04290880 0.08314321 0.67056714
v 0.05890585 0.08071020 0.64699913
v -0.05890619 0.08071020 0.64699912
v 0.08318982 0.07573415 -0.01456686
v 0.07723890 0.07709915 -0.03074988
v 0.06816886 0.07821815 -0.03111788
v 0.06819890 0.07782915 -0.04684493
v 0.06951390 0.07731515 -0.04931888
v 0.06985186 0.07780315 -0.04683289
v 0.07015489 0.07775115 -0.04703387
v 0.07073687 0.07743515 -0.04741785
v 0.07099090 0.07717015 -0.04758295
v 0.07134388 0.07648815 -0.04780587
v 0.08061586 0.07471215 -0.02995189
v 0.08469687 0.07378815 -0.01491388
v 0.05986689 0.07496515 -0.06174084
v 0.04752992 0.07539914 -0.07108793
v 0.04770885 0.07496815 -0.07131085
v 0.04713283 0.07491614 -0.07157192
v 0.04703389 0.07549015 -0.07119295
v 0.03074990 0.07445515 -0.07676885
v 0.03074990 0.07485315 -0.07649395
v 0.03074990 0.07539615 -0.07570085
v 0.03106783 0.07432015 -0.07680688
v 0.03098594 0.07489915 -0.07643184
v 0.03087591 0.07531215 -0.07588491
v -0.03075017 0.07517314 -0.07612989
v -0.03075017 0.07485315 -0.07649396
v -0.03137614 0.07433015 -0.07671986
v -0.03121413 0.07490614 -0.07636688
v -0.03099717 0.07531614 -0.07584987
v -0.04716016 0.07526514 -0.07135795
v -0.04756011 0.07471714 -0.07150791
v -0.05625607 0.07469315 -0.06504796
v -0.08368315 0.07402315 -0.01982795
v -0.08086314 0.07465814 -0.02927695
v -0.06885709 0.07769115 -0.04887293
v -0.06915607 0.07757215 -0.04907893
v -0.06934716 0.07745415 -0.04920696
v -0.06968417 0.07713314 -0.04942988
v -0.07004310 0.07648714 -0.04964994
v -0.07006814 0.07641414 -0.04966389
v -0.07014717 0.07608314 -0.04970287
v -0.07142212 0.07615214 -0.04785095
v -0.07099118 0.07717014 -0.04758297
v -0.07044508 0.07763414 -0.04722689
v -0.07015409 0.07775115 -0.04703389
v -0.08467212 0.07411915 -0.01489590
v -0.08459415 0.07444115 -0.01486789
v -0.08427908 0.07503015 -0.01478790
v -0.08219411 0.07596915 -0.01936589
v -0.07899716 0.07665614 -0.03091489
v -0.07965114 0.07610014 -0.03122185
v -0.07987513 0.07570114 -0.03134488
v -0.08070507 0.07551015 -0.02915095
v -0.08016910 0.07624015 -0.02889691
v -0.08351912 0.07484915 -0.01974188
v -0.08296408 0.07558915 -0.01956986
v -0.08497312 0.07405015 -0.01144586
v -0.08489313 0.07436815 -0.01144586
v -0.08457210 0.07496015 -0.01144586
v -0.08377912 0.07556615 -0.01144586
v -0.08318915 0.07573414 -0.01456688
v -0.08350017 0.07563214 -0.01462589
v -0.08378913 0.07547915 -0.01468287
v -0.08398213 0.07533814 -0.01472293
v -0.08452513 0.07461915 -0.01484893
v -0.08469715 0.07378815 -0.01491390
v -0.08466509 0.07483115 0.04336609
v -0.08433512 0.07521315 0.04316606
v -0.08407309 0.07541115 -0.01144586
v -0.08434214 0.07520715 -0.01144586
v -0.08475807 0.07467714 -0.01144586
v -0.08500018 0.07372415 -0.01144586
v -0.08499518 0.07385815 0.04400005
v -0.08498219 0.07399315 0.04400005
v -0.04678726 0.08261420 0.71000013
v -0.04290926 0.08314320 0.67056713
v 0.06090081 0.08020720 0.71550514
v 0.06355977 0.07983020 0.71364816
v 0.04493082 0.08282420 0.71364816
v 0.04493678 0.08287120 0.71000014
v -0.06761121 0.07910620 0.71000013
v -0.06090820 0.08020520 0.71550814
v -0.04678023 0.08256720 0.71364814
v 0.08489392 0.07436815 -0.01144584
v 0.08434186 0.07520615 -0.01144584
v 0.08407388 0.07541115 -0.01144584
v 0.08405384 0.07542316 0.04308311
v 0.08431789 0.07522816 0.04316906
v 0.08485982 0.07445816 0.04363016
v 0.08467183 0.07411915 -0.01489588
v 0.08459387 0.07444016 -0.01486786
v 0.08398185 0.07533815 -0.01472291
v 0.08349989 0.07563215 -0.01462587
v 0.08377884 0.07556615 -0.01144584
v 0.08457289 0.07495916 -0.01144584
v 0.08475790 0.07467715 -0.01144584
v 0.08497284 0.07405015 -0.01144584
v 0.07918284 0.07666415 -0.02925583
v 0.08378992 0.07547915 -0.01468285
v 0.08427987 0.07503015 -0.01478787
v 0.08452485 0.07461815 -0.01484891
v 0.07986889 0.07571515 -0.03134092
v 0.07965086 0.07610015 -0.03122183
v 0.07935593 0.07641815 -0.03107687
v 0.07900391 0.07665215 -0.03091785
v 0.07992385 0.07629615 -0.02956291
v 0.08045791 0.07556715 -0.02982291
v 0.07142184 0.07615215 -0.04785093
v 0.07119582 0.07685015 -0.04771384
v 0.07044492 0.07763415 -0.04722687
v 0.07130883 0.07701215 -0.04723391
v 0.07160185 0.07631915 -0.04741987
v 0.04335390 0.07230015 -0.07427284
v 0.04017185 0.07230015 -0.07577190
v 0.03677593 0.07230015 -0.07669088
v -0.04335417 0.07230015 -0.07427285
v -0.04017211 0.07230015 -0.07577191
v -0.03677608 0.07230015 -0.07669089
v -0.07073714 0.07743515 -0.04741786
v -0.07119610 0.07685014 -0.04771386
v -0.07134416 0.07648815 -0.04780589
v -0.07154514 0.07639315 -0.04750489
v -0.07026007 0.07774815 -0.04666994
v -0.07078018 0.07751315 -0.04706596
v -0.07118108 0.07707314 -0.04742394
v -0.07860818 0.07679414 -0.03074990
v -0.07860114 0.07676015 -0.03111790
v -0.07999816 0.07528314 -0.03142987
v -0.07934417 0.07642915 -0.03107189
v -0.07984712 0.07549914 -0.03161786
v -0.07963314 0.07612414 -0.03121291
v -0.07915117 0.07656914 -0.03098391
v -0.08477810 0.07464015 0.04348614
v -0.08492318 0.07427515 0.04379906
v -0.08400813 0.07544815 0.04316213
v -0.08495918 0.07412615 0.04400005
v -0.08465826 0.07484220 0.68336913
v -0.08454119 0.07499820 0.68328312
v -0.08431815 0.07522820 0.68316912
v -0.08376323 0.07557220 0.68302214
v -0.08499526 0.07386019 0.68400013
v -0.06253624 0.07927420 0.71826014
v -0.06465423 0.07938620 0.71499813
v -0.07840824 0.07668820 0.69835514
v -0.07899618 0.07604520 0.69862714
v -0.07919120 0.07565520 0.69869414
v -0.08431809 0.07522816 0.15316912
v -0.08376911 0.07557015 0.05698707
v -0.08405712 0.07542215 0.05692615
v -0.08477512 0.07464515 0.05651714
v 0.06566680 0.07935820 0.71334215
v 0.05824578 0.07933321 0.72308316
v 0.05869782 0.07915021 0.72305514
v 0.05984581 0.07931620 0.72149615
v 0.05924082 0.07903421 0.72256516
v 0.05929780 0.07905920 0.72248216
v 0.06064284 0.07924720 0.72069316
v 0.06025183 0.07917021 0.72125815
v 0.06103480 0.07920721 0.72027316
v 0.06054175 0.07913821 0.72094016
v 0.06024575 0.07928420 0.72109916
v 0.05886674 0.07904520 0.72298815
v 0.05848980 0.07924521 0.72308715
v 0.05904377 0.07935421 0.72228314
v 0.06039083 0.07965921 0.71980216
v 0.06207884 0.07952121 0.71830716
v 0.06288374 0.07944020 0.71750115
v 0.06198275 0.07933420 0.71890815
v 0.06069875 0.07998521 0.71778114
v 0.06332374 0.07970220 0.71570816
v 0.06272173 0.07963021 0.71703317
v 0.06455684 0.07953321 0.71456914
v 0.06373883 0.07951121 0.71605315
v 0.05845881 0.07906521 0.72338216
v 0.05791283 0.07915520 0.72371416
v 0.08485880 0.07445820 0.54637016
v 0.08431783 0.07522819 0.54683114
v 0.08378483 0.07556320 0.68302514
v 0.08405781 0.07542120 0.68308415
v 0.08432377 0.07522320 0.68317216
v 0.08454681 0.07499121 0.68328615
v 0.08477784 0.07463920 0.68349715
v 0.08486176 0.07445120 0.68363615
v 0.08492184 0.07428021 0.68380316
v 0.06761182 0.07910621 0.71000015
v 0.06465280 0.07938621 0.71500014
v 0.06361377 0.07935121 0.71664314
v 0.06253481 0.07927421 0.71826114
v 0.07840884 0.07668820 0.69835516
v -0.06355023 0.07983220 0.71364814
v -0.06566822 0.07935820 0.71334115
v -0.06361425 0.07935120 0.71664214
v -0.05791223 0.07915520 0.72371313
v -0.05831826 0.07909120 0.72348014
v -0.05824625 0.07933320 0.72308213
v -0.05849027 0.07924520 0.72308615
v -0.05869818 0.07915020 0.72305513
v -0.05886721 0.07904520 0.72298813
v -0.05904424 0.07935420 0.72228214
v -0.06070125 0.07998520 0.71777913
v -0.06039321 0.07965920 0.71980015
v -0.05984616 0.07931620 0.72149512
v -0.06024718 0.07928420 0.72109813
v -0.06332624 0.07970220 0.71570513
v -0.06272423 0.07963020 0.71703014
v -0.06208122 0.07952120 0.71830514
v -0.06064427 0.07924720 0.72069213
v -0.06025219 0.07917021 0.72125712
v -0.06103623 0.07920720 0.72027114
v -0.06198418 0.07933420 0.71890614
v -0.06288624 0.07944020 0.71749813
v -0.06374120 0.07951020 0.71604914
v -0.06455922 0.07953320 0.71456513
v 0.08499990 0.07372415 -0.01144584
v 0.08465788 0.07484216 0.04336910
v 0.08454081 0.07499816 0.04328315
v 0.07860790 0.07679415 -0.03074988
v 0.07999585 0.07529015 -0.03142890
v 0.07906888 0.07656615 -0.03121790
v 0.07942090 0.07613115 -0.03162893
v 0.07919989 0.07653715 -0.03100594
v 0.07966886 0.07607615 -0.03123089
v 0.07995592 0.07546615 -0.03139790
v -0.08354222 0.07230020 0.69219813
v -0.08463227 0.07230020 0.68851912
v 0.08354176 0.07230021 0.69219815
v 0.03874992 0.07730014 -0.07136688
v 0.03984986 0.07730014 -0.07122192
v -0.04087509 0.07730014 -0.07079790
v -0.03985013 0.07730014 -0.07122193
v -0.03875007 0.07730014 -0.07136689
v -0.08461320 0.07482720 0.68400013
v -0.08477222 0.07460720 0.68400013
v -0.08495819 0.07413119 0.68400013
v -0.08498120 0.07399620 0.68400013
v -0.08477222 0.07465120 0.68348914
v -0.08485925 0.07445920 0.68363014
v -0.08492123 0.07428319 0.68379915
v -0.08488118 0.07438220 0.68400013
v -0.08441316 0.07501920 0.68400013
v -0.08426725 0.07523620 0.68350312
v -0.08398723 0.07546020 0.68316912
v -0.07873725 0.07639320 0.69851312
v -0.07803225 0.07689420 0.69816613
v -0.07885527 0.07629720 0.69849414
v -0.07883620 0.07644820 0.69809413
v -0.07927322 0.07595520 0.69818515
v -0.07927227 0.07585420 0.69837114
v -0.07829821 0.07679520 0.69792613
v 0.08466781 0.07482720 0.68337815
v 0.08441973 0.07501421 0.68400015
v 0.08427478 0.07522920 0.68350517
v 0.08399380 0.07545621 0.68316617
v 0.08465781 0.07484219 0.54663117
v 0.08498073 0.07399620 0.68400015
v 0.08488084 0.07438021 0.68400015
v 0.08477379 0.07460320 0.68400015
v 0.08461583 0.07482320 0.68400015
v 0.07803178 0.07689421 0.69816615
v 0.07873679 0.07639221 0.69851314
v 0.07884777 0.07625821 0.69856416
v 0.07904077 0.07596921 0.69864516
v 0.07885480 0.07629721 0.69849416
v 0.07927180 0.07585421 0.69837116
v 0.07883573 0.07644821 0.69809415
v 0.07927275 0.07595521 0.69818615
v 0.07829881 0.07679520 0.69792615
v 0.08463181 0.07230021 0.68851914
v -0.08541917 0.06700020 0.69099912
v -0.08103227 0.07480420 0.69600013
v -0.08142316 0.07423920 0.69600013
v -0.08132719 0.07444220 0.69600013
v -0.08119523 0.07463220 0.69600013
v 0.08103180 0.07480520 0.69600015
v 0.08119274 0.07463421 0.69600015
v 0.08132482 0.07444421 0.69600015
v 0.08142078 0.07424221 0.69600015
v 0.04087494 0.07730014 -0.07079789
v -0.07925013 0.07730015 0.05000009
v -0.07921421 0.07730020 0.69055512
v 0.07924975 0.07730020 0.69000017
v 0.07892681 0.07730020 0.69162615
v -0.00550009 0.06700015 -0.08199988
v -0.08672117 0.02972020 0.69112313
v -0.08541908 0.06700015 -0.00864588
v -0.08607714 0.04815716 0.15542808
v -0.08740215 0.01020316 0.18585208
v -0.08775817 0.00000019 0.69100014
v -0.08313024 0.02153420 0.73463214
v -0.08120119 0.02879820 0.73486114
v 0.04915476 0.07434521 0.73755016
v 0.05708480 0.06769521 0.73726614
v 0.06443977 0.05996521 0.73666515
v 0.08235681 0.02471321 0.73472315
v 0.08546079 0.00435820 0.73439517
v 0.08541883 0.06700021 0.69099914
v 0.00549995 0.06700015 -0.08199987
v -0.07925021 0.07730020 0.69000015
v -0.07910525 0.07730020 0.69110012
v 0.07910479 0.07730020 0.69110014
v 0.07921374 0.07730020 0.69055514
v 0.07924983 0.07730015 0.05000011
v -0.08569517 0.05910515 -0.00621293
v -0.08775918 0.00000016 0.18624613
v -0.08587824 -0.05385481 0.69099013
v -0.08662926 -0.03233881 0.69103915
v -0.05677616 -0.06860381 0.73771916
v -0.08311116 -0.02189680 0.73467914
v -0.08340716 -0.02051980 0.73463813
v -0.08519124 -0.07349981 0.69099913
v -0.08558225 0.00000020 0.73440114
v -0.08439326 0.00000020 0.73821215
v -0.07960021 0.00000120 0.74174414
v -0.07574427 0.01791720 0.74200014
v -0.07358825 0.02648320 0.74200014
v -0.06716025 0.04213820 0.74200014
v -0.06068921 0.05247020 0.74200014
v -0.04713726 0.07080820 0.74135814
v -0.04746723 0.07139420 0.74103714
v -0.04791427 0.07218720 0.74046913
v -0.04831922 0.07290621 0.73978714
v -0.04849827 0.07322520 0.73941813
v -0.04897225 0.07406620 0.73814315
v -0.04906917 0.07423821 0.73780215
v -0.05708528 0.06769620 0.73726714
v -0.08249128 0.02420020 0.73470715
v -0.08356726 0.01948820 0.73458115
v -0.07947624 0.01867120 0.74103615
v -0.08115721 0.01900920 0.73978913
v -0.08245826 0.01927120 0.73813513
v -0.07845425 0.02318820 0.74103615
v -0.08011722 0.02360720 0.73978913
v -0.08140421 0.02393120 0.73813513
v -0.07723117 0.02759320 0.74103615
v -0.07887220 0.02809220 0.73978913
v -0.08014226 0.02847720 0.73813513
v -0.07245922 0.04004220 0.74103615
v -0.07401121 0.04077020 0.73978913
v -0.07521319 0.04133420 0.73813513
v -0.07052421 0.04392120 0.74103615
v -0.07204020 0.04472320 0.73978913
v -0.07321226 0.04534420 0.73813513
v -0.06376219 0.05471720 0.74103615
v -0.06514418 0.05573220 0.73978913
v -0.06621420 0.05651720 0.73813513
v -0.06119716 0.05803620 0.74103615
v -0.06252718 0.05911820 0.73978913
v -0.06355619 0.05995620 0.73813513
v -0.04927421 0.06996920 0.74103615
v -0.05035627 0.07129920 0.73978913
v -0.05119324 0.07232820 0.73813513
v -0.04637718 0.06945920 0.74183715
v 0.04713678 0.07080821 0.74135815
v 0.04791379 0.07218721 0.74046915
v 0.08147979 0.00000120 0.74099216
v 0.08439279 0.00000020 0.73821217
v 0.08440876 0.01475820 0.73448717
v 0.08312774 0.02153420 0.73463216
v 0.08097077 0.02953121 0.73488915
v 0.04906881 0.07423821 0.73780217
v 0.04897177 0.07406621 0.73814316
v 0.04850984 0.07324520 0.73939215
v 0.04831874 0.07290621 0.73978715
v 0.04746675 0.07139420 0.74103715
v 0.04637682 0.06945921 0.74183716
v 0.05441272 0.06000321 0.74200015
v 0.06424880 0.04720621 0.74200016
v 0.06842578 0.03965121 0.74200016
v 0.07464183 0.02272421 0.74200016
v 0.07747984 0.00397520 0.74200016
v 0.08431983 0.00428520 0.73813516
v 0.08299375 0.00422020 0.73978916
v 0.08128178 0.00413520 0.74103617
v 0.08328474 0.01458620 0.73813516
v 0.08197379 0.01438621 0.73978916
v 0.08027780 0.01412820 0.74103617
v 0.08127380 0.02443820 0.73813516
v 0.07998979 0.02410721 0.73978915
v 0.07832873 0.02368021 0.74103617
v 0.07991779 0.02920220 0.73813515
v 0.07865179 0.02880720 0.73978915
v 0.07701481 0.02829621 0.74103617
v 0.07457876 0.04265721 0.73813515
v 0.07338679 0.04207521 0.73978915
v 0.07184577 0.04132221 0.74103617
v 0.07006574 0.05082121 0.73813515
v 0.06893873 0.05012021 0.73978915
v 0.06748176 0.04921521 0.74103617
v 0.06754780 0.05464921 0.73813515
v 0.06645882 0.05389221 0.73978915
v 0.06505072 0.05291321 0.74103617
v 0.04907775 0.07399221 0.73813515
v 0.08436883 -0.01521580 0.73451215
v 0.08348978 -0.02012780 0.73462716
v 0.08311284 -0.02189580 0.73467916
v 0.08107782 -0.02958980 0.73496318
v 0.08519078 -0.07349980 0.69099915
v -0.08654607 -0.07349987 -0.06861088
v -0.08037711 -0.07349987 -0.07655487
v -0.07567907 -0.07349987 -0.08120189
v 0.06786286 -0.07349986 -0.08752890
v 0.00578880 0.08800021 0.73600013
v 0.04794884 -0.07415280 0.73979717
v 0.04709483 -0.07265680 0.74103415
v 0.04695976 -0.07242180 0.74117318
v 0.04504884 -0.06937780 0.74200016
v 0.03933180 -0.07143980 0.74200016
v 0.01662779 -0.07625881 0.74200016
v 0.01222385 -0.07670280 0.74200016
v -0.00728726 -0.07703481 0.74200016
v -0.04481220 -0.06947180 0.74200015
v -0.04610323 -0.07092181 0.74178915
v -0.04696023 -0.07242180 0.74117317
v -0.04794919 -0.07415280 0.73979716
v 0.02001680 -0.07939581 0.74117416
v 0.03981078 -0.07499481 0.74117416
v 0.04633475 -0.07267580 0.74117416
v 0.01621080 -0.07986980 0.74117416
v 0.01187575 -0.08028380 0.74117416
v 0.01211084 -0.08321780 0.73868617
v -0.00266420 -0.08073281 0.74117416
v -0.00271725 -0.08367581 0.73868617
v -0.00706219 -0.08058981 0.74117415
v -0.00720119 -0.08352981 0.73868617
v -0.01460421 -0.08003881 0.74117415
v -0.01489519 -0.08296780 0.73868617
v -0.02332127 -0.07889481 0.74117415
v -0.03015422 -0.07757980 0.74117415
v -0.04605722 -0.07278480 0.74117415
v -0.04754424 -0.07344481 0.74046914
v -0.04709422 -0.07265680 0.74103414
v -0.04518818 -0.06932180 0.74200015
v -0.05914521 -0.05532981 0.74200015
v -0.06615424 -0.04467580 0.74200015
v -0.07172227 -0.03250281 0.74200014
v -0.08147919 0.00000120 0.74099214
v -0.08311426 0.00000120 0.73978815
v -0.08522927 0.00000020 0.73638213
v -0.08544624 -0.00471080 0.73439614
v -0.08434522 -0.01536280 0.73451415
v -0.08013427 -0.03248080 0.73509414
v -0.06216025 -0.05765581 0.74103616
v -0.06351625 -0.05870581 0.73978816
v -0.06456422 -0.05951881 0.73813416
v -0.06948423 -0.04652180 0.74103616
v -0.07098424 -0.04735280 0.73978816
v -0.07214427 -0.04799481 0.73813416
v -0.07159817 -0.04246380 0.74103616
v -0.07313823 -0.04321781 0.73978816
v -0.07433021 -0.04380080 0.73813416
v -0.07529425 -0.03382280 0.74103616
v -0.07690322 -0.03441680 0.73978816
v -0.07814717 -0.03487680 0.73813416
v -0.07932722 -0.01968480 0.74103616
v -0.08100724 -0.02003080 0.73978815
v -0.08230626 -0.02029780 0.73813415
v -0.08021724 -0.01472780 0.74103616
v -0.08191216 -0.01498880 0.73978815
v -0.08322322 -0.01518980 0.73813415
v -0.08126616 -0.00447680 0.74103615
v -0.08297920 -0.00456580 0.73978815
v -0.08430421 -0.00463380 0.73813415
v -0.05824018 0.05563920 0.74200014
v -0.06901324 0.03842520 0.74200014
v -0.07476222 0.02225120 0.74200014
v -0.07746625 -0.00430880 0.74200014
v -0.07645523 -0.01415880 0.74200014
v -0.07559716 -0.01891380 0.74200014
v -0.06817925 -0.04078980 0.74200014
v -0.03036820 -0.07390380 0.74200015
v -0.02373123 -0.07523481 0.74200015
v -0.01500117 -0.07643880 0.74200015
v -0.00275325 -0.07719081 0.74200016
v 0.02045179 -0.07575580 0.74200016
v 0.05808080 -0.05667380 0.74200016
v 0.06053579 -0.05348080 0.74200016
v 0.06886673 -0.03935080 0.74200016
v 0.07056582 -0.03547280 0.74200016
v 0.07647574 -0.01402480 0.74200016
v 0.07651580 0.01356520 0.74200016
v 0.07338083 0.02715921 0.74200016
v 0.06192076 0.05074521 0.74200015
v 0.04518784 -0.06932180 0.74200016
v 0.04610277 -0.07092180 0.74178916
v 0.04754484 -0.07344480 0.74046916
v 0.07067776 -0.05210180 0.73633316
v 0.08522880 0.00000020 0.73638216
v 0.08311379 0.00000120 0.73978817
v 0.07959974 0.00000120 0.74174416
v 0.07567084 -0.01855280 0.74200016
v 0.07347381 -0.02728080 0.74200016
v 0.04665185 -0.06814980 0.74200016
v 0.05013276 -0.07244480 0.73978817
v 0.04904879 -0.07111580 0.74103618
v 0.06237674 -0.06014380 0.73978817
v 0.06104482 -0.05906480 0.74103618
v 0.06607175 -0.05751380 0.73813418
v 0.06500078 -0.05673180 0.73978818
v 0.06361580 -0.05572080 0.74103618
v 0.07507277 -0.04224780 0.73813418
v 0.07387078 -0.04168680 0.73978818
v 0.07231677 -0.04096080 0.74103618
v 0.07690275 -0.03806980 0.73813418
v 0.07567573 -0.03756680 0.73978818
v 0.07408882 -0.03691580 0.74103618
v 0.08002973 -0.02927180 0.73813418
v 0.07875979 -0.02888680 0.73978817
v 0.07711876 -0.02838980 0.74103618
v 0.08238483 -0.01991080 0.73813418
v 0.08108473 -0.01964880 0.73978817
v 0.07940376 -0.01930980 0.74103618
v 0.08324480 -0.01504580 0.73813418
v 0.08193374 -0.01484580 0.73978817
v 0.08023775 -0.01458780 0.74103618
v 0.09299982 0.00500020 0.70866015
v 0.09299982 0.00965920 0.70258817
v -0.08745018 -0.06510485 0.07521907
v -0.08780315 -0.05499986 0.03566709
v 0.08037686 -0.07349986 -0.07655485
v 0.08744990 -0.06510486 -0.06481893
v 0.08654593 -0.07349986 -0.06861086
v 0.08729886 -0.06508086 -0.06655486
v -0.08511616 -0.06499986 -0.07124791
v -0.08580316 -0.07349987 -0.07019792
v -0.08745016 -0.06510486 -0.06481896
v -0.08684910 -0.06505587 -0.06823895
v -0.07027210 -0.06499986 -0.08592389
v -0.06786311 -0.07349987 -0.08752892
v 0.05758487 -0.06510486 -0.09044989
v 0.06100892 -0.06508086 -0.09015592
v 0.06743490 -0.06502786 -0.08786293
v 0.00608981 0.08797721 0.73601614
v 0.00573075 0.08800021 0.73691915
v -0.00609517 0.08797621 0.73601715
v -0.00573123 0.08800021 0.73691915
v -0.00552726 0.08800021 0.74000014
v -0.00552726 0.08793220 0.74051813
v -0.00552726 0.08700020 0.74173213
v -0.00552726 0.08626120 0.74198316
v 0.00552773 0.08721821 0.74158714
v 0.00552773 0.08773221 0.74100016
v 0.00552773 0.08793220 0.74051813
v 0.00552773 0.08798320 0.74026115
v 0.00552773 0.08800021 0.74000014
v -0.00589120 0.08796721 0.74001614
v -0.00578916 0.08800021 0.73600013
v 0.00589073 0.08796721 0.74001614
v 0.09299982 -0.00965880 0.70258817
v 0.09299982 -0.00865980 0.70500016
v 0.09299982 -0.00258780 0.70965916
v 0.09299982 0.00000020 0.71000016
v 0.09299982 -0.00499980 0.70866015
v 0.09299982 -0.00707080 0.70707115
v 0.09299982 0.00866020 0.70500016
v 0.09299982 0.00707120 0.70707115
v 0.09299982 0.00258820 0.70965916
v 0.09299990 -0.05999984 0.16000014
v 0.09299989 0.05500016 0.16000014
v -0.08780314 -0.05499986 -0.03566692
v 0.08462392 -0.07379986 -0.07183190
v 0.08507692 -0.06444886 -0.07121487
v 0.08511590 -0.06499986 -0.07124789
v 0.07580589 -0.06499986 -0.08108290
v 0.07023989 -0.06444886 -0.08588393
v 0.07577085 -0.06444886 -0.08104487
v 0.08745192 -0.06499986 -0.06481893
v 0.08684885 -0.06505586 -0.06823893
v 0.08611392 -0.06502786 -0.06981893
v 0.08723091 -0.06444886 -0.06664987
v 0.08590793 -0.06444886 -0.07006486
v -0.08507706 -0.06444886 -0.07121489
v -0.08611406 -0.06502786 -0.06981895
v -0.08729912 -0.06508087 -0.06655488
v -0.08745206 -0.06499986 -0.06481896
v -0.08612216 -0.06444886 -0.06970189
v -0.08730007 -0.06444886 -0.06623385
v -0.07145310 -0.06499986 -0.08494387
v -0.07142008 -0.06444886 -0.08490489
v -0.05758513 -0.06510487 -0.09044990
v -0.06100906 -0.06508087 -0.09015593
v -0.06432009 -0.06505587 -0.08928392
v -0.06743515 -0.06502786 -0.08786294
v -0.07024015 -0.06444886 -0.08588395
v -0.06112409 -0.06444886 -0.09008489
v -0.06799210 -0.06444886 -0.08747694
v 0.05758487 -0.06444886 -0.09040089
v -0.05758513 -0.06444886 -0.09040091
v -0.02747811 -0.05499986 -0.09080288
v 0.02747893 -0.05499986 -0.09080287
v 0.07027184 -0.06499986 -0.08592387
v 0.06431984 -0.06505587 -0.08928390
v 0.06730091 -0.06444886 -0.08787985
v 0.06033384 -0.06444886 -0.09021087
v -0.00552726 0.08651820 0.74193213
v -0.00552726 0.08721821 0.74158714
v -0.00552726 0.08741420 0.74141414
v -0.00552726 0.08773221 0.74100016
v -0.00552726 0.08784821 0.74076514
v -0.00552726 0.08798320 0.74026115
v -0.00572121 0.08705520 0.74168814
v -0.00570119 0.08759021 0.74120114
v -0.00637221 0.08745221 0.74108614
v -0.00570417 0.08791420 0.74055315
v -0.00637424 0.08773721 0.74051715
v 0.00552773 0.08741420 0.74141414
v 0.00552773 0.08651820 0.74193214
v 0.00552773 0.08626120 0.74198316
v 0.00561273 0.08700020 0.74173014
v 0.00556075 0.08787921 0.74068315
v 0.00580573 0.08787921 0.74062516
v 0.00623178 0.08700020 0.74158214
v 0.00604975 0.08753221 0.74117414
v 0.00643873 0.08753221 0.74090613
v 0.00601280 0.08787921 0.74048213
v 0.00615382 0.08787921 0.74027414
v 0.09299990 -0.05965884 0.15741211
v 0.08692395 -0.07969986 -0.06658883
v 0.08621584 -0.07979986 -0.06924088
v 0.08032691 -0.07979986 -0.07660587
v 0.07576191 -0.07979986 -0.08112486
v 0.06873094 -0.07979986 -0.08696993
v -0.05814613 -0.08443487 -0.08999989
v -0.08462406 -0.07379986 -0.07183192
v -0.07092608 -0.07979987 -0.08538494
v -0.07575107 -0.07979987 -0.08113394
v -0.08692409 -0.07969987 -0.06658885
v -0.08462406 -0.07979987 -0.07183192
v -0.08551908 -0.07979987 -0.07059786
v -0.08700016 -0.07966186 0.07600013
v -0.08500026 -0.08090582 0.68105114
v -0.08444022 -0.08265181 0.68105114
v -0.08403824 -0.08310781 0.68105114
v -0.08295523 -0.08383181 0.68662114
v -0.08039819 -0.08530881 0.69355614
v -0.07788526 -0.08607981 0.69961814
v -0.08156823 -0.08357381 0.69468014
v -0.08115016 -0.08462181 0.69415415
v -0.08320819 -0.08260181 0.69096113
v -0.08274721 -0.08368981 0.69057016
v -0.08382021 -0.08222881 0.68905715
v -0.08334325 -0.08333381 0.68873815
v -0.08429526 -0.08193581 0.68713913
v -0.08380519 -0.08305381 0.68689514
v -0.07695221 -0.08623781 0.70107715
v -0.07800220 -0.08557381 0.69993613
v -0.07767617 -0.08651781 0.69925214
v -0.07738720 -0.08686981 0.69885616
v -0.05333017 -0.09468781 0.71833815
v -0.05059420 -0.09490981 0.72008114
v -0.04765820 -0.09512681 0.72142215
v -0.03931617 -0.09362681 0.72792115
v -0.03927421 -0.09286781 0.72858616
v -0.05787026 -0.09138881 0.72191514
v -0.05762922 -0.09178081 0.72177215
v -0.05721819 -0.09234981 0.72151716
v -0.05627822 -0.09333781 0.72087614
v -0.05430221 -0.09449781 0.71926616
v -0.04927920 -0.09299281 0.72610416
v -0.04966926 -0.09057081 0.72758816
v -0.05449020 -0.09019481 0.72524716
v -0.04853915 -0.09460081 0.72384917
v 0.03927375 -0.09286780 0.72858617
v 0.01097382 -0.09645381 0.72461715
v 0.01097978 -0.09663681 0.72329416
v -0.03936922 -0.09459781 0.72668516
v -0.03939926 -0.09513781 0.72561716
v -0.03942024 -0.09552581 0.72428616
v -0.01096224 -0.09613080 0.72562616
v -0.01094221 -0.09548780 0.72685014
v 0.03931583 -0.09362580 0.72792217
v 0.03936876 -0.09459781 0.72668517
v 0.03939880 -0.09513680 0.72561917
v 0.03941978 -0.09552581 0.72428617
v 0.04765774 -0.09512681 0.72142217
v 0.05430079 -0.09449781 0.71926618
v 0.05721785 -0.09234980 0.72151718
v 0.05787075 -0.09138880 0.72191516
v 0.04966880 -0.09057180 0.72758818
v 0.04927874 -0.09299280 0.72610417
v 0.05448974 -0.09019580 0.72524718
v 0.04853881 -0.09460080 0.72384918
v 0.07788480 -0.08607980 0.69961816
v 0.07800175 -0.08557381 0.69993615
v 0.07699884 -0.08583380 0.70128715
v 0.07685281 -0.08661181 0.70083517
v 0.07670082 -0.08694880 0.70056516
v 0.07702674 -0.08712280 0.69844318
v 0.08193280 -0.08443481 0.69013018
v 0.08250882 -0.08409680 0.68838117
v 0.08355285 -0.08347280 0.68105117
v 0.08443977 -0.08265181 0.68105117
v 0.08493282 -0.08153681 0.68105117
v 0.07767583 -0.08651780 0.69925216
v 0.07738675 -0.08686980 0.69885618
v 0.08114780 -0.08462181 0.69415716
v 0.08156682 -0.08357481 0.69468215
v 0.08274485 -0.08369180 0.69057715
v 0.08320583 -0.08260280 0.69096717
v 0.08334078 -0.08333480 0.68874616
v 0.08381678 -0.08222981 0.68906516
v 0.08380283 -0.08305480 0.68690518
v 0.08429278 -0.08193680 0.68714917
v 0.08474375 -0.08211981 0.68105117
v 0.08403779 -0.08310781 0.68105117
v 0.08619091 -0.08171585 0.07585018
v 0.08662984 -0.08110685 0.07590812
v 0.08690688 -0.08040885 0.07596009
v 0.08677887 -0.08079786 -0.06070693
v 0.08696484 -0.08011886 -0.06071587
v 0.08669888 -0.07979986 -0.06779487
v 0.08699690 -0.07979986 -0.06536086
v 0.06377291 -0.07979986 -0.08919187
v 0.06632685 -0.07979986 -0.08824988
v 0.07094192 -0.07979986 -0.08537086
v 0.08462392 -0.07979986 -0.07183190
v 0.08551895 -0.07979986 -0.07059689
v 0.06070685 -0.08943886 -0.08491488
v 0.05814587 -0.08901686 -0.08700188
v 0.05814587 -0.08716786 -0.08918686
v 0.05814587 -0.08631086 -0.08963485
v 0.05814587 -0.08539086 -0.08990784
v 0.05814587 -0.08443486 -0.08999987
v 0.06070685 -0.08443787 -0.08983489
v 0.06070685 -0.08624387 -0.08949490
v 0.06070685 -0.08792686 -0.08840592
v 0.06070685 -0.08857386 -0.08762689
v 0.06070685 -0.08932786 -0.08584984
v 0.06070685 -0.08905186 -0.08673389
v 0.06070685 -0.08714086 -0.08903487
v 0.06070685 -0.08536386 -0.08974786
v 0.05814587 -0.08792186 -0.08858390
v 0.05814587 -0.08854586 -0.08784588
v 0.05814587 -0.08931486 -0.08608885
v 0.05814587 -0.08943286 -0.08513494
v -0.05814613 -0.08854587 -0.08784589
v -0.05814613 -0.08716787 -0.08918688
v -0.06070710 -0.08443787 -0.08983490
v -0.05814613 -0.08539087 -0.08990786
v -0.05814613 -0.08631087 -0.08963487
v -0.05814613 -0.08792187 -0.08858392
v -0.05814613 -0.08901686 -0.08700189
v -0.05814613 -0.08931487 -0.08608887
v -0.05814613 -0.08943287 -0.08513496
v -0.06070710 -0.08932787 -0.08584985
v -0.06070710 -0.08905187 -0.08673391
v -0.06070710 -0.08624387 -0.08949492
v -0.06070710 -0.08536387 -0.08974788
v -0.06070710 -0.08714087 -0.08903489
v -0.06070710 -0.08792687 -0.08840594
v -0.06070710 -0.08857387 -0.08762691
v -0.06070710 -0.08943887 -0.08491490
v -0.08699716 -0.07979987 -0.06536088
v -0.08621610 -0.07979987 -0.06924186
v -0.08032215 -0.07979987 -0.07661185
v -0.06793810 -0.07979987 -0.08743892
v -0.06462908 -0.07979987 -0.08891985
v -0.08669914 -0.07979987 -0.06779490
v -0.08662918 -0.08110886 0.07590810
v -0.08699609 -0.07983086 -0.06095192
v -0.08698417 -0.07997887 -0.06077394
v -0.08696509 -0.08011986 -0.06071589
v -0.08695210 -0.08019987 -0.06070695
v -0.08677805 -0.08079787 -0.06070695
v -0.08690610 -0.08041186 0.07595912
v -0.08619013 -0.08171686 0.07585016
v -0.08355223 -0.08347281 0.68105114
v -0.08474325 -0.08211981 0.68105114
v -0.08493315 -0.08153681 0.68105114
v -0.00000023 -0.04949980 0.74590015
v -0.02475023 -0.04286780 0.74590014
v -0.04781317 -0.01281180 0.74590014
v -0.02475023 0.04286820 0.74590014
v -0.01894319 0.04573220 0.74590014
v 0.00646079 0.04907720 0.74590014
v 0.04286778 0.02475020 0.74590015
v 0.04949975 0.00000020 0.74590015
v 0.04286778 -0.02474980 0.74590015
v 0.01281178 -0.04781280 0.74590015
v -0.06965121 -0.09058682 0.51845414
v -0.06620323 -0.09198381 0.69926415
v -0.07516121 -0.08806281 0.69954516
v -0.07597719 -0.08765781 0.69965614
v -0.07702719 -0.08712281 0.69844316
v -0.08193515 -0.08443381 0.69012413
v -0.08251117 -0.08409481 0.68837316
v -0.06980215 -0.09052181 0.65856315
v -0.06551026 -0.09224781 0.65204615
v -0.07061122 -0.09017181 0.64091815
v -0.07685219 -0.08661181 0.70083515
v -0.07670115 -0.08694881 0.70056514
v -0.07650124 -0.08723981 0.70027415
v -0.07625817 -0.08747781 0.69996814
v -0.07613217 -0.08737681 0.70064716
v -0.07667827 -0.08652081 0.70121313
v -0.07643615 -0.08722481 0.70048414
v -0.04361319 -0.09539781 0.72254016
v -0.06110119 -0.09380781 0.69916715
v 0.06689980 -0.09171181 0.59035816
v 0.05332983 -0.09468780 0.71833816
v 0.05059374 -0.09490981 0.72008115
v 0.04361285 -0.09539781 0.72254115
v -0.05525922 -0.09406981 0.72009315
v -0.05546319 -0.09394681 0.72025816
v -0.05742621 -0.09253881 0.72097315
v -0.05571627 -0.09400581 0.71945016
v -0.05641126 -0.09337281 0.72065316
v -0.05866419 -0.09027481 0.72194515
v -0.05793225 -0.09141481 0.72183414
v -0.05831527 -0.09153781 0.72117014
v 0.01095975 -0.09602181 0.72588115
v 0.01093782 -0.09535880 0.72704115
v 0.01091076 -0.09448781 0.72805315
v -0.01091420 -0.09461880 0.72792514
v -0.01097416 -0.09651781 0.72431316
v 0.05762876 -0.09178080 0.72177217
v 0.05633975 -0.09328381 0.72092116
v 0.05546380 -0.09394680 0.72025818
v 0.05532480 -0.09403180 0.72014615
v 0.05742575 -0.09253880 0.72097316
v 0.05866481 -0.09027480 0.72194517
v 0.05793179 -0.09141481 0.72183415
v 0.05831481 -0.09153780 0.72117016
v 0.05571581 -0.09400581 0.71945018
v 0.05641080 -0.09337280 0.72065318
v 0.07625784 -0.08747780 0.69996816
v 0.07650078 -0.08723981 0.70027417
v 0.07695175 -0.08623780 0.70107717
v 0.07640482 -0.08665781 0.70139617
v 0.07629074 -0.08729780 0.70058218
v 0.06757476 -0.09144381 0.64353218
v 0.06536283 -0.09230381 0.64891517
v 0.06889178 -0.09090681 0.65784615
v 0.07061078 -0.09017181 0.65908217
v 0.08295382 -0.08383380 0.68663016
v 0.08039678 -0.08530980 0.69355816
v 0.06620778 -0.09198180 0.69926417
v 0.06184675 -0.09355880 0.68556517
v 0.06404986 -0.09278881 0.64476314
v 0.06965080 -0.09058682 0.51845415
v 0.06834993 -0.09112985 0.08266216
v 0.06758485 -0.09144085 0.04689007
v 0.06869887 -0.09098685 0.00293212
v 0.07045184 -0.09023886 -0.04040189
v 0.08648585 -0.08134486 -0.06070693
v 0.08608889 -0.08181986 -0.06070693
v 0.08695184 -0.08019986 -0.06070693
v 0.08311593 -0.08479986 -0.06676192
v 0.08300792 -0.08479986 -0.06730683
v -0.06646814 -0.09165586 0.04687015
v 0.06144392 -0.08966986 -0.07615288
v -0.06144405 -0.08966987 -0.07615289
v -0.08190812 -0.08479986 -0.06921194
v -0.08258308 -0.08479986 -0.06833193
v -0.08311606 -0.08479986 -0.06676195
v -0.06869914 -0.09098686 0.00293008
v -0.08608807 -0.08182087 -0.06070695
v -0.08648611 -0.08134487 -0.06070695
v -0.06965116 -0.09058685 0.09845415
v -0.00000024 0.04950020 0.74590014
v -0.00646126 0.04907720 0.74590014
v -0.01281118 0.04781320 0.74590014
v -0.03500223 0.03500220 0.74590014
v -0.04286826 0.02475020 0.74590014
v -0.04781318 0.01281220 0.74590014
v -0.04950023 0.00000020 0.74590014
v -0.04286825 -0.02474980 0.74590014
v -0.03500223 -0.03500180 0.74590014
v -0.01894319 -0.04573180 0.74590014
v -0.01281118 -0.04781280 0.74590014
v -0.00646126 -0.04907680 0.74590015
v 0.00646079 -0.04907680 0.74590015
v 0.01894284 -0.04573180 0.74590015
v 0.02474976 -0.04286780 0.74590015
v 0.03500176 -0.03500180 0.74590015
v 0.04781282 -0.01281180 0.74590015
v 0.04781282 0.01281220 0.74590015
v 0.03500176 0.03500221 0.74590014
v 0.02474976 0.04286820 0.74590014
v 0.01894283 0.04573220 0.74590014
v 0.01281178 0.04781320 0.74590014
v 0.08959975 0.05225020 0.61500015
v 0.08959974 -0.06110481 0.66110015
v 0.08959974 -0.06068081 0.66212517
v -0.07109519 -0.08995983 0.51934314
v -0.06721422 -0.09158782 0.58427114
v -0.07262026 -0.08923781 0.69981114
v -0.07591521 -0.08765881 0.70004816
v -0.07431721 -0.08847381 0.69946114
v -0.07264124 -0.08926281 0.69937815
v -0.07430326 -0.08847481 0.69964115
v -0.06889115 -0.09090681 0.64215417
v -0.06757520 -0.09144381 0.65646813
v -0.06108819 -0.09379981 0.69945516
v 0.06109978 -0.09380781 0.69916517
v 0.07431675 -0.08847380 0.69946116
v 0.07516075 -0.08806281 0.69954518
v 0.07597674 -0.08765781 0.69965616
v 0.07591475 -0.08765881 0.70004818
v 0.07430280 -0.08847480 0.69964117
v 0.06550981 -0.09224781 0.64795416
v 0.06980183 -0.09052181 0.64143714
v 0.06108381 -0.09375681 0.69974616
v 0.07264079 -0.08926280 0.69937816
v 0.07261981 -0.08923781 0.69981116
v 0.06965086 -0.09058685 0.09845417
v 0.07058095 -0.08990386 -0.06675084
v 0.07117390 -0.08985286 -0.06615789
v 0.07175290 -0.08966686 -0.06557889
v 0.06722090 -0.09158485 0.08400207
v 0.06667790 -0.09174385 0.08400016
v 0.06646786 -0.09165585 0.04687016
v 0.06754885 -0.09121486 0.00289207
v 0.06926285 -0.09048686 -0.04046292
v 0.08315288 -0.08479986 -0.06620689
v 0.08190786 -0.08479986 -0.06921191
v 0.08258294 -0.08479986 -0.06833191
v 0.08282887 -0.08479986 -0.06783290
v -0.06758513 -0.09144086 0.04689005
v -0.07045211 -0.09023887 -0.04041085
v -0.07175208 -0.08966687 -0.06557891
v -0.07117308 -0.08985287 -0.06615791
v -0.06926311 -0.09048687 -0.04047188
v -0.06754817 -0.09121486 0.00289014
v -0.07058109 -0.08990387 -0.06675086
v -0.08315314 -0.08479986 -0.06620691
v -0.08300806 -0.08479986 -0.06730685
v 0.08959975 0.05210520 0.61610015
v 0.08959974 -0.06124981 0.66000017
v 0.02141382 -0.10029981 0.68744015
v 0.02399982 -0.10029981 0.68656215
v 0.02726175 -0.10029981 0.68231216
v 0.02743985 -0.10029981 0.68141415
v 0.02749981 -0.10029981 0.67950016
v 0.02656175 -0.10029981 0.67600017
v 0.02544977 -0.10029981 0.67455017
v 0.02231182 -0.10029981 0.67273917
v -0.02050017 -0.10029981 0.67250015
v -0.02400015 -0.10029981 0.67343815
v -0.02545021 -0.10029981 0.67455016
v -0.02656220 -0.10029981 0.67600017
v -0.02750026 -0.10029981 0.67950015
v -0.02750026 -0.10029981 0.68050014
v -0.02744018 -0.10029981 0.68141415
v -0.02726124 -0.10029981 0.68231215
v -0.02545022 -0.10029981 0.68545016
v -0.02400015 -0.10029981 0.68656214
v 0.02049991 -0.09579985 0.14250009
v 0.02738091 -0.09579985 0.14821612
v 0.02471992 -0.09579985 0.14391511
v 0.02241787 -0.09579985 0.14276808
v -0.02050010 -0.09579985 0.14250009
v -0.02418319 -0.09579985 0.14354710
v -0.02521411 -0.09579985 0.14432614
v -0.02723209 -0.09579985 0.14758210
v -0.02743319 -0.09579985 0.14853214
v 0.06711587 -0.09161885 0.09579914
v -0.06722107 -0.09158486 0.08400205
v -0.06667808 -0.09174385 0.08400015
v -0.06685510 -0.09170486 0.09598807
v 0.02049984 -0.10029981 0.67250016
v 0.02141382 -0.10029981 0.67256015
v 0.02399983 -0.10029981 0.67343816
v 0.02726175 -0.10029981 0.67768815
v 0.02743985 -0.10029981 0.67858615
v 0.02749981 -0.10029981 0.68050015
v 0.02656175 -0.10029981 0.68400016
v 0.02544977 -0.10029981 0.68545016
v 0.02231182 -0.10029981 0.68726116
v -0.02141415 -0.10029981 0.68744015
v -0.02231215 -0.10029981 0.68726115
v -0.02656220 -0.10029981 0.68400015
v -0.02744018 -0.10029981 0.67858614
v -0.02726124 -0.10029981 0.67768814
v -0.02231215 -0.10029981 0.67273917
v -0.02141415 -0.10029981 0.67256014
v 0.02146789 -0.09579985 0.14256709
v 0.02362188 -0.09579985 0.14323514
v 0.02567383 -0.09579985 0.14478617
v 0.02645286 -0.09579985 0.14581709
v 0.02702781 -0.09579985 0.14697319
v -0.02676514 -0.09579985 0.14637809
v -0.02608517 -0.09579985 0.14528017
v -0.02302710 -0.09579985 0.14297216
v -0.02178410 -0.09579985 0.14261918
vt 0.00000000 0.00000000
vt 0.00000000 0.00000000
vt 0.00000000 0.00000000
vt 0.00000000 0.00000000
vt 0.00000000 0.00000000
vt 0.00000000 0.00000000
vt 0.00000000 0.00000000
vt 0.00000000 0.00000000
vt 0.00000000 0.00000000
vt 0.00000000 0.00000000
vt 0.00000000 0.00000000
vt 0.00000000 0.00000000
vt 0.00000000 0.00000000
vt 0.00000000 0.00000000
vt 0.00000000 0.00000000
vt 0.00000000 0.00000000
vt 0.00000000 0.00000000
vt 0.00000000 0.00000000
vt 0.00000000 0.00000000
vt 0.00000000 0.00000000
vt 0.00000000 0.00000000
vt 0.00000000 0.00000000
vt 0.00000000 0.00000000
vt 0.00000000 0.00000000
vt 0.00000000 0.00000000
vt 0.00000000 0.00000000
vt 0.00000000 0.00000000
vt 0.00000000 0.00000000
vt 0.00000000 0.00000000
vt 0.00000000 0.00000000
vt 0.00000000 0.00000000
vt 0.00000000 0.00000000
vt 0.00000000 0.00000000
vt 0.00000000 0.00000000
vt 0.00000000 0.00000000
vt 0.00000000 0.00000000
vt 0.99215698 0.69803900
vt 1.00000000 0.65098000
vt 0.00000000 0.00000000
vt 0.00000000 0.00000000
vt 0.00000000 0.00000000
vt 0.00000000 0.00000000
vt 0.00000000 0.00000000
vt 0.00000000 0.00000000
vt 0.00000000 0.00000000
vt 0.00000000 0.00000000
vt 0.00000000 0.00000000
vt 0.00000000 0.00000000
vt 0.00000000 0.00000000
vt 0.00000000 0.00000000
vt 0.00000000 0.00000000
vt 0.00000000 0.00000000
vt 0.00000000 0.00000000
vt 0.00000000 0.00000000
vt 0.00000000 0.00000000
vt 0.00000000 0.00000000
vt 0.00000000 0.00000000
vt 0.00000000 0.00000000
vt 0.00000000 0.00000000
vt 0.00000000 0.00000000
vt 0.00000000 0.00000000
vt 0.00000000 0.00000000
vt 0.00784300 0.82745099
vt 0.00000000 0.00000000
vt 0.00000000 0.91764700
vt 0.00000000 0.00000000
vt 0.00000000 0.00000000
vt 0.00000000 0.00000000
vt 0.00000000 0.00000000
vt 0.00000000 0.00000000
vt 0.00000000 0.00000000
vt 0.11372500 0.03529400
vt 0.00000000 0.00000000
vt 0.00000000 0.00000000
vt 0.00000000 0.00000000
vt 0.00000000 0.00000000
vt 0.00000000 0.00000000
vt 0.00000000 0.00000000
vt 0.00000000 0.00000000
vt 0.00000000 0.00000000
vt 0.00000000 0.00000000
vt 0.00000000 0.00000000
vt 0.00000000 0.00000000
vt 0.00000000 0.00000000
vt 0.00000000 0.00000000
vt 0.00000000 0.00000000
vt 0.00000000 0.00000000
vt 0.00000000 0.00000000
vt 0.00000000 0.00000000
vt 0.00000000 0.00000000
vt 0.00000000 0.00000000
vt 0.00000000 0.00000000
vt 0.00000000 0.00000000
vt 0.00000000 0.00000000
vt 0.00000000 0.00000000
vt 0.00000000 0.00000000
vt 0.00000000 0.00000000
vt 0.00000000 0.00000000
vt 0.00000000 0.00000000
vt 0.00000000 0.00000000
vt 0.00000000 0.00000000
vt 0.00000000 0.00000000
vt 0.00000000 0.00000000
vt 0.00000000 0.00000000
vt 0.00000000 0.00000000
vt 0.00000000 0.00000000
vt 0.00000000 0.00000000
vt 0.06666700 0.25097999
vt 0.00000000 0.00000000
vt 0.00000000 0.00000000
vt 0.00000000 0.00000000
vt 0.00000000 0.00000000
vt 0.00000000 0.00000000
vt 0.00000000 0.00000000
vt 0.00000000 0.00000000
vt 0.00000000 0.00000000
vt 0.00000000 0.00000000
vt 0.00000000 0.00000000
vt 0.00000000 0.00000000
vt 0.00000000 0.00000000
vt 0.00000000 0.00000000
vt 0.00000000 0.00000000
vt 0.00000000 0.00000000
vt 0.00000000 0.00000000
vt 0.00000000 0.00000000
vt 0.00000000 0.00000000
vt 0.00000000 0.00000000
vt 0.24313700 0.36862701
vt 0.00000000 0.00000000
vt 0.00000000 0.00000000
vt 0.00000000 0.00000000
vt 0.00000000 0.00000000
vt 0.00000000 0.50196099
vt 0.02745100 0.91764700
vt 0.00000000 0.00000000
vt 0.00000000 0.00000000
vt 0.00000000 0.00000000
vt 0.00000000 0.00000000
vt 0.00000000 0.00000000
vt 0.17254899 0.89411801
vt 0.00000000 0.00000000
vt 0.00000000 0.00000000
vt 0.00000000 0.00000000
vt 0.00000000 0.00000000
vt 0.00000000 0.00000000
vt 0.00000000 0.00000000
vt 0.00000000 0.00000000
vt 0.00000000 0.00000000
vt 0.00000000 0.00000000
vt 0.00000000 0.00000000
vt 0.00000000 0.00000000
vt 0.11764700 0.10196100
vt 0.00000000 0.00000000
vt 0.00000000 0.00000000
vt 0.00000000 0.00000000
vt 0.00000000 0.00000000
vt 0.00000000 0.00000000
vt 0.00000000 0.00000000
vt 0.00000000 0.00000000
vt 0.00000000 0.00000000
vt 0.00000000 0.00000000
vt 0.00000000 0.00000000
vt 0.00000000 0.00000000
vt 0.00000000 0.00000000
vt 0.00000000 0.00000000
vt 0.00000000 0.00000000
vt 0.00000000 0.00000000
vt 0.00000000 0.00000000
vt 0.00000000 0.00000000
vt 0.00000000 0.00000000
vt 0.00000000 0.00000000
vt 0.00000000 0.00000000
vt 0.00000000 0.00000000
vt 0.00000000 0.00000000
vt 0.00000000 0.00000000
vt 0.00000000 0.00000000
vt 0.00000000 0.00000000
vt 0.00000000 0.00000000
vt 0.00000000 0.00000000
vt 0.03137300 0.66666698
vt 0.00000000 0.00000000
vt 0.00000000 0.00000000
vt 0.00000000 0.00000000
vt 0.00000000 0.00000000
vt 0.00000000 0.00000000
vt 0.00000000 0.00000000
vt 0.00000000 0.00000000
vt 0.00000000 0.00000000
vt 0.00000000 0.00000000
vt 0.00000000 0.00000000
vt 0.00000000 0.00000000
vt 0.00000000 0.00000000
vt 0.00000000 0.00000000
vt 0.11372500 0.03529400
vt 0.66274500 1.00000000
vt 0.50980401 0.00000000
vt 0.00000000 0.00000000
vt 0.00000000 0.62352902
vt 0.00000000 0.00000000
vt 0.00000000 0.00000000
vt 0.00000000 0.00000000
vt 0.00000000 0.00000000
vt 0.01568600 0.76078397
vt 0.00000000 0.00000000
vt 0.87450999 0.00000000
vt 0.00000000 0.00000000
vt 0.00000000 0.00000000
vt 0.00000000 0.00000000
vt 0.00000000 0.00000000
vt 0.00000000 0.00000000
vt 0.00000000 0.00000000
vt 0.00000000 0.00000000
vt 1.00000000 0.75294101
vt 1.00000000 0.62352902
vt 1.00000000 0.98431402
vt 0.00000000 0.00000000
vt 0.00000000 0.00000000
vt 1.00000000 0.01176500
vt 0.00000000 0.00000000
vt 0.00000000 0.00000000
vt 0.00000000 0.00000000
vt 1.00000000 1.00000000
vt 0.00000000 0.00000000
vt 0.00000000 0.00000000
vt 1.00000000 1.00000000
vt 0.00000000 0.00000000
vt 0.00000000 0.00000000
vt 0.00000000 0.00000000
vt 0.00000000 0.00000000
vt 0.00000000 0.00000000
vt 0.00000000 0.00000000
vt 0.00000000 0.00000000
vt 0.00000000 0.00000000
vt 0.00000000 0.42745101
vt 0.00000000 0.00000000
vt 0.00000000 0.00000000
vt 0.00000000 0.00000000
vt 0.00000000 0.00000000
vt 0.00000000 0.00000000
vt 0.00000000 0.00000000
vt 0.00000000 0.00000000
vt 0.00000000 0.00000000
vt 0.00000000 0.00000000
vt 0.00000000 0.00000000
vt 0.00000000 0.00000000
vt 0.00000000 0.42745101
vt 0.74901998 0.49803901
vt 0.00000000 0.00000000
vt 0.00000000 0.00000000
vt 1.00000000 0.41568601
vt 0.00000000 0.00000000
vt 0.00000000 0.00000000
vt 0.00000000 0.00000000
vt 0.00000000 0.00000000
vt 0.00000000 0.00000000
vt 0.00000000 0.00000000
vt 1.00000000 0.41568601
vt 0.00000000 0.00000000
vt 1.00000000 0.33333299
vt 0.00000000 0.00000000
vt 0.00000000 0.00000000
vt 0.87058800 0.00000000
vt 0.00000000 0.00000000
vt 0.00000000 0.00000000
vt 0.00000000 0.00000000
vt 0.11764700 0.10196100
vt 0.00000000 0.00000000
vt 0.00000000 0.00000000
vt 0.00000000 0.00000000
vt 0.11764700 0.10196100
vt 0.00000000 0.00000000
vt 0.00000000 0.00000000
vt 0.00000000 0.00000000
vt 0.00000000 0.00000000
vt 0.00000000 0.00000000
vt 0.00000000 0.00000000
vt 0.00000000 0.00000000
vt 0.00000000 0.00000000
vt 0.00000000 0.00000000
vt 0.00000000 0.00000000
vt 0.00000000 0.00000000
vt 0.00000000 0.00000000
vt 0.00000000 0.00000000
vt 0.00000000 0.00000000
vt 0.00000000 0.00000000
vt 0.00000000 0.00000000
vt 0.00000000 0.00000000
vt 0.00000000 0.00000000
vt 0.87450999 0.00000000
vt 0.00000000 0.00000000
vt 0.00000000 0.00000000
vt 0.00000000 0.00000000
vt 0.00000000 0.00000000
vt 0.00000000 0.00000000
vt 0.00000000 0.00000000
vt 0.00000000 0.00000000
vt 0.00000000 0.00000000
vt 0.00000000 0.00000000
vt 0.00000000 0.00000000
vt 0.00000000 0.00000000
vt 0.00000000 0.00000000
vt 0.00000000 0.00000000
vt 0.00000000 0.00000000
vt 0.00000000 0.00000000
vt 0.64313698 0.98823500
vt 0.00000000 0.00000000
vt 0.00000000 0.00000000
vt 0.70196098 0.96862799
vt 0.65490198 0.98431402
vt 0.55686301 0.51764703
vt 0.00000000 0.00000000
vt 0.77647102 0.27451000
vt 0.37254900 0.93725502
vt 0.00000000 0.00000000
vt 0.25097999 1.00000000
vt 0.00000000 0.00000000
vt 0.00000000 0.00000000
vt 0.25097999 1.00000000
vt 0.00000000 0.00000000
vt 0.00000000 0.00000000
vt 0.25097999 1.00000000
vt 0.00000000 0.00000000
vt 0.00000000 0.00000000
vt 0.25097999 1.00000000
vt 0.00000000 0.00000000
vt 0.00000000 0.00000000
vt 0.00000000 0.00000000
vt 0.00000000 0.00000000
vt 0.00000000 0.00000000
vt 0.00000000 0.00000000
vt 0.00000000 0.00000000
vt 0.00000000 0.00000000
vt 0.00000000 0.00000000
vt 0.00000000 0.00000000
vt 0.00000000 0.00000000
vt 0.00000000 0.00000000
vt 0.00000000 0.00000000
vt 0.00000000 0.00000000
vt 0.01568600 0.76078397
vt 0.00000000 0.00000000
vt 0.00000000 0.00000000
vt 0.00000000 0.00000000
vt 0.62745100 0.01568600
vt 0.00000000 0.00000000
vt 0.00000000 0.00000000
vt 0.96078402 0.69019598
vt 0.00000000 0.00000000
vt 0.00000000 0.00000000
vt 0.93333298 0.74901998
vt 0.77647102 0.05098000
vt 0.00000000 0.00000000
vt 0.83529401 0.00000000
vt 0.00000000 0.00000000
vt 0.00000000 0.00000000
vt 0.05882400 0.19215700
vt 0.10588200 0.27451000
vt 0.77647102 0.05098000
vt 0.00000000 0.00000000
vt 0.00000000 0.00000000
vt 0.00000000 0.00000000
vt 0.00000000 0.00000000
vt 0.00000000 0.00000000
vt 0.00000000 0.00000000
vt 0.00000000 0.00000000
vt 0.00000000 0.00000000
vt 0.00000000 0.00000000
vt 0.00000000 0.00000000
vt 0.00000000 0.00000000
vt 0.00000000 0.00000000
vt 0.00000000 0.00000000
vt 0.00000000 0.00000000
vt 0.00000000 0.00000000
vt 0.00000000 0.00000000
vt 1.00000000 0.49803901
vt 0.00000000 0.00000000
vt 0.00000000 0.00000000
vt 0.00000000 0.00000000
vt 0.00000000 0.00000000
vt 0.00000000 0.00000000
vt 1.00000000 0.49803901
vt 0.00000000 0.00000000
vt 0.00000000 0.00000000
vt 0.00000000 0.00000000
vt 0.00000000 0.00000000
vt 0.00000000 0.00000000
vt 0.00000000 0.00000000
vt 0.69019598 0.00000000
vt 0.00000000 0.00000000
vt 0.00000000 0.00000000
vt 0.53725499 0.00000000
vt 0.55686301 0.23529400
vt 0.50196099 1.00000000
vt 0.00000000 0.00000000
vt 0.66666698 1.00000000
vt 0.00000000 0.00000000
vt 1.00000000 0.33333299
vt 0.00000000 0.00000000
vt 0.00000000 0.00000000
vt 1.00000000 0.33333299
vt 0.00000000 0.00000000
vt 0.00000000 0.00000000
vt 0.00000000 0.00000000
vt 0.00000000 0.00000000
vt 0.04705900 0.02745100
vt 0.00000000 0.00000000
vt 0.87058800 0.00000000
vt 0.75294101 0.00000000
vt 0.00000000 0.00000000
vt 0.04705900 0.02745100
vt 0.75294101 0.00000000
vt 0.00000000 0.00000000
vt 0.00000000 0.00000000
vt 0.00000000 0.00000000
vt 0.00000000 0.00000000
vt 0.83137298 1.00000000
vt 0.00000000 0.00000000
vt 0.00000000 0.00000000
vt 0.00000000 0.00000000
vt 0.83529401 0.00000000
vt 0.98431402 0.62745100
vt 0.00000000 0.00000000
vt 0.00000000 0.00000000
vt 0.00000000 0.00000000
vt 0.00000000 0.00000000
vt 0.00000000 0.00000000
vt 0.00000000 0.00000000
vt 0.00000000 0.00000000
vt 0.00000000 0.00000000
vt 0.00000000 0.00000000
vt 0.00000000 0.00000000
vt 0.00000000 0.00000000
vt 0.00000000 0.00000000
vt 0.00000000 0.00000000
vt 0.00000000 0.00000000
vt 0.00000000 0.00000000
vt 0.00000000 0.00000000
vt 0.00000000 0.00000000
vt 0.00000000 0.00000000
vt 0.00000000 0.00000000
vt 0.00000000 0.00000000
vt 0.00000000 0.00000000
vt 0.55686301 0.27451000
vt 0.00000000 0.00000000
vt 0.00000000 0.00000000
vt 0.00000000 0.00000000
vt 0.00000000 0.00000000
vt 0.00000000 0.00000000
vt 0.30196100 0.00000000
vt 0.00000000 0.00000000
vt 0.55686301 0.27451000
vt 0.00000000 0.00000000
vt 0.00000000 0.00000000
vt 0.55686301 0.27451000
vt 0.00000000 0.00000000
vt 0.30196100 0.00000000
vt 0.00000000 0.00000000
vt 0.33333299 0.00000000
vt 0.89803898 0.37647101
vt 0.00000000 0.00000000
vt 0.00000000 0.00000000
vt 0.00000000 0.00000000
vt 0.00000000 0.00000000
vt 0.00000000 0.00000000
vt 0.49803901 0.50588202
vt 0.00000000 0.00000000
vt 0.62745100 0.01568600
vt 0.00000000 0.00000000
vt 0.00000000 0.00000000
vt 0.00000000 0.00000000
vt 0.00000000 0.00000000
vt 0.00000000 0.00000000
vt 0.99215698 0.63529402
vt 0.00392200 0.51372600
vt 0.00000000 0.00000000
vt 0.99215698 0.63529402
vt 0.00000000 0.00000000
vt 0.00000000 0.00000000
vt 0.33333299 1.00000000
vt 0.00000000 0.00000000
vt 0.00000000 0.00000000
vt 0.16470601 1.00000000
vt 0.00000000 0.00000000
vt 0.00000000 0.00000000
vt 0.00000000 0.00000000
vt 1.00000000 0.41568601
vt 0.82352901 0.87450999
vt 0.00000000 0.00000000
vt 1.00000000 0.37647101
vt 0.66666698 0.00000000
vt 0.00000000 0.00000000
vt 0.77647102 0.05098000
vt 0.00000000 0.00000000
vt 1.00000000 0.12548999
vt 0.00000000 0.00000000
vt 0.00000000 0.08235300
vt 0.00000000 0.00000000
vt 0.00000000 0.00000000
vt 0.00000000 0.00000000
vt 0.00000000 0.00000000
vt 0.00000000 0.00000000
vt 0.00000000 0.00000000
vt 0.00000000 0.00000000
vt 0.00000000 0.00000000
vt 0.00000000 0.00000000
vt 0.00000000 0.00000000
vt 0.00000000 0.00000000
vt 0.00000000 0.00000000
vt 0.00000000 0.00000000
vt 0.00000000 0.00000000
vt 0.00000000 0.00000000
vt 0.25097999 0.00000000
vt 0.00000000 0.00000000
vt 0.00000000 0.00000000
vt 0.00000000 0.00000000
vt 0.00000000 0.00000000
vt 0.00000000 0.00000000
vt 0.00000000 0.00000000
vt 0.25097999 0.00000000
vt 0.00000000 0.00000000
vt 0.00000000 0.00000000
vt 0.25097999 0.00000000
vt 0.00000000 0.00000000
vt 0.00000000 0.00000000
vt 0.00000000 0.00000000
vt 0.74901998 0.12548999
vt 0.00000000 0.00000000
vt 0.00000000 0.00000000
vt 0.00000000 0.00000000
vt 0.00000000 0.00000000
vt 0.00000000 0.00000000
vt 0.00000000 0.00000000
vt 0.30196100 1.00000000
vt 0.31372601 0.58823502
vt 0.81176502 0.62352902
vt 0.49803901 0.99607801
vt 0.00000000 0.00000000
vt 0.31372601 0.58823502
vt 0.00000000 0.00000000
vt 1.00000000 0.10196100
vt 1.00000000 0.48627499
vt 0.99607801 0.53725499
vt 0.00000000 0.00000000
vt 0.00000000 0.00000000
vt 0.00000000 0.00000000
vt 0.77647102 0.75686300
vt 0.55686301 0.23529400
vt 0.00000000 0.00000000
vt 0.50196099 1.00000000
vt 0.00000000 0.00000000
vt 0.00000000 0.00000000
vt 0.00000000 0.00000000
vt 0.00000000 0.00000000
vt 0.00000000 0.00000000
vt 0.00000000 0.00000000
vt 0.96862799 0.15294100
vt 0.96862799 0.18039200
vt 0.00000000 0.00000000
vt 0.66666698 1.00000000
vt 0.74117601 1.00000000
vt 0.00000000 0.00000000
vt 0.00000000 0.00000000
vt 0.86274499 0.20392200
vt 0.88235301 1.00000000
vt 0.00000000 0.00000000
vt 0.00000000 0.00000000
vt 0.98039198 0.25882399
vt 0.98823500 0.50196099
vt 0.00000000 0.00000000
vt 0.00000000 0.00000000
vt 0.00000000 0.00000000
vt 0.00000000 0.00000000
vt 0.00000000 0.00000000
vt 0.00000000 0.00000000
vt 0.98431402 0.62745100
vt 0.00000000 0.00000000
vt 0.00000000 0.00000000
vt 0.98431402 0.62745100
vt 0.00000000 0.00000000
vt 0.00000000 0.00000000
vt 0.98431402 0.62745100
vt 0.00000000 0.00000000
vt 0.00000000 0.00000000
vt 0.00000000 0.00000000
vt 0.00000000 0.00000000
vt 0.00000000 0.00000000
vt 0.00000000 0.00000000
vt 0.00000000 0.00000000
vt 0.00000000 0.00000000
vt 0.00000000 0.00000000
vt 0.00000000 0.00000000
vt 0.00000000 0.00000000
vt 0.00000000 0.00000000
vt 0.00000000 0.00000000
vt 0.00000000 0.00000000
vt 0.00000000 0.00000000
vt 0.00000000 0.00000000
vt 0.00000000 0.00000000
vt 0.33333299 0.27451000
vt 0.00000000 0.00000000
vt 0.00000000 0.00000000
vt 0.00000000 0.00000000
vt 0.33333299 0.00000000
vt 0.00000000 0.00000000
vt 0.89803898 0.37647101
vt 0.00000000 0.00000000
vt 0.00000000 0.00000000
vt 0.87450999 0.50196099
vt 0.93725502 0.50196099
vt 0.92156899 0.74901998
vt 0.87450999 0.50196099
vt 0.92156899 0.74901998
vt 0.74901998 0.81176502
vt 0.87450999 0.50196099
vt 0.74901998 0.93725502
vt 0.00000000 0.00000000
vt 0.00000000 0.00000000
vt 0.00000000 0.00000000
vt 0.00000000 0.00000000
vt 0.00000000 0.00000000
vt 0.00000000 0.00000000
vt 0.00000000 0.00000000
vt 0.63529402 0.81960797
vt 0.00000000 0.00000000
vt 0.00000000 0.00000000
vt 0.75294101 0.50196099
vt 0.00000000 0.00000000
vt 0.00000000 0.00000000
vt 0.75294101 0.50196099
vt 0.00000000 0.00000000
vt 0.49803901 0.11372500
vt 0.00000000 0.00000000
vt 0.00000000 0.00000000
vt 0.00000000 0.00000000
vt 0.00000000 0.00000000
vt 1.00000000 0.12548999
vt 1.00000000 0.16470601
vt 0.00000000 0.00000000
vt 0.00000000 0.00000000
vt 0.00000000 0.00000000
vt 0.98431402 0.25490201
vt 0.98823500 0.50196099
vt 0.00000000 0.00000000
vt 0.00000000 0.00000000
vt 0.00000000 0.00000000
vt 0.00000000 0.00000000
vt 0.00000000 0.00000000
vt 0.55686301 0.05098000
vt 0.49803901 1.00000000
vt 0.66666698 0.00000000
vt 0.00000000 0.00000000
vt 0.00000000 0.00000000
vt 0.00000000 0.00000000
vt 0.63921601 0.98039198
vt 0.00000000 0.00000000
vt 0.00000000 0.00000000
vt 0.00000000 0.00000000
vt 0.00000000 0.00000000
vt 0.00000000 0.00000000
vt 0.00000000 0.00000000
vt 0.00000000 0.00000000
vt 0.00000000 0.00000000
vt 0.00000000 0.00000000
vt 0.55686301 0.05098000
vt 0.00000000 0.00000000
vt 0.49803901 1.00000000
vt 0.00000000 0.00000000
vt 0.00000000 0.00000000
vt 0.00000000 0.00000000
vt 0.74509799 0.00000000
vt 0.00000000 0.00000000
vt 1.00000000 0.36862701
vt 0.00000000 0.00000000
vt 0.00000000 0.00000000
vt 0.34117600 0.00000000
vt 0.00000000 0.00000000
vt 0.00000000 0.00000000
vt 0.67843097 0.01960800
vt 0.00000000 0.00000000
vt 0.33333299 0.88235301
vt 0.00000000 0.00000000
vt 0.00000000 0.00000000
vt 0.00000000 0.00000000
vt 0.00000000 0.00000000
vt 0.00000000 0.00000000
vt 0.00000000 0.00000000
vt 0.24705900 0.49803901
vt 0.49803901 0.00000000
vt 0.00000000 0.00000000
vt 0.00000000 0.00000000
vt 0.00000000 0.00000000
vt 0.00000000 0.00000000
vt 0.50588202 0.50980401
vt 0.00000000 0.00000000
vt 0.00000000 0.00000000
vt 0.00000000 0.00000000
vt 0.74901998 0.06274500
vt 0.00000000 0.00000000
vt 0.49803901 0.00000000
vt 0.24705900 0.49803901
vt 0.00000000 0.00000000
vt 0.24705900 0.49803901
vt 0.00000000 0.00000000
vt 0.00000000 0.00000000
vt 0.00000000 0.00000000
vt 0.00000000 0.00000000
vt 0.00000000 0.00000000
vt 0.81176502 0.12548999
vt 0.00000000 0.00000000
vt 0.00000000 0.00000000
vt 0.58431399 0.99607801
vt 0.00000000 0.00000000
vt 0.08627500 0.35294101
vt 0.62352902 1.00000000
vt 0.00000000 0.00000000
vt 0.83529401 0.00000000
vt 0.66666698 0.00000000
vt 0.33333299 0.23529400
vt 0.00000000 0.00000000
vt 0.00000000 0.00000000
vt 0.00000000 0.00000000
vt 0.33333299 1.00000000
vt 0.00000000 0.00000000
vt 0.00000000 0.00000000
vt 0.00000000 0.00000000
vt 0.33333299 1.00000000
vt 0.00000000 0.00000000
vt 0.00000000 0.00000000
vt 0.00000000 0.00000000
vt 0.00000000 0.00000000
vt 0.00000000 0.00000000
vt 0.33333299 0.23529400
vt 0.00000000 0.00000000
vt 0.00000000 0.33333299
vt 0.33333299 0.23529400
vt 0.00000000 0.00000000
vt 0.00000000 0.00000000
vt 0.98823500 0.50196099
vt 0.99607801 0.74901998
vt 0.00000000 0.00000000
vt 0.32549000 0.00000000
vt 0.56078398 1.00000000
vt 0.00000000 0.00000000
vt 0.00000000 0.00000000
vt 0.32549000 0.00000000
vt 0.00000000 0.00000000
vt 0.50196099 1.00000000
vt 0.49019599 0.00000000
vt 0.00000000 0.00000000
vt 0.00000000 0.66666698
vt 0.85490203 0.14509800
vt 0.62352902 0.15294100
vt 0.00000000 0.00000000
vt 0.14117600 0.00000000
vt 0.00000000 0.00000000
vt 0.00000000 0.00000000
vt 0.00000000 0.00000000
vt 0.00000000 0.00000000
vt 0.00000000 0.00000000
vt 0.00000000 0.00000000
vt 0.00000000 0.00000000
vt 0.00000000 0.00000000
vt 0.00000000 0.00000000
vt 0.00000000 0.00000000
vt 0.98823500 0.43921599
vt 0.00000000 0.00000000
vt 0.00000000 0.00000000
vt 0.00000000 0.00000000
vt 0.00000000 0.00000000
vt 0.33333299 1.00000000
vt 0.83921599 1.00000000
vt 0.00000000 0.00000000
vt 0.33333299 1.00000000
vt 0.00000000 0.00000000
vt 0.00000000 0.00000000
vt 0.00000000 0.00000000
vt 0.00000000 0.00000000
vt 0.00000000 0.00000000
vt 0.00000000 0.00000000
vt 0.00000000 0.00000000
vt 0.00000000 0.16470601
vt 0.00000000 0.00000000
vt 0.00000000 0.00000000
vt 0.00000000 0.00000000
vt 0.50588202 0.50980401
vt 0.00000000 0.00000000
vt 0.00000000 0.00000000
vt 0.00000000 0.00000000
vt 0.00000000 0.00000000
vt 0.00000000 0.00000000
vt 0.00000000 0.00000000
vt 0.33333299 0.03137300
vt 0.00000000 0.00000000
vt 0.33333299 0.66274500
vt 0.33333299 1.00000000
vt 0.18431400 1.00000000
vt 0.81176502 0.87450999
vt 0.92156899 0.74901998
vt 0.12548999 0.01176500
vt 0.33333299 0.47843099
vt 0.00000000 0.00000000
vt 0.75294101 0.75686300
vt 0.00000000 0.00000000
vt 0.00000000 0.00000000
vt 0.68627501 0.75686300
vt 0.00000000 0.00000000
vt 0.00000000 0.00000000
vt 0.37254900 1.00000000
vt 0.00000000 0.00000000
vt 0.00000000 0.00000000
vt 0.37254900 1.00000000
vt 0.00392200 0.35686299
vt 0.00000000 0.00000000
vt 0.00000000 0.00000000
vt 0.05882400 0.19215700
vt 0.00000000 0.00000000
vt 0.00000000 0.00000000
vt 0.10588200 0.27451000
vt 0.00000000 0.00000000
vt 0.00000000 0.00000000
vt 0.49803901 0.50196099
vt 0.00000000 0.00000000
vt 0.00000000 0.00000000
vt 0.00000000 0.00000000
vt 0.00000000 0.00000000
vt 0.86274499 0.20392200
vt 0.00000000 0.00000000
vt 0.00000000 0.00000000
vt 0.00000000 0.00000000
vt 0.33333299 0.00000000
vt 0.33333299 0.00000000
vt 0.00000000 0.00000000
vt 0.00000000 0.00000000
vt 0.00000000 0.00000000
vt 0.00000000 0.00000000
vt 0.00000000 0.00000000
vt 0.00000000 0.00000000
vt 0.12548999 0.00000000
vt 0.00000000 0.00000000
vt 0.00000000 0.00000000
vt 0.00000000 0.00000000
vt 0.98823500 0.57647097
vt 0.00000000 0.00000000
vt 0.02352900 0.71372598
vt 0.00000000 0.00000000
vt 0.00000000 0.00000000
vt 0.00000000 0.00000000
vt 0.00000000 0.00000000
vt 0.00000000 0.00000000
vt 0.12548999 0.00000000
vt 0.12548999 1.00000000
vt 0.00000000 0.00000000
vt 0.00000000 0.00000000
vt 0.34117600 0.00000000
vt 0.00000000 0.00000000
vt 0.13333300 0.80000001
vt 0.00000000 0.00000000
vt 0.00000000 0.00000000
vt 0.00000000 0.00000000
vt 0.00000000 0.00000000
vt 0.00000000 0.00000000
vt 0.66666698 0.99607801
vt 0.98039198 0.10196100
vt 0.00000000 0.00000000
vt 0.98823500 0.49803901
vt 0.98039198 0.10196100
vt 0.00000000 0.00000000
vt 0.00000000 0.00000000
vt 0.00000000 0.00000000
vt 0.00000000 0.00000000
vt 0.25097999 0.99607801
vt 0.00000000 0.00000000
vt 0.00000000 0.00000000
vt 0.00000000 0.00000000
vt 0.00000000 0.00000000
vt 0.00000000 0.00000000
vt 0.00000000 0.00000000
vt 0.00000000 0.00000000
vt 0.00000000 0.00000000
vt 0.00000000 0.00000000
vt 0.00000000 0.00000000
vt 0.00000000 0.00000000
vt 0.67843097 0.01960800
vt 0.00000000 0.00000000
vt 0.00000000 0.00000000
vt 0.00000000 0.00000000
vt 0.00000000 0.00000000
vt 0.00000000 0.00000000
vt 0.00000000 0.00000000
vt 0.00000000 0.00000000
vt 0.00000000 0.00000000
vt 0.00000000 0.00000000
vt 0.24705900 0.49803901
vt 0.00000000 0.00000000
vt 0.00000000 0.00000000
vt 0.24705900 0.49803901
vt 0.00000000 0.00000000
vt 0.00000000 0.00000000
vt 0.24705900 0.49803901
vt 0.50588202 0.11764700
vt 0.00000000 0.00000000
vt 0.00000000 0.00000000
vt 0.00000000 0.00000000
vt 0.00000000 0.00000000
vt 0.03529400 0.00392200
vt 0.00000000 0.00000000
vt 0.06666700 0.25097999
vt 0.00000000 0.00000000
vt 0.16470601 0.00000000
vt 0.00000000 0.00000000
vt 0.00000000 1.00000000
vt 0.18431400 1.00000000
vt 0.00000000 0.00000000
vt 0.00000000 0.00000000
vt 0.00000000 0.00000000
vt 0.00000000 0.00000000
vt 0.00000000 0.00000000
vt 0.00000000 0.00000000
vt 0.00000000 0.00000000
vt 0.00000000 0.00000000
vt 0.00000000 0.33333299
vt 0.00000000 0.00000000
vt 0.98431402 0.74509799
vt 0.00000000 0.00000000
vt 0.00000000 0.00000000
vt 0.00000000 0.00000000
vt 0.00000000 0.00000000
vt 0.00000000 0.00000000
vt 0.00000000 0.00000000
vt 0.00000000 0.00000000
vt 0.00000000 0.00000000
vt 0.00000000 0.00000000
vt 0.00000000 0.00000000
vt 0.00000000 0.00000000
vt 0.00000000 0.00000000
vt 0.00000000 0.00000000
vt 0.00000000 0.00000000
vt 0.00000000 0.00000000
vt 0.00000000 0.00000000
vt 0.97647101 0.00000000
vt 0.00000000 0.00000000
vt 0.00000000 0.00000000
vt 0.00000000 0.00000000
vt 0.00000000 0.00000000
vt 0.24705900 0.00000000
vt 0.00000000 0.00000000
vt 0.12156900 0.22352900
vt 0.00000000 0.00000000
vt 0.00000000 0.00000000
vt 0.00000000 0.00000000
vt 0.00000000 0.00000000
vt 0.18823500 0.32549000
vt 0.00000000 0.00000000
vt 0.00000000 0.00000000
vt 0.83921599 1.00000000
vt 0.00000000 0.00000000
vt 0.00000000 0.00000000
vt 0.13333300 0.00000000
vt 0.00000000 0.00000000
vt 0.83921599 1.00000000
vt 0.13333300 0.00000000
vt 0.00000000 0.00000000
vt 0.00000000 0.00000000
vt 0.00000000 0.00000000
vt 0.00000000 0.00000000
vt 0.00000000 0.00000000
vt 0.00000000 0.00000000
vt 0.00000000 0.00000000
vt 0.00000000 0.00000000
vt 0.00000000 0.00000000
vt 0.00000000 0.00000000
vt 0.00000000 0.00000000
vt 0.00000000 0.00000000
vt 0.00000000 0.00000000
vt 0.00000000 0.00000000
vt 0.00000000 0.00000000
vt 0.00000000 0.00000000
vt 0.00000000 0.00000000
vt 0.00000000 0.00000000
vt 0.00000000 0.00000000
vt 0.00000000 0.00000000
vt 0.00000000 0.00000000
vt 0.00000000 0.00000000
vt 0.00000000 0.00000000
vt 0.00000000 0.00000000
vt 0.00000000 0.00000000
vt 0.00000000 0.00000000
vt 1.00000000 0.49803901
vt 0.00000000 0.00000000
vt 0.00000000 0.00000000
vt 0.98823500 0.57647097
vt 0.99607801 0.28235301
vt 0.00000000 0.00000000
vt 0.00784300 0.28235301
vt 0.00000000 0.00000000
vt 0.00000000 0.00000000
vt 1.00000000 0.24705900
vt 0.00000000 0.00000000
vt 0.12548999 1.00000000
vt 1.00000000 0.24705900
vt 0.00000000 0.00000000
vt 0.00000000 0.00000000
vt 0.00000000 0.00000000
vt 0.00000000 0.00000000
vt 0.00000000 0.00000000
vt 0.00000000 0.00000000
vt 0.98823500 0.50196099
vt 0.00000000 0.00000000
vt 0.00000000 0.00000000
vt 0.98823500 0.50196099
vt 0.74901998 0.06666700
vt 0.00000000 0.00000000
vt 0.00000000 0.00000000
vt 0.69019598 0.03921600
vt 0.00000000 0.00000000
vt 0.00000000 0.00000000
vt 0.00000000 0.00000000
vt 0.86274499 0.20392200
vt 0.00000000 0.00000000
vt 0.00000000 0.00000000
vt 0.00000000 0.00000000
vt 0.00000000 0.00000000
vt 0.00000000 0.00000000
vt 0.00000000 0.00000000
vt 0.00000000 0.00000000
vt 0.00000000 0.00000000
vt 0.00000000 0.00000000
vt 0.00000000 0.00000000
vt 0.82352901 1.00000000
vt 0.82352901 0.87450999
vt 0.12548999 1.00000000
vt 0.82352901 0.87450999
vt 0.00000000 0.00000000
vt 0.12548999 1.00000000
vt 0.82352901 0.87450999
vt 0.82352901 0.71764702
vt 0.00000000 0.00000000
vt 0.82352901 0.71764702
vt 0.82352901 0.62352902
vt 0.00000000 0.00000000
vt 0.82352901 0.62352902
vt 0.82352901 0.50196099
vt 0.00000000 0.00000000
vt 0.82352901 0.50196099
vt 0.00000000 0.00000000
vt 0.00000000 0.00000000
vt 0.00000000 0.00000000
vt 0.00000000 0.00000000
vt 0.00000000 0.00000000
vt 0.00000000 0.00000000
vt 0.00000000 0.00000000
vt 0.00000000 0.00000000
vt 0.00000000 0.00000000
vt 0.00000000 0.00000000
vt 0.00000000 0.00000000
vt 0.01176500 0.63137299
vt 0.00000000 0.00000000
vt 0.00392200 0.27843100
vt 0.01176500 0.63137299
vt 0.00000000 0.00000000
vt 0.00000000 0.00000000
vt 0.00000000 0.00000000
vt 0.00000000 0.00000000
vt 0.00000000 0.48627499
vt 0.00000000 0.00000000
vt 0.00000000 0.00000000
vt 0.00000000 0.00000000
vt 0.00000000 0.00000000
vt 0.00000000 0.00000000
vt 1.00000000 1.00000000
vt 0.00000000 0.00000000
vt 0.00000000 0.00000000
vt 0.99607801 0.75294101
vt 0.00000000 0.00000000
vt 0.00000000 0.00000000
vt 0.00000000 0.00000000
vt 0.00000000 0.00000000
vt 0.00000000 0.00000000
vt 0.00000000 0.00000000
vt 0.00000000 0.00000000
vt 0.00000000 0.00000000
vt 0.00000000 0.00000000
vt 0.00000000 0.00000000
vt 0.00000000 0.00000000
vt 0.00000000 0.00000000
vt 0.00000000 0.00000000
vt 0.00000000 0.00000000
vt 0.98039198 0.10196100
vt 0.00000000 1.00000000
vt 0.00000000 0.00000000
vt 0.00000000 0.00000000
vt 0.00000000 0.00000000
vt 0.00000000 0.00000000
vt 0.00000000 0.00000000
vt 0.00000000 0.00000000
vt 0.00000000 0.00000000
vt 0.00000000 0.00000000
vt 0.00000000 0.00000000
vt 0.00000000 0.00000000
vt 0.00000000 0.00000000
vt 0.02745100 0.65098000
vt 0.33333299 0.55686301
vt 0.74509799 0.99215698
vt 0.00000000 0.00000000
vt 0.00000000 0.00000000
vt 0.98431402 0.25490201
vt 0.00000000 0.00000000
vt 0.00000000 0.00000000
vt 0.98431402 0.25490201
vt 0.86274499 0.00000000
vt 0.00000000 0.00000000
vt 0.00000000 0.00000000
vt 0.86274499 1.00000000
vt 0.10980400 1.00000000
vt 0.00784300 0.16862699
vt 0.00000000 0.00000000
vt 0.00000000 0.00000000
vt 0.00000000 0.00000000
vt 0.00000000 0.00000000
vt 0.00000000 0.00000000
vt 0.00000000 0.00000000
vt 0.00000000 0.00000000
vt 0.00000000 0.00000000
vt 0.99607801 0.75294101
vt 0.00000000 0.00000000
vt 0.00000000 0.00000000
vt 0.98431402 0.74509799
vt 0.00000000 0.00000000
vt 0.00000000 0.00000000
vt 0.98431402 0.74509799
vt 0.00000000 0.00000000
vt 0.00000000 0.00000000
vt 0.00000000 0.00000000
vt 0.00000000 0.00000000
vt 0.00000000 0.00000000
vt 0.00000000 0.00000000
vt 0.00000000 0.00000000
vt 0.00000000 0.00000000
vt 0.00000000 0.00000000
vt 0.00000000 0.00000000
vt 1.00000000 0.33333299
vt 0.00000000 0.00000000
vt 0.00000000 0.00000000
vt 0.00000000 0.00000000
vt 0.00000000 0.00000000
vt 0.00000000 0.00000000
vt 0.00000000 0.00000000
vt 0.00000000 0.00000000
vt 0.00000000 0.00000000
vt 0.97647101 0.00000000
vt 0.00000000 0.00000000
vt 0.00000000 0.00000000
vt 0.97647101 0.00000000
vt 0.00000000 0.00000000
vt 0.00000000 0.00000000
vt 0.97647101 0.00000000
vt 0.00000000 0.00000000
vt 0.00000000 0.00000000
vt 0.00000000 0.00000000
vt 0.00000000 0.00000000
vt 0.00000000 0.00000000
vt 0.00000000 0.00000000
vt 0.00000000 0.00000000
vt 0.00000000 0.00000000
vt 0.00000000 0.00000000
vt 0.00000000 0.00000000
vt 0.00000000 0.00000000
vt 0.00000000 0.00000000
vt 0.88235301 0.92549002
vt 0.86274499 0.00000000
vt 0.00000000 0.00000000
vt 1.00000000 0.92549002
vt 0.00000000 0.00000000
vt 0.05882400 0.11372500
vt 0.00000000 0.00000000
vt 0.00000000 0.00000000
vt 0.00000000 0.00000000
vt 0.00000000 0.00000000
vt 0.13333300 0.01960800
vt 0.00000000 0.00000000
vt 0.00000000 0.00000000
vt 0.00000000 0.00000000
vt 0.00000000 0.00000000
vt 0.97647101 0.71372598
vt 0.00000000 0.00000000
vt 0.00000000 0.00000000
vt 0.00000000 0.00000000
vt 0.00000000 0.00000000
vt 0.00000000 0.00000000
vt 0.00000000 0.00000000
vt 0.00000000 0.00000000
vt 0.00000000 0.00000000
vt 0.06666700 0.25097999
vt 0.14509800 0.14509800
vt 0.00000000 0.00000000
vt 0.00000000 0.00000000
vt 0.00000000 0.00000000
vt 0.00000000 0.00000000
vt 0.00392200 0.43529400
vt 0.00000000 0.16470601
vt 0.00000000 0.00000000
vt 0.00392200 0.43529400
vt 0.50196099 0.00000000
vt 0.00000000 0.00000000
vt 0.00392200 0.43529400
vt 0.00000000 0.00000000
vt 0.00000000 0.00000000
vt 0.00392200 0.43529400
vt 0.85490203 0.14509800
vt 0.00000000 0.00000000
vt 0.00392200 0.43529400
vt 0.00000000 0.00000000
vt 0.00000000 0.00000000
vt 0.00392200 0.43529400
vt 0.00000000 0.00000000
vt 0.00000000 0.00000000
vt 0.00392200 0.43529400
vt 0.00000000 0.00000000
vt 0.00000000 0.00000000
vt 0.00392200 0.43529400
vt 0.00000000 0.00000000
vt 0.00000000 0.00000000
vt 0.00392200 0.43529400
vt 0.85490203 0.85490203
vt 0.00000000 0.00000000
vt 0.00392200 0.43529400
vt 0.00000000 0.00000000
vt 0.00000000 0.00000000
vt 0.00392200 0.43529400
vt 0.00000000 0.00000000
vt 0.00000000 0.00000000
vt 0.00392200 0.43529400
vt 0.00000000 0.00000000
vt 0.00000000 0.00000000
vt 0.00392200 0.43529400
vt 0.00000000 0.00000000
vt 0.00000000 0.00000000
vt 0.00392200 0.43529400
vt 0.00000000 0.00000000
vt 0.00000000 0.00000000
vt 0.00392200 0.43529400
vt 0.01568600 0.62745100
vt 0.00000000 0.00000000
vt 0.14509800 0.85490203
vt 0.00000000 0.00000000
vt 1.00000000 0.16470601
vt 0.33333299 0.70980400
vt 0.00000000 0.00000000
vt 0.00000000 0.00000000
vt 0.00000000 0.00000000
vt 0.00000000 0.00000000
vt 0.00000000 0.00000000
vt 0.00000000 0.38823500
vt 0.00000000 0.61176503
vt 0.00000000 0.00000000
vt 0.00000000 0.61176503
vt 0.00000000 0.00000000
vt 0.00000000 0.00000000
vt 0.00392200 0.27843100
vt 0.00000000 0.38823500
vt 0.00000000 0.00000000
vt 0.00000000 0.00000000
vt 0.00000000 0.38823500
vt 0.00392200 0.27843100
vt 0.00000000 0.00000000
vt 0.00000000 0.00000000
vt 0.00000000 0.00000000
vt 0.49411801 0.00392200
vt 0.00000000 0.00000000
vt 1.00000000 0.08235300
vt 1.00000000 0.00784300
vt 0.00000000 0.00000000
vt 0.00000000 0.00000000
vt 0.00000000 0.00000000
vt 0.00000000 0.00000000
vt 0.00000000 0.00000000
vt 0.98823500 0.50196099
vt 0.00000000 0.00000000
vt 0.37254900 0.90980399
vt 0.00000000 0.00000000
vt 0.00000000 0.00000000
vt 0.00000000 0.00000000
vt 0.00000000 0.00000000
vt 0.00000000 0.00000000
vt 0.96470600 0.67843097
vt 0.92549002 0.76078397
vt 0.00000000 0.00000000
vt 0.92549002 0.76078397
vt 0.87058800 0.83529401
vt 0.00000000 0.00000000
vt 0.00000000 0.00000000
vt 0.00000000 0.00000000
vt 0.00000000 0.00000000
vt 0.00000000 0.00000000
vt 1.00000000 0.49803901
vt 0.82352901 0.50196099
vt 0.82352901 0.62352902
vt 1.00000000 0.49803901
vt 1.00000000 0.53333300
vt 0.82352901 0.50196099
vt 1.00000000 0.53333300
vt 0.00000000 0.00000000
vt 0.82352901 0.50196099
vt 0.00000000 0.00000000
vt 0.00000000 0.00000000
vt 0.00000000 0.00000000
vt 0.00000000 0.00000000
vt 0.00000000 0.00000000
vt 0.00000000 0.00000000
vt 0.00000000 0.00000000
vt 0.00000000 0.00000000
vt 0.00000000 0.00000000
vt 0.72548997 0.94509798
vt 0.63921601 0.98039198
vt 0.00000000 0.00000000
vt 0.00000000 0.00000000
vt 0.00000000 0.00000000
vt 0.00000000 0.48627499
vt 0.00000000 0.00000000
vt 0.00000000 0.00000000
vt 0.00000000 0.48627499
vt 0.00000000 0.00000000
vt 0.00000000 0.00000000
vt 0.00000000 0.48627499
vt 0.00000000 0.00000000
vt 0.00000000 0.00000000
vt 0.00000000 0.48627499
vt 0.00000000 0.00000000
vt 0.00000000 0.00000000
vt 0.00000000 0.48627499
vt 0.00000000 0.00000000
vt 0.00000000 0.00000000
vt 0.00000000 0.48627499
vt 0.00000000 0.00000000
vt 0.00000000 0.00000000
vt 0.00000000 0.00000000
vt 0.00000000 0.00000000
vt 0.00000000 0.00000000
vt 0.00000000 0.00000000
vt 0.00000000 0.00000000
vt 0.82352901 0.02352900
vt 0.82352901 0.00000000
vt 0.00000000 0.00000000
vt 0.00000000 0.00000000
vt 0.00000000 0.00000000
vt 0.00000000 0.00000000
vt 0.00000000 0.00000000
vt 0.00000000 0.00000000
vt 0.00000000 0.00000000
vt 0.00000000 0.00000000
vt 0.00000000 0.00000000
vt 0.00000000 0.00000000
vt 0.00000000 0.00000000
vt 1.00000000 0.35294101
vt 0.00000000 0.00000000
vt 0.00000000 0.00000000
vt 0.00000000 0.00000000
vt 0.00000000 0.00000000
vt 0.00000000 0.00000000
vt 0.00000000 0.00000000
vt 0.00000000 0.00000000
vt 0.00000000 0.00000000
vt 0.00000000 0.00000000
vt 0.00000000 0.00000000
vt 0.00000000 0.00000000
vt 0.00000000 0.00000000
vt 0.14509800 0.14509800
vt 0.00000000 0.00000000
vt 1.00000000 0.70980400
vt 0.00000000 0.00000000
vt 0.00000000 0.00000000
vt 0.00000000 0.00000000
vt 0.91764700 0.73725498
vt 0.00000000 0.00000000
vt 0.00000000 0.00000000
vt 0.00000000 0.00000000
vt 0.00000000 0.00000000
vt 0.00000000 0.00000000
vt 0.00000000 0.00000000
vt 0.86274499 1.00000000
vt 0.88235301 0.92549002
vt 1.00000000 0.92549002
vt 0.87450999 0.94117701
vt 0.00000000 0.00000000
vt 0.00000000 0.00000000
vt 0.00000000 0.00784300
vt 0.00000000 0.00000000
vt 0.00000000 0.00000000
vt 0.00000000 0.00784300
vt 0.00000000 0.00000000
vt 0.00000000 0.00000000
vt 0.00000000 0.00000000
vt 0.00000000 0.00000000
vt 0.00000000 0.00000000
vt 0.00000000 0.00000000
vt 0.42745101 0.00000000
vt 0.00000000 0.00000000
vt 0.00000000 0.00000000
vt 0.05882400 0.19215700
vt 0.00000000 0.00000000
vt 0.00000000 0.00000000
vt 0.00000000 0.00000000
vt 0.00000000 0.00000000
vt 0.00000000 0.00000000
vt 0.00000000 0.00000000
vt 0.00000000 0.00000000
vt 0.00000000 0.00000000
vt 0.00000000 0.00000000
vt 0.00000000 0.00000000
vt 0.00000000 0.00000000
vt 0.00000000 0.00000000
vt 0.00000000 0.00000000
vt 0.00000000 0.00000000
vt 0.00000000 0.00000000
vt 0.00000000 0.00000000
vt 0.00000000 0.00000000
vt 0.00000000 0.00000000
vt 0.00000000 0.00000000
vt 0.00000000 0.00000000
vt 1.00000000 0.44313699
vt 0.00000000 0.00000000
vt 0.00000000 0.00000000
vt 0.01568600 0.22745100
vt 0.00000000 0.00000000
vt 0.00000000 0.00000000
vt 0.00000000 0.00000000
vt 0.00000000 0.00000000
vt 0.00000000 0.00000000
vt 0.00000000 0.00000000
vt 0.00000000 0.00000000
vt 0.00000000 0.00000000
vt 0.00000000 0.00000000
vt 0.00000000 0.00000000
vt 0.00000000 0.00000000
vt 0.25490201 0.27451000
vt 0.00000000 0.00000000
vt 0.00000000 0.00000000
vt 0.00000000 0.00000000
vt 0.00000000 0.00000000
vt 0.00000000 0.00000000
vt 0.00000000 0.00000000
vt 0.13333300 0.01960800
vt 0.00000000 0.00000000
vt 0.00000000 0.00000000
vt 0.00000000 0.00000000
vt 0.66666698 0.28627500
vt 0.66666698 0.22745100
vt 0.00000000 0.00000000
vt 1.00000000 0.74901998
vt 0.00000000 1.00000000
vt 0.00000000 0.66666698
vt 0.00000000 0.00000000
vt 1.00000000 0.92549002
vt 0.49803901 0.71372598
vt 0.00000000 0.00000000
vt 0.00000000 0.00000000
vt 0.33333299 0.71372598
vt 0.00000000 0.00000000
vt 0.00000000 0.00000000
vt 0.25490201 0.54901999
vt 0.00000000 0.00000000
vt 0.00000000 0.00000000
vt 0.00000000 0.00000000
vt 0.00000000 0.00000000
vt 0.00000000 0.00000000
vt 0.42745101 0.00000000
vt 0.00000000 0.00000000
vt 0.42745101 0.00000000
vt 0.00000000 0.00000000
vt 0.00000000 0.00000000
vt 0.00000000 0.00000000
vt 1.00000000 0.12548999
vt 0.00000000 0.00000000
vt 1.00000000 0.12548999
vt 0.00000000 0.00000000
vt 0.00000000 0.00000000
vt 0.00000000 0.00000000
vt 0.00000000 0.00000000
vt 0.00000000 0.00000000
vt 0.00000000 0.00000000
vt 0.00000000 0.00000000
vt 0.00000000 0.00000000
vt 0.00000000 0.00000000
vt 0.00000000 0.00000000
vt 0.00000000 0.00000000
vt 0.00000000 0.00000000
vt 0.00000000 0.00000000
vt 0.00000000 0.00000000
vt 0.00000000 0.00000000
vt 0.00000000 0.00000000
vt 0.00000000 0.00000000
vt 0.00000000 0.00000000
vt 1.00000000 0.90588200
vt 0.00000000 0.00000000
vt 1.00000000 0.90588200
vt 0.00000000 0.00000000
vt 0.00000000 0.00000000
vt 0.00000000 0.00000000
vt 0.28235301 0.95294100
vt 0.00000000 0.00000000
vt 0.28235301 0.95294100
vt 0.36862701 0.98431402
vt 0.00000000 0.00000000
vt 0.36862701 0.98431402
vt 0.00000000 0.00000000
vt 0.00000000 0.00000000
vt 0.00000000 0.00000000
vt 1.00000000 0.74901998
vt 0.00000000 0.00000000
vt 1.00000000 0.74901998
vt 0.63921601 0.98039198
vt 0.00000000 0.00000000
vt 0.63921601 0.98039198
vt 0.72548997 0.94509798
vt 0.00000000 0.00000000
vt 0.72548997 0.94509798
vt 0.00000000 0.00000000
vt 0.00000000 0.00000000
vt 0.00000000 0.00000000
vt 0.00000000 0.00000000
vt 0.00000000 0.00000000
vt 0.00000000 0.00000000
vt 0.92549002 0.76078397
vt 0.00000000 0.00000000
vt 0.92549002 0.76078397
vt 0.96470600 0.67843097
vt 0.00000000 0.00000000
vt 0.96470600 0.67843097
vt 0.00000000 0.00000000
vt 0.00000000 0.00000000
vt 0.00000000 0.00000000
vt 1.00000000 0.49803901
vt 0.00000000 0.00000000
vt 1.00000000 0.49803901
vt 1.00000000 0.45882401
vt 0.00000000 0.00000000
vt 1.00000000 0.45882401
vt 1.00000000 0.41568601
vt 0.00000000 0.00000000
vt 1.00000000 0.41568601
vt 1.00000000 0.37647101
vt 0.00000000 0.00000000
vt 0.00000000 0.00000000
vt 0.00000000 0.00000000
vt 0.00000000 0.00000000
vt 0.00000000 0.00000000
vt 0.00000000 0.00000000
vt 0.00000000 0.00000000
vt 0.00000000 0.00000000
vt 0.00000000 0.00000000
vt 0.10588200 0.27451000
vt 0.00000000 0.00000000
vt 0.00000000 0.00000000
vt 1.00000000 0.45882401
vt 0.82352901 0.71764702
vt 0.82352901 0.87450999
vt 1.00000000 0.41568601
vt 0.61568600 0.99215698
vt 0.00000000 0.00000000
vt 0.50196099 0.00000000
vt 0.55294102 1.00000000
vt 0.49411801 0.00392200
vt 0.00000000 0.00000000
vt 0.74901998 0.06666700
vt 0.00000000 0.00000000
vt 0.00000000 0.00000000
vt 0.74901998 0.06666700
vt 0.85490203 0.14509800
vt 0.00000000 0.00000000
vt 0.37254900 0.90980399
vt 0.00000000 0.00000000
vt 0.00000000 0.00000000
vt 0.00000000 0.00000000
vt 0.00000000 0.00000000
vt 0.00000000 0.00000000
vt 0.00000000 0.00000000
vt 1.00000000 0.74901998
vt 1.00000000 0.78039199
vt 0.00000000 0.00000000
vt 0.00000000 0.00000000
vt 0.36862701 0.98431402
vt 0.00000000 0.00000000
vt 0.36862701 0.98431402
vt 0.28235301 0.95294100
vt 0.00000000 0.00000000
vt 0.28235301 0.95294100
vt 0.00000000 0.00000000
vt 0.00000000 0.00000000
vt 0.00000000 0.00000000
vt 0.00000000 0.00000000
vt 0.00000000 0.00000000
vt 0.00000000 0.00000000
vt 0.00000000 0.00000000
vt 0.00000000 0.00000000
vt 0.00000000 0.00000000
vt 0.00000000 0.00000000
vt 0.00000000 0.00000000
vt 0.00000000 0.00000000
vt 0.00000000 0.00000000
vt 0.25097999 0.93333298
vt 0.00000000 0.00000000
vt 0.00000000 0.00000000
vt 0.25097999 0.93333298
vt 0.82352901 0.25097999
vt 0.82352901 0.12548999
vt 0.25097999 0.93333298
vt 0.82352901 0.12548999
vt 0.00000000 0.00000000
vt 0.00000000 0.00000000
vt 0.82352901 0.12548999
vt 0.82352901 0.02352900
vt 0.00000000 0.00000000
vt 0.82352901 0.12548999
vt 0.00000000 0.00000000
vt 0.82352901 0.02352900
vt 0.42745101 0.00000000
vt 0.00000000 0.00000000
vt 0.00000000 0.00000000
vt 0.42745101 0.00000000
vt 0.54901999 0.00000000
vt 0.14509800 0.85490203
vt 0.00000000 0.00000000
vt 0.00000000 0.00000000
vt 0.00000000 0.00000000
vt 0.00000000 0.37647101
vt 0.00000000 0.00000000
vt 0.87058800 0.82352901
vt 0.92549002 0.73725498
vt 1.00000000 0.24705900
vt 0.00000000 0.00000000
vt 0.33333299 1.00000000
vt 0.37254900 1.00000000
vt 0.00000000 0.00000000
vt 1.00000000 0.55686301
vt 0.00000000 0.00000000
vt 0.00000000 0.00000000
vt 0.25097999 0.76470602
vt 0.91764700 0.73725498
vt 0.25097999 0.76470602
vt 0.00000000 0.00000000
vt 0.91764700 0.73725498
vt 0.25097999 0.76470602
vt 0.00000000 0.00000000
vt 0.00000000 0.00000000
vt 0.87450999 0.94117701
vt 0.00000000 0.00000000
vt 0.00000000 0.00000000
vt 0.79607898 0.89019603
vt 0.00000000 0.00000000
vt 1.00000000 0.74901998
vt 0.00000000 0.00000000
vt 0.00000000 0.00000000
vt 0.87450999 0.94117701
vt 0.00000000 0.00000000
vt 0.00000000 0.00000000
vt 0.00000000 0.00000000
vt 0.00000000 0.17254899
vt 0.00000000 0.00000000
vt 0.00000000 0.00000000
vt 0.00000000 0.00000000
vt 0.00000000 0.00000000
vt 0.00000000 0.00000000
vt 0.00000000 0.00000000
vt 0.00000000 0.00000000
vt 0.00000000 0.00000000
vt 0.00000000 0.00000000
vt 0.00000000 0.00000000
vt 0.00000000 0.00000000
vt 0.00000000 0.00000000
vt 0.00000000 0.00000000
vt 0.00000000 0.00000000
vt 0.00000000 0.00000000
vt 0.00000000 0.00000000
vt 0.00000000 0.00000000
vt 0.08235300 0.49803901
vt 0.00000000 0.00000000
vt 0.00000000 0.00000000
vt 0.99215698 0.69803900
vt 0.00000000 0.00000000
vt 0.00000000 0.00000000
vt 0.00000000 0.00000000
vt 0.00000000 0.00000000
vt 0.00000000 0.00000000
vt 0.00000000 0.00000000
vt 0.00000000 0.00000000
vt 0.00000000 0.00000000
vt 0.00000000 0.00000000
vt 0.00000000 0.00000000
vt 0.00000000 0.00000000
vt 0.00000000 0.00000000
vt 0.00000000 0.00000000
vt 0.00000000 0.00000000
vt 0.00000000 0.00000000
vt 0.00000000 0.00000000
vt 0.05882400 0.19215700
vt 0.96862799 0.15294100
vt 0.00000000 0.00000000
vt 0.00000000 0.00000000
vt 0.96862799 0.15294100
vt 0.00000000 0.00000000
vt 0.00000000 0.00000000
vt 0.00000000 0.00000000
vt 0.00000000 0.00000000
vt 0.00000000 0.00000000
vt 0.00000000 0.00000000
vt 0.00000000 0.00000000
vt 0.00000000 0.00000000
vt 0.00000000 0.00000000
vt 0.00000000 0.00000000
vt 0.00000000 0.00000000
vt 0.00000000 0.00000000
vt 0.00000000 0.00000000
vt 0.00000000 0.00000000
vt 0.00000000 0.00000000
vt 0.00000000 0.00000000
vt 1.00000000 0.44313699
vt 0.00000000 0.00000000
vt 0.00000000 0.00000000
vt 0.00000000 0.00000000
vt 0.00000000 0.00000000
vt 0.00000000 0.00000000
vt 0.00000000 0.00000000
vt 0.00000000 0.00000000
vt 0.00000000 0.00000000
vt 0.00000000 0.00000000
vt 0.00000000 0.00000000
vt 0.00000000 0.00000000
vt 0.00000000 0.00000000
vt 0.00000000 0.66666698
vt 0.00000000 0.00000000
vt 0.00000000 0.00000000
vt 0.00000000 0.00000000
vt 0.00000000 0.00000000
vt 0.00000000 0.00000000
vt 0.00000000 0.00000000
vt 0.00000000 0.00000000
vt 0.00000000 0.00000000
vt 0.86274499 0.00000000
vt 0.00000000 0.00000000
vt 0.18431400 1.00000000
vt 0.86274499 0.20000000
vt 0.98039198 0.25882399
vt 0.00000000 0.00000000
vt 0.10588200 0.27451000
vt 0.00000000 0.00000000
vt 0.00000000 0.00000000
vt 0.98823500 0.50196099
vt 0.00000000 0.00000000
vt 0.65490198 0.01568600
vt 0.00000000 0.00000000
vt 0.00000000 0.00000000
vt 0.00000000 0.00000000
vt 0.00000000 0.00000000
vt 0.98039198 0.25882399
vt 0.00000000 0.00000000
vt 0.00000000 0.00000000
vt 0.00000000 0.00000000
vt 0.00000000 0.00000000
vt 0.00000000 0.00000000
vt 0.00000000 0.00000000
vt 0.00000000 0.00000000
vt 0.00000000 0.00000000
vt 0.00000000 0.00000000
vt 0.00000000 0.00000000
vt 0.00000000 0.00000000
vt 0.00000000 0.00000000
vt 0.00000000 0.00000000
vt 0.00000000 0.00000000
vt 0.00000000 0.00000000
vt 0.00000000 0.00000000
vt 0.00000000 0.00000000
vt 0.00000000 0.00000000
vt 0.00000000 0.00000000
vt 0.00000000 0.00000000
vt 0.00000000 0.00000000
vt 0.08235300 0.50196099
vt 0.00000000 0.00000000
vt 0.00000000 0.00000000
vt 0.00000000 0.00000000
vt 0.00000000 0.00000000
vt 0.00000000 0.00000000
vt 0.00000000 0.00000000
vt 0.00000000 0.00000000
vt 0.00000000 0.00000000
vt 0.00000000 0.00000000
vt 0.00000000 0.00000000
vt 0.00000000 0.00000000
vt 0.00000000 0.00000000
vt 0.00000000 0.00000000
vt 0.00000000 0.00000000
vt 0.00000000 0.00000000
vt 0.00000000 0.00000000
vt 0.86274499 0.74117601
vt 0.98823500 0.49803901
vt 0.00000000 0.00000000
vt 0.00000000 0.00000000
vt 0.74901998 0.00000000
vt 0.74901998 0.89019603
vt 0.79607898 0.89019603
vt 0.62352902 0.15294100
vt 0.85490203 0.14509800
vt 0.00000000 0.00000000
vt 0.00000000 0.00000000
vt 0.00000000 0.00000000
vt 0.00000000 0.00000000
vt 0.00000000 0.00000000
vt 0.00000000 0.00000000
vt 0.00000000 0.00000000
vt 0.20000000 0.90980399
vt 0.00000000 0.00000000
vt 0.28235301 0.95294100
vt 0.49019599 0.00000000
vt 0.00000000 0.00000000
vt 0.00000000 0.00000000
vt 0.49019599 0.00000000
vt 0.00000000 0.00000000
vt 0.00000000 0.00000000
vt 0.49019599 0.00000000
vt 0.00000000 0.00000000
vt 0.00000000 0.00000000
vt 0.00000000 0.00000000
vt 0.00000000 0.00000000
vt 0.00000000 0.00000000
vt 0.00000000 0.00000000
vt 0.00000000 0.00000000
vt 0.00000000 0.00000000
vt 0.82352901 0.12548999
vt 0.82352901 0.25097999
vt 0.00000000 0.00000000
vt 0.00000000 0.00000000
vt 0.97647101 0.00000000
vt 0.86274499 0.20392200
vt 0.99607801 0.24705900
vt 0.25097999 0.62745100
vt 0.00000000 0.00000000
vt 0.00000000 0.00000000
vt 0.37647101 0.74901998
vt 0.00000000 0.66666698
vt 0.00000000 0.00000000
vt 0.98431402 0.03921600
vt 0.00000000 0.00000000
vt 0.00000000 0.00000000
vt 0.00000000 0.00000000
vt 0.00000000 0.00000000
vt 0.00000000 0.00000000
vt 0.00000000 0.00000000
vt 0.00000000 0.00000000
vt 0.00000000 0.00000000
vt 0.00000000 0.00000000
vt 0.00000000 0.00000000
vt 0.00000000 0.00000000
vt 0.00000000 0.00000000
vt 0.00000000 0.00000000
vt 0.00000000 0.00000000
vt 0.00000000 0.00000000
vt 0.00000000 0.00000000
vt 0.55686301 0.27451000
vt 0.33333299 0.27451000
vt 0.70196098 0.96862799
vt 0.00000000 0.00000000
vt 0.00000000 0.00000000
vt 1.00000000 0.47058800
vt 0.00000000 0.00000000
vt 0.00000000 0.00000000
vt 0.95294100 0.74117601
vt 0.96862799 0.17254899
vt 0.00000000 0.00000000
vt 0.95294100 0.74117601
vt 0.00000000 0.00000000
vt 0.96862799 0.17254899
vt 0.00000000 0.00000000
vt 0.00000000 0.00000000
vt 0.25097999 0.76470602
vt 0.25097999 0.00000000
vt 0.00000000 0.00000000
vt 0.00000000 0.00000000
vt 0.00000000 0.17254899
vt 0.00000000 0.00000000
vt 0.74901998 0.00000000
vt 0.00000000 0.62352902
vt 1.00000000 0.62352902
vt 1.00000000 0.00000000
vt 0.00000000 0.00000000
vt 0.00000000 0.00000000
vt 0.00000000 0.00000000
vt 0.00000000 0.00000000
vt 0.00000000 0.00000000
vt 0.00000000 0.00000000
vt 0.00000000 0.00000000
vt 0.00000000 0.00000000
vt 0.00000000 0.00000000
vt 0.00000000 0.00000000
vt 0.00000000 0.00000000
vt 0.00000000 0.00000000
vt 0.00000000 0.00000000
vt 0.00000000 0.00000000
vt 0.00000000 0.00000000
vt 0.00000000 0.00000000
vt 0.00000000 0.00000000
vt 0.00000000 0.00000000
vt 0.00000000 0.00000000
vt 0.00000000 0.00000000
vt 0.00000000 0.00000000
vt 0.00000000 0.00000000
vt 0.00000000 0.00000000
vt 0.99607801 0.21960799
vt 0.00000000 0.00000000
vt 0.00000000 0.00000000
vt 0.12156900 0.49803901
vt 0.00000000 0.00000000
vt 0.00000000 0.00000000
vt 0.00000000 0.00000000
vt 0.00000000 0.00000000
vt 1.00000000 0.65098000
vt 0.00000000 0.00000000
vt 0.00000000 0.00000000
vt 1.00000000 0.00000000
vt 0.83529401 0.00000000
vt 0.00000000 0.00000000
vt 0.00000000 0.00000000
vt 0.99215698 0.69803900
vt 0.00000000 0.00000000
vt 0.00000000 0.00000000
vt 0.00000000 0.00000000
vt 0.00000000 0.00000000
vt 0.00000000 0.00000000
vt 0.50980401 0.00000000
vt 0.00000000 0.00000000
vt 0.33333299 1.00000000
vt 0.00000000 0.00000000
vt 0.00000000 0.00000000
vt 0.03137300 0.74901998
vt 0.00000000 0.00000000
vt 0.00000000 0.00000000
vt 0.00000000 0.00000000
vt 0.00000000 0.00000000
vt 0.00000000 0.00000000
vt 0.96862799 0.15294100
vt 0.00000000 0.00000000
vt 0.99607801 0.43529400
vt 1.00000000 0.57254899
vt 0.00000000 0.00000000
vt 1.00000000 0.01176500
vt 0.00000000 0.00000000
vt 0.85490203 0.14509800
vt 1.00000000 0.25882399
vt 0.00000000 0.00000000
vt 0.00000000 0.00000000
vt 0.00000000 0.00000000
vt 0.00000000 0.00000000
vt 0.00000000 0.00000000
vt 0.00000000 0.94509798
vt 0.00000000 0.00000000
vt 0.00000000 0.00000000
vt 0.00000000 0.94509798
vt 0.00000000 0.00000000
vt 0.00000000 0.00000000
vt 0.00000000 0.00000000
vt 0.00000000 0.00000000
vt 0.00000000 0.00000000
vt 0.00000000 0.00000000
vt 0.00000000 0.00000000
vt 0.66666698 0.82745099
vt 0.00000000 0.00000000
vt 0.66666698 0.81176502
vt 0.00000000 0.00000000
vt 0.49803901 0.49803901
vt 0.59215701 0.00000000
vt 0.00000000 0.00000000
vt 0.00000000 0.00000000
vt 0.00000000 0.00000000
vt 0.00000000 0.00000000
vt 0.00000000 0.00000000
vt 0.00000000 0.00000000
vt 0.00000000 0.00000000
vt 0.00000000 0.00000000
vt 0.00000000 0.00000000
vt 0.00000000 0.00000000
vt 0.92941201 0.46274501
vt 0.00000000 0.00000000
vt 0.00000000 0.17254899
vt 0.96862799 0.17254899
vt 0.00000000 0.00000000
vt 0.00000000 0.00000000
vt 0.00000000 0.00000000
vt 0.00000000 0.00000000
vt 0.00000000 0.00000000
vt 0.00000000 0.00000000
vt 0.00000000 0.00000000
vt 0.00000000 0.00000000
vt 0.00000000 0.00000000
vt 0.00000000 0.00000000
vt 0.00000000 0.00000000
vt 0.22745100 0.33725500
vt 0.00000000 0.00000000
vt 0.22745100 0.33725500
vt 0.00000000 0.00000000
vt 0.00000000 0.00000000
vt 0.00000000 0.00000000
vt 0.00000000 0.00000000
vt 0.00000000 0.00000000
vt 0.00000000 0.00000000
vt 0.00000000 0.00000000
vt 0.00000000 0.00000000
vt 0.12156900 0.84705901
vt 0.00000000 0.00000000
vt 0.00000000 0.00000000
vt 0.00000000 0.00000000
vt 0.00000000 0.00000000
vt 0.00000000 0.00000000
vt 0.00000000 0.00000000
vt 0.00000000 0.00000000
vt 0.00000000 0.00000000
vt 0.00000000 0.00000000
vt 0.00000000 0.00000000
vt 0.03921600 0.79607898
vt 0.02352900 0.71372598
vt 0.00000000 0.00000000
vt 0.00000000 0.00000000
vt 0.00000000 0.00000000
vt 0.00000000 0.00000000
vt 0.00000000 0.00000000
vt 0.03137300 0.17647099
vt 0.61960799 0.01176500
vt 0.00000000 0.00000000
vt 0.49019599 0.00000000
vt 0.00000000 0.00000000
vt 0.00000000 0.00000000
vt 0.00000000 0.00000000
vt 0.61960799 0.01176500
vt 0.00000000 0.00000000
vt 0.00000000 0.00000000
vt 1.00000000 0.66666698
vt 0.00000000 0.00000000
vt 0.00000000 0.00000000
vt 0.06274500 0.23529400
vt 0.00000000 0.00000000
vt 0.00000000 0.50196099
vt 0.13725500 0.13725500
vt 0.00000000 0.00000000
vt 0.00000000 0.00000000
vt 0.00000000 0.00000000
vt 0.00000000 0.00000000
vt 0.00000000 0.00000000
vt 0.00000000 0.00000000
vt 0.37254900 0.90980399
vt 0.00000000 0.00000000
vt 0.83137298 0.00000000
vt 0.00000000 0.00000000
vt 0.50196099 0.00000000
vt 0.00000000 0.00000000
vt 0.00000000 0.00000000
vt 0.00000000 0.00000000
vt 1.00000000 0.08235300
vt 0.00000000 0.00000000
vt 0.00000000 0.00000000
vt 0.00000000 0.00000000
vt 0.02745100 0.65098000
vt 0.74509799 0.99215698
vt 0.00000000 0.00000000
vt 0.04705900 0.72548997
vt 0.00000000 0.50196099
vt 0.00000000 0.00000000
vt 1.00000000 0.47058800
vt 0.00000000 0.33333299
vt 0.00000000 0.00000000
vt 0.95294100 0.74117601
vt 0.00000000 0.00000000
vt 0.00000000 0.00000000
vt 0.95294100 0.74117601
vt 1.00000000 0.90980399
vt 0.00000000 0.00000000
vt 0.92941201 0.46274501
vt 0.00000000 0.00000000
vt 0.00000000 0.00000000
vt 0.92941201 0.46274501
vt 0.00000000 0.00000000
vt 0.00000000 0.00000000
vt 0.92941201 0.46274501
vt 0.00000000 0.00000000
vt 0.00000000 0.00000000
vt 0.00000000 0.00000000
vt 0.66666698 0.70980400
vt 1.00000000 1.00000000
vt 0.00000000 0.00000000
vt 0.00000000 0.75294101
vt 0.00000000 0.00000000
vt 0.00000000 0.00000000
vt 0.00000000 0.00000000
vt 0.00000000 0.00000000
vt 0.99607801 0.21960799
vt 0.00000000 0.00000000
vt 0.00000000 0.00000000
vt 0.00000000 0.00000000
vt 0.00000000 0.00000000
vt 0.33333299 0.00000000
vt 0.00000000 0.00000000
vt 0.00000000 0.00000000
vt 0.99607801 0.21960799
vt 0.00000000 0.00000000
vt 0.12156900 0.49803901
vt 0.00000000 0.00000000
vt 0.00000000 0.00000000
vt 0.00000000 0.00000000
vt 0.00000000 0.00000000
vt 0.66666698 0.70980400
vt 0.00000000 0.00000000
vt 1.00000000 0.79215699
vt 0.00000000 0.00000000
vt 0.00000000 0.00000000
vt 0.00000000 0.00000000
vt 0.00000000 0.00000000
vt 0.00000000 0.00000000
vt 0.00000000 0.00000000
vt 0.00000000 0.00000000
vt 0.00000000 0.00000000
vt 0.00000000 0.00000000
vt 0.00000000 0.00000000
vt 0.00000000 0.00000000
vt 0.01176500 0.82352901
vt 0.66666698 0.51764703
vt 0.00000000 0.00000000
vt 0.00000000 0.00000000
vt 0.00000000 0.00000000
vt 0.00000000 0.00000000
vt 0.33333299 0.09411800
vt 0.33333299 1.00000000
vt 1.00000000 0.90588200
vt 0.49019599 0.00000000
vt 0.36470601 0.01568600
vt 0.20000000 0.90980399
vt 1.00000000 0.23529400
vt 0.00000000 0.00000000
vt 0.00000000 0.00000000
vt 0.00000000 0.00000000
vt 0.00000000 0.00000000
vt 0.86274499 0.20392200
vt 0.97647101 0.00000000
vt 0.49803901 1.00000000
vt 0.49803901 0.22745100
vt 0.33333299 0.22745100
vt 0.33333299 0.00000000
vt 0.00000000 0.00000000
vt 0.00784300 0.16862699
vt 0.00000000 0.00000000
vt 0.00000000 0.00000000
vt 0.00000000 0.00000000
vt 0.00000000 0.00000000
vt 0.00000000 0.00000000
vt 0.00000000 0.00000000
vt 0.00000000 0.00000000
vt 0.07451000 0.46274501
vt 0.00000000 0.00000000
vt 1.00000000 0.00000000
vt 0.00000000 0.00000000
vt 0.00000000 0.00000000
vt 1.00000000 0.45882401
vt 1.00000000 0.49803901
vt 0.82352901 0.62352902
vt 0.82352901 0.71764702
vt 0.00000000 0.00000000
vt 0.24705900 0.00000000
vt 0.00000000 0.00000000
vt 0.00000000 0.00000000
vt 0.00000000 0.00000000
vt 0.00000000 0.00000000
vt 0.37647101 0.25097999
vt 0.37647101 0.25097999
vt 0.09803900 1.00000000
vt 0.12156900 0.50196099
vt 0.37647101 0.25097999
vt 0.00000000 0.00000000
vt 0.09803900 1.00000000
vt 0.00000000 0.00000000
vt 0.98431402 0.37254900
vt 0.96078402 0.30980399
vt 1.00000000 0.98431402
vt 0.00000000 0.00000000
vt 0.00000000 0.00000000
vt 0.00000000 0.00000000
vt 0.27451000 0.18431400
vt 0.00000000 0.00000000
vt 0.00392200 0.21960799
vt 0.00000000 0.00000000
vt 0.00000000 0.00000000
vt 0.00392200 0.21960799
vt 0.00000000 0.00000000
vt 0.00000000 0.00000000
vt 0.00392200 0.21960799
vt 0.00000000 0.50196099
vt 0.00000000 0.00000000
vt 0.12156900 0.84705901
vt 0.00000000 0.00000000
vt 0.00000000 0.00000000
vt 0.00000000 0.00000000
vt 0.11372500 0.36078399
vt 0.00000000 0.00000000
vt 0.00000000 0.00000000
vt 0.00000000 0.50196099
vt 0.00000000 0.00000000
vt 0.01568600 0.65490198
vt 0.00000000 0.00000000
vt 0.00000000 0.00000000
vt 0.01568600 0.65490198
vt 0.00000000 0.00000000
vt 0.03137300 0.70196098
vt 0.00000000 0.00000000
vt 0.00000000 0.00000000
vt 0.00000000 0.00000000
vt 0.00000000 0.00000000
vt 0.00000000 0.00000000
vt 0.00000000 0.00000000
vt 0.24705900 0.00000000
vt 0.00000000 0.33333299
vt 0.00000000 0.00000000
vt 1.00000000 0.66666698
vt 0.00000000 0.33333299
vt 0.00000000 0.00000000
vt 0.00000000 0.00000000
vt 0.06666700 0.25097999
vt 0.00000000 0.00000000
vt 0.00000000 0.00000000
vt 0.25097999 0.07843100
vt 0.00000000 0.00000000
vt 0.00000000 0.00000000
vt 0.00000000 0.00000000
vt 0.00000000 0.00000000
vt 0.00000000 0.00000000
vt 0.00000000 0.00000000
vt 0.66666698 0.82352901
vt 0.61568600 0.99215698
vt 0.83137298 0.00000000
vt 0.00000000 0.00000000
vt 0.40392199 0.99607801
vt 0.00000000 0.00000000
vt 0.00000000 0.00000000
vt 0.00000000 0.00000000
vt 0.00000000 0.00000000
vt 0.00000000 0.00000000
vt 0.00000000 0.00000000
vt 0.00000000 0.50196099
vt 0.00000000 0.00000000
vt 0.00000000 0.66666698
vt 0.01568600 0.65490198
vt 0.00000000 0.00000000
vt 0.00392200 0.59607798
vt 0.00000000 0.00000000
vt 0.00000000 0.00000000
vt 0.00000000 0.00000000
vt 0.00000000 0.00000000
vt 0.00000000 0.00000000
vt 0.00000000 0.00000000
vt 0.00000000 0.00000000
vt 0.00000000 0.00000000
vt 0.00000000 0.16470601
vt 0.00000000 0.00000000
vt 0.00000000 0.00000000
vt 0.13725500 0.13725500
vt 0.00000000 0.00000000
vt 0.00000000 0.00000000
vt 0.00000000 0.00000000
vt 0.00000000 0.00000000
vt 0.00000000 0.00000000
vt 0.00000000 0.00000000
vt 0.00000000 0.00000000
vt 0.00000000 0.00000000
vt 0.00000000 0.00000000
vt 0.00000000 0.00000000
vt 0.00000000 0.00000000
vt 0.65490198 0.01568600
vt 0.00000000 0.00000000
vt 0.00000000 0.00000000
vt 0.00000000 0.50196099
vt 0.00000000 0.00000000
vt 0.00000000 0.00000000
vt 0.00000000 0.00000000
vt 0.00000000 0.00000000
vt 0.00000000 0.00000000
vt 0.00000000 0.91764700
vt 0.00000000 0.00000000
vt 0.00000000 0.00000000
vt 0.00000000 0.00000000
vt 0.00000000 0.00000000
vt 0.00000000 0.00000000
vt 0.00000000 0.00000000
vt 0.00000000 0.00000000
vt 0.00000000 0.00000000
vt 0.98431402 0.65490198
vt 0.00000000 0.33333299
vt 0.00000000 0.00000000
vt 0.00000000 0.66666698
vt 0.65490198 0.98431402
vt 0.00000000 0.00000000
vt 0.00000000 0.00000000
vt 0.00000000 0.00000000
vt 0.00000000 0.00000000
vt 0.00000000 0.00000000
vt 0.00000000 0.00000000
vt 0.00000000 0.00000000
vt 0.00000000 0.00000000
vt 0.00000000 0.00000000
vt 0.00000000 0.00000000
vt 0.00000000 0.00000000
vt 0.84313703 0.00000000
vt 0.00000000 0.00000000
vt 0.00000000 0.00000000
vt 1.00000000 1.00000000
vt 0.00000000 0.00000000
vt 0.00000000 0.00000000
vt 1.00000000 1.00000000
vt 0.00000000 0.00000000
vt 0.00000000 0.00000000
vt 1.00000000 1.00000000
vt 0.00000000 0.00000000
vt 0.00000000 0.00000000
vt 1.00000000 1.00000000
vt 0.00000000 0.00000000
vt 0.00000000 0.00000000
vt 0.00000000 0.00000000
vt 0.00000000 0.00000000
vt 0.00000000 0.00000000
vt 0.00000000 0.00000000
vt 0.00000000 0.91764700
vt 0.00000000 0.00000000
vt 0.00000000 0.00000000
vt 0.08235300 0.00000000
vt 0.00000000 0.00000000
vt 0.00000000 0.00000000
vt 0.00000000 0.00000000
vt 0.00000000 0.00000000
vt 0.33333299 0.23529400
vt 0.55686301 0.23529400
vt 0.53725499 0.00000000
vt 0.00000000 0.00000000
vt 0.00000000 0.00000000
vt 0.79607898 0.89019603
vt 0.87058800 0.82352901
vt 0.33333299 0.76078397
vt 0.00000000 0.00000000
vt 0.66666698 0.51764703
vt 0.00000000 0.00000000
vt 0.00000000 0.00000000
vt 0.00000000 0.00000000
vt 0.00000000 0.00000000
vt 0.00000000 0.00000000
vt 1.00000000 1.00000000
vt 0.00000000 0.00000000
vt 0.00000000 0.00000000
vt 0.00000000 0.00000000
vt 0.00000000 0.00000000
vt 0.00000000 0.00000000
vt 1.00000000 1.00000000
vt 0.00000000 0.00000000
vt 0.00000000 0.00000000
vt 0.00392200 0.59607798
vt 0.10196100 0.75294101
vt 0.25097999 0.07843100
vt 0.00000000 0.00000000
vt 0.00000000 0.00000000
vt 0.00000000 0.00000000
vt 0.00000000 0.00000000
vt 0.00000000 0.00000000
vt 0.00000000 0.00000000
vt 0.00000000 0.00000000
vt 0.00000000 0.00000000
vt 0.33333299 0.45490199
vt 0.32941201 0.00000000
vt 0.33333299 0.31764701
vt 0.62352902 1.00000000
vt 0.00000000 0.00000000
vt 0.72941202 0.38431400
vt 0.00000000 0.00000000
vt 0.00000000 0.00000000
vt 0.00000000 0.00000000
vt 0.00000000 0.00000000
vt 0.00000000 0.00000000
vt 0.00000000 0.00000000
vt 0.00000000 0.00000000
vt 0.00000000 0.00000000
vt 0.00000000 0.00000000
vt 0.00000000 0.00000000
vt 0.00000000 0.00000000
vt 0.00000000 0.00000000
vt 0.00000000 0.00000000
vt 0.55294102 1.00000000
vt 0.00000000 0.00000000
vt 0.55294102 1.00000000
vt 0.00000000 0.00000000
vt 0.00000000 0.00000000
vt 0.00000000 0.00000000
vt 0.07843100 0.03137300
vt 0.00000000 0.00000000
vt 0.00000000 0.00000000
vt 0.00000000 0.00000000
vt 0.07843100 0.03137300
vt 0.00000000 0.00000000
vt 0.00000000 0.00000000
vt 0.27451000 0.18431400
vt 0.00000000 0.00000000
vt 0.00000000 0.00000000
vt 0.00000000 0.00000000
vt 0.00000000 0.00000000
vt 0.00000000 0.00000000
vt 0.00000000 0.33333299
vt 0.00000000 0.00000000
vt 0.00000000 0.00000000
vt 0.00000000 0.00000000
vt 0.03921600 0.69019598
vt 0.00000000 0.00000000
vt 0.00000000 0.00000000
vt 0.01568600 0.62745100
vt 0.00000000 0.00000000
vt 0.00000000 0.00000000
vt 0.00000000 0.00000000
vt 0.00000000 0.00000000
vt 0.00000000 0.00000000
vt 0.00000000 0.00000000
vt 0.00000000 0.00000000
vt 0.00000000 0.00000000
vt 0.00000000 0.00000000
vt 0.00000000 0.00000000
vt 1.00000000 0.44313699
vt 0.00000000 0.00000000
vt 0.00000000 0.00000000
vt 0.27843100 0.15294100
vt 0.00000000 0.00000000
vt 0.00000000 0.00000000
vt 0.00000000 0.00000000
vt 0.00000000 0.00000000
vt 0.00000000 0.00000000
vt 0.00000000 0.00000000
vt 0.00000000 0.00000000
vt 0.66666698 0.47451001
vt 0.00000000 0.00000000
vt 1.00000000 0.58431399
vt 0.66666698 0.58431399
vt 0.46274501 0.80784303
vt 0.00000000 0.00000000
vt 0.00000000 0.00000000
vt 0.00000000 0.00000000
vt 0.00000000 0.00000000
vt 0.00000000 0.61176503
vt 0.00000000 0.38823500
vt 1.00000000 0.96470600
vt 0.00000000 0.00000000
vt 0.85490203 0.85490203
vt 0.37647101 0.25097999
vt 0.12156900 0.50196099
vt 0.24705900 0.00000000
vt 0.25097999 0.37647101
vt 1.00000000 0.93725502
vt 0.61960799 0.01176500
vt 0.49019599 0.00000000
vt 1.00000000 0.90588200
vt 0.25097999 1.00000000
vt 0.00000000 0.00000000
vt 0.00000000 0.00000000
vt 0.33333299 0.71372598
vt 0.00000000 0.00000000
vt 0.00000000 0.00000000
vt 0.46274501 0.38431400
vt 0.12548999 0.62352902
vt 0.50196099 1.00000000
vt 0.00000000 0.00000000
vt 0.00000000 0.94509798
vt 0.00000000 0.00000000
vt 0.00000000 0.00000000
vt 0.00000000 0.00000000
vt 0.00000000 0.00000000
vt 0.49803901 0.50588202
vt 0.49803901 0.11372500
vt 0.00000000 0.50196099
vt 0.00000000 0.00000000
vt 0.00000000 0.00000000
vt 0.18823500 0.00784300
vt 0.00000000 0.00000000
vt 0.00000000 0.00000000
vt 0.00000000 0.00000000
vt 0.00000000 0.16470601
vt 0.00000000 0.00000000
vt 0.00000000 0.00000000
vt 0.00000000 0.00000000
vt 0.86274499 0.74117601
vt 0.00000000 0.00000000
vt 0.00000000 0.00000000
vt 0.00000000 0.00000000
vt 0.00000000 0.00000000
vt 0.00000000 0.00000000
vt 0.00000000 0.00000000
vt 0.00000000 0.00000000
vt 0.25097999 0.49803901
vt 0.00000000 0.00000000
vt 0.00000000 0.00000000
vt 0.00000000 0.00000000
vt 0.00000000 0.00000000
vt 0.00000000 0.00000000
vt 0.00000000 0.00000000
vt 0.00000000 0.00000000
vt 0.00000000 0.00000000
vt 0.00000000 0.00000000
vt 0.00000000 0.00000000
vt 0.49803901 0.49803901
vt 0.12548999 0.25097999
vt 0.00000000 0.00000000
vt 0.46274501 0.80784303
vt 0.37254900 0.99607801
vt 0.00000000 0.00000000
vt 0.49803901 0.00000000
vt 0.35686299 0.00000000
vt 0.25097999 0.49803901
vt 0.25882399 0.76078397
vt 0.12941200 0.89803898
vt 0.00000000 0.49803901
vt 0.33333299 0.65098000
vt 0.00000000 0.00000000
vt 0.00000000 0.00000000
vt 0.33333299 0.47843099
vt 0.00000000 0.00000000
vt 0.00000000 0.00000000
vt 0.49803901 0.50196099
vt 0.00000000 0.00000000
vt 0.00000000 0.00000000
vt 1.00000000 0.47843099
vt 0.00000000 0.00000000
vt 0.12548999 1.00000000
vt 0.00000000 0.00000000
vt 0.25097999 0.50196099
vt 0.00000000 0.00000000
vt 0.00000000 0.50196099
vt 0.00000000 0.49803901
vt 0.00000000 0.69411802
vt 0.00000000 0.00000000
vt 0.00000000 0.00000000
vt 0.00000000 0.00000000
vt 0.12548999 1.00000000
vt 0.49803901 0.96470600
vt 0.00000000 0.00000000
vt 0.74901998 0.50196099
vt 0.74901998 0.25097999
vt 0.98431402 0.62745100
vt 0.00000000 0.00000000
vt 0.00000000 0.75294101
vt 0.00000000 0.62352902
vt 0.00000000 0.00000000
vt 0.00000000 0.00000000
vt 0.61960799 0.01176500
vt 1.00000000 0.93725502
vt 0.49803901 0.25882399
vt 0.00000000 0.00000000
vt 0.00000000 0.00000000
vt 0.00000000 0.00000000
vt 0.00000000 0.00000000
vt 0.82352901 0.00000000
vt 0.82352901 0.02352900
vt 0.00000000 0.00000000
vt 0.49803901 0.25882399
vt 0.00000000 0.00000000
vt 0.60000002 0.96862799
vt 0.49803901 0.25882399
vt 0.12548999 0.37647101
vt 0.00000000 0.00000000
vt 0.00000000 0.00000000
vt 0.66666698 0.76078397
vt 0.00000000 0.00000000
vt 0.00000000 0.00000000
vt 0.00000000 0.00000000
vt 0.12548999 1.00000000
vt 0.03529400 0.00392200
vt 0.00000000 0.00000000
vt 0.00000000 0.00000000
vt 0.00000000 0.00000000
vt 0.00000000 0.00000000
vt 0.00000000 0.00000000
vt 0.00000000 0.00000000
vt 0.20784301 0.93333298
vt 0.13333300 0.80000001
vt 0.01176500 0.51764703
vt 0.00000000 0.00000000
vt 0.37254900 0.99607801
vt 0.01568600 0.39607799
vt 0.33333299 0.37647101
vt 0.00000000 0.00000000
vt 0.49803901 1.00000000
vt 0.00000000 0.00000000
vt 0.00000000 0.00000000
vt 0.00000000 0.00000000
vt 0.00000000 0.00000000
vt 1.00000000 0.35294101
vt 0.66666698 0.81176502
vt 0.00000000 0.00000000
vt 0.83137298 0.99215698
vt 0.66666698 0.98431402
vt 0.00000000 0.00000000
vt 0.00000000 0.00000000
vt 0.33333299 0.86274499
vt 0.33333299 1.00000000
vt 0.00000000 0.00000000
vt 0.00000000 0.00000000
vt 0.00000000 0.00000000
vt 0.40392199 0.99607801
vt 0.00000000 0.00000000
vt 0.00000000 0.00000000
vt 0.00000000 0.00000000
vt 0.00000000 0.00000000
vt 0.00000000 0.00000000
vt 0.00000000 0.00000000
vt 0.00000000 0.00000000
vt 0.00000000 0.00000000
vt 0.99607801 0.43529400
vt 0.99607801 0.59607798
vt 1.00000000 0.57254899
vt 0.66666698 0.61568600
vt 0.66666698 0.70980400
vt 0.33333299 0.61568600
vt 0.33333299 0.61568600
vt 0.66666698 0.70980400
vt 0.33333299 0.70980400
vt 0.66666698 0.51764703
vt 0.66666698 0.61568600
vt 0.33333299 0.51764703
vt 0.33333299 0.51764703
vt 0.66666698 0.61568600
vt 0.33333299 0.61568600
vt 0.33333299 0.51764703
vt 0.33333299 0.31764701
vt 0.66666698 0.51764703
vt 0.66666698 0.51764703
vt 0.33333299 0.31764701
vt 0.66666698 0.31764701
vt 0.66666698 0.51764703
vt 0.66666698 0.31764701
vt 1.00000000 0.51764703
vt 0.83529401 0.00000000
vt 0.66666698 0.31764701
vt 0.66666698 0.00000000
vt 0.62352902 1.00000000
vt 0.49803901 0.00000000
vt 0.50196099 1.00000000
vt 0.24705900 0.75686300
vt 0.24705900 0.49803901
vt 0.31372601 0.75686300
vt 0.49803901 0.50196099
vt 0.49803901 1.00000000
vt 0.35686299 1.00000000
vt 0.74901998 0.25097999
vt 0.74901998 0.50196099
vt 0.49803901 0.50196099
vt 0.49803901 0.50196099
vt 0.35686299 1.00000000
vt 0.25097999 0.50196099
vt 0.25097999 0.50196099
vt 0.35686299 1.00000000
vt 0.25097999 1.00000000
vt 0.37254900 0.99607801
vt 0.35686299 0.00000000
vt 0.25097999 0.99607801
vt 0.25097999 0.99607801
vt 0.35686299 0.00000000
vt 0.25097999 0.00000000
vt 0.81176502 0.50196099
vt 0.74901998 0.62352902
vt 0.74901998 0.50196099
vt 0.74901998 0.62352902
vt 0.74901998 0.74901998
vt 0.49803901 0.74901998
vt 0.49803901 0.87450999
vt 0.62352902 0.93725502
vt 0.49803901 0.93725502
vt 0.49803901 0.87450999
vt 0.49803901 0.93725502
vt 0.37254900 0.87450999
vt 0.37254900 0.87450999
vt 0.49803901 0.93725502
vt 0.37254900 0.93725502
vt 0.37254900 0.87450999
vt 0.37254900 0.93725502
vt 0.25097999 0.87450999
vt 0.25097999 0.87450999
vt 0.37254900 0.93725502
vt 0.25097999 0.93725502
vt 0.81176502 0.37647101
vt 0.81176502 0.50196099
vt 0.74901998 0.50196099
vt 0.25097999 0.87450999
vt 0.25097999 0.74901998
vt 0.37254900 0.87450999
vt 0.74901998 0.87450999
vt 0.74901998 0.81176502
vt 0.81176502 0.87450999
vt 0.00392200 0.27843100
vt 0.99607801 0.28235301
vt 0.00392200 0.35686299
vt 0.37254900 0.06274500
vt 0.49803901 0.06274500
vt 0.37254900 0.12548999
vt 0.37254900 0.12548999
vt 0.49803901 0.06274500
vt 0.49803901 0.12548999
vt 0.00000000 0.15686300
vt 0.25097999 0.00000000
vt 0.25097999 0.06274500
vt 0.00000000 0.15686300
vt 0.25097999 0.06274500
vt 0.25097999 0.12548999
vt 0.25097999 0.12548999
vt 0.25097999 0.06274500
vt 0.37254900 0.06274500
vt 0.25097999 0.12548999
vt 0.37254900 0.06274500
vt 0.37254900 0.12548999
vt 0.81176502 0.62352902
vt 0.74901998 0.49803901
vt 0.81176502 0.49803901
vt 0.81176502 0.49803901
vt 0.74901998 0.49803901
vt 0.74901998 0.37254900
vt 0.62352902 0.06274500
vt 0.49803901 0.12548999
vt 0.49803901 0.06274500
vt 0.74901998 0.37254900
vt 0.49803901 0.25097999
vt 0.74901998 0.25097999
vt 0.25097999 0.25097999
vt 0.25097999 0.12548999
vt 0.37254900 0.12548999
vt 0.00392200 0.43529400
vt 0.98431402 0.37254900
vt 0.99607801 0.43529400
vt 0.16470601 0.00000000
vt 0.24705900 0.00000000
vt 0.12156900 0.24705900
vt 0.12156900 0.49803901
vt 0.08235300 0.49803901
vt 0.00000000 0.00000000
vt 0.02352900 0.41568601
vt 0.02745100 0.49803901
vt 0.08627500 0.35294101
vt 1.00000000 0.41960800
vt 0.66666698 0.25882399
vt 1.00000000 0.25882399
vt 1.00000000 0.98823500
vt 0.83921599 0.99215698
vt 1.00000000 0.96470600
vt 0.49803901 0.17647099
vt 0.66666698 0.17647099
vt 0.66666698 0.23529400
vt 0.45490199 0.00000000
vt 0.33333299 0.00000000
vt 0.33333299 0.00000000
vt 0.13333300 0.01960800
vt 0.12156900 0.22352900
vt 0.05882400 0.11372500
vt 0.12156900 0.50196099
vt 0.08235300 0.50196099
vt 0.12156900 0.24705900
vt 0.66666698 0.94509798
vt 0.66666698 1.00000000
vt 0.49803901 0.94509798
vt 0.17254899 0.63137299
vt 0.33333299 0.50588202
vt 0.33333299 0.71372598
vt 0.33333299 0.94902003
vt 0.49803901 0.94902003
vt 0.33333299 1.00000000
vt 0.17254899 0.10588200
vt 0.11372500 0.03529400
vt 0.11372500 0.36078399
vt 0.33333299 1.00000000
vt 0.16470601 1.00000000
vt 0.33333299 0.70980400
vt 0.33333299 0.94509798
vt 0.00000000 0.94509798
vt 0.01176500 0.82352901
vt 0.49803901 0.58431399
vt 0.66666698 0.47451001
vt 0.66666698 0.58431399
vt 0.58431399 0.99607801
vt 0.49803901 0.96470600
vt 0.66666698 0.96470600
vt 1.00000000 0.36862701
vt 1.00000000 0.47843099
vt 0.66666698 0.47843099
vt 0.98823500 0.50196099
vt 0.98431402 0.25490201
vt 0.86274499 0.20392200
vt 0.88235301 0.35294101
vt 0.88235301 1.00000000
vt 1.00000000 0.35294101
vt 1.00000000 0.35294101
vt 0.88235301 1.00000000
vt 1.00000000 1.00000000
vt 0.12548999 1.00000000
vt 0.25097999 0.23529400
vt 0.25097999 1.00000000
vt 0.25097999 1.00000000
vt 0.25097999 0.23529400
vt 0.37647101 1.00000000
vt 0.33333299 0.09411800
vt 0.66666698 0.09411800
vt 0.50980401 1.00000000
vt 0.33333299 0.09411800
vt 0.50980401 1.00000000
vt 0.33333299 1.00000000
vt 0.50196099 0.00000000
vt 0.66666698 0.00000000
vt 0.66666698 0.09411800
vt 0.49803901 1.00000000
vt 0.58431399 0.00000000
vt 0.62352902 1.00000000
vt 0.66666698 0.49411801
vt 0.75294101 1.00000000
vt 0.66666698 1.00000000
vt 0.66666698 0.49411801
vt 0.50196099 0.49411801
vt 0.66666698 0.00000000
vt 0.50196099 0.49411801
vt 0.50196099 1.00000000
vt 0.37647101 1.00000000
vt 0.50196099 0.49411801
vt 0.37647101 1.00000000
vt 0.33333299 0.49411801
vt 0.49411801 0.00392200
vt 0.03137300 0.17647099
vt 0.00000000 0.00000000
vt 0.33333299 0.17254899
vt 0.50588202 0.00000000
vt 0.34117600 0.00000000
vt 0.12548999 1.00000000
vt 0.33333299 0.49411801
vt 0.24705900 1.00000000
vt 0.12548999 1.00000000
vt 0.00000000 1.00000000
vt 0.00000000 0.25097999
vt 0.50196099 1.00000000
vt 0.33333299 0.86274499
vt 0.66666698 0.86274499
vt 0.66666698 0.86274499
vt 0.33333299 0.86274499
vt 0.66666698 0.29019600
vt 0.50196099 1.00000000
vt 0.33333299 1.00000000
vt 0.33333299 0.86274499
vt 0.14117600 0.00000000
vt 0.26274499 0.00000000
vt 0.33333299 0.29019600
vt 0.66666698 0.29019600
vt 0.33333299 0.86274499
vt 0.33333299 0.29019600
vt 0.75294101 1.00000000
vt 0.87450999 0.00000000
vt 0.87450999 1.00000000
vt 0.69019598 0.00000000
vt 0.53725499 0.00000000
vt 0.55686301 0.23529400
vt 0.33333299 0.16862699
vt 0.33333299 0.00000000
vt 0.50196099 0.16862699
vt 0.33333299 0.16862699
vt 0.50196099 0.16862699
vt 0.50196099 0.66274500
vt 0.50196099 0.66274500
vt 0.50196099 0.16862699
vt 0.66666698 0.66274500
vt 0.33333299 0.66274500
vt 0.33333299 0.16862699
vt 0.50196099 0.66274500
vt 0.50196099 0.16862699
vt 0.66666698 0.16862699
vt 0.66666698 0.66274500
vt 0.87058800 0.00000000
vt 0.87450999 1.00000000
vt 0.74117601 1.00000000
vt 0.87058800 0.00000000
vt 0.74117601 1.00000000
vt 0.75294101 0.00000000
vt 0.66666698 0.29019600
vt 0.33333299 0.29019600
vt 0.50980401 0.00000000
vt 0.98823500 0.50196099
vt 0.86274499 0.74117601
vt 0.99607801 0.75294101
vt 0.12548999 0.00000000
vt 0.25097999 0.00000000
vt 0.25097999 0.76470602
vt 0.74901998 0.89019603
vt 0.74901998 0.00000000
vt 0.87450999 0.00000000
vt 0.74901998 0.89019603
vt 0.87450999 0.00000000
vt 0.87450999 0.94117701
vt 1.00000000 0.62352902
vt 1.00000000 0.75294101
vt 0.01568600 0.63529402
vt 0.01568600 0.63529402
vt 1.00000000 0.75294101
vt 0.01568600 0.76078397
vt 0.08627500 0.82352901
vt 0.03137300 0.66666698
vt 0.03137300 0.74901998
vt 0.66666698 0.61568600
vt 0.66666698 0.70980400
vt 0.33333299 0.70980400
vt 0.33333299 0.31764701
vt 0.49803901 0.00000000
vt 0.66666698 0.31764701
vt 0.33333299 0.31764701
vt 0.66666698 0.31764701
vt 0.33333299 0.51764703
vt 0.33333299 0.51764703
vt 0.66666698 0.31764701
vt 0.66666698 0.51764703
vt 0.33333299 0.51764703
vt 0.66666698 0.51764703
vt 0.33333299 0.61568600
vt 0.33333299 0.61568600
vt 0.66666698 0.51764703
vt 0.66666698 0.61568600
vt 0.33333299 0.61568600
vt 0.66666698 0.61568600
vt 0.33333299 0.70980400
vt 0.33333299 0.61568600
vt 0.33333299 0.70980400
vt 0.00000000 0.70980400
vt 0.00000000 0.70980400
vt 0.33333299 0.70980400
vt 0.16470601 1.00000000
vt 0.49803901 0.49803901
vt 0.49803901 0.00000000
vt 0.59215701 0.00000000
vt 0.49803901 0.95294100
vt 0.37647101 0.93333298
vt 0.49803901 0.49803901
vt 0.00000000 0.69411802
vt 0.12941200 0.89803898
vt 0.00000000 0.88627499
vt 0.74901998 0.49803901
vt 0.74901998 0.74901998
vt 0.49803901 0.49803901
vt 0.60000002 0.96862799
vt 0.56078398 0.96078402
vt 0.74901998 0.74901998
vt 1.00000000 0.58431399
vt 0.66666698 0.76078397
vt 0.66666698 0.58431399
vt 0.33333299 0.58431399
vt 0.33333299 0.76078397
vt 0.06274500 0.61960799
vt 1.00000000 0.41960800
vt 0.66666698 0.47451001
vt 0.66666698 0.41960800
vt 1.00000000 0.41960800
vt 0.66666698 0.41960800
vt 0.66666698 0.25882399
vt 0.66666698 0.25882399
vt 0.66666698 0.41960800
vt 0.49803901 0.41960800
vt 0.66666698 0.25882399
vt 0.49803901 0.41960800
vt 0.49803901 0.25882399
vt 0.49803901 0.25882399
vt 0.49803901 0.41960800
vt 0.33333299 0.41960800
vt 0.49803901 0.25882399
vt 0.33333299 0.41960800
vt 0.33333299 0.25882399
vt 0.16470601 1.00000000
vt 0.00000000 0.94509798
vt 0.33333299 0.94509798
vt 0.49803901 1.00000000
vt 0.49803901 0.94509798
vt 0.66666698 1.00000000
vt 0.33333299 0.94509798
vt 0.01176500 0.82352901
vt 0.33333299 0.82352901
vt 0.33333299 0.58431399
vt 0.33333299 0.47451001
vt 0.49803901 0.47451001
vt 0.66666698 0.57254899
vt 1.00000000 0.57254899
vt 0.66666698 0.65098000
vt 0.66666698 0.57254899
vt 0.66666698 0.65098000
vt 0.33333299 0.57254899
vt 0.33333299 0.57254899
vt 0.66666698 0.65098000
vt 0.33333299 0.65098000
vt 0.33333299 0.37647101
vt 0.66666698 0.37647101
vt 0.33333299 0.52548999
vt 0.33333299 0.52548999
vt 0.66666698 0.37647101
vt 0.66666698 0.52548999
vt 0.66666698 0.98431402
vt 0.83137298 0.99215698
vt 0.66666698 0.99215698
vt 0.66666698 0.29411799
vt 1.00000000 0.33333299
vt 0.66666698 0.33333299
vt 0.66666698 0.33333299
vt 1.00000000 0.33333299
vt 1.00000000 0.37647101
vt 0.66666698 0.33333299
vt 1.00000000 0.37647101
vt 0.66666698 0.37647101
vt 0.66666698 0.00784300
vt 0.66666698 0.01568600
vt 0.63921601 0.00784300
vt 0.33333299 0.94509798
vt 0.49803901 0.82352901
vt 0.49803901 0.94509798
vt 0.33333299 0.82352901
vt 0.49803901 0.82352901
vt 0.33333299 0.94509798
vt 0.49803901 0.76078397
vt 0.66666698 0.76078397
vt 0.49803901 0.82352901
vt 0.49803901 0.82352901
vt 0.66666698 0.76078397
vt 0.66666698 0.82352901
vt 0.49803901 0.47451001
vt 0.66666698 0.47451001
vt 0.49803901 0.58431399
vt 0.49803901 0.47451001
vt 0.49803901 0.58431399
vt 0.33333299 0.58431399
vt 0.49803901 0.50588202
vt 0.33333299 0.50588202
vt 0.33333299 0.45490199
vt 0.49803901 0.50588202
vt 0.33333299 0.45490199
vt 0.49803901 0.45490199
vt 0.49803901 0.34509799
vt 0.33333299 0.34509799
vt 0.33333299 0.23529400
vt 0.49803901 0.34509799
vt 0.33333299 0.23529400
vt 0.49803901 0.23529400
vt 0.66666698 0.23529400
vt 1.00000000 0.23529400
vt 1.00000000 0.34509799
vt 0.49803901 0.96470600
vt 0.49803901 0.76078397
vt 0.66666698 0.96470600
vt 0.66666698 0.96470600
vt 0.49803901 0.76078397
vt 0.66666698 0.76078397
vt 0.49803901 0.71372598
vt 0.49803901 0.50588202
vt 0.66666698 0.71372598
vt 0.66666698 0.71372598
vt 0.49803901 0.50588202
vt 0.66666698 0.50588202
vt 0.49803901 0.45490199
vt 0.49803901 0.34509799
vt 0.66666698 0.45490199
vt 0.66666698 0.45490199
vt 0.49803901 0.34509799
vt 0.66666698 0.34509799
vt 1.00000000 0.34509799
vt 0.66666698 0.34509799
vt 0.66666698 0.23529400
vt 0.66666698 0.23529400
vt 0.49803901 0.23529400
vt 0.49803901 0.17647099
vt 0.33333299 0.65098000
vt 0.33333299 0.47843099
vt 0.49803901 0.47843099
vt 0.49803901 0.47843099
vt 0.33333299 0.47843099
vt 0.49803901 0.36862701
vt 0.49803901 0.47843099
vt 0.49803901 0.36862701
vt 0.66666698 0.36862701
vt 0.33333299 0.47843099
vt 0.33333299 0.36862701
vt 0.49803901 0.36862701
vt 0.49803901 0.36862701
vt 0.33333299 0.36862701
vt 0.49803901 0.31764701
vt 0.33333299 0.70980400
vt 0.04313700 0.65098000
vt 0.33333299 0.65098000
vt 0.33333299 0.70980400
vt 0.33333299 0.65098000
vt 0.49803901 0.65098000
vt 0.49803901 0.65098000
vt 0.33333299 0.65098000
vt 0.49803901 0.47843099
vt 0.66666698 0.47843099
vt 0.49803901 0.47843099
vt 0.66666698 0.36862701
vt 0.66666698 0.47843099
vt 0.66666698 0.36862701
vt 1.00000000 0.36862701
vt 0.33333299 0.36862701
vt 0.33333299 0.31764701
vt 0.49803901 0.31764701
vt 0.33333299 0.70980400
vt 0.49803901 0.65098000
vt 0.49803901 0.70980400
vt 0.49803901 0.70980400
vt 0.49803901 0.65098000
vt 0.66666698 0.65098000
vt 0.49803901 0.70980400
vt 0.66666698 0.65098000
vt 0.66666698 0.70980400
vt 0.66666698 0.70980400
vt 0.66666698 0.82745099
vt 0.49803901 0.82745099
vt 0.66666698 0.70980400
vt 0.49803901 0.82745099
vt 0.49803901 0.70980400
vt 0.33333299 0.70980400
vt 0.33333299 0.82745099
vt 0.01960800 0.74509799
vt 0.66666698 0.65098000
vt 0.66666698 0.47843099
vt 1.00000000 0.47843099
vt 0.49803901 0.82745099
vt 0.49803901 0.94902003
vt 0.33333299 0.94902003
vt 0.49803901 0.82745099
vt 0.33333299 0.94902003
vt 0.33333299 0.82745099
vt 0.33333299 0.82745099
vt 0.33333299 0.94902003
vt 0.00784300 0.82745099
vt 0.33333299 0.82745099
vt 0.00784300 0.82745099
vt 0.01960800 0.74509799
vt 0.66666698 0.94902003
vt 0.66666698 1.00000000
vt 0.49803901 0.94902003
vt 0.66666698 0.76078397
vt 0.49803901 0.76078397
vt 0.49803901 0.70980400
vt 0.49803901 0.70980400
vt 0.33333299 0.70980400
vt 0.33333299 0.55686301
vt 0.49803901 0.50196099
vt 0.49803901 0.55686301
vt 0.33333299 0.50196099
vt 1.00000000 0.70980400
vt 0.66666698 0.76078397
vt 0.66666698 0.70980400
vt 0.66666698 0.70980400
vt 0.66666698 0.76078397
vt 0.49803901 0.70980400
vt 0.49803901 0.55686301
vt 0.49803901 0.70980400
vt 0.33333299 0.55686301
vt 0.49803901 0.55686301
vt 0.33333299 0.55686301
vt 0.33333299 0.50196099
vt 0.66666698 0.22745100
vt 0.83137298 0.00000000
vt 1.00000000 0.22745100
vt 0.49803901 0.28627500
vt 0.66666698 0.28627500
vt 0.66666698 0.34117600
vt 0.58431399 0.99607801
vt 0.49803901 0.99607801
vt 0.49803901 0.96862799
vt 0.49803901 0.96862799
vt 0.49803901 0.99607801
vt 0.45882401 1.00000000
vt 0.49803901 0.96862799
vt 0.45882401 1.00000000
vt 0.33333299 0.96862799
vt 0.33333299 0.96862799
vt 0.45882401 1.00000000
vt 0.33333299 1.00000000
vt 0.66666698 0.50196099
vt 0.49803901 0.50196099
vt 0.49803901 0.34117600
vt 0.49803901 0.34117600
vt 0.33333299 0.34117600
vt 0.33333299 0.28627500
vt 0.33333299 0.28627500
vt 0.49803901 0.28627500
vt 0.49803901 0.34117600
vt 0.49803901 0.34117600
vt 0.49803901 0.28627500
vt 0.66666698 0.34117600
vt 0.49803901 0.34117600
vt 0.66666698 0.34117600
vt 0.66666698 0.50196099
vt 0.66666698 0.99607801
vt 0.58431399 0.99607801
vt 0.66666698 0.96862799
vt 0.66666698 0.96862799
vt 0.58431399 0.99607801
vt 0.49803901 0.96862799
vt 0.72941202 0.38431400
vt 0.88235301 0.00000000
vt 0.76470602 0.00000000
vt 0.12548999 0.62352902
vt 0.12548999 0.58039200
vt 0.25097999 0.62352902
vt 0.37647101 0.25097999
vt 0.25097999 0.37647101
vt 0.25097999 0.26666701
vt 0.37647101 0.25097999
vt 0.25097999 0.26666701
vt 0.25490201 0.25097999
vt 0.25097999 0.50196099
vt 0.20392200 0.38431400
vt 0.25097999 0.37647101
vt 0.25097999 0.37647101
vt 0.20392200 0.38431400
vt 0.25097999 0.26666701
vt 0.52941197 1.00000000
vt 0.64705902 1.00000000
vt 0.46274501 0.80784303
vt 0.37647101 0.74901998
vt 0.25882399 0.76078397
vt 0.25097999 0.73333299
vt 0.25097999 0.73333299
vt 0.25097999 0.62745100
vt 0.37647101 0.74901998
vt 0.75294101 0.50196099
vt 0.77647102 0.50196099
vt 0.82352901 0.62352902
vt 0.75294101 0.50196099
vt 0.82352901 0.62352902
vt 0.75294101 0.75686300
vt 0.68627501 0.75686300
vt 0.75294101 0.50196099
vt 0.75294101 0.75686300
vt 0.00000000 0.37647101
vt 0.00000000 0.00000000
vt 1.00000000 0.49803901
vt 0.00000000 0.00000000
vt 1.00000000 1.00000000
vt 1.00000000 0.91764700
vt 0.00000000 0.00000000
vt 0.77647102 0.51764703
vt 0.77647102 0.75686300
vt 0.00000000 0.00000000
vt 0.17254899 0.10588200
vt 0.11372500 0.36078399
vt 0.00000000 0.00000000
vt 0.11372500 0.36078399
vt 0.11372500 0.03529400
vt 0.00000000 0.00000000
vt 0.24313700 0.36862701
vt 0.00000000 0.42745101
vt 0.00000000 0.00000000
vt 0.25097999 0.25097999
vt 0.00000000 0.00000000
vt 0.00000000 0.00000000
vt 0.00000000 0.00000000
vt 0.08627500 0.82352901
vt 0.02745100 0.91764700
vt 0.00000000 0.00000000
vt 0.11372500 0.66666698
vt 0.17254899 0.89411801
vt 0.00000000 0.00000000
vt 0.25097999 0.50196099
vt 0.00000000 0.00000000
vt 0.88235301 0.00000000
vt 0.72941202 0.38431400
vt 0.25097999 0.50196099
vt 0.25097999 0.26666701
vt 0.20392200 0.38431400
vt 0.49803901 0.50196099
vt 0.11764700 0.10196100
vt 0.00000000 0.00000000
vt 0.00000000 0.00000000
vt 0.00000000 0.42745101
vt 0.24313700 0.36862701
vt 0.00000000 0.00000000
vt 0.00000000 0.00000000
vt 1.00000000 0.91764700
vt 0.00000000 0.00000000
vt 0.00000000 0.00000000
vt 1.00000000 0.83529401
vt 0.00000000 0.00000000
vt 1.00000000 0.91764700
vt 0.77647102 0.27451000
vt 0.00000000 0.00000000
vt 0.77647102 0.51764703
vt 0.74901998 0.50196099
vt 0.74901998 0.62352902
vt 0.77647102 0.51764703
vt 0.74901998 0.62352902
vt 0.49803901 0.74901998
vt 0.77647102 0.51764703
vt 0.49803901 0.74901998
vt 0.77647102 0.75686300
vt 0.77647102 0.51764703
vt 0.49803901 0.74901998
vt 0.25097999 0.74901998
vt 0.77647102 0.75686300
vt 0.25097999 0.87450999
vt 0.00000000 0.00000000
vt 0.00000000 0.00000000
vt 0.49803901 0.74901998
vt 0.37254900 0.87450999
vt 0.25097999 0.74901998
vt 0.25097999 0.87450999
vt 0.11372500 0.03529400
vt 0.17254899 0.10588200
vt 0.25097999 0.87450999
vt 0.25097999 0.93725502
vt 0.11372500 0.03529400
vt 0.25097999 0.93725502
vt 0.25097999 1.00000000
vt 0.00000000 0.00000000
vt 0.01568600 0.76078397
vt 1.00000000 0.75294101
vt 0.00000000 0.00000000
vt 0.87450999 0.00000000
vt 0.00000000 0.00000000
vt 0.00000000 0.00000000
vt 1.00000000 0.09411800
vt 0.83529401 0.00000000
vt 0.00000000 0.00000000
vt 0.37647101 1.00000000
vt 0.50196099 1.00000000
vt 0.49803901 1.00000000
vt 0.74509799 0.00000000
vt 0.00000000 0.00000000
vt 0.59215701 0.00000000
vt 0.00000000 0.00000000
vt 0.00000000 0.00000000
vt 1.00000000 0.58431399
vt 1.00000000 0.49803901
vt 0.00000000 0.00000000
vt 0.00000000 0.00000000
vt 0.00000000 0.00000000
vt 0.00000000 0.00000000
vt 0.49803901 0.12548999
vt 0.74901998 0.25097999
vt 0.49803901 0.25097999
vt 0.74901998 0.37254900
vt 0.74901998 0.49803901
vt 0.49803901 0.25097999
vt 0.25097999 0.25097999
vt 0.37254900 0.12548999
vt 0.49803901 0.25097999
vt 0.37254900 0.12548999
vt 0.49803901 0.12548999
vt 0.49803901 0.25097999
vt 0.00000000 0.00000000
vt 0.00000000 0.00000000
vt 0.08627500 0.82352901
vt 0.74901998 0.49803901
vt 0.31372601 0.82352901
vt 0.08627500 0.82352901
vt 0.33333299 0.58431399
vt 0.06274500 0.61960799
vt 0.66666698 0.31764701
vt 0.00000000 0.00000000
vt 0.03137300 0.74901998
vt 0.00000000 0.00000000
vt 0.08627500 0.82352901
vt 0.00000000 0.00000000
vt 0.17254899 0.89411801
vt 0.11372500 0.66666698
vt 0.00000000 0.15686300
vt 0.25097999 0.12548999
vt 0.17254899 0.89411801
vt 0.25097999 0.12548999
vt 0.25097999 0.25097999
vt 0.17254899 0.89411801
vt 1.00000000 0.49803901
vt 1.00000000 0.41568601
vt 0.00000000 0.00000000
vt 1.00000000 0.41568601
vt 1.00000000 0.33333299
vt 0.00000000 0.00000000
vt 0.00000000 0.00000000
vt 1.00000000 0.55686301
vt 0.66666698 0.55686301
vt 0.66666698 0.50196099
vt 0.00000000 0.00000000
vt 0.04705900 0.02745100
vt 0.00000000 0.00000000
vt 0.04705900 0.02745100
vt 0.00000000 0.00000000
vt 0.00000000 0.00000000
vt 0.00000000 0.00000000
vt 0.66666698 0.29019600
vt 1.00000000 0.29019600
vt 0.87450999 1.00000000
vt 1.00000000 1.00000000
vt 0.00000000 0.00000000
vt 0.87450999 1.00000000
vt 0.87450999 0.00000000
vt 0.00000000 0.00000000
vt 0.75294101 1.00000000
vt 0.00000000 0.00000000
vt 0.87450999 0.00000000
vt 0.77647102 0.03137300
vt 0.77647102 0.27451000
vt 1.00000000 0.83529401
vt 0.77647102 0.03137300
vt 0.00000000 0.00000000
vt 0.77647102 0.27451000
vt 0.81176502 0.37647101
vt 0.74901998 0.50196099
vt 0.77647102 0.27451000
vt 0.81176502 0.50196099
vt 0.74901998 0.74901998
vt 0.74901998 0.62352902
vt 0.74901998 0.74901998
vt 0.49803901 0.87450999
vt 0.49803901 0.74901998
vt 0.49803901 0.87450999
vt 0.37254900 0.87450999
vt 0.49803901 0.74901998
vt 0.25097999 0.93725502
vt 0.37254900 0.93725502
vt 0.25097999 1.00000000
vt 0.62745100 0.01568600
vt 0.56470603 0.00392200
vt 0.00000000 0.00000000
vt 0.62745100 0.01568600
vt 0.00000000 0.00000000
vt 0.56470603 0.00392200
vt 0.00000000 0.00000000
vt 0.00000000 0.00000000
vt 0.01568600 0.76078397
vt 0.94509798 0.20000000
vt 0.98039198 0.10196100
vt 0.98823500 0.49803901
vt 0.00000000 0.00000000
vt 0.00000000 0.00000000
vt 0.66666698 0.09411800
vt 0.75686300 1.00000000
vt 0.66666698 0.09411800
vt 0.87450999 0.00000000
vt 0.00000000 0.00000000
vt 0.66666698 0.09411800
vt 0.83529401 0.00000000
vt 0.87450999 0.00000000
vt 0.83529401 0.00000000
vt 1.00000000 0.09411800
vt 0.87450999 0.00000000
vt 0.00000000 0.00000000
vt 0.49803901 0.50588202
vt 0.49803901 0.76078397
vt 0.66666698 0.09411800
vt 0.00000000 0.00000000
vt 0.83529401 0.00000000
vt 0.77647102 0.83921599
vt 0.77647102 0.05098000
vt 0.83529401 0.00000000
vt 0.66666698 0.76078397
vt 0.64313698 0.98823500
vt 0.61568600 0.99215698
vt 0.66666698 0.82352901
vt 0.87450999 1.00000000
vt 0.00000000 0.00000000
vt 1.00000000 1.00000000
vt 0.87450999 1.00000000
vt 1.00000000 0.49411801
vt 0.00000000 0.00000000
vt 1.00000000 0.49411801
vt 0.66666698 0.49411801
vt 0.00000000 0.00000000
vt 0.66666698 0.49411801
vt 0.66666698 0.00000000
vt 0.00000000 0.00000000
vt 0.00000000 0.00000000
vt 1.00000000 0.49803901
vt 1.00000000 0.58431399
vt 0.77647102 0.88235301
vt 0.84705901 1.00000000
vt 1.00000000 0.49803901
vt 0.00000000 0.00000000
vt 1.00000000 0.41568601
vt 1.00000000 0.49803901
vt 0.00000000 0.00000000
vt 0.25097999 0.00000000
vt 0.00000000 0.15686300
vt 0.62352902 0.06274500
vt 0.00000000 0.00000000
vt 0.49803901 0.12548999
vt 0.74901998 0.18823500
vt 0.74901998 0.25097999
vt 0.49803901 0.12548999
vt 0.74901998 0.18823500
vt 0.00000000 0.00000000
vt 0.74901998 0.25097999
vt 0.87450999 0.49803901
vt 0.81176502 0.49803901
vt 0.74901998 0.25097999
vt 0.81176502 0.49803901
vt 0.74901998 0.37254900
vt 0.74901998 0.25097999
vt 0.81176502 0.62352902
vt 0.31372601 0.82352901
vt 0.74901998 0.49803901
vt 0.81176502 0.62352902
vt 0.31372601 0.58823502
vt 0.31372601 0.82352901
vt 0.49803901 0.17647099
vt 0.49803901 0.00000000
vt 0.66666698 1.00000000
vt 0.66666698 0.17647099
vt 0.31372601 0.58823502
vt 0.08627500 0.58823502
vt 0.03137300 0.66666698
vt 0.08627500 0.58823502
vt 0.02745100 0.49803901
vt 0.03137300 0.66666698
vt 0.50196099 1.00000000
vt 0.66666698 1.00000000
vt 0.00000000 0.00000000
vt 0.66666698 1.00000000
vt 1.00000000 0.33333299
vt 1.00000000 0.41568601
vt 0.77647102 0.23529400
vt 0.69019598 0.00000000
vt 1.00000000 0.41568601
vt 0.69019598 0.00000000
vt 0.55686301 0.23529400
vt 1.00000000 0.41568601
vt 0.02352900 0.53333300
vt 0.00000000 0.00000000
vt 0.00000000 0.00000000
vt 1.00000000 0.33333299
vt 0.02352900 0.53333300
vt 0.00000000 0.44705901
vt 0.09803900 0.76078397
vt 0.02352900 0.53333300
vt 1.00000000 0.33333299
vt 0.75294101 0.00000000
vt 0.00000000 0.00000000
vt 0.87058800 0.00000000
vt 0.00000000 0.00000000
vt 0.66666698 0.86274499
vt 0.83137298 1.00000000
vt 0.66666698 0.86274499
vt 0.66666698 0.29019600
vt 0.00000000 0.00000000
vt 0.50980401 0.00000000
vt 0.00000000 0.00000000
vt 0.66666698 0.29019600
vt 0.66274500 1.00000000
vt 0.75294101 1.00000000
vt 0.66666698 0.29019600
vt 0.23137300 0.07843100
vt 0.17254899 0.07843100
vt 0.33333299 0.17647099
vt 0.33333299 0.23529400
vt 0.05882400 0.15294100
vt 0.93725502 0.16862699
vt 0.00000000 0.00000000
vt 0.00000000 0.00000000
vt 0.45490199 0.00000000
vt 0.33333299 0.00000000
vt 0.55686301 0.27451000
vt 0.33333299 0.00000000
vt 0.30196100 0.00000000
vt 0.55686301 0.27451000
vt 0.00000000 0.00000000
vt 0.55686301 0.51764703
vt 0.55686301 0.27451000
vt 0.89803898 0.37647101
vt 0.87450999 0.50196099
vt 0.00000000 0.00000000
vt 0.87450999 0.50196099
vt 0.81176502 0.50196099
vt 0.81176502 0.37647101
vt 0.30196100 0.00000000
vt 0.33333299 0.00000000
vt 0.00000000 0.00000000
vt 0.87450999 0.50196099
vt 0.74901998 0.74901998
vt 0.81176502 0.50196099
vt 0.74901998 0.81176502
vt 0.49803901 0.87450999
vt 0.74901998 0.74901998
vt 0.87450999 0.50196099
vt 0.74901998 0.81176502
vt 0.74901998 0.74901998
vt 0.74901998 0.81176502
vt 0.62352902 0.93725502
vt 0.49803901 0.87450999
vt 0.50196099 0.76078397
vt 0.37254900 0.70196098
vt 0.00000000 0.00000000
vt 0.00000000 0.00000000
vt 0.37254900 0.93725502
vt 0.49803901 0.93725502
vt 0.62352902 0.93725502
vt 0.00000000 0.00000000
vt 0.49803901 0.93725502
vt 0.63529402 0.81960797
vt 0.50196099 0.76078397
vt 0.00000000 0.00000000
vt 0.50196099 0.76078397
vt 0.00000000 0.00000000
vt 0.37254900 0.70196098
vt 0.75294101 0.50196099
vt 0.75294101 0.43921599
vt 0.00000000 0.00000000
vt 0.75294101 0.50196099
vt 0.00000000 0.00000000
vt 0.75294101 0.43921599
vt 0.56078398 0.24313700
vt 0.62352902 0.10980400
vt 0.00000000 0.00000000
vt 0.00000000 0.00000000
vt 0.62745100 0.01568600
vt 0.62352902 0.10980400
vt 0.99215698 0.63529402
vt 0.00784300 0.63529402
vt 0.00392200 0.51372600
vt 0.99215698 0.63529402
vt 0.00000000 0.00000000
vt 0.01568600 0.63529402
vt 0.00784300 0.63529402
vt 0.99215698 0.63529402
vt 0.00000000 0.00000000
vt 0.50980401 1.00000000
vt 0.66666698 0.09411800
vt 0.00000000 0.00000000
vt 0.00000000 0.00000000
vt 0.50196099 0.00000000
vt 0.66666698 0.09411800
vt 0.66666698 0.00000000
vt 0.00000000 0.00000000
vt 0.66666698 0.09411800
vt 0.74509799 0.99215698
vt 0.33333299 0.70980400
vt 0.33333299 0.76078397
vt 0.00000000 0.00000000
vt 0.00392200 0.51372600
vt 0.00784300 0.63529402
vt 0.49803901 0.50588202
vt 0.00000000 0.00000000
vt 0.49803901 0.11372500
vt 0.49803901 0.50588202
vt 0.66666698 0.00000000
vt 0.77647102 0.05098000
vt 0.77647102 0.83921599
vt 0.58431399 0.00000000
vt 0.00000000 0.00000000
vt 0.62352902 1.00000000
vt 0.66666698 0.00000000
vt 0.49803901 1.00000000
vt 0.62352902 1.00000000
vt 0.50588202 0.00000000
vt 0.55686301 0.17254899
vt 0.00000000 0.00000000
vt 0.50196099 0.49411801
vt 0.50588202 0.00000000
vt 0.00000000 0.00000000
vt 0.00000000 0.00000000
vt 0.58431399 0.00000000
vt 0.66666698 0.49411801
vt 1.00000000 0.25882399
vt 0.85490203 0.14509800
vt 0.00000000 0.00000000
vt 1.00000000 0.41960800
vt 0.50588202 0.00000000
vt 0.00000000 0.00000000
vt 0.55686301 0.17254899
vt 0.00000000 0.00000000
vt 0.33333299 0.88235301
vt 0.55686301 0.88235301
vt 0.53725499 1.00000000
vt 0.00000000 0.00000000
vt 0.00000000 0.00000000
vt 0.00000000 0.00000000
vt 0.16862699 0.00000000
vt 0.00000000 0.00000000
vt 0.00000000 0.00000000
vt 0.84705901 1.00000000
vt 0.77647102 0.88235301
vt 0.00000000 0.00000000
vt 0.69019598 0.00000000
vt 0.77647102 0.23529400
vt 0.00000000 0.00000000
vt 0.37254900 0.06274500
vt 0.25097999 0.06274500
vt 0.25097999 0.00000000
vt 0.49803901 0.06274500
vt 0.00000000 0.00000000
vt 0.62352902 0.06274500
vt 0.00000000 0.00000000
vt 0.74901998 0.06274500
vt 0.62352902 0.06274500
vt 0.74901998 0.06274500
vt 0.74901998 0.12548999
vt 0.62352902 0.06274500
vt 0.74901998 0.12548999
vt 0.74901998 0.18823500
vt 0.62352902 0.06274500
vt 0.74901998 0.12548999
vt 0.00000000 0.00000000
vt 0.74901998 0.18823500
vt 0.00000000 0.00000000
vt 0.00000000 0.00000000
vt 0.49803901 0.06274500
vt 0.00000000 0.00000000
vt 0.49803901 0.00000000
vt 0.49803901 0.06274500
vt 0.49803901 0.00000000
vt 0.00000000 0.00000000
vt 0.49803901 0.06274500
vt 0.87450999 0.62352902
vt 0.81176502 0.62352902
vt 0.87450999 0.49803901
vt 0.81176502 0.62352902
vt 0.81176502 0.49803901
vt 0.87450999 0.49803901
vt 0.33333299 0.96862799
vt 0.33333299 1.00000000
vt 0.00000000 0.00000000
vt 0.33333299 1.00000000
vt 0.87450999 0.62352902
vt 0.87450999 0.49803901
vt 0.87450999 0.62352902
vt 0.33333299 1.00000000
vt 0.81176502 0.62352902
vt 0.33333299 1.00000000
vt 0.30196100 1.00000000
vt 0.81176502 0.62352902
vt 0.30196100 1.00000000
vt 0.33333299 1.00000000
vt 0.31372601 0.58823502
vt 0.33333299 1.00000000
vt 0.45882401 1.00000000
vt 0.31372601 0.58823502
vt 0.45882401 1.00000000
vt 0.49803901 0.99607801
vt 0.31372601 0.58823502
vt 0.02745100 0.49803901
vt 0.08627500 0.58823502
vt 0.31372601 0.58823502
vt 0.00000000 0.00000000
vt 0.33333299 1.00000000
vt 0.50196099 1.00000000
vt 0.00000000 0.00000000
vt 0.24705900 0.00000000
vt 0.00000000 0.00000000
vt 1.00000000 0.10196100
vt 1.00000000 0.08627500
vt 0.66666698 0.08627500
vt 0.66666698 0.01568600
vt 0.00000000 0.00000000
vt 0.33333299 0.23529400
vt 0.00000000 0.00000000
vt 0.55686301 0.23529400
vt 0.03137300 0.74901998
vt 0.03137300 0.66666698
vt 0.00000000 0.00000000
vt 0.77647102 0.03137300
vt 0.13333300 0.80000001
vt 0.00000000 0.00000000
vt 0.33333299 0.29019600
vt 0.33333299 0.86274499
vt 0.56078398 1.00000000
vt 0.51372600 0.88235301
vt 0.75294101 0.00000000
vt 0.32549000 0.00000000
vt 0.66666698 0.86274499
vt 0.00000000 0.00000000
vt 0.00000000 0.00000000
vt 0.32549000 0.00000000
vt 0.23137300 0.00000000
vt 0.32549000 0.00000000
vt 0.49019599 0.00000000
vt 0.66666698 0.86274499
vt 0.49019599 0.00000000
vt 0.50196099 1.00000000
vt 0.66666698 0.86274499
vt 0.56078398 1.00000000
vt 0.32549000 0.00000000
vt 0.00000000 0.00000000
vt 0.00000000 0.00000000
vt 0.14117600 0.00000000
vt 0.33333299 0.29019600
vt 0.26274499 0.00000000
vt 0.00000000 0.00000000
vt 0.33333299 0.29019600
vt 0.00000000 0.00000000
vt 0.50980401 0.00000000
vt 0.33333299 0.29019600
vt 0.00000000 0.00000000
vt 1.00000000 0.34117600
vt 0.66666698 0.34117600
vt 0.66666698 0.28627500
vt 0.00000000 0.00000000
vt 0.98431402 0.62745100
vt 0.00000000 0.62352902
vt 0.00000000 0.00000000
vt 0.50588202 0.50980401
vt 0.50588202 0.76078397
vt 0.50588202 0.50980401
vt 0.00000000 0.00000000
vt 0.50588202 0.76078397
vt 0.43921599 0.24313700
vt 0.37647101 0.10980400
vt 0.00000000 0.00000000
vt 0.33333299 0.03137300
vt 0.00000000 0.00000000
vt 0.33333299 0.27451000
vt 0.00000000 0.00000000
vt 0.49803901 0.31764701
vt 0.49803901 0.00392200
vt 0.49803901 0.31764701
vt 0.00000000 0.00000000
vt 0.49803901 0.00392200
vt 0.00000000 0.00000000
vt 0.33333299 0.00000000
vt 0.45490199 0.00000000
vt 0.33333299 0.00000000
vt 0.89803898 0.37647101
vt 0.33333299 0.00000000
vt 0.00000000 0.00000000
vt 0.87450999 0.50196099
vt 0.89803898 0.37647101
vt 0.93725502 0.50196099
vt 0.93725502 0.74901998
vt 0.92156899 0.74901998
vt 0.92156899 0.74901998
vt 0.81176502 0.87450999
vt 0.74901998 0.81176502
vt 0.74901998 0.87450999
vt 0.62352902 0.93725502
vt 0.74901998 0.81176502
vt 0.74901998 0.87450999
vt 0.74901998 0.93725502
vt 0.62352902 0.93725502
vt 0.74901998 0.93725502
vt 0.00000000 0.00000000
vt 0.62352902 0.93725502
vt 0.63529402 0.81960797
vt 0.00000000 0.00000000
vt 0.50196099 0.76078397
vt 0.82352901 0.62352902
vt 0.77647102 0.50196099
vt 0.50196099 0.76078397
vt 0.77647102 0.50196099
vt 0.75294101 0.50196099
vt 0.50196099 0.76078397
vt 0.68627501 0.75686300
vt 0.00000000 0.00000000
vt 0.75294101 0.50196099
vt 0.99607801 0.74901998
vt 0.98823500 0.50196099
vt 0.00000000 0.00000000
vt 0.00000000 0.00000000
vt 0.99607801 0.59607798
vt 0.98823500 0.65098000
vt 0.66666698 0.74117601
vt 0.66666698 0.65098000
vt 0.00000000 0.00000000
vt 0.00000000 0.00000000
vt 0.30588201 0.49019599
vt 0.33333299 0.00000000
vt 0.33333299 0.00000000
vt 0.33333299 0.09411800
vt 0.00000000 0.00000000
vt 0.55686301 0.05098000
vt 0.55686301 0.00000000
vt 0.55686301 0.05098000
vt 0.50196099 0.00000000
vt 0.00000000 0.00000000
vt 0.55686301 0.05098000
vt 0.66666698 0.00000000
vt 0.50196099 0.00000000
vt 0.33333299 0.03137300
vt 0.33333299 0.27451000
vt 0.55686301 0.27451000
vt 0.00000000 0.00000000
vt 0.67843097 0.23137300
vt 0.74509799 0.00000000
vt 0.49803901 1.00000000
vt 0.50196099 1.00000000
vt 0.58431399 0.00000000
vt 0.49803901 1.00000000
vt 0.33333299 0.17254899
vt 0.00000000 0.00000000
vt 0.50588202 0.00000000
vt 0.84313703 0.00000000
vt 1.00000000 1.00000000
vt 0.00000000 0.75294101
vt 0.00000000 0.00000000
vt 0.12156900 0.50196099
vt 0.09803900 1.00000000
vt 0.00000000 0.00000000
vt 0.08235300 0.50196099
vt 0.67843097 0.01960800
vt 0.33333299 0.88235301
vt 0.00000000 0.00000000
vt 0.33333299 0.17254899
vt 0.34117600 0.00000000
vt 0.00000000 0.00000000
vt 0.00000000 0.00000000
vt 0.38431400 1.00000000
vt 0.33333299 0.88235301
vt 0.38431400 1.00000000
vt 0.00000000 0.00000000
vt 0.53725499 1.00000000
vt 0.00000000 0.00000000
vt 0.00000000 0.00000000
vt 0.00000000 0.00000000
vt 0.24705900 0.43921599
vt 0.24705900 0.49803901
vt 0.00000000 0.00000000
vt 0.00000000 0.00000000
vt 0.24705900 0.49803901
vt 0.24705900 0.43921599
vt 0.00000000 0.00000000
vt 0.74901998 0.12548999
vt 0.74901998 0.06274500
vt 0.81176502 0.12548999
vt 0.00000000 0.00000000
vt 0.74901998 0.12548999
vt 0.00000000 0.00000000
vt 0.81176502 0.12548999
vt 0.74901998 0.12548999
vt 0.33333299 0.76078397
vt 0.25097999 0.87843102
vt 0.00000000 0.00000000
vt 0.33333299 0.76078397
vt 0.49803901 0.76078397
vt 0.25097999 0.87843102
vt 0.49803901 0.76078397
vt 0.49803901 0.96862799
vt 0.25097999 0.87843102
vt 0.49803901 0.96862799
vt 0.33333299 0.96862799
vt 0.25097999 0.87843102
vt 0.00000000 0.00000000
vt 0.02352900 0.41568601
vt 0.08627500 0.35294101
vt 0.00000000 0.00000000
vt 0.18431400 1.00000000
vt 0.33333299 1.00000000
vt 0.37254900 1.00000000
vt 0.33333299 1.00000000
vt 0.00000000 0.00000000
vt 0.00000000 0.00000000
vt 0.00000000 0.33333299
vt 0.00000000 0.66666698
vt 0.33333299 0.23529400
vt 0.33333299 0.00000000
vt 0.00000000 0.00000000
vt 0.50196099 0.16862699
vt 0.00000000 0.00000000
vt 0.49019599 0.00000000
vt 0.32549000 0.00000000
vt 0.00000000 0.00000000
vt 0.33333299 1.00000000
vt 0.50196099 1.00000000
vt 0.49803901 0.00000000
vt 0.49803901 1.00000000
vt 0.33333299 0.00000000
vt 0.74509799 1.00000000
vt 0.49803901 0.34117600
vt 0.49803901 0.50196099
vt 0.33333299 0.50196099
vt 0.33333299 0.34117600
vt 0.66666698 0.34117600
vt 1.00000000 0.34117600
vt 0.00000000 0.00000000
vt 0.66666698 0.50196099
vt 0.65490198 0.01568600
vt 0.59607798 0.00392200
vt 0.00000000 0.00000000
vt 0.12548999 0.00000000
vt 0.00000000 0.00000000
vt 0.98823500 0.43921599
vt 0.00000000 0.37254900
vt 0.98823500 0.43921599
vt 0.00000000 0.00000000
vt 0.00000000 0.00000000
vt 0.99607801 0.44313699
vt 0.99607801 0.51764703
vt 0.00000000 0.00000000
vt 0.99607801 0.51764703
vt 0.99215698 0.63529402
vt 0.00000000 0.00000000
vt 0.67843097 0.88235301
vt 0.74509799 1.00000000
vt 0.33333299 1.00000000
vt 0.74509799 1.00000000
vt 0.83921599 1.00000000
vt 0.33333299 1.00000000
vt 0.99607801 0.51764703
vt 0.00000000 0.00000000
vt 0.99215698 0.63529402
vt 0.00000000 0.00000000
vt 0.50588202 0.11764700
vt 0.50588202 0.50980401
vt 0.50588202 0.11764700
vt 0.00000000 0.00000000
vt 0.50588202 0.50980401
vt 0.16862699 0.00000000
vt 0.08235300 0.00000000
vt 0.00000000 0.00000000
vt 0.00000000 0.00000000
vt 0.66666698 0.29411799
vt 0.66666698 0.08627500
vt 1.00000000 0.08627500
vt 0.77647102 0.27451000
vt 0.00000000 0.00000000
vt 0.00000000 0.00000000
vt 1.00000000 0.91764700
vt 0.00000000 0.00000000
vt 1.00000000 0.44313699
vt 0.00000000 0.00000000
vt 0.00000000 0.00000000
vt 0.33333299 0.31764701
vt 0.00000000 0.00000000
vt 0.49803901 0.31764701
vt 0.00000000 0.00000000
vt 0.00000000 0.00000000
vt 0.12548999 0.01176500
vt 0.25097999 0.02352900
vt 0.00000000 0.00000000
vt 0.12548999 0.01176500
vt 0.81176502 0.93725502
vt 0.81176502 0.87450999
vt 0.12548999 0.01176500
vt 0.92156899 0.74901998
vt 0.93725502 0.74901998
vt 0.12548999 0.01176500
vt 0.93725502 0.74901998
vt 0.93725502 0.50196099
vt 0.00000000 0.00000000
vt 0.81176502 0.93725502
vt 0.74901998 0.93725502
vt 0.81176502 0.87450999
vt 0.74901998 0.93725502
vt 0.74901998 0.87450999
vt 0.81176502 0.87450999
vt 0.00000000 0.00000000
vt 0.25097999 0.02352900
vt 0.74901998 0.93725502
vt 0.33333299 0.31764701
vt 0.33333299 0.36862701
vt 0.00000000 0.00000000
vt 0.33333299 0.50196099
vt 0.33333299 0.55686301
vt 0.02745100 0.65098000
vt 0.01176500 0.57647097
vt 0.98823500 0.57647097
vt 0.97254902 0.65490198
vt 0.75294101 0.75686300
vt 0.97254902 0.65490198
vt 0.95294100 0.72548997
vt 0.75294101 0.75686300
vt 0.95294100 0.72548997
vt 0.68627501 0.75686300
vt 0.75294101 0.75686300
vt 0.00784300 0.28235301
vt 1.00000000 0.24705900
vt 0.00000000 0.00000000
vt 1.00000000 0.70980400
vt 0.66666698 0.70980400
vt 0.66666698 0.55686301
vt 1.00000000 0.55686301
vt 0.00392200 0.35686299
vt 0.99607801 0.28235301
vt 0.00000000 0.00000000
vt 0.24705900 0.00000000
vt 0.12548999 0.00000000
vt 0.33333299 1.00000000
vt 0.00000000 0.00000000
vt 0.33333299 0.00000000
vt 0.27451000 0.83921599
vt 0.24705900 0.00000000
vt 0.26274499 0.00000000
vt 0.00000000 0.00000000
vt 0.12548999 0.00000000
vt 0.00000000 0.00000000
vt 0.74509799 0.00000000
vt 0.67843097 0.23137300
vt 0.01176500 0.63137299
vt 0.00000000 0.00000000
vt 0.02352900 0.71372598
vt 0.97254902 0.65490198
vt 0.98823500 0.57647097
vt 0.02352900 0.71372598
vt 0.00000000 0.00000000
vt 0.01176500 0.63137299
vt 0.02352900 0.71372598
vt 0.24705900 1.00000000
vt 0.33333299 0.49411801
vt 0.37647101 1.00000000
vt 0.33333299 0.31764701
vt 0.33333299 0.51764703
vt 0.00000000 0.00000000
vt 0.00000000 0.00000000
vt 0.12548999 1.00000000
vt 0.00000000 0.00000000
vt 0.33333299 0.49411801
vt 0.00000000 0.00000000
vt 0.98823500 0.49803901
vt 0.86274499 0.74117601
vt 1.00000000 0.62352902
vt 0.62352902 0.15294100
vt 0.00000000 0.00000000
vt 0.74901998 1.00000000
vt 0.72941202 0.41960800
vt 0.72941202 0.80784303
vt 0.00000000 0.00000000
vt 0.00000000 0.00000000
vt 0.00000000 0.00000000
vt 0.31372601 0.75686300
vt 0.24705900 0.49803901
vt 0.24705900 0.75686300
vt 0.00000000 0.00000000
vt 0.24705900 0.49803901
vt 0.33333299 0.76078397
vt 0.49803901 0.76078397
vt 0.49803901 0.82352901
vt 0.33333299 0.82352901
vt 0.24705900 0.75686300
vt 0.74509799 0.99215698
vt 0.59215701 0.98823500
vt 0.10980400 1.00000000
vt 0.86274499 1.00000000
vt 0.00000000 0.00000000
vt 0.13333300 0.00000000
vt 0.66666698 0.99607801
vt 0.00000000 0.00000000
vt 0.58431399 0.99607801
vt 0.25490201 0.57254899
vt 0.37254900 1.00000000
vt 0.00000000 0.00000000
vt 0.30588201 0.49019599
vt 0.33333299 0.00000000
vt 0.33333299 0.22745100
vt 0.01568600 0.22745100
vt 0.16470601 1.00000000
vt 0.00000000 1.00000000
vt 0.00000000 0.00000000
vt 0.00000000 0.00000000
vt 0.25097999 0.37647101
vt 0.64705902 1.00000000
vt 0.72941202 0.80784303
vt 0.25097999 0.50196099
vt 0.01568600 0.39607799
vt 0.00000000 0.00000000
vt 0.25097999 1.00000000
vt 0.35686299 1.00000000
vt 0.49803901 0.23529400
vt 0.33333299 0.23529400
vt 0.33333299 0.17647099
vt 0.49803901 0.17647099
vt 1.00000000 0.59607798
vt 1.00000000 0.79215699
vt 0.00000000 0.00000000
vt 0.00000000 0.49803901
vt 0.22352900 1.00000000
vt 0.24705900 1.00000000
vt 0.33333299 0.16862699
vt 0.24705900 1.00000000
vt 0.33333299 0.00000000
vt 0.33333299 0.16862699
vt 0.99607801 0.75294101
vt 0.86274499 0.74117601
vt 0.00000000 0.00000000
vt 0.01568600 0.27451000
vt 0.01568600 0.39607799
vt 0.37254900 0.99607801
vt 0.25097999 0.99607801
vt 0.49803901 0.34509799
vt 0.49803901 0.45490199
vt 0.33333299 0.45490199
vt 0.33333299 0.34509799
vt 0.74509799 1.00000000
vt 0.67843097 0.88235301
vt 0.00000000 0.00000000
vt 0.86274499 0.73333299
vt 0.98431402 0.74509799
vt 0.00000000 0.00000000
vt 0.99607801 0.24705900
vt 0.86274499 0.20392200
vt 0.00000000 0.00000000
vt 0.99607801 0.59607798
vt 0.99607801 0.43529400
vt 0.98431402 0.37254900
vt 0.98823500 0.65098000
vt 0.00000000 0.00000000
vt 1.00000000 0.05098000
vt 0.00000000 0.00000000
vt 0.10980400 1.00000000
vt 0.13333300 0.00000000
vt 0.00000000 0.00000000
vt 0.22352900 1.00000000
vt 0.66666698 0.94509798
vt 0.49803901 0.94509798
vt 0.49803901 0.82352901
vt 0.66666698 0.82352901
vt 0.00000000 0.00000000
vt 0.05882400 0.11372500
vt 0.12156900 0.22352900
vt 0.12156900 0.22352900
vt 0.18823500 0.32549000
vt 0.00000000 0.00000000
vt 0.01176500 0.51764703
vt 0.33333299 0.37647101
vt 0.00000000 0.00000000
vt 0.00000000 0.00000000
vt 0.00000000 0.00000000
vt 0.99607801 0.51764703
vt 0.99607801 0.44313699
vt 0.24705900 1.00000000
vt 0.22352900 1.00000000
vt 0.00000000 0.00000000
vt 0.00000000 0.00000000
vt 0.00000000 0.00000000
vt 0.92941201 0.46274501
vt 0.00000000 0.00000000
vt 1.00000000 0.00000000
vt 0.00000000 0.00000000
vt 0.87450999 0.94117701
vt 0.87450999 0.00000000
vt 0.66666698 1.00000000
vt 0.66666698 0.22745100
vt 0.49803901 0.22745100
vt 0.49803901 1.00000000
vt 0.66666698 0.31764701
vt 0.66666698 0.00392200
vt 0.00000000 0.00000000
vt 0.00000000 0.00000000
vt 0.12548999 1.00000000
vt 0.00000000 0.00000000
vt 0.00000000 0.00000000
vt 0.85882401 0.00784300
vt 1.00000000 0.16470601
vt 0.66666698 0.31764701
vt 1.00000000 0.16470601
vt 0.00000000 0.00000000
vt 0.66666698 0.31764701
vt 0.66666698 0.71372598
vt 0.85490203 0.10980400
vt 0.00000000 0.00000000
vt 0.66666698 0.76078397
vt 0.00000000 0.00000000
vt 1.00000000 0.24705900
vt 0.00784300 0.28235301
vt 0.01176500 0.63137299
vt 0.00392200 0.27843100
vt 0.00392200 0.35686299
vt 0.00000000 0.00000000
vt 0.98823500 0.50196099
vt 0.86274499 0.73333299
vt 0.25097999 0.62352902
vt 0.25097999 0.50196099
vt 0.62352902 1.00000000
vt 0.50196099 1.00000000
vt 0.12548999 0.58039200
vt 0.00000000 0.00000000
vt 0.25097999 0.50196099
vt 0.25097999 0.62352902
vt 0.87058800 1.00000000
vt 1.00000000 1.00000000
vt 0.00000000 0.00000000
vt 0.00000000 0.00000000
vt 0.00000000 0.00000000
vt 0.00000000 0.00000000
vt 0.00784300 0.24705900
vt 0.00000000 0.00000000
vt 0.00000000 0.48627499
vt 0.01176500 0.63137299
vt 0.00000000 0.48627499
vt 0.00000000 0.00000000
vt 0.01176500 0.63137299
vt 0.25097999 0.06666700
vt 0.14509800 0.14509800
vt 1.00000000 0.70980400
vt 1.00000000 0.55686301
vt 0.25097999 0.00000000
vt 0.12548999 0.00000000
vt 0.00000000 0.00000000
vt 0.25097999 0.99607801
vt 0.66666698 0.71372598
vt 0.66666698 0.50588202
vt 0.76862800 0.05490200
vt 0.85490203 0.10980400
vt 0.00000000 0.00000000
vt 0.98039198 0.10196100
vt 0.94509798 0.20000000
vt 0.00000000 0.00000000
vt 0.12548999 1.00000000
vt 0.00000000 0.25097999
vt 0.24705900 0.75686300
vt 0.31372601 0.75686300
vt 0.00000000 0.00000000
vt 0.74509799 0.99215698
vt 0.33333299 0.55686301
vt 0.33333299 0.70980400
vt 0.32941201 0.94117701
vt 0.37254900 0.90980399
vt 0.00000000 0.00000000
vt 0.98431402 0.25490201
vt 1.00000000 0.70980400
vt 0.00000000 0.00000000
vt 0.66666698 0.76078397
vt 0.66666698 0.31764701
vt 0.49803901 0.31764701
vt 0.00000000 0.00000000
vt 0.66666698 0.00392200
vt 0.72548997 0.99215698
vt 0.66666698 0.96862799
vt 0.66666698 0.76078397
vt 0.00000000 0.00000000
vt 0.66666698 0.99607801
vt 0.66666698 0.96862799
vt 0.74901998 0.74901998
vt 0.74901998 0.49803901
vt 0.00000000 0.00000000
vt 0.00000000 0.00000000
vt 0.99607801 0.75294101
vt 0.00000000 0.00000000
vt 0.98823500 0.50196099
vt 0.00000000 0.00000000
vt 0.98431402 0.25490201
vt 0.98823500 0.50196099
vt 0.00000000 0.00000000
vt 0.86274499 0.20000000
vt 0.98431402 0.25490201
vt 1.00000000 0.24705900
vt 0.12548999 1.00000000
vt 0.12548999 0.00000000
vt 0.00000000 0.00000000
vt 0.00000000 0.00000000
vt 0.86274499 0.00000000
vt 0.86274499 0.20000000
vt 0.00000000 0.00000000
vt 1.00000000 0.05098000
vt 0.00000000 0.00000000
vt 0.00000000 0.00000000
vt 1.00000000 1.00000000
vt 0.99607801 0.75294101
vt 0.00000000 0.00000000
vt 0.00000000 1.00000000
vt 0.00000000 0.00000000
vt 0.00000000 0.00000000
vt 0.00000000 0.00000000
vt 0.33333299 0.71372598
vt 0.33333299 0.50588202
vt 0.49803901 0.50588202
vt 0.49803901 0.71372598
vt 0.98823500 0.50196099
vt 0.86274499 0.20392200
vt 0.00000000 0.00000000
vt 0.00000000 0.00000000
vt 0.00000000 0.00000000
vt 0.00000000 0.00000000
vt 0.88235301 0.35294101
vt 1.00000000 0.35294101
vt 0.13333300 0.01960800
vt 0.00000000 0.00000000
vt 0.12156900 0.22352900
vt 0.00000000 0.00000000
vt 0.18823500 0.32549000
vt 0.12156900 0.22352900
vt 1.00000000 0.05098000
vt 1.00000000 0.10196100
vt 0.00000000 0.00000000
vt 0.00000000 0.00000000
vt 0.00000000 0.66666698
vt 0.00000000 0.50196099
vt 1.00000000 0.47058800
vt 1.00000000 0.35294101
vt 0.25490201 0.27451000
vt 0.25490201 0.54901999
vt 0.00000000 0.00000000
vt 0.25490201 0.54901999
vt 0.01176500 0.57647097
vt 0.02745100 0.65098000
vt 0.03921600 0.69019598
vt 0.06666700 0.74901998
vt 0.00000000 0.00000000
vt 0.33333299 0.34117600
vt 0.33333299 0.50196099
vt 0.01176500 0.57647097
vt 0.25490201 0.54901999
vt 0.01568600 0.37254900
vt 0.00392200 0.43529400
vt 0.00000000 0.00000000
vt 0.00392200 0.43529400
vt 0.00000000 0.50196099
vt 0.00000000 0.00000000
vt 0.00392200 0.43529400
vt 0.01568600 0.37254900
vt 0.00000000 0.00000000
vt 0.00392200 0.43529400
vt 0.00000000 0.00000000
vt 0.00000000 0.16470601
vt 0.00392200 0.43529400
vt 0.00000000 0.00000000
vt 0.25097999 0.06666700
vt 0.00392200 0.43529400
vt 0.25097999 0.06666700
vt 0.37254900 0.01568600
vt 0.00392200 0.43529400
vt 0.37254900 0.01568600
vt 0.50196099 0.00000000
vt 0.00392200 0.43529400
vt 0.00000000 0.00000000
vt 0.85490203 0.14509800
vt 0.00392200 0.43529400
vt 0.00000000 0.00000000
vt 0.98431402 0.37254900
vt 0.00392200 0.43529400
vt 0.99607801 0.43529400
vt 0.00000000 0.00000000
vt 0.00392200 0.43529400
vt 0.00000000 0.00000000
vt 0.93333298 0.74901998
vt 0.00392200 0.43529400
vt 0.93333298 0.74901998
vt 0.85490203 0.85490203
vt 0.00392200 0.43529400
vt 0.00000000 0.00000000
vt 0.06666700 0.74901998
vt 0.00392200 0.43529400
vt 0.06666700 0.74901998
vt 0.03921600 0.69019598
vt 0.00392200 0.43529400
vt 0.03921600 0.69019598
vt 0.01568600 0.62745100
vt 0.00392200 0.43529400
vt 0.00000000 0.00000000
vt 0.00000000 0.00000000
vt 0.66666698 0.70980400
vt 0.00000000 0.00000000
vt 0.33333299 1.00000000
vt 0.33333299 0.70980400
vt 0.00000000 0.00000000
vt 1.00000000 0.47843099
vt 1.00000000 0.36862701
vt 0.66666698 1.00000000
vt 0.00000000 0.00000000
vt 0.75294101 0.00000000
vt 0.74117601 1.00000000
vt 0.04313700 0.65098000
vt 0.00000000 0.00000000
vt 0.33333299 0.65098000
vt 0.04313700 0.65098000
vt 0.33333299 0.70980400
vt 0.00000000 0.00000000
vt 0.99607801 0.28235301
vt 0.00392200 0.27843100
vt 0.00000000 0.00000000
vt 0.66666698 0.17647099
vt 0.66666698 1.00000000
vt 0.83137298 0.00000000
vt 0.00000000 0.00000000
vt 0.88235301 0.35294101
vt 0.00000000 0.00000000
vt 0.00000000 0.00000000
vt 0.00000000 0.00000000
vt 0.25097999 0.87843102
vt 0.33333299 0.96862799
vt 0.00000000 0.00000000
vt 0.00000000 0.00000000
vt 1.00000000 0.04313700
vt 1.00000000 0.08235300
vt 0.00000000 0.00000000
vt 0.00000000 0.00000000
vt 0.18431400 0.00000000
vt 0.34117600 0.00000000
vt 0.33333299 0.49411801
vt 0.00000000 1.00000000
vt 0.00000000 0.00000000
vt 0.98431402 0.74509799
vt 0.00000000 0.00000000
vt 0.66666698 0.96470600
vt 0.00000000 0.00000000
vt 0.00000000 0.00000000
vt 0.83921599 0.99215698
vt 0.58431399 0.99607801
vt 0.08627500 0.35294101
vt 0.02745100 0.49803901
vt 0.49803901 0.99607801
vt 0.98823500 0.06666700
vt 0.00000000 0.00000000
vt 0.00000000 0.00000000
vt 1.00000000 0.92549002
vt 0.97647101 0.71372598
vt 0.96078402 0.80000001
vt 0.00000000 0.00000000
vt 0.18823500 0.32549000
vt 0.33333299 1.00000000
vt 0.00000000 0.00000000
vt 0.00000000 0.00000000
vt 0.33333299 0.94902003
vt 0.14509800 0.85490203
vt 0.25097999 0.93333298
vt 0.00000000 0.00000000
vt 0.25097999 0.23529400
vt 0.12548999 1.00000000
vt 0.00000000 0.00000000
vt 0.12548999 0.00000000
vt 0.12548999 1.00000000
vt 0.00000000 0.00000000
vt 0.25097999 0.00000000
vt 0.00000000 0.00000000
vt 0.00000000 0.00000000
vt 0.00000000 0.00000000
vt 0.00000000 0.00000000
vt 0.33333299 0.76078397
vt 0.33333299 0.82352901
vt 0.01176500 0.82352901
vt 0.00000000 0.00000000
vt 0.12548999 1.00000000
vt 0.24705900 1.00000000
vt 0.00000000 0.00000000
vt 0.00000000 0.00000000
vt 0.75294101 1.00000000
vt 0.00000000 0.00000000
vt 1.00000000 0.29019600
vt 0.66666698 0.29019600
vt 0.00000000 1.00000000
vt 1.00000000 0.74901998
vt 0.00000000 0.00000000
vt 0.00000000 0.00000000
vt 0.14509800 0.85490203
vt 1.00000000 0.16470601
vt 0.00000000 0.00000000
vt 0.06666700 0.74901998
vt 0.00000000 0.16470601
vt 0.00000000 0.12548999
vt 0.00000000 0.00000000
vt 0.91764700 0.73725498
vt 0.00000000 0.00000000
vt 0.00000000 0.00000000
vt 0.00000000 0.00000000
vt 0.91764700 0.73725498
vt 0.96862799 0.86274499
vt 0.87450999 0.12548999
vt 0.85490203 0.10980400
vt 0.00000000 0.00000000
vt 0.85490203 0.85490203
vt 0.85490203 0.14509800
vt 0.37254900 0.90980399
vt 0.32941201 0.94117701
vt 0.74901998 0.06666700
vt 0.86274499 0.73333299
vt 0.98823500 0.50196099
vt 0.00000000 0.00000000
vt 0.00000000 0.00000000
vt 1.00000000 0.74901998
vt 0.00000000 0.00000000
vt 1.00000000 0.83529401
vt 0.74901998 0.89019603
vt 0.87450999 0.94117701
vt 1.00000000 0.83529401
vt 0.33333299 0.28627500
vt 0.02745100 0.28627500
vt 0.00000000 0.00000000
vt 0.33333299 0.22745100
vt 0.25097999 0.50196099
vt 0.00000000 0.50196099
vt 0.00000000 0.00000000
vt 0.25490201 0.25097999
vt 0.00000000 0.00000000
vt 0.01568600 0.22745100
vt 0.00000000 0.00000000
vt 0.25490201 0.54901999
vt 0.25490201 0.27451000
vt 0.00000000 0.00000000
vt 0.99607801 0.53725499
vt 1.00000000 0.48627499
vt 0.00000000 0.00000000
vt 0.13333300 0.01960800
vt 0.05882400 0.11372500
vt 0.00000000 0.00000000
vt 0.00000000 0.00000000
vt 0.00784300 0.16862699
vt 0.33333299 0.16862699
vt 0.33333299 0.66274500
vt 0.66666698 0.34509799
vt 1.00000000 0.34509799
vt 0.74509799 0.04705900
vt 0.66666698 0.45490199
vt 0.33333299 0.17647099
vt 0.00000000 0.00000000
vt 0.16470601 0.00000000
vt 0.33333299 1.00000000
vt 0.00000000 0.00000000
vt 0.66666698 0.65098000
vt 1.00000000 0.47843099
vt 0.00000000 0.00000000
vt 1.00000000 0.36862701
vt 0.66666698 0.36862701
vt 0.66666698 0.31764701
vt 0.83921599 1.00000000
vt 0.74509799 1.00000000
vt 0.33333299 0.00000000
vt 0.24705900 1.00000000
vt 0.00000000 0.00000000
vt 0.00000000 0.00000000
vt 0.33333299 0.70980400
vt 0.00000000 0.00000000
vt 1.00000000 0.57254899
vt 0.66666698 0.57254899
vt 0.66666698 0.52548999
vt 0.00000000 0.00000000
vt 1.00000000 0.08235300
vt 1.00000000 0.04313700
vt 0.49411801 0.00392200
vt 0.74901998 0.06666700
vt 0.69019598 0.03921600
vt 0.00000000 0.00000000
vt 0.85490203 0.14509800
vt 0.74901998 0.06666700
vt 1.00000000 0.70980400
vt 0.66666698 0.70980400
vt 0.66666698 0.65098000
vt 0.00000000 0.00000000
vt 0.00000000 0.66666698
vt 0.00000000 0.33333299
vt 0.00000000 0.00000000
vt 0.14509800 0.85490203
vt 0.00000000 0.00000000
vt 0.25097999 0.93333298
vt 0.00784300 0.82745099
vt 0.00000000 0.00000000
vt 0.00000000 0.00000000
vt 0.33333299 0.00000000
vt 0.00000000 0.00000000
vt 0.66666698 0.09411800
vt 0.33333299 0.09411800
vt 0.00000000 1.00000000
vt 0.98431402 0.25490201
vt 0.00000000 0.00000000
vt 0.18431400 1.00000000
vt 0.00000000 0.66666698
vt 0.00000000 0.00000000
vt 0.00000000 0.00000000
vt 0.37647101 1.00000000
vt 0.25097999 0.23529400
vt 0.00000000 0.00000000
vt 0.25097999 0.76470602
vt 0.00000000 0.00000000
vt 0.12548999 0.00000000
vt 0.00000000 0.00000000
vt 0.74901998 0.00000000
vt 0.00000000 0.00000000
vt 0.00000000 0.00000000
vt 1.00000000 0.22745100
vt 0.83137298 0.00000000
vt 0.50196099 0.00000000
vt 0.37254900 0.01568600
vt 0.00000000 0.00000000
vt 0.00000000 0.66666698
vt 0.00000000 1.00000000
vt 0.00000000 0.00000000
vt 0.96862799 0.17254899
vt 0.50588202 0.00392200
vt 0.96862799 0.17254899
vt 0.00000000 0.17254899
vt 0.50588202 0.00392200
vt 0.00000000 0.17254899
vt 0.00000000 0.00784300
vt 0.50588202 0.00392200
vt 0.55686301 0.27451000
vt 0.55686301 0.51764703
vt 0.77647102 0.27451000
vt 0.00000000 0.00000000
vt 0.09803900 0.76078397
vt 0.00000000 0.00000000
vt 0.00000000 0.00000000
vt 0.02352900 0.53333300
vt 1.00000000 1.00000000
vt 0.00000000 0.00000000
vt 0.87450999 0.05882400
vt 1.00000000 0.00000000
vt 0.00000000 0.17254899
vt 0.00000000 0.00000000
vt 0.00000000 0.00784300
vt 0.00000000 0.00000000
vt 0.08235300 0.49803901
vt 0.00000000 0.00000000
vt 1.00000000 0.61176503
vt 1.00000000 0.65098000
vt 0.00000000 0.00000000
vt 1.00000000 0.65098000
vt 0.99215698 0.69803900
vt 0.00000000 0.00000000
vt 0.98039198 0.25882399
vt 0.10588200 0.27451000
vt 0.00000000 0.00000000
vt 0.98823500 0.50196099
vt 0.00000000 0.49803901
vt 0.96862799 0.38431400
vt 0.05882400 0.19215700
vt 0.96862799 0.38431400
vt 0.96862799 0.18039200
vt 0.00000000 0.00000000
vt 0.96862799 0.18039200
vt 0.96862799 0.15294100
vt 0.00000000 0.00000000
vt 0.49803901 1.00000000
vt 0.66666698 1.00000000
vt 0.00000000 0.00000000
vt 0.50196099 0.16862699
vt 0.00000000 0.94509798
vt 0.16470601 1.00000000
vt 0.00000000 0.00000000
vt 0.16470601 1.00000000
vt 0.01568600 0.22745100
vt 0.00000000 0.00000000
vt 0.33333299 0.22745100
vt 0.00000000 0.00000000
vt 0.01568600 0.22745100
vt 1.00000000 1.00000000
vt 1.00000000 1.00000000
vt 0.00000000 0.00000000
vt 0.87450999 1.00000000
vt 0.92549002 0.73725498
vt 0.87058800 0.82352901
vt 0.00000000 0.66666698
vt 0.66666698 0.55686301
vt 0.66666698 0.70980400
vt 0.49803901 0.70980400
vt 0.49803901 0.55686301
vt 0.50196099 0.66274500
vt 0.66666698 0.66274500
vt 0.66666698 1.00000000
vt 0.50196099 1.00000000
vt 0.66666698 0.76078397
vt 0.66666698 0.96862799
vt 0.49803901 0.96862799
vt 0.49803901 0.76078397
vt 0.00000000 0.00000000
vt 0.66666698 0.52548999
vt 0.66666698 0.37647101
vt 1.00000000 0.37647101
vt 0.16470601 0.00000000
vt 0.12156900 0.24705900
vt 0.00000000 0.00000000
vt 0.12156900 0.24705900
vt 0.08235300 0.50196099
vt 0.00000000 0.00000000
vt 0.00000000 0.00000000
vt 0.49411801 0.00392200
vt 1.00000000 0.00784300
vt 0.00000000 0.00000000
vt 0.00000000 0.00000000
vt 0.49411801 0.00392200
vt 1.00000000 0.00000000
vt 0.87450999 0.05882400
vt 0.49411801 0.00392200
vt 0.00000000 0.00000000
vt 0.03137300 0.17647099
vt 0.49411801 0.00392200
vt 0.87058800 0.82352901
vt 0.79607898 0.89019603
vt 1.00000000 0.74901998
vt 0.00000000 0.00000000
vt 0.50196099 1.00000000
vt 0.50196099 0.49411801
vt 0.66666698 0.49411801
vt 0.58431399 0.00000000
vt 0.33333299 0.94902003
vt 0.00000000 0.00000000
vt 0.00784300 0.82745099
vt 0.24705900 0.00000000
vt 0.00000000 0.00000000
vt 0.31764701 1.00000000
vt 0.26274499 0.00000000
vt 0.00000000 0.00000000
vt 1.00000000 1.00000000
vt 0.00000000 0.00000000
vt 0.02745100 0.91764700
vt 0.66666698 0.50588202
vt 0.66666698 0.45490199
vt 0.74509799 0.04705900
vt 0.76862800 0.05490200
vt 0.01568600 0.39607799
vt 0.35686299 1.00000000
vt 0.49803901 1.00000000
vt 0.01176500 0.51764703
vt 1.00000000 0.35294101
vt 1.00000000 0.47058800
vt 0.00000000 0.00000000
vt 0.90588200 0.81568599
vt 0.95294100 0.74117601
vt 0.00000000 0.00000000
vt 0.00000000 0.00000000
vt 0.92941201 0.46274501
vt 0.96862799 0.17254899
vt 1.00000000 0.62352902
vt 0.00000000 0.00000000
vt 0.49803901 0.18823500
vt 0.62352902 0.15294100
vt 0.00000000 0.00000000
vt 0.87450999 0.00000000
vt 1.00000000 0.87450999
vt 1.00000000 1.00000000
vt 0.00000000 0.00000000
vt 1.00000000 0.49803901
vt 1.00000000 0.62352902
vt 0.00000000 0.62352902
vt 0.00000000 0.00000000
vt 0.87450999 0.00000000
vt 0.00000000 0.00000000
vt 1.00000000 0.75294101
vt 0.00000000 0.00000000
vt 0.99607801 0.21960799
vt 0.77647102 0.37647101
vt 0.99607801 0.21960799
vt 0.00000000 0.00000000
vt 0.77647102 0.37647101
vt 0.00000000 0.00000000
vt 0.12156900 0.49803901
vt 0.00000000 0.00000000
vt 0.12156900 0.49803901
vt 0.00000000 0.00000000
vt 0.08235300 0.49803901
vt 0.00000000 0.00000000
vt 1.00000000 0.65098000
vt 1.00000000 0.61176503
vt 0.00000000 0.00000000
vt 0.67843097 0.01960800
vt 0.00000000 0.00000000
vt 0.98823500 0.49803901
vt 0.00000000 0.00000000
vt 0.96862799 0.18039200
vt 0.96862799 0.38431400
vt 0.00000000 0.49803901
vt 0.49803901 0.34509799
vt 0.49803901 0.23529400
vt 0.66666698 0.23529400
vt 0.66666698 0.34509799
vt 0.93725502 0.95294100
vt 0.00000000 0.00000000
vt 0.94902003 0.92549002
vt 0.00000000 0.70980400
vt 0.16470601 1.00000000
vt 0.00000000 0.00000000
vt 0.00000000 0.00000000
vt 0.50196099 1.00000000
vt 0.49803901 0.00000000
vt 0.32941201 0.00000000
vt 0.00000000 0.00000000
vt 0.01176500 0.82352901
vt 0.00000000 0.94509798
vt 0.33333299 0.94509798
vt 0.00000000 0.00000000
vt 0.16470601 1.00000000
vt 0.10980400 1.00000000
vt 0.22352900 1.00000000
vt 0.33333299 0.16862699
vt 0.00784300 0.16862699
vt 0.49803901 0.70980400
vt 0.49803901 0.76078397
vt 0.33333299 0.76078397
vt 0.33333299 0.70980400
vt 0.49803901 0.94509798
vt 0.49803901 1.00000000
vt 0.00000000 0.00000000
vt 0.33333299 0.94509798
vt 0.02745100 0.65098000
vt 0.04705900 0.72548997
vt 0.96078402 0.80000001
vt 0.97647101 0.71372598
vt 0.00000000 0.00000000
vt 0.66666698 0.94902003
vt 0.66666698 0.82745099
vt 0.00000000 0.00000000
vt 0.66666698 1.00000000
vt 0.66666698 0.94902003
vt 0.00000000 0.00000000
vt 0.33333299 1.00000000
vt 0.49803901 0.94902003
vt 0.66666698 1.00000000
vt 0.00000000 0.00000000
vt 0.49803901 0.94902003
vt 0.33333299 1.00000000
vt 0.33333299 0.70980400
vt 0.00000000 0.00000000
vt 0.66666698 0.70980400
vt 0.00000000 0.00000000
vt 0.00000000 0.00000000
vt 0.83529401 0.00000000
vt 1.00000000 0.00000000
vt 0.00000000 0.00000000
vt 0.66666698 0.31764701
vt 0.54117602 0.07843100
vt 0.83137298 0.16862699
vt 0.00000000 0.00000000
vt 0.00000000 0.00000000
vt 1.00000000 0.61568600
vt 1.00000000 0.51764703
vt 0.33333299 0.66274500
vt 0.50196099 0.66274500
vt 0.50196099 1.00000000
vt 0.33333299 1.00000000
vt 0.66666698 0.31764701
vt 0.00000000 0.00000000
vt 0.00000000 0.00000000
vt 1.00000000 0.98823500
vt 1.00000000 0.96470600
vt 0.85490203 0.85490203
vt 0.93333298 0.74901998
vt 0.66666698 1.00000000
vt 0.00000000 0.00000000
vt 0.00000000 0.00000000
vt 0.00000000 0.00000000
vt 0.00000000 0.00000000
vt 0.24705900 0.00000000
vt 0.16470601 0.00000000
vt 0.24705900 0.00000000
vt 0.12156900 0.50196099
vt 0.12156900 0.24705900
vt 0.37254900 0.01568600
vt 0.25097999 0.06666700
vt 0.00000000 0.00000000
vt 0.00000000 0.00000000
vt 0.09803900 1.00000000
vt 0.00000000 0.00000000
vt 0.00392200 1.00000000
vt 0.22745100 0.33725500
vt 0.00000000 0.00000000
vt 0.21960799 0.41176501
vt 0.03137300 0.17647099
vt 0.00000000 0.00000000
vt 0.00000000 0.00000000
vt 0.07058800 0.78039199
vt 0.12156900 0.84705901
vt 0.00000000 0.00000000
vt 0.00000000 0.00000000
vt 0.98431402 0.74509799
vt 0.86274499 0.73333299
vt 0.86274499 1.00000000
vt 0.07451000 0.46274501
vt 0.00000000 0.00000000
vt 0.03137300 0.17647099
vt 0.03137300 0.70196098
vt 0.07058800 0.78039199
vt 0.03137300 0.17647099
vt 0.66274500 1.00000000
vt 0.00000000 0.62352902
vt 0.00000000 0.00000000
vt 0.75294101 1.00000000
vt 1.00000000 0.58431399
vt 1.00000000 0.66666698
vt 0.00000000 0.00000000
vt 0.00000000 0.00000000
vt 0.33333299 0.70980400
vt 0.33333299 1.00000000
vt 0.33725500 0.00000000
vt 0.33333299 0.31764701
vt 0.00000000 0.31764701
vt 0.00000000 0.00000000
vt 0.00000000 0.08235300
vt 0.00000000 0.00000000
vt 0.00000000 0.00000000
vt 0.88235301 1.00000000
vt 0.88235301 0.35294101
vt 0.00000000 0.00000000
vt 0.12548999 1.00000000
vt 0.64705902 1.00000000
vt 0.52941197 1.00000000
vt 0.49803901 0.00000000
vt 0.33725500 0.00000000
vt 0.86274499 0.74117601
vt 0.98823500 0.50196099
vt 0.00000000 0.66666698
vt 0.00000000 0.33333299
vt 0.10588200 0.27451000
vt 0.00000000 0.00000000
vt 0.00000000 0.00000000
vt 0.00000000 0.00000000
vt 0.00000000 0.50196099
vt 0.00000000 0.33333299
vt 0.00000000 0.00000000
vt 0.00000000 0.33333299
vt 0.95294100 0.74117601
vt 0.90588200 0.81568599
vt 0.00000000 0.00000000
vt 1.00000000 0.90980399
vt 1.00000000 0.82352901
vt 1.00000000 0.90980399
vt 0.92941201 0.46274501
vt 0.00000000 0.00000000
vt 0.24705900 0.01960800
vt 0.10196100 0.75294101
vt 0.00000000 0.00000000
vt 0.54117602 0.07843100
vt 0.00000000 0.00000000
vt 0.00000000 0.00000000
vt 0.00000000 0.00000000
vt 0.00000000 0.00000000
vt 0.66666698 0.70980400
vt 0.66666698 1.00000000
vt 0.00000000 0.00000000
vt 0.33333299 0.70980400
vt 0.55294102 1.00000000
vt 0.10196100 0.75294101
vt 0.00000000 0.00000000
vt 1.00000000 1.00000000
vt 0.00000000 0.00000000
vt 0.74117601 0.18823500
vt 0.99607801 0.21960799
vt 0.74117601 0.18823500
vt 0.00000000 0.00000000
vt 0.00000000 0.00000000
vt 0.76470602 1.00000000
vt 0.33725500 0.00000000
vt 0.00000000 0.00000000
vt 0.00000000 0.00000000
vt 0.65490198 0.98431402
vt 0.70196098 0.96862799
vt 0.00000000 0.00000000
vt 0.59607798 0.99607801
vt 0.72941202 0.80784303
vt 0.76470602 1.00000000
vt 0.88235301 1.00000000
vt 0.31372601 0.58823502
vt 0.03137300 0.66666698
vt 0.08627500 0.82352901
vt 0.31372601 0.82352901
vt 0.33725500 0.00000000
vt 0.49803901 0.00000000
vt 0.33333299 0.31764701
vt 0.00000000 0.00000000
vt 0.93725502 0.95294100
vt 0.33333299 0.61568600
vt 0.66666698 0.70980400
vt 1.00000000 0.79215699
vt 1.00000000 0.59607798
vt 0.66666698 0.22745100
vt 0.66666698 0.28627500
vt 0.49803901 0.28627500
vt 0.49803901 0.22745100
vt 0.49803901 0.76078397
vt 0.49803901 0.71372598
vt 0.66666698 0.71372598
vt 0.66666698 0.76078397
vt 0.66666698 0.61568600
vt 0.66666698 0.51764703
vt 0.00000000 0.00000000
vt 0.74901998 0.07843100
vt 0.76470602 0.07843100
vt 0.00000000 0.00000000
vt 0.66666698 0.70980400
vt 0.66666698 0.61568600
vt 0.00000000 0.00000000
vt 0.66666698 1.00000000
vt 0.83137298 0.00000000
vt 0.66666698 0.22745100
vt 1.00000000 0.34509799
vt 1.00000000 0.23529400
vt 0.00000000 0.00000000
vt 0.75294101 1.00000000
vt 0.87450999 1.00000000
vt 0.00000000 0.00000000
vt 0.00000000 0.00000000
vt 0.00000000 0.00000000
vt 0.66666698 0.82745099
vt 0.66666698 0.70980400
vt 1.00000000 0.70980400
vt 0.00000000 0.00000000
vt 0.33333299 0.61568600
vt 0.33333299 0.70980400
vt 0.24705900 0.01960800
vt 0.54117602 0.07843100
vt 0.00000000 0.00000000
vt 0.00000000 0.00000000
vt 0.24705900 0.01960800
vt 0.00784300 0.05882400
vt 0.66666698 0.52548999
vt 0.66666698 0.57254899
vt 0.33333299 0.57254899
vt 0.33333299 0.52548999
vt 0.10196100 0.75294101
vt 0.00000000 0.00000000
vt 0.07451000 0.46274501
vt 0.98431402 0.25490201
vt 0.00000000 1.00000000
vt 0.00000000 0.66666698
vt 0.98823500 0.50196099
vt 0.00000000 0.00000000
vt 0.66666698 0.00000000
vt 0.66666698 0.31764701
vt 0.76470602 0.00000000
vt 0.88235301 0.00000000
vt 0.83529401 0.00000000
vt 0.00000000 0.00000000
vt 0.07843100 0.03137300
vt 0.00392200 0.21960799
vt 0.07843100 0.03137300
vt 0.00000000 0.00000000
vt 0.00392200 0.21960799
vt 0.29803899 0.12548999
vt 0.27451000 0.18431400
vt 0.00392200 0.21960799
vt 0.00000000 0.00000000
vt 0.22745100 0.33725500
vt 0.00392200 0.21960799
vt 0.03137300 0.70196098
vt 0.00000000 0.00000000
vt 0.07058800 0.78039199
vt 0.00000000 0.00000000
vt 0.12156900 0.84705901
vt 0.07058800 0.78039199
vt 0.00000000 0.66666698
vt 0.00000000 0.50196099
vt 0.12156900 0.84705901
vt 0.00000000 0.00000000
vt 1.00000000 0.35294101
vt 0.00000000 0.00000000
vt 0.00000000 0.00000000
vt 0.62352902 1.00000000
vt 0.67058802 0.00000000
vt 0.49803901 0.00000000
vt 0.52941197 1.00000000
vt 0.00392200 0.59607798
vt 0.01568600 0.65490198
vt 0.00000000 0.00000000
vt 0.00000000 0.00000000
vt 1.00000000 0.66666698
vt 1.00000000 0.58431399
vt 0.00000000 0.41568601
vt 0.00000000 0.33333299
vt 1.00000000 0.66666698
vt 0.14509800 0.14509800
vt 0.06666700 0.25097999
vt 0.00000000 0.00000000
vt 0.23137300 0.07843100
vt 0.25097999 0.07843100
vt 0.00000000 0.00000000
vt 0.33333299 0.51764703
vt 0.33333299 0.61568600
vt 0.00000000 0.00000000
vt 0.49803901 0.50588202
vt 0.49803901 0.45490199
vt 0.66666698 0.45490199
vt 0.66666698 0.50588202
vt 0.49803901 0.22745100
vt 0.49803901 0.28627500
vt 0.33333299 0.28627500
vt 0.33333299 0.22745100
vt 0.00000000 0.00000000
vt 0.06666700 0.25097999
vt 0.17254899 0.07843100
vt 0.98823500 0.65098000
vt 0.98039198 0.69411802
vt 0.66666698 0.81176502
vt 0.66666698 0.74117601
vt 0.61568600 0.99215698
vt 0.64313698 0.98823500
vt 0.00000000 0.00000000
vt 0.61568600 0.99215698
vt 0.55294102 1.00000000
vt 0.83137298 0.00000000
vt 0.66666698 1.00000000
vt 0.66666698 0.94509798
vt 0.83137298 0.00000000
vt 0.66666698 0.94509798
vt 0.66666698 0.82352901
vt 0.83137298 0.00000000
vt 0.33333299 0.28627500
vt 0.33333299 0.34117600
vt 0.00000000 0.00000000
vt 0.00000000 0.00000000
vt 0.00000000 0.00000000
vt 0.00000000 0.00000000
vt 0.40392199 0.99607801
vt 0.00000000 0.00000000
vt 0.00000000 0.50196099
vt 0.00000000 0.66666698
vt 0.00000000 0.00000000
vt 0.01568600 0.65490198
vt 0.00392200 0.59607798
vt 0.00000000 0.00000000
vt 0.00000000 0.00000000
vt 0.00000000 0.16470601
vt 0.00000000 0.00000000
vt 0.00000000 0.00000000
vt 0.13725500 0.13725500
vt 0.00000000 0.00000000
vt 0.00000000 0.00000000
vt 0.65490198 0.01568600
vt 0.00000000 0.00000000
vt 0.00000000 0.00000000
vt 0.00000000 0.50196099
vt 0.00000000 0.00000000
vt 0.00000000 0.00000000
vt 0.00000000 0.91764700
vt 0.00000000 0.00000000
vt 0.00000000 0.00000000
vt 0.98431402 0.65490198
vt 0.00000000 0.00000000
vt 0.00000000 0.33333299
vt 0.00000000 0.50196099
vt 0.00000000 0.00000000
vt 0.00000000 0.50196099
vt 0.00000000 0.66666698
vt 0.00000000 0.00000000
vt 0.65490198 0.98431402
vt 0.59607798 0.99607801
vt 0.00000000 0.00000000
vt 1.00000000 0.90980399
vt 0.00000000 0.00000000
vt 0.33333299 0.41960800
vt 0.00000000 0.00000000
vt 0.67058802 0.00000000
vt 0.62352902 1.00000000
vt 0.00000000 0.00000000
vt 1.00000000 1.00000000
vt 0.84313703 0.00000000
vt 0.00000000 0.00000000
vt 0.25882399 0.76078397
vt 0.37647101 0.74901998
vt 0.25097999 0.62745100
vt 0.72941202 0.80784303
vt 0.72941202 0.41960800
vt 0.25097999 0.73333299
vt 0.00000000 0.00000000
vt 0.25097999 0.62745100
vt 0.25097999 0.50196099
vt 0.72941202 0.80784303
vt 0.25097999 0.62745100
vt 0.64705902 1.00000000
vt 0.00000000 0.00000000
vt 0.72941202 0.80784303
vt 0.33725500 0.00000000
vt 0.76470602 1.00000000
vt 0.72941202 0.80784303
vt 0.33333299 0.47843099
vt 0.75294101 0.75686300
vt 0.00000000 0.00000000
vt 0.33333299 0.36862701
vt 0.33333299 0.49411801
vt 0.34117600 0.00000000
vt 0.50588202 0.00000000
vt 0.50196099 0.49411801
vt 0.49803901 0.00000000
vt 0.00000000 0.00000000
vt 0.66666698 0.31764701
vt 0.06274500 0.61960799
vt 0.33333299 0.76078397
vt 0.66666698 0.31764701
vt 0.33333299 0.76078397
vt 0.66666698 0.51764703
vt 0.66666698 0.31764701
vt 0.00000000 0.00000000
vt 0.33333299 0.76078397
vt 0.76470602 0.07843100
vt 0.33333299 0.41960800
vt 0.49803901 0.41960800
vt 0.49803901 0.47451001
vt 0.33333299 0.47451001
vt 0.66666698 0.94902003
vt 0.49803901 0.94902003
vt 0.49803901 0.82745099
vt 0.66666698 0.82745099
vt 0.27451000 0.83921599
vt 0.33333299 0.00000000
vt 0.00000000 0.00000000
vt 0.00000000 0.00000000
vt 0.85490203 0.10980400
vt 0.76862800 0.05490200
vt 0.00000000 0.00000000
vt 0.76862800 0.05490200
vt 0.74509799 0.04705900
vt 0.00000000 0.00000000
vt 0.87450999 1.00000000
vt 0.87058800 0.00000000
vt 0.00000000 0.00000000
vt 0.00000000 0.00000000
vt 0.49803901 0.76078397
vt 0.33333299 0.76078397
vt 0.33333299 0.58431399
vt 0.49803901 0.58431399
vt 0.55294102 1.00000000
vt 0.00000000 0.00000000
vt 0.10196100 0.75294101
vt 0.00000000 0.00000000
vt 0.33333299 0.31764701
vt 0.33333299 0.51764703
vt 0.33333299 0.34509799
vt 0.33333299 0.45490199
vt 0.33333299 0.31764701
vt 0.49803901 1.00000000
vt 0.49803901 0.00000000
vt 0.00000000 0.00000000
vt 0.66666698 1.00000000
vt 0.62352902 1.00000000
vt 0.66666698 0.00000000
vt 0.00000000 0.00000000
vt 0.62352902 1.00000000
vt 0.72941202 0.38431400
vt 0.76470602 0.00000000
vt 0.25490201 0.25097999
vt 0.00000000 0.00000000
vt 0.37647101 0.25097999
vt 0.00000000 0.00000000
vt 0.27451000 0.18431400
vt 0.29803899 0.12548999
vt 0.00000000 0.33333299
vt 0.00000000 0.41568601
vt 0.00000000 0.00000000
vt 0.00000000 0.00000000
vt 0.25097999 0.07843100
vt 0.23137300 0.07843100
vt 0.00000000 0.00000000
vt 0.00000000 0.00000000
vt 0.00000000 0.00000000
vt 0.66666698 0.76078397
vt 1.00000000 0.58431399
vt 0.64313698 0.98823500
vt 0.49803901 0.17647099
vt 0.33333299 0.17647099
vt 0.33333299 1.00000000
vt 0.00000000 0.00000000
vt 0.66666698 0.65098000
vt 0.49803901 0.65098000
vt 0.49803901 0.47843099
vt 0.66666698 0.47843099
vt 0.00000000 0.69411802
vt 0.00000000 0.49803901
vt 0.12941200 0.89803898
vt 0.00000000 0.91764700
vt 0.00000000 0.83529401
vt 0.00000000 0.00000000
vt 0.00000000 0.00000000
vt 0.00000000 0.88627499
vt 0.12941200 0.89803898
vt 0.25097999 0.49803901
vt 0.25097999 0.73333299
vt 0.25882399 0.76078397
vt 1.00000000 1.00000000
vt 0.88235301 1.00000000
vt 0.86274499 0.20392200
vt 0.98431402 0.25490201
vt 0.25097999 0.37647101
vt 0.46274501 0.80784303
vt 0.64705902 1.00000000
vt 0.50588202 0.00392200
vt 0.00000000 0.00784300
vt 0.00000000 0.00000000
vt 0.00000000 0.00000000
vt 0.33333299 0.47451001
vt 0.33333299 0.58431399
vt 0.00000000 0.00000000
vt 0.46274501 0.80784303
vt 0.00000000 0.00000000
vt 0.52941197 1.00000000
vt 1.00000000 0.96470600
vt 0.83921599 0.99215698
vt 0.00000000 0.00000000
vt 0.66666698 0.23529400
vt 0.00000000 0.00000000
vt 0.00000000 0.00000000
vt 1.00000000 0.23529400
vt 0.66666698 0.50196099
vt 0.66666698 0.55686301
vt 0.49803901 0.55686301
vt 0.49803901 0.50196099
vt 0.66666698 0.61568600
vt 0.66666698 0.51764703
vt 1.00000000 0.51764703
vt 1.00000000 0.61568600
vt 0.00000000 0.00000000
vt 0.55294102 1.00000000
vt 1.00000000 1.00000000
vt 0.49803901 0.82745099
vt 0.33333299 0.82745099
vt 0.33333299 0.70980400
vt 0.49803901 0.70980400
vt 0.25097999 1.00000000
vt 0.00000000 0.00000000
vt 0.32941201 0.00000000
vt 0.33333299 0.45490199
vt 0.33333299 0.50588202
vt 0.32941201 0.00000000
vt 0.33333299 0.50588202
vt 0.25097999 1.00000000
vt 0.32941201 0.00000000
vt 0.17254899 0.63137299
vt 0.33333299 0.71372598
vt 0.00000000 0.00000000
vt 0.12548999 0.74901998
vt 0.12548999 0.62352902
vt 0.00000000 0.00000000
vt 0.12548999 0.62352902
vt 0.46274501 0.38431400
vt 0.41176501 0.00000000
vt 0.46274501 0.38431400
vt 0.50196099 1.00000000
vt 0.00000000 0.00000000
vt 0.12548999 0.62352902
vt 0.25097999 0.62352902
vt 0.50196099 1.00000000
vt 0.56078398 0.96078402
vt 0.25097999 0.37647101
vt 0.25097999 0.50196099
vt 0.49803901 0.95294100
vt 0.00000000 0.00000000
vt 0.20392200 0.38431400
vt 0.25097999 0.50196099
vt 0.49803901 0.04705900
vt 0.49803901 0.50196099
vt 0.20392200 0.38431400
vt 0.25097999 0.50196099
vt 0.25490201 0.25097999
vt 0.25097999 0.26666701
vt 0.61960799 0.99215698
vt 0.70196098 0.96862799
vt 0.00000000 0.00000000
vt 0.00000000 0.00000000
vt 0.20784301 0.00784300
vt 0.18823500 0.00784300
vt 0.00000000 0.00000000
vt 0.00000000 0.16470601
vt 0.00000000 0.08235300
vt 0.00000000 0.00000000
vt 0.32941201 0.00000000
vt 0.00000000 0.00000000
vt 0.66666698 0.31764701
vt 0.33333299 0.31764701
vt 0.66666698 0.47451001
vt 1.00000000 0.41960800
vt 0.00000000 0.00000000
vt 0.00000000 0.00000000
vt 1.00000000 0.01176500
vt 1.00000000 0.25882399
vt 0.66666698 0.36862701
vt 0.49803901 0.36862701
vt 0.49803901 0.31764701
vt 0.66666698 0.31764701
vt 0.00000000 0.00000000
vt 0.00000000 0.69411802
vt 0.00000000 0.88627499
vt 0.00000000 0.00000000
vt 0.25097999 0.49803901
vt 0.00000000 0.49803901
vt 0.49803901 0.95294100
vt 0.25097999 0.50196099
vt 0.25097999 0.62745100
vt 0.00000000 0.00000000
vt 0.12548999 0.00000000
vt 0.25097999 0.00000000
vt 0.25097999 0.49803901
vt 0.25097999 0.00000000
vt 0.35686299 0.00000000
vt 0.25097999 0.49803901
vt 0.49803901 0.49803901
vt 0.56078398 0.96078402
vt 0.49803901 0.95294100
vt 0.00000000 0.00000000
vt 0.74901998 0.49803901
vt 0.49803901 0.49803901
vt 0.74901998 0.74901998
vt 0.56078398 0.96078402
vt 0.49803901 0.49803901
vt 0.56078398 0.96078402
vt 0.12548999 0.37647101
vt 0.25097999 0.37647101
vt 0.12548999 0.37647101
vt 0.46274501 0.80784303
vt 0.25097999 0.37647101
vt 0.12548999 0.37647101
vt 0.12548999 0.25097999
vt 0.46274501 0.80784303
vt 0.12548999 0.25097999
vt 0.33333299 0.25882399
vt 0.33333299 0.41960800
vt 0.00000000 0.00000000
vt 0.83921599 0.99215698
vt 1.00000000 0.98823500
vt 0.49803901 0.25882399
vt 0.00000000 0.00000000
vt 0.58431399 0.00392200
vt 0.66666698 0.25882399
vt 0.66666698 0.01568600
vt 0.66666698 0.00784300
vt 0.00000000 0.00000000
vt 0.66666698 0.00784300
vt 0.66666698 0.96470600
vt 0.83921599 0.99215698
vt 1.00000000 0.01568600
vt 1.00000000 0.08627500
vt 0.83921599 0.99215698
vt 0.49803901 0.41960800
vt 0.66666698 0.41960800
vt 0.66666698 0.47451001
vt 0.49803901 0.47451001
vt 0.49803901 0.58431399
vt 0.66666698 0.58431399
vt 0.66666698 0.76078397
vt 0.49803901 0.76078397
vt 0.33333299 0.50588202
vt 0.17254899 0.63137299
vt 0.25097999 1.00000000
vt 0.12548999 0.62352902
vt 0.12548999 0.74901998
vt 0.33333299 0.71372598
vt 0.00000000 0.00000000
vt 0.12548999 0.58039200
vt 0.12548999 0.62352902
vt 0.12548999 0.58039200
vt 0.49803901 0.50196099
vt 0.49803901 0.04705900
vt 0.74901998 0.50196099
vt 0.00000000 0.00000000
vt 0.49803901 0.50196099
vt 0.00000000 0.00000000
vt 0.49803901 1.00000000
vt 0.49803901 0.50196099
vt 0.12548999 0.58039200
vt 0.74901998 0.25097999
vt 0.49803901 0.50196099
vt 0.00000000 0.00000000
vt 0.00000000 0.50196099
vt 0.25097999 0.50196099
vt 0.25097999 1.00000000
vt 0.12548999 1.00000000
vt 0.25097999 0.50196099
vt 0.00000000 0.50196099
vt 0.00000000 0.33333299
vt 0.00000000 0.00000000
vt 0.00000000 0.49803901
vt 0.00000000 0.00000000
vt 0.18823500 0.00784300
vt 0.20784301 0.00784300
vt 0.00784300 0.63529402
vt 0.00784300 0.75686300
vt 0.49803901 0.76078397
vt 0.49803901 0.50588202
vt 0.83137298 0.99215698
vt 1.00000000 0.98431402
vt 1.00000000 0.01176500
vt 0.35686299 0.00000000
vt 0.49803901 0.00000000
vt 0.49803901 0.49803901
vt 0.25097999 0.49803901
vt 0.58431399 0.00392200
vt 0.66666698 0.00392200
vt 0.66666698 0.25882399
vt 0.66666698 0.00392200
vt 0.00000000 0.00000000
vt 0.66666698 0.25882399
vt 0.22745100 0.33725500
vt 0.21960799 0.41176501
vt 0.00392200 1.00000000
vt 0.00392200 0.21960799
vt 0.00000000 0.00000000
vt 1.00000000 0.98431402
vt 0.83137298 0.99215698
vt 0.12548999 0.00000000
vt 0.00000000 0.00000000
vt 0.00000000 0.74901998
vt 0.00000000 0.00000000
vt 0.60000002 0.96862799
vt 0.12548999 0.37647101
vt 0.56078398 0.96078402
vt 0.33333299 0.57254899
vt 0.33333299 0.65098000
vt 0.59215701 0.00000000
vt 0.33333299 0.65098000
vt 0.66666698 0.65098000
vt 0.59215701 0.00000000
vt 0.66666698 0.65098000
vt 0.66666698 0.74117601
vt 0.59215701 0.00000000
vt 0.66666698 0.74117601
vt 0.66666698 0.81176502
vt 0.59215701 0.00000000
vt 0.66666698 0.81176502
vt 0.66666698 0.98431402
vt 0.00000000 0.00000000
vt 0.66666698 0.98431402
vt 0.66666698 0.00392200
vt 0.58431399 0.00392200
vt 0.49803901 0.25882399
vt 0.60000002 0.96862799
vt 0.74901998 0.74901998
vt 0.49803901 0.25882399
vt 0.12548999 0.25097999
vt 0.12548999 0.37647101
vt 0.49803901 0.25882399
vt 0.33333299 0.25882399
vt 0.12548999 0.25097999
vt 0.00000000 1.00000000
vt 0.00000000 0.66666698
vt 1.00000000 0.92549002
vt 0.00000000 0.00000000
vt 1.00000000 0.08627500
vt 1.00000000 0.01568600
vt 0.96078402 0.69019598
vt 0.00000000 0.00000000
vt 0.66666698 0.01568600
vt 0.66666698 0.08627500
vt 0.66666698 0.29411799
vt 0.00000000 0.00000000
vt 0.00000000 0.00000000
vt 0.00000000 0.00000000
vt 0.63921601 0.00784300
vt 0.66666698 0.01568600
vt 0.63921601 0.00784300
vt 0.66666698 0.96470600
vt 0.66666698 0.00784300
vt 0.63921601 0.00784300
vt 0.00000000 0.00000000
vt 0.66666698 0.96470600
vt 0.49803901 0.96470600
vt 0.00000000 0.00000000
vt 0.49803901 0.76078397
vt 0.74901998 0.25097999
vt 0.60000002 0.03137300
vt 0.49803901 0.76078397
vt 0.00000000 0.00000000
vt 0.49803901 0.71372598
vt 0.49803901 0.76078397
vt 0.74901998 0.25097999
vt 0.12548999 0.58039200
vt 0.00000000 0.00000000
vt 0.49803901 0.96470600
vt 0.58431399 0.99607801
vt 0.00000000 0.00000000
vt 0.66666698 0.29411799
vt 0.66666698 0.33333299
vt 0.00000000 0.00000000
vt 0.66666698 0.33333299
vt 0.66666698 0.37647101
vt 0.00000000 0.00000000
vt 0.66666698 0.37647101
vt 0.33333299 0.37647101
vt 0.00000000 0.00000000
vt 0.25097999 0.49803901
vt 0.49803901 0.49803901
vt 0.00000000 0.00000000
vt 0.25097999 0.73333299
vt 0.33333299 0.61568600
vt 0.93725502 0.95294100
vt 0.00000000 0.00000000
vt 0.33333299 0.51764703
vt 0.66666698 0.61568600
vt 1.00000000 0.61568600
vt 0.00000000 0.00000000
vt 0.66666698 0.70980400
vt 1.00000000 0.49411801
vt 0.87450999 1.00000000
vt 0.75294101 1.00000000
vt 0.66666698 0.49411801
vt 0.15294100 0.00392200
vt 0.03529400 0.00392200
vt 0.12548999 1.00000000
vt 0.38431400 1.00000000
vt 0.53725499 1.00000000
vt 0.55686301 0.88235301
vt 0.33333299 0.88235301
vt 0.66666698 0.98431402
vt 0.66666698 0.99215698
vt 0.66666698 0.00392200
vt 0.00000000 0.00000000
vt 0.11764700 0.10196100
vt 0.00000000 0.00000000
vt 0.00000000 0.00000000
vt 0.98823500 0.65098000
vt 0.98431402 0.37254900
vt 0.00000000 0.00000000
vt 0.03529400 0.00392200
vt 0.15294100 0.00392200
vt 0.00000000 0.00000000
vt 0.00000000 0.00000000
vt 0.12548999 1.00000000
vt 0.25097999 1.00000000
vt 0.00000000 0.00000000
vt 0.33333299 0.52548999
vt 0.33333299 0.57254899
vt 0.00000000 0.00000000
vt 0.07451000 0.46274501
vt 0.03137300 0.17647099
vt 0.83137298 0.16862699
vt 0.54117602 0.07843100
vt 1.00000000 0.57254899
vt 0.00000000 0.00000000
vt 0.66666698 0.65098000
vt 0.66666698 0.99215698
vt 0.00000000 0.00000000
vt 1.00000000 0.25882399
vt 0.66666698 0.25882399
vt 1.00000000 0.33333299
vt 0.66666698 0.29411799
vt 0.00000000 0.00000000
vt 0.00000000 0.00000000
vt 0.74117601 1.00000000
vt 0.00000000 0.00000000
vt 0.02352900 0.53333300
vt 0.97254902 0.65490198
vt 0.02352900 0.71372598
vt 0.00000000 0.00000000
vt 0.95294100 0.72548997
vt 1.00000000 0.37647101
vt 1.00000000 0.33333299
vt 0.00000000 0.00000000
f 641/1 630/2 631/3
f 55/4 88/5 641/6 497/7
f 641/8 628/9 497/10
f 628/11 642/12 497/13
f 642/14 627/15 497/16
f 627/17 175/18 497/19
f 175/20 94/21 497/22
f 94/23 397/24 497/25
f 397/26 99/27 497/28
f 99/29 53/30 497/31
f 53/32 55/33 497/34
f 887/35 742/36 878/37 877/38
f 629/39 640/40 641/41
f 640/42 630/43 641/44
f 88/45 87/46 641/47
f 87/48 92/49 641/50
f 92/51 374/52 641/53
f 374/54 629/55 641/56
f 639/57 642/58 628/59
f 390/60 651/61 610/62 452/63
f 1037/64 1038/65 988/66 892/67
f 51/68 86/69 92/70 89/71
f 173/72 95/73 175/74
f 95/75 397/76 175/77
f 397/78 94/79 175/80
f 189/81 97/82 397/83
f 97/84 312/85 397/86
f 312/87 98/88 397/89
f 98/90 99/91 397/92
f 95/93 376/94 397/95
f 376/96 273/97 189/98
f 376/99 189/100 397/101
f 98/102 102/103 99/104
f 17/105 45/106 645/107 647/108
f 100/109 54/110 53/111
f 54/112 47/113 53/114
f 47/115 55/116 53/117
f 47/118 46/119 55/120
f 46/121 52/122 55/123
f 52/124 88/125 55/126
f 374/127 171/128 629/129
f 1057/130 1072/131 1044/132 1030/133
f 694/134 631/135 640/136
f 631/137 630/138 640/139
f 177/140 295/141 640/142
f 52/143 87/144 88/145
f 52/146 92/147 87/148
f 52/149 89/150 92/151
f 93/152 90/153 374/154
f 90/155 221/156 374/157
f 221/158 144/159 374/160
f 144/161 156/162 374/163
f 156/164 155/165 374/166
f 155/167 243/168 393/169
f 155/170 393/171 374/172
f 393/173 96/174 374/175
f 96/176 170/177 374/178
f 636/179 692/180 691/181 700/182
f 246/183 280/184 173/185
f 280/186 396/187 173/188
f 396/189 376/190 173/191
f 376/192 95/193 173/194
f 159/195 143/196 154/197 165/198
f 273/199 348/200 189/201
f 348/202 182/203 189/204
f 188/205 193/206 97/207
f 193/208 312/209 97/210
f 187/211 194/212 181/213 180/214
f 506/215 963/216 865/217 527/218
f 396/219 273/220 376/221
f 57/222 100/223 102/224
f 57/225 373/226 100/227
f 373/228 323/229 100/230
f 323/231 54/232 100/233
f 170/234 178/235 640/236 629/237
f 96/238 393/239 170/240
f 393/241 285/242 170/243
f 285/244 178/245 170/246
f 290/247 698/248 296/249
f 325/250 51/251 89/252
f 50/253 85/254 86/255
f 51/256 325/257 86/258
f 324/259 50/260 86/261
f 140/262 218/263 85/264
f 218/265 93/266 85/267
f 218/268 90/269 93/270
f 218/271 221/272 90/273
f 145/274 91/275 221/276
f 91/277 144/278 221/279
f 91/280 145/281 144/282
f 639/283 628/284 641/285 631/286
f 164/287 230/288 155/289
f 230/290 243/291 155/292
f 235/293 375/294 393/295
f 375/296 285/297 393/298
f 243/299 235/300 393/301
f 530/302 961/303 866/304 563/305
f 1033/306 1047/307 1078/308 1069/309
f 708/310 270/311 705/312
f 268/313 281/314 246/315
f 281/316 355/317 246/318
f 355/319 284/320 246/321
f 284/322 354/323 246/324
f 354/325 280/326 246/327
f 354/328 377/329 280/330
f 377/331 395/332 280/333
f 348/334 273/335 396/336
f 348/337 274/338 182/339
f 274/340 272/341 183/342
f 395/343 284/344 348/345
f 967/346 501/347 578/348 968/349
f 314/350 205/351 200/352
f 860/353 853/354 952/355 951/356
f 314/357 104/358 205/359
f 66/360 323/361 373/362
f 66/363 113/364 323/365
f 113/366 118/367 323/368
f 118/369 70/370 323/371
f 70/372 119/373 322/374
f 116/375 72/376 326/377
f 116/378 326/379 322/380
f 72/381 124/382 326/383
f 375/384 176/385 285/386
f 120/387 70/388 115/389 121/390
f 123/391 78/392 325/393
f 75/394 81/395 324/396
f 81/397 48/398 324/399
f 1032/400 1070/401 1079/402 1046/403
f 222/404 218/405 140/406
f 139/407 145/408 222/409
f 139/410 219/411 145/412
f 219/413 227/414 145/415
f 205/416 103/417 312/418 200/419
f 163/420 244/421 230/422
f 244/423 337/424 230/425
f 337/426 243/427 230/428
f 337/429 235/430 243/431
f 337/432 375/433 235/434
f 394/435 176/436 375/437
f 337/438 394/439 375/440
f 700/441 707/442 636/443
f 574/444 584/445 871/446 970/447
f 455/448 386/449 707/450
f 386/451 270/452 707/453
f 386/454 455/455 270/456
f 456/457 269/458 270/459
f 360/460 284/461 355/462
f 360/463 347/464 284/465
f 395/466 362/467 284/468
f 395/469 377/470 354/471
f 272/472 276/473 311/474
f 272/475 311/476 180/477
f 726/478 853/479 860/480 727/481
f 311/482 190/483 180/484
f 22/485 14/486 10/487 21/488
f 199/489 104/490 314/491
f 45/492 18/493 646/494 645/495
f 209/496 118/497 113/498
f 752/499 900/500 875/501 988/502
f 116/503 70/504 120/505 72/506
f 394/507 339/508 176/509
f 339/510 286/511 176/512
f 238/513 307/514 286/515
f 339/516 239/517 286/518
f 239/519 338/520 286/521
f 338/522 238/523 286/524
f 302/525 293/526 292/527
f 873/528 569/529 502/530 967/531
f 419/532 697/533 288/534
f 416/535 691/536 697/537
f 231/538 169/539 330/540 329/541
f 264/542 172/543 642/544 710/545
f 123/546 125/547 78/548
f 847/549 620/550 668/551 721/552
f 859/553 724/554 856/555 857/556
f 84/557 132/558 131/559
f 64/560 203/561 665/562 656/563
f 786/564 799/565 800/566 801/567
f 864/568 568/569 504/570 966/571
f 242/572 244/573 163/574
f 154/575 234/576 163/577
f 234/578 242/579 163/580
f 242/581 234/582 244/583
f 234/584 337/585 244/586
f 239/587 394/588 337/589
f 239/590 344/591 394/592
f 635/593 703/594 700/595
f 449/596 458/597 706/598
f 387/599 457/600 458/601
f 487/602 387/603 269/604
f 387/605 257/606 248/607
f 257/608 251/609 248/610
f 251/611 256/612 248/613
f 254/614 388/615 283/616
f 388/617 484/618 283/619
f 484/620 357/621 283/622
f 369/623 353/624 358/625
f 353/626 360/627 358/628
f 353/629 346/630 360/631
f 276/632 349/633 310/634
f 18/635 19/636 651/637 646/638
f 811/639 663/640 662/641 713/642
f 617/643 108/644 309/645 661/646
f 315/647 105/648 199/649
f 27/650 806/651 615/652 37/653
f 345/654 276/655 353/656
f 369/657 370/658 353/659
f 345/660 349/661 276/662
f 315/663 206/664 105/665
f 106/666 63/667 62/668 204/669
f 870/670 462/671 577/672 972/673
f 111/674 208/675 209/676
f 210/677 392/678 117/679
f 392/680 378/681 121/682
f 392/683 121/684 115/685
f 340/686 287/687 238/688
f 341/689 338/690 239/691
f 336/692 341/693 239/694
f 443/695 304/696 237/697
f 287/698 340/699 237/700
f 340/701 240/702 237/703
f 240/704 443/705 237/706
f 303/707 443/708 293/709
f 415/710 633/711 695/712
f 781/713 921/714 789/715 788/716
f 122/717 212/718 125/719
f 212/720 77/721 125/722
f 212/723 126/724 77/725
f 378/726 71/727 121/728
f 71/729 378/730 122/731
f 378/732 213/733 122/734
f 787/735 798/736 801/737 802/738
f 138/739 224/740 214/741
f 138/742 220/743 224/744
f 220/745 146/746 226/747
f 820/748 714/749 1010/750 821/751
f 671/752 141/753 128/754
f 671/755 161/756 141/757
f 228/758 245/759 166/760
f 245/761 232/762 166/763
f 162/764 232/765 154/766
f 225/767 223/768 147/769
f 216/770 225/771 147/772
f 225/773 217/774 223/775
f 217/776 670/777 223/778
f 957/779 867/780 447/781 558/782
f 327/783 336/784 234/785
f 448/786 459/787 703/788
f 459/789 449/790 703/791
f 127/792 79/793 77/794 76/795
f 253/796 251/797 387/798
f 478/799 372/800 359/801
f 370/802 369/803 361/804
f 310/805 349/806 191/807
f 349/808 277/809 191/810
f 277/811 184/812 191/813
f 952/814 721/815 949/816 951/817
f 511/818 757/819 774/820 580/821
f 207/822 106/823 313/824
f 665/825 207/826 313/827
f 106/828 197/829 318/830
f 167/831 152/832 141/833 161/834
f 108/835 617/836 185/837
f 617/838 664/839 185/840
f 372/841 363/842 352/843
f 277/844 349/845 345/846
f 309/847 108/848 185/849 192/850
f 65/851 208/852 111/853
f 621/854 129/855 223/856 670/857
f 413/858 689/859 633/860 414/861
f 807/862 625/863 686/864
f 807/865 818/866 625/867
f 758/868 905/869 763/870 909/871
f 624/872 681/873 625/874
f 681/875 688/876 625/877
f 688/878 392/879 625/880
f 392/881 210/882 625/883
f 688/884 681/885 392/886
f 681/887 684/888 392/889
f 341/890 327/891 340/892
f 327/893 365/894 340/895
f 365/896 368/897 340/898
f 335/899 327/900 341/901
f 1064/902 1024/903 759/904 909/905
f 647/906 645/907 582/908 488/909
f 211/910 76/911 126/912
f 683/913 682/914 378/915
f 682/916 675/917 378/918
f 679/919 213/920 378/921
f 667/922 848/923 621/924
f 848/925 493/926 621/927
f 493/928 852/929 621/930
f 195/931 187/932 180/933 190/934
f 102/935 100/936 53/937 99/938
f 669/939 380/940 167/941
f 231/942 229/943 153/944
f 229/945 332/946 245/947
f 229/948 245/949 228/950
f 331/951 232/952 245/953
f 216/954 217/955 225/956
f 137/957 217/958 216/959
f 137/960 670/961 217/962
f 635/963 690/964 633/965 703/966
f 368/967 365/968 327/969
f 460/970 486/971 448/972
f 1021/973 852/974 848/975 948/976
f 869/977 975/978 702/979
f 868/980 956/981 634/982 447/983
f 326/984 89/985 54/986 322/987
f 321/988 363/989 372/990
f 271/991 653/992 184/993
f 653/994 10/995 179/996
f 10/997 192/998 179/999
f 721/1000 668/1001 621/1002 852/1003
f 805/1004 616/1005 662/1006
f 616/1007 713/1008 662/1009
f 1011/1010 811/1011 713/1012 1012/1013
f 203/1014 106/1015 207/1016
f 665/1017 203/1018 207/1019
f 494/1020 849/1021 722/1022 718/1023
f 701/1024 703/1025 633/1026 689/1027
f 10/1028 14/1029 192/1030
f 14/1031 309/1032 192/1033
f 14/1034 15/1035 309/1036
f 15/1037 13/1038 309/1039
f 13/1040 12/1041 309/1042
f 12/1043 16/1044 309/1045
f 16/1046 11/1047 309/1048
f 42/1049 21/1050 10/1051 6/1052
f 279/1053 6/1054 351/1055
f 6/1056 278/1057 351/1058
f 321/1059 391/1060 363/1061
f 391/1062 350/1063 363/1064
f 573/1065 586/1066 970/1067 872/1068
f 674/1069 717/1070 832/1071 675/1072
f 716/1073 496/1074 626/1075
f 496/1076 808/1077 626/1078
f 496/1079 716/1080 808/1081
f 716/1082 825/1083 808/1084
f 825/1085 818/1086 807/1087
f 817/1088 684/1089 624/1090
f 684/1091 681/1092 624/1093
f 817/1094 717/1095 683/1096
f 817/1097 683/1098 684/1099
f 367/1100 437/1101 241/1102
f 851/1103 623/1104 677/1105
f 623/1106 622/1107 677/1108
f 678/1109 673/1110 127/1111
f 666/1112 136/1113 73/1114
f 717/1115 674/1116 683/1117
f 674/1118 682/1119 683/1120
f 832/1121 851/1122 675/1123
f 723/1124 619/1125 667/1126
f 619/1127 848/1128 667/1129
f 619/1130 723/1131 848/1132
f 723/1133 948/1134 848/1135
f 852/1136 493/1137 848/1138
f 966/1139 503/1140 569/1141 873/1142
f 615/1143 806/1144 712/1145 617/1146
f 620/1147 654/1148 669/1149
f 654/1150 398/1151 669/1152
f 398/1153 380/1154 669/1155
f 398/1156 381/1157 380/1158
f 381/1159 364/1160 380/1161
f 364/1162 236/1163 168/1164
f 364/1165 168/1166 380/1167
f 673/1168 678/1169 622/1170 672/1171
f 329/1172 333/1173 229/1174
f 329/1175 229/1176 231/1177
f 334/1178 320/1179 328/1180
f 320/1181 367/1182 328/1183
f 718/1184 722/1185 618/1186
f 494/1187 718/1188 618/1189
f 32/1190 17/1191 647/1192 648/1193
f 383/1194 612/1195 724/1196 725/1197
f 955/1198 867/1199 957/1200
f 955/1201 960/1202 866/1203
f 955/1204 866/1205 961/1206
f 955/1207 962/1208 865/1209
f 955/1210 865/1211 963/1212
f 955/1213 864/1214 966/1215
f 955/1216 966/1217 873/1218
f 955/1219 873/1220 967/1221
f 955/1222 969/1223 872/1224
f 955/1225 872/1226 970/1227
f 955/1228 970/1229 871/1230
f 955/1231 871/1232 971/1233
f 955/1234 971/1235 870/1236
f 955/1237 870/1238 972/1239
f 955/1240 975/1241 869/1242
f 972/1243 577/1244 461/1245
f 472/1246 389/1247 321/1248
f 389/1249 391/1250 321/1251
f 2/1252 1/1253 653/1254
f 1/1255 10/1256 653/1257
f 278/1258 2/1259 653/1260
f 6/1261 2/1262 278/1263
f 712/1264 939/1265 805/1266
f 1002/1267 1012/1268 943/1269 1003/1270
f 713/1271 616/1272 805/1273
f 712/1274 805/1275 662/1276 617/1277
f 810/1278 655/1279 657/1280
f 25/1281 41/1282 661/1283
f 41/1284 40/1285 661/1286
f 40/1287 39/1288 661/1289
f 399/1290 382/1291 398/1292 654/1293
f 24/1294 12/1295 13/1296
f 24/1297 25/1298 12/1299
f 25/1300 16/1301 12/1302
f 25/1303 11/1304 16/1305
f 806/1306 939/1307 712/1308
f 26/1309 38/1310 615/1311
f 38/1312 37/1313 615/1314
f 391/1315 649/1316 350/1317
f 649/1318 611/1319 350/1320
f 611/1321 1022/1322 350/1323
f 1022/1324 976/1325 350/1326
f 976/1327 6/1328 350/1329
f 6/1330 279/1331 350/1332
f 976/1333 1022/1334 6/1335
f 1022/1336 611/1337 6/1338
f 611/1339 7/1340 6/1341
f 389/1342 453/1343 391/1344
f 453/1345 610/1346 391/1347
f 610/1348 650/1349 391/1350
f 614/1351 715/1352 658/1353
f 715/1354 824/1355 809/1356
f 824/1357 819/1358 809/1359
f 819/1360 716/1361 809/1362
f 819/1363 825/1364 716/1365
f 957/1366 558/1367 412/1368
f 832/1369 842/1370 851/1371
f 850/1372 719/1373 623/1374
f 719/1375 622/1376 623/1377
f 618/1378 666/1379 673/1380 672/1381
f 839/1382 1016/1383 948/1384
f 1015/1385 949/1386 1021/1387
f 1015/1388 1020/1389 949/1390
f 1020/1391 951/1392 949/1393
f 19/1394 44/1395 610/1396 651/1397
f 952/1398 847/1399 721/1400
f 847/1401 654/1402 620/1403
f 847/1404 854/1405 654/1406
f 854/1407 613/1408 654/1409
f 613/1410 383/1411 399/1412
f 613/1413 399/1414 654/1415
f 382/1416 381/1417 398/1418
f 379/1419 406/1420 364/1421
f 422/1422 384/1423 364/1424
f 384/1425 421/1426 364/1427
f 421/1428 385/1429 364/1430
f 385/1431 319/1432 364/1433
f 320/1434 329/1435 364/1436
f 330/1437 236/1438 364/1439
f 320/1440 334/1441 329/1442
f 409/1443 560/1444 426/1445 423/1446
f 849/1447 947/1448 722/1449
f 720/1450 495/1451 672/1452
f 593/1453 772/1454 916/1455 592/1456
f 385/1457 431/1458 319/1459
f 42/1460 20/1461 43/1462
f 42/1463 43/1464 44/1465
f 42/1466 44/1467 19/1468
f 42/1469 19/1470 18/1471
f 42/1472 18/1473 45/1474
f 42/1475 45/1476 17/1477
f 42/1478 17/1479 32/1480
f 42/1481 32/1482 31/1483
f 42/1484 31/1485 33/1486
f 42/1487 33/1488 30/1489
f 42/1490 30/1491 29/1492
f 42/1493 29/1494 34/1495
f 42/1496 34/1497 35/1498
f 42/1499 35/1500 36/1501
f 42/1502 36/1503 28/1504
f 42/1505 28/1506 27/1507
f 42/1508 27/1509 37/1510
f 42/1511 37/1512 38/1513
f 42/1514 38/1515 26/1516
f 42/1517 26/1518 39/1519
f 42/1520 39/1521 40/1522
f 42/1523 40/1524 41/1525
f 42/1526 41/1527 25/1528
f 42/1529 25/1530 24/1531
f 42/1532 24/1533 23/1534
f 42/1535 23/1536 22/1537
f 42/1538 22/1539 21/1540
f 806/1541 803/1542 939/1543
f 803/1544 801/1545 939/1546
f 1009/1547 1003/1548 942/1549
f 940/1550 1009/1551 942/1552
f 23/1553 15/1554 14/1555 22/1556
f 562/1557 866/1558 960/1559 561/1560
f 1002/1561 822/1562 1011/1563
f 822/1564 823/1565 1011/1566
f 1010/1567 714/1568 810/1569
f 804/1570 941/1571 806/1572
f 941/1573 803/1574 806/1575
f 27/1576 28/1577 806/1578
f 28/1579 36/1580 806/1581
f 36/1582 35/1583 806/1584
f 35/1585 5/1586 806/1587
f 5/1588 711/1589 806/1590
f 711/1591 652/1592 806/1593
f 652/1594 804/1595 806/1596
f 43/1597 20/1598 649/1599
f 20/1600 9/1601 649/1602
f 9/1603 8/1604 649/1605
f 8/1606 611/1607 649/1608
f 8/1609 7/1610 611/1611
f 8/1612 20/1613 7/1614
f 44/1615 650/1616 610/1617
f 44/1618 43/1619 650/1620
f 820/1621 824/1622 715/1623
f 831/1624 835/1625 844/1626 843/1627
f 179/1628 186/1629 196/1630 191/1631
f 958/1632 411/1633 559/1634
f 842/1635 841/1636 850/1637
f 841/1638 719/1639 850/1640
f 841/1641 843/1642 719/1643
f 839/1644 1019/1645 1016/1646
f 845/1647 840/1648 947/1649
f 846/1650 1019/1651 839/1652
f 860/1653 951/1654 1020/1655
f 1014/1656 953/1657 1020/1658
f 953/1659 874/1660 1020/1661
f 874/1662 979/1663 1020/1664
f 979/1665 881/1666 1020/1667
f 881/1668 883/1669 1020/1670
f 883/1671 984/1672 1020/1673
f 983/1674 876/1675 1020/1676
f 878/1677 729/1678 1020/1679
f 729/1680 879/1681 1020/1682
f 879/1683 861/1684 1020/1685
f 861/1686 727/1687 1020/1688
f 727/1689 860/1690 1020/1691
f 858/1692 847/1693 952/1694
f 856/1695 854/1696 847/1697
f 856/1698 855/1699 854/1700
f 855/1701 724/1702 854/1703
f 724/1704 613/1705 854/1706
f 724/1707 612/1708 613/1709
f 612/1710 383/1711 613/1712
f 383/1713 406/1714 379/1715
f 634/1716 689/1717 413/1718 447/1719
f 954/1720 869/1721 702/1722 634/1723
f 582/1724 646/1725 651/1726 390/1727
f 720/1728 844/1729 849/1730
f 575/1731 464/1732 971/1733
f 464/1734 576/1735 971/1736
f 678/1737 127/1738 76/1739 680/1740
f 800/1741 1009/1742 940/1743
f 798/1744 786/1745 801/1746
f 1041/1747 1065/1748 762/1749 891/1750
f 799/1751 1009/1752 800/1753
f 1000/1754 938/1755 1009/1756
f 938/1757 1003/1758 1009/1759
f 799/1760 785/1761 1009/1762
f 785/1763 783/1764 1009/1765
f 783/1766 930/1767 1009/1768
f 930/1769 782/1770 1009/1771
f 782/1772 992/1773 1009/1774
f 990/1775 998/1776 1009/1777
f 998/1778 928/1779 1009/1780
f 928/1781 934/1782 1009/1783
f 934/1784 1000/1785 1009/1786
f 716/1787 626/1788 685/1789 809/1790
f 208/1791 687/1792 686/1793 209/1794
f 830/1795 836/1796 840/1797 845/1798
f 821/1799 1010/1800 823/1801
f 652/1802 941/1803 804/1804
f 652/1805 802/1806 941/1807
f 34/1808 5/1809 35/1810
f 4/1811 711/1812 5/1813
f 4/1814 652/1815 711/1816
f 4/1817 1023/1818 652/1819
f 1023/1820 787/1821 652/1822
f 787/1823 802/1824 652/1825
f 8/1826 9/1827 20/1828
f 620/1829 669/1830 671/1831 668/1832
f 901/1833 888/1834 982/1835 900/1836
f 720/1837 849/1838 494/1839 495/1840
f 560/1841 959/1842 410/1843
f 560/1844 409/1845 959/1846
f 685/1847 626/1848 687/1849 659/1850
f 846/1851 946/1852 1019/1853
f 458/1854 457/1855 707/1856 706/1857
f 1078/1858 1047/1859 1019/1860
f 1048/1861 1077/1862 1019/1863
f 1076/1864 1017/1865 1019/1866
f 1076/1867 1049/1868 1017/1869
f 831/1870 843/1871 841/1872 834/1873
f 950/1874 953/1875 1014/1876
f 813/1877 836/1878 830/1879 827/1880
f 838/1881 1046/1882 846/1883
f 1046/1884 946/1885 846/1886
f 950/1887 1013/1888 953/1889
f 1013/1890 986/1891 953/1892
f 986/1893 874/1894 953/1895
f 986/1896 881/1897 874/1898
f 881/1899 979/1900 874/1901
f 984/1902 883/1903 881/1904
f 875/1905 981/1906 984/1907
f 985/1908 982/1909 876/1910
f 982/1911 887/1912 877/1913
f 920/1914 992/1915 782/1916 789/1917
f 742/1918 729/1919 878/1920
f 728/1921 861/1922 879/1923
f 166/1924 154/1925 143/1926 160/1927
f 726/1928 862/1929 853/1930
f 693/1931 704/1932 637/1933 632/1934
f 724/1935 855/1936 856/1937
f 864/1938 965/1939 505/1940 568/1941
f 527/1942 865/1943 962/1944 528/1945
f 725/1946 401/1947 383/1948
f 401/1949 400/1950 534/1951
f 400/1952 405/1953 534/1954
f 584/1955 465/1956 871/1957
f 465/1958 584/1959 575/1960
f 584/1961 471/1962 575/1963
f 523/1964 525/1965 753/1966 747/1967
f 949/1968 721/1969 852/1970 1021/1971
f 935/1972 937/1973 1000/1974
f 934/1975 935/1976 1000/1977
f 1018/1978 950/1979 1014/1980 1017/1981
f 929/1982 783/1983 785/1984
f 11/1985 25/1986 661/1987 309/1988
f 996/1989 934/1990 928/1991
f 996/1992 927/1993 934/1994
f 927/1995 925/1996 934/1997
f 925/1998 935/1999 934/2000
f 945/2001 812/2002 1001/2003
f 1073/2004 1044/2005 1001/2006
f 1044/2007 1072/2008 1001/2009
f 1072/2010 1045/2011 1001/2012
f 277/2013 345/2014 353/2015 352/2016
f 945/2017 1071/2018 812/2019
f 1043/2020 1075/2021 1008/2022
f 3/2023 1023/2024 4/2025
f 977/2026 787/2027 1023/2028
f 3/2029 977/2030 1023/2031
f 978/2032 492/2033 787/2034
f 1061/2035 895/2036 769/2037 1062/2038
f 1032/2039 1046/2040 1042/2041 1055/2042
f 614/2043 655/2044 810/2045 714/2046
f 408/2047 561/2048 960/2049
f 1046/2050 1079/2051 946/2052
f 943/2053 1012/2054 713/2055 805/2056
f 367/2057 241/2058 343/2059 368/2060
f 1034/2061 1077/2062 1048/2063
f 1035/2064 1068/2065 1076/2066
f 1068/2067 1049/2068 1076/2069
f 1050/2070 1067/2071 1018/2072
f 1067/2073 1036/2074 1018/2075
f 1036/2076 944/2077 1018/2078
f 929/2079 785/2080 799/2081 796/2082
f 1052/2083 987/2084 1013/2085
f 987/2086 986/2087 1013/2088
f 987/2089 875/2090 986/2091
f 106/2092 206/2093 317/2094 197/2095
f 900/2096 981/2097 875/2098
f 982/2099 985/2100 981/2101
f 900/2102 982/2103 981/2104
f 737/2105 405/2106 863/2107
f 405/2108 725/2109 863/2110
f 405/2111 400/2112 725/2113
f 400/2114 401/2115 725/2116
f 405/2117 404/2118 535/2119
f 733/2120 403/2121 405/2122
f 185/2123 107/2124 202/2125 196/2126
f 29/2127 4/2128 5/2129 34/2130
f 585/2131 574/2132 970/2133
f 167/2134 161/2135 671/2136 669/2137
f 532/2138 424/2139 425/2140 407/2141
f 666/2142 73/2143 127/2144 673/2145
f 925/2146 893/2147 935/2148
f 1059/2149 1043/2150 1007/2151
f 1046/2152 838/2153 829/2154 1042/2155
f 23/2156 24/2157 13/2158 15/2159
f 919/2160 993/2161 920/2162
f 770/2163 997/2164 931/2165 918/2166
f 918/2167 999/2168 994/2169
f 918/2170 931/2171 999/2172
f 565/2173 964/2174 963/2175 506/2176
f 997/2177 989/2178 931/2179
f 926/2180 995/2181 931/2182
f 995/2183 893/2184 931/2185
f 893/2186 925/2187 931/2188
f 1030/2189 1044/2190 1073/2191
f 175/2192 627/2193 642/2194 174/2195
f 1025/2196 1062/2197 769/2198 896/2199
f 1058/2200 1075/2201 1043/2202
f 1058/2203 1029/2204 1075/2205
f 33/2206 643/2207 30/2208
f 229/2209 228/2210 166/2211 153/2212
f 644/2213 492/2214 978/2215
f 644/2216 648/2217 492/2218
f 647/2219 489/2220 492/2221
f 490/2222 793/2223 492/2224
f 828/2225 813/2226 823/2227 822/2228
f 552/2229 562/2230 408/2231
f 1032/2232 1056/2233 1031/2234
f 1032/2235 1031/2236 1057/2237
f 1032/2238 1057/2239 1030/2240
f 1032/2241 1029/2242 1058/2243
f 1032/2244 1059/2245 1028/2246
f 1032/2247 1028/2248 1060/2249
f 1032/2250 1060/2251 1027/2252
f 1032/2253 1026/2254 1061/2255
f 1032/2256 1062/2257 1025/2258
f 1032/2259 1025/2260 1063/2261
f 1032/2262 1063/2263 1024/2264
f 1032/2265 1024/2266 1064/2267
f 1032/2268 1065/2269 1041/2270
f 1032/2271 1040/2272 1066/2273
f 1032/2274 1066/2275 1039/2276
f 1032/2277 1038/2278 1037/2279
f 1032/2280 1037/2281 1036/2282
f 1032/2283 1036/2284 1067/2285
f 1032/2286 1068/2287 1035/2288
f 1032/2289 1033/2290 1069/2291
f 1037/2292 892/2293 1036/2294
f 892/2295 1053/2296 1036/2297
f 1053/2298 944/2299 1036/2300
f 892/2301 1054/2302 1053/2303
f 1054/2304 892/2305 1052/2306
f 892/2307 882/2308 1052/2309
f 882/2310 980/2311 1052/2312
f 980/2313 987/2314 1052/2315
f 980/2316 882/2317 987/2318
f 882/2319 892/2320 988/2321
f 1038/2322 752/2323 988/2324
f 702/2325 460/2326 448/2327 703/2328
f 71/2329 122/2330 123/2331 121/2332
f 835/2333 830/2334 845/2335 844/2336
f 551/2337 403/2338 733/2339
f 465/2340 575/2341 971/2342 871/2343
f 893/2344 1004/2345 936/2346
f 995/2347 1051/2348 893/2349
f 1051/2350 1004/2351 893/2352
f 1028/2353 1059/2354 1006/2355
f 490/2356 604/2357 793/2358
f 604/2359 491/2360 793/2361
f 491/2362 601/2363 793/2364
f 598/2365 778/2366 791/2367
f 781/2368 914/2369 924/2370
f 770/2371 989/2372 997/2373
f 770/2374 1027/2375 989/2376
f 1027/2377 1060/2378 989/2379
f 1060/2380 1028/2381 989/2382
f 1028/2383 1005/2384 989/2385
f 1005/2386 1051/2387 989/2388
f 1051/2389 932/2390 989/2391
f 1051/2392 933/2393 932/2394
f 1051/2395 995/2396 926/2397
f 31/2398 644/2399 33/2400
f 31/2401 648/2402 644/2403
f 31/2404 32/2405 648/2406
f 974/2407 460/2408 702/2409 975/2410
f 530/2411 564/2412 961/2413
f 564/2414 529/2415 961/2416
f 1042/2417 829/2418 812/2419 1071/2420
f 379/2421 364/2422 381/2423 382/2424
f 1039/2425 1066/2426 752/2427
f 1031/2428 1045/2429 1072/2430 1057/2431
f 543/2432 564/2433 530/2434 546/2435
f 889/2436 542/2437 739/2438
f 6/2439 10/2440 1/2441 2/2442
f 587/2443 570/2444 969/2445
f 918/2446 994/2447 993/2448 919/2449
f 30/2450 3/2451 4/2452 29/2453
f 779/2454 581/2455 922/2456
f 592/2457 915/2458 922/2459
f 923/2460 916/2461 780/2462
f 401/2463 534/2464 406/2465 383/2466
f 353/2467 276/2468 347/2469 346/2470
f 769/2471 895/2472 770/2473
f 894/2474 1061/2475 770/2476
f 1061/2477 1026/2478 770/2479
f 65/2480 659/2481 687/2482 208/2483
f 615/2484 661/2485 39/2486 26/2487
f 891/2488 762/2489 756/2490
f 1056/2491 1071/2492 1045/2493 1031/2494
f 1071/2495 945/2496 1001/2497 1045/2498
f 525/2499 509/2500 753/2501
f 902/2502 542/2503 889/2504
f 764/2505 908/2506 746/2507 760/2508
f 756/2509 897/2510 752/2511 745/2512
f 475/2513 321/2514 372/2515 478/2516
f 498/2517 580/2518 774/2519
f 971/2520 576/2521 463/2522 870/2523
f 768/2524 896/2525 776/2526
f 1066/2527 1040/2528 745/2529 744/2530
f 1063/2531 1025/2532 896/2533 768/2534
f 588/2535 498/2536 773/2537 775/2538
f 163/2539 230/2540 164/2541 165/2542
f 643/2543 977/2544 3/2545 30/2546
f 538/2547 402/2548 509/2549
f 20/2550 42/2551 6/2552 7/2553
f 402/2554 538/2555 755/2556
f 748/2557 538/2558 903/2559
f 447/2560 413/2561 441/2562 558/2563
f 1024/2564 1063/2565 768/2566 759/2567
f 863/2568 725/2569 724/2570 859/2571
f 621/2572 671/2573 128/2574 129/2575
f 907/2576 908/2577 764/2578 906/2579
f 515/2580 907/2581 765/2582 757/2583
f 715/2584 809/2585 685/2586 658/2587
f 523/2588 565/2589 507/2590 524/2591
f 223/2592 129/2593 148/2594 147/2595
f 1055/2596 1042/2597 1071/2598 1056/2599
f 378/2600 392/2601 684/2602 683/2603
f 826/2604 814/2605 824/2606 820/2607
f 965/2608 567/2609 505/2610
f 794/2611 796/2612 795/2613
f 795/2614 796/2615 797/2616
f 792/2617 794/2618 793/2619
f 793/2620 794/2621 795/2622
f 793/2623 791/2624 792/2625
f 792/2626 791/2627 790/2628
f 792/2629 790/2630 783/2631
f 789/2632 790/2633 788/2634
f 781/2635 777/2636 780/2637
f 343/2638 340/2639 342/2640
f 774/2641 765/2642 766/2643
f 775/2644 773/2645 774/2646
f 774/2647 766/2648 776/2649
f 776/2650 766/2651 767/2652
f 764/2653 760/2654 763/2655
f 763/2656 760/2657 761/2658
f 258/2659 259/2660 247/2661
f 259/2662 249/2663 260/2664
f 261/2665 263/2666 262/2667
f 261/2668 262/2669 266/2670
f 266/2671 262/2672 268/2673
f 266/2674 268/2675 265/2676
f 265/2677 268/2678 267/2679
f 270/2680 258/2681 247/2682
f 265/2683 264/2684 266/2685
f 252/2686 256/2687 253/2688
f 278/2689 271/2690 277/2691
f 307/2692 306/2693 300/2694
f 300/2695 306/2696 301/2697
f 285/2698 286/2699 308/2700
f 285/2701 308/2702 299/2703
f 299/2704 308/2705 307/2706
f 299/2707 307/2708 300/2709
f 288/2710 290/2711 291/2712
f 291/2713 290/2714 294/2715
f 305/2716 301/2717 306/2718
f 294/2719 296/2720 297/2721
f 295/2722 299/2723 300/2724
f 955/2725 964/2726 965/2727
f 992/2728 993/2729 991/2730
f 985/2731 983/2732 984/2733
f 690/2734 691/2735 695/2736
f 529/2737 537/2738 528/2739
f 578/2740 579/2741 587/2742
f 608/2743 609/2744 606/2745
f 457/2746 487/2747 456/2748
f 334/2749 332/2750 333/2751
f 994/2752 990/2753 991/2754
f 555/2755 531/2756 556/2757
f 581/2758 595/2759 592/2760
f 466/2761 467/2762 451/2763
f 172/2764 173/2765 174/2766
f 726/2767 727/2768 738/2769
f 557/2770 534/2771 535/2772
f 547/2773 543/2774 546/2775
f 580/2776 588/2777 589/2778
f 462/2779 463/2780 480/2781
f 662/2782 663/2783 665/2784
f 660/2785 656/2786 658/2787
f 658/2788 656/2789 657/2790
f 816/2791 819/2792 815/2793
f 815/2794 819/2795 814/2796
f 202/2797 201/2798 195/2799
f 202/2800 195/2801 196/2802
f 198/2803 199/2804 201/2805
f 105/2806 101/2807 104/2808
f 67/2809 59/2810 60/2811
f 67/2812 68/2813 66/2814
f 68/2815 61/2816 62/2817
f 68/2818 62/2819 69/2820
f 1002/2821 1008/2822 1001/2823
f 112/2824 110/2825 111/2826
f 64/2827 69/2828 63/2829
f 816/2830 817/2831 818/2832
f 146/2833 148/2834 149/2835
f 149/2836 148/2837 151/2838
f 146/2839 147/2840 148/2841
f 141/2842 142/2843 150/2844
f 151/2845 148/2846 150/2847
f 158/2848 155/2849 157/2850
f 120/2851 121/2852 123/2853
f 82/2854 74/2855 83/2856
f 82/2857 83/2858 80/2859
f 80/2860 83/2861 81/2862
f 79/2863 82/2864 80/2865
f 83/2866 84/2867 81/2868
f 140/2869 130/2870 131/2871
f 140/2872 131/2873 139/2874
f 151/2875 150/2876 143/2877
f 676/2878 679/2879 675/2880
f 833/2881 834/2882 841/2883
f 840/2884 836/2885 837/2886
f 840/2887 837/2888 839/2889
f 180/2890 181/2891 183/2892
f 183/2893 181/2894 182/2895
f 698/2896 692/2897 693/2898
f 735/2899 737/2900 738/2901
f 732/2902 730/2903 731/2904
f 732/2905 731/2906 734/2907
f 734/2908 731/2909 733/2910
f 734/2911 733/2912 736/2913
f 736/2914 733/2915 735/2916
f 736/2917 735/2918 738/2919
f 736/2920 738/2921 728/2922
f 728/2923 738/2924 727/2925
f 753/2926 746/2927 747/2928
f 750/2929 751/2930 753/2931
f 744/2932 752/2933 743/2934
f 754/2935 755/2936 753/2937
f 748/2938 749/2939 755/2940
f 530/2941 549/2942 546/2943
f 548/2944 551/2945 536/2946
f 529/2947 543/2948 540/2949
f 529/2950 540/2951 537/2952
f 537/2953 540/2954 541/2955
f 537/2956 541/2957 538/2958
f 538/2959 541/2960 542/2961
f 538/2962 542/2963 539/2964
f 533/2965 534/2966 557/2967
f 532/2968 556/2969 531/2970
f 557/2971 535/2972 554/2973
f 548/2974 545/2975 544/2976
f 518/2977 505/2978 520/2979
f 518/2980 520/2981 519/2982
f 519/2983 520/2984 521/2985
f 515/2986 514/2987 517/2988
f 517/2989 514/2990 516/2991
f 524/2992 507/2993 508/2994
f 510/2995 503/2996 513/2997
f 513/2998 503/2999 504/3000
f 513/3001 504/3002 514/3003
f 500/3004 512/3005 499/3006
f 557/3007 553/3008 556/3009
f 554/3010 553/3011 557/3012
f 550/3013 549/3014 553/3015
f 553/3016 549/3017 552/3018
f 544/3019 543/3020 547/3021
f 544/3022 547/3023 548/3024
f 596/3025 595/3026 598/3027
f 596/3028 598/3029 599/3030
f 602/3031 601/3032 604/3033
f 602/3034 604/3035 605/3036
f 606/3037 585/3038 586/3039
f 588/3040 590/3041 589/3042
f 589/3043 590/3044 591/3045
f 593/3046 596/3047 594/3048
f 594/3049 596/3050 597/3051
f 599/3052 602/3053 600/3054
f 600/3055 602/3056 603/3057
f 586/3058 603/3059 606/3060
f 606/3061 605/3062 608/3063
f 475/3064 478/3065 479/3066
f 479/3067 478/3068 482/3069
f 479/3070 482/3071 483/3072
f 478/3073 481/3074 482/3075
f 482/3076 481/3077 485/3078
f 472/3079 454/3080 475/3081
f 472/3082 475/3083 476/3084
f 476/3085 475/3086 479/3087
f 480/3088 479/3089 483/3090
f 480/3091 483/3092 462/3093
f 481/3094 484/3095 485/3096
f 472/3097 476/3098 473/3099
f 473/3100 476/3101 477/3102
f 473/3103 477/3104 474/3105
f 474/3106 471/3107 470/3108
f 474/3109 470/3110 473/3111
f 472/3112 469/3113 453/3114
f 477/3115 480/3116 463/3117
f 470/3118 467/3119 466/3120
f 470/3121 466/3122 469/3123
f 469/3124 466/3125 452/3126
f 469/3127 452/3128 453/3129
f 468/3130 450/3131 467/3132
f 441/3133 442/3134 439/3135
f 439/3136 440/3137 437/3138
f 433/3139 436/3140 434/3141
f 412/3142 441/3143 438/3144
f 438/3145 441/3146 439/3147
f 436/3148 439/3149 437/3150
f 436/3151 437/3152 434/3153
f 423/3154 408/3155 409/3156
f 427/3157 426/3158 429/3159
f 415/3160 416/3161 445/3162
f 445/3163 416/3164 417/3165
f 445/3166 417/3167 446/3168
f 446/3169 417/3170 418/3171
f 432/3172 433/3173 430/3174
f 430/3175 431/3176 428/3177
f 428/3178 427/3179 430/3180
f 430/3181 427/3182 429/3183
f 430/3184 429/3185 432/3186
f 414/3187 415/3188 444/3189
f 444/3190 415/3191 445/3192
f 924/3193 920/3194 921/3195
f 916/3196 910/3197 917/3198
f 918/3199 919/3200 912/3201
f 918/3202 912/3203 913/3204
f 914/3205 911/3206 919/3207
f 919/3208 911/3209 912/3210
f 884/3211 885/3212 889/3213
f 900/3214 897/3215 898/3216
f 898/3217 901/3218 900/3219
f 358/3220 356/3221 357/3222
f 358/3223 357/3224 359/3225
f 361/3226 358/3227 359/3228
f 831/3229 814/3230 826/3231 835/3232
f 639/3233 638/3234 642/3235
f 709/3236 710/3237 642/3238
f 172/3239 174/3240 642/3241
f 174/3242 173/3243 175/3244
f 171/3245 170/3246 629/3247
f 295/3248 296/3249 698/3250 640/3251
f 698/3252 694/3253 640/3254
f 178/3255 177/3256 640/3257
f 914/3258 919/3259 920/3260 924/3261
f 776/3262 912/3263 911/3264 774/3265
f 93/3266 374/3267 92/3268
f 170/3269 171/3270 374/3271
f 637/3272 638/3273 694/3274 632/3275
f 637/3276 705/3277 638/3278
f 705/3279 247/3280 709/3281
f 247/3282 259/3283 709/3284
f 259/3285 260/3286 709/3287
f 260/3288 710/3289 709/3290
f 260/3291 264/3292 710/3293
f 265/3294 172/3295 264/3296
f 260/3297 266/3298 264/3299
f 265/3300 173/3301 172/3302
f 265/3303 267/3304 173/3305
f 267/3306 246/3307 173/3308
f 182/3309 181/3310 189/3311
f 188/3312 97/3313 189/3314
f 193/3315 200/3316 312/3317
f 62/3318 61/3319 105/3320 204/3321
f 519/3322 747/3323 746/3324 908/3325
f 323/3326 322/3327 54/3328
f 52/3329 46/3330 47/3331
f 301/3332 297/3333 296/3334
f 294/3335 290/3336 296/3337
f 295/3338 300/3339 296/3340
f 300/3341 301/3342 296/3343
f 632/3344 694/3345 698/3346
f 290/3347 699/3348 698/3349
f 548/3350 536/3351 731/3352 740/3353
f 693/3354 632/3355 698/3356
f 285/3357 177/3358 178/3359
f 285/3360 299/3361 177/3362
f 299/3363 295/3364 177/3365
f 326/3366 325/3367 89/3368
f 325/3369 324/3370 86/3371
f 559/3372 411/3373 435/3374 432/3375
f 218/3376 222/3377 221/3378
f 222/3379 145/3380 221/3381
f 145/3382 151/3383 144/3384
f 157/3385 156/3386 144/3387
f 157/3388 155/3389 156/3390
f 158/3391 164/3392 155/3393
f 704/3394 705/3395 637/3396
f 704/3397 636/3398 705/3399
f 270/3400 247/3401 705/3402
f 258/3403 249/3404 259/3405
f 249/3406 261/3407 260/3408
f 261/3409 266/3410 260/3411
f 267/3412 268/3413 246/3414
f 395/3415 396/3416 280/3417
f 395/3418 348/3419 396/3420
f 274/3421 183/3422 182/3423
f 808/3424 807/3425 686/3426 626/3427
f 187/3428 201/3429 194/3430
f 201/3431 188/3432 194/3433
f 201/3434 200/3435 188/3436
f 200/3437 193/3438 188/3439
f 284/3440 347/3441 348/3442
f 201/3443 316/3444 200/3445
f 316/3446 314/3447 200/3448
f 549/3449 563/3450 562/3451 552/3452
f 58/3453 373/3454 57/3455
f 58/3456 56/3457 373/3458
f 56/3459 67/3460 373/3461
f 67/3462 66/3463 373/3464
f 70/3465 322/3466 323/3467
f 119/3468 116/3469 322/3470
f 124/3471 325/3472 326/3473
f 176/3474 286/3475 285/3476
f 305/3477 298/3478 301/3479
f 298/3480 297/3481 301/3482
f 298/3483 292/3484 297/3485
f 292/3486 291/3487 297/3488
f 291/3489 294/3490 297/3491
f 288/3492 699/3493 290/3494
f 288/3495 697/3496 699/3497
f 608/3498 583/3499 450/3500 609/3501
f 697/3502 696/3503 692/3504
f 696/3505 691/3506 692/3507
f 78/3508 75/3509 325/3510
f 75/3511 324/3512 325/3513
f 124/3514 120/3515 325/3516
f 120/3517 123/3518 325/3519
f 49/3520 130/3521 50/3522
f 324/3523 49/3524 50/3525
f 48/3526 49/3527 324/3528
f 139/3529 222/3530 140/3531
f 227/3532 149/3533 145/3534
f 149/3535 151/3536 145/3537
f 143/3538 159/3539 151/3540
f 159/3541 158/3542 151/3543
f 489/3544 488/3545 607/3546 604/3547
f 52/3548 47/3549 54/3550 89/3551
f 457/3552 456/3553 707/3554
f 456/3555 455/3556 707/3557
f 270/3558 708/3559 707/3560
f 269/3561 248/3562 270/3563
f 248/3564 258/3565 270/3566
f 455/3567 456/3568 270/3569
f 248/3570 249/3571 258/3572
f 256/3573 261/3574 249/3575
f 248/3576 256/3577 249/3578
f 256/3579 263/3580 261/3581
f 282/3582 281/3583 262/3584
f 281/3585 268/3586 262/3587
f 263/3588 283/3589 262/3590
f 283/3591 282/3592 262/3593
f 282/3594 358/3595 281/3596
f 358/3597 355/3598 281/3599
f 358/3600 360/3601 355/3602
f 362/3603 354/3604 284/3605
f 362/3606 395/3607 354/3608
f 272/3609 275/3610 276/3611
f 272/3612 180/3613 183/3614
f 275/3615 272/3616 274/3617
f 195/3618 201/3619 187/3620
f 317/3621 198/3622 201/3623
f 199/3624 316/3625 201/3626
f 241/3627 440/3628 443/3629 240/3630
f 276/3631 275/3632 347/3633
f 360/3634 346/3635 347/3636
f 199/3637 314/3638 316/3639
f 101/3640 60/3641 104/3642
f 199/3643 105/3644 104/3645
f 110/3646 113/3647 66/3648
f 68/3649 110/3650 66/3651
f 60/3652 101/3653 67/3654
f 528/3655 962/3656 961/3657 529/3658
f 110/3659 209/3660 113/3661
f 209/3662 117/3663 118/3664
f 115/3665 70/3666 118/3667
f 702/3668 701/3669 689/3670 634/3671
f 116/3672 119/3673 70/3674
f 120/3675 124/3676 72/3677
f 307/3678 308/3679 286/3680
f 306/3681 237/3682 305/3683
f 237/3684 304/3685 305/3686
f 304/3687 302/3688 305/3689
f 302/3690 298/3691 305/3692
f 302/3693 292/3694 298/3695
f 307/3696 238/3697 306/3698
f 238/3699 287/3700 306/3701
f 287/3702 237/3703 306/3704
f 289/3705 288/3706 292/3707
f 288/3708 291/3709 292/3710
f 446/3711 418/3712 292/3713
f 418/3714 289/3715 292/3716
f 289/3717 418/3718 288/3719
f 418/3720 419/3721 288/3722
f 419/3723 418/3724 697/3725
f 418/3726 417/3727 697/3728
f 417/3729 416/3730 697/3731
f 691/3732 696/3733 697/3734
f 125/3735 77/3736 78/3737
f 231/3738 153/3739 152/3740 169/3741
f 502/3742 511/3743 512/3744 579/3745
f 122/3746 125/3747 123/3748
f 693/3749 692/3750 636/3751 704/3752
f 129/3753 128/3754 150/3755 148/3756
f 214/3757 219/3758 139/3759
f 224/3760 149/3761 227/3762
f 219/3763 224/3764 227/3765
f 224/3766 226/3767 149/3768
f 226/3769 146/3770 149/3771
f 214/3772 224/3773 219/3774
f 128/3775 141/3776 150/3777
f 142/3778 160/3779 150/3780
f 160/3781 143/3782 150/3783
f 560/3784 410/3785 429/3786 426/3787
f 154/3788 163/3789 165/3790
f 234/3791 336/3792 337/3793
f 336/3794 239/3795 337/3796
f 344/3797 339/3798 394/3799
f 703/3800 449/3801 706/3802
f 449/3803 485/3804 458/3805
f 485/3806 387/3807 458/3808
f 387/3809 487/3810 457/3811
f 487/3812 269/3813 456/3814
f 387/3815 248/3816 269/3817
f 257/3818 250/3819 251/3820
f 251/3821 253/3822 256/3823
f 252/3824 263/3825 256/3826
f 252/3827 254/3828 263/3829
f 254/3830 283/3831 263/3832
f 283/3833 357/3834 282/3835
f 357/3836 356/3837 282/3838
f 356/3839 358/3840 282/3841
f 361/3842 369/3843 358/3844
f 802/3845 801/3846 803/3847 941/3848
f 567/3849 566/3850 522/3851 520/3852
f 276/3853 310/3854 311/3855
f 318/3856 197/3857 202/3858
f 206/3859 315/3860 317/3861
f 315/3862 198/3863 317/3864
f 315/3865 199/3866 198/3867
f 703/3868 706/3869 707/3870 700/3871
f 206/3872 204/3873 105/3874
f 61/3875 101/3876 105/3877
f 112/3878 209/3879 110/3880
f 1053/3881 1052/3882 1013/3883 944/3884
f 994/3885 999/3886 998/3887 990/3888
f 210/3889 117/3890 209/3891
f 112/3892 111/3893 209/3894
f 392/3895 114/3896 117/3897
f 114/3898 392/3899 115/3900
f 344/3901 239/3902 339/3903
f 338/3904 340/3905 238/3906
f 341/3907 340/3908 338/3909
f 443/3910 302/3911 304/3912
f 303/3913 293/3914 302/3915
f 443/3916 303/3917 302/3918
f 443/3919 420/3920 293/3921
f 443/3922 442/3923 420/3924
f 442/3925 445/3926 420/3927
f 445/3928 446/3929 420/3930
f 633/3931 690/3932 695/3933
f 126/3934 76/3935 77/3936
f 191/3937 196/3938 195/3939 190/3940
f 213/3941 212/3942 122/3943
f 74/3944 133/3945 83/3946
f 220/3947 226/3948 224/3949
f 220/3950 147/3951 146/3952
f 138/3953 133/3954 74/3955 215/3956
f 430/3957 433/3958 434/3959 431/3960
f 429/3961 410/3962 559/3963 432/3964
f 1065/3965 1064/3966 909/3967 762/3968
f 232/3969 162/3970 166/3971
f 162/3972 154/3973 166/3974
f 232/3975 233/3976 154/3977
f 233/3978 234/3979 154/3980
f 220/3981 215/3982 147/3983
f 215/3984 216/3985 147/3986
f 233/3987 327/3988 234/3989
f 327/3990 335/3991 336/3992
f 335/3993 341/3994 336/3995
f 701/3996 702/3997 703/3998
f 569/3999 510/4000 511/4001 502/4002
f 705/4003 709/4004 642/4005 638/4006
f 383/4007 379/4008 382/4009 399/4010
f 484/4011 387/4012 485/4013
f 484/4014 388/4015 387/4016
f 388/4017 255/4018 387/4019
f 255/4020 253/4021 387/4022
f 251/4023 250/4024 387/4025
f 250/4026 257/4027 387/4028
f 255/4029 254/4030 253/4031
f 254/4032 252/4033 253/4034
f 255/4035 388/4036 254/4037
f 484/4038 481/4039 357/4040
f 434/4041 437/4042 367/4043 366/4044
f 372/4045 371/4046 359/4047
f 371/4048 370/4049 359/4050
f 370/4051 361/4052 359/4053
f 184/4054 179/4055 191/4056
f 412/4057 438/4058 435/4059 411/4060
f 277/4061 271/4062 184/4063
f 186/4064 185/4065 196/4066
f 106/4067 318/4068 313/4069
f 153/4070 142/4071 141/4072 152/4073
f 106/4074 204/4075 206/4076
f 351/4077 277/4078 352/4079
f 371/4080 372/4081 352/4082
f 363/4083 351/4084 352/4085
f 63/4086 69/4087 62/4088
f 732/4089 734/4090 879/4091 729/4092
f 64/4093 109/4094 69/4095
f 626/4096 686/4097 687/4098
f 827/4099 821/4100 823/4101 813/4102
f 888/4103 890/4104 887/4105 982/4106
f 368/4107 342/4108 340/4109
f 343/4110 240/4111 340/4112
f 551/4113 550/4114 553/4115 554/4116
f 343/4117 241/4118 240/4119
f 136/4120 666/4121 670/4122 137/4123
f 414/4124 633/4125 415/4126
f 310/4127 191/4128 190/4129 311/4130
f 407/4131 425/4132 422/4133 533/4134
f 211/4135 126/4136 212/4137
f 904/4138 885/4139 890/4140 899/4141
f 906/4142 905/4143 767/4144 766/4145
f 605/4146 604/4147 607/4148 608/4149
f 862/4150 863/4151 859/4152 853/4153
f 135/4154 134/4155 82/4156
f 134/4157 74/4158 82/4159
f 675/4160 679/4161 378/4162
f 905/4163 906/4164 764/4165 763/4166
f 602/4167 599/4168 598/4169 601/4170
f 215/4171 220/4172 138/4173
f 670/4174 667/4175 621/4176
f 668/4177 671/4178 621/4179
f 567/4180 965/4181 964/4182 566/4183
f 380/4184 168/4185 167/4186
f 136/4187 137/4188 216/4189 135/4190
f 555/4191 556/4192 553/4193 552/4194
f 229/4195 333/4196 332/4197
f 332/4198 331/4199 245/4200
f 907/4201 515/4202 517/4203 908/4204
f 327/4205 233/4206 232/4207
f 134/4208 135/4209 216/4210
f 1013/4211 950/4212 1018/4213 944/4214
f 838/4215 846/4216 839/4217 837/4218
f 531/4219 423/4220 424/4221 532/4222
f 486/4223 459/4224 448/4225
f 817/4226 816/4227 833/4228 717/4229
f 460/4230 461/4231 486/4232
f 461/4233 577/4234 486/4235
f 594/4236 571/4237 570/4238 591/4239
f 653/4240 179/4241 184/4242
f 351/4243 278/4244 277/4245
f 617/4246 662/4247 664/4248
f 917/4249 914/4250 781/4251 780/4252
f 910/4253 771/4254 914/4255 917/4256
f 103/4257 102/4258 98/4259 312/4260
f 661/4261 615/4262 617/4263
f 363/4264 350/4265 351/4266
f 350/4267 279/4268 351/4269
f 958/4270 957/4271 412/4272 411/4273
f 761/4274 762/4275 909/4276 763/4277
f 594/4278 597/4279 572/4280 571/4281
f 825/4282 807/4283 808/4284
f 825/4285 816/4286 818/4287
f 343/4288 342/4289 368/4290
f 241/4291 437/4292 440/4293
f 811/4294 810/4295 657/4296 663/4297
f 412/4298 558/4299 441/4300
f 486/4301 485/4302 449/4303 459/4304
f 413/4305 444/4306 441/4307
f 413/4308 414/4309 444/4310
f 755/4311 754/4312 509/4313 402/4314
f 675/4315 851/4316 676/4317
f 851/4318 677/4319 676/4320
f 622/4321 680/4322 677/4323
f 179/4324 192/4325 185/4326 186/4327
f 622/4328 678/4329 680/4330
f 169/4331 168/4332 236/4333 330/4334
f 674/4335 675/4336 682/4337
f 817/4338 624/4339 625/4340 818/4341
f 592/4342 595/4343 596/4344 593/4345
f 662/4346 665/4347 313/4348 107/4349
f 685/4350 659/4351 660/4352 658/4353
f 334/4354 328/4355 332/4356
f 328/4357 331/4358 332/4359
f 168/4360 169/4361 152/4362 167/4363
f 1033/4364 1034/4365 1048/4366 1047/4367
f 320/4368 319/4369 367/4370
f 319/4371 366/4372 367/4373
f 974/4374 973/4375 460/4376
f 431/4377 434/4378 366/4379 319/4380
f 956/4381 955/4382 634/4383
f 955/4384 954/4385 634/4386
f 955/4387 956/4388 868/4389
f 955/4390 868/4391 867/4392
f 955/4393 957/4394 958/4395
f 955/4396 958/4397 959/4398
f 955/4399 959/4400 960/4401
f 955/4402 961/4403 962/4404
f 955/4405 963/4406 964/4407
f 955/4408 965/4409 864/4410
f 955/4411 967/4412 968/4413
f 955/4414 968/4415 969/4416
f 955/4417 972/4418 973/4419
f 955/4420 973/4421 974/4422
f 955/4423 974/4424 975/4425
f 955/4426 869/4427 954/4428
f 737/4429 862/4430 726/4431 738/4432
f 870/4433 463/4434 462/4435
f 132/4436 214/4437 139/4438 131/4439
f 454/4440 321/4441 475/4442
f 454/4443 472/4444 321/4445
f 271/4446 278/4447 653/4448
f 609/4449 450/4450 584/4451 574/4452
f 660/4453 659/4454 65/4455 109/4456
f 420/4457 446/4458 292/4459 293/4460
f 942/4461 943/4462 805/4463
f 109/4464 65/4465 111/4466 69/4467
f 722/4468 723/4469 667/4470 618/4471
f 589/4472 591/4473 570/4474 579/4475
f 415/4476 695/4477 691/4478 416/4479
f 495/4480 494/4481 618/4482 672/4483
f 328/4484 327/4485 232/4486 331/4487
f 451/4488 582/4489 390/4490 466/4491
f 650/4492 649/4493 391/4494
f 819/4495 816/4496 825/4497
f 833/4498 816/4499 815/4500 834/4501
f 834/4502 815/4503 814/4504 831/4505
f 551/4506 554/4507 535/4508 404/4509
f 64/4510 63/4511 106/4512 203/4513
f 158/4514 157/4515 144/4516 151/4517
f 722/4518 947/4519 948/4520 723/4521
f 972/4522 461/4523 460/4524 973/4525
f 867/4526 868/4527 447/4528
f 850/4529 623/4530 851/4531
f 842/4532 850/4533 851/4534
f 570/4535 571/4536 872/4537 969/4538
f 1010/4539 810/4540 811/4541 1011/4542
f 664/4543 662/4544 107/4545 185/4546
f 947/4547 840/4548 948/4549
f 840/4550 839/4551 948/4552
f 428/4553 421/4554 384/4555 425/4556
f 776/4557 769/4558 770/4559 913/4560
f 406/4561 422/4562 364/4563
f 319/4564 320/4565 364/4566
f 329/4567 330/4568 364/4569
f 334/4570 333/4571 329/4572
f 127/4573 73/4574 82/4575 79/4576
f 603/4577 586/4578 573/4579 600/4580
f 607/4581 488/4582 582/4583 451/4584
f 576/4585 477/4586 463/4587
f 577/4588 462/4589 483/4590 486/4591
f 216/4592 215/4593 74/4594 134/4595
f 453/4596 389/4597 472/4598
f 568/4599 505/4600 518/4601 516/4602
f 1003/4603 943/4604 942/4605
f 1002/4606 1011/4607 1012/4608
f 823/4609 1010/4610 1011/4611
f 464/4612 474/4613 477/4614 576/4615
f 714/4616 715/4617 614/4618
f 650/4619 43/4620 649/4621
f 452/4622 610/4623 453/4624
f 197/4625 317/4626 201/4627 202/4628
f 211/4629 677/4630 680/4631 76/4632
f 714/4633 820/4634 715/4635
f 814/4636 819/4637 824/4638
f 841/4639 842/4640 833/4641
f 837/4642 836/4643 813/4644 828/4645
f 409/4646 408/4647 960/4648 959/4649
f 843/4650 720/4651 719/4652
f 1019/4653 1017/4654 1016/4655
f 1017/4656 1014/4657 1016/4658
f 1014/4659 1015/4660 1016/4661
f 707/4662 708/4663 705/4664 636/4665
f 48/4666 81/4667 84/4668 49/4669
f 829/4670 828/4671 822/4672 812/4673
f 1014/4674 1020/4675 1015/4676
f 984/4677 983/4678 1020/4679
f 876/4680 877/4681 1020/4682
f 877/4683 878/4684 1020/4685
f 800/4686 940/4687 939/4688 801/4689
f 853/4690 858/4691 952/4692
f 858/4693 857/4694 847/4695
f 857/4696 856/4697 847/4698
f 133/4699 132/4700 84/4701 83/4702
f 534/4703 533/4704 406/4705
f 533/4706 422/4707 406/4708
f 425/4709 384/4710 422/4711
f 57/4712 102/4713 103/4714 58/4715
f 843/4716 844/4717 720/4718
f 435/4719 438/4720 439/4721 436/4722
f 80/4723 81/4724 75/4725 78/4726
f 441/4727 444/4728 445/4729 442/4730
f 568/4731 516/4732 514/4733 504/4734
f 992/4735 991/4736 1009/4737
f 991/4738 990/4739 1009/4740
f 938/4741 1002/4742 1003/4743
f 1001/4744 812/4745 1002/4746
f 812/4747 822/4748 1002/4749
f 938/4750 1008/4751 1002/4752
f 844/4753 845/4754 947/4755 849/4756
f 61/4757 68/4758 67/4759 101/4760
f 466/4761 390/4762 452/4763
f 153/4764 166/4765 160/4766 142/4767
f 638/4768 639/4769 631/4770 694/4771
f 597/4772 600/4773 573/4774 572/4775
f 906/4776 766/4777 765/4778 907/4779
f 1047/4780 1048/4781 1019/4782
f 1077/4783 1076/4784 1019/4785
f 1049/4786 1018/4787 1017/4788
f 827/4789 826/4790 820/4791 821/4792
f 838/4793 837/4794 828/4795 829/4796
f 835/4797 826/4798 827/4799 830/4800
f 194/4801 188/4802 189/4803 181/4804
f 986/4805 875/4806 881/4807
f 875/4808 984/4809 881/4810
f 981/4811 985/4812 984/4813
f 985/4814 876/4815 983/4816
f 982/4817 877/4818 876/4819
f 625/4820 210/4821 209/4822 686/4823
f 859/4824 857/4825 858/4826 853/4827
f 602/4828 605/4829 606/4830 603/4831
f 880/4832 728/4833 879/4834
f 728/4835 727/4836 861/4837
f 922/4838 780/4839 777/4840 778/4841
f 405/4842 535/4843 534/4844
f 557/4845 407/4846 533/4847
f 136/4848 135/4849 82/4850 73/4851
f 439/4852 442/4853 443/4854 440/4855
f 556/4856 532/4857 407/4858 557/4859
f 367/4860 368/4861 327/4862 328/4863
f 584/4864 468/4865 471/4866
f 584/4867 450/4868 468/4869
f 583/4870 451/4871 467/4872
f 450/4873 583/4874 467/4875
f 787/4876 797/4877 798/4878
f 796/4879 799/4880 786/4881
f 789/4882 782/4883 930/4884 790/4885
f 937/4886 938/4887 1000/4888
f 929/4889 784/4890 783/4891
f 79/4892 80/4893 78/4894 77/4895
f 790/4896 930/4897 783/4898
f 578/4899 587/4900 969/4901 968/4902
f 60/4903 59/4904 205/4905 104/4906
f 920/4907 993/4908 992/4909
f 993/4910 994/4911 991/4912
f 959/4913 958/4914 559/4915 410/4916
f 999/4917 931/4918 998/4919
f 927/4920 996/4921 928/4922
f 1008/4923 1074/4924 1001/4925
f 1074/4926 1073/4927 1001/4928
f 618/4929 667/4930 670/4931 666/4932
f 1007/4933 1043/4934 1008/4935
f 1075/4936 1074/4937 1008/4938
f 159/4939 165/4940 164/4941 158/4942
f 977/4943 978/4944 787/4945
f 492/4946 797/4947 787/4948
f 741/4949 732/4950 729/4951 742/4952
f 645/4953 646/4954 582/4955
f 656/4956 660/4957 109/4958 64/4959
f 885/4960 884/4961 730/4962 741/4963
f 679/4964 676/4965 212/4966 213/4967
f 940/4968 942/4969 805/4970 939/4971
f 1034/4972 1035/4973 1077/4974
f 1035/4975 1076/4976 1077/4977
f 1068/4978 1050/4979 1049/4980
f 1050/4981 1018/4982 1049/4983
f 936/4984 1006/4985 1007/4986 937/4987
f 700/4988 691/4989 690/4990 635/4991
f 796/4992 786/4993 798/4994 797/4995
f 1005/4996 1006/4997 936/4998 1004/4999
f 987/5000 882/5001 875/5002
f 882/5003 988/5004 875/5005
f 886/5006 741/5007 742/5008 887/5009
f 1069/5010 1078/5011 1079/5012 1070/5013
f 890/5014 886/5015 887/5016
f 697/5017 692/5018 698/5019 699/5020
f 741/5021 730/5022 732/5023
f 728/5024 880/5025 736/5026
f 737/5027 863/5028 862/5029
f 423/5030 426/5031 427/5032 424/5033
f 590/5034 593/5035 594/5036 591/5037
f 735/5038 733/5039 405/5040
f 403/5041 404/5042 405/5043
f 737/5044 735/5045 405/5046
f 531/5047 408/5048 423/5049
f 586/5050 585/5051 970/5052
f 59/5053 58/5054 103/5055 205/5056
f 575/5057 471/5058 474/5059 464/5060
f 492/5061 795/5062 797/5063
f 936/5064 937/5065 935/5066
f 893/5067 936/5068 935/5069
f 516/5070 518/5071 519/5072 517/5073
f 1006/5074 1059/5075 1007/5076
f 677/5077 211/5078 212/5079 676/5080
f 777/5081 788/5082 790/5083
f 921/5084 920/5085 789/5086
f 989/5087 932/5088 931/5089
f 932/5090 933/5091 931/5092
f 933/5093 926/5094 931/5095
f 925/5096 927/5097 931/5098
f 1075/5099 1029/5100 1074/5101
f 1029/5102 1073/5103 1074/5104
f 1029/5105 1030/5106 1073/5107
f 614/5108 658/5109 657/5110 655/5111
f 739/5112 740/5113 730/5114 884/5115
f 1059/5116 1058/5117 1043/5118
f 643/5119 978/5120 977/5121
f 643/5122 644/5123 978/5124
f 648/5125 647/5126 492/5127
f 489/5128 490/5129 492/5130
f 793/5131 795/5132 492/5133
f 596/5134 599/5135 600/5136 597/5137
f 424/5138 427/5139 428/5140 425/5141
f 489/5142 647/5143 488/5144
f 566/5145 565/5146 523/5147 522/5148
f 562/5149 563/5150 866/5151
f 562/5152 561/5153 408/5154
f 531/5155 555/5156 408/5157
f 555/5158 552/5159 408/5160
f 428/5161 431/5162 385/5163 421/5164
f 1032/5165 1055/5166 1056/5167
f 1032/5168 1030/5169 1029/5170
f 1032/5171 1058/5172 1059/5173
f 1032/5174 1027/5175 1026/5176
f 1032/5177 1061/5178 1062/5179
f 1032/5180 1064/5181 1065/5182
f 1032/5183 1041/5184 1040/5185
f 1032/5186 1039/5187 1038/5188
f 1032/5189 1067/5190 1068/5191
f 1032/5192 1035/5193 1034/5194
f 1032/5195 1034/5196 1033/5197
f 1032/5198 1069/5199 1070/5200
f 1067/5201 1050/5202 1068/5203
f 542/5204 545/5205 740/5206 739/5207
f 1054/5208 1052/5209 1053/5210
f 752/5211 897/5212 900/5213
f 901/5214 890/5215 888/5216
f 898/5217 751/5218 901/5219
f 899/5220 890/5221 901/5222
f 885/5223 741/5224 890/5225
f 741/5226 886/5227 890/5228
f 478/5229 359/5230 357/5231 481/5232
f 69/5233 111/5234 110/5235 68/5236
f 730/5237 740/5238 731/5239
f 536/5240 551/5241 731/5242
f 551/5243 733/5244 731/5245
f 403/5246 551/5247 404/5248
f 542/5249 541/5250 544/5251 545/5252
f 468/5253 467/5254 470/5255 471/5256
f 313/5257 318/5258 202/5259 107/5260
f 571/5261 572/5262 872/5263
f 572/5264 573/5265 872/5266
f 130/5267 140/5268 85/5269 50/5270
f 550/5271 551/5272 548/5273 547/5274
f 1005/5275 1028/5276 1006/5277
f 601/5278 791/5279 793/5280
f 601/5281 598/5282 791/5283
f 133/5284 138/5285 214/5286 132/5287
f 781/5288 788/5289 777/5290
f 781/5291 924/5292 921/5293
f 913/5294 770/5295 918/5296
f 1051/5297 926/5298 933/5299
f 644/5300 643/5301 33/5302
f 604/5303 490/5304 489/5305
f 601/5306 491/5307 604/5308
f 549/5309 530/5310 563/5311
f 608/5312 607/5313 451/5314 583/5315
f 477/5316 476/5317 479/5318 480/5319
f 744/5320 745/5321 752/5322
f 1038/5323 1039/5324 752/5325
f 1066/5326 743/5327 752/5328
f 756/5329 898/5330 897/5331
f 657/5332 656/5333 665/5334 663/5335
f 904/5336 889/5337 885/5338
f 1016/5339 1015/5340 1021/5341 948/5342
f 545/5343 548/5344 740/5345
f 889/5346 739/5347 884/5348
f 587/5349 579/5350 570/5351
f 606/5352 609/5353 574/5354 585/5355
f 432/5356 435/5357 436/5358 433/5359
f 794/5360 792/5361 783/5362 784/5363
f 1051/5364 1005/5365 1004/5366
f 470/5367 469/5368 472/5369 473/5370
f 779/5371 922/5372 778/5373
f 598/5374 595/5375 778/5376
f 595/5377 779/5378 778/5379
f 581/5380 592/5381 922/5382
f 915/5383 916/5384 922/5385
f 916/5386 923/5387 922/5388
f 923/5389 780/5390 922/5391
f 916/5392 917/5393 780/5394
f 749/5395 904/5396 899/5397 750/5398
f 771/5399 911/5400 914/5401
f 771/5402 774/5403 911/5404
f 776/5405 913/5406 912/5407
f 1079/5408 1078/5409 1019/5410 946/5411
f 895/5412 894/5413 770/5414
f 1026/5415 1027/5416 770/5417
f 778/5418 777/5419 790/5420 791/5421
f 543/5422 529/5423 564/5424
f 507/5425 527/5426 528/5427
f 483/5428 482/5429 485/5430 486/5431
f 1066/5432 744/5433 743/5434
f 891/5435 756/5436 745/5437
f 750/5438 899/5439 901/5440 751/5441
f 762/5442 761/5443 756/5444
f 761/5445 760/5446 756/5447
f 753/5448 749/5449 750/5450
f 509/5451 754/5452 753/5453
f 755/5454 749/5455 753/5456
f 749/5457 903/5458 904/5459
f 903/5460 889/5461 904/5462
f 903/5463 902/5464 889/5465
f 902/5466 539/5467 542/5468
f 501/5469 579/5470 578/5471
f 538/5472 509/5473 525/5474 537/5475
f 512/5476 500/5477 579/5478
f 500/5479 589/5480 579/5481
f 501/5482 502/5483 579/5484
f 541/5485 540/5486 543/5487 544/5488
f 547/5489 546/5490 549/5491 550/5492
f 595/5493 581/5494 779/5495
f 916/5496 915/5497 592/5498
f 772/5499 910/5500 916/5501
f 910/5502 774/5503 771/5504
f 773/5505 498/5506 774/5507
f 757/5508 765/5509 774/5510
f 910/5511 775/5512 774/5513
f 896/5514 769/5515 776/5516
f 767/5517 768/5518 776/5519
f 1040/5520 1041/5521 891/5522 745/5523
f 1061/5524 894/5525 895/5526
f 275/5527 274/5528 348/5529 347/5530
f 507/5531 506/5532 527/5533
f 760/5534 746/5535 753/5536 756/5537
f 525/5538 526/5539 537/5540
f 526/5541 508/5542 537/5543
f 927/5544 928/5545 998/5546 931/5547
f 565/5548 506/5549 507/5550
f 833/5551 842/5552 832/5553 717/5554
f 748/5555 903/5556 749/5557
f 519/5558 521/5559 747/5560
f 521/5561 520/5562 747/5563
f 520/5564 522/5565 747/5566
f 522/5567 523/5568 747/5569
f 523/5570 524/5571 525/5572
f 524/5573 526/5574 525/5575
f 538/5576 748/5577 755/5578
f 538/5579 902/5580 903/5581
f 538/5582 539/5583 902/5584
f 719/5585 720/5586 672/5587 622/5588
f 502/5589 501/5590 967/5591
f 580/5592 512/5593 511/5594
f 510/5595 757/5596 511/5597
f 580/5598 499/5599 512/5600
f 499/5601 589/5602 500/5603
f 499/5604 580/5605 589/5606
f 588/5607 775/5608 590/5609
f 775/5610 772/5611 590/5612
f 772/5613 593/5614 590/5615
f 775/5616 910/5617 772/5618
f 588/5619 580/5620 498/5621
f 510/5622 513/5623 757/5624
f 513/5625 514/5626 757/5627
f 514/5628 515/5629 757/5630
f 756/5631 753/5632 751/5633 898/5634
f 736/5635 880/5636 879/5637 734/5638
f 794/5639 784/5640 929/5641 796/5642
f 56/5643 58/5644 59/5645 67/5646
f 758/5647 759/5648 768/5649
f 114/5650 115/5651 118/5652 117/5653
f 524/5654 508/5655 526/5656
f 85/5657 93/5658 92/5659 86/5660
f 566/5661 964/5662 565/5663
f 759/5664 758/5665 909/5666
f 758/5667 768/5668 767/5669 905/5670
f 517/5671 519/5672 908/5673
f 1007/5674 1008/5675 938/5676 937/5677
f 505/5678 567/5679 520/5680
f 508/5681 507/5682 528/5683 537/5684
f 503/5685 510/5686 569/5687
f 84/5688 131/5689 130/5690 49/5691
f 371/5692 352/5693 353/5694 370/5695
f 504/5696 503/5697 966/5698
