# Exported from USD: /NEX35_C00/link_2_l/collisions/nex35_link_2_l/mesh
mtllib mesh_5.mtl

g mesh
v -0.11880600 0.07828004 -0.16674905
v -0.12914601 0.05969904 -0.16674905
v -0.13660100 0.03978404 -0.16674904
v -0.14100501 0.01898004 -0.16674904
v -0.14225900 -0.00224797 -0.16674904
v -0.13527599 -0.04407897 -0.16674903
v -0.12719500 -0.06374897 -0.16674903
v -0.10275399 -0.09840798 -0.16674903
v -0.04988097 -0.13324599 -0.16674902
v 0.94215507 -0.13027011 -0.15657002
v 0.96201510 -0.12207211 -0.15657002
v 0.98034818 -0.11086711 -0.15657003
v 0.99670215 -0.09693311 -0.15657003
v 1.03521009 -0.02158111 -0.15657004
v 1.02207215 0.06201491 -0.15657005
v 1.01086708 0.08034790 -0.15657005
v 0.99693318 0.09670192 -0.15657005
v 0.98061211 0.11067492 -0.15657005
v 0.96230609 0.12192291 -0.15657005
v 0.94246716 0.13016892 -0.15657005
v 0.90016407 0.13692093 -0.15657006
v -0.00852399 -0.14169199 -0.17112202
v -0.00847898 -0.14094599 -0.17395302
v -0.00836401 -0.13904100 -0.17797502
v -0.06955098 0.11874705 -0.18029406
v -0.10969498 0.08309805 -0.18029304
v -0.13314000 0.03481605 -0.18029304
v -0.13005501 -0.04498997 -0.18029303
v -0.11878499 -0.06948397 -0.18029504
v -0.08317300 -0.10963898 -0.18029302
v -0.03489702 -0.13311799 -0.18029403
v -0.00854401 -0.14203199 -0.16744702
v -0.02946399 -0.13919199 -0.16674902
v -0.06918298 -0.12432299 -0.16674902
v -0.08693900 -0.11262398 -0.16674903
v -0.11627301 -0.08199397 -0.16674903
v -0.14033499 -0.02342496 -0.16674904
v -0.10581201 0.09511305 -0.16674905
v -0.09045401 0.10982105 -0.16674905
v -0.07307600 0.12207604 -0.16674905
v -0.05406498 0.13160404 -0.16674905
v -0.03384696 0.13819205 -0.16674906
v 0.00000002 0.14227604 -0.16674906
v 0.00821402 0.13905004 -0.17797506
v 0.00837000 0.14170104 -0.17112206
v -0.03313701 0.13529404 -0.17797505
v -0.03376900 0.13787304 -0.17112205
v -0.07154300 0.11951604 -0.17797505
v -0.07290699 0.12179404 -0.17112205
v -0.10359299 0.09311805 -0.17797505
v -0.10556700 0.09489305 -0.17112205
v -0.12643799 0.05844704 -0.17797505
v -0.12884802 0.05956104 -0.17112205
v -0.13804799 0.01858204 -0.17797504
v -0.14067900 0.01893604 -0.17112204
v -0.13739201 -0.02293397 -0.17797504
v -0.14001101 -0.02337097 -0.17112204
v -0.12452799 -0.06241197 -0.17797503
v -0.12690201 -0.06360197 -0.17112203
v -0.10059899 -0.09634398 -0.17797503
v -0.10251700 -0.09818098 -0.17112203
v -0.06773200 -0.12171599 -0.17797502
v -0.06902300 -0.12403599 -0.17112202
v -0.02884601 -0.13627299 -0.17797502
v -0.02939598 -0.13887099 -0.17112202
v 0.90971917 -0.13632911 -0.15984902
v 0.90931410 -0.13063810 -0.16906302
v 0.93372614 -0.12525210 -0.16991603
v 0.95699007 -0.11652311 -0.16991603
v 1.02191611 -0.04429410 -0.16991604
v 1.02812513 -0.02023411 -0.16991604
v 1.02638312 0.02920090 -0.16991605
v 1.01849814 0.05276090 -0.16991605
v 1.00626607 0.07438391 -0.16991605
v 0.99013717 0.09327891 -0.16991605
v 0.97070308 0.10875091 -0.16991606
v 0.90015513 0.12971292 -0.16991606
v 0.90000016 0.13677193 -0.15926405
v 0.90000016 0.13692993 -0.15709306
v 0.92158109 0.13520893 -0.15657006
v 1.03027018 0.04215491 -0.15657004
v 1.03526111 0.02125790 -0.15657004
v 1.03692110 -0.00016410 -0.15657004
v 1.03016909 -0.04246611 -0.15657003
v 1.02192314 -0.06230611 -0.15657003
v 1.01067515 -0.08061211 -0.15657003
v 0.90015609 0.13096893 -0.16906306
v 0.90016109 0.13468294 -0.16499005
v 0.90016312 0.13667492 -0.15984906
v 0.94032318 -0.12460811 -0.16906303
v 0.94146712 -0.12814111 -0.16499002
v 0.94207914 -0.13003611 -0.15984902
v 0.97685511 -0.10604811 -0.16906303
v 0.97903509 -0.10905611 -0.16499002
v 0.98020310 -0.11066811 -0.15984903
v 1.00586517 -0.07710811 -0.16906303
v 1.00886615 -0.07929511 -0.16499002
v 1.01047619 -0.08046711 -0.15984903
v 1.02451118 -0.04062111 -0.16906304
v 1.02804216 -0.04177211 -0.16499003
v 1.02993508 -0.04239011 -0.15984904
v 1.03096910 -0.00015610 -0.16906304
v 1.03468319 -0.00016110 -0.16499003
v 1.03667517 -0.00016311 -0.15984904
v 1.02460809 0.04032290 -0.16906305
v 1.02814110 0.04146591 -0.16499004
v 1.03003617 0.04207890 -0.15984905
v 1.00604911 0.07685491 -0.16906305
v 1.00905617 0.07903490 -0.16499004
v 1.01066812 0.08020292 -0.15984905
v 0.97710807 0.10586491 -0.16906305
v 0.97929509 0.10886592 -0.16499004
v 0.98046715 0.11047591 -0.15984905
v 0.94062109 0.12451092 -0.16906306
v 0.94177217 0.12804193 -0.16499005
v 0.94239015 0.12993493 -0.15984906
v 0.90000016 0.13550892 -0.16346606
v 0.90000016 0.13308392 -0.16712306
v 0.90000016 0.12307293 -0.17380805
v -0.00826500 -0.13736900 -0.18029302
v -0.06019401 -0.12375399 -0.18029403
v -0.10295701 -0.09131298 -0.18029404
v -0.13633099 -0.01876397 -0.18029303
v -0.13737300 0.00818504 -0.18029303
v -0.12379601 0.06010904 -0.18029304
v -0.09137901 0.10289904 -0.18029305
v -0.04505699 0.13003104 -0.18029506
v -0.01882301 0.13632304 -0.18029305
v 0.00811501 0.13737804 -0.18029305
v -0.12189799 0.00009204 -0.19767405
v 0.13741204 -0.15700001 -0.16585902
v 0.13292906 -0.15700001 -0.16327101
v 0.13034102 -0.15700001 -0.15878801
v 0.13000003 -0.15700001 -0.15620002
v 0.13008604 -0.15700001 -0.15750502
v 0.13134006 -0.15700001 -0.16120002
v 0.13500002 -0.15700001 -0.16486001
v 0.13869503 -0.15700001 -0.16611402
v 0.90944416 -0.13246010 -0.16743403
v 0.90957815 -0.13434210 -0.16499001
v 0.90961010 -0.13479110 -0.16421203
v 0.90966911 -0.13561711 -0.16239702
v 0.90971011 -0.13619510 -0.16048901
v 0.90973813 -0.13658310 -0.15709302
v 0.92334110 -0.11741110 -0.17567603
v 0.94579513 -0.11060410 -0.17567603
v 0.96648319 -0.09955011 -0.17567603
v 0.98462017 -0.08467411 -0.17567603
v 1.01739510 -0.02342010 -0.17567604
v 1.01742514 0.02326890 -0.17567605
v 0.98472817 0.08456491 -0.17567605
v 0.90015513 0.11970892 -0.17567606
v 0.90000016 0.12640793 -0.17188705
v 0.92485816 0.12726493 -0.16994206
v 0.94867415 0.12023092 -0.16991805
v 1.02963217 0.00456790 -0.16991604
v 1.01123317 -0.06672811 -0.16991603
v 0.99646814 -0.08671411 -0.16991603
v 0.97816308 -0.10351811 -0.16991603
v 0.90922410 -0.12938410 -0.16991603
v 0.95553608 0.11386793 -0.17172205
v 1.00740619 -0.06872711 -0.17123602
v -0.10141899 -0.06762598 -0.19767504
v 0.14000002 -0.15700001 -0.16620002
v 0.18050002 -0.00067000 -0.23020004
v 0.18153505 -0.00146500 -0.23020004
v 0.18283002 -0.04729401 -0.23020003
v 0.18153505 -0.04953501 -0.23020003
v 0.17929403 -0.05083001 -0.23020003
v 0.16767005 -0.04850000 -0.23020003
v 0.16700004 -0.00500000 -0.23020004
v 0.16717003 -0.00370600 -0.23020004
v 0.16767005 -0.00250000 -0.23020004
v 0.17200003 0.00000000 -0.23020004
v 0.75115412 -0.02900108 -0.20451204
v 0.75899213 -0.04717307 -0.20170904
v 0.90000016 -0.11970910 -0.17567603
v 0.90000016 0.11937892 -0.17585205
v 0.92349214 0.11738093 -0.17567606
v 0.94593711 0.11054492 -0.17567606
v 0.96661015 0.09946492 -0.17567605
v 0.99959310 0.06641891 -0.17567605
v 1.01063319 0.04572191 -0.17567605
v 1.01970919 -0.00007710 -0.17567604
v 1.01057513 -0.04586410 -0.17567604
v 0.99950810 -0.06654611 -0.17567603
v 0.90015013 0.11560493 -0.17735506
v 0.93558211 -0.10999410 -0.17735503
v 0.96783013 -0.09361511 -0.17735503
v 0.99343915 -0.06807211 -0.17735504
v 1.00990112 -0.03586710 -0.17735504
v 1.01560517 -0.00015010 -0.17735505
v 1.00999411 0.03558091 -0.17735505
v 0.99361511 0.06782992 -0.17735505
v 0.96807308 0.09343892 -0.17735506
v 0.93586714 0.10990093 -0.17735506
v 0.74912613 0.02253694 -0.20422505
v 0.17800002 0.00000000 -0.23020004
v 0.18300001 -0.00500000 -0.23020004
v 0.18283002 -0.00370600 -0.23020004
v 0.18233006 -0.00250000 -0.23020004
v 0.17929403 -0.00017000 -0.23020004
v 0.18300001 -0.04600001 -0.23020003
v 0.17800002 -0.05100001 -0.23020003
v 0.18050002 -0.05033001 -0.23020003
v 0.18233006 -0.04850001 -0.23020003
v 0.17200003 -0.05100001 -0.23020003
v 0.16700004 -0.04600000 -0.23020003
v 0.16717003 -0.04729401 -0.23020003
v 0.16846506 -0.04953501 -0.23020003
v 0.16950004 -0.05033001 -0.23020003
v 0.17070602 -0.05083001 -0.23020003
v 0.17070602 -0.00017000 -0.23020004
v 0.16950004 -0.00067000 -0.23020004
v 0.16846506 -0.00146500 -0.23020004
v 0.63258806 -0.15700007 -0.16585902
v 0.63500014 -0.15700007 -0.16486001
v 0.63707105 -0.15700007 -0.16327101
v 0.63866011 -0.15700007 -0.16120002
v 0.63965908 -0.15700007 -0.15878801
v 0.63991407 -0.15700007 -0.15750502
v 0.64000014 -0.15700007 -0.15620002
v 0.63130513 -0.15700007 -0.16611402
v 0.63000015 -0.15700007 -0.16620002
v 0.75361007 -0.02813707 -0.20444203
v 0.75230615 -0.03237307 -0.20409303
v 0.90000016 -0.11937910 -0.17585203
v 0.75124316 0.01888893 -0.20448904
v 0.75216108 -0.02613007 -0.20461404
v 0.00232902 0.09719303 -0.22620006
v 0.00000002 0.09750004 -0.22620006
v -0.00232897 0.09719303 -0.22620006
v -0.05061398 0.08300704 -0.22620005
v -0.06707899 0.07037303 -0.22620005
v -0.09417798 0.02523504 -0.22620005
v -0.09448399 0.02290504 -0.22620005
v -0.08495800 -0.04769397 -0.22620004
v -0.08443700 -0.04874998 -0.22620004
v -0.06894298 -0.06894298 -0.22620004
v -0.05061398 -0.08300698 -0.22620003
v -0.04874997 -0.08443698 -0.22620003
v -0.04657899 -0.08533598 -0.22620003
v 0.02523502 -0.09417799 -0.22620003
v 0.02523502 0.09417803 -0.22620006
v -0.02523498 0.09417804 -0.22620006
v -0.04874997 0.08443704 -0.22620005
v -0.04657899 0.08533603 -0.22620005
v -0.07037298 0.06707904 -0.22620005
v -0.06894298 0.06894304 -0.22620005
v -0.08443700 0.04875004 -0.22620005
v -0.09440698 0.02408004 -0.22620005
v -0.09379898 -0.02634997 -0.22620004
v -0.09417798 -0.02523497 -0.22620004
v -0.09440698 -0.02407997 -0.22620004
v -0.09448399 -0.02290497 -0.22620004
v -0.07037298 -0.06707898 -0.22620004
v -0.02523498 -0.09417799 -0.22620003
v 0.00232902 -0.09719299 -0.22620003
v 0.00000002 -0.09749999 -0.22620003
v -0.00232897 -0.09719299 -0.22620003
v 0.90974202 -0.13664811 0.15929102
v -0.00852605 -0.14172199 0.15929102
v -0.06214604 -0.12761599 0.15928802
v -0.08261705 -0.11542298 0.15928802
v -0.11605603 -0.08172598 0.15928801
v -0.12808804 -0.06116697 0.15928801
v -0.14109404 -0.01550697 0.15928801
v -0.10571004 0.09472805 0.15928799
v -0.06856004 0.12428805 0.15928799
v -0.02374300 0.13994404 0.15928799
v 0.90000012 0.13697792 0.15929098
v 0.94534114 0.12929193 0.15928999
v 0.96640411 0.11984592 0.15928999
v 0.98557607 0.10699992 0.15928999
v 1.00232307 0.09111692 0.15928999
v 1.01616506 0.07264890 0.15928999
v 1.03366212 0.03011090 0.15929000
v 1.03682010 0.00724790 0.15929000
v 1.03609614 -0.01582011 0.15929000
v 1.02319113 -0.05996911 0.15929001
v 0.97869710 -0.11215711 0.15929001
v 0.94299105 -0.13009311 0.15929002
v 0.90484407 0.13631293 0.16707899
v 0.91159906 0.13558593 0.17162599
v 0.98109809 0.10937192 0.17051499
v 0.99698905 0.09590491 0.16707899
v 1.03569404 0.01112890 0.17064901
v 1.03611509 0.00800090 0.16778600
v 1.03626410 -0.00593910 0.16716001
v 1.03611509 -0.00800110 0.16778600
v 1.03569404 -0.01112910 0.17064901
v 1.00276009 -0.08934111 0.17039501
v 0.98765007 -0.10450911 0.16707902
v 0.98109809 -0.10937211 0.17051502
v 0.93162408 -0.13235511 0.17162602
v 0.92657104 -0.13441110 0.15929002
v 0.95875004 -0.12377711 0.15929002
v 0.99640111 -0.09736111 0.15929001
v 1.01137809 -0.07979611 0.15929001
v 1.03150908 -0.03844011 0.15929001
v 1.02671210 0.05211990 0.15929000
v 0.92300310 0.13506792 0.15928999
v 0.88860609 -0.13708510 0.17336402
v 0.88919213 -0.13652510 0.17373002
v 0.90000011 0.04005392 0.21107000
v 0.90000012 0.07907393 0.20146499
v 0.00529299 0.12236303 0.19149998
v 0.00270596 0.12143303 0.19221499
v -0.00000003 0.08404304 0.21478499
v -0.00000003 0.04302903 0.22861600
v -0.00000003 0.00000002 0.23330001
v -0.00000003 -0.08404299 0.21478501
v 0.00086299 -0.12115299 0.19242903
v 0.00683597 -0.12327699 0.19078902
v 0.00979999 -0.12622300 0.18843802
v 0.01137999 -0.12928400 0.18589701
v 0.01205800 -0.13418400 0.18160601
v 0.01168499 -0.13995900 0.17616901
v 0.01156197 -0.14089800 0.17524302
v 0.01138196 -0.14180000 0.17434203
v 0.21084201 -0.08113401 0.21610402
v 0.18926399 -0.06504201 0.22242801
v 0.17721300 -0.05298401 0.22615401
v 0.15526001 -0.00020400 0.23330001
v 0.14762698 0.04589001 0.22797600
v 0.14335697 0.05936401 0.22428100
v 0.14077597 0.07338301 0.21934999
v 0.10956000 0.10002902 0.20648799
v 0.04356799 0.13156403 0.18393299
v 0.03854296 0.13331303 0.18239199
v 0.01455096 0.13858804 0.17750798
v -0.01093301 -0.14074599 0.17034902
v -0.03195104 -0.13728599 0.17342702
v -0.06804803 -0.12344099 0.17342702
v -0.08368105 -0.11342698 0.17342702
v -0.08756403 -0.11095498 0.16784802
v -0.09084604 -0.10835498 0.16707902
v -0.09678802 -0.10308098 0.16707902
v -0.10223005 -0.09766598 0.16727802
v -0.10648105 -0.09263598 0.17082101
v -0.12687404 -0.06141097 0.17342701
v -0.14055206 -0.01177196 0.17217401
v -0.14067004 -0.01131397 0.17100901
v -0.14125605 0.00615303 0.16719200
v -0.14055104 0.01177404 0.17217200
v -0.13477505 0.04127904 0.17342700
v -0.10694204 0.09192104 0.17252999
v -0.10648004 0.09263804 0.17081799
v -0.05175802 0.13110804 0.17342699
v -0.03222504 0.13722204 0.17342699
v -0.01177200 0.14055203 0.17217399
v -0.01131400 0.14067003 0.17100899
v -0.00971004 0.14093603 0.16892299
v -0.00617101 0.14125504 0.16719899
v -0.00000002 0.14139904 0.16707899
v -0.00000002 0.14197804 0.15929098
v -0.04680505 0.13400405 0.15928799
v -0.08837903 0.11107304 0.15928799
v -0.12006304 0.07571504 0.15928800
v -0.13103406 0.05457004 0.15928800
v -0.13831503 0.03188804 0.15928800
v -0.14170004 0.00830704 0.15928800
v -0.13651303 -0.03888497 0.15928801
v -0.10075003 -0.09998598 0.15928802
v -0.04493901 -0.13464199 0.15928802
v -0.02696302 -0.13935899 0.15928802
v 0.96168311 0.03002092 -0.19110005
v 0.96080513 0.03260691 -0.19110005
v 0.93595011 0.05864292 -0.19110005
v 0.91681118 0.06691993 -0.19110005
v 0.93595011 -0.05864310 -0.19110004
v 0.96080513 -0.03260710 -0.19110004
v 0.96168311 -0.03002110 -0.19110004
v 0.64000010 -0.15700007 0.15930002
v 0.12999999 -0.15700001 0.15930002
v 0.90000012 0.13639892 0.16707899
v 0.91112902 0.13569393 0.17064899
v 0.91052904 0.13580292 0.16977099
v 0.90894809 0.13601793 0.16832298
v 0.90800109 0.13611492 0.16778599
v 0.90699008 0.13619792 0.16739598
v 0.98055211 0.10967791 0.17162599
v 0.96543506 0.11931593 0.17162599
v 0.94918111 0.12688292 0.17162599
v 0.93070009 0.13257293 0.17162599
v 0.91166606 0.13537092 0.17274599
v 0.91170409 0.13487693 0.17384298
v 0.91170909 0.13414094 0.17479098
v 0.94834509 0.12472693 0.17550099
v 0.98037306 0.10955192 0.17274599
v 0.94915512 0.12681492 0.17219599
v 0.94891503 0.12619593 0.17390898
v 0.94846812 0.12504192 0.17526698
v 0.98722414 0.10470891 0.16781100
v 0.98730007 0.10480091 0.16707899
v 0.98301915 0.10810392 0.16844799
v 0.98107913 0.10916892 0.17191899
v 1.00321809 0.08867891 0.17162599
v 1.00276009 0.08934192 0.17039499
v 1.00048414 0.09214592 0.16795599
v 1.01242510 0.07248891 0.17550100
v 1.02238015 0.05400990 0.17550100
v 1.03325705 0.01168490 0.17550101
v 1.03396813 0.01170690 0.17495600
v 1.03537110 0.01166590 0.17274600
v 1.03155808 0.03479090 0.17162600
v 1.02449612 0.05494291 0.17162600
v 1.03084604 0.03460290 0.17390899
v 1.03148810 0.03477290 0.17219600
v 1.01270906 0.07267191 0.17526699
v 1.01374904 0.07334291 0.17390899
v 1.01430706 0.07370291 0.17219599
v 1.02269010 0.05414591 0.17526699
v 1.02382211 0.05464590 0.17390899
v 1.02442912 0.05491391 0.17219600
v 1.03626410 0.00593890 0.16716100
v 1.03623907 0.00484190 0.16761500
v 1.03623907 -0.00484110 0.16761500
v 1.03554908 -0.01084310 0.17190500
v 1.03558604 -0.01159911 0.17162601
v 1.03580312 -0.01052911 0.16977100
v 1.03591315 -0.00979511 0.16899000
v 1.00321809 -0.08867911 0.17162601
v 1.02688304 -0.04918111 0.17162601
v 1.03257314 -0.03070010 0.17162601
v 1.03537110 -0.01166610 0.17274601
v 1.03487710 -0.01170410 0.17384300
v 1.03028814 -0.03031711 0.17550101
v 1.02472714 -0.04834511 0.17550101
v 1.00196413 -0.08690911 0.17536101
v 1.00281409 -0.08795711 0.17397201
v 1.00312606 -0.08842511 0.17283301
v 1.00541810 -0.08593711 0.17219601
v 1.00490407 -0.08551811 0.17390901
v 1.00394407 -0.08473511 0.17526701
v 1.01756410 -0.06838811 0.17219601
v 1.01699010 -0.06805411 0.17390900
v 1.01592008 -0.06743211 0.17526701
v 1.02681510 -0.04915511 0.17219601
v 1.02619604 -0.04891511 0.17390900
v 1.02504209 -0.04846811 0.17526700
v 1.00048414 -0.09214611 0.16795601
v 1.00288907 -0.08899111 0.17184101
v 0.99694709 -0.09586411 0.16753502
v 0.99698905 -0.09590511 0.16707901
v 0.98301915 -0.10810411 0.16844802
v 0.98730007 -0.10480111 0.16707902
v 0.91170707 -0.13396811 0.17495601
v 0.91170409 -0.13487710 0.17384301
v 0.95094612 -0.12618511 0.17162602
v 0.98046306 -0.10963411 0.17227301
v 0.98007015 -0.10916411 0.17384702
v 0.97984913 -0.10883311 0.17441802
v 0.97955314 -0.10835811 0.17500502
v 0.95020714 -0.12435311 0.17526701
v 0.95067003 -0.12550111 0.17390901
v 0.95091906 -0.12611711 0.17219602
v 0.91159906 -0.13558610 0.17162602
v 0.88935306 -0.13695510 0.17344901
v 1.03130404 0.01187490 0.17671000
v 1.02932314 0.03419991 0.17550100
v 0.99792806 0.08108392 0.17955699
v 0.98770109 0.07888892 0.18471999
v 0.97939506 0.08611391 0.18516300
v 0.97855011 0.09090291 0.18353999
v 0.96434203 0.11727792 0.17550099
v 0.93031707 0.13028792 0.17550099
v 0.91199210 0.12855693 0.17837799
v 0.91089406 0.12301693 0.18166699
v 0.90984204 0.12118493 0.18274299
v 0.90782204 0.11894993 0.18404898
v 0.90542605 0.11734692 0.18498099
v 0.90000011 -0.00000009 0.21430001
v 0.90000011 -0.04005409 0.21107001
v 0.90000012 -0.07907410 0.20146501
v 0.90778913 -0.11892410 0.18406402
v 0.91130807 -0.12402810 0.18107002
v 0.91180708 -0.13228310 0.17610602
v 0.93122509 -0.13007311 0.17550102
v 0.95008007 -0.12404011 0.17550102
v 0.97902814 -0.10552911 0.17671001
v 0.98031107 -0.08428211 0.18553902
v 0.98143211 -0.08273811 0.18571201
v 0.98277107 -0.08140411 0.18571001
v 0.98513308 -0.07983511 0.18538502
v 0.99286905 -0.07876811 0.18263702
v 0.99792210 -0.08108011 0.17956102
v 0.99964908 -0.08272211 0.17813901
v 1.00103215 -0.08470311 0.17671001
v 1.00368313 -0.08452211 0.17550102
v 1.01562814 -0.06726211 0.17550101
v 1.03325705 -0.01168510 0.17550101
v 1.03130404 -0.01187511 0.17671100
v 1.02406803 -0.01132110 0.18104701
v 1.01679305 -0.00415510 0.18530301
v 1.01622609 -0.00204310 0.18563101
v 1.01607112 0.00070290 0.18572000
v 1.02195708 0.01033790 0.18229000
v 1.02855710 0.01199190 0.17837800
v 1.00391403 0.03110990 0.18954200
v 0.95329311 0.01595491 0.20803200
v 0.95553603 0.00323491 0.20803200
v 1.00828711 0.00630690 0.18954200
v 0.99393907 0.05423491 0.18954199
v 0.94817712 0.02781490 0.20803200
v 0.97889903 0.07443691 0.18954199
v 0.94046404 0.03817591 0.20803200
v 0.95960608 0.09062591 0.18954199
v 0.93056908 0.04647791 0.20803200
v 0.93709912 0.10192892 0.18954199
v 0.91902711 0.05227491 0.20803200
v 0.91259303 0.10773692 0.18954199
v 0.90645804 0.05525393 0.20803200
v 0.92501512 -0.10554710 0.18954201
v 0.91282906 -0.05413109 0.20803201
v 0.94868210 -0.09693310 0.18954201
v 0.92496707 -0.04971309 0.20803201
v 0.96972409 -0.08309410 0.18954201
v 0.93575909 -0.04261509 0.20803201
v 0.98700705 -0.06477411 0.18954201
v 0.94462206 -0.03322009 0.20803201
v 0.99960009 -0.04296310 0.18954200
v 0.95108106 -0.02203410 0.20803201
v 1.00682310 -0.01883610 0.18954200
v 0.95478513 -0.00966009 0.20803200
v 0.88830306 0.12623593 0.18008799
v 0.31586201 -0.11770903 0.19477402
v 0.31027002 -0.11095403 0.19906602
v 0.00181696 0.12126103 0.19234700
v 0.00357697 0.12167203 0.19203198
v 0.00847099 0.12464803 0.18970599
v 0.01094798 0.12821203 0.18679800
v 0.01172397 0.13044104 0.18490799
v 0.01195595 0.13164304 0.18386598
v 0.00903395 0.12549104 0.18902599
v -0.10257004 -0.08520798 0.18236001
v -0.10131104 -0.08421298 0.18378001
v -0.09195403 -0.08227798 0.19070001
v -0.09010703 -0.08279598 0.19149502
v -0.08623204 -0.08509598 0.19243102
v -0.08205605 -0.09488198 0.18907002
v -0.06739605 -0.12208599 0.17666202
v -0.01226905 -0.13418400 0.18109802
v -0.01193002 -0.13044799 0.18443202
v -0.01064703 -0.12726699 0.18721502
v -0.00729701 -0.12351999 0.19042902
v -0.00000003 -0.04302899 0.22861601
v -0.00149300 0.12121204 0.19237699
v -0.00294605 0.12147903 0.19215198
v -0.00498906 0.12217903 0.19156398
v -0.00938001 0.12546703 0.18876699
v -0.01061901 0.12722004 0.18725598
v -0.01114204 0.12821704 0.18638899
v -0.01192900 0.13044204 0.18443799
v -0.01226905 0.13418404 0.18109799
v -0.03191802 0.13575204 0.17666198
v -0.05120704 0.12971204 0.17666199
v -0.08292404 0.11212004 0.17666199
v -0.08321202 0.08911004 0.19184100
v -0.09516803 0.08207204 0.18888699
v -0.09621603 0.08218805 0.18817900
v -0.10499603 0.08821604 0.17888100
v -0.11537803 0.07832704 0.17666199
v -0.12256004 0.00577103 0.19124300
v -0.12114505 0.00076604 0.19243300
v -0.12125604 -0.00181896 0.19233901
v -0.12324606 -0.00690997 0.19066100
v -0.12383805 -0.00770897 0.19015900
v -0.12451206 -0.00847796 0.18958501
v -0.12611405 -0.00989197 0.18821100
v -0.13418404 -0.01226897 0.18109800
v -0.05176405 0.00000003 0.22648501
v -0.10000003 0.00000003 0.20650501
v -0.09659303 -0.02588197 0.20650501
v -0.05000005 -0.01339697 0.22648501
v -0.08660305 -0.04999997 0.20650501
v -0.04482905 -0.02588197 0.22648501
v -0.07071105 -0.07071098 0.20650502
v -0.03660206 -0.03660298 0.22648501
v -0.05000005 -0.08660298 0.20650502
v -0.02588204 -0.04482898 0.22648501
v -0.02588204 -0.09659299 0.20650502
v -0.01339701 -0.04999998 0.22648501
v -0.02588204 0.09659304 0.20650500
v -0.01339701 0.05000003 0.22648500
v -0.05000005 0.08660303 0.20650500
v -0.02588204 0.04482903 0.22648500
v -0.07071105 0.07071103 0.20650500
v -0.03660206 0.03660303 0.22648500
v -0.08660305 0.05000004 0.20650500
v -0.04482905 0.02588203 0.22648500
v -0.09659303 0.02588204 0.20650500
v -0.05000005 0.01339703 0.22648501
v 0.01195595 -0.13164300 0.18386601
v 0.01040796 -0.12716900 0.18766402
v 0.00839898 -0.12458300 0.18975802
v 0.00899396 -0.12542800 0.18907702
v 0.30592502 -0.11976803 0.19347401
v 0.15716700 0.01597700 0.23266100
v 0.15727197 -0.01641200 0.23262500
v 0.16249197 -0.03092500 0.23089501
v 0.17025297 -0.04413601 0.22836901
v 0.25674898 -0.10402402 0.20411802
v 0.21462899 -0.07261601 0.21922402
v 0.19121598 -0.06171301 0.22346802
v 0.15692996 0.02395500 0.23186000
v 0.15747898 0.01796800 0.23249101
v 0.14018701 0.08721302 0.21328300
v 0.15354096 0.03274001 0.23060200
v 0.08293800 0.11241502 0.19871699
v 0.02396999 0.13710804 0.17891099
v 0.03360299 0.13481103 0.18103698
v 0.05913697 0.12455303 0.18978198
v 0.01175598 0.13889304 0.17720498
v 0.01205800 0.13418403 0.18160598
v -0.01201203 -0.14044200 0.17342702
v -0.01165601 -0.14058599 0.17181603
v -0.05123505 -0.13131399 0.17342702
v -0.01201704 -0.14031499 0.17424602
v -0.03164706 -0.13581499 0.17666202
v -0.05068901 -0.12991499 0.17666202
v -0.08316502 -0.11255498 0.17610602
v -0.08360804 -0.11332498 0.17424601
v -0.05120805 -0.13124599 0.17399702
v -0.05096701 -0.13062699 0.17571001
v -0.09080804 -0.10830998 0.16753502
v -0.08883003 -0.10998798 0.16735901
v -0.08639405 -0.11180398 0.16857702
v -0.08456904 -0.11300898 0.17065202
v -0.08397803 -0.11318298 0.17344101
v -0.08466405 -0.11292798 0.17073302
v -0.10052404 -0.09944198 0.16707902
v -0.10048205 -0.09940098 0.16753502
v -0.10694204 -0.09192098 0.17253202
v -0.10515604 -0.09434998 0.16879502
v -0.10500304 -0.09446698 0.16909002
v -0.11506505 -0.07878697 0.17666201
v -0.12552203 -0.06075697 0.17666201
v -0.13317604 -0.04136997 0.17666201
v -0.13894005 -0.01195797 0.17666200
v -0.13984103 -0.01200297 0.17547501
v -0.14044206 -0.01201197 0.17342700
v -0.11630405 -0.07963498 0.17342701
v -0.10683704 -0.09147498 0.17483501
v -0.10652403 -0.09111398 0.17577802
v -0.11569605 -0.07921898 0.17571000
v -0.11624403 -0.07959397 0.17399701
v -0.13390605 -0.04159697 0.17571000
v -0.13454003 -0.04179397 0.17399701
v -0.14125503 -0.00617096 0.16719900
v -0.14080204 -0.01061597 0.16990000
v -0.14067106 0.01130804 0.17099801
v -0.12711803 0.06090505 0.17342700
v -0.14031504 0.01201704 0.17424600
v -0.13984306 0.01200304 0.17547099
v -0.13334004 0.04083904 0.17666200
v -0.12576405 0.06025604 0.17666199
v -0.10603703 0.09057305 0.17666199
v -0.10652403 0.09111404 0.17577799
v -0.10683704 0.09147505 0.17483599
v -0.11656005 0.07912905 0.17399699
v -0.11601103 0.07875704 0.17570999
v -0.13470603 0.04125704 0.17399700
v -0.13407103 0.04106305 0.17570999
v -0.10500205 0.09446805 0.16908900
v -0.10048205 0.09940004 0.16753500
v -0.10051305 0.09943105 0.16724898
v -0.10232703 0.09756204 0.16730199
v -0.08397803 0.11318304 0.17344499
v -0.08456904 0.11300904 0.17065199
v -0.08548704 0.11242605 0.16940399
v -0.08769003 0.11086104 0.16778699
v -0.08883703 0.10998204 0.16735699
v -0.09084604 0.10835504 0.16707899
v -0.09080804 0.10831004 0.16753500
v -0.01201203 0.14044203 0.17342699
v -0.08316502 0.11255505 0.17610600
v -0.05148801 0.13042305 0.17570998
v -0.05173102 0.13104104 0.17399699
v -0.00483903 0.14131604 0.16707899
v -0.00743201 0.14117104 0.16754799
v -0.00862804 0.14106204 0.16812798
v 0.96121009 0.03178591 -0.19110005
v 0.94954915 0.04801792 -0.19110005
v 0.93281217 0.06045492 -0.19110005
v 0.93450017 0.05975592 -0.19110005
v 0.91681118 -0.06692010 -0.19110003
v 0.93450017 -0.05975610 -0.19110004
v 0.93281217 -0.06045510 -0.19110004
v 0.94954915 -0.04801810 -0.19110004
v 0.96150418 -0.03091910 -0.19110004
v 0.88830604 0.13484792 0.17418099
v 0.88833012 0.13449892 0.17469099
v 0.88842704 0.13322192 0.17584598
v 0.88850608 0.13483094 0.17421998
v 0.88836303 0.13410594 0.17513798
v 0.91168609 0.13325692 0.17550099
v 0.91170707 0.13396793 0.17495598
v 0.91084411 0.13554893 0.17190498
v 0.91149011 0.13485793 0.17389499
v 0.91122308 0.13533993 0.17287898
v 0.98007015 0.10916391 0.17384699
v 0.97984913 0.10883392 0.17441799
v 0.98040512 0.10891092 0.17381598
v 0.98021809 0.10824391 0.17463899
v 0.97977510 0.10849091 0.17477499
v 1.00196413 0.08690892 0.17535999
v 1.00229911 0.08730392 0.17494699
v 1.00281409 0.08795692 0.17397099
v 1.00312606 0.08842492 0.17283199
v 1.00288907 0.08899091 0.17184099
v 1.00277213 0.08872291 0.17296799
v 1.00311712 0.08847191 0.17275699
v 1.00241510 0.08826690 0.17407199
v 1.00281910 0.08804991 0.17386999
v 1.00210313 0.08756092 0.17491599
v 1.00232605 0.08746291 0.17482799
v 1.03558604 0.01159890 0.17162600
v 1.03487710 0.01170390 0.17384300
v 1.03446106 0.01171090 0.17443501
v 1.03554908 0.01084290 0.17190500
v 1.03485815 0.01148990 0.17389500
v 1.03534011 0.01122290 0.17287999
v 1.03396813 -0.01170710 0.17495600
v 1.03485815 -0.01149010 0.17389501
v 1.03534011 -0.01122311 0.17287900
v 1.00167409 -0.08681011 0.17554602
v 1.00210313 -0.08756111 0.17491501
v 1.00232712 -0.08746311 0.17482801
v 1.00219206 -0.08836511 0.17416201
v 1.00241510 -0.08826711 0.17407101
v 1.00281910 -0.08805011 0.17386901
v 1.00277213 -0.08872311 0.17296801
v 1.00311712 -0.08847211 0.17275701
v 0.98037306 -0.10955211 0.17274602
v 0.98057404 -0.10966111 0.17163801
v 0.98107913 -0.10916911 0.17191902
v 0.98040512 -0.10891111 0.17381601
v 0.98021809 -0.10824411 0.17463902
v 0.97977510 -0.10849111 0.17477502
v 0.91166606 -0.13537111 0.17274602
v 0.91171112 -0.13446110 0.17443502
v 0.91168609 -0.13325710 0.17550102
v 0.91149011 -0.13485810 0.17389502
v 0.91167607 -0.13413410 0.17480001
v 0.91199210 -0.12855710 0.17837802
v 0.91187110 -0.12625510 0.17975001
v 0.91039302 -0.12205510 0.18223203
v 0.90621807 -0.11778110 0.18472901
v 0.90274312 -0.11636910 0.18554801
v 0.90093007 -0.11609110 0.18570902
v 0.90450909 -0.11695510 0.18521002
v 1.00167409 0.08680991 0.17554600
v 0.97859314 0.08941091 0.18413799
v 0.98074809 0.08361491 0.18563300
v 0.98263315 0.08152391 0.18571700
v 0.98584905 0.07950191 0.18522800
v 0.99070004 0.07854992 0.18362499
v 0.99174312 0.07860791 0.18317000
v 0.99354604 0.07892091 0.18229199
v 1.00103215 0.08470292 0.17670999
v 0.97902814 0.10552892 0.17670998
v 0.97921804 0.10778892 0.17550099
v 0.90415814 0.11679393 0.18530199
v 0.90625813 0.11781093 0.18471198
v 0.91130712 0.12402793 0.18106999
v 0.91186907 0.12626993 0.17974098
v 0.90816107 0.11990192 0.18348399
v 0.97921804 -0.10778911 0.17550102
v 0.99494306 -0.07937911 0.18152101
v 0.99080614 -0.07854711 0.18358201
v 0.98979512 -0.07856911 0.18399001
v 0.98784104 -0.07885611 0.18467602
v 0.98351506 -0.08082111 0.18564401
v 0.97884408 -0.08787311 0.18466802
v 0.97855011 -0.09090311 0.18354002
v 1.02855710 -0.01199210 0.17837801
v 1.02503911 0.01161690 0.18047200
v 1.02023808 0.00910890 0.18329700
v 1.01686112 0.00433490 0.18526300
v 1.01632205 0.00253890 0.18557500
v 1.01700906 -0.00469910 0.18517800
v 1.02043310 -0.00927310 0.18318300
v 1.01801208 -0.00624410 0.18460000
v 1.01780609 0.00596090 0.18471900
v -0.01058903 0.12716803 0.18730098
v -0.00795004 0.12403704 0.18998999
v -0.00641301 0.12292604 0.19093299
v -0.01092705 0.12827903 0.18634399
v -0.08212904 -0.09290098 0.19022101
v -0.08227805 -0.09195398 0.19070001
v -0.08277703 -0.09015798 0.19147602
v -0.08445705 -0.08702498 0.19234002
v -0.08924503 -0.08314998 0.19179802
v -0.09395505 -0.08204998 0.18963401
v -0.09608305 -0.08216898 0.18827201
v -0.09718103 -0.08237698 0.18747401
v -0.09940205 -0.08313498 0.18564102
v -0.10348905 -0.08612998 0.18119101
v -0.10430104 -0.08713798 0.18002501
v -0.10603703 -0.09057298 0.17666201
v -0.10233805 -0.08545998 0.18235601
v -0.08318204 -0.11202898 0.17656902
v -0.00246301 -0.12136999 0.19224401
v -0.00523403 -0.12229099 0.19146902
v -0.00658104 -0.12303099 0.19084402
v -0.00875202 -0.12478099 0.18935502
v -0.00943604 -0.12553399 0.18871002
v -0.01058903 -0.12716799 0.18730101
v -0.01115802 -0.12825299 0.18635802
v -0.01114204 -0.12940499 0.18535202
v -0.08318204 0.11202904 0.17656899
v -0.10345806 0.08609504 0.18123300
v -0.10131104 0.08421304 0.18377999
v -0.10050804 0.08370504 0.18459999
v -0.09836204 0.08272105 0.18653899
v -0.09218705 0.08223405 0.19058699
v -0.08951104 0.08303205 0.19170899
v -0.08791805 0.08385504 0.19216699
v -0.08521003 0.08610404 0.19243900
v -0.08411203 0.08751605 0.19225299
v -0.08214004 0.09280804 0.19027000
v -0.08205605 0.09488205 0.18906999
v -0.09217004 0.08244303 0.19047799
v -0.08260003 0.09088004 0.19115400
v -0.13418404 0.01226904 0.18109800
v -0.13033203 -0.01190096 0.18453500
v -0.12806205 -0.01106797 0.18652401
v -0.12229906 -0.00525096 0.19146300
v -0.12164305 -0.00354596 0.19201501
v -0.12184004 0.00414404 0.19184900
v -0.12414504 0.00807504 0.18989800
v -0.12716706 0.01058903 0.18730100
v -0.12933604 0.01159804 0.18541101
v -0.12264205 -0.00496996 0.19116201
v 0.01183096 0.13943204 0.17659199
v 0.01191900 0.13995104 0.17571898
v 0.01195500 0.14012003 0.17530699
v 0.01205096 0.14040303 0.17394498
v 0.01150999 0.13887903 0.17720799
v 0.01142195 0.13993004 0.17574398
v 0.01148198 0.13941404 0.17660299
v 0.01135597 0.14026403 0.17479798
v -0.01195803 -0.13894000 0.17666202
v -0.01198402 -0.13943600 0.17610102
v -0.01200303 -0.13984299 0.17547101
v -0.01201304 -0.14011899 0.17487401
v -0.08350602 -0.11315398 0.17488101
v -0.08336503 -0.11290998 0.17548302
v -0.08389104 -0.11256798 0.17530401
v -0.08397505 -0.11302998 0.17420301
v -0.10663304 -0.09191598 0.17433001
v -0.14011906 -0.01201297 0.17487601
v -0.13943503 -0.01198396 0.17610200
v -0.14031504 -0.01201697 0.17424600
v -0.14042504 -0.01123896 0.17349801
v -0.10662905 -0.09123398 0.17551601
v -0.10695405 -0.09161598 0.17424601
v -0.10595504 -0.09062298 0.17669001
v -0.10608403 -0.09109998 0.17623101
v -0.10618503 -0.09155998 0.17565702
v -0.10625104 -0.09194398 0.17499901
v -0.14044206 0.01201204 0.17342700
v -0.14042405 0.01123804 0.17349801
v -0.13894005 0.01195804 0.17666200
v -0.13943605 0.01198404 0.17610100
v -0.14011906 0.01201304 0.17487399
v -0.10695405 0.09161604 0.17424599
v -0.10662905 0.09123404 0.17551599
v -0.10608403 0.09109905 0.17623099
v -0.10618503 0.09156004 0.17565700
v -0.10625104 0.09194405 0.17499899
v -0.10662604 0.09166504 0.17490400
v -0.10677604 0.09198205 0.17347900
v -0.10640205 0.09209805 0.17438000
v -0.08397505 0.11303004 0.17420298
v -0.08368105 0.11342705 0.17342699
v -0.01195803 0.13894004 0.17666198
v -0.01201704 0.14031504 0.17424598
v -0.01201304 0.14011903 0.17487599
v -0.01200303 0.13984104 0.17547499
v -0.01198402 0.13943504 0.17610198
v -0.08336503 0.11291004 0.17548299
v -0.08350602 0.11315405 0.17488198
v -0.08360804 0.11332504 0.17424599
v -0.08389104 0.11256804 0.17530398
v 0.49999998 -0.14800006 0.17280002
v 0.68500006 -0.14400008 0.17280002
v 0.31504400 -0.14800003 0.17280002
vt 0.00000000 0.26666701
vt 0.40784299 0.27451000
vt 0.36470601 0.32941201
vt 0.28627500 0.67451000
vt 0.27843100 0.71372598
vt 0.00000000 0.66274500
vt 0.27843100 0.71372598
vt 0.27451000 0.76078397
vt 0.00000000 0.79607898
vt 0.70980400 0.38823500
vt 0.70980400 0.38039199
vt 1.00000000 0.37254900
vt 1.00000000 0.47058800
vt 0.47451001 0.46274501
vt 1.00000000 0.44705901
vt 0.47451001 0.03529400
vt 1.00000000 0.05490200
vt 0.47451001 0.05882400
vt 0.47451001 0.20392200
vt 1.00000000 0.18823500
vt 1.00000000 0.21568599
vt 0.00000000 0.41176501
vt 0.00000000 0.65490198
vt 0.33725500 0.65490198
vt 0.84313703 0.65490198
vt 0.33725500 0.65490198
vt 0.41176501 1.00000000
vt 0.33725500 0.17254899
vt 0.00000000 0.17254899
vt 0.00000000 0.41176501
vt 0.33725500 0.52156901
vt 0.00000000 0.25882399
vt 0.00000000 0.52156901
vt 0.32156900 0.41568601
vt 0.14509800 0.48627499
vt 0.32156900 0.50196099
vt 0.32156900 0.58431399
vt 0.13725500 0.51764703
vt 0.13333300 0.52156901
vt 0.32156900 0.58431399
vt 0.32156900 0.66666698
vt 0.65882403 0.66666698
vt 0.32156900 0.58431399
vt 0.65882403 0.66666698
vt 0.65882403 0.58431399
vt 0.32156900 0.41568601
vt 0.65882403 0.41568601
vt 0.32156900 0.33333299
vt 0.65882403 0.25097999
vt 0.32156900 0.25097999
vt 0.65882403 0.33333299
vt 0.65882403 0.33333299
vt 0.32156900 0.25097999
vt 0.32156900 0.33333299
vt 0.65882403 0.33333299
vt 0.32156900 0.33333299
vt 0.65882403 0.41568601
vt 0.65882403 0.50196099
vt 0.32156900 0.50196099
vt 0.65882403 0.58431399
vt 0.13333300 0.52156901
vt 0.12548999 0.52156901
vt 0.32156900 0.58431399
vt 0.32156900 0.58431399
vt 0.12548999 0.52156901
vt 0.11372500 0.52548999
vt 0.65882403 0.91764700
vt 0.65882403 0.83529401
vt 0.32156900 0.83529401
vt 0.65882403 0.91764700
vt 0.32156900 0.83529401
vt 0.32156900 0.91764700
vt 0.09411800 0.02745100
vt 0.07451000 0.02745100
vt 0.00000000 0.07451000
vt 0.00000000 0.07451000
vt 0.07451000 0.02745100
vt 0.04313700 0.02745100
vt 0.32156900 0.83529401
vt 0.12156900 0.77254897
vt 0.00000000 0.83921599
vt 0.00000000 0.12156900
vt 0.32156900 0.16862699
vt 0.32156900 0.08235300
vt 0.32156900 0.66666698
vt 0.14509800 0.73725498
vt 0.32156900 0.74901998
vt 1.00000000 1.00000000
vt 0.92156899 1.00000000
vt 0.87450999 0.77647102
vt 0.00000000 0.34117600
vt 0.00000000 0.58039200
vt 0.33725500 0.34117600
vt 0.70196098 0.33333299
vt 0.00000000 0.31372601
vt 0.19607800 0.33333299
vt 0.70196098 0.42745101
vt 0.00000000 0.41176501
vt 0.19607800 0.42745101
vt 0.70196098 0.23921600
vt 0.00000000 0.21960799
vt 0.19607800 0.23921600
vt 0.70196098 0.47451001
vt 0.95294100 0.49803901
vt 1.00000000 0.47451001
vt 0.70196098 0.42745101
vt 1.00000000 0.42745101
vt 1.00000000 0.40392199
vt 0.70196098 0.14117600
vt 1.00000000 0.14117600
vt 1.00000000 0.11764700
vt 0.70196098 0.09411800
vt 1.00000000 0.11764700
vt 1.00000000 0.09411800
vt 0.70196098 0.09411800
vt 1.00000000 0.09411800
vt 1.00000000 0.07058800
vt 1.00000000 0.07058800
vt 1.00000000 0.04705900
vt 0.70196098 0.04705900
vt 0.70196098 0.04705900
vt 1.00000000 0.04705900
vt 1.00000000 0.00784300
vt 0.70196098 0.04705900
vt 1.00000000 0.00784300
vt 0.70196098 1.00000000
vt 0.28627500 0.56470603
vt 0.98823500 0.60392201
vt 0.98823500 0.54509801
vt 0.74901998 0.50196099
vt 0.90196103 0.50196099
vt 0.87450999 0.72156900
vt 0.32156900 0.33333299
vt 0.11764700 0.27451000
vt 0.11372500 0.27451000
vt 0.87450999 0.27843100
vt 0.90196103 0.50196099
vt 0.74901998 0.50196099
vt 0.32156900 0.58431399
vt 0.65882403 0.58431399
vt 0.32156900 0.50196099
vt 0.00000000 0.12156900
vt 0.32156900 0.08235300
vt 0.00000000 0.07451000
vt 0.15294100 0.00784300
vt 0.32156900 0.08235300
vt 0.15686300 0.00392200
vt 0.60392201 0.36862701
vt 0.60392201 0.44313699
vt 1.00000000 1.00000000
vt 0.60392201 0.36862701
vt 1.00000000 1.00000000
vt 0.60392201 0.29803899
vt 0.60392201 0.29803899
vt 1.00000000 1.00000000
vt 0.60392201 0.22352900
vt 0.60392201 0.29803899
vt 0.60392201 0.22352900
vt 0.20392200 0.22352900
vt 0.60392201 0.36862701
vt 0.20392200 0.29803899
vt 0.20392200 0.36862701
vt 0.20392200 0.36862701
vt 0.20392200 0.29803899
vt 0.00000000 0.33333299
vt 0.20392200 0.22352900
vt 0.20392200 0.29803899
vt 0.60392201 0.29803899
vt 0.60392201 0.29803899
vt 0.20392200 0.29803899
vt 0.60392201 0.36862701
vt 0.00000000 0.07451000
vt 0.00000000 0.12156900
vt 0.20392200 0.07451000
vt 0.20392200 0.07451000
vt 0.00000000 0.12156900
vt 0.20392200 0.14902000
vt 1.00000000 1.00000000
vt 0.60392201 0.44313699
vt 0.60392201 0.51764703
vt 0.00000000 0.92549002
vt 0.20392200 0.96470600
vt 0.20392200 0.89019603
vt 0.60392201 0.74117601
vt 1.00000000 1.00000000
vt 0.60392201 0.66666698
vt 0.60392201 0.66666698
vt 1.00000000 1.00000000
vt 0.60392201 0.59215701
vt 0.60392201 0.66666698
vt 0.60392201 0.59215701
vt 0.20392200 0.59215701
vt 0.60392201 0.51764703
vt 0.60392201 0.59215701
vt 1.00000000 1.00000000
vt 0.60392201 0.89019603
vt 0.20392200 0.81568599
vt 0.20392200 0.89019603
vt 0.20392200 0.89019603
vt 0.20392200 0.81568599
vt 0.00000000 0.83921599
vt 0.60392201 0.89019603
vt 0.60392201 0.81568599
vt 0.20392200 0.81568599
vt 0.60392201 0.66666698
vt 0.20392200 0.59215701
vt 0.20392200 0.66666698
vt 0.00000000 0.33333299
vt 0.05490200 0.27843100
vt 0.03529400 0.27843100
vt 0.00000000 0.33333299
vt 0.03529400 0.27843100
vt 0.00000000 0.28235301
vt 0.00000000 0.28235301
vt 0.03529400 0.27843100
vt 0.01568600 0.27843100
vt 0.03921600 0.52941197
vt 0.01568600 0.52941197
vt 0.00000000 0.58039200
vt 1.00000000 0.22745100
vt 0.75294101 0.00000000
vt 0.49803901 0.00392200
vt 0.48235300 0.45490199
vt 0.00000000 0.23137300
vt 0.08627500 0.45490199
vt 0.08627500 0.45490199
vt 0.00000000 0.23137300
vt 0.00000000 0.45490199
vt 0.08627500 0.45490199
vt 0.00000000 0.45490199
vt 0.08627500 0.70588201
vt 0.87843102 0.45490199
vt 1.00000000 0.45490199
vt 1.00000000 0.22745100
vt 0.48235300 0.70588201
vt 0.48235300 0.95686299
vt 0.87843102 0.95686299
vt 0.87843102 0.95686299
vt 0.48235300 0.95686299
vt 0.73725498 1.00000000
vt 0.87843102 0.95686299
vt 0.87843102 0.70588201
vt 0.48235300 0.70588201
vt 0.48235300 0.70588201
vt 0.87843102 0.70588201
vt 0.48235300 0.45490199
vt 0.08627500 0.97647101
vt 0.48235300 1.00000000
vt 0.48235300 0.97647101
vt 0.08627500 0.97647101
vt 0.48235300 0.97647101
vt 0.08627500 0.94902003
vt 0.08627500 0.94902003
vt 0.48235300 0.97647101
vt 0.48235300 0.94902003
vt 0.87843102 1.00000000
vt 0.75294101 0.02745100
vt 1.00000000 1.00000000
vt 0.87843102 0.97647101
vt 1.00000000 0.97647101
vt 0.87843102 0.94902003
vt 0.08627500 0.45490199
vt 0.48235300 0.45490199
vt 0.34902000 0.00000000
vt 1.00000000 0.25882399
vt 0.75294101 0.00000000
vt 0.49803901 0.00392200
vt 0.48235300 0.51764703
vt 1.00000000 0.76078397
vt 0.87843102 0.51764703
vt 0.87843102 0.51764703
vt 1.00000000 0.76078397
vt 1.00000000 0.51764703
vt 0.81176502 0.49803901
vt 0.81176502 0.75686300
vt 0.78039199 0.49803901
vt 0.10588200 0.34509799
vt 0.12548999 0.49803901
vt 0.08627500 0.49803901
vt 0.12548999 0.75686300
vt 0.08627500 0.49803901
vt 0.12548999 0.49803901
vt 0.93725502 0.73725498
vt 0.93725502 0.75686300
vt 0.87450999 0.75686300
vt 0.87450999 0.46666700
vt 0.87450999 0.50196099
vt 0.81176502 0.50196099
vt 0.81176502 0.19215700
vt 0.81176502 0.24313700
vt 0.78039199 0.24313700
vt 0.81176502 0.19215700
vt 0.78039199 0.24313700
vt 0.78039199 0.05098000
vt 0.85097998 0.50196099
vt 0.87450999 0.64705902
vt 0.74901998 0.50196099
vt 0.87450999 0.75686300
vt 0.74901998 0.75686300
vt 0.87450999 0.64705902
vt 0.87843102 0.70588201
vt 0.87843102 0.45490199
vt 0.48235300 0.45490199
vt 0.14117600 0.24313700
vt 0.14509800 0.24705900
vt 0.20392200 0.22352900
vt 0.48235300 0.45490199
vt 0.49803901 0.00000000
vt 0.34902000 0.00000000
vt 0.28235301 0.05098000
vt 0.28235301 1.00000000
vt 0.00000000 0.02745100
vt 0.00000000 0.15294100
vt 0.00000000 0.18823500
vt 0.28235301 0.14902000
vt 0.28235301 0.14902000
vt 0.00000000 0.18823500
vt 0.28235301 0.20000000
vt 0.00000000 0.02745100
vt 0.00000000 0.06274500
vt 0.28235301 0.05098000
vt 0.28235301 0.05098000
vt 0.00000000 0.06274500
vt 0.28235301 0.10196100
vt 0.00000000 0.06274500
vt 0.00000000 0.09803900
vt 0.28235301 0.10196100
vt 0.99607801 0.18431400
vt 0.99607801 0.14902000
vt 0.90196103 0.14902000
vt 0.90196103 0.14902000
vt 0.99607801 0.14902000
vt 0.99607801 0.12156900
vt 0.20784301 0.20000000
vt 0.00000000 0.20000000
vt 0.00000000 0.22352900
vt 0.00000000 0.31372601
vt 0.00000000 0.34902000
vt 0.28235301 0.34902000
vt 0.05882400 0.87843102
vt 0.09019600 0.89411801
vt 0.12548999 0.85882401
vt 0.05882400 0.87843102
vt 0.12548999 0.85882401
vt 0.09411800 0.84313703
vt 0.20784301 0.25097999
vt 0.00000000 0.22352900
vt 0.00000000 0.25097999
vt 0.00000000 0.34902000
vt 0.20784301 0.34902000
vt 0.00000000 0.32549000
vt 0.00000000 0.32549000
vt 0.20784301 0.30196100
vt 0.00000000 0.30196100
vt 0.28235301 0.34902000
vt 0.28235301 0.30196100
vt 0.00000000 0.31372601
vt 0.70980400 1.00000000
vt 0.00000000 0.00000000
vt 0.00000000 0.00000000
vt 0.00000000 0.00000000
vt 0.90196103 0.00000000
vt 0.92549002 0.01176500
vt 0.94902003 0.04313700
vt 0.90196103 0.00000000
vt 0.94902003 0.04313700
vt 0.00000000 0.00000000
vt 0.90196103 0.00000000
vt 0.00000000 0.00000000
vt 1.00000000 0.33333299
vt 0.90196103 0.00000000
vt 1.00000000 0.33333299
vt 1.00000000 0.16470601
vt 0.90196103 0.00000000
vt 1.00000000 0.16470601
vt 0.00000000 0.00000000
vt 0.90196103 0.00000000
vt 0.00000000 0.00000000
vt 0.00000000 0.00000000
vt 0.90196103 0.00000000
vt 0.00000000 0.00000000
vt 0.00000000 0.16470601
vt 0.90196103 0.00000000
vt 0.00000000 0.16470601
vt 0.00000000 0.00000000
vt 0.90196103 0.00000000
vt 0.00000000 0.00000000
vt 0.97254902 0.90980399
vt 0.90196103 0.00000000
vt 0.97254902 0.90980399
vt 0.00000000 0.00000000
vt 0.90196103 0.00000000
vt 0.00000000 0.00000000
vt 0.00000000 0.83529401
vt 0.90196103 0.00000000
vt 0.00000000 0.83529401
vt 0.00000000 1.00000000
vt 0.90196103 0.00000000
vt 0.00000000 1.00000000
vt 0.00000000 0.00000000
vt 0.90196103 0.00000000
vt 0.00000000 0.00000000
vt 0.00000000 0.00000000
vt 0.90196103 0.00000000
vt 0.00000000 0.00000000
vt 0.00000000 0.00000000
vt 0.90196103 0.00000000
vt 0.00000000 0.00000000
vt 0.00000000 0.00000000
vt 0.90196103 0.00000000
vt 0.00000000 0.00000000
vt 0.00000000 0.00000000
vt 0.90196103 0.00000000
vt 0.00000000 0.00000000
vt 0.00000000 0.00000000
vt 0.90196103 0.00000000
vt 0.00000000 0.00000000
vt 0.00000000 0.00000000
vt 0.90196103 0.00000000
vt 0.00000000 0.00000000
vt 0.00000000 0.00000000
vt 0.90196103 0.00000000
vt 0.00000000 0.00000000
vt 0.00000000 0.16470601
vt 0.90196103 0.00000000
vt 0.00000000 0.16470601
vt 0.00000000 0.33333299
vt 0.90196103 0.00000000
vt 0.00000000 0.33333299
vt 0.00000000 0.50196099
vt 0.90196103 0.00000000
vt 0.00000000 0.50196099
vt 0.00000000 0.00000000
vt 0.90196103 0.00000000
vt 0.00000000 0.00000000
vt 0.00000000 0.00000000
vt 0.90196103 0.00000000
vt 0.00000000 0.00000000
vt 0.00000000 1.00000000
vt 0.00000000 0.00000000
vt 0.00000000 0.00000000
vt 0.00000000 0.00000000
vt 0.00000000 0.00000000
vt 1.00000000 1.00000000
vt 0.30196100 0.52941197
vt 0.67058802 0.87450999
vt 0.71372598 0.00000000
vt 0.00000000 0.00000000
vt 0.00000000 0.00000000
vt 1.00000000 0.00784300
vt 1.00000000 0.04705900
vt 0.90196103 0.20000000
vt 0.99607801 0.21176501
vt 0.00000000 0.00000000
vt 0.00000000 0.18823500
vt 1.00000000 0.12548999
vt 0.00000000 0.00000000
vt 0.00000000 0.00000000
vt 0.30980399 0.96078402
vt 0.37254900 0.98431402
vt 0.00000000 0.00000000
vt 0.37254900 0.98431402
vt 0.43529400 0.99607801
vt 0.00000000 0.00000000
vt 0.43529400 0.99607801
vt 0.00000000 0.00000000
vt 0.50196099 1.00000000
vt 0.98823500 0.60392201
vt 0.28627500 0.56470603
vt 0.50196099 1.00000000
vt 0.28627500 0.56470603
vt 0.00000000 0.00000000
vt 0.00000000 0.00000000
vt 0.00000000 0.00000000
vt 0.00000000 0.00000000
vt 0.92549002 0.01176500
vt 0.00000000 0.00000000
vt 0.00000000 0.00000000
vt 0.00000000 0.00000000
vt 0.00000000 0.00000000
vt 0.28627500 0.56470603
vt 0.98823500 0.54509801
vt 0.00000000 0.00000000
vt 0.81176502 0.75686300
vt 0.00000000 0.00000000
vt 0.48235300 0.95686299
vt 0.08627500 0.95686299
vt 0.00000000 0.00000000
vt 0.00000000 0.00000000
vt 0.31372601 1.00000000
vt 0.00000000 0.00000000
vt 0.00000000 0.00000000
vt 0.00000000 0.00000000
vt 0.00000000 0.00000000
vt 0.00000000 0.00000000
vt 0.00000000 0.00000000
vt 0.00000000 0.00000000
vt 0.00000000 0.00000000
vt 0.00000000 0.00000000
vt 0.00000000 0.00000000
vt 0.00000000 0.00000000
vt 0.00000000 0.00000000
vt 0.00000000 0.00000000
vt 0.00000000 0.34509799
vt 0.19607800 0.33333299
vt 0.00000000 0.00000000
vt 0.00000000 0.21960799
vt 0.00000000 0.00000000
vt 0.00000000 0.00000000
vt 0.19607800 0.23921600
vt 0.00000000 0.31372601
vt 0.00000000 0.00000000
vt 1.00000000 0.12548999
vt 0.00000000 0.31372601
vt 0.37254900 0.98431402
vt 0.30980399 0.96078402
vt 0.00000000 0.00000000
vt 0.00000000 0.00000000
vt 1.00000000 0.33333299
vt 1.00000000 0.41568601
vt 0.00000000 0.31372601
vt 0.19607800 0.28627500
vt 0.00000000 0.00000000
vt 0.19607800 0.28627500
vt 0.98823500 0.54509801
vt 0.98823500 0.60392201
vt 0.00000000 0.00000000
vt 0.00000000 0.00000000
vt 0.00000000 0.00000000
vt 0.00000000 0.00000000
vt 0.00000000 0.00000000
vt 0.00000000 0.00000000
vt 0.00000000 0.00000000
vt 0.00000000 0.00000000
vt 0.37647101 1.00000000
vt 0.49803901 1.00000000
vt 0.55294102 0.45098001
vt 0.20784301 0.45098001
vt 0.00000000 0.00000000
vt 0.00000000 0.00000000
vt 0.00000000 0.00000000
vt 0.00000000 0.00000000
vt 0.04313700 0.83137298
vt 0.09803900 0.90196103
vt 0.00000000 0.00000000
vt 0.00000000 0.00000000
vt 0.00000000 0.00000000
vt 0.00000000 0.00000000
vt 0.98823500 0.54509801
vt 0.70196098 0.23921600
vt 0.19607800 0.23921600
vt 0.98823500 0.54509801
vt 0.00000000 0.33333299
vt 0.00000000 0.00000000
vt 0.00000000 0.50196099
vt 0.00000000 0.00000000
vt 0.00000000 0.00000000
vt 0.00000000 0.00000000
vt 0.11372500 0.77254897
vt 0.19607800 0.38039199
vt 0.00000000 0.34509799
vt 0.00000000 0.00000000
vt 0.00000000 0.00000000
vt 0.00000000 0.00000000
vt 0.00000000 0.00000000
vt 0.19607800 0.38039199
vt 0.00000000 0.00000000
vt 0.00000000 0.34509799
vt 1.00000000 0.35686299
vt 0.70196098 0.33333299
vt 0.00000000 0.34509799
vt 0.70196098 0.33333299
vt 0.19607800 0.33333299
vt 0.00000000 0.34509799
vt 0.11372500 0.77254897
vt 0.00000000 0.00000000
vt 0.00000000 0.83921599
vt 0.20392200 0.81568599
vt 0.00000000 0.00000000
vt 1.00000000 0.16470601
vt 1.00000000 0.13725500
vt 1.00000000 0.00000000
vt 0.00000000 0.00000000
vt 0.00000000 0.58039200
vt 0.20392200 0.59215701
vt 0.09411800 0.52548999
vt 0.99607801 0.45882401
vt 0.90196103 0.49019599
vt 0.00392200 0.98823500
vt 0.05098000 0.96470600
vt 0.00000000 0.31372601
vt 1.00000000 0.12548999
vt 0.00000000 0.00000000
vt 0.19607800 0.33333299
vt 0.19607800 0.19215700
vt 0.00000000 0.00000000
vt 0.00000000 0.21960799
vt 0.19607800 0.19215700
vt 0.00000000 0.15294100
vt 0.00000000 0.00000000
vt 0.00000000 0.00000000
vt 0.00000000 0.00000000
vt 0.00000000 0.00000000
vt 0.00000000 0.00000000
vt 0.00000000 0.00000000
vt 0.00000000 0.00000000
vt 0.95294100 0.49803901
vt 0.69803900 1.00000000
vt 0.00000000 0.00000000
vt 0.87450999 0.00000000
vt 0.87450999 0.23921600
vt 0.00000000 0.00000000
vt 0.70196098 0.14117600
vt 0.19607800 0.14117600
vt 0.00000000 0.15294100
vt 1.00000000 0.28627500
vt 0.00000000 0.00000000
vt 0.70196098 0.28627500
vt 0.00000000 0.00000000
vt 1.00000000 0.28627500
vt 0.70196098 0.28627500
vt 0.32156900 0.41568601
vt 0.32156900 0.33333299
vt 0.00000000 0.58039200
vt 0.00000000 0.34117600
vt 0.00000000 0.00000000
vt 1.00000000 0.53333300
vt 1.00000000 0.57647097
vt 1.00000000 0.53333300
vt 0.00000000 0.00000000
vt 0.00000000 0.00000000
vt 0.00000000 0.16470601
vt 0.00000000 0.00000000
vt 0.00000000 0.33333299
vt 0.00000000 0.00000000
vt 0.00000000 0.00000000
vt 0.00000000 0.33333299
vt 1.00000000 0.41568601
vt 1.00000000 0.33333299
vt 0.00000000 0.33333299
vt 1.00000000 0.33333299
vt 1.00000000 0.25097999
vt 0.00000000 0.33333299
vt 1.00000000 0.25097999
vt 0.00000000 0.00000000
vt 0.00000000 0.33333299
vt 0.00000000 0.00000000
vt 0.00000000 0.00000000
vt 0.00000000 0.00000000
vt 0.00000000 0.00000000
vt 0.70196098 0.38039199
vt 1.00000000 0.35686299
vt 0.19607800 0.38039199
vt 0.43529400 0.99607801
vt 0.00000000 0.00000000
vt 0.00000000 1.00000000
vt 0.00000000 0.83529401
vt 0.00000000 0.00000000
vt 0.00000000 0.00000000
vt 0.00000000 0.00000000
vt 0.00000000 0.00000000
vt 0.00000000 0.00000000
vt 0.70196098 0.33333299
vt 1.00000000 0.35686299
vt 0.70196098 0.38039199
vt 0.00000000 0.00000000
vt 1.00000000 0.35686299
vt 0.00000000 0.00000000
vt 0.00000000 0.00000000
vt 0.86666697 0.09019600
vt 0.86666697 0.11372500
vt 1.00000000 0.18823500
vt 1.00000000 0.45098001
vt 1.00000000 0.49411801
vt 1.00000000 0.21568599
vt 1.00000000 0.45098001
vt 1.00000000 0.18823500
vt 0.00000000 0.00000000
vt 0.00000000 0.00000000
vt 0.85490203 0.85490203
vt 0.00000000 0.00000000
vt 1.00000000 0.33333299
vt 0.00000000 0.00000000
vt 0.00000000 0.00000000
vt 1.00000000 0.33333299
vt 0.00000000 0.00000000
vt 0.00000000 0.00000000
vt 1.00000000 0.33333299
vt 0.93333298 0.74901998
vt 0.98431402 0.62745100
vt 1.00000000 0.33333299
vt 0.98431402 0.62745100
vt 0.00000000 0.00000000
vt 1.00000000 0.33333299
vt 0.00000000 0.00000000
vt 1.00000000 0.16470601
vt 1.00000000 0.33333299
vt 0.00000000 0.00000000
vt 0.00000000 0.00000000
vt 0.98431402 0.62745100
vt 0.93333298 0.74901998
vt 0.08627500 0.95686299
vt 0.00000000 0.00000000
vt 0.00000000 0.33333299
vt 0.00000000 0.28235301
vt 0.00000000 0.25097999
vt 1.00000000 0.24313700
vt 0.00000000 0.00000000
vt 0.00000000 0.00000000
vt 1.00000000 0.45098001
vt 0.00000000 0.00000000
vt 0.00000000 0.00000000
vt 1.00000000 0.45098001
vt 1.00000000 0.40784299
vt 0.70196098 0.19215700
vt 0.87843102 1.00000000
vt 1.00000000 1.00000000
vt 1.00000000 0.97647101
vt 0.87843102 0.97647101
vt 0.48235300 0.97647101
vt 0.87843102 0.97647101
vt 0.87843102 0.94902003
vt 0.48235300 0.94902003
vt 0.00000000 0.00000000
vt 0.00000000 0.00000000
vt 0.00000000 0.00000000
vt 0.08627500 0.95686299
vt 0.00000000 0.00000000
vt 0.00000000 0.00000000
vt 0.00000000 0.00000000
vt 0.52156901 0.26274499
vt 0.56470603 0.26274499
vt 0.00000000 0.00000000
vt 0.56470603 0.26274499
vt 0.00000000 0.00000000
vt 0.00000000 0.00000000
vt 0.00000000 0.00000000
vt 0.00000000 0.00000000
vt 0.00000000 0.00000000
vt 0.00000000 0.00000000
vt 0.00000000 0.00000000
vt 0.00000000 0.00000000
vt 0.00000000 0.00000000
vt 0.00000000 0.00000000
vt 0.00000000 0.00000000
vt 0.00000000 0.00000000
vt 0.00000000 0.00000000
vt 0.70588201 0.24313700
vt 1.00000000 0.23921600
vt 0.70588201 0.24313700
vt 0.00000000 0.00000000
vt 1.00000000 0.23921600
vt 0.00000000 0.00000000
vt 0.00000000 0.00000000
vt 1.00000000 0.23921600
vt 0.52156901 0.23529400
vt 1.00000000 0.21568599
vt 1.00000000 0.23921600
vt 0.00000000 0.00000000
vt 0.00000000 0.00000000
vt 0.00000000 0.16470601
vt 0.19607800 0.47451001
vt 0.00000000 0.47451001
vt 0.00000000 0.00000000
vt 0.00000000 0.00000000
vt 0.00000000 0.00000000
vt 0.00000000 0.00000000
vt 1.00000000 1.00000000
vt 0.00000000 0.00000000
vt 0.00000000 0.00000000
vt 0.00000000 0.00000000
vt 0.60392201 0.00000000
vt 0.00000000 0.00000000
vt 0.33725500 0.17254899
vt 0.84313703 0.17254899
vt 0.00000000 0.00000000
vt 0.00000000 0.00000000
vt 0.27451000 0.76078397
vt 0.00000000 0.00000000
vt 0.70196098 0.28627500
vt 0.19607800 0.28627500
vt 0.00000000 0.31372601
vt 0.00000000 0.00000000
vt 0.70196098 0.42745101
vt 1.00000000 0.40392199
vt 0.00000000 0.41176501
vt 1.00000000 0.40392199
vt 0.00000000 0.00000000
vt 0.70196098 0.38039199
vt 0.00000000 0.00000000
vt 0.00000000 0.00000000
vt 0.00000000 0.00000000
vt 1.00000000 0.70588201
vt 0.00000000 0.00000000
vt 0.00000000 0.31372601
vt 0.70196098 0.33333299
vt 0.10588200 0.34509799
vt 0.48235300 1.00000000
vt 0.00000000 0.58039200
vt 0.19215700 0.02745100
vt 1.00000000 0.05490200
vt 1.00000000 0.08235300
vt 0.86666697 0.41960800
vt 0.86666697 0.44313699
vt 0.87450999 0.64705902
vt 0.00000000 0.00000000
vt 1.00000000 0.76078397
vt 0.00000000 0.00000000
vt 0.00000000 0.00000000
vt 0.00000000 0.00000000
vt 1.00000000 0.16470601
vt 0.00000000 0.00000000
vt 0.00000000 0.00000000
vt 0.00000000 0.00000000
vt 0.99607801 0.12156900
vt 0.00000000 0.00000000
vt 0.00000000 0.09803900
vt 0.90196103 0.10196100
vt 1.00000000 0.51764703
vt 1.00000000 0.76078397
vt 1.00000000 0.08235300
vt 1.00000000 0.05490200
vt 0.70196098 0.28627500
vt 0.00000000 0.00000000
vt 0.98823500 0.54509801
vt 0.19607800 0.28627500
vt 0.00000000 0.00000000
vt 0.43529400 0.99607801
vt 0.37254900 0.98431402
vt 0.00000000 0.31372601
vt 0.00000000 0.00000000
vt 0.00000000 0.00000000
vt 0.00000000 0.00000000
vt 0.99607801 0.14902000
vt 0.00000000 0.00000000
vt 0.00000000 0.00000000
vt 0.99607801 0.12156900
vt 0.19607800 0.09411800
vt 0.00000000 0.09803900
vt 0.00000000 0.00000000
vt 0.00000000 0.00000000
vt 0.00000000 0.00000000
vt 0.00000000 0.00000000
vt 0.98431402 0.62745100
vt 0.00000000 0.00000000
vt 0.00000000 0.00000000
vt 0.00000000 0.00000000
vt 0.00000000 0.00000000
vt 0.47451001 0.20392200
vt 0.00000000 0.00000000
vt 1.00000000 0.18823500
vt 0.28235301 0.25097999
vt 0.00000000 0.00000000
vt 0.00000000 0.00000000
vt 0.28235301 0.20000000
vt 0.00000000 0.00000000
vt 0.00000000 0.00000000
vt 0.00000000 0.00000000
vt 0.00000000 0.00000000
vt 0.00000000 0.00000000
vt 0.00000000 0.00000000
vt 0.00000000 0.00000000
vt 0.00000000 0.00000000
vt 0.00000000 0.00000000
vt 0.00000000 0.00000000
vt 0.00000000 0.00000000
vt 0.00000000 0.00000000
vt 0.00000000 0.00000000
vt 0.00000000 0.00000000
vt 0.00000000 0.00000000
vt 0.00000000 0.00000000
vt 0.00000000 0.00000000
vt 0.00000000 0.00000000
vt 0.00000000 0.00000000
vt 0.00000000 0.00000000
vt 0.00000000 0.00000000
vt 0.19215700 0.02745100
vt 0.00000000 0.02745100
vt 0.00784300 0.03529400
vt 0.12156900 0.92156899
vt 0.00000000 0.00000000
vt 0.12156900 0.92156899
vt 0.00000000 0.00000000
vt 0.00000000 0.00000000
vt 0.00000000 0.00000000
vt 0.00000000 0.00000000
vt 0.00000000 0.00000000
vt 0.00000000 0.00000000
vt 0.00784300 0.03529400
vt 0.00000000 0.00000000
vt 0.00000000 0.00000000
vt 0.56470603 0.26274499
vt 0.52156901 0.26274499
vt 0.00000000 0.00000000
vt 0.00000000 0.00000000
vt 0.56470603 0.26274499
vt 0.87843102 0.70588201
vt 0.87843102 0.95686299
vt 0.00000000 0.00000000
vt 0.00000000 0.00000000
vt 0.12156900 0.07843100
vt 0.00000000 0.07843100
vt 0.70588201 0.24313700
vt 0.00000000 0.00000000
vt 0.52156901 0.23529400
vt 0.70588201 0.24313700
vt 0.00000000 0.00000000
vt 0.00000000 0.00000000
vt 0.70588201 0.24313700
vt 0.00000000 0.00000000
vt 0.00000000 0.00000000
vt 0.00000000 0.00000000
vt 0.00000000 0.50196099
vt 0.01568600 0.62745100
vt 0.00000000 0.00000000
vt 0.70196098 0.47451001
vt 0.00000000 0.00000000
vt 0.19607800 0.47451001
vt 0.00000000 0.00000000
vt 0.00000000 0.47451001
vt 0.19607800 0.47451001
vt 0.00000000 0.00000000
vt 0.00000000 0.00000000
vt 0.19607800 0.47451001
vt 0.00000000 0.00000000
vt 0.00000000 0.66274500
vt 0.00000000 0.52941197
vt 0.00000000 0.00000000
vt 0.00000000 0.00000000
vt 0.00000000 0.00000000
vt 0.00000000 0.47451001
vt 0.00000000 0.00000000
vt 0.00000000 0.00000000
vt 0.00000000 0.00000000
vt 0.70196098 0.42745101
vt 0.19607800 0.42745101
vt 0.00000000 0.00000000
vt 0.00000000 0.50196099
vt 0.00000000 0.00000000
vt 0.00000000 0.00000000
vt 0.00000000 0.50196099
vt 0.00000000 0.00000000
vt 0.00000000 0.00000000
vt 0.00000000 0.00000000
vt 0.00000000 0.00000000
vt 0.00000000 0.00000000
vt 0.00000000 0.00000000
vt 0.00000000 0.00000000
vt 0.00000000 0.00000000
vt 0.00000000 0.00000000
vt 1.00000000 0.42745101
vt 0.70196098 0.42745101
vt 0.00000000 0.00000000
vt 0.00000000 0.00000000
vt 1.00000000 0.28627500
vt 0.00000000 0.00000000
vt 0.00000000 0.00000000
vt 0.70196098 0.37254900
vt 1.00000000 0.37254900
vt 0.70196098 0.37254900
vt 0.00000000 0.00000000
vt 1.00000000 0.37254900
vt 0.87843102 0.74901998
vt 0.92549002 0.74901998
vt 1.00000000 0.37254900
vt 0.92549002 0.74901998
vt 0.00000000 0.00000000
vt 0.00000000 0.00000000
vt 0.00000000 0.00000000
vt 0.70980400 0.38823500
vt 1.00000000 0.37254900
vt 0.70980400 0.38039199
vt 0.00000000 0.00000000
vt 1.00000000 0.37254900
vt 0.92549002 0.74901998
vt 0.87843102 0.74901998
vt 0.00000000 0.00000000
vt 0.87843102 0.74901998
vt 0.00000000 0.00000000
vt 0.00000000 0.00000000
vt 0.00000000 0.00000000
vt 0.30196100 0.52941197
vt 0.00000000 0.00000000
vt 0.00000000 0.00000000
vt 0.00000000 0.00000000
vt 0.70196098 0.37254900
vt 0.00000000 0.00000000
vt 0.70196098 0.37254900
vt 0.00000000 0.00000000
vt 0.00000000 0.00000000
vt 0.00000000 0.00000000
vt 0.00000000 0.00000000
vt 0.00000000 0.00000000
vt 0.84313703 0.17254899
vt 0.00000000 0.00000000
vt 0.00000000 0.00000000
vt 0.41176501 1.00000000
vt 0.00000000 0.00000000
vt 0.84313703 0.65490198
vt 0.00000000 0.00000000
vt 0.00784300 0.03529400
vt 0.00000000 0.00000000
vt 0.33725500 0.34117600
vt 0.00000000 0.58039200
vt 1.00000000 0.58039200
vt 0.84313703 0.34117600
vt 0.33725500 0.81960797
vt 0.84313703 0.81960797
vt 0.00000000 0.00000000
vt 0.00000000 0.58039200
vt 1.00000000 0.58431399
vt 1.00000000 0.49803901
vt 0.00000000 0.00000000
vt 1.00000000 0.49803901
vt 0.00000000 0.00000000
vt 0.00000000 0.00000000
vt 1.00000000 0.07058800
vt 0.70196098 0.04705900
vt 0.00000000 0.00000000
vt 0.70196098 0.04705900
vt 0.19607800 0.04705900
vt 0.00000000 0.00000000
vt 0.00000000 0.09803900
vt 0.19607800 0.09411800
vt 0.00000000 0.00000000
vt 0.00000000 0.00000000
vt 0.00000000 0.00000000
vt 0.00000000 0.00000000
vt 0.01568600 0.20392200
vt 0.70196098 0.04705900
vt 0.00000000 0.00000000
vt 0.00000000 0.00000000
vt 0.70196098 0.04705900
vt 0.70196098 1.00000000
vt 0.00000000 0.00000000
vt 0.70196098 1.00000000
vt 0.19607800 1.00000000
vt 0.00000000 0.00000000
vt 0.19607800 1.00000000
vt 0.98823500 0.10980400
vt 0.98823500 0.16470601
vt 0.00000000 0.00000000
vt 0.94902003 0.04313700
vt 0.92549002 0.01176500
vt 0.00000000 0.00000000
vt 0.12156900 0.07843100
vt 0.00000000 0.00000000
vt 0.00000000 0.07843100
vt 0.00000000 0.00000000
vt 0.00000000 0.00000000
vt 0.00000000 0.00000000
vt 0.00000000 0.00000000
vt 0.84313703 0.34117600
vt 1.00000000 0.58039200
vt 0.47451001 0.20392200
vt 0.00000000 0.41176501
vt 0.33725500 0.65490198
vt 0.84313703 0.65490198
vt 0.00000000 0.00000000
vt 0.01568600 0.50196099
vt 0.00000000 0.25882399
vt 0.47451001 0.46274501
vt 0.00784300 0.29803899
vt 0.00000000 0.00000000
vt 0.00000000 0.00000000
vt 0.47451001 0.40000001
vt 0.00000000 0.00000000
vt 0.60392201 1.00000000
vt 0.00000000 0.00000000
vt 0.84313703 0.81960797
vt 0.00000000 0.00000000
vt 0.00000000 0.00000000
vt 0.00000000 0.00000000
vt 0.00000000 0.00000000
vt 0.00000000 0.00000000
vt 0.00000000 0.00000000
vt 0.00000000 0.00000000
vt 0.00000000 0.00000000
vt 0.00000000 0.00000000
vt 0.00000000 0.00000000
vt 0.00000000 0.00000000
vt 0.00000000 0.00000000
vt 0.00000000 0.00000000
vt 0.00000000 0.00000000
vt 0.00000000 0.00000000
vt 0.00000000 0.00000000
vt 0.00000000 0.00000000
vt 0.00000000 0.00000000
vt 0.70980400 0.00000000
vt 0.74901998 0.00000000
vt 0.00000000 0.00000000
vt 0.00000000 0.00000000
vt 0.00000000 0.00000000
vt 0.00000000 0.00000000
vt 0.00000000 0.00000000
vt 0.00000000 0.00000000
vt 0.00000000 0.00000000
vt 0.00000000 0.00000000
vt 0.87450999 0.77647102
vt 0.81176502 0.65098000
vt 0.00000000 0.00000000
vt 0.81176502 0.65098000
vt 0.00000000 0.00000000
vt 0.00000000 0.00000000
vt 0.69411802 0.38431400
vt 0.64705902 0.25097999
vt 0.00000000 0.00000000
vt 0.64705902 0.25097999
vt 0.00000000 0.00000000
vt 0.00000000 0.00000000
vt 1.00000000 1.00000000
vt 0.87450999 0.77647102
vt 0.00000000 0.00000000
vt 0.00000000 0.00000000
vt 1.00000000 0.42745101
vt 0.00000000 0.00000000
vt 0.00000000 0.00000000
vt 0.00000000 0.00000000
vt 1.00000000 0.11764700
vt 1.00000000 0.14117600
vt 0.00000000 0.00000000
vt 0.00000000 0.00000000
vt 0.12156900 0.07843100
vt 0.12156900 0.92156899
vt 0.00000000 0.00000000
vt 0.12156900 0.92156899
vt 0.00784300 0.03529400
vt 0.00000000 0.00000000
vt 0.00000000 0.00000000
vt 0.00000000 0.00000000
vt 0.00000000 0.00000000
vt 0.00000000 0.00000000
vt 0.00000000 0.00000000
vt 0.01568600 0.37254900
vt 0.00000000 0.50196099
vt 0.00000000 0.00000000
vt 0.01568600 0.37254900
vt 0.00000000 0.00000000
vt 0.00000000 0.50196099
vt 0.00000000 0.00000000
vt 0.00000000 0.00000000
vt 0.00000000 0.50196099
vt 0.00000000 0.00000000
vt 0.00000000 0.00000000
vt 0.00000000 0.50196099
vt 0.00000000 0.00000000
vt 0.00000000 0.00000000
vt 0.00000000 0.50196099
vt 0.00000000 0.00000000
vt 0.00000000 0.00000000
vt 0.00000000 0.50196099
vt 0.00000000 0.00000000
vt 0.00000000 0.00000000
vt 0.00000000 0.50196099
vt 1.00000000 0.47451001
vt 0.00000000 0.00000000
vt 0.70196098 0.47451001
vt 0.50196099 1.00000000
vt 0.69803900 1.00000000
vt 0.70196098 0.47451001
vt 0.69803900 1.00000000
vt 0.95294100 0.49803901
vt 0.70196098 0.47451001
vt 0.00000000 0.00000000
vt 0.00000000 0.00000000
vt 0.00000000 0.00000000
vt 1.00000000 0.40392199
vt 1.00000000 0.55294102
vt 0.00000000 0.00000000
vt 1.00000000 0.40392199
vt 1.00000000 0.42745101
vt 0.00000000 0.00000000
vt 0.50196099 1.00000000
vt 0.19607800 1.00000000
vt 0.00000000 0.00000000
vt 0.00000000 0.00000000
vt 0.50196099 1.00000000
vt 0.00000000 0.00000000
vt 0.69803900 1.00000000
vt 0.50196099 1.00000000
vt 1.00000000 1.00000000
vt 1.00000000 0.91764700
vt 0.00000000 0.00000000
vt 1.00000000 1.00000000
vt 0.00000000 0.00000000
vt 0.16862699 0.95686299
vt 1.00000000 1.00000000
vt 0.16862699 0.95686299
vt 0.09803900 0.90196103
vt 1.00000000 1.00000000
vt 0.09803900 0.90196103
vt 0.04313700 0.83137298
vt 1.00000000 1.00000000
vt 0.04313700 0.83137298
vt 0.01176500 0.75294101
vt 1.00000000 1.00000000
vt 0.01176500 0.75294101
vt 0.00392200 0.70980400
vt 1.00000000 1.00000000
vt 0.00392200 0.70980400
vt 0.00000000 0.00000000
vt 1.00000000 1.00000000
vt 0.00000000 0.00000000
vt 0.00000000 0.00000000
vt 0.00000000 0.00000000
vt 0.41176501 1.00000000
vt 0.00000000 0.00000000
vt 0.00000000 0.00000000
vt 1.00000000 1.00000000
vt 0.00000000 0.00000000
vt 1.00000000 0.70980400
vt 1.00000000 1.00000000
vt 1.00000000 0.70980400
vt 0.00000000 0.00000000
vt 1.00000000 1.00000000
vt 0.00000000 0.00000000
vt 0.00000000 0.00000000
vt 1.00000000 1.00000000
vt 0.00000000 0.00000000
vt 0.00000000 0.00000000
vt 1.00000000 1.00000000
vt 0.00000000 0.00000000
vt 0.00000000 0.00000000
vt 1.00000000 1.00000000
vt 0.00000000 0.00000000
vt 0.00000000 0.00000000
vt 1.00000000 1.00000000
vt 0.00000000 0.00000000
vt 0.00000000 0.00000000
vt 1.00000000 1.00000000
vt 0.00000000 0.00000000
vt 0.00000000 0.00000000
vt 0.00000000 0.00000000
vt 0.32156900 0.91764700
vt 0.00000000 0.00000000
vt 0.00000000 0.00000000
vt 0.47451001 0.40000001
vt 0.00000000 0.00000000
vt 0.00000000 0.00000000
vt 0.00000000 0.00000000
vt 0.00000000 0.00000000
vt 0.00000000 0.00000000
vt 0.64705902 0.74901998
vt 0.62352902 0.74901998
vt 0.00000000 0.00000000
vt 0.62352902 0.74901998
vt 0.00000000 0.00000000
vt 0.00000000 0.00000000
vt 0.00000000 0.00000000
vt 0.00000000 0.00000000
vt 0.00000000 0.00000000
vt 0.00000000 0.00000000
vt 0.00000000 0.00000000
vt 0.00000000 0.00000000
vt 0.00000000 0.00000000
vt 0.70980400 0.38823500
vt 0.00000000 0.00000000
vt 0.00000000 0.00000000
vt 0.70196098 0.37254900
vt 0.00000000 0.00000000
vt 0.70980400 0.38039199
vt 0.00000000 0.00000000
vt 0.00000000 0.00000000
vt 0.00000000 0.00000000
vt 0.70980400 0.38039199
vt 0.70980400 0.38823500
vt 0.87450999 0.22352900
vt 0.92549002 0.00000000
vt 0.70980400 0.38823500
vt 0.00000000 0.00000000
vt 0.00000000 0.00000000
vt 0.70980400 0.38039199
vt 0.00000000 0.00000000
vt 0.00000000 0.00000000
vt 0.70980400 0.38039199
vt 0.00000000 0.00000000
vt 0.00000000 0.00000000
vt 0.70980400 0.38039199
vt 0.00000000 0.00000000
vt 0.00000000 0.00000000
vt 0.00000000 0.00000000
vt 0.60392201 0.00000000
vt 0.84313703 0.17254899
vt 0.00000000 0.00000000
vt 0.00000000 0.00000000
vt 0.00000000 0.00000000
vt 0.00000000 0.00000000
vt 0.03921600 0.96078402
vt 0.02745100 0.72941202
vt 0.00000000 0.00000000
vt 0.02352900 0.05490200
vt 0.00000000 0.00000000
vt 0.00000000 0.00000000
vt 0.00000000 0.00000000
vt 0.00000000 0.00000000
vt 0.00000000 0.00000000
vt 0.41176501 1.00000000
vt 0.33725500 0.65490198
vt 0.00000000 0.00000000
vt 0.00000000 0.00000000
vt 1.00000000 0.66274500
vt 1.00000000 0.70588201
vt 0.00000000 0.00000000
vt 0.00000000 0.00000000
vt 0.86666697 0.06274500
vt 0.86666697 0.09019600
vt 0.00000000 0.00000000
vt 0.31372601 0.00000000
vt 0.33725500 0.17254899
vt 0.00000000 0.00000000
vt 0.00000000 0.12156900
vt 0.08627500 0.45490199
vt 0.00000000 0.00000000
vt 1.00000000 0.16470601
vt 0.86666697 0.34117600
vt 0.86666697 0.36862701
vt 1.00000000 0.13725500
vt 0.00000000 0.17254899
vt 0.00000000 0.00000000
vt 0.00000000 0.41176501
vt 0.00000000 0.00000000
vt 0.00000000 0.00000000
vt 0.00000000 0.41176501
vt 1.00000000 0.49803901
vt 1.00000000 0.41568601
vt 0.00000000 0.00000000
vt 1.00000000 0.41568601
vt 0.00000000 0.00000000
vt 0.00000000 0.00000000
vt 0.00000000 0.00000000
vt 0.00000000 0.16470601
vt 0.00000000 0.00000000
vt 0.00000000 0.00000000
vt 0.00000000 0.00000000
vt 0.00000000 0.00000000
vt 0.00000000 0.00000000
vt 0.90196103 0.00000000
vt 0.99607801 0.00000000
vt 0.00000000 0.00000000
vt 0.99607801 0.00000000
vt 0.00000000 0.00000000
vt 0.00000000 0.00000000
vt 0.00000000 0.00000000
vt 0.00000000 0.00000000
vt 0.00000000 0.00000000
vt 0.00000000 0.00000000
vt 0.00000000 0.00000000
vt 0.00000000 0.00000000
vt 0.00000000 0.00000000
vt 0.00000000 0.00000000
vt 0.00000000 0.00000000
vt 0.00000000 0.00000000
vt 0.00000000 0.00000000
vt 0.00000000 0.00000000
vt 0.00000000 0.00000000
vt 1.00000000 0.41568601
vt 1.00000000 0.49803901
vt 0.87450999 0.72156900
vt 0.33725500 0.47451001
vt 0.00000000 0.00000000
vt 0.85490203 0.94509798
vt 1.00000000 0.00784300
vt 0.00000000 0.00000000
vt 0.70196098 1.00000000
vt 0.16862699 1.00000000
vt 0.20784301 0.00000000
vt 0.70196098 1.00000000
vt 0.01568600 0.49803901
vt 0.00000000 0.00000000
vt 0.00000000 0.00000000
vt 0.00000000 0.00000000
vt 0.00000000 0.00000000
vt 0.00000000 0.00000000
vt 0.19607800 1.00000000
vt 0.00000000 0.00000000
vt 0.00000000 0.00000000
vt 0.04313700 0.02745100
vt 0.00000000 0.00000000
vt 0.33725500 0.52156901
vt 0.00000000 0.00000000
vt 0.47451001 0.41960800
vt 0.84313703 0.52156901
vt 0.00000000 0.00000000
vt 0.00000000 0.00000000
vt 0.00000000 0.00000000
vt 0.00000000 0.00000000
vt 0.33725500 0.81960797
vt 0.00000000 0.58039200
vt 1.00000000 0.53333300
vt 0.00000000 0.00000000
vt 0.00000000 0.00000000
vt 1.00000000 0.49411801
vt 0.32156900 0.33333299
vt 0.11372500 0.27451000
vt 0.00000000 0.00000000
vt 0.23921600 0.00392200
vt 0.10980400 0.36862701
vt 0.00000000 0.00000000
vt 0.00000000 0.00000000
vt 0.31372601 1.00000000
vt 0.00000000 0.00000000
vt 0.33725500 0.81960797
vt 0.00000000 0.00000000
vt 0.00000000 0.00000000
vt 0.33725500 0.34117600
vt 0.00000000 0.00000000
vt 0.00000000 0.00000000
vt 0.33725500 0.34117600
vt 0.00000000 1.00000000
vt 0.00000000 0.00000000
vt 0.33725500 0.65490198
vt 0.00000000 0.65490198
vt 0.95294100 0.49803901
vt 0.94117701 0.23921600
vt 0.60392201 1.00000000
vt 0.28235301 0.10196100
vt 0.93333298 0.25097999
vt 0.98431402 0.37254900
vt 0.00000000 0.00000000
vt 0.00000000 0.00000000
vt 0.00000000 0.00000000
vt 0.00000000 0.00000000
vt 0.00000000 0.00000000
vt 0.00000000 0.00000000
vt 0.00000000 0.00000000
vt 0.00000000 0.00000000
vt 0.00000000 0.00000000
vt 0.00000000 0.00000000
vt 0.00000000 0.00000000
vt 0.92156899 1.00000000
vt 0.70980400 0.00000000
vt 0.00000000 0.00000000
vt 0.81176502 0.65098000
vt 0.87450999 0.77647102
vt 0.92156899 1.00000000
vt 0.00000000 0.00000000
vt 0.87450999 0.77647102
vt 0.00000000 0.00000000
vt 0.00000000 0.00000000
vt 0.81176502 0.65098000
vt 0.00000000 0.00000000
vt 0.00000000 0.00000000
vt 0.00000000 0.00000000
vt 0.00000000 0.00000000
vt 0.64705902 0.25097999
vt 0.69411802 0.38431400
vt 0.00000000 0.00000000
vt 0.00000000 0.00000000
vt 0.64705902 0.25097999
vt 0.00000000 0.00000000
vt 0.00000000 0.00000000
vt 0.00000000 0.00000000
vt 0.00000000 0.00000000
vt 0.00000000 0.00000000
vt 0.00000000 0.00000000
vt 0.47451001 0.05882400
vt 1.00000000 0.05490200
vt 0.00000000 0.00000000
vt 0.00000000 0.00000000
vt 0.00000000 0.00000000
vt 0.00000000 0.00000000
vt 0.00000000 0.00000000
vt 0.00000000 0.00000000
vt 0.00000000 0.00000000
vt 0.00000000 0.00000000
vt 0.00000000 0.00000000
vt 0.00000000 0.00000000
vt 0.00000000 0.00000000
vt 0.00000000 0.00000000
vt 0.00000000 0.00000000
vt 0.00000000 0.00000000
vt 0.00000000 0.00000000
vt 0.00000000 0.00000000
vt 0.00000000 0.00000000
vt 0.00000000 0.00000000
vt 0.00000000 0.00000000
vt 0.00000000 0.00000000
vt 0.01568600 0.37254900
vt 0.00000000 0.00000000
vt 0.00000000 0.00000000
vt 0.06666700 0.92941201
vt 0.05098000 0.96470600
vt 0.06666700 0.92941201
vt 0.00000000 0.00000000
vt 0.05098000 0.96470600
vt 0.87450999 0.49803901
vt 0.81176502 0.49803901
vt 0.87450999 0.24313700
vt 0.73725498 1.00000000
vt 0.00000000 0.00000000
vt 0.00000000 0.00000000
vt 0.05098000 0.96470600
vt 0.00000000 0.00000000
vt 0.00000000 0.00000000
vt 0.00000000 0.00000000
vt 0.90196103 0.49019599
vt 0.00000000 0.00000000
vt 0.00000000 0.00000000
vt 0.90196103 0.49019599
vt 1.00000000 0.91764700
vt 1.00000000 1.00000000
vt 0.00000000 0.00000000
vt 0.20784301 0.49019599
vt 0.20784301 0.45098001
vt 0.86666697 0.03921600
vt 0.00000000 0.00000000
vt 0.00000000 0.00000000
vt 0.69803900 1.00000000
vt 0.00000000 0.00000000
vt 0.00000000 0.00000000
vt 0.69803900 1.00000000
vt 1.00000000 0.55294102
vt 0.47451001 0.41960800
vt 0.47451001 0.40000001
vt 0.00000000 0.00000000
vt 0.00000000 0.00000000
vt 0.00000000 0.00000000
vt 0.95294100 0.49803901
vt 0.00000000 0.00000000
vt 1.00000000 0.70980400
vt 0.95294100 0.49803901
vt 1.00000000 0.70980400
vt 1.00000000 0.66666698
vt 0.95294100 0.49803901
vt 0.00000000 0.00000000
vt 0.00000000 0.00000000
vt 1.00000000 0.07058800
vt 1.00000000 0.09411800
vt 0.87843102 0.51764703
vt 0.00000000 0.00000000
vt 0.00000000 0.00000000
vt 0.00000000 0.00000000
vt 0.47451001 0.46274501
vt 0.00000000 0.00000000
vt 0.00000000 0.00000000
vt 0.00000000 0.00000000
vt 0.19607800 0.47451001
vt 0.00000000 0.00000000
vt 0.00000000 0.00000000
vt 0.00000000 0.00000000
vt 0.00000000 0.00000000
vt 0.00000000 0.00000000
vt 0.00000000 0.00000000
vt 0.47451001 0.40000001
vt 0.47451001 0.41960800
vt 1.00000000 0.52156901
vt 0.84313703 0.52156901
vt 0.47451001 0.41960800
vt 0.90196103 0.50196099
vt 0.00000000 0.00000000
vt 0.00000000 0.00000000
vt 0.00000000 0.00000000
vt 0.12548999 0.75686300
vt 0.06666700 0.75686300
vt 0.04313700 0.50196099
vt 0.12548999 0.50196099
vt 0.00000000 0.00000000
vt 0.00000000 0.00000000
vt 0.00000000 0.00000000
vt 0.92549002 0.00000000
vt 0.87450999 0.22352900
vt 0.00000000 0.00000000
vt 0.87450999 0.22352900
vt 0.00000000 0.00000000
vt 0.00000000 0.00000000
vt 0.00000000 0.00000000
vt 0.62352902 0.74901998
vt 0.00000000 0.00000000
vt 0.62352902 0.74901998
vt 0.64705902 0.74901998
vt 0.00000000 0.00000000
vt 0.00000000 0.00000000
vt 0.00000000 0.00000000
vt 0.00000000 0.00000000
vt 0.00000000 0.00000000
vt 0.00000000 0.00000000
vt 0.00000000 0.00000000
vt 0.87450999 0.27843100
vt 0.74901998 0.50196099
vt 0.00000000 0.00000000
vt 0.74901998 0.50196099
vt 0.00000000 0.00000000
vt 0.00000000 0.00000000
vt 0.00000000 0.00000000
vt 0.00000000 0.00000000
vt 0.00000000 0.00000000
vt 0.00000000 0.00000000
vt 0.00000000 0.00000000
vt 0.00000000 0.00000000
vt 0.00000000 0.00000000
vt 0.00000000 0.00000000
vt 0.60392201 0.00000000
vt 0.00000000 0.00000000
vt 0.00000000 0.00000000
vt 0.00000000 0.00000000
vt 0.21960799 0.81960797
vt 0.14117600 0.89019603
vt 0.00000000 0.00000000
vt 0.14117600 0.89019603
vt 0.00000000 0.00000000
vt 0.00000000 0.00000000
vt 0.00000000 0.00000000
vt 0.00000000 1.00000000
vt 0.00000000 0.65490198
vt 0.32156900 0.58431399
vt 0.11372500 0.52548999
vt 0.00000000 0.00000000
vt 1.00000000 0.10980400
vt 0.86666697 0.39215699
vt 0.86666697 0.41960800
vt 0.00000000 0.00000000
vt 0.00000000 0.00000000
vt 0.74901998 0.50196099
vt 0.00000000 0.00000000
vt 0.74901998 0.50196099
vt 0.00000000 0.00000000
vt 0.00000000 0.00000000
vt 0.00000000 0.00000000
vt 0.31372601 0.00000000
vt 0.00000000 0.00000000
vt 0.87450999 0.49803901
vt 0.87450999 0.23921600
vt 0.31372601 0.00000000
vt 0.87450999 0.23921600
vt 0.00000000 0.00000000
vt 0.31372601 0.00000000
vt 1.00000000 1.00000000
vt 0.87450999 0.87450999
vt 0.00000000 0.17254899
vt 0.87450999 0.87450999
vt 0.83529401 0.83137298
vt 0.00000000 0.17254899
vt 0.83529401 0.83137298
vt 0.00000000 0.00000000
vt 0.00000000 0.17254899
vt 0.05490200 0.72156900
vt 0.06666700 0.72156900
vt 0.00000000 0.17254899
vt 0.06666700 0.72156900
vt 0.00000000 0.00000000
vt 0.00000000 0.17254899
vt 0.69019598 0.66274500
vt 0.63137299 0.59215701
vt 0.00000000 0.17254899
vt 0.32156900 0.50196099
vt 0.00000000 0.00000000
vt 0.32156900 0.58431399
vt 0.00000000 0.00000000
vt 0.13725500 0.51764703
vt 0.32156900 0.58431399
vt 0.00000000 0.00000000
vt 0.06666700 0.72156900
vt 0.63137299 0.59215701
vt 0.06666700 0.72156900
vt 0.00000000 0.00000000
vt 0.63137299 0.59215701
vt 0.00000000 0.00000000
vt 0.00000000 0.00000000
vt 0.63137299 0.59215701
vt 0.56078398 0.49411801
vt 0.60784298 0.55686301
vt 0.63137299 0.59215701
vt 0.60784298 0.55686301
vt 0.00000000 0.00000000
vt 0.00000000 0.00000000
vt 0.65882403 0.50196099
vt 0.65882403 0.41568601
vt 0.32156900 0.41568601
vt 0.32156900 0.50196099
vt 0.60784298 0.55686301
vt 0.56078398 0.49411801
vt 0.00000000 0.00000000
vt 0.00000000 0.00000000
vt 0.00000000 0.00000000
vt 0.32156900 0.66666698
vt 0.13725500 0.73333299
vt 0.14509800 0.73725498
vt 0.32156900 0.66666698
vt 0.00000000 0.00000000
vt 0.00000000 0.00000000
vt 0.00000000 0.16470601
vt 0.00000000 0.00000000
vt 0.00000000 0.00000000
vt 0.00000000 0.16470601
vt 0.00000000 0.00000000
vt 0.00000000 0.00000000
vt 1.00000000 0.41568601
vt 0.00000000 0.02745100
vt 0.28235301 1.00000000
vt 0.00000000 0.00000000
vt 0.28235301 1.00000000
vt 0.28235301 0.05098000
vt 0.00000000 0.00000000
vt 0.28235301 0.05098000
vt 0.00000000 0.00000000
vt 0.00000000 0.00000000
vt 0.00000000 0.00000000
vt 0.00000000 0.00000000
vt 0.00000000 0.00000000
vt 0.00000000 0.00000000
vt 0.00000000 0.00000000
vt 0.00000000 0.00000000
vt 0.00000000 0.00000000
vt 0.00000000 0.00000000
vt 0.00000000 0.00000000
vt 0.00000000 0.00000000
vt 0.99607801 0.00000000
vt 0.90196103 0.00000000
vt 0.00000000 0.00000000
vt 0.00000000 0.00000000
vt 0.99607801 0.00000000
vt 0.12548999 0.24313700
vt 0.12548999 0.50196099
vt 0.49803901 0.00392200
vt 0.75294101 0.00000000
vt 0.00000000 0.00000000
vt 0.00000000 0.00000000
vt 0.00000000 0.00000000
vt 0.00000000 0.00000000
vt 0.00000000 0.00000000
vt 0.00000000 0.00000000
vt 0.00000000 0.00000000
vt 0.00000000 0.00000000
vt 0.00000000 0.00000000
vt 0.01960800 0.27843100
vt 0.47451001 0.03529400
vt 0.00000000 0.00000000
vt 1.00000000 0.05490200
vt 0.00000000 0.00000000
vt 0.00000000 0.00000000
vt 0.00000000 0.00000000
vt 0.00000000 0.00000000
vt 0.00000000 0.00000000
vt 0.00784300 0.03529400
vt 0.00000000 0.00000000
vt 0.00000000 0.00000000
vt 0.00000000 0.00000000
vt 0.00000000 0.00000000
vt 1.00000000 0.00784300
vt 0.03137300 1.00000000
vt 0.16862699 1.00000000
vt 1.00000000 0.00784300
vt 0.03137300 1.00000000
vt 0.00000000 0.00000000
vt 0.16862699 1.00000000
vt 0.00000000 0.02352900
vt 0.20784301 0.00000000
vt 0.16862699 1.00000000
vt 0.00000000 0.02352900
vt 0.00000000 0.00000000
vt 0.20784301 0.00000000
vt 0.00000000 0.02352900
vt 0.00000000 0.00000000
vt 0.00000000 0.00000000
vt 0.55294102 0.05098000
vt 0.55294102 0.00000000
vt 0.00000000 0.00000000
vt 0.55294102 0.05098000
vt 0.00000000 0.00000000
vt 0.00000000 0.00000000
vt 0.11764700 0.27451000
vt 0.00000000 0.00000000
vt 0.11372500 0.27451000
vt 0.00000000 0.00000000
vt 0.00000000 0.00000000
vt 0.00000000 0.00000000
vt 0.66274500 0.37254900
vt 0.72548997 0.29803899
vt 0.00000000 0.00000000
vt 0.72548997 0.29803899
vt 0.74901998 0.26666701
vt 0.00000000 0.00000000
vt 0.74901998 0.26666701
vt 0.00000000 0.00000000
vt 0.00000000 0.00000000
vt 0.00000000 0.00000000
vt 0.01960800 0.27843100
vt 0.00000000 0.30980399
vt 0.01960800 0.27843100
vt 0.00000000 0.00000000
vt 0.00000000 0.00000000
vt 0.03921600 0.96078402
vt 0.00000000 0.00000000
vt 0.00000000 0.34117600
vt 0.00000000 0.00000000
vt 0.00000000 0.00000000
vt 0.00000000 0.34117600
vt 0.00000000 0.00000000
vt 0.00000000 0.00000000
vt 0.00000000 0.34117600
vt 0.00000000 0.00000000
vt 0.00000000 0.00000000
vt 0.00000000 0.34117600
vt 0.00000000 0.00000000
vt 0.00000000 0.00000000
vt 0.00000000 0.00000000
vt 0.00000000 0.00000000
vt 0.14509800 0.48627499
vt 0.32156900 0.41568601
vt 0.65882403 0.83529401
vt 0.65882403 0.74901998
vt 0.32156900 0.74901998
vt 0.32156900 0.83529401
vt 0.32156900 0.25097999
vt 0.00000000 0.00000000
vt 0.32156900 0.33333299
vt 0.00000000 0.00000000
vt 0.00000000 0.00000000
vt 0.32156900 0.33333299
vt 0.00000000 0.00000000
vt 0.11764700 0.27451000
vt 0.32156900 0.33333299
vt 0.00000000 0.00000000
vt 0.00000000 0.00000000
vt 0.31372601 1.00000000
vt 0.00000000 0.00000000
vt 0.00000000 0.00000000
vt 0.00000000 0.00000000
vt 0.00000000 0.00000000
vt 0.00000000 0.00000000
vt 0.00000000 0.00000000
vt 0.31372601 1.00000000
vt 0.00000000 0.00000000
vt 0.00000000 0.00000000
vt 0.31372601 1.00000000
vt 0.00000000 0.00000000
vt 0.00000000 0.00000000
vt 0.00000000 0.00000000
vt 0.00000000 0.00000000
vt 0.00000000 0.00000000
vt 0.00000000 0.00000000
vt 0.87450999 0.23921600
vt 0.94117701 0.23921600
vt 0.95294100 0.49803901
vt 0.00000000 0.00000000
vt 0.04313700 0.02745100
vt 0.07451000 0.02745100
vt 0.09803900 0.14902000
vt 0.00000000 0.00000000
vt 0.00000000 0.00000000
vt 0.94117701 0.23921600
vt 0.00000000 0.00000000
vt 0.00000000 0.00000000
vt 0.94117701 0.23921600
vt 0.00000000 0.00000000
vt 0.00000000 0.00000000
vt 0.94117701 0.23921600
vt 0.74901998 0.50196099
vt 0.87450999 0.72156900
vt 0.00000000 0.00000000
vt 0.87450999 0.72156900
vt 0.85490203 0.94509798
vt 0.00000000 0.00000000
vt 0.93725502 0.73725498
vt 0.87450999 0.50196099
vt 0.48235300 0.94902003
vt 0.87843102 0.94902003
vt 0.00000000 0.00000000
vt 0.92156899 1.00000000
vt 0.00000000 0.00000000
vt 0.85490203 0.94509798
vt 0.00000000 0.00000000
vt 0.00000000 0.00000000
vt 0.33725500 0.52156901
vt 0.84313703 0.52156901
vt 0.00000000 0.00000000
vt 0.00000000 0.25882399
vt 0.47451001 0.03529400
vt 0.47451001 0.05882400
vt 0.00000000 0.00000000
vt 1.00000000 0.28627500
vt 0.00000000 0.00000000
vt 0.00000000 0.00000000
vt 0.00000000 0.00000000
vt 0.00000000 0.00000000
vt 0.00000000 0.00000000
vt 0.00000000 0.00000000
vt 0.00000000 0.00000000
vt 0.00000000 0.00000000
vt 0.00000000 0.00000000
vt 0.00000000 0.00000000
vt 0.00000000 0.00000000
vt 0.00000000 0.00000000
vt 0.00000000 0.00000000
vt 0.00000000 0.00000000
vt 0.00000000 0.00000000
vt 0.00000000 0.00000000
vt 0.00000000 0.00000000
vt 0.00000000 0.00000000
vt 0.06666700 0.25097999
vt 0.01568600 0.37254900
vt 0.00000000 0.00000000
vt 0.01568600 0.37254900
vt 0.00000000 0.00000000
vt 0.00000000 0.00000000
vt 0.00000000 0.00000000
vt 0.00000000 0.00000000
vt 0.00000000 0.00000000
vt 0.01568600 0.37254900
vt 0.00000000 0.00000000
vt 0.00000000 0.00000000
vt 0.28235301 0.14902000
vt 0.28235301 0.20000000
vt 0.00000000 0.00000000
vt 0.00000000 0.00000000
vt 0.28235301 0.40000001
vt 0.06666700 0.92941201
vt 0.00000000 0.00000000
vt 0.28235301 0.40000001
vt 0.09019600 0.89411801
vt 0.06666700 0.92941201
vt 0.00000000 0.00000000
vt 1.00000000 0.45490199
vt 0.38823500 0.53725499
vt 1.00000000 0.52941197
vt 0.99607801 0.42745101
vt 0.90196103 0.45098001
vt 0.06666700 0.92941201
vt 0.90196103 0.45098001
vt 0.99607801 0.45882401
vt 0.06666700 0.92941201
vt 0.90196103 0.45098001
vt 0.55294102 0.45098001
vt 0.99607801 0.45882401
vt 0.55294102 0.45098001
vt 0.00000000 0.00000000
vt 0.99607801 0.45882401
vt 0.00000000 0.00000000
vt 0.90196103 0.49019599
vt 0.99607801 0.45882401
vt 0.00000000 0.00000000
vt 1.00000000 0.91764700
vt 0.90196103 0.49019599
vt 0.74901998 1.00000000
vt 0.55686301 1.00000000
vt 1.00000000 0.91764700
vt 0.55686301 1.00000000
vt 0.49803901 1.00000000
vt 1.00000000 0.91764700
vt 0.49803901 1.00000000
vt 0.37647101 1.00000000
vt 1.00000000 0.91764700
vt 0.37647101 1.00000000
vt 0.00000000 0.00000000
vt 1.00000000 0.91764700
vt 0.00000000 0.00000000
vt 0.58823502 0.48627499
vt 1.00000000 0.47058800
vt 0.58823502 0.48627499
vt 0.00000000 0.00000000
vt 1.00000000 0.47058800
vt 0.00000000 0.00000000
vt 0.12548999 0.75686300
vt 0.00000000 0.00000000
vt 0.00000000 0.00000000
vt 0.00000000 0.00000000
vt 0.58823502 0.48627499
vt 0.00000000 0.00000000
vt 0.00000000 0.00000000
vt 0.00000000 0.00000000
vt 0.00000000 0.00000000
vt 0.00000000 0.00000000
vt 0.00000000 0.00000000
vt 0.00000000 0.00000000
vt 0.01568600 0.50196099
vt 0.00784300 0.29803899
vt 0.00000000 0.00000000
vt 0.00784300 0.29803899
vt 0.00000000 0.00000000
vt 0.00000000 0.00000000
vt 0.00000000 0.00000000
vt 0.00000000 0.00000000
vt 0.00000000 0.00000000
vt 0.00000000 0.00000000
vt 0.58823502 0.48627499
vt 0.00000000 0.00000000
vt 0.00000000 0.00000000
vt 0.00000000 0.00000000
vt 0.00000000 0.00000000
vt 0.00000000 0.00000000
vt 0.00000000 0.00000000
vt 0.00000000 0.00000000
vt 0.47451001 0.46274501
vt 0.84313703 0.52156901
vt 1.00000000 0.52156901
vt 0.00000000 0.12156900
vt 0.00000000 0.00000000
vt 0.00000000 0.00000000
vt 0.00000000 0.20392200
vt 0.00000000 0.00000000
vt 0.00000000 0.00000000
vt 0.47451001 0.46274501
vt 0.00000000 0.00000000
vt 0.00784300 0.29803899
vt 0.47451001 0.46274501
vt 0.33725500 0.47451001
vt 0.00000000 0.00000000
vt 0.00000000 0.00000000
vt 0.84313703 0.47451001
vt 0.12156900 0.77254897
vt 0.00000000 0.00000000
vt 0.00000000 0.83921599
vt 0.00000000 0.00000000
vt 0.00000000 0.00000000
vt 0.00000000 0.83921599
vt 0.00000000 0.00000000
vt 0.00000000 0.00000000
vt 0.00000000 0.83921599
vt 0.33725500 0.52156901
vt 0.00000000 0.52156901
vt 0.00000000 0.00000000
vt 0.00000000 0.00000000
vt 0.00000000 0.00000000
vt 0.00000000 0.00000000
vt 0.00000000 0.00000000
vt 0.00000000 0.00000000
vt 0.00000000 0.00000000
vt 0.74901998 0.50196099
vt 0.00000000 0.12156900
vt 0.00000000 0.20392200
vt 0.58039200 1.00000000
vt 0.32156900 0.16862699
vt 0.12548999 0.52156901
vt 0.00000000 0.00000000
vt 0.11372500 0.52548999
vt 0.00000000 0.00000000
vt 0.00000000 0.00000000
vt 0.11372500 0.52548999
vt 0.00000000 0.00000000
vt 0.00000000 0.00000000
vt 0.11372500 0.52548999
vt 0.43137300 0.00000000
vt 0.60392201 0.07451000
vt 0.00000000 0.00000000
vt 0.36470601 0.32941201
vt 0.00000000 0.00000000
vt 0.00000000 0.00000000
vt 0.00000000 0.00000000
vt 0.00000000 0.00000000
vt 0.10588200 0.34509799
vt 0.00000000 0.00000000
vt 0.38823500 0.53725499
vt 0.00000000 0.00000000
vt 0.14117600 0.89019603
vt 0.21960799 0.81960797
vt 0.87450999 0.00000000
vt 0.00000000 0.00000000
vt 0.87450999 0.23921600
vt 0.00000000 0.00000000
vt 0.00000000 0.00000000
vt 0.00000000 0.00000000
vt 0.00000000 0.00000000
vt 0.87450999 0.00000000
vt 0.87450999 0.87450999
vt 1.00000000 1.00000000
vt 0.74901998 0.78823501
vt 0.00000000 0.00000000
vt 0.83529401 0.83137298
vt 0.74901998 0.78823501
vt 0.83529401 0.83137298
vt 0.87450999 0.87450999
vt 0.81176502 0.24313700
vt 0.87450999 0.46666700
vt 0.81176502 0.50196099
vt 0.78039199 0.24313700
vt 0.00000000 0.00000000
vt 0.74901998 0.78823501
vt 0.87450999 0.87450999
vt 0.74901998 0.78823501
vt 0.06666700 0.72156900
vt 0.05490200 0.72156900
vt 0.74901998 0.78823501
vt 0.00000000 0.00000000
vt 0.06666700 0.72156900
vt 0.00000000 0.00000000
vt 0.00000000 0.00000000
vt 0.06666700 0.72156900
vt 0.15686300 0.49803901
vt 0.15686300 0.50588202
vt 0.32156900 0.50196099
vt 0.15686300 0.50588202
vt 0.00000000 0.00000000
vt 0.32156900 0.50196099
vt 0.44313699 0.57647097
vt 0.41960800 0.61568600
vt 0.32156900 0.50196099
vt 0.14509800 0.48627499
vt 0.00000000 0.00000000
vt 0.32156900 0.50196099
vt 0.00000000 0.00000000
vt 0.15686300 0.49803901
vt 0.32156900 0.50196099
vt 0.00000000 0.00000000
vt 0.15686300 0.50588202
vt 0.41960800 0.61568600
vt 0.15686300 0.50588202
vt 0.13725500 0.51764703
vt 0.00000000 0.00000000
vt 0.15686300 0.50588202
vt 0.00000000 0.00000000
vt 0.00000000 0.00000000
vt 0.12548999 0.52156901
vt 0.13333300 0.52156901
vt 0.13725500 0.51764703
vt 0.65882403 0.74901998
vt 0.00000000 0.00000000
vt 0.65882403 0.66666698
vt 0.00000000 0.00000000
vt 0.65882403 0.58431399
vt 0.65882403 0.66666698
vt 0.00000000 0.00000000
vt 0.65882403 0.50196099
vt 0.65882403 0.58431399
vt 0.00000000 0.00000000
vt 0.00000000 0.00000000
vt 0.00000000 0.00000000
vt 0.00000000 0.00000000
vt 0.00000000 0.00000000
vt 0.00000000 0.00000000
vt 0.00000000 0.00000000
vt 0.00000000 0.00000000
vt 0.00000000 0.00000000
vt 0.00000000 0.00000000
vt 0.00000000 0.00000000
vt 0.00000000 0.00000000
vt 0.00000000 0.00000000
vt 0.14509800 0.73725498
vt 0.13725500 0.73333299
vt 0.00000000 0.00000000
vt 0.32156900 0.74901998
vt 0.14509800 0.73725498
vt 0.00000000 0.00000000
vt 0.00000000 0.00000000
vt 0.32156900 0.74901998
vt 0.00000000 0.00000000
vt 0.00000000 0.00000000
vt 0.32156900 0.74901998
vt 0.00000000 0.00000000
vt 0.00000000 0.00000000
vt 0.32156900 0.74901998
vt 0.00000000 0.00000000
vt 0.32156900 0.83529401
vt 0.32156900 0.74901998
vt 0.65882403 0.16862699
vt 0.32156900 0.16862699
vt 0.32156900 0.25097999
vt 0.65882403 0.25097999
vt 0.00000000 0.00000000
vt 0.00000000 0.00000000
vt 0.00000000 0.00000000
vt 0.00000000 0.00000000
vt 0.97254902 0.90980399
vt 0.98823500 0.84313703
vt 0.00000000 0.00000000
vt 0.00000000 0.00000000
vt 0.00000000 0.00000000
vt 0.98431402 0.37254900
vt 0.93333298 0.25097999
vt 0.00000000 0.00000000
vt 0.93333298 0.25097999
vt 0.00000000 0.00000000
vt 0.00000000 0.00000000
vt 1.00000000 0.97647101
vt 0.00000000 0.00000000
vt 0.00000000 0.00000000
vt 0.00000000 0.00000000
vt 0.00000000 0.00000000
vt 0.00000000 0.00000000
vt 0.28235301 0.05098000
vt 0.55294102 0.05098000
vt 0.90196103 0.05098000
vt 0.00000000 0.00000000
vt 0.55294102 0.05098000
vt 0.00000000 0.00000000
vt 0.90196103 0.05098000
vt 0.00000000 0.00000000
vt 0.00000000 0.06274500
vt 0.00000000 0.00000000
vt 0.81176502 0.47843099
vt 0.78431398 0.51764703
vt 0.00000000 0.06274500
vt 0.78431398 0.51764703
vt 0.00000000 0.09803900
vt 0.00000000 0.06274500
vt 0.33725500 0.17254899
vt 0.00000000 0.41176501
vt 0.00000000 0.00000000
vt 0.84313703 0.17254899
vt 0.00784300 0.70196098
vt 0.00000000 0.90588200
vt 0.00000000 0.00000000
vt 0.00000000 0.90588200
vt 0.00000000 0.00000000
vt 0.00000000 0.00000000
vt 0.00000000 0.00000000
vt 0.87450999 0.23921600
vt 0.00000000 0.00000000
vt 0.74901998 0.50196099
vt 0.52156901 0.01176500
vt 0.56470603 0.01176500
vt 0.00000000 0.00000000
vt 0.56470603 0.01176500
vt 0.00000000 0.00000000
vt 0.00000000 0.00000000
vt 0.00000000 0.00000000
vt 0.00000000 0.00000000
vt 0.00000000 0.00000000
vt 0.00000000 0.00000000
vt 0.00000000 0.00000000
vt 0.00000000 0.00000000
vt 0.07058800 0.62745100
vt 0.08235300 0.75294101
vt 0.00000000 0.00000000
vt 0.08235300 0.75294101
vt 0.70588201 0.00784300
vt 1.00000000 0.00000000
vt 0.70588201 0.00784300
vt 0.00000000 0.00000000
vt 1.00000000 0.00000000
vt 0.00000000 0.00000000
vt 0.70980400 1.00000000
vt 1.00000000 0.00000000
vt 0.00000000 0.00000000
vt 0.00000000 0.00000000
vt 0.00000000 0.00000000
vt 0.00000000 0.00000000
vt 0.00000000 0.00000000
vt 0.00000000 0.00000000
vt 0.00000000 0.00000000
vt 0.00000000 0.00000000
vt 0.00000000 0.00000000
vt 0.00000000 0.00000000
vt 0.07058800 0.25097999
vt 0.06274500 0.37647101
vt 0.00000000 0.00000000
vt 0.06274500 0.37647101
vt 0.05098000 0.50196099
vt 0.00000000 0.00000000
vt 0.05098000 0.50196099
vt 0.00000000 0.00000000
vt 0.00000000 0.00000000
vt 0.00000000 0.00000000
vt 0.00000000 0.00000000
vt 1.00000000 0.00784300
vt 0.00000000 0.00000000
vt 0.00000000 0.00000000
vt 0.03137300 1.00000000
vt 0.00000000 0.00000000
vt 0.00000000 0.00000000
vt 0.00000000 0.00000000
vt 1.00000000 1.00000000
vt 0.00000000 0.00000000
vt 0.00000000 0.00000000
vt 0.20784301 0.05098000
vt 0.00000000 0.02352900
vt 0.20784301 0.05098000
vt 0.55294102 0.05098000
vt 0.00000000 0.02352900
vt 0.20784301 0.05098000
vt 0.00000000 0.00000000
vt 0.55294102 0.05098000
vt 0.00000000 0.00000000
vt 0.55294102 0.10196100
vt 0.55294102 0.05098000
vt 0.55294102 0.10196100
vt 0.00000000 0.00000000
vt 0.55294102 0.05098000
vt 0.52941197 0.55294102
vt 0.49803901 0.55294102
vt 0.11764700 0.27451000
vt 0.49803901 0.55294102
vt 0.00000000 0.00000000
vt 0.11764700 0.27451000
vt 0.00000000 0.00000000
vt 0.00000000 0.00000000
vt 0.11764700 0.27451000
vt 0.72548997 0.29803899
vt 0.66274500 0.37254900
vt 0.11764700 0.27451000
vt 0.28235301 0.34902000
vt 0.00000000 0.00000000
vt 0.00000000 0.00000000
vt 0.28235301 0.30196100
vt 0.00000000 0.00000000
vt 0.00000000 0.00000000
vt 0.00000000 0.00000000
vt 0.00000000 0.00000000
vt 0.74901998 0.26666701
vt 0.72548997 0.29803899
vt 0.01960800 0.27843100
vt 0.00000000 0.00000000
vt 0.74901998 0.26666701
vt 0.00000000 0.00000000
vt 0.01960800 0.27843100
vt 0.74901998 0.26666701
vt 0.00000000 0.00000000
vt 0.15686300 0.50588202
vt 0.00000000 0.00000000
vt 0.15686300 0.50588202
vt 0.00000000 0.00000000
vt 0.00000000 0.00000000
vt 0.00000000 0.00000000
vt 0.14509800 0.48627499
vt 0.00000000 0.00000000
vt 0.65882403 0.50196099
vt 0.00000000 0.00000000
vt 0.65882403 0.41568601
vt 0.00000000 0.00000000
vt 0.65882403 0.33333299
vt 0.65882403 0.41568601
vt 0.00000000 0.00000000
vt 0.65882403 0.25097999
vt 0.65882403 0.33333299
vt 0.00000000 0.00000000
vt 0.14902000 0.23921600
vt 0.32156900 0.25097999
vt 0.14902000 0.23921600
vt 0.00000000 0.00000000
vt 0.32156900 0.25097999
vt 0.47058800 0.79607898
vt 0.46274501 0.75294101
vt 0.32156900 0.25097999
vt 0.46274501 0.75294101
vt 0.00000000 0.00000000
vt 0.32156900 0.25097999
vt 0.47058800 0.67058802
vt 0.49019599 0.62745100
vt 0.32156900 0.25097999
vt 0.32156900 0.91764700
vt 0.32156900 0.83529401
vt 0.00000000 0.83921599
vt 0.00000000 0.52156901
vt 0.32156900 0.16862699
vt 0.00000000 0.00000000
vt 0.32156900 0.25097999
vt 0.47058800 0.67058802
vt 0.00000000 0.00000000
vt 0.49019599 0.62745100
vt 0.00000000 0.00000000
vt 0.00000000 0.00000000
vt 0.49019599 0.62745100
vt 0.00000000 0.00000000
vt 0.00000000 0.00000000
vt 0.49019599 0.62745100
vt 0.49803901 0.55294102
vt 0.52941197 0.55294102
vt 0.00000000 0.00000000
vt 0.00000000 0.00000000
vt 0.00000000 0.00000000
vt 0.00000000 0.00000000
vt 0.00000000 0.00000000
vt 0.00000000 0.17254899
vt 0.33725500 0.17254899
vt 0.31372601 0.00000000
vt 0.00000000 0.00000000
vt 0.00000000 0.00000000
vt 0.00000000 0.00000000
vt 0.90196103 0.50196099
vt 0.74901998 0.50196099
vt 0.00000000 0.00000000
vt 0.00000000 0.00000000
vt 0.00000000 0.00000000
vt 0.00000000 0.00000000
vt 0.00000000 0.00000000
vt 0.00000000 0.00000000
vt 0.87450999 0.72156900
vt 0.00000000 0.12156900
vt 0.00000000 0.07451000
vt 0.33725500 0.47451001
vt 0.00000000 0.00000000
vt 0.70588201 0.24313700
vt 0.00000000 0.00000000
vt 0.12156900 0.92156899
vt 0.90196103 0.40000001
vt 0.00000000 0.00000000
vt 0.06666700 0.92941201
vt 0.09019600 0.89411801
vt 0.00000000 0.00000000
vt 0.00000000 0.00000000
vt 0.00000000 0.00000000
vt 0.00000000 0.00000000
vt 0.00000000 0.00000000
vt 0.00000000 0.00000000
vt 0.00000000 0.00000000
vt 0.00000000 0.00000000
vt 0.00000000 0.00000000
vt 0.00000000 0.00000000
vt 0.28235301 0.40000001
vt 0.06666700 0.25097999
vt 0.28235301 0.14902000
vt 0.00000000 0.00000000
vt 0.00000000 0.00000000
vt 0.28235301 0.10196100
vt 0.28235301 0.34902000
vt 0.00000000 0.00000000
vt 0.28235301 0.40000001
vt 0.12548999 0.85882401
vt 0.09019600 0.89411801
vt 0.28235301 0.40000001
vt 0.05882400 0.87843102
vt 0.00000000 0.00000000
vt 0.09019600 0.89411801
vt 0.90196103 0.40000001
vt 0.55294102 0.40000001
vt 0.99607801 0.42745101
vt 0.55294102 0.40000001
vt 0.55294102 0.45098001
vt 0.99607801 0.42745101
vt 0.55294102 0.45098001
vt 0.90196103 0.45098001
vt 0.99607801 0.42745101
vt 0.55294102 0.40000001
vt 0.00000000 0.00000000
vt 0.55294102 0.45098001
vt 0.00000000 0.00000000
vt 0.20784301 0.45098001
vt 0.55294102 0.45098001
vt 0.00000000 0.00000000
vt 0.00000000 0.00000000
vt 0.00000000 0.00000000
vt 0.85490203 0.94509798
vt 0.49803901 1.00000000
vt 0.55686301 1.00000000
vt 0.55294102 0.45098001
vt 0.55686301 1.00000000
vt 0.74901998 1.00000000
vt 0.55294102 0.45098001
vt 0.37647101 1.00000000
vt 0.25097999 1.00000000
vt 0.00000000 0.00000000
vt 0.25097999 1.00000000
vt 0.00000000 0.00000000
vt 0.00000000 0.00000000
vt 0.00000000 0.00000000
vt 0.16862699 0.95686299
vt 0.24705900 0.98823500
vt 0.20784301 0.45098001
vt 0.25097999 1.00000000
vt 0.37647101 1.00000000
vt 0.00000000 0.98823500
vt 0.01568600 0.74509799
vt 0.58823502 0.48627499
vt 0.00000000 0.00000000
vt 0.00000000 0.00000000
vt 0.00000000 0.00000000
vt 0.00000000 0.00000000
vt 0.00000000 0.00000000
vt 0.00000000 0.00000000
vt 0.00000000 0.00000000
vt 0.00000000 0.00000000
vt 0.00000000 0.00000000
vt 0.33333299 0.41960800
vt 0.33333299 0.47058800
vt 0.00000000 0.00000000
vt 0.33333299 0.47058800
vt 0.00000000 0.00000000
vt 0.00000000 0.00000000
vt 0.00000000 0.00000000
vt 0.00000000 0.00000000
vt 0.00000000 0.00000000
vt 0.00000000 0.00000000
vt 0.00000000 0.00000000
vt 0.00000000 0.00000000
vt 0.00000000 0.00000000
vt 0.00000000 0.00000000
vt 0.00000000 0.00000000
vt 0.00000000 0.00000000
vt 0.00000000 0.00000000
vt 0.00000000 0.00000000
vt 0.02352900 0.08235300
vt 0.02352900 0.05882400
vt 0.00000000 0.00000000
vt 0.02352900 0.05882400
vt 0.02352900 0.05490200
vt 0.00000000 0.00000000
vt 0.02352900 0.05490200
vt 0.00000000 0.00000000
vt 0.00000000 0.00000000
vt 0.00000000 0.00000000
vt 0.00000000 0.00000000
vt 0.00000000 0.00000000
vt 0.00000000 0.00000000
vt 0.60392201 1.00000000
vt 0.84313703 0.81960797
vt 0.33725500 0.81960797
vt 0.02745100 0.72941202
vt 0.01568600 0.50196099
vt 0.00000000 0.00000000
vt 0.02745100 0.72941202
vt 0.00000000 0.25882399
vt 0.01568600 0.50196099
vt 1.00000000 0.65098000
vt 0.00000000 0.00000000
vt 0.00000000 0.00000000
vt 0.00000000 0.34902000
vt 0.00000000 0.00000000
vt 0.00000000 0.00000000
vt 0.00000000 0.00000000
vt 0.00000000 0.00000000
vt 0.00000000 0.00000000
vt 0.00000000 0.00000000
vt 0.00000000 0.00000000
vt 0.00000000 0.00000000
vt 0.00000000 0.00000000
vt 0.00000000 0.00000000
vt 0.00000000 0.00000000
vt 0.00000000 0.00000000
vt 0.02745100 0.72941202
vt 0.03921600 0.96078402
vt 0.00000000 0.25882399
vt 0.03921600 0.96078402
vt 0.00000000 0.00000000
vt 0.00000000 0.25882399
vt 0.04313700 0.97254902
vt 0.07451000 0.97254902
vt 0.00000000 0.25882399
vt 0.07451000 0.97254902
vt 0.00000000 0.00000000
vt 0.00000000 0.25882399
vt 0.00000000 0.00000000
vt 0.00000000 0.00000000
vt 0.00000000 0.25882399
vt 0.00000000 0.00000000
vt 0.00000000 0.00000000
vt 0.00000000 0.25882399
vt 0.00000000 0.00000000
vt 0.00000000 0.00000000
vt 0.00000000 0.25882399
vt 0.00000000 0.00000000
vt 0.00000000 0.52156901
vt 0.00000000 0.25882399
vt 0.32156900 0.83529401
vt 0.00000000 0.00000000
vt 0.12156900 0.77254897
vt 0.54117602 0.05490200
vt 0.52548999 0.08235300
vt 0.00000000 0.00000000
vt 0.00000000 0.00000000
vt 0.00000000 0.00000000
vt 0.32156900 0.83529401
vt 0.52548999 0.08235300
vt 0.54117602 0.05490200
vt 0.32156900 0.83529401
vt 0.00000000 0.00000000
vt 0.15686300 0.50588202
vt 0.15686300 0.49803901
vt 0.65882403 0.83529401
vt 0.00000000 0.00000000
vt 0.65882403 0.74901998
vt 0.00000000 0.66274500
vt 0.00000000 0.00000000
vt 0.00000000 0.52941197
vt 0.65882403 0.16862699
vt 0.65882403 0.25097999
vt 0.00000000 0.00000000
vt 0.65882403 0.83529401
vt 0.00000000 0.00000000
vt 0.00000000 0.00000000
vt 0.50196099 1.00000000
vt 0.70196098 0.47451001
vt 0.19607800 0.47451001
vt 0.19607800 1.00000000
vt 0.30196100 0.52941197
vt 0.00000000 0.00000000
vt 0.00000000 0.52941197
vt 0.00000000 0.00000000
vt 0.00000000 0.00000000
vt 0.00000000 0.52941197
vt 0.65882403 0.08235300
vt 0.32156900 0.08235300
vt 0.32156900 0.16862699
vt 0.65882403 0.16862699
vt 0.00000000 0.00000000
vt 0.00000000 0.00000000
vt 0.00000000 0.00000000
vt 0.00000000 0.00000000
vt 0.00000000 0.00000000
vt 0.97254902 0.90980399
vt 0.93333298 0.25097999
vt 0.00000000 0.00000000
vt 0.00000000 0.00000000
vt 0.00000000 0.00000000
vt 0.00000000 0.00000000
vt 0.00000000 0.00000000
vt 0.00000000 0.00000000
vt 0.00000000 0.00000000
vt 0.00000000 0.00000000
vt 0.00000000 0.00000000
vt 0.00000000 0.00000000
vt 0.00000000 0.00000000
vt 0.00000000 0.00000000
vt 0.00000000 0.00000000
vt 0.00000000 0.00000000
vt 0.00000000 0.00000000
vt 0.00000000 0.00000000
vt 0.95294100 0.49803901
vt 0.00000000 0.00000000
vt 0.00000000 0.00000000
vt 0.00000000 0.00000000
vt 0.92549002 0.01176500
vt 0.90196103 0.00000000
vt 0.00000000 1.00000000
vt 0.00000000 0.83529401
vt 0.00000000 0.00000000
vt 0.00000000 0.83529401
vt 0.00000000 0.66666698
vt 0.00000000 0.00000000
vt 0.28235301 0.10196100
vt 0.00000000 0.00000000
vt 0.93333298 0.25097999
vt 0.90196103 0.25097999
vt 0.00000000 0.00000000
vt 0.00000000 0.00000000
vt 0.00000000 0.25097999
vt 0.00000000 0.09803900
vt 0.00000000 0.00000000
vt 0.28235301 0.10196100
vt 0.00000000 0.00000000
vt 0.28235301 0.14902000
vt 0.28235301 0.10196100
vt 0.55294102 0.10196100
vt 0.00000000 0.00000000
vt 0.00000000 0.00000000
vt 0.00000000 0.00000000
vt 0.78431398 0.51764703
vt 0.81176502 0.47843099
vt 0.00000000 0.00000000
vt 0.00000000 0.09803900
vt 0.78431398 0.51764703
vt 0.99607801 0.09019600
vt 0.90196103 0.10196100
vt 0.00000000 0.09803900
vt 0.00000000 0.00000000
vt 0.00000000 0.00000000
vt 0.85490203 0.85490203
vt 0.19607800 0.14117600
vt 0.32156900 0.08235300
vt 0.00000000 0.00000000
vt 0.00000000 0.07451000
vt 0.00000000 0.00000000
vt 0.09411800 0.02745100
vt 0.00000000 0.07451000
vt 0.04313700 0.02745100
vt 0.00000000 0.00000000
vt 0.00000000 0.07451000
vt 0.03921600 0.03921600
vt 0.02745100 0.26666701
vt 0.00000000 0.07451000
vt 0.02745100 0.26666701
vt 0.01568600 0.49803901
vt 0.00000000 0.07451000
vt 0.12548999 0.75686300
vt 0.12548999 0.50196099
vt 0.01568600 0.49803901
vt 0.02745100 0.26666701
vt 0.03137300 0.38823500
vt 0.00000000 0.90588200
vt 0.00784300 0.70196098
vt 0.00000000 0.00000000
vt 0.00000000 0.00000000
vt 0.00000000 0.90588200
vt 0.03137300 0.38823500
vt 0.12548999 0.24313700
vt 0.00000000 0.90588200
vt 0.12548999 0.24313700
vt 0.00000000 0.00000000
vt 0.00000000 0.90588200
vt 0.00000000 0.00000000
vt 0.00000000 0.00000000
vt 0.00000000 0.90588200
vt 0.70980400 1.00000000
vt 0.00000000 0.00000000
vt 0.00000000 0.00000000
vt 0.00000000 0.00000000
vt 0.70588201 0.00784300
vt 0.00000000 0.00000000
vt 0.70588201 0.00784300
vt 0.08235300 0.75294101
vt 0.00000000 0.00000000
vt 0.08235300 0.75294101
vt 0.00000000 0.00000000
vt 0.00000000 0.00000000
vt 0.00000000 0.00000000
vt 0.00000000 0.00000000
vt 0.00000000 0.00000000
vt 0.00000000 0.00000000
vt 0.56470603 0.01176500
vt 0.52156901 0.01176500
vt 0.08235300 0.75294101
vt 0.07058800 0.62745100
vt 0.00000000 0.00000000
vt 0.00000000 0.00000000
vt 0.00000000 0.00000000
vt 0.70980400 1.00000000
vt 0.00000000 0.00000000
vt 0.00000000 0.00000000
vt 0.00000000 0.00000000
vt 0.00000000 0.00000000
vt 0.00000000 0.00000000
vt 0.00000000 0.00000000
vt 0.00000000 0.00000000
vt 0.00000000 0.00000000
vt 0.00000000 0.00000000
vt 0.00000000 0.00000000
vt 0.00000000 0.00000000
vt 0.00000000 0.00000000
vt 0.00000000 0.00000000
vt 0.00000000 0.00000000
vt 0.00000000 0.00000000
vt 0.01176500 0.87450999
vt 0.02352900 0.74901998
vt 0.00000000 0.00000000
vt 0.02352900 0.74901998
vt 0.00000000 0.00000000
vt 0.00000000 0.00000000
vt 0.05098000 0.50196099
vt 0.06274500 0.37647101
vt 0.07058800 0.25097999
vt 0.02352900 0.74901998
vt 0.00000000 0.00000000
vt 0.05098000 0.50196099
vt 0.00000000 0.00000000
vt 0.00000000 0.00000000
vt 0.00000000 0.00000000
vt 0.00000000 0.00000000
vt 0.02352900 0.74901998
vt 0.01176500 0.87450999
vt 0.00000000 0.00000000
vt 1.00000000 0.16470601
vt 1.00000000 0.12548999
vt 0.00000000 0.00000000
vt 0.00000000 0.00000000
vt 0.00000000 0.00000000
vt 0.41176501 1.00000000
vt 0.00000000 0.00000000
vt 0.00000000 0.00000000
vt 0.00000000 0.00000000
vt 0.20784301 0.05098000
vt 0.00000000 0.00000000
vt 0.77254897 0.00000000
vt 0.84313703 0.34117600
vt 0.47451001 0.20392200
vt 0.00000000 0.00000000
vt 0.86666697 0.39215699
vt 0.00000000 0.00000000
vt 0.86666697 0.41960800
vt 0.20784301 0.10196100
vt 0.55294102 0.10196100
vt 0.00000000 0.00000000
vt 0.90196103 0.10196100
vt 0.99607801 0.09019600
vt 0.55294102 0.10196100
vt 0.20784301 0.10196100
vt 0.00000000 0.00000000
vt 0.55294102 0.10196100
vt 0.00000000 0.00000000
vt 0.55294102 0.14902000
vt 0.55294102 0.10196100
vt 0.55294102 0.14902000
vt 0.00000000 0.00000000
vt 0.55294102 0.10196100
vt 0.99607801 0.12156900
vt 0.90196103 0.10196100
vt 0.55294102 0.10196100
vt 0.00000000 0.00000000
vt 0.00000000 0.00000000
vt 0.49803901 0.55294102
vt 0.49803901 0.89019603
vt 0.54117602 0.94117701
vt 0.58039200 1.00000000
vt 0.54117602 0.94117701
vt 0.00000000 0.00000000
vt 0.58039200 1.00000000
vt 0.36470601 0.32941201
vt 0.00000000 0.00000000
vt 0.65882403 0.91764700
vt 0.00000000 0.26666701
vt 0.00000000 0.00000000
vt 0.00000000 0.00000000
vt 0.00000000 0.00000000
vt 0.00000000 0.00000000
vt 0.14902000 0.23921600
vt 0.00000000 0.00000000
vt 0.00000000 0.00000000
vt 0.54117602 0.94117701
vt 0.49803901 0.89019603
vt 0.00000000 0.00000000
vt 0.46274501 0.75294101
vt 0.47058800 0.79607898
vt 0.00000000 0.66274500
vt 0.65882403 0.08235300
vt 0.65882403 0.16862699
vt 0.32156900 0.74901998
vt 0.65882403 0.74901998
vt 0.65882403 0.66666698
vt 0.32156900 0.66666698
vt 0.00000000 0.00000000
vt 0.00000000 0.00000000
vt 0.00000000 0.00000000
vt 0.00000000 0.00000000
vt 0.00000000 0.00000000
vt 0.00000000 0.00000000
vt 0.00000000 0.00000000
vt 0.00000000 0.00000000
vt 0.00000000 0.00000000
vt 0.00000000 0.00000000
vt 0.00000000 0.00000000
vt 0.00000000 0.00000000
vt 0.70196098 0.19215700
vt 0.00000000 0.00000000
vt 0.00000000 0.15294100
vt 0.19607800 0.19215700
vt 0.00000000 0.00000000
vt 0.00000000 0.00000000
vt 0.00000000 0.00000000
vt 0.28235301 0.25097999
vt 0.09411800 0.84313703
vt 0.00000000 0.00000000
vt 0.05882400 0.87843102
vt 0.09411800 0.84313703
vt 0.55294102 0.40000001
vt 0.90196103 0.40000001
vt 0.20784301 0.40000001
vt 0.00000000 0.00000000
vt 0.55294102 0.40000001
vt 0.09411800 0.84313703
vt 0.55294102 0.34902000
vt 0.55294102 0.40000001
vt 0.55294102 0.34902000
vt 0.00000000 0.00000000
vt 0.55294102 0.40000001
vt 0.00000000 0.00000000
vt 0.20784301 0.40000001
vt 0.55294102 0.40000001
vt 0.20784301 0.40000001
vt 0.86666697 0.09019600
vt 0.86666697 0.06274500
vt 0.00000000 0.00000000
vt 1.00000000 0.47058800
vt 1.00000000 0.47451001
vt 0.95294100 0.49803901
vt 0.00000000 0.00000000
vt 0.00000000 0.34902000
vt 0.00000000 0.00000000
vt 0.00000000 0.00000000
vt 0.86666697 0.03921600
vt 0.20784301 0.45098001
vt 0.00000000 0.00000000
vt 0.92156899 1.00000000
vt 0.00000000 0.00000000
vt 0.74901998 0.00000000
vt 0.70980400 0.00000000
vt 0.00000000 0.00000000
vt 0.25097999 1.00000000
vt 0.20784301 0.45098001
vt 0.00000000 0.00000000
vt 0.09803900 0.90196103
vt 0.16862699 0.95686299
vt 0.06666700 0.25097999
vt 0.28235301 0.40000001
vt 0.00000000 0.00000000
vt 0.01568600 0.37254900
vt 0.00000000 0.00000000
vt 0.13725500 0.25490201
vt 0.00000000 0.00000000
vt 0.13725500 0.25490201
vt 0.00000000 0.00000000
vt 0.00000000 0.00000000
vt 0.00000000 0.00000000
vt 0.00000000 0.00000000
vt 0.00000000 0.00000000
vt 0.00000000 0.00000000
vt 0.47451001 0.20392200
vt 1.00000000 0.21568599
vt 0.52156901 0.23529400
vt 0.00000000 0.00000000
vt 0.00000000 0.00000000
vt 0.00000000 0.00000000
vt 0.13725500 0.25490201
vt 0.00000000 0.00000000
vt 0.00000000 0.00000000
vt 0.00000000 0.00000000
vt 0.00000000 0.00000000
vt 0.00000000 0.00000000
vt 0.00000000 0.00000000
vt 0.00000000 0.00000000
vt 0.00000000 0.00000000
vt 0.00000000 0.00000000
vt 0.33333299 0.47058800
vt 0.33333299 0.41960800
vt 0.00000000 0.00000000
vt 0.00000000 0.00000000
vt 0.33333299 0.47058800
vt 0.00000000 0.00000000
vt 0.00000000 0.00000000
vt 0.00000000 0.00000000
vt 0.00000000 0.00000000
vt 0.00000000 0.00000000
vt 0.00000000 0.00000000
vt 0.00000000 0.00000000
vt 0.00000000 0.00000000
vt 1.00000000 0.27058801
vt 0.00000000 0.00000000
vt 0.00000000 0.00000000
vt 1.00000000 0.76078397
vt 0.48235300 0.51764703
vt 0.08627500 0.51764703
vt 0.00000000 0.00000000
vt 0.87843102 0.45490199
vt 1.00000000 0.45490199
vt 0.85882401 0.00000000
vt 0.14117600 1.00000000
vt 0.12548999 0.80784303
vt 0.00000000 0.00000000
vt 0.00000000 0.00000000
vt 0.00000000 0.00000000
vt 0.02352900 0.05490200
vt 0.02352900 0.05882400
vt 0.00000000 0.00000000
vt 0.00000000 0.00000000
vt 0.00000000 0.00000000
vt 0.00392200 0.70980400
vt 0.00000000 0.00000000
vt 0.00000000 0.00000000
vt 0.00000000 0.00000000
vt 0.00000000 0.00000000
vt 0.00000000 0.00000000
vt 0.00000000 0.00000000
vt 0.00000000 0.00000000
vt 0.00000000 0.00000000
vt 1.00000000 1.00000000
vt 0.75294101 0.02745100
vt 0.00000000 0.00000000
vt 0.00000000 0.00000000
vt 0.00000000 0.00000000
vt 0.38823500 0.53725499
vt 0.00000000 0.00000000
vt 0.00000000 0.00000000
vt 0.00000000 0.00000000
vt 0.00000000 0.00000000
vt 0.00000000 0.00000000
vt 0.12548999 0.49803901
vt 0.10588200 0.34509799
vt 0.00000000 0.00000000
vt 0.10588200 0.34509799
vt 0.12548999 0.24313700
vt 0.00000000 0.00000000
vt 0.12548999 0.24313700
vt 0.00000000 0.00000000
vt 0.00000000 0.00000000
vt 0.00000000 0.00000000
vt 0.00000000 0.00000000
vt 0.00000000 0.00000000
vt 0.00000000 0.00000000
vt 0.00000000 0.00000000
vt 0.00000000 0.00000000
vt 0.00000000 0.00000000
vt 0.00000000 0.00000000
vt 0.00000000 0.00000000
vt 0.00000000 0.00000000
vt 0.00000000 0.00000000
vt 0.00000000 0.00000000
vt 0.00000000 0.00000000
vt 0.00000000 0.00000000
vt 0.00000000 0.00000000
vt 0.00000000 0.00000000
vt 0.00000000 0.00000000
vt 0.00000000 0.00000000
vt 0.00000000 0.00000000
vt 0.00000000 0.00000000
vt 0.00000000 0.00000000
vt 0.50196099 1.00000000
vt 0.44705901 0.00000000
vt 0.00000000 0.00000000
vt 0.00000000 0.00000000
vt 0.07451000 0.97254902
vt 0.04313700 0.97254902
vt 0.00000000 0.00000000
vt 0.00000000 0.00000000
vt 0.07451000 0.97254902
vt 0.00000000 0.00000000
vt 0.00000000 0.00000000
vt 0.00000000 0.00000000
vt 0.00000000 0.00000000
vt 0.00000000 0.00000000
vt 0.00000000 0.00000000
vt 0.32941201 0.56862700
vt 0.30588201 0.51764703
vt 0.00000000 0.00000000
vt 0.30588201 0.51764703
vt 0.25097999 0.41176501
vt 0.00000000 0.00000000
vt 0.30588201 0.51764703
vt 0.00000000 0.00000000
vt 0.00000000 0.00000000
vt 0.30588201 0.51764703
vt 0.32941201 0.56862700
vt 0.00000000 0.00000000
vt 0.00000000 0.00000000
vt 0.00000000 0.00000000
vt 0.32156900 0.91764700
vt 0.13725500 0.98039198
vt 0.00000000 0.00000000
vt 0.32156900 0.91764700
vt 0.39215699 0.70196098
vt 0.41960800 0.77254897
vt 0.32156900 0.91764700
vt 0.00000000 0.00000000
vt 0.00000000 0.00000000
vt 0.32156900 0.91764700
vt 0.00000000 0.00000000
vt 0.65882403 0.91764700
vt 0.32156900 0.91764700
vt 1.00000000 0.58039200
vt 0.84313703 0.81960797
vt 1.00000000 0.16078401
vt 1.00000000 0.18823500
vt 0.00000000 0.00000000
vt 0.00000000 0.00000000
vt 0.65882403 0.91764700
vt 0.00000000 0.00000000
vt 0.71764702 1.00000000
vt 0.65882403 0.91764700
vt 0.00000000 0.00000000
vt 0.65882403 0.83529401
vt 0.65882403 0.91764700
vt 0.00000000 0.00000000
vt 0.00000000 0.00000000
vt 0.00000000 0.66274500
vt 0.00000000 0.00000000
vt 0.28627500 0.67451000
vt 0.00000000 0.66274500
vt 0.27843100 0.71372598
vt 0.65882403 0.08235300
vt 0.00000000 0.66274500
vt 0.00000000 0.00000000
vt 0.00000000 0.00000000
vt 0.71764702 1.00000000
vt 0.55294102 0.74901998
vt 0.61568600 0.81568599
vt 0.71764702 1.00000000
vt 0.61568600 0.81568599
vt 0.67058802 0.87450999
vt 0.00000000 0.00000000
vt 0.61568600 0.81568599
vt 0.00000000 0.00000000
vt 0.67058802 0.87450999
vt 0.00000000 0.00000000
vt 0.00000000 0.00000000
vt 1.00000000 0.65882403
vt 1.00000000 0.63529402
vt 1.00000000 1.00000000
vt 0.00000000 0.00000000
vt 0.30196100 0.52941197
vt 1.00000000 1.00000000
vt 0.00000000 0.00000000
vt 0.00000000 0.00000000
vt 0.04313700 0.50196099
vt 0.03137300 0.38823500
vt 0.00784300 0.70196098
vt 0.01568600 0.49803901
vt 0.20392200 0.89019603
vt 0.20392200 0.96470600
vt 0.00000000 0.00000000
vt 0.60392201 0.89019603
vt 0.28235301 0.14902000
vt 0.00000000 0.00000000
vt 0.00000000 0.00000000
vt 0.94117701 0.23921600
vt 0.00000000 0.00000000
vt 0.00000000 0.00000000
vt 0.60392201 1.00000000
vt 0.28235301 0.20000000
vt 0.00000000 0.00000000
vt 0.00000000 0.00000000
vt 0.20392200 0.14902000
vt 0.60392201 0.14902000
vt 0.43137300 0.00000000
vt 0.20392200 0.07451000
vt 0.00000000 0.00000000
vt 0.00000000 0.00000000
vt 0.40784299 0.27451000
vt 0.00000000 0.00000000
vt 0.00000000 0.15294100
vt 0.28235301 0.14902000
vt 0.00000000 0.00000000
vt 0.55294102 0.14902000
vt 0.90196103 0.14902000
vt 0.99607801 0.12156900
vt 0.65882403 0.08235300
vt 0.00000000 0.00000000
vt 0.32156900 0.08235300
vt 0.00000000 0.00000000
vt 0.15686300 0.00392200
vt 0.32156900 0.08235300
vt 0.15294100 0.00784300
vt 0.14902000 0.01176500
vt 0.32156900 0.08235300
vt 0.14902000 0.01176500
vt 0.00000000 0.00000000
vt 0.32156900 0.08235300
vt 0.39607799 0.29019600
vt 0.35686299 0.38039199
vt 0.32156900 0.08235300
vt 0.35686299 0.38039199
vt 0.11764700 0.02352900
vt 0.32156900 0.08235300
vt 0.11764700 0.02352900
vt 0.00000000 0.00000000
vt 0.32156900 0.08235300
vt 0.11764700 0.02352900
vt 0.00000000 0.00000000
vt 0.00000000 0.00000000
vt 0.10196100 0.02745100
vt 0.09411800 0.02745100
vt 0.00000000 0.00000000
vt 0.10196100 0.02745100
vt 0.00000000 0.00000000
vt 0.09411800 0.02745100
vt 0.00000000 0.00000000
vt 0.07451000 0.02745100
vt 0.09411800 0.02745100
vt 1.00000000 0.97647101
vt 0.00000000 0.00000000
vt 1.00000000 0.16470601
vt 0.87843102 0.94902003
vt 0.03921600 0.96078402
vt 0.02352900 0.05882400
vt 0.00000000 0.00000000
vt 0.00000000 0.00000000
vt 0.00000000 0.00000000
vt 0.00000000 0.22352900
vt 0.00000000 0.00000000
vt 0.00000000 0.00000000
vt 0.08627500 0.45490199
vt 0.08627500 0.70588201
vt 0.48235300 0.70588201
vt 0.48235300 0.45490199
vt 0.00000000 0.00000000
vt 0.19607800 1.00000000
vt 0.70196098 1.00000000
vt 0.20784301 0.00000000
vt 0.12548999 0.50196099
vt 0.04313700 0.50196099
vt 0.01568600 0.49803901
vt 0.48235300 1.00000000
vt 0.08627500 0.49803901
vt 0.75294101 0.02745100
vt 0.87843102 1.00000000
vt 0.06666700 0.75686300
vt 0.00000000 0.00000000
vt 0.04313700 0.50196099
vt 0.85882401 0.00000000
vt 1.00000000 0.45490199
vt 0.00000000 0.00000000
vt 0.00000000 0.00000000
vt 0.00000000 0.00000000
vt 0.12548999 0.24313700
vt 0.03137300 0.38823500
vt 0.00000000 0.00000000
vt 0.00000000 0.00000000
vt 0.12548999 0.24313700
vt 0.00000000 0.00000000
vt 0.00000000 0.00000000
vt 0.12548999 0.24313700
vt 0.00000000 0.00000000
vt 0.00000000 0.00000000
vt 0.12548999 0.24313700
vt 0.00000000 0.00000000
vt 0.00000000 0.00000000
vt 0.00000000 0.00000000
vt 0.75294101 0.00000000
vt 1.00000000 0.25882399
vt 0.00000000 0.00000000
vt 0.78039199 0.75686300
vt 0.00000000 0.00000000
vt 0.00000000 0.00000000
vt 0.00000000 0.00000000
vt 0.08627500 0.94902003
vt 0.81176502 0.19215700
vt 0.00000000 0.00000000
vt 0.00000000 0.94902003
vt 0.87843102 0.51764703
vt 1.00000000 0.51764703
vt 0.00000000 0.00000000
vt 0.00000000 0.41176501
vt 0.19607800 0.38039199
vt 0.00000000 0.00000000
vt 1.00000000 0.25097999
vt 0.00000000 0.00000000
vt 0.20392200 0.66666698
vt 0.20392200 0.59215701
vt 0.00000000 0.58039200
vt 0.00000000 0.00000000
vt 1.00000000 0.10980400
vt 1.00000000 0.08235300
vt 0.00000000 0.00000000
vt 0.03921600 0.96078402
vt 0.00000000 1.00000000
vt 0.00000000 0.00000000
vt 0.00000000 0.00000000
vt 0.20784301 0.10196100
vt 0.86666697 0.39215699
vt 0.00000000 0.00000000
vt 1.00000000 0.04705900
vt 1.00000000 0.07058800
vt 0.00000000 0.00000000
vt 0.86666697 0.34117600
vt 0.00000000 0.00000000
vt 0.86666697 0.36862701
vt 0.20784301 0.14902000
vt 0.55294102 0.14902000
vt 0.00000000 0.00000000
vt 0.20784301 0.14902000
vt 0.00000000 0.00000000
vt 0.55294102 0.14902000
vt 0.00000000 0.00000000
vt 0.55294102 0.20000000
vt 0.55294102 0.14902000
vt 0.55294102 0.20000000
vt 0.00000000 0.00000000
vt 0.55294102 0.14902000
vt 0.99607801 0.18431400
vt 0.90196103 0.14902000
vt 0.55294102 0.14902000
vt 0.27843100 0.71372598
vt 0.00000000 0.79607898
vt 0.65882403 0.08235300
vt 0.00000000 0.00000000
vt 0.00000000 0.00000000
vt 0.00000000 0.00000000
vt 0.00000000 0.00000000
vt 0.28235301 0.25097999
vt 0.00000000 0.00000000
vt 0.28235301 0.30196100
vt 0.00000000 0.00000000
vt 0.00000000 0.31372601
vt 0.28235301 0.30196100
vt 0.00000000 0.00000000
vt 0.00000000 0.00000000
vt 0.00000000 0.31372601
vt 0.00000000 0.00000000
vt 0.00000000 0.00000000
vt 0.00000000 0.00000000
vt 0.00000000 0.00000000
vt 0.14117600 0.80784303
vt 0.14117600 0.81568599
vt 0.00000000 0.34902000
vt 0.14117600 0.81568599
vt 0.00000000 0.00000000
vt 0.00000000 0.34902000
vt 0.00000000 0.00000000
vt 0.09411800 0.84313703
vt 0.00000000 0.34902000
vt 0.90196103 0.34902000
vt 0.55294102 0.34902000
vt 0.09411800 0.84313703
vt 0.86666697 0.11372500
vt 0.86666697 0.09019600
vt 0.20784301 0.40000001
vt 0.00000000 0.00000000
vt 0.00000000 0.00000000
vt 0.00000000 0.00000000
vt 0.00000000 0.00000000
vt 0.00000000 0.00000000
vt 0.55294102 0.30196100
vt 0.55294102 0.34902000
vt 0.55294102 0.30196100
vt 0.00000000 0.00000000
vt 0.55294102 0.34902000
vt 0.00000000 0.32549000
vt 0.20784301 0.34902000
vt 0.55294102 0.34902000
vt 0.20784301 0.34902000
vt 0.00000000 0.00000000
vt 0.55294102 0.34902000
vt 0.20784301 0.34902000
vt 0.00000000 0.34902000
vt 0.00000000 0.00000000
vt 0.00000000 0.00000000
vt 0.00000000 0.00000000
vt 0.00000000 0.00000000
vt 0.00000000 0.00000000
vt 0.00000000 0.00000000
vt 0.00000000 0.00000000
vt 0.00000000 0.00000000
vt 0.00000000 0.00000000
vt 0.00000000 0.00000000
vt 0.00000000 0.00000000
vt 0.00000000 0.00000000
vt 0.00000000 0.00000000
vt 0.00000000 0.00000000
vt 0.00000000 0.00000000
vt 0.00000000 0.00000000
vt 0.00000000 0.00000000
vt 0.00000000 0.00000000
vt 0.00000000 0.00000000
vt 0.00000000 0.00000000
vt 0.00000000 0.00000000
vt 0.00000000 0.00000000
vt 0.00000000 0.00000000
vt 0.00000000 0.00000000
vt 0.87450999 0.00000000
vt 0.00000000 0.00000000
vt 0.00000000 0.00000000
vt 0.87450999 0.87450999
vt 1.00000000 0.45490199
vt 0.00000000 0.00000000
vt 0.00000000 0.00000000
vt 0.00000000 0.00000000
vt 0.00000000 0.00000000
vt 0.86666697 0.03921600
vt 0.00392200 0.70980400
vt 0.01176500 0.75294101
vt 0.00000000 0.00000000
vt 0.01176500 0.75294101
vt 0.04313700 0.83137298
vt 0.00000000 0.00000000
vt 0.50196099 1.00000000
vt 0.13725500 0.25490201
vt 0.00000000 0.00000000
vt 0.40784299 0.27451000
vt 0.00000000 0.26666701
vt 0.13725500 0.25490201
vt 0.00000000 0.00000000
vt 0.00000000 0.00000000
vt 0.13725500 0.25490201
vt 0.00000000 0.00000000
vt 0.00000000 0.00000000
vt 0.13725500 0.25490201
vt 0.00000000 0.00000000
vt 0.00000000 0.00000000
vt 0.13725500 0.25490201
vt 0.00000000 0.00000000
vt 0.00000000 0.00000000
vt 0.13725500 0.25490201
vt 0.00000000 0.00000000
vt 0.40784299 0.27451000
vt 0.13725500 0.25490201
vt 0.00000000 0.00000000
vt 0.13725500 0.98039198
vt 0.00000000 0.00000000
vt 0.00000000 0.00000000
vt 0.00000000 0.00000000
vt 0.00000000 0.00000000
vt 0.00000000 0.50196099
vt 0.38823500 0.53725499
vt 0.00000000 0.00000000
vt 0.00000000 0.00000000
vt 0.00000000 0.00000000
vt 0.00000000 0.00000000
vt 0.00000000 0.00000000
vt 0.19607800 0.14117600
vt 0.85490203 0.85490203
vt 0.74901998 0.93333298
vt 0.00000000 0.00000000
vt 1.00000000 0.45490199
vt 0.87843102 0.45490199
vt 0.38823500 0.53725499
vt 0.48235300 0.45490199
vt 0.87843102 0.45490199
vt 1.00000000 0.22745100
vt 0.00000000 0.00000000
vt 0.00000000 0.00000000
vt 0.10588200 0.34509799
vt 0.12548999 0.49803901
vt 0.00000000 0.00000000
vt 0.12548999 0.24313700
vt 0.10588200 0.34509799
vt 0.00000000 0.00000000
vt 0.00000000 0.00000000
vt 0.10588200 0.34509799
vt 1.00000000 0.40392199
vt 0.70196098 0.38039199
vt 0.19607800 0.38039199
vt 0.00000000 0.41176501
vt 0.00000000 0.00000000
vt 0.00000000 0.00000000
vt 0.00000000 0.00000000
vt 0.00000000 0.07451000
vt 0.00784300 0.02745100
vt 0.00000000 0.00000000
vt 0.00000000 0.07451000
vt 0.00000000 0.00000000
vt 0.00000000 0.00000000
vt 0.00000000 0.07451000
vt 0.06666700 0.87058800
vt 0.00000000 1.00000000
vt 0.06666700 0.87058800
vt 0.00000000 0.00000000
vt 0.00000000 0.00000000
vt 0.40784299 0.27451000
vt 0.00000000 0.00000000
vt 0.36470601 0.32941201
vt 0.00000000 0.00000000
vt 0.00000000 0.00000000
vt 0.36470601 0.32941201
vt 1.00000000 0.14117600
vt 0.00000000 0.00000000
vt 0.00000000 0.15294100
vt 0.00000000 0.00000000
vt 0.60392201 0.07451000
vt 0.00000000 0.00000000
vt 0.00000000 0.00000000
vt 0.60392201 0.07451000
vt 0.00000000 0.00000000
vt 0.00000000 0.00000000
vt 0.00000000 0.00000000
vt 0.28627500 0.67451000
vt 0.00000000 0.00000000
vt 0.00000000 0.00000000
vt 0.27843100 0.71372598
vt 0.28627500 0.67451000
vt 0.13725500 0.21960799
vt 0.09803900 0.14902000
vt 0.07451000 0.02745100
vt 0.00000000 0.00000000
vt 0.60392201 0.07451000
vt 0.71372598 0.00000000
vt 0.00000000 0.00000000
vt 0.00000000 0.00000000
vt 0.61568600 0.81568599
vt 0.55294102 0.74901998
vt 0.60392201 0.07451000
vt 0.60392201 0.14902000
vt 0.71372598 0.00000000
vt 0.60392201 0.14902000
vt 0.60392201 0.22352900
vt 0.71372598 0.00000000
vt 0.60392201 0.22352900
vt 1.00000000 1.00000000
vt 0.71372598 0.00000000
vt 0.60392201 0.74117601
vt 0.00000000 0.00000000
vt 1.00000000 1.00000000
vt 0.60392201 0.74117601
vt 0.60392201 0.81568599
vt 0.00000000 0.00000000
vt 0.60392201 0.81568599
vt 0.60392201 0.89019603
vt 0.00000000 0.00000000
vt 0.60392201 0.89019603
vt 0.60392201 0.96470600
vt 0.00000000 0.00000000
vt 0.00000000 0.18823500
vt 0.00000000 0.00000000
vt 0.28235301 0.20000000
vt 0.00000000 0.00000000
vt 0.28235301 0.25097999
vt 0.28235301 0.20000000
vt 0.00000000 0.00000000
vt 0.00000000 0.25097999
vt 0.28235301 0.25097999
vt 0.00000000 0.25097999
vt 0.00000000 0.00000000
vt 0.28235301 0.25097999
vt 0.00000000 0.00000000
vt 0.03137300 0.38823500
vt 0.04313700 0.50196099
vt 0.00000000 0.00000000
vt 0.99607801 0.18431400
vt 0.90196103 0.20000000
vt 0.00000000 0.18823500
vt 0.00000000 0.00000000
vt 0.01568600 0.20392200
vt 0.20392200 0.14902000
vt 0.00000000 0.12156900
vt 0.21176501 0.85097998
vt 0.15686300 0.00392200
vt 0.00000000 0.00000000
vt 0.27451000 0.76078397
vt 0.00000000 0.00000000
vt 0.00000000 0.79607898
vt 0.00000000 0.00000000
vt 0.21176501 0.85097998
vt 0.00000000 0.79607898
vt 0.21176501 0.85097998
vt 0.00000000 0.00000000
vt 0.15686300 0.00392200
vt 0.00000000 0.00000000
vt 0.00000000 0.00000000
vt 0.15686300 0.00392200
vt 0.00000000 0.00000000
vt 0.00000000 0.00000000
vt 0.00000000 0.00000000
vt 0.00000000 0.00000000
vt 0.00000000 0.00000000
vt 0.00000000 0.00000000
vt 0.00000000 0.00000000
vt 0.00000000 0.00000000
vt 0.00000000 0.00000000
vt 0.00000000 0.00000000
vt 0.00000000 0.00000000
vt 0.00000000 0.00000000
vt 0.00000000 0.00000000
vt 0.00000000 0.00000000
vt 0.15686300 0.00392200
vt 0.00000000 0.00000000
vt 0.00000000 0.00000000
vt 0.00000000 0.00000000
vt 0.00000000 0.00000000
vt 0.00000000 0.00000000
vt 0.00000000 0.00000000
vt 0.00000000 0.00000000
vt 0.14902000 0.01176500
vt 0.15294100 0.00784300
vt 0.00000000 0.00000000
vt 0.35686299 0.38039199
vt 0.39607799 0.29019600
vt 0.00000000 0.00000000
vt 0.14117600 0.81568599
vt 0.00000000 0.00000000
vt 0.55294102 0.34902000
vt 0.00000000 0.00000000
vt 0.00000000 0.00000000
vt 0.11764700 0.02352900
vt 0.00000000 0.00000000
vt 0.27451000 0.76078397
vt 0.27843100 0.71372598
vt 0.00000000 0.00000000
vt 0.00000000 0.00000000
vt 0.00000000 0.00000000
vt 0.00000000 0.00000000
vt 0.00000000 0.00000000
vt 0.09803900 0.14902000
vt 0.13725500 0.21960799
vt 0.08627500 0.96862799
vt 0.07451000 0.97647101
vt 0.09803900 0.14902000
vt 0.07451000 0.97647101
vt 0.00000000 0.00000000
vt 0.09803900 0.14902000
vt 0.00000000 0.00000000
vt 0.00000000 0.00000000
vt 0.09803900 0.14902000
vt 0.00000000 0.56078398
vt 0.00000000 0.75686300
vt 0.00000000 0.00000000
vt 0.00000000 0.75686300
vt 0.00000000 0.00000000
vt 0.00000000 0.00000000
vt 0.00000000 0.00000000
vt 0.00000000 0.00000000
vt 0.00000000 0.00000000
vt 0.00000000 0.00000000
vt 0.00000000 0.00000000
vt 0.00000000 0.00000000
vt 0.00000000 0.00000000
vt 0.00000000 0.00000000
vt 0.00000000 0.00000000
vt 0.00000000 0.21960799
vt 0.00000000 0.00000000
vt 0.00000000 0.00000000
vt 0.06666700 0.75686300
vt 0.00000000 0.00000000
vt 0.00000000 0.00000000
vt 0.06666700 0.75686300
vt 0.12548999 0.24313700
vt 0.10980400 0.36862701
vt 0.06666700 0.75686300
vt 0.10980400 0.36862701
vt 0.12548999 0.50196099
vt 0.06666700 0.75686300
vt 0.12548999 0.50196099
vt 0.09019600 0.50196099
vt 0.06666700 0.75686300
vt 0.09019600 0.50196099
vt 0.00000000 0.00000000
vt 0.06666700 0.75686300
vt 0.09019600 0.50196099
vt 0.12548999 0.50196099
vt 0.00000000 0.00000000
vt 0.12548999 0.50196099
vt 0.10980400 0.36862701
vt 0.00000000 0.00000000
vt 0.10980400 0.36862701
vt 0.00000000 0.00000000
vt 0.00000000 0.00000000
vt 0.00000000 0.00000000
vt 0.23921600 0.00392200
vt 0.49803901 0.00392200
vt 0.00000000 0.00000000
vt 0.00000000 0.00000000
vt 0.00000000 0.00000000
vt 0.20392200 0.89019603
vt 0.00000000 0.00000000
vt 0.00000000 0.92549002
vt 0.00000000 0.51764703
vt 0.08627500 0.51764703
vt 0.00000000 0.92549002
vt 0.08627500 0.51764703
vt 0.48235300 0.51764703
vt 0.00000000 0.00000000
vt 0.23921600 0.00392200
vt 0.00000000 0.00000000
vt 0.00000000 0.00000000
vt 0.12548999 0.80784303
vt 0.14117600 1.00000000
vt 0.00000000 0.00000000
vt 0.14117600 1.00000000
vt 0.03921600 0.96862799
vt 0.00000000 0.92549002
vt 0.03921600 0.96862799
vt 0.00000000 0.00000000
vt 0.00000000 0.92549002
vt 0.06666700 0.12941200
vt 0.13333300 0.25882399
vt 0.00000000 0.92549002
vt 0.13333300 0.25882399
vt 0.08627500 0.97254902
vt 0.00000000 0.92549002
vt 0.08627500 0.97254902
vt 0.10196100 0.97254902
vt 0.00000000 0.92549002
vt 0.10196100 0.97254902
vt 0.20392200 0.96470600
vt 0.00000000 0.92549002
vt 0.00000000 0.00000000
vt 0.00000000 0.00000000
vt 0.00000000 0.00000000
vt 0.00000000 0.00000000
vt 0.23921600 0.00392200
vt 0.00000000 0.00000000
vt 1.00000000 0.25882399
vt 0.49803901 0.00392200
vt 0.00000000 0.00000000
vt 0.75686300 1.00000000
vt 1.00000000 0.76078397
vt 0.75686300 1.00000000
vt 1.00000000 1.00000000
vt 1.00000000 0.76078397
vt 0.75686300 1.00000000
vt 0.00000000 0.00000000
vt 1.00000000 1.00000000
vt 0.00000000 0.00000000
vt 0.00000000 0.00000000
vt 1.00000000 1.00000000
vt 0.00000000 0.00000000
vt 0.00000000 0.00000000
vt 1.00000000 1.00000000
vt 0.00000000 0.00000000
vt 1.00000000 0.10980400
vt 0.00000000 0.00000000
vt 0.00000000 0.00000000
vt 0.00000000 0.00000000
vt 1.00000000 0.10980400
vt 0.00000000 0.00000000
vt 0.00000000 0.00000000
vt 1.00000000 0.10980400
vt 0.00000000 0.00000000
vt 1.00000000 0.13725500
vt 1.00000000 0.10980400
vt 0.98039198 0.24705900
vt 1.00000000 0.00000000
vt 0.00000000 0.00000000
vt 0.00000000 0.00000000
vt 0.00000000 0.00000000
vt 0.00000000 0.00000000
vt 0.00000000 0.00000000
vt 0.00000000 0.00000000
vt 0.00000000 0.00000000
vt 1.00000000 0.13725500
vt 0.00000000 0.00000000
vt 0.98039198 0.24705900
vt 0.00000000 0.00000000
vt 0.00000000 0.00000000
vt 0.00000000 0.00000000
vt 0.00000000 0.00000000
vt 0.00000000 0.47451001
vt 0.00000000 0.00000000
vt 0.20784301 0.14902000
vt 0.86666697 0.34117600
vt 0.00000000 0.00000000
vt 0.00000000 0.00000000
vt 0.86666697 0.31764701
vt 0.00000000 0.20000000
vt 0.20784301 0.20000000
vt 0.86666697 0.31764701
vt 0.20784301 0.20000000
vt 0.55294102 0.20000000
vt 0.00000000 0.00000000
vt 0.20784301 0.20000000
vt 0.00000000 0.22352900
vt 0.55294102 0.20000000
vt 0.00000000 0.22352900
vt 0.55294102 0.25097999
vt 0.55294102 0.20000000
vt 0.55294102 0.25097999
vt 0.00000000 0.00000000
vt 0.55294102 0.20000000
vt 0.99607801 0.21176501
vt 0.90196103 0.20000000
vt 0.55294102 0.20000000
vt 0.90196103 0.20000000
vt 0.99607801 0.18431400
vt 0.55294102 0.20000000
vt 0.00000000 0.00000000
vt 0.00000000 0.00000000
vt 0.75686300 1.00000000
vt 0.74901998 0.50196099
vt 0.99607801 0.27451000
vt 0.90196103 0.30196100
vt 0.00000000 0.00000000
vt 0.90196103 0.30196100
vt 0.99607801 0.30588201
vt 0.00000000 0.00000000
vt 0.90196103 0.30196100
vt 0.55294102 0.30196100
vt 0.99607801 0.30588201
vt 0.55294102 0.30196100
vt 0.00000000 0.00000000
vt 0.00000000 0.00000000
vt 0.00000000 0.00000000
vt 0.55294102 0.25097999
vt 0.55294102 0.30196100
vt 0.55294102 0.25097999
vt 0.00000000 0.00000000
vt 0.55294102 0.30196100
vt 0.00000000 0.00000000
vt 0.20784301 0.30196100
vt 0.55294102 0.30196100
vt 0.20784301 0.30196100
vt 0.00000000 0.32549000
vt 0.55294102 0.30196100
vt 0.90196103 0.30196100
vt 0.99607801 0.27451000
vt 0.55294102 0.30196100
vt 0.00000000 0.00000000
vt 0.00000000 0.00000000
vt 0.00000000 0.00000000
vt 0.00000000 0.00000000
vt 0.00000000 0.00000000
vt 1.00000000 0.09411800
vt 1.00000000 0.11764700
vt 0.00000000 0.00000000
vt 1.00000000 0.65098000
vt 0.00000000 0.00000000
vt 1.00000000 0.62352902
vt 0.00000000 0.00000000
vt 0.00000000 0.00000000
vt 1.00000000 0.62352902
vt 0.00000000 0.00000000
vt 0.61176503 0.61176503
vt 1.00000000 0.62352902
vt 0.61176503 0.61176503
vt 0.00000000 0.00000000
vt 0.00000000 0.00000000
vt 0.00000000 0.00000000
vt 0.00000000 0.00000000
vt 0.00000000 0.00000000
vt 0.00000000 0.00000000
vt 0.00000000 0.00000000
vt 0.00000000 0.00000000
vt 0.00000000 0.00000000
vt 0.00000000 0.00000000
vt 0.00000000 0.00000000
vt 0.00000000 0.00000000
vt 0.00000000 0.00000000
vt 0.00000000 0.00000000
vt 0.61176503 0.61176503
vt 0.00000000 0.00000000
vt 0.00000000 0.00000000
vt 0.00000000 0.00000000
vt 0.00000000 0.00000000
vt 0.00000000 0.00000000
vt 0.00000000 0.00000000
vt 0.00000000 0.00000000
vt 0.00000000 0.00000000
vt 0.10588200 0.34509799
vt 0.12548999 0.24313700
vt 0.12548999 0.75686300
vt 0.12548999 0.49803901
vt 0.00000000 0.00000000
vt 0.06666700 0.87058800
vt 0.00000000 0.00000000
vt 0.00000000 0.00000000
vt 0.07843100 0.02745100
vt 0.00000000 0.07451000
vt 0.00000000 0.00000000
vt 0.00000000 0.07451000
vt 0.20392200 0.07451000
vt 0.00000000 0.00000000
vt 0.20392200 0.07451000
vt 0.12156900 0.01960800
vt 0.00000000 0.00000000
vt 0.12156900 0.01960800
vt 0.00000000 0.00000000
vt 0.00000000 0.00000000
vt 0.30588201 0.31372601
vt 0.33333299 0.21960799
vt 0.00000000 0.00000000
vt 0.30588201 0.31372601
vt 0.00000000 0.00000000
vt 0.33333299 0.21960799
vt 0.00000000 0.00000000
vt 0.00000000 0.00000000
vt 0.33333299 0.21960799
vt 0.34509799 0.12941200
vt 0.35294101 0.04313700
vt 0.00000000 0.00000000
vt 0.00000000 0.00000000
vt 0.00000000 0.00000000
vt 0.35294101 0.04313700
vt 0.20392200 0.07451000
vt 0.43137300 0.00000000
vt 0.00000000 0.00000000
vt 0.48235300 0.45490199
vt 0.08627500 0.45490199
vt 0.00000000 0.00000000
vt 0.08627500 0.45490199
vt 0.00000000 0.12156900
vt 0.00000000 0.07451000
vt 0.00000000 0.00000000
vt 0.06666700 0.87058800
vt 0.00000000 0.07451000
vt 0.00000000 0.00000000
vt 0.31372601 1.00000000
vt 0.33725500 0.81960797
vt 0.00000000 0.00000000
vt 0.99607801 0.18431400
vt 0.00000000 0.18823500
vt 0.00000000 0.00000000
vt 0.99607801 0.14902000
vt 0.60392201 0.14902000
vt 0.60392201 0.07451000
vt 0.43137300 0.00000000
vt 0.60392201 0.89019603
vt 0.00000000 0.00000000
vt 0.00000000 0.00000000
vt 0.70196098 0.09411800
vt 0.19607800 0.09411800
vt 0.00000000 0.00000000
vt 1.00000000 0.11764700
vt 1.00000000 0.53333300
vt 0.00000000 0.00000000
vt 0.00000000 0.21960799
vt 0.70196098 0.23921600
vt 0.20392200 0.51764703
vt 0.60392201 0.51764703
vt 0.60392201 0.44313699
vt 0.20392200 0.44313699
vt 0.20392200 0.74117601
vt 0.60392201 0.74117601
vt 0.60392201 0.66666698
vt 0.20392200 0.66666698
vt 0.20392200 0.44313699
vt 0.60392201 0.44313699
vt 0.60392201 0.36862701
vt 0.20392200 0.36862701
vt 0.20392200 0.81568599
vt 0.60392201 0.81568599
vt 0.60392201 0.74117601
vt 0.20392200 0.74117601
vt 0.20392200 0.59215701
vt 0.60392201 0.59215701
vt 0.60392201 0.51764703
vt 0.20392200 0.51764703
vt 0.00000000 0.00000000
vt 0.84313703 0.17254899
vt 0.00000000 0.00000000
vt 0.00000000 0.00000000
vt 0.00000000 0.34902000
vt 0.09411800 0.84313703
vt 0.00000000 0.00000000
vt 0.28235301 0.34902000
vt 0.32156900 0.70588201
vt 0.00000000 0.00000000
vt 0.00000000 0.25097999
vt 0.00000000 0.00000000
vt 0.00000000 0.00000000
vt 0.21176501 0.85097998
vt 0.00000000 0.00000000
vt 0.00000000 0.00000000
vt 0.21176501 0.85097998
vt 0.00000000 0.00000000
vt 0.00000000 0.00000000
vt 0.21176501 0.85097998
vt 0.00000000 0.00000000
vt 0.00000000 0.00000000
vt 0.21176501 0.85097998
vt 0.00000000 0.00000000
vt 0.00000000 0.00000000
vt 0.21176501 0.85097998
vt 0.00000000 0.00000000
vt 0.00000000 0.00000000
vt 0.21176501 0.85097998
vt 0.00000000 0.00000000
vt 0.00000000 0.00000000
vt 0.21176501 0.85097998
vt 0.00000000 0.00000000
vt 0.00000000 0.00000000
vt 0.00000000 0.00000000
vt 0.00000000 0.00000000
vt 0.00000000 0.00000000
vt 0.00000000 0.00000000
vt 0.00000000 0.00000000
vt 0.00000000 0.00000000
vt 0.00000000 0.00000000
vt 0.00000000 0.00000000
vt 0.00000000 0.00000000
vt 0.00000000 0.00000000
vt 0.00000000 0.00000000
vt 0.00000000 0.00000000
vt 0.00000000 0.00000000
vt 0.00000000 0.00000000
vt 0.00000000 0.00000000
vt 0.00000000 0.00000000
vt 0.00000000 0.00000000
vt 0.00000000 0.00000000
vt 0.00000000 0.00000000
vt 0.00000000 0.00000000
vt 0.00000000 0.00000000
vt 0.00000000 0.00000000
vt 0.00000000 0.00000000
vt 0.00000000 0.00000000
vt 0.00000000 0.00000000
vt 0.00000000 0.00000000
vt 0.00000000 0.00000000
vt 0.00000000 0.00000000
vt 0.00000000 0.00000000
vt 0.00000000 0.00000000
vt 0.00000000 0.00000000
vt 0.00000000 0.00000000
vt 0.07451000 0.97647101
vt 0.08627500 0.96862799
vt 0.00000000 0.00000000
vt 0.00000000 0.00000000
vt 0.07451000 0.97647101
vt 0.00000000 0.00000000
vt 0.00000000 0.75686300
vt 0.00000000 0.56078398
vt 0.00000000 0.00000000
vt 0.00000000 0.00000000
vt 0.00000000 0.75686300
vt 0.12548999 0.96470600
vt 0.12548999 0.75686300
vt 0.02745100 0.26666701
vt 0.03921600 0.03921600
vt 0.33725500 0.34117600
vt 0.84313703 0.34117600
vt 0.00000000 0.00000000
vt 0.00000000 0.00000000
vt 0.23921600 0.00392200
vt 0.00000000 0.00000000
vt 0.10980400 0.36862701
vt 0.00000000 0.83921599
vt 0.00000000 0.00000000
vt 0.20392200 0.89019603
vt 0.00000000 0.00000000
vt 0.08627500 0.51764703
vt 0.00000000 0.51764703
vt 0.00000000 0.00000000
vt 0.03921600 0.96862799
vt 0.14117600 1.00000000
vt 0.00000000 0.00000000
vt 0.00000000 0.00000000
vt 0.03921600 0.96862799
vt 0.00000000 0.00000000
vt 0.13333300 0.25882399
vt 0.06666700 0.12941200
vt 0.00000000 0.00000000
vt 0.00000000 0.00000000
vt 0.13333300 0.25882399
vt 0.10196100 0.97254902
vt 0.08627500 0.97254902
vt 0.13333300 0.25882399
vt 0.00000000 0.00000000
vt 0.00000000 0.00000000
vt 0.00000000 0.00000000
vt 0.12156900 0.98039198
vt 0.20392200 0.96470600
vt 0.10196100 0.97254902
vt 0.12156900 0.98039198
vt 0.00000000 0.00000000
vt 0.20392200 0.96470600
vt 0.00000000 0.00000000
vt 0.13333300 0.98431402
vt 0.20392200 0.96470600
vt 0.00000000 0.00000000
vt 0.00000000 0.00000000
vt 0.00000000 0.00000000
vt 0.00000000 0.00000000
vt 0.00000000 0.00000000
vt 0.00000000 0.00000000
vt 0.00000000 0.00000000
vt 0.00000000 0.00000000
vt 0.00000000 0.00000000
vt 0.00000000 0.83921599
vt 0.00000000 0.00000000
vt 0.00000000 0.00000000
vt 0.00000000 0.83921599
vt 0.87450999 0.75686300
vt 0.87450999 0.64705902
vt 0.00000000 0.83921599
vt 0.74901998 0.50196099
vt 0.75686300 1.00000000
vt 0.00000000 0.00000000
vt 0.00000000 0.00000000
vt 0.00000000 0.00000000
vt 0.00000000 0.00000000
vt 0.00000000 0.00000000
vt 0.87450999 0.75686300
vt 0.93725502 0.75686300
vt 0.75686300 1.00000000
vt 0.93725502 0.75686300
vt 0.93725502 1.00000000
vt 0.75686300 1.00000000
vt 0.93725502 1.00000000
vt 0.00000000 0.00000000
vt 0.75686300 1.00000000
vt 0.93725502 1.00000000
vt 0.00000000 0.00000000
vt 0.00000000 0.00000000
vt 0.00000000 0.00000000
vt 0.00000000 0.00000000
vt 0.00000000 0.00000000
vt 0.00000000 0.00000000
vt 0.00000000 0.00000000
vt 0.00000000 0.00000000
vt 0.00000000 0.00000000
vt 0.00000000 0.00000000
vt 0.00000000 0.00000000
vt 0.00000000 0.00000000
vt 0.00000000 0.00000000
vt 0.00000000 0.00000000
vt 0.93725502 1.00000000
vt 0.00000000 0.00000000
vt 0.00000000 0.00000000
vt 1.00000000 0.00000000
vt 0.98039198 0.24705900
vt 0.00000000 0.00000000
vt 0.98039198 0.24705900
vt 0.00000000 0.00000000
vt 0.00000000 0.00000000
vt 0.93725502 1.00000000
vt 0.93725502 0.75686300
vt 0.00000000 0.00000000
vt 0.93725502 0.75686300
vt 0.00000000 0.00000000
vt 0.00000000 0.00000000
vt 0.00000000 0.00000000
vt 0.28235301 0.34902000
vt 0.28235301 0.40000001
vt 0.00000000 0.00000000
vt 0.00000000 0.98823500
vt 0.47451001 0.46274501
vt 1.00000000 0.47058800
vt 0.01568600 0.74509799
vt 1.00000000 0.16470601
vt 0.00000000 0.00000000
vt 0.86666697 0.31764701
vt 0.86666697 0.34117600
vt 0.32156900 0.66666698
vt 0.00000000 0.00000000
vt 0.00000000 0.65490198
vt 0.00000000 0.41176501
vt 0.20784301 0.25097999
vt 0.55294102 0.25097999
vt 0.00000000 0.22352900
vt 0.20784301 0.25097999
vt 0.00000000 0.00000000
vt 0.55294102 0.25097999
vt 0.99607801 0.27451000
vt 0.90196103 0.25097999
vt 0.55294102 0.25097999
vt 0.00000000 0.00000000
vt 0.32156900 0.70588201
vt 0.55294102 0.25097999
vt 0.32156900 0.70588201
vt 0.99607801 0.21176501
vt 0.55294102 0.25097999
vt 0.20784301 0.25097999
vt 0.00000000 0.25097999
vt 0.00000000 0.00000000
vt 1.00000000 0.10980400
vt 1.00000000 0.13725500
vt 0.86666697 0.36862701
vt 0.86666697 0.39215699
vt 0.02745100 0.72941202
vt 0.00000000 0.00000000
vt 0.00000000 0.00000000
vt 0.03921600 0.96078402
vt 0.00000000 0.30196100
vt 0.20784301 0.30196100
vt 0.00000000 0.00000000
vt 0.00000000 0.00000000
vt 0.00000000 0.00000000
vt 0.00000000 0.00000000
vt 0.00000000 0.00000000
vt 0.00000000 0.00000000
vt 0.00000000 0.00000000
vt 0.87843102 0.95686299
vt 0.00000000 0.00000000
vt 0.00000000 0.00000000
vt 0.00000000 0.00000000
vt 0.00000000 0.00000000
vt 1.00000000 0.65098000
vt 0.00000000 0.00000000
vt 0.00000000 0.00000000
vt 0.00000000 0.00000000
vt 0.00000000 0.00000000
vt 0.00000000 0.00000000
vt 0.00000000 0.00000000
vt 0.00000000 0.00000000
vt 0.00000000 0.00000000
vt 0.00000000 0.00000000
vt 0.00000000 0.00000000
vt 0.61176503 0.61176503
vt 0.00000000 0.00000000
vt 0.00000000 0.00000000
vt 0.11764700 0.02352900
vt 0.35686299 0.38039199
vt 0.00000000 0.00000000
vt 0.00000000 0.00000000
vt 0.00000000 0.00000000
vt 0.00000000 0.00000000
vt 0.00000000 0.00000000
vt 0.00000000 0.00000000
vt 0.00000000 0.00000000
vt 0.00000000 0.00000000
vt 0.49803901 0.00000000
vt 0.00000000 0.00000000
vt 0.00000000 0.00000000
vt 0.00000000 0.00000000
vt 0.00000000 0.00000000
vt 0.78039199 0.24313700
vt 0.00000000 0.00000000
vt 0.00000000 0.00000000
vt 0.78039199 0.05098000
vt 0.00000000 0.00000000
vt 0.12156900 0.01960800
vt 0.20392200 0.07451000
vt 0.34902000 0.00000000
vt 0.00000000 0.00000000
vt 0.08627500 0.45490199
vt 0.00000000 0.00000000
vt 0.00000000 0.00000000
vt 0.08627500 0.45490199
vt 0.00000000 0.00000000
vt 0.49803901 0.00000000
vt 0.48235300 0.45490199
vt 0.87843102 0.45490199
vt 0.00000000 0.00000000
vt 0.00000000 0.00000000
vt 0.00000000 0.00000000
vt 0.47451001 0.03529400
vt 0.00000000 0.00000000
vt 0.34902000 0.00000000
vt 0.49803901 0.00000000
vt 0.00000000 0.00000000
vt 0.00000000 0.00000000
vt 0.34902000 0.00000000
vt 0.81176502 0.49803901
vt 0.78039199 0.49803901
vt 0.34902000 0.00000000
vt 0.78039199 0.49803901
vt 0.00000000 0.00000000
vt 0.34902000 0.00000000
vt 0.74901998 0.24313700
vt 0.87450999 0.24313700
vt 0.34902000 0.00000000
vt 0.01568600 0.20392200
vt 0.00000000 0.00000000
vt 0.20392200 0.14902000
vt 0.00000000 0.00000000
vt 0.20392200 0.22352900
vt 0.20392200 0.14902000
vt 0.00000000 0.00000000
vt 0.00000000 0.00000000
vt 0.20392200 0.22352900
vt 0.00000000 0.00000000
vt 0.14117600 0.24313700
vt 0.20392200 0.22352900
vt 0.14509800 0.24705900
vt 0.20392200 0.29803899
vt 0.20392200 0.22352900
vt 0.00000000 0.00000000
vt 0.14117600 0.25882399
vt 0.20392200 0.29803899
vt 0.14117600 0.25882399
vt 0.00000000 0.00000000
vt 0.20392200 0.29803899
vt 0.64705902 0.51372600
vt 0.67843097 0.45098001
vt 0.20392200 0.29803899
vt 0.67843097 0.45098001
vt 0.69411802 0.41960800
vt 0.20392200 0.29803899
vt 0.69411802 0.41960800
vt 0.09803900 0.27451000
vt 0.20392200 0.29803899
vt 0.09803900 0.27451000
vt 0.00000000 0.00000000
vt 0.20392200 0.29803899
vt 0.00000000 0.00000000
vt 0.00000000 0.33333299
vt 0.20392200 0.29803899
vt 0.14509800 0.24705900
vt 0.14509800 0.25097999
vt 0.20392200 0.29803899
vt 0.14509800 0.25097999
vt 0.00000000 0.00000000
vt 0.20392200 0.29803899
vt 0.00000000 0.33333299
vt 0.00000000 0.00000000
vt 0.20392200 0.36862701
vt 0.20392200 0.22352900
vt 0.60392201 0.22352900
vt 0.60392201 0.14902000
vt 0.20392200 0.14902000
vt 0.00000000 0.23137300
vt 0.07451000 0.47058800
vt 0.20392200 0.44313699
vt 0.07451000 0.47058800
vt 0.00000000 0.00000000
vt 0.20392200 0.44313699
vt 0.00000000 0.00000000
vt 0.00000000 0.00000000
vt 0.20392200 0.44313699
vt 0.00000000 0.00000000
vt 0.00000000 0.00000000
vt 0.20392200 0.44313699
vt 0.00000000 0.00000000
vt 0.13725500 0.49019599
vt 0.20392200 0.44313699
vt 0.13725500 0.49019599
vt 0.20392200 0.51764703
vt 0.20392200 0.44313699
vt 0.13725500 0.49019599
vt 0.14509800 0.49411801
vt 0.20392200 0.51764703
vt 0.14509800 0.49411801
vt 0.14509800 0.50196099
vt 0.20392200 0.51764703
vt 0.14509800 0.50196099
vt 0.00000000 0.00000000
vt 0.20392200 0.51764703
vt 0.00000000 0.00000000
vt 0.00000000 0.00000000
vt 0.20392200 0.51764703
vt 0.00000000 0.00000000
vt 0.00000000 0.00000000
vt 0.20392200 0.51764703
vt 0.00000000 0.00000000
vt 0.00000000 0.00000000
vt 0.20392200 0.51764703
vt 0.00000000 0.00000000
vt 0.20392200 0.59215701
vt 0.20392200 0.51764703
vt 0.00000000 0.00000000
vt 0.09411800 0.52548999
vt 0.20392200 0.59215701
vt 0.00000000 0.00000000
vt 0.47451001 0.41960800
vt 0.00000000 0.00000000
vt 0.00000000 0.00000000
vt 0.00000000 0.00000000
vt 0.19607800 0.14117600
vt 0.70196098 0.14117600
vt 1.00000000 0.11764700
vt 0.00000000 0.97647101
vt 0.00000000 0.94902003
vt 0.20392200 0.66666698
vt 0.00000000 0.94902003
vt 0.00000000 0.00000000
vt 0.20392200 0.66666698
vt 0.74901998 0.67058802
vt 0.71372598 0.61176503
vt 0.20392200 0.66666698
vt 0.71372598 0.61176503
vt 0.69411802 0.57647097
vt 0.20392200 0.66666698
vt 0.69411802 0.57647097
vt 0.20392200 0.74117601
vt 0.20392200 0.66666698
vt 0.00000000 0.00000000
vt 0.00000000 0.00000000
vt 0.00000000 0.00000000
vt 0.00000000 0.00000000
vt 0.00000000 0.00000000
vt 0.00000000 0.00000000
vt 0.13725500 0.76470602
vt 0.20392200 0.81568599
vt 0.20392200 0.74117601
vt 0.69411802 0.57647097
vt 0.12941200 0.73333299
vt 0.20392200 0.74117601
vt 0.12941200 0.73333299
vt 0.00000000 0.00000000
vt 0.20392200 0.74117601
vt 0.00000000 0.00000000
vt 0.00000000 0.00000000
vt 0.00000000 0.00000000
vt 0.13725500 0.76470602
vt 0.00000000 0.00000000
vt 0.20392200 0.81568599
vt 0.00000000 0.00000000
vt 0.11372500 0.77254897
vt 0.20392200 0.81568599
vt 0.00000000 0.00000000
vt 0.12156900 0.98039198
vt 0.13333300 0.98431402
vt 0.00000000 0.00000000
vt 0.00000000 0.00000000
vt 0.00000000 0.00000000
vt 0.00000000 0.00000000
vt 0.00000000 0.00000000
vt 0.00000000 0.00000000
vt 0.00000000 0.00000000
vt 0.00000000 0.00000000
vt 0.00000000 0.00000000
vt 1.00000000 1.00000000
vt 0.00000000 0.00000000
vt 1.00000000 0.08235300
vt 1.00000000 0.76078397
vt 0.85490203 0.85490203
vt 1.00000000 0.33333299
vt 0.00000000 0.00000000
vt 0.74901998 0.93333298
vt 0.00000000 0.00000000
vt 0.00000000 0.00000000
vt 0.00000000 0.00000000
vt 0.00000000 0.00000000
vt 0.78039199 0.24313700
vt 0.74901998 0.75686300
vt 0.87450999 0.75686300
vt 0.74901998 0.75686300
vt 0.00000000 0.00000000
vt 0.87450999 0.64705902
vt 0.00000000 0.00000000
vt 0.74901998 0.50196099
vt 0.87450999 0.64705902
vt 0.00000000 0.00000000
vt 0.00000000 0.00000000
vt 0.94902003 0.04313700
vt 0.00000000 0.00000000
vt 0.93725502 0.73725498
vt 0.00000000 0.00000000
vt 0.93725502 0.75686300
vt 0.00000000 0.00000000
vt 0.00000000 1.00000000
vt 0.00000000 0.00000000
vt 0.00000000 0.00000000
vt 0.48235300 1.00000000
vt 0.87843102 1.00000000
vt 0.87843102 0.97647101
vt 0.48235300 0.97647101
vt 0.00000000 0.00000000
vt 0.86666697 0.03921600
vt 0.86666697 0.06274500
vt 0.00000000 0.00000000
vt 0.00000000 0.00000000
vt 0.00000000 0.06274500
vt 0.00000000 0.00000000
vt 0.00000000 0.00000000
vt 0.00000000 0.00000000
vt 1.00000000 0.24313700
vt 1.00000000 0.21568599
vt 0.00000000 0.00000000
vt 0.00000000 0.00000000
vt 1.00000000 0.24313700
vt 0.00000000 0.00000000
vt 0.00000000 0.00000000
vt 1.00000000 0.24313700
vt 0.00000000 0.00000000
vt 0.00000000 0.00000000
vt 1.00000000 0.24313700
vt 0.00000000 0.00000000
vt 0.00000000 0.00000000
vt 1.00000000 0.24313700
vt 0.00000000 0.00000000
vt 0.00000000 0.00000000
vt 1.00000000 0.24313700
vt 0.00000000 0.00000000
vt 0.00000000 0.00000000
vt 1.00000000 0.24313700
vt 0.00000000 0.00000000
vt 1.00000000 0.27058801
vt 1.00000000 0.24313700
vt 0.00000000 0.00000000
vt 0.00000000 0.00000000
vt 1.00000000 0.27058801
vt 0.00000000 0.00000000
vt 0.00000000 0.00000000
vt 1.00000000 0.27058801
vt 0.03921600 0.62352902
vt 0.02352900 0.74901998
vt 1.00000000 0.27058801
vt 0.02352900 0.74901998
vt 0.00000000 0.00000000
vt 1.00000000 0.27058801
vt 0.00000000 0.00000000
vt 0.00000000 0.00000000
vt 1.00000000 0.27058801
vt 0.00000000 0.00000000
vt 0.00000000 0.34902000
vt 0.00000000 0.31372601
vt 0.00000000 0.00000000
vt 1.00000000 0.22745100
vt 1.00000000 0.45490199
vt 0.00000000 0.00000000
vt 1.00000000 0.45490199
vt 0.87843102 0.45490199
vt 0.87843102 0.70588201
vt 0.73725498 1.00000000
vt 0.00000000 0.00000000
vt 0.87843102 0.95686299
vt 0.00000000 0.00000000
vt 1.00000000 1.00000000
vt 0.87843102 0.95686299
vt 0.00000000 0.00000000
vt 0.00000000 0.00000000
vt 0.87843102 0.95686299
vt 0.00000000 0.00000000
vt 0.00000000 0.00000000
vt 0.00000000 0.00000000
vt 0.00000000 0.00000000
vt 0.73725498 1.00000000
vt 0.00000000 0.00000000
vt 0.73725498 1.00000000
vt 0.00000000 0.00000000
vt 0.00000000 0.00000000
vt 0.87450999 0.50196099
vt 0.93725502 0.73725498
vt 0.87450999 0.75686300
vt 0.81176502 0.50196099
vt 0.00000000 0.00000000
vt 0.00000000 0.00000000
vt 0.00000000 0.00000000
vt 0.74901998 0.24313700
vt 0.00000000 0.00000000
vt 0.87450999 0.24313700
vt 0.81176502 0.75686300
vt 0.78039199 0.75686300
vt 0.87450999 0.24313700
vt 0.49803901 0.00392200
vt 0.00000000 0.00000000
vt 0.00000000 0.00000000
vt 1.00000000 0.22745100
vt 0.00000000 0.00000000
vt 0.01568600 0.20392200
vt 0.00000000 0.00000000
vt 0.87450999 0.49803901
vt 0.00000000 0.00000000
vt 0.81176502 0.49803901
vt 0.00000000 0.00000000
vt 0.81176502 0.75686300
vt 0.81176502 0.49803901
vt 0.00000000 0.00000000
vt 0.74901998 0.24313700
vt 0.78039199 0.49803901
vt 0.00000000 0.00000000
vt 0.00000000 0.00000000
vt 0.00000000 0.00000000
vt 0.00000000 0.00000000
vt 0.00000000 0.00000000
vt 0.00000000 0.00000000
vt 0.00000000 0.00000000
vt 0.00000000 0.00000000
vt 0.00000000 0.00000000
vt 0.00000000 0.00000000
vt 0.00000000 0.00000000
vt 0.00000000 0.00000000
vt 0.00000000 0.00000000
vt 0.14509800 0.24705900
vt 0.14117600 0.24313700
vt 0.00000000 0.00000000
vt 0.09803900 0.27451000
vt 0.69411802 0.41960800
vt 0.00000000 0.00000000
vt 0.69411802 0.41960800
vt 0.00000000 0.00000000
vt 0.00000000 0.00000000
vt 0.00000000 0.00000000
vt 0.00000000 0.00000000
vt 0.00000000 0.00000000
vt 0.00000000 0.00000000
vt 0.14509800 0.25097999
vt 0.14509800 0.24705900
vt 0.00000000 0.00000000
vt 0.14117600 0.25882399
vt 0.00000000 0.00000000
vt 0.69411802 0.41960800
vt 0.67843097 0.45098001
vt 0.64705902 0.51372600
vt 0.03529400 0.27843100
vt 0.05490200 0.27843100
vt 0.00000000 0.00000000
vt 0.05490200 0.27843100
vt 0.00000000 0.00000000
vt 0.09803900 0.27451000
vt 0.05490200 0.27843100
vt 0.00000000 0.33333299
vt 0.00000000 0.00000000
vt 0.08627500 0.94902003
vt 0.00000000 0.94902003
vt 0.00000000 0.97647101
vt 0.08627500 0.97647101
vt 0.08627500 0.70588201
vt 0.00000000 0.45490199
vt 0.00000000 0.33333299
vt 0.48235300 0.45490199
vt 0.00000000 0.00000000
vt 0.38823500 0.53725499
vt 0.87843102 0.45490199
vt 0.00000000 0.00000000
vt 0.00000000 0.00000000
vt 0.00000000 0.00000000
vt 0.00000000 0.00000000
vt 0.00000000 0.00000000
vt 0.00000000 0.00000000
vt 0.00000000 0.00000000
vt 0.00000000 0.00000000
vt 0.00000000 0.00000000
vt 0.00000000 0.00000000
vt 0.07451000 0.47058800
vt 0.00000000 0.23137300
vt 0.48235300 0.51764703
vt 0.87843102 0.51764703
vt 1.00000000 0.25882399
vt 0.00000000 0.00000000
vt 0.00000000 0.00000000
vt 0.00000000 0.00000000
vt 0.07451000 0.47058800
vt 0.00000000 0.00000000
vt 0.00000000 0.00000000
vt 0.00000000 0.00000000
vt 0.70196098 0.19215700
vt 0.19607800 0.19215700
vt 0.00000000 0.21960799
vt 0.00000000 0.00000000
vt 0.00000000 0.00000000
vt 0.00000000 0.00000000
vt 0.00000000 0.00000000
vt 0.00000000 0.00000000
vt 0.00000000 0.00000000
vt 0.00000000 0.00000000
vt 0.00000000 0.00000000
vt 0.00000000 0.00000000
vt 0.00000000 0.00000000
vt 0.13725500 0.49019599
vt 0.00000000 0.00000000
vt 0.00000000 0.00000000
vt 0.14509800 0.50196099
vt 0.14509800 0.49411801
vt 0.13725500 0.49019599
vt 0.00000000 0.00000000
vt 0.00000000 0.00000000
vt 0.14509800 0.50196099
vt 0.00000000 0.00000000
vt 0.00000000 0.00000000
vt 0.00000000 0.00000000
vt 0.00000000 0.00000000
vt 0.09411800 0.52548999
vt 0.00000000 0.00000000
vt 0.09411800 0.52548999
vt 0.00000000 0.00000000
vt 0.00000000 0.00000000
vt 0.03921600 0.52941197
vt 0.00000000 0.58039200
vt 0.00000000 0.00000000
vt 0.01568600 0.52941197
vt 0.00000000 0.00000000
vt 0.00000000 0.58039200
vt 0.00000000 0.02745100
vt 0.19215700 0.02745100
vt 0.00000000 0.58039200
vt 0.81176502 0.24313700
vt 0.08627500 0.94902003
vt 0.00000000 0.00000000
vt 0.87450999 0.46666700
vt 0.98823500 0.54509801
vt 0.00000000 0.00000000
vt 0.00000000 0.00000000
vt 0.00000000 0.00000000
vt 0.00000000 0.00000000
vt 0.00000000 0.00000000
vt 0.98823500 0.10980400
vt 0.19607800 1.00000000
vt 0.00000000 0.00000000
vt 0.00000000 0.00000000
vt 0.00000000 0.00000000
vt 0.98823500 0.10980400
vt 0.00000000 0.00000000
vt 0.00000000 0.00000000
vt 0.00000000 0.94902003
vt 0.00000000 0.00000000
vt 0.00000000 0.00000000
vt 0.00000000 0.94902003
vt 0.00000000 0.00000000
vt 0.00000000 0.00000000
vt 0.00000000 0.94902003
vt 0.00000000 0.00000000
vt 0.71372598 0.61176503
vt 0.74901998 0.67058802
vt 0.00000000 0.00000000
vt 0.00000000 0.00000000
vt 0.71372598 0.61176503
vt 0.00000000 0.00000000
vt 0.69411802 0.57647097
vt 0.71372598 0.61176503
vt 0.00000000 0.00000000
vt 0.12941200 0.73333299
vt 0.69411802 0.57647097
vt 0.00000000 0.00000000
vt 0.12941200 0.73333299
vt 0.00000000 0.00000000
vt 0.12941200 0.73333299
vt 0.00000000 0.00000000
vt 0.00000000 0.00000000
vt 0.00000000 0.00000000
vt 0.00000000 0.00000000
vt 0.00000000 0.00000000
vt 0.12941200 0.73333299
vt 0.00000000 0.00000000
vt 0.00000000 0.00000000
vt 0.11372500 0.77254897
vt 0.00000000 0.00000000
vt 0.13725500 0.76470602
vt 0.00000000 0.00000000
vt 0.00000000 0.00000000
vt 0.00000000 0.00000000
vt 0.00000000 0.00000000
vt 0.00000000 0.00000000
vt 0.00000000 0.00000000
vt 0.70196098 0.09411800
vt 1.00000000 0.07058800
vt 0.00000000 0.00000000
vt 0.19607800 0.09411800
vt 0.00000000 0.00000000
vt 0.74901998 0.75686300
vt 0.78039199 0.24313700
vt 0.87450999 0.46666700
vt 0.00000000 0.00000000
vt 0.87450999 0.50196099
vt 0.03921600 0.96078402
vt 0.00000000 0.34117600
vt 0.33725500 0.34117600
vt 0.02745100 0.72941202
vt 0.00000000 0.00000000
vt 0.00000000 0.00000000
vt 0.00000000 0.00000000
vt 0.00000000 0.00000000
vt 0.12548999 0.75686300
vt 0.12548999 0.96470600
vt 0.00000000 0.00000000
vt 0.06666700 0.75686300
vt 0.08627500 0.49803901
vt 0.12548999 0.75686300
vt 0.00000000 0.00000000
vt 0.00000000 0.00000000
vt 0.00000000 0.00000000
vt 0.00000000 1.00000000
vt 0.12548999 1.00000000
vt 0.12548999 1.00000000
vt 0.00000000 0.00000000
vt 0.00000000 1.00000000
vt 0.00000000 0.00000000
vt 0.00000000 0.00000000
vt 0.00000000 0.00000000
vt 0.00000000 0.00000000
vt 0.00000000 0.00000000
vt 0.00000000 0.00000000
vt 0.12548999 1.00000000
vt 0.00000000 0.00000000
vt 0.00000000 0.00000000
vt 0.00000000 0.00000000
vt 0.00000000 0.00000000
vt 0.00000000 0.00000000
vt 0.00000000 0.00000000
vt 0.00000000 0.00000000
vt 0.00000000 0.00000000
vt 0.00000000 0.00000000
vt 0.00000000 0.00000000
vt 0.00000000 0.00000000
vt 0.00000000 0.00000000
vt 0.00000000 0.00000000
vt 0.00000000 0.00000000
vt 0.12548999 1.00000000
vt 0.00000000 1.00000000
vt 0.00000000 0.00000000
vt 0.00000000 0.00000000
vt 0.00000000 0.00000000
vt 0.00000000 0.00000000
vt 0.00000000 0.00000000
vt 0.02352900 0.74901998
vt 0.00000000 0.00000000
vt 0.02352900 0.74901998
vt 0.03921600 0.62352902
vt 0.00000000 0.00000000
vt 0.00000000 0.00000000
vt 1.00000000 0.25097999
vt 1.00000000 0.33333299
vt 0.19607800 0.42745101
vt 0.75294101 0.00000000
vt 1.00000000 0.22745100
vt 0.00000000 0.00000000
vt 0.00000000 0.00000000
vt 0.86666697 0.03921600
vt 0.00000000 0.00000000
vt 0.00000000 0.00000000
vt 0.08627500 0.95686299
vt 0.48235300 0.95686299
vt 0.48235300 0.70588201
vt 0.08627500 0.70588201
vt 0.12548999 1.00000000
vt 0.00000000 1.00000000
vt 0.00000000 0.00000000
vt 0.12548999 0.75686300
vt 0.00000000 0.00000000
vt 0.87450999 0.49803901
vt 0.48235300 0.95686299
vt 0.87450999 0.49803901
vt 0.73725498 1.00000000
vt 0.48235300 0.95686299
vt 0.00000000 0.00000000
vt 0.78039199 0.75686300
vt 0.81176502 0.75686300
vt 1.00000000 0.52941197
vt 0.38823500 0.53725499
vt 0.00000000 0.00000000
vt 0.00000000 0.00000000
vt 0.00000000 0.00000000
vt 0.00000000 0.00000000
vt 0.78039199 0.75686300
vt 0.00000000 0.00000000
vt 0.00000000 0.00000000
vt 0.00000000 0.00000000
vt 0.00000000 0.28235301
vt 0.01568600 0.27843100
vt 0.00000000 0.00000000
vt 0.01568600 0.27843100
vt 0.03529400 0.27843100
vt 0.00000000 0.00000000
vt 0.08627500 0.97647101
vt 0.00000000 0.97647101
vt 0.00000000 0.58039200
vt 0.48235300 1.00000000
vt 0.12548999 0.50196099
vt 0.00000000 0.00000000
vt 0.49803901 0.00392200
vt 0.00000000 0.00000000
vt 0.12548999 0.49803901
vt 0.10588200 0.34509799
vt 0.00000000 0.23137300
vt 0.20392200 0.44313699
vt 0.20392200 0.36862701
vt 0.00000000 0.45490199
vt 1.00000000 0.47058800
vt 0.00000000 0.00000000
vt 0.00000000 0.00000000
vt 1.00000000 0.47451001
vt 0.00000000 0.00000000
vt 0.00000000 0.00000000
vt 0.00000000 0.00000000
vt 1.00000000 0.24313700
vt 0.00000000 0.25097999
vt 0.00000000 0.22352900
vt 1.00000000 0.21568599
vt 0.00000000 0.00000000
vt 0.01568600 0.52941197
vt 0.03921600 0.52941197
vt 0.10588200 0.34509799
vt 0.08627500 0.49803901
vt 0.48235300 1.00000000
vt 0.81176502 0.24313700
vt 0.81176502 0.19215700
vt 0.08627500 0.94902003
vt 0.32156900 0.70588201
vt 0.00000000 0.25097999
vt 0.40784299 0.69803900
vt 0.99607801 0.21176501
vt 1.00000000 0.49803901
vt 1.00000000 0.58431399
vt 0.98823500 0.16470601
vt 0.98823500 0.10980400
f 312/1 321/2 322/3
f 325/4 326/5 310/6
f 326/7 327/8 309/9
f 337/10 338/11 364/12
f 366/13 333/14 365/15
f 350/16 357/17 349/18
f 346/19 360/20 361/21
f 638/22 639/23 648/24
f 649/25 648/26 641/27
f 646/28 637/29 638/30
f 625/31 620/32 621/33
f 592/34 564/35 573/36
f 574/37 567/38 568/39
f 574/40 576/41 577/42
f 574/43 577/44 575/45
f 592/46 593/47 590/48
f 589/49 588/50 591/51
f 591/52 588/53 590/54
f 591/55 590/56 593/57
f 572/58 573/59 575/60
f 568/61 569/62 574/63
f 574/64 569/65 570/66
f 583/67 581/68 580/69
f 583/70 580/71 582/72
f 553/73 554/74 556/75
f 556/76 554/77 555/78
f 580/79 541/80 542/81
f 557/82 586/83 584/84
f 576/85 539/86 578/87
f 674/88 675/89 673/90
f 656/91 657/92 664/93
f 59/94 28/95 58/96
f 63/97 30/98 62/99
f 55/100 27/101 54/102
f 65/103 32/104 33/105
f 63/106 34/107 35/108
f 51/109 38/110 39/111
f 49/112 39/113 40/114
f 49/115 40/116 41/117
f 41/118 42/119 47/120
f 47/121 42/122 43/123
f 47/124 43/125 45/126
f 130/127 123/128 124/129
f 886/130 883/131 884/132
f 590/133 560/134 561/135
f 848/136 849/137 850/138
f 574/139 575/140 573/141
f 557/142 584/143 556/144
f 549/145 584/146 548/147
f 523/148 525/149 473/150
f 523/151 473/152 521/153
f 521/154 473/155 519/156
f 521/157 519/158 518/159
f 523/160 520/161 522/162
f 522/163 520/164 491/165
f 518/166 520/167 521/168
f 521/169 520/170 523/171
f 479/172 480/173 514/174
f 514/175 480/176 516/177
f 473/178 525/179 502/180
f 467/181 512/182 510/183
f 507/184 473/185 505/186
f 505/187 473/188 501/189
f 505/190 501/191 500/192
f 502/193 501/194 473/195
f 511/196 508/197 510/198
f 510/199 508/200 466/201
f 511/202 509/203 508/204
f 505/205 500/206 504/207
f 491/208 487/209 488/210
f 491/211 488/212 490/213
f 490/214 488/215 489/216
f 499/217 460/218 461/219
f 425/220 426/221 427/222
f 440/223 428/224 441/225
f 441/226 428/227 429/228
f 441/229 429/230 438/231
f 439/232 424/233 425/234
f 437/235 434/236 433/237
f 433/238 434/239 432/240
f 433/241 436/242 437/243
f 437/244 436/245 440/246
f 413/247 408/248 414/249
f 413/250 414/251 410/252
f 410/253 414/254 411/255
f 409/256 405/257 406/258
f 415/259 407/260 412/261
f 455/262 456/263 453/264
f 385/265 386/266 387/267
f 392/268 383/269 391/270
f 391/271 383/272 384/273
f 731/274 729/275 730/276
f 720/277 722/278 719/279
f 723/280 719/281 722/282
f 710/283 713/284 712/285
f 709/286 715/287 714/288
f 708/289 717/290 716/291
f 708/292 716/293 707/294
f 702/295 703/296 704/297
f 706/298 705/299 703/300
f 436/301 439/302 440/303
f 482/304 483/305 518/306
f 456/307 452/308 453/309
f 196/310 187/311 179/312
f 182/313 183/314 194/315
f 194/316 183/317 193/318
f 179/319 180/320 196/321
f 196/322 180/323 195/324
f 180/325 181/326 195/327
f 73/328 74/329 108/330
f 108/331 74/332 75/333
f 107/334 81/335 82/336
f 185/337 186/338 190/339
f 159/340 147/341 148/342
f 159/343 148/344 158/345
f 104/346 82/347 83/348
f 86/349 98/350 85/351
f 85/352 101/353 84/354
f 190/355 191/356 185/357
f 355/358 376/359 271/360 356/361
f 171/362 172/363 173/364
f 171/365 173/366 215/367
f 171/368 215/369 214/370
f 171/371 214/372 213/373
f 171/374 213/375 174/376
f 171/377 174/378 198/379
f 171/380 198/381 202/382
f 171/383 202/384 165/385
f 171/386 165/387 166/388
f 171/389 166/390 201/391
f 171/392 201/393 200/394
f 171/395 200/396 199/397
f 171/398 199/399 203/400
f 171/401 203/402 167/403
f 171/404 167/405 206/406
f 171/407 206/408 168/409
f 171/410 168/411 205/412
f 171/413 205/414 169/415
f 171/416 169/417 204/418
f 171/419 204/420 207/421
f 171/422 207/423 212/424
f 171/425 212/426 211/427
f 171/428 211/429 210/430
f 171/431 210/432 170/433
f 171/434 170/435 209/436
f 171/437 209/438 208/439
f 777/440 499/441 778/442 783/443
f 473/444 324/445 600/446 474/447
f 270/448 356/449 43/450 42/451
f 105/452 72/453 150/454 183/455
f 237/456 252/457 209/458
f 252/459 253/460 209/461
f 253/462 254/463 209/464
f 254/465 123/466 255/467
f 123/468 130/469 255/470
f 130/471 236/472 255/473
f 251/474 235/475 172/476
f 533/477 789/478 552/479 532/480
f 130/481 124/482 236/483
f 729/484 431/485 434/486 435/487
f 812/488 677/489 659/490 870/491
f 256/492 238/493 170/494
f 256/495 122/496 238/497
f 122/498 163/499 238/500
f 163/501 29/502 238/503
f 29/504 58/505 238/506
f 27/507 235/508 251/509 54/510
f 28/511 252/512 237/513
f 28/514 253/515 252/516
f 121/517 62/518 241/519 242/520
f 28/521 56/522 123/523
f 56/524 124/525 123/526
f 284/527 385/528 302/529 377/530
f 126/531 25/532 246/533 233/534
f 142/535 141/536 91/537 92/538
f 649/539 642/540 267/541 363/542
f 219/543 218/544 66/545 144/546
f 5/547 55/548 124/549
f 55/550 54/551 124/552
f 211/553 239/554 210/555
f 462/556 753/557 762/558 465/559
f 60/560 29/561 122/562
f 29/563 163/564 122/565
f 60/566 36/567 29/568
f 36/569 59/570 29/571
f 59/572 58/573 29/574
f 465/575 762/576 466/577 508/578
f 412/579 276/580 275/581 398/582
f 778/583 461/584 500/585 498/586
f 68/587 67/588 160/589 145/590
f 28/591 237/592 238/593 58/594
f 52/595 125/596 27/597
f 52/598 26/599 125/600
f 341/601 649/602 363/603 266/604
f 132/605 136/606 32/607 22/608
f 803/609 859/610 860/611 622/612
f 51/613 50/614 26/615
f 37/616 5/617 57/618
f 6/619 37/620 57/621
f 592/622 590/623 657/624 656/625
f 362/626 4/627 5/628
f 4/629 55/630 5/631
f 212/632 257/633 211/634
f 257/635 242/636 211/637
f 242/638 241/639 211/640
f 241/641 240/642 211/643
f 240/644 239/645 211/646
f 26/647 248/648 250/649 125/650
f 61/651 36/652 60/653
f 254/654 255/655 208/656 209/657
f 268/658 38/659 1/660 359/661
f 7/662 59/663 36/664
f 61/665 8/666 36/667
f 298/668 281/669 12/670 13/671
f 360/672 2/673 3/674 361/675
f 2/676 360/677 359/678 1/679
f 249/680 234/681 214/682
f 234/683 233/684 214/685
f 233/686 246/687 214/688
f 246/689 247/690 214/691
f 247/692 245/693 214/694
f 245/695 213/696 214/697
f 25/698 127/699 247/700 246/701
f 435/702 438/703 491/704 490/705
f 83/706 278/707 279/708 14/709
f 2/710 53/711 3/712
f 2/713 1/714 53/715
f 409/716 406/717 407/718 415/719
f 414/720 415/721 412/722 411/723
f 490/724 430/725 729/726 435/727
f 642/728 342/729 267/730
f 342/731 343/732 267/733
f 343/734 651/735 267/736
f 651/737 650/738 267/739
f 650/740 362/741 267/742
f 128/743 232/744 245/745 46/746
f 650/747 344/748 362/749
f 344/750 652/751 362/752
f 652/753 345/754 362/755
f 345/756 361/757 362/758
f 207/759 257/760 212/761
f 64/762 31/763 257/764
f 305/765 606/766 607/767 473/768
f 207/769 260/770 257/771
f 644/772 857/773 646/774 647/775
f 512/776 608/777 327/778 306/779
f 57/780 56/781 28/782 6/783
f 63/784 35/785 30/786
f 35/787 8/788 61/789
f 364/790 340/791 265/792
f 7/793 6/794 28/795 59/796
f 720/797 408/798 461/799 404/800
f 272/801 273/802 19/803 20/804
f 703/805 702/806 383/807 466/808
f 245/809 174/810 213/811
f 126/812 233/813 234/814
f 75/815 151/816 181/817 111/818
f 384/819 383/820 273/821 272/822
f 57/823 5/824 124/825 56/826
f 123/827 254/828 253/829 28/830
f 232/831 174/832 245/833
f 74/834 182/835 151/836 75/837
f 48/838 25/839 126/840
f 127/841 46/842 245/843 247/844
f 545/845 316/846 595/847 546/848
f 346/849 653/850 360/851
f 192/852 373/853 367/854 193/855
f 8/856 364/857 265/858 36/859
f 347/860 348/861 268/862
f 348/863 665/864 268/865
f 665/866 668/867 268/868
f 668/869 667/870 268/871
f 667/872 358/873 268/874
f 492/875 724/876 404/877 403/878
f 855/879 856/880 642/881
f 856/882 650/883 642/884
f 650/885 342/886 642/887
f 649/888 855/889 642/890
f 650/891 343/892 342/893
f 650/894 651/895 343/896
f 436/897 433/898 299/899 280/900
f 864/901 863/902 344/903
f 863/904 345/905 344/906
f 345/907 652/908 344/909
f 204/910 259/911 207/912
f 259/913 260/914 207/915
f 65/916 9/917 64/918
f 9/919 31/920 64/921
f 120/922 24/923 64/924
f 606/925 310/926 311/927 607/928
f 9/929 121/930 31/931
f 9/932 63/933 121/934
f 63/935 62/936 121/937
f 259/938 120/939 260/940
f 259/941 164/942 120/943
f 164/944 138/945 120/946
f 138/947 24/948 120/949
f 9/950 34/951 63/952
f 363/953 267/954 37/955 6/956
f 632/957 339/958 364/959
f 339/960 636/961 364/962
f 636/963 635/964 364/965
f 635/966 340/967 364/968
f 264/969 337/970 364/971
f 338/972 632/973 364/974
f 635/975 636/976 340/977
f 636/978 634/979 340/980
f 600/981 324/982 311/983 547/984
f 636/985 339/986 634/987
f 339/988 633/989 634/990
f 633/991 858/992 634/993
f 647/994 341/995 643/996
f 641/997 853/998 649/999
f 853/1000 855/1001 649/1002
f 664/1003 657/1004 653/1005 663/1006
f 662/1007 661/1008 653/1009 657/1010
f 232/1011 231/1012 174/1013
f 231/1014 198/1015 174/1016
f 41/1017 47/1018 127/1019
f 47/1020 46/1021 127/1022
f 25/1023 48/1024 127/1025
f 727/1026 488/1027 776/1028 481/1029
f 47/1030 128/1031 46/1032
f 47/1033 45/1034 128/1035
f 45/1036 44/1037 128/1038
f 44/1039 129/1040 128/1041
f 250/1042 173/1043 172/1044 235/1045
f 864/1046 654/1047 863/1048
f 367/1049 373/1050 229/1051 228/1052
f 663/1053 653/1054 346/1055
f 638/1056 648/1057 649/1058 341/1059
f 846/1060 620/1061 333/1062 847/1063
f 851/1064 630/1065 335/1066 623/1067
f 660/1068 868/1069 661/1070
f 868/1071 347/1072 661/1073
f 868/1074 874/1075 347/1076
f 874/1077 666/1078 347/1079
f 666/1080 668/1081 347/1082
f 668/1083 665/1084 347/1085
f 665/1086 348/1087 347/1088
f 666/1089 667/1090 668/1091
f 84/1092 300/1093 280/1094 85/1095
f 674/1096 358/1097 667/1098
f 673/1099 672/1100 358/1101
f 672/1102 671/1103 358/1104
f 671/1105 670/1106 358/1107
f 670/1108 269/1109 358/1110
f 674/1111 673/1112 358/1113
f 263/1114 34/1115 9/1116 365/1117
f 358/1118 39/1119 38/1120 268/1121
f 654/1122 864/1123 856/1124
f 654/1125 856/1126 855/1127
f 169/1128 243/1129 204/1130
f 243/1131 258/1132 204/1133
f 258/1134 259/1135 204/1136
f 258/1137 145/1138 259/1139
f 145/1140 227/1141 259/1142
f 227/1143 177/1144 259/1145
f 177/1146 160/1147 259/1148
f 160/1149 224/1150 259/1151
f 224/1152 164/1153 259/1154
f 33/1155 9/1156 65/1157
f 23/1158 22/1159 65/1160
f 22/1161 32/1162 65/1163
f 264/1164 364/1165 8/1166 35/1167
f 263/1168 264/1169 35/1170 34/1171
f 138/1172 23/1173 24/1174
f 138/1175 131/1176 23/1177
f 131/1178 22/1179 23/1180
f 224/1181 223/1182 216/1183
f 224/1184 216/1185 217/1186
f 224/1187 217/1188 218/1189
f 224/1190 218/1191 219/1192
f 224/1193 219/1194 220/1195
f 224/1196 220/1197 221/1198
f 224/1199 221/1200 222/1201
f 224/1202 222/1203 374/1204
f 853/1205 641/1206 655/1207 867/1208
f 224/1209 134/1210 135/1211
f 224/1212 135/1213 133/1214
f 224/1215 133/1216 136/1217
f 224/1218 136/1219 132/1220
f 224/1221 132/1222 137/1223
f 224/1224 137/1225 131/1226
f 224/1227 131/1228 138/1229
f 224/1230 138/1231 164/1232
f 312/1233 582/1234 804/1235 313/1236
f 335/1237 630/1238 264/1239
f 630/1240 629/1241 264/1242
f 629/1243 631/1244 264/1245
f 631/1246 628/1247 264/1248
f 628/1249 336/1250 264/1251
f 336/1252 627/1253 264/1254
f 627/1255 337/1256 264/1257
f 633/1258 339/1259 632/1260
f 338/1261 633/1262 632/1263
f 626/1264 338/1265 337/1266
f 627/1267 626/1268 337/1269
f 858/1270 633/1271 338/1272
f 626/1273 851/1274 338/1275
f 851/1276 858/1277 338/1278
f 852/1279 644/1280 858/1281
f 644/1282 647/1283 858/1284
f 851/1285 852/1286 858/1287
f 844/1288 845/1289 320/1290 319/1291
f 543/1292 317/1293 594/1294 811/1295
f 854/1296 641/1297 648/1298
f 266/1299 363/1300 6/1301 7/1302
f 281/1303 297/1304 11/1305 12/1306
f 857/1307 645/1308 646/1309
f 769/1310 480/1311 455/1312 454/1313
f 276/1314 16/1315 17/1316 275/1317
f 637/1318 797/1319 638/1320
f 797/1321 576/1322 638/1323
f 231/1324 230/1325 198/1326
f 230/1327 244/1328 198/1329
f 244/1330 202/1331 198/1332
f 154/1333 179/1334 119/1335 153/1336
f 87/1337 77/1338 231/1339
f 77/1340 153/1341 231/1342
f 153/1343 119/1344 231/1345
f 119/1346 152/1347 231/1348
f 152/1349 178/1350 231/1351
f 178/1352 179/1353 231/1354
f 179/1355 230/1356 231/1357
f 884/1358 678/1359 679/1360 885/1361
f 43/1362 78/1363 45/1364
f 78/1365 89/1366 45/1367
f 881/1368 880/1369 350/1370 556/1371
f 117/1372 88/1373 44/1374
f 840/1375 878/1376 555/1377 615/1378
f 625/1379 542/1380 334/1381 624/1382
f 561/1383 563/1384 657/1385
f 563/1386 662/1387 657/1388
f 4/1389 362/1390 361/1391 3/1392
f 590/1393 561/1394 657/1395
f 388/1396 693/1397 696/1398 698/1399
f 659/1400 869/1401 662/1402
f 867/1403 655/1404 664/1405
f 655/1406 866/1407 664/1408
f 640/1409 854/1410 648/1411 639/1412
f 869/1413 873/1414 660/1415
f 195/1416 686/1417 685/1418 196/1419
f 875/1420 876/1421 868/1422
f 876/1423 666/1424 868/1425
f 666/1426 874/1427 868/1428
f 876/1429 675/1430 666/1431
f 669/1432 672/1433 673/1434
f 675/1435 669/1436 673/1437
f 669/1438 671/1439 672/1440
f 669/1441 877/1442 671/1443
f 877/1444 670/1445 671/1446
f 877/1447 269/1448 670/1449
f 877/1450 679/1451 269/1452
f 679/1453 349/1454 269/1455
f 349/1456 357/1457 269/1458
f 205/1459 226/1460 169/1461
f 226/1462 176/1463 169/1464
f 176/1465 687/1466 169/1467
f 687/1468 243/1469 169/1470
f 687/1471 188/1472 243/1473
f 188/1474 145/1475 243/1476
f 145/1477 258/1478 243/1479
f 188/1480 146/1481 145/1482
f 146/1483 68/1484 145/1485
f 732/1486 731/1487 733/1488 432/1489
f 160/1490 177/1491 145/1492
f 177/1493 227/1494 145/1495
f 67/1496 224/1497 160/1498
f 67/1499 223/1500 224/1501
f 144/1502 66/1503 92/1504 10/1505
f 131/1506 137/1507 22/1508
f 137/1509 132/1510 22/1511
f 263/1512 334/1513 335/1514 264/1515
f 136/1516 133/1517 32/1518
f 133/1519 135/1520 32/1521
f 135/1522 134/1523 32/1524
f 269/1525 357/1526 41/1527 40/1528
f 391/1529 272/1530 302/1531 385/1532
f 333/1533 618/1534 365/1535
f 120/1536 64/1537 257/1538 260/1539
f 848/1540 623/1541 334/1542
f 623/1543 335/1544 334/1545
f 618/1546 624/1547 334/1548
f 849/1549 848/1550 334/1551 542/1552
f 842/1553 836/1554 837/1555 841/1556
f 851/1557 626/1558 630/1559
f 626/1560 627/1561 630/1562
f 627/1563 628/1564 630/1565
f 628/1566 631/1567 630/1568
f 631/1569 629/1570 630/1571
f 627/1572 336/1573 628/1574
f 623/1575 848/1576 851/1577
f 848/1578 850/1579 851/1580
f 850/1581 862/1582 851/1583
f 862/1584 644/1585 851/1586
f 644/1587 852/1588 851/1589
f 862/1590 857/1591 644/1592
f 570/1593 828/1594 639/1595
f 828/1596 827/1597 639/1598
f 827/1599 571/1600 639/1601
f 571/1602 640/1603 639/1604
f 574/1605 570/1606 639/1607
f 274/1608 18/1609 19/1610 273/1611
f 862/1612 850/1613 857/1614
f 850/1615 861/1616 857/1617
f 861/1618 645/1619 857/1620
f 861/1621 860/1622 645/1623
f 860/1624 801/1625 645/1626
f 801/1627 800/1628 637/1629
f 800/1630 799/1631 637/1632
f 799/1633 536/1634 637/1635
f 536/1636 537/1637 637/1638
f 537/1639 798/1640 637/1641
f 798/1642 797/1643 637/1644
f 573/1645 829/1646 574/1647
f 829/1648 567/1649 574/1650
f 798/1651 537/1652 797/1653
f 537/1654 538/1655 797/1656
f 538/1657 795/1658 797/1659
f 795/1660 796/1661 797/1662
f 796/1663 576/1664 797/1665
f 572/1666 593/1667 592/1668 573/1669
f 796/1670 795/1671 576/1672
f 795/1673 538/1674 576/1675
f 538/1676 539/1677 576/1678
f 244/1679 197/1680 202/1681
f 197/1682 165/1683 202/1684
f 179/1685 244/1686 230/1687
f 179/1688 187/1689 244/1690
f 187/1691 196/1692 244/1693
f 196/1694 370/1695 244/1696
f 370/1697 197/1698 244/1699
f 88/1700 154/1701 118/1702
f 154/1703 87/1704 118/1705
f 154/1706 77/1707 87/1708
f 154/1709 153/1710 77/1711
f 726/1712 725/1713 427/1714 426/1715
f 179/1716 152/1717 119/1718
f 179/1719 178/1720 152/1721
f 823/1722 812/1723 658/1724 562/1725
f 350/1726 270/1727 357/1728
f 300/1729 84/1730 14/1731 279/1732
f 654/1733 855/1734 853/1735 867/1736
f 21/1737 79/1738 43/1739
f 79/1740 78/1741 43/1742
f 79/1743 80/1744 78/1745
f 80/1746 89/1747 78/1748
f 80/1749 117/1750 89/1751
f 80/1752 115/1753 117/1754
f 115/1755 88/1756 117/1757
f 115/1758 154/1759 88/1760
f 560/1761 816/1762 561/1763
f 816/1764 563/1765 561/1766
f 816/1767 815/1768 563/1769
f 815/1770 814/1771 563/1772
f 814/1773 813/1774 563/1775
f 813/1776 562/1777 563/1778
f 562/1779 658/1780 563/1781
f 865/1782 826/1783 656/1784
f 826/1785 834/1786 656/1787
f 834/1788 833/1789 656/1790
f 833/1791 592/1792 656/1793
f 833/1794 832/1795 592/1796
f 832/1797 564/1798 592/1799
f 581/1800 579/1801 578/1802 580/1803
f 588/1804 818/1805 590/1806
f 818/1807 817/1808 590/1809
f 817/1810 560/1811 590/1812
f 658/1813 870/1814 659/1815
f 443/1816 444/1817 445/1818 423/1819
f 677/1820 871/1821 659/1822
f 871/1823 869/1824 659/1825
f 871/1826 886/1827 869/1828
f 886/1829 872/1830 869/1831
f 872/1832 873/1833 869/1834
f 615/1835 555/1836 554/1837 534/1838
f 872/1839 886/1840 873/1841
f 886/1842 876/1843 873/1844
f 876/1845 875/1846 873/1847
f 886/1848 884/1849 876/1850
f 884/1851 885/1852 876/1853
f 710/1854 715/1855 411/1856 412/1857
f 669/1858 675/1859 876/1860
f 885/1861 679/1862 877/1863
f 625/1864 624/1865 333/1866 620/1867
f 350/1868 349/1869 679/1870
f 37/1871 267/1872 362/1873 5/1874
f 168/1875 225/1876 205/1877
f 225/1878 175/1879 205/1880
f 175/1881 226/1882 205/1883
f 175/1884 225/1885 226/1886
f 225/1887 688/1888 226/1889
f 688/1890 689/1891 226/1892
f 689/1893 687/1894 226/1895
f 687/1896 176/1897 226/1898
f 689/1899 188/1900 687/1901
f 194/1902 193/1903 683/1904 368/1905
f 189/1906 146/1907 188/1908
f 189/1909 147/1910 146/1911
f 282/1912 450/1913 295/1914 296/1915
f 69/1916 90/1917 146/1918
f 90/1919 68/1920 146/1921
f 90/1922 91/1923 68/1924
f 91/1925 139/1926 68/1927
f 139/1928 67/1929 68/1930
f 139/1931 223/1932 67/1933
f 139/1934 140/1935 223/1936
f 140/1937 141/1938 223/1939
f 141/1940 142/1941 223/1942
f 142/1943 216/1944 223/1945
f 262/1946 332/1947 366/1948
f 332/1949 617/1950 366/1951
f 721/1952 723/1953 726/1954 419/1955
f 375/1956 332/1957 262/1958
f 889/1959 320/1960 375/1961
f 320/1962 846/1963 375/1964
f 846/1965 847/1966 375/1967
f 847/1968 619/1969 375/1970
f 619/1971 616/1972 375/1973
f 616/1974 332/1975 375/1976
f 374/1977 887/1978 889/1979
f 374/1980 889/1981 375/1982
f 333/1983 624/1984 618/1985
f 557/1986 678/1987 677/1988 558/1989
f 616/1990 619/1991 333/1992
f 619/1993 847/1994 333/1995
f 678/1996 556/1997 350/1998 679/1999
f 541/2000 803/2001 542/2002
f 803/2003 622/2004 542/2005
f 622/2006 849/2007 542/2008
f 625/2009 621/2010 542/2011
f 826/2012 571/2013 828/2014 834/2015
f 849/2016 622/2017 850/2018
f 557/2019 558/2020 823/2021 586/2022
f 569/2023 567/2024 570/2025
f 567/2026 835/2027 570/2028
f 835/2029 832/2030 570/2031
f 475/2032 515/2033 605/2034 322/2035
f 833/2036 834/2037 828/2038
f 479/2039 742/2040 449/2041 295/2042
f 571/2043 827/2044 828/2045
f 859/2046 801/2047 860/2048
f 753/2049 707/2050 763/2051 762/2052
f 859/2053 800/2054 801/2055
f 802/2056 536/2057 799/2058
f 802/2059 799/2060 800/2061
f 717/2062 709/2063 714/2064 716/2065
f 541/2066 802/2067 800/2068
f 802/2069 537/2070 536/2071
f 802/2072 541/2073 537/2074
f 541/2075 538/2076 537/2077
f 565/2078 566/2079 573/2080
f 566/2081 830/2082 573/2083
f 830/2084 829/2085 573/2086
f 564/2087 831/2088 573/2089
f 831/2090 565/2091 573/2092
f 830/2093 566/2094 829/2095
f 566/2096 567/2097 829/2098
f 566/2099 835/2100 567/2101
f 569/2102 568/2103 567/2104
f 579/2105 311/2106 577/2107
f 311/2108 575/2109 577/2110
f 311/2111 572/2112 575/2113
f 541/2114 791/2115 538/2116
f 791/2117 793/2118 538/2119
f 793/2120 540/2121 538/2122
f 540/2123 794/2124 538/2125
f 794/2126 539/2127 538/2128
f 794/2129 578/2130 539/2131
f 794/2132 540/2133 578/2134
f 540/2135 793/2136 578/2137
f 793/2138 792/2139 578/2140
f 792/2141 580/2142 578/2143
f 587/2144 586/2145 588/2146 589/2147
f 197/2148 228/2149 165/2150
f 228/2151 166/2152 165/2153
f 370/2154 685/2155 197/2156
f 685/2157 686/2158 197/2159
f 686/2160 228/2161 197/2162
f 407/2163 406/2164 277/2165 301/2166
f 685/2167 370/2168 196/2169
f 115/2170 114/2171 154/2172
f 115/2173 155/2174 114/2175
f 155/2176 180/2177 114/2178
f 155/2179 161/2180 180/2181
f 161/2182 181/2183 180/2184
f 646/2185 638/2186 341/2187 647/2188
f 880/2189 879/2190 350/2191
f 879/2192 676/2193 350/2194
f 622/2195 860/2196 861/2197 850/2198
f 351/2199 352/2200 270/2201
f 352/2202 353/2203 270/2204
f 353/2205 682/2206 270/2207
f 682/2208 356/2209 270/2210
f 682/2211 681/2212 356/2213
f 681/2214 354/2215 356/2216
f 354/2217 680/2218 356/2219
f 680/2220 355/2221 356/2222
f 144/2223 261/2224 374/2225 222/2226
f 376/2227 283/2228 271/2229
f 283/2230 381/2231 271/2232
f 381/2233 380/2234 271/2235
f 380/2236 379/2237 271/2238
f 379/2239 302/2240 271/2241
f 271/2242 21/2243 43/2244 356/2245
f 80/2246 79/2247 21/2248
f 375/2249 134/2250 224/2251 374/2252
f 20/2253 116/2254 80/2255
f 116/2256 115/2257 80/2258
f 116/2259 19/2260 115/2261
f 19/2262 112/2263 115/2264
f 112/2265 155/2266 115/2267
f 817/2268 824/2269 560/2270
f 824/2271 823/2272 560/2273
f 823/2274 815/2275 560/2276
f 815/2277 816/2278 560/2279
f 190/2280 690/2281 372/2282 191/2283
f 812/2284 870/2285 658/2286
f 823/2287 814/2288 815/2289
f 562/2290 813/2291 814/2292
f 823/2293 562/2294 814/2295
f 835/2296 566/2297 832/2298
f 566/2299 831/2300 832/2301
f 831/2302 564/2303 832/2304
f 572/2305 311/2306 593/2307
f 311/2308 591/2309 593/2310
f 311/2311 589/2312 591/2313
f 825/2314 559/2315 588/2316
f 559/2317 821/2318 588/2319
f 821/2320 820/2321 588/2322
f 820/2323 819/2324 588/2325
f 819/2326 818/2327 588/2328
f 582/2329 580/2330 542/2331 621/2332
f 586/2333 825/2334 588/2335
f 819/2336 821/2337 818/2338
f 821/2339 825/2340 818/2341
f 825/2342 824/2343 818/2344
f 824/2345 817/2346 818/2347
f 812/2348 558/2349 677/2350
f 801/2351 637/2352 646/2353 645/2354
f 678/2355 883/2356 677/2357
f 883/2358 886/2359 677/2360
f 886/2361 871/2362 677/2363
f 883/2364 678/2365 884/2366
f 557/2367 556/2368 678/2369
f 864/2370 344/2371 650/2372 856/2373
f 93/2374 69/2375 146/2376 147/2377
f 372/2378 690/2379 225/2380
f 690/2381 371/2382 225/2383
f 371/2384 688/2385 225/2386
f 371/2387 189/2388 688/2389
f 194/2390 684/2391 369/2392 195/2393
f 190/2394 148/2395 189/2396
f 148/2397 147/2398 189/2399
f 159/2400 93/2401 147/2402
f 93/2403 94/2404 69/2405
f 94/2406 91/2407 69/2408
f 91/2409 90/2410 69/2411
f 94/2412 11/2413 91/2414
f 11/2415 92/2416 91/2417
f 877/2418 669/2419 876/2420 885/2421
f 141/2422 140/2423 91/2424
f 140/2425 139/2426 91/2427
f 142/2428 143/2429 216/2430
f 143/2431 66/2432 216/2433
f 66/2434 217/2435 216/2436
f 92/2437 143/2438 142/2439
f 616/2440 617/2441 332/2442
f 598/2443 313/2444 889/2445
f 313/2446 314/2447 889/2448
f 314/2449 596/2450 889/2451
f 596/2452 597/2453 889/2454
f 597/2455 315/2456 889/2457
f 315/2458 595/2459 889/2460
f 595/2461 316/2462 889/2463
f 316/2464 594/2465 889/2466
f 594/2467 317/2468 889/2469
f 317/2470 318/2471 889/2472
f 318/2473 319/2474 889/2475
f 319/2476 320/2477 889/2478
f 887/2479 598/2480 889/2481
f 869/2482 660/2483 661/2484 662/2485
f 845/2486 846/2487 320/2488
f 845/2489 620/2490 846/2491
f 299/2492 298/2493 13/2494 86/2495
f 261/2496 458/2497 374/2498
f 458/2499 303/2500 374/2501
f 303/2502 888/2503 374/2504
f 888/2505 887/2506 374/2507
f 845/2508 844/2509 620/2510
f 844/2511 543/2512 620/2513
f 543/2514 544/2515 620/2516
f 544/2517 810/2518 620/2519
f 810/2520 545/2521 620/2522
f 545/2523 809/2524 620/2525
f 809/2526 582/2527 620/2528
f 582/2529 621/2530 620/2531
f 580/2532 790/2533 541/2534
f 790/2535 791/2536 541/2537
f 792/2538 791/2539 580/2540
f 791/2541 790/2542 580/2543
f 831/2544 566/2545 565/2546
f 581/2547 311/2548 579/2549
f 310/2550 587/2551 311/2552
f 587/2553 589/2554 311/2555
f 581/2556 547/2557 311/2558
f 23/2559 65/2560 64/2561 24/2562
f 324/2563 599/2564 311/2565
f 599/2566 607/2567 311/2568
f 585/2569 584/2570 586/2571 587/2572
f 792/2573 793/2574 791/2575
f 228/2576 201/2577 166/2578
f 686/2579 369/2580 228/2581
f 369/2582 684/2583 228/2584
f 684/2585 368/2586 228/2587
f 368/2588 683/2589 228/2590
f 683/2591 367/2592 228/2593
f 375/2594 262/2595 32/2596 134/2597
f 236/2598 251/2599 172/2600 171/2601
f 199/2602 200/2603 228/2604
f 200/2605 201/2606 228/2607
f 195/2608 369/2609 686/2610
f 102/2611 71/2612 149/2613 184/2614
f 181/2615 151/2616 195/2617
f 151/2618 194/2619 195/2620
f 112/2621 76/2622 155/2623
f 76/2624 161/2625 155/2626
f 76/2627 181/2628 161/2629
f 76/2630 111/2631 181/2632
f 126/2633 234/2634 249/2635 50/2636
f 584/2637 786/2638 556/2639
f 786/2640 553/2641 556/2642
f 555/2643 878/2644 556/2645
f 878/2646 882/2647 556/2648
f 882/2649 881/2650 556/2651
f 842/2652 841/2653 881/2654 882/2655
f 838/2656 879/2657 880/2658
f 355/2659 676/2660 879/2661
f 838/2662 843/2663 879/2664
f 843/2665 839/2666 879/2667
f 839/2668 355/2669 879/2670
f 355/2671 680/2672 676/2673
f 680/2674 354/2675 676/2676
f 354/2677 681/2678 676/2679
f 681/2680 353/2681 676/2682
f 353/2683 351/2684 676/2685
f 353/2686 352/2687 351/2688
f 681/2689 682/2690 353/2691
f 839/2692 376/2693 355/2694
f 699/2695 284/2696 376/2697
f 284/2698 283/2699 376/2700
f 839/2701 699/2702 376/2703
f 284/2704 377/2705 283/2706
f 377/2707 381/2708 283/2709
f 377/2710 378/2711 381/2712
f 378/2713 379/2714 381/2715
f 379/2716 380/2717 381/2718
f 378/2719 302/2720 379/2721
f 691/2722 372/2723 225/2724 229/2725
f 378/2726 377/2727 302/2728
f 238/2729 237/2730 209/2731 170/2732
f 655/2733 641/2734 854/2735 866/2736
f 19/2737 116/2738 20/2739
f 654/2740 663/2741 346/2742 863/2743
f 18/2744 113/2745 19/2746
f 113/2747 112/2748 19/2749
f 111/2750 76/2751 112/2752
f 113/2753 17/2754 112/2755
f 17/2756 109/2757 112/2758
f 109/2759 75/2760 112/2761
f 75/2762 111/2763 112/2764
f 825/2765 823/2766 824/2767
f 825/2768 822/2769 823/2770
f 822/2771 586/2772 823/2773
f 322/2774 605/2775 583/2776 312/2777
f 558/2778 812/2779 823/2780
f 821/2781 559/2782 825/2783
f 586/2784 822/2785 825/2786
f 819/2787 820/2788 821/2789
f 310/2790 585/2791 587/2792
f 578/2793 579/2794 577/2795 576/2796
f 167/2797 229/2798 206/2799
f 373/2800 691/2801 229/2802
f 167/2803 203/2804 229/2805
f 691/2806 191/2807 372/2808
f 53/2809 1/2810 26/2811 52/2812
f 191/2813 691/2814 373/2815 192/2816
f 158/2817 93/2818 159/2819
f 158/2820 94/2821 93/2822
f 95/2823 11/2824 94/2825
f 158/2826 97/2827 94/2828
f 97/2829 13/2830 94/2831
f 13/2832 95/2833 94/2834
f 95/2835 12/2836 11/2837
f 262/2838 366/2839 33/2840 32/2841
f 299/2842 86/2843 85/2844 280/2845
f 10/2846 92/2847 11/2848
f 675/2849 674/2850 667/2851 666/2852
f 66/2853 143/2854 92/2855
f 66/2856 218/2857 217/2858
f 688/2859 189/2860 188/2861 689/2862
f 527/2863 603/2864 598/2865
f 603/2866 313/2867 598/2868
f 887/2869 527/2870 598/2871
f 863/2872 346/2873 361/2874 345/2875
f 804/2876 314/2877 313/2878
f 603/2879 312/2880 313/2881
f 804/2882 805/2883 314/2884
f 805/2885 596/2886 314/2887
f 805/2888 597/2889 596/2890
f 805/2891 315/2892 597/2893
f 805/2894 546/2895 315/2896
f 546/2897 595/2898 315/2899
f 425/2900 300/2901 279/2902 420/2903
f 466/2904 383/2905 392/2906 393/2907
f 735/2908 457/2909 450/2910 451/2911
f 697/2912 698/2913 696/2914 694/2915
f 844/2916 319/2917 318/2918
f 888/2919 527/2920 887/2921
f 221/2922 144/2923 222/2924
f 777/2925 492/2926 403/2927 499/2928
f 718/2929 277/2930 406/2931 405/2932
f 741/2933 303/2934 458/2935
f 295/2936 741/2937 458/2938
f 741/2939 744/2940 303/2941
f 744/2942 742/2943 303/2944
f 742/2945 745/2946 303/2947
f 745/2948 448/2949 303/2950
f 448/2951 459/2952 303/2953
f 459/2954 304/2955 303/2956
f 304/2957 888/2958 303/2959
f 304/2960 743/2961 888/2962
f 743/2963 478/2964 888/2965
f 478/2966 746/2967 888/2968
f 746/2969 528/2970 888/2971
f 528/2972 527/2973 888/2974
f 811/2975 544/2976 543/2977
f 811/2978 810/2979 544/2980
f 811/2981 545/2982 810/2983
f 546/2984 807/2985 545/2986
f 807/2987 808/2988 545/2989
f 808/2990 809/2991 545/2992
f 808/2993 582/2994 809/2995
f 808/2996 807/2997 582/2998
f 807/2999 546/3000 582/3001
f 546/3002 806/3003 582/3004
f 806/3005 805/3006 582/3007
f 805/3008 804/3009 582/3010
f 312/3011 583/3012 582/3013
f 653/3014 661/3015 359/3016 360/3017
f 605/3018 323/3019 583/3020
f 323/3021 547/3022 583/3023
f 547/3024 581/3025 583/3026
f 606/3027 609/3028 310/3029
f 609/3030 325/3031 310/3032
f 326/3033 585/3034 310/3035
f 323/3036 602/3037 547/3038
f 602/3039 601/3040 547/3041
f 601/3042 600/3043 547/3044
f 601/3045 474/3046 600/3047
f 643/3048 341/3049 266/3050 265/3051
f 473/3052 599/3053 324/3054
f 473/3055 607/3056 599/3057
f 837/3058 838/3059 880/3060 881/3061
f 510/3062 512/3063 306/3064 511/3065
f 194/3066 368/3067 684/3068
f 873/3069 875/3070 868/3071 660/3072
f 193/3073 367/3074 683/3075
f 516/3076 517/3077 475/3078 514/3079
f 475/3080 604/3081 321/3082 751/3083
f 182/3084 194/3085 151/3086
f 109/3087 108/3088 75/3089
f 585/3090 309/3091 584/3092
f 309/3093 548/3094 584/3095
f 549/3096 550/3097 584/3098
f 550/3099 788/3100 584/3101
f 788/3102 787/3103 584/3104
f 787/3105 551/3106 584/3107
f 551/3108 786/3109 584/3110
f 551/3111 552/3112 786/3113
f 552/3114 553/3115 786/3116
f 552/3117 789/3118 553/3119
f 789/3120 554/3121 553/3122
f 407/3123 301/3124 276/3125 412/3126
f 844/3127 318/3128 317/3129 543/3130
f 277/3131 82/3132 81/3133 301/3134
f 441/3135 438/3136 437/3137 440/3138
f 117/3139 44/3140 45/3141 89/3142
f 841/3143 837/3144 881/3145
f 408/3146 719/3147 405/3148 409/3149
f 836/3150 387/3151 837/3152
f 451/3153 450/3154 297/3155 736/3156
f 701/3157 843/3158 838/3159
f 701/3160 386/3161 843/3162
f 386/3163 699/3164 843/3165
f 699/3166 839/3167 843/3168
f 386/3169 284/3170 699/3171
f 386/3172 385/3173 284/3174
f 728/3175 727/3176 769/3177 740/3178
f 410/3179 708/3180 707/3181 401/3182
f 391/3183 384/3184 272/3185
f 30/3186 60/3187 239/3188 240/3189
f 402/3190 504/3191 500/3192 461/3193
f 285/3194 274/3195 273/3196
f 826/3197 865/3198 640/3199 571/3200
f 17/3201 113/3202 18/3203
f 270/3204 42/3205 41/3206 357/3207
f 16/3208 110/3209 17/3210
f 110/3211 109/3212 17/3213
f 110/3214 15/3215 109/3216
f 15/3217 106/3218 109/3219
f 106/3220 73/3221 109/3222
f 73/3223 108/3224 109/3225
f 326/3226 309/3227 585/3228
f 634/3229 643/3230 265/3231 340/3232
f 192/3233 149/3234 191/3235
f 149/3236 185/3237 191/3238
f 149/3239 70/3240 185/3241
f 832/3242 833/3243 828/3244 570/3245
f 157/3246 162/3247 186/3248
f 162/3249 96/3250 186/3251
f 96/3252 158/3253 186/3254
f 96/3255 97/3256 158/3257
f 13/3258 12/3259 95/3260
f 229/3261 225/3262 168/3263 206/3264
f 157/3265 100/3266 97/3267
f 100/3268 85/3269 97/3270
f 85/3271 98/3272 97/3273
f 98/3274 13/3275 97/3276
f 98/3277 86/3278 13/3279
f 80/3280 21/3281 271/3282 302/3283
f 266/3284 7/3285 36/3286 265/3287
f 294/3288 736/3289 281/3290
f 736/3291 297/3292 281/3293
f 298/3294 447/3295 281/3296
f 447/3297 446/3298 281/3299
f 446/3300 294/3301 281/3302
f 859/3303 803/3304 541/3305 800/3306
f 450/3307 282/3308 297/3309
f 282/3310 296/3311 10/3312
f 221/3313 220/3314 144/3315
f 220/3316 219/3317 144/3318
f 528/3319 603/3320 527/3321
f 321/3322 312/3323 603/3324
f 528/3325 746/3326 603/3327
f 746/3328 748/3329 603/3330
f 748/3331 752/3332 603/3333
f 752/3334 751/3335 603/3336
f 751/3337 321/3338 603/3339
f 806/3340 546/3341 805/3342
f 239/3343 256/3344 170/3345 210/3346
f 295/3347 449/3348 741/3349
f 449/3350 744/3351 741/3352
f 50/3353 249/3354 248/3355 26/3356
f 450/3357 457/3358 295/3359
f 440/3360 439/3361 425/3362 428/3363
f 449/3364 742/3365 744/3366
f 448/3367 745/3368 742/3369
f 479/3370 448/3371 742/3372
f 35/3373 61/3374 60/3375 30/3376
f 479/3377 743/3378 448/3379
f 479/3380 478/3381 743/3382
f 479/3383 746/3384 478/3385
f 479/3386 747/3387 746/3388
f 747/3389 748/3390 746/3391
f 321/3392 604/3393 322/3394
f 604/3395 475/3396 322/3397
f 38/3398 51/3399 26/3400 1/3401
f 515/3402 323/3403 605/3404
f 515/3405 602/3406 323/3407
f 513/3408 325/3409 609/3410
f 513/3411 326/3412 325/3413
f 533/3414 534/3415 554/3416 789/3417
f 515/3418 474/3419 602/3420
f 474/3421 601/3422 602/3423
f 515/3424 517/3425 474/3426
f 517/3427 519/3428 474/3429
f 519/3430 473/3431 474/3432
f 507/3433 305/3434 473/3435
f 507/3436 509/3437 305/3438
f 509/3439 511/3440 305/3441
f 511/3442 513/3443 305/3444
f 183/3445 150/3446 193/3447
f 150/3448 192/3449 193/3450
f 150/3451 184/3452 192/3453
f 184/3454 149/3455 192/3456
f 701/3457 838/3458 837/3459 387/3460
f 73/3461 105/3462 183/3463
f 769/3464 481/3465 516/3466 480/3467
f 328/3468 548/3469 309/3470
f 327/3471 608/3472 309/3473
f 608/3474 328/3475 309/3476
f 328/3477 610/3478 548/3479
f 610/3480 529/3481 548/3482
f 529/3483 308/3484 530/3485
f 529/3486 530/3487 307/3488
f 529/3489 307/3490 531/3491
f 529/3492 531/3493 549/3494
f 529/3495 549/3496 548/3497
f 531/3498 535/3499 549/3500
f 535/3501 788/3502 549/3503
f 788/3504 550/3505 549/3506
f 535/3507 787/3508 788/3509
f 96/3510 162/3511 157/3512 97/3513
f 532/3514 552/3515 551/3516
f 306/3517 327/3518 326/3519 513/3520
f 532/3521 329/3522 533/3523
f 329/3524 534/3525 533/3526
f 329/3527 330/3528 534/3529
f 330/3530 612/3531 534/3532
f 612/3533 615/3534 534/3535
f 612/3536 611/3537 615/3538
f 611/3539 331/3540 615/3541
f 331/3542 840/3543 615/3544
f 331/3545 614/3546 840/3547
f 125/3548 250/3549 235/3550 27/3551
f 614/3552 331/3553 836/3554
f 331/3555 696/3556 836/3557
f 696/3558 693/3559 836/3560
f 693/3561 695/3562 836/3563
f 695/3564 692/3565 836/3566
f 692/3567 387/3568 836/3569
f 692/3570 695/3571 387/3572
f 695/3573 693/3574 387/3575
f 693/3576 700/3577 387/3578
f 700/3579 388/3580 387/3581
f 386/3582 701/3583 387/3584
f 510/3585 389/3586 467/3587
f 389/3588 393/3589 467/3590
f 393/3591 392/3592 467/3593
f 388/3594 698/3595 467/3596
f 698/3597 697/3598 467/3599
f 697/3600 468/3601 467/3602
f 468/3603 767/3604 467/3605
f 767/3606 766/3607 467/3608
f 766/3609 469/3610 467/3611
f 469/3612 470/3613 467/3614
f 470/3615 512/3616 467/3617
f 743/3618 304/3619 459/3620 448/3621
f 388/3622 467/3623 385/3624 387/3625
f 702/3626 390/3627 383/3628
f 390/3629 382/3630 383/3631
f 390/3632 397/3633 382/3634
f 397/3635 396/3636 382/3637
f 396/3638 285/3639 382/3640
f 396/3641 274/3642 285/3643
f 396/3644 395/3645 274/3646
f 395/3647 286/3648 274/3649
f 286/3650 275/3651 274/3652
f 399/3653 398/3654 275/3655
f 811/3656 594/3657 316/3658 545/3659
f 286/3660 400/3661 275/3662
f 400/3663 399/3664 275/3665
f 121/3666 242/3667 257/3668 31/3669
f 15/3670 110/3671 16/3672
f 301/3673 81/3674 15/3675
f 81/3676 107/3677 15/3678
f 107/3679 106/3680 15/3681
f 107/3682 82/3683 106/3684
f 82/3685 103/3686 106/3687
f 103/3688 72/3689 106/3690
f 72/3691 105/3692 106/3693
f 105/3694 73/3695 106/3696
f 714/3697 712/3698 390/3699 704/3700
f 71/3701 99/3702 149/3703
f 99/3704 70/3705 149/3706
f 99/3707 100/3708 70/3709
f 100/3710 157/3711 70/3712
f 71/3713 103/3714 100/3715
f 103/3716 14/3717 100/3718
f 14/3719 101/3720 100/3721
f 101/3722 85/3723 100/3724
f 99/3725 71/3726 100/3727
f 272/3728 20/3729 80/3730 302/3731
f 269/3732 40/3733 39/3734 358/3735
f 299/3736 442/3737 298/3738
f 442/3739 445/3740 298/3741
f 445/3742 293/3743 298/3744
f 293/3745 447/3746 298/3747
f 737/3748 736/3749 294/3750
f 446/3751 737/3752 294/3753
f 737/3754 735/3755 736/3756
f 735/3757 451/3758 736/3759
f 293/3760 737/3761 447/3762
f 737/3763 446/3764 447/3765
f 404/3766 724/3767 725/3768 720/3769
f 726/3770 723/3771 722/3772 725/3773
f 747/3774 477/3775 748/3776
f 477/3777 479/3778 748/3779
f 479/3780 514/3781 748/3782
f 514/3783 476/3784 748/3785
f 476/3786 749/3787 748/3788
f 749/3789 752/3790 748/3791
f 749/3792 514/3793 752/3794
f 514/3795 750/3796 752/3797
f 750/3798 751/3799 752/3800
f 750/3801 514/3802 751/3803
f 514/3804 475/3805 751/3806
f 456/3807 455/3808 479/3809
f 455/3810 480/3811 479/3812
f 477/3813 747/3814 479/3815
f 658/3816 659/3817 662/3818 563/3819
f 73/3820 183/3821 182/3822 74/3823
f 517/3824 515/3825 475/3826
f 511/3827 306/3828 513/3829
f 49/3830 48/3831 126/3832 39/3833
f 4/3834 3/3835 27/3836 55/3837
f 503/3838 502/3839 525/3840 524/3841
f 506/3842 507/3843 505/3844 504/3845
f 524/3846 525/3847 523/3848 522/3849
f 508/3850 509/3851 507/3852 506/3853
f 500/3854 501/3855 502/3856 503/3857
f 858/3858 647/3859 643/3860 634/3861
f 186/3862 158/3863 148/3864 190/3865
f 156/3866 102/3867 184/3868
f 608/3869 472/3870 328/3871
f 472/3872 768/3873 328/3874
f 768/3875 470/3876 328/3877
f 470/3878 526/3879 328/3880
f 526/3881 697/3882 328/3883
f 697/3884 694/3885 328/3886
f 694/3887 610/3888 328/3889
f 512/3890 764/3891 608/3892
f 764/3893 472/3894 608/3895
f 613/3896 529/3897 610/3898
f 694/3899 696/3900 610/3901
f 696/3902 613/3903 610/3904
f 613/3905 308/3906 529/3907
f 307/3908 613/3909 531/3910
f 613/3911 535/3912 531/3913
f 613/3914 532/3915 535/3916
f 613/3917 329/3918 532/3919
f 613/3920 696/3921 329/3922
f 696/3923 330/3924 329/3925
f 696/3926 612/3927 330/3928
f 696/3929 611/3930 612/3931
f 696/3932 331/3933 611/3934
f 840/3935 842/3936 882/3937 878/3938
f 664/3939 663/3940 654/3941 867/3942
f 388/3943 700/3944 693/3945
f 466/3946 389/3947 510/3948
f 466/3949 393/3950 389/3951
f 526/3952 468/3953 697/3954
f 526/3955 767/3956 468/3957
f 526/3958 766/3959 767/3960
f 526/3961 470/3962 766/3963
f 470/3964 469/3965 766/3966
f 768/3967 471/3968 470/3969
f 471/3970 512/3971 470/3972
f 471/3973 765/3974 512/3975
f 765/3976 472/3977 512/3978
f 472/3979 764/3980 512/3981
f 305/3982 513/3983 609/3984 606/3985
f 762/3986 763/3987 466/3988
f 763/3989 706/3990 466/3991
f 706/3992 703/3993 466/3994
f 704/3995 390/3996 702/3997
f 733/3998 731/3999 738/4000 735/4001
f 712/4002 713/4003 390/4004
f 713/4005 711/4006 390/4007
f 711/4008 397/4009 390/4010
f 711/4011 286/4012 397/4013
f 286/4014 394/4015 397/4016
f 394/4017 395/4018 397/4019
f 395/4020 396/4021 397/4022
f 394/4023 286/4024 395/4025
f 711/4026 398/4027 286/4028
f 398/4029 399/4030 286/4031
f 399/4032 400/4033 286/4034
f 711/4035 713/4036 398/4037
f 713/4038 412/4039 398/4040
f 690/4041 190/4042 189/4043 371/4044
f 616/4045 333/4046 366/4047 617/4048
f 276/4049 301/4050 15/4051 16/4052
f 576/4053 574/4054 639/4055 638/4056
f 104/4057 103/4058 82/4059
f 104/4060 14/4061 103/4062
f 71/4063 102/4064 103/4065
f 102/4066 156/4067 103/4068
f 156/4069 72/4070 103/4071
f 104/4072 83/4073 14/4074
f 274/4075 275/4076 17/4077 18/4078
f 866/4079 854/4080 640/4081 865/4082
f 84/4083 101/4084 14/4085
f 300/4086 424/4087 280/4088
f 424/4089 436/4090 280/4091
f 433/4092 292/4093 299/4094
f 292/4095 442/4096 299/4097
f 292/4098 423/4099 442/4100
f 423/4101 445/4102 442/4103
f 444/4104 737/4105 445/4106
f 737/4107 293/4108 445/4109
f 532/4110 551/4111 787/4112 535/4113
f 444/4114 443/4115 737/4116
f 443/4117 735/4118 737/4119
f 738/4120 452/4121 735/4122
f 443/4123 733/4124 735/4125
f 716/4126 706/4127 763/4128 707/4129
f 749/4130 476/4131 514/4132
f 453/4133 740/4134 455/4135
f 740/4136 454/4137 455/4138
f 735/4139 452/4140 456/4141 457/4142
f 676/4143 351/4144 270/4145 350/4146
f 738/4147 453/4148 452/4149
f 738/4150 731/4151 453/4152
f 731/4153 730/4154 453/4155
f 730/4156 739/4157 453/4158
f 739/4159 740/4160 453/4161
f 481/4162 776/4163 516/4164
f 776/4165 518/4166 516/4167
f 776/4168 775/4169 518/4170
f 775/4171 482/4172 518/4173
f 483/4174 520/4175 518/4176
f 774/4177 485/4178 520/4179
f 485/4180 773/4181 520/4182
f 773/4183 772/4184 520/4185
f 772/4186 771/4187 520/4188
f 771/4189 486/4190 520/4191
f 486/4192 770/4193 520/4194
f 770/4195 491/4196 520/4197
f 483/4198 484/4199 520/4200
f 484/4201 774/4202 520/4203
f 491/4204 429/4205 522/4206
f 518/4207 519/4208 517/4209 516/4210
f 428/4211 494/4212 524/4213
f 494/4214 783/4215 524/4216
f 783/4217 784/4218 524/4219
f 784/4220 782/4221 524/4222
f 782/4223 495/4224 524/4225
f 495/4226 503/4227 524/4228
f 495/4229 496/4230 503/4231
f 496/4232 497/4233 503/4234
f 497/4235 781/4236 503/4237
f 781/4238 780/4239 503/4240
f 780/4241 785/4242 503/4243
f 785/4244 779/4245 503/4246
f 779/4247 500/4248 503/4249
f 779/4250 498/4251 500/4252
f 618/4253 334/4254 263/4255 365/4256
f 126/4257 50/4258 51/4259 39/4260
f 402/4261 401/4262 504/4263
f 401/4264 760/4265 504/4266
f 760/4267 759/4268 504/4269
f 759/4270 758/4271 504/4272
f 758/4273 506/4274 504/4275
f 756/4276 755/4277 506/4278
f 755/4279 464/4280 506/4281
f 464/4282 508/4283 506/4284
f 758/4285 463/4286 506/4287
f 463/4288 757/4289 506/4290
f 757/4291 756/4292 506/4293
f 464/4294 754/4295 508/4296
f 754/4297 465/4298 508/4299
f 765/4300 471/4301 472/4302
f 471/4303 768/4304 472/4305
f 307/4306 530/4307 613/4308
f 530/4309 308/4310 613/4311
f 382/4312 285/4313 273/4314 383/4315
f 249/4316 214/4317 215/4318 248/4319
f 661/4320 347/4321 268/4322 359/4323
f 716/4324 705/4325 706/4326
f 705/4327 714/4328 703/4329
f 714/4330 704/4331 703/4332
f 248/4333 215/4334 173/4335 250/4336
f 710/4337 412/4338 713/4339
f 171/4340 208/4341 255/4342 236/4343
f 408/4344 409/4345 415/4346 414/4347
f 282/4348 10/4349 11/4350 297/4351
f 114/4352 180/4353 179/4354 154/4355
f 718/4356 278/4357 277/4358
f 718/4359 287/4360 278/4361
f 287/4362 288/4363 278/4364
f 288/4365 416/4366 278/4367
f 416/4368 417/4369 278/4370
f 417/4371 418/4372 278/4373
f 418/4374 289/4375 278/4376
f 289/4377 279/4378 278/4379
f 289/4380 290/4381 279/4382
f 290/4383 422/4384 279/4385
f 422/4386 421/4387 279/4388
f 421/4389 291/4390 279/4391
f 291/4392 420/4393 279/4394
f 157/4395 186/4396 185/4397 70/4398
f 425/4399 424/4400 300/4401
f 424/4402 439/4403 436/4404
f 432/4405 734/4406 433/4407
f 734/4408 423/4409 433/4410
f 423/4411 292/4412 433/4413
f 734/4414 443/4415 423/4416
f 734/4417 432/4418 443/4419
f 432/4420 733/4421 443/4422
f 715/4423 710/4424 712/4425 714/4426
f 769/4427 454/4428 740/4429
f 739/4430 729/4431 740/4432
f 729/4433 728/4434 740/4435
f 427/4436 724/4437 428/4438 425/4439
f 727/4440 481/4441 769/4442
f 732/4443 431/4444 731/4445
f 431/4446 729/4447 731/4448
f 729/4449 739/4450 730/4451
f 239/4452 60/4453 122/4454 256/4455
f 483/4456 775/4457 776/4458
f 488/4459 486/4460 776/4461
f 486/4462 483/4463 776/4464
f 483/4465 482/4466 775/4467
f 486/4468 771/4469 483/4470
f 771/4471 773/4472 483/4473
f 773/4474 774/4475 483/4476
f 774/4477 484/4478 483/4479
f 773/4480 485/4481 774/4482
f 771/4483 772/4484 773/4485
f 488/4486 487/4487 486/4488
f 487/4489 770/4490 486/4491
f 487/4492 491/4493 770/4494
f 410/4495 401/4496 402/4497 413/4498
f 438/4499 429/4500 491/4501
f 456/4502 479/4503 295/4504 457/4505
f 724/4506 492/4507 428/4508
f 492/4509 493/4510 428/4511
f 493/4512 777/4513 428/4514
f 777/4515 494/4516 428/4517
f 392/4518 391/4519 385/4520 467/4521
f 777/4522 783/4523 494/4524
f 780/4525 784/4526 783/4527
f 53/4528 52/4529 27/4530 3/4531
f 778/4532 780/4533 783/4534
f 780/4535 497/4536 784/4537
f 497/4538 495/4539 784/4540
f 495/4541 782/4542 784/4543
f 497/4544 496/4545 495/4546
f 780/4547 781/4548 497/4549
f 778/4550 785/4551 780/4552
f 778/4553 498/4554 785/4555
f 498/4556 779/4557 785/4558
f 499/4559 461/4560 778/4561
f 460/4562 403/4563 461/4564
f 403/4565 404/4566 461/4567
f 717/4568 410/4569 411/4570 709/4571
f 124/4572 54/4573 251/4574 236/4575
f 88/4576 118/4577 129/4578 44/4579
f 118/4580 87/4581 231/4582 129/4583
f 707/4584 761/4585 401/4586
f 761/4587 462/4588 401/4589
f 462/4590 760/4591 401/4592
f 462/4593 759/4594 760/4595
f 462/4596 465/4597 759/4598
f 465/4599 758/4600 759/4601
f 465/4602 463/4603 758/4604
f 757/4605 463/4606 756/4607
f 463/4608 755/4609 756/4610
f 465/4611 464/4612 755/4613
f 463/4614 465/4615 755/4616
f 465/4617 754/4618 464/4619
f 462/4620 761/4621 753/4622
f 761/4623 707/4624 753/4625
f 49/4626 41/4627 127/4628 48/4629
f 714/4630 705/4631 716/4632
f 709/4633 411/4634 715/4635
f 865/4636 656/4637 664/4638 866/4639
f 203/4640 199/4641 228/4642 229/4643
f 842/4644 840/4645 614/4646 836/4647
f 719/4648 723/4649 405/4650
f 726/4651 426/4652 420/4653 419/4654
f 721/4655 288/4656 718/4657
f 288/4658 287/4659 718/4660
f 417/4661 416/4662 288/4663
f 721/4664 417/4665 288/4666
f 721/4667 419/4668 418/4669
f 721/4670 418/4671 417/4672
f 419/4673 290/4674 418/4675
f 290/4676 289/4677 418/4678
f 419/4679 420/4680 290/4681
f 420/4682 291/4683 290/4684
f 291/4685 421/4686 290/4687
f 421/4688 422/4689 290/4690
f 30/4691 240/4692 241/4693 62/4694
f 426/4695 425/4696 420/4697
f 144/4698 10/4699 296/4700 261/4701
f 435/4702 434/4703 437/4704 438/4705
f 721/4706 718/4707 405/4708 723/4709
f 431/4710 732/4711 434/4712
f 732/4713 432/4714 434/4715
f 430/4716 728/4717 729/4718
f 296/4719 295/4720 458/4721 261/4722
f 430/4723 727/4724 728/4725
f 430/4726 490/4727 727/4728
f 490/4729 489/4730 727/4731
f 489/4732 488/4733 727/4734
f 413/4735 402/4736 461/4737 408/4738
f 725/4739 724/4740 427/4741
f 725/4742 722/4743 720/4744
f 428/4745 524/4746 522/4747 429/4748
f 366/4749 365/4750 9/4751 33/4752
f 777/4753 493/4754 492/4755
f 278/4756 83/4757 82/4758 277/4759
f 403/4760 460/4761 499/4762
f 720/4763 719/4764 408/4765
f 717/4766 708/4767 410/4768
f 156/4769 184/4770 150/4771 72/4772
f 231/4773 232/4774 128/4775 129/4776
