# Exported from USD: /NEX35_C00/link_3_u/collisions/nex35_link_3_u/mesh
mtllib mesh_7.mtl

g mesh
v 0.16449279 0.15448902 0.03184499
v 0.16358584 0.15394002 0.03647799
v 0.16779977 0.15355402 0.03191099
v 0.16461176 0.15436602 0.03291999
v 0.16243678 0.15434702 0.03549999
v 0.16334778 0.15375502 0.03733899
v 0.16409177 0.15390802 0.03620499
v 0.16258174 0.15420602 0.03605399
v 0.16284484 0.15410202 0.03633099
v 0.16252273 0.15483602 0.03184499
v 0.13626282 -0.29899997 -0.06963901
v 0.10918371 -0.29899997 -0.03843002
v 0.10211675 -0.29899997 -0.01885002
v 0.10002081 -0.29899997 0.00185998
v 0.11093776 -0.29899997 0.04171098
v 0.13935582 -0.29899997 0.07170498
v 0.15815274 -0.29899997 0.08064899
v 0.18999975 -0.29899997 -0.09107701
v 0.21577983 -0.29899997 -0.07928801
v 0.26165073 -0.29899997 -0.03685801
v 0.25729279 -0.29899997 0.04480599
v 0.24391381 -0.29899997 0.06134399
v 0.22684876 -0.29899997 0.07404398
v 0.17855982 -0.29899997 0.08475599
v 0.12329678 -0.29899997 0.05846098
v 0.10302071 -0.29899997 0.02245898
v 0.12079780 -0.29899997 -0.05570502
v 0.15464978 -0.29899997 -0.07939701
v 0.17935281 -0.29899997 -0.09099202
v 0.18229882 -0.29899997 0.08497699
v 0.19124978 -0.29899997 -0.09074201
v 0.19064681 -0.29899997 -0.09099202
v 0.20716671 -0.29899997 0.08211299
v 0.26615076 -0.29899997 0.02546499
v 0.26993076 -0.29899997 0.00453199
v 0.26839976 -0.29899997 -0.01668501
v 0.25010781 -0.29899997 -0.05472601
v 0.23449175 -0.29899997 -0.06917001
v 0.18609778 -0.29899997 0.08504499
v 0.18497781 -0.29899997 0.08504798
v 0.17999976 -0.29899997 -0.09107701
v 0.17874973 -0.29899997 -0.09074201
v 0.28999978 -0.05232898 -0.05869301
v 0.28999978 -0.05449998 -0.05779401
v 0.28999978 -0.05547898 -0.05714001
v 0.28999978 -0.05713999 -0.05547901
v 0.28999978 -0.05899998 -0.05000001
v 0.28999977 -0.05899998 0.04999999
v 0.28999977 -0.05869299 0.05232899
v 0.28999977 -0.05779398 0.05449999
v 0.28999977 -0.05713999 0.05547899
v 0.28999977 -0.05449998 0.05779399
v 0.28999977 -0.04999999 0.05899999
v 0.28999978 0.05869302 -0.05232901
v 0.28999978 0.05714001 -0.05547901
v 0.28999978 0.05636401 -0.05636401
v 0.28999978 0.05714001 0.05547899
v 0.28999978 0.05779401 0.05449999
v 0.28999978 0.05869302 0.05232899
v 0.28999978 0.05900001 0.04999999
v -0.12730724 0.00000003 0.07426797
v -0.11100621 -0.07234596 -0.00000002
v -0.09202523 -0.08561597 0.09734898
v -0.10781426 -0.06461196 0.09734898
v -0.12520225 0.01109903 0.09734898
v -0.09511227 -0.09224997 -0.00000002
v -0.12279827 -0.04976896 -0.00000002
v -0.13005227 -0.02535296 -0.00000002
v -0.13122219 0.00000003 -0.07322402
v -0.12907118 -0.01972697 -0.11060003
v -0.12245518 -0.04531097 -0.11060003
v -0.11082417 -0.06903896 -0.11060003
v -0.09465427 -0.08993898 -0.11060002
v -0.07460624 -0.10715497 -0.11060002
v -0.12370521 0.04310403 -0.11060002
v -0.11264616 0.06687203 -0.11060002
v -0.05505126 0.11887103 -0.11060002
v -0.03028017 0.12745203 -0.11060002
v -0.00429719 0.13092903 -0.11060002
v -0.05150325 -0.11998297 -0.11060002
v -0.13039917 0.00666503 -0.11060003
v -0.12638622 0.03278403 -0.11060003
v 0.28999977 -0.05232898 0.05869299
v 0.28999977 -0.05547898 0.05713999
v 0.28999977 -0.05636398 0.05636399
v 0.28999978 -0.05869298 -0.05232901
v 0.28999978 -0.05779398 -0.05450001
v 0.28999978 -0.05636398 -0.05636401
v 0.28999978 -0.04999999 -0.05900001
v -0.12080318 0.15796303 0.09228998
v -0.12315923 0.15837803 0.08929998
v 0.28999978 0.05000002 -0.05900001
v 0.28999978 0.05232901 -0.05869301
v 0.28999978 0.05450002 -0.05779401
v 0.28999978 0.05547902 -0.05714001
v 0.28999978 0.05779402 -0.05450000
v 0.28999978 0.05900001 -0.05000001
v 0.28999978 0.05636401 0.05636399
v 0.28999978 0.05547901 0.05713999
v 0.28999978 0.05450002 0.05779399
v 0.28999978 0.05232901 0.05869299
v 0.28999978 0.05000001 0.05899999
v -0.12273520 0.15805003 -0.09332402
v -0.12788218 0.15895703 -0.08800202
v -0.13073116 0.15946003 -0.08113202
v -0.13250023 0.15977203 -0.00000002
v -0.12701625 0.15880503 0.07842898
v -0.12477321 -0.01517397 0.09734898
v -0.11889226 -0.04078396 0.09734898
v -0.07179017 -0.10227496 0.09963198
v -0.09148521 -0.08511397 0.09963198
v -0.09197123 -0.08556596 0.09791898
v -0.10718222 -0.06423297 0.09963198
v -0.10775227 -0.06457497 0.09791898
v -0.11819525 -0.04054496 0.09963198
v -0.11882324 -0.04076097 0.09791898
v -0.12404222 -0.01508497 0.09963198
v -0.12470121 -0.01516497 0.09791898
v -0.12446827 0.01103403 0.09963198
v -0.12512917 0.01109303 0.09791898
v -0.13250024 0.00000003 -0.00000002
v -0.13114923 0.15953303 -0.07740203
v 0.04713876 0.12222503 -0.11060002
v 0.02185876 0.12916303 -0.11060002
v -0.07761722 0.10553003 -0.11060002
v -0.09707623 0.08796203 -0.11060002
v -0.12398320 0.04218103 -0.11060002
v -0.11932927 0.16604903 0.09233598
v -0.12049824 0.16600003 0.09111298
v -0.12151724 0.16595703 0.08977498
v -0.12391526 0.16585103 0.08357798
v -0.11244923 0.16258203 0.09619798
v -0.11527926 0.16308103 0.09530398
v -0.10950022 0.16206203 -0.09650002
v -0.11527925 0.16308103 -0.09530402
v 0.27219778 0.09475902 0.05910799
v 0.27095681 0.09497802 0.06083499
v 0.21762675 0.10918902 0.09137499
v -0.12533122 0.15850703 0.08516998
v -0.12646824 0.15870803 0.08188198
v -0.12963122 0.15926603 -0.08469602
v -0.12555521 0.15854703 -0.09090802
v -0.11951821 0.15748203 -0.09517002
v -0.11604016 0.15686903 -0.09638302
v -0.12138122 0.16755803 0.08609898
v -0.12182719 0.16752403 0.08473498
v -0.12270218 0.16740103 0.08197098
v -0.12312919 0.16720403 0.08198598
v -0.12350220 0.16690903 0.08200098
v -0.12379617 0.16653503 0.08201198
v -0.12395722 0.16620203 0.08201898
v -0.12358326 0.16586603 0.08522498
v -0.12307125 0.16588903 0.08680698
v -0.12237924 0.16591903 0.08833198
v -0.11774820 0.16777603 0.09181998
v -0.11869520 0.16755303 0.09154698
v -0.11915225 0.16688403 0.09209098
v -0.11978823 0.16747103 0.09041298
v -0.12030226 0.16679803 0.09089698
v -0.12074119 0.16739903 0.08916998
v -0.12130517 0.16672103 0.08958798
v -0.12154526 0.16733803 0.08783498
v -0.12215120 0.16665603 0.08818198
v -0.12219018 0.16728803 0.08642398
v -0.12283117 0.16660303 0.08669398
v -0.12266916 0.16725103 0.08495598
v -0.12333626 0.16656403 0.08514598
v -0.12298125 0.16722603 0.08342098
v -0.12366420 0.16653803 0.08352698
v -0.11858124 0.16608003 0.09299198
v -0.12489122 0.16709303 0.03153098
v -0.12542718 0.16714203 0.01034198
v -0.12599724 0.16678304 0.01036398
v -0.12622922 0.16653703 0.01037298
v -0.12489122 0.16709303 -0.03153102
v -0.12270218 0.16740103 -0.08197102
v -0.12350326 0.16690903 -0.08200102
v -0.12427920 0.16714203 -0.04853102
v -0.12312918 0.16720403 -0.08198602
v -0.12083119 0.16760003 -0.08731402
v -0.11800318 0.16760403 -0.09214802
v -0.11842518 0.16693803 -0.09272402
v -0.11930125 0.16687303 -0.09195102
v -0.11883717 0.16754203 -0.09141302
v -0.12041920 0.16678903 -0.09075803
v -0.11990016 0.16746304 -0.09028102
v -0.12139421 0.16671503 -0.08945702
v -0.12082522 0.16739303 -0.08904502
v -0.12221425 0.16665103 -0.08806203
v -0.12160426 0.16733303 -0.08772203
v -0.12287026 0.16660003 -0.08659203
v -0.12222725 0.16728503 -0.08632702
v -0.12335723 0.16656203 -0.08506402
v -0.12268918 0.16724903 -0.08487802
v -0.12366920 0.16653803 -0.08349702
v -0.12298518 0.16722603 -0.08339302
v -0.11244922 0.16258203 -0.09619802
v 0.18655974 0.11263402 -0.09591701
v -0.10059422 0.16278403 -0.09626802
v -0.10052519 0.16317603 -0.09599002
v 0.22483677 0.13243502 -0.05616401
v 0.25383479 0.11631002 -0.07106401
v 0.23227078 0.12577802 -0.06527301
v 0.22282976 0.13041802 -0.06096301
v 0.23631674 0.12748402 -0.05935501
v 0.25591177 0.11591502 -0.06857400
v 0.25354284 0.11634402 -0.07133900
v 0.25477177 0.11617202 -0.07006801
v 0.24725980 0.11635802 -0.07508701
v 0.24955374 0.11650402 -0.07404501
v 0.25045973 0.11651302 -0.07355501
v 0.25171882 0.11648302 -0.07277301
v 0.24087984 0.11245802 -0.08047801
v 0.19784779 0.11135602 -0.09494901
v 0.23389584 0.11233202 -0.08408601
v 0.25065679 0.11609102 -0.07361200
v 0.22414273 0.11091302 -0.08863101
v 0.22015185 0.10982802 -0.09047201
v 0.22000677 0.11055002 -0.09021201
v 0.20551676 0.10959802 -0.09454201
v 0.20548684 0.11032202 -0.09425101
v 0.20184881 0.10978702 -0.09520501
v 0.20184678 0.11051002 -0.09490801
v 0.19815380 0.11007602 -0.09573101
v 0.19818277 0.11079602 -0.09543001
v 0.25815577 0.11476902 -0.06528301
v 0.25605673 0.11587202 -0.06836001
v 0.25714881 0.11541202 -0.06674701
v 0.27219779 0.09475902 -0.05910801
v 0.27095682 0.09497802 -0.06083501
v 0.27358574 0.10155202 -0.04445001
v 0.27499575 0.10015602 -0.03533101
v 0.27817577 0.09687302 -0.02445401
v 0.28009576 0.09479602 -0.01376101
v 0.28092080 0.09387802 -0.00316101
v 0.28071076 0.09411302 0.00748599
v 0.28020483 0.09467502 0.01288199
v 0.27941078 0.09554802 0.01834199
v 0.27499574 0.10015602 0.03533099
v 0.27862173 0.09603602 -0.02476301
v 0.27973181 0.09482902 -0.01933101
v 0.28054982 0.09392302 -0.01393801
v 0.28137881 0.09299102 -0.00320301
v 0.28140384 0.09296302 0.00217399
v 0.28116673 0.09323102 0.00758499
v 0.28065878 0.09380202 0.01304799
v 0.27986282 0.09468502 0.01857499
v 0.25854379 0.11380202 0.06634299
v 0.25847274 0.11444302 0.06562600
v 0.25477177 0.11617202 0.07006799
v 0.25383478 0.11631002 0.07106400
v 0.24725979 0.11635802 0.07508700
v 0.25171882 0.11648302 0.07277299
v 0.25343078 0.11635602 0.07144099
v 0.25354284 0.11634402 0.07133899
v 0.25591177 0.11591502 0.06857399
v 0.25605780 0.11587102 0.06835900
v 0.25714975 0.11541202 0.06674700
v 0.22567278 0.13224402 0.05598499
v 0.22399384 0.13261802 0.05633399
v 0.22215074 0.13298902 0.05666299
v 0.22012979 0.13335702 0.05696299
v 0.21269482 0.13444102 0.05772499
v 0.23227078 0.12577802 0.06527299
v 0.23631674 0.12748402 0.05935499
v 0.24988979 0.11651102 0.07386899
v 0.24955374 0.11650402 0.07404500
v 0.19939381 0.11122002 0.09475099
v 0.19560283 0.11158502 0.09519099
v 0.18660181 0.11287302 0.09562499
v 0.18655973 0.11263402 0.09591699
v 0.20413679 0.10922302 0.09484199
v 0.22266882 0.10952102 0.08956899
v 0.22451275 0.10969202 0.08883499
v 0.23198873 0.11066802 0.08544299
v 0.25018376 0.11592102 0.07397899
v 0.24027580 0.11372502 0.08043800
v 0.24056679 0.11302602 0.08062799
v 0.23166781 0.11193402 0.08522999
v 0.23189777 0.11122202 0.08545300
v 0.22427779 0.11092702 0.08857699
v 0.22445482 0.11020702 0.08882399
v 0.21746879 0.11039502 0.09108499
v 0.21759373 0.10967102 0.09135199
v 0.19978374 0.11065902 0.09521899
v 0.19976776 0.10993802 0.09551799
v 0.19585782 0.11102802 0.09568799
v 0.23647778 -0.22499997 -0.10009701
v 0.23476081 -0.22722799 -0.10067401
v 0.23527282 -0.22764099 -0.10034601
v 0.23537879 -0.22607998 -0.10067401
v 0.23600571 -0.22628099 -0.10034601
v 0.23647683 -0.22643099 -0.09980301
v 0.23628575 0.03464802 -0.10151301
v 0.23636478 -0.02582598 -0.10146101
v 0.23653978 0.04487402 -0.10120801
v 0.23650581 0.05031502 -0.10107301
v 0.23670082 -0.22499997 -0.09980301
v 0.23620479 -0.22499997 -0.10034601
v 0.23589175 -0.22499997 -0.10054001
v 0.23650580 -0.20120797 -0.10109301
v 0.23654681 -0.19256700 -0.10126501
v 0.23657077 -0.18555099 -0.10128601
v 0.23628276 -0.18555099 -0.10151501
v 0.23620481 0.07400002 -0.10034601
v 0.23615676 0.07463902 -0.10034601
v 0.23507482 0.07576902 -0.10067401
v 0.23564476 0.07609702 -0.10034601
v 0.23422784 0.07676002 -0.10067401
v 0.23464078 0.07727202 -0.10034601
v -0.09079021 0.12845203 -0.10546802
v -0.08237117 0.13327603 -0.10524302
v -0.08555322 0.13202903 -0.10524302
v -0.09256225 0.12665003 -0.10554002
v -0.09296423 0.12709603 -0.10540702
v -0.09750217 0.12313103 -0.10521802
v -0.09958523 0.12041803 -0.10521802
v 0.02570778 0.16418903 0.06239198
v 0.21664077 0.11089802 0.09081399
v 0.22339183 0.11139102 0.08837599
v 0.23080975 0.11236402 0.08507200
v 0.23958581 0.11415402 0.08023899
v 0.22282976 0.13041802 0.06096299
v -0.02953023 0.15405403 0.09299998
v -0.10959023 0.16817103 0.09282998
v -0.11179727 0.16856003 0.09153498
v -0.11307126 0.16878503 0.08929398
v -0.11319727 0.16880703 0.08865298
v -0.12077624 0.16760503 0.08741998
v -0.12002522 0.16766203 0.08866998
v -0.11811823 0.16780303 0.09088598
v -0.11746019 0.16785103 0.09145898
v -0.06541520 0.17024503 0.07018498
v 0.02279383 0.16795702 0.05136698
v 0.07294482 0.16308302 0.04573698
v 0.02120275 0.16806903 -0.05160602
v -0.11746018 0.16785103 -0.09145902
v -0.11825221 0.16779303 -0.09075902
v -0.12010425 0.16765604 -0.08855302
v -0.12141626 0.16755603 -0.08600802
v -0.12184625 0.16752304 -0.08466303
v -0.11801320 0.16759503 0.09216098
v -0.11824221 0.16731503 0.09246698
v -0.11841923 0.16695303 0.09271598
v -0.11853320 0.16653503 0.09289298
v -0.11816424 0.16600703 0.09326398
v -0.11794525 0.16615903 0.09333298
v -0.11792022 0.16681503 0.09310698
v -0.11782128 0.16735603 0.09268197
v -0.11766118 0.16771603 0.09210998
v -0.11729020 0.16686103 0.09318898
v -0.11735422 0.16739003 0.09274298
v -0.11741322 0.16773403 0.09214198
v -0.12427920 0.16714203 0.04853098
v -0.11812121 0.16967503 0.04065298
v -0.11816317 0.16968303 0.03999998
v -0.12518126 0.16686603 0.03177798
v -0.12572723 0.16698703 0.01035298
v -0.12542516 0.16714303 -0.01034202
v -0.12572616 0.16698803 -0.01035302
v -0.12599724 0.16678403 -0.01036402
v -0.12622827 0.16653703 -0.01037302
v -0.11816316 0.16968303 -0.04000002
v -0.11853521 0.16652703 -0.09289602
v -0.11824220 0.16731503 -0.09246702
v -0.11774319 0.16777803 -0.09181302
v -0.11720222 0.16783703 -0.09171802
v -0.11765521 0.16767503 -0.09221902
v -0.11806720 0.16729503 -0.09262802
v -0.11838823 0.16674103 -0.09289702
v -0.11720222 0.16748104 -0.09262102
v -0.11773127 0.16715003 -0.09292702
v -0.11821025 0.16666404 -0.09305602
v -0.11746924 0.16685403 -0.09318602
v -0.11807018 0.16650603 -0.09319302
v -0.11799019 0.16628903 -0.09329202
v -0.11307126 0.16878503 -0.08929402
v -0.11179727 0.16856003 -0.09153502
v -0.10959023 0.16817103 -0.09283002
v 0.23306781 0.11275602 -0.08392800
v 0.22325880 0.11137702 -0.08842901
v 0.21914977 0.11103902 -0.08996901
v 0.20491976 0.11087702 -0.09383801
v 0.20139081 0.11107002 -0.09445901
v -0.01625019 0.16631703 -0.07002501
v 0.04406983 0.16267602 -0.05989601
v 0.08336884 0.15823402 -0.05629201
v 0.19138784 0.14001702 -0.05509001
v -0.10076421 0.16254703 -0.09637902
v 0.16743082 0.11932502 -0.09300001
v 0.21269483 0.13444102 -0.05772501
v 0.22630376 0.13209202 -0.05584601
v 0.21956581 0.13345302 -0.05703901
v 0.22482676 0.13263102 -0.05549501
v 0.25815576 0.11476902 0.06528299
v 0.26830679 0.10647402 0.04426999
v 0.27358180 0.10155502 0.04454499
v 0.28094584 0.09385002 0.00214599
v 0.27927977 0.09569102 -0.01908901
v 0.26830679 0.10647402 -0.04427001
v 0.25845379 0.11453802 -0.06513501
v 0.25865573 0.11407202 -0.06592901
v 0.25854475 0.11418402 -0.06598001
v 0.25841481 0.11453802 -0.06545201
v 0.25854177 0.11435102 -0.06568401
v 0.25861377 0.11390002 -0.06618001
v 0.25862378 0.11426602 -0.06566301
v 0.25888783 0.11370902 -0.06588700
v 0.25887674 0.11392802 -0.06563501
v 0.27066773 0.10112102 -0.05629401
v 0.27392680 0.10082102 -0.04537601
v 0.27373582 0.10125702 -0.04526201
v 0.27405173 0.10078602 -0.04484801
v 0.27385682 0.10120902 -0.04474601
v 0.27383584 0.10124202 0.04473699
v 0.27395874 0.10102202 0.04479399
v 0.27346283 0.10161002 0.04513299
v 0.27368480 0.10144402 0.04467899
v 0.27392679 0.10082202 0.04537599
v 0.27373582 0.10125702 0.04526199
v 0.27066773 0.10112102 0.05629399
v 0.27017575 0.10120802 0.05749999
v 0.25845378 0.11453802 0.06513500
v 0.25865477 0.11407402 0.06592900
v 0.25862282 0.11426402 0.06567099
v 0.25858778 0.11435602 0.06551899
v 0.25849682 0.11449302 0.06524299
v 0.25848979 0.11446602 0.06547799
v 0.25859576 0.11398202 0.06613100
v 0.25857574 0.11378202 0.06631599
v 0.22565979 0.13239202 0.05547599
v 0.22398978 0.13286002 0.05550999
v 0.22216481 0.13332902 0.05553399
v 0.23636478 -0.12917398 -0.10146101
v 0.17053777 -0.01200198 -0.12275001
v -0.01239222 0.16619803 0.06921198
v -0.01620823 0.16995102 0.05829298
v -0.03577226 0.17036303 0.06260298
v -0.03440922 0.16946403 0.06832498
v -0.01504117 0.16905503 0.06397098
v 0.02358478 0.16707903 0.05696798
v 0.07326478 0.16225103 0.05127399
v -0.11257917 0.16869803 0.09049998
v -0.11077720 0.16838003 0.09232998
v -0.10831517 0.16794603 0.09299998
v -0.06254726 0.17029603 -0.06939702
v -0.02013427 0.17006503 -0.05911402
v 0.02416081 0.16430103 -0.06262601
v -0.06091827 0.16939403 -0.07519502
v -0.01892918 0.16916803 -0.06480002
v 0.02200884 0.16719003 -0.05721001
v 0.04233081 0.16556102 -0.05438001
v -0.11812120 0.16967503 -0.04065302
v -0.10831516 0.16794603 -0.09300002
v -0.11077719 0.16838003 -0.09233002
v -0.11257916 0.16869803 -0.09050002
v -0.11286419 0.16874803 -0.08991302
v -0.11319726 0.16880703 -0.08865302
v 0.19163078 0.14139302 -0.05269301
v 0.12245185 0.15217302 -0.05509001
v 0.12272484 0.15372102 -0.05232901
v 0.19499177 0.14059802 -0.05306601
v 0.19683177 0.13894202 -0.05525801
v -0.02953022 0.15405403 -0.09300002
v 0.07879776 0.13495302 -0.09300002
v 0.27189272 0.10318102 0.04440499
v 0.27271479 0.10238502 0.04468899
v 0.27346283 0.10161002 -0.04513300
v 0.27189273 0.10318102 -0.04440501
v 0.27271480 0.10238502 -0.04468901
v 0.27017576 0.10120802 -0.05750001
v 0.27046078 0.10115802 0.05691299
v 0.16250676 0.12019302 0.09299999
v 0.16478079 -0.17390397 -0.11705101
v 0.21825773 -0.01310298 -0.11577101
v 0.20518881 -0.01220898 -0.12238501
v 0.20741779 0.02943702 -0.11574001
v 0.21625883 0.02681702 -0.11462801
v 0.20624476 -0.17374498 -0.11708501
v 0.20249980 -0.14955499 -0.12107401
v 0.21501475 -0.17152799 -0.11585601
v 0.20999079 -0.17288498 -0.11696701
v 0.21104282 -0.14835898 -0.11967501
v 0.20591682 -0.14911998 -0.12088501
v 0.16883474 -0.14965497 -0.12106202
v 0.16131883 -0.17305398 -0.11697402
v 0.16573077 -0.14923197 -0.12091301
v 0.20335478 0.00899302 -0.12006701
v 0.17053979 -0.12500099 -0.12275001
v 0.21825772 -0.12473698 -0.11577101
v 0.21409672 -0.12482998 -0.11900201
v 0.20934981 -0.12490897 -0.12129001
v 0.20422381 -0.12497098 -0.12253201
v 0.20092779 -0.12499997 -0.12275001
v 0.20092875 -0.01200298 -0.12275001
v 0.20931774 -0.01244398 -0.12130101
v 0.21408480 -0.01276398 -0.11901001
v 0.16370684 0.15145902 0.04548999
v 0.16053075 0.15201902 0.04531399
v 0.16202182 0.15151302 0.04643299
v 0.16370982 0.15121502 0.04643899
v 0.16539782 0.15091802 0.04626999
v 0.13804979 0.15801402 -0.03995701
v 0.13869280 0.15790102 -0.04000001
v 0.16823680 0.15269102 -0.04000001
v 0.17316074 0.15182302 -0.03500001
v 0.16841882 0.15062902 0.04452099
v 0.17311877 0.15183102 -0.03565301
v 0.17250175 0.15194002 -0.03750001
v 0.17171878 0.15207802 -0.03853601
v 0.17069883 0.15225702 -0.03933001
v 0.16951174 0.15246702 -0.03983001
v 0.16887981 0.15257802 -0.03995701
v 0.23012476 -0.22568098 -0.10275001
v 0.23100477 -0.22500498 -0.10275001
v 0.23221380 0.07155502 -0.10275001
v 0.23210484 0.07210002 -0.10275001
v 0.23192674 0.07262602 -0.10275001
v 0.23168081 0.07312502 -0.10275001
v 0.23100478 0.07400502 -0.10275001
v 0.22909981 0.07510502 -0.10275001
v 0.23221379 -0.22255499 -0.10275001
v 0.23210483 -0.22309998 -0.10275001
v 0.23168080 -0.22412497 -0.10275001
v 0.23012477 0.07468102 -0.10275001
v 0.23986477 0.13153202 0.04305499
v 0.23958176 0.13158202 0.04412599
v 0.23933977 0.13162502 0.04462499
v 0.23867482 0.13174202 0.04550499
v 0.23679882 0.13207302 0.04660499
v 0.23990077 0.13152602 -0.04250001
v -0.04252226 -0.08101897 0.13789997
v -0.06067617 -0.06848897 0.13789997
v -0.07530327 -0.05197797 0.13789997
v -0.08555419 -0.03244598 0.13789997
v 0.04252177 0.08101902 0.13789998
v 0.06067579 0.06848902 0.13789998
v 0.07530277 0.05197802 0.13789998
v 0.08555382 0.03244603 0.13789998
v 0.08555381 -0.03244598 0.13789998
v 0.23990077 0.13152602 0.04249999
v 0.23780781 0.13189502 0.04618099
v 0.23975784 0.13155102 0.04359999
v 0.23986477 0.13153202 -0.04305501
v 0.23975784 0.13155102 -0.04360001
v 0.23933977 0.13162502 -0.04462501
v 0.23867482 0.13174202 -0.04550501
v 0.23780781 0.13189502 -0.04618101
v 0.23679883 0.13207302 -0.04660501
v -0.00000019 -0.09149997 0.13789998
v 0.02189677 -0.08884098 0.13789998
v 0.04252176 -0.08101897 0.13789998
v 0.06067579 -0.06848897 0.13789998
v 0.07530277 -0.05197798 0.13789998
v 0.09083276 -0.01102898 0.13789998
v 0.09083276 0.01102903 0.13789998
v 0.02189677 0.08884102 0.13789998
v -0.00000018 0.09150003 0.13789998
v -0.02189726 0.08884103 0.13789998
v -0.04252226 0.08101903 0.13789998
v -0.06067616 0.06848903 0.13789997
v -0.07530326 0.05197803 0.13789997
v -0.08555419 0.03244603 0.13789997
v -0.09083326 0.01102903 0.13789997
v -0.09083326 -0.01102897 0.13789997
v -0.02189727 -0.08884097 0.13789997
v 0.14664775 0.15954502 -0.00548301
v 0.14372677 0.16006002 -0.00427701
v 0.14120478 0.16050402 -0.00619901
v 0.14221675 0.16032602 -0.03009901
v 0.14293176 0.16020002 -0.03051001
v 0.14454884 0.15991502 -0.03072301
v 0.14730078 0.15942902 -0.02800001
v 0.14097578 0.16054502 -0.02800001
v -0.09201522 -0.05118197 0.13249997
v -0.10190518 -0.02730497 0.13249997
v -0.10190518 0.02730503 0.13249997
v 0.14097578 0.16054502 -0.00700001
v 0.14221674 0.16032602 -0.00490101
v 0.14454884 0.15991502 -0.00427701
v 0.14534384 0.15977402 -0.00449001
v 0.14730078 0.15942902 -0.00700001
v 0.14664775 0.15954502 -0.02951701
v 0.14605874 0.15964802 -0.03009901
v 0.14534384 0.15977402 -0.03051001
v 0.14372677 0.16006002 -0.03072301
v 0.14120478 0.16050402 -0.02880101
v -0.05409618 -0.09033297 0.13249997
v -0.05275018 -0.09136597 0.13249997
v -0.07460017 -0.07459998 0.13249997
v -0.07285328 -0.07493998 0.13329998
v -0.07494028 -0.07285398 0.13329998
v -0.09136624 -0.05274997 0.13249997
v -0.09067328 -0.05234996 0.13329998
v -0.09124227 -0.05097497 0.13329998
v -0.10550017 0.00000003 0.13249997
v -0.10470028 0.00000003 0.13329998
v -0.10465128 0.00074403 0.13329998
v -0.10127825 0.02636703 0.13329998
v -0.10113222 0.02709803 0.13329998
v -0.10089321 0.02780403 0.13329998
v -0.09100325 0.05168103 0.13329998
v -0.05235023 0.09067303 0.13329999
v -0.00000018 0.10470003 0.13329999
v 0.02847284 0.10056302 0.13329999
v 0.10465079 0.00074402 0.13329999
v -0.02709825 -0.10113197 0.13329999
v -0.05235024 -0.09067297 0.13329999
v -0.07403429 -0.07403397 0.13329998
v -0.08976717 -0.05352997 0.13329998
v -0.10127826 -0.02636697 0.13329998
v -0.10113222 -0.02709796 0.13329998
v -0.10465128 -0.00074397 0.13329998
v -0.09067328 0.05235003 0.13329998
v -0.07403428 0.07403403 0.13329999
v -0.05097527 0.09124203 0.13329999
v -0.05353028 0.08976703 0.13329999
v -0.02709824 0.10113203 0.13329999
v -0.02847320 0.10056303 0.13329999
v 0.00147479 0.10450603 0.13329999
v -0.00147528 0.10450603 0.13329999
v 0.02709776 0.10113202 0.13329999
v 0.05353075 0.08976702 0.13329999
v 0.05234974 0.09067302 0.13329999
v 0.05097478 0.09124202 0.13329999
v 0.10469978 0.00000002 0.13329999
v 0.10465079 -0.00074398 0.13329999
v 0.10949974 -0.30099997 -0.00000002
v 0.11014573 -0.30099997 0.00985498
v 0.13161377 -0.30099997 0.05338699
v 0.14724974 -0.30099997 0.06538498
v 0.16545872 -0.30099997 0.07292698
v 0.17514471 -0.30099997 0.07485399
v 0.20454077 -0.30099997 0.07292699
v 0.22274975 -0.30099998 0.06538499
v 0.25038473 -0.30099998 0.03774999
v 0.25792675 -0.30099998 -0.01954101
v 0.25038473 -0.30099998 -0.03775001
v 0.23838680 -0.30099998 -0.05338701
v 0.20454078 -0.30099997 -0.07292701
v 0.19485478 -0.30099997 -0.07485401
v 0.18499975 -0.30099997 -0.07550001
v 0.14724974 -0.30099997 -0.06538501
v 0.13161378 -0.30099997 -0.05338702
v 0.11207275 -0.30099997 -0.01954102
v 0.11014573 -0.30099997 -0.00985502
v 0.16440576 0.15400002 0.03549999
v 0.26049976 -0.30099998 -0.00000001
v 0.25985376 -0.30099998 0.00985499
v 0.25792675 -0.30099998 0.01954099
v 0.23838679 -0.30099998 0.05338699
v 0.19485478 -0.30099997 0.07485399
v 0.18499975 -0.30099997 0.07549998
v 0.11961476 -0.30099997 0.03774998
v 0.11207275 -0.30099997 0.01954098
v 0.11961477 -0.30099997 -0.03775001
v 0.16545873 -0.30099997 -0.07292701
v 0.17514472 -0.30099997 -0.07485402
v 0.22274976 -0.30099997 -0.06538501
v 0.25985376 -0.30099998 -0.00985501
vt 0.39215699 0.65882403
vt 0.39215699 0.72156900
vt 0.46274501 0.65882403
vt 0.50196099 1.00000000
vt 0.00000000 0.00000000
vt 0.48235300 0.00000000
vt 0.00000000 0.00000000
vt 0.00000000 0.00000000
vt 0.48235300 0.00000000
vt 0.00000000 0.00000000
vt 0.00000000 0.00000000
vt 0.48235300 0.00000000
vt 0.00000000 0.00000000
vt 0.00000000 0.00000000
vt 0.06666700 0.02352900
vt 0.48235300 0.00000000
vt 0.07843100 0.03921600
vt 0.00000000 0.03921600
vt 0.00000000 0.16078401
vt 0.07843100 0.16078401
vt 0.00000000 0.00000000
vt 0.00000000 0.00000000
vt 0.00000000 0.00000000
vt 0.33333299 0.90588200
vt 0.00000000 0.00000000
vt 0.00000000 0.00000000
vt 0.50196099 1.00000000
vt 0.50196099 0.56470603
vt 0.00000000 0.00000000
vt 0.03921600 0.39215699
vt 0.50196099 0.39215699
vt 0.49803901 0.51764703
vt 0.00000000 0.00000000
vt 1.00000000 0.16470601
vt 0.00000000 0.00000000
vt 0.00000000 0.00000000
vt 0.00000000 0.00000000
vt 0.62352902 0.00000000
vt 0.49411801 0.00000000
vt 0.32156900 0.03921600
vt 0.00000000 0.00000000
vt 1.00000000 0.76862800
vt 0.00000000 0.00000000
vt 1.00000000 0.76470602
vt 0.00000000 0.00000000
vt 0.00000000 0.00000000
vt 0.00000000 0.00000000
vt 0.00000000 0.00000000
vt 0.00000000 0.00000000
vt 0.00000000 0.00000000
vt 0.00000000 0.00000000
vt 0.00000000 0.00000000
vt 0.00000000 0.00000000
vt 0.06666700 0.74509799
vt 0.00000000 0.00000000
vt 0.00000000 0.00000000
vt 0.00000000 0.00000000
vt 0.00000000 0.00000000
vt 0.08627500 0.25097999
vt 0.06666700 0.49803901
vt 0.00000000 0.00000000
vt 0.00000000 0.00000000
vt 0.66666698 1.00000000
vt 0.00000000 0.00000000
vt 0.00000000 0.00000000
vt 0.00000000 0.00000000
vt 0.00000000 0.00000000
vt 0.00000000 0.00000000
vt 0.49411801 0.00000000
vt 0.00000000 0.00000000
vt 0.00000000 0.00000000
vt 0.00000000 0.00000000
vt 0.00000000 0.00000000
vt 0.00000000 0.00000000
vt 1.00000000 1.00000000
vt 0.00000000 0.00000000
vt 0.00000000 0.00000000
vt 0.00000000 0.00000000
vt 0.00000000 0.00000000
vt 0.00000000 0.00000000
vt 0.00000000 0.78431398
vt 0.00000000 0.00000000
vt 0.00000000 0.00000000
vt 0.00000000 0.00000000
vt 0.00000000 0.00000000
vt 0.00000000 0.00000000
vt 0.00000000 0.00000000
vt 0.00000000 0.00000000
vt 0.00000000 0.00000000
vt 0.00000000 0.00000000
vt 0.00000000 0.00000000
vt 0.00000000 0.00000000
vt 0.00000000 0.00000000
vt 0.00000000 0.00000000
vt 0.01176500 0.12548999
vt 0.01176500 0.24705900
vt 0.00000000 0.00000000
vt 0.83529401 1.00000000
vt 1.00000000 0.74509799
vt 0.00000000 0.00000000
vt 0.00000000 0.00000000
vt 0.83529401 1.00000000
vt 0.49411801 0.00000000
vt 0.00000000 0.00000000
vt 0.00000000 0.00000000
vt 0.36470601 0.00000000
vt 0.00000000 0.00000000
vt 0.00000000 0.00000000
vt 0.00000000 0.00000000
vt 0.00000000 0.00000000
vt 0.00000000 0.00000000
vt 0.00000000 0.76078397
vt 0.00000000 0.00000000
vt 0.00000000 0.00000000
vt 0.00000000 0.00000000
vt 0.00000000 0.00000000
vt 0.00000000 0.00000000
vt 0.00000000 0.00000000
vt 0.00000000 0.00000000
vt 0.00000000 0.00000000
vt 0.00000000 0.00000000
vt 0.00000000 0.00000000
vt 0.00000000 0.00000000
vt 0.66666698 0.12156900
vt 0.00000000 0.00000000
vt 0.00000000 0.00000000
vt 0.98431402 0.62352902
vt 0.00000000 0.00000000
vt 0.00000000 0.00000000
vt 0.98431402 0.62352902
vt 0.00000000 0.00000000
vt 0.00000000 0.00000000
vt 0.98431402 0.62352902
vt 1.00000000 0.76862800
vt 0.00000000 0.00000000
vt 0.00000000 1.00000000
vt 0.00000000 0.73333299
vt 0.00000000 0.00000000
vt 0.00000000 0.00000000
vt 0.00000000 0.00000000
vt 0.93333298 0.75686300
vt 0.00000000 0.00000000
vt 0.00000000 0.00000000
vt 0.00000000 0.65098000
vt 0.00000000 0.00000000
vt 0.00000000 0.00000000
vt 0.51764703 1.00000000
vt 1.00000000 0.00000000
vt 0.00000000 0.00000000
vt 0.25097999 0.74901998
vt 0.00000000 0.00000000
vt 0.00000000 0.00000000
vt 0.02745100 0.12548999
vt 0.66666698 0.21176501
vt 0.66666698 0.16078401
vt 1.00000000 0.16078401
vt 0.00000000 0.00000000
vt 0.00000000 0.00000000
vt 0.00000000 0.00000000
vt 0.00000000 0.00000000
vt 0.00000000 0.00000000
vt 0.00000000 0.00000000
vt 0.95686299 1.00000000
vt 0.00000000 0.00000000
vt 0.00000000 0.00000000
vt 0.00000000 0.00000000
vt 0.00000000 0.00000000
vt 0.00000000 0.00000000
vt 0.07451000 0.35686299
vt 0.00000000 0.00000000
vt 0.00000000 0.00000000
vt 0.00000000 0.00000000
vt 0.00000000 0.00000000
vt 0.01960800 0.81176502
vt 0.50196099 0.81176502
vt 0.00000000 0.00000000
vt 0.00000000 0.00000000
vt 0.00000000 0.00000000
vt 0.00000000 0.00000000
vt 0.00000000 0.00000000
vt 0.00000000 0.00000000
vt 0.32156900 0.28235301
vt 0.00000000 0.00000000
vt 0.00000000 0.00000000
vt 0.00000000 0.00000000
vt 0.00000000 0.95686299
vt 0.00000000 0.00000000
vt 0.00000000 0.00000000
vt 0.00000000 0.00000000
vt 0.00000000 0.00000000
vt 0.01960800 0.02352900
vt 0.00000000 0.00000000
vt 0.00000000 0.00000000
vt 0.00000000 0.00000000
vt 0.00000000 0.00000000
vt 0.00000000 0.00000000
vt 0.00000000 0.00000000
vt 1.00000000 0.61176503
vt 0.00000000 0.00000000
vt 0.00000000 0.00000000
vt 1.00000000 0.95686299
vt 0.03137300 0.30588201
vt 0.00000000 0.00000000
vt 0.00000000 0.00000000
vt 1.00000000 0.91764700
vt 0.00000000 0.00000000
vt 0.00000000 0.00000000
vt 0.00000000 0.00000000
vt 0.00000000 0.00000000
vt 0.00000000 0.00000000
vt 0.00000000 0.00000000
vt 0.00000000 0.00000000
vt 0.00000000 0.00000000
vt 0.00000000 0.00000000
vt 0.50196099 0.30588201
vt 0.00000000 0.00000000
vt 0.00000000 0.00000000
vt 0.00000000 0.00000000
vt 0.00000000 0.00000000
vt 0.00000000 0.00000000
vt 0.00000000 0.00000000
vt 0.00000000 0.00000000
vt 0.00000000 0.00000000
vt 0.00000000 0.00000000
vt 0.00000000 0.00000000
vt 0.01960800 0.81176502
vt 0.30980399 0.96078402
vt 0.00000000 0.00000000
vt 0.01960800 0.81176502
vt 0.00000000 0.00000000
vt 0.00000000 0.00000000
vt 0.01960800 0.81176502
vt 0.00000000 0.00000000
vt 0.00000000 0.00000000
vt 0.00000000 0.00000000
vt 0.00000000 0.00000000
vt 0.00000000 0.00000000
vt 0.00000000 0.00000000
vt 0.00000000 0.00000000
vt 0.00000000 0.00000000
vt 0.00000000 0.00000000
vt 0.00000000 0.00000000
vt 0.66666698 0.77254897
vt 0.66666698 0.50980401
vt 0.00000000 0.00000000
vt 0.00000000 0.00000000
vt 0.00000000 0.00000000
vt 0.00000000 0.00000000
vt 0.00000000 0.00000000
vt 0.00000000 0.00000000
vt 0.00000000 0.00000000
vt 0.00000000 0.00000000
vt 0.00000000 0.00000000
vt 0.00000000 0.00000000
vt 0.00000000 0.00000000
vt 0.00000000 0.00000000
vt 0.51764703 1.00000000
vt 0.00000000 0.00000000
vt 1.00000000 0.00000000
vt 0.00000000 0.00000000
vt 0.00000000 0.00000000
vt 0.00000000 0.00000000
vt 0.01176500 0.12548999
vt 0.00000000 0.00000000
vt 0.93333298 0.75686300
vt 0.00000000 0.00000000
vt 0.00000000 0.00000000
vt 0.93333298 0.75686300
vt 0.66666698 0.09019600
vt 0.00000000 0.00000000
vt 0.00000000 0.00000000
vt 0.00000000 0.00000000
vt 0.00000000 0.00000000
vt 0.00000000 0.00000000
vt 0.00000000 0.00000000
vt 0.00000000 0.00000000
vt 0.00000000 0.65098000
vt 0.66666698 0.86666697
vt 0.00000000 0.00000000
vt 0.61568600 0.98823500
vt 0.00000000 0.00000000
vt 0.00000000 0.00000000
vt 0.61568600 0.98823500
vt 0.00000000 0.00000000
vt 0.00000000 0.00000000
vt 0.51764703 1.00000000
vt 0.00000000 0.00000000
vt 0.00000000 0.00000000
vt 0.51764703 1.00000000
vt 0.00000000 0.00000000
vt 0.00000000 0.00000000
vt 0.51764703 1.00000000
vt 0.12156900 0.50196099
vt 0.00000000 0.00000000
vt 0.00000000 0.00000000
vt 0.00000000 0.00000000
vt 0.00000000 0.00000000
vt 0.00000000 0.00000000
vt 0.25097999 0.74901998
vt 0.00000000 0.00000000
vt 0.00000000 0.00000000
vt 0.00000000 0.00000000
vt 0.00000000 0.00000000
vt 0.00000000 0.00000000
vt 0.00000000 0.00000000
vt 0.00000000 0.00000000
vt 0.00000000 0.00000000
vt 0.00000000 0.00000000
vt 0.00000000 0.00000000
vt 0.00000000 0.00000000
vt 0.00000000 0.00000000
vt 0.00000000 0.00000000
vt 0.00000000 0.00000000
vt 0.00000000 0.00000000
vt 0.00000000 0.00000000
vt 0.00000000 0.00000000
vt 0.00000000 0.00000000
vt 0.00000000 0.00000000
vt 0.00000000 0.00000000
vt 0.00000000 0.00000000
vt 0.80784303 0.00392200
vt 0.00000000 0.00000000
vt 0.00000000 0.00000000
vt 0.01960800 0.02352900
vt 0.00000000 0.00000000
vt 0.01960800 0.50196099
vt 0.01960800 0.02352900
vt 0.00000000 0.00000000
vt 0.37254900 0.01568600
vt 0.00000000 0.00000000
vt 0.00000000 0.00000000
vt 0.00000000 0.16470601
vt 0.00000000 0.00000000
vt 1.00000000 0.16862699
vt 0.00000000 0.00000000
vt 0.00000000 0.00000000
vt 0.00000000 0.00000000
vt 0.00000000 0.00000000
vt 0.00000000 0.00000000
vt 0.00000000 0.00000000
vt 0.33333299 0.97254902
vt 0.00000000 0.00000000
vt 0.41176501 0.09803900
vt 0.41176501 0.33333299
vt 0.43921599 0.00000000
vt 0.00000000 0.00000000
vt 0.00000000 0.95686299
vt 0.00000000 0.00000000
vt 0.01960800 0.50196099
vt 0.00000000 0.00000000
vt 0.01568600 0.98039198
vt 0.00000000 0.00000000
vt 0.00000000 0.00000000
vt 0.00000000 0.00000000
vt 0.00000000 0.00000000
vt 0.25097999 0.49803901
vt 0.50196099 0.49803901
vt 0.00000000 0.00000000
vt 0.00000000 0.00000000
vt 0.50196099 0.30588201
vt 0.00000000 0.00000000
vt 0.00000000 0.00000000
vt 0.00000000 0.00000000
vt 0.00000000 0.00000000
vt 0.00000000 0.00000000
vt 0.00000000 0.00000000
vt 0.61568600 0.32941201
vt 0.00000000 0.00000000
vt 0.00000000 0.00000000
vt 0.00000000 0.00000000
vt 0.96862799 0.98431402
vt 0.00000000 0.00000000
vt 0.32156900 0.52548999
vt 0.00000000 0.00000000
vt 0.00000000 0.00000000
vt 0.32156900 0.40392199
vt 0.00000000 0.00000000
vt 0.00000000 0.00000000
vt 0.00000000 0.00000000
vt 0.00000000 0.00000000
vt 0.00000000 0.00000000
vt 0.00000000 0.00000000
vt 0.00000000 0.00000000
vt 0.00000000 0.00000000
vt 0.12156900 0.50196099
vt 0.00000000 1.00000000
vt 0.00000000 0.00000000
vt 0.00000000 0.00000000
vt 0.00000000 0.00000000
vt 0.00000000 0.00000000
vt 0.00000000 0.00000000
vt 0.00000000 0.00000000
vt 0.53725499 0.10588200
vt 0.00000000 0.00000000
vt 0.00000000 0.00000000
vt 0.38431400 0.10588200
vt 0.00000000 0.00000000
vt 0.00000000 0.00000000
vt 1.00000000 0.38431400
vt 0.00000000 0.00000000
vt 0.33333299 0.56862700
vt 1.00000000 0.30588201
vt 0.99607801 0.97254902
vt 0.00000000 0.00000000
vt 0.00000000 0.00000000
vt 0.00000000 0.00000000
vt 1.00000000 0.50980401
vt 0.00000000 0.00000000
vt 0.00000000 0.00000000
vt 0.96862799 0.98431402
vt 0.00000000 0.00000000
vt 0.00000000 0.00000000
vt 0.99607801 0.97254902
vt 0.66666698 0.77254897
vt 0.99607801 0.97254902
vt 0.00000000 0.00000000
vt 0.66666698 0.77254897
vt 0.00000000 0.00000000
vt 0.00000000 0.00000000
vt 0.66666698 0.77254897
vt 0.84705901 0.73333299
vt 0.00000000 0.00000000
vt 0.00000000 0.00000000
vt 0.00000000 0.00000000
vt 0.00000000 0.00000000
vt 0.84705901 0.52548999
vt 0.49803901 0.50196099
vt 0.00000000 0.00000000
vt 0.00000000 0.00000000
vt 0.00000000 0.80784303
vt 0.94117701 0.50196099
vt 0.00000000 0.00000000
vt 0.49803901 0.50196099
vt 0.00000000 0.00000000
vt 0.00000000 0.00000000
vt 0.00000000 0.00000000
vt 0.00000000 0.00000000
vt 0.00000000 0.00000000
vt 0.00000000 0.00000000
vt 1.00000000 0.74901998
vt 0.00000000 0.00000000
vt 0.00000000 0.00000000
vt 0.00000000 0.00000000
vt 0.00000000 0.00000000
vt 0.00000000 0.00000000
vt 0.00000000 0.00000000
vt 0.00000000 0.00000000
vt 0.00000000 0.00000000
vt 0.00000000 0.00000000
vt 0.00000000 0.00000000
vt 0.00000000 0.00000000
vt 0.00000000 0.00000000
vt 0.00000000 0.00000000
vt 0.00000000 0.00000000
vt 0.00000000 0.00000000
vt 0.00000000 0.00000000
vt 0.00000000 0.00000000
vt 0.00000000 0.00000000
vt 0.00000000 0.00000000
vt 0.24705900 0.87843102
vt 0.49803901 0.87843102
vt 0.00000000 0.00000000
vt 0.00000000 0.00000000
vt 0.00000000 0.00000000
vt 0.00000000 0.00000000
vt 0.00000000 0.00000000
vt 0.00000000 0.00000000
vt 0.69411802 0.52548999
vt 0.00000000 0.00000000
vt 0.00000000 0.00000000
vt 0.00000000 0.00000000
vt 0.00000000 0.00000000
vt 0.00000000 0.00000000
vt 0.00000000 0.00000000
vt 0.00000000 0.00000000
vt 0.00000000 0.00000000
vt 0.00000000 0.00000000
vt 0.00000000 0.00000000
vt 0.00000000 0.00000000
vt 0.00000000 0.00000000
vt 0.00000000 0.00000000
vt 0.00000000 0.00000000
vt 0.00000000 0.00000000
vt 0.00000000 0.00000000
vt 0.00000000 0.00000000
vt 0.01176500 0.12548999
vt 1.00000000 0.66666698
vt 0.00000000 0.00000000
vt 0.25097999 0.49803901
vt 0.00000000 0.00000000
vt 0.25097999 0.50196099
vt 0.00000000 0.00000000
vt 0.00000000 0.00000000
vt 0.00000000 0.00000000
vt 0.25097999 0.50196099
vt 0.00000000 0.00000000
vt 0.00000000 0.00000000
vt 0.00000000 0.00000000
vt 0.00000000 0.00000000
vt 0.50196099 0.44313699
vt 0.78039199 0.41176501
vt 0.00000000 0.00000000
vt 0.62745100 0.01568600
vt 0.00000000 0.00000000
vt 0.00000000 0.00000000
vt 0.62745100 0.01568600
vt 0.00000000 0.00000000
vt 0.00000000 0.00000000
vt 0.00000000 0.00000000
vt 0.00000000 0.00000000
vt 0.00000000 0.00000000
vt 0.00000000 0.00000000
vt 0.00000000 0.00000000
vt 0.00000000 0.00000000
vt 0.28235301 0.73725498
vt 0.00000000 0.00000000
vt 0.00000000 0.00000000
vt 0.28235301 0.87058800
vt 0.33333299 0.38039199
vt 0.00000000 0.00000000
vt 0.00000000 0.00000000
vt 0.33333299 0.25097999
vt 0.84705901 0.52548999
vt 0.00000000 0.00000000
vt 0.00000000 0.00000000
vt 0.84705901 0.31372601
vt 0.00000000 0.78823501
vt 0.00000000 0.00000000
vt 0.00000000 0.50196099
vt 0.00000000 0.95686299
vt 0.00000000 0.00000000
vt 0.00000000 0.50196099
vt 0.99607801 0.97254902
vt 0.00000000 0.00000000
vt 0.00000000 0.00000000
vt 1.00000000 0.96862799
vt 0.00000000 0.00000000
vt 0.00000000 0.00000000
vt 0.00000000 0.52548999
vt 0.00000000 0.00000000
vt 0.00000000 0.00000000
vt 0.32156900 0.52548999
vt 0.00000000 0.00000000
vt 0.00000000 0.00000000
vt 0.01960800 0.50196099
vt 0.00000000 0.00000000
vt 0.00000000 0.00000000
vt 0.50196099 1.00000000
vt 0.66666698 1.00000000
vt 0.00000000 0.00000000
vt 0.01568600 0.98039198
vt 0.66666698 0.21176501
vt 0.00000000 0.00000000
vt 0.00000000 0.00000000
vt 0.37254900 0.01568600
vt 0.00000000 0.00000000
vt 0.00000000 0.00000000
vt 0.37254900 0.01568600
vt 0.00000000 0.00000000
vt 0.00000000 0.16470601
vt 0.00000000 0.00000000
vt 0.00000000 0.16470601
vt 0.00000000 0.00000000
vt 0.00000000 0.00000000
vt 0.00000000 0.00000000
vt 0.00000000 0.00000000
vt 0.00000000 0.00000000
vt 0.32156900 0.64705902
vt 0.00000000 0.00000000
vt 0.00000000 0.00000000
vt 0.00000000 0.00000000
vt 0.00000000 0.00000000
vt 0.00000000 0.00000000
vt 0.00000000 0.00000000
vt 0.00000000 0.00000000
vt 0.00000000 0.00000000
vt 0.00000000 0.00000000
vt 0.00000000 0.00000000
vt 0.00000000 0.00000000
vt 0.00000000 0.00000000
vt 0.00000000 0.00000000
vt 0.00000000 0.16470601
vt 1.00000000 0.38431400
vt 1.00000000 0.15294100
vt 0.00000000 0.00000000
vt 1.00000000 0.38431400
vt 0.78431398 0.91372597
vt 0.00000000 0.00000000
vt 1.00000000 0.38431400
vt 0.00000000 0.00000000
vt 0.00000000 0.00000000
vt 1.00000000 0.38431400
vt 0.43921599 1.00000000
vt 0.00000000 0.00000000
vt 1.00000000 0.38431400
vt 1.00000000 0.15294100
vt 0.00000000 0.00000000
vt 0.00000000 0.00000000
vt 0.00000000 0.00000000
vt 0.00000000 0.91764700
vt 0.00000000 0.00000000
vt 0.00000000 0.00000000
vt 0.50196099 0.39215699
vt 0.00000000 0.00000000
vt 0.00000000 0.76078397
vt 0.23529400 0.00000000
vt 0.36470601 0.00000000
vt 0.42352900 0.32941201
vt 0.00000000 0.00000000
vt 0.00000000 0.00000000
vt 0.00000000 0.00000000
vt 0.00000000 0.00000000
vt 0.00000000 0.00000000
vt 0.83529401 0.00000000
vt 0.00000000 0.00000000
vt 0.00000000 0.96862799
vt 0.00000000 0.00000000
vt 0.00000000 0.00000000
vt 0.32156900 0.16078401
vt 0.32156900 0.28235301
vt 0.00000000 0.00000000
vt 0.00000000 0.00000000
vt 0.78039199 0.41176501
vt 0.00000000 0.00000000
vt 0.00000000 0.00000000
vt 0.00000000 0.00000000
vt 0.00000000 0.00000000
vt 0.00000000 0.00000000
vt 0.00000000 0.00000000
vt 0.96862799 0.48235300
vt 0.00000000 0.00000000
vt 0.00000000 0.00000000
vt 0.00000000 0.00000000
vt 0.00000000 0.00000000
vt 0.00000000 0.00000000
vt 0.00000000 0.00000000
vt 0.00000000 0.00000000
vt 0.00000000 0.00000000
vt 0.00000000 0.00000000
vt 0.00000000 0.00000000
vt 0.00000000 0.00000000
vt 0.00000000 0.00000000
vt 0.00000000 0.00000000
vt 0.00000000 0.00000000
vt 0.00000000 0.00000000
vt 0.00000000 0.63529402
vt 0.00000000 0.00000000
vt 0.50196099 0.44313699
vt 0.00000000 0.00000000
vt 0.00000000 0.00000000
vt 0.00000000 0.00000000
vt 0.06666700 0.49803901
vt 0.00000000 0.80784303
vt 0.00000000 0.00000000
vt 0.94117701 0.50196099
vt 1.00000000 0.08235300
vt 0.99215698 0.72548997
vt 0.49803901 0.50196099
vt 0.33333299 0.16078401
vt 0.00000000 0.00000000
vt 0.00000000 0.80784303
vt 0.00000000 0.00000000
vt 0.00000000 0.00000000
vt 0.00000000 0.80784303
vt 0.00000000 0.00000000
vt 0.00000000 0.00000000
vt 0.00000000 0.00000000
vt 0.00000000 0.72548997
vt 0.00000000 0.00000000
vt 0.00000000 0.00000000
vt 0.00000000 0.00000000
vt 0.00000000 0.00000000
vt 0.00000000 0.00000000
vt 0.00000000 0.00000000
vt 0.00000000 0.00000000
vt 0.00000000 0.00000000
vt 0.00000000 0.00000000
vt 0.00000000 0.00000000
vt 0.00000000 0.00000000
vt 0.00000000 0.00000000
vt 0.00000000 0.00000000
vt 0.00000000 0.00000000
vt 0.04313700 0.11764700
vt 0.00000000 0.00000000
vt 0.00000000 0.00000000
vt 0.00000000 0.00000000
vt 0.00000000 0.00000000
vt 0.00000000 0.00000000
vt 0.00000000 0.00000000
vt 0.00000000 0.00000000
vt 0.00000000 0.00000000
vt 0.00000000 0.00000000
vt 0.00000000 0.00000000
vt 0.00000000 0.00000000
vt 1.00000000 0.50196099
vt 0.00000000 0.00000000
vt 0.00000000 0.00000000
vt 0.00000000 0.00000000
vt 0.00000000 0.20784301
vt 0.00000000 0.00000000
vt 0.00000000 0.00000000
vt 0.17647099 0.56862700
vt 0.00000000 0.00000000
vt 0.00000000 0.00000000
vt 0.00000000 0.00000000
vt 0.00000000 0.00000000
vt 1.00000000 0.66666698
vt 0.00000000 0.00000000
vt 0.00000000 0.00000000
vt 0.00000000 0.00000000
vt 0.00000000 0.00000000
vt 0.00000000 0.00000000
vt 0.00000000 0.00000000
vt 0.00000000 0.00000000
vt 0.00000000 0.00000000
vt 0.00000000 0.04313700
vt 0.00000000 0.00000000
vt 0.00000000 0.00000000
vt 0.00000000 0.00000000
vt 0.00000000 0.00000000
vt 0.00000000 0.00000000
vt 0.00000000 0.21176501
vt 0.00000000 0.00000000
vt 0.00000000 0.00000000
vt 0.01568600 0.62745100
vt 0.00000000 0.00000000
vt 0.00000000 0.00000000
vt 0.00000000 0.00000000
vt 0.00000000 0.00000000
vt 0.00000000 0.00000000
vt 0.00000000 0.00000000
vt 0.00000000 0.00000000
vt 0.00000000 0.00000000
vt 0.00000000 0.41568601
vt 0.00000000 0.00000000
vt 0.00000000 0.00000000
vt 0.50196099 1.00000000
vt 0.00000000 0.00000000
vt 0.00000000 0.00000000
vt 0.00000000 0.74901998
vt 0.00000000 0.00000000
vt 0.00000000 0.00000000
vt 0.98431402 0.62745100
vt 0.00000000 0.00000000
vt 0.00000000 0.00000000
vt 0.00000000 1.00000000
vt 0.00000000 0.78823501
vt 0.00000000 0.00000000
vt 0.00000000 0.80784303
vt 0.00000000 0.00000000
vt 0.00000000 0.00000000
vt 0.00000000 0.00000000
vt 0.00000000 0.89411801
vt 0.00000000 0.00000000
vt 0.00000000 0.93725502
vt 0.62745100 0.01568600
vt 0.98431402 0.62745100
vt 0.00000000 0.00000000
vt 0.00000000 0.95686299
vt 0.00000000 0.52548999
vt 1.00000000 0.45882401
vt 0.00000000 0.50196099
vt 0.00000000 0.00000000
vt 1.00000000 0.23137300
vt 0.00000000 0.00000000
vt 0.00000000 0.00000000
vt 0.00000000 0.00000000
vt 0.00000000 0.00000000
vt 0.00000000 0.00000000
vt 0.00000000 0.00000000
vt 0.00000000 0.00000000
vt 0.00000000 0.00000000
vt 0.00000000 0.89411801
vt 0.00000000 0.00000000
vt 0.00000000 0.00000000
vt 0.32156900 0.02745100
vt 0.00000000 0.00000000
vt 0.00000000 0.87450999
vt 0.32156900 0.02745100
vt 0.00000000 0.00000000
vt 0.00000000 0.00000000
vt 0.00000000 0.87450999
vt 0.00000000 0.00000000
vt 0.00000000 0.00000000
vt 0.00000000 0.00000000
vt 0.00000000 0.00000000
vt 0.00000000 0.00000000
vt 0.00000000 0.00000000
vt 0.00000000 0.00000000
vt 1.00000000 0.39215699
vt 0.00000000 0.00000000
vt 0.00000000 0.00000000
vt 0.00000000 0.00000000
vt 0.00000000 0.00000000
vt 0.00000000 0.00000000
vt 0.00000000 0.00000000
vt 0.00000000 0.00000000
vt 0.00000000 0.00000000
vt 0.00000000 0.00000000
vt 0.00000000 0.00000000
vt 0.00000000 0.00000000
vt 0.00000000 0.00000000
vt 0.00000000 0.00000000
vt 0.00000000 0.00000000
vt 0.50196099 0.56470603
vt 0.00000000 0.00000000
vt 0.00000000 0.00000000
vt 0.00000000 0.00000000
vt 0.21960799 0.40784299
vt 0.00000000 0.00000000
vt 0.00000000 0.00000000
vt 0.21960799 0.40784299
vt 0.00000000 0.00000000
vt 0.00000000 0.00000000
vt 0.21960799 0.40784299
vt 0.00000000 0.00000000
vt 0.00000000 0.00000000
vt 0.28235301 0.87058800
vt 0.00000000 0.00000000
vt 0.00000000 0.00000000
vt 0.28235301 0.87058800
vt 0.00000000 0.00000000
vt 0.00000000 0.00000000
vt 0.28235301 0.87058800
vt 0.00000000 0.00000000
vt 0.00000000 0.00000000
vt 0.28235301 0.87058800
vt 0.98431402 0.37254900
vt 0.00000000 0.00000000
vt 0.28235301 0.87058800
vt 0.00000000 0.00000000
vt 0.00000000 0.00000000
vt 0.00000000 0.00000000
vt 0.00000000 0.00000000
vt 0.00000000 0.00000000
vt 1.00000000 0.00000000
vt 0.00000000 0.00000000
vt 0.95686299 1.00000000
vt 0.00000000 0.00000000
vt 0.00000000 0.00000000
vt 0.00000000 0.00000000
vt 0.00000000 0.00000000
vt 0.00000000 0.00000000
vt 0.00000000 0.00000000
vt 0.00000000 0.00000000
vt 0.00000000 0.00000000
vt 0.50196099 0.35294101
vt 0.00000000 0.00000000
vt 0.00000000 0.00000000
vt 1.00000000 1.00000000
vt 0.00000000 0.00000000
vt 0.96862799 0.48235300
vt 0.00000000 0.00000000
vt 0.00000000 0.00000000
vt 0.48235300 0.00000000
vt 0.00000000 0.00000000
vt 1.00000000 0.76862800
vt 0.00000000 0.00000000
vt 0.00000000 0.00000000
vt 0.00000000 0.00000000
vt 0.00000000 0.00000000
vt 0.50196099 0.35294101
vt 0.00000000 0.00000000
vt 0.00000000 0.00000000
vt 0.00000000 0.00000000
vt 0.00000000 0.00000000
vt 0.33333299 0.16078401
vt 0.00000000 0.00000000
vt 0.00000000 0.50588202
vt 0.00000000 0.00000000
vt 1.00000000 0.66666698
vt 0.00000000 0.00000000
vt 0.17647099 0.56862700
vt 0.00000000 0.00000000
vt 0.00000000 0.00000000
vt 1.00000000 0.04313700
vt 0.00000000 0.00000000
vt 0.99215698 0.72548997
vt 0.41176501 0.00000000
vt 0.00000000 0.00000000
vt 0.99215698 0.72548997
vt 0.66666698 0.36078399
vt 0.00000000 0.00000000
vt 0.99215698 0.72548997
vt 0.00000000 0.00000000
vt 0.00000000 0.00000000
vt 0.99215698 0.72548997
vt 0.50196099 1.00000000
vt 0.00000000 0.00000000
vt 0.00000000 0.00000000
vt 0.00000000 0.00000000
vt 0.00000000 0.00000000
vt 0.00000000 0.00000000
vt 0.00000000 0.72548997
vt 0.00000000 0.00000000
vt 0.00000000 0.00000000
vt 0.00000000 0.72548997
vt 0.00000000 0.00000000
vt 0.00000000 0.00000000
vt 0.00000000 0.72548997
vt 0.00000000 0.00000000
vt 0.62745100 0.98431402
vt 0.00000000 0.00000000
vt 0.00000000 0.00000000
vt 0.00000000 0.00000000
vt 0.00000000 0.00000000
vt 0.00000000 0.00000000
vt 0.11372500 0.30588201
vt 0.00000000 0.00000000
vt 1.00000000 0.50196099
vt 0.00000000 0.00000000
vt 0.66666698 0.94117701
vt 1.00000000 0.50196099
vt 0.00000000 0.00000000
vt 0.00000000 0.00000000
vt 0.00000000 0.00000000
vt 0.00000000 0.00000000
vt 0.00000000 0.00000000
vt 0.00000000 0.00000000
vt 0.23137300 0.16470601
vt 0.00000000 0.00000000
vt 0.28235301 0.73725498
vt 0.23137300 0.16470601
vt 0.00000000 0.08235300
vt 0.00000000 0.00000000
vt 0.00000000 0.00000000
vt 0.00000000 0.00000000
vt 0.00000000 0.00000000
vt 0.00000000 0.00000000
vt 0.00000000 0.00000000
vt 0.00000000 0.00000000
vt 0.00000000 0.16470601
vt 0.00000000 0.08235300
vt 0.00000000 0.00000000
vt 0.00000000 0.00000000
vt 0.21568599 0.08627500
vt 0.12548999 0.16470601
vt 0.00000000 0.00000000
vt 0.00000000 0.00000000
vt 0.00000000 0.00000000
vt 0.00000000 0.52941197
vt 0.00000000 0.00000000
vt 0.33725500 0.46274501
vt 0.00000000 0.00000000
vt 0.00000000 0.00000000
vt 0.00000000 0.00000000
vt 0.00000000 0.00000000
vt 0.00000000 0.00000000
vt 0.00000000 0.00000000
vt 0.01568600 0.61960799
vt 0.00000000 0.00000000
vt 0.00000000 0.00000000
vt 0.01568600 0.61960799
vt 0.00000000 0.00000000
vt 0.00000000 0.00000000
vt 0.00000000 0.00000000
vt 1.00000000 0.15294100
vt 0.00000000 0.00000000
vt 1.00000000 0.15294100
vt 0.00000000 0.00000000
vt 0.00000000 0.00000000
vt 0.00000000 0.00000000
vt 0.00000000 0.00000000
vt 0.00000000 0.00000000
vt 0.66666698 0.87058800
vt 0.00000000 0.00000000
vt 0.00000000 0.00000000
vt 0.00000000 0.00000000
vt 0.00000000 0.00000000
vt 0.00000000 0.00000000
vt 0.00000000 0.39607799
vt 0.00000000 0.00000000
vt 0.50196099 0.78039199
vt 0.00000000 0.00000000
vt 0.00000000 0.00000000
vt 0.50196099 0.78039199
vt 0.00000000 0.00000000
vt 0.00000000 0.00000000
vt 0.50196099 0.78039199
vt 0.00000000 0.00000000
vt 0.00000000 0.00000000
vt 0.50196099 0.78039199
vt 0.00000000 0.00000000
vt 0.00000000 0.00000000
vt 0.06666700 0.02352900
vt 0.00000000 0.03921600
vt 0.00000000 0.00000000
vt 0.00000000 0.00000000
vt 0.00000000 0.00000000
vt 0.00000000 0.00000000
vt 0.39215699 0.65882403
vt 0.46274501 0.65882403
vt 0.00000000 0.00000000
vt 0.00000000 0.00000000
vt 0.00000000 0.00000000
vt 0.00000000 0.00000000
vt 0.00000000 0.00000000
vt 0.00000000 0.00000000
vt 0.00000000 0.00000000
vt 0.00000000 0.00000000
vt 0.00000000 0.00000000
vt 0.00000000 0.00000000
vt 0.00000000 0.00000000
vt 0.00000000 0.00000000
vt 0.00000000 0.00000000
vt 0.12548999 0.16470601
vt 0.00000000 0.00000000
vt 0.00000000 0.00000000
vt 0.12548999 0.16470601
vt 0.00000000 0.00000000
vt 0.00000000 0.00000000
vt 0.05882400 0.26666701
vt 0.00000000 0.00000000
vt 0.00000000 0.00000000
vt 0.05882400 0.26666701
vt 0.00000000 0.00000000
vt 0.00000000 0.00000000
vt 0.00000000 0.00000000
vt 0.00000000 0.00000000
vt 0.98431402 0.37254900
vt 0.00000000 0.00000000
vt 0.00000000 0.00000000
vt 1.00000000 0.00000000
vt 0.46274501 0.65882403
vt 0.39215699 0.72156900
vt 1.00000000 0.00000000
vt 0.39215699 0.72156900
vt 0.95686299 1.00000000
vt 0.00000000 0.00000000
vt 0.00000000 0.00000000
vt 0.00000000 0.00000000
vt 0.00000000 0.00000000
vt 0.00000000 0.00000000
vt 0.00000000 0.00000000
vt 0.95686299 1.00000000
vt 0.39215699 0.72156900
vt 0.00000000 0.00000000
vt 0.95686299 1.00000000
vt 0.00000000 0.00000000
vt 0.00000000 0.00000000
vt 0.95686299 1.00000000
vt 0.00000000 0.00000000
vt 0.00000000 0.00000000
vt 0.00000000 0.00000000
vt 1.00000000 0.89019603
vt 0.00000000 0.00000000
vt 0.00000000 0.00000000
vt 1.00000000 0.89019603
vt 0.00000000 0.00000000
vt 1.00000000 1.00000000
vt 0.00000000 0.00000000
vt 0.00000000 0.00000000
vt 1.00000000 1.00000000
vt 0.00000000 0.00000000
vt 1.00000000 0.89019603
vt 0.00000000 0.00000000
vt 1.00000000 0.89019603
vt 0.79607898 0.60392201
vt 1.00000000 0.76862800
vt 1.00000000 0.89019603
vt 0.11372500 0.30588201
vt 0.79607898 0.60392201
vt 0.00000000 0.00000000
vt 0.00000000 0.00000000
vt 0.00000000 0.00000000
vt 0.00000000 0.00000000
vt 0.66666698 0.67843097
vt 0.00000000 0.00000000
vt 0.00000000 0.00000000
vt 0.00000000 0.00000000
vt 0.00000000 0.00000000
vt 0.00000000 0.00000000
vt 0.00000000 0.00000000
vt 0.00000000 0.00000000
vt 0.32156900 0.28235301
vt 0.32156900 0.40392199
vt 0.00000000 0.00000000
vt 0.00000000 0.00000000
vt 0.00000000 0.00000000
vt 0.00000000 0.00000000
vt 0.00000000 0.00000000
vt 0.00000000 0.00000000
vt 0.41176501 0.09803900
vt 0.00000000 0.50196099
vt 0.00000000 0.00000000
vt 0.41176501 0.00000000
vt 0.00000000 0.50196099
vt 0.00000000 0.00000000
vt 0.66666698 0.36078399
vt 0.33333299 0.47058800
vt 0.00000000 0.00000000
vt 0.00000000 0.00000000
vt 0.66666698 0.26274499
vt 0.00000000 0.00000000
vt 0.00000000 0.00000000
vt 0.30980399 0.96078402
vt 0.38431400 0.10588200
vt 0.00000000 0.00000000
vt 0.00000000 0.00000000
vt 0.00000000 0.00000000
vt 0.00000000 0.00000000
vt 0.00000000 0.00000000
vt 0.00392200 1.00000000
vt 0.00000000 0.00000000
vt 0.00000000 0.00000000
vt 0.00000000 0.00000000
vt 1.00000000 0.61176503
vt 0.00000000 0.00000000
vt 0.00000000 0.00000000
vt 0.00000000 0.00000000
vt 0.00000000 0.00000000
vt 0.00000000 0.00000000
vt 0.00000000 0.00000000
vt 0.00000000 0.00000000
vt 0.00000000 0.00000000
vt 0.00000000 0.00000000
vt 0.00000000 0.00000000
vt 0.00000000 0.00000000
vt 0.99607801 0.90588200
vt 0.00000000 0.00000000
vt 0.11372500 0.30588201
vt 0.99607801 0.90588200
vt 0.00000000 0.00000000
vt 0.00000000 0.00000000
vt 0.00000000 0.00000000
vt 0.00000000 0.00000000
vt 0.00000000 0.00000000
vt 0.00000000 0.00000000
vt 0.00000000 0.00000000
vt 0.00000000 0.00000000
vt 0.00000000 0.00000000
vt 0.00000000 0.00000000
vt 0.00000000 0.00000000
vt 0.00000000 0.00000000
vt 0.00000000 0.00000000
vt 0.00000000 0.00000000
vt 0.00000000 0.19607800
vt 0.00000000 0.00000000
vt 0.41176501 0.56862700
vt 0.00000000 0.00000000
vt 0.00000000 0.33333299
vt 0.41176501 0.56862700
vt 0.00000000 0.00000000
vt 0.00000000 0.00000000
vt 0.00000000 0.33333299
vt 0.00000000 0.00000000
vt 0.00000000 0.04313700
vt 0.00000000 0.33333299
vt 0.00000000 0.00000000
vt 0.00000000 0.00000000
vt 0.00000000 0.00000000
vt 0.00000000 0.00000000
vt 0.00000000 0.00000000
vt 0.00000000 0.00000000
vt 1.00000000 0.81568599
vt 0.00000000 0.00000000
vt 0.00000000 0.00000000
vt 0.00000000 0.00000000
vt 0.00000000 0.00000000
vt 0.00000000 0.00000000
vt 0.61960799 0.01960800
vt 0.00000000 0.00000000
vt 0.00000000 0.00000000
vt 0.78823501 0.14902000
vt 0.00000000 0.00000000
vt 0.00000000 0.00000000
vt 0.61960799 0.05490200
vt 0.72156900 0.18823500
vt 0.00000000 0.00000000
vt 1.00000000 0.00000000
vt 0.33725500 0.52941197
vt 0.00000000 0.00000000
vt 0.33725500 0.59607798
vt 0.00000000 0.00000000
vt 0.00000000 0.52941197
vt 0.33725500 0.59607798
vt 0.00000000 0.00000000
vt 0.00000000 0.00000000
vt 0.00000000 0.00000000
vt 0.00000000 0.00000000
vt 0.00000000 0.00000000
vt 0.98431402 0.62745100
vt 0.00000000 0.00000000
vt 1.00000000 0.15294100
vt 0.98431402 0.62745100
vt 0.00000000 0.00000000
vt 0.00000000 0.00000000
vt 0.00000000 0.00000000
vt 0.00000000 0.00000000
vt 0.00000000 0.00000000
vt 0.00000000 0.00000000
vt 0.00000000 0.89411801
vt 0.00000000 0.00000000
vt 0.00000000 0.00000000
vt 0.00000000 0.93725502
vt 0.00000000 0.00000000
vt 0.00000000 0.00000000
vt 0.00000000 0.00000000
vt 0.00000000 0.00000000
vt 0.39215699 0.72156900
vt 0.39215699 0.65882403
vt 0.00000000 0.00000000
vt 0.07843100 0.30980399
vt 0.00000000 0.00000000
vt 0.00000000 0.00000000
vt 0.00000000 0.00000000
vt 0.39215699 0.72156900
vt 0.00000000 0.00000000
vt 0.00000000 0.00000000
vt 0.39215699 0.72156900
vt 0.00000000 0.00000000
vt 0.00000000 0.00000000
vt 0.00000000 0.00000000
vt 0.50196099 0.78039199
vt 0.00000000 0.00000000
vt 0.00000000 0.00000000
vt 0.43921599 1.00000000
vt 0.56078398 1.00000000
vt 0.00000000 0.00000000
vt 0.00000000 0.00000000
vt 0.99607801 0.90588200
vt 0.00000000 0.00000000
vt 0.00000000 0.00000000
vt 0.00000000 0.00000000
vt 0.00000000 0.00000000
vt 0.00000000 0.00000000
vt 0.00000000 0.00000000
vt 0.00000000 0.00000000
vt 0.00000000 0.00000000
vt 1.00000000 0.16862699
vt 0.00000000 0.16470601
vt 0.00000000 0.00000000
vt 0.00000000 0.00000000
vt 0.00000000 0.00000000
vt 0.01176500 0.25097999
vt 0.00000000 0.14509800
vt 0.00000000 0.00000000
vt 0.01176500 0.25097999
vt 0.00000000 0.00000000
vt 0.00000000 0.00000000
vt 0.01176500 0.25097999
vt 0.00000000 0.00000000
vt 0.00000000 0.00000000
vt 0.01176500 0.25097999
vt 0.00000000 0.00000000
vt 0.00000000 0.00000000
vt 0.01176500 0.25097999
vt 0.00000000 0.20784301
vt 0.00000000 0.00000000
vt 0.01176500 0.25097999
vt 1.00000000 0.50196099
vt 0.00000000 0.00000000
vt 0.01176500 0.25097999
vt 0.00000000 0.00000000
vt 0.00000000 0.00000000
vt 0.01176500 0.25097999
vt 0.00000000 0.00000000
vt 0.00000000 0.00000000
vt 0.01176500 0.25097999
vt 0.00000000 0.00000000
vt 0.00000000 0.00000000
vt 0.01176500 0.25097999
vt 0.97647101 0.85490203
vt 0.00000000 0.00000000
vt 0.01176500 0.25097999
vt 0.00000000 1.00000000
vt 0.00000000 0.00000000
vt 0.01176500 0.25097999
vt 0.00000000 0.00000000
vt 0.00000000 0.00000000
vt 0.01176500 0.25097999
vt 0.03921600 0.93333298
vt 0.00000000 0.00000000
vt 0.01176500 0.25097999
vt 0.00000000 0.00000000
vt 0.00000000 0.00000000
vt 0.01176500 0.25097999
vt 0.00000000 0.00000000
vt 0.00000000 0.00000000
vt 0.01176500 0.25097999
vt 0.00000000 0.96470600
vt 0.00000000 0.00000000
vt 0.01176500 0.25097999
vt 0.00000000 0.00000000
vt 0.00000000 0.00000000
vt 0.00000000 0.96470600
vt 0.00000000 0.00000000
vt 0.00000000 0.00000000
vt 0.00000000 0.96470600
vt 0.00000000 0.00000000
vt 0.52941197 1.00000000
vt 0.00000000 0.00000000
vt 0.00000000 0.00000000
vt 0.64705902 0.80392200
vt 0.00000000 0.00000000
vt 0.00000000 0.00000000
vt 0.64705902 0.80392200
vt 0.00000000 0.00000000
vt 0.00000000 0.00000000
vt 0.00000000 0.00000000
vt 0.00000000 0.00000000
vt 0.00000000 0.00000000
vt 0.00000000 0.19607800
vt 0.00000000 0.00000000
vt 0.00000000 0.00000000
vt 0.00000000 0.19607800
vt 0.00000000 0.00000000
vt 0.00000000 0.00000000
vt 0.00000000 0.00000000
vt 0.00000000 0.00000000
vt 0.00000000 0.00000000
vt 0.50196099 1.00000000
vt 0.00000000 0.00000000
vt 0.00000000 0.00000000
vt 0.50196099 1.00000000
vt 0.00000000 0.00000000
vt 1.00000000 0.50196099
vt 0.00000000 0.00000000
vt 0.00000000 0.00000000
vt 0.00000000 0.00000000
vt 0.96862799 0.96470600
vt 0.94509798 0.98431402
vt 0.66666698 0.21960799
vt 0.00000000 0.00000000
vt 0.61960799 0.01960800
vt 0.33333299 0.58039200
vt 0.00000000 0.00000000
vt 0.72156900 0.18823500
vt 0.00000000 0.00000000
vt 0.65490198 0.22352900
vt 0.61960799 0.05490200
vt 0.33333299 0.49803901
vt 0.00000000 0.00000000
vt 0.00000000 0.00000000
vt 0.00000000 0.00000000
vt 0.00000000 0.00000000
vt 0.00000000 0.00000000
vt 0.00000000 0.00000000
vt 0.85490203 0.85490203
vt 1.00000000 0.23137300
vt 0.00000000 0.00000000
vt 0.00000000 0.00000000
vt 0.00000000 0.00000000
vt 0.00000000 0.00000000
vt 0.00000000 0.00000000
vt 0.00000000 0.00000000
vt 0.00000000 0.00000000
vt 0.00000000 0.00000000
vt 0.00000000 0.00000000
vt 0.00000000 0.00000000
vt 0.00000000 0.00000000
vt 0.00000000 0.00000000
vt 0.52548999 0.98823500
vt 0.00000000 0.00000000
vt 0.00000000 0.00000000
vt 0.17647099 0.56862700
vt 0.00000000 0.00000000
vt 0.74901998 0.93333298
vt 0.17647099 0.80392200
vt 0.00000000 0.00000000
vt 0.01568600 0.62745100
vt 0.00000000 0.00000000
vt 0.00000000 0.00000000
vt 1.00000000 0.12548999
vt 0.00000000 0.00000000
vt 0.00000000 0.00000000
vt 0.00000000 0.00000000
vt 0.00000000 0.00000000
vt 0.00000000 0.00000000
vt 0.83921599 0.30588201
vt 0.00000000 0.00000000
vt 0.00000000 0.00000000
vt 0.00000000 0.00000000
vt 0.00000000 0.00000000
vt 0.00000000 0.00000000
vt 0.00000000 0.00000000
vt 0.00000000 0.00000000
vt 0.00000000 0.00000000
vt 0.00000000 0.00000000
vt 0.00000000 0.00000000
vt 0.00000000 0.00000000
vt 0.00000000 0.00000000
vt 0.78039199 0.41176501
vt 0.21960799 0.40784299
vt 0.49803901 0.05882400
vt 0.00000000 0.00000000
vt 0.25097999 0.06666700
vt 0.14509800 0.14509800
vt 0.49803901 0.48235300
vt 0.00000000 0.00000000
vt 0.49803901 0.48235300
vt 0.01176500 0.25097999
vt 0.00000000 0.00000000
vt 0.49803901 0.48235300
vt 0.00000000 0.00000000
vt 0.01176500 0.25097999
vt 0.00000000 0.00000000
vt 0.00000000 0.00000000
vt 0.00000000 0.96470600
vt 0.33333299 0.63921601
vt 0.00000000 0.00000000
vt 0.00000000 0.00000000
vt 0.33333299 0.50980401
vt 0.00000000 0.92156899
vt 0.00000000 0.00000000
vt 0.00000000 0.00000000
vt 0.00000000 0.00000000
vt 0.00000000 0.00000000
vt 1.00000000 0.50196099
vt 0.00000000 0.41568601
vt 0.00000000 0.00000000
vt 0.00000000 0.00000000
vt 0.00000000 0.00000000
vt 0.00000000 0.00000000
vt 0.43529400 0.99607801
vt 0.00000000 0.00000000
vt 0.00000000 0.00000000
vt 0.16078401 0.30588201
vt 0.83921599 0.30588201
vt 0.49803901 0.51764703
vt 0.00000000 0.00000000
vt 0.00000000 0.00000000
vt 0.11764700 0.89019603
vt 0.99607801 0.36862701
vt 0.00000000 0.00000000
vt 0.33333299 0.05490200
vt 0.00000000 0.00000000
vt 0.00000000 0.00000000
vt 0.33333299 0.49803901
vt 0.00000000 0.00000000
vt 0.00000000 0.00000000
vt 0.00000000 0.00000000
vt 0.00000000 0.00000000
vt 0.00000000 0.00000000
vt 0.00000000 0.00000000
vt 0.00000000 0.00000000
vt 0.00000000 0.00000000
vt 0.59215701 0.25097999
vt 0.00000000 0.00000000
vt 0.99607801 0.36862701
vt 0.00000000 0.00000000
vt 0.52548999 0.98823500
vt 0.00000000 0.00000000
vt 0.00000000 0.00000000
vt 0.00000000 0.00000000
vt 0.00000000 0.00000000
vt 0.00000000 0.00000000
vt 0.00000000 0.00000000
vt 0.00000000 0.00000000
vt 0.00000000 0.00000000
vt 0.00000000 0.00000000
vt 0.00000000 0.00000000
vt 0.00000000 0.00000000
vt 0.00000000 0.00000000
vt 0.00000000 0.00000000
vt 0.00000000 0.00000000
vt 0.00000000 0.00000000
vt 0.98823500 0.25097999
vt 0.00000000 0.00000000
vt 0.00000000 0.00000000
vt 0.00000000 0.00000000
vt 0.00000000 0.00000000
vt 1.00000000 0.12548999
vt 0.00000000 0.00000000
vt 0.00000000 0.00000000
vt 0.00000000 0.00000000
vt 0.00000000 0.00000000
vt 0.00000000 0.00000000
vt 0.12941200 0.99607801
vt 0.00000000 0.00000000
vt 0.00000000 0.00000000
vt 0.12941200 0.99607801
vt 0.00000000 0.00000000
vt 0.00000000 0.00000000
vt 0.12941200 0.99607801
vt 0.00000000 0.00000000
vt 0.00000000 0.00000000
vt 0.00000000 0.00000000
vt 0.00000000 0.00000000
vt 0.00000000 0.00000000
vt 0.00000000 0.00000000
vt 0.00000000 0.00000000
vt 0.00000000 0.00000000
vt 0.00000000 0.00000000
vt 0.00000000 0.00000000
vt 0.00000000 0.00000000
vt 0.83921599 0.30588201
vt 0.12156900 0.50196099
vt 0.00000000 0.00000000
vt 0.00000000 0.00000000
vt 0.00000000 0.00000000
vt 0.00000000 0.00000000
vt 0.00000000 0.00000000
vt 0.00000000 0.00000000
vt 0.00000000 0.00000000
vt 0.00000000 0.00000000
vt 0.00000000 0.00000000
vt 0.00000000 0.00000000
vt 0.00000000 0.00000000
vt 0.00000000 0.00000000
vt 0.00000000 0.00000000
vt 0.75294101 0.51764703
vt 0.00000000 0.00000000
vt 0.00000000 0.00000000
vt 0.49803901 0.05882400
vt 0.00000000 0.00000000
vt 0.00000000 0.00000000
vt 0.49803901 0.05882400
vt 0.00000000 0.00000000
vt 0.00000000 0.00000000
vt 0.49803901 0.05882400
vt 0.00000000 0.00000000
vt 0.00000000 0.00000000
vt 0.49803901 0.48235300
vt 0.00000000 0.00000000
vt 0.00000000 0.00000000
vt 0.92941201 0.63529402
vt 0.00000000 0.00000000
vt 0.00000000 0.00000000
vt 0.92941201 0.63529402
vt 0.00000000 0.00000000
vt 0.01568600 0.19607800
vt 0.92941201 0.63529402
vt 0.00000000 0.00000000
vt 0.00000000 0.21176501
vt 0.00000000 0.00000000
vt 0.00000000 0.00000000
vt 0.00000000 0.00000000
vt 0.00000000 0.00000000
vt 0.00000000 0.00000000
vt 0.00000000 0.00000000
vt 0.00000000 0.00000000
vt 0.00000000 0.40392199
vt 0.00000000 0.00000000
vt 1.00000000 0.66274500
vt 1.00000000 0.42745101
vt 0.00000000 0.00000000
vt 0.00000000 0.00000000
vt 0.00000000 0.00000000
vt 0.00000000 0.00000000
vt 0.00000000 0.00000000
vt 0.00000000 0.00000000
vt 0.00000000 0.00000000
vt 0.78431398 0.91372597
vt 0.00000000 0.00000000
vt 0.08235300 0.35686299
vt 0.00000000 0.00000000
vt 1.00000000 0.50196099
vt 0.43921599 1.00000000
vt 0.00000000 0.00000000
vt 1.00000000 0.38431400
vt 0.43921599 1.00000000
vt 0.00000000 0.00000000
vt 0.00000000 0.00000000
vt 0.00000000 0.00000000
vt 0.00000000 0.00000000
vt 0.00000000 0.00000000
vt 0.00000000 0.00000000
vt 0.10980400 0.49411801
vt 0.00000000 0.00000000
vt 0.00000000 0.00000000
vt 0.00000000 0.00000000
vt 0.10980400 0.49411801
vt 0.00000000 0.00000000
vt 0.00000000 0.00000000
vt 0.00000000 0.00000000
vt 1.00000000 0.33333299
vt 0.00000000 0.00000000
vt 0.00000000 0.00000000
vt 0.00000000 0.00000000
vt 0.00000000 0.00000000
vt 0.00000000 0.00000000
vt 0.00000000 0.00000000
vt 0.00000000 0.00000000
vt 0.00000000 0.00000000
vt 0.00000000 0.00000000
vt 0.00000000 0.00000000
vt 0.00000000 0.00000000
vt 0.00000000 0.00000000
vt 0.00000000 0.00000000
vt 0.00000000 0.00000000
vt 0.00000000 0.00000000
vt 0.00000000 0.00000000
vt 0.00000000 0.00000000
vt 0.00000000 0.00000000
vt 0.00000000 0.00000000
vt 0.00000000 0.00000000
vt 0.00000000 0.00000000
vt 0.00000000 0.00000000
vt 0.00000000 0.00000000
vt 0.00000000 0.00000000
vt 0.00000000 0.74901998
vt 0.00000000 0.00000000
vt 0.00000000 0.00000000
vt 0.00000000 0.00000000
vt 0.00000000 0.00000000
vt 0.00000000 0.00000000
vt 0.00000000 0.00000000
vt 0.00000000 0.00000000
vt 0.00000000 0.00000000
vt 0.00000000 0.00000000
vt 0.00000000 0.00000000
vt 0.00000000 0.00000000
vt 0.00000000 0.00000000
vt 0.00000000 0.00000000
vt 0.00000000 0.00000000
vt 0.00000000 0.00000000
vt 0.00000000 0.00000000
vt 1.00000000 0.16078401
vt 0.00000000 0.00000000
vt 0.00000000 0.00000000
vt 0.00000000 0.00000000
vt 1.00000000 0.75294101
vt 0.00000000 0.80392200
vt 0.00000000 0.50196099
vt 0.00000000 0.96862799
vt 0.00000000 0.00000000
vt 0.00000000 0.00000000
vt 1.00000000 0.91764700
vt 0.00000000 0.00000000
vt 0.00000000 0.00000000
vt 0.00000000 0.00000000
vt 0.00000000 0.00000000
vt 0.00000000 0.00000000
vt 0.00000000 0.00000000
vt 0.00000000 0.00000000
vt 0.00000000 0.00000000
vt 0.00000000 0.00000000
vt 0.00000000 0.00000000
vt 0.00000000 0.00000000
vt 0.00000000 0.00000000
vt 0.33333299 0.77254897
vt 0.00000000 0.00000000
vt 0.00000000 0.00000000
vt 0.33333299 0.63921601
vt 0.00000000 0.00000000
vt 0.00000000 0.00000000
vt 0.00000000 0.00000000
vt 0.00000000 0.00000000
vt 0.00000000 0.00000000
vt 0.00000000 0.00000000
vt 0.24705900 0.99215698
vt 0.00000000 0.00000000
vt 0.00000000 0.00000000
vt 0.00000000 0.00000000
vt 0.97647101 0.85490203
vt 0.00000000 0.00000000
vt 0.00000000 0.00000000
vt 0.00000000 0.00000000
vt 0.00000000 0.00000000
vt 0.00000000 0.00000000
vt 0.03921600 0.93333298
vt 0.00000000 0.51764703
vt 0.00000000 0.00000000
vt 0.00000000 0.00000000
vt 0.00000000 0.51764703
vt 0.00000000 0.00000000
vt 0.00000000 1.00000000
vt 0.00000000 0.00000000
vt 0.00000000 0.00000000
vt 0.00000000 0.00000000
vt 0.39215699 0.72156900
vt 0.00000000 0.00000000
vt 0.13333300 0.84705901
vt 0.00000000 0.00000000
vt 0.00000000 0.00000000
vt 0.97647101 0.14509800
vt 0.00000000 0.00000000
vt 1.00000000 0.33333299
vt 0.00000000 0.00000000
vt 0.00000000 0.00000000
vt 0.00000000 0.00000000
vt 0.00000000 0.00000000
vt 0.00000000 0.00000000
vt 0.00000000 0.00000000
vt 0.00000000 0.00000000
vt 0.00000000 0.87843102
vt 0.00000000 0.00000000
vt 0.80784303 0.00392200
vt 0.00000000 0.00000000
vt 0.00000000 0.00000000
vt 1.00000000 0.52548999
vt 0.98431402 0.62352902
vt 0.00000000 0.00000000
vt 0.00000000 0.00000000
vt 0.09019600 1.00000000
vt 0.00000000 0.00000000
vt 0.00000000 0.00000000
vt 0.00000000 0.00000000
vt 0.00000000 0.00000000
vt 0.00000000 0.00000000
vt 0.00000000 0.00000000
vt 0.50196099 0.75294101
vt 1.00000000 0.67451000
vt 0.00000000 0.00000000
vt 1.00000000 0.16078401
vt 0.00000000 0.00000000
vt 0.00000000 0.00000000
vt 1.00000000 0.16078401
vt 0.00000000 0.00000000
vt 0.00000000 0.00000000
vt 0.00000000 0.00000000
vt 0.00000000 0.00000000
vt 0.00000000 0.00000000
vt 0.24705900 0.99215698
vt 0.00000000 0.00000000
vt 0.50196099 0.87843102
vt 0.00000000 0.14509800
vt 0.00000000 0.00000000
vt 0.50196099 0.87843102
vt 0.00000000 0.00000000
vt 0.00000000 0.14509800
vt 0.00000000 0.00000000
vt 0.00000000 0.59607798
vt 0.00000000 0.00000000
vt 0.00000000 0.00000000
vt 0.50196099 0.87843102
vt 0.50980401 0.00000000
vt 0.00000000 0.00000000
vt 0.00000000 0.00000000
vt 0.00000000 0.00000000
vt 0.00000000 0.00000000
vt 0.00000000 0.00000000
vt 0.00000000 0.00000000
vt 1.00000000 0.15294100
vt 0.00000000 0.00000000
vt 0.00000000 0.16862699
vt 0.49803901 0.87843102
vt 0.00000000 0.00000000
vt 0.00000000 0.00000000
vt 0.00000000 0.00000000
vt 0.00000000 0.41568601
vt 0.00000000 0.33333299
vt 0.00000000 0.08235300
vt 0.50196099 0.75294101
vt 0.00000000 0.00000000
vt 0.50196099 0.16078401
vt 0.00000000 0.00000000
vt 0.50980401 0.00000000
vt 0.00000000 0.00000000
vt 0.00000000 0.00000000
vt 0.00000000 0.00000000
vt 0.50196099 0.45882401
vt 0.00000000 0.00000000
vt 0.00000000 0.00000000
vt 0.00000000 0.00000000
vt 0.50196099 0.52941197
vt 0.00000000 0.00000000
vt 0.00000000 0.28235301
vt 0.07843100 0.28235301
vt 0.00000000 0.16078401
vt 0.00000000 0.16078401
vt 0.07843100 0.28235301
vt 0.07843100 0.16078401
vt 0.32156900 0.16078401
vt 0.07843100 0.16078401
vt 0.32156900 0.28235301
vt 0.32156900 0.28235301
vt 0.07843100 0.16078401
vt 0.07843100 0.28235301
vt 0.32156900 0.40392199
vt 0.07843100 0.40392199
vt 0.32156900 0.52548999
vt 1.00000000 0.76470602
vt 0.00000000 0.78431398
vt 0.00000000 0.67843097
vt 1.00000000 0.76470602
vt 0.00000000 0.67843097
vt 1.00000000 0.66274500
vt 1.00000000 0.66274500
vt 0.00000000 0.67843097
vt 0.00000000 0.57254899
vt 0.69411802 0.10588200
vt 0.69411802 0.31372601
vt 0.84705901 0.31372601
vt 0.10980400 0.49411801
vt 0.33333299 0.46666700
vt 0.33333299 0.56862700
vt 1.00000000 1.00000000
vt 0.83529401 1.00000000
vt 1.00000000 0.87058800
vt 0.33333299 0.35686299
vt 0.10588200 0.46666700
vt 0.08235300 0.35686299
vt 0.00000000 0.00000000
vt 1.00000000 0.00000000
vt 0.00000000 0.17254899
vt 0.61176503 0.00000000
vt 0.61568600 0.16470601
vt 0.74117601 0.00000000
vt 0.66666698 0.87843102
vt 0.83529401 1.00000000
vt 0.66666698 1.00000000
vt 0.41176501 0.80392200
vt 0.41176501 0.56862700
vt 0.17647099 0.56862700
vt 0.41176501 0.80392200
vt 0.17647099 0.56862700
vt 0.17647099 0.80392200
vt 0.64705902 0.80392200
vt 0.41176501 0.80392200
vt 0.52941197 1.00000000
vt 0.08627500 0.25097999
vt 0.25097999 0.25097999
vt 0.25097999 0.49803901
vt 0.25097999 0.49803901
vt 0.25097999 0.25097999
vt 0.50196099 0.25097999
vt 0.25097999 0.49803901
vt 0.50196099 0.25097999
vt 0.50196099 0.49803901
vt 0.08627500 0.25097999
vt 0.25097999 0.49803901
vt 0.06666700 0.49803901
vt 0.25097999 0.50196099
vt 0.25097999 0.74901998
vt 0.09411800 0.74901998
vt 0.32156900 0.52548999
vt 0.07843100 0.40392199
vt 0.07843100 0.52548999
vt 0.00000000 0.52548999
vt 0.00000000 0.40392199
vt 1.00000000 0.42745101
vt 1.00000000 0.00000000
vt 0.00000000 0.43529400
vt 0.07843100 0.30980399
vt 0.69411802 0.31372601
vt 0.69411802 0.52548999
vt 0.84705901 0.52548999
vt 0.69411802 0.31372601
vt 0.84705901 0.52548999
vt 0.84705901 0.31372601
vt 0.53725499 0.10588200
vt 0.47843099 0.00000000
vt 0.38431400 0.10588200
vt 0.23137300 0.16470601
vt 0.42352900 0.16470601
vt 0.35294101 0.00000000
vt 0.35294101 0.00000000
vt 0.42352900 0.16470601
vt 0.48235300 0.00000000
vt 0.61568600 0.32941201
vt 0.80784303 0.32941201
vt 0.61568600 0.16470601
vt 0.61176503 0.00000000
vt 0.48235300 0.00000000
vt 0.61568600 0.16470601
vt 0.61568600 0.16470601
vt 0.48235300 0.00000000
vt 0.42352900 0.16470601
vt 0.61568600 0.16470601
vt 0.42352900 0.16470601
vt 0.61568600 0.32941201
vt 0.61568600 0.32941201
vt 0.42352900 0.16470601
vt 0.42352900 0.32941201
vt 0.35294101 0.00000000
vt 0.19607800 0.10588200
vt 0.23137300 0.16470601
vt 0.50196099 0.39215699
vt 0.03921600 0.39215699
vt 0.50196099 0.30588201
vt 0.50196099 0.30588201
vt 0.03921600 0.39215699
vt 0.03137300 0.30588201
vt 0.33333299 0.97254902
vt 0.33333299 0.95294100
vt 0.53333300 0.95294100
vt 0.53333300 0.95294100
vt 0.33333299 0.95294100
vt 0.66666698 0.94117701
vt 0.66666698 0.67843097
vt 1.00000000 0.90588200
vt 0.66666698 0.94117701
vt 0.66666698 0.47058800
vt 0.33333299 0.47058800
vt 0.66666698 0.26274499
vt 0.33333299 0.38039199
vt 0.33333299 0.25097999
vt 0.66666698 0.25097999
vt 0.66666698 0.38039199
vt 0.33333299 0.38039199
vt 0.66666698 0.25097999
vt 0.33333299 0.63921601
vt 0.33333299 0.50980401
vt 0.66666698 0.50980401
vt 0.66666698 0.77254897
vt 0.33333299 0.90588200
vt 0.33333299 0.77254897
vt 0.66666698 0.63921601
vt 0.33333299 0.63921601
vt 0.66666698 0.50980401
vt 0.33333299 0.21960799
vt 0.66666698 0.05882400
vt 0.66666698 0.21960799
vt 0.10980400 0.49411801
vt 0.10588200 0.46666700
vt 0.33333299 0.46666700
vt 0.33333299 0.46666700
vt 0.10588200 0.46666700
vt 0.33333299 0.35686299
vt 0.66666698 0.56862700
vt 0.33333299 0.56862700
vt 0.33333299 0.46666700
vt 0.66666698 0.56862700
vt 0.33333299 0.46666700
vt 0.66666698 0.46666700
vt 1.00000000 0.75294101
vt 0.50196099 0.75294101
vt 1.00000000 0.67451000
vt 1.00000000 0.67451000
vt 0.50196099 0.75294101
vt 0.50196099 0.67451000
vt 1.00000000 0.67451000
vt 0.50196099 0.67451000
vt 1.00000000 0.60392201
vt 1.00000000 0.60392201
vt 0.50196099 0.67451000
vt 0.50196099 0.60392201
vt 1.00000000 0.45882401
vt 0.50196099 0.45882401
vt 0.50196099 0.30980399
vt 1.00000000 0.45882401
vt 0.50196099 0.30980399
vt 1.00000000 0.30980399
vt 1.00000000 0.30980399
vt 0.50196099 0.30980399
vt 0.50196099 0.23529400
vt 0.66666698 0.74509799
vt 0.33333299 0.74509799
vt 0.33333299 0.61176503
vt 0.50196099 1.00000000
vt 0.33333299 1.00000000
vt 0.33333299 0.87843102
vt 0.33333299 0.87843102
vt 0.33333299 1.00000000
vt 0.20000000 1.00000000
vt 0.66666698 1.00000000
vt 0.50196099 1.00000000
vt 0.66666698 0.87843102
vt 0.66666698 0.87843102
vt 0.50196099 1.00000000
vt 0.33333299 0.87843102
vt 0.66666698 0.47843099
vt 1.00000000 0.61176503
vt 0.66666698 0.61176503
vt 0.66666698 0.61176503
vt 0.66666698 0.74509799
vt 0.33333299 0.61176503
vt 0.33333299 0.47843099
vt 0.05098000 0.47843099
vt 0.33333299 0.34509799
vt 0.33333299 0.47843099
vt 0.33333299 0.34509799
vt 0.66666698 0.47843099
vt 0.66666698 0.47843099
vt 0.33333299 0.34509799
vt 0.66666698 0.34509799
vt 0.04313700 1.00000000
vt 0.00000000 0.00000000
vt 0.00000000 0.00000000
vt 0.95686299 1.00000000
vt 0.06666700 0.02352900
vt 0.00000000 0.00000000
vt 0.48235300 0.00000000
vt 0.20000000 1.00000000
vt 0.33333299 1.00000000
vt 0.48235300 0.00000000
vt 0.33333299 1.00000000
vt 0.50196099 1.00000000
vt 0.48235300 0.00000000
vt 0.23529400 0.09019600
vt 0.00000000 0.03921600
vt 0.06666700 0.02352900
vt 0.05098000 0.43137300
vt 0.07451000 0.35686299
vt 0.01176500 0.03921600
vt 0.01960800 0.02352900
vt 0.00000000 0.00000000
vt 0.33333299 0.87843102
vt 0.20000000 1.00000000
vt 0.41176501 0.33333299
vt 0.41176501 0.09803900
vt 1.00000000 0.08235300
vt 1.00000000 0.12548999
vt 0.00000000 0.00000000
vt 0.00000000 0.50588202
vt 0.00000000 0.37647101
vt 0.00000000 0.00000000
vt 0.00000000 0.78431398
vt 0.33725500 0.86666697
vt 0.00000000 0.78431398
vt 0.00000000 0.00000000
vt 0.00000000 0.00000000
vt 0.00000000 0.78431398
vt 1.00000000 0.76470602
vt 0.00000000 0.00000000
vt 0.00000000 0.00000000
vt 1.00000000 0.76862800
vt 1.00000000 0.88235301
vt 0.33333299 0.07843100
vt 0.00000000 0.00000000
vt 0.05098000 0.43137300
vt 0.01960800 0.50196099
vt 0.00000000 0.00000000
vt 0.00000000 0.03921600
vt 0.23529400 0.09019600
vt 0.00000000 0.40392199
vt 0.07843100 0.40392199
vt 0.07843100 0.28235301
vt 0.00000000 0.28235301
vt 0.00000000 0.72548997
vt 0.00000000 0.44705901
vt 0.99607801 0.44705901
vt 0.99215698 0.72548997
vt 0.33333299 0.35686299
vt 0.33333299 0.21960799
vt 0.66666698 0.21960799
vt 0.66666698 0.35686299
vt 0.66666698 0.74509799
vt 1.00000000 0.74509799
vt 0.66666698 0.87843102
vt 1.00000000 0.74509799
vt 0.83529401 1.00000000
vt 0.66666698 0.87843102
vt 0.83529401 1.00000000
vt 0.00000000 0.00000000
vt 0.66666698 1.00000000
vt 0.00000000 0.76078397
vt 0.00000000 0.00000000
vt 1.00000000 0.66666698
vt 0.00000000 0.01960800
vt 0.00000000 0.00000000
vt 0.00000000 0.00000000
vt 0.00000000 0.00000000
vt 0.00000000 0.00000000
vt 0.00000000 0.76078397
vt 1.00000000 0.66666698
vt 0.50196099 0.62352902
vt 0.50196099 0.81176502
vt 0.01960800 0.81176502
vt 0.03529400 0.62352902
vt 0.36470601 0.00000000
vt 0.00000000 0.00000000
vt 0.49411801 0.00000000
vt 0.00000000 0.00000000
vt 0.50196099 0.56470603
vt 0.50196099 0.39215699
vt 1.00000000 0.39215699
vt 0.00000000 0.44705901
vt 0.00000000 0.17254899
vt 0.00000000 0.00000000
vt 0.99607801 0.44705901
vt 0.33333299 0.25097999
vt 0.00000000 0.00000000
vt 0.00000000 0.00000000
vt 0.22745100 0.92549002
vt 0.13333300 0.84705901
vt 0.00000000 0.00000000
vt 0.00000000 0.00000000
vt 0.00000000 0.00000000
vt 0.98431402 0.62352902
vt 1.00000000 0.52548999
vt 0.00000000 0.00000000
vt 0.00000000 0.67843097
vt 0.00000000 0.78431398
vt 0.69411802 0.10588200
vt 0.53725499 0.10588200
vt 0.53725499 0.31372601
vt 0.69411802 0.31372601
vt 0.00000000 0.00000000
vt 0.16078401 0.30588201
vt 0.00000000 0.00000000
vt 0.00000000 0.00000000
vt 0.33333299 0.21176501
vt 0.33333299 0.34509799
vt 0.07451000 0.35686299
vt 0.05098000 0.43137300
vt 0.32156900 0.16078401
vt 0.00000000 0.00000000
vt 0.32156900 0.03921600
vt 0.25097999 0.25097999
vt 0.08627500 0.25097999
vt 0.00000000 0.00000000
vt 0.00000000 0.17254899
vt 1.00000000 0.61176503
vt 0.00000000 0.00000000
vt 1.00000000 0.74509799
vt 1.00000000 0.95686299
vt 1.00000000 1.00000000
vt 0.83529401 1.00000000
vt 1.00000000 0.95686299
vt 0.00000000 0.00000000
vt 1.00000000 1.00000000
vt 0.00000000 0.16862699
vt 0.00000000 0.08235300
vt 0.00000000 0.00000000
vt 0.49803901 0.87843102
vt 0.23529400 0.00000000
vt 0.00000000 0.00000000
vt 0.36470601 0.00000000
vt 0.00000000 0.00000000
vt 0.66666698 0.12156900
vt 0.66666698 0.00000000
vt 1.00000000 0.66666698
vt 0.00000000 0.81960797
vt 0.66666698 0.00000000
vt 0.00000000 0.00000000
vt 0.66666698 0.25097999
vt 0.66666698 0.12156900
vt 1.00000000 0.61176503
vt 1.00000000 0.74509799
vt 0.66666698 0.74509799
vt 0.66666698 0.61176503
vt 0.66666698 0.77254897
vt 0.33333299 0.77254897
vt 0.33333299 0.63921601
vt 0.66666698 0.63921601
vt 0.33333299 0.50980401
vt 0.00000000 0.00000000
vt 0.33333299 0.38039199
vt 0.01568600 0.62745100
vt 0.00000000 0.00000000
vt 0.00000000 0.51764703
vt 0.00000000 0.59607798
vt 0.97254902 0.66274500
vt 0.93333298 0.75686300
vt 0.00000000 0.00000000
vt 0.00000000 0.61568600
vt 0.00000000 0.65098000
vt 0.00000000 0.00000000
vt 0.70980400 0.95294100
vt 0.61568600 0.98823500
vt 0.00000000 0.00000000
vt 0.61568600 0.98823500
vt 0.51764703 1.00000000
vt 0.00000000 0.00000000
vt 0.50980401 0.00000000
vt 0.50196099 0.87843102
vt 0.00000000 0.00000000
vt 0.00000000 0.00000000
vt 0.09411800 0.74901998
vt 0.25097999 0.74901998
vt 0.00000000 0.00000000
vt 0.00000000 0.35686299
vt 0.00000000 0.46274501
vt 0.00000000 0.00000000
vt 0.00000000 0.46274501
vt 0.00000000 0.57254899
vt 0.00000000 0.00000000
vt 0.00000000 0.57254899
vt 0.00000000 0.67843097
vt 0.00000000 0.00000000
vt 0.33333299 0.77254897
vt 0.33333299 0.90588200
vt 0.00000000 0.00000000
vt 0.00000000 0.57254899
vt 0.00000000 0.00000000
vt 1.00000000 0.66274500
vt 0.07843100 0.52548999
vt 0.07843100 0.40392199
vt 0.00000000 0.40392199
vt 0.00000000 0.52548999
vt 0.32156900 0.16078401
vt 0.32156900 0.03921600
vt 0.07843100 0.03921600
vt 0.07843100 0.16078401
vt 0.07451000 0.35686299
vt 0.33333299 0.34509799
vt 0.05098000 0.47843099
vt 0.66666698 0.74509799
vt 0.66666698 0.87843102
vt 0.33333299 0.87843102
vt 0.33333299 0.74509799
vt 0.00000000 1.00000000
vt 0.00000000 0.95686299
vt 0.00000000 0.00000000
vt 0.66666698 0.47843099
vt 0.00000000 0.00000000
vt 0.00000000 0.00000000
vt 0.50196099 0.30588201
vt 0.03137300 0.30588201
vt 0.00000000 0.00000000
vt 1.00000000 0.95686299
vt 1.00000000 0.91764700
vt 0.00000000 0.00000000
vt 0.00000000 0.00000000
vt 0.50196099 0.44313699
vt 0.50196099 0.62352902
vt 0.03529400 0.62352902
vt 0.80000001 1.00000000
vt 0.66666698 0.91372597
vt 0.00000000 0.00000000
vt 0.00000000 0.65098000
vt 0.25097999 0.93333298
vt 0.30980399 0.96078402
vt 0.01960800 0.81176502
vt 0.00000000 0.81960797
vt 1.00000000 0.66666698
vt 0.00000000 0.00000000
vt 0.00000000 0.00000000
vt 0.96862799 0.98431402
vt 0.96470600 0.98823500
vt 0.01568600 0.98039198
vt 0.02352900 0.98431402
vt 0.66666698 0.47843099
vt 0.66666698 0.34509799
vt 0.66666698 0.77254897
vt 0.66666698 0.63921601
vt 0.66666698 0.50980401
vt 1.00000000 0.50980401
vt 0.00000000 0.00000000
vt 0.66666698 0.50980401
vt 0.66666698 0.07843100
vt 0.66666698 0.21176501
vt 0.33333299 0.21176501
vt 0.33333299 0.07843100
vt 0.05882400 0.61176503
vt 0.06666700 0.74509799
vt 1.00000000 0.88235301
vt 1.00000000 0.76862800
vt 0.00000000 0.00000000
vt 0.00000000 0.17254899
vt 1.00000000 0.00000000
vt 0.01176500 0.24705900
vt 0.01176500 0.12548999
vt 0.00000000 0.00000000
vt 0.01176500 0.12548999
vt 0.93333298 0.75686300
vt 0.97254902 0.66274500
vt 0.66666698 0.14117600
vt 0.66666698 0.09019600
vt 0.00000000 0.00000000
vt 0.00000000 0.00000000
vt 0.00000000 0.65098000
vt 0.00000000 0.61568600
vt 0.75294101 0.51764703
vt 0.37254900 0.01568600
vt 0.00000000 0.00000000
vt 0.99607801 0.93725502
vt 0.66666698 0.91372597
vt 0.66666698 0.86666697
vt 0.00000000 0.00000000
vt 0.66666698 0.86666697
vt 0.61568600 0.98823500
vt 0.70980400 0.95294100
vt 0.00000000 0.00000000
vt 0.51764703 1.00000000
vt 0.61568600 0.98823500
vt 0.50196099 0.25097999
vt 0.25097999 0.25097999
vt 0.00000000 0.17254899
vt 0.00000000 0.44705901
vt 0.00000000 0.00000000
vt 0.25097999 0.50196099
vt 0.09411800 0.74901998
vt 0.25097999 0.50196099
vt 0.00000000 0.00000000
vt 0.25097999 0.74901998
vt 0.00000000 0.00000000
vt 0.00000000 0.46274501
vt 0.00000000 0.35686299
vt 0.00000000 0.66666698
vt 0.00000000 0.58431399
vt 0.00000000 0.46274501
vt 0.33333299 0.47843099
vt 0.33333299 0.61176503
vt 0.05882400 0.61176503
vt 0.05098000 0.47843099
vt 0.66666698 0.77254897
vt 0.00000000 0.00000000
vt 0.33333299 0.90588200
vt 0.00000000 0.00000000
vt 0.33333299 1.00000000
vt 0.33333299 0.90588200
vt 0.33333299 1.00000000
vt 0.00000000 0.00000000
vt 0.33333299 0.90588200
vt 0.33333299 1.00000000
vt 0.84705901 0.10588200
vt 0.89803898 0.00000000
vt 0.84705901 0.10588200
vt 0.84705901 0.31372601
vt 0.00000000 0.00000000
vt 1.00000000 0.45882401
vt 0.00000000 0.52548999
vt 1.00000000 0.42745101
vt 0.66666698 0.26274499
vt 0.33333299 0.26274499
vt 0.33333299 0.21176501
vt 0.66666698 0.21176501
vt 0.01960800 0.50196099
vt 0.05098000 0.43137300
vt 0.01960800 0.02352900
vt 0.33333299 0.74509799
vt 0.06666700 0.74509799
vt 0.05882400 0.61176503
vt 0.33333299 0.61176503
vt 0.00000000 0.00000000
vt 0.00000000 0.57254899
vt 0.00000000 0.46274501
vt 1.00000000 0.45882401
vt 0.66666698 0.47843099
vt 0.66666698 0.61176503
vt 0.33333299 0.61176503
vt 0.33333299 0.47843099
vt 0.98431402 0.62745100
vt 0.93333298 0.74901998
vt 0.00000000 0.00000000
vt 0.00000000 0.00000000
vt 0.37254900 0.01568600
vt 0.43529400 0.00392200
vt 0.00000000 0.00000000
vt 0.33333299 0.42352900
vt 0.33333299 0.49803901
vt 0.65490198 0.22352900
vt 0.59215701 0.25097999
vt 0.00000000 0.00000000
vt 0.50196099 0.52941197
vt 0.50196099 0.45882401
vt 1.00000000 0.45882401
vt 0.00000000 0.00000000
vt 0.00000000 0.16470601
vt 1.00000000 0.16862699
vt 1.00000000 0.25097999
vt 0.00000000 0.16470601
vt 0.00000000 0.00000000
vt 0.37254900 0.01568600
vt 0.00000000 0.00000000
vt 0.43529400 0.00392200
vt 0.43921599 0.00000000
vt 0.00000000 0.91764700
vt 0.00000000 0.95686299
vt 0.00000000 0.91764700
vt 0.00000000 0.00000000
vt 0.00000000 0.95686299
vt 0.01568600 0.98039198
vt 0.00000000 0.00000000
vt 0.00000000 0.00000000
vt 0.00000000 0.00000000
vt 0.50196099 0.39215699
vt 0.50196099 0.30588201
vt 0.03921600 0.39215699
vt 0.03529400 0.62352902
vt 0.01960800 0.81176502
vt 0.03137300 0.30588201
vt 0.80784303 0.32941201
vt 0.61568600 0.32941201
vt 0.00000000 0.00000000
vt 0.00000000 0.50196099
vt 1.00000000 0.45882401
vt 0.00000000 0.46274501
vt 0.00000000 0.58431399
vt 0.00000000 0.00000000
vt 0.50196099 0.81176502
vt 0.50196099 0.62352902
vt 0.53725499 0.31372601
vt 0.53725499 0.10588200
vt 0.00000000 0.00000000
vt 0.53725499 0.10588200
vt 0.38431400 0.10588200
vt 0.00000000 0.00000000
vt 0.38431400 0.10588200
vt 0.30980399 0.96078402
vt 0.25097999 0.93333298
vt 0.00000000 0.50196099
vt 0.41176501 0.00000000
vt 0.41176501 0.09803900
vt 0.00392200 0.36862701
vt 0.66666698 1.00000000
vt 0.66666698 0.90588200
vt 0.66666698 0.77254897
vt 0.66666698 0.90588200
vt 0.00000000 0.00000000
vt 0.66666698 0.77254897
vt 0.84705901 0.52548999
vt 0.84705901 0.73333299
vt 0.00000000 0.00000000
vt 0.00000000 0.00000000
vt 0.00000000 0.14509800
vt 0.00000000 0.00000000
vt 0.00000000 0.00000000
vt 0.84705901 0.10588200
vt 0.33333299 1.00000000
vt 0.84705901 0.31372601
vt 0.33333299 1.00000000
vt 0.69411802 0.10588200
vt 0.84705901 0.31372601
vt 0.69411802 0.52548999
vt 0.00000000 0.00000000
vt 0.84705901 0.52548999
vt 0.00000000 0.00000000
vt 0.84705901 0.73333299
vt 0.84705901 0.52548999
vt 0.94117701 0.50196099
vt 0.49803901 0.50196099
vt 0.00000000 0.00000000
vt 0.00000000 0.77647102
vt 0.00000000 0.80784303
vt 0.00000000 0.00000000
vt 0.66666698 0.21176501
vt 0.66666698 0.34509799
vt 0.33333299 0.34509799
vt 0.33333299 0.21176501
vt 1.00000000 0.50196099
vt 1.00000000 0.74901998
vt 0.00000000 0.00000000
vt 0.00000000 0.00000000
vt 0.00000000 0.80784303
vt 0.00000000 0.77647102
vt 0.66666698 0.09019600
vt 0.66666698 0.14117600
vt 0.01176500 0.12548999
vt 0.00000000 0.00000000
vt 0.66666698 0.91372597
vt 0.80000001 1.00000000
vt 0.00000000 0.00000000
vt 0.66666698 0.86666697
vt 0.66666698 0.91372597
vt 0.00000000 0.00000000
vt 1.00000000 0.74901998
vt 1.00000000 0.50196099
vt 1.00000000 0.74901998
vt 1.00000000 0.66666698
vt 0.25097999 0.49803901
vt 0.00000000 0.00000000
vt 0.06666700 0.49803901
vt 0.25097999 0.49803901
vt 0.13333300 0.84705901
vt 0.06274500 0.74509799
vt 0.00000000 0.00000000
vt 0.00000000 0.00000000
vt 0.56470603 0.00392200
vt 0.62745100 0.01568600
vt 0.00000000 0.00000000
vt 0.00000000 0.80784303
vt 0.00000000 0.78823501
vt 0.00000000 0.58431399
vt 0.00000000 0.78823501
vt 0.00000000 0.50196099
vt 0.00000000 0.58431399
vt 0.00000000 1.00000000
vt 0.00000000 0.95686299
vt 0.00000000 0.50196099
vt 0.41176501 0.33333299
vt 0.17647099 0.33333299
vt 0.17647099 0.56862700
vt 0.41176501 0.56862700
vt 0.66666698 0.90588200
vt 0.66666698 1.00000000
vt 0.00000000 0.00000000
vt 0.69411802 0.10588200
vt 0.33333299 1.00000000
vt 0.00000000 0.00000000
vt 0.21960799 0.40784299
vt 0.00000000 0.00000000
vt 0.03529400 0.62352902
vt 0.03921600 0.39215699
vt 0.00000000 0.00000000
vt 0.32156900 0.64705902
vt 0.32156900 0.52548999
vt 0.32156900 0.64705902
vt 0.00000000 0.00000000
vt 0.32156900 0.52548999
vt 0.66666698 0.25097999
vt 0.33333299 0.25097999
vt 0.33333299 0.12156900
vt 0.66666698 0.12156900
vt 0.66666698 0.07843100
vt 0.00000000 0.00000000
vt 0.66666698 0.21176501
vt 0.00000000 0.00000000
vt 0.66666698 0.34509799
vt 0.66666698 0.21176501
vt 0.00000000 0.16470601
vt 0.00000000 0.00000000
vt 0.00000000 0.00000000
vt 1.00000000 0.30588201
vt 1.00000000 0.38431400
vt 0.00000000 0.16470601
vt 0.00000000 0.00000000
vt 0.00000000 0.16470601
vt 1.00000000 0.25097999
vt 1.00000000 0.38431400
vt 1.00000000 0.30588201
vt 1.00000000 0.23137300
vt 1.00000000 0.38431400
vt 1.00000000 0.23137300
vt 1.00000000 0.15294100
vt 1.00000000 0.38431400
vt 0.00000000 0.00000000
vt 1.00000000 0.50196099
vt 1.00000000 0.38431400
vt 1.00000000 0.50196099
vt 0.98431402 0.61960799
vt 1.00000000 0.38431400
vt 0.98431402 0.61960799
vt 0.94117701 0.73333299
vt 1.00000000 0.38431400
vt 0.94117701 0.73333299
vt 0.87450999 0.83529401
vt 1.00000000 0.38431400
vt 0.87450999 0.83529401
vt 0.78431398 0.91372597
vt 1.00000000 0.38431400
vt 0.00000000 0.00000000
vt 0.43921599 1.00000000
vt 1.00000000 0.38431400
vt 0.00000000 0.00000000
vt 1.00000000 0.30588201
vt 1.00000000 0.38431400
vt 1.00000000 0.30588201
vt 1.00000000 0.23137300
vt 1.00000000 0.38431400
vt 1.00000000 0.23137300
vt 1.00000000 0.15294100
vt 1.00000000 0.38431400
vt 0.00000000 0.00000000
vt 0.00000000 0.50196099
vt 1.00000000 0.38431400
vt 0.00000000 0.50196099
vt 0.01568600 0.38039199
vt 1.00000000 0.38431400
vt 0.01568600 0.38039199
vt 0.05882400 0.26666701
vt 1.00000000 0.38431400
vt 0.05882400 0.26666701
vt 0.12548999 0.16470601
vt 1.00000000 0.38431400
vt 0.12548999 0.16470601
vt 0.21568599 0.08627500
vt 1.00000000 0.38431400
vt 0.21568599 0.08627500
vt 0.32156900 0.02745100
vt 1.00000000 0.38431400
vt 0.32156900 0.02745100
vt 0.43921599 0.00000000
vt 1.00000000 0.38431400
vt 0.43921599 0.00000000
vt 0.56078398 0.00000000
vt 0.32156900 0.02745100
vt 0.00000000 0.91764700
vt 0.43921599 0.00000000
vt 0.32156900 0.02745100
vt 0.00000000 0.87450999
vt 0.00000000 0.91764700
vt 0.00000000 0.87450999
vt 0.00000000 0.00000000
vt 0.00000000 0.91764700
vt 0.19607800 0.10588200
vt 0.35294101 0.00000000
vt 0.00000000 0.00000000
vt 0.00000000 0.00000000
vt 1.00000000 0.15294100
vt 1.00000000 0.23137300
vt 0.00000000 0.00000000
vt 0.00000000 0.00000000
vt 1.00000000 0.39215699
vt 0.50196099 0.39215699
vt 0.00000000 0.00000000
vt 0.00000000 0.00000000
vt 0.50196099 0.62352902
vt 0.50196099 0.44313699
vt 0.61568600 0.32941201
vt 0.42352900 0.32941201
vt 0.00000000 0.00000000
vt 0.83529401 0.00000000
vt 0.80784303 0.16470601
vt 0.80784303 0.32941201
vt 0.80784303 0.16470601
vt 0.74117601 0.00000000
vt 0.80784303 0.32941201
vt 0.74117601 0.00000000
vt 0.61568600 0.16470601
vt 0.80784303 0.32941201
vt 0.00000000 0.74901998
vt 0.00000000 0.66666698
vt 0.00000000 0.00000000
vt 0.00000000 0.00000000
vt 0.88235301 0.59215701
vt 0.96862799 0.48235300
vt 0.00000000 0.00000000
vt 0.69411802 0.52548999
vt 0.69411802 0.31372601
vt 0.00000000 0.00000000
vt 0.69411802 0.31372601
vt 0.53725499 0.31372601
vt 0.00000000 0.00000000
vt 0.00000000 0.72548997
vt 0.00000000 0.63529402
vt 0.50196099 0.44313699
vt 0.00000000 0.00000000
vt 0.50196099 0.35294101
vt 0.50196099 0.44313699
vt 0.00000000 0.00000000
vt 0.00000000 0.00000000
vt 0.53725499 0.10588200
vt 0.47843099 0.00000000
vt 0.00000000 0.00000000
vt 0.38431400 0.10588200
vt 0.00000000 0.00000000
vt 0.99607801 0.97254902
vt 1.00000000 0.96862799
vt 0.00000000 0.00000000
vt 0.00000000 0.87843102
vt 0.24705900 0.87843102
vt 0.00000000 0.00000000
vt 0.99215698 0.72548997
vt 0.99607801 0.44705901
vt 0.49803901 0.50196099
vt 1.00000000 0.25097999
vt 1.00000000 0.16470601
vt 0.49803901 0.50196099
vt 1.00000000 0.16470601
vt 1.00000000 0.12548999
vt 0.49803901 0.50196099
vt 1.00000000 0.12548999
vt 1.00000000 0.08235300
vt 0.49803901 0.50196099
vt 0.66666698 0.16078401
vt 0.33333299 0.16078401
vt 0.00000000 0.80784303
vt 0.00000000 0.72548997
vt 0.99215698 0.72548997
vt 0.00000000 0.00000000
vt 0.00392200 1.00000000
vt 0.00000000 0.72548997
vt 0.00000000 0.00000000
vt 0.00000000 0.44705901
vt 0.00000000 0.00000000
vt 0.50196099 0.49803901
vt 0.50196099 0.25097999
vt 0.14117600 0.07451000
vt 0.04313700 0.11764700
vt 0.00000000 0.00000000
vt 1.00000000 0.74901998
vt 1.00000000 0.50196099
vt 0.00000000 0.00000000
vt 1.00000000 0.16078401
vt 0.66666698 0.16078401
vt 0.00000000 0.00000000
vt 0.06666700 0.74509799
vt 0.33333299 0.74509799
vt 0.33333299 0.87843102
vt 0.00000000 0.00000000
vt 0.56470603 0.99607801
vt 0.62745100 0.98431402
vt 0.50196099 0.49803901
vt 0.62745100 0.98431402
vt 0.74901998 0.93333298
vt 0.50196099 0.49803901
vt 0.62745100 0.98431402
vt 0.00000000 0.00000000
vt 0.74901998 0.93333298
vt 0.00000000 0.28235301
vt 0.00000000 0.16078401
vt 1.00000000 0.76470602
vt 1.00000000 0.66274500
vt 0.00000000 0.00000000
vt 1.00000000 0.66666698
vt 1.00000000 0.74901998
vt 0.00000000 0.00000000
vt 0.00000000 0.01960800
vt 0.00000000 0.04313700
vt 0.00000000 0.00000000
vt 0.00000000 0.00000000
vt 0.00000000 0.16862699
vt 0.00000000 0.00000000
vt 0.00000000 0.16862699
vt 0.00000000 0.21176501
vt 0.00000000 0.00000000
vt 0.00000000 0.00000000
vt 0.00000000 0.50196099
vt 0.00000000 0.00000000
vt 0.00000000 0.50196099
vt 0.00392200 0.56470603
vt 0.00000000 0.00000000
vt 0.00392200 0.56470603
vt 0.01568600 0.62745100
vt 0.00000000 0.00000000
vt 0.00000000 0.00000000
vt 0.00000000 0.41568601
vt 0.00000000 0.00000000
vt 0.00000000 0.00000000
vt 0.50196099 1.00000000
vt 0.00000000 0.00000000
vt 0.00000000 0.00000000
vt 0.00000000 0.58431399
vt 0.00000000 0.00000000
vt 0.00000000 0.58431399
vt 0.00000000 0.66666698
vt 0.00000000 0.00000000
vt 0.00000000 0.66666698
vt 0.00000000 0.74901998
vt 0.00000000 0.00000000
vt 0.00000000 0.00000000
vt 0.98431402 0.62745100
vt 0.00000000 0.00000000
vt 0.00000000 0.00000000
vt 0.00000000 1.00000000
vt 0.00000000 0.00000000
vt 0.00000000 0.78823501
vt 0.00000000 0.80784303
vt 0.00000000 0.00000000
vt 0.00000000 0.89411801
vt 0.00000000 0.93725502
vt 0.00000000 0.00000000
vt 0.62745100 0.01568600
vt 0.56470603 0.00392200
vt 0.96862799 0.98431402
vt 0.66666698 0.38039199
vt 0.66666698 0.25097999
vt 0.00000000 0.00000000
vt 0.48235300 0.00000000
vt 0.00000000 0.00000000
vt 0.01960800 0.50196099
vt 0.00000000 0.00000000
vt 0.48235300 0.00000000
vt 0.61176503 0.00000000
vt 0.00000000 0.00000000
vt 0.87450999 0.83529401
vt 0.94117701 0.73333299
vt 0.00000000 0.00000000
vt 0.00000000 0.00000000
vt 0.00000000 0.00000000
vt 0.83529401 0.00000000
vt 0.66666698 0.07843100
vt 0.00000000 0.00000000
vt 1.00000000 0.23137300
vt 1.00000000 0.30588201
vt 0.66666698 0.94117701
vt 0.33333299 0.95294100
vt 0.41176501 0.33333299
vt 0.41176501 0.56862700
vt 0.00000000 0.00000000
vt 0.01960800 0.02352900
vt 0.00000000 0.00000000
vt 0.32156900 0.03921600
vt 1.00000000 0.33333299
vt 1.00000000 0.25097999
vt 0.00000000 0.00000000
vt 0.00000000 0.00000000
vt 0.00000000 0.00000000
vt 0.00000000 0.00000000
vt 0.21568599 0.08627500
vt 0.00000000 0.00000000
vt 0.32156900 0.02745100
vt 0.00000000 0.00000000
vt 0.23137300 0.16470601
vt 0.19607800 0.10588200
vt 0.74117601 0.00000000
vt 0.80784303 0.16470601
vt 0.83529401 0.00000000
vt 0.00000000 0.00000000
vt 0.50196099 0.78039199
vt 0.50196099 0.56470603
vt 0.66666698 0.50980401
vt 0.33333299 0.50980401
vt 0.33333299 0.38039199
vt 0.66666698 0.38039199
vt 0.25097999 0.20392200
vt 0.00000000 0.00000000
vt 0.21960799 0.40784299
vt 0.42352900 0.16470601
vt 0.00000000 0.00000000
vt 0.42352900 0.32941201
vt 0.42352900 0.16470601
vt 0.28235301 0.73725498
vt 0.28235301 0.87058800
vt 0.66666698 0.35686299
vt 0.66666698 0.21960799
vt 0.61960799 0.01960800
vt 0.74117601 0.04313700
vt 0.93333298 0.25097999
vt 0.98431402 0.37254900
vt 0.28235301 0.87058800
vt 0.23137300 0.16470601
vt 0.28235301 0.73725498
vt 0.42352900 0.16470601
vt 0.00000000 0.00000000
vt 1.00000000 0.00000000
vt 1.00000000 1.00000000
vt 0.95686299 1.00000000
vt 0.00000000 0.00000000
vt 0.00000000 0.00000000
vt 0.00000000 0.00000000
vt 0.00000000 0.63529402
vt 0.00000000 0.72548997
vt 0.00000000 0.00000000
vt 0.96862799 0.48235300
vt 0.88235301 0.59215701
vt 1.00000000 0.91764700
vt 1.00000000 1.00000000
vt 0.96862799 0.48235300
vt 0.00000000 0.73333299
vt 0.00000000 1.00000000
vt 0.96862799 0.48235300
vt 1.00000000 0.76862800
vt 0.79607898 0.60392201
vt 1.00000000 1.00000000
vt 0.79607898 0.60392201
vt 0.00000000 0.00000000
vt 0.00000000 0.00000000
vt 0.33333299 0.16078401
vt 0.33333299 0.21176501
vt 0.00000000 0.00000000
vt 0.33333299 0.21176501
vt 0.33333299 0.26274499
vt 0.00000000 0.00000000
vt 0.33333299 0.26274499
vt 0.66666698 0.26274499
vt 0.00000000 0.00000000
vt 0.41176501 0.56862700
vt 0.17647099 0.56862700
vt 0.00000000 0.00000000
vt 0.50196099 0.52941197
vt 0.00000000 0.00000000
vt 0.00000000 0.00000000
vt 0.50196099 0.60392201
vt 1.00000000 0.08235300
vt 1.00000000 0.04313700
vt 0.99215698 0.72548997
vt 0.41176501 0.09803900
vt 0.41176501 0.00000000
vt 0.99215698 0.72548997
vt 0.66666698 0.54901999
vt 0.66666698 0.36078399
vt 0.99215698 0.72548997
vt 0.50196099 0.23529400
vt 0.50196099 0.16078401
vt 1.00000000 0.16078401
vt 0.00000000 0.00000000
vt 0.17647099 0.33333299
vt 1.00000000 0.12548999
vt 1.00000000 0.16470601
vt 0.17647099 0.33333299
vt 0.41176501 0.33333299
vt 1.00000000 0.12548999
vt 0.00000000 0.00000000
vt 1.00000000 0.04313700
vt 1.00000000 0.08235300
vt 0.00392200 1.00000000
vt 0.00000000 0.00000000
vt 0.00000000 0.72548997
vt 1.00000000 0.58823502
vt 1.00000000 0.70588201
vt 0.00000000 0.72548997
vt 0.62745100 0.98431402
vt 0.56470603 0.99607801
vt 0.00000000 0.00000000
vt 1.00000000 0.58823502
vt 0.00000000 0.00000000
vt 1.00000000 0.70588201
vt 0.66666698 0.67843097
vt 0.00000000 0.00000000
vt 0.00000000 0.00000000
vt 1.00000000 0.50196099
vt 0.66666698 0.94117701
vt 1.00000000 0.90588200
vt 0.66666698 0.67843097
vt 0.66666698 0.52941197
vt 0.00000000 0.00000000
vt 0.66666698 0.52941197
vt 0.17647099 0.06666700
vt 0.29019600 0.03921600
vt 0.17647099 0.06666700
vt 0.14117600 0.07451000
vt 0.00000000 0.00000000
vt 0.17647099 0.06666700
vt 0.66666698 0.52941197
vt 0.14117600 0.07451000
vt 0.66666698 0.52941197
vt 0.66666698 0.47058800
vt 0.14117600 0.07451000
vt 0.66666698 0.47058800
vt 0.66666698 0.26274499
vt 0.14117600 0.07451000
vt 0.66666698 0.26274499
vt 0.04313700 0.11764700
vt 0.14117600 0.07451000
vt 0.02745100 0.12548999
vt 0.00000000 0.00000000
vt 0.04313700 0.11764700
vt 0.79607898 0.60392201
vt 0.11372500 0.30588201
vt 0.00000000 0.00000000
vt 0.11372500 0.30588201
vt 0.00000000 0.00000000
vt 0.00000000 0.00000000
vt 0.11372500 0.30588201
vt 1.00000000 0.50196099
vt 1.00000000 0.74901998
vt 0.33333299 0.16078401
vt 0.66666698 0.16078401
vt 0.66666698 0.21176501
vt 0.33333299 0.21176501
vt 0.41176501 0.80392200
vt 0.17647099 0.80392200
vt 0.62745100 0.98431402
vt 0.00000000 0.33333299
vt 0.00000000 0.00000000
vt 0.00000000 0.16470601
vt 0.00000000 0.04313700
vt 0.00000000 0.01960800
vt 0.00000000 0.00000000
vt 0.00000000 0.00000000
vt 0.00000000 0.00000000
vt 0.50196099 0.44313699
vt 0.50196099 0.35294101
vt 0.00000000 0.21176501
vt 0.00000000 0.16862699
vt 0.00000000 0.00000000
vt 0.00000000 0.00000000
vt 0.00000000 0.00000000
vt 0.33725500 0.52941197
vt 0.33725500 0.46274501
vt 0.33725500 0.52941197
vt 0.00000000 0.52941197
vt 0.33725500 0.46274501
vt 0.00000000 0.00000000
vt 0.00000000 0.39607799
vt 0.33725500 0.46274501
vt 0.00000000 0.39607799
vt 0.50196099 0.78039199
vt 0.00000000 0.00000000
vt 0.01568600 0.38039199
vt 0.00000000 0.50196099
vt 0.00000000 0.00000000
vt 0.00000000 0.50196099
vt 0.01568600 0.61960799
vt 0.00000000 0.00000000
vt 0.66666698 0.81568599
vt 0.66666698 0.87058800
vt 0.00000000 0.00000000
vt 0.00000000 0.00000000
vt 0.00000000 0.58431399
vt 0.00000000 0.00000000
vt 0.00000000 0.00000000
vt 0.00000000 0.43529400
vt 1.00000000 0.00000000
vt 0.00000000 0.00000000
vt 0.12548999 0.16470601
vt 0.05882400 0.26666701
vt 0.00000000 0.00000000
vt 0.05882400 0.26666701
vt 0.98431402 0.37254900
vt 0.93333298 0.25097999
vt 0.05882400 0.26666701
vt 0.01568600 0.38039199
vt 0.98431402 0.37254900
vt 0.07843100 0.30980399
vt 0.00000000 0.00000000
vt 1.00000000 0.00000000
vt 0.33333299 0.58039200
vt 0.72156900 0.18823500
vt 0.00000000 0.00000000
vt 0.33333299 0.49803901
vt 0.99607801 0.90588200
vt 1.00000000 0.89019603
vt 0.00000000 0.00000000
vt 1.00000000 0.89019603
vt 1.00000000 1.00000000
vt 1.00000000 0.91764700
vt 1.00000000 0.76862800
vt 0.00000000 0.73333299
vt 1.00000000 1.00000000
vt 0.66666698 0.47058800
vt 0.00000000 0.00000000
vt 0.33333299 0.47058800
vt 0.66666698 0.47058800
vt 0.66666698 0.52941197
vt 0.00000000 0.00000000
vt 0.66666698 0.52941197
vt 0.66666698 0.67843097
vt 0.00000000 0.00000000
vt 0.00392200 0.97254902
vt 0.00000000 0.96862799
vt 1.00000000 0.91764700
vt 1.00000000 0.95686299
vt 0.00000000 0.50196099
vt 0.66666698 0.36078399
vt 0.66666698 0.54901999
vt 1.00000000 0.75294101
vt 0.00000000 0.00000000
vt 0.00000000 0.00000000
vt 0.33333299 0.95294100
vt 0.33333299 0.97254902
vt 0.41176501 0.33333299
vt 1.00000000 0.61176503
vt 0.00000000 0.00000000
vt 0.00000000 0.00000000
vt 0.00000000 0.00000000
vt 1.00000000 0.61176503
vt 1.00000000 0.80784303
vt 0.52941197 1.00000000
vt 0.41176501 0.80392200
vt 1.00000000 0.58823502
vt 0.64705902 0.80392200
vt 0.00000000 0.00000000
vt 0.41176501 0.80392200
vt 0.00000000 0.27843100
vt 0.00000000 0.19607800
vt 0.41176501 0.80392200
vt 0.00000000 0.19607800
vt 0.41176501 0.56862700
vt 0.41176501 0.80392200
vt 0.00000000 0.00000000
vt 0.66666698 0.67843097
vt 0.66666698 0.94117701
vt 0.00000000 0.00000000
vt 0.53333300 0.95294100
vt 0.66666698 0.94117701
vt 1.00000000 0.89019603
vt 0.99607801 0.90588200
vt 0.11372500 0.30588201
vt 0.33333299 0.97254902
vt 0.53333300 0.95294100
vt 0.00000000 0.00000000
vt 0.12941200 0.99607801
vt 1.00000000 0.12548999
vt 1.00000000 0.16470601
vt 0.26274499 0.99607801
vt 0.83529401 1.00000000
vt 1.00000000 1.00000000
vt 0.00000000 0.00000000
vt 1.00000000 1.00000000
vt 1.00000000 0.87058800
vt 0.00000000 0.00000000
vt 1.00000000 0.87058800
vt 1.00000000 0.81568599
vt 0.00000000 0.00000000
vt 0.74117601 0.04313700
vt 0.61960799 0.01960800
vt 0.00000000 0.00000000
vt 1.00000000 0.94117701
vt 1.00000000 0.49803901
vt 0.00000000 0.00000000
vt 0.72156900 0.18823500
vt 0.78823501 0.14902000
vt 0.00000000 0.00000000
vt 1.00000000 0.94117701
vt 0.00000000 0.00000000
vt 1.00000000 0.49803901
vt 0.66666698 0.05882400
vt 0.61960799 0.05490200
vt 1.00000000 0.49803901
vt 0.78823501 0.14902000
vt 1.00000000 0.00000000
vt 0.00000000 0.00000000
vt 1.00000000 0.00000000
vt 0.78823501 0.14902000
vt 0.33725500 0.52941197
vt 0.78823501 0.14902000
vt 0.33725500 0.59607798
vt 0.33725500 0.52941197
vt 0.33725500 0.59607798
vt 0.00000000 0.52941197
vt 0.33725500 0.52941197
vt 0.93333298 0.74901998
vt 0.98431402 0.62745100
vt 0.00000000 0.00000000
vt 1.00000000 0.23137300
vt 0.93333298 0.74901998
vt 0.00000000 0.00000000
vt 0.33333299 0.81568599
vt 0.14117600 0.75686300
vt 0.66666698 0.81568599
vt 0.14117600 0.75686300
vt 0.66666698 0.56862700
vt 0.66666698 0.81568599
vt 0.66666698 0.56862700
vt 0.00000000 0.00000000
vt 0.66666698 0.81568599
vt 0.00000000 0.00000000
vt 1.00000000 0.81568599
vt 0.66666698 0.81568599
vt 0.98431402 0.62745100
vt 0.93333298 0.74901998
vt 0.00000000 0.00000000
vt 0.93333298 0.74901998
vt 0.33333299 0.81568599
vt 0.66666698 0.81568599
vt 1.00000000 0.87058800
vt 0.83529401 1.00000000
vt 0.66666698 0.87058800
vt 0.24705900 0.87843102
vt 0.00000000 0.87843102
vt 0.00000000 0.00000000
vt 0.00000000 0.00000000
vt 0.77254897 0.19607800
vt 0.92156899 0.30980399
vt 0.00000000 0.00000000
vt 0.94509798 0.98431402
vt 0.96862799 0.96470600
vt 0.00000000 0.00000000
vt 0.00000000 0.58431399
vt 0.00000000 0.54117602
vt 0.00000000 0.00000000
vt 0.00000000 0.08235300
vt 0.77254897 0.19607800
vt 0.98431402 0.93725502
vt 0.92156899 0.30980399
vt 0.98431402 0.93725502
vt 0.99607801 0.90588200
vt 0.00000000 0.00000000
vt 0.25097999 0.20392200
vt 0.21960799 0.40784299
vt 0.50196099 0.56470603
vt 0.50196099 0.78039199
vt 0.05098000 0.47843099
vt 0.05882400 0.61176503
vt 0.00000000 0.00000000
vt 0.00000000 0.00000000
vt 0.98431402 0.93725502
vt 0.00000000 0.00000000
vt 0.99607801 0.90588200
vt 0.06666700 0.25097999
vt 0.01568600 0.37254900
vt 0.99607801 0.90588200
vt 0.01176500 0.25097999
vt 0.01568600 0.19607800
vt 0.00000000 0.00000000
vt 0.01176500 0.25097999
vt 0.00000000 0.00000000
vt 0.00000000 0.14509800
vt 0.01176500 0.25097999
vt 0.00000000 0.00000000
vt 0.00000000 0.08235300
vt 0.01176500 0.25097999
vt 0.00000000 0.08235300
vt 0.00000000 0.16862699
vt 0.01176500 0.25097999
vt 0.00000000 0.16862699
vt 0.00000000 0.20784301
vt 0.01176500 0.25097999
vt 0.00000000 0.00000000
vt 0.98431402 0.19607800
vt 0.01176500 0.25097999
vt 0.98431402 0.19607800
vt 0.98823500 0.25097999
vt 0.01176500 0.25097999
vt 0.98823500 0.25097999
vt 0.99607801 0.36862701
vt 0.01176500 0.25097999
vt 0.99607801 0.36862701
vt 1.00000000 0.50196099
vt 0.01176500 0.25097999
vt 0.00000000 0.00000000
vt 0.97647101 0.85490203
vt 0.01176500 0.25097999
vt 0.00000000 0.00000000
vt 0.00000000 0.83137298
vt 0.01176500 0.25097999
vt 0.00000000 0.83137298
vt 0.00000000 0.91764700
vt 0.01176500 0.25097999
vt 0.00000000 0.91764700
vt 0.00000000 1.00000000
vt 0.01176500 0.25097999
vt 0.00000000 0.00000000
vt 0.03921600 0.93333298
vt 0.01176500 0.25097999
vt 0.00000000 0.00000000
vt 0.00000000 0.92156899
vt 0.01176500 0.25097999
vt 0.00000000 0.92156899
vt 0.00000000 0.96470600
vt 0.01176500 0.25097999
vt 0.00000000 0.00000000
vt 0.00392200 0.36862701
vt 0.00000000 0.00000000
vt 0.01176500 0.25097999
vt 0.00392200 0.36862701
vt 0.00000000 0.00000000
vt 0.64705902 0.80392200
vt 0.52941197 1.00000000
vt 0.00000000 0.16862699
vt 0.00000000 0.12941200
vt 0.00000000 0.00000000
vt 0.00000000 0.12941200
vt 0.00000000 0.19607800
vt 0.00000000 0.27843100
vt 0.00000000 0.00000000
vt 0.00000000 0.00000000
vt 0.01568600 0.37254900
vt 0.00000000 0.00000000
vt 1.00000000 0.50196099
vt 0.98431402 0.38039199
vt 0.43529400 0.99607801
vt 0.00000000 0.00000000
vt 0.50196099 1.00000000
vt 0.66666698 0.56862700
vt 0.81960797 0.06274500
vt 0.88235301 0.08235300
vt 0.81960797 0.06274500
vt 0.74117601 0.04313700
vt 0.00000000 0.00000000
vt 0.81960797 0.06274500
vt 0.00000000 0.00000000
vt 0.74117601 0.04313700
vt 0.66666698 0.46666700
vt 0.66666698 0.35686299
vt 0.74117601 0.04313700
vt 0.66666698 0.21960799
vt 0.66666698 0.05882400
vt 1.00000000 0.94117701
vt 0.61960799 0.05490200
vt 0.65490198 0.22352900
vt 0.72156900 0.18823500
vt 0.14509800 0.14509800
vt 0.00000000 0.00000000
vt 0.00000000 0.00000000
vt 0.00000000 0.00000000
vt 0.33725500 0.59607798
vt 0.78823501 0.14902000
vt 0.72156900 0.18823500
vt 0.33333299 0.21960799
vt 0.61960799 0.05490200
vt 0.66666698 0.05882400
vt 0.33333299 0.21960799
vt 0.33333299 0.05490200
vt 0.61960799 0.05490200
vt 0.33333299 0.05490200
vt 0.00000000 0.00000000
vt 0.61960799 0.05490200
vt 0.33333299 0.58039200
vt 0.33333299 0.49803901
vt 0.00000000 0.00000000
vt 0.00000000 0.00000000
vt 0.32156900 0.52548999
vt 0.00000000 0.00000000
vt 0.00000000 0.00000000
vt 1.00000000 0.23137300
vt 0.85490203 0.85490203
vt 0.93333298 0.74901998
vt 0.85490203 0.85490203
vt 0.00000000 0.00000000
vt 0.93333298 0.74901998
vt 0.14117600 0.75686300
vt 0.33333299 0.81568599
vt 0.93333298 0.74901998
vt 1.00000000 0.30588201
vt 0.00000000 0.00000000
vt 1.00000000 0.23137300
vt 0.33333299 0.56862700
vt 0.66666698 0.56862700
vt 0.14117600 0.75686300
vt 1.00000000 0.30588201
vt 0.33333299 0.56862700
vt 0.14117600 0.75686300
vt 0.00000000 0.00000000
vt 0.81960797 0.06274500
vt 0.66666698 0.56862700
vt 0.50196099 0.49803901
vt 0.52548999 0.98823500
vt 0.00000000 0.00000000
vt 1.00000000 0.25097999
vt 1.00000000 0.16470601
vt 0.00000000 0.00000000
vt 1.00000000 0.12548999
vt 0.00000000 0.00000000
vt 0.00000000 0.00000000
vt 0.49803901 0.48235300
vt 0.14509800 0.14509800
vt 0.25097999 0.06666700
vt 1.00000000 1.00000000
vt 0.28235301 0.99607801
vt 0.26274499 0.99607801
vt 1.00000000 0.16470601
vt 0.66666698 1.00000000
vt 0.53725499 0.10588200
vt 0.69411802 0.10588200
vt 0.69019598 0.00000000
vt 1.00000000 0.50980401
vt 0.66666698 0.50980401
vt 0.66666698 0.38039199
vt 0.96862799 0.98431402
vt 0.00000000 0.00000000
vt 0.98431402 0.93725502
vt 0.96862799 0.96470600
vt 0.37254900 0.01568600
vt 0.25097999 0.06666700
vt 0.00000000 0.00000000
vt 0.41176501 0.56862700
vt 0.00000000 0.33333299
vt 0.00000000 0.00000000
vt 0.17647099 0.56862700
vt 0.14509800 0.14509800
vt 0.06666700 0.25097999
vt 0.00000000 0.00000000
vt 0.66666698 0.12156900
vt 0.33333299 0.12156900
vt 0.00000000 0.00000000
vt 0.66666698 0.00000000
vt 0.83921599 0.74117601
vt 0.92941201 0.63529402
vt 0.01176500 0.25097999
vt 0.92941201 0.63529402
vt 0.01568600 0.19607800
vt 0.01176500 0.25097999
vt 0.00000000 0.92156899
vt 0.00000000 0.00000000
vt 0.00000000 0.96470600
vt 0.00000000 0.00000000
vt 0.98431402 0.61960799
vt 1.00000000 0.50196099
vt 0.75294101 0.51764703
vt 0.49803901 0.05882400
vt 0.25097999 0.06666700
vt 0.37254900 0.01568600
vt 0.94117701 0.73333299
vt 0.98431402 0.61960799
vt 0.00000000 0.00000000
vt 0.07843100 0.40392199
vt 0.32156900 0.40392199
vt 0.32156900 0.28235301
vt 0.07843100 0.28235301
vt 0.00000000 0.00000000
vt 0.00000000 0.00000000
vt 0.65490198 0.22352900
vt 0.67843097 0.98039198
vt 0.50196099 0.49803901
vt 0.65490198 0.22352900
vt 0.33333299 0.35686299
vt 0.00000000 0.00000000
vt 0.33333299 0.21960799
vt 1.00000000 0.50196099
vt 0.99607801 0.36862701
vt 0.33333299 0.21960799
vt 0.99607801 0.36862701
vt 0.33333299 0.05490200
vt 0.33333299 0.21960799
vt 0.53725499 0.98823500
vt 0.52548999 0.98823500
vt 0.67843097 0.98039198
vt 0.52548999 0.98823500
vt 0.50196099 0.49803901
vt 0.67843097 0.98039198
vt 0.99607801 0.36862701
vt 0.53725499 0.98823500
vt 0.67843097 0.98039198
vt 0.33333299 0.42352900
vt 0.00000000 0.00000000
vt 0.33333299 0.49803901
vt 0.00000000 0.00000000
vt 0.10980400 0.49411801
vt 0.33333299 0.56862700
vt 0.53725499 0.98823500
vt 0.99607801 0.36862701
vt 0.52548999 0.98823500
vt 0.99607801 0.36862701
vt 0.98823500 0.25097999
vt 0.00000000 0.00000000
vt 0.98823500 0.25097999
vt 0.49803901 0.51764703
vt 0.11764700 0.89019603
vt 0.26274499 0.99607801
vt 0.28235301 0.99607801
vt 0.49803901 0.51764703
vt 0.00000000 0.00000000
vt 0.12941200 0.99607801
vt 0.26274499 0.99607801
vt 0.00000000 0.58431399
vt 0.00000000 0.08235300
vt 0.00000000 0.16470601
vt 0.00000000 0.66666698
vt 0.62352902 0.00000000
vt 0.00000000 0.00000000
vt 0.00000000 0.00000000
vt 0.49411801 0.00000000
vt 0.00000000 1.00000000
vt 0.12156900 0.50196099
vt 0.00000000 0.00000000
vt 0.00000000 0.00000000
vt 0.75294101 0.51764703
vt 0.99607801 0.93725502
vt 0.00000000 0.00000000
vt 0.49803901 0.05882400
vt 0.75294101 0.51764703
vt 0.49803901 0.48235300
vt 1.00000000 1.00000000
vt 0.49803901 0.05882400
vt 0.00000000 0.00000000
vt 0.92941201 0.63529402
vt 0.83921599 0.74117601
vt 0.00000000 0.90196103
vt 0.00000000 0.00000000
vt 0.00000000 0.92156899
vt 0.66666698 0.26274499
vt 0.66666698 0.21176501
vt 0.02745100 0.12548999
vt 0.04313700 0.11764700
vt 0.00000000 0.00000000
vt 0.00000000 0.51764703
vt 0.00000000 0.43529400
vt 0.61176503 0.00000000
vt 0.74117601 0.00000000
vt 0.66666698 0.07843100
vt 0.33333299 0.07843100
vt 0.78431398 0.91372597
vt 0.87450999 0.83529401
vt 0.00000000 0.00000000
vt 0.08235300 0.35686299
vt 0.00000000 0.00000000
vt 0.33333299 0.35686299
vt 0.50196099 1.00000000
vt 0.43529400 0.99607801
vt 0.10980400 0.49411801
vt 0.00000000 0.00000000
vt 0.10588200 0.46666700
vt 0.10980400 0.49411801
vt 0.00000000 0.00000000
vt 0.08235300 0.35686299
vt 0.10588200 0.46666700
vt 0.98431402 0.19607800
vt 0.00000000 0.00000000
vt 0.98823500 0.25097999
vt 1.00000000 0.33333299
vt 1.00000000 0.50196099
vt 0.98823500 0.25097999
vt 1.00000000 0.33333299
vt 0.00000000 0.00000000
vt 0.00000000 0.00000000
vt 1.00000000 0.87058800
vt 0.66666698 0.87058800
vt 0.66666698 0.81568599
vt 1.00000000 0.81568599
vt 0.80784303 0.00392200
vt 0.85490203 1.00000000
vt 0.00000000 0.00000000
vt 0.80784303 0.00392200
vt 0.00000000 0.00000000
vt 0.00000000 0.00000000
vt 0.00000000 0.00000000
vt 0.49803901 0.50196099
vt 0.94117701 0.50196099
vt 0.00000000 0.00000000
vt 1.00000000 0.00000000
vt 1.00000000 0.16078401
vt 0.00000000 0.00000000
vt 0.37254900 0.87843102
vt 0.24705900 0.99215698
vt 0.00000000 0.00000000
vt 0.00000000 1.00000000
vt 0.00000000 0.91764700
vt 0.00000000 0.00000000
vt 0.00000000 0.91764700
vt 0.00000000 0.83137298
vt 0.00000000 0.00000000
vt 0.00000000 0.83137298
vt 0.00000000 0.79215699
vt 0.00000000 0.00000000
vt 0.97647101 0.85490203
vt 0.98431402 0.80392200
vt 0.00000000 0.00000000
vt 0.00000000 0.00000000
vt 0.00000000 0.59607798
vt 0.00000000 0.51764703
vt 0.00000000 0.50196099
vt 0.00000000 0.00000000
vt 0.00000000 0.43529400
vt 0.00000000 0.51764703
vt 0.00392200 0.56470603
vt 0.00000000 0.50196099
vt 0.00000000 0.51764703
vt 0.03921600 0.93333298
vt 0.05490200 0.98431402
vt 0.00000000 0.51764703
vt 0.13333300 0.84705901
vt 0.00000000 0.00000000
vt 0.00000000 0.00000000
vt 0.50196099 1.00000000
vt 0.00000000 0.00000000
vt 0.00000000 0.00000000
vt 0.43921599 0.00000000
vt 0.00000000 0.95686299
vt 0.00000000 0.00000000
vt 0.56078398 0.00000000
vt 0.97647101 0.14509800
vt 0.00000000 0.00000000
vt 0.98431402 0.19607800
vt 0.07843100 0.30980399
vt 0.00000000 0.00000000
vt 0.00000000 0.00000000
vt 0.46274501 0.65882403
vt 0.00000000 0.00000000
vt 0.49803901 0.87843102
vt 0.24705900 0.87843102
vt 0.00000000 0.20784301
vt 0.00000000 0.16862699
vt 0.00000000 0.00000000
vt 0.00000000 0.00000000
vt 1.00000000 0.75294101
vt 1.00000000 1.00000000
vt 0.09019600 1.00000000
vt 0.50196099 0.16078401
vt 0.50980401 0.00000000
vt 0.00000000 0.00000000
vt 1.00000000 0.16078401
vt 0.00000000 0.00000000
vt 1.00000000 0.16078401
vt 1.00000000 0.00000000
vt 1.00000000 1.00000000
vt 1.00000000 0.75294101
vt 1.00000000 0.16078401
vt 1.00000000 0.75294101
vt 1.00000000 0.67451000
vt 1.00000000 0.16078401
vt 0.50196099 0.87843102
vt 0.00000000 0.00000000
vt 0.75294101 0.87843102
vt 0.00000000 0.00000000
vt 0.00000000 0.00000000
vt 0.00000000 0.00000000
vt 0.00000000 0.00000000
vt 0.00000000 0.00000000
vt 0.13333300 0.84705901
vt 0.98431402 0.93725502
vt 0.77254897 0.19607800
vt 0.00000000 0.00000000
vt 0.96862799 0.96470600
vt 0.83529401 0.00000000
vt 0.00000000 0.96862799
vt 0.00000000 0.00000000
vt 0.66666698 0.07843100
vt 0.50196099 0.23529400
vt 0.00000000 0.00000000
vt 0.50196099 0.16078401
vt 0.00000000 0.00000000
vt 0.00000000 0.00000000
vt 1.00000000 0.30980399
vt 0.00000000 0.00000000
vt 1.00000000 0.30980399
vt 1.00000000 0.67451000
vt 0.00000000 0.00000000
vt 0.00000000 0.00000000
vt 0.00000000 0.00000000
vt 0.50196099 0.30980399
vt 0.00000000 0.00000000
vt 0.50196099 0.23529400
vt 0.00000000 0.08235300
vt 0.50196099 0.67451000
vt 0.50196099 0.75294101
vt 0.00000000 0.00000000
vt 0.00000000 0.00000000
vt 0.00000000 0.08235300
vt 0.50196099 0.60392201
vt 0.50196099 0.67451000
vt 0.00000000 0.08235300
vt 0.50196099 0.30980399
vt 0.50196099 0.45882401
vt 0.00000000 0.00000000
vt 0.33333299 0.46666700
vt 0.33333299 0.35686299
vt 0.66666698 0.35686299
vt 0.66666698 0.46666700
vt 0.17647099 0.33333299
vt 1.00000000 0.16470601
vt 0.00000000 0.00000000
vt 0.17647099 0.56862700
vt 0.50196099 0.52941197
vt 0.50196099 0.60392201
vt 0.00000000 0.00000000
vt 0.50196099 0.45882401
vt 0.50196099 0.52941197
vt 0.00000000 0.00000000
f 4/1 3/2 1/3
f 149/4 174/5 106/6
f 174/7 362/8 106/9
f 362/10 122/11 106/12
f 121/13 61/14 107/15 106/16
f 120/17 65/18 108/19 118/20
f 364/21 103/22 142/23 183/24
f 357/25 174/26 149/27
f 441/28 334/29 437/30 440/31
f 250/32 256/33 528/34 529/35
f 177/36 122/37 362/38 361/39
f 119/40 91/41 139/42 120/43
f 68/44 108/45 121/46
f 108/47 61/48 121/49
f 542/50 528/51 4/52 647/53
f 152/54 131/55 140/56
f 474/57 485/58 480/59 479/60
f 354/61 171/62 148/63
f 354/64 356/65 171/66
f 175/67 177/68 361/69
f 175/70 179/71 177/72
f 446/73 363/74 356/75 333/76
f 141/77 81/78 105/79
f 489/80 70/81 81/82
f 141/83 104/84 81/85
f 104/86 142/87 81/88
f 407/89 402/90 403/91 405/92
f 135/93 197/94 144/95 143/96
f 355/97 147/98 146/99
f 356/100 354/101 147/102
f 361/103 173/104 358/105 360/106
f 356/107 363/108 359/109
f 356/110 359/111 172/112
f 178/113 179/114 175/115
f 359/116 363/117 175/118
f 363/119 178/120 175/121
f 176/122 341/123 196/124
f 127/125 435/126 82/127
f 142/128 103/129 82/130
f 103/131 127/132 82/133
f 459/134 388/135 460/136 461/137
f 127/138 75/139 435/140
f 76/141 126/142 435/143
f 125/144 77/145 435/146
f 79/147 495/148 435/149
f 487/150 74/151 489/152
f 384/153 223/154 225/155 214/156
f 414/157 412/158 468/159 231/160
f 509/161 583/162 573/163 508/164
f 81/165 69/166 122/167 105/168
f 130/169 154/170 91/171
f 455/172 378/173 446/174 449/175
f 53/176 627/177 33/178 23/179
f 575/180 576/181 115/182
f 599/183 577/184 596/185 598/186
f 613/187 597/188 596/189
f 577/190 90/191 596/192
f 329/193 328/194 145/195
f 328/196 355/197 145/198
f 328/199 333/200 355/201
f 438/202 446/203 333/204
f 327/205 443/206 333/207
f 443/208 326/209 333/210
f 326/211 444/212 333/213
f 444/214 439/215 333/216
f 453/217 363/218 446/219
f 195/220 105/221 122/222 177/223
f 378/224 456/225 446/226
f 457/227 377/228 446/229
f 377/230 458/231 446/232
f 458/233 453/234 446/235
f 453/236 176/237 363/238
f 453/239 341/240 176/241
f 339/242 186/243 190/244
f 103/245 143/246 127/247
f 143/248 75/249 127/250
f 364/251 373/252 103/253
f 488/254 476/255 495/256
f 79/257 124/258 495/259
f 124/260 488/261 495/262
f 144/263 317/264 76/265
f 317/266 126/267 76/268
f 316/269 315/270 126/271
f 315/272 314/273 126/274
f 314/275 311/276 125/277
f 312/278 197/279 78/280
f 197/281 134/282 78/283
f 134/284 389/285 79/286
f 389/287 199/288 79/289
f 199/290 124/291 79/292
f 470/293 467/294 397/295 231/296
f 80/297 74/298 487/299
f 80/300 29/301 74/302
f 29/303 42/304 74/305
f 42/306 28/307 74/308
f 28/309 11/310 74/311
f 11/312 27/313 74/314
f 27/315 12/316 74/317
f 418/318 397/319 427/320 426/321
f 577/322 599/323 90/324
f 599/325 128/326 90/327
f 595/328 612/329 576/330 575/331
f 592/332 610/333 593/334
f 565/335 613/336 611/337
f 565/338 597/339 613/340
f 212/341 207/342 306/343 308/344
f 564/345 599/346 598/347
f 170/348 128/349 599/350
f 330/351 331/352 328/353
f 524/354 515/355 482/356 481/357
f 444/358 325/359 439/360
f 353/361 326/362 443/363
f 353/364 444/365 326/366
f 352/367 325/368 444/369
f 458/370 340/371 453/372
f 111/373 590/374 593/375 113/376
f 454/377 379/378 450/379
f 379/380 455/381 450/382
f 466/383 467/384 470/385 469/386
f 385/387 454/388 450/389
f 379/390 371/391 455/392
f 368/393 378/394 455/395
f 367/396 456/397 378/398
f 539/399 138/400 284/401 538/402
f 338/403 339/404 458/405
f 339/406 180/407 458/408
f 180/409 340/410 458/411
f 339/412 338/413 186/414
f 338/415 366/416 186/417
f 366/418 181/419 186/420
f 376/421 135/422 143/423
f 197/424 135/425 375/426
f 478/427 476/428 488/429
f 123/430 477/431 488/432
f 478/433 496/434 476/435
f 480/436 485/437 489/438 494/439
f 200/440 454/441 124/442
f 454/443 464/444 124/445
f 464/446 465/447 124/448
f 465/449 390/450 124/451
f 390/452 198/453 124/454
f 198/455 225/456 124/457
f 416/458 415/459 420/460 419/461
f 197/462 311/463 315/464
f 311/465 314/466 315/467
f 374/468 379/469 197/470
f 379/471 199/472 197/473
f 199/474 134/475 197/476
f 199/477 389/478 134/479
f 379/480 454/481 199/482
f 197/483 315/484 316/485 144/486
f 514/487 18/488 482/489
f 41/490 486/491 474/492
f 41/493 80/494 486/495
f 41/496 29/497 80/498
f 570/499 451/500 336/501 587/502
f 657/503 42/504 29/505
f 657/506 643/507 42/508
f 643/509 28/510 42/511
f 643/512 11/513 28/514
f 133/515 614/516 615/517 132/518
f 191/519 141/520 105/521 193/522
f 375/523 143/524 103/525 373/526
f 646/527 628/528 14/529
f 629/530 26/531 14/532
f 338/533 458/534 377/535 337/536
f 26/537 112/538 63/539
f 15/540 25/541 111/542
f 170/543 345/544 128/545
f 171/546 357/547 149/548 148/549
f 331/550 330/551 158/552
f 595/553 535/554 612/555
f 535/556 565/557 612/558
f 534/559 594/560 610/561
f 592/562 534/563 610/564
f 591/565 609/566 590/567
f 110/568 25/569 590/570
f 25/571 16/572 590/573
f 16/574 588/575 590/576
f 588/577 591/578 590/579
f 609/580 534/581 592/582
f 535/583 532/584 566/585
f 535/586 554/587 540/588
f 535/589 540/590 555/591
f 535/592 556/593 539/594
f 535/595 536/596 557/597
f 346/598 170/599 600/600
f 325/601 445/602 440/603
f 358/604 172/605 359/606 360/607
f 351/608 132/609 325/610
f 132/611 445/612 325/613
f 155/614 353/615 332/616
f 576/617 596/618 117/619 115/620
f 574/621 587/622 336/623
f 385/624 448/625 454/626
f 448/627 386/628 454/629
f 387/630 460/631 454/632
f 460/633 388/634 454/635
f 388/636 463/637 454/638
f 463/639 464/640 454/641
f 546/642 509/643 508/644 544/645
f 571/646 586/647 451/648
f 18/649 41/650 474/651 479/652
f 123/653 525/654 477/655
f 517/656 497/657 478/658
f 224/659 521/660 123/661
f 521/662 525/663 123/664
f 300/665 522/666 483/667
f 491/668 300/669 483/670
f 463/671 465/672 464/673
f 463/674 390/675 465/676
f 209/677 380/678 390/679
f 380/680 382/681 390/682
f 383/683 214/684 390/685
f 214/686 198/687 390/688
f 463/689 391/690 390/691
f 391/692 204/693 390/694
f 203/695 209/696 390/697
f 98/698 57/699 472/700 422/701
f 289/702 32/703 515/704
f 32/705 18/706 514/707
f 642/708 658/709 29/710 41/711
f 642/712 41/713 18/714
f 642/715 640/716 659/717
f 642/718 659/719 639/720
f 642/721 637/722 660/723
f 642/724 650/725 636/726
f 642/727 636/728 651/729
f 642/730 651/731 635/732
f 642/733 634/734 652/735
f 642/736 653/737 633/738
f 642/739 630/740 654/741
f 642/742 655/743 629/744
f 642/745 628/746 646/747
f 642/748 645/749 656/750
f 642/751 656/752 644/753
f 642/754 643/755 657/756
f 655/757 26/758 629/759
f 63/760 66/761 14/762 26/763
f 533/764 609/765 591/766
f 588/767 608/768 591/769
f 656/770 12/771 27/772 644/773
f 614/774 602/775 563/776
f 602/777 601/778 563/779
f 602/780 346/781 601/782
f 324/783 500/784 445/785
f 500/786 318/787 445/788
f 318/789 436/790 445/791
f 132/792 604/793 445/794
f 604/795 620/796 445/797
f 620/798 622/799 445/800
f 622/801 324/802 445/803
f 500/804 441/805 318/806
f 10/807 579/808 334/809
f 579/810 569/811 334/812
f 569/813 578/814 334/815
f 615/816 617/817 132/818
f 617/819 603/820 132/821
f 603/822 616/823 132/824
f 616/825 619/826 132/827
f 618/828 621/829 132/830
f 621/831 604/832 132/833
f 489/834 435/835 495/836 494/837
f 573/838 572/839 587/840
f 572/841 570/842 587/843
f 572/844 586/845 570/846
f 452/847 503/848 386/849
f 504/850 461/851 387/852
f 69/853 121/854 106/855 122/856
f 459/857 463/858 388/859
f 586/860 503/861 452/862
f 572/863 503/864 586/865
f 521/866 224/867 525/868
f 173/869 357/870 171/871 358/872
f 309/873 520/874 525/875
f 516/876 306/877 497/878
f 305/879 297/880 497/881
f 296/882 294/883 497/884
f 294/885 475/886 497/887
f 653/888 30/889 24/890 633/891
f 304/892 302/893 491/894
f 302/895 301/896 491/897
f 301/898 299/899 491/900
f 292/901 523/902 300/903
f 2/904 647/905 5/906 9/907
f 393/908 201/909 203/910
f 201/911 210/912 203/913
f 258/914 395/915 526/916 543/917
f 602/918 614/919 347/920
f 614/921 133/922 347/923
f 17/924 24/925 608/926
f 24/927 607/928 608/929
f 608/930 589/931 16/932 17/933
f 615/934 614/935 562/936 561/937
f 264/938 323/939 500/940
f 498/941 6/942 500/943
f 473/944 264/945 500/946
f 621/947 559/948 604/949
f 557/950 620/951 604/952
f 557/953 622/954 620/955
f 557/956 536/957 622/958
f 536/959 605/960 622/961
f 605/962 285/963 622/964
f 287/965 271/966 622/967
f 271/968 473/969 622/970
f 499/971 6/972 442/973
f 6/974 9/975 442/976
f 9/977 8/978 442/979
f 8/980 5/981 442/982
f 120/983 140/984 107/985 65/986
f 89/987 434/988 490/989 295/990
f 4/991 1/992 10/993
f 580/994 568/995 10/996
f 568/997 579/998 10/999
f 568/1000 580/1001 579/1002
f 580/1003 569/1004 579/1005
f 561/1006 617/1007 615/1008
f 561/1009 603/1010 617/1011
f 560/1012 616/1013 603/1014
f 560/1015 619/1016 616/1017
f 559/1018 621/1019 618/1020
f 567/1021 1/1022 582/1023
f 1/1024 3/1025 582/1026
f 3/1027 573/1028 582/1029
f 583/1030 585/1031 573/1032
f 585/1033 572/1034 573/1035
f 3/1036 506/1037 573/1038
f 506/1039 508/1040 573/1041
f 585/1042 512/1043 572/1044
f 513/1045 503/1046 572/1047
f 513/1048 505/1049 504/1050
f 505/1051 459/1052 504/1053
f 505/1054 513/1055 459/1056
f 513/1057 462/1058 459/1059
f 513/1060 393/1061 462/1062
f 7/1063 2/1064 502/1065 507/1066
f 215/1067 213/1068 310/1069
f 213/1070 210/1071 310/1072
f 593/1073 575/1074 115/1075 113/1076
f 611/1077 613/1078 596/1079 576/1080
f 207/1081 93/1082 306/1083
f 92/1084 297/1085 305/1086
f 92/1087 294/1088 296/1089
f 218/1090 310/1091 525/1092 221/1093
f 337/1094 377/1095 457/1096 367/1097
f 295/1098 490/1099 475/1100
f 434/1101 304/1102 490/1103
f 434/1104 89/1105 304/1106
f 303/1107 89/1108 302/1109
f 89/1110 301/1111 302/1112
f 89/1113 299/1114 301/1115
f 89/1116 288/1117 299/1118
f 512/1119 201/1120 393/1121
f 512/1122 394/1123 201/1124
f 394/1125 549/1126 201/1127
f 549/1128 392/1129 201/1130
f 392/1131 205/1132 201/1133
f 205/1134 212/1135 201/1136
f 38/1137 19/1138 290/1139
f 19/1140 31/1141 290/1142
f 19/1143 659/1144 31/1145
f 659/1146 640/1147 31/1148
f 30/1149 566/1150 24/1151
f 566/1152 607/1153 24/1154
f 268/1155 319/1156 473/1157
f 319/1158 321/1159 473/1160
f 322/1161 252/1162 473/1163
f 262/1164 323/1165 264/1166
f 266/1167 261/1168 264/1169
f 263/1170 501/1171 323/1172
f 502/1173 6/1174 498/1175
f 502/1176 2/1177 6/1178
f 2/1179 9/1180 6/1181
f 625/1182 605/1183 536/1184
f 625/1185 285/1186 605/1187
f 467/1188 466/1189 423/1190 427/1191
f 644/1192 27/1193 11/1194 643/1195
f 5/1196 8/1197 9/1198
f 528/1199 3/1200 4/1201
f 567/1202 581/1203 1/1204
f 528/1205 526/1206 3/1207
f 526/1208 541/1209 3/1210
f 5/1211 10/1212 335/1213 442/1214
f 626/1215 606/1216 556/1217 555/1218
f 549/1219 394/1220 512/1221
f 212/1222 205/1223 207/1224
f 205/1225 548/1226 207/1227
f 595/1228 575/1229 593/1230 594/1231
f 202/1232 93/1233 207/1234
f 94/1235 55/1236 96/1237
f 94/1238 96/1239 54/1240
f 94/1241 54/1242 97/1243
f 94/1244 97/1245 60/1246
f 94/1247 57/1248 98/1249
f 94/1250 102/1251 53/1252
f 94/1253 53/1254 83/1255
f 94/1256 83/1257 52/1258
f 94/1259 52/1260 84/1261
f 94/1262 85/1263 51/1264
f 94/1265 48/1266 47/1267
f 94/1268 47/1269 86/1270
f 94/1271 87/1272 46/1273
f 94/1274 46/1275 88/1276
f 94/1277 88/1278 45/1279
f 94/1280 43/1281 89/1282
f 94/1283 89/1284 92/1285
f 43/1286 288/1287 89/1288
f 43/1289 298/1290 288/1291
f 298/1292 20/1293 293/1294
f 20/1295 37/1296 293/1297
f 20/1298 638/1299 37/1300
f 639/1301 659/1302 38/1303
f 659/1304 19/1305 38/1306
f 205/1307 392/1308 549/1309
f 39/1310 40/1311 653/1312
f 40/1313 30/1314 653/1315
f 40/1316 550/1317 30/1318
f 546/1319 548/1320 510/1321 509/1322
f 277/1323 252/1324 322/1325
f 433/1326 502/1327 261/1328
f 253/1329 260/1330 266/1331
f 432/1332 507/1333 502/1334
f 7/1335 647/1336 2/1337
f 272/1338 623/1339 537/1340
f 7/1341 530/1342 647/1343
f 530/1344 542/1345 647/1346
f 530/1347 259/1348 542/1349
f 259/1350 265/1351 542/1352
f 255/1353 251/1354 542/1355
f 289/1356 515/1357 524/1358 291/1359
f 636/1360 650/1361 34/1362 21/1363
f 527/1364 543/1365 526/1366
f 401/1367 544/1368 531/1369 400/1370
f 395/1371 423/1372 526/1373
f 423/1374 396/1375 541/1376 526/1377
f 401/1378 226/1379 544/1380
f 578/1381 574/1382 336/1383 334/1384
f 227/1385 206/1386 546/1387
f 547/1388 208/1389 202/1390
f 208/1391 94/1392 202/1393
f 208/1394 230/1395 94/1396
f 20/1397 298/1398 43/1399
f 187/1400 104/1401 141/1402 189/1403
f 44/1404 36/1405 20/1406
f 40/1407 39/1408 550/1409
f 634/1410 33/1411 652/1412
f 33/1413 39/1414 652/1415
f 531/1416 541/1417 396/1418 400/1419
f 250/1420 529/1421 542/1422 251/1423
f 101/1424 253/1425 276/1426
f 530/1427 507/1428 432/1429
f 530/1430 7/1431 507/1432
f 131/1433 151/1434 107/1435 140/1436
f 431/1437 259/1438 530/1439
f 101/1440 251/1441 255/1442
f 137/1443 430/1444 250/1445
f 430/1446 248/1447 250/1448
f 248/1449 429/1450 250/1451
f 429/1452 424/1453 250/1454
f 424/1455 257/1456 250/1457
f 100/1458 137/1459 250/1460
f 258/1461 543/1462 527/1463
f 424/1464 425/1465 257/1466
f 425/1467 249/1468 258/1469
f 249/1470 428/1471 258/1472
f 428/1473 427/1474 258/1475
f 427/1476 395/1477 258/1478
f 427/1479 423/1480 395/1481
f 466/1482 396/1483 423/1484
f 469/1485 401/1486 400/1487
f 470/1488 231/1489 401/1490
f 231/1491 468/1492 401/1493
f 468/1494 404/1495 401/1496
f 404/1497 226/1498 401/1499
f 404/1500 405/1501 228/1502
f 405/1503 403/1504 227/1505
f 403/1506 406/1507 227/1508
f 406/1509 208/1510 227/1511
f 406/1512 230/1513 208/1514
f 406/1515 471/1516 229/1517
f 471/1518 56/1519 229/1520
f 56/1521 95/1522 229/1523
f 660/1524 637/1525 36/1526
f 45/1527 88/1528 36/1529
f 88/1530 46/1531 36/1532
f 64/1533 109/1534 67/1535 62/1536
f 627/1537 555/1538 33/1539
f 555/1540 540/1541 33/1542
f 540/1543 554/1544 33/1545
f 275/1546 53/1547 102/1548
f 556/1549 138/1550 539/1551
f 556/1552 606/1553 138/1554
f 606/1555 626/1556 138/1557
f 626/1558 273/1559 138/1560
f 627/1561 53/1562 273/1563
f 429/1564 248/1565 430/1566
f 136/1567 422/1568 430/1569
f 422/1570 429/1571 430/1572
f 422/1573 424/1574 429/1575
f 422/1576 472/1577 424/1578
f 472/1579 425/1580 424/1581
f 426/1582 249/1583 425/1584
f 472/1585 420/1586 425/1587
f 397/1588 467/1589 427/1590
f 654/1591 630/1592 25/1593 15/1594
f 647/1595 4/1596 10/1597 5/1598
f 405/1599 404/1600 468/1601 412/1602
f 397/1603 239/1604 232/1605
f 397/1606 232/1607 231/1608
f 233/1609 414/1610 231/1611
f 89/1612 295/1613 294/1614 92/1615
f 332/1616 353/1617 443/1618 327/1619
f 412/1620 407/1621 405/1622
f 402/1623 406/1624 403/1625
f 402/1626 408/1627 406/1628
f 408/1629 471/1630 406/1631
f 185/1632 142/1633 104/1634 187/1635
f 408/1636 402/1637 471/1638
f 402/1639 409/1640 471/1641
f 407/1642 410/1643 471/1644
f 51/1645 85/1646 35/1647
f 84/1648 52/1649 35/1650
f 46/1651 87/1652 35/1653
f 86/1654 47/1655 35/1656
f 47/1657 48/1658 35/1659
f 531/1660 506/1661 3/1662 541/1663
f 22/1664 83/1665 53/1666
f 98/1667 422/1668 136/1669
f 473/1670 500/1671 324/1672 622/1673
f 421/1674 420/1675 472/1676
f 417/1677 418/1678 426/1679
f 435/1680 489/1681 81/1682 82/1683
f 415/1684 238/1685 418/1686
f 239/1687 397/1688 418/1689
f 238/1690 415/1691 416/1692 247/1693
f 237/1694 234/1695 233/1696
f 234/1697 399/1698 233/1699
f 531/1700 544/1701 508/1702 506/1703
f 410/1704 407/1705 412/1706
f 411/1707 55/1708 410/1709
f 411/1710 96/1711 55/1712
f 83/1713 34/1714 52/1715
f 96/1716 411/1717 413/1718 54/1719
f 83/1720 21/1721 34/1722
f 607/1723 566/1724 532/1725 608/1726
f 58/1727 419/1728 421/1729
f 23/1730 33/1731 634/1732 635/1733
f 59/1734 247/1735 416/1736
f 240/1737 54/1738 413/1739
f 236/1740 398/1741 235/1742
f 243/1743 97/1744 54/1745
f 97/1746 244/1747 60/1748
f 109/1749 116/1750 108/1751
f 108/1752 116/1753 118/1754
f 117/1755 118/1756 115/1757
f 115/1758 118/1759 116/1760
f 113/1761 114/1762 111/1763
f 68/1764 70/1765 71/1766
f 68/1767 71/1768 67/1769
f 67/1770 71/1771 72/1772
f 369/1773 372/1774 373/1775
f 273/1776 282/1777 284/1778
f 270/1779 271/1780 269/1781
f 280/1782 274/1783 275/1784
f 494/1785 495/1786 493/1787
f 343/1788 349/1789 342/1790
f 168/1791 147/1792 148/1793
f 292/1794 290/1795 289/1796
f 292/1797 289/1798 291/1799
f 293/1800 292/1801 288/1802
f 480/1803 484/1804 482/1805
f 482/1806 484/1807 483/1808
f 482/1809 483/1810 481/1811
f 480/1812 482/1813 479/1814
f 486/1815 487/1816 485/1817
f 111/1818 114/1819 112/1820
f 63/1821 64/1822 62/1823
f 582/1824 580/1825 581/1826
f 372/1827 374/1828 375/1829
f 372/1830 375/1831 373/1832
f 368/1833 366/1834 367/1835
f 347/1836 348/1837 345/1838
f 345/1839 348/1840 344/1841
f 352/1842 353/1843 349/1844
f 343/1845 344/1846 349/1847
f 349/1848 344/1849 348/1850
f 349/1851 348/1852 352/1853
f 352/1854 348/1855 351/1856
f 345/1857 346/1858 347/1859
f 440/1860 437/1861 439/1862
f 439/1863 437/1864 438/1865
f 212/1866 216/1867 211/1868
f 211/1869 216/1870 210/1871
f 215/1872 209/1873 210/1874
f 219/1875 218/1876 221/1877
f 191/1878 193/1879 194/1880
f 192/1881 191/1882 194/1883
f 187/1884 189/1885 190/1886
f 186/1887 183/1888 185/1889
f 188/1890 187/1891 190/1892
f 278/1893 267/1894 277/1895
f 273/1896 274/1897 282/1898
f 282/1899 274/1900 280/1901
f 283/1902 284/1903 282/1904
f 283/1905 282/1906 281/1907
f 238/1908 247/1909 237/1910
f 237/1911 247/1912 246/1913
f 237/1914 246/1915 236/1916
f 236/1917 246/1918 245/1919
f 235/1920 243/1921 242/1922
f 235/1923 242/1924 234/1925
f 234/1926 242/1927 241/1928
f 166/1929 167/1930 165/1931
f 149/1932 150/1933 169/1934
f 169/1935 150/1936 151/1937
f 148/1938 149/1939 168/1940
f 168/1941 149/1942 169/1943
f 162/1944 145/1945 164/1946
f 164/1947 166/1948 165/1949
f 163/1950 154/1951 161/1952
f 163/1953 161/1954 162/1955
f 162/1956 161/1957 160/1958
f 574/1959 578/1960 582/1961 573/1962
f 107/1963 151/1964 106/1965
f 151/1966 150/1967 106/1968
f 150/1969 149/1970 106/1971
f 61/1972 65/1973 107/1974
f 129/1975 130/1976 91/1977 90/1978
f 131/1979 169/1980 151/1981
f 308/1982 306/1983 517/1984 518/1985
f 357/1986 173/1987 174/1988
f 81/1989 70/1990 69/1991
f 70/1992 121/1993 69/1994
f 70/1995 68/1996 121/1997
f 120/1998 139/1999 140/2000
f 157/2001 159/2002 129/2003 128/2004
f 108/2005 65/2006 61/2007
f 64/2008 114/2009 116/2010 109/2011
f 491/2012 492/2013 496/2014 497/2015
f 280/2016 278/2017 277/2018 279/2019
f 166/2020 146/2021 168/2022
f 146/2023 147/2024 168/2025
f 147/2026 354/2027 148/2028
f 172/2029 358/2030 171/2031
f 641/2032 642/2033 18/2034 32/2035
f 356/2036 172/2037 171/2038
f 450/2039 449/2040 446/2041 447/2042
f 360/2043 175/2044 361/2045
f 318/2046 441/2047 440/2048 436/2049
f 492/2050 493/2051 476/2052 496/2053
f 193/2054 105/2055 195/2056
f 21/2057 22/2058 651/2059 636/2060
f 142/2061 82/2062 81/2063
f 489/2064 71/2065 70/2066
f 369/2067 368/2068 371/2069 372/2070
f 400/2071 396/2072 466/2073 469/2074
f 159/2075 161/2076 130/2077 129/2078
f 117/2079 596/2080 119/2081
f 484/2082 480/2083 494/2084 493/2085
f 145/2086 355/2087 146/2088
f 355/2089 356/2090 147/2091
f 355/2092 333/2093 356/2094
f 58/2095 59/2096 416/2097 419/2098
f 359/2099 175/2100 360/2101
f 176/2102 196/2103 179/2104
f 178/2105 176/2106 179/2107
f 341/2108 194/2109 196/2110
f 145/2111 146/2112 166/2113 164/2114
f 186/2115 185/2116 187/2117 188/2118
f 189/2119 141/2120 191/2121
f 650/2122 649/2123 35/2124 34/2125
f 75/2126 76/2127 435/2128
f 126/2129 125/2130 435/2131
f 77/2132 78/2133 435/2134
f 78/2135 79/2136 435/2137
f 413/2138 411/2139 412/2140 414/2141
f 485/2142 487/2143 489/2144
f 74/2145 73/2146 489/2147
f 73/2148 72/2149 489/2150
f 72/2151 71/2152 489/2153
f 185/2154 183/2155 142/2156
f 72/2157 62/2158 67/2159
f 112/2160 114/2161 64/2162 63/2163
f 117/2164 119/2165 120/2166 118/2167
f 130/2168 161/2169 154/2170
f 166/2171 168/2172 169/2173 167/2174
f 597/2175 598/2176 596/2177
f 162/2178 329/2179 145/2180
f 439/2181 438/2182 333/2183
f 328/2184 327/2185 333/2186
f 336/2187 451/2188 450/2189 447/2190
f 311/2191 313/2192 77/2193 125/2194
f 456/2195 457/2196 446/2197
f 176/2198 178/2199 363/2200
f 453/2201 340/2202 341/2203
f 330/2204 329/2205 162/2206 160/2207
f 186/2208 188/2209 190/2210
f 180/2211 339/2212 190/2213
f 156/2214 158/2215 159/2216 157/2217
f 153/2218 152/2219 140/2220 139/2221
f 476/2222 493/2223 495/2224
f 143/2225 144/2226 75/2227
f 144/2228 76/2229 75/2230
f 317/2231 316/2232 126/2233
f 314/2234 125/2235 126/2236
f 228/2237 545/2238 544/2239 226/2240
f 313/2241 312/2242 77/2243
f 312/2244 78/2245 77/2246
f 134/2247 79/2248 78/2249
f 483/2250 484/2251 493/2252 492/2253
f 474/2254 486/2255 485/2256
f 486/2257 80/2258 487/2259
f 12/2260 73/2261 74/2262
f 12/2263 13/2264 73/2265
f 163/2266 165/2267 153/2268 154/2269
f 186/2270 365/2271 183/2272
f 365/2273 182/2274 183/2275
f 182/2276 364/2277 183/2278
f 182/2279 370/2280 364/2281
f 370/2282 373/2283 364/2284
f 66/2285 63/2286 62/2287
f 221/2288 220/2289 222/2290 223/2291
f 128/2292 129/2293 90/2294
f 167/2295 152/2296 153/2297 165/2298
f 62/2299 72/2300 73/2301 66/2302
f 162/2303 164/2304 165/2305 163/2306
f 655/2307 654/2308 15/2309 26/2310
f 612/2311 611/2312 576/2313
f 431/2314 432/2315 260/2316 259/2317
f 398/2318 244/2319 243/2320 235/2321
f 610/2322 594/2323 593/2324
f 590/2325 592/2326 593/2327
f 612/2328 565/2329 611/2330
f 564/2331 600/2332 599/2333
f 600/2334 170/2335 599/2336
f 330/2337 328/2338 329/2339
f 325/2340 440/2341 439/2342
f 437/2343 447/2344 446/2345 438/2346
f 353/2347 352/2348 444/2349
f 14/2350 66/2351 73/2352 13/2353
f 455/2354 449/2355 450/2356
f 371/2357 368/2358 455/2359
f 368/2360 367/2361 378/2362
f 367/2363 457/2364 456/2365
f 92/2366 305/2367 306/2368 93/2369
f 181/2370 184/2371 186/2372
f 184/2373 365/2374 186/2375
f 375/2376 376/2377 143/2378
f 410/2379 55/2380 56/2381 471/2382
f 370/2383 182/2384 373/2385
f 182/2386 369/2387 373/2388
f 374/2389 197/2390 375/2391
f 135/2392 376/2393 375/2394
f 477/2395 478/2396 488/2397
f 124/2398 123/2399 488/2400
f 158/2401 160/2402 161/2403 159/2404
f 199/2405 200/2406 124/2407
f 225/2408 123/2409 124/2410
f 316/2411 317/2412 144/2413
f 197/2414 313/2415 311/2416
f 197/2417 312/2418 313/2419
f 454/2420 200/2421 199/2422
f 515/2423 514/2424 482/2425
f 18/2426 479/2427 482/2428
f 22/2429 23/2430 635/2431 651/2432
f 658/2433 657/2434 29/2435
f 645/2436 646/2437 13/2438
f 646/2439 14/2440 13/2441
f 628/2442 629/2443 14/2444
f 308/2445 307/2446 309/2447 310/2448
f 184/2449 181/2450 365/2451
f 369/2452 182/2453 365/2454
f 334/2455 336/2456 447/2457 437/2458
f 25/2459 110/2460 111/2461
f 110/2462 590/2463 111/2464
f 194/2465 193/2466 195/2467 196/2468
f 156/2469 331/2470 158/2471
f 330/2472 160/2473 158/2474
f 594/2475 535/2476 595/2477
f 534/2478 535/2479 594/2480
f 609/2481 592/2482 590/2483
f 535/2484 534/2485 533/2486
f 535/2487 533/2488 532/2489
f 535/2490 566/2491 550/2492
f 535/2493 550/2494 551/2495
f 535/2496 551/2497 552/2498
f 535/2499 552/2500 553/2501
f 535/2502 553/2503 554/2504
f 535/2505 555/2506 556/2507
f 535/2508 539/2509 538/2510
f 535/2511 538/2512 537/2513
f 535/2514 537/2515 536/2516
f 535/2517 557/2518 558/2519
f 535/2520 558/2521 559/2522
f 535/2523 559/2524 560/2525
f 535/2526 560/2527 561/2528
f 535/2529 561/2530 562/2531
f 535/2532 562/2533 563/2534
f 535/2535 563/2536 564/2537
f 535/2538 564/2539 565/2540
f 563/2541 600/2542 564/2543
f 563/2544 601/2545 600/2546
f 601/2547 346/2548 600/2549
f 346/2550 345/2551 170/2552
f 608/2553 532/2554 533/2555 591/2556
f 445/2557 436/2558 440/2559
f 448/2560 385/2561 450/2562 451/2563
f 352/2564 351/2565 325/2566
f 155/2567 350/2568 353/2569
f 350/2570 342/2571 353/2572
f 342/2573 349/2574 353/2575
f 630/2576 631/2577 16/2578 25/2579
f 386/2580 387/2581 454/2582
f 374/2583 372/2584 379/2585
f 372/2586 371/2587 379/2588
f 570/2589 571/2590 451/2591
f 586/2592 452/2593 451/2594
f 181/2595 366/2596 368/2597
f 366/2598 337/2599 367/2600
f 366/2601 338/2602 337/2603
f 418/2604 417/2605 420/2606 415/2607
f 497/2608 496/2609 478/2610
f 520/2611 519/2612 478/2613
f 519/2614 518/2615 478/2616
f 518/2617 517/2618 478/2619
f 225/2620 224/2621 123/2622
f 491/2623 497/2624 475/2625 490/2626
f 491/2627 483/2628 492/2629
f 522/2630 481/2631 483/2632
f 382/2633 383/2634 390/2635
f 204/2636 203/2637 390/2638
f 214/2639 225/2640 198/2641
f 152/2642 167/2643 169/2644 131/2645
f 522/2646 523/2647 481/2648
f 523/2649 524/2650 481/2651
f 523/2652 291/2653 524/2654
f 109/2655 108/2656 68/2657 67/2658
f 32/2659 514/2660 515/2661
f 642/2662 641/2663 640/2664
f 642/2665 639/2666 638/2667
f 642/2668 638/2669 637/2670
f 642/2671 660/2672 648/2673
f 642/2674 648/2675 649/2676
f 642/2677 649/2678 650/2679
f 642/2680 635/2681 634/2682
f 642/2683 652/2684 653/2685
f 642/2686 633/2687 632/2688
f 642/2689 632/2690 631/2691
f 642/2692 631/2693 630/2694
f 642/2695 654/2696 655/2697
f 642/2698 629/2699 628/2700
f 642/2701 646/2702 645/2703
f 642/2704 644/2705 643/2706
f 642/2707 657/2708 658/2709
f 340/2710 192/2711 194/2712 341/2713
f 344/2714 157/2715 128/2716 345/2717
f 344/2718 343/2719 157/2720
f 553/2721 552/2722 39/2723 33/2724
f 342/2725 155/2726 156/2727
f 609/2728 533/2729 534/2730
f 210/2731 216/2732 308/2733 310/2734
f 596/2735 90/2736 91/2737 119/2738
f 589/2739 588/2740 16/2741
f 589/2742 608/2743 588/2744
f 562/2745 614/2746 563/2747
f 602/2748 347/2749 346/2750
f 342/2751 350/2752 155/2753
f 500/2754 442/2755 441/2756
f 190/2757 189/2758 191/2759 192/2760
f 335/2761 10/2762 334/2763
f 348/2764 132/2765 351/2766
f 348/2767 133/2768 132/2769
f 279/2770 277/2771 322/2772 321/2773
f 619/2774 618/2775 132/2776
f 347/2777 133/2778 348/2779
f 569/2780 582/2781 578/2782
f 573/2783 587/2784 574/2785
f 586/2786 571/2787 570/2788
f 503/2789 387/2790 386/2791
f 503/2792 504/2793 387/2794
f 461/2795 460/2796 387/2797
f 459/2798 462/2799 463/2800
f 462/2801 391/2802 463/2803
f 224/2804 222/2805 525/2806
f 222/2807 220/2808 525/2809
f 220/2810 221/2811 525/2812
f 310/2813 309/2814 525/2815
f 244/2816 398/2817 236/2818 245/2819
f 517/2820 516/2821 497/2822
f 306/2823 305/2824 497/2825
f 297/2826 296/2827 497/2828
f 241/2829 240/2830 233/2831 399/2832
f 307/2833 518/2834 519/2835
f 307/2836 308/2837 518/2838
f 306/2839 516/2840 517/2841
f 490/2842 304/2843 491/2844
f 299/2845 300/2846 491/2847
f 523/2848 522/2849 300/2850
f 299/2851 292/2852 300/2853
f 215/2854 380/2855 209/2856
f 203/2857 210/2858 209/2859
f 215/2860 217/2861 380/2862
f 217/2863 381/2864 380/2865
f 381/2866 382/2867 380/2868
f 381/2869 217/2870 382/2871
f 217/2872 219/2873 382/2874
f 219/2875 221/2876 382/2877
f 221/2878 383/2879 382/2880
f 384/2881 214/2882 383/2883
f 462/2884 393/2885 391/2886
f 393/2887 204/2888 391/2889
f 393/2890 203/2891 204/2892
f 224/2893 225/2894 223/2895 222/2896
f 292/2897 291/2898 523/2899
f 31/2900 640/2901 32/2902
f 640/2903 641/2904 32/2905
f 386/2906 448/2907 451/2908 452/2909
f 637/2910 638/2911 20/2912 36/2913
f 323/2914 501/2915 500/2916
f 501/2917 498/2918 500/2919
f 6/2920 499/2921 500/2922
f 499/2923 442/2924 500/2925
f 559/2926 558/2927 604/2928
f 558/2929 557/2930 604/2931
f 285/2932 287/2933 622/2934
f 645/2935 13/2936 12/2937 656/2938
f 580/2939 582/2940 569/2941
f 561/2942 560/2943 603/2944
f 560/2945 618/2946 619/2947
f 560/2948 559/2949 618/2950
f 581/2951 567/2952 582/2953
f 433/2954 261/2955 260/2956 432/2957
f 512/2958 513/2959 572/2960
f 513/2961 504/2962 503/2963
f 459/2964 461/2965 504/2966
f 219/2967 310/2968 218/2969
f 219/2970 217/2971 310/2972
f 217/2973 215/2974 310/2975
f 331/2976 332/2977 327/2978 328/2979
f 92/2980 296/2981 297/2982
f 295/2983 475/2984 294/2985
f 216/2986 212/2987 308/2988
f 303/2989 302/2990 304/2991
f 89/2992 303/2993 304/2994
f 288/2995 292/2996 299/2997
f 293/2998 37/2999 292/3000
f 37/3001 38/3002 292/3003
f 38/3004 290/3005 292/3006
f 213/3007 215/3008 210/3009
f 201/3010 211/3011 210/3012
f 513/3013 512/3014 393/3015
f 212/3016 211/3017 201/3018
f 258/3019 527/3020 528/3021 257/3022
f 271/3023 270/3024 473/3025
f 270/3026 269/3027 473/3028
f 269/3029 268/3030 473/3031
f 321/3032 322/3033 473/3034
f 252/3035 264/3036 473/3037
f 261/3038 262/3039 264/3040
f 252/3041 267/3042 264/3043
f 267/3044 266/3045 264/3046
f 262/3047 263/3048 323/3049
f 263/3050 262/3051 501/3052
f 262/3053 502/3054 501/3055
f 502/3056 498/3057 501/3058
f 624/3059 625/3060 536/3061
f 537/3062 624/3063 536/3064
f 286/3065 272/3066 285/3067
f 272/3068 283/3069 285/3070
f 283/3071 319/3072 285/3073
f 319/3074 268/3075 285/3076
f 625/3077 624/3078 285/3079
f 624/3080 286/3081 285/3082
f 269/3083 271/3084 287/3085
f 420/3086 417/3087 426/3088 425/3089
f 584/3090 585/3091 583/3092
f 509/3093 510/3094 583/3095
f 632/3096 633/3097 24/3098 17/3099
f 584/3100 511/3101 585/3102
f 511/3103 512/3104 585/3105
f 335/3106 334/3107 441/3108 442/3109
f 154/3110 153/3111 139/3112 91/3113
f 511/3114 548/3115 512/3116
f 548/3117 549/3118 512/3119
f 94/3120 95/3121 56/3122
f 94/3123 56/3124 55/3125
f 94/3126 60/3127 59/3128
f 94/3129 59/3130 58/3131
f 94/3132 58/3133 57/3134
f 94/3135 98/3136 99/3137
f 94/3138 99/3139 100/3140
f 94/3141 100/3142 101/3143
f 94/3144 101/3145 102/3146
f 94/3147 84/3148 85/3149
f 94/3150 51/3151 50/3152
f 94/3153 50/3154 49/3155
f 94/3156 49/3157 48/3158
f 94/3159 86/3160 87/3161
f 94/3162 45/3163 44/3164
f 94/3165 44/3166 43/3167
f 94/3168 92/3169 93/3170
f 202/3171 94/3172 93/3173
f 298/3174 293/3175 288/3176
f 638/3177 639/3178 37/3179
f 639/3180 38/3181 37/3182
f 548/3183 205/3184 549/3185
f 30/3186 550/3187 566/3188
f 652/3189 39/3190 653/3191
f 283/3192 320/3193 319/3194
f 320/3195 321/3196 319/3197
f 320/3198 281/3199 321/3200
f 281/3201 279/3202 321/3203
f 277/3204 267/3205 252/3206
f 266/3207 260/3208 261/3209
f 547/3210 202/3211 207/3212 548/3213
f 502/3214 262/3215 261/3216
f 278/3217 266/3218 267/3219
f 278/3220 276/3221 266/3222
f 276/3223 253/3224 266/3225
f 433/3226 432/3227 502/3228
f 15/3229 111/3230 112/3231 26/3232
f 537/3233 623/3234 624/3235
f 623/3236 272/3237 624/3238
f 272/3239 286/3240 624/3241
f 538/3242 272/3243 537/3244
f 284/3245 283/3246 272/3247
f 538/3248 284/3249 272/3250
f 281/3251 320/3252 283/3253
f 265/3254 255/3255 542/3256
f 529/3257 528/3258 542/3259
f 527/3260 526/3261 528/3262
f 208/3263 547/3264 546/3265 206/3266
f 256/3267 257/3268 528/3269
f 181/3270 368/3271 369/3272 365/3273
f 180/3274 190/3275 192/3276 340/3277
f 548/3278 511/3279 510/3280
f 545/3281 546/3282 544/3283
f 290/3284 31/3285 32/3286 289/3287
f 547/3288 548/3289 546/3290
f 196/3291 195/3292 177/3293 179/3294
f 230/3295 229/3296 94/3297
f 229/3298 95/3299 94/3300
f 44/3301 20/3302 43/3303
f 39/3304 551/3305 550/3306
f 228/3307 227/3308 546/3309 545/3310
f 552/3311 551/3312 39/3313
f 114/3314 113/3315 115/3316 116/3317
f 265/3318 259/3319 260/3320
f 253/3321 265/3322 260/3323
f 280/3324 102/3325 278/3326
f 102/3327 101/3328 278/3329
f 101/3330 276/3331 278/3332
f 254/3333 255/3334 253/3335
f 255/3336 265/3337 253/3338
f 101/3339 254/3340 253/3341
f 431/3342 530/3343 432/3344
f 138/3345 273/3346 284/3347
f 254/3348 101/3349 255/3350
f 101/3351 100/3352 251/3353
f 100/3354 250/3355 251/3356
f 257/3357 256/3358 250/3359
f 425/3360 258/3361 257/3362
f 632/3363 17/3364 16/3365 631/3366
f 362/3367 174/3368 173/3369 361/3370
f 469/3371 470/3372 401/3373
f 404/3374 228/3375 226/3376
f 405/3377 227/3378 228/3379
f 208/3380 206/3381 227/3382
f 406/3383 229/3384 230/3385
f 45/3386 36/3387 44/3388
f 221/3389 223/3390 384/3391 383/3392
f 46/3393 35/3394 36/3395
f 343/3396 342/3397 156/3398 157/3399
f 554/3400 553/3401 33/3402
f 275/3403 102/3404 280/3405
f 626/3406 627/3407 273/3408
f 53/3409 274/3410 273/3411
f 53/3412 275/3413 274/3414
f 99/3415 136/3416 100/3417
f 136/3418 137/3419 100/3420
f 136/3421 430/3422 137/3423
f 269/3424 287/3425 285/3426 268/3427
f 426/3428 428/3429 249/3430
f 426/3431 427/3432 428/3433
f 520/3434 478/3435 477/3436 525/3437
f 232/3438 233/3439 231/3440
f 409/3441 407/3442 471/3443
f 48/3444 49/3445 35/3446
f 49/3447 50/3448 35/3449
f 50/3450 51/3451 35/3452
f 85/3453 84/3454 35/3455
f 52/3456 34/3457 35/3458
f 648/3459 660/3460 36/3461 35/3462
f 649/3463 648/3464 35/3465
f 87/3466 86/3467 35/3468
f 22/3469 53/3470 23/3471
f 626/3472 555/3473 627/3474
f 564/3475 598/3476 597/3477 565/3478
f 98/3479 136/3480 99/3481
f 581/3482 580/3483 10/3484 1/3485
f 421/3486 419/3487 420/3488
f 57/3489 58/3490 421/3491 472/3492
f 238/3493 239/3494 418/3495
f 240/3496 413/3497 414/3498 233/3499
f 239/3500 233/3501 232/3502
f 239/3503 238/3504 233/3505
f 238/3506 237/3507 233/3508
f 411/3509 410/3510 412/3511
f 409/3512 402/3513 407/3514
f 21/3515 83/3516 22/3517
f 511/3518 584/3519 583/3520 510/3521
f 155/3522 332/3523 331/3524 156/3525
f 241/3526 54/3527 240/3528
f 236/3529 235/3530 234/3531
f 236/3532 234/3533 237/3534
f 241/3535 399/3536 234/3537
f 242/3538 54/3539 241/3540
f 59/3541 246/3542 247/3543
f 60/3544 245/3545 59/3546
f 245/3547 246/3548 59/3549
f 242/3550 243/3551 54/3552
f 282/3553 280/3554 279/3555 281/3556
f 307/3557 519/3558 520/3559 309/3560
f 244/3561 245/3562 60/3563
f 243/3564 244/3565 97/3566
