# Exported from USD: /NEX35_C00/link_1_s/collisions/nex35_link_1_s/mesh
mtllib mesh_3.mtl

g mesh
v -0.11883600 -0.16073801 -0.24470001
v 0.15883400 -0.12145500 -0.27825099
v 0.15851800 -0.12121300 -0.27927899
v 0.15792800 -0.12076200 -0.28009400
v 0.13602400 -0.14655100 -0.27825099
v 0.13575301 -0.14625899 -0.27927899
v 0.08968400 0.17876400 -0.28770000
v 0.00000000 0.20000000 -0.28770000
v -0.00888700 0.19980200 -0.28770000
v -0.07494100 0.18542901 -0.28770000
v -0.10162800 0.17225499 -0.28227001
v -0.10738000 0.16872901 -0.27840799
v -0.11031800 0.16682300 -0.27776900
v -0.16114201 0.11846200 -0.27770001
v -0.14975201 -0.13256800 -0.27770001
v -0.11028600 -0.16684400 -0.27777201
v -0.10873500 -0.16785900 -0.27802700
v -0.10454900 -0.17049800 -0.27975801
v -0.10229900 -0.17185700 -0.28155100
v -0.09989900 -0.17326300 -0.28483102
v -0.09895000 -0.17380700 -0.28725201
v 0.00000000 -0.20000000 -0.28770000
v -0.03104000 -0.19757700 -0.27270001
v -0.09012900 -0.17854100 -0.27270001
v -0.11674700 -0.16238900 -0.27270001
v -0.14053500 -0.14230201 -0.27270001
v -0.16091700 -0.11876700 -0.27270001
v -0.17739999 -0.09235400 -0.27270001
v -0.18958400 -0.06370200 -0.27270001
v -0.18958400 0.06370200 -0.27270001
v -0.11674700 0.16238900 -0.27270001
v -0.09012900 0.17854100 -0.27270001
v -0.03104000 0.19757700 -0.27270001
v 0.09872000 -0.17367500 -0.28884801
v 0.09858300 -0.17343400 -0.28936699
v 0.09839900 -0.17310999 -0.28982100
v 0.09791800 -0.17226300 -0.29047200
v 0.09917800 -0.17203000 -0.28995299
v 0.09956300 -0.17319100 -0.28833202
v 0.09940400 -0.17302300 -0.28900200
v 0.09927000 -0.17261800 -0.28956801
v 0.09826000 -0.17229500 -0.29036701
v 0.07447000 -0.18238200 -0.29069999
v 0.05034800 -0.19045800 -0.29069999
v -0.02538500 -0.19535699 -0.29069999
v 0.22700000 0.00700000 -0.29069999
v 0.12516800 0.15592501 -0.27825099
v 0.12491900 0.15561400 -0.27927899
v 0.14971900 0.13252901 -0.27825099
v 0.14942101 0.13226500 -0.27927899
v 0.14886400 0.13177200 -0.28009400
v 0.16996300 0.10532000 -0.27825099
v 0.16962400 0.10511000 -0.27927899
v -0.09764000 0.17177400 -0.29064199
v -0.09839900 0.17310999 -0.28982100
v -0.09858300 0.17343400 -0.28936699
v -0.04252600 0.19542700 -0.28770000
v 0.02500800 0.19843000 -0.28770000
v 0.05818300 0.19135000 -0.28770000
v 0.09873300 0.17369699 -0.28878400
v 0.09861100 0.17348300 -0.28927901
v 0.09844600 0.17319299 -0.28972101
v 0.09824400 0.17283700 -0.29009399
v 0.09775700 0.17197900 -0.29058501
v 0.09755600 0.17162600 -0.29067099
v 0.07447000 0.18238200 -0.29069999
v 0.05034800 0.19045800 -0.29069999
v -0.02538500 0.19535699 -0.29069999
v -0.07492200 0.18538100 -0.28825101
v -0.07477300 0.18501200 -0.28927901
v -0.07449500 0.18432300 -0.29009399
v -0.07412500 0.18340801 -0.29058501
v -0.04251500 0.19537701 -0.28825101
v -0.04243000 0.19498800 -0.28927901
v -0.04227200 0.19426200 -0.29009399
v -0.04206200 0.19329700 -0.29058501
v -0.00888400 0.19975100 -0.28825101
v -0.00886700 0.19935399 -0.28927901
v -0.00883400 0.19861200 -0.29009399
v -0.00879000 0.19762599 -0.29058501
v 0.02500200 0.19837999 -0.28825101
v 0.02495200 0.19798499 -0.28927901
v 0.02485900 0.19724800 -0.29009399
v 0.02473500 0.19626801 -0.29058501
v 0.05816800 0.19130100 -0.28825101
v 0.05805200 0.19092000 -0.28927901
v 0.05783600 0.19020900 -0.29009399
v 0.05754900 0.18926500 -0.29058501
v 0.08966200 0.17871900 -0.28825101
v 0.08948300 0.17836300 -0.28927901
v 0.08915000 0.17769900 -0.29009399
v 0.08870700 0.17681700 -0.29058501
v -0.09883300 0.17387301 -0.28770000
v -0.09916400 0.17365301 -0.28780800
v -0.10475800 0.17037000 -0.27962899
v -0.09955700 0.17346001 -0.28555000
v -0.10367300 0.17102700 -0.28054899
v -0.10486500 0.17028700 -0.27988699
v -0.11164700 -0.16587500 -0.27825099
v -0.12519400 -0.15596899 -0.27770001
v -0.17000200 -0.10535300 -0.27770001
v -0.18536200 -0.07510700 -0.27770001
v -0.19140200 0.05801200 -0.27770001
v -0.17884400 0.08952500 -0.27770001
v -0.13880400 0.14399099 -0.27770001
v -0.11247300 0.16537800 -0.27770001
v -0.12516201 -0.15592900 -0.27825099
v -0.12491300 -0.15561900 -0.27927899
v -0.14971399 -0.13253400 -0.27825099
v -0.14941600 -0.13226999 -0.27927899
v -0.14885999 -0.13177800 -0.28009400
v -0.16995899 -0.10532600 -0.27825099
v -0.16962101 -0.10511600 -0.27927899
v -0.16898900 -0.10472500 -0.28009400
v -0.18531400 -0.07508700 -0.27825099
v -0.18494500 -0.07493800 -0.27927899
v -0.18425700 -0.07465900 -0.28009400
v -0.19533899 -0.04268900 -0.27825099
v -0.19495000 -0.04260400 -0.27927899
v -0.19422400 -0.04244500 -0.28009400
v -0.19974300 -0.00906300 -0.27825099
v -0.19934601 -0.00904500 -0.27927899
v -0.19860400 -0.00901100 -0.28009400
v -0.19840200 0.02482500 -0.27825099
v -0.19800700 0.02477500 -0.27927899
v -0.19727001 0.02468300 -0.28009400
v -0.19135299 0.05799800 -0.27825099
v -0.19097200 0.05788200 -0.27927899
v -0.19026101 0.05766700 -0.28009400
v -0.17879900 0.08950200 -0.27825099
v -0.17844200 0.08932400 -0.27927899
v -0.17777801 0.08899100 -0.28009400
v -0.16110100 0.11843200 -0.27825099
v -0.16078000 0.11819600 -0.27927899
v -0.16018200 0.11775600 -0.28009400
v -0.13876800 0.14395399 -0.27825099
v -0.13849200 0.14366800 -0.27927899
v -0.13797700 0.14313300 -0.28009400
v -0.11244400 0.16533600 -0.27825099
v -0.09916400 -0.17365301 -0.28780800
v -0.10136600 -0.17240900 -0.28258300
v -0.10585100 -0.16969199 -0.27903399
v -0.10725300 -0.16881000 -0.27845100
v -0.11167500 -0.16591799 -0.27770001
v -0.10465200 -0.17042100 -0.27999201
v 0.09764000 -0.17177400 -0.29064199
v 0.09817400 -0.17271399 -0.29019400
v 0.09880500 -0.17382300 -0.28828502
v 0.05894600 -0.19111601 -0.28770000
v 0.02579900 -0.19832900 -0.28770000
v -0.00809000 -0.19983600 -0.28770000
v -0.04174600 -0.19559500 -0.28770000
v -0.07420100 -0.18572600 -0.28770000
v -0.09801200 -0.17242800 -0.29038501
v -0.09755600 -0.17162600 -0.29067099
v -0.07447000 -0.18238200 -0.29069999
v -0.05034800 -0.19045800 -0.29069999
v 0.00000000 -0.19700000 -0.29069999
v 0.08941200 -0.17646199 -0.29058501
v 0.09037400 -0.17836000 -0.28825101
v 0.09019400 -0.17800400 -0.28927901
v 0.08985800 -0.17734200 -0.29009399
v 0.05893100 -0.19106700 -0.28825101
v 0.05881300 -0.19068700 -0.28927901
v 0.05859400 -0.18997701 -0.29009399
v 0.05830400 -0.18903400 -0.29058501
v 0.02579300 -0.19827799 -0.28825101
v 0.02574100 -0.19788300 -0.28927901
v 0.02564500 -0.19714700 -0.29009399
v 0.02551800 -0.19616801 -0.29058501
v -0.00808800 -0.19978499 -0.28825101
v -0.00807200 -0.19938700 -0.28927901
v -0.00804200 -0.19864500 -0.29009399
v -0.00800200 -0.19765900 -0.29058501
v -0.04173500 -0.19554500 -0.28825101
v -0.04165200 -0.19515499 -0.28927901
v -0.04149700 -0.19442900 -0.29009399
v -0.04129100 -0.19346400 -0.29058501
v -0.07418200 -0.18567900 -0.28825101
v -0.07403400 -0.18530899 -0.28927901
v -0.07375900 -0.18461899 -0.29009399
v -0.07339300 -0.18370301 -0.29058501
v -0.15191700 0.13008100 -0.25833899
v -0.15127900 0.13082300 -0.25908601
v -0.11187200 0.16578500 -0.26070002
v 0.00014800 0.20000000 -0.26070002
v 0.05053900 0.19350900 -0.26070002
v -0.00014800 -0.20000000 -0.26070002
v -0.06676800 -0.18852600 -0.26070002
v -0.09766800 -0.17453100 -0.26070002
v -0.12575901 -0.15551400 -0.26070002
v -0.15191700 -0.13008100 -0.25833899
v -0.15458401 -0.12690100 -0.25370300
v -0.16612101 -0.11137200 -0.25370300
v -0.17648000 -0.09409900 -0.25370300
v -0.06132800 -0.19036500 -0.27270001
v 0.03312600 -0.19723800 -0.27270001
v 0.06533600 0.18902700 -0.27270001
v 0.03312600 0.19723800 -0.27270001
v -0.06132800 0.19036500 -0.27270001
v -0.14053500 0.14230201 -0.27270001
v -0.16091700 0.11876700 -0.27270001
v -0.17739999 0.09235400 -0.27270001
v -0.16917200 -0.05694800 -0.29269999
v -0.17615300 -0.02885400 -0.29269999
v -0.17850000 0.00000000 -0.29269999
v -0.17615300 0.02885400 -0.29269999
v -0.16917200 0.05694800 -0.29269999
v 0.22896500 0.00896500 -0.28996500
v 0.22834800 0.00834800 -0.29038101
v 0.22986300 -0.00913400 -0.28859699
v 0.22950000 -0.00950000 -0.28935799
v 0.22768500 -0.00768500 -0.29062200
v 0.22700000 -0.00700000 -0.29069999
v 0.22768500 0.00768500 -0.29062200
v 0.22950000 0.00950000 -0.28935799
v 0.22970501 0.00929300 -0.28899899
v 0.22986300 0.00913400 -0.28859699
v 0.22834800 -0.00834800 -0.29038101
v 0.22896500 -0.00896500 -0.28996500
v 0.09801200 0.17242800 -0.29038501
v 0.09880800 0.17382900 -0.28825101
v 0.09883300 0.17387301 -0.28770000
v 0.09916400 0.17365301 -0.28780800
v 0.09927100 0.17301600 -0.28920001
v 0.09877600 0.17256400 -0.28999799
v 0.09810900 0.17195700 -0.29051900
v -0.09880500 0.17382300 -0.28828502
v -0.09872000 0.17367500 -0.28884801
v -0.09817400 0.17271399 -0.29019400
v -0.09791800 0.17226300 -0.29047200
v -0.09917800 0.17203000 -0.28995299
v -0.09821100 0.17136399 -0.29057199
v -0.09956300 0.17319100 -0.28833202
v -0.09940400 0.17302300 -0.28900200
v -0.09927000 0.17261800 -0.28956801
v -0.09826000 0.17229500 -0.29036701
v -0.05034800 0.19045800 -0.29069999
v 0.00000000 0.19700000 -0.29069999
v -0.09775700 -0.17197900 -0.29058501
v -0.09824400 -0.17283700 -0.29009399
v -0.09844600 -0.17319299 -0.28972101
v -0.09861100 -0.17348300 -0.28927901
v -0.09873300 -0.17369699 -0.28878400
v -0.09880800 -0.17382900 -0.28825101
v -0.09883300 -0.17387301 -0.28770000
v -0.09927100 -0.17301600 -0.28920001
v -0.09877600 -0.17256400 -0.28999799
v -0.09810900 -0.17195700 -0.29051900
v -0.15627301 0.12415200 -0.24573499
v -0.16612200 0.11137100 -0.25370401
v -0.17648099 0.09409900 -0.25370401
v -0.14922801 0.13312800 -0.26030201
v -0.15458401 0.12690100 -0.25370401
v -0.15545100 0.12561600 -0.25065801
v -0.13828100 0.14449400 -0.26070002
v -0.14931700 0.13305400 -0.26055899
v -0.12193000 0.15848300 -0.26011601
v 0.01710900 0.19926700 -0.26070002
v 0.00000000 0.20000000 -0.26070002
v -0.01681400 0.19929200 -0.26070002
v -0.05025200 0.19358400 -0.26070002
v -0.08224500 0.18230700 -0.26070002
v 0.01710300 0.19919901 -0.25996500
v -0.01680800 0.19922400 -0.25996500
v -0.05023500 0.19351800 -0.25996500
v -0.08221700 0.18224500 -0.25996500
v -0.03394600 -0.19709800 -0.26070002
v 0.00000000 -0.20000000 -0.26070002
v 0.03365400 -0.19714800 -0.26070002
v -0.00014800 -0.19993199 -0.25996500
v -0.09763500 -0.17447101 -0.25996500
v -0.06674500 -0.18846200 -0.25996500
v -0.03393400 -0.19703101 -0.25996500
v -0.14922801 -0.13312800 -0.26030201
v -0.15627301 -0.12415300 -0.24573499
v -0.15127900 -0.13082300 -0.25908601
v -0.14931700 -0.13305400 -0.26055899
v -0.15545100 -0.12561600 -0.25065801
v -0.14216200 0.10794500 -0.29269999
v -0.15774199 0.08354500 -0.29269999
v -0.15774199 -0.08354500 -0.29269999
v -0.14216200 -0.10794500 -0.29269999
v 0.22996400 0.00903300 -0.28816000
v 0.23000000 0.00900000 -0.28770000
v 0.22970501 -0.00929300 -0.28899899
v 0.22996400 -0.00903300 -0.28816000
v 0.23000000 -0.00900000 -0.28770000
v 0.23655500 0.00000000 -0.01041800
v 0.22541501 0.12700000 -0.03380197
v 0.22854100 0.12700000 0.01867902
v 0.19453700 0.12700000 0.08907497
v 0.17455401 0.12700000 0.10636401
v 0.12628700 0.12700000 0.12720299
v 0.10000000 0.12700000 0.12989098
v 0.07877700 0.12700000 0.12814498
v 0.05812400 0.12700000 0.12295502
v -0.00143100 0.12700000 0.08113801
v -0.01563800 0.12700000 0.05915499
v -0.12036300 0.15972701 -0.26070002
v -0.12194200 0.15835400 -0.24470001
v -0.11883600 0.16073801 -0.24470001
v -0.12036300 -0.15972701 -0.26070002
v -0.12194200 -0.15835400 -0.24470001
v 0.23098101 -0.11503300 0.00215101
v 0.22849201 -0.11493400 0.02424097
v 0.23028500 -0.11493500 0.01114202
v 0.22096799 -0.11493400 0.04964501
v 0.22536100 -0.11493500 0.03718799
v 0.21529099 -0.11493500 0.06169599
v 0.21878199 -0.11503300 0.05523902
v 0.22767100 -0.11503300 0.02933598
v 0.23588599 0.00000000 0.01705199
v 0.22974700 0.00000000 0.04383600
v 0.21838400 0.00000000 0.06885499
v -0.17970400 -0.08539700 -0.22813702
v -0.18855201 -0.07102900 -0.24346200
v -0.19531099 -0.05267600 -0.25516999
v -0.19954801 -0.03151600 -0.26250899
v -0.19531099 0.05267600 -0.25516999
v -0.18855201 0.07102900 -0.24346200
v -0.17970400 0.08539700 -0.22813702
v 0.01689600 0.12700000 0.09982598
v 0.03859600 0.12700000 0.11445999
v 0.15148599 0.12700000 0.11925101
v 0.21060801 0.12700000 0.06809902
v 0.22210100 0.12700000 0.04430598
v 0.22966100 0.12700000 -0.00772202
v 0.02388200 -0.13429999 0.10476798
v 0.21214999 -0.13429999 0.06475002
v 0.00000000 -0.17500000 -0.29460001
v 0.00000000 0.17500000 -0.29460001
v -0.00522900 0.17492200 -0.29460001
v -0.08750000 0.15155400 -0.29460001
v -0.11248800 0.13405800 -0.29460001
v -0.13405800 0.11248800 -0.29460001
v -0.17234100 0.03038800 -0.29460001
v -0.17500000 0.00000000 -0.29460001
v -0.15155400 -0.08750000 -0.29460001
v -0.13405800 -0.11248800 -0.29460001
v -0.05985400 -0.16444600 -0.29460001
v 0.03038800 -0.17234100 -0.29460001
v 0.08750000 -0.15155400 -0.29460001
v 0.13405800 -0.11248800 -0.29460001
v 0.15155400 -0.08750000 -0.29460001
v 0.16444600 -0.05985400 -0.29460001
v 0.17234100 -0.03038800 -0.29460001
v 0.17500000 0.00000000 -0.29460001
v 0.17234100 0.03038800 -0.29460001
v 0.16444600 0.05985400 -0.29460001
v 0.15155400 0.08750000 -0.29460001
v 0.13405800 0.11248800 -0.29460001
v 0.11248800 0.13405800 -0.29460001
v 0.08750000 0.15155400 -0.29460001
v -0.19954801 0.03151600 -0.26250899
v 0.19623700 -0.13429999 0.08665198
v 0.00376300 -0.13429999 0.08665198
v 0.22879100 -0.13429999 0.01353598
v 0.22316200 -0.13429999 0.04001802
v 0.03038800 0.17234100 -0.29460001
v 0.05985400 0.16444600 -0.29460001
v 0.11248800 -0.13405800 -0.29460001
v 0.05985400 -0.16444600 -0.29460001
v -0.03038800 -0.17234100 -0.29460001
v -0.08750000 -0.15155400 -0.29460001
v -0.11248800 -0.13405800 -0.29460001
v -0.16444600 -0.05985400 -0.29460001
v -0.17234100 -0.03038800 -0.29460001
v -0.16444600 0.05985400 -0.29460001
v -0.15155400 0.08750000 -0.29460001
v -0.05985400 0.16444600 -0.29460001
v -0.03038800 0.17234100 -0.29460001
v 0.19656201 -0.15019999 0.05575001
v 0.20654599 -0.15019999 0.03286499
v 0.00787400 -0.15019999 0.06281000
v 0.02416100 -0.15019999 0.08173501
v 0.04425000 -0.15019999 0.09656197
v 0.11661800 -0.15019999 0.11025500
v 0.18173499 -0.15019999 0.07583898
v 0.18000001 0.01000000 0.13260001
v 0.17995700 0.01065300 0.13260001
v 0.18000001 -0.01000000 0.13260001
v 0.17990200 -0.01098400 0.13260001
v 0.21118800 -0.15019999 0.00833201
v 0.16281000 -0.15019999 0.09212601
v 0.14073600 -0.15019999 0.10379201
v 0.09166800 -0.15019999 0.11118799
v 0.06713500 -0.15019999 0.10654598
v 0.17983000 0.01129400 0.13260001
v 0.02900000 0.00000000 0.13260001
v -0.15381500 -0.11983000 -0.17249700
v -0.15381500 0.11983000 -0.17249700
v -0.15316799 0.12000000 -0.17137599
v 0.19086300 -0.14450000 0.09086299
v 0.16425000 -0.14450000 0.11128402
v 0.16590700 -0.14450000 0.11001301
v 0.10000000 -0.14450000 0.12849998
v 0.03575000 -0.14450000 0.11128402
v 0.03767900 -0.14450000 0.11208397
v 0.22412100 -0.14450000 -0.03325802
v 0.22849999 -0.14450000 0.00000000
v 0.22822700 -0.14450000 -0.00207102
v 0.22332200 -0.14450000 0.03518802
v 0.22439399 -0.14450000 0.03118801
v 0.21208300 -0.14450000 0.06232101
v -0.05792000 -0.11070000 -0.00120097
v -0.05718200 -0.11050600 0.00007701
v 0.00254800 -0.06565000 0.10353297
v 0.00293000 -0.06850000 0.10419399
v 0.00283300 -0.06997500 0.10402602
v 0.00254800 -0.07135000 0.10353297
v 0.00209500 -0.07253000 0.10274899
v -0.15441801 -0.11933000 -0.17354101
v -0.15397500 -0.11936200 -0.17157301
v -0.15425700 -0.11925000 -0.17206201
v -0.15524299 -0.11811100 -0.17377001
v -0.15316799 -0.12000000 -0.17137599
v -0.15368800 0.11940000 -0.17107600
v -0.15441801 0.11933000 -0.17354101
v -0.15559299 0.11720000 -0.17437601
v -0.15524299 0.11811100 -0.17377001
v -0.15478800 0.11881000 -0.17298099
v -0.15425700 0.11925000 -0.17206201
v -0.11090100 0.11936200 -0.09696600
v -0.05647500 0.11936200 -0.00269800
v -0.05618800 0.11940000 -0.00220102
v -0.05561800 0.11925000 -0.00121498
v 0.00086800 0.09111100 0.09662199
v 0.00143700 0.08913900 0.09760898
v -0.20374300 -0.00311100 -0.25777501
v -0.20409299 -0.00220000 -0.25838000
v -0.20431300 -0.00113900 -0.25876099
v 0.19015600 -0.14550000 0.09015602
v 0.16232100 -0.14450000 0.11208397
v 0.16374999 -0.14550000 0.11041802
v 0.13325800 -0.14450000 0.12412101
v 0.13118801 -0.14550000 0.12339401
v 0.10207100 -0.14450000 0.12822700
v 0.09792900 -0.14450000 0.12822700
v 0.06674200 -0.14450000 0.12412101
v 0.06700100 -0.14550000 0.12315500
v 0.06881200 -0.14550000 0.12339401
v 0.03409300 -0.14450000 0.11001301
v 0.03625000 -0.14550000 0.11041802
v -0.01001300 -0.14450000 0.06590700
v -0.01128400 -0.14450000 0.06424999
v -0.00930600 -0.14550000 0.06519997
v 0.22339401 -0.14550000 -0.03118801
v 0.22439399 -0.14450000 -0.03118801
v 0.22315601 -0.14550000 -0.03299898
v 0.22822700 -0.14450000 0.00207102
v 0.22339401 -0.14550000 0.03118801
v 0.22412100 -0.14450000 0.03325802
v 0.22315601 -0.14550000 0.03299898
v 0.21128400 -0.14450000 0.06424999
v 0.21001300 -0.14450000 0.06590700
v 0.20930600 -0.14550000 0.06519997
v 0.21041800 -0.14550000 0.06374997
v 0.21111800 -0.14550000 0.06206203
v -0.13283800 -0.08555800 -0.12856400
v -0.13344701 -0.08802500 -0.12961701
v 0.00045200 -0.07415100 0.09990197
v 0.00081800 -0.07400600 0.10053599
v 0.00150500 -0.07343600 0.10172600
v 0.00209500 -0.06447000 0.10274899
v 0.00045200 -0.06284900 0.09990197
v -0.15368800 -0.11940000 -0.17107600
v -0.15478800 -0.11881100 -0.17298099
v -0.15453000 -0.11906500 -0.17253399
v -0.15397500 0.11936200 -0.17157301
v -0.05590100 0.11936200 -0.00170398
v 0.00121700 0.09020000 0.09722799
v 0.00041200 0.09181100 0.09583300
v 0.00015400 0.09206500 0.09538597
v -0.00011800 0.09225000 0.09491402
v -0.20374300 0.00311100 -0.25777501
v -0.20409299 0.00220000 -0.25838000
v -0.20431300 0.00113900 -0.25876099
v -0.20438799 0.00000000 -0.25889102
v 0.13468800 -0.14550000 0.12245601
v 0.13299900 -0.14550000 0.12315500
v 0.10000000 -0.14550000 0.12750000
v 0.06531200 -0.14550000 0.12245601
v 0.03480000 -0.14550000 0.10930598
v -0.01041800 -0.14550000 0.06374997
v 0.22750001 -0.14550000 0.00000000
v 0.22245599 -0.14550000 0.03468800
v -0.13702500 -0.08610700 -0.13581499
v -0.13681200 -0.08713900 -0.13544500
v -0.13647200 -0.08802500 -0.13485700
v -0.13602901 -0.08870500 -0.13408899
v -0.13551299 -0.08913200 -0.13319600
v -0.13283800 -0.08444200 -0.12856400
v -0.13551299 -0.08086800 -0.13319600
v -0.13602901 -0.08129500 -0.13408899
v -0.13693500 -0.08336300 -0.13565999
v 0.15583000 0.09829400 0.13800001
v 0.04417000 0.09829400 0.13800001
v -0.13351600 -0.08500000 -0.12973699
v 0.16383000 -0.05729400 0.13800001
v 0.16339999 -0.05600000 0.13859999
v 0.16306500 -0.05768400 0.13859999
v 0.16281100 -0.05820000 0.13859999
v 0.16013899 -0.06025000 0.13859999
v 0.15320000 0.10081000 0.13859999
v 0.15525000 0.09813900 0.13859999
v 0.15536200 0.09757400 0.13859999
v 0.15539999 0.09700000 0.13859999
v 0.03663800 -0.05657400 0.13859999
v 0.04463800 0.09757400 0.13859999
v 0.04475000 0.09813900 0.13859999
v 0.04518900 0.09920000 0.13859999
v 0.04900000 0.10140000 0.13859999
v 0.04460000 0.09700000 0.13859999
v 0.15899999 -0.06040000 0.13859999
v 0.16120000 -0.05981000 0.13859999
v 0.16211100 -0.05911100 0.13859999
v 0.16325000 -0.05713900 0.13859999
v 0.16336200 -0.05657400 0.13859999
v 0.15481099 0.09920000 0.13859999
v 0.15411100 0.10011100 0.13859999
v 0.15213899 0.10125000 0.13859999
v 0.15099999 0.10140000 0.13859999
v 0.03660000 -0.05600000 0.13859999
v 0.03675000 -0.05713900 0.13859999
v 0.03719000 -0.05820000 0.13859999
v 0.03788900 -0.05911100 0.13859999
v 0.03880000 -0.05981000 0.13859999
v 0.03986100 -0.06025000 0.13859999
v 0.04100000 -0.06040000 0.13859999
v 0.04786100 0.10125000 0.13859999
v 0.04680000 0.10081000 0.13859999
v 0.04588900 0.10011100 0.13859999
v 0.04493500 0.09868400 0.13859999
vt 0.00000000 0.00000000
vt 0.25097999 0.93333298
vt 0.00000000 0.00000000
vt 0.00000000 0.00000000
vt 0.00000000 0.83529401
vt 0.00000000 0.00000000
vt 0.00000000 0.00000000
vt 0.00784300 0.58823502
vt 0.00000000 0.00000000
vt 0.00000000 0.00000000
vt 0.00000000 1.00000000
vt 0.00000000 0.00000000
vt 0.00000000 0.00000000
vt 0.03137300 0.32941201
vt 0.00000000 0.00000000
vt 0.00000000 0.00000000
vt 0.00000000 0.72156900
vt 0.00000000 0.00000000
vt 0.00000000 0.00000000
vt 0.00000000 0.00000000
vt 0.00000000 0.00000000
vt 0.00000000 0.00000000
vt 0.00000000 0.00000000
vt 0.00000000 0.00000000
vt 0.00000000 0.00000000
vt 0.00000000 0.00000000
vt 0.00000000 0.00000000
vt 0.00000000 0.00000000
vt 0.00000000 0.00000000
vt 0.00000000 0.00000000
vt 0.00000000 0.00000000
vt 0.00000000 0.00000000
vt 0.00000000 0.00000000
vt 0.00000000 0.00000000
vt 0.00000000 0.00000000
vt 0.00000000 0.00000000
vt 0.00000000 0.00000000
vt 0.00000000 0.00000000
vt 0.00000000 0.00000000
vt 0.00000000 0.00000000
vt 0.88235301 0.81960797
vt 0.00000000 0.00000000
vt 0.00000000 0.00000000
vt 0.00000000 0.33333299
vt 0.00000000 0.00000000
vt 0.00000000 0.00000000
vt 0.00000000 0.00000000
vt 0.24313700 0.00000000
vt 0.37647101 0.67451000
vt 0.00000000 0.00000000
vt 0.00000000 0.00000000
vt 0.00000000 0.00000000
vt 0.00000000 0.00000000
vt 1.00000000 0.91764700
vt 0.00000000 0.00000000
vt 0.00000000 0.00000000
vt 1.00000000 0.16862699
vt 0.02745100 0.65882403
vt 0.32941201 0.96862799
vt 0.00000000 0.00000000
vt 0.67058802 0.96862799
vt 0.00000000 0.00000000
vt 0.02745100 0.34117600
vt 0.23529400 0.00000000
vt 0.00000000 0.00000000
vt 0.88235301 0.95686299
vt 0.64705902 0.95686299
vt 0.98039198 0.80784303
vt 0.00000000 0.00000000
vt 0.00000000 0.00000000
vt 0.01960800 0.80784303
vt 0.00000000 0.00000000
vt 0.32941201 0.96862799
vt 0.02745100 0.65882403
vt 0.00000000 0.33333299
vt 0.00000000 0.00000000
vt 0.67058802 0.96862799
vt 0.00000000 0.33333299
vt 0.41176501 0.78431398
vt 0.00000000 0.00000000
vt 1.00000000 0.89803898
vt 0.00000000 0.00000000
vt 0.25097999 0.93333298
vt 0.00000000 0.00000000
vt 0.41176501 0.78431398
vt 0.00000000 0.33333299
vt 0.00000000 0.00000000
vt 0.00000000 0.00000000
vt 0.00000000 0.00000000
vt 0.00000000 0.00000000
vt 0.00000000 0.25097999
vt 0.00000000 0.00000000
vt 0.88235301 0.61176503
vt 0.00000000 0.00000000
vt 0.00000000 0.00000000
vt 0.88235301 0.69803900
vt 0.00000000 0.00000000
vt 0.00000000 0.00000000
vt 0.88235301 0.52156901
vt 0.01568600 0.37254900
vt 0.00000000 0.00000000
vt 0.88235301 0.43529400
vt 0.00000000 0.00000000
vt 0.00000000 0.00000000
vt 0.00000000 0.00000000
vt 0.00000000 0.00000000
vt 0.21568599 0.76078397
vt 1.00000000 0.89803898
vt 0.41176501 0.17647099
vt 0.21568599 0.76078397
vt 0.00000000 0.00000000
vt 1.00000000 0.89803898
vt 0.21568599 0.97647101
vt 0.00000000 0.00000000
vt 0.00000000 0.00000000
vt 0.88235301 0.81960797
vt 0.00000000 0.00000000
vt 0.00000000 0.00000000
vt 0.77647102 0.29803899
vt 0.00000000 0.00000000
vt 0.00000000 0.27843100
vt 0.00000000 0.00000000
vt 0.00000000 0.00000000
vt 0.00000000 0.00000000
vt 0.00000000 0.00000000
vt 0.00000000 0.66666698
vt 0.00000000 0.00000000
vt 0.00000000 0.00000000
vt 0.00000000 0.00000000
vt 0.00000000 0.00000000
vt 0.01568600 0.37254900
vt 0.00000000 0.00000000
vt 1.00000000 0.34902000
vt 0.00000000 0.00000000
vt 0.00000000 0.00000000
vt 0.00000000 0.00000000
vt 1.00000000 0.34902000
vt 0.00000000 0.00000000
vt 0.00000000 0.00000000
vt 1.00000000 0.26274499
vt 0.00000000 0.00000000
vt 0.23137300 0.12941200
vt 0.67058802 1.00000000
vt 1.00000000 0.06274500
vt 0.00000000 0.03137300
vt 0.00000000 0.00000000
vt 0.88235301 0.56470603
vt 0.00000000 0.00000000
vt 0.12941200 0.78039199
vt 0.17647099 0.87058800
vt 0.00000000 0.00000000
vt 0.66666698 0.33333299
vt 0.00000000 0.00000000
vt 0.00000000 0.00000000
vt 0.83137298 0.32156900
vt 0.00000000 0.00000000
vt 0.00000000 0.00000000
vt 0.88235301 0.81960797
vt 0.00000000 0.00000000
vt 0.00000000 0.00000000
vt 0.00000000 0.00000000
vt 0.00000000 0.00000000
vt 0.62745100 0.98431402
vt 0.74901998 0.93333298
vt 0.00000000 0.00000000
vt 1.00000000 0.16078401
vt 1.00000000 0.78431398
vt 0.00000000 0.00000000
vt 0.00000000 0.00000000
vt 0.00000000 0.00000000
vt 0.00000000 0.00000000
vt 0.00000000 0.00000000
vt 0.00000000 0.00000000
vt 0.00000000 0.00000000
vt 0.00000000 0.00000000
vt 0.00000000 0.74901998
vt 0.00000000 0.74901998
vt 0.35294101 0.98039198
vt 0.00000000 0.00000000
vt 0.88235301 0.02745100
vt 0.88235301 0.00000000
vt 0.74901998 0.06666700
vt 0.00000000 0.00000000
vt 0.93333298 0.25097999
vt 1.00000000 0.74901998
vt 0.00000000 0.00000000
vt 0.00000000 0.00000000
vt 0.24313700 0.00000000
vt 0.00000000 0.00000000
vt 0.00000000 0.00000000
vt 0.00000000 0.00000000
vt 0.00000000 0.00000000
vt 0.00000000 0.00000000
vt 0.00000000 0.00000000
vt 0.00000000 0.00000000
vt 0.00000000 0.00000000
vt 0.71764702 0.37254900
vt 0.00000000 0.00000000
vt 0.00000000 0.00000000
vt 0.00000000 0.00000000
vt 1.00000000 0.09019600
vt 0.00000000 0.00000000
vt 0.00000000 0.00000000
vt 0.00000000 0.25097999
vt 0.00000000 0.00000000
vt 0.00000000 0.25097999
vt 0.00000000 0.00000000
vt 0.00000000 0.00000000
vt 0.00000000 0.00000000
vt 0.00000000 0.00000000
vt 1.00000000 0.74901998
vt 0.00000000 0.00000000
vt 0.00000000 0.00000000
vt 0.88235301 0.09019600
vt 0.00000000 0.00000000
vt 0.00000000 0.00000000
vt 0.17647099 0.87058800
vt 0.00000000 0.00000000
vt 0.00000000 0.00000000
vt 0.00000000 0.00000000
vt 0.88235301 0.02745100
vt 0.00000000 0.00000000
vt 0.00000000 0.00000000
vt 0.88235301 0.05490200
vt 0.00000000 0.00000000
vt 0.00000000 0.00000000
vt 1.00000000 0.09803900
vt 0.96470600 0.07058800
vt 0.00000000 0.00000000
vt 0.00000000 0.00000000
vt 0.00000000 0.00000000
vt 0.00000000 0.00000000
vt 0.00000000 0.00000000
vt 0.00000000 0.00000000
vt 0.00000000 0.00000000
vt 0.00000000 0.00000000
vt 1.00000000 0.95686299
vt 0.00000000 0.00000000
vt 0.00000000 0.00000000
vt 1.00000000 0.95686299
vt 0.00000000 0.00000000
vt 0.00000000 0.00000000
vt 0.00000000 0.00000000
vt 0.00000000 0.00000000
vt 0.00000000 0.00000000
vt 0.00000000 0.00000000
vt 0.00000000 0.00000000
vt 0.00000000 0.00000000
vt 0.00000000 0.00000000
vt 0.00000000 0.00000000
vt 0.00000000 0.00000000
vt 0.00000000 0.00000000
vt 0.00000000 0.00000000
vt 0.00000000 0.00000000
vt 0.00000000 0.00000000
vt 0.00000000 0.00000000
vt 0.00000000 0.00000000
vt 0.00000000 0.00000000
vt 0.09019600 0.12548999
vt 0.00000000 0.00000000
vt 0.33333299 0.36470601
vt 0.00000000 0.00000000
vt 1.00000000 0.14509800
vt 0.33333299 0.36470601
vt 0.00000000 0.00000000
vt 0.00000000 0.00000000
vt 1.00000000 0.14509800
vt 0.00000000 0.00000000
vt 0.00000000 0.00000000
vt 1.00000000 0.14509800
vt 0.00000000 0.00000000
vt 0.00000000 0.00000000
vt 1.00000000 0.14509800
vt 0.00000000 0.00000000
vt 0.00000000 0.00000000
vt 1.00000000 0.14509800
vt 0.00000000 0.00000000
vt 0.00000000 0.00000000
vt 0.00000000 0.00000000
vt 0.00000000 0.00000000
vt 0.00000000 0.00000000
vt 1.00000000 0.16078401
vt 0.00000000 0.00000000
vt 0.00000000 0.00000000
vt 0.00000000 0.00000000
vt 0.00000000 0.00000000
vt 0.85490203 0.14509800
vt 0.00000000 0.00000000
vt 0.00000000 0.00000000
vt 0.00000000 0.00000000
vt 0.00000000 0.00000000
vt 0.00000000 0.00000000
vt 0.00000000 0.00000000
vt 0.00000000 0.00000000
vt 0.00000000 0.00000000
vt 0.00000000 0.33333299
vt 0.06666700 0.25097999
vt 0.00000000 0.00000000
vt 0.00000000 0.00000000
vt 0.00000000 0.00000000
vt 1.00000000 0.74901998
vt 0.00000000 0.00000000
vt 0.00000000 0.00000000
vt 0.00000000 0.00000000
vt 0.74901998 0.06666700
vt 0.62745100 0.01568600
vt 0.00000000 0.00000000
vt 0.00000000 0.00000000
vt 0.24313700 0.00000000
vt 0.00000000 0.00000000
vt 0.00000000 0.00000000
vt 0.29019600 0.72941202
vt 0.00000000 0.00000000
vt 0.00000000 0.00000000
vt 0.29019600 0.72941202
vt 0.00000000 0.00000000
vt 0.00000000 0.00000000
vt 0.00000000 0.00000000
vt 0.00000000 0.00000000
vt 0.06666700 0.25097999
vt 0.00000000 0.00000000
vt 0.98431402 0.37254900
vt 0.00000000 0.00000000
vt 1.00000000 0.09019600
vt 0.00000000 0.00000000
vt 0.00000000 0.00000000
vt 0.00000000 0.00000000
vt 1.00000000 0.09019600
vt 0.00000000 0.00000000
vt 0.00000000 0.00000000
vt 0.00000000 0.00000000
vt 0.00000000 0.00000000
vt 1.00000000 0.00392200
vt 0.00000000 0.00000000
vt 0.00000000 0.00000000
vt 0.00000000 0.00000000
vt 0.00000000 0.00000000
vt 0.00000000 0.00000000
vt 0.00000000 0.00000000
vt 0.00000000 0.00000000
vt 0.00000000 0.00000000
vt 0.75294101 0.52156901
vt 0.00000000 0.00000000
vt 0.58431399 1.00000000
vt 0.00000000 0.00000000
vt 0.00000000 0.00000000
vt 0.00000000 0.00000000
vt 0.00000000 0.00000000
vt 0.17647099 0.78823501
vt 0.00000000 0.00000000
vt 0.00000000 0.00000000
vt 0.00000000 0.00000000
vt 0.00000000 0.00000000
vt 0.00000000 0.33333299
vt 0.00000000 0.00000000
vt 0.00000000 0.00000000
vt 0.00000000 0.00000000
vt 0.00000000 0.00000000
vt 0.00000000 0.00000000
vt 0.00000000 0.00000000
vt 0.00000000 0.00000000
vt 0.00000000 0.00000000
vt 0.00000000 0.00000000
vt 0.00000000 0.00000000
vt 0.00000000 0.00000000
vt 0.00000000 0.00000000
vt 0.00000000 0.25097999
vt 0.74901998 0.93333298
vt 0.62745100 0.98431402
vt 0.00000000 0.00000000
vt 0.00000000 0.00000000
vt 0.00000000 0.00000000
vt 0.00000000 0.00000000
vt 0.00000000 0.00000000
vt 0.00000000 0.00000000
vt 1.00000000 0.13333300
vt 0.00000000 0.00000000
vt 0.00000000 0.00000000
vt 0.00000000 0.00000000
vt 0.00000000 0.00000000
vt 0.00000000 0.00000000
vt 0.00000000 0.00000000
vt 0.00000000 0.00000000
vt 0.00000000 0.00000000
vt 0.00000000 0.00000000
vt 0.00000000 0.00000000
vt 0.00000000 0.00000000
vt 1.00000000 0.13333300
vt 0.00000000 0.00000000
vt 0.00000000 0.00000000
vt 0.00000000 0.00000000
vt 0.00000000 0.00000000
vt 0.00000000 0.00000000
vt 0.00000000 0.00000000
vt 0.00000000 0.00000000
vt 0.00000000 0.00000000
vt 0.00000000 0.00000000
vt 0.00000000 0.00000000
vt 0.00000000 0.00000000
vt 0.00000000 0.00000000
vt 0.00000000 0.00000000
vt 0.35686299 0.40784299
vt 0.00000000 0.00000000
vt 0.00000000 0.00000000
vt 0.00000000 0.00000000
vt 0.00000000 0.00000000
vt 0.00000000 0.00000000
vt 0.00000000 0.00000000
vt 0.00000000 0.00000000
vt 0.00000000 0.00000000
vt 0.00000000 0.00000000
vt 0.00000000 0.00000000
vt 0.00000000 0.00000000
vt 0.00000000 0.00000000
vt 0.00000000 0.00000000
vt 0.62745100 0.01568600
vt 0.00000000 0.00000000
vt 0.00000000 0.00000000
vt 0.00000000 0.00000000
vt 0.00000000 0.95686299
vt 0.00000000 0.00000000
vt 0.00000000 0.00000000
vt 0.00000000 0.00000000
vt 0.00000000 0.00000000
vt 0.00000000 0.00000000
vt 0.62745100 0.01568600
vt 0.00000000 0.00000000
vt 0.00000000 0.00000000
vt 0.62745100 0.01568600
vt 0.00000000 0.00000000
vt 0.00000000 0.00000000
vt 0.62745100 0.01568600
vt 0.00000000 0.00000000
vt 0.00000000 0.00000000
vt 0.62745100 0.01568600
vt 0.00000000 0.00000000
vt 0.00000000 0.00000000
vt 0.62745100 0.01568600
vt 0.00000000 0.00000000
vt 0.00000000 0.00000000
vt 0.00000000 0.00000000
vt 0.00000000 0.00000000
vt 0.00000000 0.00000000
vt 0.00000000 0.00000000
vt 0.00000000 0.00000000
vt 0.00000000 0.00000000
vt 0.00000000 0.00000000
vt 0.00000000 0.00000000
vt 0.00000000 0.00000000
vt 0.62745100 0.98431402
vt 0.00000000 0.00000000
vt 0.00000000 0.00000000
vt 0.62745100 0.98431402
vt 0.00000000 0.00000000
vt 0.00000000 0.00000000
vt 0.62745100 0.98431402
vt 0.00000000 0.00000000
vt 0.00000000 0.00000000
vt 0.62745100 0.98431402
vt 0.00000000 0.00000000
vt 0.00000000 0.00000000
vt 0.00000000 0.00000000
vt 0.00000000 0.00000000
vt 0.00000000 0.00000000
vt 0.00000000 0.00000000
vt 1.00000000 0.91764700
vt 0.00000000 0.00000000
vt 0.00000000 0.00000000
vt 0.00000000 0.00000000
vt 0.00000000 0.00000000
vt 0.00000000 0.00000000
vt 0.00000000 0.00000000
vt 0.37647101 0.67451000
vt 0.04313700 0.11372500
vt 1.00000000 0.25097999
vt 0.00000000 0.00000000
vt 0.00000000 0.00000000
vt 0.00000000 0.25097999
vt 0.00000000 0.74901998
vt 1.00000000 0.69803900
vt 0.00000000 0.00000000
vt 0.00000000 0.00000000
vt 0.00000000 0.00000000
vt 0.00000000 0.00000000
vt 0.00000000 0.00000000
vt 0.00000000 0.00000000
vt 0.00000000 0.00000000
vt 0.89019603 0.94902003
vt 1.00000000 0.92549002
vt 0.00000000 0.00000000
vt 0.00000000 0.00000000
vt 0.00000000 0.00000000
vt 1.00000000 0.00392200
vt 0.00000000 0.00000000
vt 0.00000000 0.00000000
vt 0.00000000 0.00000000
vt 1.00000000 0.00392200
vt 0.00000000 0.00000000
vt 0.67058802 1.00000000
vt 0.00000000 0.00000000
vt 0.75294101 0.52156901
vt 0.00000000 0.00000000
vt 0.00000000 0.00000000
vt 0.00000000 0.00000000
vt 0.00000000 0.00000000
vt 0.00000000 0.00000000
vt 0.00000000 0.00000000
vt 0.81176502 0.43921599
vt 0.00000000 0.00000000
vt 0.00000000 0.00000000
vt 0.00000000 0.00000000
vt 0.75294101 0.52156901
vt 0.00000000 0.00000000
vt 0.00000000 0.00000000
vt 1.00000000 0.78823501
vt 0.00000000 0.00000000
vt 0.00000000 0.00000000
vt 0.17647099 0.29803899
vt 0.00000000 0.00000000
vt 0.00000000 0.00000000
vt 0.00000000 0.00000000
vt 0.00000000 0.00000000
vt 0.00000000 0.00000000
vt 0.00000000 0.00000000
vt 0.00000000 0.00000000
vt 0.00000000 0.00000000
vt 0.00000000 0.00000000
vt 0.00000000 0.00000000
vt 0.00000000 0.00000000
vt 0.30980399 0.96078402
vt 0.00000000 0.00000000
vt 0.00000000 0.00000000
vt 0.00000000 0.00000000
vt 0.00000000 0.00000000
vt 0.00000000 0.00000000
vt 0.00000000 0.00000000
vt 0.00000000 0.00000000
vt 0.00000000 0.00000000
vt 0.00000000 0.00000000
vt 0.00000000 0.00000000
vt 0.00000000 0.00000000
vt 0.00000000 0.00000000
vt 0.00000000 0.00000000
vt 0.83921599 0.63137299
vt 0.00000000 0.00000000
vt 0.00000000 0.00000000
vt 0.00000000 0.00000000
vt 0.00000000 0.00000000
vt 0.00000000 0.00000000
vt 0.00000000 0.00000000
vt 0.00000000 0.00000000
vt 0.00000000 0.00000000
vt 0.00000000 0.00000000
vt 0.00000000 0.00000000
vt 0.00000000 0.00000000
vt 0.00000000 0.00000000
vt 0.00000000 0.00000000
vt 0.00000000 0.00000000
vt 0.00000000 0.00000000
vt 0.00000000 0.00000000
vt 1.00000000 0.83529401
vt 0.00000000 0.00000000
vt 0.00000000 0.00000000
vt 1.00000000 0.83529401
vt 0.00000000 0.00000000
vt 0.00000000 0.00000000
vt 0.00000000 0.00000000
vt 0.00000000 0.00000000
vt 0.00000000 0.00000000
vt 0.00000000 0.00000000
vt 0.00000000 0.00000000
vt 0.00000000 0.00000000
vt 0.00000000 0.00000000
vt 0.00000000 0.00000000
vt 0.00000000 0.00000000
vt 0.00000000 0.00000000
vt 0.00000000 0.00000000
vt 0.00000000 0.00000000
vt 0.00000000 0.00000000
vt 0.00000000 0.00000000
vt 0.00000000 0.00000000
vt 0.00000000 0.00000000
vt 0.00000000 0.00000000
vt 0.00000000 0.00000000
vt 0.00000000 0.00000000
vt 0.00000000 0.00000000
vt 0.00000000 0.00000000
vt 0.00000000 0.00000000
vt 0.00000000 0.00000000
vt 0.00000000 0.00000000
vt 0.00000000 0.00000000
vt 0.01568600 0.37254900
vt 0.00000000 0.00000000
vt 0.68235302 0.96862799
vt 0.06666700 0.25097999
vt 0.00000000 0.00000000
vt 0.00000000 0.00000000
vt 0.00000000 0.00000000
vt 0.00000000 0.00000000
vt 0.00000000 0.00000000
vt 0.00000000 0.00000000
vt 0.00000000 0.00000000
vt 0.00000000 0.00000000
vt 0.00000000 0.00000000
vt 0.00000000 0.00000000
vt 0.00000000 0.00000000
vt 0.00000000 0.00000000
vt 0.00000000 0.00000000
vt 0.00000000 0.00000000
vt 1.00000000 0.62745100
vt 0.00000000 0.62745100
vt 0.00000000 0.00000000
vt 0.00000000 0.00000000
vt 1.00000000 1.00000000
vt 1.00000000 0.17254899
vt 0.00000000 0.00000000
vt 1.00000000 0.92549002
vt 0.00000000 0.00000000
vt 0.88235301 0.17254899
vt 0.00000000 0.00000000
vt 1.00000000 0.17254899
vt 0.00000000 0.00000000
vt 0.00000000 0.00000000
vt 0.00000000 0.00000000
vt 0.00000000 0.00000000
vt 1.00000000 0.06274500
vt 0.00000000 0.00000000
vt 0.00000000 0.00000000
vt 1.00000000 1.00000000
vt 0.00000000 0.00000000
vt 0.00000000 0.00000000
vt 0.00000000 0.00000000
vt 0.00000000 0.00000000
vt 0.00000000 0.00000000
vt 0.00000000 0.00000000
vt 1.00000000 0.29803899
vt 0.00000000 0.00000000
vt 0.00000000 0.00000000
vt 1.00000000 0.29803899
vt 1.00000000 0.42745101
vt 0.00000000 0.00000000
vt 0.00000000 0.00000000
vt 0.11764700 0.00000000
vt 0.88235301 0.05098000
vt 0.00000000 0.00000000
vt 0.00000000 0.00000000
vt 0.00000000 0.00000000
vt 0.00000000 0.00000000
vt 1.00000000 0.74901998
vt 0.00000000 0.00000000
vt 0.00000000 0.00000000
vt 0.00000000 0.00000000
vt 0.00000000 0.00000000
vt 0.17647099 0.70588201
vt 0.00784300 0.58823502
vt 0.03137300 0.67058802
vt 0.00000000 0.50196099
vt 0.00000000 0.00000000
vt 0.00000000 0.00000000
vt 0.00000000 0.00000000
vt 0.00000000 0.00000000
vt 0.00000000 0.00000000
vt 0.62745100 0.01568600
vt 0.00000000 0.00000000
vt 0.00000000 0.00000000
vt 0.00000000 0.00000000
vt 0.00000000 0.00000000
vt 0.00000000 0.00000000
vt 0.00000000 0.00000000
vt 0.00000000 0.00000000
vt 0.00000000 0.00000000
vt 0.00000000 0.00000000
vt 0.00000000 0.50196099
vt 0.00000000 0.00000000
vt 0.00000000 0.50196099
vt 0.00000000 0.00000000
vt 0.00000000 0.00000000
vt 0.00000000 0.00000000
vt 0.00000000 0.00000000
vt 0.00000000 0.00000000
vt 0.00000000 0.00000000
vt 0.00000000 0.00000000
vt 0.00000000 0.00000000
vt 0.00000000 0.00000000
vt 0.00000000 0.00000000
vt 0.00000000 0.00000000
vt 0.00000000 0.00000000
vt 0.00000000 0.00000000
vt 0.00000000 0.00000000
vt 0.00000000 0.00000000
vt 0.00000000 0.00000000
vt 0.00000000 0.00000000
vt 0.88235301 0.43529400
vt 0.00000000 0.00000000
vt 0.00000000 0.00000000
vt 0.89019603 0.94902003
vt 0.00000000 0.00000000
vt 1.00000000 0.09019600
vt 1.00000000 0.40392199
vt 0.00000000 0.54117602
vt 0.00000000 0.00000000
vt 0.00000000 0.00000000
vt 0.00000000 0.00000000
vt 0.00000000 0.00000000
vt 0.00000000 0.00000000
vt 1.00000000 0.33333299
vt 1.00000000 0.17254899
vt 0.00000000 0.00000000
vt 1.00000000 0.06274500
vt 0.00000000 0.07451000
vt 0.00000000 0.00000000
vt 0.00000000 0.00000000
vt 0.88235301 0.56470603
vt 0.00000000 0.12941200
vt 0.00000000 0.00000000
vt 0.00000000 0.00000000
vt 0.00000000 0.00000000
vt 0.00000000 0.00000000
vt 0.00000000 0.00000000
vt 1.00000000 1.00000000
vt 0.00000000 0.00000000
vt 0.00000000 0.00000000
vt 0.00000000 0.00000000
vt 1.00000000 0.46274501
vt 0.00000000 0.00000000
vt 1.00000000 0.02745100
vt 0.00000000 0.00000000
vt 0.00000000 0.00000000
vt 0.00000000 0.00000000
vt 1.00000000 0.42745101
vt 0.00000000 0.00000000
vt 0.00000000 0.00000000
vt 0.88235301 0.00000000
vt 0.00000000 0.00000000
vt 0.00000000 0.00000000
vt 0.88235301 0.00000000
vt 0.00000000 0.00000000
vt 0.00000000 0.00000000
vt 0.00000000 0.00000000
vt 0.00000000 0.00000000
vt 0.00000000 0.00000000
vt 0.00000000 0.00000000
vt 0.74901998 0.93333298
vt 1.00000000 0.49803901
vt 0.00000000 0.00000000
vt 0.74901998 0.93333298
vt 0.00000000 0.00000000
vt 0.00000000 0.00000000
vt 0.74901998 0.93333298
vt 0.00000000 0.00000000
vt 0.00000000 0.00000000
vt 0.74901998 0.93333298
vt 0.85490203 0.14509800
vt 0.00000000 0.00000000
vt 0.74901998 0.93333298
vt 0.00000000 0.87450999
vt 0.00000000 0.00000000
vt 0.74901998 0.93333298
vt 0.56470603 0.00392200
vt 0.00000000 0.00000000
vt 0.74901998 0.93333298
vt 0.00000000 0.00000000
vt 0.00000000 0.00000000
vt 0.74901998 0.93333298
vt 0.00000000 0.00000000
vt 0.00000000 0.00000000
vt 0.74901998 0.93333298
vt 0.00000000 0.08235300
vt 0.00000000 0.00000000
vt 0.74901998 0.93333298
vt 0.14509800 0.14509800
vt 0.00000000 0.00000000
vt 0.74901998 0.93333298
vt 0.00000000 0.00000000
vt 0.00000000 0.00000000
vt 0.74901998 0.93333298
vt 0.00000000 0.50196099
vt 0.00000000 0.00000000
vt 0.74901998 0.93333298
vt 0.00000000 0.00000000
vt 0.00000000 0.00000000
vt 0.74901998 0.93333298
vt 0.14509800 0.85490203
vt 0.00000000 0.00000000
vt 0.74901998 0.93333298
vt 0.00000000 0.00000000
vt 0.00000000 0.00000000
vt 0.74901998 0.93333298
vt 0.00000000 0.00000000
vt 0.00000000 0.00000000
vt 0.74901998 0.93333298
vt 0.00000000 0.95686299
vt 0.00000000 0.00000000
vt 0.74901998 0.93333298
vt 0.00000000 0.00000000
vt 0.00000000 0.00000000
vt 0.74901998 0.93333298
vt 0.00000000 0.00000000
vt 0.00000000 0.00000000
vt 1.00000000 0.74901998
vt 0.00000000 0.00000000
vt 1.00000000 0.26274499
vt 1.00000000 0.50196099
vt 0.00000000 0.00000000
vt 0.00000000 0.00000000
vt 0.00000000 0.50196099
vt 0.00000000 0.00000000
vt 0.00000000 0.00000000
vt 0.00000000 0.00000000
vt 0.00000000 0.00000000
vt 0.00000000 0.95686299
vt 0.00000000 0.00000000
vt 0.00000000 0.00000000
vt 0.00000000 0.00000000
vt 0.00000000 0.00000000
vt 0.00000000 0.00000000
vt 0.00000000 0.00000000
vt 0.00000000 0.00000000
vt 0.00000000 0.00000000
vt 0.00000000 0.00000000
vt 0.00000000 0.00000000
vt 0.00000000 0.00000000
vt 0.14509800 0.85490203
vt 0.00000000 0.00000000
vt 0.94117701 0.26274499
vt 0.00000000 0.00000000
vt 0.00000000 0.00000000
vt 0.00000000 0.00000000
vt 0.00000000 0.00000000
vt 0.00000000 0.00000000
vt 0.00000000 0.00000000
vt 0.00000000 0.50196099
vt 0.00000000 0.00000000
vt 0.00000000 0.00000000
vt 0.00000000 0.00000000
vt 0.88235301 0.56470603
vt 0.00000000 0.00000000
vt 0.00000000 0.00000000
vt 0.00000000 0.03137300
vt 0.00000000 0.00000000
vt 0.00000000 0.00000000
vt 0.00000000 0.03137300
vt 0.67058802 0.97254902
vt 0.00000000 0.00000000
vt 0.00000000 0.00000000
vt 0.00000000 0.00000000
vt 0.00000000 0.00000000
vt 0.88235301 0.17647099
vt 1.00000000 0.26274499
vt 0.00000000 0.00000000
vt 0.00000000 0.00000000
vt 0.00000000 0.36470601
vt 0.00000000 0.00000000
vt 0.00000000 0.00000000
vt 0.00000000 0.00000000
vt 0.00000000 0.00000000
vt 0.74901998 0.06666700
vt 0.00000000 0.00000000
vt 0.00000000 0.00000000
vt 0.00000000 0.00000000
vt 0.00000000 0.00000000
vt 0.00000000 0.00000000
vt 0.00000000 0.00000000
vt 0.00000000 0.12941200
vt 0.00000000 0.00000000
vt 1.00000000 0.97254902
vt 1.00000000 0.62352902
vt 0.00000000 0.00000000
vt 0.00000000 0.00000000
vt 0.00000000 0.00000000
vt 0.00000000 0.00000000
vt 0.00000000 0.00000000
vt 0.00000000 0.00000000
vt 0.00000000 0.00000000
vt 0.00000000 0.00000000
vt 0.68235302 0.96862799
vt 0.01568600 0.37254900
vt 0.00000000 0.00000000
vt 0.00000000 0.00000000
vt 0.00000000 0.00000000
vt 0.00000000 0.00000000
vt 0.00000000 0.00000000
vt 0.00000000 0.00000000
vt 0.00000000 0.00000000
vt 0.00000000 0.00000000
vt 0.00000000 0.00000000
vt 0.00000000 0.00000000
vt 0.00000000 0.00000000
vt 0.00000000 0.58431399
vt 0.00000000 0.00000000
vt 0.35294101 0.98039198
vt 0.00000000 0.00000000
vt 0.00000000 0.00000000
vt 0.74901998 0.93333298
vt 0.00000000 0.00000000
vt 0.00000000 0.00000000
vt 0.00000000 0.95686299
vt 0.00000000 0.00000000
vt 0.00000000 0.00000000
vt 0.00000000 0.00000000
vt 0.00000000 0.00000000
vt 0.00000000 0.00000000
vt 0.14509800 0.14509800
vt 0.00000000 0.00000000
vt 0.00000000 0.00000000
vt 0.00000000 0.08235300
vt 0.00000000 0.12941200
vt 0.00000000 0.08235300
vt 0.00000000 0.00000000
vt 0.00000000 0.12941200
vt 0.00000000 0.00000000
vt 0.00000000 0.00000000
vt 0.00000000 0.12941200
vt 0.00000000 0.00000000
vt 0.00000000 0.00000000
vt 0.00000000 0.12941200
vt 0.24313700 0.00000000
vt 0.00000000 0.00000000
vt 0.00000000 0.00000000
vt 0.49803901 0.00000000
vt 0.00000000 0.00000000
vt 0.00000000 0.56862700
vt 0.00000000 0.00000000
vt 0.00000000 0.00000000
vt 0.00000000 0.00000000
vt 0.00000000 0.56862700
vt 0.00000000 0.00000000
vt 0.00000000 0.00000000
vt 0.00000000 0.00000000
vt 0.00000000 0.00000000
vt 0.76470602 0.00000000
vt 0.11764700 0.00000000
vt 0.00000000 0.00000000
vt 0.00000000 0.00000000
vt 0.76470602 0.00000000
vt 0.00000000 0.00000000
vt 0.12548999 1.00000000
vt 0.00000000 0.00000000
vt 0.21568599 0.76078397
vt 0.00000000 0.00000000
vt 0.17647099 0.95294100
vt 0.00000000 0.00000000
vt 0.00784300 0.58823502
vt 0.00000000 0.62352902
vt 0.17647099 0.54117602
vt 0.00000000 0.00000000
vt 1.00000000 0.78823501
vt 0.88235301 0.95294100
vt 0.00000000 0.00000000
vt 0.00000000 0.00000000
vt 1.00000000 0.78823501
vt 0.00000000 0.00000000
vt 0.00000000 0.00000000
vt 1.00000000 0.78823501
vt 0.35294101 0.98039198
vt 0.00000000 0.00000000
vt 0.00000000 0.00000000
vt 1.00000000 0.50196099
vt 1.00000000 0.97254902
vt 0.00000000 0.00000000
vt 1.00000000 0.78823501
vt 0.00000000 0.00000000
vt 0.00000000 0.00000000
vt 0.00000000 0.00000000
vt 1.00000000 0.00000000
vt 0.00000000 0.00000000
vt 0.00000000 0.00000000
vt 0.00000000 0.00000000
vt 0.00000000 0.00000000
vt 1.00000000 0.97254902
vt 0.00000000 0.00000000
vt 0.00000000 0.00000000
vt 0.00000000 0.00000000
vt 0.00000000 0.00000000
vt 0.00000000 0.00000000
vt 0.00000000 0.00000000
vt 0.00000000 0.00000000
vt 0.00000000 0.00000000
vt 0.00000000 0.00000000
vt 0.00000000 0.00000000
vt 0.00000000 0.00000000
vt 0.01568600 0.37254900
vt 0.00000000 0.00000000
vt 0.00000000 0.00000000
vt 0.00000000 0.00000000
vt 0.00000000 0.00000000
vt 0.00000000 0.00000000
vt 0.00000000 0.00000000
vt 0.00000000 0.00000000
vt 0.00000000 0.00000000
vt 0.00000000 0.00000000
vt 0.00000000 0.00000000
vt 0.00000000 0.00000000
vt 0.00000000 0.00000000
vt 0.00000000 0.00000000
vt 0.00000000 0.50196099
vt 0.00000000 0.00000000
vt 0.00000000 0.00000000
vt 0.00000000 0.00000000
vt 1.00000000 0.58431399
vt 0.00000000 0.00000000
vt 0.00000000 0.00000000
vt 0.00000000 0.08235300
vt 0.00000000 0.00000000
vt 0.00000000 0.00000000
vt 0.00000000 0.08235300
vt 0.00000000 0.00000000
vt 0.00000000 0.00000000
vt 0.00000000 0.00000000
vt 0.00000000 0.00000000
vt 0.00000000 0.00000000
vt 0.00000000 0.00000000
vt 0.58823502 0.99215698
vt 0.00784300 0.41960800
vt 0.00000000 0.50196099
vt 0.00000000 0.00000000
vt 0.00000000 0.00000000
vt 0.00000000 0.00000000
vt 0.00000000 0.00000000
vt 0.00000000 0.00000000
vt 0.00000000 0.00000000
vt 0.00000000 0.00000000
vt 0.00000000 0.00000000
vt 0.00000000 0.00000000
vt 0.00000000 0.00000000
vt 0.00000000 0.00000000
vt 0.00000000 0.00000000
vt 0.00000000 0.00000000
vt 1.00000000 0.62745100
vt 0.00000000 0.00000000
vt 0.00000000 0.00000000
vt 0.00000000 0.00000000
vt 0.02352900 0.13725500
vt 0.00000000 0.00000000
vt 0.41176501 0.66274500
vt 0.00000000 0.00000000
vt 0.55686301 0.29803899
vt 0.77647102 0.29803899
vt 0.00000000 0.00000000
vt 0.17647099 0.00000000
vt 0.95294100 0.70196098
vt 0.00000000 0.00000000
vt 0.77647102 0.29803899
vt 0.00000000 0.00000000
vt 0.00000000 0.00000000
vt 0.00000000 0.00000000
vt 0.00000000 0.00000000
vt 0.00000000 0.00000000
vt 0.00000000 0.00000000
vt 0.00000000 0.00000000
vt 0.00000000 0.00000000
vt 0.00000000 0.00000000
vt 0.00000000 0.72156900
vt 0.12548999 1.00000000
vt 0.00000000 0.72156900
vt 0.00000000 0.00000000
vt 0.12548999 1.00000000
vt 0.00000000 0.72156900
vt 0.00000000 0.00000000
vt 0.00000000 0.00000000
vt 0.98039198 0.45490199
vt 0.00000000 0.00000000
vt 0.00000000 0.00000000
vt 0.47843099 0.10980400
vt 0.00000000 0.00000000
vt 0.87450999 1.00000000
vt 0.00000000 0.00000000
vt 0.00000000 0.83529401
vt 0.00000000 0.00000000
vt 0.17647099 0.87058800
vt 0.47843099 0.10980400
vt 0.00000000 0.00000000
vt 0.00000000 0.00000000
vt 0.00000000 0.00000000
vt 1.00000000 0.46274501
vt 0.00000000 0.00000000
vt 0.00000000 0.00000000
vt 0.00000000 0.00000000
vt 0.00000000 0.00000000
vt 0.00000000 0.00000000
vt 0.00000000 0.00000000
vt 0.00000000 0.00000000
vt 0.00000000 0.00000000
vt 0.00000000 0.00000000
vt 0.00000000 0.00000000
vt 0.00000000 0.00000000
vt 0.00000000 0.00000000
vt 0.00000000 0.00000000
vt 0.00000000 0.00000000
vt 0.00000000 0.00000000
vt 0.00000000 0.00000000
vt 0.00000000 0.00000000
vt 0.00000000 0.08235300
vt 0.00000000 0.00000000
vt 0.00000000 0.00000000
vt 0.00000000 0.08235300
vt 0.00000000 0.00000000
vt 0.00000000 0.00000000
vt 0.00000000 0.00000000
vt 0.00000000 0.00000000
vt 0.00000000 0.00000000
vt 0.00000000 0.16470601
vt 0.00000000 0.00000000
vt 1.00000000 0.00000000
vt 0.00000000 0.25097999
vt 0.00000000 0.00000000
vt 0.00000000 0.00000000
vt 0.00000000 0.00000000
vt 0.00000000 0.00000000
vt 0.00000000 0.00000000
vt 0.00000000 0.00000000
vt 1.00000000 0.25097999
vt 0.00000000 0.00000000
vt 0.00000000 0.00000000
vt 0.00000000 0.00000000
vt 0.00000000 0.00000000
vt 0.00000000 0.00000000
vt 0.00000000 0.00000000
vt 0.00000000 0.00000000
vt 0.00000000 0.00000000
vt 0.00000000 0.00000000
vt 0.00000000 0.00000000
vt 0.00000000 0.00000000
vt 0.00000000 0.00000000
vt 0.00000000 0.87450999
vt 0.00000000 0.00000000
vt 0.00000000 0.87450999
vt 0.00000000 0.00000000
vt 0.00000000 0.00000000
vt 0.00000000 0.83529401
vt 1.00000000 0.41568601
vt 1.00000000 0.66666698
vt 0.00000000 0.83529401
vt 0.00000000 0.00000000
vt 0.00000000 0.00000000
vt 0.00000000 0.00000000
vt 0.85490203 0.14509800
vt 0.00000000 0.00000000
vt 0.93333298 0.25097999
vt 0.00000000 0.00000000
vt 0.00000000 0.00000000
vt 0.93333298 0.25097999
vt 0.00000000 0.00000000
vt 0.00000000 0.00000000
vt 0.00000000 0.00000000
vt 0.00000000 0.00000000
vt 0.00000000 0.00000000
vt 0.00000000 0.00000000
vt 0.00000000 0.00000000
vt 0.00000000 0.00000000
vt 0.00000000 0.00000000
vt 1.00000000 0.49803901
vt 0.00000000 0.00000000
vt 0.00000000 0.00000000
vt 0.00000000 0.00000000
vt 0.00000000 0.00000000
vt 0.00000000 0.00000000
vt 0.00000000 0.00000000
vt 0.00000000 0.00000000
vt 0.00000000 0.00000000
vt 0.00000000 0.00000000
vt 0.00000000 0.00000000
vt 0.00000000 0.00000000
vt 0.56470603 0.00392200
vt 0.00000000 0.00000000
vt 0.00000000 0.00000000
vt 0.00000000 0.00000000
vt 0.00000000 0.00000000
vt 0.00000000 0.00000000
vt 0.00000000 0.42745101
vt 0.00000000 0.00000000
vt 0.00000000 0.00000000
vt 0.00000000 0.00000000
vt 0.00000000 0.42745101
vt 0.00000000 0.00000000
vt 0.00000000 0.00000000
vt 0.00000000 0.42745101
vt 0.00000000 0.00000000
vt 0.00000000 0.00000000
vt 0.00000000 0.42745101
vt 0.00000000 0.00000000
vt 0.00000000 0.36470601
vt 0.83137298 0.29019600
vt 0.55686301 0.29803899
vt 0.41176501 0.87058800
vt 0.00000000 0.00000000
vt 0.77647102 0.29803899
vt 0.00000000 0.00000000
vt 0.00000000 0.00000000
vt 0.00000000 0.36470601
vt 0.00000000 0.00000000
vt 0.00000000 0.00000000
vt 0.66666698 0.33333299
vt 0.00000000 0.00000000
vt 0.00000000 0.00000000
vt 0.66666698 0.33333299
vt 0.00000000 0.00000000
vt 0.00000000 0.00000000
vt 0.66666698 0.33333299
vt 0.00000000 0.00000000
vt 0.00000000 0.00000000
vt 1.00000000 0.95686299
vt 0.00000000 0.00000000
vt 0.00000000 0.00000000
vt 0.00000000 0.00000000
vt 0.00000000 0.00000000
vt 0.00000000 0.00000000
vt 0.95294100 0.70196098
vt 0.00000000 0.00000000
vt 0.00000000 0.00000000
vt 0.00000000 0.00000000
vt 0.90588200 0.14509800
vt 0.95294100 0.70196098
vt 0.63137299 0.05490200
vt 0.00000000 0.00000000
vt 1.00000000 0.13333300
vt 0.00000000 0.05098000
vt 0.09411800 0.14509800
vt 0.00000000 0.00000000
vt 0.00000000 0.72156900
vt 0.64705902 0.20784301
vt 0.47843099 0.54117602
vt 0.00000000 0.00000000
vt 0.00000000 0.62745100
vt 0.00000000 0.00000000
vt 0.00000000 0.00000000
vt 0.00000000 0.00000000
vt 0.00000000 0.00000000
vt 0.00000000 0.00000000
vt 0.00000000 0.00000000
vt 0.00000000 0.00000000
vt 0.00000000 0.00000000
vt 0.88235301 0.43529400
vt 0.00000000 0.62745100
vt 0.00000000 0.00000000
vt 0.00000000 0.00000000
vt 0.00000000 0.00000000
vt 1.00000000 0.00000000
vt 0.00000000 0.00000000
vt 0.00000000 0.00000000
vt 0.00000000 0.00000000
vt 0.00000000 0.00000000
vt 0.00000000 0.00000000
vt 0.00000000 0.00000000
vt 0.00000000 0.00000000
vt 0.00000000 0.00000000
vt 0.00000000 0.00000000
vt 0.00000000 0.00000000
vt 0.00000000 0.00000000
vt 0.00000000 0.00000000
vt 0.00000000 0.00000000
vt 0.00000000 0.00000000
vt 0.00000000 0.08235300
vt 1.00000000 0.08235300
vt 0.00000000 0.00000000
vt 0.00000000 0.00000000
vt 0.00000000 0.00000000
vt 0.00000000 0.00000000
vt 1.00000000 0.16862699
vt 0.00000000 0.00000000
vt 0.00000000 0.00000000
vt 0.00000000 0.00000000
vt 0.00000000 0.00000000
vt 0.00000000 0.00000000
vt 0.00000000 0.00000000
vt 0.00000000 0.00000000
vt 0.00000000 0.87450999
vt 0.00000000 0.00000000
vt 1.00000000 0.08235300
vt 0.00000000 0.00000000
vt 1.00000000 0.16862699
vt 0.00000000 0.00000000
vt 0.00000000 0.00000000
vt 0.00000000 0.00000000
vt 0.00000000 0.00000000
vt 0.00000000 0.00000000
vt 0.00000000 0.00000000
vt 0.00000000 0.00000000
vt 0.00000000 0.00000000
vt 0.00000000 0.00000000
vt 0.01960800 0.80784303
vt 0.00000000 0.00000000
vt 0.00000000 0.00000000
vt 0.00000000 0.00000000
vt 0.90588200 0.14509800
vt 0.17647099 0.05098000
vt 0.00000000 0.00000000
vt 0.00000000 0.00000000
vt 0.00000000 0.12548999
vt 0.17647099 0.13333300
vt 0.41176501 0.13333300
vt 0.29411799 0.00000000
vt 0.64705902 0.87058800
vt 0.50196099 1.00000000
vt 0.62352902 1.00000000
vt 1.00000000 0.45490199
vt 0.00000000 0.42745101
vt 1.00000000 0.39215699
vt 0.00000000 0.36470601
vt 1.00000000 0.33333299
vt 1.00000000 0.39215699
vt 0.00000000 0.50196099
vt 1.00000000 0.58431399
vt 0.00000000 0.58431399
vt 0.88235301 0.38039199
vt 0.88235301 0.21568599
vt 0.64705902 0.21568599
vt 0.88235301 0.38039199
vt 0.64705902 0.21568599
vt 0.64705902 0.38039199
vt 0.41176501 0.38039199
vt 0.41176501 0.21568599
vt 0.17647099 0.21568599
vt 0.41176501 0.38039199
vt 0.17647099 0.21568599
vt 0.17647099 0.38039199
vt 0.17647099 0.38039199
vt 0.17647099 0.21568599
vt 0.00000000 0.25097999
vt 1.00000000 0.21568599
vt 0.88235301 0.05098000
vt 0.88235301 0.21568599
vt 0.64705902 0.21568599
vt 0.64705902 0.05098000
vt 0.41176501 0.05098000
vt 0.64705902 0.21568599
vt 0.41176501 0.05098000
vt 0.41176501 0.21568599
vt 0.88235301 0.05098000
vt 0.76470602 0.00000000
vt 0.64705902 0.05098000
vt 0.64705902 0.05098000
vt 0.76470602 0.00000000
vt 0.64705902 0.00000000
vt 0.64705902 0.05098000
vt 0.64705902 0.00000000
vt 0.52941197 0.00000000
vt 0.52941197 0.00000000
vt 0.41176501 0.00000000
vt 0.41176501 0.05098000
vt 0.17647099 0.05098000
vt 0.17647099 0.00000000
vt 0.09019600 0.00000000
vt 1.00000000 0.62352902
vt 0.88235301 0.62352902
vt 1.00000000 0.78823501
vt 1.00000000 0.78823501
vt 0.88235301 0.62352902
vt 0.88235301 0.78823501
vt 0.41176501 0.78823501
vt 0.41176501 0.95294100
vt 0.64705902 0.95294100
vt 0.41176501 0.78823501
vt 0.64705902 0.95294100
vt 0.64705902 0.78823501
vt 0.64705902 0.78823501
vt 0.64705902 0.95294100
vt 0.88235301 0.95294100
vt 0.64705902 0.78823501
vt 0.88235301 0.95294100
vt 0.88235301 0.78823501
vt 0.17647099 0.62352902
vt 0.41176501 0.78823501
vt 0.41176501 0.62352902
vt 0.41176501 0.62352902
vt 0.41176501 0.78823501
vt 0.64705902 0.78823501
vt 0.41176501 0.62352902
vt 0.64705902 0.78823501
vt 0.64705902 0.62352902
vt 0.88235301 0.88627499
vt 0.88235301 0.66274500
vt 0.64705902 0.66274500
vt 0.88235301 0.88627499
vt 0.64705902 0.66274500
vt 0.64705902 0.88627499
vt 0.47843099 0.54117602
vt 0.47843099 0.32549000
vt 0.24313700 0.40000001
vt 0.47843099 0.54117602
vt 0.24313700 0.40000001
vt 0.21960799 0.53333300
vt 0.47843099 0.10980400
vt 0.24705900 0.26666701
vt 0.47843099 0.32549000
vt 0.64705902 0.43529400
vt 0.88235301 0.43529400
vt 0.64705902 0.20784301
vt 0.64705902 0.20784301
vt 0.88235301 0.43529400
vt 0.88235301 0.20784301
vt 0.52941197 0.00000000
vt 0.41176501 0.05098000
vt 0.64705902 0.05098000
vt 0.41176501 0.78823501
vt 0.17647099 0.62352902
vt 0.17647099 0.78823501
vt 0.47843099 0.32549000
vt 0.24705900 0.26666701
vt 0.24313700 0.40000001
vt 1.00000000 0.83529401
vt 0.00000000 0.74901998
vt 1.00000000 0.74901998
vt 0.55686301 0.29803899
vt 0.58823502 0.00000000
vt 0.47058800 0.00000000
vt 0.23529400 0.00000000
vt 0.33333299 0.29803899
vt 0.35294101 0.00000000
vt 0.35294101 0.00000000
vt 0.33333299 0.29803899
vt 0.47058800 0.00000000
vt 0.47058800 0.00000000
vt 0.33333299 0.29803899
vt 0.55686301 0.29803899
vt 0.24705900 0.26666701
vt 0.47843099 0.32549000
vt 0.47843099 0.10980400
vt 0.24705900 0.26666701
vt 0.47843099 0.10980400
vt 0.23137300 0.12941200
vt 0.18431400 0.66274500
vt 0.47843099 0.76078397
vt 0.47843099 0.54117602
vt 1.00000000 0.50196099
vt 1.00000000 0.43529400
vt 0.88235301 0.43529400
vt 0.88235301 0.09019600
vt 0.64705902 0.09019600
vt 0.88235301 0.17647099
vt 0.88235301 0.17647099
vt 0.64705902 0.09019600
vt 0.64705902 0.17647099
vt 0.88235301 0.34902000
vt 0.64705902 0.34902000
vt 0.88235301 0.43529400
vt 0.88235301 0.43529400
vt 0.64705902 0.34902000
vt 0.64705902 0.43529400
vt 0.88235301 0.52156901
vt 0.64705902 0.52156901
vt 0.88235301 0.61176503
vt 0.88235301 0.61176503
vt 0.64705902 0.52156901
vt 0.64705902 0.61176503
vt 0.88235301 0.61176503
vt 0.64705902 0.61176503
vt 0.88235301 0.69803900
vt 0.88235301 0.69803900
vt 0.64705902 0.61176503
vt 0.64705902 0.69803900
vt 0.88235301 0.87058800
vt 0.64705902 0.87058800
vt 0.88235301 0.95686299
vt 0.88235301 0.95686299
vt 0.64705902 0.87058800
vt 0.64705902 0.95686299
vt 0.41176501 0.87058800
vt 0.64705902 0.87058800
vt 0.41176501 0.78431398
vt 0.41176501 0.78431398
vt 0.64705902 0.87058800
vt 0.64705902 0.78431398
vt 0.41176501 0.78431398
vt 0.64705902 0.78431398
vt 0.41176501 0.69803900
vt 0.41176501 0.69803900
vt 0.64705902 0.78431398
vt 0.64705902 0.69803900
vt 0.41176501 0.52156901
vt 0.64705902 0.52156901
vt 0.41176501 0.43529400
vt 0.41176501 0.43529400
vt 0.64705902 0.52156901
vt 0.64705902 0.43529400
vt 0.41176501 0.34902000
vt 0.64705902 0.34902000
vt 0.41176501 0.26274499
vt 0.41176501 0.26274499
vt 0.64705902 0.34902000
vt 0.64705902 0.26274499
vt 0.88235301 0.95686299
vt 0.88235301 1.00000000
vt 1.00000000 0.95686299
vt 0.88235301 0.34902000
vt 1.00000000 0.34902000
vt 0.88235301 0.26274499
vt 0.88235301 0.26274499
vt 1.00000000 0.34902000
vt 1.00000000 0.26274499
vt 0.88235301 0.26274499
vt 1.00000000 0.26274499
vt 0.88235301 0.17647099
vt 0.88235301 0.09019600
vt 1.00000000 0.09019600
vt 0.88235301 0.00392200
vt 0.88235301 0.00392200
vt 1.00000000 0.09019600
vt 1.00000000 0.00392200
vt 0.81176502 0.43921599
vt 0.75294101 0.52156901
vt 0.75294101 0.43921599
vt 0.88235301 0.54117602
vt 0.64705902 0.54117602
vt 0.88235301 0.70588201
vt 0.88235301 0.70588201
vt 0.64705902 0.54117602
vt 0.64705902 0.70588201
vt 0.64705902 0.70588201
vt 0.41176501 0.70588201
vt 0.64705902 0.87058800
vt 0.64705902 0.87058800
vt 0.41176501 0.70588201
vt 0.41176501 0.87058800
vt 0.64705902 0.87058800
vt 0.41176501 0.87058800
vt 0.50196099 1.00000000
vt 0.88235301 0.70588201
vt 1.00000000 0.70588201
vt 0.88235301 0.54117602
vt 0.64705902 0.29803899
vt 0.64705902 0.13333300
vt 0.41176501 0.13333300
vt 0.64705902 0.29803899
vt 0.41176501 0.13333300
vt 0.41176501 0.29803899
vt 0.00000000 0.50196099
vt 0.17647099 0.62352902
vt 0.17647099 0.46274501
vt 0.17647099 0.46274501
vt 0.17647099 0.62352902
vt 0.41176501 0.62352902
vt 0.17647099 0.46274501
vt 0.41176501 0.62352902
vt 0.41176501 0.46274501
vt 0.00000000 0.00000000
vt 0.00000000 0.74901998
vt 0.00000000 0.00000000
vt 0.00000000 0.00000000
vt 0.00784300 0.58039200
vt 0.00000000 0.55686301
vt 0.00000000 0.00000000
vt 0.00000000 0.50196099
vt 0.78431398 0.91372597
vt 0.68235302 0.96862799
vt 1.00000000 1.00000000
vt 1.00000000 0.97254902
vt 0.00000000 0.00000000
vt 0.32941201 0.96862799
vt 0.25097999 0.93333298
vt 0.00000000 0.00000000
vt 0.00000000 0.00000000
vt 0.00000000 0.77647102
vt 0.00000000 0.00000000
vt 0.00000000 0.77647102
vt 0.00000000 0.83529401
vt 0.00000000 0.00000000
vt 0.00000000 0.00000000
vt 0.00784300 0.58823502
vt 0.00000000 0.00000000
vt 0.00000000 0.00000000
vt 0.00000000 1.00000000
vt 0.00000000 0.00000000
vt 0.00000000 0.00000000
vt 0.03137300 0.32941201
vt 0.00000000 0.00000000
vt 0.00000000 0.00000000
vt 0.00000000 0.22352900
vt 0.00000000 0.00000000
vt 0.00000000 0.22352900
vt 0.00000000 0.27843100
vt 0.00000000 0.00000000
vt 0.00000000 0.27843100
vt 0.00000000 0.33333299
vt 0.00000000 0.00000000
vt 0.00000000 0.33333299
vt 0.00000000 0.38823500
vt 0.00000000 0.00000000
vt 0.00000000 0.38823500
vt 0.00000000 0.44313699
vt 0.00000000 0.00000000
vt 0.00000000 0.44313699
vt 0.00000000 0.50196099
vt 0.00000000 0.00000000
vt 0.00000000 0.50196099
vt 0.00000000 0.55686301
vt 0.00000000 0.00000000
vt 0.00000000 0.55686301
vt 0.00000000 0.61176503
vt 0.00000000 0.00000000
vt 0.00000000 0.61176503
vt 0.00000000 0.66666698
vt 0.00000000 0.00000000
vt 0.00000000 0.66666698
vt 0.00000000 0.72156900
vt 0.00000000 0.00000000
vt 0.00000000 0.00000000
vt 0.88235301 0.81960797
vt 0.00000000 0.00000000
vt 0.00000000 0.00000000
vt 0.00000000 0.33333299
vt 0.00000000 0.00000000
vt 0.00000000 0.00000000
vt 0.58823502 0.99215698
vt 0.00000000 0.00000000
vt 0.58823502 0.99215698
vt 0.00000000 0.50196099
vt 0.58823502 0.99215698
vt 0.02745100 0.34117600
vt 0.00784300 0.41960800
vt 0.02745100 0.65882403
vt 0.00000000 0.55686301
vt 0.00784300 0.58039200
vt 0.00000000 0.00000000
vt 0.88235301 0.05098000
vt 0.00000000 0.00000000
vt 0.00000000 0.56862700
vt 0.67058802 0.96862799
vt 0.02745100 0.34117600
vt 0.58823502 0.99215698
vt 0.41176501 0.62352902
vt 0.64705902 0.62352902
vt 0.64705902 0.46274501
vt 0.41176501 0.46274501
vt 0.88235301 0.87058800
vt 0.64705902 0.87058800
vt 0.24705900 0.26666701
vt 0.23137300 0.12941200
vt 0.64705902 0.21568599
vt 0.41176501 0.21568599
vt 0.41176501 0.38039199
vt 0.64705902 0.38039199
vt 0.00000000 0.00000000
vt 0.25097999 0.93333298
vt 0.32941201 0.96862799
vt 1.00000000 0.39215699
vt 1.00000000 0.33333299
vt 0.00000000 0.00000000
vt 0.67058802 0.97254902
vt 0.88235301 0.70588201
vt 0.64705902 0.70588201
vt 0.64705902 0.87058800
vt 0.88235301 0.87058800
vt 0.64705902 0.38039199
vt 0.41176501 0.38039199
vt 0.41176501 0.54117602
vt 0.64705902 0.54117602
vt 0.17647099 0.62352902
vt 0.00000000 0.50196099
vt 0.00000000 0.00000000
vt 0.00000000 0.00000000
vt 1.00000000 0.89803898
vt 0.25097999 0.93333298
vt 0.00000000 0.00000000
vt 0.00000000 0.27843100
vt 0.00000000 0.00000000
vt 0.00000000 0.33333299
vt 0.00000000 0.00000000
vt 0.41176501 0.87058800
vt 0.41176501 0.78431398
vt 0.88235301 0.17647099
vt 0.64705902 0.17647099
vt 0.64705902 0.26274499
vt 0.88235301 0.26274499
vt 0.64705902 0.46274501
vt 0.88235301 0.46274501
vt 0.88235301 0.29803899
vt 0.64705902 0.29803899
vt 0.88235301 0.69803900
vt 0.00000000 0.00000000
vt 0.88235301 0.61176503
vt 0.00000000 0.00000000
vt 0.88235301 0.52156901
vt 0.88235301 0.61176503
vt 0.88235301 0.78431398
vt 0.00000000 0.00000000
vt 0.88235301 0.69803900
vt 0.00000000 0.00000000
vt 1.00000000 0.69803900
vt 0.88235301 0.69803900
vt 1.00000000 0.69803900
vt 0.00000000 0.00000000
vt 0.88235301 0.69803900
vt 0.00000000 0.00000000
vt 0.88235301 0.43529400
vt 0.88235301 0.52156901
vt 0.00000000 0.50196099
vt 0.01568600 0.37254900
vt 0.88235301 0.43529400
vt 1.00000000 0.21568599
vt 0.00000000 0.54117602
vt 0.63137299 0.55686301
vt 0.00000000 0.56862700
vt 0.88235301 0.43529400
vt 0.64705902 0.43529400
vt 0.64705902 0.52156901
vt 0.88235301 0.52156901
vt 0.64705902 0.52156901
vt 0.41176501 0.52156901
vt 0.41176501 0.61176503
vt 0.64705902 0.61176503
vt 0.41176501 0.09019600
vt 0.00000000 0.00000000
vt 0.41176501 0.17647099
vt 0.47843099 0.54117602
vt 0.47843099 0.76078397
vt 0.41176501 0.17647099
vt 0.47843099 0.76078397
vt 0.18431400 0.66274500
vt 0.41176501 0.17647099
vt 0.18431400 0.66274500
vt 0.21568599 0.76078397
vt 0.41176501 0.17647099
vt 0.21568599 0.76078397
vt 0.21568599 0.97647101
vt 0.00000000 0.00000000
vt 0.00000000 0.00000000
vt 0.00000000 0.77647102
vt 0.00000000 0.72156900
vt 0.82352901 0.00000000
vt 0.77647102 0.29803899
vt 0.00000000 0.00000000
vt 0.41176501 0.43529400
vt 0.00784300 0.58039200
vt 0.00000000 0.50196099
vt 0.41176501 0.52156901
vt 0.00000000 0.00000000
vt 0.00000000 0.03137300
vt 0.00000000 0.00000000
vt 0.00000000 0.00000000
vt 0.33333299 0.29803899
vt 0.64705902 0.95686299
vt 0.64705902 0.87058800
vt 0.88235301 0.87058800
vt 0.00000000 0.00000000
vt 0.88235301 0.78431398
vt 0.00000000 0.00000000
vt 1.00000000 0.78431398
vt 0.88235301 0.78431398
vt 1.00000000 0.78431398
vt 0.00000000 0.00000000
vt 0.88235301 0.78431398
vt 1.00000000 0.69803900
vt 0.00000000 0.74901998
vt 0.00000000 0.50196099
vt 0.00000000 0.74901998
vt 0.00000000 0.00000000
vt 0.00000000 0.50196099
vt 0.00000000 0.66666698
vt 0.00000000 0.58431399
vt 0.00000000 0.50196099
vt 0.00000000 0.00000000
vt 0.00000000 0.25097999
vt 0.00000000 0.50196099
vt 0.00000000 0.66666698
vt 0.00000000 0.00000000
vt 0.00000000 0.00000000
vt 0.00000000 0.00000000
vt 0.00000000 0.42745101
vt 0.00000000 0.00000000
vt 0.00000000 0.00000000
vt 0.06666700 0.25097999
vt 0.01568600 0.37254900
vt 0.00000000 0.50196099
vt 0.93333298 0.25097999
vt 0.98431402 0.37254900
vt 0.00000000 0.00000000
vt 0.41176501 0.52156901
vt 0.00000000 0.50196099
vt 0.00784300 0.41960800
vt 0.41176501 0.61176503
vt 0.06666700 0.25097999
vt 0.00000000 0.00000000
vt 0.01568600 0.37254900
vt 0.00000000 0.00000000
vt 1.00000000 0.26274499
vt 1.00000000 0.34902000
vt 0.00000000 0.55686301
vt 0.00000000 0.00000000
vt 0.00000000 0.00000000
vt 0.13333300 0.00000000
vt 0.41176501 0.66274500
vt 0.64705902 0.66274500
vt 1.00000000 0.62745100
vt 0.00000000 0.00000000
vt 0.64705902 0.20784301
vt 0.88235301 0.20784301
vt 0.47843099 0.32549000
vt 0.47843099 0.54117602
vt 0.50196099 1.00000000
vt 0.18431400 0.66274500
vt 0.47843099 0.54117602
vt 1.00000000 0.16078401
vt 0.00000000 0.00000000
vt 0.00000000 0.00000000
vt 1.00000000 0.78431398
vt 0.17647099 0.87058800
vt 0.21568599 0.76078397
vt 0.18431400 0.66274500
vt 0.17647099 0.87058800
vt 0.12941200 0.78039199
vt 0.21568599 0.76078397
vt 0.00000000 0.50196099
vt 0.00000000 0.25097999
vt 0.88235301 0.61176503
vt 0.00000000 0.00000000
vt 0.00000000 0.00000000
vt 0.00000000 0.83529401
vt 0.00000000 0.77647102
vt 0.93333298 0.74901998
vt 0.00000000 0.00000000
vt 0.88235301 0.81960797
vt 0.17647099 0.13333300
vt 0.29411799 0.00000000
vt 0.00000000 0.00000000
vt 0.29411799 0.00000000
vt 0.77647102 0.29803899
vt 0.82352901 0.00000000
vt 0.29411799 0.00000000
vt 0.55686301 0.29803899
vt 0.77647102 0.29803899
vt 0.29411799 0.00000000
vt 0.58823502 0.00000000
vt 0.55686301 0.29803899
vt 0.33333299 0.29803899
vt 0.23529400 0.00000000
vt 0.64705902 0.95686299
vt 1.00000000 0.95686299
vt 0.00000000 0.00000000
vt 0.88235301 0.95686299
vt 0.00000000 0.00000000
vt 0.88235301 0.87058800
vt 0.88235301 0.95686299
vt 0.00000000 0.00000000
vt 0.88235301 1.00000000
vt 0.88235301 0.95686299
vt 0.33333299 0.36470601
vt 0.00000000 0.35294101
vt 0.88235301 0.87058800
vt 0.00000000 0.37647101
vt 0.33333299 0.36470601
vt 0.88235301 0.87058800
vt 0.00000000 0.00000000
vt 0.00784300 0.41176501
vt 0.00000000 0.25097999
vt 0.17647099 0.21568599
vt 0.33333299 0.36470601
vt 1.00000000 0.14509800
vt 0.00000000 0.00000000
vt 0.00000000 0.74901998
vt 0.00000000 0.66666698
vt 0.00000000 0.74901998
vt 0.00000000 0.00000000
vt 0.85490203 0.14509800
vt 0.93333298 0.25097999
vt 0.00000000 0.00000000
vt 0.93333298 0.25097999
vt 0.00000000 0.66666698
vt 1.00000000 0.16078401
vt 0.00000000 0.00000000
vt 0.00000000 0.00000000
vt 0.00000000 0.33333299
vt 0.00000000 0.25097999
vt 0.00000000 0.00000000
vt 0.00000000 0.33333299
vt 0.00000000 0.00000000
vt 0.06666700 0.25097999
vt 0.14509800 0.14509800
vt 0.00000000 0.00000000
vt 0.06666700 0.25097999
vt 1.00000000 0.74901998
vt 1.00000000 0.50196099
vt 0.06666700 0.25097999
vt 0.85490203 0.14509800
vt 0.74901998 0.06666700
vt 0.93333298 0.25097999
vt 0.00000000 0.00000000
vt 0.98431402 0.37254900
vt 0.93333298 0.25097999
vt 0.00000000 0.00000000
vt 0.00000000 0.50196099
vt 0.00000000 0.41568601
vt 0.00000000 0.00000000
vt 0.00000000 0.97254902
vt 0.00000000 0.00000000
vt 1.00000000 0.50196099
vt 0.88235301 0.43529400
vt 0.75686300 0.37254900
vt 0.71764702 0.37254900
vt 0.00000000 0.00000000
vt 0.88235301 0.00392200
vt 0.00000000 0.00000000
vt 0.88235301 0.09019600
vt 0.24705900 0.26666701
vt 0.00000000 0.00000000
vt 0.47843099 0.32549000
vt 0.24705900 0.26666701
vt 0.64705902 0.87058800
vt 0.62352902 1.00000000
vt 0.17647099 0.38039199
vt 0.17647099 0.54117602
vt 0.41176501 0.54117602
vt 0.41176501 0.38039199
vt 0.17647099 0.70588201
vt 0.00000000 0.00000000
vt 0.17647099 0.87058800
vt 0.17647099 0.13333300
vt 0.00000000 0.12548999
vt 0.00000000 0.00000000
vt 0.00000000 0.12548999
vt 0.09019600 0.00000000
vt 0.93333298 0.74901998
vt 0.00000000 0.12548999
vt 0.17647099 0.13333300
vt 0.00000000 0.00000000
vt 0.00000000 0.00000000
vt 0.00000000 0.25097999
vt 0.17647099 0.13333300
vt 0.00000000 0.25097999
vt 0.41176501 0.13333300
vt 0.17647099 0.13333300
vt 0.41176501 0.13333300
vt 0.58823502 0.00000000
vt 0.29411799 0.00000000
vt 0.41176501 0.13333300
vt 0.47058800 0.00000000
vt 0.58823502 0.00000000
vt 0.35294101 0.00000000
vt 0.64705902 0.13333300
vt 0.23529400 0.00000000
vt 0.11764700 0.00000000
vt 0.00000000 0.00000000
vt 0.23529400 0.00000000
vt 0.00000000 0.00000000
vt 1.00000000 0.95686299
vt 0.88235301 1.00000000
vt 0.55686301 0.29803899
vt 0.33333299 0.29803899
vt 0.64705902 0.87058800
vt 0.41176501 0.87058800
vt 0.00000000 0.00000000
vt 0.33333299 0.36470601
vt 0.00000000 0.37647101
vt 0.11764700 0.00000000
vt 0.00000000 0.00000000
vt 0.00000000 0.00000000
vt 0.35686299 0.40784299
vt 0.33725500 0.40784299
vt 0.00000000 0.00000000
vt 0.00000000 0.01960800
vt 0.09019600 0.12548999
vt 0.33333299 0.36470601
vt 0.00000000 0.00000000
vt 0.00000000 0.25097999
vt 0.00000000 0.33333299
vt 0.00000000 0.00000000
vt 0.62745100 0.01568600
vt 0.74901998 0.06666700
vt 0.41176501 0.34902000
vt 0.00000000 0.00000000
vt 0.00000000 0.00000000
vt 0.00000000 0.00000000
vt 0.00000000 0.00000000
vt 0.24313700 0.00000000
vt 0.49803901 0.00000000
vt 0.04313700 0.11372500
vt 0.00000000 0.00000000
vt 0.24313700 0.00000000
vt 0.00000000 0.00000000
vt 1.00000000 0.16078401
vt 0.00000000 0.00000000
vt 1.00000000 0.14509800
vt 0.00000000 0.00000000
vt 0.04313700 0.11372500
vt 0.24313700 0.00000000
vt 0.37647101 0.67451000
vt 0.00000000 0.00000000
vt 0.29019600 0.72941202
vt 0.00000000 0.00000000
vt 0.71764702 0.37254900
vt 0.75686300 0.37254900
vt 0.00000000 0.00000000
vt 1.00000000 0.00392200
vt 1.00000000 0.09019600
vt 0.00000000 0.00000000
vt 0.00000000 0.16470601
vt 0.00000000 0.25097999
vt 0.00000000 0.00000000
vt 0.00000000 0.00000000
vt 0.00000000 0.25097999
vt 1.00000000 0.00392200
vt 0.00000000 0.00000000
vt 0.88235301 0.00392200
vt 0.00000000 0.00000000
vt 0.67058802 1.00000000
vt 0.58431399 1.00000000
vt 0.67058802 1.00000000
vt 0.00000000 0.00000000
vt 0.58431399 1.00000000
vt 0.23137300 0.12941200
vt 0.47843099 0.10980400
vt 0.00000000 0.00000000
vt 0.75294101 0.43921599
vt 0.75294101 0.52156901
vt 0.00000000 0.00000000
vt 0.88235301 0.87058800
vt 0.88235301 0.78431398
vt 0.64705902 0.78431398
vt 0.64705902 0.87058800
vt 0.41176501 0.46274501
vt 0.64705902 0.46274501
vt 0.64705902 0.29803899
vt 0.41176501 0.29803899
vt 0.41176501 0.54117602
vt 0.00000000 0.00000000
vt 0.41176501 0.70588201
vt 0.00000000 0.62352902
vt 0.17647099 0.70588201
vt 0.41176501 0.70588201
vt 0.00000000 0.62352902
vt 0.00000000 0.00000000
vt 0.17647099 0.70588201
vt 0.00000000 0.25097999
vt 0.17647099 0.29803899
vt 0.41176501 0.13333300
vt 0.17647099 0.29803899
vt 0.41176501 0.29803899
vt 0.41176501 0.13333300
vt 0.88235301 0.78823501
vt 0.88235301 0.62352902
vt 0.64705902 0.62352902
vt 0.64705902 0.78823501
vt 0.88235301 0.05490200
vt 0.88235301 0.08235300
vt 0.63137299 0.08235300
vt 0.63137299 0.05490200
vt 1.00000000 0.29803899
vt 0.88235301 0.29803899
vt 0.88235301 0.46274501
vt 1.00000000 0.46274501
vt 0.35686299 0.40784299
vt 0.00000000 0.00000000
vt 0.33725500 0.40784299
vt 1.00000000 0.92549002
vt 1.00000000 0.88627499
vt 1.00000000 0.91764700
vt 1.00000000 1.00000000
vt 0.00000000 0.00000000
vt 0.09019600 0.12548999
vt 0.00000000 0.01960800
vt 0.75294101 0.54509801
vt 0.83921599 0.63137299
vt 0.87843102 0.72156900
vt 0.83921599 0.63137299
vt 0.00000000 0.00000000
vt 0.87843102 0.72156900
vt 0.30980399 0.96078402
vt 0.25097999 0.93333298
vt 0.00000000 0.00000000
vt 0.30980399 0.96078402
vt 0.00000000 0.00000000
vt 0.25097999 0.93333298
vt 0.00000000 0.91764700
vt 0.00000000 0.95686299
vt 0.00000000 0.00000000
vt 0.00000000 0.91764700
vt 0.00000000 0.00000000
vt 0.00000000 0.95686299
vt 0.33333299 0.29803899
vt 0.55686301 0.29803899
vt 0.52941197 0.00000000
vt 0.64705902 0.00000000
vt 0.24705900 0.26666701
vt 0.87450999 1.00000000
vt 0.88235301 0.95294100
vt 0.64705902 0.95294100
vt 1.00000000 1.00000000
vt 1.00000000 0.91764700
vt 0.00000000 0.00000000
vt 0.00000000 0.08235300
vt 0.00000000 0.16470601
vt 0.00000000 0.00000000
vt 0.00000000 0.16470601
vt 1.00000000 0.16862699
vt 0.04313700 0.11372500
vt 0.00000000 0.00000000
vt 0.89019603 0.94902003
vt 1.00000000 0.40392199
vt 0.88235301 0.20784301
vt 0.88235301 0.43529400
vt 0.00000000 0.00000000
vt 0.00000000 0.00000000
vt 0.00000000 0.90588200
vt 1.00000000 0.92549002
vt 0.00000000 0.00000000
vt 0.63921601 0.08627500
vt 0.00000000 0.07451000
vt 0.00000000 0.00000000
vt 0.00000000 0.07451000
vt 1.00000000 0.06274500
vt 0.67058802 1.00000000
vt 1.00000000 0.21568599
vt 0.88235301 0.21568599
vt 0.88235301 0.38039199
vt 1.00000000 0.38039199
vt 0.81176502 0.43921599
vt 0.75294101 0.43921599
vt 0.00000000 0.00000000
vt 0.81176502 0.43921599
vt 0.00000000 0.00000000
vt 0.75294101 0.52156901
vt 0.88235301 0.30196100
vt 1.00000000 0.30196100
vt 1.00000000 0.17254899
vt 0.88235301 0.17254899
vt 0.88235301 0.54117602
vt 0.00000000 0.00000000
vt 0.64705902 0.54117602
vt 0.00000000 0.00000000
vt 0.64705902 0.38039199
vt 0.64705902 0.54117602
vt 0.64705902 0.54117602
vt 0.41176501 0.54117602
vt 0.41176501 0.70588201
vt 0.64705902 0.70588201
vt 0.00000000 0.00000000
vt 0.17647099 0.05098000
vt 0.41176501 0.05098000
vt 0.41176501 0.00000000
vt 0.17647099 0.54117602
vt 0.00000000 0.62352902
vt 0.41176501 0.54117602
vt 0.41176501 0.34902000
vt 0.02745100 0.65882403
vt 0.00784300 0.58039200
vt 0.41176501 0.43529400
vt 0.00000000 0.00000000
vt 0.41176501 0.29803899
vt 0.17647099 0.29803899
vt 0.00000000 0.00000000
vt 0.41176501 0.46274501
vt 0.41176501 0.29803899
vt 0.64705902 0.09019600
vt 0.41176501 0.09019600
vt 0.41176501 0.17647099
vt 0.64705902 0.17647099
vt 0.88235301 0.05098000
vt 0.64705902 0.05098000
vt 0.64705902 0.21568599
vt 0.88235301 0.21568599
vt 1.00000000 0.29803899
vt 0.00000000 0.00000000
vt 1.00000000 0.13333300
vt 0.62352902 1.00000000
vt 0.50196099 1.00000000
vt 0.47843099 0.54117602
vt 0.47843099 0.32549000
vt 0.88235301 0.09019600
vt 0.88235301 0.17647099
vt 0.00000000 0.00000000
vt 1.00000000 0.09019600
vt 0.00000000 0.00000000
vt 0.83921599 0.63137299
vt 0.75294101 0.54509801
vt 0.63137299 0.05490200
vt 0.63137299 0.08235300
vt 0.00000000 0.00000000
vt 1.00000000 0.02745100
vt 0.88235301 0.02745100
vt 0.00000000 0.00000000
vt 0.63137299 0.05490200
vt 0.00000000 0.74901998
vt 1.00000000 0.83529401
vt 0.00000000 0.00000000
vt 0.88235301 0.08235300
vt 0.88235301 0.05490200
vt 0.00000000 0.00000000
vt 1.00000000 0.91764700
vt 1.00000000 0.16862699
vt 0.00000000 0.16470601
vt 0.00000000 0.00000000
vt 1.00000000 0.74901998
vt 0.00000000 0.00000000
vt 1.00000000 0.83529401
vt 0.74901998 0.93333298
vt 0.62745100 0.98431402
vt 1.00000000 0.83529401
vt 0.62745100 0.98431402
vt 0.56470603 0.99607801
vt 1.00000000 0.83529401
vt 0.62745100 0.98431402
vt 0.74901998 0.93333298
vt 0.56470603 0.99607801
vt 0.00000000 0.00000000
vt 0.00000000 0.33333299
vt 0.00000000 0.25097999
vt 0.00000000 0.00000000
vt 0.00000000 0.00000000
vt 0.00000000 0.00000000
vt 0.00000000 0.00000000
vt 0.69019598 0.03921600
vt 0.74901998 0.06666700
vt 0.69019598 0.03921600
vt 0.00000000 0.00000000
vt 0.00000000 0.00000000
vt 0.88235301 0.17254899
vt 1.00000000 0.17254899
vt 0.00000000 0.00000000
vt 0.00000000 0.07451000
vt 0.63921601 0.08627500
vt 0.00000000 0.00000000
vt 0.37647101 1.00000000
vt 0.00000000 0.00000000
vt 0.41176501 0.95294100
vt 0.17647099 0.95294100
vt 1.00000000 0.92549002
vt 0.00000000 0.00000000
vt 0.89019603 0.94902003
vt 0.00000000 0.00000000
vt 0.06666700 0.74901998
vt 0.01568600 0.62745100
vt 0.00000000 0.00000000
vt 0.94117701 0.26274499
vt 1.00000000 0.00784300
vt 1.00000000 1.00000000
vt 0.88235301 0.54117602
vt 1.00000000 0.62352902
vt 1.00000000 0.97254902
vt 0.00000000 0.00000000
vt 0.00000000 0.00000000
vt 0.41176501 0.17647099
vt 1.00000000 0.89803898
vt 0.00000000 0.00000000
vt 0.00000000 0.00000000
vt 1.00000000 0.38039199
vt 0.88235301 0.38039199
vt 1.00000000 1.00000000
vt 0.88235301 0.38039199
vt 0.64705902 0.38039199
vt 0.00000000 0.00000000
vt 0.64705902 0.17647099
vt 0.41176501 0.17647099
vt 0.41176501 0.26274499
vt 0.64705902 0.26274499
vt 0.17647099 0.38039199
vt 0.00000000 0.00000000
vt 0.17647099 0.54117602
vt 0.17647099 0.46274501
vt 0.41176501 0.46274501
vt 0.00000000 0.00000000
vt 0.47843099 0.54117602
vt 0.21960799 0.53333300
vt 0.00000000 0.00000000
vt 0.47843099 0.76078397
vt 0.00000000 0.50196099
vt 0.17647099 0.46274501
vt 0.00000000 0.00000000
vt 0.64705902 0.69803900
vt 0.64705902 0.61176503
vt 0.41176501 0.61176503
vt 0.41176501 0.69803900
vt 0.64705902 0.62352902
vt 0.00000000 0.00000000
vt 0.64705902 0.46274501
vt 0.00000000 0.00000000
vt 0.88235301 0.46274501
vt 0.64705902 0.46274501
vt 1.00000000 0.46274501
vt 0.00000000 0.00000000
vt 1.00000000 0.29803899
vt 0.00000000 0.00000000
vt 0.63137299 0.05490200
vt 0.00000000 0.05098000
vt 1.00000000 0.70588201
vt 0.88235301 0.70588201
vt 0.00000000 0.00000000
vt 1.00000000 0.06274500
vt 0.00000000 0.00000000
vt 1.00000000 0.46274501
vt 0.88235301 0.46274501
vt 1.00000000 0.42745101
vt 0.00000000 0.00000000
vt 0.00000000 0.00000000
vt 0.88235301 0.02745100
vt 1.00000000 0.42745101
vt 1.00000000 0.35686299
vt 1.00000000 0.13333300
vt 0.88235301 0.13333300
vt 0.88235301 0.29803899
vt 1.00000000 0.29803899
vt 0.00000000 0.00000000
vt 0.00000000 0.41568601
vt 0.00000000 0.33333299
vt 0.00000000 0.00000000
vt 1.00000000 0.50196099
vt 1.00000000 0.42745101
vt 0.88235301 0.02745100
vt 0.00000000 0.00000000
vt 0.17647099 0.29803899
vt 0.00000000 0.25097999
vt 0.00000000 0.00000000
vt 0.00000000 0.41568601
vt 0.00000000 0.50196099
vt 0.00000000 0.33333299
vt 0.69019598 0.03921600
vt 0.62745100 0.01568600
vt 0.00000000 0.00000000
vt 0.41176501 0.78431398
vt 0.00000000 0.00000000
vt 0.02745100 0.34117600
vt 0.00000000 0.00000000
vt 0.00000000 0.00000000
vt 0.62745100 0.01568600
vt 0.00000000 0.85882401
vt 0.62745100 0.01568600
vt 0.69019598 0.03921600
vt 0.00000000 0.00000000
vt 0.88235301 0.30196100
vt 0.88235301 0.17254899
vt 0.00000000 0.00000000
vt 0.88235301 0.17254899
vt 0.00000000 0.00000000
vt 0.00000000 0.85882401
vt 0.00000000 0.00000000
vt 0.88235301 0.00000000
vt 0.88235301 0.02745100
vt 1.00000000 0.02745100
vt 0.00000000 0.00000000
vt 0.00000000 0.00000000
vt 1.00000000 0.17254899
vt 0.88235301 0.30196100
vt 0.88235301 0.43529400
vt 1.00000000 0.30196100
vt 0.88235301 0.43529400
vt 1.00000000 0.43529400
vt 0.00000000 0.00000000
vt 1.00000000 0.43529400
vt 1.00000000 0.00784300
vt 0.00000000 0.02352900
vt 0.64705902 0.66274500
vt 0.41176501 0.66274500
vt 0.55686301 0.29803899
vt 0.33333299 0.29803899
vt 0.88235301 0.56470603
vt 1.00000000 0.56470603
vt 0.00000000 0.00000000
vt 0.00000000 0.00000000
vt 0.00000000 0.00000000
vt 0.00000000 0.70588201
vt 0.00000000 0.00000000
vt 0.88235301 0.56470603
vt 0.00000000 0.00000000
vt 1.00000000 0.56470603
vt 0.63137299 0.55686301
vt 0.00000000 0.54117602
vt 1.00000000 0.56470603
vt 0.00000000 0.54117602
vt 1.00000000 0.21568599
vt 1.00000000 0.38039199
vt 0.64705902 0.29803899
vt 0.88235301 0.29803899
vt 0.88235301 0.13333300
vt 0.64705902 0.13333300
vt 0.00000000 0.25097999
vt 0.00000000 0.00000000
vt 0.00000000 0.00000000
vt 0.41176501 0.05098000
vt 0.00000000 0.00000000
vt 0.41176501 0.21568599
vt 0.00000000 0.12548999
vt 0.17647099 0.21568599
vt 0.41176501 0.21568599
vt 0.00000000 0.12548999
vt 0.00000000 0.00000000
vt 0.17647099 0.21568599
vt 0.41176501 0.69803900
vt 0.00000000 0.00000000
vt 0.00784300 0.41960800
vt 0.02745100 0.34117600
vt 0.00000000 0.00000000
vt 0.17647099 0.78823501
vt 0.17647099 0.62352902
vt 0.88235301 0.62352902
vt 0.00000000 0.00000000
vt 0.64705902 0.62352902
vt 0.64705902 0.66274500
vt 0.88235301 0.66274500
vt 0.88235301 0.43529400
vt 0.64705902 0.43529400
vt 1.00000000 0.43529400
vt 0.00000000 0.00000000
vt 1.00000000 1.00000000
vt 1.00000000 0.00784300
vt 0.88235301 0.62352902
vt 1.00000000 0.62352902
vt 0.00000000 0.00000000
vt 1.00000000 0.50196099
vt 0.00000000 0.00000000
vt 1.00000000 0.42745101
vt 1.00000000 0.16862699
vt 1.00000000 0.25097999
vt 0.00000000 0.25097999
vt 0.00000000 0.16470601
vt 1.00000000 1.00000000
vt 0.88235301 0.00000000
vt 0.00000000 0.00000000
vt 1.00000000 1.00000000
vt 0.00000000 0.00000000
vt 0.88235301 0.00000000
vt 0.46274501 1.00000000
vt 0.35294101 0.98039198
vt 0.88235301 0.00000000
vt 0.00000000 0.00000000
vt 0.41176501 0.09019600
vt 0.64705902 0.09019600
vt 0.47843099 0.32549000
vt 0.00000000 0.00000000
vt 0.74901998 0.93333298
vt 0.62745100 0.98431402
vt 0.74901998 0.93333298
vt 0.85490203 0.85490203
vt 0.93333298 0.74901998
vt 0.74901998 0.93333298
vt 0.93333298 0.74901998
vt 0.98431402 0.62745100
vt 0.74901998 0.93333298
vt 0.98431402 0.62745100
vt 1.00000000 0.49803901
vt 0.74901998 0.93333298
vt 0.00000000 0.00000000
vt 0.85490203 0.14509800
vt 0.74901998 0.93333298
vt 0.00000000 0.00000000
vt 0.00000000 0.87450999
vt 0.74901998 0.93333298
vt 0.00000000 0.00000000
vt 0.56470603 0.00392200
vt 0.74901998 0.93333298
vt 0.00000000 0.00000000
vt 0.00000000 0.08235300
vt 0.74901998 0.93333298
vt 0.00000000 0.00000000
vt 0.14509800 0.14509800
vt 0.74901998 0.93333298
vt 0.00000000 0.00000000
vt 0.00000000 0.50196099
vt 0.74901998 0.93333298
vt 0.00000000 0.00000000
vt 0.06666700 0.74901998
vt 0.74901998 0.93333298
vt 0.06666700 0.74901998
vt 0.14509800 0.85490203
vt 0.74901998 0.93333298
vt 0.00000000 0.00000000
vt 0.00000000 0.95686299
vt 0.74901998 0.93333298
vt 0.00000000 0.00000000
vt 0.00000000 0.00000000
vt 0.00000000 0.91764700
vt 0.00000000 0.00000000
vt 0.00000000 0.00000000
vt 0.14509800 0.85490203
vt 0.94117701 0.26274499
vt 0.88235301 0.18039200
vt 0.94117701 0.26274499
vt 0.00000000 0.00000000
vt 0.88235301 0.18039200
vt 0.88235301 0.43529400
vt 0.88235301 0.30196100
vt 0.00000000 0.00000000
vt 0.00000000 0.94902003
vt 0.00000000 0.97254902
vt 0.88235301 0.43529400
vt 0.00000000 0.94902003
vt 0.00000000 0.00000000
vt 0.00000000 0.97254902
vt 0.00000000 0.00000000
vt 0.00000000 0.00000000
vt 0.00000000 0.97254902
vt 0.00000000 0.50196099
vt 0.01568600 0.37254900
vt 0.00000000 0.00000000
vt 0.01568600 0.37254900
vt 0.00000000 0.03137300
vt 0.00000000 0.00000000
vt 0.00000000 0.09803900
vt 0.00000000 0.12941200
vt 0.88235301 0.56470603
vt 1.00000000 0.62745100
vt 0.98823500 0.71372598
vt 0.00000000 0.00000000
vt 0.00000000 0.62745100
vt 0.76078397 0.92549002
vt 0.67058802 0.97254902
vt 0.00000000 0.00000000
vt 0.00000000 0.00000000
vt 0.00000000 0.56862700
vt 0.63137299 0.55686301
vt 0.00000000 0.00000000
vt 1.00000000 0.34902000
vt 0.88235301 0.34902000
vt 0.88235301 0.43529400
vt 0.00000000 0.00000000
vt 0.11764700 0.00000000
vt 0.88235301 0.13333300
vt 1.00000000 0.13333300
vt 0.11764700 0.00000000
vt 0.76470602 0.00000000
vt 0.88235301 0.05098000
vt 0.17647099 0.05098000
vt 0.00000000 0.12548999
vt 0.41176501 0.05098000
vt 0.64705902 0.13333300
vt 0.35294101 0.00000000
vt 0.47058800 0.00000000
vt 0.41176501 0.13333300
vt 0.00000000 0.00000000
vt 0.41176501 0.78823501
vt 0.17647099 0.78823501
vt 0.00000000 0.00000000
vt 0.41176501 0.95294100
vt 0.41176501 0.78823501
vt 1.00000000 0.78823501
vt 0.00000000 0.00000000
vt 1.00000000 0.62352902
vt 1.00000000 0.41568601
vt 1.00000000 0.33333299
vt 0.00000000 0.00000000
vt 1.00000000 0.41568601
vt 0.74901998 0.93333298
vt 0.00000000 0.00000000
vt 0.78431398 0.91372597
vt 0.00000000 0.00000000
vt 0.68235302 0.96862799
vt 0.00000000 0.00000000
vt 0.98039198 0.54509801
vt 0.98039198 0.45490199
vt 0.95294100 0.29803899
vt 0.00000000 0.50196099
vt 0.00000000 0.58431399
vt 0.00000000 0.00000000
vt 0.00000000 0.58431399
vt 0.35294101 0.98039198
vt 0.46274501 1.00000000
vt 0.00000000 0.00000000
vt 0.85490203 0.85490203
vt 0.74901998 0.93333298
vt 0.06666700 0.74901998
vt 0.94117701 0.26274499
vt 0.14509800 0.85490203
vt 0.14509800 0.14509800
vt 0.25097999 0.06666700
vt 0.00000000 0.00000000
vt 0.25097999 0.06666700
vt 0.00000000 0.12941200
vt 0.00000000 0.09803900
vt 0.21960799 0.53333300
vt 0.24313700 0.40000001
vt 0.64705902 0.95294100
vt 0.41176501 0.95294100
vt 1.00000000 0.45490199
vt 1.00000000 0.39215699
vt 0.67058802 0.97254902
vt 0.76078397 0.92549002
vt 0.88235301 0.26274499
vt 0.64705902 0.26274499
vt 0.64705902 0.34902000
vt 0.88235301 0.34902000
vt 0.00000000 0.00000000
vt 0.00000000 0.00000000
vt 0.11764700 0.00000000
vt 0.00000000 0.00000000
vt 0.02352900 0.13725500
vt 0.11764700 0.00000000
vt 0.02352900 0.13725500
vt 0.00000000 0.00000000
vt 0.11764700 0.00000000
vt 0.00000000 0.00000000
vt 0.64705902 0.00000000
vt 0.76470602 0.00000000
vt 0.00000000 0.00000000
vt 0.21568599 0.97647101
vt 0.21568599 0.76078397
vt 0.12941200 0.78039199
vt 0.55686301 0.29803899
vt 0.41176501 0.00000000
vt 0.52941197 0.00000000
vt 0.00000000 0.00000000
vt 0.17647099 0.00000000
vt 0.17647099 0.05098000
vt 0.09019600 0.00000000
vt 0.00000000 0.00000000
vt 0.17647099 0.05098000
vt 0.55686301 0.29803899
vt 0.70588201 0.00000000
vt 0.41176501 0.00000000
vt 0.77647102 0.29803899
vt 0.17647099 0.00000000
vt 0.00000000 0.00000000
vt 0.55686301 0.29803899
vt 0.00000000 0.00000000
vt 0.70588201 0.00000000
vt 0.00000000 0.00000000
vt 0.77647102 0.29803899
vt 0.70588201 0.00000000
vt 0.09019600 0.00000000
vt 0.00000000 0.22352900
vt 0.00000000 0.16470601
vt 0.12548999 1.00000000
vt 0.17647099 0.95294100
vt 0.00000000 0.00000000
vt 0.12548999 1.00000000
vt 0.00000000 0.00000000
vt 0.17647099 0.95294100
vt 0.12941200 0.78039199
vt 0.21568599 0.76078397
vt 0.17647099 0.95294100
vt 0.41176501 0.95294100
vt 0.00000000 0.00000000
vt 0.00000000 0.00000000
vt 0.64705902 0.34902000
vt 0.41176501 0.34902000
vt 0.41176501 0.43529400
vt 0.64705902 0.43529400
vt 0.24313700 0.40000001
vt 0.24705900 0.26666701
vt 0.64705902 0.95294100
vt 0.88235301 0.13333300
vt 0.11764700 0.00000000
vt 0.23529400 0.00000000
vt 0.64705902 0.13333300
vt 1.00000000 0.78823501
vt 0.88235301 0.78823501
vt 0.88235301 0.95294100
vt 0.87450999 1.00000000
vt 0.00000000 0.00000000
vt 0.88235301 0.95294100
vt 1.00000000 0.07058800
vt 1.00000000 0.00000000
vt 0.00000000 0.00000000
vt 0.74901998 0.06666700
vt 0.85490203 0.14509800
vt 0.00000000 0.00000000
vt 0.00000000 0.00000000
vt 0.00000000 0.58431399
vt 1.00000000 0.58431399
vt 0.00000000 0.00000000
vt 1.00000000 0.74901998
vt 1.00000000 0.66666698
vt 0.00000000 0.00000000
vt 1.00000000 0.66666698
vt 1.00000000 0.41568601
vt 0.00000000 0.33333299
vt 0.00000000 0.00000000
vt 0.00000000 0.00000000
vt 0.00000000 0.00000000
vt 0.00000000 0.00000000
vt 0.01568600 0.37254900
vt 0.06666700 0.25097999
vt 0.00000000 0.00000000
vt 1.00000000 0.58431399
vt 0.00000000 0.50196099
vt 0.93333298 0.74901998
vt 0.85490203 0.85490203
vt 0.00000000 0.00000000
vt 0.00000000 0.04313700
vt 0.00000000 0.00000000
vt 0.00000000 0.08235300
vt 0.00000000 0.00000000
vt 0.00000000 0.00000000
vt 0.00000000 0.08235300
vt 0.00000000 0.00000000
vt 0.00000000 0.00000000
vt 0.00000000 0.00000000
vt 0.00000000 0.00000000
vt 0.98823500 0.71372598
vt 0.98039198 0.80784303
vt 0.01960800 0.80784303
vt 0.00000000 0.42745101
vt 0.00000000 0.00000000
vt 1.00000000 0.39215699
vt 0.83529401 0.27451000
vt 0.83137298 0.29019600
vt 1.00000000 0.39215699
vt 0.83137298 0.29019600
vt 0.00000000 0.36470601
vt 1.00000000 0.39215699
vt 0.00000000 1.00000000
vt 0.00000000 0.99215698
vt 0.17647099 0.54117602
vt 0.00000000 0.00000000
vt 0.00000000 0.36470601
vt 0.00000000 0.00000000
vt 1.00000000 0.33333299
vt 0.83529401 0.30588201
vt 0.83137298 0.32156900
vt 0.00000000 0.00000000
vt 0.98823500 0.71372598
vt 1.00000000 0.62745100
vt 0.00000000 0.00000000
vt 0.88235301 0.43529400
vt 0.88235301 0.66274500
vt 0.00000000 0.00000000
vt 0.88235301 0.66274500
vt 0.88235301 0.88627499
vt 0.00000000 0.00000000
vt 0.64705902 0.88627499
vt 0.00000000 0.00000000
vt 0.00000000 0.00000000
vt 0.64705902 0.88627499
vt 0.64705902 0.66274500
vt 0.00000000 0.00000000
vt 0.00000000 0.62745100
vt 0.64705902 0.43529400
vt 0.00000000 0.00000000
vt 0.98039198 0.45490199
vt 0.00000000 0.27843100
vt 0.00000000 0.22352900
vt 0.17647099 0.00000000
vt 0.00000000 0.22352900
vt 0.09019600 0.00000000
vt 0.17647099 0.00000000
vt 0.98039198 0.54509801
vt 0.95294100 0.70196098
vt 0.77647102 0.29803899
vt 0.21568599 0.76078397
vt 0.12941200 0.78039199
vt 0.12548999 1.00000000
vt 0.47843099 0.76078397
vt 0.00000000 0.00000000
vt 0.21568599 0.76078397
vt 0.95294100 0.29803899
vt 0.98039198 0.45490199
vt 0.00000000 0.00000000
vt 0.00000000 0.00000000
vt 0.47843099 0.76078397
vt 0.21568599 0.76078397
vt 0.41176501 0.87058800
vt 0.17647099 0.87058800
vt 0.18431400 0.66274500
vt 0.50196099 1.00000000
vt 0.47843099 0.10980400
vt 0.87450999 1.00000000
vt 0.24705900 0.26666701
vt 1.00000000 0.00000000
vt 0.00000000 0.00000000
vt 0.00000000 0.00000000
vt 0.00000000 0.00000000
vt 0.00000000 0.08235300
vt 0.00000000 0.00000000
vt 0.00000000 0.08235300
vt 0.00000000 0.16470601
vt 0.00000000 0.00000000
vt 0.00000000 0.16470601
vt 1.00000000 0.00000000
vt 1.00000000 0.07058800
vt 0.00000000 0.16470601
vt 0.00000000 0.25097999
vt 0.00000000 0.00000000
vt 0.00000000 0.87450999
vt 1.00000000 0.66666698
vt 1.00000000 0.74901998
vt 0.00000000 0.87450999
vt 0.00000000 0.83529401
vt 1.00000000 0.66666698
vt 0.85490203 0.14509800
vt 0.93333298 0.25097999
vt 0.00000000 0.00000000
vt 1.00000000 0.49803901
vt 0.98431402 0.62745100
vt 0.00000000 0.00000000
vt 0.98431402 0.62745100
vt 0.93333298 0.74901998
vt 0.00000000 0.00000000
vt 0.56470603 0.00392200
vt 0.00000000 0.87450999
vt 0.00000000 1.00000000
vt 0.00000000 0.87450999
vt 0.00000000 0.00000000
vt 0.00000000 1.00000000
vt 0.00000000 0.00000000
vt 0.83137298 0.29019600
vt 0.83529401 0.27451000
vt 0.00000000 0.00000000
vt 0.66666698 0.33333299
vt 0.83137298 0.32156900
vt 0.00000000 0.00000000
vt 0.00000000 0.00000000
vt 0.83137298 0.32156900
vt 0.41176501 0.70588201
vt 0.17647099 0.70588201
vt 0.17647099 0.87058800
vt 0.41176501 0.87058800
vt 0.98039198 0.80784303
vt 0.98823500 0.71372598
vt 0.00000000 0.00000000
vt 1.00000000 0.00784300
vt 0.88235301 0.54117602
vt 0.00000000 0.00000000
vt 0.00000000 0.02352900
vt 0.64705902 0.66274500
vt 0.64705902 0.43529400
vt 1.00000000 0.62745100
vt 0.64705902 0.43529400
vt 0.88235301 0.43529400
vt 1.00000000 0.62745100
vt 0.88235301 0.69803900
vt 0.64705902 0.69803900
vt 0.64705902 0.78431398
vt 0.88235301 0.78431398
vt 0.00000000 0.00000000
vt 0.00000000 0.33333299
vt 0.00000000 0.27843100
vt 0.00000000 0.00000000
vt 0.09411800 0.14509800
vt 0.90588200 0.14509800
vt 0.00000000 0.66666698
vt 0.00000000 0.00000000
vt 0.00000000 0.72156900
vt 0.00000000 0.00000000
vt 0.47843099 0.54117602
vt 0.47843099 0.76078397
vt 0.64705902 0.43529400
vt 0.64705902 0.20784301
vt 0.41176501 0.43529400
vt 0.47843099 0.10980400
vt 0.00000000 0.00000000
vt 0.64705902 0.09019600
vt 0.88235301 0.09019600
vt 0.00000000 0.00000000
vt 0.47843099 0.10980400
vt 0.47843099 0.32549000
vt 0.96470600 0.07058800
vt 1.00000000 0.09803900
vt 0.00000000 0.00000000
vt 1.00000000 0.00000000
vt 0.00000000 0.00000000
vt 0.00000000 0.00000000
vt 0.00000000 0.00000000
vt 0.00000000 0.00000000
vt 1.00000000 0.16862699
vt 0.00000000 0.16470601
vt 0.00000000 0.08235300
vt 0.00000000 0.00000000
vt 1.00000000 0.08235300
vt 0.00000000 0.08235300
vt 0.00000000 0.00000000
vt 1.00000000 0.16862699
vt 0.00000000 0.00000000
vt 1.00000000 0.25097999
vt 0.56470603 0.00392200
vt 0.62745100 0.01568600
vt 0.00000000 0.87450999
vt 0.88235301 0.43529400
vt 0.64705902 0.43529400
vt 0.00000000 0.62745100
vt 0.09411800 0.14509800
vt 0.13333300 0.00000000
vt 0.00000000 0.00000000
vt 0.09411800 0.14509800
vt 0.00000000 0.00000000
vt 0.90588200 0.14509800
vt 0.00000000 0.38823500
vt 0.00000000 0.33333299
vt 0.00000000 0.00000000
vt 0.00000000 0.61176503
vt 0.00000000 0.00000000
vt 0.00000000 0.66666698
vt 0.00000000 0.61176503
vt 0.13333300 0.00000000
vt 0.09411800 0.14509800
vt 0.00000000 0.50196099
vt 0.00000000 0.44313699
vt 0.00000000 0.00000000
vt 0.00000000 0.44313699
vt 0.00000000 0.38823500
vt 0.00000000 0.00000000
vt 0.00000000 0.55686301
vt 0.13333300 0.00000000
vt 0.00000000 0.61176503
f 337/1 370/2 336/3
f 337/4 334/5 371/6
f 337/7 372/8 333/9
f 337/10 332/11 360/12
f 337/13 361/14 354/15
f 337/16 344/17 362/18
f 337/19 362/20 343/21
f 337/22 343/23 363/24
f 337/25 363/26 342/27
f 337/28 342/29 331/30
f 337/31 331/32 364/33
f 337/34 364/35 341/36
f 337/37 341/38 365/39
f 337/40 366/41 340/42
f 337/43 339/44 367/45
f 254/46 202/47 251/48 255/49
f 433/50 435/51 385/52 379/53
f 392/54 301/55 256/56 419/57
f 208/58 369/59 337/60
f 367/61 282/62 204/63
f 244/64 140/65 107/66 108/67
f 218/68 284/69 287/70 211/71
f 281/72 369/73 208/74
f 339/75 282/76 367/77
f 339/78 114/79 282/80
f 280/81 336/82 370/83
f 283/84 114/85 339/86
f 256/87 201/88 257/89 253/90
f 319/91 432/92 118/93
f 318/94 29/95 115/96
f 432/97 479/98 121/99
f 478/100 355/101 124/102
f 159/103 43/104 363/105 343/106
f 237/107 280/108 135/109
f 237/110 336/111 280/112
f 233/113 54/114 336/115
f 366/116 240/117 340/118
f 249/119 283/120 340/121
f 332/122 239/123 84/124 360/125
f 431/126 489/127 479/128
f 320/129 355/130 478/131
f 320/132 103/133 355/134
f 320/135 30/136 103/137
f 30/138 320/139 104/140
f 69/141 228/142 93/143 10/144
f 294/145 325/146 264/147 186/148
f 231/149 72/150 54/151
f 305/152 289/153 313/154 307/155
f 155/156 240/157 366/158
f 155/159 182/160 240/161
f 493/162 494/163 495/164 499/165
f 194/166 101/167 27/168
f 195/169 316/170 317/171
f 316/172 416/173 317/174
f 416/175 430/176 317/177
f 388/178 377/179 274/180 271/181
f 491/182 496/183 489/184
f 321/185 252/186 203/187
f 251/188 202/189 14/190
f 202/191 254/192 14/193
f 254/194 183/195 14/196
f 184/197 257/198 14/199
f 257/200 105/201 14/202
f 476/203 421/204 321/205
f 421/206 322/207 321/208
f 322/209 252/210 321/211
f 94/212 234/213 136/214
f 238/215 371/216 72/217
f 341/218 182/219 365/220
f 274/221 375/222 485/223 273/224
f 284/225 285/226 288/227 287/228
f 16/229 144/230 99/231
f 140/232 16/233 99/234
f 144/235 25/236 100/237
f 191/238 26/239 100/240
f 191/241 304/242 26/243
f 304/244 275/245 26/246
f 275/247 278/248 26/249
f 246/250 21/251 140/252
f 21/253 143/254 140/255
f 143/256 17/257 140/258
f 277/259 192/260 15/261
f 192/262 193/263 15/264
f 192/265 278/266 193/267
f 278/268 275/269 193/270
f 275/271 413/272 193/273
f 413/274 279/275 193/276
f 276/277 468/278 194/279
f 468/280 316/281 194/282
f 279/283 276/284 194/285
f 416/286 490/287 430/288
f 468/289 416/290 316/291
f 468/292 414/293 416/294
f 495/295 420/296 477/297 496/298
f 417/299 391/300 304/301 1/302
f 460/303 499/304 491/305 492/306
f 322/307 422/308 251/309
f 419/310 253/311 254/312
f 253/313 257/314 254/315
f 257/316 183/317 254/318
f 496/319 477/320 479/321 488/322
f 201/323 105/324 257/325
f 201/326 256/327 105/328
f 174/329 45/330 364/331 331/332
f 106/333 13/334 94/335
f 13/336 12/337 94/338
f 12/339 98/340 94/341
f 97/342 96/343 94/344
f 493/345 460/346 412/347 465/348
f 166/349 44/350 342/351 363/352
f 525/353 411/354 357/355 329/356
f 1/357 144/358 16/359
f 1/360 25/361 144/362
f 1/363 303/364 25/365
f 470/366 421/367 495/368 494/369
f 391/370 275/371 304/372
f 391/373 413/374 275/375
f 153/376 21/377 246/378
f 20/379 141/380 21/381
f 141/382 145/383 21/384
f 145/385 143/386 21/387
f 153/388 24/389 21/390
f 24/391 190/392 21/393
f 190/394 20/395 21/396
f 190/397 17/398 143/399
f 190/400 1/401 17/402
f 391/403 469/404 413/405
f 468/406 276/407 413/408
f 276/409 279/410 413/411
f 467/412 406/413 414/414
f 406/415 492/416 414/417
f 391/418 417/419 414/420
f 446/421 467/422 414/423
f 461/424 460/425 492/426
f 406/427 407/428 492/429
f 407/430 462/431 492/432
f 462/433 412/434 492/435
f 412/436 461/437 492/438
f 493/439 499/440 460/441
f 461/442 412/443 460/444
f 425/445 424/446 494/447
f 424/448 470/449 494/450
f 493/451 465/452 494/453
f 465/454 466/455 494/456
f 466/457 473/458 494/459
f 473/460 425/461 494/462
f 418/463 393/464 470/465
f 392/466 423/467 470/468
f 424/469 418/470 470/471
f 419/472 255/473 250/474
f 456/475 394/476 433/477 457/478
f 317/479 102/480 28/481 195/482
f 256/483 253/484 419/485
f 300/486 31/487 258/488
f 302/489 185/490 31/491
f 185/492 106/493 31/494
f 185/495 13/496 106/497
f 32/498 93/499 96/500
f 97/501 11/502 96/503
f 185/504 12/505 13/506
f 185/507 95/508 12/509
f 185/510 11/511 97/512
f 384/513 270/514 149/515 486/516
f 45/517 178/518 364/519
f 190/520 272/521 1/522
f 272/523 485/524 1/525
f 485/526 417/527 1/528
f 415/529 469/530 391/531
f 190/532 141/533 20/534
f 19/535 145/536 141/537
f 190/538 19/539 141/540
f 19/541 18/542 145/543
f 142/544 18/545 190/546
f 18/547 19/548 190/549
f 446/550 406/551 467/552
f 446/553 407/554 406/555
f 375/556 447/557 485/558
f 357/559 412/560 446/561
f 412/562 464/563 446/564
f 462/565 407/566 446/567
f 464/568 412/569 462/570
f 411/571 408/572 465/573
f 427/574 426/575 425/576
f 426/577 424/578 425/579
f 473/580 427/581 425/582
f 426/583 418/584 424/585
f 429/586 472/587 465/588
f 472/589 428/590 465/591
f 481/592 378/593 386/594 480/595
f 408/596 429/597 465/598
f 428/599 298/600 473/601
f 426/602 299/603 418/604
f 299/605 393/606 418/607
f 220/608 209/609 216/610 212/611
f 299/612 302/613 393/614
f 263/615 185/616 302/617
f 299/618 267/619 302/620
f 263/621 32/622 185/623
f 200/624 57/625 10/626
f 260/627 186/628 8/629
f 262/630 33/631 57/632 200/633
f 23/634 268/635 152/636
f 268/637 196/638 152/639
f 376/640 484/641 447/642
f 222/643 89/644 7/645 223/646
f 443/647 357/648 445/649
f 443/650 329/651 357/652
f 238/653 76/654 372/655 371/656
f 409/657 408/658 411/659
f 471/660 426/661 427/662
f 475/663 299/664 427/665
f 299/666 471/667 427/668
f 471/669 299/670 426/671
f 408/672 409/673 429/674
f 409/675 390/676 429/677
f 390/678 510/679 429/680
f 498/681 428/682 472/683
f 498/684 323/685 428/686
f 323/687 298/688 428/689
f 323/690 266/691 298/692
f 265/693 33/694 262/695
f 258/696 31/697 105/698 256/699
f 199/700 58/701 259/702
f 289/703 328/704 291/705 313/706
f 263/707 200/708 10/709 32/710
f 326/711 187/712 264/713 292/714
f 44/715 170/716 342/717
f 259/718 58/719 8/720 186/721
f 188/722 23/723 151/724
f 188/725 268/726 23/727
f 444/728 484/729 376/730
f 386/731 378/732 271/733
f 378/734 387/735 271/736
f 398/737 525/738 443/739
f 525/740 329/741 443/742
f 526/743 530/744 515/745
f 526/746 515/747 504/748
f 526/749 504/750 516/751
f 526/752 517/753 503/754
f 526/755 502/756 518/757
f 526/758 519/759 501/760
f 526/761 501/762 508/763
f 526/764 508/765 507/766
f 526/767 506/768 520/769
f 526/770 521/771 505/772
f 526/773 505/774 522/775
f 526/776 523/777 513/778
f 526/779 513/780 531/781
f 526/782 533/783 512/784
f 526/785 512/786 534/787
f 526/788 534/789 511/790
f 526/791 510/792 514/793
f 526/794 514/795 524/796
f 526/797 524/798 509/799
f 321/800 203/801 104/802 320/803
f 524/804 390/805 409/806
f 524/807 514/808 390/809
f 514/810 510/811 390/812
f 511/813 534/814 498/815
f 534/816 323/817 498/818
f 534/819 512/820 323/821
f 512/822 533/823 323/824
f 324/825 297/826 265/827
f 531/828 513/829 295/830
f 513/831 523/832 295/833
f 325/834 293/835 264/836
f 522/837 505/838 294/839
f 505/840 325/841 294/842
f 327/843 291/844 187/845
f 203/846 14/847 133/848 104/849
f 453/850 358/851 312/852 359/853
f 499/854 495/855 496/856 491/857
f 43/858 166/859 363/860
f 381/861 315/862 326/863 292/864
f 197/865 270/866 150/867
f 483/868 440/869 399/870
f 483/871 399/872 444/873
f 435/874 480/875 386/876
f 481/877 437/878 378/879
f 437/880 482/881 378/882
f 482/883 387/884 378/885
f 482/886 442/887 387/888
f 441/889 483/890 388/891
f 399/892 440/893 526/894
f 485/895 446/896 414/897 417/898
f 505/899 293/900 325/901
f 505/902 521/903 293/904
f 520/905 506/906 292/907
f 506/908 497/909 292/910
f 497/911 389/912 292/913
f 389/914 381/915 292/916
f 251/917 14/918 203/919 252/920
f 328/921 198/922 291/923
f 328/924 7/925 198/926
f 328/927 223/928 7/929
f 47/930 60/931 222/932
f 47/933 225/934 60/935
f 362/936 146/937 343/938
f 42/939 147/940 159/941
f 333/942 372/943 68/944 80/945
f 450/946 149/947 160/948
f 450/949 448/950 149/951
f 448/952 486/953 149/954
f 388/955 483/956 444/957 377/958
f 270/959 197/960 149/961
f 384/962 374/963 270/964
f 373/965 379/966 270/967
f 379/968 385/969 270/970
f 433/971 394/972 435/973
f 394/974 396/975 435/976
f 434/977 436/978 480/979
f 436/980 437/981 481/982
f 436/983 438/984 482/985
f 436/986 482/987 437/988
f 438/989 397/990 482/991
f 397/992 439/993 482/994
f 439/995 442/996 482/997
f 439/998 528/999 440/1000
f 381/1001 389/1002 506/1003
f 389/1004 497/1005 506/1006
f 507/1007 508/1008 381/1009
f 380/1010 382/1011 315/1012
f 368/1013 205/1014 206/1015 338/1016
f 285/1017 284/1018 328/1019
f 284/1020 290/1021 328/1022
f 290/1023 223/1024 328/1025
f 284/1026 217/1027 290/1028
f 216/1029 52/1030 290/1031
f 47/1032 224/1033 290/1034
f 51/1035 209/1036 226/1037
f 227/1038 352/1039 64/1040
f 210/1041 352/1042 227/1043
f 473/1044 466/1045 465/1046 428/1047
f 288/1048 285/1049 328/1050 289/1051
f 362/1052 344/1053 146/1054
f 344/1055 42/1056 146/1057
f 344/1058 219/1059 42/1060
f 220/1061 4/1062 42/1063
f 39/1064 450/1065 148/1066
f 371/1067 334/1068 54/1069 72/1070
f 39/1071 5/1072 450/1073
f 188/1074 151/1075 22/1076 269/1077
f 402/1078 486/1079 448/1080
f 402/1081 401/1082 486/1083
f 401/1084 451/1085 486/1086
f 451/1087 452/1088 486/1089
f 452/1090 384/1091 486/1092
f 454/1093 374/1094 384/1095
f 454/1096 487/1097 374/1098
f 487/1099 459/1100 374/1101
f 458/1102 379/1103 373/1104
f 457/1105 433/1106 379/1107
f 398/1108 443/1109 484/1110 444/1111
f 456/1112 356/1113 394/1114
f 356/1115 383/1116 394/1117
f 383/1118 500/1119 394/1120
f 500/1121 518/1122 394/1123
f 518/1124 502/1125 394/1126
f 502/1127 396/1128 394/1129
f 503/1130 434/1131 395/1132
f 503/1133 436/1134 434/1135
f 503/1136 517/1137 436/1138
f 516/1139 438/1140 436/1141
f 516/1142 397/1143 438/1144
f 516/1145 504/1146 397/1147
f 504/1148 515/1149 397/1150
f 515/1151 530/1152 397/1153
f 528/1154 439/1155 397/1156
f 501/1157 380/1158 508/1159
f 501/1160 382/1161 380/1162
f 501/1163 519/1164 382/1165
f 330/1166 310/1167 382/1168
f 330/1169 311/1170 310/1171
f 359/1172 308/1173 311/1174
f 330/1175 455/1176 311/1177
f 455/1178 359/1179 311/1180
f 359/1181 312/1182 309/1183
f 248/1184 111/1185 283/1186 249/1187
f 358/1188 306/1189 312/1190
f 288/1191 289/1192 305/1193
f 358/1194 401/1195 305/1196
f 401/1197 288/1198 305/1199
f 303/1200 191/1201 100/1202 25/1203
f 510/1204 498/1205 472/1206 429/1207
f 210/1208 215/1209 352/1210
f 219/1211 215/1212 210/1213
f 189/1214 24/1215 153/1216 196/1217
f 213/1218 219/1219 344/1220
f 6/1221 41/1222 4/1223
f 212/1224 286/1225 400/1226
f 286/1227 287/1228 400/1229
f 287/1230 449/1231 400/1232
f 2/1233 212/1234 400/1235
f 287/1236 402/1237 449/1238
f 287/1239 401/1240 402/1241
f 358/1242 451/1243 401/1244
f 358/1245 404/1246 451/1247
f 404/1248 452/1249 451/1250
f 403/1251 487/1252 454/1253 453/1254
f 405/1255 459/1256 487/1257 403/1258
f 455/1259 383/1260 356/1261
f 518/1262 500/1263 383/1264
f 455/1265 330/1266 383/1267
f 403/1268 453/1269 359/1270
f 455/1271 405/1272 359/1273
f 405/1274 403/1275 359/1276
f 404/1277 358/1278 453/1279
f 286/1280 211/1281 287/1282
f 46/1283 350/1284 215/1285
f 92/1286 354/1287 361/1288 66/1289
f 182/1290 181/1291 154/1292
f 70/1293 55/1294 56/1295
f 315/1296 311/1297 314/1298
f 312/1299 313/1300 314/1301
f 442/1302 440/1303 441/1304
f 81/1305 85/1306 86/1307
f 81/1308 86/1309 82/1310
f 83/1311 87/1312 88/1313
f 83/1314 88/1315 84/1316
f 84/1317 88/1318 67/1319
f 59/1320 89/1321 85/1322
f 86/1323 90/1324 91/1325
f 86/1326 91/1327 87/1328
f 89/1329 60/1330 90/1331
f 90/1332 60/1333 61/1334
f 90/1335 61/1336 62/1337
f 62/1338 63/1339 91/1340
f 92/1341 64/1342 65/1343
f 150/1344 167/1345 149/1346
f 149/1347 167/1348 163/1349
f 165/1350 162/1351 161/1352
f 165/1353 161/1354 164/1355
f 164/1356 161/1357 160/1358
f 164/1359 160/1360 163/1361
f 170/1362 165/1363 169/1364
f 169/1365 165/1366 164/1367
f 169/1368 164/1369 168/1370
f 47/1371 49/1372 50/1373
f 47/1374 50/1375 48/1376
f 41/1377 40/1378 35/1379
f 41/1380 35/1381 36/1382
f 39/1383 34/1384 40/1385
f 3/1386 2/1387 6/1388
f 6/1389 2/1390 5/1391
f 62/1392 91/1393 90/1394
f 165/1395 170/1396 166/1397
f 40/1398 34/1399 35/1400
f 446/1401 447/1402 445/1403
f 248/1404 241/1405 242/1406
f 244/1407 247/1408 243/1409
f 243/1410 247/1411 242/1412
f 242/1413 247/1414 248/1415
f 229/1416 235/1417 234/1418
f 229/1419 234/1420 228/1421
f 230/1422 232/1423 236/1424
f 260/1425 261/1426 265/1427
f 136/1428 137/1429 133/1430
f 133/1431 137/1432 134/1433
f 127/1434 128/1435 124/1436
f 124/1437 128/1438 125/1439
f 121/1440 122/1441 118/1442
f 118/1443 122/1444 119/1445
f 118/1446 119/1447 115/1448
f 115/1449 119/1450 116/1451
f 109/1452 110/1453 107/1454
f 107/1455 110/1456 108/1457
f 111/1458 110/1459 114/1460
f 114/1461 110/1462 113/1463
f 114/1464 113/1465 117/1466
f 117/1467 113/1468 116/1469
f 123/1470 122/1471 126/1472
f 126/1473 122/1474 125/1475
f 129/1476 128/1477 132/1478
f 132/1479 128/1480 131/1481
f 107/1482 99/1483 100/1484
f 127/1485 103/1486 130/1487
f 130/1488 103/1489 104/1490
f 130/1491 104/1492 133/1493
f 136/1494 105/1495 139/1496
f 139/1497 105/1498 106/1499
f 95/1500 97/1501 98/1502
f 77/1503 78/1504 73/1505
f 73/1506 78/1507 74/1508
f 74/1509 75/1510 70/1511
f 70/1512 75/1513 71/1514
f 70/1515 71/1516 55/1517
f 73/1518 57/1519 77/1520
f 176/1521 180/1522 181/1523
f 176/1524 181/1525 177/1526
f 158/1527 170/1528 174/1529
f 174/1530 170/1531 169/1532
f 174/1533 169/1534 173/1535
f 445/1536 447/1537 484/1538 443/1539
f 207/1540 337/1541 338/1542 206/1543
f 385/1544 386/1545 269/1546 270/1547
f 337/1548 369/1549 370/1550
f 337/1551 336/1552 335/1553
f 337/1554 335/1555 334/1556
f 337/1557 371/1558 372/1559
f 337/1560 333/1561 332/1562
f 337/1563 360/1564 361/1565
f 337/1566 354/1567 353/1568
f 337/1569 353/1570 352/1571
f 337/1572 352/1573 351/1574
f 337/1575 351/1576 350/1577
f 337/1578 350/1579 349/1580
f 337/1581 349/1582 348/1583
f 337/1584 348/1585 347/1586
f 337/1587 347/1588 346/1589
f 337/1590 346/1591 345/1592
f 337/1593 345/1594 344/1595
f 337/1596 365/1597 366/1598
f 337/1599 340/1600 339/1601
f 337/1602 367/1603 368/1604
f 337/1605 368/1606 338/1607
f 368/1608 204/1609 205/1610
f 208/1611 337/1612 207/1613
f 7/1614 89/1615 59/1616 198/1617
f 367/1618 204/1619 368/1620
f 169/1621 168/1622 172/1623 173/1624
f 69/1625 70/1626 229/1627 228/1628
f 86/1629 87/1630 83/1631 82/1632
f 281/1633 370/1634 369/1635
f 314/1636 313/1637 291/1638 327/1639
f 73/1640 74/1641 70/1642 69/1643
f 82/1644 83/1645 79/1646 78/1647
f 170/1648 158/1649 331/1650 342/1651
f 280/1652 370/1653 281/1654
f 340/1655 283/1656 339/1657
f 283/1658 111/1659 114/1660
f 133/1661 134/1662 131/1663 130/1664
f 172/1665 171/1666 175/1667 176/1668
f 115/1669 29/1670 118/1671
f 432/1672 121/1673 118/1674
f 112/1675 28/1676 115/1677
f 28/1678 102/1679 115/1680
f 102/1681 318/1682 115/1683
f 479/1684 124/1685 121/1686
f 479/1687 478/1688 124/1689
f 59/1690 199/1691 187/1692 198/1693
f 124/1694 125/1695 122/1696 121/1697
f 122/1698 123/1699 120/1700 119/1701
f 138/1702 236/1703 135/1704
f 236/1705 232/1706 135/1707
f 232/1708 230/1709 135/1710
f 230/1711 237/1712 135/1713
f 237/1714 233/1715 336/1716
f 54/1717 335/1718 336/1719
f 240/1720 249/1721 340/1722
f 126/1723 207/1724 206/1725 123/1726
f 295/1727 294/1728 186/1729 260/1730
f 247/1731 108/1732 110/1733
f 109/1734 27/1735 112/1736
f 27/1737 101/1738 112/1739
f 101/1740 28/1741 112/1742
f 102/1743 317/1744 318/1745
f 317/1746 431/1747 318/1748
f 431/1749 432/1750 318/1751
f 432/1752 319/1753 318/1754
f 431/1755 479/1756 432/1757
f 310/1758 311/1759 315/1760 382/1761
f 477/1762 478/1763 479/1764
f 489/1765 488/1766 479/1767
f 123/1768 206/1769 205/1770 120/1771
f 477/1772 320/1773 478/1774
f 30/1775 104/1776 103/1777
f 347/1778 348/1779 46/1780 214/1781
f 51/1782 50/1783 216/1784 209/1785
f 6/1786 5/1787 40/1788 41/1789
f 55/1790 230/1791 236/1792
f 194/1793 195/1794 28/1795 101/1796
f 72/1797 237/1798 230/1799
f 72/1800 231/1801 237/1802
f 318/1803 319/1804 118/1805 29/1806
f 54/1807 334/1808 335/1809
f 365/1810 155/1811 366/1812
f 182/1813 154/1814 240/1815
f 154/1816 249/1817 240/1818
f 154/1819 248/1820 249/1821
f 154/1822 241/1823 248/1824
f 247/1825 244/1826 108/1827
f 100/1828 26/1829 107/1830
f 26/1831 109/1832 107/1833
f 140/1834 99/1835 107/1836
f 15/1837 27/1838 109/1839
f 26/1840 15/1841 109/1842
f 361/1843 360/1844 67/1845 88/1846
f 15/1847 193/1848 27/1849
f 430/1850 431/1851 317/1852
f 430/1853 490/1854 489/1855
f 430/1856 489/1857 431/1858
f 194/1859 316/1860 195/1861
f 420/1862 421/1863 476/1864
f 420/1865 476/1866 477/1867
f 476/1868 321/1869 477/1870
f 321/1871 320/1872 477/1873
f 490/1874 491/1875 489/1876
f 496/1877 488/1878 489/1879
f 524/1880 409/1881 410/1882 509/1883
f 296/1884 295/1885 260/1886 265/1887
f 183/1888 184/1889 14/1890
f 139/1891 94/1892 136/1893
f 229/1894 56/1895 235/1896
f 229/1897 70/1898 56/1899
f 84/1900 80/1901 79/1902 83/1903
f 76/1904 238/1905 72/1906
f 182/1907 156/1908 365/1909
f 156/1910 155/1911 365/1912
f 156/1913 182/1914 155/1915
f 341/1916 157/1917 182/1918
f 157/1919 181/1920 182/1921
f 181/1922 241/1923 154/1924
f 181/1925 242/1926 241/1927
f 243/1928 180/1929 244/1930
f 245/1931 140/1932 244/1933
f 144/1934 100/1935 99/1936
f 248/1937 247/1938 110/1939 111/1940
f 278/1941 15/1942 26/1943
f 245/1944 246/1945 140/1946
f 17/1947 16/1948 140/1949
f 278/1950 277/1951 15/1952
f 495/1953 421/1954 420/1955
f 414/1956 492/1957 491/1958
f 129/1959 132/1960 281/1961 208/1962
f 322/1963 251/1964 252/1965
f 250/1966 255/1967 251/1968
f 279/1969 194/1970 27/1971 193/1972
f 422/1973 250/1974 251/1975
f 255/1976 419/1977 254/1978
f 257/1979 184/1980 183/1981
f 31/1982 106/1983 105/1984
f 470/1985 422/1986 421/1987
f 422/1988 322/1989 421/1990
f 106/1991 94/1992 139/1993
f 96/1994 93/1995 94/1996
f 93/1997 228/1998 94/1999
f 228/2000 234/2001 94/2002
f 98/2003 97/2004 94/2005
f 109/2006 112/2007 113/2008 110/2009
f 173/2010 172/2011 176/2012 177/2013
f 79/2014 68/2015 75/2016
f 68/2017 76/2018 75/2019
f 68/2020 372/2021 76/2022
f 157/2023 178/2024 181/2025
f 178/2026 177/2027 181/2028
f 163/2029 167/2030 168/2031 164/2032
f 273/2033 272/2034 190/2035 189/2036
f 152/2037 175/2038 171/2039 151/2040
f 17/2041 1/2042 16/2043
f 302/2044 301/2045 392/2046 393/2047
f 192/2048 277/2049 278/2050
f 145/2051 142/2052 143/2053
f 142/2054 190/2055 143/2056
f 469/2057 468/2058 413/2059
f 469/2060 415/2061 468/2062
f 415/2063 414/2064 468/2065
f 415/2066 391/2067 414/2068
f 225/2069 226/2070 62/2071 61/2072
f 34/2073 148/2074 160/2075 161/2076
f 393/2077 392/2078 470/2079
f 423/2080 422/2081 470/2082
f 422/2083 419/2084 250/2085
f 301/2086 258/2087 256/2088
f 5/2089 2/2090 400/2091 450/2092
f 300/2093 302/2094 31/2095
f 11/2096 32/2097 96/2098
f 32/2099 10/2100 93/2101
f 59/2102 85/2103 81/2104 58/2105
f 95/2106 98/2107 12/2108
f 95/2109 185/2110 97/2111
f 266/2112 262/2113 263/2114 267/2115
f 77/2116 8/2117 78/2118
f 8/2119 82/2120 78/2121
f 78/2122 79/2123 75/2124 74/2125
f 221/2126 92/2127 91/2128 63/2129
f 80/2130 68/2131 79/2132
f 129/2133 208/2134 207/2135 126/2136
f 45/2137 177/2138 178/2139
f 45/2140 173/2141 177/2142
f 137/2143 138/2144 135/2145 134/2146
f 89/2147 90/2148 86/2149 85/2150
f 152/2151 196/2152 153/2153
f 56/2154 55/2155 236/2156 235/2157
f 136/2158 133/2159 14/2160 105/2161
f 18/2162 142/2163 145/2164
f 189/2165 190/2166 24/2167
f 268/2168 274/2169 273/2170 189/2171
f 447/2172 446/2173 485/2174
f 272/2175 273/2176 485/2177
f 392/2178 419/2179 422/2180 423/2181
f 445/2182 357/2183 446/2184
f 464/2185 463/2186 446/2187
f 463/2188 462/2189 446/2190
f 463/2191 464/2192 462/2193
f 357/2194 411/2195 412/2196
f 411/2197 465/2198 412/2199
f 298/2200 474/2201 473/2202
f 474/2203 427/2204 473/2205
f 267/2206 263/2207 302/2208
f 32/2209 11/2210 185/2211
f 147/2212 36/2213 162/2214 159/2215
f 302/2216 300/2217 258/2218 301/2219
f 532/2220 531/2221 297/2222 324/2223
f 9/2224 8/2225 77/2226
f 150/2227 270/2228 269/2229 22/2230
f 135/2231 280/2232 281/2233 132/2234
f 58/2235 81/2236 8/2237
f 81/2238 82/2239 8/2240
f 134/2241 135/2242 132/2243 131/2244
f 84/2245 239/2246 80/2247
f 174/2248 173/2249 45/2250
f 41/2251 36/2252 147/2253 38/2254
f 158/2255 174/2256 331/2257
f 116/2258 119/2259 120/2260 117/2261
f 168/2262 22/2263 172/2264
f 22/2265 171/2266 172/2267
f 151/2268 23/2269 152/2270
f 268/2271 189/2272 196/2273
f 57/2274 73/2275 69/2276 10/2277
f 22/2278 151/2279 171/2280
f 376/2281 447/2282 375/2283
f 274/2284 376/2285 375/2286
f 153/2287 179/2288 175/2289 152/2290
f 509/2291 410/2292 411/2293 525/2294
f 377/2295 376/2296 274/2297
f 364/2298 178/2299 157/2300 341/2301
f 410/2302 409/2303 411/2304
f 474/2305 475/2306 427/2307
f 114/2308 117/2309 204/2310 282/2311
f 299/2312 475/2313 298/2314
f 475/2315 474/2316 298/2317
f 266/2318 267/2319 298/2320
f 267/2321 299/2322 298/2323
f 188/2324 271/2325 274/2326 268/2327
f 262/2328 200/2329 263/2330
f 266/2331 265/2332 262/2333
f 265/2334 261/2335 33/2336
f 261/2337 9/2338 33/2339
f 50/2340 51/2341 226/2342 225/2343
f 264/2344 259/2345 186/2346
f 304/2347 191/2348 303/2349 1/2350
f 264/2351 187/2352 259/2353
f 187/2354 199/2355 259/2356
f 199/2357 59/2358 58/2359
f 176/2360 175/2361 179/2362 180/2363
f 67/2364 360/2365 84/2366
f 91/2367 66/2368 87/2369
f 66/2370 88/2371 87/2372
f 66/2373 361/2374 88/2375
f 117/2376 120/2377 205/2378 204/2379
f 44/2380 166/2381 170/2382
f 167/2383 22/2384 168/2385
f 50/2386 49/2387 52/2388 53/2389
f 261/2390 260/2391 8/2392 9/2393
f 167/2394 150/2395 22/2396
f 377/2397 444/2398 376/2399
f 455/2400 456/2401 457/2402 458/2403
f 269/2404 271/2405 188/2406
f 269/2407 386/2408 271/2409
f 387/2410 388/2411 271/2412
f 236/2413 138/2414 137/2415 235/2416
f 398/2417 526/2418 525/2419
f 526/2420 527/2421 528/2422
f 526/2423 528/2424 529/2425
f 526/2426 529/2427 530/2428
f 526/2429 516/2430 517/2431
f 526/2432 503/2433 502/2434
f 526/2435 518/2436 519/2437
f 526/2438 507/2439 506/2440
f 526/2441 520/2442 521/2443
f 526/2444 522/2445 523/2446
f 526/2447 531/2448 532/2449
f 526/2450 532/2451 533/2452
f 526/2453 511/2454 510/2455
f 526/2456 509/2457 525/2458
f 511/2459 498/2460 510/2461
f 533/2462 324/2463 323/2464
f 324/2465 265/2466 323/2467
f 265/2468 266/2469 323/2470
f 297/2471 296/2472 265/2473
f 297/2474 531/2475 296/2476
f 531/2477 295/2478 296/2479
f 523/2480 522/2481 295/2482
f 522/2483 294/2484 295/2485
f 293/2486 292/2487 264/2488
f 216/2489 217/2490 286/2491 212/2492
f 326/2493 327/2494 187/2495
f 291/2496 198/2497 187/2498
f 355/2499 103/2500 127/2501 124/2502
f 246/2503 245/2504 179/2505 153/2506
f 222/2507 60/2508 89/2509
f 92/2510 66/2511 91/2512
f 180/2513 243/2514 242/2515 181/2516
f 43/2517 165/2518 166/2519
f 43/2520 162/2521 165/2522
f 149/2523 197/2524 150/2525
f 399/2526 398/2527 444/2528
f 399/2529 526/2530 398/2531
f 385/2532 435/2533 386/2534
f 210/2535 209/2536 220/2537 219/2538
f 442/2539 441/2540 387/2541
f 441/2542 388/2543 387/2544
f 440/2545 527/2546 526/2547
f 532/2548 324/2549 533/2550
f 521/2551 520/2552 293/2553
f 520/2554 292/2555 293/2556
f 36/2557 35/2558 161/2559 162/2560
f 315/2561 314/2562 327/2563 326/2564
f 130/2565 131/2566 128/2567 127/2568
f 223/2569 290/2570 222/2571
f 290/2572 224/2573 222/2574
f 224/2575 47/2576 222/2577
f 225/2578 61/2579 60/2580
f 54/2581 233/2582 237/2583 231/2584
f 226/2585 63/2586 62/2587
f 221/2588 64/2589 92/2590
f 65/2591 354/2592 92/2593
f 226/2594 221/2595 63/2596
f 227/2597 64/2598 221/2599
f 226/2600 209/2601 221/2602
f 209/2603 227/2604 221/2605
f 65/2606 353/2607 354/2608
f 146/2609 159/2610 343/2611
f 146/2612 37/2613 159/2614
f 37/2615 42/2616 159/2617
f 162/2618 43/2619 159/2620
f 128/2621 129/2622 126/2623 125/2624
f 35/2625 34/2626 161/2627
f 179/2628 245/2629 244/2630 180/2631
f 149/2632 163/2633 160/2634
f 148/2635 450/2636 160/2637
f 374/2638 373/2639 270/2640
f 491/2641 490/2642 416/2643 414/2644
f 441/2645 440/2646 483/2647
f 396/2648 395/2649 435/2650
f 395/2651 434/2652 435/2653
f 434/2654 480/2655 435/2656
f 436/2657 481/2658 480/2659
f 439/2660 440/2661 442/2662
f 528/2663 527/2664 440/2665
f 507/2666 381/2667 506/2668
f 508/2669 380/2670 381/2671
f 380/2672 315/2673 381/2674
f 286/2675 217/2676 218/2677 211/2678
f 311/2679 308/2680 314/2681
f 308/2682 309/2683 314/2684
f 309/2685 312/2686 314/2687
f 332/2688 333/2689 80/2690 239/2691
f 312/2692 306/2693 313/2694
f 306/2695 307/2696 313/2697
f 217/2698 216/2699 290/2700
f 52/2701 49/2702 290/2703
f 49/2704 47/2705 290/2706
f 48/2707 225/2708 47/2709
f 48/2710 50/2711 225/2712
f 212/2713 3/2714 4/2715 220/2716
f 352/2717 353/2718 64/2719
f 353/2720 65/2721 64/2722
f 209/2723 210/2724 227/2725
f 42/2726 37/2727 146/2728
f 38/2729 147/2730 42/2731
f 219/2732 220/2733 42/2734
f 4/2735 38/2736 42/2737
f 71/2738 72/2739 230/2740 55/2741
f 39/2742 148/2743 34/2744
f 449/2745 402/2746 448/2747
f 452/2748 454/2749 384/2750
f 459/2751 458/2752 374/2753
f 458/2754 373/2755 374/2756
f 458/2757 457/2758 379/2759
f 502/2760 395/2761 396/2762
f 502/2763 503/2764 395/2765
f 517/2766 516/2767 436/2768
f 530/2769 529/2770 397/2771
f 529/2772 528/2773 397/2774
f 519/2775 383/2776 382/2777
f 383/2778 330/2779 382/2780
f 359/2781 309/2782 308/2783
f 358/2784 305/2785 307/2786
f 306/2787 358/2788 307/2789
f 75/2790 76/2791 72/2792 71/2793
f 218/2794 217/2795 284/2796
f 9/2797 77/2798 57/2799 33/2800
f 50/2801 53/2802 216/2803
f 53/2804 52/2805 216/2806
f 115/2807 116/2808 113/2809 112/2810
f 215/2811 351/2812 352/2813
f 219/2814 213/2815 215/2816
f 345/2817 213/2818 344/2819
f 4/2820 41/2821 38/2822
f 3/2823 6/2824 4/2825
f 234/2826 235/2827 137/2828 136/2829
f 5/2830 39/2831 40/2832
f 287/2833 288/2834 401/2835
f 449/2836 448/2837 450/2838 400/2839
f 405/2840 455/2841 458/2842 459/2843
f 404/2844 453/2845 454/2846 452/2847
f 455/2848 356/2849 456/2850
f 519/2851 518/2852 383/2853
f 2/2854 3/2855 212/2856
f 213/2857 214/2858 46/2859
f 213/2860 46/2861 215/2862
f 350/2863 351/2864 215/2865
f 346/2866 213/2867 345/2868
f 346/2869 214/2870 213/2871
f 348/2872 349/2873 46/2874
f 349/2875 350/2876 46/2877
f 347/2878 214/2879 346/2880
