# Exported from USD: /m20_12_23d/J3_link/collisions/j3/mesh
mtllib mesh_7.mtl

g mesh
v -0.00303113 -0.23948491 0.02183592
v 0.12863000 -0.03650486 0.33250001
v -0.08461666 -0.05499994 0.07378369
v 0.12763000 -0.03588032 0.33149999
v -0.08461666 -0.05499994 0.07378369
v 0.12863000 -0.03650486 0.33250001
v 0.42706001 0.00142473 0.24546669
v 0.42706001 0.00631279 0.24483959
v 0.19415119 0.03604012 0.33350000
v 0.42706001 0.00142473 0.24546669
v 0.19415119 0.03604012 0.33350000
v 0.19415119 -0.03604006 0.33350000
v 0.19837140 -0.07263869 0.30069819
v 0.19647449 -0.03654789 0.33241060
v 0.19415119 -0.03604006 0.33350000
v 0.42706001 -0.02891778 0.22469570
v 0.20008950 -0.10774260 0.24510799
v 0.02620142 -0.23763759 0.01436275
v -0.00236976 -0.24323580 0.01753675
v -0.09349995 -0.06250000 0.03599995
v -0.00219160 -0.24424601 0.01483190
v 0.42706001 -0.00833422 0.24433920
v 0.19415119 -0.03604006 0.33350000
v 0.19647449 -0.03654789 0.33241060
v 0.13440000 0.03604012 0.33350000
v 0.19415119 0.03604012 0.33350000
v 0.20107511 0.18852399 0.22180010
v 0.13440000 0.03604012 0.33350000
v 0.13440000 -0.03604006 0.33350000
v 0.19415119 -0.03604006 0.33350000
v 0.13440000 0.03604012 0.33350000
v 0.19415119 -0.03604006 0.33350000
v 0.19415119 0.03604012 0.33350000
v 0.13440000 0.03604012 0.33350000
v 0.12863000 0.03650492 0.33250001
v 0.12863000 -0.03650486 0.33250001
v 0.13440000 0.03604012 0.33350000
v 0.12863000 -0.03650486 0.33250001
v 0.13440000 -0.03604006 0.33350000
v 0.31733090 -0.06011807 0.07695031
v 0.22839309 -0.03319996 -0.02491164
v 0.42706001 -0.00631273 0.18516040
v -0.08649283 -0.05499994 0.07098424
v -0.08787238 -0.05499994 0.06790953
v -0.00303113 -0.23948491 0.02183592
v -0.08649283 -0.05499994 0.07098424
v -0.00303113 -0.23948491 0.02183592
v -0.08461666 -0.05499994 0.07378369
v -0.08649283 -0.05499994 0.07098424
v -0.08461666 -0.05499994 0.07378369
v -0.08518612 0.03606468 0.07303661
v 0.12863000 -0.07431930 0.29945639
v 0.12863000 -0.03650486 0.33250001
v -0.00303113 -0.23948491 0.02183592
v 0.12863000 -0.07431930 0.29945639
v -0.00303113 -0.23948491 0.02183592
v 0.12863000 -0.08110171 0.29296640
v 0.12863000 -0.07431930 0.29945639
v 0.13440000 -0.03604006 0.33350000
v 0.12863000 -0.03650486 0.33250001
v -0.08789157 -0.05849999 -0.05933290
v -0.08652740 -0.05849999 -0.06296342
v -0.00265509 -0.24161740 0.00400263
v -0.08789157 -0.05849999 -0.05933290
v -0.00265509 -0.24161740 0.00400263
v -0.09349995 -0.06250000 -0.03599995
v 0.42706001 -0.00142473 0.18453319
v 0.42706001 -0.00631273 0.18516040
v 0.22839309 -0.03319996 -0.02491164
v 0.42706001 -0.00142473 0.18453319
v 0.22839309 -0.03319996 -0.02491164
v 0.22839309 0.00479996 -0.02491164
v -0.08871388 0.04271411 0.06465971
v -0.08899998 0.04608494 0.06128889
v -0.09349995 -0.03079789 0.03599995
v -0.08871388 0.04271411 0.06465971
v -0.06511408 0.12680000 0.03602856
v -0.08899998 0.04608494 0.06128889
v -0.09349995 -0.03099995 -0.03599995
v -0.09349995 -0.03079789 0.03599995
v -0.08899998 0.06400001 -0.05167609
v -0.09349995 -0.03099995 -0.03599995
v -0.08789157 -0.05849999 -0.05933290
v -0.09349995 -0.06250000 -0.03599995
v -0.09349995 -0.03099995 -0.03599995
v -0.09349995 -0.06250000 -0.03599995
v -0.09349995 -0.06250000 0.03599995
v -0.09349995 -0.03099995 -0.03599995
v -0.09349995 -0.06250000 0.03599995
v -0.09349995 -0.03079789 0.03599995
v 0.12763000 0.03588032 0.33149999
v 0.12863000 0.03650492 0.33250001
v -0.08518612 0.03606468 0.07303661
v 0.12763000 0.03588032 0.33149999
v -0.08461666 -0.05499994 0.07378369
v 0.12763000 -0.03588032 0.33149999
v 0.12763000 0.03588032 0.33149999
v 0.12763000 -0.03588032 0.33149999
v 0.12863000 -0.03650486 0.33250001
v 0.12763000 0.03588032 0.33149999
v 0.12863000 -0.03650486 0.33250001
v 0.12863000 0.03650492 0.33250001
v -0.00236976 -0.24323580 0.00638342
v 0.00765639 -0.24250960 0.00908828
v -0.00219160 -0.24424601 0.00908828
v -0.00236976 -0.24323580 0.00638342
v -0.00219160 -0.24424601 0.00908828
v -0.09349995 -0.06250000 -0.03599995
v -0.00236976 -0.24323580 0.00638342
v -0.09349995 -0.06250000 -0.03599995
v -0.00265509 -0.24161740 0.00400263
v -0.00213104 -0.24458949 0.01196008
v -0.00219160 -0.24424601 0.00908828
v 0.00765639 -0.24250960 0.00908828
v -0.00213104 -0.24458949 0.01196008
v -0.00219160 -0.24424601 0.01483190
v -0.09349995 -0.06250000 0.03599995
v -0.00213104 -0.24458949 0.01196008
v -0.09349995 -0.06250000 0.03599995
v -0.09349995 -0.06250000 -0.03599995
v -0.00213104 -0.24458949 0.01196008
v -0.09349995 -0.06250000 -0.03599995
v -0.00219160 -0.24424601 0.00908828
v 0.20008950 -0.10576080 0.25146371
v 0.20008950 -0.10774260 0.24510799
v 0.42706001 -0.02891778 0.22469570
v 0.20008950 -0.10576080 0.25146371
v 0.02620142 -0.23763759 0.01436275
v 0.20008950 -0.10774260 0.24510799
v 0.20008950 -0.10340460 0.25769019
v 0.42706001 -0.02891778 0.22469570
v 0.42706001 -0.02697890 0.22922631
v 0.20008950 -0.10340460 0.25769019
v 0.20008950 -0.10576080 0.25146371
v 0.42706001 -0.02891778 0.22469570
v 0.12863000 -0.09789186 0.27043849
v 0.12863000 -0.09292918 0.27840671
v -0.00236976 -0.24323580 0.01753675
v 0.19837140 -0.10110590 0.26397109
v -0.00236976 -0.24323580 0.01753675
v 0.19837140 -0.10383990 0.25787011
v -0.00265509 -0.24161740 0.01991754
v -0.08787238 -0.05499994 0.06790953
v -0.09349995 -0.06250000 0.03599995
v -0.00265509 -0.24161740 0.01991754
v -0.09349995 -0.06250000 0.03599995
v -0.00236976 -0.24323580 0.01753675
v -0.00265509 -0.24161740 0.01991754
v -0.00303113 -0.23948491 0.02183592
v -0.08787238 -0.05499994 0.06790953
v -0.00265509 -0.24161740 0.01991754
v 0.12863000 -0.08731943 0.28593349
v 0.12863000 -0.08110171 0.29296640
v -0.00265509 -0.24161740 0.01991754
v 0.12863000 -0.08110171 0.29296640
v -0.00303113 -0.23948491 0.02183592
v -0.00265509 -0.24161740 0.01991754
v -0.00236976 -0.24323580 0.01753675
v 0.12863000 -0.09292918 0.27840671
v -0.00265509 -0.24161740 0.01991754
v 0.12863000 -0.09292918 0.27840671
v 0.12863000 -0.08731943 0.28593349
v 0.19779110 -0.03676110 0.33178860
v 0.42706001 -0.00833422 0.24433920
v 0.19647449 -0.03654789 0.33241060
v 0.19779110 -0.03676110 0.33178860
v 0.42706001 -0.01295047 0.24261400
v 0.42706001 -0.00833422 0.24433920
v 0.19779110 -0.03676110 0.33178860
v 0.19647449 -0.03654789 0.33241060
v 0.19837140 -0.07263869 0.30069819
v 0.42706001 -0.00350040 0.24529850
v 0.42706001 0.00142473 0.24546669
v 0.19415119 -0.03604006 0.33350000
v 0.42706001 -0.00350040 0.24529850
v 0.19415119 -0.03604006 0.33350000
v 0.42706001 -0.00833422 0.24433920
v 0.20008950 -0.07233476 0.30033839
v 0.20008950 -0.07728290 0.29588461
v 0.42706001 -0.02105695 0.23706470
v 0.20008950 -0.07233476 0.30033839
v 0.19779110 -0.03676110 0.33178860
v 0.19837140 -0.07263869 0.30069819
v 0.20008950 -0.07233476 0.30033839
v 0.42706001 -0.02105695 0.23706470
v 0.19779110 -0.03676110 0.33178860
v 0.42706001 -0.02433556 0.23338550
v 0.20008950 -0.09417831 0.27537721
v 0.42706001 -0.02697890 0.22922631
v 0.42706001 -0.02433556 0.23338550
v 0.20008950 -0.09042012 0.28087240
v 0.20008950 -0.09417831 0.27537721
v 0.20025800 0.18861860 0.22169811
v 0.13440000 0.03604012 0.33350000
v 0.20107511 0.18852399 0.22180010
v 0.20025800 0.18861860 0.22169811
v 0.12863000 0.03650492 0.33250001
v 0.13440000 0.03604012 0.33350000
v 0.28783810 -0.08707624 0.05220288
v 0.28662401 -0.08799815 0.05160146
v 0.22839309 -0.03319996 -0.02491164
v 0.28783810 -0.08707624 0.05220288
v 0.22839309 -0.03319996 -0.02491164
v 0.31733090 -0.06011807 0.07695031
v 0.28783810 -0.08707624 0.05220288
v 0.42706001 -0.02594524 0.19896591
v 0.28662401 -0.08799815 0.05160146
v -0.00303113 -0.23948491 0.00208425
v -0.00699997 -0.05849999 -0.10100000
v 0.00699997 -0.05849999 -0.10100000
v -0.00303113 -0.23948491 0.00208425
v -0.00265509 -0.24161740 0.00400263
v -0.08652740 -0.05849999 -0.06296342
v -0.06504476 -0.05849999 -0.08494591
v -0.06111800 -0.05849999 -0.08622944
v -0.00303113 -0.23948491 0.00208425
v 0.22093850 0.17637180 0.04057800
v 0.03588587 0.12680000 -0.06497144
v 0.01433116 0.15850000 -0.03723287
v 0.22728500 -0.03434997 -0.02521890
v 0.22839309 -0.03319996 -0.02491164
v 0.28662401 -0.08799815 0.05160146
v 0.22728500 -0.03434997 -0.02521890
v 0.28662401 -0.08799815 0.05160146
v 0.08029156 -0.20034920 0.00421834
v -0.08722156 0.03804033 0.06953346
v -0.08787238 -0.05499994 0.06790953
v -0.08649283 -0.05499994 0.07098424
v 0.19659699 -0.07316023 0.30046239
v 0.19837140 -0.07263869 0.30069819
v 0.19415119 -0.03604006 0.33350000
v 0.21047170 0.03140002 -0.02988123
v 0.24586210 0.18426670 0.06098556
v 0.22839309 0.00479996 -0.02491164
v 0.21047170 0.03140002 -0.02988123
v 0.22839309 0.00479996 -0.02491164
v 0.22736740 0.00479996 -0.02551585
v 0.11043480 0.05599999 -0.07463103
v 0.22736740 0.00479996 -0.02551585
v 0.10117000 0.05599999 -0.07868951
v 0.11043480 0.05599999 -0.07463103
v 0.11770570 0.05755996 -0.07098382
v 0.22736740 0.00479996 -0.02551585
v 0.08944308 0.05906099 -0.08261173
v 0.03588587 0.12680000 -0.06497144
v 0.09894323 0.05906099 -0.07894796
v 0.22156809 0.17442469 0.03896874
v 0.03588587 0.12680000 -0.06497144
v 0.22093850 0.17637180 0.04057800
v -0.03761404 0.15850000 0.01266205
v 0.14937660 0.21294869 0.10461710
v -0.03761404 0.15850000 -0.01260495
v -0.03761404 0.15850000 0.01266205
v -0.06511408 0.12680000 -0.03597140
v -0.06511408 0.12680000 0.03602856
v -0.03761404 0.15850000 0.01266205
v -0.03761404 0.15850000 -0.01260495
v -0.06511408 0.12680000 -0.03597140
v -0.03556382 0.15850000 -0.01755470
v -0.03611403 0.12680000 -0.06497144
v -0.06511408 0.12680000 -0.03597140
v 0.23987180 0.21325450 0.10433570
v 0.15191320 0.21328589 0.10475800
v 0.24011950 0.21320120 0.10748660
v 0.24155560 0.19017909 0.06335413
v 0.01433116 0.15850000 -0.03723287
v 0.23964749 0.21117049 0.09793299
v 0.15192349 0.21298520 0.10253990
v 0.14937660 0.21294869 0.10461710
v 0.15191320 0.21328589 0.10475800
v 0.15192349 0.21298520 0.10253990
v 0.15191320 0.21328589 0.10475800
v 0.23987180 0.21325450 0.10433570
v -0.06111800 0.06399995 -0.08622944
v -0.00699997 -0.04850000 -0.10100000
v -0.00699997 -0.05849999 -0.10100000
v -0.06111800 0.06399995 -0.08622944
v -0.00699997 -0.05849999 -0.10100000
v -0.06111800 -0.05849999 -0.08622944
v -0.07503694 0.06400001 -0.07777869
v -0.06511408 0.12680000 -0.03597140
v -0.03611403 0.12680000 -0.06497144
v -0.08871608 -0.05499994 0.06464689
v -0.08871388 0.04271411 0.06465971
v -0.09349995 -0.03079789 0.03599995
v -0.08871608 -0.05499994 0.06464689
v -0.09349995 -0.03079789 0.03599995
v -0.09349995 -0.06250000 0.03599995
v -0.08871608 -0.05499994 0.06464689
v -0.09349995 -0.06250000 0.03599995
v -0.08787238 -0.05499994 0.06790953
v -0.08871608 -0.05499994 0.06464689
v -0.08787238 -0.05499994 0.06790953
v -0.08871388 0.04271411 0.06465971
v -0.08784735 0.03939336 0.06798040
v 0.12863000 0.03650492 0.33250001
v -0.06511408 0.12680000 0.03602856
v -0.08784735 0.03939336 0.06798040
v -0.06511408 0.12680000 0.03602856
v -0.08871388 0.04271411 0.06465971
v -0.08784735 0.03939336 0.06798040
v -0.08722156 0.03804033 0.06953346
v 0.12863000 0.03650492 0.33250001
v -0.08784735 0.03939336 0.06798040
v -0.08871388 0.04271411 0.06465971
v -0.08787238 -0.05499994 0.06790953
v -0.08784735 0.03939336 0.06798040
v -0.08787238 -0.05499994 0.06790953
v -0.08722156 0.03804033 0.06953346
v -0.08789157 0.06400001 -0.05933290
v -0.08789157 -0.05849999 -0.05933290
v -0.09349995 -0.03099995 -0.03599995
v -0.08899998 0.06400001 0.03716063
v -0.08899998 0.06400001 -0.05167609
v -0.09349995 -0.03079789 0.03599995
v -0.08899998 0.06400001 0.03716063
v -0.09349995 -0.03079789 0.03599995
v -0.08899998 0.06371176 0.04008698
v -0.08899998 0.06400001 0.03716063
v -0.08899998 0.06371176 0.04008698
v -0.06511408 0.12680000 0.03602856
v -0.08899998 0.06400001 0.03716063
v -0.06511408 0.12680000 -0.03597140
v -0.08899998 0.06400001 -0.05167609
v -0.08899998 0.06400001 0.03716063
v -0.06511408 0.12680000 0.03602856
v -0.06511408 0.12680000 -0.03597140
v -0.08899998 0.05960661 0.04776722
v -0.09349995 -0.03079789 0.03599995
v -0.08899998 0.04608494 0.06128889
v -0.08899998 0.05960661 0.04776722
v -0.08899998 0.04608494 0.06128889
v -0.06511408 0.12680000 0.03602856
v -0.08465725 -0.05849999 -0.06636106
v -0.00303113 -0.23948491 0.00208425
v -0.08652740 -0.05849999 -0.06296342
v -0.08465725 -0.05849999 -0.06636106
v -0.08231955 -0.05849999 -0.06945568
v -0.00303113 -0.23948491 0.00208425
v -0.08373075 0.03548157 0.07481676
v 0.12763000 0.03588032 0.33149999
v -0.08518612 0.03606468 0.07303661
v -0.08373075 0.03548157 0.07481676
v -0.08518612 0.03606468 0.07303661
v -0.08461666 -0.05499994 0.07378369
v -0.08373075 0.03548157 0.07481676
v -0.08461666 -0.05499994 0.07378369
v 0.12763000 0.03588032 0.33149999
v 0.20008950 -0.09760302 0.26966819
v 0.20008950 -0.09417831 0.27537721
v 0.19837140 -0.09801381 0.26989859
v 0.20008950 -0.09760302 0.26966819
v 0.42706001 -0.02697890 0.22922631
v 0.20008950 -0.09417831 0.27537721
v 0.20008950 -0.09760302 0.26966819
v 0.19837140 -0.09801381 0.26989859
v 0.19837140 -0.10110590 0.26397109
v 0.13339999 -0.09266060 0.27879861
v 0.19659699 -0.09117734 0.28090101
v 0.12863000 -0.08731943 0.28593349
v 0.13339999 -0.09266060 0.27879861
v 0.12863000 -0.08731943 0.28593349
v 0.12863000 -0.09292918 0.27840671
v 0.19837140 -0.09457463 0.27563170
v 0.20008950 -0.09417831 0.27537721
v 0.20008950 -0.09042012 0.28087240
v 0.19837140 -0.09457463 0.27563170
v 0.19837140 -0.09801381 0.26989859
v 0.20008950 -0.09417831 0.27537721
v 0.19837140 -0.07760781 0.29622561
v 0.20008950 -0.07233476 0.30033839
v 0.19837140 -0.07263869 0.30069819
v 0.19837140 -0.07760781 0.29622561
v 0.20008950 -0.07728290 0.29588461
v 0.20008950 -0.07233476 0.30033839
v 0.19837140 -0.07760781 0.29622561
v 0.19837140 -0.07263869 0.30069819
v 0.19659699 -0.07316023 0.30046239
v 0.13339999 -0.08706927 0.28624031
v 0.19659699 -0.08274888 0.29121599
v 0.12863000 -0.08110171 0.29296640
v 0.13339999 -0.08706927 0.28624031
v 0.12863000 -0.08110171 0.29296640
v 0.12863000 -0.08731943 0.28593349
v 0.00765639 -0.24250960 0.01483190
v -0.00219160 -0.24424601 0.01483190
v -0.00213104 -0.24458949 0.01196008
v 0.00765639 -0.24250960 0.01483190
v -0.00236976 -0.24323580 0.01753675
v -0.00219160 -0.24424601 0.01483190
v 0.00771695 -0.24285290 0.01196008
v -0.00213104 -0.24458949 0.01196008
v 0.00765639 -0.24250960 0.00908828
v 0.00771695 -0.24285290 0.01196008
v 0.00765639 -0.24250960 0.01483190
v -0.00213104 -0.24458949 0.01196008
v 0.00747830 -0.24149930 0.01753675
v 0.01321345 -0.24075060 0.01657408
v 0.19837140 -0.10383990 0.25787011
v 0.00747830 -0.24149930 0.01753675
v 0.19837140 -0.10383990 0.25787011
v -0.00236976 -0.24323580 0.01753675
v 0.00747830 -0.24149930 0.01753675
v 0.00765639 -0.24250960 0.01483190
v 0.01321345 -0.24075060 0.01657408
v 0.00747830 -0.24149930 0.01753675
v -0.00236976 -0.24323580 0.01753675
v 0.00765639 -0.24250960 0.01483190
v 0.01914381 -0.23993251 0.01434451
v 0.02620142 -0.23763759 0.01436275
v 0.20008950 -0.10576080 0.25146371
v 0.19837140 -0.10620610 0.25161731
v 0.19837140 -0.10383990 0.25787011
v 0.01321345 -0.24075060 0.01657408
v 0.19837140 -0.10620610 0.25161731
v 0.20008950 -0.10340460 0.25769019
v 0.19837140 -0.10383990 0.25787011
v 0.19837140 -0.10620610 0.25161731
v 0.20008950 -0.10576080 0.25146371
v 0.20008950 -0.10340460 0.25769019
v 0.19659699 -0.09832751 0.26966199
v 0.19837140 -0.10110590 0.26397109
v 0.19837140 -0.09801381 0.26989859
v 0.20008950 -0.10068210 0.26376551
v 0.19837140 -0.10110590 0.26397109
v 0.19837140 -0.10383990 0.25787011
v 0.20008950 -0.10068210 0.26376551
v 0.19837140 -0.10383990 0.25787011
v 0.20008950 -0.10340460 0.25769019
v 0.20008950 -0.10068210 0.26376551
v 0.20008950 -0.10340460 0.25769019
v 0.42706001 -0.02697890 0.22922631
v 0.20008950 -0.10068210 0.26376551
v 0.20008950 -0.09760302 0.26966819
v 0.19837140 -0.10110590 0.26397109
v 0.20008950 -0.10068210 0.26376551
v 0.42706001 -0.02697890 0.22922631
v 0.20008950 -0.09760302 0.26966819
v 0.42706001 -0.01722860 0.24016790
v 0.19779110 -0.03676110 0.33178860
v 0.42706001 -0.02105695 0.23706470
v 0.42706001 -0.01722860 0.24016790
v 0.42706001 -0.01295047 0.24261400
v 0.19779110 -0.03676110 0.33178860
v 0.42706001 -0.01103591 0.18656661
v 0.28783810 -0.08707624 0.05220288
v 0.31733090 -0.06011807 0.07695031
v 0.42706001 -0.01103591 0.18656661
v 0.31733090 -0.06011807 0.07695031
v 0.42706001 -0.00631273 0.18516040
v 0.00699997 -0.04850000 -0.10100000
v 0.00699997 -0.05849999 -0.10100000
v -0.00699997 -0.05849999 -0.10100000
v 0.00699997 -0.04850000 -0.10100000
v -0.00699997 -0.05849999 -0.10100000
v -0.00699997 -0.04850000 -0.10100000
v 0.05974501 -0.06444430 -0.08926081
v 0.01781475 -0.23506550 0.00200725
v 0.00699997 -0.05849999 -0.10100000
v 0.00681692 -0.23774850 0.00208425
v -0.00303113 -0.23948491 0.00208425
v 0.00699997 -0.05849999 -0.10100000
v 0.00681692 -0.23774850 0.00208425
v -0.00265509 -0.24161740 0.00400263
v -0.00303113 -0.23948491 0.00208425
v -0.00347590 -0.23696230 0.00073992
v -0.00303113 -0.23948491 0.00208425
v -0.06111800 -0.05849999 -0.08622944
v -0.00347590 -0.23696230 0.00073992
v -0.06111800 -0.05849999 -0.08622944
v -0.00699997 -0.05849999 -0.10100000
v -0.00347590 -0.23696230 0.00073992
v -0.00699997 -0.05849999 -0.10100000
v -0.00303113 -0.23948491 0.00208425
v -0.07503694 -0.05849999 -0.07777869
v -0.00303113 -0.23948491 0.00208425
v -0.08231955 -0.05849999 -0.06945568
v -0.07503694 -0.05849999 -0.07777869
v -0.07208663 -0.05849999 -0.08067053
v -0.00303113 -0.23948491 0.00208425
v -0.06872969 -0.05849999 -0.08307838
v -0.06504476 -0.05849999 -0.08494591
v -0.00303113 -0.23948491 0.00208425
v -0.06872969 -0.05849999 -0.08307838
v -0.00303113 -0.23948491 0.00208425
v -0.07208663 -0.05849999 -0.08067053
v 0.22736740 -0.03319996 -0.02551585
v 0.10117000 -0.06000000 -0.07868951
v 0.10117000 0.05599999 -0.07868951
v 0.22736740 -0.03319996 -0.02551585
v 0.10117000 0.05599999 -0.07868951
v 0.22736740 0.00479996 -0.02551585
v 0.22736740 -0.03319996 -0.02551585
v 0.22736740 0.00479996 -0.02551585
v 0.22839309 0.00479996 -0.02491164
v 0.22736740 -0.03319996 -0.02551585
v 0.22839309 0.00479996 -0.02491164
v 0.22839309 -0.03319996 -0.02491164
v 0.22736740 -0.03319996 -0.02551585
v 0.22839309 -0.03319996 -0.02491164
v 0.22728500 -0.03434997 -0.02521890
v 0.03999996 0.06099998 -0.09899997
v 0.08222419 0.05599999 -0.08577114
v 0.08222419 -0.06000000 -0.08577114
v 0.03999996 0.06099998 -0.09899997
v 0.08222419 -0.06000000 -0.08577114
v 0.03999996 0.05312132 -0.09899997
v 0.03999996 0.06099998 -0.09899997
v 0.03999996 0.05312132 -0.09899997
v 0.00699997 -0.05849999 -0.10100000
v 0.03999996 0.06099998 -0.09899997
v 0.00699997 -0.05849999 -0.10100000
v 0.00699997 -0.04850000 -0.10100000
v 0.07998788 -0.06084513 -0.08645683
v 0.03999996 0.05312132 -0.09899997
v 0.08222419 -0.06000000 -0.08577114
v 0.06998854 -0.06155997 -0.08856528
v 0.00699997 -0.05849999 -0.10100000
v 0.06831479 -0.06000000 -0.08905869
v 0.03980600 0.05211997 -0.09899997
v 0.06831479 -0.06000000 -0.08905869
v 0.00699997 -0.05849999 -0.10100000
v 0.03980600 0.05211997 -0.09899997
v 0.00699997 -0.05849999 -0.10100000
v 0.03999996 0.05312132 -0.09899997
v 0.03980600 0.05211997 -0.09899997
v 0.03999996 0.05312132 -0.09899997
v 0.06831479 -0.06000000 -0.08905869
v 0.01335662 -0.24143361 0.00964350
v 0.00771695 -0.24285290 0.01196008
v 0.00765639 -0.24250960 0.00908828
v 0.01335662 -0.24143361 0.00964350
v 0.01340514 -0.24165431 0.01198464
v 0.00771695 -0.24285290 0.01196008
v 0.00747830 -0.24149930 0.00638342
v 0.00765639 -0.24250960 0.00908828
v -0.00236976 -0.24323580 0.00638342
v 0.00747830 -0.24149930 0.00638342
v -0.00236976 -0.24323580 0.00638342
v -0.00265509 -0.24161740 0.00400263
v -0.08637827 0.03695178 0.07118815
v -0.08722156 0.03804033 0.06953346
v -0.08649283 -0.05499994 0.07098424
v -0.08637827 0.03695178 0.07118815
v -0.08649283 -0.05499994 0.07098424
v -0.08518612 0.03606468 0.07303661
v -0.08637827 0.03695178 0.07118815
v -0.08518612 0.03606468 0.07303661
v 0.12863000 0.03650492 0.33250001
v -0.08637827 0.03695178 0.07118815
v 0.12863000 0.03650492 0.33250001
v -0.08722156 0.03804033 0.06953346
v 0.13313000 -0.07431930 0.29945639
v 0.19659699 -0.07316023 0.30046239
v 0.19415119 -0.03604006 0.33350000
v 0.13313000 -0.07431930 0.29945639
v 0.19415119 -0.03604006 0.33350000
v 0.13440000 -0.03604006 0.33350000
v 0.13313000 -0.07431930 0.29945639
v 0.13440000 -0.03604006 0.33350000
v 0.12863000 -0.07431930 0.29945639
v 0.42706001 0.02818888 0.22664639
v 0.42706001 0.02946549 0.22287630
v 0.26580760 0.20225009 0.17825760
v 0.28570059 0.16515510 0.20924860
v 0.42706001 0.02302432 0.23500320
v 0.42706001 0.02594524 0.23103410
v 0.20299380 0.18808730 0.22186300
v 0.20107511 0.18852399 0.22180010
v 0.19415119 0.03604012 0.33350000
v 0.19886890 0.03679692 0.33127740
v 0.42706001 0.01103597 0.24343340
v 0.42706001 0.01547110 0.24128491
v 0.19886890 0.03679692 0.33127740
v 0.42706001 0.01547110 0.24128491
v 0.28498819 0.15107620 0.22082010
v 0.19647449 0.03654795 0.33241060
v 0.19415119 0.03604012 0.33350000
v 0.42706001 0.00631279 0.24483959
v 0.19647449 0.03654795 0.33241060
v 0.42706001 0.00631279 0.24483959
v 0.42706001 0.01103597 0.24343340
v 0.19647449 0.03654795 0.33241060
v 0.42706001 0.01103597 0.24343340
v 0.19886890 0.03679692 0.33127740
v 0.19647449 0.03654795 0.33241060
v 0.19886890 0.03679692 0.33127740
v 0.28498819 0.15107620 0.22082010
v 0.28740001 0.15056171 0.21996370
v 0.28498819 0.15107620 0.22082010
v 0.42706001 0.01547110 0.24128491
v 0.28740001 0.15056171 0.21996370
v 0.42706001 0.01547110 0.24128491
v 0.42706001 0.01950228 0.23845020
v 0.28740001 0.15056171 0.21996370
v 0.42706001 0.01950228 0.23845020
v 0.28317490 0.16503739 0.21125230
v 0.28740001 0.15056171 0.21996370
v 0.28317490 0.16503739 0.21125230
v 0.28498819 0.15107620 0.22082010
v 0.42706001 0.00350046 0.18470150
v 0.42706001 -0.00142473 0.18453319
v 0.22839309 0.00479996 -0.02491164
v 0.24682960 0.18473940 0.06211942
v 0.42706001 0.01295047 0.18738590
v 0.22839309 0.00479996 -0.02491164
v 0.24682960 0.18473940 0.06211942
v 0.22839309 0.00479996 -0.02491164
v 0.24586210 0.18426670 0.06098556
v 0.22458580 0.17328820 0.03976356
v 0.21047170 0.03140002 -0.02988123
v 0.20936351 0.03254997 -0.03018856
v 0.22458580 0.17328820 0.03976356
v 0.20936351 0.03254997 -0.03018856
v 0.22392830 0.17294089 0.03915470
v 0.22458580 0.17328820 0.03976356
v 0.24442901 0.18649690 0.06101089
v 0.24586210 0.18426670 0.06098556
v 0.20944580 0.03140002 -0.03048551
v 0.20936351 0.03254997 -0.03018856
v 0.21047170 0.03140002 -0.02988123
v 0.20944580 0.03140002 -0.03048551
v 0.21047170 0.03140002 -0.02988123
v 0.22736740 0.00479996 -0.02551585
v 0.20944580 0.03140002 -0.03048551
v 0.22736740 0.00479996 -0.02551585
v 0.11770570 0.05755996 -0.07098382
v 0.24514429 0.18726170 0.06211942
v 0.24442901 0.18649690 0.06101089
v 0.24396621 0.18822861 0.06211942
v 0.13539140 0.05906099 -0.06085109
v 0.12653761 0.05906099 -0.06587958
v 0.22392830 0.17294089 0.03915470
v 0.13539140 0.05906099 -0.06085109
v 0.22392830 0.17294089 0.03915470
v 0.20936351 0.03254997 -0.03018856
v 0.13539140 0.05906099 -0.06085109
v 0.20936351 0.03254997 -0.03018856
v 0.12653761 0.05906099 -0.06587958
v 0.12675500 0.05755996 -0.06627953
v 0.12653761 0.05906099 -0.06587958
v 0.20936351 0.03254997 -0.03018856
v 0.12675500 0.05755996 -0.06627953
v 0.20944580 0.03140002 -0.03048551
v 0.11770570 0.05755996 -0.07098382
v 0.12675500 0.05755996 -0.06627953
v 0.20936351 0.03254997 -0.03018856
v 0.20944580 0.03140002 -0.03048551
v 0.03833413 0.06338328 -0.09899997
v 0.08944308 0.05906099 -0.08261173
v 0.03920042 0.06275290 -0.09899997
v 0.03833413 0.06338328 -0.09899997
v 0.03588587 0.12680000 -0.06497144
v 0.08944308 0.05906099 -0.08261173
v 0.03833413 0.06338328 -0.09899997
v 0.03920042 0.06275290 -0.09899997
v 0.00699997 -0.04850000 -0.10100000
v 0.08959895 0.05755996 -0.08303940
v 0.03920042 0.06275290 -0.09899997
v 0.08944308 0.05906099 -0.08261173
v 0.08959895 0.05755996 -0.08303940
v 0.08944308 0.05906099 -0.08261173
v 0.09894323 0.05906099 -0.07894796
v 0.09866446 0.06044435 -0.07826322
v 0.09894323 0.05906099 -0.07894796
v 0.03588587 0.12680000 -0.06497144
v 0.09866446 0.06044435 -0.07826322
v 0.03588587 0.12680000 -0.06497144
v 0.22156809 0.17442469 0.03896874
v 0.22304980 0.17510679 0.04013442
v 0.24442901 0.18649690 0.06101089
v 0.22458580 0.17328820 0.03976356
v 0.22304980 0.17510679 0.04013442
v 0.22458580 0.17328820 0.03976356
v 0.22392830 0.17294089 0.03915470
v 0.22271870 0.17244031 0.03828787
v 0.10830090 0.05906099 -0.07493424
v 0.09894323 0.05906099 -0.07894796
v 0.22271870 0.17244031 0.03828787
v 0.09866446 0.06044435 -0.07826322
v 0.22156809 0.17442469 0.03896874
v 0.22271870 0.17244031 0.03828787
v 0.09894323 0.05906099 -0.07894796
v 0.09866446 0.06044435 -0.07826322
v 0.11750320 0.05906099 -0.07057613
v 0.10830090 0.05906099 -0.07493424
v 0.22271870 0.17244031 0.03828787
v 0.11750320 0.05906099 -0.07057613
v 0.12675500 0.05755996 -0.06627953
v 0.11770570 0.05755996 -0.07098382
v 0.11750320 0.05906099 -0.07057613
v 0.12653761 0.05906099 -0.06587958
v 0.12675500 0.05755996 -0.06627953
v 0.11750320 0.05906099 -0.07057613
v 0.22271870 0.17244031 0.03828787
v 0.22392830 0.17294089 0.03915470
v 0.11750320 0.05906099 -0.07057613
v 0.22392830 0.17294089 0.03915470
v 0.12653761 0.05906099 -0.06587958
v 0.10848810 0.05755996 -0.07534921
v 0.11770570 0.05755996 -0.07098382
v 0.11043480 0.05599999 -0.07463103
v 0.10848810 0.05755996 -0.07534921
v 0.11750320 0.05906099 -0.07057613
v 0.11770570 0.05755996 -0.07098382
v 0.10848810 0.05755996 -0.07534921
v 0.10830090 0.05906099 -0.07493424
v 0.11750320 0.05906099 -0.07057613
v 0.10848810 0.05755996 -0.07534921
v 0.11043480 0.05599999 -0.07463103
v 0.10117000 0.05599999 -0.07868951
v 0.10848810 0.05755996 -0.07534921
v 0.09894323 0.05906099 -0.07894796
v 0.10830090 0.05906099 -0.07493424
v 0.14935270 0.21288130 0.10739230
v 0.14937660 0.21294869 0.10461710
v -0.03761404 0.15850000 0.01266205
v 0.14935270 0.21288130 0.10739230
v 0.15191320 0.21328589 0.10475800
v 0.14937660 0.21294869 0.10461710
v -0.03737556 0.15850000 0.01447379
v -0.03761404 0.15850000 0.01266205
v -0.06511408 0.12680000 0.03602856
v -0.03737556 0.15850000 0.01447379
v -0.06511408 0.12680000 0.03602856
v -0.03667622 0.15850000 0.01616203
v -0.03737556 0.15850000 0.01447379
v 0.14935270 0.21288130 0.10739230
v -0.03761404 0.15850000 0.01266205
v 0.14939030 0.21260761 0.10234550
v -0.03556382 0.15850000 -0.01755470
v 0.14937660 0.21294869 0.10461710
v 0.14939030 0.21260761 0.10234550
v 0.15192349 0.21298520 0.10253990
v -0.01624757 0.15850000 -0.03653359
v 0.14939030 0.21260761 0.10234550
v 0.14937660 0.21294869 0.10461710
v 0.15192349 0.21298520 0.10253990
v -0.03737556 0.15850000 -0.01441663
v -0.03761404 0.15850000 -0.01260495
v 0.14937660 0.21294869 0.10461710
v -0.03737556 0.15850000 -0.01441663
v -0.06511408 0.12680000 -0.03597140
v -0.03761404 0.15850000 -0.01260495
v -0.01769733 0.15850000 -0.03542113
v -0.01624757 0.15850000 -0.03653359
v -0.03611403 0.12680000 -0.06497144
v -0.01769733 0.15850000 -0.03542113
v -0.03611403 0.12680000 -0.06497144
v -0.03556382 0.15850000 -0.01755470
v -0.01769733 0.15850000 -0.03542113
v 0.14939030 0.21260761 0.10234550
v -0.01624757 0.15850000 -0.03653359
v -0.01769733 0.15850000 -0.03542113
v -0.03556382 0.15850000 -0.01755470
v 0.14939030 0.21260761 0.10234550
v -0.03556382 0.15850000 0.01761180
v -0.03667622 0.15850000 0.01616203
v -0.06511408 0.12680000 0.03602856
v -0.03556382 0.15850000 0.01761180
v -0.06511408 0.12680000 0.03602856
v 0.19811369 0.19832011 0.20802000
v -0.03556382 0.15850000 0.01761180
v 0.14726010 0.20995490 0.12451900
v -0.03667622 0.15850000 0.01616203
v 0.24235620 0.21302649 0.10557290
v 0.23987180 0.21325450 0.10433570
v 0.24011950 0.21320120 0.10748660
v 0.24235620 0.21302649 0.10557290
v 0.24217230 0.21289250 0.10360490
v 0.23987180 0.21325450 0.10433570
v 0.23973849 0.21283130 0.10188780
v 0.23987180 0.21325450 0.10433570
v 0.24217230 0.21289250 0.10360490
v 0.23973849 0.21283130 0.10188780
v 0.15193090 0.21222360 0.10004650
v 0.15192349 0.21298520 0.10253990
v 0.23973849 0.21283130 0.10188780
v 0.15192349 0.21298520 0.10253990
v 0.23987180 0.21325450 0.10433570
v 0.15189610 0.21320120 0.10748660
v 0.24011950 0.21320120 0.10748660
v 0.15191320 0.21328589 0.10475800
v 0.15189610 0.21320120 0.10748660
v 0.15191320 0.21328589 0.10475800
v 0.14935270 0.21288130 0.10739230
v 0.24119090 0.18951550 0.06228238
v 0.01433116 0.15850000 -0.03723287
v 0.24155560 0.19017909 0.06335413
v 0.24193101 0.21094400 0.09806907
v 0.24155560 0.19017909 0.06335413
v 0.23964749 0.21117049 0.09793299
v -0.01455932 0.15850000 -0.03723287
v -0.01274758 0.15850000 -0.03747141
v -0.03611403 0.12680000 -0.06497144
v -0.01455932 0.15850000 -0.03723287
v -0.03611403 0.12680000 -0.06497144
v -0.01624757 0.15850000 -0.03653359
v -0.01455932 0.15850000 -0.03723287
v -0.01624757 0.15850000 -0.03653359
v 0.15192349 0.21298520 0.10253990
v -0.01455932 0.15850000 -0.03723287
v 0.15192349 0.21298520 0.10253990
v 0.15193090 0.21222360 0.10004650
v -0.01455932 0.15850000 -0.03723287
v 0.15193090 0.21222360 0.10004650
v -0.01274758 0.15850000 -0.03747141
v 0.01251941 0.15850000 -0.03747141
v 0.01433116 0.15850000 -0.03723287
v 0.03588587 0.12680000 -0.06497144
v 0.01251941 0.15850000 -0.03747141
v 0.03588587 0.12680000 -0.06497144
v -0.03611403 0.12680000 -0.06497144
v 0.01251941 0.15850000 -0.03747141
v -0.03611403 0.12680000 -0.06497144
v -0.01274758 0.15850000 -0.03747141
v 0.01251941 0.15850000 -0.03747141
v -0.01274758 0.15850000 -0.03747141
v 0.15193090 0.21222360 0.10004650
v -0.04605722 0.06399995 -0.08949702
v -0.06111800 0.06399995 -0.08622944
v -0.03611403 0.12680000 -0.06497144
v -0.04605722 0.06399995 -0.08949702
v -0.00699997 -0.04850000 -0.10100000
v -0.06111800 0.06399995 -0.08622944
v -0.06504476 0.06400001 -0.08494591
v -0.06872969 0.06400001 -0.08307838
v -0.03611403 0.12680000 -0.06497144
v -0.06504476 0.06400001 -0.08494591
v -0.03611403 0.12680000 -0.06497144
v -0.06111800 0.06399995 -0.08622944
v -0.06504476 0.06400001 -0.08494591
v -0.06111800 0.06399995 -0.08622944
v -0.06111800 -0.05849999 -0.08622944
v -0.06504476 0.06400001 -0.08494591
v -0.06111800 -0.05849999 -0.08622944
v -0.06504476 -0.05849999 -0.08494591
v -0.06504476 0.06400001 -0.08494591
v -0.06872969 -0.05849999 -0.08307838
v -0.06872969 0.06400001 -0.08307838
v -0.06504476 0.06400001 -0.08494591
v -0.06504476 -0.05849999 -0.08494591
v -0.06872969 -0.05849999 -0.08307838
v 0.00424260 0.06399995 -0.09899997
v -0.03611403 0.12680000 -0.06497144
v 0.03588587 0.12680000 -0.06497144
v 0.00424260 0.06399995 -0.09899997
v 0.03588587 0.12680000 -0.06497144
v 0.03575736 0.06399995 -0.09899997
v 0.00424260 0.06399995 -0.09899997
v 0.00699997 -0.04850000 -0.10100000
v -0.00699997 -0.04850000 -0.10100000
v 0.00424260 0.06399995 -0.09899997
v 0.03575736 0.06399995 -0.09899997
v 0.00699997 -0.04850000 -0.10100000
v -0.07208663 0.06400001 -0.08067053
v -0.07503694 0.06400001 -0.07777869
v -0.03611403 0.12680000 -0.06497144
v -0.07208663 0.06400001 -0.08067053
v -0.03611403 0.12680000 -0.06497144
v -0.06872969 0.06400001 -0.08307838
v -0.07208663 0.06400001 -0.08067053
v -0.06872969 -0.05849999 -0.08307838
v -0.07208663 -0.05849999 -0.08067053
v -0.07208663 0.06400001 -0.08067053
v -0.06872969 0.06400001 -0.08307838
v -0.06872969 -0.05849999 -0.08307838
v -0.07208663 0.06400001 -0.08067053
v -0.07503694 -0.05849999 -0.07777869
v -0.07503694 0.06400001 -0.07777869
v -0.07208663 0.06400001 -0.08067053
v -0.07208663 -0.05849999 -0.08067053
v -0.07503694 -0.05849999 -0.07777869
v -0.08231955 0.06400001 -0.06945568
v -0.08465725 0.06400001 -0.06636106
v -0.06511408 0.12680000 -0.03597140
v -0.08231955 0.06400001 -0.06945568
v -0.06511408 0.12680000 -0.03597140
v -0.07503694 0.06400001 -0.07777869
v -0.08231955 0.06400001 -0.06945568
v -0.07503694 -0.05849999 -0.07777869
v -0.08231955 -0.05849999 -0.06945568
v -0.08231955 0.06400001 -0.06945568
v -0.07503694 0.06400001 -0.07777869
v -0.07503694 -0.05849999 -0.07777869
v -0.08231955 0.06400001 -0.06945568
v -0.08465725 -0.05849999 -0.06636106
v -0.08465725 0.06400001 -0.06636106
v -0.08231955 0.06400001 -0.06945568
v -0.08231955 -0.05849999 -0.06945568
v -0.08465725 -0.05849999 -0.06636106
v -0.08872145 0.06400001 -0.05554443
v -0.08789157 0.06400001 -0.05933290
v -0.09349995 -0.03099995 -0.03599995
v -0.08872145 0.06400001 -0.05554443
v -0.09349995 -0.03099995 -0.03599995
v -0.08899998 0.06400001 -0.05167609
v -0.08872145 0.06400001 -0.05554443
v -0.08899998 0.06400001 -0.05167609
v -0.06511408 0.12680000 -0.03597140
v -0.08872145 0.06400001 -0.05554443
v -0.06511408 0.12680000 -0.03597140
v -0.08789157 0.06400001 -0.05933290
v -0.08652740 0.06400001 -0.06296342
v -0.08789157 0.06400001 -0.05933290
v -0.06511408 0.12680000 -0.03597140
v -0.08652740 0.06400001 -0.06296342
v -0.06511408 0.12680000 -0.03597140
v -0.08465725 0.06400001 -0.06636106
v -0.08652740 0.06400001 -0.06296342
v -0.08465725 -0.05849999 -0.06636106
v -0.08652740 -0.05849999 -0.06296342
v -0.08652740 0.06400001 -0.06296342
v -0.08465725 0.06400001 -0.06636106
v -0.08465725 -0.05849999 -0.06636106
v -0.08652740 0.06400001 -0.06296342
v -0.08652740 -0.05849999 -0.06296342
v -0.08789157 -0.05849999 -0.05933290
v -0.08652740 0.06400001 -0.06296342
v -0.08789157 -0.05849999 -0.05933290
v -0.08789157 0.06400001 -0.05933290
v -0.08899998 0.06285822 0.04290086
v -0.08899998 0.06371176 0.04008698
v -0.09349995 -0.03079789 0.03599995
v -0.08899998 0.06285822 0.04290086
v -0.06511408 0.12680000 0.03602856
v -0.08899998 0.06371176 0.04008698
v 0.19659699 -0.09491890 0.27538741
v 0.19837140 -0.09457463 0.27563170
v 0.19659699 -0.09117734 0.28090101
v 0.19659699 -0.09491890 0.27538741
v 0.19659699 -0.09832751 0.26966199
v 0.19837140 -0.09801381 0.26989859
v 0.19659699 -0.09491890 0.27538741
v 0.19837140 -0.09801381 0.26989859
v 0.19837140 -0.09457463 0.27563170
v 0.19837140 -0.09080052 0.28115010
v 0.19837140 -0.09457463 0.27563170
v 0.20008950 -0.09042012 0.28087240
v 0.19837140 -0.09080052 0.28115010
v 0.19659699 -0.09117734 0.28090101
v 0.19837140 -0.09457463 0.27563170
v 0.19659699 -0.07809150 0.29598120
v 0.13313000 -0.07431930 0.29945639
v 0.12863000 -0.07431930 0.29945639
v 0.19659699 -0.07809150 0.29598120
v 0.19837140 -0.07760781 0.29622561
v 0.19659699 -0.07316023 0.30046239
v 0.19659699 -0.07809150 0.29598120
v 0.19659699 -0.07316023 0.30046239
v 0.13313000 -0.07431930 0.29945639
v 0.20008950 -0.08634161 0.28613430
v 0.20008950 -0.09042012 0.28087240
v 0.42706001 -0.02433556 0.23338550
v 0.20008950 -0.08634161 0.28613430
v 0.19837140 -0.09080052 0.28115010
v 0.20008950 -0.09042012 0.28087240
v 0.20008950 -0.08634161 0.28613430
v 0.19837140 -0.08670479 0.28643420
v 0.19837140 -0.09080052 0.28115010
v 0.19837140 -0.08230203 0.29146531
v 0.19659699 -0.08274888 0.29121599
v 0.19837140 -0.08670479 0.28643420
v 0.19837140 -0.08230203 0.29146531
v 0.20008950 -0.07728290 0.29588461
v 0.19837140 -0.07760781 0.29622561
v 0.19837140 -0.08230203 0.29146531
v 0.19659699 -0.07809150 0.29598120
v 0.19659699 -0.08274888 0.29121599
v 0.19837140 -0.08230203 0.29146531
v 0.19837140 -0.07760781 0.29622561
v 0.19659699 -0.07809150 0.29598120
v 0.19659699 -0.08711588 0.28618330
v 0.19837140 -0.08670479 0.28643420
v 0.19659699 -0.08274888 0.29121599
v 0.19659699 -0.08711588 0.28618330
v 0.19659699 -0.08274888 0.29121599
v 0.13339999 -0.08706927 0.28624031
v 0.19659699 -0.08711588 0.28618330
v 0.13339999 -0.08706927 0.28624031
v 0.12863000 -0.08731943 0.28593349
v 0.19659699 -0.08711588 0.28618330
v 0.19837140 -0.09080052 0.28115010
v 0.19837140 -0.08670479 0.28643420
v 0.19659699 -0.08711588 0.28618330
v 0.19659699 -0.09117734 0.28090101
v 0.19837140 -0.09080052 0.28115010
v 0.01335656 -0.24142270 0.01432478
v 0.00771695 -0.24285290 0.01196008
v 0.01340514 -0.24165431 0.01198464
v 0.01335656 -0.24142270 0.01432478
v 0.00765639 -0.24250960 0.01483190
v 0.00771695 -0.24285290 0.01196008
v 0.01335656 -0.24142270 0.01432478
v 0.01914381 -0.23993251 0.01434451
v 0.01321345 -0.24075060 0.01657408
v 0.01335656 -0.24142270 0.01432478
v 0.01321345 -0.24075060 0.01657408
v 0.00765639 -0.24250960 0.01483190
v 0.02627885 -0.23787330 0.01202458
v 0.02620142 -0.23763759 0.01436275
v 0.01914381 -0.23993251 0.01434451
v 0.01896601 -0.23926359 0.01659202
v 0.01914381 -0.23993251 0.01434451
v 0.20008950 -0.10576080 0.25146371
v 0.01896601 -0.23926359 0.01659202
v 0.20008950 -0.10576080 0.25146371
v 0.19837140 -0.10620610 0.25161731
v 0.01896601 -0.23926359 0.01659202
v 0.19837140 -0.10620610 0.25161731
v 0.01321345 -0.24075060 0.01657408
v 0.01896601 -0.23926359 0.01659202
v 0.01321345 -0.24075060 0.01657408
v 0.01914381 -0.23993251 0.01434451
v 0.13339999 -0.09761756 0.27092010
v 0.12863000 -0.09292918 0.27840671
v 0.12863000 -0.09789186 0.27043849
v 0.13339999 -0.09761756 0.27092010
v 0.12863000 -0.09789186 0.27043849
v -0.00236976 -0.24323580 0.01753675
v 0.13339999 -0.09761756 0.27092010
v -0.00236976 -0.24323580 0.01753675
v 0.19659699 -0.09832751 0.26966199
v 0.13339999 -0.09761756 0.27092010
v 0.19659699 -0.09832751 0.26966199
v 0.19659699 -0.09491890 0.27538741
v 0.13339999 -0.09761756 0.27092010
v 0.19659699 -0.09491890 0.27538741
v 0.12863000 -0.09292918 0.27840671
v 0.19659699 -0.10139110 0.26374501
v 0.19659699 -0.09832751 0.26966199
v -0.00236976 -0.24323580 0.01753675
v 0.19659699 -0.10139110 0.26374501
v -0.00236976 -0.24323580 0.01753675
v 0.19837140 -0.10110590 0.26397109
v 0.19659699 -0.10139110 0.26374501
v 0.19837140 -0.10110590 0.26397109
v 0.19659699 -0.09832751 0.26966199
v 0.12863000 0.07431936 0.29945639
v -0.06511408 0.12680000 0.03602856
v 0.12863000 0.03650492 0.33250001
v 0.19509940 0.18929321 0.21846220
v 0.19811369 0.19832011 0.20802000
v -0.06511408 0.12680000 0.03602856
v 0.19509940 0.18929321 0.21846220
v -0.06511408 0.12680000 0.03602856
v 0.12863000 0.08731949 0.28593349
v 0.20064680 0.18967371 0.22079530
v 0.20025800 0.18861860 0.22169811
v 0.20107511 0.18852399 0.22180010
v 0.20516521 0.19860239 0.21029960
v 0.20372470 0.19889081 0.21013311
v 0.20064680 0.18967371 0.22079530
v 0.20524350 0.20025641 0.20782819
v 0.26114291 0.20386890 0.18008730
v 0.20449620 0.20090340 0.20636339
v 0.25953779 0.20456789 0.17779970
v 0.24011950 0.21320120 0.10748660
v 0.15189610 0.21320120 0.10748660
v 0.20372470 0.20125110 0.20481201
v 0.15156470 0.21132299 0.12278300
v 0.20219930 0.20097101 0.20574760
v 0.20372470 0.20125110 0.20481201
v 0.20449620 0.20090340 0.20636339
v 0.25953779 0.20456789 0.17779970
v 0.20372470 0.20125110 0.20481201
v 0.25953779 0.20456789 0.17779970
v 0.15189610 0.21320120 0.10748660
v 0.20372470 0.20125110 0.20481201
v 0.15189610 0.21320120 0.10748660
v 0.15156470 0.21132299 0.12278300
v 0.05986815 -0.06306099 -0.08998978
v 0.05974501 -0.06444430 -0.08926081
v 0.00699997 -0.05849999 -0.10100000
v 0.05986815 -0.06306099 -0.08998978
v 0.06989747 -0.06306099 -0.08811932
v 0.05974501 -0.06444430 -0.08926081
v 0.06974959 -0.06444430 -0.08739489
v 0.05974501 -0.06444430 -0.08926081
v 0.06989747 -0.06306099 -0.08811932
v 0.06974959 -0.06444430 -0.08739489
v 0.01781475 -0.23506550 0.00200725
v 0.05974501 -0.06444430 -0.08926081
v 0.01228624 -0.23646329 0.00199699
v 0.00681692 -0.23774850 0.00208425
v 0.00699997 -0.05849999 -0.10100000
v 0.01228624 -0.23646329 0.00199699
v 0.00699997 -0.05849999 -0.10100000
v 0.01781475 -0.23506550 0.00200725
v 0.01228624 -0.23646329 0.00199699
v 0.01781475 -0.23506550 0.00200725
v 0.01266783 -0.23823790 0.00349265
v 0.01228624 -0.23646329 0.00199699
v 0.01266783 -0.23823790 0.00349265
v 0.00681692 -0.23774850 0.00208425
v 0.00719291 -0.23988090 0.00400263
v 0.00681692 -0.23774850 0.00208425
v 0.01266783 -0.23823790 0.00349265
v 0.00719291 -0.23988090 0.00400263
v -0.00265509 -0.24161740 0.00400263
v 0.00681692 -0.23774850 0.00208425
v 0.00719291 -0.23988090 0.00400263
v 0.00747830 -0.24149930 0.00638342
v -0.00265509 -0.24161740 0.00400263
v 0.09595948 0.00000000 -0.08079648
v 0.10117000 0.05599999 -0.07868951
v 0.10117000 -0.06000000 -0.07868951
v 0.09595948 0.00000000 -0.08079648
v 0.10117000 -0.06000000 -0.07868951
v 0.09176224 -0.06000000 -0.08240455
v 0.13501440 -0.06444430 -0.06021511
v 0.22728500 -0.03434997 -0.02521890
v 0.08029156 -0.20034920 0.00421834
v 0.07998788 0.05684518 -0.08645683
v 0.08222419 0.05599999 -0.08577114
v 0.03999996 0.06099998 -0.09899997
v 0.07998788 0.05684518 -0.08645683
v 0.08959895 0.05755996 -0.08303940
v 0.08222419 0.05599999 -0.08577114
v 0.03983151 0.06183695 -0.09899997
v 0.03999996 0.06099998 -0.09899997
v 0.00699997 -0.04850000 -0.10100000
v 0.03983151 0.06183695 -0.09899997
v 0.00699997 -0.04850000 -0.10100000
v 0.03920042 0.06275290 -0.09899997
v 0.03983151 0.06183695 -0.09899997
v 0.07998788 0.05684518 -0.08645683
v 0.03999996 0.06099998 -0.09899997
v 0.03983151 0.06183695 -0.09899997
v 0.03920042 0.06275290 -0.09899997
v 0.08959895 0.05755996 -0.08303940
v 0.03983151 0.06183695 -0.09899997
v 0.08959895 0.05755996 -0.08303940
v 0.07998788 0.05684518 -0.08645683
v 0.07774269 -0.06000000 -0.08703243
v 0.06831479 -0.06000000 -0.08905869
v 0.03999996 0.05312132 -0.09899997
v 0.07774269 -0.06000000 -0.08703243
v 0.03999996 0.05312132 -0.09899997
v 0.07998788 -0.06084513 -0.08645683
v 0.07774269 -0.06000000 -0.08703243
v 0.06998854 -0.06155997 -0.08856528
v 0.06831479 -0.06000000 -0.08905869
v 0.07774269 -0.06000000 -0.08703243
v 0.07998788 -0.06084513 -0.08645683
v 0.06998854 -0.06155997 -0.08856528
v 0.07981193 -0.06326049 -0.08583080
v 0.06974959 -0.06444430 -0.08739489
v 0.06989747 -0.06306099 -0.08811932
v 0.07981193 -0.06326049 -0.08583080
v 0.06998854 -0.06155997 -0.08856528
v 0.07998788 -0.06084513 -0.08645683
v 0.07981193 -0.06326049 -0.08583080
v 0.06989747 -0.06306099 -0.08811932
v 0.06998854 -0.06155997 -0.08856528
v 0.08959895 -0.06155997 -0.08303940
v 0.07998788 -0.06084513 -0.08645683
v 0.08222419 -0.06000000 -0.08577114
v 0.08959895 -0.06155997 -0.08303940
v 0.08222419 -0.06000000 -0.08577114
v 0.09176224 -0.06000000 -0.08240455
v 0.08959895 -0.06155997 -0.08303940
v 0.07981193 -0.06326049 -0.08583080
v 0.07998788 -0.06084513 -0.08645683
v 0.04377293 -0.22396161 0.00204563
v 0.07981193 -0.06326049 -0.08583080
v 0.08918988 -0.06444430 -0.08191710
v 0.04377293 -0.22396161 0.00204563
v 0.03750544 -0.22731130 0.00202739
v 0.07981193 -0.06326049 -0.08583080
v 0.05827510 -0.22000299 0.00760442
v 0.28662401 -0.08799815 0.05160146
v 0.05213952 -0.22400570 0.00753796
v 0.05246478 -0.22455750 0.00979882
v 0.05213952 -0.22400570 0.00753796
v 0.28662401 -0.08799815 0.05160146
v 0.05246478 -0.22455750 0.00979882
v 0.28662401 -0.08799815 0.05160146
v 0.42706001 -0.03024023 0.21102799
v 0.42706001 -0.02818882 0.20335360
v 0.28662401 -0.08799815 0.05160146
v 0.42706001 -0.02594524 0.19896591
v 0.42706001 -0.03010183 0.21991190
v 0.42706001 -0.02891778 0.22469570
v 0.02620142 -0.23763759 0.01436275
v 0.01321357 -0.24077199 0.00739110
v 0.01335662 -0.24143361 0.00964350
v 0.00765639 -0.24250960 0.00908828
v 0.01321357 -0.24077199 0.00739110
v 0.01896631 -0.23930641 0.00741035
v 0.01335662 -0.24143361 0.00964350
v 0.01321357 -0.24077199 0.00739110
v 0.00765639 -0.24250960 0.00908828
v 0.00747830 -0.24149930 0.00638342
v 0.26549381 0.20186950 0.18008730
v 0.42706001 0.02594524 0.23103410
v 0.42706001 0.02818888 0.22664639
v 0.28466719 0.16555300 0.20984180
v 0.42706001 0.01950228 0.23845020
v 0.42706001 0.02302432 0.23500320
v 0.28466719 0.16555300 0.20984180
v 0.42706001 0.02302432 0.23500320
v 0.28570059 0.16515510 0.20924860
v 0.28466719 0.16555300 0.20984180
v 0.28317490 0.16503739 0.21125230
v 0.42706001 0.01950228 0.23845020
v 0.20279101 0.18909539 0.22108220
v 0.20299380 0.18808730 0.22186300
v 0.20345750 0.18882190 0.22111590
v 0.20279101 0.18909539 0.22108220
v 0.20107511 0.18852399 0.22180010
v 0.20299380 0.18808730 0.22186300
v 0.20279101 0.18909539 0.22108220
v 0.20064680 0.18967371 0.22079530
v 0.20107511 0.18852399 0.22180010
v 0.20279101 0.18909539 0.22108220
v 0.20516521 0.19860239 0.21029960
v 0.20064680 0.18967371 0.22079530
v 0.20365749 0.18790850 0.22179610
v 0.20299380 0.18808730 0.22186300
v 0.19415119 0.03604012 0.33350000
v 0.20365749 0.18790850 0.22179610
v 0.19415119 0.03604012 0.33350000
v 0.19647449 0.03654795 0.33241060
v 0.20365749 0.18790850 0.22179610
v 0.19647449 0.03654795 0.33241060
v 0.28498819 0.15107620 0.22082010
v 0.20365749 0.18790850 0.22179610
v 0.28498819 0.15107620 0.22082010
v 0.28194991 0.16552770 0.21135210
v 0.20365749 0.18790850 0.22179610
v 0.20345750 0.18882190 0.22111590
v 0.20299380 0.18808730 0.22186300
v 0.42706001 0.00833422 0.18566079
v 0.42706001 0.00350046 0.18470150
v 0.22839309 0.00479996 -0.02491164
v 0.42706001 0.00833422 0.18566079
v 0.22839309 0.00479996 -0.02491164
v 0.42706001 0.01295047 0.18738590
v 0.42706001 0.01722866 0.18983211
v 0.24684730 0.18657529 0.06340754
v 0.42706001 0.02105700 0.19293520
v 0.42706001 0.01722866 0.18983211
v 0.42706001 0.01295047 0.18738590
v 0.24682960 0.18473940 0.06211942
v 0.24611120 0.18608350 0.06211942
v 0.24682960 0.18473940 0.06211942
v 0.24586210 0.18426670 0.06098556
v 0.24611120 0.18608350 0.06211942
v 0.24586210 0.18426670 0.06098556
v 0.24442901 0.18649690 0.06101089
v 0.24611120 0.18608350 0.06211942
v 0.24442901 0.18649690 0.06101089
v 0.24514429 0.18726170 0.06211942
v 0.24611120 0.18608350 0.06211942
v 0.24514429 0.18726170 0.06211942
v 0.24684730 0.18657529 0.06340754
v 0.22582400 0.17122220 0.03982526
v 0.22458580 0.17328820 0.03976356
v 0.24586210 0.18426670 0.06098556
v 0.22582400 0.17122220 0.03982526
v 0.24586210 0.18426670 0.06098556
v 0.21047170 0.03140002 -0.02988123
v 0.22582400 0.17122220 0.03982526
v 0.21047170 0.03140002 -0.02988123
v 0.22458580 0.17328820 0.03976356
v 0.03733903 0.06378370 -0.09899997
v 0.03575736 0.06399995 -0.09899997
v 0.03588587 0.12680000 -0.06497144
v 0.03733903 0.06378370 -0.09899997
v 0.03588587 0.12680000 -0.06497144
v 0.03833413 0.06338328 -0.09899997
v 0.03733903 0.06378370 -0.09899997
v 0.03833413 0.06338328 -0.09899997
v 0.00699997 -0.04850000 -0.10100000
v 0.03733903 0.06378370 -0.09899997
v 0.00699997 -0.04850000 -0.10100000
v 0.03575736 0.06399995 -0.09899997
v 0.09911489 0.05755996 -0.07936954
v 0.08959895 0.05755996 -0.08303940
v 0.09894323 0.05906099 -0.07894796
v 0.09911489 0.05755996 -0.07936954
v 0.10848810 0.05755996 -0.07534921
v 0.10117000 0.05599999 -0.07868951
v 0.09911489 0.05755996 -0.07936954
v 0.09894323 0.05906099 -0.07894796
v 0.10848810 0.05755996 -0.07534921
v 0.22252780 0.17482691 0.03965383
v 0.22156809 0.17442469 0.03896874
v 0.22093850 0.17637180 0.04057800
v 0.22252780 0.17482691 0.03965383
v 0.22304980 0.17510679 0.04013442
v 0.22392830 0.17294089 0.03915470
v 0.22252780 0.17482691 0.03965383
v 0.22271870 0.17244031 0.03828787
v 0.22156809 0.17442469 0.03896874
v 0.22252780 0.17482691 0.03965383
v 0.22392830 0.17294089 0.03915470
v 0.22271870 0.17244031 0.03828787
v 0.24295540 0.18812411 0.06143718
v 0.24396621 0.18822861 0.06211942
v 0.24442901 0.18649690 0.06101089
v 0.24295540 0.18812411 0.06143718
v 0.24442901 0.18649690 0.06101089
v 0.22304980 0.17510679 0.04013442
v -0.03667622 0.15850000 -0.01610493
v -0.03737556 0.15850000 -0.01441663
v 0.14937660 0.21294869 0.10461710
v -0.03667622 0.15850000 -0.01610493
v 0.14937660 0.21294869 0.10461710
v -0.03556382 0.15850000 -0.01755470
v -0.03667622 0.15850000 -0.01610493
v -0.03556382 0.15850000 -0.01755470
v -0.06511408 0.12680000 -0.03597140
v -0.03667622 0.15850000 -0.01610493
v -0.06511408 0.12680000 -0.03597140
v -0.03737556 0.15850000 -0.01441663
v 0.19934700 0.19948100 0.20737830
v 0.14726010 0.20995490 0.12451900
v -0.03556382 0.15850000 0.01761180
v 0.19934700 0.19948100 0.20737830
v 0.20057569 0.20028371 0.20672970
v 0.14726010 0.20995490 0.12451900
v 0.14975549 0.21113180 0.12299370
v 0.15189610 0.21320120 0.10748660
v 0.14935270 0.21288130 0.10739230
v 0.14975549 0.21113180 0.12299370
v 0.15156470 0.21132299 0.12278300
v 0.15189610 0.21320120 0.10748660
v 0.14975549 0.21113180 0.12299370
v 0.14934839 0.21091589 0.12371330
v 0.20219930 0.20097101 0.20574760
v 0.14975549 0.21113180 0.12299370
v 0.20219930 0.20097101 0.20574760
v 0.15156470 0.21132299 0.12278300
v 0.20072401 0.20037439 0.20661250
v 0.14934839 0.21091589 0.12371330
v 0.14726010 0.20995490 0.12451900
v 0.20072401 0.20037439 0.20661250
v 0.14726010 0.20995490 0.12451900
v 0.20057569 0.20028371 0.20672970
v 0.14800569 0.21062140 0.12315760
v 0.14935270 0.21288130 0.10739230
v -0.03737556 0.15850000 0.01447379
v 0.14800569 0.21062140 0.12315760
v 0.14975549 0.21113180 0.12299370
v 0.14935270 0.21288130 0.10739230
v 0.14800569 0.21062140 0.12315760
v 0.14934839 0.21091589 0.12371330
v 0.14975549 0.21113180 0.12299370
v 0.14800569 0.21062140 0.12315760
v -0.03737556 0.15850000 0.01447379
v -0.03667622 0.15850000 0.01616203
v 0.14800569 0.21062140 0.12315760
v -0.03667622 0.15850000 0.01616203
v 0.14726010 0.20995490 0.12451900
v 0.14800569 0.21062140 0.12315760
v 0.14726010 0.20995490 0.12451900
v 0.14934839 0.21091589 0.12371330
v 0.42706001 0.02433562 0.19661450
v 0.42706001 0.02105700 0.19293520
v 0.24684730 0.18657529 0.06340754
v 0.24740741 0.18694960 0.06481790
v 0.42706001 0.02433562 0.19661450
v 0.24684730 0.18657529 0.06340754
v 0.24740741 0.18694960 0.06481790
v 0.42706001 0.02697890 0.20077370
v 0.42706001 0.02433562 0.19661450
v 0.24772771 0.20863840 0.10193660
v 0.42706001 0.02697890 0.20077370
v 0.24764180 0.20827369 0.10092500
v 0.24772771 0.20863840 0.10193660
v 0.42706001 0.02891784 0.20530429
v 0.42706001 0.02697890 0.20077370
v 0.24772771 0.20863840 0.10193660
v 0.24786940 0.20886859 0.10298710
v 0.42706001 0.02891784 0.20530429
v 0.42706001 0.03010183 0.21008800
v 0.24667010 0.21077910 0.10538010
v 0.26702559 0.20114779 0.17531189
v 0.26712510 0.20115291 0.17636751
v 0.42706001 0.03049999 0.21500000
v 0.42706001 0.03010183 0.21008800
v 0.26712510 0.20115291 0.17636751
v 0.42706001 0.03024023 0.21897189
v 0.42706001 0.03049999 0.21500000
v 0.26712510 0.20115291 0.17636751
v 0.42706001 0.03010183 0.21008800
v 0.26702559 0.20114779 0.17531189
v 0.22130480 0.17657270 0.04091614
v 0.22093850 0.17637180 0.04057800
v 0.01433116 0.15850000 -0.03723287
v 0.22130480 0.17657270 0.04091614
v 0.01433116 0.15850000 -0.03723287
v 0.24119090 0.18951550 0.06228238
v 0.22130480 0.17657270 0.04091614
v 0.22252780 0.17482691 0.03965383
v 0.22093850 0.17637180 0.04057800
v 0.22130480 0.17657270 0.04091614
v 0.22304980 0.17510679 0.04013442
v 0.22252780 0.17482691 0.03965383
v 0.23967040 0.21214300 0.09985071
v 0.01251941 0.15850000 -0.03747141
v 0.15193090 0.21222360 0.10004650
v 0.23967040 0.21214300 0.09985071
v 0.15193090 0.21222360 0.10004650
v 0.23973849 0.21283130 0.10188780
v 0.23967040 0.21214300 0.09985071
v 0.23964749 0.21117049 0.09793299
v 0.01433116 0.15850000 -0.03723287
v 0.23967040 0.21214300 0.09985071
v 0.01433116 0.15850000 -0.03723287
v 0.01251941 0.15850000 -0.03747141
v 0.24509390 0.18895370 0.06409043
v 0.24409381 0.21027660 0.09847009
v 0.24602181 0.20920341 0.09911495
v 0.24262200 0.18894701 0.06211942
v 0.24119090 0.18951550 0.06228238
v 0.24155560 0.19017909 0.06335413
v 0.24262200 0.18894701 0.06211942
v 0.22130480 0.17657270 0.04091614
v 0.24119090 0.18951550 0.06228238
v 0.24262200 0.18894701 0.06211942
v 0.24339360 0.18971241 0.06363457
v 0.24396621 0.18822861 0.06211942
v 0.24262200 0.18894701 0.06211942
v 0.24396621 0.18822861 0.06211942
v 0.24295540 0.18812411 0.06143718
v 0.24262200 0.18894701 0.06211942
v 0.24295540 0.18812411 0.06143718
v 0.22304980 0.17510679 0.04013442
v 0.24262200 0.18894701 0.06211942
v 0.22304980 0.17510679 0.04013442
v 0.22130480 0.17657270 0.04091614
v 0.24296080 0.18976490 0.06340754
v 0.24193101 0.21094400 0.09806907
v 0.24409381 0.21027660 0.09847009
v 0.24296080 0.18976490 0.06340754
v 0.24409381 0.21027660 0.09847009
v 0.24339360 0.18971241 0.06363457
v 0.24296080 0.18976490 0.06340754
v 0.24155560 0.19017909 0.06335413
v 0.24193101 0.21094400 0.09806907
v 0.24296080 0.18976490 0.06340754
v 0.24262200 0.18894701 0.06211942
v 0.24155560 0.19017909 0.06335413
v 0.24296080 0.18976490 0.06340754
v 0.24339360 0.18971241 0.06363457
v 0.24262200 0.18894701 0.06211942
v 0.24203880 0.21249470 0.10167580
v 0.23967040 0.21214300 0.09985071
v 0.23973849 0.21283130 0.10188780
v 0.24203880 0.21249470 0.10167580
v 0.23973849 0.21283130 0.10188780
v 0.24217230 0.21289250 0.10360490
v 0.24195790 0.21184090 0.09981912
v 0.24203880 0.21249470 0.10167580
v 0.24421421 0.21164881 0.10161220
v 0.24195790 0.21184090 0.09981912
v 0.23967040 0.21214300 0.09985071
v 0.24203880 0.21249470 0.10167580
v 0.24195790 0.21184090 0.09981912
v 0.24193101 0.21094400 0.09806907
v 0.23964749 0.21117049 0.09793299
v 0.24195790 0.21184090 0.09981912
v 0.23964749 0.21117049 0.09793299
v 0.23967040 0.21214300 0.09985071
v 0.24456900 0.21217041 0.10500970
v 0.24217230 0.21289250 0.10360490
v 0.24235620 0.21302649 0.10557290
v 0.24412400 0.21106410 0.09999591
v 0.24195790 0.21184090 0.09981912
v 0.24421421 0.21164881 0.10161220
v 0.24412400 0.21106410 0.09999591
v 0.24409381 0.21027660 0.09847009
v 0.24193101 0.21094400 0.09806907
v 0.24412400 0.21106410 0.09999591
v 0.24193101 0.21094400 0.09806907
v 0.24195790 0.21184090 0.09981912
v 0.24614561 0.21033961 0.10170090
v 0.24412400 0.21106410 0.09999591
v 0.24421421 0.21164881 0.10161220
v 0.24614561 0.21033961 0.10170090
v 0.24786940 0.20886859 0.10298710
v 0.24772771 0.20863840 0.10193660
v 0.00000000 0.06099998 -0.09899997
v -0.04605722 0.06399995 -0.08949702
v 0.00026947 0.06205207 -0.09899997
v 0.00000000 0.06099998 -0.09899997
v 0.00026947 0.06205207 -0.09899997
v -0.00699997 -0.04850000 -0.10100000
v 0.00000000 0.06099998 -0.09899997
v -0.00699997 -0.04850000 -0.10100000
v -0.04605722 0.06399995 -0.08949702
v 0.00200486 0.06354880 -0.09899997
v -0.04605722 0.06399995 -0.08949702
v -0.03611403 0.12680000 -0.06497144
v -0.08899998 0.06147199 0.04549419
v -0.08899998 0.06285822 0.04290086
v -0.09349995 -0.03079789 0.03599995
v -0.08899998 0.06147199 0.04549419
v -0.09349995 -0.03079789 0.03599995
v -0.08899998 0.05960661 0.04776722
v -0.08899998 0.06147199 0.04549419
v -0.08899998 0.05960661 0.04776722
v -0.06511408 0.12680000 0.03602856
v -0.08899998 0.06147199 0.04549419
v -0.06511408 0.12680000 0.03602856
v -0.08899998 0.06285822 0.04290086
v 0.13313000 -0.09292918 0.27840671
v 0.13339999 -0.09266060 0.27879861
v 0.12863000 -0.09292918 0.27840671
v 0.13313000 -0.09292918 0.27840671
v 0.12863000 -0.09292918 0.27840671
v 0.19659699 -0.09491890 0.27538741
v 0.13313000 -0.09292918 0.27840671
v 0.19659699 -0.09491890 0.27538741
v 0.19659699 -0.09117734 0.28090101
v 0.13313000 -0.09292918 0.27840671
v 0.19659699 -0.09117734 0.28090101
v 0.13339999 -0.09266060 0.27879861
v 0.13339999 -0.08088189 0.29319441
v 0.19659699 -0.08274888 0.29121599
v 0.19659699 -0.07809150 0.29598120
v 0.13339999 -0.08088189 0.29319441
v 0.19659699 -0.07809150 0.29598120
v 0.12863000 -0.07431930 0.29945639
v 0.13339999 -0.08088189 0.29319441
v 0.12863000 -0.07431930 0.29945639
v 0.12863000 -0.08110171 0.29296640
v 0.20008950 -0.08195739 0.29114431
v 0.20008950 -0.08634161 0.28613430
v 0.42706001 -0.02433556 0.23338550
v 0.20008950 -0.08195739 0.29114431
v 0.42706001 -0.02433556 0.23338550
v 0.42706001 -0.02105695 0.23706470
v 0.20008950 -0.08195739 0.29114431
v 0.19837140 -0.08230203 0.29146531
v 0.19837140 -0.08670479 0.28643420
v 0.20008950 -0.08195739 0.29114431
v 0.19837140 -0.08670479 0.28643420
v 0.20008950 -0.08634161 0.28613430
v 0.20008950 -0.08195739 0.29114431
v 0.42706001 -0.02105695 0.23706470
v 0.20008950 -0.07728290 0.29588461
v 0.20008950 -0.08195739 0.29114431
v 0.20008950 -0.07728290 0.29588461
v 0.19837140 -0.08230203 0.29146531
v 0.13313000 -0.08731943 0.28593349
v 0.19659699 -0.08711588 0.28618330
v 0.12863000 -0.08731943 0.28593349
v 0.13313000 -0.08731943 0.28593349
v 0.12863000 -0.08731943 0.28593349
v 0.19659699 -0.09117734 0.28090101
v 0.13313000 -0.08731943 0.28593349
v 0.19659699 -0.09117734 0.28090101
v 0.19659699 -0.08711588 0.28618330
v 0.01920419 -0.24016660 0.01200532
v 0.01335656 -0.24142270 0.01432478
v 0.01340514 -0.24165431 0.01198464
v 0.01920419 -0.24016660 0.01200532
v 0.01914381 -0.23993251 0.01434451
v 0.01335656 -0.24142270 0.01432478
v 0.01920419 -0.24016660 0.01200532
v 0.02627885 -0.23787330 0.01202458
v 0.01914381 -0.23993251 0.01434451
v 0.12863000 0.08110177 0.29296640
v 0.12863000 0.08731949 0.28593349
v -0.06511408 0.12680000 0.03602856
v 0.12863000 0.08110177 0.29296640
v -0.06511408 0.12680000 0.03602856
v 0.12863000 0.07431936 0.29945639
v 0.19815890 0.18864040 0.22120319
v 0.12863000 0.07431936 0.29945639
v 0.12863000 0.03650492 0.33250001
v 0.19815890 0.18864040 0.22120319
v 0.12863000 0.03650492 0.33250001
v 0.20025800 0.18861860 0.22169811
v 0.20536290 0.19950640 0.20910621
v 0.20594350 0.19933060 0.20916080
v 0.26175651 0.20264730 0.18214850
v 0.20536290 0.19950640 0.20910621
v 0.20516521 0.19860239 0.21029960
v 0.20594350 0.19933060 0.20916080
v 0.20536290 0.19950640 0.20910621
v 0.20372470 0.19889081 0.21013311
v 0.20516521 0.19860239 0.21029960
v 0.26030919 0.20422000 0.17935100
v 0.25953779 0.20456789 0.17779970
v 0.20449620 0.20090340 0.20636339
v 0.26030919 0.20422000 0.17935100
v 0.20449620 0.20090340 0.20636339
v 0.26114291 0.20386890 0.18008730
v 0.26124340 0.20446840 0.17731650
v 0.24011950 0.21320120 0.10748660
v 0.25953779 0.20456789 0.17779970
v 0.20372470 0.20082089 0.20673010
v 0.20372470 0.20125110 0.20481201
v 0.20219930 0.20097101 0.20574760
v 0.20372470 0.20082089 0.20673010
v 0.20449620 0.20090340 0.20636339
v 0.20372470 0.20125110 0.20481201
v 0.20372470 0.20082089 0.20673010
v 0.20524350 0.20025641 0.20782819
v 0.20449620 0.20090340 0.20636339
v 0.26286811 0.20392130 0.17825760
v 0.26289520 0.20405909 0.17681000
v 0.26124340 0.20446840 0.17731650
v 0.26270139 0.20345689 0.18008730
v 0.26286811 0.20392130 0.17825760
v 0.26114291 0.20386890 0.18008730
v 0.26270139 0.20345689 0.18008730
v 0.26416621 0.20278379 0.18008730
v 0.26286811 0.20392130 0.17825760
v 0.26105660 0.20357320 0.18081591
v 0.26114291 0.20386890 0.18008730
v 0.20524350 0.20025641 0.20782819
v 0.26105660 0.20357320 0.18081591
v 0.26270139 0.20345689 0.18008730
v 0.26114291 0.20386890 0.18008730
v 0.26105660 0.20357320 0.18081591
v 0.20536290 0.19950640 0.20910621
v 0.26175651 0.20264730 0.18214850
v 0.26105660 0.20357320 0.18081591
v 0.20524350 0.20025641 0.20782819
v 0.20536290 0.19950640 0.20910621
v 0.20657420 0.19815490 0.21031950
v 0.26175651 0.20264730 0.18214850
v 0.20594350 0.19933060 0.20916080
v 0.20657420 0.19815490 0.21031950
v 0.20594350 0.19933060 0.20916080
v 0.20516521 0.19860239 0.21029960
v 0.20657420 0.19815490 0.21031950
v 0.20279101 0.18909539 0.22108220
v 0.20345750 0.18882190 0.22111590
v 0.20657420 0.19815490 0.21031950
v 0.20516521 0.19860239 0.21029960
v 0.20279101 0.18909539 0.22108220
v 0.26583269 0.20237219 0.17579170
v 0.26702559 0.20114779 0.17531189
v 0.24667010 0.21077910 0.10538010
v 0.26583269 0.20237219 0.17579170
v 0.24667010 0.21077910 0.10538010
v 0.26447880 0.20333371 0.17636751
v 0.26583269 0.20237219 0.17579170
v 0.26712510 0.20115291 0.17636751
v 0.26702559 0.20114779 0.17531189
v 0.42706001 -0.02302426 0.19499670
v 0.42706001 -0.02594524 0.19896591
v 0.28783810 -0.08707624 0.05220288
v 0.42706001 -0.02302426 0.19499670
v 0.28783810 -0.08707624 0.05220288
v 0.42706001 -0.01950222 0.19154979
v 0.42706001 -0.01547104 0.18871510
v 0.42706001 -0.01950222 0.19154979
v 0.28783810 -0.08707624 0.05220288
v 0.42706001 -0.01547104 0.18871510
v 0.28783810 -0.08707624 0.05220288
v 0.42706001 -0.01103591 0.18656661
v 0.05994397 -0.06155997 -0.09043866
v 0.06998854 -0.06155997 -0.08856528
v 0.06989747 -0.06306099 -0.08811932
v 0.05994397 -0.06155997 -0.09043866
v 0.06989747 -0.06306099 -0.08811932
v 0.05986815 -0.06306099 -0.08998978
v 0.05994397 -0.06155997 -0.09043866
v 0.05986815 -0.06306099 -0.08998978
v 0.00699997 -0.05849999 -0.10100000
v 0.05994397 -0.06155997 -0.09043866
v 0.00699997 -0.05849999 -0.10100000
v 0.06998854 -0.06155997 -0.08856528
v 0.01828867 -0.23681401 0.00350672
v 0.01266783 -0.23823790 0.00349265
v 0.01781475 -0.23506550 0.00200725
v 0.02453762 -0.23291031 0.00201398
v 0.01828867 -0.23681401 0.00350672
v 0.01781475 -0.23506550 0.00200725
v 0.02453762 -0.23291031 0.00201398
v 0.02513271 -0.23461680 0.00351804
v 0.01828867 -0.23681401 0.00350672
v 0.02453762 -0.23291031 0.00201398
v 0.01781475 -0.23506550 0.00200725
v 0.06974959 -0.06444430 -0.08739489
v 0.02453762 -0.23291031 0.00201398
v 0.06974959 -0.06444430 -0.08739489
v 0.07981193 -0.06326049 -0.08583080
v 0.02562040 -0.23601210 0.00534683
v 0.03179788 -0.23197140 0.00352740
v 0.03237092 -0.23332819 0.00535983
v 0.02562040 -0.23601210 0.00534683
v 0.02513271 -0.23461680 0.00351804
v 0.03179788 -0.23197140 0.00352740
v 0.01298075 -0.23969200 0.00531465
v 0.00719291 -0.23988090 0.00400263
v 0.01266783 -0.23823790 0.00349265
v 0.01298075 -0.23969200 0.00531465
v 0.00747830 -0.24149930 0.00638342
v 0.00719291 -0.23988090 0.00400263
v 0.01298075 -0.23969200 0.00531465
v 0.01321357 -0.24077199 0.00739110
v 0.00747830 -0.24149930 0.00638342
v 0.01298075 -0.23969200 0.00531465
v 0.01266783 -0.23823790 0.00349265
v 0.01828867 -0.23681401 0.00350672
v 0.09176224 0.05599999 -0.08240455
v 0.10117000 0.05599999 -0.07868951
v 0.09595948 0.00000000 -0.08079648
v 0.09176224 0.05599999 -0.08240455
v 0.08222419 0.05599999 -0.08577114
v 0.08959895 0.05755996 -0.08303940
v 0.09176224 0.05599999 -0.08240455
v 0.09911489 0.05755996 -0.07936954
v 0.10117000 0.05599999 -0.07868951
v 0.09176224 0.05599999 -0.08240455
v 0.08959895 0.05755996 -0.08303940
v 0.09911489 0.05755996 -0.07936954
v 0.09176224 0.05599999 -0.08240455
v 0.09595948 0.00000000 -0.08079648
v 0.09176224 -0.06000000 -0.08240455
v 0.09176224 0.05599999 -0.08240455
v 0.09176224 -0.06000000 -0.08240455
v 0.08222419 -0.06000000 -0.08577114
v 0.09176224 0.05599999 -0.08240455
v 0.08222419 -0.06000000 -0.08577114
v 0.08222419 0.05599999 -0.08577114
v 0.11770570 -0.06155997 -0.07098382
v 0.22736740 -0.03319996 -0.02551585
v 0.22728500 -0.03434997 -0.02521890
v 0.11717450 -0.06444430 -0.06991392
v 0.05594110 -0.21639040 0.00213390
v 0.10799700 -0.06444430 -0.07426029
v 0.07455539 -0.20491000 0.00402093
v 0.08029156 -0.20034920 0.00421834
v 0.28662401 -0.08799815 0.05160146
v 0.07455539 -0.20491000 0.00402093
v 0.28662401 -0.08799815 0.05160146
v 0.06875687 -0.20938019 0.00386584
v 0.07455539 -0.20491000 0.00402093
v 0.13501440 -0.06444430 -0.06021511
v 0.08029156 -0.20034920 0.00421834
v 0.07455539 -0.20491000 0.00402093
v 0.06875687 -0.20938019 0.00386584
v 0.12618440 -0.06444430 -0.06523007
v 0.07455539 -0.20491000 0.00402093
v 0.12618440 -0.06444430 -0.06523007
v 0.13501440 -0.06444430 -0.06021511
v 0.06958824 -0.21055590 0.00572175
v 0.06875687 -0.20938019 0.00386584
v 0.28662401 -0.08799815 0.05160146
v 0.06958824 -0.21055590 0.00572175
v 0.28662401 -0.08799815 0.05160146
v 0.06369578 -0.21491461 0.00559986
v 0.06958824 -0.21055590 0.00572175
v 0.06369578 -0.21491461 0.00559986
v 0.06875687 -0.20938019 0.00386584
v 0.12653761 -0.06306099 -0.06587958
v 0.13501440 -0.06444430 -0.06021511
v 0.12618440 -0.06444430 -0.06523007
v 0.12653761 -0.06306099 -0.06587958
v 0.12618440 -0.06444430 -0.06523007
v 0.11717450 -0.06444430 -0.06991392
v 0.09911489 -0.06155997 -0.07936954
v 0.08959895 -0.06155997 -0.08303940
v 0.09176224 -0.06000000 -0.08240455
v 0.09911489 -0.06155997 -0.07936954
v 0.09176224 -0.06000000 -0.08240455
v 0.10117000 -0.06000000 -0.07868951
v 0.09911489 -0.06155997 -0.07936954
v 0.09894323 -0.06306099 -0.07894796
v 0.08959895 -0.06155997 -0.08303940
v 0.08944308 -0.06306099 -0.08261173
v 0.08959895 -0.06155997 -0.08303940
v 0.09894323 -0.06306099 -0.07894796
v 0.08944308 -0.06306099 -0.08261173
v 0.08918988 -0.06444430 -0.08191710
v 0.07981193 -0.06326049 -0.08583080
v 0.08944308 -0.06306099 -0.08261173
v 0.07981193 -0.06326049 -0.08583080
v 0.08959895 -0.06155997 -0.08303940
v 0.04991298 -0.22030710 0.00207937
v 0.04377293 -0.22396161 0.00204563
v 0.08918988 -0.06444430 -0.08191710
v 0.04991298 -0.22030710 0.00207937
v 0.10799700 -0.06444430 -0.07426029
v 0.05594110 -0.21639040 0.00213390
v 0.05770206 -0.21910590 0.00550973
v 0.06369578 -0.21491461 0.00559986
v 0.28662401 -0.08799815 0.05160146
v 0.05770206 -0.21910590 0.00550973
v 0.28662401 -0.08799815 0.05160146
v 0.05827510 -0.22000299 0.00760442
v 0.05770206 -0.21910590 0.00550973
v 0.05827510 -0.22000299 0.00760442
v 0.05213952 -0.22400570 0.00753796
v 0.04616963 -0.22832690 0.00975204
v 0.05213952 -0.22400570 0.00753796
v 0.05246478 -0.22455750 0.00979882
v 0.04616963 -0.22832690 0.00975204
v 0.05246478 -0.22455750 0.00979882
v 0.42706001 -0.03024023 0.21102799
v 0.42706001 -0.02946543 0.20712370
v 0.42706001 -0.03024023 0.21102799
v 0.28662401 -0.08799815 0.05160146
v 0.42706001 -0.02946543 0.20712370
v 0.28662401 -0.08799815 0.05160146
v 0.42706001 -0.02818882 0.20335360
v 0.02620464 -0.23767211 0.00968307
v 0.02627885 -0.23787330 0.01202458
v 0.01920419 -0.24016660 0.01200532
v 0.42706001 -0.03049999 0.21500000
v 0.42706001 -0.03024023 0.21102799
v 0.42706001 -0.02946543 0.20712370
v 0.42706001 -0.03049999 0.21500000
v 0.42706001 -0.02891778 0.22469570
v 0.42706001 -0.03010183 0.21991190
v 0.42706001 -0.03049999 0.21500000
v 0.42706001 -0.02697890 0.22922631
v 0.42706001 -0.02891778 0.22469570
v 0.42706001 -0.03049999 0.21500000
v 0.42706001 -0.02433556 0.23338550
v 0.42706001 -0.02697890 0.22922631
v 0.42706001 -0.03049999 0.21500000
v 0.42706001 -0.02105695 0.23706470
v 0.42706001 -0.02433556 0.23338550
v 0.42706001 -0.03049999 0.21500000
v 0.42706001 -0.01722860 0.24016790
v 0.42706001 -0.02105695 0.23706470
v 0.42706001 -0.03049999 0.21500000
v 0.42706001 -0.01295047 0.24261400
v 0.42706001 -0.01722860 0.24016790
v 0.42706001 -0.03049999 0.21500000
v 0.42706001 -0.00833422 0.24433920
v 0.42706001 -0.01295047 0.24261400
v 0.42706001 -0.03049999 0.21500000
v 0.42706001 -0.00350040 0.24529850
v 0.42706001 -0.00833422 0.24433920
v 0.42706001 -0.03049999 0.21500000
v 0.42706001 0.00142473 0.24546669
v 0.42706001 -0.00350040 0.24529850
v 0.42706001 -0.03049999 0.21500000
v 0.42706001 0.00631279 0.24483959
v 0.42706001 0.00142473 0.24546669
v 0.42706001 -0.03049999 0.21500000
v 0.42706001 0.01103597 0.24343340
v 0.42706001 0.00631279 0.24483959
v 0.42706001 -0.03049999 0.21500000
v 0.42706001 0.01547110 0.24128491
v 0.42706001 0.01103597 0.24343340
v 0.42706001 -0.03049999 0.21500000
v 0.42706001 0.01950228 0.23845020
v 0.42706001 0.01547110 0.24128491
v 0.42706001 -0.03049999 0.21500000
v 0.42706001 0.02302432 0.23500320
v 0.42706001 0.01950228 0.23845020
v 0.42706001 -0.03049999 0.21500000
v 0.42706001 0.02594524 0.23103410
v 0.42706001 0.02302432 0.23500320
v 0.42706001 -0.03049999 0.21500000
v 0.42706001 0.02818888 0.22664639
v 0.42706001 0.02594524 0.23103410
v 0.42706001 -0.03049999 0.21500000
v 0.42706001 0.02946549 0.22287630
v 0.42706001 0.02818888 0.22664639
v 0.42706001 -0.03049999 0.21500000
v 0.42706001 0.03024023 0.21897189
v 0.42706001 0.02946549 0.22287630
v 0.42706001 -0.03049999 0.21500000
v 0.42706001 0.03049999 0.21500000
v 0.42706001 0.03024023 0.21897189
v 0.42706001 -0.03049999 0.21500000
v 0.42706001 0.03010183 0.21008800
v 0.42706001 0.03049999 0.21500000
v 0.42706001 -0.03049999 0.21500000
v 0.42706001 0.02891784 0.20530429
v 0.42706001 0.03010183 0.21008800
v 0.42706001 -0.03049999 0.21500000
v 0.42706001 0.02697890 0.20077370
v 0.42706001 0.02891784 0.20530429
v 0.42706001 -0.03049999 0.21500000
v 0.42706001 0.02433562 0.19661450
v 0.42706001 0.02697890 0.20077370
v 0.42706001 -0.03049999 0.21500000
v 0.42706001 0.02105700 0.19293520
v 0.42706001 0.02433562 0.19661450
v 0.42706001 -0.03049999 0.21500000
v 0.42706001 0.01722866 0.18983211
v 0.42706001 0.02105700 0.19293520
v 0.42706001 -0.03049999 0.21500000
v 0.42706001 0.01295047 0.18738590
v 0.42706001 0.01722866 0.18983211
v 0.42706001 -0.03049999 0.21500000
v 0.42706001 0.00833422 0.18566079
v 0.42706001 0.01295047 0.18738590
v 0.42706001 -0.03049999 0.21500000
v 0.42706001 0.00350046 0.18470150
v 0.42706001 0.00833422 0.18566079
v 0.42706001 -0.03049999 0.21500000
v 0.42706001 -0.00142473 0.18453319
v 0.42706001 0.00350046 0.18470150
v 0.42706001 -0.03049999 0.21500000
v 0.42706001 -0.00631273 0.18516040
v 0.42706001 -0.00142473 0.18453319
v 0.42706001 -0.03049999 0.21500000
v 0.42706001 -0.01103591 0.18656661
v 0.42706001 -0.00631273 0.18516040
v 0.42706001 -0.03049999 0.21500000
v 0.42706001 -0.01547104 0.18871510
v 0.42706001 -0.01103591 0.18656661
v 0.42706001 -0.03049999 0.21500000
v 0.42706001 -0.01950222 0.19154979
v 0.42706001 -0.01547104 0.18871510
v 0.42706001 -0.03049999 0.21500000
v 0.42706001 -0.02302426 0.19499670
v 0.42706001 -0.01950222 0.19154979
v 0.42706001 -0.03049999 0.21500000
v 0.42706001 -0.02594524 0.19896591
v 0.42706001 -0.02302426 0.19499670
v 0.42706001 -0.03049999 0.21500000
v 0.42706001 -0.02946543 0.20712370
v 0.42706001 -0.02818882 0.20335360
v 0.42706001 -0.03049999 0.21500000
v 0.42706001 -0.02818882 0.20335360
v 0.42706001 -0.02594524 0.19896591
v 0.03313779 -0.23512790 0.01204180
v 0.02620142 -0.23763759 0.01436275
v 0.02627885 -0.23787330 0.01202458
v 0.26630771 0.20113330 0.18005040
v 0.26549381 0.20186950 0.18008730
v 0.42706001 0.02818888 0.22664639
v 0.26630771 0.20113330 0.18005040
v 0.42706001 0.02818888 0.22664639
v 0.26580760 0.20225009 0.17825760
v 0.26630771 0.20113330 0.18005040
v 0.26580760 0.20225009 0.17825760
v 0.26549381 0.20186950 0.18008730
v 0.26440999 0.20321269 0.17825760
v 0.26549381 0.20186950 0.18008730
v 0.26580760 0.20225009 0.17825760
v 0.26440999 0.20321269 0.17825760
v 0.26416621 0.20278379 0.18008730
v 0.26549381 0.20186950 0.18008730
v 0.26440999 0.20321269 0.17825760
v 0.26286811 0.20392130 0.17825760
v 0.26416621 0.20278379 0.18008730
v 0.26440999 0.20321269 0.17825760
v 0.26447880 0.20333371 0.17636751
v 0.26289520 0.20405909 0.17681000
v 0.26440999 0.20321269 0.17825760
v 0.26289520 0.20405909 0.17681000
v 0.26286811 0.20392130 0.17825760
v 0.26515391 0.20144850 0.18128601
v 0.28570059 0.16515510 0.20924860
v 0.42706001 0.02594524 0.23103410
v 0.26515391 0.20144850 0.18128601
v 0.42706001 0.02594524 0.23103410
v 0.26549381 0.20186950 0.18008730
v 0.26515391 0.20144850 0.18128601
v 0.26549381 0.20186950 0.18008730
v 0.26416621 0.20278379 0.18008730
v 0.26515391 0.20144850 0.18128601
v 0.28466719 0.16555300 0.20984180
v 0.28570059 0.16515510 0.20924860
v 0.26515391 0.20144850 0.18128601
v 0.26383409 0.20156240 0.18238240
v 0.28466719 0.16555300 0.20984180
v 0.28307429 0.16608380 0.21040420
v 0.28208140 0.16630690 0.21066770
v 0.28317490 0.16503739 0.21125230
v 0.28307429 0.16608380 0.21040420
v 0.28317490 0.16503739 0.21125230
v 0.28466719 0.16555300 0.20984180
v 0.28307429 0.16608380 0.21040420
v 0.28466719 0.16555300 0.20984180
v 0.26383409 0.20156240 0.18238240
v 0.28253010 0.16526660 0.21133670
v 0.28194991 0.16552770 0.21135210
v 0.28498819 0.15107620 0.22082010
v 0.28253010 0.16526660 0.21133670
v 0.28498819 0.15107620 0.22082010
v 0.28317490 0.16503739 0.21125230
v 0.28253010 0.16526660 0.21133670
v 0.28317490 0.16503739 0.21125230
v 0.28208140 0.16630690 0.21066770
v 0.28253010 0.16526660 0.21133670
v 0.28208140 0.16630690 0.21066770
v 0.28194991 0.16552770 0.21135210
v 0.20378900 0.18868770 0.22111180
v 0.20365749 0.18790850 0.22179610
v 0.28194991 0.16552770 0.21135210
v 0.20378900 0.18868770 0.22111180
v 0.28194991 0.16552770 0.21135210
v 0.28208140 0.16630690 0.21066770
v 0.20378900 0.18868770 0.22111180
v 0.20345750 0.18882190 0.22111590
v 0.20365749 0.18790850 0.22179610
v 0.20378900 0.18868770 0.22111180
v 0.20657420 0.19815490 0.21031950
v 0.20345750 0.18882190 0.22111590
v 0.24764749 0.18507820 0.06340754
v 0.42706001 0.01722866 0.18983211
v 0.24682960 0.18473940 0.06211942
v 0.24764749 0.18507820 0.06340754
v 0.24684730 0.18657529 0.06340754
v 0.42706001 0.01722866 0.18983211
v 0.24764749 0.18507820 0.06340754
v 0.24611120 0.18608350 0.06211942
v 0.24684730 0.18657529 0.06340754
v 0.24764749 0.18507820 0.06340754
v 0.24682960 0.18473940 0.06211942
v 0.24611120 0.18608350 0.06211942
v 0.19950040 0.19892910 0.20852721
v 0.19934700 0.19948100 0.20737830
v -0.03556382 0.15850000 0.01761180
v 0.19950040 0.19892910 0.20852721
v -0.03556382 0.15850000 0.01761180
v 0.19811369 0.19832011 0.20802000
v 0.20212790 0.20068590 0.20672970
v 0.20219930 0.20097101 0.20574760
v 0.14934839 0.21091589 0.12371330
v 0.20212790 0.20068590 0.20672970
v 0.14934839 0.21091589 0.12371330
v 0.20072401 0.20037439 0.20661250
v 0.20212790 0.20068590 0.20672970
v 0.20372470 0.20082089 0.20673010
v 0.20219930 0.20097101 0.20574760
v 0.20212790 0.20068590 0.20672970
v 0.20072401 0.20037439 0.20661250
v 0.20057569 0.20028371 0.20672970
v 0.26701939 0.20106220 0.17825760
v 0.26580760 0.20225009 0.17825760
v 0.42706001 0.02946549 0.22287630
v 0.26701939 0.20106220 0.17825760
v 0.42706001 0.02946549 0.22287630
v 0.42706001 0.03024023 0.21897189
v 0.26701939 0.20106220 0.17825760
v 0.42706001 0.03024023 0.21897189
v 0.26712510 0.20115291 0.17636751
v 0.24761280 0.20778130 0.09996944
v 0.24764180 0.20827369 0.10092500
v 0.42706001 0.02697890 0.20077370
v 0.24761280 0.20778130 0.09996944
v 0.42706001 0.02697890 0.20077370
v 0.24740741 0.18694960 0.06481790
v 0.24761280 0.20778130 0.09996944
v 0.24602181 0.20920341 0.09911495
v 0.24764180 0.20827369 0.10092500
v 0.24806470 0.20895970 0.10405880
v 0.42706001 0.03010183 0.21008800
v 0.42706001 0.02891784 0.20530429
v 0.24806470 0.20895970 0.10405880
v 0.42706001 0.02891784 0.20530429
v 0.24786940 0.20886859 0.10298710
v 0.24445800 0.18896461 0.06340754
v 0.24339360 0.18971241 0.06363457
v 0.24409381 0.21027660 0.09847009
v 0.24445800 0.18896461 0.06340754
v 0.24409381 0.21027660 0.09847009
v 0.24509390 0.18895370 0.06409043
v 0.24445800 0.18896461 0.06340754
v 0.24396621 0.18822861 0.06211942
v 0.24339360 0.18971241 0.06363457
v 0.24659410 0.18793079 0.06470501
v 0.24740741 0.18694960 0.06481790
v 0.24684730 0.18657529 0.06340754
v 0.24659410 0.18793079 0.06470501
v 0.24509390 0.18895370 0.06409043
v 0.24602181 0.20920341 0.09911495
v 0.24659410 0.18793079 0.06470501
v 0.24761280 0.20778130 0.09996944
v 0.24740741 0.18694960 0.06481790
v 0.24659410 0.18793079 0.06470501
v 0.24602181 0.20920341 0.09911495
v 0.24761280 0.20778130 0.09996944
v 0.24436329 0.21201991 0.10329230
v 0.24203880 0.21249470 0.10167580
v 0.24217230 0.21289250 0.10360490
v 0.24436329 0.21201991 0.10329230
v 0.24421421 0.21164881 0.10161220
v 0.24203880 0.21249470 0.10167580
v 0.24436329 0.21201991 0.10329230
v 0.24217230 0.21289250 0.10360490
v 0.24456900 0.21217041 0.10500970
v 0.24472460 0.21215031 0.10608580
v 0.26447880 0.20333371 0.17636751
v 0.24667010 0.21077910 0.10538010
v 0.24472460 0.21215031 0.10608580
v 0.24667010 0.21077910 0.10538010
v 0.24456900 0.21217041 0.10500970
v 0.24472460 0.21215031 0.10608580
v 0.24456900 0.21217041 0.10500970
v 0.24235620 0.21302649 0.10557290
v 0.24605291 0.20985350 0.10037120
v 0.24602181 0.20920341 0.09911495
v 0.24409381 0.21027660 0.09847009
v 0.24605291 0.20985350 0.10037120
v 0.24409381 0.21027660 0.09847009
v 0.24412400 0.21106410 0.09999591
v 0.24605291 0.20985350 0.10037120
v 0.24412400 0.21106410 0.09999591
v 0.24614561 0.21033961 0.10170090
v 0.24605291 0.20985350 0.10037120
v 0.24764180 0.20827369 0.10092500
v 0.24602181 0.20920341 0.09911495
v 0.24605291 0.20985350 0.10037120
v 0.24614561 0.21033961 0.10170090
v 0.24772771 0.20863840 0.10193660
v 0.24605291 0.20985350 0.10037120
v 0.24772771 0.20863840 0.10193660
v 0.24764180 0.20827369 0.10092500
v 0.00128937 0.06315386 -0.09899997
v -0.04605722 0.06399995 -0.08949702
v 0.00200486 0.06354880 -0.09899997
v 0.00128937 0.06315386 -0.09899997
v 0.00200486 0.06354880 -0.09899997
v -0.00699997 -0.04850000 -0.10100000
v 0.00299954 0.06386834 -0.09899997
v 0.00424260 0.06399995 -0.09899997
v -0.00699997 -0.04850000 -0.10100000
v 0.00299954 0.06386834 -0.09899997
v -0.00699997 -0.04850000 -0.10100000
v 0.00200486 0.06354880 -0.09899997
v 0.00299954 0.06386834 -0.09899997
v 0.00200486 0.06354880 -0.09899997
v -0.03611403 0.12680000 -0.06497144
v 0.00299954 0.06386834 -0.09899997
v -0.03611403 0.12680000 -0.06497144
v 0.00424260 0.06399995 -0.09899997
v 0.13313000 -0.08110171 0.29296640
v 0.13339999 -0.08088189 0.29319441
v 0.12863000 -0.08110171 0.29296640
v 0.13313000 -0.08110171 0.29296640
v 0.12863000 -0.08110171 0.29296640
v 0.19659699 -0.08274888 0.29121599
v 0.13313000 -0.08110171 0.29296640
v 0.19659699 -0.08274888 0.29121599
v 0.13339999 -0.08088189 0.29319441
v 0.01914399 -0.23995429 0.00966400
v 0.01920419 -0.24016660 0.01200532
v 0.01340514 -0.24165431 0.01198464
v 0.01914399 -0.23995429 0.00966400
v 0.01340514 -0.24165431 0.01198464
v 0.01335662 -0.24143361 0.00964350
v 0.01914399 -0.23995429 0.00966400
v 0.02620464 -0.23767211 0.00968307
v 0.01920419 -0.24016660 0.01200532
v 0.01914399 -0.23995429 0.00966400
v 0.01335662 -0.24143361 0.00964350
v 0.01896631 -0.23930641 0.00741035
v 0.19675390 0.18971249 0.21945751
v 0.19509940 0.18929321 0.21846220
v 0.12863000 0.08731949 0.28593349
v 0.19675390 0.18971249 0.21945751
v 0.12863000 0.08731949 0.28593349
v 0.12863000 0.08110177 0.29296640
v 0.19857100 0.18985561 0.22022919
v 0.12863000 0.08110177 0.29296640
v 0.12863000 0.07431936 0.29945639
v 0.19857100 0.18985561 0.22022919
v 0.12863000 0.07431936 0.29945639
v 0.19815890 0.18864040 0.22120319
v 0.19857100 0.18985561 0.22022919
v 0.19675390 0.18971249 0.21945751
v 0.12863000 0.08110177 0.29296640
v 0.19857100 0.18985561 0.22022919
v 0.19815890 0.18864040 0.22120319
v 0.20025800 0.18861860 0.22169811
v 0.19857100 0.18985561 0.22022919
v 0.20025800 0.18861860 0.22169811
v 0.20064680 0.18967371 0.22079530
v 0.20372470 0.20002399 0.20852689
v 0.20536290 0.19950640 0.20910621
v 0.20524350 0.20025641 0.20782819
v 0.20372470 0.20002399 0.20852689
v 0.20372470 0.19889081 0.21013311
v 0.20536290 0.19950640 0.20910621
v 0.20372470 0.20002399 0.20852689
v 0.20524350 0.20025641 0.20782819
v 0.20372470 0.20082089 0.20673010
v 0.20372470 0.20002399 0.20852689
v 0.20212790 0.20068590 0.20672970
v 0.20226189 0.19989990 0.20852721
v 0.20372470 0.20002399 0.20852689
v 0.20372470 0.20082089 0.20673010
v 0.20212790 0.20068590 0.20672970
v 0.24249519 0.21297470 0.10680270
v 0.24235620 0.21302649 0.10557290
v 0.24011950 0.21320120 0.10748660
v 0.24249519 0.21297470 0.10680270
v 0.24011950 0.21320120 0.10748660
v 0.26124340 0.20446840 0.17731650
v 0.24249519 0.21297470 0.10680270
v 0.26124340 0.20446840 0.17731650
v 0.26289520 0.20405909 0.17681000
v 0.24249519 0.21297470 0.10680270
v 0.24472460 0.21215031 0.10608580
v 0.24235620 0.21302649 0.10557290
v 0.24249519 0.21297470 0.10680270
v 0.26289520 0.20405909 0.17681000
v 0.24472460 0.21215031 0.10608580
v 0.26122740 0.20435500 0.17825760
v 0.26124340 0.20446840 0.17731650
v 0.25953779 0.20456789 0.17779970
v 0.26122740 0.20435500 0.17825760
v 0.25953779 0.20456789 0.17779970
v 0.26030919 0.20422000 0.17935100
v 0.26122740 0.20435500 0.17825760
v 0.26286811 0.20392130 0.17825760
v 0.26124340 0.20446840 0.17731650
v 0.26122740 0.20435500 0.17825760
v 0.26030919 0.20422000 0.17935100
v 0.26114291 0.20386890 0.18008730
v 0.26122740 0.20435500 0.17825760
v 0.26114291 0.20386890 0.18008730
v 0.26286811 0.20392130 0.17825760
v 0.26242110 0.20267610 0.18179131
v 0.26105660 0.20357320 0.18081591
v 0.26175651 0.20264730 0.18214850
v 0.26242110 0.20267610 0.18179131
v 0.26270139 0.20345689 0.18008730
v 0.26105660 0.20357320 0.18081591
v 0.26242110 0.20267610 0.18179131
v 0.26416621 0.20278379 0.18008730
v 0.26270139 0.20345689 0.18008730
v 0.26238719 0.20147160 0.18330720
v 0.26175651 0.20264730 0.18214850
v 0.20657420 0.19815490 0.21031950
v 0.26238719 0.20147160 0.18330720
v 0.26242110 0.20267610 0.18179131
v 0.26175651 0.20264730 0.18214850
v 0.26238719 0.20147160 0.18330720
v 0.26383409 0.20156240 0.18238240
v 0.26242110 0.20267610 0.18179131
v 0.26238719 0.20147160 0.18330720
v 0.20378900 0.18868770 0.22111180
v 0.28208140 0.16630690 0.21066770
v 0.26238719 0.20147160 0.18330720
v 0.20657420 0.19815490 0.21031950
v 0.20378900 0.18868770 0.22111180
v 0.26238719 0.20147160 0.18330720
v 0.28307429 0.16608380 0.21040420
v 0.26383409 0.20156240 0.18238240
v 0.26238719 0.20147160 0.18330720
v 0.28208140 0.16630690 0.21066770
v 0.28307429 0.16608380 0.21040420
v 0.26589620 0.20235769 0.17636751
v 0.26583269 0.20237219 0.17579170
v 0.26447880 0.20333371 0.17636751
v 0.26589620 0.20235769 0.17636751
v 0.26440999 0.20321269 0.17825760
v 0.26580760 0.20225009 0.17825760
v 0.26589620 0.20235769 0.17636751
v 0.26447880 0.20333371 0.17636751
v 0.26440999 0.20321269 0.17825760
v 0.26589620 0.20235769 0.17636751
v 0.26712510 0.20115291 0.17636751
v 0.26583269 0.20237219 0.17579170
v 0.26589620 0.20235769 0.17636751
v 0.26701939 0.20106220 0.17825760
v 0.26712510 0.20115291 0.17636751
v 0.26589620 0.20235769 0.17636751
v 0.26580760 0.20225009 0.17825760
v 0.26701939 0.20106220 0.17825760
v 0.03109741 -0.23030990 0.00201875
v 0.02453762 -0.23291031 0.00201398
v 0.07981193 -0.06326049 -0.08583080
v 0.03109741 -0.23030990 0.00201875
v 0.07981193 -0.06326049 -0.08583080
v 0.03750544 -0.22731130 0.00202739
v 0.03109741 -0.23030990 0.00201875
v 0.03750544 -0.22731130 0.00202739
v 0.03179788 -0.23197140 0.00352740
v 0.03109741 -0.23030990 0.00201875
v 0.03179788 -0.23197140 0.00352740
v 0.02513271 -0.23461680 0.00351804
v 0.03109741 -0.23030990 0.00201875
v 0.02513271 -0.23461680 0.00351804
v 0.02453762 -0.23291031 0.00201398
v 0.01867729 -0.23824520 0.00533175
v 0.01828867 -0.23681401 0.00350672
v 0.02513271 -0.23461680 0.00351804
v 0.01867729 -0.23824520 0.00533175
v 0.02513271 -0.23461680 0.00351804
v 0.02562040 -0.23601210 0.00534683
v 0.01867729 -0.23824520 0.00533175
v 0.01298075 -0.23969200 0.00531465
v 0.01828867 -0.23681401 0.00350672
v 0.01867729 -0.23824520 0.00533175
v 0.02562040 -0.23601210 0.00534683
v 0.01896631 -0.23930641 0.00741035
v 0.01867729 -0.23824520 0.00533175
v 0.01896631 -0.23930641 0.00741035
v 0.01321357 -0.24077199 0.00739110
v 0.01867729 -0.23824520 0.00533175
v 0.01321357 -0.24077199 0.00739110
v 0.01298075 -0.23969200 0.00531465
v 0.10848810 -0.06155997 -0.07534921
v 0.22736740 -0.03319996 -0.02551585
v 0.11770570 -0.06155997 -0.07098382
v 0.10848810 -0.06155997 -0.07534921
v 0.09911489 -0.06155997 -0.07936954
v 0.10117000 -0.06000000 -0.07868951
v 0.10848810 -0.06155997 -0.07534921
v 0.09894323 -0.06306099 -0.07894796
v 0.09911489 -0.06155997 -0.07936954
v 0.06187236 -0.21225341 0.00221485
v 0.05594110 -0.21639040 0.00213390
v 0.11717450 -0.06444430 -0.06991392
v 0.06187236 -0.21225341 0.00221485
v 0.11717450 -0.06444430 -0.06991392
v 0.12618440 -0.06444430 -0.06523007
v 0.06187236 -0.21225341 0.00221485
v 0.05691438 -0.21788681 0.00366193
v 0.05594110 -0.21639040 0.00213390
v 0.06288176 -0.21371980 0.00374800
v 0.06875687 -0.20938019 0.00386584
v 0.06369578 -0.21491461 0.00559986
v 0.06288176 -0.21371980 0.00374800
v 0.05691438 -0.21788681 0.00366193
v 0.06187236 -0.21225341 0.00221485
v 0.06288176 -0.21371980 0.00374800
v 0.05770206 -0.21910590 0.00550973
v 0.05691438 -0.21788681 0.00366193
v 0.06288176 -0.21371980 0.00374800
v 0.06369578 -0.21491461 0.00559986
v 0.05770206 -0.21910590 0.00550973
v 0.13539140 -0.06306099 -0.06085109
v 0.12653761 -0.06306099 -0.06587958
v 0.22728500 -0.03434997 -0.02521890
v 0.13539140 -0.06306099 -0.06085109
v 0.22728500 -0.03434997 -0.02521890
v 0.13501440 -0.06444430 -0.06021511
v 0.13539140 -0.06306099 -0.06085109
v 0.13501440 -0.06444430 -0.06021511
v 0.12653761 -0.06306099 -0.06587958
v 0.11750320 -0.06306099 -0.07057613
v 0.11770570 -0.06155997 -0.07098382
v 0.22728500 -0.03434997 -0.02521890
v 0.11750320 -0.06306099 -0.07057613
v 0.22728500 -0.03434997 -0.02521890
v 0.12653761 -0.06306099 -0.06587958
v 0.11750320 -0.06306099 -0.07057613
v 0.12653761 -0.06306099 -0.06587958
v 0.11717450 -0.06444430 -0.06991392
v 0.11750320 -0.06306099 -0.07057613
v 0.10848810 -0.06155997 -0.07534921
v 0.11770570 -0.06155997 -0.07098382
v 0.11750320 -0.06306099 -0.07057613
v 0.11717450 -0.06444430 -0.06991392
v 0.10799700 -0.06444430 -0.07426029
v 0.09866446 -0.06444430 -0.07826322
v 0.08944308 -0.06306099 -0.08261173
v 0.09894323 -0.06306099 -0.07894796
v 0.09866446 -0.06444430 -0.07826322
v 0.08918988 -0.06444430 -0.08191710
v 0.08944308 -0.06306099 -0.08261173
v 0.09866446 -0.06444430 -0.07826322
v 0.04991298 -0.22030710 0.00207937
v 0.08918988 -0.06444430 -0.08191710
v 0.09866446 -0.06444430 -0.07826322
v 0.09894323 -0.06306099 -0.07894796
v 0.10799700 -0.06444430 -0.07426029
v 0.09866446 -0.06444430 -0.07826322
v 0.10799700 -0.06444430 -0.07426029
v 0.04991298 -0.22030710 0.00207937
v 0.04463797 -0.22553340 0.00356370
v 0.04377293 -0.22396161 0.00204563
v 0.04991298 -0.22030710 0.00207937
v 0.05083853 -0.22183880 0.00360232
v 0.04991298 -0.22030710 0.00207937
v 0.05594110 -0.21639040 0.00213390
v 0.05083853 -0.22183880 0.00360232
v 0.05594110 -0.21639040 0.00213390
v 0.05691438 -0.21788681 0.00366193
v 0.05083853 -0.22183880 0.00360232
v 0.04463797 -0.22553340 0.00356370
v 0.04991298 -0.22030710 0.00207937
v 0.05083853 -0.22183880 0.00360232
v 0.04534226 -0.22681490 0.00540358
v 0.04463797 -0.22553340 0.00356370
v 0.04585987 -0.22775890 0.00749266
v 0.05213952 -0.22400570 0.00753796
v 0.04616963 -0.22832690 0.00975204
v 0.04585987 -0.22775890 0.00749266
v 0.04616963 -0.22832690 0.00975204
v 0.03970468 -0.23180421 0.00972110
v 0.04585987 -0.22775890 0.00749266
v 0.03970468 -0.23180421 0.00972110
v 0.03941696 -0.23121759 0.00746316
v 0.04585987 -0.22775890 0.00749266
v 0.03941696 -0.23121759 0.00746316
v 0.04534226 -0.22681490 0.00540358
v 0.03305399 -0.23493730 0.00970006
v 0.03941696 -0.23121759 0.00746316
v 0.03970468 -0.23180421 0.00972110
v 0.03305399 -0.23493730 0.00970006
v 0.03970468 -0.23180421 0.00972110
v 0.03313779 -0.23512790 0.01204180
v 0.03305399 -0.23493730 0.00970006
v 0.03313779 -0.23512790 0.01204180
v 0.02627885 -0.23787330 0.01202458
v 0.03305399 -0.23493730 0.00970006
v 0.02627885 -0.23787330 0.01202458
v 0.02620464 -0.23767211 0.00968307
v 0.02598267 -0.23704450 0.00742799
v 0.01896631 -0.23930641 0.00741035
v 0.02562040 -0.23601210 0.00534683
v 0.02598267 -0.23704450 0.00742799
v 0.01914399 -0.23995429 0.00966400
v 0.01896631 -0.23930641 0.00741035
v 0.02598267 -0.23704450 0.00742799
v 0.02620464 -0.23767211 0.00968307
v 0.01914399 -0.23995429 0.00966400
v 0.02598267 -0.23704450 0.00742799
v 0.02562040 -0.23601210 0.00534683
v 0.03237092 -0.23332819 0.00535983
v 0.03894084 -0.23024540 0.00537676
v 0.04534226 -0.22681490 0.00540358
v 0.03941696 -0.23121759 0.00746316
v 0.03894084 -0.23024540 0.00537676
v 0.04463797 -0.22553340 0.00356370
v 0.04534226 -0.22681490 0.00540358
v 0.05158996 -0.22308700 0.00544608
v 0.05770206 -0.21910590 0.00550973
v 0.05213952 -0.22400570 0.00753796
v 0.05158996 -0.22308700 0.00544608
v 0.04534226 -0.22681490 0.00540358
v 0.05083853 -0.22183880 0.00360232
v 0.05158996 -0.22308700 0.00544608
v 0.04585987 -0.22775890 0.00749266
v 0.04534226 -0.22681490 0.00540358
v 0.05158996 -0.22308700 0.00544608
v 0.05213952 -0.22400570 0.00753796
v 0.04585987 -0.22775890 0.00749266
v 0.05158996 -0.22308700 0.00544608
v 0.05083853 -0.22183880 0.00360232
v 0.05691438 -0.21788681 0.00366193
v 0.05158996 -0.22308700 0.00544608
v 0.05691438 -0.21788681 0.00366193
v 0.05770206 -0.21910590 0.00550973
v 0.04626101 -0.22849940 0.01209414
v 0.04616963 -0.22832690 0.00975204
v 0.42706001 -0.03024023 0.21102799
v 0.04626101 -0.22849940 0.01209414
v 0.42706001 -0.03024023 0.21102799
v 0.42706001 -0.03049999 0.21500000
v 0.03304255 -0.23489220 0.01437890
v 0.03313779 -0.23512790 0.01204180
v 0.42706001 -0.03010183 0.21991190
v 0.03304255 -0.23489220 0.01437890
v 0.42706001 -0.03010183 0.21991190
v 0.02620142 -0.23763759 0.01436275
v 0.03304255 -0.23489220 0.01437890
v 0.02620142 -0.23763759 0.01436275
v 0.03313779 -0.23512790 0.01204180
v 0.03979414 -0.23198500 0.01206296
v 0.42706001 -0.03049999 0.21500000
v 0.42706001 -0.03010183 0.21991190
v 0.03979414 -0.23198500 0.01206296
v 0.42706001 -0.03010183 0.21991190
v 0.03313779 -0.23512790 0.01204180
v 0.03979414 -0.23198500 0.01206296
v 0.04626101 -0.22849940 0.01209414
v 0.42706001 -0.03049999 0.21500000
v 0.03979414 -0.23198500 0.01206296
v 0.03313779 -0.23512790 0.01204180
v 0.03970468 -0.23180421 0.00972110
v 0.03979414 -0.23198500 0.01206296
v 0.03970468 -0.23180421 0.00972110
v 0.04616963 -0.22832690 0.00975204
v 0.03979414 -0.23198500 0.01206296
v 0.04616963 -0.22832690 0.00975204
v 0.04626101 -0.22849940 0.01209414
v 0.26375619 0.20206261 0.18179131
v 0.26515391 0.20144850 0.18128601
v 0.26416621 0.20278379 0.18008730
v 0.26375619 0.20206261 0.18179131
v 0.26383409 0.20156240 0.18238240
v 0.26515391 0.20144850 0.18128601
v 0.26375619 0.20206261 0.18179131
v 0.26242110 0.20267610 0.18179131
v 0.26383409 0.20156240 0.18238240
v 0.26375619 0.20206261 0.18179131
v 0.26416621 0.20278379 0.18008730
v 0.26242110 0.20267610 0.18179131
v 0.19939770 0.19872640 0.20874180
v 0.19950040 0.19892910 0.20852721
v 0.19811369 0.19832011 0.20802000
v 0.19939770 0.19872640 0.20874180
v 0.19811369 0.19832011 0.20802000
v 0.19509940 0.18929321 0.21846220
v 0.19939770 0.19872640 0.20874180
v 0.19509940 0.18929321 0.21846220
v 0.19675390 0.18971249 0.21945751
v 0.20084010 0.19953150 0.20852721
v 0.20212790 0.20068590 0.20672970
v 0.20057569 0.20028371 0.20672970
v 0.20084010 0.19953150 0.20852721
v 0.20226189 0.19989990 0.20852721
v 0.20212790 0.20068590 0.20672970
v 0.20084010 0.19953150 0.20852721
v 0.20057569 0.20028371 0.20672970
v 0.19934700 0.19948100 0.20737830
v 0.20084010 0.19953150 0.20852721
v 0.19934700 0.19948100 0.20737830
v 0.19950040 0.19892910 0.20852721
v 0.24821191 0.20894530 0.10472920
v 0.24667010 0.21077910 0.10538010
v 0.42706001 0.03010183 0.21008800
v 0.24821191 0.20894530 0.10472920
v 0.42706001 0.03010183 0.21008800
v 0.24806470 0.20895970 0.10405880
v 0.24629880 0.21065280 0.10308240
v 0.24806470 0.20895970 0.10405880
v 0.24786940 0.20886859 0.10298710
v 0.24629880 0.21065280 0.10308240
v 0.24786940 0.20886859 0.10298710
v 0.24614561 0.21033961 0.10170090
v 0.24629880 0.21065280 0.10308240
v 0.24614561 0.21033961 0.10170090
v 0.24421421 0.21164881 0.10161220
v 0.24629880 0.21065280 0.10308240
v 0.24421421 0.21164881 0.10161220
v 0.24436329 0.21201991 0.10329230
v 0.24577031 0.18788759 0.06340754
v 0.24445800 0.18896461 0.06340754
v 0.24509390 0.18895370 0.06409043
v 0.24577031 0.18788759 0.06340754
v 0.24509390 0.18895370 0.06409043
v 0.24659410 0.18793079 0.06470501
v 0.24577031 0.18788759 0.06340754
v 0.24514429 0.18726170 0.06211942
v 0.24396621 0.18822861 0.06211942
v 0.24577031 0.18788759 0.06340754
v 0.24396621 0.18822861 0.06211942
v 0.24445800 0.18896461 0.06340754
v 0.24577031 0.18788759 0.06340754
v 0.24659410 0.18793079 0.06470501
v 0.24684730 0.18657529 0.06340754
v 0.24577031 0.18788759 0.06340754
v 0.24684730 0.18657529 0.06340754
v 0.24514429 0.18726170 0.06211942
v 0.26444119 0.20335300 0.17629640
v 0.24472460 0.21215031 0.10608580
v 0.26289520 0.20405909 0.17681000
v 0.26444119 0.20335300 0.17629640
v 0.26289520 0.20405909 0.17681000
v 0.26447880 0.20333371 0.17636751
v 0.26444119 0.20335300 0.17629640
v 0.26447880 0.20333371 0.17636751
v 0.24472460 0.21215031 0.10608580
v 0.00067165 0.06261986 -0.09899997
v 0.00026947 0.06205207 -0.09899997
v -0.04605722 0.06399995 -0.08949702
v 0.00067165 0.06261986 -0.09899997
v -0.04605722 0.06399995 -0.08949702
v 0.00128937 0.06315386 -0.09899997
v 0.00067165 0.06261986 -0.09899997
v 0.00128937 0.06315386 -0.09899997
v -0.00699997 -0.04850000 -0.10100000
v 0.00067165 0.06261986 -0.09899997
v -0.00699997 -0.04850000 -0.10100000
v 0.00026947 0.06205207 -0.09899997
v 0.20223629 0.19901510 0.20981090
v 0.19857100 0.18985561 0.22022919
v 0.20064680 0.18967371 0.22079530
v 0.20223629 0.19901510 0.20981090
v 0.20064680 0.18967371 0.22079530
v 0.20372470 0.19889081 0.21013311
v 0.20223629 0.19901510 0.20981090
v 0.20372470 0.20002399 0.20852689
v 0.20226189 0.19989990 0.20852721
v 0.20223629 0.19901510 0.20981090
v 0.20372470 0.19889081 0.21013311
v 0.20372470 0.20002399 0.20852689
v 0.11043480 -0.06000000 -0.07463103
v 0.10848810 -0.06155997 -0.07534921
v 0.10117000 -0.06000000 -0.07868951
v 0.11043480 -0.06000000 -0.07463103
v 0.10117000 -0.06000000 -0.07868951
v 0.22736740 -0.03319996 -0.02551585
v 0.11043480 -0.06000000 -0.07463103
v 0.22736740 -0.03319996 -0.02551585
v 0.10848810 -0.06155997 -0.07534921
v 0.10830090 -0.06306099 -0.07493424
v 0.10799700 -0.06444430 -0.07426029
v 0.09894323 -0.06306099 -0.07894796
v 0.10830090 -0.06306099 -0.07493424
v 0.09894323 -0.06306099 -0.07894796
v 0.10848810 -0.06155997 -0.07534921
v 0.10830090 -0.06306099 -0.07493424
v 0.11750320 -0.06306099 -0.07057613
v 0.10799700 -0.06444430 -0.07426029
v 0.10830090 -0.06306099 -0.07493424
v 0.10848810 -0.06155997 -0.07534921
v 0.11750320 -0.06306099 -0.07057613
v 0.06772190 -0.20793781 0.00232762
v 0.06288176 -0.21371980 0.00374800
v 0.06187236 -0.21225341 0.00221485
v 0.06772190 -0.20793781 0.00232762
v 0.06187236 -0.21225341 0.00221485
v 0.12618440 -0.06444430 -0.06523007
v 0.06772190 -0.20793781 0.00232762
v 0.12618440 -0.06444430 -0.06523007
v 0.06875687 -0.20938019 0.00386584
v 0.06772190 -0.20793781 0.00232762
v 0.06875687 -0.20938019 0.00386584
v 0.06288176 -0.21371980 0.00374800
v 0.03829574 -0.22892700 0.00354069
v 0.03750544 -0.22731130 0.00202739
v 0.04377293 -0.22396161 0.00204563
v 0.03829574 -0.22892700 0.00354069
v 0.04377293 -0.22396161 0.00204563
v 0.04463797 -0.22553340 0.00356370
v 0.03829574 -0.22892700 0.00354069
v 0.03179788 -0.23197140 0.00352740
v 0.03750544 -0.22731130 0.00202739
v 0.03829574 -0.22892700 0.00354069
v 0.04463797 -0.22553340 0.00356370
v 0.03894084 -0.23024540 0.00537676
v 0.03829574 -0.22892700 0.00354069
v 0.03894084 -0.23024540 0.00537676
v 0.03237092 -0.23332819 0.00535983
v 0.03829574 -0.22892700 0.00354069
v 0.03237092 -0.23332819 0.00535983
v 0.03179788 -0.23197140 0.00352740
v 0.03279536 -0.23433051 0.00744361
v 0.03305399 -0.23493730 0.00970006
v 0.02620464 -0.23767211 0.00968307
v 0.03279536 -0.23433051 0.00744361
v 0.02620464 -0.23767211 0.00968307
v 0.02598267 -0.23704450 0.00742799
v 0.03279536 -0.23433051 0.00744361
v 0.03941696 -0.23121759 0.00746316
v 0.03305399 -0.23493730 0.00970006
v 0.03279536 -0.23433051 0.00744361
v 0.02598267 -0.23704450 0.00742799
v 0.03237092 -0.23332819 0.00535983
v 0.03279536 -0.23433051 0.00744361
v 0.03894084 -0.23024540 0.00537676
v 0.03941696 -0.23121759 0.00746316
v 0.03279536 -0.23433051 0.00744361
v 0.03237092 -0.23332819 0.00535983
v 0.03894084 -0.23024540 0.00537676
v 0.20078270 0.19895980 0.20934340
v 0.19675390 0.18971249 0.21945751
v 0.19857100 0.18985561 0.22022919
v 0.20078270 0.19895980 0.20934340
v 0.19939770 0.19872640 0.20874180
v 0.19675390 0.18971249 0.21945751
v 0.20078270 0.19895980 0.20934340
v 0.19857100 0.18985561 0.22022919
v 0.20223629 0.19901510 0.20981090
v 0.20078270 0.19895980 0.20934340
v 0.20084010 0.19953150 0.20852721
v 0.19950040 0.19892910 0.20852721
v 0.20078270 0.19895980 0.20934340
v 0.19950040 0.19892910 0.20852721
v 0.19939770 0.19872640 0.20874180
v 0.20078270 0.19895980 0.20934340
v 0.20223629 0.19901510 0.20981090
v 0.20226189 0.19989990 0.20852721
v 0.20078270 0.19895980 0.20934340
v 0.20226189 0.19989990 0.20852721
v 0.20084010 0.19953150 0.20852721
v 0.24651030 0.21078740 0.10449480
v 0.24821191 0.20894530 0.10472920
v 0.24806470 0.20895970 0.10405880
v 0.24651030 0.21078740 0.10449480
v 0.24667010 0.21077910 0.10538010
v 0.24821191 0.20894530 0.10472920
v 0.24651030 0.21078740 0.10449480
v 0.24806470 0.20895970 0.10405880
v 0.24629880 0.21065280 0.10308240
v 0.24651030 0.21078740 0.10449480
v 0.24456900 0.21217041 0.10500970
v 0.24667010 0.21077910 0.10538010
v 0.24651030 0.21078740 0.10449480
v 0.24629880 0.21065280 0.10308240
v 0.24436329 0.21201991 0.10329230
v 0.24651030 0.21078740 0.10449480
v 0.24436329 0.21201991 0.10329230
v 0.24456900 0.21217041 0.10500970
usemtl DefaultMaterial
f 1 2 3
f 4 5 6
f 7 8 9
f 10 11 12
f 13 14 15
f 16 17 18
f 19 20 21
f 22 23 24
f 25 26 27
f 28 29 30
f 31 32 33
f 34 35 36
f 37 38 39
f 40 41 42
f 43 44 45
f 46 47 48
f 49 50 51
f 52 53 54
f 55 56 57
f 58 59 60
f 61 62 63
f 64 65 66
f 67 68 69
f 70 71 72
f 73 74 75
f 76 77 78
f 79 80 81
f 82 83 84
f 85 86 87
f 88 89 90
f 91 92 93
f 94 95 96
f 97 98 99
f 100 101 102
f 103 104 105
f 106 107 108
f 109 110 111
f 112 113 114
f 115 116 117
f 118 119 120
f 121 122 123
f 124 125 126
f 127 128 129
f 130 131 132
f 133 134 135
f 136 137 138
f 139 140 141
f 142 143 144
f 145 146 147
f 148 149 150
f 151 152 153
f 154 155 156
f 157 158 159
f 160 161 162
f 163 164 165
f 166 167 168
f 169 170 171
f 172 173 174
f 175 176 177
f 178 179 180
f 181 182 183
f 184 185 186
f 187 188 189
f 190 191 192
f 193 194 195
f 196 197 198
f 199 200 201
f 202 203 204
f 205 206 207
f 208 209 210
f 211 212 213
f 214 215 216
f 217 218 219
f 220 221 222
f 223 224 225
f 226 227 228
f 229 230 231
f 232 233 234
f 235 236 237
f 238 239 240
f 241 242 243
f 244 245 246
f 247 248 249
f 250 251 252
f 253 254 255
f 256 257 258
f 259 260 261
f 262 263 264
f 265 266 267
f 268 269 270
f 271 272 273
f 274 275 276
f 277 278 279
f 280 281 282
f 283 284 285
f 286 287 288
f 289 290 291
f 292 293 294
f 295 296 297
f 298 299 300
f 301 302 303
f 304 305 306
f 307 308 309
f 310 311 312
f 313 314 315
f 316 317 318
f 319 320 321
f 322 323 324
f 325 326 327
f 328 329 330
f 331 332 333
f 334 335 336
f 337 338 339
f 340 341 342
f 343 344 345
f 346 347 348
f 349 350 351
f 352 353 354
f 355 356 357
f 358 359 360
f 361 362 363
f 364 365 366
f 367 368 369
f 370 371 372
f 373 374 375
f 376 377 378
f 379 380 381
f 382 383 384
f 385 386 387
f 388 389 390
f 391 392 393
f 394 395 396
f 397 398 399
f 400 401 402
f 403 404 405
f 406 407 408
f 409 410 411
f 412 413 414
f 415 416 417
f 418 419 420
f 421 422 423
f 424 425 426
f 427 428 429
f 430 431 432
f 433 434 435
f 436 437 438
f 439 440 441
f 442 443 444
f 445 446 447
f 448 449 450
f 451 452 453
f 454 455 456
f 457 458 459
f 460 461 462
f 463 464 465
f 466 467 468
f 469 470 471
f 472 473 474
f 475 476 477
f 478 479 480
f 481 482 483
f 484 485 486
f 487 488 489
f 490 491 492
f 493 494 495
f 496 497 498
f 499 500 501
f 502 503 504
f 505 506 507
f 508 509 510
f 511 512 513
f 514 515 516
f 517 518 519
f 520 521 522
f 523 524 525
f 526 527 528
f 529 530 531
f 532 533 534
f 535 536 537
f 538 539 540
f 541 542 543
f 544 545 546
f 547 548 549
f 550 551 552
f 553 554 555
f 556 557 558
f 559 560 561
f 562 563 564
f 565 566 567
f 568 569 570
f 571 572 573
f 574 575 576
f 577 578 579
f 580 581 582
f 583 584 585
f 586 587 588
f 589 590 591
f 592 593 594
f 595 596 597
f 598 599 600
f 601 602 603
f 604 605 606
f 607 608 609
f 610 611 612
f 613 614 615
f 616 617 618
f 619 620 621
f 622 623 624
f 625 626 627
f 628 629 630
f 631 632 633
f 634 635 636
f 637 638 639
f 640 641 642
f 643 644 645
f 646 647 648
f 649 650 651
f 652 653 654
f 655 656 657
f 658 659 660
f 661 662 663
f 664 665 666
f 667 668 669
f 670 671 672
f 673 674 675
f 676 677 678
f 679 680 681
f 682 683 684
f 685 686 687
f 688 689 690
f 691 692 693
f 694 695 696
f 697 698 699
f 700 701 702
f 703 704 705
f 706 707 708
f 709 710 711
f 712 713 714
f 715 716 717
f 718 719 720
f 721 722 723
f 724 725 726
f 727 728 729
f 730 731 732
f 733 734 735
f 736 737 738
f 739 740 741
f 742 743 744
f 745 746 747
f 748 749 750
f 751 752 753
f 754 755 756
f 757 758 759
f 760 761 762
f 763 764 765
f 766 767 768
f 769 770 771
f 772 773 774
f 775 776 777
f 778 779 780
f 781 782 783
f 784 785 786
f 787 788 789
f 790 791 792
f 793 794 795
f 796 797 798
f 799 800 801
f 802 803 804
f 805 806 807
f 808 809 810
f 811 812 813
f 814 815 816
f 817 818 819
f 820 821 822
f 823 824 825
f 826 827 828
f 829 830 831
f 832 833 834
f 835 836 837
f 838 839 840
f 841 842 843
f 844 845 846
f 847 848 849
f 850 851 852
f 853 854 855
f 856 857 858
f 859 860 861
f 862 863 864
f 865 866 867
f 868 869 870
f 871 872 873
f 874 875 876
f 877 878 879
f 880 881 882
f 883 884 885
f 886 887 888
f 889 890 891
f 892 893 894
f 895 896 897
f 898 899 900
f 901 902 903
f 904 905 906
f 907 908 909
f 910 911 912
f 913 914 915
f 916 917 918
f 919 920 921
f 922 923 924
f 925 926 927
f 928 929 930
f 931 932 933
f 934 935 936
f 937 938 939
f 940 941 942
f 943 944 945
f 946 947 948
f 949 950 951
f 952 953 954
f 955 956 957
f 958 959 960
f 961 962 963
f 964 965 966
f 967 968 969
f 970 971 972
f 973 974 975
f 976 977 978
f 979 980 981
f 982 983 984
f 985 986 987
f 988 989 990
f 991 992 993
f 994 995 996
f 997 998 999
f 1000 1001 1002
f 1003 1004 1005
f 1006 1007 1008
f 1009 1010 1011
f 1012 1013 1014
f 1015 1016 1017
f 1018 1019 1020
f 1021 1022 1023
f 1024 1025 1026
f 1027 1028 1029
f 1030 1031 1032
f 1033 1034 1035
f 1036 1037 1038
f 1039 1040 1041
f 1042 1043 1044
f 1045 1046 1047
f 1048 1049 1050
f 1051 1052 1053
f 1054 1055 1056
f 1057 1058 1059
f 1060 1061 1062
f 1063 1064 1065
f 1066 1067 1068
f 1069 1070 1071
f 1072 1073 1074
f 1075 1076 1077
f 1078 1079 1080
f 1081 1082 1083
f 1084 1085 1086
f 1087 1088 1089
f 1090 1091 1092
f 1093 1094 1095
f 1096 1097 1098
f 1099 1100 1101
f 1102 1103 1104
f 1105 1106 1107
f 1108 1109 1110
f 1111 1112 1113
f 1114 1115 1116
f 1117 1118 1119
f 1120 1121 1122
f 1123 1124 1125
f 1126 1127 1128
f 1129 1130 1131
f 1132 1133 1134
f 1135 1136 1137
f 1138 1139 1140
f 1141 1142 1143
f 1144 1145 1146
f 1147 1148 1149
f 1150 1151 1152
f 1153 1154 1155
f 1156 1157 1158
f 1159 1160 1161
f 1162 1163 1164
f 1165 1166 1167
f 1168 1169 1170
f 1171 1172 1173
f 1174 1175 1176
f 1177 1178 1179
f 1180 1181 1182
f 1183 1184 1185
f 1186 1187 1188
f 1189 1190 1191
f 1192 1193 1194
f 1195 1196 1197
f 1198 1199 1200
f 1201 1202 1203
f 1204 1205 1206
f 1207 1208 1209
f 1210 1211 1212
f 1213 1214 1215
f 1216 1217 1218
f 1219 1220 1221
f 1222 1223 1224
f 1225 1226 1227
f 1228 1229 1230
f 1231 1232 1233
f 1234 1235 1236
f 1237 1238 1239
f 1240 1241 1242
f 1243 1244 1245
f 1246 1247 1248
f 1249 1250 1251
f 1252 1253 1254
f 1255 1256 1257
f 1258 1259 1260
f 1261 1262 1263
f 1264 1265 1266
f 1267 1268 1269
f 1270 1271 1272
f 1273 1274 1275
f 1276 1277 1278
f 1279 1280 1281
f 1282 1283 1284
f 1285 1286 1287
f 1288 1289 1290
f 1291 1292 1293
f 1294 1295 1296
f 1297 1298 1299
f 1300 1301 1302
f 1303 1304 1305
f 1306 1307 1308
f 1309 1310 1311
f 1312 1313 1314
f 1315 1316 1317
f 1318 1319 1320
f 1321 1322 1323
f 1324 1325 1326
f 1327 1328 1329
f 1330 1331 1332
f 1333 1334 1335
f 1336 1337 1338
f 1339 1340 1341
f 1342 1343 1344
f 1345 1346 1347
f 1348 1349 1350
f 1351 1352 1353
f 1354 1355 1356
f 1357 1358 1359
f 1360 1361 1362
f 1363 1364 1365
f 1366 1367 1368
f 1369 1370 1371
f 1372 1373 1374
f 1375 1376 1377
f 1378 1379 1380
f 1381 1382 1383
f 1384 1385 1386
f 1387 1388 1389
f 1390 1391 1392
f 1393 1394 1395
f 1396 1397 1398
f 1399 1400 1401
f 1402 1403 1404
f 1405 1406 1407
f 1408 1409 1410
f 1411 1412 1413
f 1414 1415 1416
f 1417 1418 1419
f 1420 1421 1422
f 1423 1424 1425
f 1426 1427 1428
f 1429 1430 1431
f 1432 1433 1434
f 1435 1436 1437
f 1438 1439 1440
f 1441 1442 1443
f 1444 1445 1446
f 1447 1448 1449
f 1450 1451 1452
f 1453 1454 1455
f 1456 1457 1458
f 1459 1460 1461
f 1462 1463 1464
f 1465 1466 1467
f 1468 1469 1470
f 1471 1472 1473
f 1474 1475 1476
f 1477 1478 1479
f 1480 1481 1482
f 1483 1484 1485
f 1486 1487 1488
f 1489 1490 1491
f 1492 1493 1494
f 1495 1496 1497
f 1498 1499 1500
f 1501 1502 1503
f 1504 1505 1506
f 1507 1508 1509
f 1510 1511 1512
f 1513 1514 1515
f 1516 1517 1518
f 1519 1520 1521
f 1522 1523 1524
f 1525 1526 1527
f 1528 1529 1530
f 1531 1532 1533
f 1534 1535 1536
f 1537 1538 1539
f 1540 1541 1542
f 1543 1544 1545
f 1546 1547 1548
f 1549 1550 1551
f 1552 1553 1554
f 1555 1556 1557
f 1558 1559 1560
f 1561 1562 1563
f 1564 1565 1566
f 1567 1568 1569
f 1570 1571 1572
f 1573 1574 1575
f 1576 1577 1578
f 1579 1580 1581
f 1582 1583 1584
f 1585 1586 1587
f 1588 1589 1590
f 1591 1592 1593
f 1594 1595 1596
f 1597 1598 1599
f 1600 1601 1602
f 1603 1604 1605
f 1606 1607 1608
f 1609 1610 1611
f 1612 1613 1614
f 1615 1616 1617
f 1618 1619 1620
f 1621 1622 1623
f 1624 1625 1626
f 1627 1628 1629
f 1630 1631 1632
f 1633 1634 1635
f 1636 1637 1638
f 1639 1640 1641
f 1642 1643 1644
f 1645 1646 1647
f 1648 1649 1650
f 1651 1652 1653
f 1654 1655 1656
f 1657 1658 1659
f 1660 1661 1662
f 1663 1664 1665
f 1666 1667 1668
f 1669 1670 1671
f 1672 1673 1674
f 1675 1676 1677
f 1678 1679 1680
f 1681 1682 1683
f 1684 1685 1686
f 1687 1688 1689
f 1690 1691 1692
f 1693 1694 1695
f 1696 1697 1698
f 1699 1700 1701
f 1702 1703 1704
f 1705 1706 1707
f 1708 1709 1710
f 1711 1712 1713
f 1714 1715 1716
f 1717 1718 1719
f 1720 1721 1722
f 1723 1724 1725
f 1726 1727 1728
f 1729 1730 1731
f 1732 1733 1734
f 1735 1736 1737
f 1738 1739 1740
f 1741 1742 1743
f 1744 1745 1746
f 1747 1748 1749
f 1750 1751 1752
f 1753 1754 1755
f 1756 1757 1758
f 1759 1760 1761
f 1762 1763 1764
f 1765 1766 1767
f 1768 1769 1770
f 1771 1772 1773
f 1774 1775 1776
f 1777 1778 1779
f 1780 1781 1782
f 1783 1784 1785
f 1786 1787 1788
f 1789 1790 1791
f 1792 1793 1794
f 1795 1796 1797
f 1798 1799 1800
f 1801 1802 1803
f 1804 1805 1806
f 1807 1808 1809
f 1810 1811 1812
f 1813 1814 1815
f 1816 1817 1818
f 1819 1820 1821
f 1822 1823 1824
f 1825 1826 1827
f 1828 1829 1830
f 1831 1832 1833
f 1834 1835 1836
f 1837 1838 1839
f 1840 1841 1842
f 1843 1844 1845
f 1846 1847 1848
f 1849 1850 1851
f 1852 1853 1854
f 1855 1856 1857
f 1858 1859 1860
f 1861 1862 1863
f 1864 1865 1866
f 1867 1868 1869
f 1870 1871 1872
f 1873 1874 1875
f 1876 1877 1878
f 1879 1880 1881
f 1882 1883 1884
f 1885 1886 1887
f 1888 1889 1890
f 1891 1892 1893
f 1894 1895 1896
f 1897 1898 1899
f 1900 1901 1902
f 1903 1904 1905
f 1906 1907 1908
f 1909 1910 1911
f 1912 1913 1914
f 1915 1916 1917
f 1918 1919 1920
f 1921 1922 1923
f 1924 1925 1926
f 1927 1928 1929
f 1930 1931 1932
f 1933 1934 1935
f 1936 1937 1938
f 1939 1940 1941
f 1942 1943 1944
f 1945 1946 1947
f 1948 1949 1950
f 1951 1952 1953
f 1954 1955 1956
f 1957 1958 1959
f 1960 1961 1962
f 1963 1964 1965
f 1966 1967 1968
f 1969 1970 1971
f 1972 1973 1974
f 1975 1976 1977
f 1978 1979 1980
f 1981 1982 1983
f 1984 1985 1986
f 1987 1988 1989
f 1990 1991 1992
f 1993 1994 1995
f 1996 1997 1998
f 1999 2000 2001
f 2002 2003 2004
f 2005 2006 2007
f 2008 2009 2010
f 2011 2012 2013
f 2014 2015 2016
f 2017 2018 2019
f 2020 2021 2022
f 2023 2024 2025
f 2026 2027 2028
f 2029 2030 2031
f 2032 2033 2034
f 2035 2036 2037
f 2038 2039 2040
f 2041 2042 2043
f 2044 2045 2046
f 2047 2048 2049
f 2050 2051 2052
f 2053 2054 2055
f 2056 2057 2058
f 2059 2060 2061
f 2062 2063 2064
f 2065 2066 2067
f 2068 2069 2070
f 2071 2072 2073
f 2074 2075 2076
f 2077 2078 2079
f 2080 2081 2082
f 2083 2084 2085
f 2086 2087 2088
f 2089 2090 2091
f 2092 2093 2094
f 2095 2096 2097
f 2098 2099 2100
f 2101 2102 2103
f 2104 2105 2106
f 2107 2108 2109
f 2110 2111 2112
f 2113 2114 2115
f 2116 2117 2118
f 2119 2120 2121
f 2122 2123 2124
f 2125 2126 2127
f 2128 2129 2130
f 2131 2132 2133
f 2134 2135 2136
f 2137 2138 2139
f 2140 2141 2142
f 2143 2144 2145
f 2146 2147 2148
f 2149 2150 2151
f 2152 2153 2154
f 2155 2156 2157
f 2158 2159 2160
f 2161 2162 2163
f 2164 2165 2166
f 2167 2168 2169
f 2170 2171 2172
f 2173 2174 2175
f 2176 2177 2178
f 2179 2180 2181
f 2182 2183 2184
f 2185 2186 2187
f 2188 2189 2190
f 2191 2192 2193
f 2194 2195 2196
f 2197 2198 2199
f 2200 2201 2202
f 2203 2204 2205
f 2206 2207 2208
f 2209 2210 2211
f 2212 2213 2214
f 2215 2216 2217
f 2218 2219 2220
f 2221 2222 2223
f 2224 2225 2226
f 2227 2228 2229
f 2230 2231 2232
f 2233 2234 2235
f 2236 2237 2238
f 2239 2240 2241
f 2242 2243 2244
f 2245 2246 2247
f 2248 2249 2250
f 2251 2252 2253
f 2254 2255 2256
f 2257 2258 2259
f 2260 2261 2262
f 2263 2264 2265
f 2266 2267 2268
f 2269 2270 2271
f 2272 2273 2274
f 2275 2276 2277
f 2278 2279 2280
f 2281 2282 2283
f 2284 2285 2286
f 2287 2288 2289
f 2290 2291 2292
f 2293 2294 2295
f 2296 2297 2298
f 2299 2300 2301
f 2302 2303 2304
f 2305 2306 2307
f 2308 2309 2310
f 2311 2312 2313
f 2314 2315 2316
f 2317 2318 2319
f 2320 2321 2322
f 2323 2324 2325
f 2326 2327 2328
f 2329 2330 2331
f 2332 2333 2334
f 2335 2336 2337
f 2338 2339 2340
f 2341 2342 2343
f 2344 2345 2346
f 2347 2348 2349
f 2350 2351 2352
f 2353 2354 2355
f 2356 2357 2358
f 2359 2360 2361
f 2362 2363 2364
f 2365 2366 2367
f 2368 2369 2370
f 2371 2372 2373
f 2374 2375 2376
f 2377 2378 2379
f 2380 2381 2382
f 2383 2384 2385
f 2386 2387 2388
f 2389 2390 2391
f 2392 2393 2394
f 2395 2396 2397
f 2398 2399 2400
f 2401 2402 2403
f 2404 2405 2406
f 2407 2408 2409
f 2410 2411 2412
f 2413 2414 2415
f 2416 2417 2418
f 2419 2420 2421
f 2422 2423 2424
f 2425 2426 2427
f 2428 2429 2430
f 2431 2432 2433
f 2434 2435 2436
f 2437 2438 2439
f 2440 2441 2442
f 2443 2444 2445
f 2446 2447 2448
f 2449 2450 2451
f 2452 2453 2454
f 2455 2456 2457
f 2458 2459 2460
f 2461 2462 2463
f 2464 2465 2466
f 2467 2468 2469
f 2470 2471 2472
f 2473 2474 2475
f 2476 2477 2478
f 2479 2480 2481
f 2482 2483 2484
f 2485 2486 2487
f 2488 2489 2490
f 2491 2492 2493
f 2494 2495 2496
f 2497 2498 2499
f 2500 2501 2502
f 2503 2504 2505
f 2506 2507 2508
f 2509 2510 2511
f 2512 2513 2514
f 2515 2516 2517
f 2518 2519 2520
f 2521 2522 2523
f 2524 2525 2526
f 2527 2528 2529
f 2530 2531 2532
f 2533 2534 2535
f 2536 2537 2538
f 2539 2540 2541
f 2542 2543 2544
f 2545 2546 2547
f 2548 2549 2550
f 2551 2552 2553
f 2554 2555 2556
f 2557 2558 2559
f 2560 2561 2562
f 2563 2564 2565
f 2566 2567 2568
f 2569 2570 2571
f 2572 2573 2574
f 2575 2576 2577
f 2578 2579 2580
f 2581 2582 2583
f 2584 2585 2586
f 2587 2588 2589
f 2590 2591 2592
f 2593 2594 2595
f 2596 2597 2598
f 2599 2600 2601
f 2602 2603 2604
f 2605 2606 2607
f 2608 2609 2610
f 2611 2612 2613
f 2614 2615 2616
f 2617 2618 2619
f 2620 2621 2622
f 2623 2624 2625
f 2626 2627 2628
f 2629 2630 2631
f 2632 2633 2634
f 2635 2636 2637
f 2638 2639 2640
f 2641 2642 2643
f 2644 2645 2646
f 2647 2648 2649
f 2650 2651 2652
f 2653 2654 2655
f 2656 2657 2658
f 2659 2660 2661
f 2662 2663 2664
f 2665 2666 2667
f 2668 2669 2670
f 2671 2672 2673
f 2674 2675 2676
f 2677 2678 2679
f 2680 2681 2682
