# Exported from USD: /m20_12_23d/J4_link/collisions/j4/mesh
mtllib mesh_9.mtl

g mesh
v 1.05758297 -0.05606448 0.00421718
v 1.39330006 0.05412232 0.00820157
v 1.05703402 -0.05544650 0.00933287
v 1.05832195 -0.05620992 -0.00090811
v 1.39330006 0.05412232 0.00820157
v 1.05758297 -0.05606448 0.00421718
v 1.05832195 -0.05620992 -0.00090811
v 1.05924296 -0.05588924 -0.00599435
v 1.39330006 0.05412232 0.00820157
v 1.05832195 -0.05620992 -0.00090811
v 1.05713797 -0.05647832 -0.00156400
v 1.05924296 -0.05588924 -0.00599435
v 1.39330006 0.05438601 0.00964227
v 1.36959696 0.05394226 0.04400828
v 1.05703402 -0.05544650 0.00933287
v 1.39330006 0.05438601 0.00964227
v 1.05703402 -0.05544650 0.00933287
v 1.39330006 0.05412232 0.00820157
v 1.36853099 0.05441462 0.04676148
v 1.05678904 -0.04835283 0.02868655
v 1.05656505 -0.05079239 0.02411380
v 1.06157696 -0.05390095 -0.01587256
v 1.36959696 0.05479323 -0.04294416
v 1.39330006 0.05437767 -0.00800881
v 1.36617696 0.05717855 -0.04859271
v 1.36602104 0.05613517 -0.04782345
v 1.07454205 -0.03095769 -0.04696282
v 1.08620501 0.02731508 0.06316128
v 1.06347001 -0.01180106 0.05525377
v 1.36435103 0.05741542 0.05039390
v 1.08620501 0.02731508 0.06316128
v 0.87104630 -0.01394832 0.05809906
v 1.06347001 -0.01180106 0.05525377
v 0.87104630 -0.03512012 0.04833874
v 1.05893505 -0.03063040 0.04747650
v 0.87104630 -0.03121924 0.05094519
v 1.05645895 -0.05641555 0.00308773
v 1.05832195 -0.05620992 -0.00090811
v 1.05758297 -0.05606448 0.00421718
v 1.05645895 -0.05641555 0.00308773
v 1.05713797 -0.05647832 -0.00156400
v 1.05832195 -0.05620992 -0.00090811
v 1.05718994 -0.04550665 0.03300675
v 1.36762798 0.05519318 0.04842373
v 1.05598295 -0.04527515 0.03379949
v 1.37060201 0.05443519 0.04467955
v 1.36959696 0.05394226 0.04400828
v 1.39330006 0.05438601 0.00964227
v 1.36723101 0.05440783 0.04745957
v 1.05678904 -0.04835283 0.02868655
v 1.36853099 0.05441462 0.04676148
v 1.36723101 0.05440783 0.04745957
v 1.05718994 -0.04550665 0.03300675
v 1.05678904 -0.04835283 0.02868655
v 1.36723101 0.05440783 0.04745957
v 1.36762798 0.05519318 0.04842373
v 1.05718994 -0.04550665 0.03300675
v 1.08020401 -0.01261192 -0.05507442
v 1.08173096 -0.00768191 -0.05597534
v 1.36435103 0.05839079 -0.04926052
v 1.08020401 -0.01261192 -0.05507442
v 1.36435103 0.05839079 -0.04926052
v 1.07859004 -0.01741605 -0.05374875
v 1.08020401 -0.01261192 -0.05507442
v 0.87104630 -0.00934696 -0.05901440
v 1.08173096 -0.00768191 -0.05597534
v 0.87104630 -0.02286529 -0.05520179
v 0.87104630 -0.01846373 -0.05682560
v 1.07859004 -0.01741605 -0.05374875
v 1.08315396 -0.00266093 -0.05643734
v 0.87104630 0.00000000 -0.05974999
v 1.15446103 0.03205627 -0.05668899
v 1.15969396 0.03205496 -0.05655196
v 1.08315396 -0.00266093 -0.05643734
v 1.15446103 0.03205627 -0.05668899
v 1.15969396 0.03205496 -0.05655196
v 1.08173096 -0.00768191 -0.05597534
v 1.08315396 -0.00266093 -0.05643734
v 1.15446103 0.09318143 -0.05609074
v 1.15291095 0.10282540 -0.05574050
v 1.15582001 0.10286320 -0.05571046
v 1.15446103 0.09318143 -0.05609074
v 1.15446103 0.03205627 -0.05668899
v 0.87104630 0.00000000 -0.05974999
v 1.15446103 0.09318143 -0.05609074
v 0.87104630 0.00000000 -0.05974999
v 1.15291095 0.10282540 -0.05574050
v 1.15446103 0.09318143 -0.05609074
v 1.15969396 0.03205496 -0.05655196
v 1.15446103 0.03205627 -0.05668899
v 1.06033301 -0.05511420 -0.01099631
v 1.39330006 0.05427247 -0.00714078
v 1.05924296 -0.05588924 -0.00599435
v 1.06033301 -0.05511420 -0.01099631
v 1.39330006 0.05437767 -0.00800881
v 1.39330006 0.05427247 -0.00714078
v 1.06033301 -0.05511420 -0.01099631
v 1.06157696 -0.05390095 -0.01587256
v 1.39330006 0.05437767 -0.00800881
v 1.39330006 0.05420029 0.00023041
v 1.39330006 0.05412232 0.00820157
v 1.05924296 -0.05588924 -0.00599435
v 1.39330006 0.05420029 0.00023041
v 1.05924296 -0.05588924 -0.00599435
v 1.39330006 0.05427247 -0.00714078
v 1.07273698 -0.03492039 -0.04410991
v 1.36602104 0.05613517 -0.04782345
v 1.07093501 -0.03861892 -0.04092559
v 1.07381105 -0.02980929 -0.04799643
v 1.36617696 0.05717855 -0.04859271
v 1.07454205 -0.03095769 -0.04696282
v 1.07381105 -0.02980929 -0.04799643
v 1.07537305 -0.02601844 -0.05015268
v 1.36617696 0.05717855 -0.04859271
v 1.07381105 -0.02980929 -0.04799643
v 0.87104630 -0.03121924 -0.05094525
v 1.07537305 -0.02601844 -0.05015268
v 1.36627400 0.05838954 -0.04907074
v 1.36617696 0.05717855 -0.04859271
v 1.07859004 -0.01741605 -0.05374875
v 1.36627400 0.05838954 -0.04907074
v 1.07859004 -0.01741605 -0.05374875
v 1.36435103 0.05839079 -0.04926052
v 1.07690704 -0.02206194 -0.05201461
v 1.36617696 0.05717855 -0.04859271
v 1.07537305 -0.02601844 -0.05015268
v 1.07690704 -0.02206194 -0.05201461
v 1.07859004 -0.01741605 -0.05374875
v 1.36617696 0.05717855 -0.04859271
v 1.07690704 -0.02206194 -0.05201461
v 0.87104630 -0.02286529 -0.05520179
v 1.07859004 -0.01741605 -0.05374875
v 0.93198931 0.11464080 -0.03314951
v 0.31945381 0.05900406 -0.00941172
v 0.93123120 0.11564380 -0.02719971
v 0.93049848 0.11611970 -0.02146306
v 1.18345797 0.11586860 -0.02514848
v 0.93123120 0.11564380 -0.02719971
v 0.31945381 0.05956059 -0.00475332
v 0.93049848 0.11611970 -0.02146306
v 0.93123120 0.11564380 -0.02719971
v 0.31945381 0.05956059 -0.00475332
v 0.93123120 0.11564380 -0.02719971
v 0.31945381 0.05900406 -0.00941172
v 0.31945381 0.05320781 -0.02718433
v 0.93527430 0.10784280 -0.05168125
v 0.31945381 0.05091094 -0.03127518
v 0.29550001 -0.01293832 0.05499860
v 0.29550001 -0.01922076 0.05313011
v 0.31945381 -0.01840138 0.05684581
v 0.29550001 -0.02524453 0.05054661
v 0.29550001 -0.03092855 0.04728284
v 0.31945381 -0.03116333 0.05097940
v 0.29550001 0.03636497 0.04324159
v 0.31945381 0.04227274 0.04222640
v 0.29550001 0.04113912 0.03872749
v 0.31945381 0.03883194 0.04541078
v 0.31945381 0.04227274 0.04222640
v 0.29550001 0.03636497 0.04324159
v 0.29550001 0.02541255 0.05046233
v 0.31945381 0.03125560 0.05092290
v 0.29550001 0.03109902 0.04717090
v 1.36435103 0.05870783 0.05057689
v 1.08620501 0.02731508 0.06316128
v 1.36435103 0.05741542 0.05039390
v 1.36435103 0.05870783 0.05057689
v 1.08626199 0.02787995 0.06321999
v 1.08620501 0.02731508 0.06316128
v 1.36602104 0.05518841 0.04891291
v 1.36762798 0.05519318 0.04842373
v 1.36617696 0.05621653 0.04970243
v 1.36602104 0.05518841 0.04891291
v 1.05647695 -0.04238373 0.03736123
v 1.36762798 0.05519318 0.04842373
v 1.36602104 0.05518841 0.04891291
v 1.05717301 -0.03876799 0.04110094
v 1.05647695 -0.04238373 0.03736123
v 0.29550001 -0.00006201 -0.05649998
v 0.31945381 0.00462252 -0.05957093
v 0.31945381 -0.00006558 -0.05974999
v 0.29550001 -0.00006201 -0.05649998
v 0.29550001 0.00649762 -0.05612513
v 0.31945381 0.00462252 -0.05957093
v 0.29550001 0.03626996 -0.04332134
v 0.31945381 0.03506708 -0.04837730
v 0.29550001 0.03099542 -0.04723909
v 0.31945381 0.03116333 -0.05097946
v 0.29550001 0.03099542 -0.04723909
v 0.31945381 0.03506708 -0.04837730
v 0.31945381 0.03116333 -0.05097946
v 0.29550001 0.02530169 -0.05051806
v 0.29550001 0.03099542 -0.04723909
v 0.31945381 0.03116333 -0.05097946
v 0.31945381 0.02706748 -0.05326738
v 0.29550001 0.02530169 -0.05051806
v 0.31945381 0.02280473 -0.05522689
v 0.29550001 0.02530169 -0.05051806
v 0.31945381 0.02706748 -0.05326738
v 0.31945381 0.02280473 -0.05522689
v 0.29550001 0.01926583 -0.05311378
v 0.29550001 0.02530169 -0.05051806
v 0.31945381 -0.05974996 0.00006554
v 0.29550001 -0.05559700 0.01006099
v 0.29550001 -0.05561894 -0.00993899
v 0.31945381 -0.05974996 0.00006554
v 0.29550001 -0.05561894 -0.00993899
v 0.31945381 -0.05974996 -0.00000003
v 0.87104630 -0.01394832 -0.05809912
v 0.87104630 -0.00934696 -0.05901440
v 1.08020401 -0.01261192 -0.05507442
v 0.87104630 -0.01394832 -0.05809912
v 1.08020401 -0.01261192 -0.05507442
v 1.07859004 -0.01741605 -0.05374875
v 0.87104630 -0.01394832 -0.05809912
v 1.07859004 -0.01741605 -0.05374875
v 0.87104630 -0.01846373 -0.05682560
v 0.31945381 -0.00475001 -0.05956092
v 0.29550001 -0.00660491 -0.05611261
v 0.29550001 -0.00006201 -0.05649998
v 0.31945381 -0.00475001 -0.05956092
v 0.29550001 -0.00006201 -0.05649998
v 0.31945381 -0.00006558 -0.05974999
v 1.05775201 -0.04228353 0.03703561
v 1.05647695 -0.04238373 0.03736123
v 1.05598295 -0.04527515 0.03379949
v 1.05775201 -0.04228353 0.03703561
v 1.05598295 -0.04527515 0.03379949
v 1.36762798 0.05519318 0.04842373
v 1.05775201 -0.04228353 0.03703561
v 1.36762798 0.05519318 0.04842373
v 1.05647695 -0.04238373 0.03736123
v 0.87104630 -0.02712589 0.05323758
v 1.06092203 -0.02218323 0.05196294
v 0.87104630 -0.02286529 0.05520173
v 0.31945381 -0.02280473 0.05522683
v 0.31945381 -0.01840138 0.05684581
v 0.29550001 -0.01922076 0.05313011
v 0.31945381 -0.02280473 0.05522683
v 0.29550001 -0.01922076 0.05313011
v 0.29550001 -0.02524453 0.05054661
v 1.05799794 -0.03483772 0.04448118
v 1.05893505 -0.03063040 0.04747650
v 0.87104630 -0.03512012 0.04833874
v 1.05799794 -0.03483772 0.04448118
v 1.05717301 -0.03876799 0.04110094
v 1.36602104 0.05518841 0.04891291
v 1.05799794 -0.03483772 0.04448118
v 1.36602104 0.05518841 0.04891291
v 1.36617696 0.05621653 0.04970243
v 1.05799794 -0.03483772 0.04448118
v 1.36617696 0.05621653 0.04970243
v 1.05893505 -0.03063040 0.04747650
v 0.87104630 -0.04224961 0.04224958
v 1.05647695 -0.04238373 0.03736123
v 1.05717301 -0.03876799 0.04110094
v 0.31945381 -0.03506708 0.04837724
v 0.31945381 -0.03116333 0.05097940
v 0.29550001 -0.03092855 0.04728284
v 0.87104630 -0.05974996 -0.00000003
v 1.05713797 -0.05647832 -0.00156400
v 1.05645895 -0.05641555 0.00308773
v 1.05578101 -0.05572146 0.00934705
v 1.05645895 -0.05641555 0.00308773
v 1.05758297 -0.05606448 0.00421718
v 1.05578101 -0.05572146 0.00934705
v 1.05758297 -0.05606448 0.00421718
v 1.05703402 -0.05544650 0.00933287
v 1.05578101 -0.05572146 0.00934705
v 1.05703402 -0.05544650 0.00933287
v 1.05543196 -0.05461698 0.01446494
v 1.05652702 -0.05280017 0.01933184
v 1.36853099 0.05441462 0.04676148
v 1.05656505 -0.05079239 0.02411380
v 0.29550001 -0.05405765 0.01643207
v 0.31945381 -0.05680531 0.01852604
v 0.29550001 -0.05179089 0.02258202
v 1.05796099 -0.05616092 -0.00618073
v 1.05924296 -0.05588924 -0.00599435
v 1.05713797 -0.05647832 -0.00156400
v 1.05796099 -0.05616092 -0.00618073
v 1.06033301 -0.05511420 -0.01099631
v 1.05924296 -0.05588924 -0.00599435
v 1.05555201 -0.04837149 0.02919664
v 1.05718994 -0.04550665 0.03300675
v 1.05598295 -0.04527515 0.03379949
v 1.05555201 -0.04837149 0.02919664
v 1.05678904 -0.04835283 0.02868655
v 1.05718994 -0.04550665 0.03300675
v 1.05668199 -0.05435609 0.01438817
v 1.05703402 -0.05544650 0.00933287
v 1.36959696 0.05394226 0.04400828
v 1.05668199 -0.05435609 0.01438817
v 1.36959696 0.05394226 0.04400828
v 1.37060201 0.05443519 0.04467955
v 1.05668199 -0.05435609 0.01438817
v 1.05543196 -0.05461698 0.01446494
v 1.05703402 -0.05544650 0.00933287
v 1.05668199 -0.05435609 0.01438817
v 1.05652702 -0.05280017 0.01933184
v 1.05543196 -0.05461698 0.01446494
v 1.36910796 0.05520093 0.04762926
v 1.36723101 0.05440783 0.04745957
v 1.36853099 0.05441462 0.04676148
v 1.36910796 0.05520093 0.04762926
v 1.36762798 0.05519318 0.04842373
v 1.36723101 0.05440783 0.04745957
v 0.87104630 -0.02712589 -0.05323764
v 1.07537305 -0.02601844 -0.05015268
v 0.87104630 -0.03121924 -0.05094525
v 0.87104630 -0.02712589 -0.05323764
v 1.07690704 -0.02206194 -0.05201461
v 1.07537305 -0.02601844 -0.05015268
v 0.87104630 -0.02712589 -0.05323764
v 0.87104630 -0.02286529 -0.05520179
v 1.07690704 -0.02206194 -0.05201461
v 0.31945381 -0.01851361 -0.05680939
v 0.29550001 -0.01933729 -0.05308786
v 0.29550001 -0.01305902 -0.05497011
v 0.31945381 -0.01851361 -0.05680939
v 0.29550001 -0.01305902 -0.05497011
v 0.31945381 -0.01400250 -0.05808606
v 0.47104630 0.00462252 -0.05957093
v 0.31945381 0.00462252 -0.05957093
v 1.15291095 0.10282540 -0.05574050
v 0.47104630 0.00462252 -0.05957093
v 1.15291095 0.10282540 -0.05574050
v 0.87104630 0.00000000 -0.05974999
v 0.51945382 0.00000000 -0.05974999
v 0.31945381 -0.00006558 -0.05974999
v 0.31945381 0.00462252 -0.05957093
v 0.51945382 0.00000000 -0.05974999
v 0.47104630 0.00462252 -0.05957093
v 0.87104630 0.00000000 -0.05974999
v 0.51945382 0.00000000 -0.05974999
v 0.31945381 0.00462252 -0.05957093
v 0.47104630 0.00462252 -0.05957093
v 0.31945381 0.00928217 -0.05902460
v 0.31945381 0.00462252 -0.05957093
v 0.29550001 0.00649762 -0.05612513
v 0.31945381 0.00928217 -0.05902460
v 0.29550001 0.01296943 -0.05499133
v 0.31945381 0.01388454 -0.05811437
v 0.31945381 0.00928217 -0.05902460
v 0.29550001 0.00649762 -0.05612513
v 0.29550001 0.01296943 -0.05499133
v 0.31945381 0.00928217 -0.05902460
v 0.93540168 0.10333420 -0.05483111
v 0.31945381 0.00462252 -0.05957093
v 0.87104630 -0.00468790 -0.05956581
v 0.87104630 0.00000000 -0.05974999
v 1.08315396 -0.00266093 -0.05643734
v 0.87104630 -0.00468790 -0.05956581
v 1.08315396 -0.00266093 -0.05643734
v 1.08173096 -0.00768191 -0.05597534
v 0.87104630 -0.00468790 -0.05956581
v 1.08173096 -0.00768191 -0.05597534
v 0.87104630 -0.00934696 -0.05901440
v 1.36435103 0.05968648 -0.04941824
v 1.36435103 0.05839079 -0.04926052
v 1.08173096 -0.00768191 -0.05597534
v 1.36435103 0.05968648 -0.04941824
v 1.08173096 -0.00768191 -0.05597534
v 1.15969396 0.03205496 -0.05655196
v 1.36435103 0.05968648 -0.04941824
v 1.36627400 0.05838954 -0.04907074
v 1.36435103 0.05839079 -0.04926052
v 1.16053402 0.09414148 -0.05589678
v 1.15969396 0.03205496 -0.05655196
v 1.15446103 0.09318143 -0.05609074
v 0.93367761 0.11124280 -0.04437294
v 0.31945381 0.05680531 -0.01852610
v 0.93277472 0.11317430 -0.03884223
v 1.07161796 -0.03477072 -0.04453364
v 1.07454205 -0.03095769 -0.04696282
v 1.36602104 0.05613517 -0.04782345
v 1.07161796 -0.03477072 -0.04453364
v 1.36602104 0.05613517 -0.04782345
v 1.07273698 -0.03492039 -0.04410991
v 1.07161796 -0.03477072 -0.04453364
v 1.07381105 -0.02980929 -0.04799643
v 1.07454205 -0.03095769 -0.04696282
v 1.06295896 -0.05226880 -0.02058646
v 1.36959696 0.05479323 -0.04294416
v 1.06157696 -0.05390095 -0.01587256
v 1.37060201 0.05529922 -0.04360565
v 1.39330006 0.05437767 -0.00800881
v 1.36959696 0.05479323 -0.04294416
v 1.37060201 0.05529922 -0.04360565
v 1.36959696 0.05479323 -0.04294416
v 1.06295896 -0.05226880 -0.02058646
v 1.06807303 -0.04197669 -0.03781804
v 1.06948102 -0.04198759 -0.03722575
v 1.06635106 -0.04512649 -0.03399774
v 1.06773901 -0.04507583 -0.03344908
v 1.36853099 0.05531942 -0.04568758
v 1.06605899 -0.04783380 -0.02940151
v 1.06773901 -0.04507583 -0.03344908
v 1.06635106 -0.04512649 -0.03399774
v 1.06948102 -0.04198759 -0.03722575
v 1.16564405 0.11331050 -0.03838714
v 0.93277472 0.11317430 -0.03884223
v 0.93198931 0.11464080 -0.03314951
v 0.31945381 0.05808371 -0.01401212
v 0.31945381 0.05900406 -0.00941172
v 0.93198931 0.11464080 -0.03314951
v 0.31945381 0.05808371 -0.01401212
v 0.93198931 0.11464080 -0.03314951
v 0.93277472 0.11317430 -0.03884223
v 0.31945381 0.05808371 -0.01401212
v 0.93277472 0.11317430 -0.03884223
v 0.31945381 0.05680531 -0.01852610
v 1.18345797 0.11480410 -0.03236147
v 0.93198931 0.11464080 -0.03314951
v 0.93123120 0.11564380 -0.02719971
v 1.18345797 0.11480410 -0.03236147
v 0.93123120 0.11564380 -0.02719971
v 1.18345797 0.11586860 -0.02514848
v 1.18345797 0.11480410 -0.03236147
v 1.16564405 0.11331050 -0.03838714
v 0.93198931 0.11464080 -0.03314951
v 0.31945381 0.05974996 -0.00006560
v 0.93002182 0.11617700 -0.01786389
v 0.93049848 0.11611970 -0.02146306
v 0.31945381 0.05974996 -0.00006560
v 0.93049848 0.11611970 -0.02146306
v 0.31945381 0.05956059 -0.00475332
v 0.31945381 0.05974996 -0.00006560
v 0.31945381 0.05956059 -0.00475332
v 0.29550001 0.05640077 -0.00334707
v 0.29550001 0.05563080 -0.00987217
v 0.31945381 0.05956059 -0.00475332
v 0.31945381 0.05900406 -0.00941172
v 0.29550001 0.05563080 -0.00987217
v 0.29550001 0.05640077 -0.00334707
v 0.31945381 0.05956059 -0.00475332
v 0.29550001 0.05563080 -0.00987217
v 0.31945381 0.05900406 -0.00941172
v 0.31945381 0.05808371 -0.01401212
v 0.93056113 0.11568320 0.02405270
v 0.93132848 0.11509580 0.02987840
v 1.18345797 0.11543420 0.02713122
v 1.18345797 0.11446640 0.03356614
v 1.18345797 0.11543420 0.02713122
v 0.93132848 0.11509580 0.02987840
v 1.18345797 0.11617700 -0.01786389
v 1.18345797 0.11586860 -0.02514848
v 0.93049848 0.11611970 -0.02146306
v 1.18345797 0.11617700 -0.01786389
v 0.93049848 0.11611970 -0.02146306
v 1.13006902 0.11650860 -0.00595382
v 0.93541038 0.10577860 -0.05409130
v 1.15291595 0.10447680 -0.05539694
v 0.93540549 0.10460440 -0.05461993
v 0.93541038 0.10577860 -0.05409130
v 0.31945381 0.03116333 -0.05097946
v 0.31945381 0.03506708 -0.04837730
v 0.93541038 0.10577860 -0.05409130
v 0.31945381 0.03506708 -0.04837730
v 0.93452758 0.10639140 -0.05354002
v 0.31945381 0.03875464 -0.04547682
v 0.93452758 0.10639140 -0.05354002
v 0.31945381 0.03506708 -0.04837730
v 0.31945381 0.03875464 -0.04547682
v 0.31945381 0.04220318 -0.04229596
v 0.93452758 0.10639140 -0.05354002
v 0.31945381 0.03875464 -0.04547682
v 0.29550001 0.03626996 -0.04332134
v 0.31945381 0.04220318 -0.04229596
v 0.31945381 0.03875464 -0.04547682
v 0.31945381 0.03506708 -0.04837730
v 0.29550001 0.03626996 -0.04332134
v 0.93541610 0.10677880 -0.05328038
v 0.93452758 0.10639140 -0.05354002
v 0.31945381 0.04220318 -0.04229596
v 0.93541610 0.10677880 -0.05328038
v 0.31945381 0.04220318 -0.04229596
v 0.31945381 0.04539161 -0.03885439
v 0.93541610 0.10677880 -0.05328038
v 0.93541038 0.10577860 -0.05409130
v 0.93452758 0.10639140 -0.05354002
v 0.31945381 0.04830014 -0.03517320
v 0.31945381 0.04539161 -0.03885439
v 0.29550001 0.04528290 -0.03378918
v 0.31945381 0.04830014 -0.03517320
v 0.29550001 0.04528290 -0.03378918
v 0.31945381 0.05091094 -0.03127518
v 0.31945381 0.04830014 -0.03517320
v 0.93541610 0.10677880 -0.05328038
v 0.31945381 0.04539161 -0.03885439
v 0.29550001 0.04105401 -0.03881773
v 0.31945381 0.04539161 -0.03885439
v 0.31945381 0.04220318 -0.04229596
v 0.29550001 0.04105401 -0.03881773
v 0.29550001 0.04528290 -0.03378918
v 0.31945381 0.04539161 -0.03885439
v 0.29550001 0.04105401 -0.03881773
v 0.31945381 0.04220318 -0.04229596
v 0.29550001 0.03626996 -0.04332134
v 0.29550001 0.04889935 -0.02830371
v 0.31945381 0.05091094 -0.03127518
v 0.29550001 0.04528290 -0.03378918
v 0.29550001 0.04889935 -0.02830371
v 0.31945381 0.05320781 -0.02718433
v 0.31945381 0.05091094 -0.03127518
v 0.29550001 0.04889935 -0.02830371
v 0.29550001 0.05185461 -0.02243545
v 0.31945381 0.05320781 -0.02718433
v 0.31945381 0.05517661 -0.02292588
v 0.31945381 0.05320781 -0.02718433
v 0.29550001 0.05185461 -0.02243545
v 0.31945381 0.05517661 -0.02292588
v 0.29550001 0.05185461 -0.02243545
v 0.31945381 0.05680531 -0.01852610
v 0.31945381 0.05517661 -0.02292588
v 0.31945381 0.05680531 -0.01852610
v 0.93367761 0.11124280 -0.04437294
v 0.29550001 -0.03619635 0.04338279
v 0.29550001 -0.04097706 0.03889891
v 0.31945381 -0.04220318 0.04229590
v 0.29550001 -0.03619635 0.04338279
v 0.31945381 -0.04220318 0.04229590
v 0.31945381 -0.03875464 0.04547676
v 0.29550001 -0.03619635 0.04338279
v 0.31945381 -0.03506708 0.04837724
v 0.29550001 -0.03092855 0.04728284
v 0.29550001 -0.03619635 0.04338279
v 0.31945381 -0.03875464 0.04547676
v 0.31945381 -0.03506708 0.04837724
v 0.31945381 -0.04539161 0.03885433
v 0.31945381 -0.04220318 0.04229590
v 0.29550001 -0.04097706 0.03889891
v 0.31945381 -0.05517667 0.02292582
v 0.29550001 -0.05179089 0.02258202
v 0.31945381 -0.05680531 0.01852604
v 0.31945381 0.05324655 0.02710834
v 0.93379623 0.11046850 0.04675313
v 0.31945381 0.05520802 0.02285012
v 0.31945381 0.05324655 0.02710834
v 0.31945381 0.05095720 0.03119966
v 0.93547571 0.10680570 0.05428197
v 0.31945381 0.05324655 0.02710834
v 0.31945381 0.05520802 0.02285012
v 0.29550001 0.05190372 0.02232149
v 0.29550001 0.05640792 0.00322321
v 0.31945381 0.05974996 -0.00006560
v 0.29550001 0.05640077 -0.00334707
v 0.29550001 0.05640792 0.00322321
v 0.31945381 0.05974996 -0.00000003
v 0.31945381 0.05974996 -0.00006560
v 0.29550001 0.04896140 0.02819624
v 0.31945381 0.05324655 0.02710834
v 0.29550001 0.05190372 0.02232149
v 0.29550001 0.04896140 0.02819624
v 0.31945381 0.05095720 0.03119966
v 0.31945381 0.05324655 0.02710834
v 0.29550001 0.00662082 0.05611070
v 0.29550001 0.00006200 0.05649992
v 0.31945381 0.00475001 0.05956086
v 0.31945381 0.02716678 0.05321672
v 0.29550001 0.02541255 0.05046233
v 0.31945381 0.02291077 0.05518290
v 0.31945381 0.02716678 0.05321672
v 0.31945381 0.03125560 0.05092290
v 0.29550001 0.02541255 0.05046233
v 0.31945381 -0.01388454 0.05811431
v 0.31945381 -0.00928217 0.05902454
v 0.29550001 -0.01293832 0.05499860
v 0.31945381 -0.01388454 0.05811431
v 0.29550001 -0.01293832 0.05499860
v 0.31945381 -0.01840138 0.05684581
v 0.87104630 -0.00934696 0.05901434
v 0.87104630 -0.01394832 0.05809906
v 1.08620501 0.02731508 0.06316128
v 0.31945381 0.03515195 0.04831555
v 0.31945381 0.03883194 0.04541078
v 0.29550001 0.03636497 0.04324159
v 0.31945381 0.03515195 0.04831555
v 0.29550001 0.03636497 0.04324159
v 0.29550001 0.03109902 0.04717090
v 0.31945381 0.03515195 0.04831555
v 0.29550001 0.03109902 0.04717090
v 0.31945381 0.03125560 0.05092290
v 0.31945381 0.03515195 0.04831555
v 0.93656790 0.10119500 0.06209698
v 0.31945381 0.03883194 0.04541078
v 0.31945381 0.03515195 0.04831555
v 0.31945381 0.03125560 0.05092290
v 0.93656790 0.10119500 0.06209698
v 0.29550001 0.01938235 0.05307134
v 0.31945381 0.02291077 0.05518290
v 0.29550001 0.02541255 0.05046233
v 0.93312472 0.11195930 0.04282745
v 0.31945381 0.05520802 0.02285012
v 0.93379623 0.11046850 0.04675313
v 0.31945381 0.05682963 0.01845124
v 0.93312472 0.11195930 0.04282745
v 0.93252242 0.11321550 0.03880760
v 0.31945381 0.05682963 0.01845124
v 0.31945381 0.05520802 0.02285012
v 0.93312472 0.11195930 0.04282745
v 0.31945381 0.05682963 0.01845124
v 0.29550001 0.05414414 0.01614490
v 0.29550001 0.05190372 0.02232149
v 0.31945381 0.05682963 0.01845124
v 0.29550001 0.05190372 0.02232149
v 0.31945381 0.05520802 0.02285012
v 0.93208528 0.11402300 0.03563705
v 1.18345797 0.11446640 0.03356614
v 0.93132848 0.11509580 0.02987840
v 1.29728997 0.11159580 0.01138970
v 1.38957405 0.08870500 0.00552913
v 1.29759896 0.11169760 0.00109312
v 1.36627400 0.05741792 0.05020406
v 1.06092203 -0.02218323 0.05196294
v 1.36617696 0.05621653 0.04970243
v 1.36627400 0.05741792 0.05020406
v 1.36630905 0.05870974 0.05038341
v 1.36435103 0.05870783 0.05057689
v 1.36627400 0.05741792 0.05020406
v 1.36435103 0.05870783 0.05057689
v 1.36435103 0.05741542 0.05039390
v 1.06200504 -0.01772713 0.05364689
v 1.36435103 0.05741542 0.05039390
v 1.06347001 -0.01180106 0.05525377
v 1.06200504 -0.01772713 0.05364689
v 1.36627400 0.05741792 0.05020406
v 1.36435103 0.05741542 0.05039390
v 1.06200504 -0.01772713 0.05364689
v 1.06092203 -0.02218323 0.05196294
v 1.36627400 0.05741792 0.05020406
v 1.06200504 -0.01772713 0.05364689
v 0.87104630 -0.01846373 0.05682554
v 0.87104630 -0.02286529 0.05520173
v 1.06200504 -0.01772713 0.05364689
v 0.87104630 -0.02286529 0.05520173
v 1.06092203 -0.02218323 0.05196294
v 1.06200504 -0.01772713 0.05364689
v 1.06347001 -0.01180106 0.05525377
v 0.87104630 -0.01394832 0.05809906
v 1.06200504 -0.01772713 0.05364689
v 0.87104630 -0.01394832 0.05809906
v 0.87104630 -0.01846373 0.05682554
v 1.05989397 -0.02649456 0.04990270
v 1.05893505 -0.03063040 0.04747650
v 1.36617696 0.05621653 0.04970243
v 1.05989397 -0.02649456 0.04990270
v 1.36617696 0.05621653 0.04970243
v 1.06092203 -0.02218323 0.05196294
v 1.05989397 -0.02649456 0.04990270
v 1.06092203 -0.02218323 0.05196294
v 0.87104630 -0.02712589 0.05323758
v 1.05989397 -0.02649456 0.04990270
v 0.87104630 -0.02712589 0.05323758
v 0.87104630 -0.03121924 0.05094519
v 1.05989397 -0.02649456 0.04990270
v 0.87104630 -0.03121924 0.05094519
v 1.05893505 -0.03063040 0.04747650
v 1.09943604 0.09876793 0.06280598
v 1.09417999 0.08246314 0.06349685
v 1.36403298 0.09086477 0.05109164
v 1.09943604 0.09876793 0.06280598
v 1.08595502 0.09830272 0.06341120
v 1.09417999 0.08246314 0.06349685
v 1.09943604 0.09876793 0.06280598
v 1.36403298 0.09086477 0.05109164
v 1.09934795 0.10027380 0.06253579
v 0.93639553 0.10480420 0.05761781
v 0.31945381 0.04835414 0.03509888
v 0.93731147 0.10262730 0.06082788
v 0.93639553 0.10480420 0.05761781
v 0.93547571 0.10680570 0.05428197
v 0.31945381 0.05095720 0.03119966
v 0.93639553 0.10480420 0.05761781
v 0.31945381 0.05095720 0.03119966
v 0.31945381 0.04835414 0.03509888
v 0.31945381 -0.00940519 -0.05900511
v 0.31945381 -0.01400250 -0.05808606
v 0.29550001 -0.01305902 -0.05497011
v 0.31945381 -0.00940519 -0.05900511
v 0.29550001 -0.01305902 -0.05497011
v 0.29550001 -0.00660491 -0.05611261
v 0.31945381 -0.00940519 -0.05900511
v 0.29550001 -0.00660491 -0.05611261
v 0.31945381 -0.00475001 -0.05956092
v 0.31945381 -0.02291077 -0.05518296
v 0.31945381 -0.02716678 -0.05321678
v 0.29550001 -0.02535539 -0.05049112
v 0.31945381 -0.02291077 -0.05518296
v 0.29550001 -0.02535539 -0.05049112
v 0.29550001 -0.01933729 -0.05308786
v 0.31945381 -0.02291077 -0.05518296
v 0.29550001 -0.01933729 -0.05308786
v 0.31945381 -0.01851361 -0.05680939
v 0.31945381 0.01840138 -0.05684587
v 0.31945381 0.02280473 -0.05522689
v 0.93540549 0.10460440 -0.05461993
v 0.31945381 0.01840138 -0.05684587
v 0.93540549 0.10460440 -0.05461993
v 0.31945381 0.01388454 -0.05811437
v 0.31945381 0.01840138 -0.05684587
v 0.29550001 0.01926583 -0.05311378
v 0.31945381 0.02280473 -0.05522689
v 0.31945381 0.01840138 -0.05684587
v 0.29550001 0.01296943 -0.05499133
v 0.29550001 0.01926583 -0.05311378
v 0.31945381 0.01840138 -0.05684587
v 0.31945381 0.01388454 -0.05811437
v 0.29550001 0.01296943 -0.05499133
v 0.47104630 -0.01400250 -0.05808606
v 0.87104630 -0.01394832 -0.05809912
v 0.87104630 -0.01846373 -0.05682560
v 0.31945381 -0.03125560 -0.05092296
v 0.29550001 -0.02535539 -0.05049112
v 0.31945381 -0.02716678 -0.05321678
v 0.29550001 -0.03629148 -0.04330334
v 0.31945381 -0.04227280 -0.04222646
v 0.29550001 -0.04106229 -0.03880897
v 0.47104630 -0.01840138 0.05684581
v 0.87104630 -0.01846373 0.05682554
v 0.87104630 -0.01394832 0.05809906
v 0.47104630 -0.03116333 0.05097940
v 0.87104630 -0.03121924 0.05094519
v 0.87104630 -0.02712589 0.05323758
v 0.51945382 -0.01846373 0.05682554
v 0.31945381 -0.02280473 0.05522683
v 0.87104630 -0.01846373 0.05682554
v 0.51945382 -0.01846373 0.05682554
v 0.31945381 -0.01840138 0.05684581
v 0.31945381 -0.02280473 0.05522683
v 0.51945382 -0.01846373 0.05682554
v 0.47104630 -0.01840138 0.05684581
v 0.31945381 -0.01840138 0.05684581
v 0.51945382 -0.01846373 0.05682554
v 0.87104630 -0.01846373 0.05682554
v 0.47104630 -0.01840138 0.05684581
v 0.47104630 -0.02280473 0.05522683
v 0.87104630 -0.02286529 0.05520173
v 0.87104630 -0.01846373 0.05682554
v 0.47104630 -0.02280473 0.05522683
v 0.87104630 -0.01846373 0.05682554
v 0.31945381 -0.02280473 0.05522683
v 0.31945381 -0.02706748 0.05326732
v 0.31945381 -0.02280473 0.05522683
v 0.29550001 -0.02524453 0.05054661
v 0.31945381 -0.02706748 0.05326732
v 0.29550001 -0.02524453 0.05054661
v 0.31945381 -0.03116333 0.05097940
v 0.87104630 -0.04543423 0.03880444
v 1.05598295 -0.04527515 0.03379949
v 1.05647695 -0.04238373 0.03736123
v 0.87104630 -0.04543423 0.03880444
v 1.05647695 -0.04238373 0.03736123
v 0.87104630 -0.04224961 0.04224958
v 0.87104630 -0.03880447 0.04543420
v 1.05799794 -0.03483772 0.04448118
v 0.87104630 -0.03512012 0.04833874
v 0.87104630 -0.03880447 0.04543420
v 0.87104630 -0.04224961 0.04224958
v 1.05717301 -0.03876799 0.04110094
v 0.87104630 -0.03880447 0.04543420
v 1.05717301 -0.03876799 0.04110094
v 1.05799794 -0.03483772 0.04448118
v 0.47104630 -0.03506708 0.04837724
v 0.87104630 -0.03512012 0.04833874
v 0.87104630 -0.03121924 0.05094519
v 0.51945382 -0.03121924 0.05094519
v 0.31945381 -0.03116333 0.05097940
v 0.31945381 -0.03506708 0.04837724
v 0.51945382 -0.03121924 0.05094519
v 0.47104630 -0.03506708 0.04837724
v 0.87104630 -0.03121924 0.05094519
v 0.51945382 -0.03121924 0.05094519
v 0.31945381 -0.03506708 0.04837724
v 0.47104630 -0.03506708 0.04837724
v 0.51945382 -0.03121924 0.05094519
v 0.47104630 -0.03116333 0.05097940
v 0.31945381 -0.03116333 0.05097940
v 0.51945382 -0.03121924 0.05094519
v 0.87104630 -0.03121924 0.05094519
v 0.47104630 -0.03116333 0.05097940
v 0.51945382 -0.03512012 0.04833874
v 0.31945381 -0.03506708 0.04837724
v 0.31945381 -0.03875464 0.04547676
v 0.51945382 -0.03512012 0.04833874
v 0.47104630 -0.03506708 0.04837724
v 0.31945381 -0.03506708 0.04837724
v 0.51945382 -0.03512012 0.04833874
v 0.87104630 -0.03512012 0.04833874
v 0.47104630 -0.03506708 0.04837724
v 0.87104630 -0.05956578 0.00468788
v 0.87104630 -0.05974996 -0.00000003
v 1.05645895 -0.05641555 0.00308773
v 0.87104630 -0.05956578 -0.00468793
v 1.05796099 -0.05616092 -0.00618073
v 1.05713797 -0.05647832 -0.00156400
v 0.87104630 -0.05956578 -0.00468793
v 1.05713797 -0.05647832 -0.00156400
v 0.87104630 -0.05974996 -0.00000003
v 0.91575003 -0.05811464 0.01143178
v 1.05578101 -0.05572146 0.00934705
v 1.05543196 -0.05461698 0.01446494
v 0.91575003 -0.05811464 0.01143178
v 0.87104630 -0.05901437 0.00934693
v 0.87104630 -0.05956578 0.00468788
v 0.87104630 -0.05682563 0.01846370
v 0.91575003 -0.05811464 0.01143178
v 1.05543196 -0.05461698 0.01446494
v 1.05527794 -0.05304050 0.01946672
v 1.05652702 -0.05280017 0.01933184
v 1.05656505 -0.05079239 0.02411380
v 1.05527794 -0.05304050 0.01946672
v 0.87104630 -0.05520176 0.02286526
v 0.87104630 -0.05682563 0.01846370
v 1.05527794 -0.05304050 0.01946672
v 0.87104630 -0.05682563 0.01846370
v 1.05543196 -0.05461698 0.01446494
v 1.05527794 -0.05304050 0.01946672
v 1.05543196 -0.05461698 0.01446494
v 1.05652702 -0.05280017 0.01933184
v 0.31945381 -0.05808371 0.01401206
v 0.29550001 -0.05405765 0.01643207
v 0.29550001 -0.05559700 0.01006099
v 0.31945381 -0.05808371 0.01401206
v 0.31945381 -0.05680531 0.01852604
v 0.29550001 -0.05405765 0.01643207
v 0.31945381 -0.05808371 0.01401206
v 0.29550001 -0.05559700 0.01006099
v 0.31945381 -0.05900406 0.00941166
v 1.39330006 0.06110811 0.00968423
v 1.39132905 0.08676671 0.00084915
v 1.39330006 0.06103581 0.01018163
v 1.05531299 -0.05100619 0.02430251
v 1.05527794 -0.05304050 0.01946672
v 1.05656505 -0.05079239 0.02411380
v 1.05531299 -0.05100619 0.02430251
v 0.87104630 -0.05520176 0.02286526
v 1.05527794 -0.05304050 0.01946672
v 1.05531299 -0.05100619 0.02430251
v 1.05656505 -0.05079239 0.02411380
v 1.05678904 -0.04835283 0.02868655
v 1.05531299 -0.05100619 0.02430251
v 1.05678904 -0.04835283 0.02868655
v 1.05555201 -0.04837149 0.02919664
v 1.36967003 0.05442386 0.04582223
v 1.05668199 -0.05435609 0.01438817
v 1.37060201 0.05443519 0.04467955
v 1.36967003 0.05442386 0.04582223
v 1.36910796 0.05520093 0.04762926
v 1.36853099 0.05441462 0.04676148
v 1.36967003 0.05442386 0.04582223
v 1.36853099 0.05441462 0.04676148
v 1.05652702 -0.05280017 0.01933184
v 1.36967003 0.05442386 0.04582223
v 1.05652702 -0.05280017 0.01933184
v 1.05668199 -0.05435609 0.01438817
v 1.36955094 0.05623030 0.04829922
v 1.36910796 0.05520093 0.04762926
v 1.37096798 0.05624169 0.04713067
v 1.36955094 0.05623030 0.04829922
v 1.36762798 0.05519318 0.04842373
v 1.36910796 0.05520093 0.04762926
v 1.37146497 0.05522412 0.04525956
v 1.37060201 0.05443519 0.04467955
v 1.39330006 0.05438601 0.00964227
v 1.37146497 0.05522412 0.04525956
v 1.36967003 0.05442386 0.04582223
v 1.37060201 0.05443519 0.04467955
v 0.47104630 -0.02716678 -0.05321678
v 0.87104630 -0.02712589 -0.05323764
v 0.87104630 -0.03121924 -0.05094525
v 0.47104630 -0.02716678 -0.05321678
v 0.87104630 -0.03121924 -0.05094525
v 0.31945381 -0.02716678 -0.05321678
v 0.47104630 -0.02716678 -0.05321678
v 0.31945381 -0.02716678 -0.05321678
v 0.87104630 -0.02712589 -0.05323764
v 0.51945382 -0.01846373 -0.05682560
v 0.31945381 -0.01851361 -0.05680939
v 0.31945381 -0.01400250 -0.05808606
v 0.51945382 -0.01846373 -0.05682560
v 0.47104630 -0.01400250 -0.05808606
v 0.87104630 -0.01846373 -0.05682560
v 0.51945382 -0.01846373 -0.05682560
v 0.31945381 -0.01400250 -0.05808606
v 0.47104630 -0.01400250 -0.05808606
v 0.47104630 -0.01851361 -0.05680939
v 0.87104630 -0.01846373 -0.05682560
v 0.87104630 -0.02286529 -0.05520179
v 0.47104630 -0.01851361 -0.05680939
v 0.87104630 -0.02286529 -0.05520179
v 0.31945381 -0.01851361 -0.05680939
v 0.47104630 -0.01851361 -0.05680939
v 0.51945382 -0.01846373 -0.05682560
v 0.87104630 -0.01846373 -0.05682560
v 0.47104630 -0.01851361 -0.05680939
v 0.31945381 -0.01851361 -0.05680939
v 0.51945382 -0.01846373 -0.05682560
v 0.93507659 0.10443890 -0.05465456
v 0.93540168 0.10333420 -0.05483111
v 0.31945381 0.00928217 -0.05902460
v 0.93507659 0.10443890 -0.05465456
v 0.31945381 0.00928217 -0.05902460
v 0.31945381 0.01388454 -0.05811437
v 0.93507659 0.10443890 -0.05465456
v 0.31945381 0.01388454 -0.05811437
v 0.93540549 0.10460440 -0.05461993
v 1.03132498 0.10311600 -0.05523189
v 1.15291095 0.10282540 -0.05574050
v 0.31945381 0.00462252 -0.05957093
v 1.03132498 0.10311600 -0.05523189
v 0.31945381 0.00462252 -0.05957093
v 0.93540168 0.10333420 -0.05483111
v 1.03132498 0.10311600 -0.05523189
v 0.93507659 0.10443890 -0.05465456
v 1.15291095 0.10282540 -0.05574050
v 1.03132498 0.10311600 -0.05523189
v 0.93540168 0.10333420 -0.05483111
v 0.93507659 0.10443890 -0.05465456
v 0.47104630 -0.00475001 -0.05956092
v 0.87104630 -0.00468790 -0.05956581
v 0.87104630 -0.00934696 -0.05901440
v 0.51945382 -0.00468790 -0.05956581
v 0.31945381 -0.00475001 -0.05956092
v 0.31945381 -0.00006558 -0.05974999
v 0.51945382 -0.00468790 -0.05956581
v 0.47104630 -0.00475001 -0.05956092
v 0.31945381 -0.00475001 -0.05956092
v 0.51945382 -0.00468790 -0.05956581
v 0.87104630 -0.00468790 -0.05956581
v 0.47104630 -0.00475001 -0.05956092
v 0.47104630 -0.00006558 -0.05974999
v 0.87104630 0.00000000 -0.05974999
v 0.87104630 -0.00468790 -0.05956581
v 0.47104630 -0.00006558 -0.05974999
v 0.51945382 -0.00468790 -0.05956581
v 0.31945381 -0.00006558 -0.05974999
v 0.47104630 -0.00006558 -0.05974999
v 0.87104630 -0.00468790 -0.05956581
v 0.51945382 -0.00468790 -0.05956581
v 0.47104630 -0.00006558 -0.05974999
v 0.51945382 0.00000000 -0.05974999
v 0.87104630 0.00000000 -0.05974999
v 0.47104630 -0.00006558 -0.05974999
v 0.31945381 -0.00006558 -0.05974999
v 0.51945382 0.00000000 -0.05974999
v 1.36419499 0.08754456 -0.04934564
v 1.36435103 0.05968648 -0.04941824
v 1.15969396 0.03205496 -0.05655196
v 1.36419499 0.08754456 -0.04934564
v 1.16053402 0.09414148 -0.05589678
v 1.36403298 0.09184736 -0.04930350
v 1.36419499 0.08754456 -0.04934564
v 1.15969396 0.03205496 -0.05655196
v 1.16053402 0.09414148 -0.05589678
v 1.15678596 0.09762454 -0.05589738
v 1.16053402 0.09414148 -0.05589678
v 1.15446103 0.09318143 -0.05609074
v 1.15678596 0.09762454 -0.05589738
v 1.15446103 0.09318143 -0.05609074
v 1.15582001 0.10286320 -0.05571046
v 1.15678596 0.09762454 -0.05589738
v 1.15582001 0.10286320 -0.05571046
v 1.36403298 0.09184736 -0.04930350
v 1.15678596 0.09762454 -0.05589738
v 1.36403298 0.09184736 -0.04930350
v 1.16053402 0.09414148 -0.05589678
v 1.15580297 0.10384750 -0.05557248
v 1.15582001 0.10286320 -0.05571046
v 1.15291095 0.10282540 -0.05574050
v 1.15580297 0.10384750 -0.05557248
v 1.36403298 0.09184736 -0.04930350
v 1.15582001 0.10286320 -0.05571046
v 0.93441468 0.10964350 -0.04808589
v 0.93527430 0.10784280 -0.05168125
v 0.31945381 0.05320781 -0.02718433
v 0.93441468 0.10964350 -0.04808589
v 0.31945381 0.05517661 -0.02292588
v 0.93367761 0.11124280 -0.04437294
v 0.93441468 0.10964350 -0.04808589
v 0.31945381 0.05320781 -0.02718433
v 0.31945381 0.05517661 -0.02292588
v 1.39330006 0.05461680 -0.00869200
v 1.39330006 0.05437767 -0.00800881
v 1.37060201 0.05529922 -0.04360565
v 1.37272501 0.08537238 -0.04472288
v 1.37268496 0.05964267 -0.04494479
v 1.37163103 0.08565884 -0.04613158
v 1.31636405 0.10505760 -0.04425939
v 1.18345797 0.11046120 -0.04626134
v 1.18345797 0.11299510 -0.03942462
v 1.06014502 -0.05426323 -0.01574012
v 1.06157696 -0.05390095 -0.01587256
v 1.06033301 -0.05511420 -0.01099631
v 0.87104630 -0.05682563 -0.01846376
v 1.06014502 -0.05426323 -0.01574012
v 0.91575003 -0.05787974 -0.01256707
v 1.29728997 0.11179730 -0.00920340
v 1.29759896 0.11169760 0.00109312
v 1.38967001 0.08876830 -0.00273338
v 1.38823402 0.08889013 -0.01377859
v 1.38749802 0.08927279 -0.01350781
v 1.38967204 0.08857256 -0.00836179
v 1.06983495 -0.03851634 -0.04133692
v 1.07161796 -0.03477072 -0.04453364
v 1.07273698 -0.03492039 -0.04410991
v 1.06983495 -0.03851634 -0.04133692
v 1.07273698 -0.03492039 -0.04410991
v 1.07093501 -0.03861892 -0.04092559
v 1.06983495 -0.03851634 -0.04133692
v 1.06807303 -0.04197669 -0.03781804
v 0.87104630 -0.04224961 -0.04224964
v 1.06983495 -0.03851634 -0.04133692
v 1.07093501 -0.03861892 -0.04092559
v 1.06807303 -0.04197669 -0.03781804
v 1.06983495 -0.03851634 -0.04133692
v 0.87104630 -0.03880453 -0.04543426
v 1.07161796 -0.03477072 -0.04453364
v 1.06983495 -0.03851634 -0.04133692
v 0.87104630 -0.04224961 -0.04224964
v 0.87104630 -0.03880453 -0.04543426
v 0.87104630 -0.03512012 -0.04833880
v 0.87104630 -0.03121924 -0.05094525
v 1.07381105 -0.02980929 -0.04799643
v 0.87104630 -0.03512012 -0.04833880
v 1.07381105 -0.02980929 -0.04799643
v 1.07161796 -0.03477072 -0.04453364
v 0.87104630 -0.03512012 -0.04833880
v 1.07161796 -0.03477072 -0.04453364
v 0.87104630 -0.03880453 -0.04543426
v 1.36812496 0.05838406 -0.04850736
v 1.36617696 0.05717855 -0.04859271
v 1.36627400 0.05838954 -0.04907074
v 1.36762798 0.05613034 -0.04733428
v 1.06948102 -0.04198759 -0.03722575
v 1.06807303 -0.04197669 -0.03781804
v 1.36762798 0.05613034 -0.04733428
v 1.06807303 -0.04197669 -0.03781804
v 1.07093501 -0.03861892 -0.04092559
v 1.36762798 0.05613034 -0.04733428
v 1.07093501 -0.03861892 -0.04092559
v 1.36602104 0.05613517 -0.04782345
v 1.36762798 0.05613034 -0.04733428
v 1.36602104 0.05613517 -0.04782345
v 1.36617696 0.05717855 -0.04859271
v 1.06445801 -0.05023902 -0.02510562
v 1.06605899 -0.04783380 -0.02940151
v 1.36853099 0.05531942 -0.04568758
v 1.36967003 0.05531024 -0.04474833
v 1.37060201 0.05529922 -0.04360565
v 1.06295896 -0.05226880 -0.02058646
v 1.36967003 0.05531024 -0.04474833
v 1.06445801 -0.05023902 -0.02510562
v 1.36853099 0.05531942 -0.04568758
v 1.36967003 0.05531024 -0.04474833
v 1.06295896 -0.05226880 -0.02058646
v 1.06445801 -0.05023902 -0.02510562
v 0.87104630 -0.04543423 -0.03880450
v 1.06807303 -0.04197669 -0.03781804
v 1.06635106 -0.04512649 -0.03399774
v 0.87104630 -0.04543423 -0.03880450
v 0.87104630 -0.04224961 -0.04224964
v 1.06807303 -0.04197669 -0.03781804
v 1.06468999 -0.04794049 -0.02989909
v 1.06773901 -0.04507583 -0.03344908
v 1.06605899 -0.04783380 -0.02940151
v 1.06468999 -0.04794049 -0.02989909
v 1.06635106 -0.04512649 -0.03399774
v 1.06773901 -0.04507583 -0.03344908
v 1.16732001 0.11328670 -0.03846725
v 1.18345797 0.11480410 -0.03236147
v 1.18345797 0.11299510 -0.03942462
v 1.16732001 0.11328670 -0.03846725
v 1.16564405 0.11331050 -0.03838714
v 1.18345797 0.11480410 -0.03236147
v 1.16732001 0.11328670 -0.03846725
v 0.93277472 0.11317430 -0.03884223
v 1.16564405 0.11331050 -0.03838714
v 1.29394495 0.11202010 -0.02115425
v 1.18345797 0.11480410 -0.03236147
v 1.18345797 0.11586860 -0.02514848
v 0.92926067 0.11611530 -0.01155528
v 0.31945381 0.05974996 -0.00006560
v 0.31945381 0.05974996 -0.00000003
v 0.92926067 0.11611530 -0.01155528
v 0.93002182 0.11617700 -0.01786389
v 0.31945381 0.05974996 -0.00006560
v 0.98245782 0.11650860 -0.00206748
v 0.93049848 0.11611970 -0.02146306
v 0.93002182 0.11617700 -0.01786389
v 0.92929339 0.11586360 0.01416090
v 0.31945381 0.05974996 -0.00000003
v 0.93009531 0.11580030 0.02063420
v 0.29550001 0.05410856 -0.01626375
v 0.29550001 0.05563080 -0.00987217
v 0.31945381 0.05808371 -0.01401212
v 0.29550001 0.05410856 -0.01626375
v 0.31945381 0.05808371 -0.01401212
v 0.31945381 0.05680531 -0.01852610
v 0.29550001 0.05410856 -0.01626375
v 0.31945381 0.05680531 -0.01852610
v 0.29550001 0.05185461 -0.02243545
v 1.18345797 0.11580030 0.02063420
v 0.93056113 0.11568320 0.02405270
v 1.18345797 0.11543420 0.02713122
v 1.18345797 0.11580030 0.02063420
v 1.13007700 0.11650860 0.00628856
v 0.93056113 0.11568320 0.02405270
v 0.98245782 0.11650860 0.00593248
v 0.93009531 0.11580030 0.02063420
v 0.93056113 0.11568320 0.02405270
v 0.98245782 0.11650860 0.00593248
v 0.92929339 0.11586360 0.01416090
v 0.93009531 0.11580030 0.02063420
v 0.98245782 0.11650860 0.00593248
v 0.98245782 0.11650860 -0.00206748
v 0.93002182 0.11617700 -0.01786389
v 0.98245782 0.11650860 0.00593248
v 0.93002182 0.11617700 -0.01786389
v 0.92926067 0.11611530 -0.01155528
v 0.31945381 0.05956602 0.00468460
v 0.31945381 0.05901539 0.00934044
v 0.93132848 0.11509580 0.02987840
v 0.31945381 0.05956602 0.00468460
v 0.93132848 0.11509580 0.02987840
v 0.93056113 0.11568320 0.02405270
v 0.31945381 0.05956602 0.00468460
v 0.93056113 0.11568320 0.02405270
v 0.93009531 0.11580030 0.02063420
v 0.31945381 0.05956602 0.00468460
v 0.93009531 0.11580030 0.02063420
v 0.31945381 0.05974996 -0.00000003
v 0.31945381 0.05956602 0.00468460
v 0.31945381 0.05974996 -0.00000003
v 0.29550001 0.05640792 0.00322321
v 1.29394495 0.11158460 0.02334257
v 1.18345797 0.11543420 0.02713122
v 1.18345797 0.11446640 0.03356614
v 1.05440497 0.10548400 -0.05460020
v 1.15577400 0.10510610 -0.05507776
v 1.15291595 0.10447680 -0.05539694
v 0.93478483 0.10547820 -0.05421623
v 0.31945381 0.02706748 -0.05326738
v 0.31945381 0.03116333 -0.05097946
v 0.93478483 0.10547820 -0.05421623
v 0.31945381 0.03116333 -0.05097946
v 0.93541038 0.10577860 -0.05409130
v 0.93478483 0.10547820 -0.05421623
v 0.31945381 0.02280473 -0.05522689
v 0.31945381 0.02706748 -0.05326738
v 0.93478483 0.10547820 -0.05421623
v 0.93541038 0.10577860 -0.05409130
v 0.93540549 0.10460440 -0.05461993
v 0.93478483 0.10547820 -0.05421623
v 0.93540549 0.10460440 -0.05461993
v 0.31945381 0.02280473 -0.05522689
v 0.93542218 0.10753880 -0.05224087
v 0.31945381 0.04830014 -0.03517320
v 0.31945381 0.05091094 -0.03127518
v 0.93542218 0.10753880 -0.05224087
v 0.31945381 0.05091094 -0.03127518
v 0.93527430 0.10784280 -0.05168125
v 0.51945382 -0.04224961 0.04224958
v 0.31945381 -0.04539161 0.03885433
v 0.87104630 -0.04224961 0.04224958
v 0.51945382 -0.04224961 0.04224958
v 0.31945381 -0.04220318 0.04229590
v 0.31945381 -0.04539161 0.03885433
v 0.29550001 -0.04520630 0.03389152
v 0.29550001 -0.04882717 0.02842804
v 0.31945381 -0.05091094 0.03127512
v 0.29550001 -0.04520630 0.03389152
v 0.31945381 -0.04539161 0.03885433
v 0.29550001 -0.04097706 0.03889891
v 0.31945381 -0.05320781 0.02718427
v 0.29550001 -0.04882717 0.02842804
v 0.29550001 -0.05179089 0.02258202
v 0.31945381 -0.05320781 0.02718427
v 0.29550001 -0.05179089 0.02258202
v 0.31945381 -0.05517667 0.02292582
v 0.31945381 -0.05320781 0.02718427
v 0.31945381 -0.05091094 0.03127512
v 0.29550001 -0.04882717 0.02842804
v 0.51945382 -0.05520176 0.02286526
v 0.31945381 -0.05517667 0.02292582
v 0.31945381 -0.05680531 0.01852604
v 0.31945381 0.04545336 0.03878203
v 0.29550001 0.04113912 0.03872749
v 0.31945381 0.04227274 0.04222640
v 0.31945381 0.04545336 0.03878203
v 0.93731147 0.10262730 0.06082788
v 0.31945381 0.04835414 0.03509888
v 0.93457079 0.10874380 0.05058458
v 0.31945381 0.05324655 0.02710834
v 0.93547571 0.10680570 0.05428197
v 0.93457079 0.10874380 0.05058458
v 0.93379623 0.11046850 0.04675313
v 0.31945381 0.05324655 0.02710834
v 0.29550001 0.05565237 0.00974998
v 0.31945381 0.05956602 0.00468460
v 0.29550001 0.05640792 0.00322321
v 0.29550001 0.05565237 0.00974998
v 0.31945381 0.05901539 0.00934044
v 0.31945381 0.05956602 0.00468460
v 0.29550001 0.04535692 0.03368964
v 0.31945381 0.04835414 0.03509888
v 0.31945381 0.05095720 0.03119966
v 0.29550001 0.04535692 0.03368964
v 0.31945381 0.05095720 0.03119966
v 0.29550001 0.04896140 0.02819624
v 0.29550001 0.04535692 0.03368964
v 0.31945381 0.04545336 0.03878203
v 0.31945381 0.04835414 0.03509888
v 0.29550001 0.04535692 0.03368964
v 0.29550001 0.04113912 0.03872749
v 0.31945381 0.04545336 0.03878203
v 0.31945381 0.01851361 0.05680933
v 0.31945381 0.02291077 0.05518290
v 0.29550001 0.01938235 0.05307134
v 0.31945381 0.01851361 0.05680933
v 0.29550001 0.01938235 0.05307134
v 0.29550001 0.01309007 0.05496266
v 0.31945381 0.01851361 0.05680933
v 0.29550001 0.01309007 0.05496266
v 0.31945381 0.01400250 0.05808600
v 0.31945381 0.00940519 0.05900505
v 0.93729508 0.09979987 0.06275388
v 0.31945381 0.01400250 0.05808600
v 0.31945381 0.00940519 0.05900505
v 0.29550001 0.00662082 0.05611070
v 0.31945381 0.00475001 0.05956086
v 0.31945381 0.00940519 0.05900505
v 0.31945381 0.01400250 0.05808600
v 0.29550001 0.01309007 0.05496266
v 0.31945381 0.00940519 0.05900505
v 0.29550001 0.01309007 0.05496266
v 0.29550001 0.00662082 0.05611070
v 0.93730181 0.10121560 0.06214967
v 0.93656790 0.10119500 0.06209698
v 0.31945381 0.03125560 0.05092290
v 0.93730181 0.10121560 0.06214967
v 0.31945381 0.03125560 0.05092290
v 0.31945381 0.02716678 0.05321672
v 0.93730181 0.10121560 0.06214967
v 0.31945381 0.02716678 0.05321672
v 0.31945381 0.02291077 0.05518290
v 0.93730181 0.10121560 0.06214967
v 1.07762694 0.10108870 0.06253126
v 1.02546096 0.10156050 0.06206706
v 0.93628740 0.10221000 0.06117758
v 0.93730181 0.10121560 0.06214967
v 0.93731147 0.10262730 0.06082788
v 0.93628740 0.10221000 0.06117758
v 0.93656790 0.10119500 0.06209698
v 0.93730181 0.10121560 0.06214967
v 0.93628740 0.10221000 0.06117758
v 0.31945381 0.04545336 0.03878203
v 0.31945381 0.04227274 0.04222640
v 0.93628740 0.10221000 0.06117758
v 0.93731147 0.10262730 0.06082788
v 0.31945381 0.04545336 0.03878203
v 0.93628740 0.10221000 0.06117758
v 0.31945381 0.04227274 0.04222640
v 0.31945381 0.03883194 0.04541078
v 0.93628740 0.10221000 0.06117758
v 0.31945381 0.03883194 0.04541078
v 0.93656790 0.10119500 0.06209698
v 0.51945382 -0.01394832 0.05809906
v 0.31945381 -0.01388454 0.05811431
v 0.31945381 -0.01840138 0.05684581
v 0.51945382 -0.01394832 0.05809906
v 0.47104630 -0.01840138 0.05684581
v 0.87104630 -0.01394832 0.05809906
v 0.51945382 -0.01394832 0.05809906
v 0.31945381 -0.01840138 0.05684581
v 0.47104630 -0.01840138 0.05684581
v 0.47104630 -0.01388454 0.05811431
v 0.87104630 -0.01394832 0.05809906
v 0.87104630 -0.00934696 0.05901434
v 0.47104630 -0.01388454 0.05811431
v 0.51945382 -0.01394832 0.05809906
v 0.87104630 -0.01394832 0.05809906
v 0.47104630 -0.01388454 0.05811431
v 0.31945381 -0.01388454 0.05811431
v 0.51945382 -0.01394832 0.05809906
v 0.51945382 -0.00934696 0.05901434
v 0.31945381 -0.00928217 0.05902454
v 0.31945381 -0.01388454 0.05811431
v 0.51945382 -0.00934696 0.05901434
v 0.47104630 -0.01388454 0.05811431
v 0.87104630 -0.00934696 0.05901434
v 0.51945382 -0.00934696 0.05901434
v 0.31945381 -0.01388454 0.05811431
v 0.47104630 -0.01388454 0.05811431
v 0.31945381 0.00006557 0.05974993
v 0.31945381 0.00475001 0.05956086
v 0.29550001 0.00006200 0.05649992
v 0.31945381 0.00006557 0.05974993
v 0.29550001 0.00006200 0.05649992
v 0.31945381 -0.00462252 0.05957087
v 0.29550001 -0.00648177 0.05612692
v 0.31945381 -0.00462252 0.05957087
v 0.29550001 0.00006200 0.05649992
v 0.29550001 -0.00648177 0.05612692
v 0.29550001 -0.01293832 0.05499860
v 0.31945381 -0.00928217 0.05902454
v 0.29550001 -0.00648177 0.05612692
v 0.31945381 -0.00928217 0.05902454
v 0.31945381 -0.00462252 0.05957087
v 0.91147077 0.02816754 0.06327864
v 0.31945381 0.00006557 0.05974993
v 0.31945381 -0.00462252 0.05957087
v 0.91147077 0.02816754 0.06327864
v 0.91149998 0.05352771 0.06352683
v 0.31945381 0.00006557 0.05974993
v 1.15611398 0.11151170 0.04408296
v 0.93312472 0.11195930 0.04282745
v 0.93379623 0.11046850 0.04675313
v 0.31945381 0.05810135 0.01393875
v 0.29550001 0.05414414 0.01614490
v 0.31945381 0.05682963 0.01845124
v 0.31945381 0.05810135 0.01393875
v 0.29550001 0.05565237 0.00974998
v 0.29550001 0.05414414 0.01614490
v 0.31945381 0.05810135 0.01393875
v 0.31945381 0.05901539 0.00934044
v 0.29550001 0.05565237 0.00974998
v 0.31945381 0.05810135 0.01393875
v 0.93208528 0.11402300 0.03563705
v 0.93132848 0.11509580 0.02987840
v 0.31945381 0.05810135 0.01393875
v 0.93132848 0.11509580 0.02987840
v 0.31945381 0.05901539 0.00934044
v 0.31945381 0.05810135 0.01393875
v 0.31945381 0.05682963 0.01845124
v 0.93252242 0.11321550 0.03880760
v 0.31945381 0.05810135 0.01393875
v 0.93252242 0.11321550 0.03880760
v 0.93208528 0.11402300 0.03563705
v 1.18345797 0.10988060 0.04765531
v 1.32037699 0.10364800 0.04713091
v 1.18345797 0.11076420 0.04602840
v 1.38715398 0.08904522 0.01625701
v 1.29728997 0.11159580 0.01138970
v 1.29636300 0.11149190 0.02168408
v 1.36419499 0.08656197 0.05104956
v 1.09466004 0.03043323 0.06296530
v 1.36435103 0.05870783 0.05057689
v 1.36419499 0.08656197 0.05104956
v 1.36435103 0.05870783 0.05057689
v 1.36630905 0.05870974 0.05038341
v 1.36419499 0.08656197 0.05104956
v 1.36403298 0.09086477 0.05109164
v 1.09417999 0.08246314 0.06349685
v 1.36419499 0.08656197 0.05104956
v 1.09417999 0.08246314 0.06349685
v 1.09466004 0.03043323 0.06296530
v 1.09037805 0.02943170 0.06312754
v 1.08626199 0.02787995 0.06321999
v 1.36435103 0.05870783 0.05057689
v 1.09037805 0.02943170 0.06312754
v 1.36435103 0.05870783 0.05057689
v 1.09466004 0.03043323 0.06296530
v 1.34100103 0.09660726 0.05114784
v 1.09934795 0.10027380 0.06253579
v 1.36403298 0.09086477 0.05109164
v 1.34100103 0.09660726 0.05114784
v 1.34123302 0.09754091 0.05091157
v 1.09934795 0.10027380 0.06253579
v 1.33373296 0.09943735 0.05059620
v 1.09934795 0.10027380 0.06253579
v 1.34123302 0.09754091 0.05091157
v 1.08592498 0.09980267 0.06314900
v 1.09943604 0.09876793 0.06280598
v 1.09934795 0.10027380 0.06253579
v 1.08592498 0.09980267 0.06314900
v 1.08595502 0.09830272 0.06341120
v 1.09943604 0.09876793 0.06280598
v 1.08592498 0.09980267 0.06314900
v 1.07762003 0.09973108 0.06323125
v 1.08595502 0.09830272 0.06341120
v 1.08592498 0.09980267 0.06314900
v 1.07762694 0.10108870 0.06253126
v 1.07762003 0.09973108 0.06323125
v 1.36426604 0.09179848 0.05085536
v 1.34100103 0.09660726 0.05114784
v 1.36403298 0.09086477 0.05109164
v 1.36426604 0.09179848 0.05085536
v 1.34123302 0.09754091 0.05091157
v 1.34100103 0.09660726 0.05114784
v 1.34140801 0.09825032 0.05024257
v 1.33373296 0.09943735 0.05059620
v 1.34123302 0.09754091 0.05091157
v 1.34140801 0.09825032 0.05024257
v 1.33396995 0.10013210 0.04992887
v 1.33373296 0.09943735 0.05059620
v 1.34140801 0.09825032 0.05024257
v 1.36426604 0.09179848 0.05085536
v 1.36444104 0.09250783 0.05018636
v 1.34140801 0.09825032 0.05024257
v 1.34123302 0.09754091 0.05091157
v 1.36426604 0.09179848 0.05085536
v 1.09912598 0.10269700 0.06073078
v 1.11233604 0.10358720 0.05945935
v 0.93731147 0.10262730 0.06082788
v 1.09912598 0.10269700 0.06073078
v 1.11252797 0.10252150 0.06058552
v 1.11233604 0.10358720 0.05945935
v 1.07761395 0.09822559 0.06348875
v 1.08595502 0.09830272 0.06341120
v 1.07762003 0.09973108 0.06323125
v 1.07761395 0.09822559 0.06348875
v 1.08047605 0.08028960 0.06378874
v 1.08595502 0.09830272 0.06341120
v 1.02550900 0.10378950 0.05916187
v 0.93639553 0.10480420 0.05761781
v 0.93731147 0.10262730 0.06082788
v 1.02550900 0.10378950 0.05916187
v 0.93731147 0.10262730 0.06082788
v 1.11233604 0.10358720 0.05945935
v 0.51945382 -0.00934696 -0.05901440
v 0.31945381 -0.00940519 -0.05900511
v 0.31945381 -0.00475001 -0.05956092
v 0.51945382 -0.00934696 -0.05901440
v 0.47104630 -0.00475001 -0.05956092
v 0.87104630 -0.00934696 -0.05901440
v 0.51945382 -0.00934696 -0.05901440
v 0.31945381 -0.00475001 -0.05956092
v 0.47104630 -0.00475001 -0.05956092
v 0.51945382 -0.01394832 -0.05809912
v 0.31945381 -0.01400250 -0.05808606
v 0.31945381 -0.00940519 -0.05900511
v 0.51945382 -0.01394832 -0.05809912
v 0.47104630 -0.01400250 -0.05808606
v 0.31945381 -0.01400250 -0.05808606
v 0.51945382 -0.01394832 -0.05809912
v 0.87104630 -0.01394832 -0.05809912
v 0.47104630 -0.01400250 -0.05808606
v 0.47104630 -0.00940519 -0.05900511
v 0.87104630 -0.00934696 -0.05901440
v 0.87104630 -0.01394832 -0.05809912
v 0.47104630 -0.00940519 -0.05900511
v 0.51945382 -0.00934696 -0.05901440
v 0.87104630 -0.00934696 -0.05901440
v 0.47104630 -0.00940519 -0.05900511
v 0.31945381 -0.00940519 -0.05900511
v 0.51945382 -0.00934696 -0.05901440
v 0.47104630 -0.00940519 -0.05900511
v 0.51945382 -0.01394832 -0.05809912
v 0.31945381 -0.00940519 -0.05900511
v 0.47104630 -0.00940519 -0.05900511
v 0.87104630 -0.01394832 -0.05809912
v 0.51945382 -0.01394832 -0.05809912
v 0.51945382 -0.02286529 -0.05520179
v 0.31945381 -0.02291077 -0.05518296
v 0.31945381 -0.01851361 -0.05680939
v 0.51945382 -0.02286529 -0.05520179
v 0.31945381 -0.01851361 -0.05680939
v 0.87104630 -0.02286529 -0.05520179
v 0.51945382 -0.02712589 -0.05323764
v 0.87104630 -0.02712589 -0.05323764
v 0.31945381 -0.02716678 -0.05321678
v 0.51945382 -0.02712589 -0.05323764
v 0.31945381 -0.02716678 -0.05321678
v 0.31945381 -0.02291077 -0.05518296
v 0.47104630 -0.02291077 -0.05518296
v 0.87104630 -0.02286529 -0.05520179
v 0.87104630 -0.02712589 -0.05323764
v 0.47104630 -0.02291077 -0.05518296
v 0.51945382 -0.02286529 -0.05520179
v 0.87104630 -0.02286529 -0.05520179
v 0.47104630 -0.02291077 -0.05518296
v 0.31945381 -0.02291077 -0.05518296
v 0.51945382 -0.02286529 -0.05520179
v 0.47104630 -0.02291077 -0.05518296
v 0.51945382 -0.02712589 -0.05323764
v 0.31945381 -0.02291077 -0.05518296
v 0.47104630 -0.02291077 -0.05518296
v 0.87104630 -0.02712589 -0.05323764
v 0.51945382 -0.02712589 -0.05323764
v 0.31945381 -0.05956059 0.00475326
v 0.31945381 -0.05900406 0.00941166
v 0.29550001 -0.05559700 0.01006099
v 0.31945381 -0.05956059 0.00475326
v 0.29550001 -0.05559700 0.01006099
v 0.31945381 -0.05974996 0.00006554
v 0.31945381 -0.04545336 -0.03878209
v 0.29550001 -0.04106229 -0.03880897
v 0.31945381 -0.04227280 -0.04222646
v 0.29550001 -0.04528057 -0.03379228
v 0.31945381 -0.04545336 -0.03878209
v 0.31945381 -0.04835414 -0.03509894
v 0.29550001 -0.04528057 -0.03379228
v 0.29550001 -0.04106229 -0.03880897
v 0.31945381 -0.04545336 -0.03878209
v 0.31945381 -0.05901539 -0.00934049
v 0.29550001 -0.05561894 -0.00993899
v 0.31945381 -0.05810135 -0.01393881
v 0.51945382 -0.03121924 -0.05094525
v 0.31945381 -0.03125560 -0.05092296
v 0.31945381 -0.02716678 -0.05321678
v 0.51945382 -0.03121924 -0.05094525
v 0.31945381 -0.02716678 -0.05321678
v 0.87104630 -0.03121924 -0.05094525
v 0.51945382 -0.03121924 -0.05094525
v 0.87104630 -0.03121924 -0.05094525
v 0.31945381 -0.03125560 -0.05092296
v 0.31945381 -0.03883194 -0.04541084
v 0.29550001 -0.03629148 -0.04330334
v 0.31945381 -0.03515195 -0.04831561
v 0.31945381 -0.03883194 -0.04541084
v 0.31945381 -0.04227280 -0.04222646
v 0.29550001 -0.03629148 -0.04330334
v 0.29550001 -0.03103226 -0.04721489
v 0.31945381 -0.03125560 -0.05092296
v 0.31945381 -0.03515195 -0.04831561
v 0.29550001 -0.03103226 -0.04721489
v 0.31945381 -0.03515195 -0.04831561
v 0.29550001 -0.03629148 -0.04330334
v 0.29550001 -0.03103226 -0.04721489
v 0.29550001 -0.02535539 -0.05049112
v 0.31945381 -0.03125560 -0.05092296
v 0.51945382 -0.02286529 0.05520173
v 0.47104630 -0.02280473 0.05522683
v 0.31945381 -0.02280473 0.05522683
v 0.51945382 -0.02286529 0.05520173
v 0.87104630 -0.02286529 0.05520173
v 0.47104630 -0.02280473 0.05522683
v 0.51945382 -0.02286529 0.05520173
v 0.31945381 -0.02280473 0.05522683
v 0.31945381 -0.02706748 0.05326732
v 0.51945382 -0.02712589 0.05323758
v 0.31945381 -0.02706748 0.05326732
v 0.31945381 -0.03116333 0.05097940
v 0.51945382 -0.02712589 0.05323758
v 0.47104630 -0.03116333 0.05097940
v 0.87104630 -0.02712589 0.05323758
v 0.51945382 -0.02712589 0.05323758
v 0.31945381 -0.03116333 0.05097940
v 0.47104630 -0.03116333 0.05097940
v 0.47104630 -0.02706748 0.05326732
v 0.87104630 -0.02712589 0.05323758
v 0.87104630 -0.02286529 0.05520173
v 0.47104630 -0.02706748 0.05326732
v 0.51945382 -0.02712589 0.05323758
v 0.87104630 -0.02712589 0.05323758
v 0.47104630 -0.02706748 0.05326732
v 0.31945381 -0.02706748 0.05326732
v 0.51945382 -0.02712589 0.05323758
v 0.47104630 -0.02706748 0.05326732
v 0.51945382 -0.02286529 0.05520173
v 0.31945381 -0.02706748 0.05326732
v 0.47104630 -0.02706748 0.05326732
v 0.87104630 -0.02286529 0.05520173
v 0.51945382 -0.02286529 0.05520173
v 0.87104630 -0.04833877 0.03512009
v 1.05555201 -0.04837149 0.02919664
v 1.05598295 -0.04527515 0.03379949
v 0.87104630 -0.04833877 0.03512009
v 1.05598295 -0.04527515 0.03379949
v 0.87104630 -0.04543423 0.03880444
v 0.47104630 -0.04539161 0.03885433
v 0.87104630 -0.04543423 0.03880444
v 0.87104630 -0.04224961 0.04224958
v 0.47104630 -0.04539161 0.03885433
v 0.87104630 -0.04224961 0.04224958
v 0.31945381 -0.04539161 0.03885433
v 0.47104630 -0.04539161 0.03885433
v 0.31945381 -0.04539161 0.03885433
v 0.87104630 -0.04543423 0.03880444
v 0.47104630 -0.03875464 0.04547676
v 0.87104630 -0.03880447 0.04543420
v 0.87104630 -0.03512012 0.04833874
v 0.47104630 -0.03875464 0.04547676
v 0.31945381 -0.03875464 0.04547676
v 0.87104630 -0.03880447 0.04543420
v 0.47104630 -0.03875464 0.04547676
v 0.51945382 -0.03512012 0.04833874
v 0.31945381 -0.03875464 0.04547676
v 0.47104630 -0.03875464 0.04547676
v 0.87104630 -0.03512012 0.04833874
v 0.51945382 -0.03512012 0.04833874
v 0.51945382 -0.03880447 0.04543420
v 0.87104630 -0.03880447 0.04543420
v 0.31945381 -0.03875464 0.04547676
v 0.51945382 -0.03880447 0.04543420
v 0.31945381 -0.03875464 0.04547676
v 0.31945381 -0.04220318 0.04229590
v 0.51945382 -0.03880447 0.04543420
v 0.31945381 -0.04220318 0.04229590
v 0.87104630 -0.03880447 0.04543420
v 0.47104630 -0.04220318 0.04229590
v 0.87104630 -0.03880447 0.04543420
v 0.31945381 -0.04220318 0.04229590
v 0.47104630 -0.04220318 0.04229590
v 0.87104630 -0.04224961 0.04224958
v 0.87104630 -0.03880447 0.04543420
v 0.47104630 -0.04220318 0.04229590
v 0.51945382 -0.04224961 0.04224958
v 0.87104630 -0.04224961 0.04224958
v 0.47104630 -0.04220318 0.04229590
v 0.31945381 -0.04220318 0.04229590
v 0.51945382 -0.04224961 0.04224958
v 0.47104630 -0.05974996 0.00006554
v 0.87104630 -0.05956578 0.00468788
v 0.31945381 -0.05974996 0.00006554
v 0.47104630 -0.05974996 0.00006554
v 0.87104630 -0.05974996 -0.00000003
v 0.87104630 -0.05956578 0.00468788
v 0.47104630 -0.05974996 0.00006554
v 0.31945381 -0.05974996 0.00006554
v 0.31945381 -0.05974996 -0.00000003
v 0.47104630 -0.05974996 0.00006554
v 0.31945381 -0.05974996 -0.00000003
v 0.87104630 -0.05974996 -0.00000003
v 0.47104630 -0.05956602 -0.00468466
v 0.87104630 -0.05956578 -0.00468793
v 0.87104630 -0.05974996 -0.00000003
v 0.91862178 -0.05788320 -0.01221838
v 1.05796099 -0.05616092 -0.00618073
v 0.87104630 -0.05956578 -0.00468793
v 0.91862178 -0.05788320 -0.01221838
v 0.87104630 -0.05956578 -0.00468793
v 0.87104630 -0.05901437 -0.00934693
v 0.91862178 -0.05788320 -0.01221838
v 0.87104630 -0.05901437 -0.00934693
v 0.91575003 -0.05787974 -0.01256707
v 0.91862178 -0.05811125 0.01108309
v 0.91575003 -0.05811464 0.01143178
v 0.87104630 -0.05956578 0.00468788
v 0.91862178 -0.05811125 0.01108309
v 0.87104630 -0.05956578 0.00468788
v 1.05645895 -0.05641555 0.00308773
v 0.91862178 -0.05811125 0.01108309
v 1.05645895 -0.05641555 0.00308773
v 1.05578101 -0.05572146 0.00934705
v 0.91862178 -0.05811125 0.01108309
v 1.05578101 -0.05572146 0.00934705
v 0.91575003 -0.05811464 0.01143178
v 0.47104630 -0.05680531 0.01852604
v 0.87104630 -0.05682563 0.01846370
v 0.87104630 -0.05520176 0.02286526
v 0.47104630 -0.05680531 0.01852604
v 0.51945382 -0.05520176 0.02286526
v 0.31945381 -0.05680531 0.01852604
v 0.47104630 -0.05680531 0.01852604
v 0.87104630 -0.05520176 0.02286526
v 0.51945382 -0.05520176 0.02286526
v 0.87104630 -0.05809909 0.01394829
v 0.87104630 -0.05901437 0.00934693
v 0.91575003 -0.05811464 0.01143178
v 0.87104630 -0.05809909 0.01394829
v 0.91575003 -0.05811464 0.01143178
v 0.87104630 -0.05682563 0.01846370
v 0.51945382 -0.05682563 0.01846370
v 0.31945381 -0.05808371 0.01401206
v 0.87104630 -0.05682563 0.01846370
v 0.51945382 -0.05682563 0.01846370
v 0.31945381 -0.05680531 0.01852604
v 0.31945381 -0.05808371 0.01401206
v 0.51945382 -0.05682563 0.01846370
v 0.47104630 -0.05680531 0.01852604
v 0.31945381 -0.05680531 0.01852604
v 0.51945382 -0.05682563 0.01846370
v 0.87104630 -0.05682563 0.01846370
v 0.47104630 -0.05680531 0.01852604
v 0.87104630 -0.05323761 -0.02712592
v 0.87104630 -0.05094522 -0.03121927
v 1.06468999 -0.04794049 -0.02989909
v 0.31945381 -0.05095720 -0.03119972
v 0.29550001 -0.04528057 -0.03379228
v 0.31945381 -0.04835414 -0.03509894
v 1.39330006 0.06119412 0.00089889
v 1.39330006 0.06128597 -0.00848642
v 1.39132905 0.08676671 0.00084915
v 1.39330006 0.06119412 0.00089889
v 1.39132905 0.08676671 0.00084915
v 1.39330006 0.06110811 0.00968423
v 1.39108002 0.08676522 0.00570014
v 1.39330006 0.06103581 0.01018163
v 1.39132905 0.08676671 0.00084915
v 0.87104630 -0.05323761 0.02712586
v 1.05531299 -0.05100619 0.02430251
v 1.05555201 -0.04837149 0.02919664
v 0.87104630 -0.05323761 0.02712586
v 0.87104630 -0.05520176 0.02286526
v 1.05531299 -0.05100619 0.02430251
v 1.36793303 0.05622178 0.04916766
v 1.36617696 0.05621653 0.04970243
v 1.36762798 0.05519318 0.04842373
v 1.36793303 0.05622178 0.04916766
v 1.36762798 0.05519318 0.04842373
v 1.36955094 0.05623030 0.04829922
v 1.37212706 0.05625534 0.04570880
v 1.37096798 0.05624169 0.04713067
v 1.37146497 0.05522412 0.04525956
v 1.37040401 0.05521142 0.04656025
v 1.37146497 0.05522412 0.04525956
v 1.37096798 0.05624169 0.04713067
v 1.37040401 0.05521142 0.04656025
v 1.37096798 0.05624169 0.04713067
v 1.36910796 0.05520093 0.04762926
v 1.37040401 0.05521142 0.04656025
v 1.36910796 0.05520093 0.04762926
v 1.36967003 0.05442386 0.04582223
v 1.37040401 0.05521142 0.04656025
v 1.36967003 0.05442386 0.04582223
v 1.37146497 0.05522412 0.04525956
v 1.36561704 0.08718889 -0.04924944
v 1.36419499 0.08754456 -0.04934564
v 1.36403298 0.09184736 -0.04930350
v 1.36561704 0.08718889 -0.04924944
v 1.36435103 0.05968648 -0.04941824
v 1.36419499 0.08754456 -0.04934564
v 1.05439997 0.10431800 -0.05512049
v 1.15580297 0.10384750 -0.05557248
v 1.15291095 0.10282540 -0.05574050
v 1.05439997 0.10431800 -0.05512049
v 1.15291095 0.10282540 -0.05574050
v 0.93507659 0.10443890 -0.05465456
v 1.05439997 0.10431800 -0.05512049
v 1.15291595 0.10447680 -0.05539694
v 1.15580297 0.10384750 -0.05557248
v 1.15607905 0.10403530 -0.05550906
v 1.15580297 0.10384750 -0.05557248
v 1.15291595 0.10447680 -0.05539694
v 1.15607905 0.10403530 -0.05550906
v 1.15291595 0.10447680 -0.05539694
v 1.15577400 0.10510610 -0.05507776
v 1.03572798 0.11210250 -0.04209193
v 0.93367761 0.11124280 -0.04437294
v 0.93277472 0.11317430 -0.03884223
v 1.03572798 0.11210250 -0.04209193
v 0.93277472 0.11317430 -0.03884223
v 1.03713095 0.11241140 -0.04120835
v 1.03241396 0.11050090 -0.04616889
v 0.93441468 0.10964350 -0.04808589
v 0.93367761 0.11124280 -0.04437294
v 1.37632406 0.05707478 -0.03799262
v 1.37674999 0.05828356 -0.03824028
v 1.39330006 0.05544728 -0.00968960
v 1.37254298 0.05834770 -0.04486331
v 1.37632406 0.05707478 -0.03799262
v 1.37212706 0.05713915 -0.04459908
v 1.37254298 0.05834770 -0.04486331
v 1.37674999 0.05828356 -0.03824028
v 1.37632406 0.05707478 -0.03799262
v 1.37254298 0.05834770 -0.04486331
v 1.37132204 0.05836302 -0.04636129
v 1.37268496 0.05964267 -0.04494479
v 1.37254298 0.05834770 -0.04486331
v 1.37212706 0.05713915 -0.04459908
v 1.37132204 0.05836302 -0.04636129
v 1.37689602 0.05957782 -0.03831574
v 1.37254298 0.05834770 -0.04486331
v 1.37268496 0.05964267 -0.04494479
v 1.37689602 0.05957782 -0.03831574
v 1.37674999 0.05828356 -0.03824028
v 1.37254298 0.05834770 -0.04486331
v 1.37689602 0.05957782 -0.03831574
v 1.37272501 0.08537238 -0.04472288
v 1.37914503 0.08366942 -0.03428640
v 1.37689602 0.05957782 -0.03831574
v 1.37268496 0.05964267 -0.04494479
v 1.37272501 0.08537238 -0.04472288
v 1.39330006 0.05500787 -0.00930020
v 1.37632406 0.05707478 -0.03799262
v 1.39330006 0.05544728 -0.00968960
v 1.39330006 0.05500787 -0.00930020
v 1.37212706 0.05713915 -0.04459908
v 1.37632406 0.05707478 -0.03799262
v 1.37146497 0.05609941 -0.04417011
v 1.39330006 0.05461680 -0.00869200
v 1.37060201 0.05529922 -0.04360565
v 1.37146497 0.05609941 -0.04417011
v 1.37060201 0.05529922 -0.04360565
v 1.36967003 0.05531024 -0.04474833
v 1.37146497 0.05609941 -0.04417011
v 1.39330006 0.05500787 -0.00930020
v 1.39330006 0.05461680 -0.00869200
v 1.37146497 0.05609941 -0.04417011
v 1.37212706 0.05713915 -0.04459908
v 1.39330006 0.05500787 -0.00930020
v 1.37264597 0.09040737 -0.04449728
v 1.37272501 0.08537238 -0.04472288
v 1.37163103 0.08565884 -0.04613158
v 1.37264597 0.09040737 -0.04449728
v 1.37914503 0.08366942 -0.03428640
v 1.37272501 0.08537238 -0.04472288
v 1.38484597 0.08214503 -0.02376833
v 1.38497901 0.08819872 -0.02292338
v 1.39330006 0.05988568 -0.00991443
v 1.38484597 0.08214503 -0.02376833
v 1.39330006 0.05988568 -0.00991443
v 1.37914503 0.08366942 -0.03428640
v 1.38484597 0.08214503 -0.02376833
v 1.37914503 0.08366942 -0.03428640
v 1.38497901 0.08819872 -0.02292338
v 1.38679802 0.08781576 -0.01942119
v 1.39330006 0.05988568 -0.00991443
v 1.38497901 0.08819872 -0.02292338
v 1.39330006 0.06038302 -0.00984207
v 1.38891304 0.08736360 -0.01411196
v 1.38973105 0.08718341 -0.01136830
v 1.39330006 0.06038302 -0.00984207
v 1.38973105 0.08718341 -0.01136830
v 1.39038396 0.08703434 -0.00857797
v 1.39330006 0.06038302 -0.00984207
v 1.38793397 0.08757442 -0.01679942
v 1.38891304 0.08736360 -0.01411196
v 1.39330006 0.06038302 -0.00984207
v 1.38679802 0.08781576 -0.01942119
v 1.38793397 0.08757442 -0.01679942
v 1.39330006 0.06038302 -0.00984207
v 1.39330006 0.05988568 -0.00991443
v 1.38679802 0.08781576 -0.01942119
v 1.39019799 0.08788597 -0.00850049
v 1.39038396 0.08703434 -0.00857797
v 1.38973105 0.08718341 -0.01136830
v 1.39019799 0.08788597 -0.00850049
v 1.39086699 0.08691674 -0.00575146
v 1.39038396 0.08703434 -0.00857797
v 1.39330006 0.06109476 -0.00929156
v 1.39118004 0.08683085 -0.00289968
v 1.39132905 0.08676671 0.00084915
v 1.39098895 0.08768552 -0.00286385
v 1.39132905 0.08676671 0.00084915
v 1.39118004 0.08683085 -0.00289968
v 1.39098895 0.08768552 -0.00286385
v 1.39118004 0.08683085 -0.00289968
v 1.39086699 0.08691674 -0.00575146
v 1.39098895 0.08768552 -0.00286385
v 1.39086699 0.08691674 -0.00575146
v 1.39019799 0.08788597 -0.00850049
v 1.32632899 0.10231500 -0.04762658
v 1.15573895 0.10618590 -0.05426386
v 1.32662499 0.10298130 -0.04695329
v 1.32632899 0.10231500 -0.04762658
v 1.15577400 0.10510610 -0.05507776
v 1.15573895 0.10618590 -0.05426386
v 1.32229900 0.10385010 -0.04624560
v 1.17764604 0.10918060 -0.04893329
v 1.18345797 0.11046120 -0.04626134
v 1.32229900 0.10385010 -0.04624560
v 1.18345797 0.11046120 -0.04626134
v 1.31636405 0.10505760 -0.04425939
v 1.32229900 0.10385010 -0.04624560
v 1.32662499 0.10298130 -0.04695329
v 1.15573895 0.10618590 -0.05426386
v 1.17783296 0.10870610 -0.04960200
v 1.15573895 0.10618590 -0.05426386
v 1.15570104 0.10700790 -0.05319026
v 1.17783296 0.10870610 -0.04960200
v 1.15570104 0.10700790 -0.05319026
v 1.17764604 0.10918060 -0.04893329
v 1.17783296 0.10870610 -0.04960200
v 1.32229900 0.10385010 -0.04624560
v 1.15573895 0.10618590 -0.05426386
v 1.17783296 0.10870610 -0.04960200
v 1.17764604 0.10918060 -0.04893329
v 1.32229900 0.10385010 -0.04624560
v 1.17737401 0.10964030 -0.04809269
v 1.17764604 0.10918060 -0.04893329
v 1.15570104 0.10700790 -0.05319026
v 1.37106597 0.09062474 -0.04647323
v 1.36905801 0.09094274 -0.04797968
v 1.37092698 0.09147763 -0.04630121
v 1.37106597 0.09062474 -0.04647323
v 1.37264597 0.09040737 -0.04449728
v 1.37163103 0.08565884 -0.04613158
v 1.37106597 0.09062474 -0.04647323
v 1.37092698 0.09147763 -0.04630121
v 1.37264597 0.09040737 -0.04449728
v 1.36652601 0.09138226 -0.04899719
v 1.36905801 0.09094274 -0.04797968
v 1.36785603 0.08662497 -0.04867443
v 1.36652601 0.09138226 -0.04899719
v 1.36561704 0.08718889 -0.04924944
v 1.36403298 0.09184736 -0.04930350
v 1.36891603 0.09183633 -0.04779645
v 1.37092698 0.09147763 -0.04630121
v 1.36905801 0.09094274 -0.04797968
v 1.06143105 -0.05272114 -0.02031567
v 1.06295896 -0.05226880 -0.02058646
v 1.06157696 -0.05390095 -0.01587256
v 1.06143105 -0.05272114 -0.02031567
v 1.06157696 -0.05390095 -0.01587256
v 1.06014502 -0.05426323 -0.01574012
v 1.06143105 -0.05272114 -0.02031567
v 0.87104630 -0.05682563 -0.01846376
v 0.87104630 -0.05520176 -0.02286532
v 1.06143105 -0.05272114 -0.02031567
v 1.06014502 -0.05426323 -0.01574012
v 0.87104630 -0.05682563 -0.01846376
v 1.05898297 -0.05541539 -0.01101735
v 1.06014502 -0.05426323 -0.01574012
v 1.06033301 -0.05511420 -0.01099631
v 1.05898297 -0.05541539 -0.01101735
v 1.06033301 -0.05511420 -0.01099631
v 1.05796099 -0.05616092 -0.00618073
v 1.05898297 -0.05541539 -0.01101735
v 0.91575003 -0.05787974 -0.01256707
v 1.06014502 -0.05426323 -0.01574012
v 1.05898297 -0.05541539 -0.01101735
v 0.91862178 -0.05788320 -0.01221838
v 0.91575003 -0.05787974 -0.01256707
v 1.05898297 -0.05541539 -0.01101735
v 1.05796099 -0.05616092 -0.00618073
v 0.91862178 -0.05788320 -0.01221838
v 0.87104630 -0.05809909 -0.01394835
v 0.87104630 -0.05682563 -0.01846376
v 0.91575003 -0.05787974 -0.01256707
v 0.87104630 -0.05809909 -0.01394835
v 0.91575003 -0.05787974 -0.01256707
v 0.87104630 -0.05901437 -0.00934693
v 1.39045095 0.08837610 -0.00280443
v 1.39098895 0.08768552 -0.00286385
v 1.39019799 0.08788597 -0.00850049
v 1.39045095 0.08837610 -0.00280443
v 1.39019799 0.08788597 -0.00850049
v 1.38967204 0.08857256 -0.00836179
v 1.38981295 0.08870720 0.00086815
v 1.38957405 0.08870500 0.00552913
v 1.39055502 0.08830213 0.00280991
v 1.38981295 0.08870720 0.00086815
v 1.38967001 0.08876830 -0.00273338
v 1.29759896 0.11169760 0.00109312
v 1.38981295 0.08870720 0.00086815
v 1.29759896 0.11169760 0.00109312
v 1.38957405 0.08870500 0.00552913
v 1.38981295 0.08870720 0.00086815
v 1.39045095 0.08837610 -0.00280443
v 1.38967001 0.08876830 -0.00273338
v 1.38981295 0.08870720 0.00086815
v 1.39055502 0.08830213 0.00280991
v 1.39045095 0.08837610 -0.00280443
v 1.38890696 0.08896112 -0.00818798
v 1.38967204 0.08857256 -0.00836179
v 1.38749802 0.08927279 -0.01350781
v 1.38890696 0.08896112 -0.00818798
v 1.39045095 0.08837610 -0.00280443
v 1.38967204 0.08857256 -0.00836179
v 1.38890696 0.08896112 -0.00818798
v 1.38967001 0.08876830 -0.00273338
v 1.39045095 0.08837610 -0.00280443
v 1.38890696 0.08896112 -0.00818798
v 1.29728997 0.11179730 -0.00920340
v 1.38967001 0.08876830 -0.00273338
v 1.38890696 0.08896112 -0.00818798
v 1.38749802 0.08927279 -0.01350781
v 1.29728997 0.11179730 -0.00920340
v 1.38998199 0.08835184 0.00839570
v 1.39055502 0.08830213 0.00280991
v 1.38957405 0.08870500 0.00552913
v 1.29636300 0.11189490 -0.01949784
v 1.29728997 0.11179730 -0.00920340
v 1.38749802 0.08927279 -0.01350781
v 1.29636300 0.11189490 -0.01949784
v 1.38372397 0.09006398 -0.02198401
v 1.30013597 0.11083290 -0.02452054
v 1.29487097 0.11209390 -0.00905344
v 1.29759896 0.11169760 0.00109312
v 1.29728997 0.11179730 -0.00920340
v 1.37153494 0.09225296 -0.04337194
v 1.31024897 0.10796200 -0.03446522
v 1.38372397 0.09006398 -0.02198401
v 1.38663805 0.08865511 -0.01926377
v 1.38793397 0.08757442 -0.01679942
v 1.38679802 0.08781576 -0.01942119
v 1.38663805 0.08865511 -0.01926377
v 1.38679802 0.08781576 -0.01942119
v 1.38497901 0.08819872 -0.02292338
v 1.38663805 0.08865511 -0.01926377
v 1.38497901 0.08819872 -0.02292338
v 1.38483095 0.08903247 -0.02274003
v 1.38547003 0.08970081 -0.01861235
v 1.38749802 0.08927279 -0.01350781
v 1.38823402 0.08889013 -0.01377859
v 1.38547003 0.08970081 -0.01861235
v 1.29636300 0.11189490 -0.01949784
v 1.38749802 0.08927279 -0.01350781
v 1.38547003 0.08970081 -0.01861235
v 1.38372397 0.09006398 -0.02198401
v 1.29636300 0.11189490 -0.01949784
v 0.47104630 -0.03515195 -0.04831561
v 0.87104630 -0.03512012 -0.04833880
v 0.87104630 -0.03880453 -0.04543426
v 0.47104630 -0.03125560 -0.05092296
v 0.31945381 -0.03125560 -0.05092296
v 0.87104630 -0.03121924 -0.05094525
v 0.47104630 -0.03125560 -0.05092296
v 0.87104630 -0.03121924 -0.05094525
v 0.87104630 -0.03512012 -0.04833880
v 0.51945382 -0.03512012 -0.04833880
v 0.31945381 -0.03515195 -0.04831561
v 0.31945381 -0.03125560 -0.05092296
v 0.51945382 -0.03512012 -0.04833880
v 0.47104630 -0.03515195 -0.04831561
v 0.31945381 -0.03515195 -0.04831561
v 0.51945382 -0.03512012 -0.04833880
v 0.87104630 -0.03512012 -0.04833880
v 0.47104630 -0.03515195 -0.04831561
v 0.51945382 -0.03512012 -0.04833880
v 0.47104630 -0.03125560 -0.05092296
v 0.87104630 -0.03512012 -0.04833880
v 0.51945382 -0.03512012 -0.04833880
v 0.31945381 -0.03125560 -0.05092296
v 0.47104630 -0.03125560 -0.05092296
v 1.36630905 0.05968457 -0.04922476
v 1.36812496 0.05838406 -0.04850736
v 1.36627400 0.05838954 -0.04907074
v 1.36630905 0.05968457 -0.04922476
v 1.36627400 0.05838954 -0.04907074
v 1.36435103 0.05968648 -0.04941824
v 1.36630905 0.05968457 -0.04922476
v 1.36435103 0.05968648 -0.04941824
v 1.36561704 0.08718889 -0.04924944
v 1.37144196 0.05965757 -0.04646947
v 1.37163103 0.08565884 -0.04613158
v 1.37268496 0.05964267 -0.04494479
v 1.37144196 0.05965757 -0.04646947
v 1.37268496 0.05964267 -0.04494479
v 1.37132204 0.05836302 -0.04636129
v 1.37144196 0.05965757 -0.04646947
v 1.37132204 0.05836302 -0.04636129
v 1.36983001 0.05837506 -0.04759237
v 1.37144196 0.05965757 -0.04646947
v 1.36983001 0.05837506 -0.04759237
v 1.36992395 0.05966985 -0.04772123
v 1.37096798 0.05715340 -0.04602095
v 1.37132204 0.05836302 -0.04636129
v 1.37212706 0.05713915 -0.04459908
v 1.37096798 0.05715340 -0.04602095
v 1.36955094 0.05716478 -0.04718950
v 1.36983001 0.05837506 -0.04759237
v 1.37096798 0.05715340 -0.04602095
v 1.36983001 0.05837506 -0.04759237
v 1.37132204 0.05836302 -0.04636129
v 1.37096798 0.05715340 -0.04602095
v 1.37212706 0.05713915 -0.04459908
v 1.37146497 0.05609941 -0.04417011
v 1.36793303 0.05717331 -0.04805794
v 1.36812496 0.05838406 -0.04850736
v 1.36983001 0.05837506 -0.04759237
v 1.36793303 0.05717331 -0.04805794
v 1.36983001 0.05837506 -0.04759237
v 1.36955094 0.05716478 -0.04718950
v 1.36793303 0.05717331 -0.04805794
v 1.36617696 0.05717855 -0.04859271
v 1.36812496 0.05838406 -0.04850736
v 1.36793303 0.05717331 -0.04805794
v 1.36762798 0.05613034 -0.04733428
v 1.36617696 0.05717855 -0.04859271
v 1.36793303 0.05717331 -0.04805794
v 1.36955094 0.05716478 -0.04718950
v 1.36762798 0.05613034 -0.04733428
v 1.36910796 0.05612260 -0.04653975
v 1.36762798 0.05613034 -0.04733428
v 1.36955094 0.05716478 -0.04718950
v 1.36910796 0.05612260 -0.04653975
v 1.36967003 0.05531024 -0.04474833
v 1.36853099 0.05531942 -0.04568758
v 1.36910796 0.05612260 -0.04653975
v 1.36955094 0.05716478 -0.04718950
v 1.37096798 0.05715340 -0.04602095
v 1.36723101 0.05532628 -0.04638567
v 1.06773901 -0.04507583 -0.03344908
v 1.06948102 -0.04198759 -0.03722575
v 1.36723101 0.05532628 -0.04638567
v 1.06948102 -0.04198759 -0.03722575
v 1.36762798 0.05613034 -0.04733428
v 1.36723101 0.05532628 -0.04638567
v 1.36853099 0.05531942 -0.04568758
v 1.06773901 -0.04507583 -0.03344908
v 1.36723101 0.05532628 -0.04638567
v 1.36910796 0.05612260 -0.04653975
v 1.36853099 0.05531942 -0.04568758
v 1.36723101 0.05532628 -0.04638567
v 1.36762798 0.05613034 -0.04733428
v 1.36910796 0.05612260 -0.04653975
v 0.87104630 -0.04833877 -0.03512015
v 0.87104630 -0.04543423 -0.03880450
v 1.06635106 -0.04512649 -0.03399774
v 0.87104630 -0.04833877 -0.03512015
v 1.06468999 -0.04794049 -0.02989909
v 0.87104630 -0.05094522 -0.03121927
v 0.87104630 -0.04833877 -0.03512015
v 1.06635106 -0.04512649 -0.03399774
v 1.06468999 -0.04794049 -0.02989909
v 0.47104630 -0.04227280 -0.04222646
v 0.87104630 -0.04224961 -0.04224964
v 0.87104630 -0.04543423 -0.03880450
v 1.06310904 -0.05039435 -0.02554711
v 1.06468999 -0.04794049 -0.02989909
v 1.06605899 -0.04783380 -0.02940151
v 1.06310904 -0.05039435 -0.02554711
v 1.06605899 -0.04783380 -0.02940151
v 1.06445801 -0.05023902 -0.02510562
v 1.06310904 -0.05039435 -0.02554711
v 0.87104630 -0.05323761 -0.02712592
v 1.06468999 -0.04794049 -0.02989909
v 1.06310904 -0.05039435 -0.02554711
v 1.06445801 -0.05023902 -0.02510562
v 1.06295896 -0.05226880 -0.02058646
v 1.06310904 -0.05039435 -0.02554711
v 1.06295896 -0.05226880 -0.02058646
v 1.06143105 -0.05272114 -0.02031567
v 1.06310904 -0.05039435 -0.02554711
v 1.06143105 -0.05272114 -0.02031567
v 0.87104630 -0.05520176 -0.02286532
v 1.06310904 -0.05039435 -0.02554711
v 0.87104630 -0.05520176 -0.02286532
v 0.87104630 -0.05323761 -0.02712592
v 1.17021096 0.11304580 -0.03926166
v 1.16247499 0.11312480 -0.03900501
v 1.18345797 0.11299510 -0.03942462
v 1.17021096 0.11304580 -0.03926166
v 0.93277472 0.11317430 -0.03884223
v 1.16247499 0.11312480 -0.03900501
v 1.16892397 0.11318670 -0.03880104
v 1.16732001 0.11328670 -0.03846725
v 1.18345797 0.11299510 -0.03942462
v 1.16892397 0.11318670 -0.03880104
v 1.18345797 0.11299510 -0.03942462
v 1.16247499 0.11312480 -0.03900501
v 1.16892397 0.11318670 -0.03880104
v 1.16247499 0.11312480 -0.03900501
v 0.93277472 0.11317430 -0.03884223
v 1.29422402 0.11193440 -0.02160283
v 1.29771805 0.11085770 -0.02658137
v 1.18345797 0.11480410 -0.03236147
v 1.29422402 0.11193440 -0.02160283
v 1.18345797 0.11480410 -0.03236147
v 1.29394495 0.11202010 -0.02115425
v 1.29394495 0.11219320 -0.01920071
v 1.18345797 0.11586860 -0.02514848
v 1.18345797 0.11617700 -0.01786389
v 1.29394495 0.11219320 -0.01920071
v 1.18345797 0.11617700 -0.01786389
v 1.29487097 0.11209390 -0.00905344
v 0.92880332 0.11605320 -0.00521734
v 0.92926067 0.11611530 -0.01155528
v 0.31945381 0.05974996 -0.00000003
v 0.92880332 0.11605320 -0.00521734
v 0.31945381 0.05974996 -0.00000003
v 0.92865068 0.11599110 0.00113514
v 0.92880332 0.11605320 -0.00521734
v 0.98245782 0.11650860 0.00593248
v 0.92926067 0.11611530 -0.01155528
v 0.92880332 0.11605320 -0.00521734
v 0.92865068 0.11599110 0.00113514
v 0.98245782 0.11650860 0.00593248
v 1.08314204 0.11650860 -0.00552091
v 1.13006902 0.11650860 -0.00595382
v 0.93049848 0.11611970 -0.02146306
v 1.08314204 0.11650860 -0.00552091
v 0.93049848 0.11611970 -0.02146306
v 0.98245782 0.11650860 -0.00206748
v 0.92881137 0.11592720 0.00765595
v 0.92865068 0.11599110 0.00113514
v 0.31945381 0.05974996 -0.00000003
v 0.92881137 0.11592720 0.00765595
v 0.31945381 0.05974996 -0.00000003
v 0.92929339 0.11586360 0.01416090
v 0.92881137 0.11592720 0.00765595
v 0.98245782 0.11650860 0.00593248
v 0.92865068 0.11599110 0.00113514
v 0.92881137 0.11592720 0.00765595
v 0.92929339 0.11586360 0.01416090
v 0.98245782 0.11650860 0.00593248
v 1.01386499 0.11650860 0.00606105
v 0.98245782 0.11650860 0.00593248
v 0.93056113 0.11568320 0.02405270
v 1.16609299 0.11361700 0.03730842
v 0.93208528 0.11402300 0.03563705
v 0.93252242 0.11321550 0.03880760
v 1.16609299 0.11361700 0.03730842
v 1.18345797 0.11446640 0.03356614
v 0.93208528 0.11402300 0.03563705
v 1.15769804 0.11247360 0.04128256
v 0.93252242 0.11321550 0.03880760
v 0.93312472 0.11195930 0.04282745
v 1.31473804 0.10470180 0.04509457
v 1.18345797 0.11290520 0.03988340
v 1.18345797 0.11076420 0.04602840
v 1.30159795 0.10902380 0.03331348
v 1.18345797 0.11446640 0.03356614
v 1.18345797 0.11290520 0.03988340
v 1.29771805 0.11031620 0.02874597
v 1.18345797 0.11446640 0.03356614
v 1.30159795 0.10902380 0.03331348
v 1.29516494 0.11164480 0.02252802
v 1.29636300 0.11149190 0.02168408
v 1.29728997 0.11159580 0.01138970
v 1.29516494 0.11164480 0.02252802
v 1.18345797 0.11543420 0.02713122
v 1.29394495 0.11158460 0.02334257
v 1.13542604 0.11650860 0.00398549
v 1.18345797 0.11580030 0.02063420
v 1.18345797 0.11617700 -0.01786389
v 1.03131402 0.10554160 -0.05450144
v 1.05440497 0.10548400 -0.05460020
v 1.15291595 0.10447680 -0.05539694
v 1.03131402 0.10554160 -0.05450144
v 1.15291595 0.10447680 -0.05539694
v 0.93541038 0.10577860 -0.05409130
v 1.15292299 0.10592000 -0.05452373
v 1.15573895 0.10618590 -0.05426386
v 1.15577400 0.10510610 -0.05507776
v 1.15292299 0.10592000 -0.05452373
v 1.15577400 0.10510610 -0.05507776
v 1.05440497 0.10548400 -0.05460020
v 1.15292299 0.10592000 -0.05452373
v 1.05441105 0.10648010 -0.05380150
v 1.15573895 0.10618590 -0.05426386
v 1.15292299 0.10592000 -0.05452373
v 0.93541038 0.10577860 -0.05409130
v 0.93541610 0.10677880 -0.05328038
v 1.05420303 0.10802170 -0.05134597
v 0.93542218 0.10753880 -0.05224087
v 0.93527430 0.10784280 -0.05168125
v 1.15293097 0.10699070 -0.05322024
v 1.15570104 0.10700790 -0.05319026
v 1.15573895 0.10618590 -0.05426386
v 1.15293097 0.10699070 -0.05322024
v 1.15573895 0.10618590 -0.05426386
v 1.05441105 0.10648010 -0.05380150
v 0.93431890 0.10712890 -0.05266264
v 0.93542218 0.10753880 -0.05224087
v 0.93541610 0.10677880 -0.05328038
v 0.93431890 0.10712890 -0.05266264
v 0.93541610 0.10677880 -0.05328038
v 0.31945381 0.04830014 -0.03517320
v 0.93431890 0.10712890 -0.05266264
v 0.31945381 0.04830014 -0.03517320
v 0.93542218 0.10753880 -0.05224087
v 0.31945381 -0.04830014 0.03517314
v 0.29550001 -0.04520630 0.03389152
v 0.31945381 -0.05091094 0.03127512
v 0.31945381 -0.04830014 0.03517314
v 0.31945381 -0.04539161 0.03885433
v 0.29550001 -0.04520630 0.03389152
v 0.47104630 -0.05517667 0.02292582
v 0.51945382 -0.05520176 0.02286526
v 0.87104630 -0.05520176 0.02286526
v 0.47104630 -0.05517667 0.02292582
v 0.31945381 -0.05517667 0.02292582
v 0.51945382 -0.05520176 0.02286526
v 0.47104630 -0.05517667 0.02292582
v 0.87104630 -0.05323761 0.02712586
v 0.31945381 -0.05517667 0.02292582
v 0.47104630 -0.05517667 0.02292582
v 0.87104630 -0.05520176 0.02286526
v 0.87104630 -0.05323761 0.02712586
v 0.93690628 0.09997481 0.06268897
v 0.31945381 0.01851361 0.05680933
v 0.31945381 0.01400250 0.05808600
v 0.93690628 0.09997481 0.06268897
v 0.31945381 0.01400250 0.05808600
v 0.93729508 0.09979987 0.06275388
v 0.93690628 0.09997481 0.06268897
v 0.31945381 0.02291077 0.05518290
v 0.31945381 0.01851361 0.05680933
v 0.93690628 0.09997481 0.06268897
v 0.93730181 0.10121560 0.06214967
v 0.31945381 0.02291077 0.05518290
v 0.93690628 0.09997481 0.06268897
v 0.93729508 0.09979987 0.06275388
v 1.07762003 0.09973108 0.06323125
v 0.93697131 0.09871333 0.06289425
v 0.31945381 0.00940519 0.05900505
v 0.31945381 0.00475001 0.05956086
v 0.93697131 0.09871333 0.06289425
v 0.93729508 0.09979987 0.06275388
v 0.31945381 0.00940519 0.05900505
v 1.02546000 0.10178670 0.06186059
v 1.02546096 0.10156050 0.06206706
v 1.07762694 0.10108870 0.06253126
v 1.02546000 0.10178670 0.06186059
v 0.93730181 0.10121560 0.06214967
v 1.02546096 0.10156050 0.06206706
v 1.02546000 0.10178670 0.06186059
v 0.93731147 0.10262730 0.06082788
v 0.93730181 0.10121560 0.06214967
v 1.02546000 0.10178670 0.06186059
v 1.02545905 0.10199970 0.06164064
v 0.93731147 0.10262730 0.06082788
v 1.08047605 0.02816730 0.06327864
v 1.08620501 0.02731508 0.06316128
v 1.08626199 0.02787995 0.06321999
v 1.08047605 0.02816730 0.06327864
v 1.08626199 0.02787995 0.06321999
v 1.08047605 0.08028960 0.06378874
v 0.51945382 -0.00468790 0.05956575
v 0.31945381 -0.00462252 0.05957087
v 0.31945381 -0.00928217 0.05902454
v 0.47104630 -0.00928217 0.05902454
v 0.87104630 -0.00934696 0.05901434
v 0.87104630 -0.00468790 0.05956575
v 0.47104630 -0.00928217 0.05902454
v 0.51945382 -0.00468790 0.05956575
v 0.31945381 -0.00928217 0.05902454
v 0.47104630 -0.00928217 0.05902454
v 0.87104630 -0.00468790 0.05956575
v 0.51945382 -0.00468790 0.05956575
v 0.47104630 -0.00928217 0.05902454
v 0.51945382 -0.00934696 0.05901434
v 0.87104630 -0.00934696 0.05901434
v 0.47104630 -0.00928217 0.05902454
v 0.31945381 -0.00928217 0.05902454
v 0.51945382 -0.00934696 0.05901434
v 1.17541802 0.11197630 0.04277816
v 1.18345797 0.11076420 0.04602840
v 1.18345797 0.11290520 0.03988340
v 1.17541802 0.11197630 0.04277816
v 0.93312472 0.11195930 0.04282745
v 1.15611398 0.11151170 0.04408296
v 1.32360494 0.10306230 0.04764744
v 1.32037699 0.10364800 0.04713091
v 1.32337296 0.10272940 0.04846277
v 1.32662499 0.10204270 0.04895982
v 1.32360494 0.10306230 0.04764744
v 1.32337296 0.10272940 0.04846277
v 1.32662499 0.10204270 0.04895982
v 1.32685995 0.10231200 0.04803386
v 1.32360494 0.10306230 0.04764744
v 1.32194805 0.10376910 0.04502567
v 1.32685995 0.10231200 0.04803386
v 1.37013304 0.09159803 0.04697611
v 1.32194805 0.10376910 0.04502567
v 1.32360494 0.10306230 0.04764744
v 1.32685995 0.10231200 0.04803386
v 1.32194805 0.10376910 0.04502567
v 1.31715298 0.10519770 0.04181632
v 1.32360494 0.10306230 0.04764744
v 1.30013597 0.11033170 0.02668502
v 1.29894197 0.11044850 0.02773466
v 1.30401504 0.10914990 0.03091242
v 1.31035995 0.10723330 0.03666338
v 1.30917394 0.10725360 0.03813222
v 1.31715298 0.10519770 0.04181632
v 1.30282497 0.10922980 0.03213855
v 1.30401504 0.10914990 0.03091242
v 1.29894197 0.11044850 0.02773466
v 1.30282497 0.10922980 0.03213855
v 1.29771805 0.11031620 0.02874597
v 1.30159795 0.10902380 0.03331348
v 1.30282497 0.10922980 0.03213855
v 1.29894197 0.11044850 0.02773466
v 1.29771805 0.11031620 0.02874597
v 1.09923506 0.10162600 0.06182172
v 1.11252797 0.10252150 0.06058552
v 1.09912598 0.10269700 0.06073078
v 1.09923506 0.10162600 0.06182172
v 1.33373296 0.09943735 0.05059620
v 1.11252797 0.10252150 0.06058552
v 1.09923506 0.10162600 0.06182172
v 1.09934795 0.10027380 0.06253579
v 1.33373296 0.09943735 0.05059620
v 1.09923506 0.10162600 0.06182172
v 1.09912598 0.10269700 0.06073078
v 1.08585203 0.10223210 0.06137165
v 1.32015300 0.10327230 0.04783889
v 1.18345797 0.10988060 0.04765531
v 1.32337296 0.10272940 0.04846277
v 1.32015300 0.10327230 0.04783889
v 1.32337296 0.10272940 0.04846277
v 1.32037699 0.10364800 0.04713091
v 1.32015300 0.10327230 0.04783889
v 1.32037699 0.10364800 0.04713091
v 1.18345797 0.10988060 0.04765531
v 1.15560102 0.10769200 0.05230870
v 1.32337296 0.10272940 0.04846277
v 1.18345797 0.10988060 0.04765531
v 1.15560102 0.10769200 0.05230870
v 1.13444996 0.10588060 0.05587622
v 1.32337296 0.10272940 0.04846277
v 1.15560102 0.10769200 0.05230870
v 1.14535797 0.10728410 0.05341765
v 1.13444996 0.10588060 0.05587622
v 1.38868499 0.08881443 0.01096889
v 1.38957405 0.08870500 0.00552913
v 1.29728997 0.11159580 0.01138970
v 1.38868499 0.08881443 0.01096889
v 1.29728997 0.11159580 0.01138970
v 1.38715398 0.08904522 0.01625701
v 1.38868499 0.08881443 0.01096889
v 1.38998199 0.08835184 0.00839570
v 1.38957405 0.08870500 0.00552913
v 1.38868499 0.08881443 0.01096889
v 1.38715398 0.08904522 0.01625701
v 1.38874400 0.08852529 0.01386889
v 1.38868499 0.08881443 0.01096889
v 1.38874400 0.08852529 0.01386889
v 1.38998199 0.08835184 0.00839570
v 1.38722205 0.08876401 0.01828542
v 1.38874400 0.08852529 0.01386889
v 1.38715398 0.08904522 0.01625701
v 1.38372397 0.08961641 0.02374252
v 1.30013597 0.11033170 0.02668502
v 1.30401504 0.10914990 0.03091242
v 1.38372397 0.08961641 0.02374252
v 1.29636300 0.11149190 0.02168408
v 1.30013597 0.11033170 0.02668502
v 1.09151101 0.08203923 0.06360289
v 1.09037805 0.02943170 0.06312754
v 1.09466004 0.03043323 0.06296530
v 1.09151101 0.08203923 0.06360289
v 1.09466004 0.03043323 0.06296530
v 1.09417999 0.08246314 0.06349685
v 1.09151101 0.08203923 0.06360289
v 1.08626199 0.02787995 0.06321999
v 1.09037805 0.02943170 0.06312754
v 1.09151101 0.08203923 0.06360289
v 1.08047605 0.08028960 0.06378874
v 1.08626199 0.02787995 0.06321999
v 1.09151101 0.08203923 0.06360289
v 1.09417999 0.08246314 0.06349685
v 1.08595502 0.09830272 0.06341120
v 1.09151101 0.08203923 0.06360289
v 1.08595502 0.09830272 0.06341120
v 1.08047605 0.08028960 0.06378874
v 1.34148300 0.09856134 0.04930499
v 1.33396995 0.10013210 0.04992887
v 1.34140801 0.09825032 0.05024257
v 1.34148300 0.09856134 0.04930499
v 1.34140801 0.09825032 0.05024257
v 1.36444104 0.09250783 0.05018636
v 1.34148300 0.09856134 0.04930499
v 1.36444104 0.09250783 0.05018636
v 1.36451602 0.09281885 0.04924878
v 1.04818296 0.10256460 0.06091478
v 1.08585203 0.10223210 0.06137165
v 1.09912598 0.10269700 0.06073078
v 1.04823601 0.09945547 0.06321629
v 1.07761395 0.09822559 0.06348875
v 1.07762003 0.09973108 0.06323125
v 0.91341490 0.05790823 0.06346431
v 0.31945381 0.00006557 0.05974993
v 0.91149998 0.05352771 0.06352683
v 1.04538095 0.10663300 0.05458697
v 1.13444996 0.10588060 0.05587622
v 1.14535797 0.10728410 0.05341765
v 1.02655005 0.10608480 0.05553242
v 0.93547571 0.10680570 0.05428197
v 0.93639553 0.10480420 0.05761781
v 1.02655005 0.10608480 0.05553242
v 1.04538095 0.10663300 0.05458697
v 0.93547571 0.10680570 0.05428197
v 1.02655005 0.10608480 0.05553242
v 1.13444996 0.10588060 0.05587622
v 1.04538095 0.10663300 0.05458697
v 0.51945382 -0.05956578 0.00468788
v 0.31945381 -0.05956059 0.00475326
v 0.31945381 -0.05974996 0.00006554
v 0.51945382 -0.05956578 0.00468788
v 0.31945381 -0.05974996 0.00006554
v 0.87104630 -0.05956578 0.00468788
v 0.47104630 -0.05956059 0.00475326
v 0.87104630 -0.05956578 0.00468788
v 0.87104630 -0.05901437 0.00934693
v 0.47104630 -0.05956059 0.00475326
v 0.51945382 -0.05956578 0.00468788
v 0.87104630 -0.05956578 0.00468788
v 0.47104630 -0.05956059 0.00475326
v 0.31945381 -0.05956059 0.00475326
v 0.51945382 -0.05956578 0.00468788
v 0.51945382 -0.05901437 0.00934693
v 0.31945381 -0.05900406 0.00941166
v 0.31945381 -0.05956059 0.00475326
v 0.51945382 -0.05901437 0.00934693
v 0.47104630 -0.05956059 0.00475326
v 0.87104630 -0.05901437 0.00934693
v 0.51945382 -0.05901437 0.00934693
v 0.31945381 -0.05956059 0.00475326
v 0.47104630 -0.05956059 0.00475326
v 0.51945382 -0.04543423 -0.03880450
v 0.31945381 -0.04545336 -0.03878209
v 0.31945381 -0.04227280 -0.04222646
v 0.51945382 -0.04543423 -0.03880450
v 0.47104630 -0.04227280 -0.04222646
v 0.87104630 -0.04543423 -0.03880450
v 0.51945382 -0.04543423 -0.03880450
v 0.31945381 -0.04227280 -0.04222646
v 0.47104630 -0.04227280 -0.04222646
v 0.31945381 -0.05956602 -0.00468466
v 0.31945381 -0.05974996 -0.00000003
v 0.29550001 -0.05561894 -0.00993899
v 0.31945381 -0.05956602 -0.00468466
v 0.29550001 -0.05561894 -0.00993899
v 0.31945381 -0.05901539 -0.00934049
v 0.31945381 -0.05956602 -0.00468466
v 0.87104630 -0.05956578 -0.00468793
v 0.47104630 -0.05956602 -0.00468466
v 0.31945381 -0.05956602 -0.00468466
v 0.47104630 -0.05956602 -0.00468466
v 0.87104630 -0.05974996 -0.00000003
v 0.31945381 -0.05956602 -0.00468466
v 0.87104630 -0.05974996 -0.00000003
v 0.31945381 -0.05974996 -0.00000003
v 0.51945382 -0.05901437 -0.00934693
v 0.31945381 -0.05901539 -0.00934049
v 0.31945381 -0.05810135 -0.01393881
v 0.47104630 -0.05901539 -0.00934049
v 0.87104630 -0.05901437 -0.00934693
v 0.87104630 -0.05956578 -0.00468793
v 0.47104630 -0.05901539 -0.00934049
v 0.51945382 -0.05901437 -0.00934693
v 0.87104630 -0.05901437 -0.00934693
v 0.47104630 -0.05901539 -0.00934049
v 0.31945381 -0.05901539 -0.00934049
v 0.51945382 -0.05901437 -0.00934693
v 0.31945381 -0.05520802 -0.02285018
v 0.31945381 -0.05682963 -0.01845130
v 0.29550001 -0.05184036 -0.02246835
v 0.31945381 -0.05520802 -0.02285018
v 0.29550001 -0.05184036 -0.02246835
v 0.31945381 -0.05324655 -0.02710840
v 0.29550001 -0.05409359 -0.01631340
v 0.31945381 -0.05682963 -0.01845130
v 0.31945381 -0.05810135 -0.01393881
v 0.29550001 -0.05409359 -0.01631340
v 0.31945381 -0.05810135 -0.01393881
v 0.29550001 -0.05561894 -0.00993899
v 0.29550001 -0.05409359 -0.01631340
v 0.29550001 -0.05184036 -0.02246835
v 0.31945381 -0.05682963 -0.01845130
v 0.51945382 -0.03880453 -0.04543426
v 0.31945381 -0.03883194 -0.04541084
v 0.31945381 -0.03515195 -0.04831561
v 0.51945382 -0.03880453 -0.04543426
v 0.47104630 -0.03515195 -0.04831561
v 0.87104630 -0.03880453 -0.04543426
v 0.51945382 -0.03880453 -0.04543426
v 0.31945381 -0.03515195 -0.04831561
v 0.47104630 -0.03515195 -0.04831561
v 0.47104630 -0.03883194 -0.04541084
v 0.87104630 -0.03880453 -0.04543426
v 0.87104630 -0.04224961 -0.04224964
v 0.47104630 -0.03883194 -0.04541084
v 0.51945382 -0.03880453 -0.04543426
v 0.87104630 -0.03880453 -0.04543426
v 0.47104630 -0.03883194 -0.04541084
v 0.31945381 -0.03883194 -0.04541084
v 0.51945382 -0.03880453 -0.04543426
v 0.51945382 -0.04224961 -0.04224964
v 0.31945381 -0.04227280 -0.04222646
v 0.31945381 -0.03883194 -0.04541084
v 0.51945382 -0.04224961 -0.04224964
v 0.47104630 -0.03883194 -0.04541084
v 0.87104630 -0.04224961 -0.04224964
v 0.51945382 -0.04224961 -0.04224964
v 0.31945381 -0.03883194 -0.04541084
v 0.47104630 -0.03883194 -0.04541084
v 0.51945382 -0.04224961 -0.04224964
v 0.47104630 -0.04227280 -0.04222646
v 0.31945381 -0.04227280 -0.04222646
v 0.51945382 -0.04224961 -0.04224964
v 0.87104630 -0.04224961 -0.04224964
v 0.47104630 -0.04227280 -0.04222646
v 0.47104630 -0.05808371 0.01401206
v 0.87104630 -0.05809909 0.01394829
v 0.87104630 -0.05682563 0.01846370
v 0.47104630 -0.05808371 0.01401206
v 0.87104630 -0.05682563 0.01846370
v 0.31945381 -0.05808371 0.01401206
v 0.51945382 -0.05809909 0.01394829
v 0.31945381 -0.05808371 0.01401206
v 0.31945381 -0.05900406 0.00941166
v 0.51945382 -0.05809909 0.01394829
v 0.47104630 -0.05808371 0.01401206
v 0.31945381 -0.05808371 0.01401206
v 0.51945382 -0.05809909 0.01394829
v 0.87104630 -0.05809909 0.01394829
v 0.47104630 -0.05808371 0.01401206
v 0.47104630 -0.05900406 0.00941166
v 0.87104630 -0.05901437 0.00934693
v 0.87104630 -0.05809909 0.01394829
v 0.47104630 -0.05900406 0.00941166
v 0.51945382 -0.05809909 0.01394829
v 0.31945381 -0.05900406 0.00941166
v 0.47104630 -0.05900406 0.00941166
v 0.87104630 -0.05809909 0.01394829
v 0.51945382 -0.05809909 0.01394829
v 0.47104630 -0.05900406 0.00941166
v 0.51945382 -0.05901437 0.00934693
v 0.87104630 -0.05901437 0.00934693
v 0.47104630 -0.05900406 0.00941166
v 0.31945381 -0.05900406 0.00941166
v 0.51945382 -0.05901437 0.00934693
v 0.47104630 -0.05324655 -0.02710840
v 0.87104630 -0.05323761 -0.02712592
v 0.87104630 -0.05520176 -0.02286532
v 0.47104630 -0.05324655 -0.02710840
v 0.31945381 -0.05324655 -0.02710840
v 0.87104630 -0.05323761 -0.02712592
v 0.51945382 -0.05094522 -0.03121927
v 0.31945381 -0.05095720 -0.03119972
v 0.31945381 -0.04835414 -0.03509894
v 0.51945382 -0.05323761 -0.02712592
v 0.87104630 -0.05323761 -0.02712592
v 0.31945381 -0.05324655 -0.02710840
v 0.51945382 -0.05323761 -0.02712592
v 0.31945381 -0.05324655 -0.02710840
v 0.31945381 -0.05095720 -0.03119972
v 0.47104630 -0.05095720 -0.03119972
v 0.87104630 -0.05094522 -0.03121927
v 0.87104630 -0.05323761 -0.02712592
v 0.47104630 -0.05095720 -0.03119972
v 0.51945382 -0.05094522 -0.03121927
v 0.87104630 -0.05094522 -0.03121927
v 0.47104630 -0.05095720 -0.03119972
v 0.31945381 -0.05095720 -0.03119972
v 0.51945382 -0.05094522 -0.03121927
v 0.47104630 -0.05095720 -0.03119972
v 0.51945382 -0.05323761 -0.02712592
v 0.31945381 -0.05095720 -0.03119972
v 0.47104630 -0.05095720 -0.03119972
v 0.87104630 -0.05323761 -0.02712592
v 0.51945382 -0.05323761 -0.02712592
v 0.29550001 -0.04888939 -0.02832087
v 0.31945381 -0.05095720 -0.03119972
v 0.31945381 -0.05324655 -0.02710840
v 0.29550001 -0.04888939 -0.02832087
v 0.31945381 -0.05324655 -0.02710840
v 0.29550001 -0.05184036 -0.02246835
v 0.29550001 -0.04888939 -0.02832087
v 0.29550001 -0.04528057 -0.03379228
v 0.31945381 -0.05095720 -0.03119972
v 0.29550001 -0.04888939 -0.02832087
v 0.29550001 -0.05184036 -0.02246835
v 0.29550001 -0.05409359 -0.01631340
v 0.29550001 -0.04888939 -0.02832087
v 0.29550001 -0.04106229 -0.03880897
v 0.29550001 -0.04528057 -0.03379228
v 0.29550001 -0.04888939 -0.02832087
v 0.29550001 -0.03629148 -0.04330334
v 0.29550001 -0.04106229 -0.03880897
v 0.29550001 -0.04888939 -0.02832087
v 0.29550001 -0.03103226 -0.04721489
v 0.29550001 -0.03629148 -0.04330334
v 0.29550001 -0.04888939 -0.02832087
v 0.29550001 -0.02535539 -0.05049112
v 0.29550001 -0.03103226 -0.04721489
v 0.29550001 -0.04888939 -0.02832087
v 0.29550001 -0.01933729 -0.05308786
v 0.29550001 -0.02535539 -0.05049112
v 0.29550001 -0.04888939 -0.02832087
v 0.29550001 -0.01305902 -0.05497011
v 0.29550001 -0.01933729 -0.05308786
v 0.29550001 -0.04888939 -0.02832087
v 0.29550001 -0.00660491 -0.05611261
v 0.29550001 -0.01305902 -0.05497011
v 0.29550001 -0.04888939 -0.02832087
v 0.29550001 -0.00006201 -0.05649998
v 0.29550001 -0.00660491 -0.05611261
v 0.29550001 -0.04888939 -0.02832087
v 0.29550001 0.00649762 -0.05612513
v 0.29550001 -0.00006201 -0.05649998
v 0.29550001 -0.04888939 -0.02832087
v 0.29550001 0.01296943 -0.05499133
v 0.29550001 0.00649762 -0.05612513
v 0.29550001 -0.04888939 -0.02832087
v 0.29550001 0.01926583 -0.05311378
v 0.29550001 0.01296943 -0.05499133
v 0.29550001 -0.04888939 -0.02832087
v 0.29550001 0.02530169 -0.05051806
v 0.29550001 0.01926583 -0.05311378
v 0.29550001 -0.04888939 -0.02832087
v 0.29550001 0.03099542 -0.04723909
v 0.29550001 0.02530169 -0.05051806
v 0.29550001 -0.04888939 -0.02832087
v 0.29550001 0.03626996 -0.04332134
v 0.29550001 0.03099542 -0.04723909
v 0.29550001 -0.04888939 -0.02832087
v 0.29550001 0.04105401 -0.03881773
v 0.29550001 0.03626996 -0.04332134
v 0.29550001 -0.04888939 -0.02832087
v 0.29550001 0.04528290 -0.03378918
v 0.29550001 0.04105401 -0.03881773
v 0.29550001 -0.04888939 -0.02832087
v 0.29550001 0.04889935 -0.02830371
v 0.29550001 0.04528290 -0.03378918
v 0.29550001 -0.04888939 -0.02832087
v 0.29550001 0.05185461 -0.02243545
v 0.29550001 0.04889935 -0.02830371
v 0.29550001 -0.04888939 -0.02832087
v 0.29550001 0.05410856 -0.01626375
v 0.29550001 0.05185461 -0.02243545
v 0.29550001 -0.04888939 -0.02832087
v 0.29550001 0.05563080 -0.00987217
v 0.29550001 0.05410856 -0.01626375
v 0.29550001 -0.04888939 -0.02832087
v 0.29550001 0.05640077 -0.00334707
v 0.29550001 0.05563080 -0.00987217
v 0.29550001 -0.04888939 -0.02832087
v 0.29550001 0.05640792 0.00322321
v 0.29550001 0.05640077 -0.00334707
v 0.29550001 -0.04888939 -0.02832087
v 0.29550001 0.05565237 0.00974998
v 0.29550001 0.05640792 0.00322321
v 0.29550001 -0.04888939 -0.02832087
v 0.29550001 0.05414414 0.01614490
v 0.29550001 0.05565237 0.00974998
v 0.29550001 -0.04888939 -0.02832087
v 0.29550001 0.05190372 0.02232149
v 0.29550001 0.05414414 0.01614490
v 0.29550001 -0.04888939 -0.02832087
v 0.29550001 0.04896140 0.02819624
v 0.29550001 0.05190372 0.02232149
v 0.29550001 -0.04888939 -0.02832087
v 0.29550001 0.04535692 0.03368964
v 0.29550001 0.04896140 0.02819624
v 0.29550001 -0.04888939 -0.02832087
v 0.29550001 0.04113912 0.03872749
v 0.29550001 0.04535692 0.03368964
v 0.29550001 -0.04888939 -0.02832087
v 0.29550001 0.03636497 0.04324159
v 0.29550001 0.04113912 0.03872749
v 0.29550001 -0.04888939 -0.02832087
v 0.29550001 0.03109902 0.04717090
v 0.29550001 0.03636497 0.04324159
v 0.29550001 -0.04888939 -0.02832087
v 0.29550001 0.02541255 0.05046233
v 0.29550001 0.03109902 0.04717090
v 0.29550001 -0.04888939 -0.02832087
v 0.29550001 0.01938235 0.05307134
v 0.29550001 0.02541255 0.05046233
v 0.29550001 -0.04888939 -0.02832087
v 0.29550001 0.01309007 0.05496266
v 0.29550001 0.01938235 0.05307134
v 0.29550001 -0.04888939 -0.02832087
v 0.29550001 0.00662082 0.05611070
v 0.29550001 0.01309007 0.05496266
v 0.29550001 -0.04888939 -0.02832087
v 0.29550001 0.00006200 0.05649992
v 0.29550001 0.00662082 0.05611070
v 0.29550001 -0.04888939 -0.02832087
v 0.29550001 -0.00648177 0.05612692
v 0.29550001 0.00006200 0.05649992
v 0.29550001 -0.04888939 -0.02832087
v 0.29550001 -0.01293832 0.05499860
v 0.29550001 -0.00648177 0.05612692
v 0.29550001 -0.04888939 -0.02832087
v 0.29550001 -0.01922076 0.05313011
v 0.29550001 -0.01293832 0.05499860
v 0.29550001 -0.04888939 -0.02832087
v 0.29550001 -0.02524453 0.05054661
v 0.29550001 -0.01922076 0.05313011
v 0.29550001 -0.04888939 -0.02832087
v 0.29550001 -0.03092855 0.04728284
v 0.29550001 -0.02524453 0.05054661
v 0.29550001 -0.04888939 -0.02832087
v 0.29550001 -0.03619635 0.04338279
v 0.29550001 -0.03092855 0.04728284
v 0.29550001 -0.04888939 -0.02832087
v 0.29550001 -0.04097706 0.03889891
v 0.29550001 -0.03619635 0.04338279
v 0.29550001 -0.04888939 -0.02832087
v 0.29550001 -0.04520630 0.03389152
v 0.29550001 -0.04097706 0.03889891
v 0.29550001 -0.04888939 -0.02832087
v 0.29550001 -0.04882717 0.02842804
v 0.29550001 -0.04520630 0.03389152
v 0.29550001 -0.04888939 -0.02832087
v 0.29550001 -0.05179089 0.02258202
v 0.29550001 -0.04882717 0.02842804
v 0.29550001 -0.04888939 -0.02832087
v 0.29550001 -0.05405765 0.01643207
v 0.29550001 -0.05179089 0.02258202
v 0.29550001 -0.04888939 -0.02832087
v 0.29550001 -0.05559700 0.01006099
v 0.29550001 -0.05405765 0.01643207
v 0.29550001 -0.04888939 -0.02832087
v 0.29550001 -0.05409359 -0.01631340
v 0.29550001 -0.05561894 -0.00993899
v 0.29550001 -0.04888939 -0.02832087
v 0.29550001 -0.05561894 -0.00993899
v 0.29550001 -0.05559700 0.01006099
v 1.39109504 0.08761036 0.00283107
v 1.39108002 0.08676522 0.00570014
v 1.39132905 0.08676671 0.00084915
v 1.39109504 0.08761036 0.00283107
v 1.39132905 0.08676671 0.00084915
v 1.39098895 0.08768552 -0.00286385
v 1.39109504 0.08761036 0.00283107
v 1.39045095 0.08837610 -0.00280443
v 1.39055502 0.08830213 0.00280991
v 1.39109504 0.08761036 0.00283107
v 1.39098895 0.08768552 -0.00286385
v 1.39045095 0.08837610 -0.00280443
v 1.39015198 0.08688235 0.01136073
v 1.39330006 0.06048524 0.01089331
v 1.39070106 0.08680766 0.00854477
v 1.39015198 0.08688235 0.01136073
v 1.38943505 0.08698916 0.01413688
v 1.39330006 0.06048524 0.01089331
v 1.39330006 0.06074750 0.01068684
v 1.39108002 0.08676522 0.00570014
v 1.39070106 0.08680766 0.00854477
v 1.39330006 0.06074750 0.01068684
v 1.39070106 0.08680766 0.00854477
v 1.39330006 0.06048524 0.01089331
v 1.39330006 0.06074750 0.01068684
v 1.39330006 0.06103581 0.01018163
v 1.39108002 0.08676522 0.00570014
v 0.87104630 -0.05094522 0.03121921
v 0.87104630 -0.05323761 0.02712586
v 1.05555201 -0.04837149 0.02919664
v 0.87104630 -0.05094522 0.03121921
v 1.05555201 -0.04837149 0.02919664
v 0.87104630 -0.04833877 0.03512009
v 0.51945382 -0.05323761 0.02712586
v 0.31945381 -0.05320781 0.02718427
v 0.31945381 -0.05517667 0.02292582
v 0.51945382 -0.05323761 0.02712586
v 0.31945381 -0.05517667 0.02292582
v 0.87104630 -0.05323761 0.02712586
v 1.36812496 0.05742347 0.04964068
v 1.36627400 0.05741792 0.05020406
v 1.36617696 0.05621653 0.04970243
v 1.36812496 0.05742347 0.04964068
v 1.36617696 0.05621653 0.04970243
v 1.36793303 0.05622178 0.04916766
v 1.36812496 0.05742347 0.04964068
v 1.36630905 0.05870974 0.05038341
v 1.36627400 0.05741792 0.05020406
v 1.39330006 0.05496805 0.01054236
v 1.37212706 0.05625534 0.04570880
v 1.37146497 0.05522412 0.04525956
v 1.39330006 0.05496805 0.01054236
v 1.37146497 0.05522412 0.04525956
v 1.39330006 0.05438601 0.00964227
v 1.03130901 0.10437410 -0.05502334
v 1.05439997 0.10431800 -0.05512049
v 0.93507659 0.10443890 -0.05465456
v 1.03130901 0.10437410 -0.05502334
v 0.93507659 0.10443890 -0.05465456
v 0.93540549 0.10460440 -0.05461993
v 1.34123302 0.09851866 -0.04899284
v 1.15580297 0.10384750 -0.05557248
v 1.15607905 0.10403530 -0.05550906
v 1.34123302 0.09851866 -0.04899284
v 1.34140801 0.09921485 -0.04831007
v 1.36444104 0.09347242 -0.04836627
v 1.17323196 0.11242860 -0.04115805
v 1.03572798 0.11210250 -0.04209193
v 1.03713095 0.11241140 -0.04120835
v 1.03886902 0.11265350 -0.04048791
v 1.03713095 0.11241140 -0.04120835
v 0.93277472 0.11317430 -0.03884223
v 1.03886902 0.11265350 -0.04048791
v 0.93277472 0.11317430 -0.03884223
v 1.04157996 0.11280730 -0.04001644
v 1.16126299 0.11295770 -0.03954407
v 1.04157996 0.11280730 -0.04001644
v 0.93277472 0.11317430 -0.03884223
v 1.16126299 0.11295770 -0.03954407
v 1.17021096 0.11304580 -0.03926166
v 1.18345797 0.11299510 -0.03942462
v 1.16126299 0.11295770 -0.03954407
v 0.93277472 0.11317430 -0.03884223
v 1.17021096 0.11304580 -0.03926166
v 1.39330006 0.05630004 -0.00994947
v 1.37914503 0.08366942 -0.03428640
v 1.39330006 0.05988568 -0.00991443
v 1.37279105 0.09038996 -0.04425022
v 1.38497901 0.08819872 -0.02292338
v 1.37914503 0.08366942 -0.03428640
v 1.37279105 0.09038996 -0.04425022
v 1.37914503 0.08366942 -0.03428640
v 1.37264597 0.09040737 -0.04449728
v 1.39330006 0.06088829 -0.00955382
v 1.39330006 0.06038302 -0.00984207
v 1.39038396 0.08703434 -0.00857797
v 1.39330006 0.06088829 -0.00955382
v 1.39038396 0.08703434 -0.00857797
v 1.39086699 0.08691674 -0.00575146
v 1.39330006 0.06088829 -0.00955382
v 1.39086699 0.08691674 -0.00575146
v 1.39118004 0.08683085 -0.00289968
v 1.39330006 0.06088829 -0.00955382
v 1.39118004 0.08683085 -0.00289968
v 1.39330006 0.06109476 -0.00929156
v 1.38873804 0.08821004 -0.01399377
v 1.38823402 0.08889013 -0.01377859
v 1.38967204 0.08857256 -0.00836179
v 1.38873804 0.08821004 -0.01399377
v 1.38967204 0.08857256 -0.00836179
v 1.39019799 0.08788597 -0.00850049
v 1.38873804 0.08821004 -0.01399377
v 1.39019799 0.08788597 -0.00850049
v 1.38973105 0.08718341 -0.01136830
v 1.38873804 0.08821004 -0.01399377
v 1.38973105 0.08718341 -0.01136830
v 1.38891304 0.08736360 -0.01411196
v 1.38873804 0.08821004 -0.01399377
v 1.38663805 0.08865511 -0.01926377
v 1.38823402 0.08889013 -0.01377859
v 1.38873804 0.08821004 -0.01399377
v 1.38891304 0.08736360 -0.01411196
v 1.38793397 0.08757442 -0.01679942
v 1.38873804 0.08821004 -0.01399377
v 1.38793397 0.08757442 -0.01679942
v 1.38663805 0.08865511 -0.01926377
v 1.39330006 0.06124085 -0.00891766
v 1.39330006 0.06109476 -0.00929156
v 1.39132905 0.08676671 0.00084915
v 1.39330006 0.06124085 -0.00891766
v 1.39132905 0.08676671 0.00084915
v 1.39330006 0.06128597 -0.00848642
v 1.32252800 0.10418410 -0.04545947
v 1.32685995 0.10323250 -0.04602226
v 1.32662499 0.10298130 -0.04695329
v 1.32252800 0.10418410 -0.04545947
v 1.32662499 0.10298130 -0.04695329
v 1.32229900 0.10385010 -0.04624560
v 1.17738295 0.10964140 -0.04809024
v 1.18345797 0.11046120 -0.04626134
v 1.17764604 0.10918060 -0.04893329
v 1.17738295 0.10964140 -0.04809024
v 1.17764604 0.10918060 -0.04893329
v 1.17737401 0.10964030 -0.04809269
v 1.33396995 0.10109010 -0.04795959
v 1.32632899 0.10231500 -0.04762658
v 1.32662499 0.10298130 -0.04695329
v 1.36451602 0.09376502 -0.04742273
v 1.36444104 0.09347242 -0.04836627
v 1.34140801 0.09921485 -0.04831007
v 1.36991501 0.08610129 -0.04760196
v 1.36905801 0.09094274 -0.04797968
v 1.37106597 0.09062474 -0.04647323
v 1.36426604 0.09277623 -0.04904904
v 1.36652601 0.09138226 -0.04899719
v 1.36403298 0.09184736 -0.04930350
v 1.36426604 0.09277623 -0.04904904
v 1.34123302 0.09851866 -0.04899284
v 1.36444104 0.09347242 -0.04836627
v 1.36819100 0.05967897 -0.04865166
v 1.36992395 0.05966985 -0.04772123
v 1.36983001 0.05837506 -0.04759237
v 1.36819100 0.05967897 -0.04865166
v 1.36983001 0.05837506 -0.04759237
v 1.36812496 0.05838406 -0.04850736
v 1.36819100 0.05967897 -0.04865166
v 1.36812496 0.05838406 -0.04850736
v 1.36630905 0.05968457 -0.04922476
v 1.36666405 0.09227561 -0.04871323
v 1.36891603 0.09183633 -0.04779645
v 1.36905801 0.09094274 -0.04797968
v 1.36666405 0.09227561 -0.04871323
v 1.36905801 0.09094274 -0.04797968
v 1.36652601 0.09138226 -0.04899719
v 1.36666405 0.09227561 -0.04871323
v 1.36652601 0.09138226 -0.04899719
v 1.36426604 0.09277623 -0.04904904
v 1.36666405 0.09227561 -0.04871323
v 1.36426604 0.09277623 -0.04904904
v 1.36444104 0.09347242 -0.04836627
v 0.47104630 -0.05810135 -0.01393881
v 0.87104630 -0.05809909 -0.01394835
v 0.87104630 -0.05901437 -0.00934693
v 0.47104630 -0.05810135 -0.01393881
v 0.51945382 -0.05901437 -0.00934693
v 0.31945381 -0.05810135 -0.01393881
v 0.47104630 -0.05810135 -0.01393881
v 0.87104630 -0.05901437 -0.00934693
v 0.51945382 -0.05901437 -0.00934693
v 0.47104630 -0.05682963 -0.01845130
v 0.87104630 -0.05682563 -0.01846376
v 0.87104630 -0.05809909 -0.01394835
v 0.51945382 -0.05809909 -0.01394835
v 0.31945381 -0.05810135 -0.01393881
v 0.31945381 -0.05682963 -0.01845130
v 0.51945382 -0.05809909 -0.01394835
v 0.47104630 -0.05810135 -0.01393881
v 0.31945381 -0.05810135 -0.01393881
v 0.51945382 -0.05809909 -0.01394835
v 0.87104630 -0.05809909 -0.01394835
v 0.47104630 -0.05810135 -0.01393881
v 0.51945382 -0.05809909 -0.01394835
v 0.47104630 -0.05682963 -0.01845130
v 0.87104630 -0.05809909 -0.01394835
v 0.51945382 -0.05809909 -0.01394835
v 0.31945381 -0.05682963 -0.01845130
v 0.47104630 -0.05682963 -0.01845130
v 1.30401504 0.10973400 -0.02877029
v 1.30013597 0.11083290 -0.02452054
v 1.38372397 0.09006398 -0.02198401
v 1.30159795 0.10965500 -0.03117337
v 1.18345797 0.11480410 -0.03236147
v 1.29771805 0.11085770 -0.02658137
v 1.30159795 0.10965500 -0.03117337
v 1.29771805 0.11085770 -0.02658137
v 1.30282497 0.10983800 -0.02999457
v 1.30593204 0.10892900 -0.03309497
v 1.31024897 0.10796200 -0.03446522
v 1.30917394 0.10797940 -0.03602579
v 1.30593204 0.10892900 -0.03309497
v 1.30159795 0.10965500 -0.03117337
v 1.30282497 0.10983800 -0.02999457
v 1.31597197 0.10598600 -0.04143938
v 1.30794406 0.10768120 -0.03742679
v 1.30917394 0.10797940 -0.03602579
v 1.31311595 0.10606970 -0.04177579
v 1.18345797 0.11299510 -0.03942462
v 1.30794406 0.10768120 -0.03742679
v 1.31311595 0.10606970 -0.04177579
v 1.30794406 0.10768120 -0.03742679
v 1.31597197 0.10598600 -0.04143938
v 1.29517901 0.11199460 0.00109604
v 1.29487097 0.11209390 -0.00905344
v 1.18345797 0.11617700 -0.01786389
v 1.29517901 0.11199460 0.00109604
v 1.18345797 0.11617700 -0.01786389
v 1.18345797 0.11580030 0.02063420
v 1.29517901 0.11199460 0.00109604
v 1.29759896 0.11169760 0.00109312
v 1.29487097 0.11209390 -0.00905344
v 1.31715298 0.10599600 -0.03974941
v 1.31024897 0.10796200 -0.03446522
v 1.37153494 0.09225296 -0.04337194
v 1.31715298 0.10599600 -0.03974941
v 1.32252800 0.10418410 -0.04545947
v 1.31597197 0.10598600 -0.04143938
v 1.31715298 0.10599600 -0.03974941
v 1.31597197 0.10598600 -0.04143938
v 1.30917394 0.10797940 -0.03602579
v 1.31715298 0.10599600 -0.03974941
v 1.30917394 0.10797940 -0.03602579
v 1.31024897 0.10796200 -0.03446522
v 1.38438499 0.08969569 -0.02240595
v 1.37153494 0.09225296 -0.04337194
v 1.38372397 0.09006398 -0.02198401
v 1.38438499 0.08969569 -0.02240595
v 1.38663805 0.08865511 -0.01926377
v 1.38483095 0.08903247 -0.02274003
v 1.36874497 0.09251129 -0.04721024
v 1.37092698 0.09147763 -0.04630121
v 1.36891603 0.09183633 -0.04779645
v 1.36699402 0.08684295 -0.04896095
v 1.36652601 0.09138226 -0.04899719
v 1.36785603 0.08662497 -0.04867443
v 1.36699402 0.08684295 -0.04896095
v 1.36630905 0.05968457 -0.04922476
v 1.36561704 0.08718889 -0.04924944
v 1.36699402 0.08684295 -0.04896095
v 1.36561704 0.08718889 -0.04924944
v 1.36652601 0.09138226 -0.04899719
v 1.36699402 0.08684295 -0.04896095
v 1.36819100 0.05967897 -0.04865166
v 1.36630905 0.05968457 -0.04922476
v 1.36699402 0.08684295 -0.04896095
v 1.36785603 0.08662497 -0.04867443
v 1.36819100 0.05967897 -0.04865166
v 1.37040401 0.05611211 -0.04547080
v 1.36910796 0.05612260 -0.04653975
v 1.37096798 0.05715340 -0.04602095
v 1.37040401 0.05611211 -0.04547080
v 1.37096798 0.05715340 -0.04602095
v 1.37146497 0.05609941 -0.04417011
v 1.37040401 0.05611211 -0.04547080
v 1.37146497 0.05609941 -0.04417011
v 1.36967003 0.05531024 -0.04474833
v 1.37040401 0.05611211 -0.04547080
v 1.36967003 0.05531024 -0.04474833
v 1.36910796 0.05612260 -0.04653975
v 0.47104630 -0.04835414 -0.03509894
v 0.87104630 -0.04833877 -0.03512015
v 0.87104630 -0.05094522 -0.03121927
v 0.47104630 -0.04835414 -0.03509894
v 0.51945382 -0.05094522 -0.03121927
v 0.31945381 -0.04835414 -0.03509894
v 0.47104630 -0.04835414 -0.03509894
v 0.87104630 -0.05094522 -0.03121927
v 0.51945382 -0.05094522 -0.03121927
v 0.47104630 -0.04545336 -0.03878209
v 0.87104630 -0.04543423 -0.03880450
v 0.87104630 -0.04833877 -0.03512015
v 0.47104630 -0.04545336 -0.03878209
v 0.51945382 -0.04543423 -0.03880450
v 0.87104630 -0.04543423 -0.03880450
v 0.47104630 -0.04545336 -0.03878209
v 0.31945381 -0.04545336 -0.03878209
v 0.51945382 -0.04543423 -0.03880450
v 0.51945382 -0.04833877 -0.03512015
v 0.31945381 -0.04835414 -0.03509894
v 0.31945381 -0.04545336 -0.03878209
v 0.51945382 -0.04833877 -0.03512015
v 0.47104630 -0.04835414 -0.03509894
v 0.31945381 -0.04835414 -0.03509894
v 0.51945382 -0.04833877 -0.03512015
v 0.87104630 -0.04833877 -0.03512015
v 0.47104630 -0.04835414 -0.03509894
v 0.51945382 -0.04833877 -0.03512015
v 0.47104630 -0.04545336 -0.03878209
v 0.87104630 -0.04833877 -0.03512015
v 0.51945382 -0.04833877 -0.03512015
v 0.31945381 -0.04545336 -0.03878209
v 0.47104630 -0.04545336 -0.03878209
v 1.16403401 0.11325630 -0.03856924
v 1.16892397 0.11318670 -0.03880104
v 0.93277472 0.11317430 -0.03884223
v 1.16403401 0.11325630 -0.03856924
v 0.93277472 0.11317430 -0.03884223
v 1.16732001 0.11328670 -0.03846725
v 1.16403401 0.11325630 -0.03856924
v 1.16732001 0.11328670 -0.03846725
v 1.16892397 0.11318670 -0.03880104
v 1.29894197 0.11097020 -0.02556774
v 1.30282497 0.10983800 -0.02999457
v 1.29771805 0.11085770 -0.02658137
v 1.29894197 0.11097020 -0.02556774
v 1.29771805 0.11085770 -0.02658137
v 1.29422402 0.11193440 -0.02160283
v 1.29894197 0.11097020 -0.02556774
v 1.30401504 0.10973400 -0.02877029
v 1.30282497 0.10983800 -0.02999457
v 1.29894197 0.11097020 -0.02556774
v 1.30013597 0.11083290 -0.02452054
v 1.30401504 0.10973400 -0.02877029
v 1.29495394 0.11207200 -0.02048310
v 1.29394495 0.11202010 -0.02115425
v 1.18345797 0.11586860 -0.02514848
v 1.29495394 0.11207200 -0.02048310
v 1.18345797 0.11586860 -0.02514848
v 1.29394495 0.11219320 -0.01920071
v 1.29495394 0.11207200 -0.02048310
v 1.29728997 0.11179730 -0.00920340
v 1.29636300 0.11189490 -0.01949784
v 1.29495394 0.11207200 -0.02048310
v 1.29394495 0.11219320 -0.01920071
v 1.29487097 0.11209390 -0.00905344
v 1.29495394 0.11207200 -0.02048310
v 1.29487097 0.11209390 -0.00905344
v 1.29728997 0.11179730 -0.00920340
v 1.29495394 0.11207200 -0.02048310
v 1.29894197 0.11097020 -0.02556774
v 1.29422402 0.11193440 -0.02160283
v 1.29495394 0.11207200 -0.02048310
v 1.29422402 0.11193440 -0.02160283
v 1.29394495 0.11202010 -0.02115425
v 1.02482402 0.11650860 0.00608733
v 1.01386499 0.11650860 0.00606105
v 0.93056113 0.11568320 0.02405270
v 1.02482402 0.11650860 0.00608733
v 0.93056113 0.11568320 0.02405270
v 1.13007700 0.11650860 0.00628856
v 1.15869701 0.11281680 0.04017844
v 1.18345797 0.11290520 0.03988340
v 0.93252242 0.11321550 0.03880760
v 1.31636405 0.10417120 0.04630705
v 1.31473804 0.10470180 0.04509457
v 1.18345797 0.11076420 0.04602840
v 1.31636405 0.10417120 0.04630705
v 1.18345797 0.11076420 0.04602840
v 1.32037699 0.10364800 0.04713091
v 1.31636405 0.10417120 0.04630705
v 1.32037699 0.10364800 0.04713091
v 1.31473804 0.10470180 0.04509457
v 1.30794406 0.10692800 0.03952714
v 1.18345797 0.11290520 0.03988340
v 1.31473804 0.10470180 0.04509457
v 1.29422402 0.11149010 0.02378943
v 1.29394495 0.11158460 0.02334257
v 1.18345797 0.11446640 0.03356614
v 1.29422402 0.11149010 0.02378943
v 1.18345797 0.11446640 0.03356614
v 1.29771805 0.11031620 0.02874597
v 1.29422402 0.11149010 0.02378943
v 1.29771805 0.11031620 0.02874597
v 1.29894197 0.11044850 0.02773466
v 1.29394495 0.11179600 0.02139285
v 1.18345797 0.11580030 0.02063420
v 1.18345797 0.11543420 0.02713122
v 1.29394495 0.11179600 0.02139285
v 1.18345797 0.11543420 0.02713122
v 1.29516494 0.11164480 0.02252802
v 1.13637996 0.11650860 -0.00159886
v 1.13663101 0.11650860 0.00017495
v 1.18345797 0.11617700 -0.01786389
v 1.13290906 0.11650860 -0.00542977
v 1.13463402 0.11650860 -0.00436583
v 1.18345797 0.11617700 -0.01786389
v 1.13649702 0.11650860 0.00166157
v 1.18345797 0.11617700 -0.01786389
v 1.13663101 0.11650860 0.00017495
v 1.13231301 0.11650860 0.00592110
v 1.13007700 0.11650860 0.00628856
v 1.18345797 0.11580030 0.02063420
v 1.03132498 0.10554320 -0.05450049
v 1.15292299 0.10592000 -0.05452373
v 1.05440497 0.10548400 -0.05460020
v 1.03132498 0.10554320 -0.05450049
v 1.05440497 0.10548400 -0.05460020
v 1.03131402 0.10554160 -0.05450144
v 1.03132498 0.10554320 -0.05450049
v 1.03131402 0.10554160 -0.05450144
v 0.93541038 0.10577860 -0.05409130
v 1.03132498 0.10554320 -0.05450049
v 0.93541038 0.10577860 -0.05409130
v 1.15292299 0.10592000 -0.05452373
v 1.03131902 0.10653860 -0.05370035
v 1.15292299 0.10592000 -0.05452373
v 0.93541610 0.10677880 -0.05328038
v 1.03131902 0.10653860 -0.05370035
v 1.05441105 0.10648010 -0.05380150
v 1.15292299 0.10592000 -0.05452373
v 1.05441701 0.10724160 -0.05277660
v 1.05420303 0.10802170 -0.05134597
v 1.15570104 0.10700790 -0.05319026
v 1.05441701 0.10724160 -0.05277660
v 1.15570104 0.10700790 -0.05319026
v 1.15293097 0.10699070 -0.05322024
v 1.05441701 0.10724160 -0.05277660
v 1.15293097 0.10699070 -0.05322024
v 0.93541610 0.10677880 -0.05328038
v 1.15566003 0.10910420 -0.04921796
v 1.17737401 0.10964030 -0.04809269
v 1.15570104 0.10700790 -0.05319026
v 1.15566003 0.10910420 -0.04921796
v 1.15570104 0.10700790 -0.05319026
v 1.05420303 0.10802170 -0.05134597
v 1.15566003 0.10910420 -0.04921796
v 0.93441468 0.10964350 -0.04808589
v 1.17737401 0.10964030 -0.04809269
v 0.51945382 -0.04833877 0.03512009
v 0.31945381 -0.04830014 0.03517314
v 0.31945381 -0.05091094 0.03127512
v 0.51945382 -0.04833877 0.03512009
v 0.87104630 -0.04833877 0.03512009
v 0.31945381 -0.04830014 0.03517314
v 0.47104630 -0.04830014 0.03517314
v 0.31945381 -0.04830014 0.03517314
v 0.87104630 -0.04833877 0.03512009
v 0.47104630 -0.04830014 0.03517314
v 0.87104630 -0.04833877 0.03512009
v 0.87104630 -0.04543423 0.03880444
v 0.51945382 -0.04543423 0.03880444
v 0.87104630 -0.04543423 0.03880444
v 0.31945381 -0.04539161 0.03885433
v 0.51945382 -0.04543423 0.03880444
v 0.31945381 -0.04539161 0.03885433
v 0.31945381 -0.04830014 0.03517314
v 0.51945382 -0.04543423 0.03880444
v 0.47104630 -0.04830014 0.03517314
v 0.87104630 -0.04543423 0.03880444
v 0.51945382 -0.04543423 0.03880444
v 0.31945381 -0.04830014 0.03517314
v 0.47104630 -0.04830014 0.03517314
v 1.02828395 0.10751120 0.05299720
v 0.93457079 0.10874380 0.05058458
v 0.93547571 0.10680570 0.05428197
v 1.02828395 0.10751120 0.05299720
v 0.93547571 0.10680570 0.05428197
v 1.14535797 0.10728410 0.05341765
v 1.02828395 0.10751120 0.05299720
v 1.14535797 0.10728410 0.05341765
v 1.04355800 0.10768000 0.05268004
v 1.15534699 0.10842120 0.05123880
v 1.04355800 0.10768000 0.05268004
v 1.14535797 0.10728410 0.05341765
v 1.15534699 0.10842120 0.05123880
v 1.15560102 0.10769200 0.05230870
v 1.18345797 0.10988060 0.04765531
v 1.15534699 0.10842120 0.05123880
v 1.14535797 0.10728410 0.05341765
v 1.15560102 0.10769200 0.05230870
v 1.15534699 0.10842120 0.05123880
v 1.18345797 0.10988060 0.04765531
v 1.18345797 0.11076420 0.04602840
v 1.15534699 0.10842120 0.05123880
v 1.18345797 0.11076420 0.04602840
v 1.15534699 0.10861920 0.05083915
v 0.93729103 0.09864878 0.06290724
v 0.93697131 0.09871333 0.06289425
v 0.31945381 0.00475001 0.05956086
v 0.93729103 0.09864878 0.06290724
v 0.31945381 0.00475001 0.05956086
v 0.31945381 0.00006557 0.05974993
v 0.93729103 0.09864878 0.06290724
v 0.31945381 0.00006557 0.05974993
v 0.91341490 0.05790823 0.06346431
v 0.93729103 0.09864878 0.06290724
v 0.93729508 0.09979987 0.06275388
v 0.93697131 0.09871333 0.06289425
v 1.07763505 0.10217150 0.06145408
v 1.02545905 0.10199970 0.06164064
v 1.02546000 0.10178670 0.06186059
v 1.07763505 0.10217150 0.06145408
v 1.02546000 0.10178670 0.06186059
v 1.07762694 0.10108870 0.06253126
v 1.04824197 0.10086020 0.06262281
v 1.07762003 0.09973108 0.06323125
v 1.07762694 0.10108870 0.06253126
v 1.04824197 0.10086020 0.06262281
v 1.07762694 0.10108870 0.06253126
v 0.93730181 0.10121560 0.06214967
v 1.04824197 0.10086020 0.06262281
v 0.93730181 0.10121560 0.06214967
v 1.02546096 0.10060610 0.06271162
v 1.02544999 0.10060440 0.06271246
v 0.93690628 0.09997481 0.06268897
v 1.07762003 0.09973108 0.06323125
v 1.02544999 0.10060440 0.06271246
v 1.02546096 0.10060610 0.06271162
v 0.93730181 0.10121560 0.06214967
v 1.02544999 0.10060440 0.06271246
v 1.04824197 0.10086020 0.06262281
v 1.02546096 0.10060610 0.06271162
v 1.02544999 0.10060440 0.06271246
v 0.93730181 0.10121560 0.06214967
v 0.93690628 0.09997481 0.06268897
v 1.02544999 0.10060440 0.06271246
v 1.07762003 0.09973108 0.06323125
v 1.04824197 0.10086020 0.06262281
v 1.08047605 0.02760243 0.06321933
v 0.87104630 -0.00468790 0.05956575
v 0.87104630 -0.00934696 0.05901434
v 1.08047605 0.02760243 0.06321933
v 0.87104630 -0.00934696 0.05901434
v 1.08620501 0.02731508 0.06316128
v 1.08047605 0.02760243 0.06321933
v 1.08620501 0.02731508 0.06316128
v 1.08047605 0.02816730 0.06327864
v 1.17620003 0.11147580 0.04418066
v 1.15611398 0.11151170 0.04408296
v 0.93379623 0.11046850 0.04675313
v 1.17620003 0.11147580 0.04418066
v 0.93379623 0.11046850 0.04675313
v 1.15555501 0.11074910 0.04606589
v 1.17620003 0.11147580 0.04418066
v 1.15555501 0.11074910 0.04606589
v 1.18345797 0.11076420 0.04602840
v 1.17620003 0.11147580 0.04418066
v 1.17541802 0.11197630 0.04277816
v 1.15611398 0.11151170 0.04408296
v 1.17620003 0.11147580 0.04418066
v 1.18345797 0.11076420 0.04602840
v 1.17541802 0.11197630 0.04277816
v 1.17703402 0.11060330 0.04642537
v 1.15555501 0.11074910 0.04606589
v 0.93379623 0.11046850 0.04675313
v 1.17703402 0.11060330 0.04642537
v 1.18345797 0.11076420 0.04602840
v 1.15555501 0.11074910 0.04606589
v 1.17703402 0.11060330 0.04642537
v 0.93379623 0.11046850 0.04675313
v 1.15535998 0.10989890 0.04808780
v 1.17703402 0.11060330 0.04642537
v 1.15535998 0.10989890 0.04808780
v 1.15534699 0.10861920 0.05083915
v 1.17703402 0.11060330 0.04642537
v 1.15534699 0.10861920 0.05083915
v 1.18345797 0.11076420 0.04602840
v 1.17358005 0.11270900 0.04053238
v 1.17541802 0.11197630 0.04277816
v 1.18345797 0.11290520 0.03988340
v 1.17358005 0.11270900 0.04053238
v 1.15769804 0.11247360 0.04128256
v 1.17541802 0.11197630 0.04277816
v 1.17358005 0.11270900 0.04053238
v 1.18345797 0.11290520 0.03988340
v 1.15869701 0.11281680 0.04017844
v 1.17358005 0.11270900 0.04053238
v 1.15869701 0.11281680 0.04017844
v 0.93252242 0.11321550 0.03880760
v 1.17358005 0.11270900 0.04053238
v 0.93252242 0.11321550 0.03880760
v 1.15769804 0.11247360 0.04128256
v 1.15676606 0.11200770 0.04268696
v 1.17541802 0.11197630 0.04277816
v 1.15769804 0.11247360 0.04128256
v 1.15676606 0.11200770 0.04268696
v 1.15769804 0.11247360 0.04128256
v 0.93312472 0.11195930 0.04282745
v 1.15676606 0.11200770 0.04268696
v 0.93312472 0.11195930 0.04282745
v 1.17541802 0.11197630 0.04277816
v 1.31597197 0.10515460 0.04350575
v 1.32360494 0.10306230 0.04764744
v 1.31715298 0.10519770 0.04181632
v 1.31597197 0.10515460 0.04350575
v 1.31715298 0.10519770 0.04181632
v 1.30917394 0.10725360 0.03813222
v 1.31597197 0.10515460 0.04350575
v 1.30917394 0.10725360 0.03813222
v 1.30794406 0.10692800 0.03952714
v 1.31597197 0.10515460 0.04350575
v 1.30794406 0.10692800 0.03952714
v 1.31473804 0.10470180 0.04509457
v 1.31597197 0.10515460 0.04350575
v 1.31473804 0.10470180 0.04509457
v 1.32037699 0.10364800 0.04713091
v 1.33412504 0.10042240 0.04899439
v 1.32662499 0.10204270 0.04895982
v 1.33396995 0.10013210 0.04992887
v 1.33412504 0.10042240 0.04899439
v 1.32685995 0.10231200 0.04803386
v 1.32662499 0.10204270 0.04895982
v 1.33412504 0.10042240 0.04899439
v 1.33396995 0.10013210 0.04992887
v 1.34148300 0.09856134 0.04930499
v 1.33412504 0.10042240 0.04899439
v 1.34148300 0.09856134 0.04930499
v 1.36451602 0.09281885 0.04924878
v 1.32632899 0.10136320 0.04961994
v 1.33373296 0.09943735 0.05059620
v 1.33396995 0.10013210 0.04992887
v 1.32632899 0.10136320 0.04961994
v 1.33396995 0.10013210 0.04992887
v 1.32662499 0.10204270 0.04895982
v 1.32632899 0.10136320 0.04961994
v 1.11252797 0.10252150 0.06058552
v 1.33373296 0.09943735 0.05059620
v 1.37153494 0.09138637 0.04516914
v 1.32194805 0.10376910 0.04502567
v 1.37013304 0.09159803 0.04697611
v 1.37153494 0.09138637 0.04516914
v 1.31715298 0.10519770 0.04181632
v 1.32194805 0.10376910 0.04502567
v 1.37153494 0.09138637 0.04516914
v 1.31035995 0.10723330 0.03666338
v 1.31715298 0.10519770 0.04181632
v 1.37153494 0.09138637 0.04516914
v 1.38372397 0.08961641 0.02374252
v 1.31035995 0.10723330 0.03666338
v 1.36849594 0.09191042 0.04819813
v 1.37013304 0.09159803 0.04697611
v 1.32685995 0.10231200 0.04803386
v 1.36849594 0.09191042 0.04819813
v 1.32685995 0.10231200 0.04803386
v 1.33412504 0.10042240 0.04899439
v 1.29544699 0.11155570 0.02295729
v 1.29894197 0.11044850 0.02773466
v 1.30013597 0.11033170 0.02668502
v 1.29544699 0.11155570 0.02295729
v 1.30013597 0.11033170 0.02668502
v 1.29636300 0.11149190 0.02168408
v 1.29544699 0.11155570 0.02295729
v 1.29636300 0.11149190 0.02168408
v 1.29516494 0.11164480 0.02252802
v 1.29544699 0.11155570 0.02295729
v 1.29422402 0.11149010 0.02378943
v 1.29894197 0.11044850 0.02773466
v 1.29544699 0.11155570 0.02295729
v 1.29516494 0.11164480 0.02252802
v 1.29394495 0.11158460 0.02334257
v 1.29544699 0.11155570 0.02295729
v 1.29394495 0.11158460 0.02334257
v 1.29422402 0.11149010 0.02378943
v 1.30593204 0.10826040 0.03522059
v 1.30282497 0.10922980 0.03213855
v 1.30159795 0.10902380 0.03331348
v 1.30593204 0.10826040 0.03522059
v 1.30917394 0.10725360 0.03813222
v 1.31035995 0.10723330 0.03666338
v 1.08588600 0.10115470 0.06244745
v 1.08592498 0.09980267 0.06314900
v 1.09934795 0.10027380 0.06253579
v 1.08588600 0.10115470 0.06244745
v 1.09934795 0.10027380 0.06253579
v 1.09923506 0.10162600 0.06182172
v 1.08588600 0.10115470 0.06244745
v 1.07762694 0.10108870 0.06253126
v 1.08592498 0.09980267 0.06314900
v 1.08588600 0.10115470 0.06244745
v 1.09923506 0.10162600 0.06182172
v 1.08585203 0.10223210 0.06137165
v 1.08588600 0.10115470 0.06244745
v 1.07763505 0.10217150 0.06145408
v 1.07762694 0.10108870 0.06253126
v 1.08588600 0.10115470 0.06244745
v 1.08585203 0.10223210 0.06137165
v 1.07763505 0.10217150 0.06145408
v 1.38771105 0.08808350 0.01852592
v 1.38713300 0.08736217 0.02040460
v 1.38787901 0.08723795 0.01864847
v 1.38771105 0.08808350 0.01852592
v 1.38874400 0.08852529 0.01386889
v 1.38722205 0.08876401 0.01828542
v 1.38579094 0.08926600 0.01966127
v 1.38722205 0.08876401 0.01828542
v 1.38715398 0.08904522 0.01625701
v 1.38579094 0.08926600 0.01966127
v 1.38372397 0.08961641 0.02374252
v 1.38483596 0.08916246 0.02334693
v 1.38579094 0.08926600 0.01966127
v 1.38483596 0.08916246 0.02334693
v 1.38722205 0.08876401 0.01828542
v 1.38579094 0.08926600 0.01966127
v 1.38715398 0.08904522 0.01625701
v 1.29636300 0.11149190 0.02168408
v 1.38579094 0.08926600 0.01966127
v 1.29636300 0.11149190 0.02168408
v 1.38372397 0.08961641 0.02374252
v 1.30712104 0.10820970 0.03387007
v 1.38372397 0.08961641 0.02374252
v 1.30401504 0.10914990 0.03091242
v 1.30712104 0.10820970 0.03387007
v 1.31035995 0.10723330 0.03666338
v 1.38372397 0.08961641 0.02374252
v 1.30712104 0.10820970 0.03387007
v 1.30593204 0.10826040 0.03522059
v 1.31035995 0.10723330 0.03666338
v 1.30712104 0.10820970 0.03387007
v 1.30401504 0.10914990 0.03091242
v 1.30282497 0.10922980 0.03213855
v 1.30712104 0.10820970 0.03387007
v 1.30282497 0.10922980 0.03213855
v 1.30593204 0.10826040 0.03522059
v 1.36677301 0.08592236 0.05071195
v 1.36419499 0.08656197 0.05104956
v 1.36630905 0.05870974 0.05038341
v 1.36677301 0.08592236 0.05071195
v 1.36630905 0.05870974 0.05038341
v 1.36696100 0.08587598 0.05066046
v 1.36666405 0.09130454 0.05050989
v 1.36444104 0.09250783 0.05018636
v 1.36426604 0.09179848 0.05085536
v 1.02544904 0.10257090 0.06090608
v 1.04818296 0.10256460 0.06091478
v 1.09912598 0.10269700 0.06073078
v 1.02544904 0.10257090 0.06090608
v 1.09912598 0.10269700 0.06073078
v 0.93731147 0.10262730 0.06082788
v 1.02546096 0.09952950 0.06312063
v 1.04823601 0.09945547 0.06321629
v 1.07762003 0.09973108 0.06323125
v 1.02546096 0.09952950 0.06312063
v 1.07762003 0.09973108 0.06323125
v 0.93729508 0.09979987 0.06275388
v 0.91394061 0.05391424 0.06353065
v 0.91341490 0.05790823 0.06346431
v 0.91149998 0.05352771 0.06352683
v 1.08045495 0.08028626 0.06378874
v 0.91341490 0.05790823 0.06346431
v 0.91394061 0.05391424 0.06353065
v 1.08045495 0.08028626 0.06378874
v 0.91394061 0.05391424 0.06353065
v 1.05122304 0.06623435 0.06365123
v 1.08045495 0.08028626 0.06378874
v 1.08047605 0.02816730 0.06327864
v 1.08047605 0.08028960 0.06378874
v 1.04745400 0.10439400 0.05825272
v 1.02550900 0.10378950 0.05916187
v 1.11233604 0.10358720 0.05945935
v 1.04745400 0.10439400 0.05825272
v 1.11233604 0.10358720 0.05945935
v 1.12545395 0.10484280 0.05755731
v 1.04745400 0.10439400 0.05825272
v 1.12545395 0.10484280 0.05755731
v 0.93639553 0.10480420 0.05761781
v 1.04745400 0.10439400 0.05825272
v 0.93639553 0.10480420 0.05761781
v 1.02550900 0.10378950 0.05916187
v 1.02584505 0.10493980 0.05740466
v 1.12545395 0.10484280 0.05755731
v 1.13444996 0.10588060 0.05587622
v 1.02584505 0.10493980 0.05740466
v 0.93639553 0.10480420 0.05761781
v 1.12545395 0.10484280 0.05755731
v 1.12573099 0.10378350 0.05873772
v 1.12545395 0.10484280 0.05755731
v 1.11233604 0.10358720 0.05945935
v 1.12573099 0.10378350 0.05873772
v 1.11233604 0.10358720 0.05945935
v 1.11252797 0.10252150 0.06058552
v 1.12573099 0.10378350 0.05873772
v 1.32632899 0.10136320 0.04961994
v 1.32662499 0.10204270 0.04895982
v 1.12573099 0.10378350 0.05873772
v 1.11252797 0.10252150 0.06058552
v 1.32632899 0.10136320 0.04961994
v 1.12573099 0.10378350 0.05873772
v 1.32662499 0.10204270 0.04895982
v 1.32337296 0.10272940 0.04846277
v 1.02722096 0.10676530 0.05435362
v 1.04538095 0.10663300 0.05458697
v 1.14535797 0.10728410 0.05341765
v 1.02722096 0.10676530 0.05435362
v 1.14535797 0.10728410 0.05341765
v 0.93547571 0.10680570 0.05428197
v 1.02722096 0.10676530 0.05435362
v 0.93547571 0.10680570 0.05428197
v 1.04538095 0.10663300 0.05458697
v 0.51945382 -0.05956578 -0.00468793
v 0.31945381 -0.05956602 -0.00468466
v 0.31945381 -0.05901539 -0.00934049
v 0.51945382 -0.05956578 -0.00468793
v 0.87104630 -0.05956578 -0.00468793
v 0.31945381 -0.05956602 -0.00468466
v 0.51945382 -0.05956578 -0.00468793
v 0.47104630 -0.05901539 -0.00934049
v 0.87104630 -0.05956578 -0.00468793
v 0.51945382 -0.05956578 -0.00468793
v 0.31945381 -0.05901539 -0.00934049
v 0.47104630 -0.05901539 -0.00934049
v 0.51945382 -0.05520176 -0.02286532
v 0.31945381 -0.05520802 -0.02285018
v 0.31945381 -0.05324655 -0.02710840
v 0.51945382 -0.05520176 -0.02286532
v 0.87104630 -0.05520176 -0.02286532
v 0.31945381 -0.05520802 -0.02285018
v 0.51945382 -0.05520176 -0.02286532
v 0.47104630 -0.05324655 -0.02710840
v 0.87104630 -0.05520176 -0.02286532
v 0.51945382 -0.05520176 -0.02286532
v 0.31945381 -0.05324655 -0.02710840
v 0.47104630 -0.05324655 -0.02710840
v 0.47104630 -0.05520802 -0.02285018
v 0.31945381 -0.05520802 -0.02285018
v 0.87104630 -0.05520176 -0.02286532
v 0.47104630 -0.05520802 -0.02285018
v 0.87104630 -0.05520176 -0.02286532
v 0.87104630 -0.05682563 -0.01846376
v 0.51945382 -0.05682563 -0.01846376
v 0.31945381 -0.05682963 -0.01845130
v 0.31945381 -0.05520802 -0.02285018
v 0.51945382 -0.05682563 -0.01846376
v 0.47104630 -0.05520802 -0.02285018
v 0.87104630 -0.05682563 -0.01846376
v 0.51945382 -0.05682563 -0.01846376
v 0.31945381 -0.05520802 -0.02285018
v 0.47104630 -0.05520802 -0.02285018
v 0.51945382 -0.05682563 -0.01846376
v 0.47104630 -0.05682963 -0.01845130
v 0.31945381 -0.05682963 -0.01845130
v 0.51945382 -0.05682563 -0.01846376
v 0.87104630 -0.05682563 -0.01846376
v 0.47104630 -0.05682963 -0.01845130
v 1.39051402 0.08766162 0.00849673
v 1.39109504 0.08761036 0.00283107
v 1.39055502 0.08830213 0.00280991
v 1.39051402 0.08766162 0.00849673
v 1.39055502 0.08830213 0.00280991
v 1.38998199 0.08835184 0.00839570
v 1.39051402 0.08766162 0.00849673
v 1.39015198 0.08688235 0.01136073
v 1.39070106 0.08680766 0.00854477
v 1.39051402 0.08766162 0.00849673
v 1.39070106 0.08680766 0.00854477
v 1.39108002 0.08676522 0.00570014
v 1.39051402 0.08766162 0.00849673
v 1.39108002 0.08676522 0.00570014
v 1.39109504 0.08761036 0.00283107
v 1.39051402 0.08766162 0.00849673
v 1.38998199 0.08835184 0.00839570
v 1.38874400 0.08852529 0.01386889
v 1.39330006 0.06011140 0.01103940
v 1.39330006 0.06048524 0.01089331
v 1.38943505 0.08698916 0.01413688
v 1.39330006 0.06011140 0.01103940
v 1.38943505 0.08698916 0.01413688
v 1.38787901 0.08723795 0.01864847
v 1.39330006 0.06011140 0.01103940
v 1.38787901 0.08723795 0.01864847
v 1.38713300 0.08736217 0.02040460
v 1.37674999 0.05752396 0.03937366
v 1.39330006 0.05570793 0.01099219
v 1.37689602 0.05881649 0.03947445
v 0.47104630 -0.05091094 0.03127512
v 0.87104630 -0.05094522 0.03121921
v 0.87104630 -0.04833877 0.03512009
v 0.47104630 -0.05091094 0.03127512
v 0.31945381 -0.05091094 0.03127512
v 0.87104630 -0.05094522 0.03121921
v 0.47104630 -0.05091094 0.03127512
v 0.51945382 -0.04833877 0.03512009
v 0.31945381 -0.05091094 0.03127512
v 0.47104630 -0.05091094 0.03127512
v 0.87104630 -0.04833877 0.03512009
v 0.51945382 -0.04833877 0.03512009
v 0.51945382 -0.05094522 0.03121921
v 0.87104630 -0.05094522 0.03121921
v 0.31945381 -0.05091094 0.03127512
v 0.51945382 -0.05094522 0.03121921
v 0.31945381 -0.05091094 0.03127512
v 0.31945381 -0.05320781 0.02718427
v 0.47104630 -0.05320781 0.02718427
v 0.87104630 -0.05323761 0.02712586
v 0.87104630 -0.05094522 0.03121921
v 0.47104630 -0.05320781 0.02718427
v 0.51945382 -0.05094522 0.03121921
v 0.31945381 -0.05320781 0.02718427
v 0.47104630 -0.05320781 0.02718427
v 0.87104630 -0.05094522 0.03121921
v 0.51945382 -0.05094522 0.03121921
v 0.47104630 -0.05320781 0.02718427
v 0.51945382 -0.05323761 0.02712586
v 0.87104630 -0.05323761 0.02712586
v 0.47104630 -0.05320781 0.02718427
v 0.31945381 -0.05320781 0.02718427
v 0.51945382 -0.05323761 0.02712586
v 1.36983001 0.05743241 0.04872569
v 1.36812496 0.05742347 0.04964068
v 1.36793303 0.05622178 0.04916766
v 1.36983001 0.05743241 0.04872569
v 1.36793303 0.05622178 0.04916766
v 1.36955094 0.05623030 0.04829922
v 1.36983001 0.05743241 0.04872569
v 1.36955094 0.05623030 0.04829922
v 1.37096798 0.05624169 0.04713067
v 1.36819100 0.05871534 0.04981031
v 1.36696100 0.08587598 0.05066046
v 1.36630905 0.05870974 0.05038341
v 1.36819100 0.05871534 0.04981031
v 1.36630905 0.05870974 0.05038341
v 1.36812496 0.05742347 0.04964068
v 1.36819100 0.05871534 0.04981031
v 1.36919200 0.08532887 0.04972788
v 1.36696100 0.08587598 0.05066046
v 1.36819100 0.05871534 0.04981031
v 1.36812496 0.05742347 0.04964068
v 1.36983001 0.05743241 0.04872569
v 1.37132204 0.05744445 0.04749461
v 1.37096798 0.05624169 0.04713067
v 1.37212706 0.05625534 0.04570880
v 1.37132204 0.05744445 0.04749461
v 1.36983001 0.05743241 0.04872569
v 1.37096798 0.05624169 0.04713067
v 1.03132498 0.10437670 -0.05502256
v 1.03130901 0.10437410 -0.05502334
v 0.93540549 0.10460440 -0.05461993
v 1.03132498 0.10437670 -0.05502256
v 0.93540549 0.10460440 -0.05461993
v 1.15291595 0.10447680 -0.05539694
v 1.03132498 0.10437670 -0.05502256
v 1.15291595 0.10447680 -0.05539694
v 1.05439997 0.10431800 -0.05512049
v 1.03132498 0.10437670 -0.05502256
v 1.05439997 0.10431800 -0.05512049
v 1.03130901 0.10437410 -0.05502334
v 1.34100103 0.09758979 -0.04924729
v 1.36403298 0.09184736 -0.04930350
v 1.15580297 0.10384750 -0.05557248
v 1.34100103 0.09758979 -0.04924729
v 1.15580297 0.10384750 -0.05557248
v 1.34123302 0.09851866 -0.04899284
v 1.34100103 0.09758979 -0.04924729
v 1.36426604 0.09277623 -0.04904904
v 1.36403298 0.09184736 -0.04930350
v 1.34100103 0.09758979 -0.04924729
v 1.34123302 0.09851866 -0.04899284
v 1.36426604 0.09277623 -0.04904904
v 1.33373296 0.10040860 -0.04864034
v 1.34123302 0.09851866 -0.04899284
v 1.15607905 0.10403530 -0.05550906
v 1.33373296 0.10040860 -0.04864034
v 1.15607905 0.10403530 -0.05550906
v 1.15577400 0.10510610 -0.05507776
v 1.33373296 0.10040860 -0.04864034
v 1.33396995 0.10109010 -0.04795959
v 1.34140801 0.09921485 -0.04831007
v 1.33373296 0.10040860 -0.04864034
v 1.34140801 0.09921485 -0.04831007
v 1.34123302 0.09851866 -0.04899284
v 1.33373296 0.10040860 -0.04864034
v 1.15577400 0.10510610 -0.05507776
v 1.32632899 0.10231500 -0.04762658
v 1.33373296 0.10040860 -0.04864034
v 1.32632899 0.10231500 -0.04762658
v 1.33396995 0.10109010 -0.04795959
v 1.17474699 0.11187570 -0.04271742
v 1.17323196 0.11242860 -0.04115805
v 1.18345797 0.11299510 -0.03942462
v 1.17474699 0.11187570 -0.04271742
v 1.18345797 0.11299510 -0.03942462
v 1.18345797 0.11046120 -0.04626134
v 1.17625201 0.11098120 -0.04502257
v 1.15663803 0.11118380 -0.04452094
v 1.17474699 0.11187570 -0.04271742
v 1.17625201 0.11098120 -0.04502257
v 1.17474699 0.11187570 -0.04271742
v 1.18345797 0.11046120 -0.04626134
v 1.04581499 0.11259110 -0.04067614
v 1.03713095 0.11241140 -0.04120835
v 1.03886902 0.11265350 -0.04048791
v 1.17190802 0.11275880 -0.04016634
v 1.04157996 0.11280730 -0.04001644
v 1.16126299 0.11295770 -0.03954407
v 1.17190802 0.11275880 -0.04016634
v 1.16126299 0.11295770 -0.03954407
v 1.18345797 0.11299510 -0.03942462
v 1.17190802 0.11275880 -0.04016634
v 1.18345797 0.11299510 -0.03942462
v 1.17323196 0.11242860 -0.04115805
v 1.17691004 0.11034320 -0.04653343
v 1.18345797 0.11046120 -0.04626134
v 1.17738295 0.10964140 -0.04809024
v 1.17691004 0.11034320 -0.04653343
v 1.17738295 0.10964140 -0.04809024
v 1.17737401 0.10964030 -0.04809269
v 1.17691004 0.11034320 -0.04653343
v 1.17737401 0.10964030 -0.04809269
v 1.15576696 0.10987240 -0.04758909
v 1.38084304 0.05951136 -0.03152653
v 1.39330006 0.05630004 -0.00994947
v 1.37689602 0.05957782 -0.03831574
v 1.38084304 0.05951136 -0.03152653
v 1.37689602 0.05957782 -0.03831574
v 1.37914503 0.08366942 -0.03428640
v 1.38084304 0.05951136 -0.03152653
v 1.37914503 0.08366942 -0.03428640
v 1.39330006 0.05630004 -0.00994947
v 1.39330006 0.05594730 -0.00990871
v 1.39330006 0.05544728 -0.00968960
v 1.37674999 0.05828356 -0.03824028
v 1.39330006 0.05594730 -0.00990871
v 1.37674999 0.05828356 -0.03824028
v 1.37689602 0.05957782 -0.03831574
v 1.39330006 0.05594730 -0.00990871
v 1.37689602 0.05957782 -0.03831574
v 1.39330006 0.05630004 -0.00994947
v 1.37263596 0.09121668 -0.04408976
v 1.38483095 0.08903247 -0.02274003
v 1.38497901 0.08819872 -0.02292338
v 1.37263596 0.09121668 -0.04408976
v 1.38497901 0.08819872 -0.02292338
v 1.37279105 0.09038996 -0.04425022
v 1.32077098 0.10457850 -0.04481640
v 1.32252800 0.10418410 -0.04545947
v 1.32229900 0.10385010 -0.04624560
v 1.32077098 0.10457850 -0.04481640
v 1.32229900 0.10385010 -0.04624560
v 1.31636405 0.10505760 -0.04425939
v 1.32077098 0.10457850 -0.04481640
v 1.31597197 0.10598600 -0.04143938
v 1.32252800 0.10418410 -0.04545947
v 1.33412504 0.10136210 -0.04701957
v 1.33396995 0.10109010 -0.04795959
v 1.32662499 0.10298130 -0.04695329
v 1.33412504 0.10136210 -0.04701957
v 1.32662499 0.10298130 -0.04695329
v 1.32685995 0.10323250 -0.04602226
v 1.37126505 0.08575397 -0.04650554
v 1.36991501 0.08610129 -0.04760196
v 1.37106597 0.09062474 -0.04647323
v 1.37126505 0.08575397 -0.04650554
v 1.37106597 0.09062474 -0.04647323
v 1.37163103 0.08565884 -0.04613158
v 1.37126505 0.08575397 -0.04650554
v 1.37163103 0.08565884 -0.04613158
v 1.37144196 0.05965757 -0.04646947
v 1.37126505 0.08575397 -0.04650554
v 1.37144196 0.05965757 -0.04646947
v 1.36992395 0.05966985 -0.04772123
v 1.37126505 0.08575397 -0.04650554
v 1.36992395 0.05966985 -0.04772123
v 1.36991501 0.08610129 -0.04760196
v 1.36944306 0.08622193 -0.04790303
v 1.36785603 0.08662497 -0.04867443
v 1.36905801 0.09094274 -0.04797968
v 1.36944306 0.08622193 -0.04790303
v 1.36905801 0.09094274 -0.04797968
v 1.36991501 0.08610129 -0.04760196
v 1.36944306 0.08622193 -0.04790303
v 1.36819100 0.05967897 -0.04865166
v 1.36785603 0.08662497 -0.04867443
v 1.36944306 0.08622193 -0.04790303
v 1.36991501 0.08610129 -0.04760196
v 1.36992395 0.05966985 -0.04772123
v 1.36944306 0.08622193 -0.04790303
v 1.36992395 0.05966985 -0.04772123
v 1.36819100 0.05967897 -0.04865166
v 1.30706704 0.10886710 -0.03169694
v 1.30401504 0.10973400 -0.02877029
v 1.38372397 0.09006398 -0.02198401
v 1.30706704 0.10886710 -0.03169694
v 1.38372397 0.09006398 -0.02198401
v 1.31024897 0.10796200 -0.03446522
v 1.30706704 0.10886710 -0.03169694
v 1.31024897 0.10796200 -0.03446522
v 1.30593204 0.10892900 -0.03309497
v 1.30706704 0.10886710 -0.03169694
v 1.30593204 0.10892900 -0.03309497
v 1.30282497 0.10983800 -0.02999457
v 1.30706704 0.10886710 -0.03169694
v 1.30282497 0.10983800 -0.02999457
v 1.30401504 0.10973400 -0.02877029
v 1.30470395 0.10868960 -0.03438845
v 1.18345797 0.11299510 -0.03942462
v 1.18345797 0.11480410 -0.03236147
v 1.30470395 0.10868960 -0.03438845
v 1.18345797 0.11480410 -0.03236147
v 1.30159795 0.10965500 -0.03117337
v 1.30470395 0.10868960 -0.03438845
v 1.30794406 0.10768120 -0.03742679
v 1.18345797 0.11299510 -0.03942462
v 1.30470395 0.10868960 -0.03438845
v 1.30159795 0.10965500 -0.03117337
v 1.30593204 0.10892900 -0.03309497
v 1.30470395 0.10868960 -0.03438845
v 1.30593204 0.10892900 -0.03309497
v 1.30917394 0.10797940 -0.03602579
v 1.30470395 0.10868960 -0.03438845
v 1.30917394 0.10797940 -0.03602579
v 1.30794406 0.10768120 -0.03742679
v 1.31473804 0.10556440 -0.04303672
v 1.31636405 0.10505760 -0.04425939
v 1.18345797 0.11299510 -0.03942462
v 1.31473804 0.10556440 -0.04303672
v 1.18345797 0.11299510 -0.03942462
v 1.31311595 0.10606970 -0.04177579
v 1.31473804 0.10556440 -0.04303672
v 1.31311595 0.10606970 -0.04177579
v 1.31597197 0.10598600 -0.04143938
v 1.31473804 0.10556440 -0.04303672
v 1.32077098 0.10457850 -0.04481640
v 1.31636405 0.10505760 -0.04425939
v 1.31473804 0.10556440 -0.04303672
v 1.31597197 0.10598600 -0.04143938
v 1.32077098 0.10457850 -0.04481640
v 1.29487097 0.11189530 0.01124551
v 1.29516494 0.11164480 0.02252802
v 1.29728997 0.11159580 0.01138970
v 1.29487097 0.11189530 0.01124551
v 1.29394495 0.11179600 0.02139285
v 1.29516494 0.11164480 0.02252802
v 1.29487097 0.11189530 0.01124551
v 1.29728997 0.11159580 0.01138970
v 1.29759896 0.11169760 0.00109312
v 1.29487097 0.11189530 0.01124551
v 1.29759896 0.11169760 0.00109312
v 1.29517901 0.11199460 0.00109604
v 1.29487097 0.11189530 0.01124551
v 1.29517901 0.11199460 0.00109604
v 1.18345797 0.11580030 0.02063420
v 1.29487097 0.11189530 0.01124551
v 1.18345797 0.11580030 0.02063420
v 1.29394495 0.11179600 0.02139285
v 1.32194805 0.10463050 -0.04298612
v 1.31715298 0.10599600 -0.03974941
v 1.37153494 0.09225296 -0.04337194
v 1.32194805 0.10463050 -0.04298612
v 1.37021804 0.09248363 -0.04509183
v 1.32685995 0.10323250 -0.04602226
v 1.32194805 0.10463050 -0.04298612
v 1.37153494 0.09225296 -0.04337194
v 1.37021804 0.09248363 -0.04509183
v 1.32194805 0.10463050 -0.04298612
v 1.32685995 0.10323250 -0.04602226
v 1.32252800 0.10418410 -0.04545947
v 1.32194805 0.10463050 -0.04298612
v 1.32252800 0.10418410 -0.04545947
v 1.31715298 0.10599600 -0.03974941
v 1.38616502 0.08932626 -0.01897624
v 1.38438499 0.08969569 -0.02240595
v 1.38372397 0.09006398 -0.02198401
v 1.38616502 0.08932626 -0.01897624
v 1.38372397 0.09006398 -0.02198401
v 1.38547003 0.08970081 -0.01861235
v 1.38616502 0.08932626 -0.01897624
v 1.38547003 0.08970081 -0.01861235
v 1.38823402 0.08889013 -0.01377859
v 1.38616502 0.08932626 -0.01897624
v 1.38823402 0.08889013 -0.01377859
v 1.38663805 0.08865511 -0.01926377
v 1.38616502 0.08932626 -0.01897624
v 1.38663805 0.08865511 -0.01926377
v 1.38438499 0.08969569 -0.02240595
v 1.36665905 0.09296053 -0.04805740
v 1.36444104 0.09347242 -0.04836627
v 1.36451602 0.09376502 -0.04742273
v 1.36665905 0.09296053 -0.04805740
v 1.36666405 0.09227561 -0.04871323
v 1.36444104 0.09347242 -0.04836627
v 1.36665905 0.09296053 -0.04805740
v 1.36874497 0.09251129 -0.04721024
v 1.36891603 0.09183633 -0.04779645
v 1.36665905 0.09296053 -0.04805740
v 1.36891603 0.09183633 -0.04779645
v 1.36666405 0.09227561 -0.04871323
v 1.29544699 0.11198370 -0.02076956
v 1.29636300 0.11189490 -0.01949784
v 1.30013597 0.11083290 -0.02452054
v 1.29544699 0.11198370 -0.02076956
v 1.30013597 0.11083290 -0.02452054
v 1.29894197 0.11097020 -0.02556774
v 1.29544699 0.11198370 -0.02076956
v 1.29495394 0.11207200 -0.02048310
v 1.29636300 0.11189490 -0.01949784
v 1.29544699 0.11198370 -0.02076956
v 1.29894197 0.11097020 -0.02556774
v 1.29495394 0.11207200 -0.02048310
v 1.16870999 0.11351430 0.03770479
v 1.17046404 0.11333810 0.03836348
v 1.18345797 0.11290520 0.03988340
v 1.16870999 0.11351430 0.03770479
v 1.18345797 0.11446640 0.03356614
v 1.16609299 0.11361700 0.03730842
v 1.16870999 0.11351430 0.03770479
v 1.18345797 0.11290520 0.03988340
v 1.18345797 0.11446640 0.03356614
v 1.16004896 0.11313790 0.03908255
v 1.17046404 0.11333810 0.03836348
v 0.93252242 0.11321550 0.03880760
v 1.30420196 0.10816170 0.03601434
v 1.30159795 0.10902380 0.03331348
v 1.18345797 0.11290520 0.03988340
v 1.30420196 0.10816170 0.03601434
v 1.18345797 0.11290520 0.03988340
v 1.30794406 0.10692800 0.03952714
v 1.30420196 0.10816170 0.03601434
v 1.30593204 0.10826040 0.03522059
v 1.30159795 0.10902380 0.03331348
v 1.30420196 0.10816170 0.03601434
v 1.30794406 0.10692800 0.03952714
v 1.30917394 0.10725360 0.03813222
v 1.30420196 0.10816170 0.03601434
v 1.30917394 0.10725360 0.03813222
v 1.30593204 0.10826040 0.03522059
v 1.13563597 0.11650860 -0.00319698
v 1.13637996 0.11650860 -0.00159886
v 1.18345797 0.11617700 -0.01786389
v 1.13563597 0.11650860 -0.00319698
v 1.18345797 0.11617700 -0.01786389
v 1.13463402 0.11650860 -0.00436583
v 1.13213396 0.11650860 -0.00569329
v 1.13290906 0.11650860 -0.00542977
v 1.18345797 0.11617700 -0.01786389
v 1.13213396 0.11650860 -0.00569329
v 1.18345797 0.11617700 -0.01786389
v 1.13006902 0.11650860 -0.00595382
v 1.13609505 0.11650860 0.00293174
v 1.13542604 0.11650860 0.00398549
v 1.18345797 0.11617700 -0.01786389
v 1.13609505 0.11650860 0.00293174
v 1.18345797 0.11617700 -0.01786389
v 1.13649702 0.11650860 0.00166157
v 1.13448906 0.11650860 0.00482276
v 1.13007700 0.11650860 0.00628856
v 1.13231301 0.11650860 0.00592110
v 1.13448906 0.11650860 0.00482276
v 1.13231301 0.11650860 0.00592110
v 1.18345797 0.11580030 0.02063420
v 1.13448906 0.11650860 0.00482276
v 1.18345797 0.11580030 0.02063420
v 1.13542604 0.11650860 0.00398549
v 1.13448906 0.11650860 0.00482276
v 1.13542604 0.11650860 0.00398549
v 1.13609505 0.11650860 0.00293174
v 1.13448906 0.11650860 0.00482276
v 1.02482402 0.11650860 0.00608733
v 1.13007700 0.11650860 0.00628856
v 1.13448906 0.11650860 0.00482276
v 1.01386499 0.11650860 0.00606105
v 1.02482402 0.11650860 0.00608733
v 1.13448906 0.11650860 0.00482276
v 0.98245782 0.11650860 0.00593248
v 1.01386499 0.11650860 0.00606105
v 1.13448906 0.11650860 0.00482276
v 0.98245782 0.11650860 -0.00206748
v 0.98245782 0.11650860 0.00593248
v 1.13448906 0.11650860 0.00482276
v 1.08314204 0.11650860 -0.00552091
v 0.98245782 0.11650860 -0.00206748
v 1.13448906 0.11650860 0.00482276
v 1.13006902 0.11650860 -0.00595382
v 1.08314204 0.11650860 -0.00552091
v 1.13448906 0.11650860 0.00482276
v 1.13213396 0.11650860 -0.00569329
v 1.13006902 0.11650860 -0.00595382
v 1.13448906 0.11650860 0.00482276
v 1.13290906 0.11650860 -0.00542977
v 1.13213396 0.11650860 -0.00569329
v 1.13448906 0.11650860 0.00482276
v 1.13463402 0.11650860 -0.00436583
v 1.13290906 0.11650860 -0.00542977
v 1.13448906 0.11650860 0.00482276
v 1.13563597 0.11650860 -0.00319698
v 1.13463402 0.11650860 -0.00436583
v 1.13448906 0.11650860 0.00482276
v 1.13637996 0.11650860 -0.00159886
v 1.13563597 0.11650860 -0.00319698
v 1.13448906 0.11650860 0.00482276
v 1.13663101 0.11650860 0.00017495
v 1.13637996 0.11650860 -0.00159886
v 1.13448906 0.11650860 0.00482276
v 1.13609505 0.11650860 0.00293174
v 1.13649702 0.11650860 0.00166157
v 1.13448906 0.11650860 0.00482276
v 1.13649702 0.11650860 0.00166157
v 1.13663101 0.11650860 0.00017495
v 1.03132498 0.10653920 -0.05369970
v 1.15293097 0.10699070 -0.05322024
v 1.05441105 0.10648010 -0.05380150
v 1.03132498 0.10653920 -0.05369970
v 1.05441105 0.10648010 -0.05380150
v 1.03131902 0.10653860 -0.05370035
v 1.03132498 0.10653920 -0.05369970
v 1.03131902 0.10653860 -0.05370035
v 0.93541610 0.10677880 -0.05328038
v 1.03132498 0.10653920 -0.05369970
v 0.93541610 0.10677880 -0.05328038
v 1.15293097 0.10699070 -0.05322024
v 1.03132498 0.10729970 -0.05267259
v 0.93542218 0.10753880 -0.05224087
v 1.05420303 0.10802170 -0.05134597
v 1.03132498 0.10729970 -0.05267259
v 1.05420303 0.10802170 -0.05134597
v 1.05441701 0.10724160 -0.05277660
v 1.03132498 0.10729970 -0.05267259
v 1.05441701 0.10724160 -0.05277660
v 0.93541610 0.10677880 -0.05328038
v 1.03132498 0.10729970 -0.05267259
v 0.93541610 0.10677880 -0.05328038
v 0.93542218 0.10753880 -0.05224087
v 1.05382395 0.10892810 -0.04957667
v 1.15566003 0.10910420 -0.04921796
v 1.05420303 0.10802170 -0.05134597
v 1.02991402 0.10825040 0.05157819
v 1.02828395 0.10751120 0.05299720
v 1.04355800 0.10768000 0.05268004
v 1.02991402 0.10825040 0.05157819
v 0.93457079 0.10874380 0.05058458
v 1.02828395 0.10751120 0.05299720
v 1.02991402 0.10825040 0.05157819
v 1.04355800 0.10768000 0.05268004
v 1.15534699 0.10842120 0.05123880
v 1.04141104 0.10844690 0.05118718
v 1.15534699 0.10842120 0.05123880
v 1.15534699 0.10861920 0.05083915
v 1.04141104 0.10844690 0.05118718
v 1.02991402 0.10825040 0.05157819
v 1.15534699 0.10842120 0.05123880
v 1.04141104 0.10844690 0.05118718
v 0.93457079 0.10874380 0.05058458
v 1.02991402 0.10825040 0.05157819
v 1.03628600 0.10915150 0.04973241
v 1.15535998 0.10989890 0.04808780
v 0.93379623 0.11046850 0.04675313
v 1.03628600 0.10915150 0.04973241
v 0.93379623 0.11046850 0.04675313
v 0.93457079 0.10874380 0.05058458
v 1.03628600 0.10915150 0.04973241
v 1.15534699 0.10861920 0.05083915
v 1.15535998 0.10989890 0.04808780
v 1.02544105 0.09838408 0.06327256
v 0.93729103 0.09864878 0.06290724
v 0.91341490 0.05790823 0.06346431
v 1.02544105 0.09838408 0.06327256
v 1.08045495 0.08028626 0.06378874
v 1.07761395 0.09822559 0.06348875
v 1.02544105 0.09838408 0.06327256
v 0.91341490 0.05790823 0.06346431
v 1.08045495 0.08028626 0.06378874
v 1.02544498 0.09952676 0.06312128
v 0.93729103 0.09864878 0.06290724
v 1.04823601 0.09945547 0.06321629
v 1.02544498 0.09952676 0.06312128
v 0.93729508 0.09979987 0.06275388
v 0.93729103 0.09864878 0.06290724
v 1.02544498 0.09952676 0.06312128
v 1.02546096 0.09952950 0.06312063
v 0.93729508 0.09979987 0.06275388
v 1.02544498 0.09952676 0.06312128
v 1.04823601 0.09945547 0.06321629
v 1.02546096 0.09952950 0.06312063
v 1.02546096 0.10234220 0.06122121
v 1.02544904 0.10257090 0.06090608
v 0.93731147 0.10262730 0.06082788
v 1.02546096 0.10234220 0.06122121
v 0.93731147 0.10262730 0.06082788
v 1.02545905 0.10199970 0.06164064
v 1.02546096 0.10234220 0.06122121
v 1.08585203 0.10223210 0.06137165
v 1.04818296 0.10256460 0.06091478
v 1.02546096 0.10234220 0.06122121
v 1.04818296 0.10256460 0.06091478
v 1.02544904 0.10257090 0.06090608
v 0.91149992 0.02760243 0.06321933
v 1.08047605 0.02760243 0.06321933
v 1.08047605 0.02816730 0.06327864
v 0.91149992 0.02760243 0.06321933
v 1.08047605 0.02816730 0.06327864
v 0.91147077 0.02816754 0.06327864
v 0.91149992 0.02760243 0.06321933
v 0.91147077 0.02816754 0.06327864
v 0.31945381 -0.00462252 0.05957087
v 0.91149992 0.02760243 0.06321933
v 0.31945381 -0.00462252 0.05957087
v 0.51945382 -0.00468790 0.05956575
v 0.91149992 0.02760243 0.06321933
v 0.51945382 -0.00468790 0.05956575
v 0.87104630 -0.00468790 0.05956575
v 0.91149992 0.02760243 0.06321933
v 0.87104630 -0.00468790 0.05956575
v 1.08047605 0.02760243 0.06321933
v 1.32077098 0.10368130 0.04685452
v 1.31597197 0.10515460 0.04350575
v 1.32037699 0.10364800 0.04713091
v 1.32077098 0.10368130 0.04685452
v 1.32037699 0.10364800 0.04713091
v 1.32360494 0.10306230 0.04764744
v 1.32077098 0.10368130 0.04685452
v 1.32360494 0.10306230 0.04764744
v 1.31597197 0.10515460 0.04350575
v 1.38438499 0.08923995 0.02415701
v 1.38483596 0.08916246 0.02334693
v 1.38372397 0.08961641 0.02374252
v 1.38438499 0.08923995 0.02415701
v 1.38372397 0.08961641 0.02374252
v 1.37153494 0.09138637 0.04516914
v 1.37206101 0.09101843 0.04578801
v 1.37153494 0.09138637 0.04516914
v 1.37013304 0.09159803 0.04697611
v 1.36665905 0.09200215 0.04986760
v 1.36451602 0.09281885 0.04924878
v 1.36444104 0.09250783 0.05018636
v 1.36665905 0.09200215 0.04986760
v 1.36444104 0.09250783 0.05018636
v 1.36666405 0.09130454 0.05050989
v 1.36665905 0.09200215 0.04986760
v 1.36666405 0.09130454 0.05050989
v 1.36891603 0.09088325 0.04958471
v 1.36665905 0.09200215 0.04986760
v 1.36891603 0.09088325 0.04958471
v 1.36874497 0.09156960 0.04901179
v 1.37092698 0.09055387 0.04808267
v 1.36874497 0.09156960 0.04901179
v 1.36891603 0.09088325 0.04958471
v 1.37092698 0.09055387 0.04808267
v 1.36891603 0.09088325 0.04958471
v 1.37106597 0.08969783 0.04823794
v 1.37060702 0.09123027 0.04762092
v 1.36849594 0.09191042 0.04819813
v 1.36874497 0.09156960 0.04901179
v 1.37060702 0.09123027 0.04762092
v 1.37013304 0.09159803 0.04697611
v 1.36849594 0.09191042 0.04819813
v 1.37060702 0.09123027 0.04762092
v 1.37206101 0.09101843 0.04578801
v 1.37013304 0.09159803 0.04697611
v 1.37060702 0.09123027 0.04762092
v 1.36874497 0.09156960 0.04901179
v 1.37092698 0.09055387 0.04808267
v 1.37060702 0.09123027 0.04762092
v 1.37092698 0.09055387 0.04808267
v 1.37249696 0.09034991 0.04610446
v 1.37060702 0.09123027 0.04762092
v 1.37249696 0.09034991 0.04610446
v 1.37206101 0.09101843 0.04578801
v 1.36651504 0.09234064 0.04899451
v 1.36849594 0.09191042 0.04819813
v 1.33412504 0.10042240 0.04899439
v 1.36651504 0.09234064 0.04899451
v 1.33412504 0.10042240 0.04899439
v 1.36451602 0.09281885 0.04924878
v 1.36651504 0.09234064 0.04899451
v 1.36451602 0.09281885 0.04924878
v 1.36665905 0.09200215 0.04986760
v 1.36651504 0.09234064 0.04899451
v 1.36665905 0.09200215 0.04986760
v 1.36874497 0.09156960 0.04901179
v 1.36651504 0.09234064 0.04899451
v 1.36874497 0.09156960 0.04901179
v 1.36849594 0.09191042 0.04819813
v 1.38529003 0.08849060 0.02365717
v 1.38771105 0.08808350 0.01852592
v 1.38722205 0.08876401 0.01828542
v 1.38529003 0.08849060 0.02365717
v 1.38722205 0.08876401 0.01828542
v 1.38483596 0.08916246 0.02334693
v 1.38529003 0.08849060 0.02365717
v 1.38713300 0.08736217 0.02040460
v 1.38771105 0.08808350 0.01852592
v 1.38529003 0.08849060 0.02365717
v 1.38438499 0.08923995 0.02415701
v 1.38483095 0.08857029 0.02447798
v 1.38529003 0.08849060 0.02365717
v 1.38483596 0.08916246 0.02334693
v 1.38438499 0.08923995 0.02415701
v 1.38925600 0.08783936 0.01404759
v 1.38771105 0.08808350 0.01852592
v 1.38787901 0.08723795 0.01864847
v 1.38925600 0.08783936 0.01404759
v 1.38787901 0.08723795 0.01864847
v 1.38943505 0.08698916 0.01413688
v 1.38925600 0.08783936 0.01404759
v 1.38874400 0.08852529 0.01386889
v 1.38771105 0.08808350 0.01852592
v 1.38925600 0.08783936 0.01404759
v 1.39051402 0.08766162 0.00849673
v 1.38874400 0.08852529 0.01386889
v 1.38925600 0.08783936 0.01404759
v 1.38943505 0.08698916 0.01413688
v 1.39015198 0.08688235 0.01136073
v 1.38925600 0.08783936 0.01404759
v 1.39015198 0.08688235 0.01136073
v 1.39051402 0.08766162 0.00849673
v 1.36652601 0.09040582 0.05077633
v 1.36403298 0.09086477 0.05109164
v 1.36419499 0.08656197 0.05104956
v 1.36652601 0.09040582 0.05077633
v 1.36419499 0.08656197 0.05104956
v 1.36677301 0.08592236 0.05071195
v 1.36652601 0.09040582 0.05077633
v 1.36666405 0.09130454 0.05050989
v 1.36426604 0.09179848 0.05085536
v 1.36652601 0.09040582 0.05077633
v 1.36426604 0.09179848 0.05085536
v 1.36403298 0.09086477 0.05109164
v 1.36652601 0.09040582 0.05077633
v 1.36677301 0.08592236 0.05071195
v 1.36696100 0.08587598 0.05066046
v 1.37272596 0.08448052 0.04638376
v 1.37268496 0.05875158 0.04610344
v 1.37689602 0.05881649 0.03947445
v 1.37272596 0.08448052 0.04638376
v 1.37689602 0.05881649 0.03947445
v 1.37914503 0.08298236 0.03591737
v 1.38084304 0.05888289 0.03268524
v 1.37914503 0.08298236 0.03591737
v 1.37689602 0.05881649 0.03947445
v 1.38497901 0.08773314 0.02464511
v 1.38529003 0.08849060 0.02365717
v 1.38483095 0.08857029 0.02447798
v 1.38497901 0.08773314 0.02464511
v 1.38713300 0.08736217 0.02040460
v 1.38529003 0.08849060 0.02365717
v 1.38497901 0.08773314 0.02464511
v 1.39330006 0.06011140 0.01103940
v 1.38713300 0.08736217 0.02040460
v 1.36888194 0.09001368 0.04984900
v 1.37106597 0.08969783 0.04823794
v 1.36891603 0.09088325 0.04958471
v 1.36888194 0.09001368 0.04984900
v 1.37086999 0.08492225 0.04853913
v 1.37106597 0.08969783 0.04823794
v 1.36888194 0.09001368 0.04984900
v 1.36652601 0.09040582 0.05077633
v 1.36696100 0.08587598 0.05066046
v 1.36888194 0.09001368 0.04984900
v 1.36696100 0.08587598 0.05066046
v 1.36919200 0.08532887 0.04972788
v 1.36888194 0.09001368 0.04984900
v 1.36891603 0.09088325 0.04958471
v 1.36666405 0.09130454 0.05050989
v 1.36888194 0.09001368 0.04984900
v 1.36666405 0.09130454 0.05050989
v 1.36652601 0.09040582 0.05077633
v 0.91149998 0.03002911 0.06329688
v 0.91147077 0.02816754 0.06327864
v 1.08047605 0.02816730 0.06327864
v 0.91149998 0.03002911 0.06329688
v 0.91394061 0.05391424 0.06353065
v 0.91149998 0.05352771 0.06352683
v 0.91149998 0.03002911 0.06329688
v 0.91149998 0.05352771 0.06352683
v 0.91147077 0.02816754 0.06327864
v 1.08046198 0.08028745 0.06378874
v 1.08045495 0.08028626 0.06378874
v 1.08047605 0.08028960 0.06378874
v 1.08046198 0.08028745 0.06378874
v 1.08047605 0.08028960 0.06378874
v 1.07761395 0.09822559 0.06348875
v 1.08046198 0.08028745 0.06378874
v 1.07761395 0.09822559 0.06348875
v 1.08045495 0.08028626 0.06378874
v 1.05827701 0.06623435 0.06365123
v 1.05122304 0.06623435 0.06365123
v 0.91394061 0.05391424 0.06353065
v 1.05827701 0.06623435 0.06365123
v 1.08045495 0.08028626 0.06378874
v 1.05122304 0.06623435 0.06365123
v 1.05827701 0.06623435 0.06365123
v 1.08047605 0.02816730 0.06327864
v 1.08045495 0.08028626 0.06378874
v 1.04635203 0.10581020 0.05599364
v 1.02655005 0.10608480 0.05553242
v 0.93639553 0.10480420 0.05761781
v 1.04635203 0.10581020 0.05599364
v 0.93639553 0.10480420 0.05761781
v 1.02584505 0.10493980 0.05740466
v 1.04635203 0.10581020 0.05599364
v 1.02584505 0.10493980 0.05740466
v 1.13444996 0.10588060 0.05587622
v 1.04635203 0.10581020 0.05599364
v 1.13444996 0.10588060 0.05587622
v 1.02655005 0.10608480 0.05553242
v 1.13446999 0.10478880 0.05716714
v 1.12573099 0.10378350 0.05873772
v 1.32337296 0.10272940 0.04846277
v 1.13446999 0.10478880 0.05716714
v 1.32337296 0.10272940 0.04846277
v 1.13444996 0.10588060 0.05587622
v 1.13446999 0.10478880 0.05716714
v 1.13444996 0.10588060 0.05587622
v 1.12545395 0.10484280 0.05755731
v 1.13446999 0.10478880 0.05716714
v 1.12545395 0.10484280 0.05755731
v 1.12573099 0.10378350 0.05873772
v 1.39330006 0.05609452 0.01104941
v 1.37914503 0.08298236 0.03591737
v 1.38084304 0.05888289 0.03268524
v 1.39330006 0.05609452 0.01104941
v 1.38084304 0.05888289 0.03268524
v 1.37689602 0.05881649 0.03947445
v 1.39330006 0.05609452 0.01104941
v 1.37689602 0.05881649 0.03947445
v 1.39330006 0.05570793 0.01099219
v 1.37254298 0.05745851 0.04599663
v 1.37674999 0.05752396 0.03937366
v 1.37689602 0.05881649 0.03947445
v 1.37254298 0.05745851 0.04599663
v 1.37689602 0.05881649 0.03947445
v 1.37268496 0.05875158 0.04610344
v 1.37254298 0.05745851 0.04599663
v 1.37132204 0.05744445 0.04749461
v 1.37212706 0.05625534 0.04570880
v 1.37254298 0.05745851 0.04599663
v 1.37268496 0.05875158 0.04610344
v 1.37132204 0.05744445 0.04749461
v 1.39330006 0.05534899 0.01083710
v 1.37674999 0.05752396 0.03937366
v 1.39330006 0.05496805 0.01054236
v 1.39330006 0.05534899 0.01083710
v 1.39330006 0.05570793 0.01099219
v 1.37674999 0.05752396 0.03937366
v 1.37632406 0.05632025 0.03910234
v 1.37212706 0.05625534 0.04570880
v 1.39330006 0.05496805 0.01054236
v 1.37632406 0.05632025 0.03910234
v 1.39330006 0.05496805 0.01054236
v 1.37674999 0.05752396 0.03937366
v 1.37632406 0.05632025 0.03910234
v 1.37254298 0.05745851 0.04599663
v 1.37212706 0.05625534 0.04570880
v 1.37632406 0.05632025 0.03910234
v 1.37674999 0.05752396 0.03937366
v 1.37254298 0.05745851 0.04599663
v 1.36992395 0.05872440 0.04887989
v 1.36819100 0.05871534 0.04981031
v 1.36983001 0.05743241 0.04872569
v 1.36992395 0.05872440 0.04887989
v 1.36919200 0.08532887 0.04972788
v 1.36819100 0.05871534 0.04981031
v 1.37144196 0.05873668 0.04762813
v 1.37132204 0.05744445 0.04749461
v 1.37268496 0.05875158 0.04610344
v 1.37144196 0.05873668 0.04762813
v 1.37086999 0.08492225 0.04853913
v 1.36992395 0.05872440 0.04887989
v 1.37144196 0.05873668 0.04762813
v 1.36992395 0.05872440 0.04887989
v 1.36983001 0.05743241 0.04872569
v 1.37144196 0.05873668 0.04762813
v 1.36983001 0.05743241 0.04872569
v 1.37132204 0.05744445 0.04749461
v 1.15781403 0.11195230 -0.04250851
v 1.03572798 0.11210250 -0.04209193
v 1.17323196 0.11242860 -0.04115805
v 1.15781403 0.11195230 -0.04250851
v 1.17323196 0.11242860 -0.04115805
v 1.17474699 0.11187570 -0.04271742
v 1.05026996 0.11157740 -0.04351344
v 1.17474699 0.11187570 -0.04271742
v 1.15663803 0.11118380 -0.04452094
v 1.05026996 0.11157740 -0.04351344
v 1.15663803 0.11118380 -0.04452094
v 0.93367761 0.11124280 -0.04437294
v 1.05143797 0.11105860 -0.04483231
v 1.17625201 0.11098120 -0.04502257
v 1.03241396 0.11050090 -0.04616889
v 1.05143797 0.11105860 -0.04483231
v 1.03241396 0.11050090 -0.04616889
v 0.93367761 0.11124280 -0.04437294
v 1.05143797 0.11105860 -0.04483231
v 1.15663803 0.11118380 -0.04452094
v 1.17625201 0.11098120 -0.04502257
v 1.15608597 0.11055150 -0.04605087
v 1.17625201 0.11098120 -0.04502257
v 1.18345797 0.11046120 -0.04626134
v 1.15608597 0.11055150 -0.04605087
v 1.18345797 0.11046120 -0.04626134
v 1.03241396 0.11050090 -0.04616889
v 1.15608597 0.11055150 -0.04605087
v 1.03241396 0.11050090 -0.04616889
v 1.17625201 0.11098120 -0.04502257
v 1.04698598 0.11242380 -0.04117217
v 1.04581499 0.11259110 -0.04067614
v 1.17323196 0.11242860 -0.04115805
v 1.04698598 0.11242380 -0.04117217
v 1.17323196 0.11242860 -0.04115805
v 1.03713095 0.11241140 -0.04120835
v 1.04698598 0.11242380 -0.04117217
v 1.03713095 0.11241140 -0.04120835
v 1.04581499 0.11259110 -0.04067614
v 1.04411197 0.11274570 -0.04020676
v 1.17190802 0.11275880 -0.04016634
v 1.03886902 0.11265350 -0.04048791
v 1.04411197 0.11274570 -0.04020676
v 1.03886902 0.11265350 -0.04048791
v 1.04157996 0.11280730 -0.04001644
v 1.04411197 0.11274570 -0.04020676
v 1.04157996 0.11280730 -0.04001644
v 1.17190802 0.11275880 -0.04016634
v 1.15962005 0.11260790 -0.04062572
v 1.04581499 0.11259110 -0.04067614
v 1.03886902 0.11265350 -0.04048791
v 1.15962005 0.11260790 -0.04062572
v 1.03886902 0.11265350 -0.04048791
v 1.17190802 0.11275880 -0.04016634
v 1.15962005 0.11260790 -0.04062572
v 1.17190802 0.11275880 -0.04016634
v 1.17323196 0.11242860 -0.04115805
v 1.15962005 0.11260790 -0.04062572
v 1.17323196 0.11242860 -0.04115805
v 1.04581499 0.11259110 -0.04067614
v 1.05244696 0.11043160 -0.04632982
v 1.03241396 0.11050090 -0.04616889
v 1.18345797 0.11046120 -0.04626134
v 1.05244696 0.11043160 -0.04632982
v 1.18345797 0.11046120 -0.04626134
v 1.17691004 0.11034320 -0.04653343
v 1.05244696 0.11043160 -0.04632982
v 1.03179705 0.10978000 -0.04779085
v 0.93441468 0.10964350 -0.04808589
v 1.05244696 0.11043160 -0.04632982
v 0.93441468 0.10964350 -0.04808589
v 1.03241396 0.11050090 -0.04616889
v 1.05244696 0.11043160 -0.04632982
v 1.17691004 0.11034320 -0.04653343
v 1.15576696 0.10987240 -0.04758909
v 1.05244696 0.11043160 -0.04632982
v 1.15576696 0.10987240 -0.04758909
v 1.03179705 0.10978000 -0.04779085
v 1.05320799 0.10975700 -0.04784092
v 1.03179705 0.10978000 -0.04779085
v 1.15576696 0.10987240 -0.04758909
v 1.05320799 0.10975700 -0.04784092
v 1.15576696 0.10987240 -0.04758909
v 1.17737401 0.10964030 -0.04809269
v 1.05320799 0.10975700 -0.04784092
v 1.17737401 0.10964030 -0.04809269
v 0.93441468 0.10964350 -0.04808589
v 1.05320799 0.10975700 -0.04784092
v 0.93441468 0.10964350 -0.04808589
v 1.03179705 0.10978000 -0.04779085
v 1.37249696 0.09123498 -0.04432734
v 1.37263596 0.09121668 -0.04408976
v 1.37279105 0.09038996 -0.04425022
v 1.37249696 0.09123498 -0.04432734
v 1.37279105 0.09038996 -0.04425022
v 1.37264597 0.09040737 -0.04449728
v 1.37249696 0.09123498 -0.04432734
v 1.37264597 0.09040737 -0.04449728
v 1.37092698 0.09147763 -0.04630121
v 1.37219000 0.09187811 -0.04377791
v 1.38438499 0.08969569 -0.02240595
v 1.38483095 0.08903247 -0.02274003
v 1.37219000 0.09187811 -0.04377791
v 1.38483095 0.08903247 -0.02274003
v 1.37263596 0.09121668 -0.04408976
v 1.37219000 0.09187811 -0.04377791
v 1.37153494 0.09225296 -0.04337194
v 1.38438499 0.08969569 -0.02240595
v 1.34148300 0.09950745 -0.04736652
v 1.34140801 0.09921485 -0.04831007
v 1.33396995 0.10109010 -0.04795959
v 1.34148300 0.09950745 -0.04736652
v 1.33396995 0.10109010 -0.04795959
v 1.33412504 0.10136210 -0.04701957
v 1.34148300 0.09950745 -0.04736652
v 1.33412504 0.10136210 -0.04701957
v 1.36451602 0.09376502 -0.04742273
v 1.34148300 0.09950745 -0.04736652
v 1.36451602 0.09376502 -0.04742273
v 1.34140801 0.09921485 -0.04831007
v 1.36840403 0.09285598 -0.04644075
v 1.33412504 0.10136210 -0.04701957
v 1.32685995 0.10323250 -0.04602226
v 1.36840403 0.09285598 -0.04644075
v 1.32685995 0.10323250 -0.04602226
v 1.37021804 0.09248363 -0.04509183
v 1.16407394 0.11357920 0.03745552
v 1.16870999 0.11351430 0.03770479
v 1.16609299 0.11361700 0.03730842
v 1.16407394 0.11357920 0.03745552
v 1.16609299 0.11361700 0.03730842
v 0.93252242 0.11321550 0.03880760
v 1.16407394 0.11357920 0.03745552
v 0.93252242 0.11321550 0.03880760
v 1.16870999 0.11351430 0.03770479
v 1.16144001 0.11335890 0.03828719
v 1.16870999 0.11351430 0.03770479
v 0.93252242 0.11321550 0.03880760
v 1.16144001 0.11335890 0.03828719
v 0.93252242 0.11321550 0.03880760
v 1.17046404 0.11333810 0.03836348
v 1.16144001 0.11335890 0.03828719
v 1.17046404 0.11333810 0.03836348
v 1.16870999 0.11351430 0.03770479
v 1.17208302 0.11307500 0.03930249
v 1.17046404 0.11333810 0.03836348
v 1.16004896 0.11313790 0.03908255
v 1.17208302 0.11307500 0.03930249
v 1.16004896 0.11313790 0.03908255
v 0.93252242 0.11321550 0.03880760
v 1.17208302 0.11307500 0.03930249
v 0.93252242 0.11321550 0.03880760
v 1.18345797 0.11290520 0.03988340
v 1.17208302 0.11307500 0.03930249
v 1.18345797 0.11290520 0.03988340
v 1.17046404 0.11333810 0.03836348
v 1.03130805 0.10802650 -0.05133709
v 1.05382395 0.10892810 -0.04957667
v 1.05420303 0.10802170 -0.05134597
v 1.03130805 0.10802650 -0.05133709
v 1.05420303 0.10802170 -0.05134597
v 0.93527430 0.10784280 -0.05168125
v 1.03130805 0.10802650 -0.05133709
v 0.93527430 0.10784280 -0.05168125
v 1.05382395 0.10892810 -0.04957667
v 1.03145504 0.10906230 -0.04930385
v 1.05382395 0.10892810 -0.04957667
v 0.93527430 0.10784280 -0.05168125
v 1.03145504 0.10906230 -0.04930385
v 0.93527430 0.10784280 -0.05168125
v 0.93441468 0.10964350 -0.04808589
v 1.03145504 0.10906230 -0.04930385
v 0.93441468 0.10964350 -0.04808589
v 1.15566003 0.10910420 -0.04921796
v 1.03145504 0.10906230 -0.04930385
v 1.15566003 0.10910420 -0.04921796
v 1.05382395 0.10892810 -0.04957667
v 1.03126705 0.10864840 0.05077978
v 1.04141104 0.10844690 0.05118718
v 1.15534699 0.10861920 0.05083915
v 1.03126705 0.10864840 0.05077978
v 1.15534699 0.10861920 0.05083915
v 0.93457079 0.10874380 0.05058458
v 1.03126705 0.10864840 0.05077978
v 0.93457079 0.10874380 0.05058458
v 1.04141104 0.10844690 0.05118718
v 1.02546096 0.09838783 0.06327250
v 1.02544105 0.09838408 0.06327256
v 1.07761395 0.09822559 0.06348875
v 1.02546096 0.09838783 0.06327250
v 1.07761395 0.09822559 0.06348875
v 1.04823601 0.09945547 0.06321629
v 1.02546096 0.09838783 0.06327250
v 1.04823601 0.09945547 0.06321629
v 0.93729103 0.09864878 0.06290724
v 1.02546096 0.09838783 0.06327250
v 0.93729103 0.09864878 0.06290724
v 1.02544105 0.09838408 0.06327256
v 1.04825199 0.10226780 0.06132295
v 1.07763505 0.10217150 0.06145408
v 1.08585203 0.10223210 0.06137165
v 1.04825199 0.10226780 0.06132295
v 1.08585203 0.10223210 0.06137165
v 1.02546096 0.10234220 0.06122121
v 1.04825199 0.10226780 0.06132295
v 1.02546096 0.10234220 0.06122121
v 1.02545905 0.10199970 0.06164064
v 1.04825199 0.10226780 0.06132295
v 1.02545905 0.10199970 0.06164064
v 1.07763505 0.10217150 0.06145408
v 1.37219000 0.09100371 0.04556772
v 1.38438499 0.08923995 0.02415701
v 1.37153494 0.09138637 0.04516914
v 1.37219000 0.09100371 0.04556772
v 1.37153494 0.09138637 0.04516914
v 1.37206101 0.09101843 0.04578801
v 1.37219000 0.09100371 0.04556772
v 1.38483095 0.08857029 0.02447798
v 1.38438499 0.08923995 0.02415701
v 1.37264597 0.08951920 0.04625812
v 1.37092698 0.09055387 0.04808267
v 1.37106597 0.08969783 0.04823794
v 1.37264597 0.08951920 0.04625812
v 1.37249696 0.09034991 0.04610446
v 1.37092698 0.09055387 0.04808267
v 1.37264597 0.08951920 0.04625812
v 1.37272596 0.08448052 0.04638376
v 1.37914503 0.08298236 0.03591737
v 1.37227905 0.08458554 0.04702553
v 1.37264597 0.08951920 0.04625812
v 1.37106597 0.08969783 0.04823794
v 1.37227905 0.08458554 0.04702553
v 1.37272596 0.08448052 0.04638376
v 1.37264597 0.08951920 0.04625812
v 1.37227905 0.08458554 0.04702553
v 1.37144196 0.05873668 0.04762813
v 1.37268496 0.05875158 0.04610344
v 1.37227905 0.08458554 0.04702553
v 1.37268496 0.05875158 0.04610344
v 1.37272596 0.08448052 0.04638376
v 1.37263596 0.09033626 0.04586657
v 1.38497901 0.08773314 0.02464511
v 1.38483095 0.08857029 0.02447798
v 1.37263596 0.09033626 0.04586657
v 1.38483095 0.08857029 0.02447798
v 1.37219000 0.09100371 0.04556772
v 1.37263596 0.09033626 0.04586657
v 1.37219000 0.09100371 0.04556772
v 1.37206101 0.09101843 0.04578801
v 1.37263596 0.09033626 0.04586657
v 1.37206101 0.09101843 0.04578801
v 1.37249696 0.09034991 0.04610446
v 1.38452101 0.08173936 0.02596929
v 1.38497901 0.08773314 0.02464511
v 1.37914503 0.08298236 0.03591737
v 1.36936498 0.08528679 0.04962798
v 1.36888194 0.09001368 0.04984900
v 1.36919200 0.08532887 0.04972788
v 1.36936498 0.08528679 0.04962798
v 1.37086999 0.08492225 0.04853913
v 1.36888194 0.09001368 0.04984900
v 1.36936498 0.08528679 0.04962798
v 1.36992395 0.05872440 0.04887989
v 1.37086999 0.08492225 0.04853913
v 1.36936498 0.08528679 0.04962798
v 1.36919200 0.08532887 0.04972788
v 1.36992395 0.05872440 0.04887989
v 1.05960405 0.05785393 0.06356921
v 0.91149998 0.03002911 0.06329688
v 1.08047605 0.02816730 0.06327864
v 1.05960405 0.05785393 0.06356921
v 1.08047605 0.02816730 0.06327864
v 1.05827701 0.06623435 0.06365123
v 1.05960405 0.05785393 0.06356921
v 1.05827701 0.06623435 0.06365123
v 0.91394061 0.05391424 0.06353065
v 1.05960405 0.05785393 0.06356921
v 0.91394061 0.05391424 0.06353065
v 0.91149998 0.03002911 0.06329688
v 1.39330006 0.05968016 0.01108452
v 1.37914503 0.08298236 0.03591737
v 1.39330006 0.05609452 0.01104941
v 1.39330006 0.05968016 0.01108452
v 1.38452101 0.08173936 0.02596929
v 1.37914503 0.08298236 0.03591737
v 1.39330006 0.05968016 0.01108452
v 1.39330006 0.06048524 0.01089331
v 1.39330006 0.06011140 0.01103940
v 1.39330006 0.05968016 0.01108452
v 1.39330006 0.05609452 0.01104941
v 1.39330006 0.05570793 0.01099219
v 1.39330006 0.05968016 0.01108452
v 1.39330006 0.05570793 0.01099219
v 1.39330006 0.05534899 0.01083710
v 1.39330006 0.05968016 0.01108452
v 1.39330006 0.06011140 0.01103940
v 1.38497901 0.08773314 0.02464511
v 1.39330006 0.05968016 0.01108452
v 1.39330006 0.06074750 0.01068684
v 1.39330006 0.06048524 0.01089331
v 1.39330006 0.05968016 0.01108452
v 1.39330006 0.06103581 0.01018163
v 1.39330006 0.06074750 0.01068684
v 1.39330006 0.05968016 0.01108452
v 1.39330006 0.06110811 0.00968423
v 1.39330006 0.06103581 0.01018163
v 1.39330006 0.05968016 0.01108452
v 1.39330006 0.06119412 0.00089889
v 1.39330006 0.06110811 0.00968423
v 1.39330006 0.05968016 0.01108452
v 1.39330006 0.06128597 -0.00848642
v 1.39330006 0.06119412 0.00089889
v 1.39330006 0.05968016 0.01108452
v 1.39330006 0.06124085 -0.00891766
v 1.39330006 0.06128597 -0.00848642
v 1.39330006 0.05968016 0.01108452
v 1.39330006 0.06109476 -0.00929156
v 1.39330006 0.06124085 -0.00891766
v 1.39330006 0.05968016 0.01108452
v 1.39330006 0.06088829 -0.00955382
v 1.39330006 0.06109476 -0.00929156
v 1.39330006 0.05968016 0.01108452
v 1.39330006 0.06038302 -0.00984207
v 1.39330006 0.06088829 -0.00955382
v 1.39330006 0.05968016 0.01108452
v 1.39330006 0.05988568 -0.00991443
v 1.39330006 0.06038302 -0.00984207
v 1.39330006 0.05968016 0.01108452
v 1.39330006 0.05630004 -0.00994947
v 1.39330006 0.05988568 -0.00991443
v 1.39330006 0.05968016 0.01108452
v 1.39330006 0.05594730 -0.00990871
v 1.39330006 0.05630004 -0.00994947
v 1.39330006 0.05968016 0.01108452
v 1.39330006 0.05544728 -0.00968960
v 1.39330006 0.05594730 -0.00990871
v 1.39330006 0.05968016 0.01108452
v 1.39330006 0.05500787 -0.00930020
v 1.39330006 0.05544728 -0.00968960
v 1.39330006 0.05968016 0.01108452
v 1.39330006 0.05461680 -0.00869200
v 1.39330006 0.05500787 -0.00930020
v 1.39330006 0.05968016 0.01108452
v 1.39330006 0.05437767 -0.00800881
v 1.39330006 0.05461680 -0.00869200
v 1.39330006 0.05968016 0.01108452
v 1.39330006 0.05427247 -0.00714078
v 1.39330006 0.05437767 -0.00800881
v 1.39330006 0.05968016 0.01108452
v 1.39330006 0.05420029 0.00023041
v 1.39330006 0.05427247 -0.00714078
v 1.39330006 0.05968016 0.01108452
v 1.39330006 0.05412232 0.00820157
v 1.39330006 0.05420029 0.00023041
v 1.39330006 0.05968016 0.01108452
v 1.39330006 0.05438601 0.00964227
v 1.39330006 0.05412232 0.00820157
v 1.39330006 0.05968016 0.01108452
v 1.39330006 0.05534899 0.01083710
v 1.39330006 0.05496805 0.01054236
v 1.39330006 0.05968016 0.01108452
v 1.39330006 0.05496805 0.01054236
v 1.39330006 0.05438601 0.00964227
v 1.03459203 0.11174440 -0.04307159
v 1.17474699 0.11187570 -0.04271742
v 1.05026996 0.11157740 -0.04351344
v 1.03459203 0.11174440 -0.04307159
v 1.05026996 0.11157740 -0.04351344
v 0.93367761 0.11124280 -0.04437294
v 1.03459203 0.11174440 -0.04307159
v 0.93367761 0.11124280 -0.04437294
v 1.03572798 0.11210250 -0.04209193
v 1.03328800 0.11113600 -0.04464045
v 1.05143797 0.11105860 -0.04483231
v 0.93367761 0.11124280 -0.04437294
v 1.03328800 0.11113600 -0.04464045
v 0.93367761 0.11124280 -0.04437294
v 1.15663803 0.11118380 -0.04452094
v 1.03328800 0.11113600 -0.04464045
v 1.15663803 0.11118380 -0.04452094
v 1.05143797 0.11105860 -0.04483231
v 1.37206101 0.09189713 -0.04399785
v 1.37219000 0.09187811 -0.04377791
v 1.37263596 0.09121668 -0.04408976
v 1.37206101 0.09189713 -0.04399785
v 1.37263596 0.09121668 -0.04408976
v 1.37249696 0.09123498 -0.04432734
v 1.37206101 0.09189713 -0.04399785
v 1.37021804 0.09248363 -0.04509183
v 1.37153494 0.09225296 -0.04337194
v 1.37206101 0.09189713 -0.04399785
v 1.37153494 0.09225296 -0.04337194
v 1.37219000 0.09187811 -0.04377791
v 1.36662996 0.09325504 -0.04714807
v 1.36451602 0.09376502 -0.04742273
v 1.33412504 0.10136210 -0.04701957
v 1.36662996 0.09325504 -0.04714807
v 1.33412504 0.10136210 -0.04701957
v 1.36840403 0.09285598 -0.04644075
v 1.36662996 0.09325504 -0.04714807
v 1.36665905 0.09296053 -0.04805740
v 1.36451602 0.09376502 -0.04742273
v 1.36662996 0.09325504 -0.04714807
v 1.36840403 0.09285598 -0.04644075
v 1.36874497 0.09251129 -0.04721024
v 1.36662996 0.09325504 -0.04714807
v 1.36874497 0.09251129 -0.04721024
v 1.36665905 0.09296053 -0.04805740
v 1.37060702 0.09214484 -0.04582628
v 1.36840403 0.09285598 -0.04644075
v 1.37021804 0.09248363 -0.04509183
v 1.37060702 0.09214484 -0.04582628
v 1.36874497 0.09251129 -0.04721024
v 1.36840403 0.09285598 -0.04644075
v 1.37060702 0.09214484 -0.04582628
v 1.37021804 0.09248363 -0.04509183
v 1.37206101 0.09189713 -0.04399785
v 1.37060702 0.09214484 -0.04582628
v 1.37092698 0.09147763 -0.04630121
v 1.36874497 0.09251129 -0.04721024
v 1.37060702 0.09214484 -0.04582628
v 1.37206101 0.09189713 -0.04399785
v 1.37249696 0.09123498 -0.04432734
v 1.37060702 0.09214484 -0.04582628
v 1.37249696 0.09123498 -0.04432734
v 1.37092698 0.09147763 -0.04630121
v 1.03401899 0.10907980 0.04988446
v 1.03628600 0.10915150 0.04973241
v 0.93457079 0.10874380 0.05058458
v 1.03401899 0.10907980 0.04988446
v 1.15534699 0.10861920 0.05083915
v 1.03628600 0.10915150 0.04973241
v 1.03978705 0.10881340 0.05044117
v 1.03274202 0.10893260 0.05019357
v 0.93457079 0.10874380 0.05058458
v 1.03978705 0.10881340 0.05044117
v 0.93457079 0.10874380 0.05058458
v 1.15534699 0.10861920 0.05083915
v 1.03978705 0.10881340 0.05044117
v 1.15534699 0.10861920 0.05083915
v 1.03274202 0.10893260 0.05019357
v 1.37279105 0.08950656 0.04601082
v 1.37264597 0.08951920 0.04625812
v 1.37914503 0.08298236 0.03591737
v 1.37279105 0.08950656 0.04601082
v 1.37914503 0.08298236 0.03591737
v 1.38497901 0.08773314 0.02464511
v 1.37279105 0.08950656 0.04601082
v 1.38497901 0.08773314 0.02464511
v 1.37263596 0.09033626 0.04586657
v 1.37279105 0.08950656 0.04601082
v 1.37263596 0.09033626 0.04586657
v 1.37249696 0.09034991 0.04610446
v 1.37279105 0.08950656 0.04601082
v 1.37249696 0.09034991 0.04610446
v 1.37264597 0.08951920 0.04625812
v 1.37123203 0.08483511 0.04820623
v 1.37227905 0.08458554 0.04702553
v 1.37106597 0.08969783 0.04823794
v 1.37123203 0.08483511 0.04820623
v 1.37106597 0.08969783 0.04823794
v 1.37086999 0.08492225 0.04853913
v 1.37123203 0.08483511 0.04820623
v 1.37086999 0.08492225 0.04853913
v 1.37144196 0.05873668 0.04762813
v 1.37123203 0.08483511 0.04820623
v 1.37144196 0.05873668 0.04762813
v 1.37227905 0.08458554 0.04702553
v 1.38475597 0.08168506 0.02553108
v 1.39330006 0.05968016 0.01108452
v 1.38497901 0.08773314 0.02464511
v 1.38475597 0.08168506 0.02553108
v 1.38497901 0.08773314 0.02464511
v 1.38452101 0.08173936 0.02596929
v 1.38475597 0.08168506 0.02553108
v 1.38452101 0.08173936 0.02596929
v 1.39330006 0.05968016 0.01108452
v 1.04892302 0.11200790 -0.04235526
v 1.15781403 0.11195230 -0.04250851
v 1.17474699 0.11187570 -0.04271742
v 1.04892302 0.11200790 -0.04235526
v 1.17474699 0.11187570 -0.04271742
v 1.03459203 0.11174440 -0.04307159
v 1.04892302 0.11200790 -0.04235526
v 1.03459203 0.11174440 -0.04307159
v 1.03572798 0.11210250 -0.04209193
v 1.04892302 0.11200790 -0.04235526
v 1.03572798 0.11210250 -0.04209193
v 1.15781403 0.11195230 -0.04250851
v 1.03858101 0.10899380 0.05006560
v 1.03401899 0.10907980 0.04988446
v 0.93457079 0.10874380 0.05058458
v 1.03858101 0.10899380 0.05006560
v 0.93457079 0.10874380 0.05058458
v 1.03274202 0.10893260 0.05019357
v 1.03858101 0.10899380 0.05006560
v 1.03274202 0.10893260 0.05019357
v 1.15534699 0.10861920 0.05083915
v 1.03858101 0.10899380 0.05006560
v 1.15534699 0.10861920 0.05083915
v 1.03401899 0.10907980 0.04988446
usemtl DefaultMaterial
f 1 2 3
f 4 5 6
f 7 8 9
f 10 11 12
f 13 14 15
f 16 17 18
f 19 20 21
f 22 23 24
f 25 26 27
f 28 29 30
f 31 32 33
f 34 35 36
f 37 38 39
f 40 41 42
f 43 44 45
f 46 47 48
f 49 50 51
f 52 53 54
f 55 56 57
f 58 59 60
f 61 62 63
f 64 65 66
f 67 68 69
f 70 71 72
f 73 74 75
f 76 77 78
f 79 80 81
f 82 83 84
f 85 86 87
f 88 89 90
f 91 92 93
f 94 95 96
f 97 98 99
f 100 101 102
f 103 104 105
f 106 107 108
f 109 110 111
f 112 113 114
f 115 116 117
f 118 119 120
f 121 122 123
f 124 125 126
f 127 128 129
f 130 131 132
f 133 134 135
f 136 137 138
f 139 140 141
f 142 143 144
f 145 146 147
f 148 149 150
f 151 152 153
f 154 155 156
f 157 158 159
f 160 161 162
f 163 164 165
f 166 167 168
f 169 170 171
f 172 173 174
f 175 176 177
f 178 179 180
f 181 182 183
f 184 185 186
f 187 188 189
f 190 191 192
f 193 194 195
f 196 197 198
f 199 200 201
f 202 203 204
f 205 206 207
f 208 209 210
f 211 212 213
f 214 215 216
f 217 218 219
f 220 221 222
f 223 224 225
f 226 227 228
f 229 230 231
f 232 233 234
f 235 236 237
f 238 239 240
f 241 242 243
f 244 245 246
f 247 248 249
f 250 251 252
f 253 254 255
f 256 257 258
f 259 260 261
f 262 263 264
f 265 266 267
f 268 269 270
f 271 272 273
f 274 275 276
f 277 278 279
f 280 281 282
f 283 284 285
f 286 287 288
f 289 290 291
f 292 293 294
f 295 296 297
f 298 299 300
f 301 302 303
f 304 305 306
f 307 308 309
f 310 311 312
f 313 314 315
f 316 317 318
f 319 320 321
f 322 323 324
f 325 326 327
f 328 329 330
f 331 332 333
f 334 335 336
f 337 338 339
f 340 341 342
f 343 344 345
f 346 347 348
f 349 350 351
f 352 353 354
f 355 356 357
f 358 359 360
f 361 362 363
f 364 365 366
f 367 368 369
f 370 371 372
f 373 374 375
f 376 377 378
f 379 380 381
f 382 383 384
f 385 386 387
f 388 389 390
f 391 392 393
f 394 395 396
f 397 398 399
f 400 401 402
f 403 404 405
f 406 407 408
f 409 410 411
f 412 413 414
f 415 416 417
f 418 419 420
f 421 422 423
f 424 425 426
f 427 428 429
f 430 431 432
f 433 434 435
f 436 437 438
f 439 440 441
f 442 443 444
f 445 446 447
f 448 449 450
f 451 452 453
f 454 455 456
f 457 458 459
f 460 461 462
f 463 464 465
f 466 467 468
f 469 470 471
f 472 473 474
f 475 476 477
f 478 479 480
f 481 482 483
f 484 485 486
f 487 488 489
f 490 491 492
f 493 494 495
f 496 497 498
f 499 500 501
f 502 503 504
f 505 506 507
f 508 509 510
f 511 512 513
f 514 515 516
f 517 518 519
f 520 521 522
f 523 524 525
f 526 527 528
f 529 530 531
f 532 533 534
f 535 536 537
f 538 539 540
f 541 542 543
f 544 545 546
f 547 548 549
f 550 551 552
f 553 554 555
f 556 557 558
f 559 560 561
f 562 563 564
f 565 566 567
f 568 569 570
f 571 572 573
f 574 575 576
f 577 578 579
f 580 581 582
f 583 584 585
f 586 587 588
f 589 590 591
f 592 593 594
f 595 596 597
f 598 599 600
f 601 602 603
f 604 605 606
f 607 608 609
f 610 611 612
f 613 614 615
f 616 617 618
f 619 620 621
f 622 623 624
f 625 626 627
f 628 629 630
f 631 632 633
f 634 635 636
f 637 638 639
f 640 641 642
f 643 644 645
f 646 647 648
f 649 650 651
f 652 653 654
f 655 656 657
f 658 659 660
f 661 662 663
f 664 665 666
f 667 668 669
f 670 671 672
f 673 674 675
f 676 677 678
f 679 680 681
f 682 683 684
f 685 686 687
f 688 689 690
f 691 692 693
f 694 695 696
f 697 698 699
f 700 701 702
f 703 704 705
f 706 707 708
f 709 710 711
f 712 713 714
f 715 716 717
f 718 719 720
f 721 722 723
f 724 725 726
f 727 728 729
f 730 731 732
f 733 734 735
f 736 737 738
f 739 740 741
f 742 743 744
f 745 746 747
f 748 749 750
f 751 752 753
f 754 755 756
f 757 758 759
f 760 761 762
f 763 764 765
f 766 767 768
f 769 770 771
f 772 773 774
f 775 776 777
f 778 779 780
f 781 782 783
f 784 785 786
f 787 788 789
f 790 791 792
f 793 794 795
f 796 797 798
f 799 800 801
f 802 803 804
f 805 806 807
f 808 809 810
f 811 812 813
f 814 815 816
f 817 818 819
f 820 821 822
f 823 824 825
f 826 827 828
f 829 830 831
f 832 833 834
f 835 836 837
f 838 839 840
f 841 842 843
f 844 845 846
f 847 848 849
f 850 851 852
f 853 854 855
f 856 857 858
f 859 860 861
f 862 863 864
f 865 866 867
f 868 869 870
f 871 872 873
f 874 875 876
f 877 878 879
f 880 881 882
f 883 884 885
f 886 887 888
f 889 890 891
f 892 893 894
f 895 896 897
f 898 899 900
f 901 902 903
f 904 905 906
f 907 908 909
f 910 911 912
f 913 914 915
f 916 917 918
f 919 920 921
f 922 923 924
f 925 926 927
f 928 929 930
f 931 932 933
f 934 935 936
f 937 938 939
f 940 941 942
f 943 944 945
f 946 947 948
f 949 950 951
f 952 953 954
f 955 956 957
f 958 959 960
f 961 962 963
f 964 965 966
f 967 968 969
f 970 971 972
f 973 974 975
f 976 977 978
f 979 980 981
f 982 983 984
f 985 986 987
f 988 989 990
f 991 992 993
f 994 995 996
f 997 998 999
f 1000 1001 1002
f 1003 1004 1005
f 1006 1007 1008
f 1009 1010 1011
f 1012 1013 1014
f 1015 1016 1017
f 1018 1019 1020
f 1021 1022 1023
f 1024 1025 1026
f 1027 1028 1029
f 1030 1031 1032
f 1033 1034 1035
f 1036 1037 1038
f 1039 1040 1041
f 1042 1043 1044
f 1045 1046 1047
f 1048 1049 1050
f 1051 1052 1053
f 1054 1055 1056
f 1057 1058 1059
f 1060 1061 1062
f 1063 1064 1065
f 1066 1067 1068
f 1069 1070 1071
f 1072 1073 1074
f 1075 1076 1077
f 1078 1079 1080
f 1081 1082 1083
f 1084 1085 1086
f 1087 1088 1089
f 1090 1091 1092
f 1093 1094 1095
f 1096 1097 1098
f 1099 1100 1101
f 1102 1103 1104
f 1105 1106 1107
f 1108 1109 1110
f 1111 1112 1113
f 1114 1115 1116
f 1117 1118 1119
f 1120 1121 1122
f 1123 1124 1125
f 1126 1127 1128
f 1129 1130 1131
f 1132 1133 1134
f 1135 1136 1137
f 1138 1139 1140
f 1141 1142 1143
f 1144 1145 1146
f 1147 1148 1149
f 1150 1151 1152
f 1153 1154 1155
f 1156 1157 1158
f 1159 1160 1161
f 1162 1163 1164
f 1165 1166 1167
f 1168 1169 1170
f 1171 1172 1173
f 1174 1175 1176
f 1177 1178 1179
f 1180 1181 1182
f 1183 1184 1185
f 1186 1187 1188
f 1189 1190 1191
f 1192 1193 1194
f 1195 1196 1197
f 1198 1199 1200
f 1201 1202 1203
f 1204 1205 1206
f 1207 1208 1209
f 1210 1211 1212
f 1213 1214 1215
f 1216 1217 1218
f 1219 1220 1221
f 1222 1223 1224
f 1225 1226 1227
f 1228 1229 1230
f 1231 1232 1233
f 1234 1235 1236
f 1237 1238 1239
f 1240 1241 1242
f 1243 1244 1245
f 1246 1247 1248
f 1249 1250 1251
f 1252 1253 1254
f 1255 1256 1257
f 1258 1259 1260
f 1261 1262 1263
f 1264 1265 1266
f 1267 1268 1269
f 1270 1271 1272
f 1273 1274 1275
f 1276 1277 1278
f 1279 1280 1281
f 1282 1283 1284
f 1285 1286 1287
f 1288 1289 1290
f 1291 1292 1293
f 1294 1295 1296
f 1297 1298 1299
f 1300 1301 1302
f 1303 1304 1305
f 1306 1307 1308
f 1309 1310 1311
f 1312 1313 1314
f 1315 1316 1317
f 1318 1319 1320
f 1321 1322 1323
f 1324 1325 1326
f 1327 1328 1329
f 1330 1331 1332
f 1333 1334 1335
f 1336 1337 1338
f 1339 1340 1341
f 1342 1343 1344
f 1345 1346 1347
f 1348 1349 1350
f 1351 1352 1353
f 1354 1355 1356
f 1357 1358 1359
f 1360 1361 1362
f 1363 1364 1365
f 1366 1367 1368
f 1369 1370 1371
f 1372 1373 1374
f 1375 1376 1377
f 1378 1379 1380
f 1381 1382 1383
f 1384 1385 1386
f 1387 1388 1389
f 1390 1391 1392
f 1393 1394 1395
f 1396 1397 1398
f 1399 1400 1401
f 1402 1403 1404
f 1405 1406 1407
f 1408 1409 1410
f 1411 1412 1413
f 1414 1415 1416
f 1417 1418 1419
f 1420 1421 1422
f 1423 1424 1425
f 1426 1427 1428
f 1429 1430 1431
f 1432 1433 1434
f 1435 1436 1437
f 1438 1439 1440
f 1441 1442 1443
f 1444 1445 1446
f 1447 1448 1449
f 1450 1451 1452
f 1453 1454 1455
f 1456 1457 1458
f 1459 1460 1461
f 1462 1463 1464
f 1465 1466 1467
f 1468 1469 1470
f 1471 1472 1473
f 1474 1475 1476
f 1477 1478 1479
f 1480 1481 1482
f 1483 1484 1485
f 1486 1487 1488
f 1489 1490 1491
f 1492 1493 1494
f 1495 1496 1497
f 1498 1499 1500
f 1501 1502 1503
f 1504 1505 1506
f 1507 1508 1509
f 1510 1511 1512
f 1513 1514 1515
f 1516 1517 1518
f 1519 1520 1521
f 1522 1523 1524
f 1525 1526 1527
f 1528 1529 1530
f 1531 1532 1533
f 1534 1535 1536
f 1537 1538 1539
f 1540 1541 1542
f 1543 1544 1545
f 1546 1547 1548
f 1549 1550 1551
f 1552 1553 1554
f 1555 1556 1557
f 1558 1559 1560
f 1561 1562 1563
f 1564 1565 1566
f 1567 1568 1569
f 1570 1571 1572
f 1573 1574 1575
f 1576 1577 1578
f 1579 1580 1581
f 1582 1583 1584
f 1585 1586 1587
f 1588 1589 1590
f 1591 1592 1593
f 1594 1595 1596
f 1597 1598 1599
f 1600 1601 1602
f 1603 1604 1605
f 1606 1607 1608
f 1609 1610 1611
f 1612 1613 1614
f 1615 1616 1617
f 1618 1619 1620
f 1621 1622 1623
f 1624 1625 1626
f 1627 1628 1629
f 1630 1631 1632
f 1633 1634 1635
f 1636 1637 1638
f 1639 1640 1641
f 1642 1643 1644
f 1645 1646 1647
f 1648 1649 1650
f 1651 1652 1653
f 1654 1655 1656
f 1657 1658 1659
f 1660 1661 1662
f 1663 1664 1665
f 1666 1667 1668
f 1669 1670 1671
f 1672 1673 1674
f 1675 1676 1677
f 1678 1679 1680
f 1681 1682 1683
f 1684 1685 1686
f 1687 1688 1689
f 1690 1691 1692
f 1693 1694 1695
f 1696 1697 1698
f 1699 1700 1701
f 1702 1703 1704
f 1705 1706 1707
f 1708 1709 1710
f 1711 1712 1713
f 1714 1715 1716
f 1717 1718 1719
f 1720 1721 1722
f 1723 1724 1725
f 1726 1727 1728
f 1729 1730 1731
f 1732 1733 1734
f 1735 1736 1737
f 1738 1739 1740
f 1741 1742 1743
f 1744 1745 1746
f 1747 1748 1749
f 1750 1751 1752
f 1753 1754 1755
f 1756 1757 1758
f 1759 1760 1761
f 1762 1763 1764
f 1765 1766 1767
f 1768 1769 1770
f 1771 1772 1773
f 1774 1775 1776
f 1777 1778 1779
f 1780 1781 1782
f 1783 1784 1785
f 1786 1787 1788
f 1789 1790 1791
f 1792 1793 1794
f 1795 1796 1797
f 1798 1799 1800
f 1801 1802 1803
f 1804 1805 1806
f 1807 1808 1809
f 1810 1811 1812
f 1813 1814 1815
f 1816 1817 1818
f 1819 1820 1821
f 1822 1823 1824
f 1825 1826 1827
f 1828 1829 1830
f 1831 1832 1833
f 1834 1835 1836
f 1837 1838 1839
f 1840 1841 1842
f 1843 1844 1845
f 1846 1847 1848
f 1849 1850 1851
f 1852 1853 1854
f 1855 1856 1857
f 1858 1859 1860
f 1861 1862 1863
f 1864 1865 1866
f 1867 1868 1869
f 1870 1871 1872
f 1873 1874 1875
f 1876 1877 1878
f 1879 1880 1881
f 1882 1883 1884
f 1885 1886 1887
f 1888 1889 1890
f 1891 1892 1893
f 1894 1895 1896
f 1897 1898 1899
f 1900 1901 1902
f 1903 1904 1905
f 1906 1907 1908
f 1909 1910 1911
f 1912 1913 1914
f 1915 1916 1917
f 1918 1919 1920
f 1921 1922 1923
f 1924 1925 1926
f 1927 1928 1929
f 1930 1931 1932
f 1933 1934 1935
f 1936 1937 1938
f 1939 1940 1941
f 1942 1943 1944
f 1945 1946 1947
f 1948 1949 1950
f 1951 1952 1953
f 1954 1955 1956
f 1957 1958 1959
f 1960 1961 1962
f 1963 1964 1965
f 1966 1967 1968
f 1969 1970 1971
f 1972 1973 1974
f 1975 1976 1977
f 1978 1979 1980
f 1981 1982 1983
f 1984 1985 1986
f 1987 1988 1989
f 1990 1991 1992
f 1993 1994 1995
f 1996 1997 1998
f 1999 2000 2001
f 2002 2003 2004
f 2005 2006 2007
f 2008 2009 2010
f 2011 2012 2013
f 2014 2015 2016
f 2017 2018 2019
f 2020 2021 2022
f 2023 2024 2025
f 2026 2027 2028
f 2029 2030 2031
f 2032 2033 2034
f 2035 2036 2037
f 2038 2039 2040
f 2041 2042 2043
f 2044 2045 2046
f 2047 2048 2049
f 2050 2051 2052
f 2053 2054 2055
f 2056 2057 2058
f 2059 2060 2061
f 2062 2063 2064
f 2065 2066 2067
f 2068 2069 2070
f 2071 2072 2073
f 2074 2075 2076
f 2077 2078 2079
f 2080 2081 2082
f 2083 2084 2085
f 2086 2087 2088
f 2089 2090 2091
f 2092 2093 2094
f 2095 2096 2097
f 2098 2099 2100
f 2101 2102 2103
f 2104 2105 2106
f 2107 2108 2109
f 2110 2111 2112
f 2113 2114 2115
f 2116 2117 2118
f 2119 2120 2121
f 2122 2123 2124
f 2125 2126 2127
f 2128 2129 2130
f 2131 2132 2133
f 2134 2135 2136
f 2137 2138 2139
f 2140 2141 2142
f 2143 2144 2145
f 2146 2147 2148
f 2149 2150 2151
f 2152 2153 2154
f 2155 2156 2157
f 2158 2159 2160
f 2161 2162 2163
f 2164 2165 2166
f 2167 2168 2169
f 2170 2171 2172
f 2173 2174 2175
f 2176 2177 2178
f 2179 2180 2181
f 2182 2183 2184
f 2185 2186 2187
f 2188 2189 2190
f 2191 2192 2193
f 2194 2195 2196
f 2197 2198 2199
f 2200 2201 2202
f 2203 2204 2205
f 2206 2207 2208
f 2209 2210 2211
f 2212 2213 2214
f 2215 2216 2217
f 2218 2219 2220
f 2221 2222 2223
f 2224 2225 2226
f 2227 2228 2229
f 2230 2231 2232
f 2233 2234 2235
f 2236 2237 2238
f 2239 2240 2241
f 2242 2243 2244
f 2245 2246 2247
f 2248 2249 2250
f 2251 2252 2253
f 2254 2255 2256
f 2257 2258 2259
f 2260 2261 2262
f 2263 2264 2265
f 2266 2267 2268
f 2269 2270 2271
f 2272 2273 2274
f 2275 2276 2277
f 2278 2279 2280
f 2281 2282 2283
f 2284 2285 2286
f 2287 2288 2289
f 2290 2291 2292
f 2293 2294 2295
f 2296 2297 2298
f 2299 2300 2301
f 2302 2303 2304
f 2305 2306 2307
f 2308 2309 2310
f 2311 2312 2313
f 2314 2315 2316
f 2317 2318 2319
f 2320 2321 2322
f 2323 2324 2325
f 2326 2327 2328
f 2329 2330 2331
f 2332 2333 2334
f 2335 2336 2337
f 2338 2339 2340
f 2341 2342 2343
f 2344 2345 2346
f 2347 2348 2349
f 2350 2351 2352
f 2353 2354 2355
f 2356 2357 2358
f 2359 2360 2361
f 2362 2363 2364
f 2365 2366 2367
f 2368 2369 2370
f 2371 2372 2373
f 2374 2375 2376
f 2377 2378 2379
f 2380 2381 2382
f 2383 2384 2385
f 2386 2387 2388
f 2389 2390 2391
f 2392 2393 2394
f 2395 2396 2397
f 2398 2399 2400
f 2401 2402 2403
f 2404 2405 2406
f 2407 2408 2409
f 2410 2411 2412
f 2413 2414 2415
f 2416 2417 2418
f 2419 2420 2421
f 2422 2423 2424
f 2425 2426 2427
f 2428 2429 2430
f 2431 2432 2433
f 2434 2435 2436
f 2437 2438 2439
f 2440 2441 2442
f 2443 2444 2445
f 2446 2447 2448
f 2449 2450 2451
f 2452 2453 2454
f 2455 2456 2457
f 2458 2459 2460
f 2461 2462 2463
f 2464 2465 2466
f 2467 2468 2469
f 2470 2471 2472
f 2473 2474 2475
f 2476 2477 2478
f 2479 2480 2481
f 2482 2483 2484
f 2485 2486 2487
f 2488 2489 2490
f 2491 2492 2493
f 2494 2495 2496
f 2497 2498 2499
f 2500 2501 2502
f 2503 2504 2505
f 2506 2507 2508
f 2509 2510 2511
f 2512 2513 2514
f 2515 2516 2517
f 2518 2519 2520
f 2521 2522 2523
f 2524 2525 2526
f 2527 2528 2529
f 2530 2531 2532
f 2533 2534 2535
f 2536 2537 2538
f 2539 2540 2541
f 2542 2543 2544
f 2545 2546 2547
f 2548 2549 2550
f 2551 2552 2553
f 2554 2555 2556
f 2557 2558 2559
f 2560 2561 2562
f 2563 2564 2565
f 2566 2567 2568
f 2569 2570 2571
f 2572 2573 2574
f 2575 2576 2577
f 2578 2579 2580
f 2581 2582 2583
f 2584 2585 2586
f 2587 2588 2589
f 2590 2591 2592
f 2593 2594 2595
f 2596 2597 2598
f 2599 2600 2601
f 2602 2603 2604
f 2605 2606 2607
f 2608 2609 2610
f 2611 2612 2613
f 2614 2615 2616
f 2617 2618 2619
f 2620 2621 2622
f 2623 2624 2625
f 2626 2627 2628
f 2629 2630 2631
f 2632 2633 2634
f 2635 2636 2637
f 2638 2639 2640
f 2641 2642 2643
f 2644 2645 2646
f 2647 2648 2649
f 2650 2651 2652
f 2653 2654 2655
f 2656 2657 2658
f 2659 2660 2661
f 2662 2663 2664
f 2665 2666 2667
f 2668 2669 2670
f 2671 2672 2673
f 2674 2675 2676
f 2677 2678 2679
f 2680 2681 2682
f 2683 2684 2685
f 2686 2687 2688
f 2689 2690 2691
f 2692 2693 2694
f 2695 2696 2697
f 2698 2699 2700
f 2701 2702 2703
f 2704 2705 2706
f 2707 2708 2709
f 2710 2711 2712
f 2713 2714 2715
f 2716 2717 2718
f 2719 2720 2721
f 2722 2723 2724
f 2725 2726 2727
f 2728 2729 2730
f 2731 2732 2733
f 2734 2735 2736
f 2737 2738 2739
f 2740 2741 2742
f 2743 2744 2745
f 2746 2747 2748
f 2749 2750 2751
f 2752 2753 2754
f 2755 2756 2757
f 2758 2759 2760
f 2761 2762 2763
f 2764 2765 2766
f 2767 2768 2769
f 2770 2771 2772
f 2773 2774 2775
f 2776 2777 2778
f 2779 2780 2781
f 2782 2783 2784
f 2785 2786 2787
f 2788 2789 2790
f 2791 2792 2793
f 2794 2795 2796
f 2797 2798 2799
f 2800 2801 2802
f 2803 2804 2805
f 2806 2807 2808
f 2809 2810 2811
f 2812 2813 2814
f 2815 2816 2817
f 2818 2819 2820
f 2821 2822 2823
f 2824 2825 2826
f 2827 2828 2829
f 2830 2831 2832
f 2833 2834 2835
f 2836 2837 2838
f 2839 2840 2841
f 2842 2843 2844
f 2845 2846 2847
f 2848 2849 2850
f 2851 2852 2853
f 2854 2855 2856
f 2857 2858 2859
f 2860 2861 2862
f 2863 2864 2865
f 2866 2867 2868
f 2869 2870 2871
f 2872 2873 2874
f 2875 2876 2877
f 2878 2879 2880
f 2881 2882 2883
f 2884 2885 2886
f 2887 2888 2889
f 2890 2891 2892
f 2893 2894 2895
f 2896 2897 2898
f 2899 2900 2901
f 2902 2903 2904
f 2905 2906 2907
f 2908 2909 2910
f 2911 2912 2913
f 2914 2915 2916
f 2917 2918 2919
f 2920 2921 2922
f 2923 2924 2925
f 2926 2927 2928
f 2929 2930 2931
f 2932 2933 2934
f 2935 2936 2937
f 2938 2939 2940
f 2941 2942 2943
f 2944 2945 2946
f 2947 2948 2949
f 2950 2951 2952
f 2953 2954 2955
f 2956 2957 2958
f 2959 2960 2961
f 2962 2963 2964
f 2965 2966 2967
f 2968 2969 2970
f 2971 2972 2973
f 2974 2975 2976
f 2977 2978 2979
f 2980 2981 2982
f 2983 2984 2985
f 2986 2987 2988
f 2989 2990 2991
f 2992 2993 2994
f 2995 2996 2997
f 2998 2999 3000
f 3001 3002 3003
f 3004 3005 3006
f 3007 3008 3009
f 3010 3011 3012
f 3013 3014 3015
f 3016 3017 3018
f 3019 3020 3021
f 3022 3023 3024
f 3025 3026 3027
f 3028 3029 3030
f 3031 3032 3033
f 3034 3035 3036
f 3037 3038 3039
f 3040 3041 3042
f 3043 3044 3045
f 3046 3047 3048
f 3049 3050 3051
f 3052 3053 3054
f 3055 3056 3057
f 3058 3059 3060
f 3061 3062 3063
f 3064 3065 3066
f 3067 3068 3069
f 3070 3071 3072
f 3073 3074 3075
f 3076 3077 3078
f 3079 3080 3081
f 3082 3083 3084
f 3085 3086 3087
f 3088 3089 3090
f 3091 3092 3093
f 3094 3095 3096
f 3097 3098 3099
f 3100 3101 3102
f 3103 3104 3105
f 3106 3107 3108
f 3109 3110 3111
f 3112 3113 3114
f 3115 3116 3117
f 3118 3119 3120
f 3121 3122 3123
f 3124 3125 3126
f 3127 3128 3129
f 3130 3131 3132
f 3133 3134 3135
f 3136 3137 3138
f 3139 3140 3141
f 3142 3143 3144
f 3145 3146 3147
f 3148 3149 3150
f 3151 3152 3153
f 3154 3155 3156
f 3157 3158 3159
f 3160 3161 3162
f 3163 3164 3165
f 3166 3167 3168
f 3169 3170 3171
f 3172 3173 3174
f 3175 3176 3177
f 3178 3179 3180
f 3181 3182 3183
f 3184 3185 3186
f 3187 3188 3189
f 3190 3191 3192
f 3193 3194 3195
f 3196 3197 3198
f 3199 3200 3201
f 3202 3203 3204
f 3205 3206 3207
f 3208 3209 3210
f 3211 3212 3213
f 3214 3215 3216
f 3217 3218 3219
f 3220 3221 3222
f 3223 3224 3225
f 3226 3227 3228
f 3229 3230 3231
f 3232 3233 3234
f 3235 3236 3237
f 3238 3239 3240
f 3241 3242 3243
f 3244 3245 3246
f 3247 3248 3249
f 3250 3251 3252
f 3253 3254 3255
f 3256 3257 3258
f 3259 3260 3261
f 3262 3263 3264
f 3265 3266 3267
f 3268 3269 3270
f 3271 3272 3273
f 3274 3275 3276
f 3277 3278 3279
f 3280 3281 3282
f 3283 3284 3285
f 3286 3287 3288
f 3289 3290 3291
f 3292 3293 3294
f 3295 3296 3297
f 3298 3299 3300
f 3301 3302 3303
f 3304 3305 3306
f 3307 3308 3309
f 3310 3311 3312
f 3313 3314 3315
f 3316 3317 3318
f 3319 3320 3321
f 3322 3323 3324
f 3325 3326 3327
f 3328 3329 3330
f 3331 3332 3333
f 3334 3335 3336
f 3337 3338 3339
f 3340 3341 3342
f 3343 3344 3345
f 3346 3347 3348
f 3349 3350 3351
f 3352 3353 3354
f 3355 3356 3357
f 3358 3359 3360
f 3361 3362 3363
f 3364 3365 3366
f 3367 3368 3369
f 3370 3371 3372
f 3373 3374 3375
f 3376 3377 3378
f 3379 3380 3381
f 3382 3383 3384
f 3385 3386 3387
f 3388 3389 3390
f 3391 3392 3393
f 3394 3395 3396
f 3397 3398 3399
f 3400 3401 3402
f 3403 3404 3405
f 3406 3407 3408
f 3409 3410 3411
f 3412 3413 3414
f 3415 3416 3417
f 3418 3419 3420
f 3421 3422 3423
f 3424 3425 3426
f 3427 3428 3429
f 3430 3431 3432
f 3433 3434 3435
f 3436 3437 3438
f 3439 3440 3441
f 3442 3443 3444
f 3445 3446 3447
f 3448 3449 3450
f 3451 3452 3453
f 3454 3455 3456
f 3457 3458 3459
f 3460 3461 3462
f 3463 3464 3465
f 3466 3467 3468
f 3469 3470 3471
f 3472 3473 3474
f 3475 3476 3477
f 3478 3479 3480
f 3481 3482 3483
f 3484 3485 3486
f 3487 3488 3489
f 3490 3491 3492
f 3493 3494 3495
f 3496 3497 3498
f 3499 3500 3501
f 3502 3503 3504
f 3505 3506 3507
f 3508 3509 3510
f 3511 3512 3513
f 3514 3515 3516
f 3517 3518 3519
f 3520 3521 3522
f 3523 3524 3525
f 3526 3527 3528
f 3529 3530 3531
f 3532 3533 3534
f 3535 3536 3537
f 3538 3539 3540
f 3541 3542 3543
f 3544 3545 3546
f 3547 3548 3549
f 3550 3551 3552
f 3553 3554 3555
f 3556 3557 3558
f 3559 3560 3561
f 3562 3563 3564
f 3565 3566 3567
f 3568 3569 3570
f 3571 3572 3573
f 3574 3575 3576
f 3577 3578 3579
f 3580 3581 3582
f 3583 3584 3585
f 3586 3587 3588
f 3589 3590 3591
f 3592 3593 3594
f 3595 3596 3597
f 3598 3599 3600
f 3601 3602 3603
f 3604 3605 3606
f 3607 3608 3609
f 3610 3611 3612
f 3613 3614 3615
f 3616 3617 3618
f 3619 3620 3621
f 3622 3623 3624
f 3625 3626 3627
f 3628 3629 3630
f 3631 3632 3633
f 3634 3635 3636
f 3637 3638 3639
f 3640 3641 3642
f 3643 3644 3645
f 3646 3647 3648
f 3649 3650 3651
f 3652 3653 3654
f 3655 3656 3657
f 3658 3659 3660
f 3661 3662 3663
f 3664 3665 3666
f 3667 3668 3669
f 3670 3671 3672
f 3673 3674 3675
f 3676 3677 3678
f 3679 3680 3681
f 3682 3683 3684
f 3685 3686 3687
f 3688 3689 3690
f 3691 3692 3693
f 3694 3695 3696
f 3697 3698 3699
f 3700 3701 3702
f 3703 3704 3705
f 3706 3707 3708
f 3709 3710 3711
f 3712 3713 3714
f 3715 3716 3717
f 3718 3719 3720
f 3721 3722 3723
f 3724 3725 3726
f 3727 3728 3729
f 3730 3731 3732
f 3733 3734 3735
f 3736 3737 3738
f 3739 3740 3741
f 3742 3743 3744
f 3745 3746 3747
f 3748 3749 3750
f 3751 3752 3753
f 3754 3755 3756
f 3757 3758 3759
f 3760 3761 3762
f 3763 3764 3765
f 3766 3767 3768
f 3769 3770 3771
f 3772 3773 3774
f 3775 3776 3777
f 3778 3779 3780
f 3781 3782 3783
f 3784 3785 3786
f 3787 3788 3789
f 3790 3791 3792
f 3793 3794 3795
f 3796 3797 3798
f 3799 3800 3801
f 3802 3803 3804
f 3805 3806 3807
f 3808 3809 3810
f 3811 3812 3813
f 3814 3815 3816
f 3817 3818 3819
f 3820 3821 3822
f 3823 3824 3825
f 3826 3827 3828
f 3829 3830 3831
f 3832 3833 3834
f 3835 3836 3837
f 3838 3839 3840
f 3841 3842 3843
f 3844 3845 3846
f 3847 3848 3849
f 3850 3851 3852
f 3853 3854 3855
f 3856 3857 3858
f 3859 3860 3861
f 3862 3863 3864
f 3865 3866 3867
f 3868 3869 3870
f 3871 3872 3873
f 3874 3875 3876
f 3877 3878 3879
f 3880 3881 3882
f 3883 3884 3885
f 3886 3887 3888
f 3889 3890 3891
f 3892 3893 3894
f 3895 3896 3897
f 3898 3899 3900
f 3901 3902 3903
f 3904 3905 3906
f 3907 3908 3909
f 3910 3911 3912
f 3913 3914 3915
f 3916 3917 3918
f 3919 3920 3921
f 3922 3923 3924
f 3925 3926 3927
f 3928 3929 3930
f 3931 3932 3933
f 3934 3935 3936
f 3937 3938 3939
f 3940 3941 3942
f 3943 3944 3945
f 3946 3947 3948
f 3949 3950 3951
f 3952 3953 3954
f 3955 3956 3957
f 3958 3959 3960
f 3961 3962 3963
f 3964 3965 3966
f 3967 3968 3969
f 3970 3971 3972
f 3973 3974 3975
f 3976 3977 3978
f 3979 3980 3981
f 3982 3983 3984
f 3985 3986 3987
f 3988 3989 3990
f 3991 3992 3993
f 3994 3995 3996
f 3997 3998 3999
f 4000 4001 4002
f 4003 4004 4005
f 4006 4007 4008
f 4009 4010 4011
f 4012 4013 4014
f 4015 4016 4017
f 4018 4019 4020
f 4021 4022 4023
f 4024 4025 4026
f 4027 4028 4029
f 4030 4031 4032
f 4033 4034 4035
f 4036 4037 4038
f 4039 4040 4041
f 4042 4043 4044
f 4045 4046 4047
f 4048 4049 4050
f 4051 4052 4053
f 4054 4055 4056
f 4057 4058 4059
f 4060 4061 4062
f 4063 4064 4065
f 4066 4067 4068
f 4069 4070 4071
f 4072 4073 4074
f 4075 4076 4077
f 4078 4079 4080
f 4081 4082 4083
f 4084 4085 4086
f 4087 4088 4089
f 4090 4091 4092
f 4093 4094 4095
f 4096 4097 4098
f 4099 4100 4101
f 4102 4103 4104
f 4105 4106 4107
f 4108 4109 4110
f 4111 4112 4113
f 4114 4115 4116
f 4117 4118 4119
f 4120 4121 4122
f 4123 4124 4125
f 4126 4127 4128
f 4129 4130 4131
f 4132 4133 4134
f 4135 4136 4137
f 4138 4139 4140
f 4141 4142 4143
f 4144 4145 4146
f 4147 4148 4149
f 4150 4151 4152
f 4153 4154 4155
f 4156 4157 4158
f 4159 4160 4161
f 4162 4163 4164
f 4165 4166 4167
f 4168 4169 4170
f 4171 4172 4173
f 4174 4175 4176
f 4177 4178 4179
f 4180 4181 4182
f 4183 4184 4185
f 4186 4187 4188
f 4189 4190 4191
f 4192 4193 4194
f 4195 4196 4197
f 4198 4199 4200
f 4201 4202 4203
f 4204 4205 4206
f 4207 4208 4209
f 4210 4211 4212
f 4213 4214 4215
f 4216 4217 4218
f 4219 4220 4221
f 4222 4223 4224
f 4225 4226 4227
f 4228 4229 4230
f 4231 4232 4233
f 4234 4235 4236
f 4237 4238 4239
f 4240 4241 4242
f 4243 4244 4245
f 4246 4247 4248
f 4249 4250 4251
f 4252 4253 4254
f 4255 4256 4257
f 4258 4259 4260
f 4261 4262 4263
f 4264 4265 4266
f 4267 4268 4269
f 4270 4271 4272
f 4273 4274 4275
f 4276 4277 4278
f 4279 4280 4281
f 4282 4283 4284
f 4285 4286 4287
f 4288 4289 4290
f 4291 4292 4293
f 4294 4295 4296
f 4297 4298 4299
f 4300 4301 4302
f 4303 4304 4305
f 4306 4307 4308
f 4309 4310 4311
f 4312 4313 4314
f 4315 4316 4317
f 4318 4319 4320
f 4321 4322 4323
f 4324 4325 4326
f 4327 4328 4329
f 4330 4331 4332
f 4333 4334 4335
f 4336 4337 4338
f 4339 4340 4341
f 4342 4343 4344
f 4345 4346 4347
f 4348 4349 4350
f 4351 4352 4353
f 4354 4355 4356
f 4357 4358 4359
f 4360 4361 4362
f 4363 4364 4365
f 4366 4367 4368
f 4369 4370 4371
f 4372 4373 4374
f 4375 4376 4377
f 4378 4379 4380
f 4381 4382 4383
f 4384 4385 4386
f 4387 4388 4389
f 4390 4391 4392
f 4393 4394 4395
f 4396 4397 4398
f 4399 4400 4401
f 4402 4403 4404
f 4405 4406 4407
f 4408 4409 4410
f 4411 4412 4413
f 4414 4415 4416
f 4417 4418 4419
f 4420 4421 4422
f 4423 4424 4425
f 4426 4427 4428
f 4429 4430 4431
f 4432 4433 4434
f 4435 4436 4437
f 4438 4439 4440
f 4441 4442 4443
f 4444 4445 4446
f 4447 4448 4449
f 4450 4451 4452
f 4453 4454 4455
f 4456 4457 4458
f 4459 4460 4461
f 4462 4463 4464
f 4465 4466 4467
f 4468 4469 4470
f 4471 4472 4473
f 4474 4475 4476
f 4477 4478 4479
f 4480 4481 4482
f 4483 4484 4485
f 4486 4487 4488
f 4489 4490 4491
f 4492 4493 4494
f 4495 4496 4497
f 4498 4499 4500
f 4501 4502 4503
f 4504 4505 4506
f 4507 4508 4509
f 4510 4511 4512
f 4513 4514 4515
f 4516 4517 4518
f 4519 4520 4521
f 4522 4523 4524
f 4525 4526 4527
f 4528 4529 4530
f 4531 4532 4533
f 4534 4535 4536
f 4537 4538 4539
f 4540 4541 4542
f 4543 4544 4545
f 4546 4547 4548
f 4549 4550 4551
f 4552 4553 4554
f 4555 4556 4557
f 4558 4559 4560
f 4561 4562 4563
f 4564 4565 4566
f 4567 4568 4569
f 4570 4571 4572
f 4573 4574 4575
f 4576 4577 4578
f 4579 4580 4581
f 4582 4583 4584
f 4585 4586 4587
f 4588 4589 4590
f 4591 4592 4593
f 4594 4595 4596
f 4597 4598 4599
f 4600 4601 4602
f 4603 4604 4605
f 4606 4607 4608
f 4609 4610 4611
f 4612 4613 4614
f 4615 4616 4617
f 4618 4619 4620
f 4621 4622 4623
f 4624 4625 4626
f 4627 4628 4629
f 4630 4631 4632
f 4633 4634 4635
f 4636 4637 4638
f 4639 4640 4641
f 4642 4643 4644
f 4645 4646 4647
f 4648 4649 4650
f 4651 4652 4653
f 4654 4655 4656
f 4657 4658 4659
f 4660 4661 4662
f 4663 4664 4665
f 4666 4667 4668
f 4669 4670 4671
f 4672 4673 4674
f 4675 4676 4677
f 4678 4679 4680
f 4681 4682 4683
f 4684 4685 4686
f 4687 4688 4689
f 4690 4691 4692
f 4693 4694 4695
f 4696 4697 4698
f 4699 4700 4701
f 4702 4703 4704
f 4705 4706 4707
f 4708 4709 4710
f 4711 4712 4713
f 4714 4715 4716
f 4717 4718 4719
f 4720 4721 4722
f 4723 4724 4725
f 4726 4727 4728
f 4729 4730 4731
f 4732 4733 4734
f 4735 4736 4737
f 4738 4739 4740
f 4741 4742 4743
f 4744 4745 4746
f 4747 4748 4749
f 4750 4751 4752
f 4753 4754 4755
f 4756 4757 4758
f 4759 4760 4761
f 4762 4763 4764
f 4765 4766 4767
f 4768 4769 4770
f 4771 4772 4773
f 4774 4775 4776
f 4777 4778 4779
f 4780 4781 4782
f 4783 4784 4785
f 4786 4787 4788
f 4789 4790 4791
f 4792 4793 4794
f 4795 4796 4797
f 4798 4799 4800
f 4801 4802 4803
f 4804 4805 4806
f 4807 4808 4809
f 4810 4811 4812
f 4813 4814 4815
f 4816 4817 4818
f 4819 4820 4821
f 4822 4823 4824
f 4825 4826 4827
f 4828 4829 4830
f 4831 4832 4833
f 4834 4835 4836
f 4837 4838 4839
f 4840 4841 4842
f 4843 4844 4845
f 4846 4847 4848
f 4849 4850 4851
f 4852 4853 4854
f 4855 4856 4857
f 4858 4859 4860
f 4861 4862 4863
f 4864 4865 4866
f 4867 4868 4869
f 4870 4871 4872
f 4873 4874 4875
f 4876 4877 4878
f 4879 4880 4881
f 4882 4883 4884
f 4885 4886 4887
f 4888 4889 4890
f 4891 4892 4893
f 4894 4895 4896
f 4897 4898 4899
f 4900 4901 4902
f 4903 4904 4905
f 4906 4907 4908
f 4909 4910 4911
f 4912 4913 4914
f 4915 4916 4917
f 4918 4919 4920
f 4921 4922 4923
f 4924 4925 4926
f 4927 4928 4929
f 4930 4931 4932
f 4933 4934 4935
f 4936 4937 4938
f 4939 4940 4941
f 4942 4943 4944
f 4945 4946 4947
f 4948 4949 4950
