# Exported from USD: /m20_12_23d/J2_link/collisions/j2/mesh
mtllib mesh_5.mtl

g mesh
v 0.08546245 -0.10890000 0.84253258
v 0.11642680 -0.13959990 0.00412798
v 0.11150000 -0.12309990 0.00000000
v 0.11329820 -0.20023210 0.02712512
v 0.00724697 -0.24123290 0.85192013
v 0.01251763 -0.28682381 -0.03763973
v 0.08535319 -0.16893290 0.83499217
v 0.00718641 -0.24088950 0.85479188
v 0.00724697 -0.24123290 0.85192013
v -0.06849998 -0.06419992 0.83999997
v -0.09700000 -0.08529996 0.00000000
v -0.18658070 -0.15427729 0.45567599
v 0.06900000 -0.06469994 0.83999997
v 0.06863665 -0.06469994 0.84707159
v 0.08546245 -0.10890000 0.84253258
v 0.06900000 -0.06469994 0.83999997
v 0.11150000 -0.12309990 0.00000000
v 0.09700000 -0.08529996 0.00000000
v 0.11401440 -0.19980720 0.02393651
v 0.00724697 -0.24123290 0.85192013
v 0.11329820 -0.20023210 0.02712512
v 0.11401440 -0.19980720 0.02393651
v 0.11329820 -0.20023210 0.02712512
v 0.01251763 -0.28682381 -0.03763973
v 0.11401440 -0.19980720 0.02393651
v 0.08449113 -0.17063540 0.82690418
v 0.00724697 -0.24123290 0.85192013
v -0.11270900 -0.26745170 0.79424542
v -0.11566080 -0.26825720 0.78976101
v 0.01251763 -0.28682381 -0.03763973
v -0.11270900 -0.26745170 0.79424542
v 0.01251763 -0.28682381 -0.03763973
v 0.00724697 -0.24123290 0.85192013
v 0.01201534 -0.28682381 -0.04048866
v 0.01152753 -0.28613150 -0.04325485
v 0.11251390 -0.19191919 -0.03021353
v 0.10165150 -0.18756090 -0.05691438
v 0.10375390 -0.18822190 -0.05298495
v 0.01152753 -0.28613150 -0.04325485
v 0.10165150 -0.18756090 -0.05691438
v 0.01152753 -0.28613150 -0.04325485
v 0.01108276 -0.28478709 -0.04577744
v -0.09653288 -0.14759991 -0.08707118
v -0.10241810 -0.14759991 -0.08006578
v -0.10022890 -0.13709991 -0.08278983
v 0.08503627 -0.16593680 0.84889573
v 0.08470195 -0.16533139 0.85165691
v 0.00718641 -0.24088950 0.85479188
v 0.08543485 -0.16714130 0.84335411
v 0.08528053 -0.16654000 0.84612823
v 0.00718641 -0.24088950 0.85479188
v 0.08543485 -0.16714130 0.84335411
v 0.11642680 -0.13959990 0.00412798
v 0.08546245 -0.10890000 0.84253258
v 0.08543485 -0.16714130 0.84335411
v 0.08546245 -0.10890000 0.84253258
v 0.08528053 -0.16654000 0.84612823
v 0.08500963 -0.16980700 0.83085650
v 0.08535319 -0.16893290 0.83499217
v 0.00724697 -0.24123290 0.85192013
v 0.08547204 -0.16833720 0.83778822
v 0.08549410 -0.16807900 0.83899522
v 0.00718641 -0.24088950 0.85479188
v -0.18148510 -0.15125600 0.51361501
v -0.06812471 -0.06419992 0.84716028
v -0.06849998 -0.06419992 0.83999997
v -0.08692264 -0.07999998 0.00000000
v -0.09700000 -0.08529996 0.00000000
v -0.06849998 -0.06419992 0.83999997
v -0.06092262 -0.06249994 0.83999997
v -0.06849998 -0.06419992 0.83999997
v -0.06812471 -0.06419992 0.84716028
v 0.11116680 -0.12309990 -0.00861299
v 0.09700000 -0.08529996 0.00000000
v 0.11150000 -0.12309990 0.00000000
v 0.11116680 -0.12309990 -0.00861299
v 0.09669929 -0.08529996 -0.00763148
v 0.09700000 -0.08529996 0.00000000
v 0.08692264 -0.07999998 0.00000000
v 0.09700000 -0.08529996 0.00000000
v 0.09669929 -0.08529996 -0.00763148
v 0.08050000 -0.09539991 0.83999997
v 0.06900000 -0.06469994 0.83999997
v 0.08546245 -0.10890000 0.84253258
v 0.08050000 -0.09539991 0.83999997
v 0.08546245 -0.10890000 0.84253258
v 0.11150000 -0.12309990 0.00000000
v 0.08050000 -0.09539991 0.83999997
v 0.11150000 -0.12309990 0.00000000
v 0.06900000 -0.06469994 0.83999997
v -0.10517220 -0.13709991 -0.07641208
v -0.10022890 -0.13709991 -0.08278983
v -0.10241810 -0.14759991 -0.08006578
v -0.09489953 -0.13709991 -0.08884859
v -0.09653288 -0.14759991 -0.08707118
v -0.10022890 -0.13709991 -0.08278983
v -0.17040360 -0.29100731 0.44852439
v 0.01251763 -0.28682381 -0.03763973
v -0.12699740 -0.27136669 0.76584113
v -0.03303170 -0.17763440 -0.11171910
v -0.03772205 -0.28157771 -0.03915953
v -0.04552990 -0.28157771 -0.03715002
v -0.03303170 -0.17763440 -0.11171910
v -0.04552990 -0.28157771 -0.03715002
v -0.03328949 -0.17764930 -0.11164250
v -0.03303170 -0.17763440 -0.11171910
v -0.03777819 -0.13959990 -0.11020460
v -0.02856117 -0.13959990 -0.11294470
v -0.03303170 -0.17763440 -0.11171910
v -0.03328949 -0.17764930 -0.11164250
v -0.03777819 -0.13959990 -0.11020460
v -0.03751009 -0.17790879 -0.11029610
v -0.03777819 -0.13959990 -0.11020460
v -0.03328949 -0.17764930 -0.11164250
v -0.03751009 -0.17790879 -0.11029610
v -0.09079098 -0.14060000 -0.09304296
v -0.03777819 -0.13959990 -0.11020460
v -0.03751009 -0.17790879 -0.11029610
v -0.03328949 -0.17764930 -0.11164250
v -0.04552990 -0.28157771 -0.03715002
v 0.08290696 -0.18320930 -0.08184546
v 0.01108276 -0.28478709 -0.04577744
v 0.01070678 -0.28286880 -0.04790985
v 0.11406520 -0.19977440 0.02369302
v 0.11401440 -0.19980720 0.02393651
v 0.01251763 -0.28682381 -0.03763973
v 0.11406520 -0.19977440 0.02369302
v 0.01251763 -0.28682381 -0.03763973
v 0.11464200 -0.19937460 0.02072352
v 0.11406520 -0.19977440 0.02369302
v 0.08449113 -0.17063540 0.82690418
v 0.11401440 -0.19980720 0.02393651
v -0.12524250 -0.27088550 0.77078438
v -0.12699740 -0.27136669 0.76584113
v 0.01251763 -0.28682381 -0.03763973
v -0.12524250 -0.27088550 0.77078438
v 0.01251763 -0.28682381 -0.03763973
v -0.12319180 -0.27032280 0.77573949
v -0.12082240 -0.26967239 0.78070599
v -0.12319180 -0.27032280 0.77573949
v 0.01251763 -0.28682381 -0.03763973
v 0.11641780 -0.19710539 0.00438261
v 0.11642680 -0.13959990 0.00412798
v 0.08543485 -0.16714130 0.84335411
v 0.11648450 -0.19620180 -0.00190264
v 0.01201534 -0.28682381 -0.04048866
v 0.11643870 -0.19592930 -0.00377536
v 0.11648450 -0.19620180 -0.00190264
v 0.01251763 -0.28682381 -0.03763973
v 0.01201534 -0.28682381 -0.04048866
v -0.16919909 -0.29385319 0.31579229
v 0.01201534 -0.28682381 -0.04048866
v 0.01251763 -0.28682381 -0.03763973
v 0.00586897 -0.28339660 -0.04655236
v 0.01070678 -0.28286880 -0.04790985
v 0.01108276 -0.28478709 -0.04577744
v -0.03733843 -0.28339660 -0.03771901
v -0.03772205 -0.28157771 -0.03915953
v -0.02270942 -0.28157771 -0.04260724
v 0.10070840 -0.13959990 -0.05856680
v 0.10508230 -0.13959990 -0.05029863
v 0.10375390 -0.18822190 -0.05298495
v 0.10070840 -0.13959990 -0.05856680
v 0.10375390 -0.18822190 -0.05298495
v 0.10165150 -0.18756090 -0.05691438
v -0.09079098 -0.14259990 -0.09304296
v -0.09079098 -0.14060000 -0.09304296
v -0.03751009 -0.17790879 -0.11029610
v -0.09079098 -0.14259990 -0.09304296
v -0.09489953 -0.13709991 -0.08884859
v -0.09079098 -0.14060000 -0.09304296
v -0.09079098 -0.14259990 -0.09304296
v -0.09653288 -0.14759991 -0.08707118
v -0.09489953 -0.13709991 -0.08884859
v -0.13167040 -0.27725229 0.00354379
v -0.13394770 -0.27725229 0.00627518
v -0.10241810 -0.14759991 -0.08006578
v -0.13167040 -0.27725229 0.00354379
v -0.10241810 -0.14759991 -0.08006578
v -0.09653288 -0.14759991 -0.08707118
v -0.10779600 -0.14759991 -0.07266372
v -0.10517220 -0.13709991 -0.07641208
v -0.10241810 -0.14759991 -0.08006578
v 0.08507144 -0.16601220 0.84855002
v 0.08503627 -0.16593680 0.84889573
v 0.00718641 -0.24088950 0.85479188
v 0.08507144 -0.16601220 0.84855002
v 0.00718641 -0.24088950 0.85479188
v 0.08528053 -0.16654000 0.84612823
v 0.08482271 -0.10890000 0.85074008
v 0.08470195 -0.16533139 0.85165691
v 0.08503627 -0.16593680 0.84889573
v 0.08482271 -0.10890000 0.85074008
v 0.08503627 -0.16593680 0.84889573
v 0.08507144 -0.16601220 0.84855002
v 0.08482271 -0.10890000 0.85074008
v 0.08507144 -0.16601220 0.84855002
v 0.08528053 -0.16654000 0.84612823
v 0.08482271 -0.10890000 0.85074008
v 0.08528053 -0.16654000 0.84612823
v 0.08546245 -0.10890000 0.84253258
v 0.08549886 -0.16774040 0.84057403
v 0.08543485 -0.16714130 0.84335411
v 0.00718641 -0.24088950 0.85479188
v 0.08549886 -0.16774040 0.84057403
v 0.00718641 -0.24088950 0.85479188
v 0.08549410 -0.16807900 0.83899522
v 0.08549886 -0.16774040 0.84057403
v 0.08549410 -0.16807900 0.83899522
v 0.11619080 -0.19768541 0.00848114
v 0.08500295 -0.16982000 0.83079612
v 0.08500963 -0.16980700 0.83085650
v 0.00724697 -0.24123290 0.85192013
v 0.08500295 -0.16982000 0.83079612
v 0.00724697 -0.24123290 0.85192013
v 0.08449113 -0.17063540 0.82690418
v 0.08500295 -0.16982000 0.83079612
v 0.08449113 -0.17063540 0.82690418
v 0.11406520 -0.19977440 0.02369302
v 0.08500295 -0.16982000 0.83079612
v 0.11406520 -0.19977440 0.02369302
v 0.11464200 -0.19937460 0.02072352
v 0.08500295 -0.16982000 0.83079612
v 0.11464200 -0.19937460 0.02072352
v 0.08500963 -0.16980700 0.83085650
v 0.08535361 -0.16893190 0.83499628
v 0.08547204 -0.16833720 0.83778822
v 0.00718641 -0.24088950 0.85479188
v 0.08535361 -0.16893190 0.83499628
v 0.00718641 -0.24088950 0.85479188
v 0.08535319 -0.16893290 0.83499217
v 0.11581800 -0.19825900 0.01258641
v 0.11619080 -0.19768541 0.00848114
v 0.08549410 -0.16807900 0.83899522
v 0.11581800 -0.19825900 0.01258641
v 0.08549410 -0.16807900 0.83899522
v 0.08547204 -0.16833720 0.83778822
v 0.11581800 -0.19825900 0.01258641
v 0.11544820 -0.19867811 0.01561939
v 0.01251763 -0.28682381 -0.03763973
v 0.11581800 -0.19825900 0.01258641
v 0.01251763 -0.28682381 -0.03763973
v 0.11619080 -0.19768541 0.00848114
v 0.11581800 -0.19825900 0.01258641
v 0.08535361 -0.16893190 0.83499628
v 0.11544820 -0.19867811 0.01561939
v 0.11581800 -0.19825900 0.01258641
v 0.08547204 -0.16833720 0.83778822
v 0.08535361 -0.16893190 0.83499628
v 0.00700831 -0.23987930 0.85749680
v 0.00718641 -0.24088950 0.85479188
v 0.08315289 -0.16350470 0.85989612
v 0.08402973 -0.16441920 0.85578841
v 0.08315289 -0.16350470 0.85989612
v 0.00718641 -0.24088950 0.85479188
v 0.04670858 -0.10890000 0.91161400
v 0.05157476 -0.15217771 0.90819311
v 0.05337947 -0.10890000 0.90678990
v 0.11638270 -0.13959990 -0.00522566
v 0.11648450 -0.19620180 -0.00190264
v 0.11643870 -0.19592930 -0.00377536
v 0.11638270 -0.13959990 -0.00522566
v 0.11591350 -0.19476300 -0.01167517
v 0.11558840 -0.13959990 -0.01454567
v 0.11638270 -0.13959990 -0.00522566
v 0.11116680 -0.12309990 -0.00861299
v 0.11150000 -0.12309990 0.00000000
v 0.11638270 -0.13959990 -0.00522566
v 0.11150000 -0.12309990 0.00000000
v 0.11642680 -0.13959990 0.00412798
v 0.11477470 -0.19350810 -0.01997691
v 0.11558840 -0.13959990 -0.01454567
v 0.11520580 -0.19391330 -0.01731693
v 0.11477470 -0.19350810 -0.01997691
v 0.11404880 -0.13959990 -0.02377194
v 0.11558840 -0.13959990 -0.01454567
v 0.11477470 -0.19350810 -0.01997691
v 0.11520580 -0.19391330 -0.01731693
v 0.01201534 -0.28682381 -0.04048866
v -0.09671568 -0.08529996 -0.00742102
v -0.18896140 -0.15761970 0.36987591
v -0.09700000 -0.08529996 0.00000000
v -0.09671568 -0.08529996 -0.00742102
v -0.18879239 -0.15799980 0.35717589
v -0.18896140 -0.15761970 0.36987591
v -0.17866971 -0.15753581 0.53665048
v -0.17740710 -0.15695810 0.54593343
v -0.17788780 -0.14952160 0.54246253
v -0.08667153 -0.07999998 -0.00660217
v -0.09700000 -0.08529996 0.00000000
v -0.08692264 -0.07999998 0.00000000
v -0.08667153 -0.07999998 -0.00660217
v -0.08692264 -0.07999998 0.00000000
v -0.06849998 -0.06419992 0.83999997
v -0.08667153 -0.07999998 -0.00660217
v -0.09671568 -0.08529996 -0.00742102
v -0.09700000 -0.08529996 0.00000000
v -0.15657370 -0.14115331 0.65663552
v -0.15011190 -0.13891600 0.68258101
v -0.06741416 -0.06469994 0.85470819
v -0.15657370 -0.14115331 0.65663552
v -0.14241029 -0.25921789 0.76076150
v -0.15011190 -0.13891600 0.68258101
v -0.06860238 -0.06469994 0.84739667
v -0.16293360 -0.14345381 0.62830907
v -0.06741416 -0.06469994 0.85470819
v -0.06860238 -0.06469994 0.84739667
v -0.06812471 -0.06419992 0.84716028
v -0.17788780 -0.14952160 0.54246253
v -0.07413852 -0.10890000 0.88258791
v -0.07785809 -0.10890000 0.87533218
v -0.13340519 -0.25681210 0.78520352
v 0.10997930 -0.12309990 -0.01835227
v 0.11558840 -0.13959990 -0.01454567
v 0.11404880 -0.13959990 -0.02377194
v 0.06849998 -0.06419992 0.83999997
v 0.06900000 -0.06469994 0.83999997
v 0.09700000 -0.08529996 0.00000000
v 0.06849998 -0.06419992 0.83999997
v 0.09700000 -0.08529996 0.00000000
v 0.08692264 -0.07999998 0.00000000
v 0.07824528 -0.10890000 0.87446642
v 0.07456779 -0.10890000 0.88183182
v 0.07648718 -0.15933430 0.87820971
v 0.07824528 -0.10890000 0.87446642
v 0.07984656 -0.16109160 0.87057400
v 0.08119732 -0.10890000 0.86678141
v 0.07019901 -0.10890000 0.88880938
v 0.06517934 -0.10890000 0.89533448
v 0.06709378 -0.15585580 0.89299721
v -0.07418280 -0.08529996 -0.06249719
v -0.09489953 -0.13709991 -0.08884859
v -0.10022890 -0.13709991 -0.08278983
v -0.12263730 -0.13020130 0.77245820
v -0.12438180 -0.13066350 0.76805210
v -0.13821261 -0.25810310 0.77429080
v -0.13598350 -0.25750571 0.77974200
v -0.13340519 -0.25681210 0.78520352
v -0.07785809 -0.10890000 0.87533218
v -0.13598350 -0.25750571 0.77974200
v -0.12263730 -0.13020130 0.77245820
v -0.13821261 -0.25810310 0.77429080
v -0.13598350 -0.25750571 0.77974200
v -0.13584740 -0.25984329 0.77995938
v -0.13340519 -0.25681210 0.78520352
v -0.02848339 -0.17739341 -0.11296440
v -0.02270942 -0.28157771 -0.04260724
v -0.03772205 -0.28157771 -0.03915953
v -0.02848339 -0.17739341 -0.11296440
v -0.03772205 -0.28157771 -0.03915953
v -0.03303170 -0.17763440 -0.11171910
v -0.02848339 -0.17739341 -0.11296440
v -0.03303170 -0.17763440 -0.11171910
v -0.02856117 -0.13959990 -0.11294470
v 0.00560993 -0.28157771 -0.04802137
v -0.01306682 -0.28157771 -0.04457467
v -0.02386224 -0.17718670 -0.11402990
v -0.02238172 -0.28339660 -0.04115277
v -0.01306682 -0.28157771 -0.04457467
v -0.01276952 -0.28339660 -0.04311347
v -0.02238172 -0.28339660 -0.04115277
v -0.02270942 -0.28157771 -0.04260724
v -0.01306682 -0.28157771 -0.04457467
v -0.02238172 -0.28339660 -0.04115277
v -0.03733843 -0.28339660 -0.03771901
v -0.02270942 -0.28157771 -0.04260724
v 0.00578272 -0.28286880 -0.04704165
v -0.01276952 -0.28339660 -0.04311347
v -0.01306682 -0.28157771 -0.04457467
v 0.00578272 -0.28286880 -0.04704165
v 0.00560993 -0.28157771 -0.04802137
v 0.01070678 -0.28286880 -0.04790985
v 0.00578272 -0.28286880 -0.04704165
v -0.01306682 -0.28157771 -0.04457467
v 0.00560993 -0.28157771 -0.04802137
v 0.00578272 -0.28286880 -0.04704165
v 0.00586897 -0.28339660 -0.04655236
v -0.01276952 -0.28339660 -0.04311347
v 0.00578272 -0.28286880 -0.04704165
v 0.01070678 -0.28286880 -0.04790985
v 0.00586897 -0.28339660 -0.04655236
v -0.01918441 -0.17701560 -0.11490960
v 0.00560993 -0.28157771 -0.04802137
v -0.02386224 -0.17718670 -0.11402990
v -0.03620398 -0.12310000 -0.10545860
v -0.03777819 -0.13959990 -0.11020460
v -0.09079098 -0.14060000 -0.09304296
v 0.07293409 -0.18157130 -0.09084516
v 0.01070678 -0.28286880 -0.04790985
v 0.07030570 -0.18119340 -0.09289431
v 0.06935936 -0.18106221 -0.09360301
v 0.07030570 -0.18119340 -0.09289431
v 0.01070678 -0.28286880 -0.04790985
v 0.07971227 -0.18264650 -0.08496010
v 0.08290696 -0.18320930 -0.08184546
v 0.01070678 -0.28286880 -0.04790985
v 0.07971227 -0.18264650 -0.08496010
v 0.01070678 -0.28286880 -0.04790985
v 0.07691270 -0.18218420 -0.08750247
v 0.07971227 -0.18264650 -0.08496010
v 0.08382469 -0.13959990 -0.08090525
v 0.08290696 -0.18320930 -0.08184546
v 0.06194698 -0.18011890 -0.09866535
v 0.06473261 -0.18045650 -0.09686040
v 0.01070678 -0.28286880 -0.04790985
v 0.06194698 -0.18011890 -0.09866535
v 0.06209850 -0.13959990 -0.09856986
v 0.06473261 -0.18045650 -0.09686040
v 0.04468518 -0.17842899 -0.10758940
v 0.01070678 -0.28286880 -0.04790985
v 0.04133337 -0.17817330 -0.10892110
v 0.04468518 -0.17842899 -0.10758940
v 0.04133337 -0.17817330 -0.10892110
v 0.04553449 -0.13959990 -0.10723270
v 0.03686004 -0.17786670 -0.11051490
v 0.04133337 -0.17817330 -0.10892110
v 0.01070678 -0.28286880 -0.04790985
v 0.02777522 -0.17735919 -0.11314060
v 0.03233319 -0.17759490 -0.11192330
v 0.01070678 -0.28286880 -0.04790985
v 0.01390403 -0.17686801 -0.11566740
v 0.01863229 -0.13959990 -0.11500040
v 0.01801633 -0.17697850 -0.11509840
v 0.04377347 -0.08529996 -0.08656138
v 0.04850000 -0.08529996 -0.08400446
v 0.05306810 -0.12310000 -0.09806132
v 0.04377347 -0.08529996 -0.08656138
v 0.03874474 -0.07999998 -0.07780992
v 0.04850000 -0.08529996 -0.08400446
v 0.03678494 -0.13959990 -0.11054010
v 0.04553449 -0.13959990 -0.10723270
v 0.04133337 -0.17817330 -0.10892110
v 0.03678494 -0.13959990 -0.11054010
v 0.04133337 -0.17817330 -0.10892110
v 0.03686004 -0.17786670 -0.11051490
v 0.00934625 -0.13959990 -0.11612450
v 0.01863229 -0.13959990 -0.11500040
v 0.01390403 -0.17686801 -0.11566740
v 0.00934625 -0.13959990 -0.11612450
v 0.00449335 -0.17672241 -0.11641330
v 0.00000000 -0.13959990 -0.11650000
v 0.00934625 -0.13959990 -0.11612450
v 0.00901788 -0.17677400 -0.11615040
v 0.00449335 -0.17672241 -0.11641330
v 0.00934625 -0.13959990 -0.11612450
v 0.01131242 -0.12310000 -0.11092460
v 0.01863229 -0.13959990 -0.11500040
v 0.09806132 -0.12309990 -0.05306810
v 0.10508230 -0.13959990 -0.05029863
v 0.10070840 -0.13959990 -0.05856680
v 0.05399054 -0.13959990 -0.10323410
v 0.05306810 -0.12310000 -0.09806132
v 0.06209850 -0.13959990 -0.09856986
v 0.05399054 -0.13959990 -0.10323410
v 0.04553449 -0.13959990 -0.10723270
v 0.04478901 -0.12310000 -0.10210870
v 0.05399054 -0.13959990 -0.10323410
v 0.06209850 -0.13959990 -0.09856986
v 0.05811357 -0.17968570 -0.10097060
v -0.11837140 -0.26899961 0.78524208
v -0.12082240 -0.26967239 0.78070599
v 0.01251763 -0.28682381 -0.03763973
v -0.11837140 -0.26899961 0.78524208
v 0.01251763 -0.28682381 -0.03763973
v -0.11566080 -0.26825720 0.78976101
v 0.11530080 -0.19882290 0.01667296
v 0.11464200 -0.19937460 0.02072352
v 0.01251763 -0.28682381 -0.03763973
v 0.11530080 -0.19882290 0.01667296
v 0.01251763 -0.28682381 -0.03763973
v 0.11544820 -0.19867811 0.01561939
v 0.11530080 -0.19882290 0.01667296
v 0.08500963 -0.16980700 0.83085650
v 0.11464200 -0.19937460 0.02072352
v 0.11530080 -0.19882290 0.01667296
v 0.08535319 -0.16893290 0.83499217
v 0.08500963 -0.16980700 0.83085650
v 0.11530080 -0.19882290 0.01667296
v 0.08535361 -0.16893190 0.83499628
v 0.08535319 -0.16893290 0.83499217
v 0.11530080 -0.19882290 0.01667296
v 0.11544820 -0.19867811 0.01561939
v 0.08535361 -0.16893190 0.83499628
v 0.11628160 -0.19749489 0.00712967
v 0.11619080 -0.19768541 0.00848114
v 0.01251763 -0.28682381 -0.03763973
v 0.11628160 -0.19749489 0.00712967
v 0.01251763 -0.28682381 -0.03763973
v 0.11641780 -0.19710539 0.00438261
v 0.11628160 -0.19749489 0.00712967
v 0.08549886 -0.16774040 0.84057403
v 0.11619080 -0.19768541 0.00848114
v 0.11628160 -0.19749489 0.00712967
v 0.11641780 -0.19710539 0.00438261
v 0.08543485 -0.16714130 0.84335411
v 0.11628160 -0.19749489 0.00712967
v 0.08543485 -0.16714130 0.84335411
v 0.08549886 -0.16774040 0.84057403
v 0.11308160 -0.19226471 -0.02801376
v 0.11404880 -0.13959990 -0.02377194
v 0.11400080 -0.19288909 -0.02400076
v 0.11308160 -0.19226471 -0.02801376
v 0.11400080 -0.19288909 -0.02400076
v 0.01201534 -0.28682381 -0.04048866
v 0.11308160 -0.19226471 -0.02801376
v 0.01201534 -0.28682381 -0.04048866
v 0.11251390 -0.19191919 -0.03021353
v -0.17886890 -0.16783939 0.22386581
v -0.17852220 -0.16785070 0.22123630
v -0.14918651 -0.27491131 0.04569298
v -0.17886890 -0.16783939 0.22386581
v -0.14918651 -0.27491131 0.04569298
v -0.17825390 -0.28313729 0.27796501
v -0.11654510 -0.14060000 -0.05759549
v -0.14700329 -0.27491131 0.03317463
v -0.15343010 -0.15914170 0.08943426
v -0.14830101 -0.27491131 0.03943014
v -0.17066760 -0.16018049 0.17050250
v -0.16649440 -0.16001400 0.14813609
v -0.14830101 -0.27491131 0.03943014
v -0.14918651 -0.27491131 0.04569298
v -0.17852220 -0.16785070 0.22123630
v 0.00693595 -0.28668001 -0.04050135
v 0.01152753 -0.28613150 -0.04325485
v 0.01201534 -0.28682381 -0.04048866
v -0.02051776 -0.28691131 -0.03287923
v -0.16742571 -0.29336959 0.27909139
v -0.03515630 -0.28691131 -0.02952474
v -0.02103197 -0.28668001 -0.03516173
v -0.03575825 -0.28668001 -0.03178536
v -0.02152651 -0.28599790 -0.03735685
v -0.02103197 -0.28668001 -0.03516173
v -0.01199370 -0.28599790 -0.03929984
v -0.01154500 -0.28668001 -0.03709453
v -0.02103197 -0.28668001 -0.03516173
v -0.02152651 -0.28599790 -0.03735685
v -0.01199370 -0.28599790 -0.03929984
v -0.02103197 -0.28668001 -0.03516173
v -0.02051776 -0.28691131 -0.03287923
v -0.03515630 -0.28691131 -0.02952474
v -0.02103197 -0.28668001 -0.03516173
v -0.03515630 -0.28691131 -0.02952474
v -0.03575825 -0.28668001 -0.03178536
v 0.11540430 -0.19412170 -0.01594215
v 0.01201534 -0.28682381 -0.04048866
v 0.11520580 -0.19391330 -0.01731693
v 0.11540430 -0.19412170 -0.01594215
v 0.11520580 -0.19391330 -0.01731693
v 0.11558840 -0.13959990 -0.01454567
v 0.11623560 -0.19533250 -0.00784016
v 0.01201534 -0.28682381 -0.04048866
v 0.11591350 -0.19476300 -0.01167517
v 0.11623560 -0.19533250 -0.00784016
v 0.11591350 -0.19476300 -0.01167517
v 0.11638270 -0.13959990 -0.00522566
v 0.11649990 -0.19652019 0.00029806
v 0.11641780 -0.19710539 0.00438261
v 0.01251763 -0.28682381 -0.03763973
v 0.11649990 -0.19652019 0.00029806
v 0.01251763 -0.28682381 -0.03763973
v 0.11648450 -0.19620180 -0.00190264
v 0.11649990 -0.19652019 0.00029806
v 0.11642680 -0.13959990 0.00412798
v 0.11641780 -0.19710539 0.00438261
v 0.11649990 -0.19652019 0.00029806
v 0.11638270 -0.13959990 -0.00522566
v 0.11642680 -0.13959990 0.00412798
v 0.11649990 -0.19652019 0.00029806
v 0.11648450 -0.19620180 -0.00190264
v 0.11638270 -0.13959990 -0.00522566
v -0.16799910 -0.29373220 0.30330169
v 0.01201534 -0.28682381 -0.04048866
v -0.16919909 -0.29385319 0.31579229
v -0.16799910 -0.29373220 0.30330169
v -0.17012230 -0.29374650 0.30308521
v -0.16742571 -0.29336959 0.27909139
v -0.17025390 -0.29391870 0.32838491
v -0.16919909 -0.29385319 0.31579229
v 0.01251763 -0.28682381 -0.03763973
v -0.17025390 -0.29391870 0.32838491
v -0.17238040 -0.29393339 0.32819989
v -0.16919909 -0.29385319 0.31579229
v -0.06132221 -0.28668001 -0.02458637
v -0.07154357 -0.28668001 -0.02113336
v -0.06206560 -0.28599790 -0.02671009
v -0.06132221 -0.28668001 -0.02458637
v -0.07068741 -0.28691131 -0.01895558
v -0.07154357 -0.28668001 -0.02113336
v -0.04275441 -0.28691131 -0.02757370
v -0.03575825 -0.28668001 -0.03178536
v -0.03515630 -0.28691131 -0.02952474
v -0.04275441 -0.28691131 -0.02757370
v -0.16742571 -0.29336959 0.27909139
v -0.16435540 -0.29283679 0.25567681
v -0.04275441 -0.28691131 -0.02757370
v -0.03515630 -0.28691131 -0.02952474
v -0.16742571 -0.29336959 0.27909139
v 0.00615871 -0.28478709 -0.04490917
v 0.00586897 -0.28339660 -0.04655236
v 0.01108276 -0.28478709 -0.04577744
v 0.00615871 -0.28478709 -0.04490917
v -0.01276952 -0.28339660 -0.04311347
v 0.00586897 -0.28339660 -0.04655236
v -0.04511493 -0.28339660 -0.03571820
v -0.04552990 -0.28157771 -0.03715002
v -0.03772205 -0.28157771 -0.03915953
v -0.04511493 -0.28339660 -0.03571820
v -0.03772205 -0.28157771 -0.03915953
v -0.03733843 -0.28339660 -0.03771901
v -0.04511493 -0.28339660 -0.03571820
v -0.05312466 -0.28339660 -0.03348988
v -0.04552990 -0.28157771 -0.03715002
v 0.00660354 -0.28613150 -0.04238659
v -0.01154500 -0.28668001 -0.03709453
v -0.01199370 -0.28599790 -0.03929984
v 0.00660354 -0.28613150 -0.04238659
v 0.00693595 -0.28668001 -0.04050135
v -0.01154500 -0.28668001 -0.03709453
v 0.00660354 -0.28613150 -0.04238659
v 0.01152753 -0.28613150 -0.04325485
v 0.00693595 -0.28668001 -0.04050135
v -0.03633725 -0.28599790 -0.03395944
v -0.02152651 -0.28599790 -0.03735685
v -0.03575825 -0.28668001 -0.03178536
v -0.05195593 -0.28599790 -0.02977913
v -0.04403191 -0.28599790 -0.03198146
v -0.05128002 -0.28668001 -0.02763336
v -0.05195593 -0.28599790 -0.02977913
v -0.06132221 -0.28668001 -0.02458637
v -0.06206560 -0.28599790 -0.02671009
v -0.05195593 -0.28599790 -0.02977913
v -0.05128002 -0.28668001 -0.02763336
v -0.06132221 -0.28668001 -0.02458637
v -0.04340565 -0.28668001 -0.02982062
v -0.05128002 -0.28668001 -0.02763336
v -0.04403191 -0.28599790 -0.03198146
v -0.04340565 -0.28668001 -0.02982062
v -0.03633725 -0.28599790 -0.03395944
v -0.03575825 -0.28668001 -0.03178536
v -0.04340565 -0.28668001 -0.02982062
v -0.04403191 -0.28599790 -0.03198146
v -0.03633725 -0.28599790 -0.03395944
v -0.04340565 -0.28668001 -0.02982062
v -0.03575825 -0.28668001 -0.03178536
v -0.04275441 -0.28691131 -0.02757370
v 0.11192030 -0.19158320 -0.03234374
v 0.11251390 -0.19191919 -0.03021353
v 0.01152753 -0.28613150 -0.04325485
v 0.11192030 -0.19158320 -0.03234374
v 0.01152753 -0.28613150 -0.04325485
v 0.11107730 -0.19114040 -0.03512960
v 0.11060000 -0.19090450 -0.03660482
v 0.11107730 -0.19114040 -0.03512960
v 0.01152753 -0.28613150 -0.04325485
v 0.10748870 -0.18955630 -0.04492670
v 0.10912240 -0.19022880 -0.04079878
v 0.01152753 -0.28613150 -0.04325485
v 0.10748870 -0.18955630 -0.04492670
v 0.01152753 -0.28613150 -0.04325485
v 0.10691760 -0.18933579 -0.04626965
v 0.10569930 -0.18888710 -0.04898887
v 0.10691760 -0.18933579 -0.04626965
v 0.01152753 -0.28613150 -0.04325485
v 0.10569930 -0.18888710 -0.04898887
v 0.10508230 -0.13959990 -0.05029863
v 0.10691760 -0.18933579 -0.04626965
v 0.09441387 -0.18561579 -0.06825166
v 0.09697061 -0.18625420 -0.06456720
v 0.01108276 -0.28478709 -0.04577744
v 0.09441387 -0.18561579 -0.06825166
v 0.01108276 -0.28478709 -0.04577744
v 0.09370857 -0.18544760 -0.06921666
v 0.09441387 -0.18561579 -0.06825166
v 0.09568518 -0.13959990 -0.06645745
v 0.09697061 -0.18625420 -0.06456720
v 0.09441387 -0.18561579 -0.06825166
v 0.09370857 -0.18544760 -0.06921666
v 0.09568518 -0.13959990 -0.06645745
v 0.09172856 -0.18499200 -0.07182025
v 0.09370857 -0.18544760 -0.06921666
v 0.01108276 -0.28478709 -0.04577744
v 0.09004515 -0.13959990 -0.07391965
v 0.09568518 -0.13959990 -0.06645745
v 0.09370857 -0.18544760 -0.06921666
v 0.09004515 -0.13959990 -0.07391965
v 0.09370857 -0.18544760 -0.06921666
v 0.09172856 -0.18499200 -0.07182025
v 0.10162310 -0.18755241 -0.05696469
v 0.10165150 -0.18756090 -0.05691438
v 0.01108276 -0.28478709 -0.04577744
v 0.10162310 -0.18755241 -0.05696469
v 0.01108276 -0.28478709 -0.04577744
v 0.09939044 -0.18690459 -0.06077641
v 0.10162310 -0.18755241 -0.05696469
v 0.10070840 -0.13959990 -0.05856680
v 0.10165150 -0.18756090 -0.05691438
v 0.10162310 -0.18755241 -0.05696469
v 0.09939044 -0.18690459 -0.06077641
v 0.10070840 -0.13959990 -0.05856680
v 0.09770172 -0.18644550 -0.06345570
v 0.09939044 -0.18690459 -0.06077641
v 0.01108276 -0.28478709 -0.04577744
v 0.09770172 -0.18644550 -0.06345570
v 0.01108276 -0.28478709 -0.04577744
v 0.09697061 -0.18625420 -0.06456720
v 0.09770172 -0.18644550 -0.06345570
v 0.09697061 -0.18625420 -0.06456720
v 0.09568518 -0.13959990 -0.06645745
v 0.09770172 -0.18644550 -0.06345570
v 0.10070840 -0.13959990 -0.05856680
v 0.09939044 -0.18690459 -0.06077641
v 0.09770172 -0.18644550 -0.06345570
v 0.09568518 -0.13959990 -0.06645745
v 0.10070840 -0.13959990 -0.05856680
v 0.09334403 -0.12309990 -0.06098467
v 0.10070840 -0.13959990 -0.05856680
v 0.09568518 -0.13959990 -0.06645745
v 0.09334403 -0.12309990 -0.06098467
v 0.09568518 -0.13959990 -0.06645745
v 0.09083831 -0.12309990 -0.06465780
v 0.09334403 -0.12309990 -0.06098467
v 0.09083831 -0.12309990 -0.06465780
v 0.07945775 -0.08529996 -0.05563688
v -0.07059043 -0.18123330 -0.09267818
v -0.09079098 -0.14259990 -0.09304296
v -0.06680732 -0.18072100 -0.09544128
v -0.07059043 -0.18123330 -0.09267818
v -0.09653288 -0.14759991 -0.08707118
v -0.09079098 -0.14259990 -0.09304296
v -0.07059043 -0.18123330 -0.09267818
v -0.06680732 -0.18072100 -0.09544128
v -0.11502000 -0.27950349 -0.00984854
v -0.04626041 -0.17855629 -0.10692160
v -0.07433629 -0.28157771 -0.02823698
v -0.08484166 -0.28157771 -0.02421873
v -0.11041460 -0.27950349 -0.01280140
v -0.10563580 -0.27950349 -0.01558458
v -0.10980110 -0.28157771 -0.01187783
v -0.11041460 -0.27950349 -0.01280140
v -0.11502000 -0.27950349 -0.00984854
v -0.06680732 -0.18072100 -0.09544128
v -0.10506040 -0.28157771 -0.01463669
v -0.10980110 -0.28157771 -0.01187783
v -0.10563580 -0.27950349 -0.01558458
v -0.10506040 -0.28157771 -0.01463669
v -0.10016860 -0.28157771 -0.01724082
v -0.10428680 -0.28339660 -0.01336240
v -0.09003406 -0.28157771 -0.02202415
v -0.05053156 -0.17892820 -0.10497060
v -0.08484166 -0.28157771 -0.02421873
v -0.06289923 -0.18023220 -0.09806090
v -0.05886417 -0.17976780 -0.10053470
v -0.10563580 -0.27950349 -0.01558458
v -0.06289923 -0.18023220 -0.09806090
v -0.10563580 -0.27950349 -0.01558458
v -0.11041460 -0.27950349 -0.01280140
v -0.06289923 -0.18023220 -0.09806090
v -0.09079098 -0.14259990 -0.09304296
v -0.05886417 -0.17976780 -0.10053470
v -0.10070910 -0.27950349 -0.01820892
v -0.05886417 -0.17976780 -0.10053470
v -0.10016860 -0.28157771 -0.01724082
v -0.10070910 -0.27950349 -0.01820892
v -0.10563580 -0.27950349 -0.01558458
v -0.05886417 -0.17976780 -0.10053470
v -0.10070910 -0.27950349 -0.01820892
v -0.10506040 -0.28157771 -0.01463669
v -0.10563580 -0.27950349 -0.01558458
v -0.10070910 -0.27950349 -0.01820892
v -0.10016860 -0.28157771 -0.01724082
v -0.10506040 -0.28157771 -0.01463669
v -0.05473268 -0.17933211 -0.10284250
v -0.09079098 -0.14259990 -0.09304296
v -0.05053156 -0.17892820 -0.10497060
v -0.05473268 -0.17933211 -0.10284250
v -0.09003406 -0.28157771 -0.02202415
v -0.09515148 -0.28157771 -0.01970010
v -0.05473268 -0.17933211 -0.10284250
v -0.05053156 -0.17892820 -0.10497060
v -0.09003406 -0.28157771 -0.02202415
v -0.13604151 -0.27725229 0.00908214
v -0.10779600 -0.14759991 -0.07266372
v -0.10241810 -0.14759991 -0.08006578
v -0.13604151 -0.27725229 0.00908214
v -0.10241810 -0.14759991 -0.08006578
v -0.13394770 -0.27725229 0.00627518
v -0.10971020 -0.13709991 -0.06973987
v -0.10779600 -0.14759991 -0.07266372
v -0.11264000 -0.14759991 -0.06490170
v -0.10971020 -0.13709991 -0.06973987
v -0.11264000 -0.14759991 -0.06490170
v -0.11382560 -0.13709991 -0.06279903
v -0.10971020 -0.13709991 -0.06973987
v -0.10517220 -0.13709991 -0.07641208
v -0.10779600 -0.14759991 -0.07266372
v -0.10971020 -0.13709991 -0.06973987
v -0.07945770 -0.08529996 -0.05563688
v -0.10517220 -0.13709991 -0.07641208
v 0.08339661 -0.10890000 0.85884809
v 0.08315289 -0.16350470 0.85989612
v 0.08402973 -0.16441920 0.85578841
v 0.08012187 -0.09539991 0.84779340
v 0.08482271 -0.10890000 0.85074008
v 0.08546245 -0.10890000 0.84253258
v 0.08012187 -0.09539991 0.84779340
v 0.08546245 -0.10890000 0.84253258
v 0.06863665 -0.06469994 0.84707159
v 0.08012187 -0.09539991 0.84779340
v 0.06863665 -0.06469994 0.84707159
v 0.08482271 -0.10890000 0.85074008
v 0.04819434 -0.15157969 0.91062272
v 0.00672293 -0.23826090 0.85987759
v 0.05157476 -0.15217771 0.90819311
v 0.04819434 -0.15157969 0.91062272
v 0.05157476 -0.15217771 0.90819311
v 0.04670858 -0.10890000 0.91161400
v 0.03213351 -0.10890000 0.91923189
v 0.03960460 -0.10890000 0.91577423
v 0.03188443 -0.09539991 0.91391641
v 0.06921064 -0.15652120 0.89020121
v 0.00672293 -0.23826090 0.85987759
v 0.07160776 -0.15734510 0.88671768
v 0.06921064 -0.15652120 0.89020121
v 0.07160776 -0.15734510 0.88671768
v 0.07019901 -0.10890000 0.88880938
v -0.00273061 -0.24223439 0.85608482
v 0.00718641 -0.24088950 0.85479188
v 0.00700831 -0.23987930 0.85749680
v 0.08468955 -0.16531220 0.85174429
v 0.00718641 -0.24088950 0.85479188
v 0.08470195 -0.16533139 0.85165691
v 0.08468955 -0.16531220 0.85174429
v 0.08470195 -0.16533139 0.85165691
v 0.08482271 -0.10890000 0.85074008
v 0.02293246 -0.06469994 0.90507770
v 0.03213351 -0.10890000 0.91923189
v 0.03188443 -0.09539991 0.91391641
v 0.01614212 -0.06469994 0.90708530
v 0.01424193 -0.06419992 0.90700322
v 0.00918180 -0.06469994 0.90838641
v 0.04026329 -0.06419992 0.89541769
v 0.03571963 -0.06469994 0.89903492
v 0.04158174 -0.06469994 0.89506322
v 0.02948129 -0.06469994 0.90238482
v 0.03188443 -0.09539991 0.91391641
v 0.03960460 -0.10890000 0.91577423
v 0.02948129 -0.06469994 0.90238482
v 0.02293246 -0.06469994 0.90507770
v 0.03188443 -0.09539991 0.91391641
v 0.02948129 -0.06469994 0.90238482
v 0.02786141 -0.06419992 0.90257788
v 0.02293246 -0.06469994 0.90507770
v 0.04210543 -0.15064099 0.91441357
v 0.04670858 -0.10890000 0.91161400
v 0.03960460 -0.10890000 0.91577423
v 0.04210543 -0.15064099 0.91441357
v 0.04453867 -0.15099581 0.91298348
v 0.04670858 -0.10890000 0.91161400
v 0.03889054 -0.09539991 0.91048253
v 0.04670858 -0.10890000 0.91161400
v 0.03571963 -0.06469994 0.89903492
v 0.03889054 -0.09539991 0.91048253
v 0.03960460 -0.10890000 0.91577423
v 0.04670858 -0.10890000 0.91161400
v 0.03889054 -0.09539991 0.91048253
v 0.02948129 -0.06469994 0.90238482
v 0.03960460 -0.10890000 0.91577423
v 0.03889054 -0.09539991 0.91048253
v 0.03571963 -0.06469994 0.89903492
v 0.02948129 -0.06469994 0.90238482
v 0.04553133 -0.09539991 0.90638638
v 0.04670858 -0.10890000 0.91161400
v 0.05337947 -0.10890000 0.90678990
v 0.04553133 -0.09539991 0.90638638
v 0.05337947 -0.10890000 0.90678990
v 0.04158174 -0.06469994 0.89506322
v 0.04553133 -0.09539991 0.90638638
v 0.04158174 -0.06469994 0.89506322
v 0.03571963 -0.06469994 0.89903492
v 0.04553133 -0.09539991 0.90638638
v 0.03571963 -0.06469994 0.89903492
v 0.04670858 -0.10890000 0.91161400
v 0.11111920 -0.12309990 -0.00920755
v 0.11638270 -0.13959990 -0.00522566
v 0.11558840 -0.13959990 -0.01454567
v 0.11111920 -0.12309990 -0.00920755
v 0.11116680 -0.12309990 -0.00861299
v 0.11638270 -0.13959990 -0.00522566
v 0.11111920 -0.12309990 -0.00920755
v 0.09669929 -0.08529996 -0.00763148
v 0.11116680 -0.12309990 -0.00861299
v 0.11410440 -0.19296589 -0.02350378
v 0.11400080 -0.19288909 -0.02400076
v 0.11404880 -0.13959990 -0.02377194
v 0.11410440 -0.19296589 -0.02350378
v 0.11404880 -0.13959990 -0.02377194
v 0.11477470 -0.19350810 -0.01997691
v 0.11410440 -0.19296589 -0.02350378
v 0.11477470 -0.19350810 -0.01997691
v 0.01201534 -0.28682381 -0.04048866
v 0.11410440 -0.19296589 -0.02350378
v 0.01201534 -0.28682381 -0.04048866
v 0.11400080 -0.19288909 -0.02400076
v 0.08105295 -0.07999998 -0.03140008
v 0.08344680 -0.07999998 -0.02433449
v 0.09222632 -0.08529996 -0.03005498
v 0.11177410 -0.13959990 -0.03284496
v 0.11107730 -0.19114040 -0.03512960
v 0.11060000 -0.19090450 -0.03660482
v 0.11177410 -0.13959990 -0.03284496
v 0.11192030 -0.19158320 -0.03234374
v 0.11107730 -0.19114040 -0.03512960
v 0.11177410 -0.13959990 -0.03284496
v 0.11251390 -0.19191919 -0.03021353
v 0.11192030 -0.19158320 -0.03234374
v 0.11177410 -0.13959990 -0.03284496
v 0.11308160 -0.19226471 -0.02801376
v 0.11251390 -0.19191919 -0.03021353
v 0.11177410 -0.13959990 -0.03284496
v 0.11404880 -0.13959990 -0.02377194
v 0.11308160 -0.19226471 -0.02801376
v -0.18223201 -0.15164360 0.50679582
v -0.18148510 -0.15125600 0.51361501
v -0.06849998 -0.06419992 0.83999997
v -0.18223201 -0.15164360 0.50679582
v -0.06849998 -0.06419992 0.83999997
v -0.18438350 -0.15284190 0.48468021
v -0.18502741 -0.15323280 0.47708279
v -0.18438350 -0.15284190 0.48468021
v -0.06849998 -0.06419992 0.83999997
v -0.18502741 -0.15323280 0.47708279
v -0.06849998 -0.06419992 0.83999997
v -0.18658070 -0.15427729 0.45567599
v -0.17870000 -0.14989750 0.53642112
v -0.17788780 -0.14952160 0.54246253
v -0.06812471 -0.06419992 0.84716028
v -0.17870000 -0.14989750 0.53642112
v -0.06812471 -0.06419992 0.84716028
v -0.18148510 -0.15125600 0.51361501
v -0.17870000 -0.14989750 0.53642112
v -0.17866971 -0.15753581 0.53665048
v -0.17788780 -0.14952160 0.54246253
v -0.17870000 -0.14989750 0.53642112
v -0.18148510 -0.15125600 0.51361501
v -0.18114670 -0.15873060 0.51659161
v -0.17870000 -0.14989750 0.53642112
v -0.18114670 -0.15873060 0.51659161
v -0.17866971 -0.15753581 0.53665048
v -0.18708380 -0.15466300 0.44730130
v -0.18658070 -0.15427729 0.45567599
v -0.09700000 -0.08529996 0.00000000
v -0.18708380 -0.15466300 0.44730130
v -0.09700000 -0.08529996 0.00000000
v -0.18805580 -0.15554030 0.42710340
v -0.18708380 -0.15466300 0.44730130
v -0.18683431 -0.16209920 0.45157689
v -0.18658070 -0.15427729 0.45567599
v -0.18840531 -0.15593980 0.41728270
v -0.18805580 -0.15554030 0.42710340
v -0.09700000 -0.08529996 0.00000000
v -0.18840531 -0.15593980 0.41728270
v -0.09700000 -0.08529996 0.00000000
v -0.18884960 -0.15665470 0.39849770
v -0.18897501 -0.15705240 0.38723430
v -0.18884960 -0.15665470 0.39849770
v -0.09700000 -0.08529996 0.00000000
v -0.18897501 -0.15705240 0.38723430
v -0.09700000 -0.08529996 0.00000000
v -0.18896140 -0.15761970 0.36987591
v -0.18839060 -0.15843460 0.34125501
v -0.18879239 -0.15799980 0.35717589
v -0.09671568 -0.08529996 -0.00742102
v -0.09663087 -0.08529996 -0.00845408
v -0.09671568 -0.08529996 -0.00742102
v -0.08667153 -0.07999998 -0.00660217
v -0.14528200 -0.25995940 0.74485600
v -0.17460731 -0.15573290 0.56483650
v -0.17740710 -0.15695810 0.54593343
v -0.14410371 -0.25965959 0.75275290
v -0.17460731 -0.15573290 0.56483650
v -0.14528200 -0.25995940 0.74485600
v -0.14410371 -0.25965959 0.75275290
v -0.14402060 -0.26200810 0.75284702
v -0.14241029 -0.25921789 0.76076150
v -0.14410371 -0.25965959 0.75275290
v -0.14241029 -0.25921789 0.76076150
v -0.16293360 -0.14345381 0.62830907
v -0.17443439 -0.14799710 0.56594002
v -0.17788780 -0.14952160 0.54246253
v -0.17740710 -0.15695810 0.54593343
v -0.17443439 -0.14799710 0.56594002
v -0.17740710 -0.15695810 0.54593343
v -0.17460731 -0.15573290 0.56483650
v -0.17443439 -0.14799710 0.56594002
v -0.17460731 -0.15573290 0.56483650
v -0.17359459 -0.14764130 0.57120562
v -0.17443439 -0.14799710 0.56594002
v -0.06860238 -0.06469994 0.84739667
v -0.17788780 -0.14952160 0.54246253
v -0.17443439 -0.14799710 0.56594002
v -0.17359459 -0.14764130 0.57120562
v -0.06860238 -0.06469994 0.84739667
v -0.17873570 -0.27597421 0.49458221
v -0.17866971 -0.15753581 0.53665048
v -0.18114670 -0.15873060 0.51659161
v -0.17873570 -0.27597421 0.49458221
v -0.18137640 -0.27745321 0.47192559
v -0.17861030 -0.27795970 0.49470291
v -0.17873570 -0.27597421 0.49458221
v -0.18114670 -0.15873060 0.51659161
v -0.18137640 -0.27745321 0.47192559
v -0.18460220 -0.27953520 0.43344089
v -0.18683431 -0.16209920 0.45157689
v -0.18538681 -0.28019711 0.41786420
v -0.18801589 -0.16312660 0.42809901
v -0.18538681 -0.28019711 0.41786420
v -0.18683431 -0.16209920 0.45157689
v -0.18801589 -0.16312660 0.42809901
v -0.18708380 -0.15466300 0.44730130
v -0.18805580 -0.15554030 0.42710340
v -0.18801589 -0.16312660 0.42809901
v -0.18683431 -0.16209920 0.45157689
v -0.18708380 -0.15466300 0.44730130
v -0.18416280 -0.16035090 0.48715979
v -0.18223201 -0.15164360 0.50679582
v -0.18438350 -0.15284190 0.48468021
v -0.18526541 -0.28218511 0.41793650
v -0.18460220 -0.27953520 0.43344089
v -0.18538681 -0.28019711 0.41786420
v -0.06058245 -0.06249994 0.84642911
v -0.06092262 -0.06249994 0.83999997
v -0.06812471 -0.06419992 0.84716028
v -0.06065279 -0.06249994 0.83427292
v -0.06849998 -0.06419992 0.83999997
v -0.06092262 -0.06249994 0.83999997
v -0.14953341 -0.13871980 0.68478942
v -0.06741416 -0.06469994 0.85470819
v -0.15011190 -0.13891600 0.68258101
v -0.14953341 -0.13871980 0.68478942
v -0.15011190 -0.13891600 0.68258101
v -0.14241029 -0.25921789 0.76076150
v -0.13343200 -0.13347040 0.74051392
v -0.06544899 -0.06469994 0.86185020
v -0.06741416 -0.06469994 0.85470819
v -0.13343200 -0.13347040 0.74051392
v -0.12438180 -0.13066350 0.76805210
v -0.06544899 -0.06469994 0.86185020
v -0.15727280 -0.14140090 0.65367222
v -0.15657370 -0.14115331 0.65663552
v -0.06741416 -0.06469994 0.85470819
v -0.15727280 -0.14140090 0.65367222
v -0.06741416 -0.06469994 0.85470819
v -0.16293360 -0.14345381 0.62830907
v -0.15727280 -0.14140090 0.65367222
v -0.16293360 -0.14345381 0.62830907
v -0.14241029 -0.25921789 0.76076150
v -0.15727280 -0.14140090 0.65367222
v -0.14241029 -0.25921789 0.76076150
v -0.15657370 -0.14115331 0.65663552
v -0.16371660 -0.14374530 0.62458378
v -0.06860238 -0.06469994 0.84739667
v -0.16860861 -0.14561760 0.59982681
v -0.16371660 -0.14374530 0.62458378
v -0.16293360 -0.14345381 0.62830907
v -0.06860238 -0.06469994 0.84739667
v -0.16371660 -0.14374530 0.62458378
v -0.14410371 -0.25965959 0.75275290
v -0.16293360 -0.14345381 0.62830907
v -0.16371660 -0.14374530 0.62458378
v -0.16860861 -0.14561760 0.59982681
v -0.14410371 -0.25965959 0.75275290
v -0.16943860 -0.14594530 0.59533358
v -0.06860238 -0.06469994 0.84739667
v -0.17359459 -0.14764130 0.57120562
v -0.16943860 -0.14594530 0.59533358
v -0.16860861 -0.14561760 0.59982681
v -0.06860238 -0.06469994 0.84739667
v -0.16943860 -0.14594530 0.59533358
v -0.14410371 -0.25965959 0.75275290
v -0.16860861 -0.14561760 0.59982681
v -0.16943860 -0.14594530 0.59533358
v -0.17359459 -0.14764130 0.57120562
v -0.14410371 -0.25965959 0.75275290
v -0.06974476 -0.10890000 0.88945621
v -0.07413852 -0.10890000 0.88258791
v -0.07191544 -0.15745690 0.88624310
v 0.09579914 -0.08529996 -0.01521575
v 0.10997930 -0.12309990 -0.01835227
v 0.09552633 -0.08529996 -0.01684385
v 0.06813931 -0.06419992 0.84702039
v 0.06863665 -0.06469994 0.84707159
v 0.06900000 -0.06469994 0.83999997
v 0.06813931 -0.06419992 0.84702039
v 0.06900000 -0.06469994 0.83999997
v 0.06849998 -0.06419992 0.83999997
v 0.06813931 -0.06419992 0.84702039
v 0.06849998 -0.06419992 0.83999997
v 0.06065285 -0.06249994 0.84572721
v 0.06092262 -0.06249994 0.83999997
v 0.06065285 -0.06249994 0.84572721
v 0.06849998 -0.06419992 0.83999997
v 0.08079922 -0.16168700 0.86796027
v 0.08198761 -0.16252600 0.86425447
v 0.08119732 -0.10890000 0.86678141
v 0.08079922 -0.16168700 0.86796027
v 0.08119732 -0.10890000 0.86678141
v 0.07984656 -0.16109160 0.87057400
v 0.08079922 -0.16168700 0.86796027
v 0.07984656 -0.16109160 0.87057400
v 0.00700831 -0.23987930 0.85749680
v 0.08079922 -0.16168700 0.86796027
v 0.00700831 -0.23987930 0.85749680
v 0.08198761 -0.16252600 0.86425447
v 0.08207070 -0.16258951 0.86397243
v 0.08198761 -0.16252600 0.86425447
v 0.00700831 -0.23987930 0.85749680
v 0.08207070 -0.16258951 0.86397243
v 0.00700831 -0.23987930 0.85749680
v 0.08315289 -0.16350470 0.85989612
v 0.08207070 -0.16258951 0.86397243
v 0.08315289 -0.16350470 0.85989612
v 0.08339661 -0.10890000 0.85884809
v 0.08207070 -0.16258951 0.86397243
v 0.08339661 -0.10890000 0.85884809
v 0.08119732 -0.10890000 0.86678141
v 0.08207070 -0.16258951 0.86397243
v 0.08119732 -0.10890000 0.86678141
v 0.08198761 -0.16252600 0.86425447
v 0.07519996 -0.15875900 0.88068497
v 0.07648718 -0.15933430 0.87820971
v 0.07456779 -0.10890000 0.88183182
v 0.07519996 -0.15875900 0.88068497
v 0.00700831 -0.23987930 0.85749680
v 0.07648718 -0.15933430 0.87820971
v 0.07299923 -0.15786400 0.88451260
v 0.07382780 -0.15818921 0.88312459
v 0.07456779 -0.10890000 0.88183182
v 0.07299923 -0.15786400 0.88451260
v 0.07019901 -0.10890000 0.88880938
v 0.07160776 -0.15734510 0.88671768
v 0.07299923 -0.15786400 0.88451260
v 0.07456779 -0.10890000 0.88183182
v 0.07019901 -0.10890000 0.88880938
v 0.07299923 -0.15786400 0.88451260
v 0.07160776 -0.15734510 0.88671768
v 0.00672293 -0.23826090 0.85987759
v 0.07299923 -0.15786400 0.88451260
v 0.00672293 -0.23826090 0.85987759
v 0.00700831 -0.23987930 0.85749680
v 0.07299923 -0.15786400 0.88451260
v 0.00700831 -0.23987930 0.85749680
v 0.07382780 -0.15818921 0.88312459
v 0.07452076 -0.09539991 0.87044507
v 0.07824528 -0.10890000 0.87446642
v 0.08119732 -0.10890000 0.86678141
v 0.07452076 -0.09539991 0.87044507
v 0.06326299 -0.06469994 0.86754620
v 0.07824528 -0.10890000 0.87446642
v 0.07452076 -0.09539991 0.87044507
v 0.06575298 -0.06469994 0.86091763
v 0.06326299 -0.06469994 0.86754620
v 0.07452076 -0.09539991 0.87044507
v 0.08119732 -0.10890000 0.86678141
v 0.06575298 -0.06469994 0.86091763
v 0.06265836 -0.09539991 0.89053887
v 0.05193525 -0.06469994 0.88542831
v 0.06517934 -0.10890000 0.89533448
v 0.06265836 -0.09539991 0.89053887
v 0.06517934 -0.10890000 0.89533448
v 0.07019901 -0.10890000 0.88880938
v 0.05747133 -0.09539991 0.89636761
v 0.05955547 -0.10890000 0.90134662
v 0.06517934 -0.10890000 0.89533448
v 0.05747133 -0.09539991 0.89636761
v 0.06517934 -0.10890000 0.89533448
v 0.05193525 -0.06469994 0.88542831
v 0.05747133 -0.09539991 0.89636761
v 0.04700607 -0.06469994 0.89051181
v 0.05955547 -0.10890000 0.90134662
v 0.05747133 -0.09539991 0.89636761
v 0.05193525 -0.06469994 0.88542831
v 0.04700607 -0.06469994 0.89051181
v 0.08203321 -0.12309990 -0.07551687
v 0.09004515 -0.13959990 -0.07391965
v 0.08382469 -0.13959990 -0.08090525
v 0.07706379 -0.13959990 -0.08736938
v 0.07551687 -0.12309990 -0.08203321
v 0.08382469 -0.13959990 -0.08090525
v 0.07706379 -0.13959990 -0.08736938
v 0.07971227 -0.18264650 -0.08496010
v 0.07691270 -0.18218420 -0.08750247
v 0.07706379 -0.13959990 -0.08736938
v 0.08382469 -0.13959990 -0.08090525
v 0.07971227 -0.18264650 -0.08496010
v 0.07329750 -0.07999998 -0.04672276
v 0.07945775 -0.08529996 -0.05563688
v 0.06936573 -0.07999998 -0.05238258
v 0.07837522 -0.08529996 -0.05715167
v 0.06936573 -0.07999998 -0.05238258
v 0.07945775 -0.08529996 -0.05563688
v 0.07837522 -0.08529996 -0.05715167
v 0.07945775 -0.08529996 -0.05563688
v 0.09083831 -0.12309990 -0.06465780
v -0.06903588 -0.08529996 -0.06813991
v -0.06858932 -0.08529996 -0.06858932
v -0.09489953 -0.13709991 -0.08884859
v -0.06903588 -0.08529996 -0.06813991
v -0.09489953 -0.13709991 -0.08884859
v -0.07418280 -0.08529996 -0.06249719
v -0.06903588 -0.08529996 -0.06813991
v -0.07418280 -0.08529996 -0.06249719
v -0.06423658 -0.07999998 -0.05855935
v -0.07886987 -0.08529996 -0.05646705
v -0.10022890 -0.13709991 -0.08278983
v -0.10517220 -0.13709991 -0.07641208
v -0.07886987 -0.08529996 -0.05646705
v -0.10517220 -0.13709991 -0.07641208
v -0.07945770 -0.08529996 -0.05563688
v -0.07886987 -0.08529996 -0.05646705
v -0.07945770 -0.08529996 -0.05563688
v -0.07233083 -0.07999998 -0.04820567
v -0.06936573 -0.07999998 -0.05238258
v -0.07886987 -0.08529996 -0.05646705
v -0.07233083 -0.07999998 -0.04820567
v -0.06936573 -0.07999998 -0.05238258
v -0.07233083 -0.07999998 -0.04820567
v -0.04816460 -0.06249994 0.80269408
v -0.17531650 -0.16025990 0.19876070
v -0.17660330 -0.16025500 0.20742241
v -0.09586447 -0.08529996 -0.01479852
v -0.17929010 -0.16019280 0.22712170
v -0.09586447 -0.08529996 -0.01479852
v -0.17660330 -0.16025500 0.20742241
v -0.17929010 -0.16019280 0.22712170
v -0.17660330 -0.16025500 0.20742241
v -0.17852220 -0.16785070 0.22123630
v -0.17929010 -0.16019280 0.22712170
v -0.17852220 -0.16785070 0.22123630
v -0.17886890 -0.16783939 0.22386581
v -0.09552633 -0.08529996 -0.01684385
v -0.11382560 -0.13709991 -0.06279903
v -0.16649440 -0.16001400 0.14813609
v -0.09552633 -0.08529996 -0.01684385
v -0.16649440 -0.16001400 0.14813609
v -0.17066760 -0.16018049 0.17050250
v -0.09248453 -0.08529996 -0.02925062
v -0.11382560 -0.13709991 -0.06279903
v -0.09369480 -0.08529996 -0.02510541
v -0.09248453 -0.08529996 -0.02925062
v -0.09369480 -0.08529996 -0.02510541
v -0.08360439 -0.07999998 -0.02378749
v -0.01014113 -0.14801180 0.92489648
v -0.04205256 -0.24422839 0.85849208
v -0.00762850 -0.14794520 0.92515898
v -0.00814420 -0.10890000 0.92511117
v -0.00445872 -0.14788841 0.92538381
v 0.00000000 -0.10890000 0.92549998
v -0.00814420 -0.10890000 0.92511117
v -0.01014113 -0.14801180 0.92489648
v -0.00762850 -0.14794520 0.92515898
v -0.13749190 -0.27122009 0.75217259
v -0.13531870 -0.27205771 0.75184548
v -0.13582119 -0.27077690 0.75995332
v -0.11465930 -0.26744580 0.79555929
v -0.11566080 -0.26825720 0.78976101
v -0.11270900 -0.26745170 0.79424542
v -0.12534881 -0.27036130 0.77667427
v -0.12524250 -0.27088550 0.77078438
v -0.12319180 -0.27032280 0.77573949
v -0.13325390 -0.25914630 0.78544599
v -0.13340519 -0.25681210 0.78520352
v -0.13584740 -0.25984329 0.77995938
v -0.08633637 -0.11124460 0.85620821
v -0.12438180 -0.13066350 0.76805210
v -0.12263730 -0.13020130 0.77245820
v -0.08633637 -0.11124460 0.85620821
v -0.13598350 -0.25750571 0.77974200
v -0.08460217 -0.11037880 0.86019409
v -0.08633637 -0.11124460 0.85620821
v -0.12263730 -0.13020130 0.77245820
v -0.13598350 -0.25750571 0.77974200
v -0.08633637 -0.11124460 0.85620821
v -0.06544899 -0.06469994 0.86185020
v -0.12438180 -0.13066350 0.76805210
v -0.08633637 -0.11124460 0.85620821
v -0.08460217 -0.11037880 0.86019409
v -0.06544899 -0.06469994 0.86185020
v -0.08126097 -0.10927310 0.86776417
v -0.08460217 -0.11037880 0.86019409
v -0.13598350 -0.25750571 0.77974200
v -0.08126097 -0.10927310 0.86776417
v -0.06272959 -0.06469994 0.86874032
v -0.06544899 -0.06469994 0.86185020
v -0.08126097 -0.10927310 0.86776417
v -0.06544899 -0.06469994 0.86185020
v -0.08460217 -0.11037880 0.86019409
v -0.13809000 -0.26044369 0.77448273
v -0.13598350 -0.25750571 0.77974200
v -0.13821261 -0.25810310 0.77429080
v -0.13809000 -0.26044369 0.77448273
v -0.13584740 -0.25984329 0.77995938
v -0.13598350 -0.25750571 0.77974200
v -0.13809000 -0.26044369 0.77448273
v -0.13821261 -0.25810310 0.77429080
v -0.14000510 -0.26095390 0.76902437
v -0.13809000 -0.26044369 0.77448273
v -0.14000510 -0.26095390 0.76902437
v -0.13945800 -0.26324090 0.76904923
v -0.14011560 -0.25861070 0.76885802
v -0.14000510 -0.26095390 0.76902437
v -0.13821261 -0.25810310 0.77429080
v -0.14011560 -0.25861070 0.76885802
v -0.13821261 -0.25810310 0.77429080
v -0.12438180 -0.13066350 0.76805210
v -0.14011560 -0.25861070 0.76885802
v -0.12438180 -0.13066350 0.76805210
v -0.13343200 -0.13347040 0.74051392
v -0.14231519 -0.26156431 0.76089060
v -0.14241029 -0.25921789 0.76076150
v -0.14402060 -0.26200810 0.75284702
v -0.17277721 -0.29339799 0.38569260
v 0.01251763 -0.28682381 -0.03763973
v -0.17321920 -0.29299539 0.40238100
v -0.17225739 -0.29241911 0.41781551
v -0.17321920 -0.29299539 0.40238100
v 0.01251763 -0.28682381 -0.03763973
v -0.16999000 -0.28782880 0.49428609
v -0.13531870 -0.27205771 0.75184548
v -0.13749190 -0.27122009 0.75217259
v -0.13302900 -0.27244940 0.75147849
v -0.17041120 -0.28970739 0.47152430
v -0.13141060 -0.27201179 0.75899261
v -0.13302900 -0.27244940 0.75147849
v -0.13531870 -0.27205771 0.75184548
v -0.17041120 -0.28970739 0.47152430
v -0.16828850 -0.28970411 0.47130060
v -0.13141060 -0.27201179 0.75899261
v -0.17041120 -0.28970739 0.47152430
v -0.16828850 -0.28970411 0.47130060
v -0.12912390 -0.27194911 0.75844908
v -0.13141060 -0.27201179 0.75899261
v -0.06129479 -0.15426840 0.89960867
v -0.05910015 -0.10890000 0.90178531
v -0.06471669 -0.10890000 0.89587492
v -0.03542989 -0.14979380 0.91781378
v -0.03925389 -0.10890000 0.91595638
v -0.03751939 -0.15003981 0.91682798
v -0.03542989 -0.14979380 0.91781378
v -0.03184026 -0.10890000 0.91935021
v -0.03925389 -0.10890000 0.91595638
v -0.03542989 -0.14979380 0.91781378
v -0.03249621 -0.14947590 0.91908377
v -0.03184026 -0.10890000 0.91935021
v -0.03542989 -0.14979380 0.91781378
v -0.03751939 -0.15003981 0.91682798
v -0.06711339 -0.24727540 0.85052842
v -0.03542989 -0.14979380 0.91781378
v -0.06711339 -0.24727540 0.85052842
v -0.03249621 -0.14947590 0.91908377
v -0.04387450 -0.15089640 0.91338438
v -0.03925389 -0.10890000 0.91595638
v -0.04631060 -0.10890000 0.91187203
v -0.00261432 -0.24289410 0.85327047
v 0.00724697 -0.24123290 0.85192013
v 0.00718641 -0.24088950 0.85479188
v -0.02502691 -0.17723510 -0.11378000
v -0.02848339 -0.17739341 -0.11296440
v -0.02856117 -0.13959990 -0.11294470
v -0.02502691 -0.17723510 -0.11378000
v -0.02856117 -0.13959990 -0.11294470
v -0.02386224 -0.17718670 -0.11402990
v -0.02502691 -0.17723510 -0.11378000
v -0.02386224 -0.17718670 -0.11402990
v -0.01306682 -0.28157771 -0.04457467
v -0.02502691 -0.17723510 -0.11378000
v -0.01306682 -0.28157771 -0.04457467
v -0.02270942 -0.28157771 -0.04260724
v -0.02502691 -0.17723510 -0.11378000
v -0.02270942 -0.28157771 -0.04260724
v -0.02848339 -0.17739341 -0.11296440
v 0.01042139 -0.28048801 -0.04952824
v 0.00449335 -0.17672241 -0.11641330
v 0.00901788 -0.17677400 -0.11615040
v 0.01042139 -0.28048801 -0.04952824
v 0.01070678 -0.28286880 -0.04790985
v 0.00560993 -0.28157771 -0.04802137
v 0.01042139 -0.28048801 -0.04952824
v 0.00560993 -0.28157771 -0.04802137
v -0.01918441 -0.17701560 -0.11490960
v 0.01042139 -0.28048801 -0.04952824
v 0.01390403 -0.17686801 -0.11566740
v 0.01801633 -0.17697850 -0.11509840
v 0.01042139 -0.28048801 -0.04952824
v 0.02318459 -0.17715950 -0.11416970
v 0.02697861 -0.17732170 -0.11333310
v 0.01042139 -0.28048801 -0.04952824
v 0.02777522 -0.17735919 -0.11314060
v 0.01070678 -0.28286880 -0.04790985
v 0.01042139 -0.28048801 -0.04952824
v 0.02697861 -0.17732170 -0.11333310
v 0.02777522 -0.17735919 -0.11314060
v -0.00502193 -0.17672659 -0.11639170
v 0.00000000 -0.13959990 -0.11650000
v -0.00026184 -0.17670549 -0.11649960
v -0.00502193 -0.17672659 -0.11639170
v -0.00960749 -0.13959990 -0.11610310
v 0.00000000 -0.13959990 -0.11650000
v -0.00502193 -0.17672659 -0.11639170
v -0.00836784 -0.17676450 -0.11619910
v -0.00960749 -0.13959990 -0.11610310
v -0.00502193 -0.17672659 -0.11639170
v 0.01042139 -0.28048801 -0.04952824
v -0.00836784 -0.17676450 -0.11619910
v -0.00502193 -0.17672659 -0.11639170
v -0.00026184 -0.17670549 -0.11649960
v 0.01042139 -0.28048801 -0.04952824
v -0.01914954 -0.13959990 -0.11491530
v -0.01918441 -0.17701560 -0.11490960
v -0.02386224 -0.17718670 -0.11402990
v -0.01914954 -0.13959990 -0.11491530
v -0.02386224 -0.17718670 -0.11402990
v -0.02856117 -0.13959990 -0.11294470
v -0.01914954 -0.13959990 -0.11491530
v -0.00960749 -0.13959990 -0.11610310
v -0.01448231 -0.17688181 -0.11559640
v -0.01914954 -0.13959990 -0.11491530
v -0.01449203 -0.12310000 -0.11055410
v -0.00960749 -0.13959990 -0.11610310
v -0.00590861 -0.12310000 -0.11134330
v 0.00000000 -0.13959990 -0.11650000
v -0.00960749 -0.13959990 -0.11610310
v -0.00976181 -0.17678550 -0.11609020
v -0.00960749 -0.13959990 -0.11610310
v -0.00836784 -0.17676450 -0.11619910
v -0.00976181 -0.17678550 -0.11609020
v -0.01448231 -0.17688181 -0.11559640
v -0.00960749 -0.13959990 -0.11610310
v -0.00976181 -0.17678550 -0.11609020
v 0.01042139 -0.28048801 -0.04952824
v -0.01448231 -0.17688181 -0.11559640
v -0.00976181 -0.17678550 -0.11609020
v -0.00836784 -0.17676450 -0.11619910
v 0.01042139 -0.28048801 -0.04952824
v -0.08423298 -0.28339660 -0.02285778
v -0.08484166 -0.28157771 -0.02421873
v -0.07433629 -0.28157771 -0.02823698
v -0.00805253 -0.08529996 -0.09666508
v -0.00322485 -0.07999998 -0.08686274
v -0.00042230 -0.08529996 -0.09699904
v -0.00805253 -0.08529996 -0.09666508
v -0.00042230 -0.08529996 -0.09699904
v -0.00590861 -0.12310000 -0.11134330
v -0.00805253 -0.08529996 -0.09666508
v -0.00802016 -0.07999998 -0.08655184
v -0.00322485 -0.07999998 -0.08686274
v -0.00805253 -0.08529996 -0.09666508
v -0.00845408 -0.08529996 -0.09663087
v -0.00802016 -0.07999998 -0.08655184
v 0.01835227 -0.12310000 -0.10997930
v 0.01984721 -0.12310000 -0.10971930
v 0.01863229 -0.13959990 -0.11500040
v 0.01835227 -0.12310000 -0.10997930
v 0.01863229 -0.13959990 -0.11500040
v 0.01131242 -0.12310000 -0.11092460
v 0.01835227 -0.12310000 -0.10997930
v 0.01131242 -0.12310000 -0.11092460
v 0.01479858 -0.08529996 -0.09586447
v 0.01835227 -0.12310000 -0.10997930
v 0.01479858 -0.08529996 -0.09586447
v 0.01684385 -0.08529996 -0.09552633
v 0.01835227 -0.12310000 -0.10997930
v 0.01684385 -0.08529996 -0.09552633
v 0.01984721 -0.12310000 -0.10971930
v 0.00270998 -0.12310000 -0.11146700
v 0.00934625 -0.13959990 -0.11612450
v 0.00000000 -0.13959990 -0.11650000
v -0.03317588 -0.08529996 -0.09115016
v -0.03620398 -0.12310000 -0.10545860
v -0.09079098 -0.14060000 -0.09304296
v -0.03317588 -0.08529996 -0.09115016
v -0.03045624 -0.08529996 -0.09209460
v -0.03620398 -0.12310000 -0.10545860
v -0.03317588 -0.08529996 -0.09115016
v -0.09079098 -0.14060000 -0.09304296
v -0.03760743 -0.08529996 -0.08941292
v -0.03317588 -0.08529996 -0.09115016
v -0.02741366 -0.07999998 -0.08248656
v -0.03045624 -0.08529996 -0.09209460
v -0.03134804 -0.12310000 -0.10700260
v -0.02856117 -0.13959990 -0.11294470
v -0.03777819 -0.13959990 -0.11020460
v -0.03134804 -0.12310000 -0.10700260
v -0.03777819 -0.13959990 -0.11020460
v -0.03620398 -0.12310000 -0.10545860
v -0.03134804 -0.12310000 -0.10700260
v -0.03620398 -0.12310000 -0.10545860
v -0.03045624 -0.08529996 -0.09209460
v -0.03134804 -0.12310000 -0.10700260
v -0.03045624 -0.08529996 -0.09209460
v -0.02510541 -0.08529996 -0.09369480
v -0.01563286 -0.08529996 -0.09573191
v -0.00845408 -0.08529996 -0.09663087
v -0.01449203 -0.12310000 -0.11055410
v -0.01563286 -0.08529996 -0.09573191
v -0.01684385 -0.08529996 -0.09552633
v -0.01597195 -0.07999998 -0.08544260
v -0.04452550 -0.08529996 -0.08617693
v -0.09079098 -0.14060000 -0.09304296
v -0.09489953 -0.13709991 -0.08884859
v 0.07638901 -0.18210021 -0.08796012
v 0.07691270 -0.18218420 -0.08750247
v 0.01070678 -0.28286880 -0.04790985
v 0.07638901 -0.18210021 -0.08796012
v 0.01070678 -0.28286880 -0.04790985
v 0.07293409 -0.18157130 -0.09084516
v 0.07638901 -0.18210021 -0.08796012
v 0.07706379 -0.13959990 -0.08736938
v 0.07691270 -0.18218420 -0.08750247
v 0.07638901 -0.18210021 -0.08796012
v 0.07293409 -0.18157130 -0.09084516
v 0.07706379 -0.13959990 -0.08736938
v 0.06569582 -0.18057790 -0.09620988
v 0.06935936 -0.18106221 -0.09360301
v 0.01070678 -0.28286880 -0.04790985
v 0.06569582 -0.18057790 -0.09620988
v 0.01070678 -0.28286880 -0.04790985
v 0.06473261 -0.18045650 -0.09686040
v 0.06569582 -0.18057790 -0.09620988
v 0.06473261 -0.18045650 -0.09686040
v 0.06209850 -0.13959990 -0.09856986
v 0.08652806 -0.18389720 -0.07800728
v 0.08891516 -0.18438260 -0.07527512
v 0.01108276 -0.28478709 -0.04577744
v 0.08652806 -0.18389720 -0.07800728
v 0.01108276 -0.28478709 -0.04577744
v 0.08597451 -0.18378820 -0.07861691
v 0.08652806 -0.18389720 -0.07800728
v 0.09004515 -0.13959990 -0.07391965
v 0.08891516 -0.18438260 -0.07527512
v 0.08652806 -0.18389720 -0.07800728
v 0.08597451 -0.18378820 -0.07861691
v 0.08382469 -0.13959990 -0.08090525
v 0.08652806 -0.18389720 -0.07800728
v 0.08382469 -0.13959990 -0.08090525
v 0.09004515 -0.13959990 -0.07391965
v 0.08336919 -0.18329440 -0.08137458
v 0.08597451 -0.18378820 -0.07861691
v 0.01108276 -0.28478709 -0.04577744
v 0.08336919 -0.18329440 -0.08137458
v 0.01108276 -0.28478709 -0.04577744
v 0.08290696 -0.18320930 -0.08184546
v 0.08336919 -0.18329440 -0.08137458
v 0.08290696 -0.18320930 -0.08184546
v 0.08382469 -0.13959990 -0.08090525
v 0.08336919 -0.18329440 -0.08137458
v 0.08382469 -0.13959990 -0.08090525
v 0.08597451 -0.18378820 -0.07861691
v 0.05908662 -0.17979240 -0.10040430
v 0.06194698 -0.18011890 -0.09866535
v 0.01070678 -0.28286880 -0.04790985
v 0.05908662 -0.17979240 -0.10040430
v 0.01070678 -0.28286880 -0.04790985
v 0.05811357 -0.17968570 -0.10097060
v 0.05908662 -0.17979240 -0.10040430
v 0.05811357 -0.17968570 -0.10097060
v 0.06209850 -0.13959990 -0.09856986
v 0.05908662 -0.17979240 -0.10040430
v 0.06209850 -0.13959990 -0.09856986
v 0.06194698 -0.18011890 -0.09866535
v 0.05419623 -0.17927840 -0.10312610
v 0.05811357 -0.17968570 -0.10097060
v 0.01070678 -0.28286880 -0.04790985
v 0.05419623 -0.17927840 -0.10312610
v 0.01070678 -0.28286880 -0.04790985
v 0.05337256 -0.17919740 -0.10355490
v 0.05419623 -0.17927840 -0.10312610
v 0.05399054 -0.13959990 -0.10323410
v 0.05811357 -0.17968570 -0.10097060
v 0.05419623 -0.17927840 -0.10312610
v 0.05337256 -0.17919740 -0.10355490
v 0.05399054 -0.13959990 -0.10323410
v 0.05000239 -0.17888010 -0.10522360
v 0.05337256 -0.17919740 -0.10355490
v 0.01070678 -0.28286880 -0.04790985
v 0.05000239 -0.17888010 -0.10522360
v 0.01070678 -0.28286880 -0.04790985
v 0.04904532 -0.17879491 -0.10567310
v 0.05000239 -0.17888010 -0.10522360
v 0.05399054 -0.13959990 -0.10323410
v 0.05337256 -0.17919740 -0.10355490
v 0.05000239 -0.17888010 -0.10522360
v 0.04904532 -0.17879491 -0.10567310
v 0.04553449 -0.13959990 -0.10723270
v 0.05000239 -0.17888010 -0.10522360
v 0.04553449 -0.13959990 -0.10723270
v 0.05399054 -0.13959990 -0.10323410
v 0.04571551 -0.17851150 -0.10715580
v 0.04904532 -0.17879491 -0.10567310
v 0.01070678 -0.28286880 -0.04790985
v 0.04571551 -0.17851150 -0.10715580
v 0.01070678 -0.28286880 -0.04790985
v 0.04468518 -0.17842899 -0.10758940
v 0.04571551 -0.17851150 -0.10715580
v 0.04468518 -0.17842899 -0.10758940
v 0.04553449 -0.13959990 -0.10723270
v 0.04571551 -0.17851150 -0.10715580
v 0.04553449 -0.13959990 -0.10723270
v 0.04904532 -0.17879491 -0.10567310
v 0.03587806 -0.17780480 -0.11083780
v 0.03686004 -0.17786670 -0.11051490
v 0.01070678 -0.28286880 -0.04790985
v 0.03587806 -0.17780480 -0.11083780
v 0.01070678 -0.28286880 -0.04790985
v 0.03233319 -0.17759490 -0.11192330
v 0.03587806 -0.17780480 -0.11083780
v 0.03678494 -0.13959990 -0.11054010
v 0.03686004 -0.17786670 -0.11051490
v 0.03587806 -0.17780480 -0.11083780
v 0.03233319 -0.17759490 -0.11192330
v 0.03678494 -0.13959990 -0.11054010
v 0.02779817 -0.13959990 -0.11313490
v 0.02777522 -0.17735919 -0.11314060
v 0.02697861 -0.17732170 -0.11333310
v 0.02779817 -0.13959990 -0.11313490
v 0.02318459 -0.17715950 -0.11416970
v 0.01863229 -0.13959990 -0.11500040
v 0.02779817 -0.13959990 -0.11313490
v 0.02697861 -0.17732170 -0.11333310
v 0.02318459 -0.17715950 -0.11416970
v 0.02779817 -0.13959990 -0.11313490
v 0.03678494 -0.13959990 -0.11054010
v 0.03233319 -0.17759490 -0.11192330
v 0.02779817 -0.13959990 -0.11313490
v 0.03233319 -0.17759490 -0.11192330
v 0.02777522 -0.17735919 -0.11314060
v 0.02779817 -0.13959990 -0.11313490
v 0.01863229 -0.13959990 -0.11500040
v 0.01984721 -0.12310000 -0.10971930
v 0.01856070 -0.17699569 -0.11501190
v 0.01801633 -0.17697850 -0.11509840
v 0.01863229 -0.13959990 -0.11500040
v 0.01856070 -0.17699569 -0.11501190
v 0.01863229 -0.13959990 -0.11500040
v 0.02318459 -0.17715950 -0.11416970
v 0.01856070 -0.17699569 -0.11501190
v 0.01042139 -0.28048801 -0.04952824
v 0.01801633 -0.17697850 -0.11509840
v 0.01856070 -0.17699569 -0.11501190
v 0.02318459 -0.17715950 -0.11416970
v 0.01042139 -0.28048801 -0.04952824
v 0.00000000 -0.17670549 -0.11650000
v -0.00026184 -0.17670549 -0.11649960
v 0.00000000 -0.13959990 -0.11650000
v 0.00000000 -0.17670549 -0.11650000
v 0.00000000 -0.13959990 -0.11650000
v 0.00449335 -0.17672241 -0.11641330
v 0.00000000 -0.17670549 -0.11650000
v 0.01042139 -0.28048801 -0.04952824
v -0.00026184 -0.17670549 -0.11649960
v 0.00000000 -0.17670549 -0.11650000
v 0.00449335 -0.17672241 -0.11641330
v 0.01042139 -0.28048801 -0.04952824
v 0.05563688 -0.08529996 -0.07945770
v 0.04575884 -0.07999998 -0.07390314
v 0.05085605 -0.07999998 -0.07049262
v 0.05563688 -0.08529996 -0.07945770
v 0.05085605 -0.07999998 -0.07049262
v 0.05680996 -0.08529996 -0.07862329
v 0.04397130 -0.07999998 -0.07498043
v 0.04850000 -0.08529996 -0.08400446
v 0.03874474 -0.07999998 -0.07780992
v 0.03412693 -0.06249994 0.78953308
v 0.05085605 -0.07999998 -0.07049262
v 0.04575884 -0.07999998 -0.07390314
v 0.04099398 -0.08529996 -0.08791184
v 0.03874474 -0.07999998 -0.07780992
v 0.04377347 -0.08529996 -0.08656138
v 0.04099398 -0.08529996 -0.08791184
v 0.04478901 -0.12310000 -0.10210870
v 0.03682738 -0.08529996 -0.08973699
v 0.05975335 -0.12310000 -0.09413701
v 0.05306810 -0.12310000 -0.09806132
v 0.04850000 -0.08529996 -0.08400446
v 0.05975335 -0.12310000 -0.09413701
v 0.06098467 -0.12310000 -0.09334403
v 0.06209850 -0.13959990 -0.09856986
v 0.05975335 -0.12310000 -0.09413701
v 0.06209850 -0.13959990 -0.09856986
v 0.05306810 -0.12310000 -0.09806132
v 0.06848472 -0.12310000 -0.08798915
v 0.05680996 -0.08529996 -0.07862329
v 0.06235039 -0.08529996 -0.07430630
v 0.02122169 -0.07999998 -0.08429223
v 0.02378749 -0.07999998 -0.08360439
v 0.02510541 -0.08529996 -0.09369480
v 0.02965301 -0.08529996 -0.09235632
v 0.02510541 -0.08529996 -0.09369480
v 0.02378749 -0.07999998 -0.08360439
v 0.02826339 -0.12310000 -0.10785840
v 0.02965301 -0.08529996 -0.09235632
v 0.03620398 -0.12310000 -0.10545860
v 0.02826339 -0.12310000 -0.10785840
v 0.02510541 -0.08529996 -0.09369480
v 0.02965301 -0.08529996 -0.09235632
v 0.02826339 -0.12310000 -0.10785840
v 0.03620398 -0.12310000 -0.10545860
v 0.03678494 -0.13959990 -0.11054010
v 0.02826339 -0.12310000 -0.10785840
v 0.03678494 -0.13959990 -0.11054010
v 0.02779817 -0.13959990 -0.11313490
v 0.00000000 -0.07999998 -0.08692264
v -0.00042230 -0.08529996 -0.09699904
v -0.00322485 -0.07999998 -0.08686274
v 0.03651070 -0.12310000 -0.10535280
v 0.03678494 -0.13959990 -0.11054010
v 0.03620398 -0.12310000 -0.10545860
v 0.03651070 -0.12310000 -0.10535280
v 0.04553449 -0.13959990 -0.10723270
v 0.03678494 -0.13959990 -0.11054010
v 0.00921512 -0.17677671 -0.11613510
v 0.00934625 -0.13959990 -0.11612450
v 0.01390403 -0.17686801 -0.11566740
v 0.00921512 -0.17677671 -0.11613510
v 0.00901788 -0.17677400 -0.11615040
v 0.00934625 -0.13959990 -0.11612450
v 0.00921512 -0.17677671 -0.11613510
v 0.01042139 -0.28048801 -0.04952824
v 0.00901788 -0.17677400 -0.11615040
v 0.00921512 -0.17677671 -0.11613510
v 0.01390403 -0.17686801 -0.11566740
v 0.01042139 -0.28048801 -0.04952824
v 0.05230289 -0.12310000 -0.09847152
v 0.04377347 -0.08529996 -0.08656138
v 0.05306810 -0.12310000 -0.09806132
v 0.05230289 -0.12310000 -0.09847152
v 0.04099398 -0.08529996 -0.08791184
v 0.04377347 -0.08529996 -0.08656138
v 0.05230289 -0.12310000 -0.09847152
v 0.04478901 -0.12310000 -0.10210870
v 0.04099398 -0.08529996 -0.08791184
v 0.05230289 -0.12310000 -0.09847152
v 0.05399054 -0.13959990 -0.10323410
v 0.04478901 -0.12310000 -0.10210870
v 0.05230289 -0.12310000 -0.09847152
v 0.05306810 -0.12310000 -0.09806132
v 0.05399054 -0.13959990 -0.10323410
v -0.17551690 -0.28919601 0.27818221
v -0.14481010 -0.28339660 0.03983730
v -0.17380340 -0.29084989 0.27835980
v -0.14629170 -0.28157771 0.03966450
v -0.14501700 -0.28157771 0.03355640
v -0.14481010 -0.28339660 0.03983730
v -0.14629170 -0.28157771 0.03966450
v -0.17551690 -0.28919601 0.27818221
v -0.17684940 -0.28727460 0.27805650
v -0.14629170 -0.28157771 0.03966450
v -0.14481010 -0.28339660 0.03983730
v -0.17551690 -0.28919601 0.27818221
v -0.14895549 -0.27725229 0.04570519
v -0.17825390 -0.28313729 0.27796501
v -0.14918651 -0.27491131 0.04569298
v -0.14895549 -0.27725229 0.04570519
v -0.14918651 -0.27491131 0.04569298
v -0.14830101 -0.27491131 0.03943014
v -0.17775920 -0.28521341 0.27798519
v -0.17825390 -0.28313729 0.27796501
v -0.14895549 -0.27725229 0.04570519
v -0.18892489 -0.16535850 0.36607781
v -0.18896140 -0.15761970 0.36987591
v -0.18879239 -0.15799980 0.35717589
v -0.18273550 -0.28954181 0.36866730
v -0.18132970 -0.29089051 0.38557389
v -0.18305141 -0.28923640 0.38552451
v -0.16534600 -0.15995620 0.14236380
v -0.16649440 -0.16001400 0.14813609
v -0.11382560 -0.13709991 -0.06279903
v -0.16534600 -0.15995620 0.14236380
v -0.11382560 -0.13709991 -0.06279903
v -0.11654510 -0.14060000 -0.05759549
v -0.16534600 -0.15995620 0.14236380
v -0.11654510 -0.14060000 -0.05759549
v -0.16032970 -0.15965550 0.11870240
v -0.16534600 -0.15995620 0.14236380
v -0.16032970 -0.15965550 0.11870240
v -0.14700329 -0.27491131 0.03317463
v -0.16534600 -0.15995620 0.14236380
v -0.14830101 -0.27491131 0.03943014
v -0.16649440 -0.16001400 0.14813609
v -0.16534600 -0.15995620 0.14236380
v -0.14700329 -0.27491131 0.03317463
v -0.14830101 -0.27491131 0.03943014
v -0.11654510 -0.14259990 -0.05759549
v -0.11654510 -0.14060000 -0.05759549
v -0.11382560 -0.13709991 -0.06279903
v -0.11654510 -0.14259990 -0.05759549
v -0.11382560 -0.13709991 -0.06279903
v -0.11264000 -0.14759991 -0.06490170
v 0.00709128 -0.28682381 -0.03962045
v 0.00693595 -0.28668001 -0.04050135
v 0.01201534 -0.28682381 -0.04048866
v 0.00709128 -0.28682381 -0.03962045
v -0.01154500 -0.28668001 -0.03709453
v 0.00693595 -0.28668001 -0.04050135
v 0.00709128 -0.28682381 -0.03962045
v -0.02103197 -0.28668001 -0.03516173
v -0.01154500 -0.28668001 -0.03709453
v 0.00709128 -0.28682381 -0.03962045
v -0.02051776 -0.28691131 -0.03287923
v -0.02103197 -0.28668001 -0.03516173
v 0.00734246 -0.28691131 -0.03819596
v 0.00709128 -0.28682381 -0.03962045
v 0.01201534 -0.28682381 -0.04048866
v 0.00734246 -0.28691131 -0.03819596
v 0.01201534 -0.28682381 -0.04048866
v -0.16799910 -0.29373220 0.30330169
v 0.11589090 -0.19472989 -0.01189619
v 0.11591350 -0.19476300 -0.01167517
v 0.01201534 -0.28682381 -0.04048866
v 0.11589090 -0.19472989 -0.01189619
v 0.01201534 -0.28682381 -0.04048866
v 0.11540430 -0.19412170 -0.01594215
v 0.11589090 -0.19472989 -0.01189619
v 0.11540430 -0.19412170 -0.01594215
v 0.11558840 -0.13959990 -0.01454567
v 0.11589090 -0.19472989 -0.01189619
v 0.11558840 -0.13959990 -0.01454567
v 0.11591350 -0.19476300 -0.01167517
v 0.11630820 -0.19550340 -0.00668108
v 0.11643870 -0.19592930 -0.00377536
v 0.01201534 -0.28682381 -0.04048866
v 0.11630820 -0.19550340 -0.00668108
v 0.01201534 -0.28682381 -0.04048866
v 0.11623560 -0.19533250 -0.00784016
v 0.11630820 -0.19550340 -0.00668108
v 0.11623560 -0.19533250 -0.00784016
v 0.11638270 -0.13959990 -0.00522566
v 0.11630820 -0.19550340 -0.00668108
v 0.11638270 -0.13959990 -0.00522566
v 0.11643870 -0.19592930 -0.00377536
v -0.17132390 -0.29386771 0.31559059
v -0.16799910 -0.29373220 0.30330169
v -0.16919909 -0.29385319 0.31579229
v -0.17132390 -0.29386771 0.31559059
v -0.17012230 -0.29374650 0.30308521
v -0.16799910 -0.29373220 0.30330169
v -0.17132390 -0.29386771 0.31559059
v -0.16919909 -0.29385319 0.31579229
v -0.17238040 -0.29393339 0.32819989
v -0.17110370 -0.29392511 0.34037501
v -0.17025390 -0.29391870 0.32838491
v 0.01251763 -0.28682381 -0.03763973
v -0.17110370 -0.29392511 0.34037501
v 0.01251763 -0.28682381 -0.03763973
v -0.17179590 -0.29387310 0.35242751
v -0.17110370 -0.29392511 0.34037501
v -0.17179590 -0.29387310 0.35242751
v -0.17392761 -0.29388791 0.35232010
v -0.06054919 -0.28691131 -0.02237808
v -0.06132221 -0.28668001 -0.02458637
v -0.05128002 -0.28668001 -0.02763336
v -0.06054919 -0.28691131 -0.02237808
v -0.07068741 -0.28691131 -0.01895558
v -0.06132221 -0.28668001 -0.02458637
v -0.06054919 -0.28691131 -0.02237808
v -0.16435540 -0.29283679 0.25567681
v -0.07068741 -0.28691131 -0.01895558
v -0.08077067 -0.28691131 -0.01511633
v -0.07154357 -0.28668001 -0.02113336
v -0.07068741 -0.28691131 -0.01895558
v -0.08077067 -0.28691131 -0.01511633
v -0.07068741 -0.28691131 -0.01895558
v -0.16435540 -0.29283679 0.25567681
v -0.08077067 -0.28691131 -0.01511633
v -0.16435540 -0.29283679 0.25567681
v -0.08572256 -0.28691131 -0.01303464
v -0.09530836 -0.28691131 -0.00853580
v -0.16435540 -0.29283679 0.25567681
v -0.09988647 -0.28691131 -0.00611377
v -0.01240706 -0.28488830 -0.04133170
v -0.01199370 -0.28599790 -0.03929984
v -0.02152651 -0.28599790 -0.03735685
v -0.01240706 -0.28488830 -0.04133170
v -0.01276952 -0.28339660 -0.04311347
v 0.00615871 -0.28478709 -0.04490917
v -0.06275051 -0.28488830 -0.02866673
v -0.06335115 -0.28339660 -0.03038251
v -0.05312466 -0.28339660 -0.03348988
v -0.04460895 -0.28488830 -0.03397238
v -0.04511493 -0.28339660 -0.03571820
v -0.03733843 -0.28339660 -0.03771901
v -0.04460895 -0.28488830 -0.03397238
v -0.04403191 -0.28599790 -0.03198146
v -0.05195593 -0.28599790 -0.02977913
v 0.00654501 -0.28599790 -0.04271841
v 0.00660354 -0.28613150 -0.04238659
v -0.01199370 -0.28599790 -0.03929984
v 0.00654501 -0.28599790 -0.04271841
v 0.01108276 -0.28478709 -0.04577744
v 0.01152753 -0.28613150 -0.04325485
v 0.00654501 -0.28599790 -0.04271841
v 0.01152753 -0.28613150 -0.04325485
v 0.00660354 -0.28613150 -0.04238659
v -0.05057722 -0.28691131 -0.02540206
v -0.04340565 -0.28668001 -0.02982062
v -0.04275441 -0.28691131 -0.02757370
v -0.05057722 -0.28691131 -0.02540206
v -0.05128002 -0.28668001 -0.02763336
v -0.04340565 -0.28668001 -0.02982062
v -0.05057722 -0.28691131 -0.02540206
v -0.06054919 -0.28691131 -0.02237808
v -0.05128002 -0.28668001 -0.02763336
v -0.05057722 -0.28691131 -0.02540206
v -0.04275441 -0.28691131 -0.02757370
v -0.16435540 -0.29283679 0.25567681
v -0.05057722 -0.28691131 -0.02540206
v -0.16435540 -0.29283679 0.25567681
v -0.06054919 -0.28691131 -0.02237808
v 0.10956390 -0.19042329 -0.03959792
v 0.11060000 -0.19090450 -0.03660482
v 0.01152753 -0.28613150 -0.04325485
v 0.10956390 -0.19042329 -0.03959792
v 0.01152753 -0.28613150 -0.04325485
v 0.10912240 -0.19022880 -0.04079878
v 0.10877880 -0.13959990 -0.04170626
v 0.10748870 -0.18955630 -0.04492670
v 0.10691760 -0.18933579 -0.04626965
v 0.10877880 -0.13959990 -0.04170626
v 0.10691760 -0.18933579 -0.04626965
v 0.10508230 -0.13959990 -0.05029863
v 0.10877880 -0.13959990 -0.04170626
v 0.10912240 -0.19022880 -0.04079878
v 0.10748870 -0.18955630 -0.04492670
v 0.10877880 -0.13959990 -0.04170626
v 0.10956390 -0.19042329 -0.03959792
v 0.10912240 -0.19022880 -0.04079878
v 0.10877880 -0.13959990 -0.04170626
v 0.10545860 -0.12309990 -0.03620398
v 0.11177410 -0.13959990 -0.03284496
v 0.10877880 -0.13959990 -0.04170626
v 0.11177410 -0.13959990 -0.03284496
v 0.11060000 -0.19090450 -0.03660482
v 0.10877880 -0.13959990 -0.04170626
v 0.11060000 -0.19090450 -0.03660482
v 0.10956390 -0.19042329 -0.03959792
v 0.10877880 -0.13959990 -0.04170626
v 0.10508230 -0.13959990 -0.05029863
v 0.10210870 -0.12309990 -0.04478901
v 0.10426480 -0.18839119 -0.05197209
v 0.10569930 -0.18888710 -0.04898887
v 0.01152753 -0.28613150 -0.04325485
v 0.10426480 -0.18839119 -0.05197209
v 0.01152753 -0.28613150 -0.04325485
v 0.10375390 -0.18822190 -0.05298495
v 0.10426480 -0.18839119 -0.05197209
v 0.10375390 -0.18822190 -0.05298495
v 0.10508230 -0.13959990 -0.05029863
v 0.10426480 -0.18839119 -0.05197209
v 0.10508230 -0.13959990 -0.05029863
v 0.10569930 -0.18888710 -0.04898887
v 0.08963751 -0.18453500 -0.07441341
v 0.09172856 -0.18499200 -0.07182025
v 0.01108276 -0.28478709 -0.04577744
v 0.08963751 -0.18453500 -0.07441341
v 0.01108276 -0.28478709 -0.04577744
v 0.08891516 -0.18438260 -0.07527512
v 0.08963751 -0.18453500 -0.07441341
v 0.09004515 -0.13959990 -0.07391965
v 0.09172856 -0.18499200 -0.07182025
v 0.08963751 -0.18453500 -0.07441341
v 0.08891516 -0.18438260 -0.07527512
v 0.09004515 -0.13959990 -0.07391965
v 0.08798915 -0.12309990 -0.06848472
v 0.09083831 -0.12309990 -0.06465780
v 0.09568518 -0.13959990 -0.06645745
v 0.08798915 -0.12309990 -0.06848472
v 0.09568518 -0.13959990 -0.06645745
v 0.09004515 -0.13959990 -0.07391965
v 0.08798915 -0.12309990 -0.06848472
v 0.07837522 -0.08529996 -0.05715167
v 0.09083831 -0.12309990 -0.06465780
v 0.09556156 -0.12309990 -0.05744761
v 0.09806132 -0.12309990 -0.05306810
v 0.10070840 -0.13959990 -0.05856680
v 0.09556156 -0.12309990 -0.05744761
v 0.10070840 -0.13959990 -0.05856680
v 0.09334403 -0.12309990 -0.06098467
v 0.09556156 -0.12309990 -0.05744761
v 0.08400446 -0.08529996 -0.04850000
v 0.09806132 -0.12309990 -0.05306810
v 0.08262878 -0.08529996 -0.05080825
v 0.09334403 -0.12309990 -0.06098467
v 0.07945775 -0.08529996 -0.05563688
v 0.08262878 -0.08529996 -0.05080825
v 0.07945775 -0.08529996 -0.05563688
v 0.07329750 -0.07999998 -0.04672276
v 0.08262878 -0.08529996 -0.05080825
v 0.09556156 -0.12309990 -0.05744761
v 0.09334403 -0.12309990 -0.06098467
v 0.08262878 -0.08529996 -0.05080825
v 0.08400446 -0.08529996 -0.04850000
v 0.09556156 -0.12309990 -0.05744761
v -0.11942760 -0.27950349 -0.00671357
v -0.12360660 -0.27950349 -0.00337803
v -0.07778614 -0.18232530 -0.08672696
v -0.07424980 -0.18176830 -0.08977305
v -0.07778614 -0.18232530 -0.08672696
v -0.09653288 -0.14759991 -0.08707118
v -0.07424980 -0.18176830 -0.08977305
v -0.11942760 -0.27950349 -0.00671357
v -0.07778614 -0.18232530 -0.08672696
v -0.04191970 -0.17821629 -0.10869670
v -0.04626041 -0.17855629 -0.10692160
v -0.09079098 -0.14259990 -0.09304296
v -0.04191970 -0.17821629 -0.10869670
v -0.06384372 -0.28157771 -0.03178972
v -0.07433629 -0.28157771 -0.02823698
v -0.04191970 -0.17821629 -0.10869670
v -0.07433629 -0.28157771 -0.02823698
v -0.04626041 -0.17855629 -0.10692160
v -0.04957985 -0.17884231 -0.10542330
v -0.05053156 -0.17892820 -0.10497060
v -0.09079098 -0.14259990 -0.09304296
v -0.04957985 -0.17884231 -0.10542330
v -0.09079098 -0.14259990 -0.09304296
v -0.04626041 -0.17855629 -0.10692160
v -0.04957985 -0.17884231 -0.10542330
v -0.04626041 -0.17855629 -0.10692160
v -0.08484166 -0.28157771 -0.02421873
v -0.04957985 -0.17884231 -0.10542330
v -0.08484166 -0.28157771 -0.02421873
v -0.05053156 -0.17892820 -0.10497060
v -0.07921469 -0.18256260 -0.08542406
v -0.12360660 -0.27950349 -0.00337803
v -0.09653288 -0.14759991 -0.08707118
v -0.07921469 -0.18256260 -0.08542406
v -0.09653288 -0.14759991 -0.08707118
v -0.07778614 -0.18232530 -0.08672696
v -0.07921469 -0.18256260 -0.08542406
v -0.07778614 -0.18232530 -0.08672696
v -0.12360660 -0.27950349 -0.00337803
v -0.12752309 -0.27950349 0.00017820
v -0.09653288 -0.14759991 -0.08707118
v -0.12360660 -0.27950349 -0.00337803
v -0.13339721 -0.27950349 0.00667727
v -0.13394770 -0.27725229 0.00627518
v -0.13167040 -0.27725229 0.00354379
v -0.07236689 -0.28599790 -0.02322763
v -0.06206560 -0.28599790 -0.02671009
v -0.07154357 -0.28668001 -0.02113336
v -0.07236689 -0.28599790 -0.02322763
v -0.06275051 -0.28488830 -0.02866673
v -0.06206560 -0.28599790 -0.02671009
v -0.09944194 -0.28339660 -0.01593929
v -0.10428680 -0.28339660 -0.01336240
v -0.10016860 -0.28157771 -0.01724082
v -0.09944194 -0.28339660 -0.01593929
v -0.10016860 -0.28157771 -0.01724082
v -0.09515148 -0.28157771 -0.01970010
v -0.11436480 -0.28157771 -0.00895417
v -0.11041460 -0.27950349 -0.01280140
v -0.10980110 -0.28157771 -0.01187783
v -0.11436480 -0.28157771 -0.00895417
v -0.11502000 -0.27950349 -0.00984854
v -0.11041460 -0.27950349 -0.01280140
v -0.11436480 -0.28157771 -0.00895417
v -0.10980110 -0.28157771 -0.01187783
v -0.11348380 -0.28339660 -0.00775170
v -0.10897610 -0.28339660 -0.01063621
v -0.10506040 -0.28157771 -0.01463669
v -0.10428680 -0.28339660 -0.01336240
v -0.10897610 -0.28339660 -0.01063621
v -0.10980110 -0.28157771 -0.01187783
v -0.10506040 -0.28157771 -0.01463669
v -0.10897610 -0.28339660 -0.01063621
v -0.11348380 -0.28339660 -0.00775170
v -0.10980110 -0.28157771 -0.01187783
v -0.10897610 -0.28339660 -0.01063621
v -0.10428680 -0.28339660 -0.01336240
v -0.10797030 -0.28488830 -0.00912225
v -0.06543028 -0.18054420 -0.09639048
v -0.06289923 -0.18023220 -0.09806090
v -0.11041460 -0.27950349 -0.01280140
v -0.06543028 -0.18054420 -0.09639048
v -0.11041460 -0.27950349 -0.01280140
v -0.06680732 -0.18072100 -0.09544128
v -0.06543028 -0.18054420 -0.09639048
v -0.06680732 -0.18072100 -0.09544128
v -0.09079098 -0.14259990 -0.09304296
v -0.06543028 -0.18054420 -0.09639048
v -0.09079098 -0.14259990 -0.09304296
v -0.06289923 -0.18023220 -0.09806090
v -0.05756843 -0.17962690 -0.10128240
v -0.05886417 -0.17976780 -0.10053470
v -0.09079098 -0.14259990 -0.09304296
v -0.05756843 -0.17962690 -0.10128240
v -0.09079098 -0.14259990 -0.09304296
v -0.05473268 -0.17933211 -0.10284250
v -0.05756843 -0.17962690 -0.10128240
v -0.10016860 -0.28157771 -0.01724082
v -0.05886417 -0.17976780 -0.10053470
v -0.05756843 -0.17962690 -0.10128240
v -0.05473268 -0.17933211 -0.10284250
v -0.09515148 -0.28157771 -0.01970010
v -0.05756843 -0.17962690 -0.10128240
v -0.09515148 -0.28157771 -0.01970010
v -0.10016860 -0.28157771 -0.01724082
v -0.13795529 -0.27725229 0.01195549
v -0.11264000 -0.14759991 -0.06490170
v -0.10779600 -0.14759991 -0.07266372
v -0.13795529 -0.27725229 0.01195549
v -0.10779600 -0.14759991 -0.07266372
v -0.13604151 -0.27725229 0.00908214
v 0.07899105 -0.09539991 0.85551339
v 0.08339661 -0.10890000 0.85884809
v 0.08482271 -0.10890000 0.85074008
v 0.07899105 -0.09539991 0.85551339
v 0.08482271 -0.10890000 0.85074008
v 0.06863665 -0.06469994 0.84707159
v 0.08403271 -0.16442290 0.85577178
v 0.08339661 -0.10890000 0.85884809
v 0.08402973 -0.16441920 0.85578841
v 0.08403271 -0.16442290 0.85577178
v 0.08482271 -0.10890000 0.85074008
v 0.08339661 -0.10890000 0.85884809
v 0.08403271 -0.16442290 0.85577178
v 0.08468955 -0.16531220 0.85174429
v 0.08482271 -0.10890000 0.85074008
v 0.08403271 -0.16442290 0.85577178
v 0.08402973 -0.16441920 0.85578841
v 0.00718641 -0.24088950 0.85479188
v 0.08403271 -0.16442290 0.85577178
v 0.00718641 -0.24088950 0.85479188
v 0.08468955 -0.16531220 0.85174429
v 0.05481588 -0.15280890 0.90561610
v 0.05157476 -0.15217771 0.90819311
v 0.00672293 -0.23826090 0.85987759
v 0.05481588 -0.15280890 0.90561610
v 0.00672293 -0.23826090 0.85987759
v 0.05490142 -0.15282600 0.90554482
v 0.05481588 -0.15280890 0.90561610
v 0.05490142 -0.15282600 0.90554482
v 0.05337947 -0.10890000 0.90678990
v 0.05481588 -0.15280890 0.90561610
v 0.05337947 -0.10890000 0.90678990
v 0.05157476 -0.15217771 0.90819311
v 0.05755549 -0.15339109 0.90322691
v 0.05490142 -0.15282600 0.90554482
v 0.00672293 -0.23826090 0.85987759
v 0.05755549 -0.15339109 0.90322691
v 0.05955547 -0.10890000 0.90134662
v 0.05337947 -0.10890000 0.90678990
v 0.05755549 -0.15339109 0.90322691
v 0.05337947 -0.10890000 0.90678990
v 0.05490142 -0.15282600 0.90554482
v 0.04475808 -0.15102920 0.91284901
v 0.04453867 -0.15099581 0.91298348
v 0.00672293 -0.23826090 0.85987759
v 0.04475808 -0.15102920 0.91284901
v 0.04670858 -0.10890000 0.91161400
v 0.04453867 -0.15099581 0.91298348
v 0.00634694 -0.23612840 0.86179602
v 0.00672293 -0.23826090 0.85987759
v 0.04453867 -0.15099581 0.91298348
v 0.00634694 -0.23612840 0.86179602
v 0.04453867 -0.15099581 0.91298348
v 0.04210543 -0.15064099 0.91441357
v 0.02519237 -0.14881781 0.92170417
v 0.02436447 -0.10890000 0.92195511
v 0.02275943 -0.14863890 0.92241520
v 0.02519237 -0.14881781 0.92170417
v 0.02275943 -0.14863890 0.92241520
v 0.00634694 -0.23612840 0.86179602
v 0.02926665 -0.14916210 0.92033511
v 0.03213351 -0.10890000 0.91923189
v 0.02436447 -0.10890000 0.92195511
v 0.02926665 -0.14916210 0.92033511
v 0.03019624 -0.14924860 0.91999030
v 0.03213351 -0.10890000 0.91923189
v 0.02926665 -0.14916210 0.92033511
v 0.02436447 -0.10890000 0.92195511
v 0.02519237 -0.14881781 0.92170417
v 0.02926665 -0.14916210 0.92033511
v 0.02519237 -0.14881781 0.92170417
v 0.00634694 -0.23612840 0.86179602
v 0.02926665 -0.14916210 0.92033511
v 0.00634694 -0.23612840 0.86179602
v 0.03019624 -0.14924860 0.91999030
v 0.03710347 -0.14998969 0.91702962
v 0.03750175 -0.15003771 0.91683668
v 0.03960460 -0.10890000 0.91577423
v 0.03710347 -0.14998969 0.91702962
v 0.03960460 -0.10890000 0.91577423
v 0.03213351 -0.10890000 0.91923189
v 0.03710347 -0.14998969 0.91702962
v 0.00634694 -0.23612840 0.86179602
v 0.03750175 -0.15003771 0.91683668
v 0.06860411 -0.15632540 0.89102668
v 0.06709378 -0.15585580 0.89299721
v 0.00672293 -0.23826090 0.85987759
v 0.06860411 -0.15632540 0.89102668
v 0.00672293 -0.23826090 0.85987759
v 0.06921064 -0.15652120 0.89020121
v 0.06860411 -0.15632540 0.89102668
v 0.06921064 -0.15652120 0.89020121
v 0.07019901 -0.10890000 0.88880938
v 0.06860411 -0.15632540 0.89102668
v 0.07019901 -0.10890000 0.88880938
v 0.06709378 -0.15585580 0.89299721
v 0.06253868 -0.15458360 0.89830232
v 0.00672293 -0.23826090 0.85987759
v 0.06394839 -0.15495650 0.89675260
v 0.06253868 -0.15458360 0.89830232
v 0.06394839 -0.15495650 0.89675260
v 0.06517934 -0.10890000 0.89533448
v 0.06253868 -0.15458360 0.89830232
v 0.06517934 -0.10890000 0.89533448
v 0.05955547 -0.10890000 0.90134662
v 0.06486970 -0.15521000 0.89569718
v 0.06394839 -0.15495650 0.89675260
v 0.00672293 -0.23826090 0.85987759
v 0.06486970 -0.15521000 0.89569718
v 0.00672293 -0.23826090 0.85987759
v 0.06709378 -0.15585580 0.89299721
v 0.06486970 -0.15521000 0.89569718
v 0.06709378 -0.15585580 0.89299721
v 0.06517934 -0.10890000 0.89533448
v 0.06486970 -0.15521000 0.89569718
v 0.06517934 -0.10890000 0.89533448
v 0.06394839 -0.15495650 0.89675260
v -0.00296050 -0.24093071 0.85865670
v 0.00700831 -0.23987930 0.85749680
v 0.00672293 -0.23826090 0.85987759
v 0.07881027 -0.16050079 0.87315363
v 0.07769042 -0.15991500 0.87569910
v 0.00700831 -0.23987930 0.85749680
v 0.07881027 -0.16050079 0.87315363
v 0.07824528 -0.10890000 0.87446642
v 0.07769042 -0.15991500 0.87569910
v 0.07712364 -0.15963569 0.87690789
v 0.07648718 -0.15933430 0.87820971
v 0.00700831 -0.23987930 0.85749680
v 0.07712364 -0.15963569 0.87690789
v 0.00700831 -0.23987930 0.85749680
v 0.07769042 -0.15991500 0.87569910
v 0.07712364 -0.15963569 0.87690789
v 0.07769042 -0.15991500 0.87569910
v 0.07824528 -0.10890000 0.87446642
v 0.07712364 -0.15963569 0.87690789
v 0.07824528 -0.10890000 0.87446642
v 0.07648718 -0.15933430 0.87820971
v 0.02116763 -0.06419992 0.90514737
v 0.01614212 -0.06469994 0.90708530
v 0.02293246 -0.06469994 0.90507770
v 0.02457869 -0.09539991 0.91665602
v 0.02436447 -0.10890000 0.92195511
v 0.03213351 -0.10890000 0.91923189
v 0.02457869 -0.09539991 0.91665602
v 0.03213351 -0.10890000 0.91923189
v 0.02293246 -0.06469994 0.90507770
v 0.02457869 -0.09539991 0.91665602
v 0.01614212 -0.06469994 0.90708530
v 0.02436447 -0.10890000 0.92195511
v 0.02457869 -0.09539991 0.91665602
v 0.02293246 -0.06469994 0.90507770
v 0.01614212 -0.06469994 0.90708530
v 0.03424996 -0.06419992 0.89932281
v 0.02948129 -0.06469994 0.90238482
v 0.03571963 -0.06469994 0.89903492
v 0.05090540 -0.06419992 0.88583553
v 0.04700607 -0.06469994 0.89051181
v 0.05193525 -0.06469994 0.88542831
v 0.00934547 -0.09539991 0.91995567
v 0.00212485 -0.06469994 0.90896732
v 0.00822288 -0.10890000 0.92510372
v 0.00934547 -0.09539991 0.91995567
v 0.00918180 -0.06469994 0.90838641
v 0.00212485 -0.06469994 0.90896732
v 0.00934547 -0.09539991 0.91995567
v 0.01636952 -0.10890000 0.92391843
v 0.00918180 -0.06469994 0.90838641
v 0.00934547 -0.09539991 0.91995567
v 0.00822288 -0.10890000 0.92510372
v 0.01636952 -0.10890000 0.92391843
v 0.00156099 -0.09539991 0.92048490
v 0.00000000 -0.10890000 0.92549998
v 0.00822288 -0.10890000 0.92510372
v 0.00156099 -0.09539991 0.92048490
v 0.00822288 -0.10890000 0.92510372
v 0.00212485 -0.06469994 0.90896732
v 0.00716019 -0.06419992 0.90812480
v 0.00212485 -0.06469994 0.90896732
v 0.00918180 -0.06469994 0.90838641
v 0.01267492 -0.14809820 0.92455530
v 0.01636952 -0.10890000 0.92391843
v 0.00822288 -0.10890000 0.92510372
v 0.01267492 -0.14809820 0.92455530
v -0.00348735 -0.23794280 0.86174017
v 0.00634694 -0.23612840 0.86179602
v 0.02105516 -0.14852481 0.92286718
v 0.02275943 -0.14863890 0.92241520
v 0.02436447 -0.10890000 0.92195511
v 0.02105516 -0.14852481 0.92286718
v 0.02436447 -0.10890000 0.92195511
v 0.01636952 -0.10890000 0.92391843
v 0.02105516 -0.14852481 0.92286718
v 0.00634694 -0.23612840 0.86179602
v 0.02275943 -0.14863890 0.92241520
v 0.01704216 -0.09539991 0.91867542
v 0.01636952 -0.10890000 0.92391843
v 0.02436447 -0.10890000 0.92195511
v 0.01704216 -0.09539991 0.91867542
v 0.02436447 -0.10890000 0.92195511
v 0.01614212 -0.06469994 0.90708530
v 0.01704216 -0.09539991 0.91867542
v 0.01614212 -0.06469994 0.90708530
v 0.00918180 -0.06469994 0.90838641
v 0.01704216 -0.09539991 0.91867542
v 0.00918180 -0.06469994 0.90838641
v 0.01636952 -0.10890000 0.92391843
v 0.00415850 -0.14788450 0.92539901
v 0.00822288 -0.10890000 0.92510372
v 0.00000000 -0.10890000 0.92549998
v 0.00415850 -0.14788450 0.92539901
v 0.00000000 -0.10890000 0.92549998
v 0.00000000 -0.14785890 0.92549998
v 0.03962683 -0.15030560 0.91576231
v 0.03960460 -0.10890000 0.91577423
v 0.03750175 -0.15003771 0.91683668
v 0.03962683 -0.15030560 0.91576231
v 0.03750175 -0.15003771 0.91683668
v 0.00634694 -0.23612840 0.86179602
v 0.11016930 -0.12309990 -0.01717460
v 0.11111920 -0.12309990 -0.00920755
v 0.11558840 -0.13959990 -0.01454567
v 0.11016930 -0.12309990 -0.01717460
v 0.11558840 -0.13959990 -0.01454567
v 0.10997930 -0.12309990 -0.01835227
v 0.11016930 -0.12309990 -0.01717460
v 0.10997930 -0.12309990 -0.01835227
v 0.09579914 -0.08529996 -0.01521575
v 0.08957582 -0.08529996 -0.03721785
v 0.08791184 -0.08529996 -0.04099392
v 0.08077567 -0.07999998 -0.03210663
v 0.08957582 -0.08529996 -0.03721785
v 0.08077567 -0.07999998 -0.03210663
v 0.08105295 -0.07999998 -0.03140008
v 0.08957582 -0.08529996 -0.03721785
v 0.10210870 -0.12309990 -0.04478901
v 0.08791184 -0.08529996 -0.04099392
v 0.08636999 -0.08529996 -0.04414993
v 0.09806132 -0.12309990 -0.05306810
v 0.08400446 -0.08529996 -0.04850000
v 0.08636999 -0.08529996 -0.04414993
v 0.08400446 -0.08529996 -0.04850000
v 0.07738244 -0.07999998 -0.03959167
v 0.05788379 -0.06249994 0.82099921
v 0.08344680 -0.07999998 -0.02433449
v 0.08105295 -0.07999998 -0.03140008
v 0.07780992 -0.07999998 -0.03874474
v 0.08077567 -0.07999998 -0.03210663
v 0.08791184 -0.08529996 -0.04099392
v 0.07780992 -0.07999998 -0.03874474
v 0.08636999 -0.08529996 -0.04414993
v 0.07738244 -0.07999998 -0.03959167
v 0.07780992 -0.07999998 -0.03874474
v 0.08791184 -0.08529996 -0.04099392
v 0.08636999 -0.08529996 -0.04414993
v 0.09369480 -0.08529996 -0.02510541
v 0.09222632 -0.08529996 -0.03005498
v 0.08344680 -0.07999998 -0.02433449
v 0.08537203 -0.07999998 -0.01634478
v 0.09552633 -0.08529996 -0.01684385
v 0.09430503 -0.08529996 -0.02270579
v 0.10851340 -0.12309990 -0.02563363
v 0.09430503 -0.08529996 -0.02270579
v 0.09552633 -0.08529996 -0.01684385
v 0.10851340 -0.12309990 -0.02563363
v 0.09552633 -0.08529996 -0.01684385
v 0.10997930 -0.12309990 -0.01835227
v 0.10851340 -0.12309990 -0.02563363
v 0.10997930 -0.12309990 -0.01835227
v 0.11404880 -0.13959990 -0.02377194
v 0.08655184 -0.07999998 -0.00802016
v 0.08692264 -0.07999998 0.00000000
v 0.09669929 -0.08529996 -0.00763148
v 0.08655184 -0.07999998 -0.00802016
v 0.06849998 -0.06419992 0.83999997
v 0.08692264 -0.07999998 0.00000000
v -0.18206330 -0.15919919 0.50836772
v -0.18114670 -0.15873060 0.51659161
v -0.18148510 -0.15125600 0.51361501
v -0.18206330 -0.15919919 0.50836772
v -0.18148510 -0.15125600 0.51361501
v -0.18223201 -0.15164360 0.50679582
v -0.18206330 -0.15919919 0.50836772
v -0.18223201 -0.15164360 0.50679582
v -0.18416280 -0.16035090 0.48715979
v -0.18206330 -0.15919919 0.50836772
v -0.18137640 -0.27745321 0.47192559
v -0.18114670 -0.15873060 0.51659161
v -0.18645319 -0.16181681 0.45765620
v -0.18502741 -0.15323280 0.47708279
v -0.18658070 -0.15427729 0.45567599
v -0.18645319 -0.16181681 0.45765620
v -0.18658070 -0.15427729 0.45567599
v -0.18683431 -0.16209920 0.45157689
v -0.18645319 -0.16181681 0.45765620
v -0.18460220 -0.27953520 0.43344089
v -0.18351240 -0.27876931 0.44892529
v -0.18645319 -0.16181681 0.45765620
v -0.18683431 -0.16209920 0.45157689
v -0.18460220 -0.27953520 0.43344089
v -0.18583409 -0.28074229 0.40221921
v -0.18526541 -0.28218511 0.41793650
v -0.18538681 -0.28019711 0.41786420
v -0.18785700 -0.15878150 0.32712731
v -0.18839060 -0.15843460 0.34125501
v -0.09671568 -0.08529996 -0.00742102
v -0.18785700 -0.15878150 0.32712731
v -0.09671568 -0.08529996 -0.00742102
v -0.18713740 -0.15909910 0.31265220
v -0.18054080 -0.16013320 0.23723620
v -0.09663087 -0.08529996 -0.00845408
v -0.09586447 -0.08529996 -0.01479852
v -0.18054080 -0.16013320 0.23723620
v -0.18258590 -0.15997760 0.25556850
v -0.09663087 -0.08529996 -0.00845408
v -0.18054080 -0.16013320 0.23723620
v -0.09586447 -0.08529996 -0.01479852
v -0.17929010 -0.16019280 0.22712170
v -0.18054080 -0.16013320 0.23723620
v -0.17929010 -0.16019280 0.22712170
v -0.17886890 -0.16783939 0.22386581
v -0.08655184 -0.07999998 -0.00802016
v -0.09663087 -0.08529996 -0.00845408
v -0.08667153 -0.07999998 -0.00660217
v -0.08655184 -0.07999998 -0.00802016
v -0.09586447 -0.08529996 -0.01479852
v -0.09663087 -0.08529996 -0.00845408
v -0.08655184 -0.07999998 -0.00802016
v -0.08667153 -0.07999998 -0.00660217
v -0.06065279 -0.06249994 0.83427292
v -0.18616930 -0.15939739 0.29710811
v -0.18713740 -0.15909910 0.31265220
v -0.09671568 -0.08529996 -0.00742102
v -0.18616930 -0.15939739 0.29710811
v -0.09671568 -0.08529996 -0.00742102
v -0.09663087 -0.08529996 -0.00845408
v -0.18616930 -0.15939739 0.29710811
v -0.09663087 -0.08529996 -0.00845408
v -0.18520211 -0.15961330 0.28408429
v -0.18616930 -0.15939739 0.29710811
v -0.18520211 -0.15961330 0.28408429
v -0.18491980 -0.16728960 0.28060651
v -0.14520819 -0.26230940 0.74491900
v -0.14528200 -0.25995940 0.74485600
v -0.17740710 -0.15695810 0.54593343
v -0.14520819 -0.26230940 0.74491900
v -0.17740710 -0.15695810 0.54593343
v -0.17866971 -0.15753581 0.53665048
v -0.14520819 -0.26230940 0.74491900
v -0.17866971 -0.15753581 0.53665048
v -0.17873570 -0.27597421 0.49458221
v -0.14520819 -0.26230940 0.74491900
v -0.17873570 -0.27597421 0.49458221
v -0.17861030 -0.27795970 0.49470291
v -0.14520819 -0.26230940 0.74491900
v -0.14467850 -0.26460090 0.74492961
v -0.14402060 -0.26200810 0.75284702
v -0.14520819 -0.26230940 0.74491900
v -0.17861030 -0.27795970 0.49470291
v -0.14467850 -0.26460090 0.74492961
v -0.14520819 -0.26230940 0.74491900
v -0.14410371 -0.25965959 0.75275290
v -0.14528200 -0.25995940 0.74485600
v -0.14520819 -0.26230940 0.74491900
v -0.14402060 -0.26200810 0.75284702
v -0.14410371 -0.25965959 0.75275290
v -0.17294700 -0.15503590 0.57516682
v -0.14410371 -0.25965959 0.75275290
v -0.17359459 -0.14764130 0.57120562
v -0.17294700 -0.15503590 0.57516682
v -0.17359459 -0.14764130 0.57120562
v -0.17460731 -0.15573290 0.56483650
v -0.17294700 -0.15503590 0.57516682
v -0.17460731 -0.15573290 0.56483650
v -0.14410371 -0.25965959 0.75275290
v -0.18438870 -0.28731480 0.38547209
v -0.18273550 -0.28954181 0.36866730
v -0.18305141 -0.28923640 0.38552451
v -0.18334500 -0.28832981 0.40241030
v -0.18438870 -0.28731480 0.38547209
v -0.18305141 -0.28923640 0.38552451
v -0.18386170 -0.28632241 0.41804111
v -0.18334500 -0.28832981 0.40241030
v -0.18252490 -0.28824499 0.41806251
v -0.17811590 -0.28003451 0.49478289
v -0.14467850 -0.26460090 0.74492961
v -0.17861030 -0.27795970 0.49470291
v -0.17851479 -0.28550130 0.47211909
v -0.17587450 -0.28402260 0.49477240
v -0.17984851 -0.28357661 0.47214121
v -0.18338969 -0.28075641 0.44902030
v -0.18351240 -0.27876931 0.44892529
v -0.18460220 -0.27953520 0.43344089
v -0.18820789 -0.16333230 0.42310220
v -0.18801589 -0.16312660 0.42809901
v -0.18805580 -0.15554030 0.42710340
v -0.18820789 -0.16333230 0.42310220
v -0.18805580 -0.15554030 0.42710340
v -0.18840531 -0.15593980 0.41728270
v -0.18820789 -0.16333230 0.42310220
v -0.18583409 -0.28074229 0.40221921
v -0.18538681 -0.28019711 0.41786420
v -0.18820789 -0.16333230 0.42310220
v -0.18538681 -0.28019711 0.41786420
v -0.18801589 -0.16312660 0.42809901
v -0.18251429 -0.27813420 0.46046340
v -0.18351240 -0.27876931 0.44892529
v -0.18338969 -0.28075641 0.44902030
v -0.18251429 -0.27813420 0.46046340
v -0.18206330 -0.15919919 0.50836772
v -0.18416280 -0.16035090 0.48715979
v -0.18251429 -0.27813420 0.46046340
v -0.18137640 -0.27745321 0.47192559
v -0.18206330 -0.15919919 0.50836772
v -0.18478560 -0.16072100 0.48000431
v -0.18416280 -0.16035090 0.48715979
v -0.18438350 -0.15284190 0.48468021
v -0.18478560 -0.16072100 0.48000431
v -0.18438350 -0.15284190 0.48468021
v -0.18502741 -0.15323280 0.47708279
v -0.18478560 -0.16072100 0.48000431
v -0.18502741 -0.15323280 0.47708279
v -0.18645319 -0.16181681 0.45765620
v -0.18478560 -0.16072100 0.48000431
v -0.18645319 -0.16181681 0.45765620
v -0.18351240 -0.27876931 0.44892529
v -0.18478560 -0.16072100 0.48000431
v -0.18251429 -0.27813420 0.46046340
v -0.18416280 -0.16035090 0.48715979
v -0.18478560 -0.16072100 0.48000431
v -0.18351240 -0.27876931 0.44892529
v -0.18251429 -0.27813420 0.46046340
v -0.18125230 -0.27943951 0.47203469
v -0.17861030 -0.27795970 0.49470291
v -0.18137640 -0.27745321 0.47192559
v -0.18125230 -0.27943951 0.47203469
v -0.17811590 -0.28003451 0.49478289
v -0.17861030 -0.27795970 0.49470291
v -0.18289630 -0.28283170 0.44909030
v -0.18338969 -0.28075641 0.44902030
v -0.18398701 -0.28359839 0.43359089
v -0.18098710 -0.28425810 0.46067199
v -0.17984851 -0.28357661 0.47214121
v -0.18189719 -0.28219619 0.46063861
v -0.18098710 -0.28425810 0.46067199
v -0.18289630 -0.28283170 0.44909030
v -0.18198590 -0.28489360 0.44912639
v -0.18098710 -0.28425810 0.46067199
v -0.18189719 -0.28219619 0.46063861
v -0.18289630 -0.28283170 0.44909030
v -0.06197601 -0.07999998 -0.06094682
v -0.05855941 -0.07999998 -0.06423658
v -0.06858932 -0.08529996 -0.06858932
v -0.06197601 -0.07999998 -0.06094682
v -0.06903588 -0.08529996 -0.06813991
v -0.06423658 -0.07999998 -0.05855935
v -0.06197601 -0.07999998 -0.06094682
v -0.06858932 -0.08529996 -0.06858932
v -0.06903588 -0.08529996 -0.06813991
v -0.08010518 -0.07999998 -0.03374469
v -0.08989655 -0.08529996 -0.03643625
v -0.08105295 -0.07999998 -0.03140008
v -0.08675122 -0.08529996 -0.04339599
v -0.08400446 -0.08529996 -0.04850000
v -0.11382560 -0.13709991 -0.06279903
v -0.08306801 -0.08529996 -0.05008679
v -0.10971020 -0.13709991 -0.06973987
v -0.11382560 -0.13709991 -0.06279903
v -0.08306801 -0.08529996 -0.05008679
v -0.11382560 -0.13709991 -0.06279903
v -0.08400446 -0.08529996 -0.04850000
v -0.08306801 -0.08529996 -0.05008679
v -0.07945770 -0.08529996 -0.05563688
v -0.10971020 -0.13709991 -0.06973987
v -0.08306801 -0.08529996 -0.05008679
v -0.08400446 -0.08529996 -0.04850000
v -0.07390308 -0.07999998 -0.04575884
v -0.08306801 -0.08529996 -0.05008679
v -0.07390308 -0.07999998 -0.04575884
v -0.07233083 -0.07999998 -0.04820567
v -0.08306801 -0.08529996 -0.05008679
v -0.07233083 -0.07999998 -0.04820567
v -0.07945770 -0.08529996 -0.05563688
v -0.03585892 -0.06249994 0.79074872
v -0.05238258 -0.07999998 -0.06936573
v -0.03798460 -0.06249994 0.79236883
v -0.04243528 -0.07999998 -0.07586026
v -0.04575884 -0.07999998 -0.07390314
v -0.03107011 -0.06249994 0.78759581
v -0.04243528 -0.07999998 -0.07586026
v -0.03874474 -0.07999998 -0.07780992
v -0.04452550 -0.08529996 -0.08617693
v -0.05563688 -0.08529996 -0.07945770
v -0.05116760 -0.08529996 -0.08240669
v -0.09489953 -0.13709991 -0.08884859
v -0.03140008 -0.07999998 -0.08105295
v -0.02071166 -0.06249994 0.78270620
v -0.02741366 -0.07999998 -0.08248656
v -0.03140008 -0.07999998 -0.08105295
v -0.03317588 -0.08529996 -0.09115016
v -0.03760743 -0.08529996 -0.08941292
v -0.03140008 -0.07999998 -0.08105295
v -0.02741366 -0.07999998 -0.08248656
v -0.03317588 -0.08529996 -0.09115016
v -0.01141393 -0.07999998 -0.08616995
v -0.01597195 -0.07999998 -0.08544260
v -0.00962114 -0.06249994 0.77984190
v -0.01141393 -0.07999998 -0.08616995
v -0.01563286 -0.08529996 -0.09573191
v -0.01597195 -0.07999998 -0.08544260
v -0.01141393 -0.07999998 -0.08616995
v -0.00802016 -0.07999998 -0.08655184
v -0.00845408 -0.08529996 -0.09663087
v -0.01141393 -0.07999998 -0.08616995
v -0.00845408 -0.08529996 -0.09663087
v -0.01563286 -0.08529996 -0.09573191
v -0.00392318 -0.06249994 0.77920377
v -0.00322485 -0.07999998 -0.08686274
v -0.00802016 -0.07999998 -0.08655184
v -0.02378749 -0.07999998 -0.08360439
v -0.02510541 -0.08529996 -0.09369480
v -0.03045624 -0.08529996 -0.09209460
v -0.02378749 -0.07999998 -0.08360439
v -0.03045624 -0.08529996 -0.09209460
v -0.02741366 -0.07999998 -0.08248656
v -0.06810528 -0.06419992 0.84734321
v -0.06058245 -0.06249994 0.84642911
v -0.06812471 -0.06419992 0.84716028
v -0.06810528 -0.06419992 0.84734321
v -0.06053954 -0.06249994 0.84682119
v -0.06058245 -0.06249994 0.84642911
v -0.06810528 -0.06419992 0.84734321
v -0.06812471 -0.06419992 0.84716028
v -0.06860238 -0.06469994 0.84739667
v -0.06257784 -0.06419992 0.86786151
v -0.06544899 -0.06469994 0.86185020
v -0.06272959 -0.06469994 0.86874032
v -0.06514734 -0.06419992 0.86116773
v -0.06692564 -0.06419992 0.85460162
v -0.06741416 -0.06469994 0.85470819
v -0.06514734 -0.06419992 0.86116773
v -0.06741416 -0.06469994 0.85470819
v -0.06544899 -0.06469994 0.86185020
v -0.06813931 -0.06419992 0.83297968
v -0.06065279 -0.06249994 0.83427292
v -0.08667153 -0.07999998 -0.00660217
v -0.06813931 -0.06419992 0.83297968
v -0.08667153 -0.07999998 -0.00660217
v -0.06849998 -0.06419992 0.83999997
v -0.06813931 -0.06419992 0.83297968
v -0.06849998 -0.06419992 0.83999997
v -0.06065279 -0.06249994 0.83427292
v -0.08467143 -0.07999998 -0.01965421
v -0.08360439 -0.07999998 -0.02378749
v -0.09369480 -0.08529996 -0.02510541
v -0.02786141 -0.06419992 0.90257788
v -0.03288322 -0.06469994 0.90066051
v -0.02619099 -0.06469994 0.90383601
v -0.03528887 -0.09539991 0.91235292
v -0.03925389 -0.10890000 0.91595638
v -0.03184026 -0.10890000 0.91935021
v -0.03528887 -0.09539991 0.91235292
v -0.03184026 -0.10890000 0.91935021
v -0.02619099 -0.06469994 0.90383601
v -0.03528887 -0.09539991 0.91235292
v -0.03288322 -0.06469994 0.90066051
v -0.03925389 -0.10890000 0.91595638
v -0.03528887 -0.09539991 0.91235292
v -0.02619099 -0.06469994 0.90383601
v -0.03288322 -0.06469994 0.90066051
v -0.14223920 -0.13629501 0.71129221
v -0.14181770 -0.13615739 0.71275431
v -0.06741416 -0.06469994 0.85470819
v -0.14223920 -0.13629501 0.71129221
v -0.06741416 -0.06469994 0.85470819
v -0.14953341 -0.13871980 0.68478942
v -0.13366041 -0.13354249 0.73978841
v -0.13343200 -0.13347040 0.74051392
v -0.06741416 -0.06469994 0.85470819
v -0.13366041 -0.13354249 0.73978841
v -0.06741416 -0.06469994 0.85470819
v -0.14181770 -0.13615739 0.71275431
v -0.13366041 -0.13354249 0.73978841
v -0.14011560 -0.25861070 0.76885802
v -0.13343200 -0.13347040 0.74051392
v -0.05919235 -0.09539991 0.89455748
v -0.05040013 -0.06469994 0.88712567
v -0.06471669 -0.10890000 0.89587492
v -0.05919235 -0.09539991 0.89455748
v -0.06471669 -0.10890000 0.89587492
v -0.05910015 -0.10890000 0.90178531
v -0.05919235 -0.09539991 0.89455748
v -0.05910015 -0.10890000 0.90178531
v -0.05040013 -0.06469994 0.88712567
v -0.05516153 -0.06469994 0.88145131
v -0.06471669 -0.10890000 0.89587492
v -0.05040013 -0.06469994 0.88712567
v -0.07193738 -0.09539991 0.87612838
v -0.06272959 -0.06469994 0.86874032
v -0.07785809 -0.10890000 0.87533218
v -0.07193738 -0.09539991 0.87612838
v -0.07785809 -0.10890000 0.87533218
v -0.07413852 -0.10890000 0.88258791
v -0.07193738 -0.09539991 0.87612838
v -0.05928719 -0.06469994 0.87529922
v -0.06272959 -0.06469994 0.86874032
v -0.07193738 -0.09539991 0.87612838
v -0.07413852 -0.10890000 0.88258791
v -0.05928719 -0.06469994 0.87529922
v 0.09663087 -0.08529996 -0.00845408
v 0.09579914 -0.08529996 -0.01521575
v 0.08653414 -0.07999998 -0.00820905
v 0.09663087 -0.08529996 -0.00845408
v 0.08655184 -0.07999998 -0.00802016
v 0.09669929 -0.08529996 -0.00763148
v 0.09663087 -0.08529996 -0.00845408
v 0.08653414 -0.07999998 -0.00820905
v 0.08655184 -0.07999998 -0.00802016
v 0.09663087 -0.08529996 -0.00845408
v 0.09669929 -0.08529996 -0.00763148
v 0.11111920 -0.12309990 -0.00920755
v 0.09663087 -0.08529996 -0.00845408
v 0.11016930 -0.12309990 -0.01717460
v 0.09579914 -0.08529996 -0.01521575
v 0.09663087 -0.08529996 -0.00845408
v 0.11111920 -0.12309990 -0.00920755
v 0.11016930 -0.12309990 -0.01717460
v 0.06257784 -0.06419992 0.86786151
v 0.05429637 -0.06249994 0.86763102
v 0.05967122 -0.06419992 0.87363923
v 0.06257784 -0.06419992 0.86786151
v 0.06326299 -0.06469994 0.86754620
v 0.06280457 -0.06419992 0.86734658
v 0.06257784 -0.06419992 0.86786151
v 0.06010681 -0.06469994 0.87388468
v 0.06326299 -0.06469994 0.86754620
v 0.06257784 -0.06419992 0.86786151
v 0.05967122 -0.06419992 0.87363923
v 0.06010681 -0.06469994 0.87388468
v 0.06812471 -0.06419992 0.83283991
v 0.06092262 -0.06249994 0.83999997
v 0.06849998 -0.06419992 0.83999997
v 0.06812471 -0.06419992 0.83283991
v 0.06849998 -0.06419992 0.83999997
v 0.08655184 -0.07999998 -0.00802016
v 0.06725674 -0.09539991 0.88423550
v 0.07019901 -0.10890000 0.88880938
v 0.07456779 -0.10890000 0.88183182
v 0.06725674 -0.09539991 0.88423550
v 0.07456779 -0.10890000 0.88183182
v 0.06010681 -0.06469994 0.87388468
v 0.07122331 -0.09539991 0.87751651
v 0.07824528 -0.10890000 0.87446642
v 0.06326299 -0.06469994 0.86754620
v 0.07122331 -0.09539991 0.87751651
v 0.06326299 -0.06469994 0.86754620
v 0.06010681 -0.06469994 0.87388468
v 0.07122331 -0.09539991 0.87751651
v 0.06010681 -0.06469994 0.87388468
v 0.07456779 -0.10890000 0.88183182
v 0.07122331 -0.09539991 0.87751651
v 0.07456779 -0.10890000 0.88183182
v 0.07824528 -0.10890000 0.87446642
v 0.05631756 -0.06469994 0.87986642
v 0.06725674 -0.09539991 0.88423550
v 0.06010681 -0.06469994 0.87388468
v 0.05631756 -0.06469994 0.87986642
v 0.05193525 -0.06469994 0.88542831
v 0.06265836 -0.09539991 0.89053887
v 0.05631756 -0.06469994 0.87986642
v 0.06265836 -0.09539991 0.89053887
v 0.07019901 -0.10890000 0.88880938
v 0.05631756 -0.06469994 0.87986642
v 0.07019901 -0.10890000 0.88880938
v 0.06725674 -0.09539991 0.88423550
v 0.07711815 -0.09539991 0.86308771
v 0.06575298 -0.06469994 0.86091763
v 0.08119732 -0.10890000 0.86678141
v 0.07711815 -0.09539991 0.86308771
v 0.08119732 -0.10890000 0.86678141
v 0.08339661 -0.10890000 0.85884809
v 0.06514734 -0.06419992 0.86116773
v 0.06280457 -0.06419992 0.86734658
v 0.06326299 -0.06469994 0.86754620
v 0.06514734 -0.06419992 0.86116773
v 0.06326299 -0.06469994 0.86754620
v 0.06575298 -0.06469994 0.86091763
v 0.06514734 -0.06419992 0.86116773
v 0.06575298 -0.06469994 0.86091763
v 0.06527650 -0.06419992 0.86076599
v 0.06514734 -0.06419992 0.86116773
v 0.05665343 -0.06249994 0.86240441
v 0.06280457 -0.06419992 0.86734658
v 0.06755053 -0.06469994 0.85406858
v 0.07899105 -0.09539991 0.85551339
v 0.06863665 -0.06469994 0.84707159
v 0.06755053 -0.06469994 0.85406858
v 0.06575298 -0.06469994 0.86091763
v 0.07711815 -0.09539991 0.86308771
v 0.06755053 -0.06469994 0.85406858
v 0.07711815 -0.09539991 0.86308771
v 0.08339661 -0.10890000 0.85884809
v 0.06755053 -0.06469994 0.85406858
v 0.08339661 -0.10890000 0.85884809
v 0.07899105 -0.09539991 0.85551339
v 0.07510459 -0.15871809 0.88086021
v 0.07519996 -0.15875900 0.88068497
v 0.07456779 -0.10890000 0.88183182
v 0.07510459 -0.15871809 0.88086021
v 0.07456779 -0.10890000 0.88183182
v 0.07382780 -0.15818921 0.88312459
v 0.07510459 -0.15871809 0.88086021
v 0.07382780 -0.15818921 0.88312459
v 0.00700831 -0.23987930 0.85749680
v 0.07510459 -0.15871809 0.88086021
v 0.00700831 -0.23987930 0.85749680
v 0.07519996 -0.15875900 0.88068497
v 0.05174440 -0.09539991 0.90166658
v 0.04700607 -0.06469994 0.89051181
v 0.04158174 -0.06469994 0.89506322
v 0.05174440 -0.09539991 0.90166658
v 0.04158174 -0.06469994 0.89506322
v 0.05337947 -0.10890000 0.90678990
v 0.05174440 -0.09539991 0.90166658
v 0.05337947 -0.10890000 0.90678990
v 0.05955547 -0.10890000 0.90134662
v 0.05174440 -0.09539991 0.90166658
v 0.05955547 -0.10890000 0.90134662
v 0.04700607 -0.06469994 0.89051181
v 0.04583543 -0.06419992 0.89090538
v 0.04158174 -0.06469994 0.89506322
v 0.04700607 -0.06469994 0.89051181
v 0.05238258 -0.07999998 -0.06936573
v 0.06235039 -0.08529996 -0.07430630
v 0.05680996 -0.08529996 -0.07862329
v 0.05238258 -0.07999998 -0.06936573
v 0.05680996 -0.08529996 -0.07862329
v 0.05085605 -0.07999998 -0.07049262
v 0.06281954 -0.08529996 -0.07391005
v 0.05855941 -0.07999998 -0.06423658
v 0.06843978 -0.08529996 -0.06873852
v 0.06281954 -0.08529996 -0.07391005
v 0.06843978 -0.08529996 -0.06873852
v 0.07551687 -0.12309990 -0.08203321
v 0.06855726 -0.07999998 -0.05343627
v 0.06423664 -0.07999998 -0.05855935
v 0.04683995 -0.06249994 0.80104393
v 0.06855726 -0.07999998 -0.05343627
v 0.06936573 -0.07999998 -0.05238258
v 0.07837522 -0.08529996 -0.05715167
v 0.04307878 -0.06249994 0.79692131
v 0.04683995 -0.06249994 0.80104393
v 0.06423664 -0.07999998 -0.05855935
v 0.06320416 -0.07999998 -0.05967217
v 0.06843978 -0.08529996 -0.06873852
v 0.05855941 -0.07999998 -0.06423658
v 0.06320416 -0.07999998 -0.05967217
v 0.04307878 -0.06249994 0.79692131
v 0.06423664 -0.07999998 -0.05855935
v 0.06858932 -0.08529996 -0.06858932
v 0.07363575 -0.08529996 -0.06314080
v 0.08203321 -0.12309990 -0.07551687
v 0.06858932 -0.08529996 -0.06858932
v 0.06843978 -0.08529996 -0.06873852
v 0.06320416 -0.07999998 -0.05967217
v 0.06858932 -0.08529996 -0.06858932
v 0.06320416 -0.07999998 -0.05967217
v 0.06423664 -0.07999998 -0.05855935
v 0.06858932 -0.08529996 -0.06858932
v 0.06423664 -0.07999998 -0.05855935
v 0.07363575 -0.08529996 -0.06314080
v 0.07979470 -0.12309990 -0.07787841
v 0.08203321 -0.12309990 -0.07551687
v 0.08382469 -0.13959990 -0.08090525
v 0.07979470 -0.12309990 -0.07787841
v 0.08382469 -0.13959990 -0.08090525
v 0.07551687 -0.12309990 -0.08203321
v 0.07979470 -0.12309990 -0.07787841
v 0.06858932 -0.08529996 -0.06858932
v 0.08203321 -0.12309990 -0.07551687
v 0.07979470 -0.12309990 -0.07787841
v 0.07551687 -0.12309990 -0.08203321
v 0.06843978 -0.08529996 -0.06873852
v 0.07979470 -0.12309990 -0.07787841
v 0.06843978 -0.08529996 -0.06873852
v 0.06858932 -0.08529996 -0.06858932
v 0.06980615 -0.13959990 -0.09327024
v 0.07706379 -0.13959990 -0.08736938
v 0.07293409 -0.18157130 -0.09084516
v 0.06980615 -0.13959990 -0.09327024
v 0.07293409 -0.18157130 -0.09084516
v 0.07030570 -0.18119340 -0.09289431
v 0.06980615 -0.13959990 -0.09327024
v 0.07030570 -0.18119340 -0.09289431
v 0.06935936 -0.18106221 -0.09360301
v 0.06980615 -0.13959990 -0.09327024
v 0.06569582 -0.18057790 -0.09620988
v 0.06209850 -0.13959990 -0.09856986
v 0.06980615 -0.13959990 -0.09327024
v 0.06935936 -0.18106221 -0.09360301
v 0.06569582 -0.18057790 -0.09620988
v 0.06980615 -0.13959990 -0.09327024
v 0.06848472 -0.12310000 -0.08798915
v 0.07706379 -0.13959990 -0.08736938
v 0.06980615 -0.13959990 -0.09327024
v 0.06209850 -0.13959990 -0.09856986
v 0.06098467 -0.12310000 -0.09334403
v 0.07390314 -0.07999998 -0.04575884
v 0.07738244 -0.07999998 -0.03959167
v 0.08400446 -0.08529996 -0.04850000
v 0.07390314 -0.07999998 -0.04575884
v 0.08262878 -0.08529996 -0.05080825
v 0.07329750 -0.07999998 -0.04672276
v 0.07390314 -0.07999998 -0.04575884
v 0.08400446 -0.08529996 -0.04850000
v 0.08262878 -0.08529996 -0.05080825
v 0.05029469 -0.06249994 0.80561972
v 0.07329750 -0.07999998 -0.04672276
v 0.06936573 -0.07999998 -0.05238258
v -0.07430630 -0.08529996 -0.06235039
v -0.07418280 -0.08529996 -0.06249719
v -0.10022890 -0.13709991 -0.08278983
v -0.07430630 -0.08529996 -0.06235039
v -0.10022890 -0.13709991 -0.08278983
v -0.07886987 -0.08529996 -0.05646705
v -0.07430630 -0.08529996 -0.06235039
v -0.07886987 -0.08529996 -0.05646705
v -0.06936573 -0.07999998 -0.05238258
v -0.06745493 -0.07999998 -0.05482131
v -0.06936573 -0.07999998 -0.05238258
v -0.04816460 -0.06249994 0.80269408
v -0.06745493 -0.07999998 -0.05482131
v -0.07430630 -0.08529996 -0.06235039
v -0.06936573 -0.07999998 -0.05238258
v -0.06745493 -0.07999998 -0.05482131
v -0.06423658 -0.07999998 -0.05855935
v -0.07418280 -0.08529996 -0.06249719
v -0.06745493 -0.07999998 -0.05482131
v -0.07418280 -0.08529996 -0.06249719
v -0.07430630 -0.08529996 -0.06235039
v -0.17192020 -0.16021460 0.17771590
v -0.17531650 -0.16025990 0.19876070
v -0.09586447 -0.08529996 -0.01479852
v -0.17192020 -0.16021460 0.17771590
v -0.09552633 -0.08529996 -0.01684385
v -0.17066760 -0.16018049 0.17050250
v -0.17192020 -0.16021460 0.17771590
v -0.09586447 -0.08529996 -0.01479852
v -0.09552633 -0.08529996 -0.01684385
v -0.17192020 -0.16021460 0.17771590
v -0.17066760 -0.16018049 0.17050250
v -0.14830101 -0.27491131 0.03943014
v -0.17483370 -0.16789550 0.19561790
v -0.14830101 -0.27491131 0.03943014
v -0.17852220 -0.16785070 0.22123630
v -0.17483370 -0.16789550 0.19561790
v -0.17852220 -0.16785070 0.22123630
v -0.17660330 -0.16025500 0.20742241
v -0.17483370 -0.16789550 0.19561790
v -0.17660330 -0.16025500 0.20742241
v -0.17531650 -0.16025990 0.19876070
v -0.09445136 -0.08529996 -0.02208936
v -0.09369480 -0.08529996 -0.02510541
v -0.11382560 -0.13709991 -0.06279903
v -0.09445136 -0.08529996 -0.02208936
v -0.11382560 -0.13709991 -0.06279903
v -0.09552633 -0.08529996 -0.01684385
v -0.09445136 -0.08529996 -0.02208936
v -0.08467143 -0.07999998 -0.01965421
v -0.09369480 -0.08529996 -0.02510541
v -0.09445136 -0.08529996 -0.02208936
v -0.09552633 -0.08529996 -0.01684385
v -0.08544260 -0.07999998 -0.01597195
v -0.09445136 -0.08529996 -0.02208936
v -0.08544260 -0.07999998 -0.01597195
v -0.08467143 -0.07999998 -0.01965421
v -0.08591967 -0.07999998 -0.01316618
v -0.09552633 -0.08529996 -0.01684385
v -0.09586447 -0.08529996 -0.01479852
v -0.08591967 -0.07999998 -0.01316618
v -0.08544260 -0.07999998 -0.01597195
v -0.09552633 -0.08529996 -0.01684385
v -0.08591967 -0.07999998 -0.01316618
v -0.09586447 -0.08529996 -0.01479852
v -0.08655184 -0.07999998 -0.00802016
v -0.15935510 -0.15958920 0.11436140
v -0.15343010 -0.15914170 0.08943426
v -0.14700329 -0.27491131 0.03317463
v -0.15935510 -0.15958920 0.11436140
v -0.11654510 -0.14060000 -0.05759549
v -0.15343010 -0.15914170 0.08943426
v -0.15935510 -0.15958920 0.11436140
v -0.14700329 -0.27491131 0.03317463
v -0.16032970 -0.15965550 0.11870240
v -0.15935510 -0.15958920 0.11436140
v -0.16032970 -0.15965550 0.11870240
v -0.11654510 -0.14060000 -0.05759549
v -0.09115016 -0.08529996 -0.03317594
v -0.08989655 -0.08529996 -0.03643625
v -0.11382560 -0.13709991 -0.06279903
v -0.09115016 -0.08529996 -0.03317594
v -0.11382560 -0.13709991 -0.06279903
v -0.09248453 -0.08529996 -0.02925062
v -0.09115016 -0.08529996 -0.03317594
v -0.08105295 -0.07999998 -0.03140008
v -0.08989655 -0.08529996 -0.03643625
v -0.08293402 -0.07999998 -0.02602863
v -0.09248453 -0.08529996 -0.02925062
v -0.08360439 -0.07999998 -0.02378749
v -0.08293402 -0.07999998 -0.02602863
v -0.05750387 -0.06249994 0.81987858
v -0.08105295 -0.07999998 -0.03140008
v -0.08293402 -0.07999998 -0.02602863
v -0.09115016 -0.08529996 -0.03317594
v -0.09248453 -0.08529996 -0.02925062
v -0.08293402 -0.07999998 -0.02602863
v -0.08105295 -0.07999998 -0.03140008
v -0.09115016 -0.08529996 -0.03317594
v -0.00015219 -0.14785901 0.92549968
v 0.00000000 -0.14785890 0.92549998
v 0.00000000 -0.10890000 0.92549998
v -0.00015219 -0.14785901 0.92549968
v 0.00000000 -0.10890000 0.92549998
v -0.00445872 -0.14788841 0.92538381
v -0.00015219 -0.14785901 0.92549968
v -0.00445872 -0.14788841 0.92538381
v -0.03413760 -0.24269991 0.86007291
v -0.01295840 -0.14810909 0.92451233
v -0.01621437 -0.10890000 0.92394853
v -0.01523017 -0.14820530 0.92413259
v -0.01295840 -0.14810909 0.92451233
v -0.00814420 -0.10890000 0.92511117
v -0.01621437 -0.10890000 0.92394853
v -0.01295840 -0.14810909 0.92451233
v -0.01014113 -0.14801180 0.92489648
v -0.00814420 -0.10890000 0.92511117
v -0.01295840 -0.14810909 0.92451233
v -0.04205256 -0.24422839 0.85849208
v -0.01014113 -0.14801180 0.92489648
v -0.00730795 -0.14793810 0.92518741
v -0.00814420 -0.10890000 0.92511117
v -0.00762850 -0.14794520 0.92515898
v -0.00730795 -0.14793810 0.92518741
v -0.00445872 -0.14788841 0.92538381
v -0.00814420 -0.10890000 0.92511117
v -0.00730795 -0.14793810 0.92518741
v -0.03413760 -0.24269991 0.86007291
v -0.00445872 -0.14788841 0.92538381
v -0.00730795 -0.14793810 0.92518741
v -0.00762850 -0.14794520 0.92515898
v -0.04205256 -0.24422839 0.85849208
v -0.00730795 -0.14793810 0.92518741
v -0.04205256 -0.24422839 0.85849208
v -0.03413760 -0.24269991 0.86007291
v -0.00495452 -0.06469994 0.90882200
v 0.00156099 -0.09539991 0.92048490
v 0.00212485 -0.06469994 0.90896732
v -0.00495452 -0.06469994 0.90882200
v 0.00000000 -0.10890000 0.92549998
v 0.00156099 -0.09539991 0.92048490
v -0.00329047 -0.23905930 0.86083788
v 0.00634694 -0.23612840 0.86179602
v -0.00348735 -0.23794280 0.86174017
v -0.00329047 -0.23905930 0.86083788
v 0.00672293 -0.23826090 0.85987759
v 0.00634694 -0.23612840 0.86179602
v -0.01357871 -0.23894051 0.86203408
v 0.00762439 -0.14794530 0.92515939
v -0.01864016 -0.23984320 0.86178350
v -0.02633130 -0.24124120 0.86113548
v 0.00415850 -0.14788450 0.92539901
v 0.00000000 -0.14785890 0.92549998
v -0.02633130 -0.24124120 0.86113548
v -0.01864016 -0.23984320 0.86178350
v 0.00415850 -0.14788450 0.92539901
v -0.02633130 -0.24124120 0.86113548
v -0.00015219 -0.14785901 0.92549968
v -0.03413760 -0.24269991 0.86007291
v -0.02633130 -0.24124120 0.86113548
v 0.00000000 -0.14785890 0.92549998
v -0.00015219 -0.14785901 0.92549968
v -0.02950316 -0.14918379 0.92024851
v -0.02413707 -0.10890000 0.92202240
v -0.03184026 -0.10890000 0.91935021
v -0.02950316 -0.14918379 0.92024851
v -0.02543014 -0.14883640 0.92163062
v -0.02413707 -0.10890000 0.92202240
v -0.02950316 -0.14918379 0.92024851
v -0.06082278 -0.24809711 0.85224962
v -0.02543014 -0.14883640 0.92163062
v -0.02130848 -0.14854100 0.92280233
v -0.01621437 -0.10890000 0.92394853
v -0.02413707 -0.10890000 0.92202240
v -0.02841091 -0.09539991 0.91531980
v -0.02619099 -0.06469994 0.90383601
v -0.03184026 -0.10890000 0.91935021
v -0.02841091 -0.09539991 0.91531980
v -0.03184026 -0.10890000 0.91935021
v -0.02413707 -0.10890000 0.92202240
v -0.01919698 -0.06469994 0.90627581
v -0.02841091 -0.09539991 0.91531980
v -0.02413707 -0.10890000 0.92202240
v -0.01919698 -0.06469994 0.90627581
v -0.02619099 -0.06469994 0.90383601
v -0.02841091 -0.09539991 0.91531980
v -0.13777620 -0.26952669 0.76033378
v -0.13582119 -0.27077690 0.75995332
v -0.13671520 -0.26924470 0.76430660
v -0.13777620 -0.26952669 0.76033378
v -0.13749190 -0.27122009 0.75217259
v -0.13582119 -0.27077690 0.75995332
v -0.13777620 -0.26952669 0.76033378
v -0.13946611 -0.26997170 0.75244719
v -0.13749190 -0.27122009 0.75217259
v -0.14116371 -0.26835781 0.75265849
v -0.17416200 -0.28568360 0.49466890
v -0.13946611 -0.26997170 0.75244719
v -0.14116371 -0.26835781 0.75265849
v -0.17587450 -0.28402260 0.49477240
v -0.17416200 -0.28568360 0.49466890
v -0.17679940 -0.28716081 0.47204041
v -0.17416200 -0.28568360 0.49466890
v -0.17587450 -0.28402260 0.49477240
v -0.17679940 -0.28716081 0.47204041
v -0.17587450 -0.28402260 0.49477240
v -0.17851479 -0.28550130 0.47211909
v -0.17215911 -0.28697371 0.49450299
v -0.13749190 -0.27122009 0.75217259
v -0.13946611 -0.26997170 0.75244719
v -0.17215911 -0.28697371 0.49450299
v -0.13946611 -0.26997170 0.75244719
v -0.17416200 -0.28568360 0.49466890
v -0.17215911 -0.28697371 0.49450299
v -0.17679940 -0.28716081 0.47204041
v -0.17479260 -0.28844860 0.47190830
v -0.17215911 -0.28697371 0.49450299
v -0.17416200 -0.28568360 0.49466890
v -0.17679940 -0.28716081 0.47204041
v -0.17215911 -0.28697371 0.49450299
v -0.16999000 -0.28782880 0.49428609
v -0.13749190 -0.27122009 0.75217259
v -0.17215911 -0.28697371 0.49450299
v -0.17479260 -0.28844860 0.47190830
v -0.16999000 -0.28782880 0.49428609
v -0.14348550 -0.26429829 0.75286227
v -0.14402060 -0.26200810 0.75284702
v -0.14467850 -0.26460090 0.74492961
v -0.14348550 -0.26429829 0.75286227
v -0.14231519 -0.26156431 0.76089060
v -0.14402060 -0.26200810 0.75284702
v -0.11766260 -0.26826230 0.79099518
v -0.11837140 -0.26899961 0.78524208
v -0.11566080 -0.26825720 0.78976101
v -0.11766260 -0.26826230 0.79099518
v -0.11566080 -0.26825720 0.78976101
v -0.11465930 -0.26744580 0.79555929
v -0.11476080 -0.26128820 0.80891907
v -0.11834830 -0.26224351 0.80427361
v -0.11686080 -0.26389751 0.80351120
v -0.10407100 -0.25623161 0.82279938
v -0.10066370 -0.25297329 0.82729042
v -0.10494750 -0.25407141 0.82310760
v -0.13174860 -0.26357600 0.78530139
v -0.13269369 -0.26143000 0.78547847
v -0.13434041 -0.26427311 0.77983302
v -0.13174860 -0.26357600 0.78530139
v -0.13434041 -0.26427311 0.77983302
v -0.13302760 -0.26619440 0.77949381
v -0.13529161 -0.26212811 0.77998978
v -0.13434041 -0.26427311 0.77983302
v -0.13269369 -0.26143000 0.78547847
v -0.13529161 -0.26212811 0.77998978
v -0.13325390 -0.25914630 0.78544599
v -0.13584740 -0.25984329 0.77995938
v -0.13529161 -0.26212811 0.77998978
v -0.13269369 -0.26143000 0.78547847
v -0.13325390 -0.25914630 0.78544599
v -0.12292700 -0.26969981 0.78175461
v -0.12534881 -0.27036130 0.77667427
v -0.12319180 -0.27032280 0.77573949
v -0.12292700 -0.26969981 0.78175461
v -0.12319180 -0.27032280 0.77573949
v -0.12082240 -0.26967239 0.78070599
v -0.13058171 -0.25842649 0.79043132
v -0.13325390 -0.25914630 0.78544599
v -0.13269369 -0.26143000 0.78547847
v -0.12764710 -0.25763619 0.79535949
v -0.12782620 -0.25530839 0.79507840
v -0.13058171 -0.25842649 0.79043132
v -0.07345598 -0.15804160 0.88375467
v -0.07191544 -0.15745690 0.88624310
v -0.07413852 -0.10890000 0.88258791
v -0.07345598 -0.15804160 0.88375467
v -0.07413852 -0.10890000 0.88258791
v -0.12782620 -0.25530839 0.79507840
v -0.07345598 -0.15804160 0.88375467
v -0.12764710 -0.25763619 0.79535949
v -0.07191544 -0.15745690 0.88624310
v -0.07345598 -0.15804160 0.88375467
v -0.12782620 -0.25530839 0.79507840
v -0.12764710 -0.25763619 0.79535949
v -0.06939399 -0.15658140 0.88994718
v -0.06870502 -0.15635739 0.89089072
v -0.06974476 -0.10890000 0.88945621
v -0.06684875 -0.15578219 0.89330578
v -0.06471669 -0.10890000 0.89587492
v -0.06974476 -0.10890000 0.88945621
v -0.06684875 -0.15578219 0.89330578
v -0.06974476 -0.10890000 0.88945621
v -0.06870502 -0.15635739 0.89089072
v -0.08125406 -0.10927150 0.86777967
v -0.08126097 -0.10927310 0.86776417
v -0.13598350 -0.25750571 0.77974200
v -0.08125406 -0.10927150 0.86777967
v -0.13598350 -0.25750571 0.77974200
v -0.07785809 -0.10890000 0.87533218
v -0.08125406 -0.10927150 0.86777967
v -0.06272959 -0.06469994 0.86874032
v -0.08126097 -0.10927310 0.86776417
v -0.14134310 -0.25893641 0.76480049
v -0.14241029 -0.25921789 0.76076150
v -0.14231519 -0.26156431 0.76089060
v -0.14134310 -0.25893641 0.76480049
v -0.14223920 -0.13629501 0.71129221
v -0.14953341 -0.13871980 0.68478942
v -0.14134310 -0.25893641 0.76480049
v -0.14953341 -0.13871980 0.68478942
v -0.14241029 -0.25921789 0.76076150
v -0.14134310 -0.25893641 0.76480049
v -0.14181770 -0.13615739 0.71275431
v -0.14223920 -0.13629501 0.71129221
v -0.14134310 -0.25893641 0.76480049
v -0.13366041 -0.13354249 0.73978841
v -0.14181770 -0.13615739 0.71275431
v -0.14134310 -0.25893641 0.76480049
v -0.14011560 -0.25861070 0.76885802
v -0.13366041 -0.13354249 0.73978841
v -0.14069670 -0.26356909 0.76497048
v -0.13945800 -0.26324090 0.76904923
v -0.14000510 -0.26095390 0.76902437
v -0.17660721 -0.29202980 0.41797361
v -0.17878990 -0.29118341 0.41802770
v -0.17870000 -0.29198000 0.40244341
v -0.18001810 -0.29129481 0.40244469
v -0.17878990 -0.29118341 0.41802770
v -0.18080400 -0.28990069 0.41805819
v -0.18001810 -0.29129481 0.40244469
v -0.17870000 -0.29198000 0.40244341
v -0.17878990 -0.29118341 0.41802770
v -0.17439000 -0.29242930 0.41790080
v -0.17660721 -0.29202980 0.41797361
v -0.17593861 -0.29282489 0.40242210
v -0.17439000 -0.29242930 0.41790080
v -0.17321920 -0.29299539 0.40238100
v -0.17225739 -0.29241911 0.41781551
v -0.17439000 -0.29242930 0.41790080
v -0.17361210 -0.29177329 0.43333799
v -0.17582729 -0.29137200 0.43345389
v -0.17439000 -0.29242930 0.41790080
v -0.17582729 -0.29137200 0.43345389
v -0.17660721 -0.29202980 0.41797361
v -0.17253131 -0.29101369 0.44869450
v -0.17582729 -0.29137200 0.43345389
v -0.17361210 -0.29177329 0.43333799
v -0.17246459 -0.29369959 0.36903280
v -0.17179590 -0.29387310 0.35242751
v 0.01251763 -0.28682381 -0.03763973
v -0.17246459 -0.29369959 0.36903280
v 0.01251763 -0.28682381 -0.03763973
v -0.17277721 -0.29339799 0.38569260
v -0.17246459 -0.29369959 0.36903280
v -0.17392761 -0.29388791 0.35232010
v -0.17179590 -0.29387310 0.35242751
v -0.17491139 -0.29341131 0.38567710
v -0.17277721 -0.29339799 0.38569260
v -0.17321920 -0.29299539 0.40238100
v -0.17491139 -0.29341131 0.38567710
v -0.17593861 -0.29282489 0.40242210
v -0.17713021 -0.29301471 0.38565201
v -0.17491139 -0.29341131 0.38567710
v -0.17713021 -0.29301471 0.38565201
v -0.17681611 -0.29331821 0.36889741
v -0.17148170 -0.29176500 0.43320829
v -0.17225739 -0.29241911 0.41781551
v 0.01251763 -0.28682381 -0.03763973
v -0.17148170 -0.29176500 0.43320829
v 0.01251763 -0.28682381 -0.03763973
v -0.17040360 -0.29100731 0.44852439
v -0.17148170 -0.29176500 0.43320829
v -0.17253131 -0.29101369 0.44869450
v -0.17361210 -0.29177329 0.43333799
v -0.17148170 -0.29176500 0.43320829
v -0.17040360 -0.29100731 0.44852439
v -0.17253131 -0.29101369 0.44869450
v -0.17148170 -0.29176500 0.43320829
v -0.17439000 -0.29242930 0.41790080
v -0.17225739 -0.29241911 0.41781551
v -0.17148170 -0.29176500 0.43320829
v -0.17361210 -0.29177329 0.43333799
v -0.17439000 -0.29242930 0.41790080
v -0.16941559 -0.29037869 0.45994619
v -0.17040360 -0.29100731 0.44852439
v -0.12699740 -0.27136669 0.76584113
v -0.16941559 -0.29037869 0.45994619
v -0.12912390 -0.27194911 0.75844908
v -0.16828850 -0.28970411 0.47130060
v -0.16941559 -0.29037869 0.45994619
v -0.17253131 -0.29101369 0.44869450
v -0.17040360 -0.29100731 0.44852439
v -0.16941559 -0.29037869 0.45994619
v -0.16828850 -0.28970411 0.47130060
v -0.17041120 -0.28970739 0.47152430
v -0.17261870 -0.28930101 0.47173181
v -0.17041120 -0.28970739 0.47152430
v -0.13531870 -0.27205771 0.75184548
v -0.17261870 -0.28930101 0.47173181
v -0.13531870 -0.27205771 0.75184548
v -0.16999000 -0.28782880 0.49428609
v -0.17261870 -0.28930101 0.47173181
v -0.17375091 -0.28997880 0.46032661
v -0.17041120 -0.28970739 0.47152430
v -0.17261870 -0.28930101 0.47173181
v -0.16999000 -0.28782880 0.49428609
v -0.17479260 -0.28844860 0.47190830
v -0.17261870 -0.28930101 0.47173181
v -0.17479260 -0.28844860 0.47190830
v -0.17375091 -0.28997880 0.46032661
v -0.13367219 -0.27161691 0.75950062
v -0.13302900 -0.27244940 0.75147849
v -0.13141060 -0.27201179 0.75899261
v -0.13367219 -0.27161691 0.75950062
v -0.13531870 -0.27205771 0.75184548
v -0.13302900 -0.27244940 0.75147849
v -0.13367219 -0.27161691 0.75950062
v -0.13141060 -0.27201179 0.75899261
v -0.13264100 -0.27133930 0.76334918
v -0.13367219 -0.27161691 0.75950062
v -0.13582119 -0.27077690 0.75995332
v -0.13531870 -0.27205771 0.75184548
v -0.17474370 -0.29061040 0.44884980
v -0.17375091 -0.28997880 0.46032661
v -0.17692199 -0.28976071 0.44897890
v -0.17474370 -0.29061040 0.44884980
v -0.17692199 -0.28976071 0.44897890
v -0.17582729 -0.29137200 0.43345389
v -0.17474370 -0.29061040 0.44884980
v -0.17253131 -0.29101369 0.44869450
v -0.17375091 -0.28997880 0.46032661
v -0.17474370 -0.29061040 0.44884980
v -0.17582729 -0.29137200 0.43345389
v -0.17253131 -0.29101369 0.44869450
v -0.17592710 -0.28912759 0.46048030
v -0.17375091 -0.28997880 0.46032661
v -0.17479260 -0.28844860 0.47190830
v -0.17592710 -0.28912759 0.46048030
v -0.17692199 -0.28976071 0.44897890
v -0.17375091 -0.28997880 0.46032661
v -0.08057779 -0.25261250 0.84105033
v -0.07940095 -0.25433141 0.83995932
v -0.07584834 -0.25149059 0.84419030
v -0.07199180 -0.24837860 0.84788811
v -0.06711339 -0.24727540 0.85052842
v -0.03751939 -0.15003981 0.91682798
v -0.05511838 -0.15287060 0.90536219
v -0.05294609 -0.10890000 0.90713388
v -0.05910015 -0.10890000 0.90178531
v -0.05511838 -0.15287060 0.90536219
v -0.05910015 -0.10890000 0.90178531
v -0.05724704 -0.15332310 0.90350628
v -0.05930548 -0.15378921 0.90158838
v -0.05910015 -0.10890000 0.90178531
v -0.06129479 -0.15426840 0.89960867
v -0.05930548 -0.15378921 0.90158838
v -0.06129479 -0.15426840 0.89960867
v -0.10494750 -0.25407141 0.82310760
v -0.05930548 -0.15378921 0.90158838
v -0.10494750 -0.25407141 0.82310760
v -0.10066370 -0.25297329 0.82729042
v -0.06321513 -0.15476041 0.89756811
v -0.06129479 -0.15426840 0.89960867
v -0.06471669 -0.10890000 0.89587492
v -0.04186129 -0.09539991 0.90875971
v -0.04631060 -0.10890000 0.91187203
v -0.03925389 -0.10890000 0.91595638
v -0.04186129 -0.09539991 0.90875971
v -0.03925389 -0.10890000 0.91595638
v -0.03288322 -0.06469994 0.90066051
v -0.04186129 -0.09539991 0.90875971
v -0.03919643 -0.06469994 0.89678591
v -0.04631060 -0.10890000 0.91187203
v -0.04186129 -0.09539991 0.90875971
v -0.03288322 -0.06469994 0.90066051
v -0.03919643 -0.06469994 0.89678591
v -0.04466319 -0.15101451 0.91290712
v -0.04387450 -0.15089640 0.91338438
v -0.04631060 -0.10890000 0.91187203
v -0.04466319 -0.15101451 0.91290712
v -0.04631060 -0.10890000 0.91187203
v -0.04657256 -0.15131280 0.91170251
v -0.04466319 -0.15101451 0.91290712
v -0.04657256 -0.15131280 0.91170251
v -0.08158564 -0.25062719 0.84180731
v -0.04111844 -0.15050440 0.91496360
v -0.03925389 -0.10890000 0.91595638
v -0.04387450 -0.15089640 0.91338438
v -0.04921239 -0.15175331 0.90991718
v -0.04657256 -0.15131280 0.91170251
v -0.04631060 -0.10890000 0.91187203
v -0.04921239 -0.15175331 0.90991718
v -0.08627927 -0.25176150 0.83840472
v -0.08158564 -0.25062719 0.84180731
v -0.04921239 -0.15175331 0.90991718
v -0.08158564 -0.25062719 0.84180731
v -0.04657256 -0.15131280 0.91170251
v -0.08683389 -0.26061639 0.82317108
v 0.00724697 -0.24123290 0.85192013
v -0.00261432 -0.24289410 0.85327047
v -0.10953440 -0.26659000 0.79867780
v -0.11270900 -0.26745170 0.79424542
v 0.00724697 -0.24123290 0.85192013
v -0.10953440 -0.26659000 0.79867780
v 0.00724697 -0.24123290 0.85192013
v -0.10615540 -0.26567891 0.80304062
v -0.10259020 -0.26472500 0.80731559
v -0.10615540 -0.26567891 0.80304062
v 0.00724697 -0.24123290 0.85192013
v -0.06623077 -0.24928640 0.84968758
v -0.06082278 -0.24809711 0.85224962
v -0.03249621 -0.14947590 0.91908377
v -0.06623077 -0.24928640 0.84968758
v -0.03249621 -0.14947590 0.91908377
v -0.06711339 -0.24727540 0.85052842
v -0.04137933 -0.24604391 0.85715789
v -0.03413760 -0.24269991 0.86007291
v -0.04205256 -0.24422839 0.85849208
v -0.04604476 -0.24502070 0.85747641
v -0.01295840 -0.14810909 0.92451233
v -0.01523017 -0.14820530 0.92413259
v -0.04604476 -0.24502070 0.85747641
v -0.04205256 -0.24422839 0.85849208
v -0.01295840 -0.14810909 0.92451233
v -0.05542880 -0.24694631 0.85444307
v -0.05457210 -0.24872890 0.85317153
v -0.05005604 -0.24583261 0.85629523
v -0.05542880 -0.24694631 0.85444307
v -0.02543014 -0.14883640 0.92163062
v -0.06082278 -0.24809711 0.85224962
v -0.05542880 -0.24694631 0.85444307
v -0.05005604 -0.24583261 0.85629523
v -0.02130848 -0.14854100 0.92280233
v -0.01671379 -0.17694050 -0.11529480
v 0.01042139 -0.28048801 -0.04952824
v -0.01918441 -0.17701560 -0.11490960
v -0.01671379 -0.17694050 -0.11529480
v -0.01448231 -0.17688181 -0.11559640
v 0.01042139 -0.28048801 -0.04952824
v -0.01671379 -0.17694050 -0.11529480
v -0.01914954 -0.13959990 -0.11491530
v -0.01448231 -0.17688181 -0.11559640
v -0.01671379 -0.17694050 -0.11529480
v -0.01918441 -0.17701560 -0.11490960
v -0.01914954 -0.13959990 -0.11491530
v -0.02298879 -0.12310000 -0.10910430
v -0.01914954 -0.13959990 -0.11491530
v -0.02856117 -0.13959990 -0.11294470
v -0.02298879 -0.12310000 -0.10910430
v -0.02311623 -0.08529996 -0.09420526
v -0.01684385 -0.08529996 -0.09552633
v -0.00920755 -0.12310000 -0.11111920
v -0.00590861 -0.12310000 -0.11134330
v -0.00960749 -0.13959990 -0.11610310
v -0.00920755 -0.12310000 -0.11111920
v -0.00960749 -0.13959990 -0.11610310
v -0.01449203 -0.12310000 -0.11055410
v -0.00920755 -0.12310000 -0.11111920
v -0.01449203 -0.12310000 -0.11055410
v -0.00845408 -0.08529996 -0.09663087
v -0.00920755 -0.12310000 -0.11111920
v -0.00805253 -0.08529996 -0.09666508
v -0.00590861 -0.12310000 -0.11134330
v -0.00920755 -0.12310000 -0.11111920
v -0.00845408 -0.08529996 -0.09663087
v -0.00805253 -0.08529996 -0.09666508
v -0.07379072 -0.28339660 -0.02684926
v -0.08423298 -0.28339660 -0.02285778
v -0.07433629 -0.28157771 -0.02823698
v -0.07379072 -0.28339660 -0.02684926
v -0.06384372 -0.28157771 -0.03178972
v -0.06335115 -0.28339660 -0.03038251
v -0.07379072 -0.28339660 -0.02684926
v -0.07433629 -0.28157771 -0.02823698
v -0.06384372 -0.28157771 -0.03178972
v -0.08938944 -0.28339660 -0.02068006
v -0.09003406 -0.28157771 -0.02202415
v -0.08484166 -0.28157771 -0.02421873
v -0.08938944 -0.28339660 -0.02068006
v -0.08484166 -0.28157771 -0.02421873
v -0.08423298 -0.28339660 -0.02285778
v -0.05357247 -0.28157771 -0.03491169
v -0.06384372 -0.28157771 -0.03178972
v -0.03751009 -0.17790879 -0.11029610
v -0.05357247 -0.28157771 -0.03491169
v -0.03751009 -0.17790879 -0.11029610
v -0.04552990 -0.28157771 -0.03715002
v -0.05357247 -0.28157771 -0.03491169
v -0.04552990 -0.28157771 -0.03715002
v -0.05312466 -0.28339660 -0.03348988
v -0.05357247 -0.28157771 -0.03491169
v -0.05312466 -0.28339660 -0.03348988
v -0.06335115 -0.28339660 -0.03038251
v -0.05357247 -0.28157771 -0.03491169
v -0.06335115 -0.28339660 -0.03038251
v -0.06384372 -0.28157771 -0.03178972
v 0.00845408 -0.08529996 -0.09663087
v 0.01479858 -0.08529996 -0.09586447
v 0.01131242 -0.12310000 -0.11092460
v 0.00845408 -0.08529996 -0.09663087
v 0.00721049 -0.08529996 -0.09673160
v 0.00802016 -0.07999998 -0.08655184
v 0.00845408 -0.08529996 -0.09663087
v 0.00802016 -0.07999998 -0.08655184
v 0.01479858 -0.08529996 -0.09586447
v 0.01316618 -0.07999998 -0.08591967
v 0.01479858 -0.08529996 -0.09586447
v 0.00802016 -0.07999998 -0.08655184
v 0.01316618 -0.07999998 -0.08591967
v 0.01684385 -0.08529996 -0.09552633
v 0.01479858 -0.08529996 -0.09586447
v 0.00000000 -0.08529996 -0.09700000
v 0.00721049 -0.08529996 -0.09673160
v 0.00270998 -0.12310000 -0.11146700
v 0.00000000 -0.08529996 -0.09700000
v -0.00042230 -0.08529996 -0.09699904
v 0.00000000 -0.07999998 -0.08692264
v 0.00920761 -0.12310000 -0.11111920
v 0.00270998 -0.12310000 -0.11146700
v 0.00721049 -0.08529996 -0.09673160
v 0.00920761 -0.12310000 -0.11111920
v 0.00845408 -0.08529996 -0.09663087
v 0.01131242 -0.12310000 -0.11092460
v 0.00920761 -0.12310000 -0.11111920
v 0.00721049 -0.08529996 -0.09673160
v 0.00845408 -0.08529996 -0.09663087
v 0.00920761 -0.12310000 -0.11111920
v 0.01131242 -0.12310000 -0.11092460
v 0.00934625 -0.13959990 -0.11612450
v 0.00920761 -0.12310000 -0.11111920
v 0.00934625 -0.13959990 -0.11612450
v 0.00270998 -0.12310000 -0.11146700
v 0.00000000 -0.12310000 -0.11150000
v -0.00590861 -0.12310000 -0.11134330
v -0.00042230 -0.08529996 -0.09699904
v 0.00000000 -0.12310000 -0.11150000
v 0.00270998 -0.12310000 -0.11146700
v 0.00000000 -0.13959990 -0.11650000
v 0.00000000 -0.12310000 -0.11150000
v 0.00000000 -0.13959990 -0.11650000
v -0.00590861 -0.12310000 -0.11134330
v 0.00000000 -0.12310000 -0.11150000
v 0.00000000 -0.08529996 -0.09700000
v 0.00270998 -0.12310000 -0.11146700
v 0.00000000 -0.12310000 -0.11150000
v -0.00042230 -0.08529996 -0.09699904
v 0.00000000 -0.08529996 -0.09700000
v -0.01835227 -0.12310000 -0.10997930
v -0.01563286 -0.08529996 -0.09573191
v -0.01449203 -0.12310000 -0.11055410
v -0.01835227 -0.12310000 -0.10997930
v -0.01684385 -0.08529996 -0.09552633
v -0.01563286 -0.08529996 -0.09573191
v -0.01835227 -0.12310000 -0.10997930
v -0.02298879 -0.12310000 -0.10910430
v -0.01684385 -0.08529996 -0.09552633
v -0.01835227 -0.12310000 -0.10997930
v -0.01449203 -0.12310000 -0.11055410
v -0.01914954 -0.13959990 -0.11491530
v -0.01835227 -0.12310000 -0.10997930
v -0.01914954 -0.13959990 -0.11491530
v -0.02298879 -0.12310000 -0.10910430
v -0.06346094 -0.08529996 -0.07336008
v -0.06235039 -0.08529996 -0.07430630
v -0.09489953 -0.13709991 -0.08884859
v -0.06346094 -0.08529996 -0.07336008
v -0.09489953 -0.13709991 -0.08884859
v -0.06858932 -0.08529996 -0.06858932
v -0.06346094 -0.08529996 -0.07336008
v -0.06858932 -0.08529996 -0.06858932
v -0.05855941 -0.07999998 -0.06423658
v -0.05594313 -0.07999998 -0.06652748
v -0.05238258 -0.07999998 -0.06936573
v -0.06235039 -0.08529996 -0.07430630
v -0.05594313 -0.07999998 -0.06652748
v -0.06346094 -0.08529996 -0.07336008
v -0.05855941 -0.07999998 -0.06423658
v -0.05594313 -0.07999998 -0.06652748
v -0.06235039 -0.08529996 -0.07430630
v -0.06346094 -0.08529996 -0.07336008
v -0.05594313 -0.07999998 -0.06652748
v -0.03798460 -0.06249994 0.79236883
v -0.05238258 -0.07999998 -0.06936573
v -0.04850000 -0.08529996 -0.08400446
v -0.04452550 -0.08529996 -0.08617693
v -0.09489953 -0.13709991 -0.08884859
v -0.04850000 -0.08529996 -0.08400446
v -0.09489953 -0.13709991 -0.08884859
v -0.05116760 -0.08529996 -0.08240669
v -0.04850000 -0.08529996 -0.08400446
v -0.04243528 -0.07999998 -0.07586026
v -0.04452550 -0.08529996 -0.08617693
v -0.04850000 -0.08529996 -0.08400446
v -0.05116760 -0.08529996 -0.08240669
v -0.04575884 -0.07999998 -0.07390314
v -0.04850000 -0.08529996 -0.08400446
v -0.04575884 -0.07999998 -0.07390314
v -0.04243528 -0.07999998 -0.07586026
v -0.04099392 -0.08529996 -0.08791184
v -0.03760743 -0.08529996 -0.08941292
v -0.09079098 -0.14060000 -0.09304296
v -0.04099392 -0.08529996 -0.08791184
v -0.09079098 -0.14060000 -0.09304296
v -0.04452550 -0.08529996 -0.08617693
v -0.04099392 -0.08529996 -0.08791184
v -0.04452550 -0.08529996 -0.08617693
v -0.03874474 -0.07999998 -0.07780992
v 0.02908760 -0.07999998 -0.08191120
v 0.02378749 -0.07999998 -0.08360439
v 0.01870954 -0.06249994 0.78202140
v 0.02908760 -0.07999998 -0.08191120
v 0.02965301 -0.08529996 -0.09235632
v 0.02378749 -0.07999998 -0.08360439
v 0.05044811 -0.08529996 -0.08284914
v 0.04575884 -0.07999998 -0.07390314
v 0.05563688 -0.08529996 -0.07945770
v 0.05044811 -0.08529996 -0.08284914
v 0.05975335 -0.12310000 -0.09413701
v 0.04850000 -0.08529996 -0.08400446
v 0.05044811 -0.08529996 -0.08284914
v 0.04397130 -0.07999998 -0.07498043
v 0.04575884 -0.07999998 -0.07390314
v 0.05044811 -0.08529996 -0.08284914
v 0.04850000 -0.08529996 -0.08400446
v 0.04397130 -0.07999998 -0.07498043
v 0.05044811 -0.08529996 -0.08284914
v 0.05563688 -0.08529996 -0.07945770
v 0.06098467 -0.12310000 -0.09334403
v 0.05044811 -0.08529996 -0.08284914
v 0.06098467 -0.12310000 -0.09334403
v 0.05975335 -0.12310000 -0.09413701
v 0.06684660 -0.12310000 -0.08924001
v 0.05563688 -0.08529996 -0.07945770
v 0.05680996 -0.08529996 -0.07862329
v 0.06684660 -0.12310000 -0.08924001
v 0.06098467 -0.12310000 -0.09334403
v 0.05563688 -0.08529996 -0.07945770
v 0.06684660 -0.12310000 -0.08924001
v 0.05680996 -0.08529996 -0.07862329
v 0.06848472 -0.12310000 -0.08798915
v 0.06684660 -0.12310000 -0.08924001
v 0.06980615 -0.13959990 -0.09327024
v 0.06098467 -0.12310000 -0.09334403
v 0.06684660 -0.12310000 -0.08924001
v 0.06848472 -0.12310000 -0.08798915
v 0.06980615 -0.13959990 -0.09327024
v 0.03241276 -0.06249994 0.78841537
v 0.03412693 -0.06249994 0.78953308
v 0.04575884 -0.07999998 -0.07390314
v 0.03241276 -0.06249994 0.78841537
v 0.04575884 -0.07999998 -0.07390314
v 0.04397130 -0.07999998 -0.07498043
v 0.03669351 -0.07999998 -0.07879799
v 0.03874474 -0.07999998 -0.07780992
v 0.04099398 -0.08529996 -0.08791184
v 0.03669351 -0.07999998 -0.07879799
v 0.04099398 -0.08529996 -0.08791184
v 0.03682738 -0.08529996 -0.08973699
v 0.03669351 -0.07999998 -0.07879799
v 0.03682738 -0.08529996 -0.08973699
v 0.03140008 -0.07999998 -0.08105295
v 0.03669351 -0.07999998 -0.07879799
v 0.03140008 -0.07999998 -0.08105295
v 0.02407711 -0.06249994 0.78403711
v 0.07354032 -0.12309990 -0.08380967
v 0.07551687 -0.12309990 -0.08203321
v 0.07706379 -0.13959990 -0.08736938
v 0.07354032 -0.12309990 -0.08380967
v 0.07706379 -0.13959990 -0.08736938
v 0.06848472 -0.12310000 -0.08798915
v 0.07354032 -0.12309990 -0.08380967
v 0.06281954 -0.08529996 -0.07391005
v 0.07551687 -0.12309990 -0.08203321
v 0.07354032 -0.12309990 -0.08380967
v 0.06848472 -0.12310000 -0.08798915
v 0.06235039 -0.08529996 -0.07430630
v 0.07354032 -0.12309990 -0.08380967
v 0.06235039 -0.08529996 -0.07430630
v 0.06281954 -0.08529996 -0.07391005
v 0.02229487 -0.08529996 -0.09440302
v 0.02122169 -0.07999998 -0.08429223
v 0.02510541 -0.08529996 -0.09369480
v 0.02229487 -0.08529996 -0.09440302
v 0.01984721 -0.12310000 -0.10971930
v 0.01684385 -0.08529996 -0.09552633
v 0.01355654 -0.06249994 0.78060478
v 0.01870954 -0.06249994 0.78202140
v 0.02378749 -0.07999998 -0.08360439
v 0.01355654 -0.06249994 0.78060478
v 0.02378749 -0.07999998 -0.08360439
v 0.02122169 -0.07999998 -0.08429223
v 0.02737164 -0.12310000 -0.10808810
v 0.02826339 -0.12310000 -0.10785840
v 0.02779817 -0.13959990 -0.11313490
v 0.02737164 -0.12310000 -0.10808810
v 0.02779817 -0.13959990 -0.11313490
v 0.01984721 -0.12310000 -0.10971930
v 0.02737164 -0.12310000 -0.10808810
v 0.01984721 -0.12310000 -0.10971930
v 0.02229487 -0.08529996 -0.09440302
v 0.02737164 -0.12310000 -0.10808810
v 0.02229487 -0.08529996 -0.09440302
v 0.02510541 -0.08529996 -0.09369480
v 0.02737164 -0.12310000 -0.10808810
v 0.02510541 -0.08529996 -0.09369480
v 0.02826339 -0.12310000 -0.10785840
v 0.00499302 -0.07999998 -0.08677911
v 0.00802016 -0.07999998 -0.08655184
v 0.00721049 -0.08529996 -0.09673160
v 0.00499302 -0.07999998 -0.08677911
v 0.00682116 -0.06249994 0.77946049
v 0.00802016 -0.07999998 -0.08655184
v 0.00499302 -0.07999998 -0.08677911
v 0.00000000 -0.08529996 -0.09700000
v 0.00000000 -0.07999998 -0.08692264
v 0.00499302 -0.07999998 -0.08677911
v 0.00721049 -0.08529996 -0.09673160
v 0.00000000 -0.08529996 -0.09700000
v 0.04453992 -0.12310000 -0.10221760
v 0.04478901 -0.12310000 -0.10210870
v 0.04553449 -0.13959990 -0.10723270
v 0.04453992 -0.12310000 -0.10221760
v 0.04553449 -0.13959990 -0.10723270
v 0.03651070 -0.12310000 -0.10535280
v 0.04453992 -0.12310000 -0.10221760
v 0.03651070 -0.12310000 -0.10535280
v 0.03682738 -0.08529996 -0.08973699
v 0.04453992 -0.12310000 -0.10221760
v 0.03682738 -0.08529996 -0.08973699
v 0.04478901 -0.12310000 -0.10210870
v 0.03317594 -0.08529996 -0.09115016
v 0.03682738 -0.08529996 -0.08973699
v 0.03651070 -0.12310000 -0.10535280
v 0.03317594 -0.08529996 -0.09115016
v 0.03651070 -0.12310000 -0.10535280
v 0.03620398 -0.12310000 -0.10545860
v 0.03317594 -0.08529996 -0.09115016
v 0.03620398 -0.12310000 -0.10545860
v 0.02965301 -0.08529996 -0.09235632
v 0.03317594 -0.08529996 -0.09115016
v 0.02965301 -0.08529996 -0.09235632
v 0.02908760 -0.07999998 -0.08191120
v 0.03317594 -0.08529996 -0.09115016
v 0.02908760 -0.07999998 -0.08191120
v 0.03140008 -0.07999998 -0.08105295
v 0.03317594 -0.08529996 -0.09115016
v 0.03140008 -0.07999998 -0.08105295
v 0.03682738 -0.08529996 -0.08973699
v 0.09971368 -0.12309990 -0.04989415
v 0.10210870 -0.12309990 -0.04478901
v 0.10508230 -0.13959990 -0.05029863
v 0.09971368 -0.12309990 -0.04989415
v 0.10508230 -0.13959990 -0.05029863
v 0.09806132 -0.12309990 -0.05306810
v 0.09971368 -0.12309990 -0.04989415
v 0.09806132 -0.12309990 -0.05306810
v 0.08636999 -0.08529996 -0.04414993
v 0.09971368 -0.12309990 -0.04989415
v 0.08636999 -0.08529996 -0.04414993
v 0.08791184 -0.08529996 -0.04099392
v 0.09971368 -0.12309990 -0.04989415
v 0.08791184 -0.08529996 -0.04099392
v 0.10210870 -0.12309990 -0.04478901
v -0.17956230 -0.28765380 0.30219540
v -0.17684940 -0.28727460 0.27805650
v -0.17551690 -0.28919601 0.27818221
v -0.17956230 -0.28765380 0.30219540
v -0.17775920 -0.28521341 0.27798519
v -0.17684940 -0.28727460 0.27805650
v -0.17822830 -0.28957501 0.30230859
v -0.17956230 -0.28765380 0.30219540
v -0.17551690 -0.28919601 0.27818221
v -0.16962920 -0.29297349 0.27882940
v -0.16742571 -0.29336959 0.27909139
v -0.17012230 -0.29374650 0.30308521
v -0.14610641 -0.27950349 0.03334701
v -0.14434031 -0.27950349 0.02720075
v -0.14501700 -0.28157771 0.03355640
v -0.14610641 -0.27950349 0.03334701
v -0.14629170 -0.28157771 0.03966450
v -0.14739379 -0.27950349 0.03953599
v -0.14610641 -0.27950349 0.03334701
v -0.14501700 -0.28157771 0.03355640
v -0.14629170 -0.28157771 0.03966450
v -0.14610641 -0.27950349 0.03334701
v -0.14739379 -0.27950349 0.03953599
v -0.14677610 -0.27725229 0.03321826
v -0.14355239 -0.28339660 0.03383791
v -0.14481010 -0.28339660 0.03983730
v -0.14501700 -0.28157771 0.03355640
v -0.14355239 -0.28339660 0.03383791
v -0.14300349 -0.28488830 0.04004800
v -0.14481010 -0.28339660 0.03983730
v -0.14327250 -0.28157771 0.02750080
v -0.14501700 -0.28157771 0.03355640
v -0.14434031 -0.27950349 0.02720075
v -0.14327250 -0.28157771 0.02750080
v -0.14355239 -0.28339660 0.03383791
v -0.14501700 -0.28157771 0.03355640
v -0.14716630 -0.28157771 0.04579949
v -0.14629170 -0.28157771 0.03966450
v -0.17684940 -0.28727460 0.27805650
v -0.14716630 -0.28157771 0.04579949
v -0.14739379 -0.27950349 0.03953599
v -0.14629170 -0.28157771 0.03966450
v -0.14807130 -0.27725229 0.03945696
v -0.14830101 -0.27491131 0.03943014
v -0.14700329 -0.27491131 0.03317463
v -0.14807130 -0.27725229 0.03945696
v -0.14700329 -0.27491131 0.03317463
v -0.14677610 -0.27725229 0.03321826
v -0.14807130 -0.27725229 0.03945696
v -0.14895549 -0.27725229 0.04570519
v -0.14830101 -0.27491131 0.03943014
v -0.14807130 -0.27725229 0.03945696
v -0.14677610 -0.27725229 0.03321826
v -0.14739379 -0.27950349 0.03953599
v -0.14499681 -0.27725229 0.02701634
v -0.14390200 -0.27725229 0.02393883
v -0.14434031 -0.27950349 0.02720075
v -0.14499681 -0.27725229 0.02701634
v -0.14610641 -0.27950349 0.03334701
v -0.14677610 -0.27725229 0.03321826
v -0.14499681 -0.27725229 0.02701634
v -0.14434031 -0.27950349 0.02720075
v -0.14610641 -0.27950349 0.03334701
v -0.14827430 -0.27950349 0.04574108
v -0.17684940 -0.28727460 0.27805650
v -0.17775920 -0.28521341 0.27798519
v -0.14827430 -0.27950349 0.04574108
v -0.17775920 -0.28521341 0.27798519
v -0.14895549 -0.27725229 0.04570519
v -0.14827430 -0.27950349 0.04574108
v -0.14716630 -0.28157771 0.04579949
v -0.17684940 -0.28727460 0.27805650
v -0.14827430 -0.27950349 0.04574108
v -0.14739379 -0.27950349 0.03953599
v -0.14716630 -0.28157771 0.04579949
v -0.14827430 -0.27950349 0.04574108
v -0.14807130 -0.27725229 0.03945696
v -0.14739379 -0.27950349 0.03953599
v -0.14827430 -0.27950349 0.04574108
v -0.14895549 -0.27725229 0.04570519
v -0.14807130 -0.27725229 0.03945696
v -0.18135780 -0.28976980 0.33966550
v -0.18033931 -0.29137069 0.35197970
v -0.18205971 -0.28971729 0.35188171
v -0.18135780 -0.28976980 0.33966550
v -0.18205971 -0.28971729 0.35188171
v -0.18269360 -0.28784871 0.33957309
v -0.18101420 -0.29119551 0.36874211
v -0.18132970 -0.29089051 0.38557389
v -0.18273550 -0.28954181 0.36866730
v -0.18101420 -0.29119551 0.36874211
v -0.18273550 -0.28954181 0.36866730
v -0.18205971 -0.28971729 0.35188171
v -0.18101420 -0.29119551 0.36874211
v -0.18205971 -0.28971729 0.35188171
v -0.18033931 -0.29137069 0.35197970
v -0.18167929 -0.28571451 0.31468371
v -0.17956230 -0.28765380 0.30219540
v -0.18076900 -0.28777561 0.31475091
v -0.18430699 -0.28573501 0.35174111
v -0.18360420 -0.28578761 0.33950999
v -0.18269360 -0.28784871 0.33957309
v -0.18373010 -0.15984771 0.26713791
v -0.18520211 -0.15961330 0.28408429
v -0.09663087 -0.08529996 -0.00845408
v -0.18373010 -0.15984771 0.26713791
v -0.09663087 -0.08529996 -0.00845408
v -0.18258590 -0.15997760 0.25556850
v -0.18373010 -0.15984771 0.26713791
v -0.18258590 -0.15997760 0.25556850
v -0.18223161 -0.16763780 0.25220090
v -0.18895321 -0.16527221 0.36889711
v -0.18897501 -0.15705240 0.38723430
v -0.18896140 -0.15761970 0.36987591
v -0.18895321 -0.16527221 0.36889711
v -0.18896140 -0.15761970 0.36987591
v -0.18892489 -0.16535850 0.36607781
v -0.18832630 -0.16610640 0.33928880
v -0.18559740 -0.28149399 0.36846781
v -0.18892489 -0.16535850 0.36607781
v -0.18832630 -0.16610640 0.33928880
v -0.18892489 -0.16535850 0.36607781
v -0.18879239 -0.15799980 0.35717589
v -0.18832630 -0.16610640 0.33928880
v -0.18879239 -0.15799980 0.35717589
v -0.18839060 -0.15843460 0.34125501
v -0.18693200 -0.16679379 0.30906579
v -0.18491980 -0.16728960 0.28060651
v -0.18421981 -0.28172201 0.33946741
v -0.18693200 -0.16679379 0.30906579
v -0.18616930 -0.15939739 0.29710811
v -0.18491980 -0.16728960 0.28060651
v -0.18693200 -0.16679379 0.30906579
v -0.18713740 -0.15909910 0.31265220
v -0.18616930 -0.15939739 0.29710811
v -0.18335830 -0.28171521 0.32732359
v -0.18421981 -0.28172201 0.33946741
v -0.18491980 -0.16728960 0.28060651
v -0.18409750 -0.28371131 0.33947590
v -0.18421981 -0.28172201 0.33946741
v -0.18335830 -0.28171521 0.32732359
v -0.18409750 -0.28371131 0.33947590
v -0.18360420 -0.28578761 0.33950999
v -0.18430699 -0.28573501 0.35174111
v -0.18206580 -0.16765261 0.25065541
v -0.18054080 -0.16013320 0.23723620
v -0.17886890 -0.16783939 0.22386581
v -0.18206580 -0.16765261 0.25065541
v -0.18223161 -0.16763780 0.25220090
v -0.18258590 -0.15997760 0.25556850
v -0.18206580 -0.16765261 0.25065541
v -0.18258590 -0.15997760 0.25556850
v -0.18054080 -0.16013320 0.23723620
v -0.14146920 -0.27491131 0.01777219
v -0.11654510 -0.14259990 -0.05759549
v -0.11264000 -0.14759991 -0.06490170
v -0.14146920 -0.27491131 0.01777219
v -0.11264000 -0.14759991 -0.06490170
v -0.14125800 -0.27725229 0.01786595
v -0.01107847 -0.28691131 -0.03480142
v 0.00734246 -0.28691131 -0.03819596
v -0.16742571 -0.29336959 0.27909139
v -0.01107847 -0.28691131 -0.03480142
v -0.16742571 -0.29336959 0.27909139
v -0.02051776 -0.28691131 -0.03287923
v -0.01107847 -0.28691131 -0.03480142
v -0.02051776 -0.28691131 -0.03287923
v 0.00709128 -0.28682381 -0.03962045
v -0.01107847 -0.28691131 -0.03480142
v 0.00709128 -0.28682381 -0.03962045
v 0.00734246 -0.28691131 -0.03819596
v -0.16530719 -0.29335591 0.27935091
v 0.00734246 -0.28691131 -0.03819596
v -0.16799910 -0.29373220 0.30330169
v -0.16530719 -0.29335591 0.27935091
v -0.16799910 -0.29373220 0.30330169
v -0.16742571 -0.29336959 0.27909139
v -0.16530719 -0.29335591 0.27935091
v -0.16742571 -0.29336959 0.27909139
v 0.00734246 -0.28691131 -0.03819596
v -0.17353360 -0.29347241 0.31538460
v -0.17012230 -0.29374650 0.30308521
v -0.17132390 -0.29386771 0.31559059
v -0.17323300 -0.29393989 0.34022781
v -0.17110370 -0.29392511 0.34037501
v -0.17392761 -0.29388791 0.35232010
v -0.17323300 -0.29393989 0.34022781
v -0.17238040 -0.29393339 0.32819989
v -0.17025390 -0.29391870 0.32838491
v -0.17323300 -0.29393989 0.34022781
v -0.17025390 -0.29391870 0.32838491
v -0.17110370 -0.29392511 0.34037501
v -0.09057772 -0.28691131 -0.01084196
v -0.08572256 -0.28691131 -0.01303464
v -0.16435540 -0.29283679 0.25567681
v -0.09057772 -0.28691131 -0.01084196
v -0.16435540 -0.29283679 0.25567681
v -0.09530836 -0.28691131 -0.00853580
v -0.09057772 -0.28691131 -0.01084196
v -0.09530836 -0.28691131 -0.00853580
v -0.09165084 -0.28668001 -0.01292037
v -0.02198219 -0.28488830 -0.03937929
v -0.02238172 -0.28339660 -0.04115277
v -0.01276952 -0.28339660 -0.04311347
v -0.02198219 -0.28488830 -0.03937929
v -0.01276952 -0.28339660 -0.04311347
v -0.01240706 -0.28488830 -0.04133170
v -0.02198219 -0.28488830 -0.03937929
v -0.01240706 -0.28488830 -0.04133170
v -0.02152651 -0.28599790 -0.03735685
v -0.02198219 -0.28488830 -0.03937929
v -0.02152651 -0.28599790 -0.03735685
v -0.03633725 -0.28599790 -0.03395944
v -0.05257862 -0.28488830 -0.03175622
v -0.05195593 -0.28599790 -0.02977913
v -0.06206560 -0.28599790 -0.02671009
v -0.05257862 -0.28488830 -0.03175622
v -0.06206560 -0.28599790 -0.02671009
v -0.06275051 -0.28488830 -0.02866673
v -0.05257862 -0.28488830 -0.03175622
v -0.04460895 -0.28488830 -0.03397238
v -0.05195593 -0.28599790 -0.02977913
v -0.05257862 -0.28488830 -0.03175622
v -0.06275051 -0.28488830 -0.02866673
v -0.05312466 -0.28339660 -0.03348988
v -0.05257862 -0.28488830 -0.03175622
v -0.05312466 -0.28339660 -0.03348988
v -0.04511493 -0.28339660 -0.03571820
v -0.05257862 -0.28488830 -0.03175622
v -0.04511493 -0.28339660 -0.03571820
v -0.04460895 -0.28488830 -0.03397238
v -0.03687065 -0.28488830 -0.03596252
v -0.03633725 -0.28599790 -0.03395944
v -0.04403191 -0.28599790 -0.03198146
v -0.03687065 -0.28488830 -0.03596252
v -0.04403191 -0.28599790 -0.03198146
v -0.04460895 -0.28488830 -0.03397238
v -0.03687065 -0.28488830 -0.03596252
v -0.02198219 -0.28488830 -0.03937929
v -0.03633725 -0.28599790 -0.03395944
v -0.03687065 -0.28488830 -0.03596252
v -0.04460895 -0.28488830 -0.03397238
v -0.03733843 -0.28339660 -0.03771901
v -0.03687065 -0.28488830 -0.03596252
v -0.03733843 -0.28339660 -0.03771901
v -0.02238172 -0.28339660 -0.04115277
v -0.03687065 -0.28488830 -0.03596252
v -0.02238172 -0.28339660 -0.04115277
v -0.02198219 -0.28488830 -0.03937929
v 0.00618482 -0.28488830 -0.04476112
v -0.01240706 -0.28488830 -0.04133170
v 0.00615871 -0.28478709 -0.04490917
v 0.00618482 -0.28488830 -0.04476112
v 0.00654501 -0.28599790 -0.04271841
v -0.01199370 -0.28599790 -0.03929984
v 0.00618482 -0.28488830 -0.04476112
v -0.01199370 -0.28599790 -0.03929984
v -0.01240706 -0.28488830 -0.04133170
v 0.00618482 -0.28488830 -0.04476112
v 0.00615871 -0.28478709 -0.04490917
v 0.01108276 -0.28478709 -0.04577744
v 0.00618482 -0.28488830 -0.04476112
v 0.01108276 -0.28478709 -0.04577744
v 0.00654501 -0.28599790 -0.04271841
v 0.10326990 -0.12309990 -0.04204243
v 0.10877880 -0.13959990 -0.04170626
v 0.10210870 -0.12309990 -0.04478901
v 0.10326990 -0.12309990 -0.04204243
v 0.10545860 -0.12309990 -0.03620398
v 0.10877880 -0.13959990 -0.04170626
v 0.10326990 -0.12309990 -0.04204243
v 0.10210870 -0.12309990 -0.04478901
v 0.08957582 -0.08529996 -0.03721785
v 0.08557218 -0.12309990 -0.07148170
v 0.08798915 -0.12309990 -0.06848472
v 0.09004515 -0.13959990 -0.07391965
v 0.08557218 -0.12309990 -0.07148170
v 0.09004515 -0.13959990 -0.07391965
v 0.08203321 -0.12309990 -0.07551687
v 0.08557218 -0.12309990 -0.07148170
v 0.08203321 -0.12309990 -0.07551687
v 0.07363575 -0.08529996 -0.06314080
v 0.07430630 -0.08529996 -0.06235039
v 0.07837522 -0.08529996 -0.05715167
v 0.08798915 -0.12309990 -0.06848472
v 0.07430630 -0.08529996 -0.06235039
v 0.08557218 -0.12309990 -0.07148170
v 0.07363575 -0.08529996 -0.06314080
v 0.07430630 -0.08529996 -0.06235039
v 0.08798915 -0.12309990 -0.06848472
v 0.08557218 -0.12309990 -0.07148170
v 0.07430630 -0.08529996 -0.06235039
v 0.06855726 -0.07999998 -0.05343627
v 0.07837522 -0.08529996 -0.05715167
v 0.07430630 -0.08529996 -0.06235039
v 0.07363575 -0.08529996 -0.06314080
v 0.06423664 -0.07999998 -0.05855935
v 0.07430630 -0.08529996 -0.06235039
v 0.06423664 -0.07999998 -0.05855935
v 0.06855726 -0.07999998 -0.05343627
v -0.07239735 -0.18149281 -0.09127360
v -0.07059043 -0.18123330 -0.09267818
v -0.11502000 -0.27950349 -0.00984854
v -0.07239735 -0.18149281 -0.09127360
v -0.11502000 -0.27950349 -0.00984854
v -0.11942760 -0.27950349 -0.00671357
v -0.07239735 -0.18149281 -0.09127360
v -0.11942760 -0.27950349 -0.00671357
v -0.07424980 -0.18176830 -0.08977305
v -0.07239735 -0.18149281 -0.09127360
v -0.07424980 -0.18176830 -0.08977305
v -0.09653288 -0.14759991 -0.08707118
v -0.07239735 -0.18149281 -0.09127360
v -0.09653288 -0.14759991 -0.08707118
v -0.07059043 -0.18123330 -0.09267818
v -0.04148072 -0.17818430 -0.10886500
v -0.04191970 -0.17821629 -0.10869670
v -0.09079098 -0.14259990 -0.09304296
v -0.04148072 -0.17818430 -0.10886500
v -0.09079098 -0.14259990 -0.09304296
v -0.03751009 -0.17790879 -0.11029610
v -0.04148072 -0.17818430 -0.10886500
v -0.03751009 -0.17790879 -0.11029610
v -0.06384372 -0.28157771 -0.03178972
v -0.04148072 -0.17818430 -0.10886500
v -0.06384372 -0.28157771 -0.03178972
v -0.04191970 -0.17821629 -0.10869670
v -0.12801670 -0.27725229 -0.00029208
v -0.13167040 -0.27725229 0.00354379
v -0.09653288 -0.14759991 -0.08707118
v -0.12801670 -0.27725229 -0.00029208
v -0.09653288 -0.14759991 -0.08707118
v -0.12752309 -0.27950349 0.00017820
v -0.12285630 -0.28157771 -0.00256127
v -0.12360660 -0.27950349 -0.00337803
v -0.11942760 -0.27950349 -0.00671357
v -0.13546990 -0.27950349 0.00945359
v -0.13604151 -0.27725229 0.00908214
v -0.13394770 -0.27725229 0.00627518
v -0.13546990 -0.27950349 0.00945359
v -0.13394770 -0.27725229 0.00627518
v -0.13339721 -0.27950349 0.00667727
v -0.13114271 -0.27950349 0.00397539
v -0.13250180 -0.28157771 0.00733137
v -0.13339721 -0.27950349 0.00667727
v -0.13114271 -0.27950349 0.00397539
v -0.13339721 -0.27950349 0.00667727
v -0.13167040 -0.27725229 0.00354379
v -0.13114271 -0.27950349 0.00397539
v -0.12801670 -0.27725229 -0.00029208
v -0.12752309 -0.27950349 0.00017820
v -0.13114271 -0.27950349 0.00397539
v -0.13167040 -0.27725229 0.00354379
v -0.12801670 -0.27725229 -0.00029208
v -0.08172589 -0.28668001 -0.01725202
v -0.07236689 -0.28599790 -0.02322763
v -0.07154357 -0.28668001 -0.02113336
v -0.08172589 -0.28668001 -0.01725202
v -0.08264446 -0.28599790 -0.01930600
v -0.07236689 -0.28599790 -0.02322763
v -0.08172589 -0.28668001 -0.01725202
v -0.07154357 -0.28668001 -0.02113336
v -0.08077067 -0.28691131 -0.01511633
v -0.08172589 -0.28668001 -0.01725202
v -0.08077067 -0.28691131 -0.01511633
v -0.08572256 -0.28691131 -0.01303464
v -0.09644871 -0.28668001 -0.01057827
v -0.09165084 -0.28668001 -0.01292037
v -0.09530836 -0.28691131 -0.00853580
v -0.09644871 -0.28668001 -0.01057827
v -0.09530836 -0.28691131 -0.00853580
v -0.09988647 -0.28691131 -0.00611377
v -0.09644871 -0.28668001 -0.01057827
v -0.09268289 -0.28599790 -0.01491916
v -0.09165084 -0.28668001 -0.01292037
v -0.09644871 -0.28668001 -0.01057827
v -0.09754544 -0.28599790 -0.01254254
v -0.09268289 -0.28599790 -0.01491916
v -0.11769250 -0.28668001 0.00305992
v -0.12119400 -0.28668001 0.00620770
v -0.11921480 -0.28599790 0.00140268
v -0.10334360 -0.28488830 -0.01180863
v -0.10682330 -0.28599790 -0.00739574
v -0.10797030 -0.28488830 -0.00912225
v -0.10334360 -0.28488830 -0.01180863
v -0.10797030 -0.28488830 -0.00912225
v -0.10428680 -0.28339660 -0.01336240
v -0.10334360 -0.28488830 -0.01180863
v -0.10428680 -0.28339660 -0.01336240
v -0.09944194 -0.28339660 -0.01593929
v -0.11532490 -0.28599790 -0.00168383
v -0.11769250 -0.28668001 0.00305992
v -0.11921480 -0.28599790 0.00140268
v -0.11532490 -0.28599790 -0.00168383
v -0.11921480 -0.28599790 0.00140268
v -0.11663520 -0.28488830 -0.00329029
v -0.12920140 -0.28691131 0.02020585
v -0.12776150 -0.28691131 0.01782298
v -0.16435540 -0.29283679 0.25567681
v -0.13495570 -0.28668001 0.02690029
v -0.16435540 -0.29283679 0.25567681
v -0.13592380 -0.28668001 0.02956539
v -0.11872660 -0.28157771 -0.00585425
v -0.11942760 -0.27950349 -0.00671357
v -0.11502000 -0.27950349 -0.00984854
v -0.11872660 -0.28157771 -0.00585425
v -0.11502000 -0.27950349 -0.00984854
v -0.11436480 -0.28157771 -0.00895417
v -0.11872660 -0.28157771 -0.00585425
v -0.12285630 -0.28157771 -0.00256127
v -0.11942760 -0.27950349 -0.00671357
v -0.11872660 -0.28157771 -0.00585425
v -0.12184750 -0.28339660 -0.00146317
v -0.12285630 -0.28157771 -0.00256127
v -0.11240950 -0.28488830 -0.00628561
v -0.10897610 -0.28339660 -0.01063621
v -0.10797030 -0.28488830 -0.00912225
v -0.11240950 -0.28488830 -0.00628561
v -0.11348380 -0.28339660 -0.00775170
v -0.10897610 -0.28339660 -0.01063621
v -0.11240950 -0.28488830 -0.00628561
v -0.11663520 -0.28488830 -0.00329029
v -0.11348380 -0.28339660 -0.00775170
v -0.11240950 -0.28488830 -0.00628561
v -0.11532490 -0.28599790 -0.00168383
v -0.11663520 -0.28488830 -0.00329029
v -0.13969260 -0.27725229 0.01488643
v -0.14125800 -0.27725229 0.01786595
v -0.11264000 -0.14759991 -0.06490170
v -0.13969260 -0.27725229 0.01488643
v -0.11264000 -0.14759991 -0.06490170
v -0.13795529 -0.27725229 0.01195549
v -0.14265840 -0.27725229 0.02088612
v -0.14125800 -0.27725229 0.01786595
v -0.14202221 -0.27950349 0.02113115
v -0.14265840 -0.27725229 0.02088612
v -0.14146920 -0.27491131 0.01777219
v -0.14125800 -0.27725229 0.01786595
v -0.14325480 -0.27950349 0.02415311
v -0.14434031 -0.27950349 0.02720075
v -0.14390200 -0.27725229 0.02393883
v -0.14325480 -0.27950349 0.02415311
v -0.14327250 -0.28157771 0.02750080
v -0.14434031 -0.27950349 0.02720075
v -0.14325480 -0.27950349 0.02415311
v -0.14265840 -0.27725229 0.02088612
v -0.14202221 -0.27950349 0.02113115
v -0.14325480 -0.27950349 0.02415311
v -0.14390200 -0.27725229 0.02393883
v -0.14265840 -0.27725229 0.02088612
v 0.05799013 -0.15348820 0.90282828
v 0.05755549 -0.15339109 0.90322691
v 0.00672293 -0.23826090 0.85987759
v 0.05799013 -0.15348820 0.90282828
v 0.00672293 -0.23826090 0.85987759
v 0.06010079 -0.15397720 0.90081239
v 0.05799013 -0.15348820 0.90282828
v 0.06010079 -0.15397720 0.90081239
v 0.05955547 -0.10890000 0.90134662
v 0.05799013 -0.15348820 0.90282828
v 0.05955547 -0.10890000 0.90134662
v 0.05755549 -0.15339109 0.90322691
v 0.04810559 -0.15156449 0.91068321
v 0.04475808 -0.15102920 0.91284901
v 0.00672293 -0.23826090 0.85987759
v 0.04810559 -0.15156449 0.91068321
v 0.00672293 -0.23826090 0.85987759
v 0.04819434 -0.15157969 0.91062272
v 0.04810559 -0.15156449 0.91068321
v 0.04819434 -0.15157969 0.91062272
v 0.04670858 -0.10890000 0.91161400
v 0.04810559 -0.15156449 0.91068321
v 0.04670858 -0.10890000 0.91161400
v 0.04475808 -0.15102920 0.91284901
v 0.03453600 -0.14969350 0.91821468
v 0.03710347 -0.14998969 0.91702962
v 0.03213351 -0.10890000 0.91923189
v 0.03453600 -0.14969350 0.91821468
v 0.00634694 -0.23612840 0.86179602
v 0.03710347 -0.14998969 0.91702962
v 0.06100517 -0.15419669 0.89990509
v 0.06010079 -0.15397720 0.90081239
v 0.00672293 -0.23826090 0.85987759
v 0.06100517 -0.15419669 0.89990509
v 0.00672293 -0.23826090 0.85987759
v 0.06253868 -0.15458360 0.89830232
v 0.06100517 -0.15419669 0.89990509
v 0.06253868 -0.15458360 0.89830232
v 0.05955547 -0.10890000 0.90134662
v 0.06100517 -0.15419669 0.89990509
v 0.05955547 -0.10890000 0.90134662
v 0.06010079 -0.15397720 0.90081239
v -0.01750612 -0.24443249 0.85666621
v -0.02494615 -0.24579491 0.85604942
v -0.02457314 -0.24655350 0.85385442
v -0.01723641 -0.24520530 0.85446078
v -0.02457314 -0.24655350 0.85385442
v -0.02426975 -0.24687269 0.85154378
v -0.01723641 -0.24520530 0.85446078
v -0.02426975 -0.24687269 0.85154378
v -0.00261432 -0.24289410 0.85327047
v -0.01723641 -0.24520530 0.85446078
v -0.01750612 -0.24443249 0.85666621
v -0.02457314 -0.24655350 0.85385442
v -0.00311410 -0.24005970 0.85980481
v -0.00296050 -0.24093071 0.85865670
v 0.00672293 -0.23826090 0.85987759
v -0.00311410 -0.24005970 0.85980481
v -0.01286077 -0.24235550 0.85891283
v -0.00296050 -0.24093071 0.85865670
v 0.07900524 -0.16060810 0.87268668
v 0.07881027 -0.16050079 0.87315363
v 0.00700831 -0.23987930 0.85749680
v 0.07900524 -0.16060810 0.87268668
v 0.00700831 -0.23987930 0.85749680
v 0.07984656 -0.16109160 0.87057400
v 0.07900524 -0.16060810 0.87268668
v 0.07984656 -0.16109160 0.87057400
v 0.07824528 -0.10890000 0.87446642
v 0.07900524 -0.16060810 0.87268668
v 0.07824528 -0.10890000 0.87446642
v 0.07881027 -0.16050079 0.87315363
v 0.02276629 -0.06419992 0.90460610
v 0.02116763 -0.06419992 0.90514737
v 0.02293246 -0.06469994 0.90507770
v 0.02276629 -0.06419992 0.90460610
v 0.02293246 -0.06469994 0.90507770
v 0.02786141 -0.06419992 0.90257788
v 0.02276629 -0.06419992 0.90460610
v 0.02012145 -0.06249994 0.89750391
v 0.02116763 -0.06419992 0.90514737
v 0.01602518 -0.06419992 0.90659922
v 0.01424193 -0.06419992 0.90700322
v 0.01614212 -0.06469994 0.90708530
v 0.01602518 -0.06419992 0.90659922
v 0.01614212 -0.06469994 0.90708530
v 0.02116763 -0.06419992 0.90514737
v 0.01602518 -0.06419992 0.90659922
v 0.01355654 -0.06249994 0.89939523
v 0.01424193 -0.06419992 0.90700322
v 0.03546077 -0.06419992 0.89860702
v 0.03424996 -0.06419992 0.89932281
v 0.03571963 -0.06469994 0.89903492
v 0.03546077 -0.06419992 0.89860702
v 0.03571963 -0.06469994 0.89903492
v 0.04026329 -0.06419992 0.89541769
v 0.03546077 -0.06419992 0.89860702
v 0.04026329 -0.06419992 0.89541769
v 0.03241276 -0.06249994 0.89158469
v 0.02926766 -0.06419992 0.90193272
v 0.02786141 -0.06419992 0.90257788
v 0.02948129 -0.06469994 0.90238482
v 0.02926766 -0.06419992 0.90193272
v 0.02948129 -0.06469994 0.90238482
v 0.03424996 -0.06419992 0.89932281
v 0.02926766 -0.06419992 0.90193272
v 0.03424996 -0.06419992 0.89932281
v 0.02643334 -0.06249994 0.89488947
v 0.02071166 -0.06249994 0.89729393
v 0.02276629 -0.06419992 0.90460610
v 0.02786141 -0.06419992 0.90257788
v 0.02071166 -0.06249994 0.89729393
v 0.02012145 -0.06249994 0.89750391
v 0.02276629 -0.06419992 0.90460610
v 0.03107011 -0.06249994 0.89240432
v 0.02643334 -0.06249994 0.89488947
v 0.03424996 -0.06419992 0.89932281
v 0.03107011 -0.06249994 0.89240432
v 0.03546077 -0.06419992 0.89860702
v 0.03241276 -0.06249994 0.89158469
v 0.03107011 -0.06249994 0.89240432
v 0.03424996 -0.06419992 0.89932281
v 0.03546077 -0.06419992 0.89860702
v 0.01523387 -0.06249994 0.89898729
v 0.02116763 -0.06419992 0.90514737
v 0.02012145 -0.06249994 0.89750391
v 0.01523387 -0.06249994 0.89898729
v 0.01602518 -0.06419992 0.90659922
v 0.02116763 -0.06419992 0.90514737
v 0.01523387 -0.06249994 0.89898729
v 0.01355654 -0.06249994 0.89939523
v 0.01602518 -0.06419992 0.90659922
v 0.00911528 -0.06419992 0.90789092
v 0.00716019 -0.06419992 0.90812480
v 0.00918180 -0.06469994 0.90838641
v 0.00911528 -0.06419992 0.90789092
v 0.00918180 -0.06469994 0.90838641
v 0.01424193 -0.06419992 0.90700322
v 0.01522386 -0.14820510 0.92413378
v 0.01548337 -0.14821680 0.92408639
v 0.01636952 -0.10890000 0.92391843
v 0.01522386 -0.14820510 0.92413378
v 0.01636952 -0.10890000 0.92391843
v 0.01267492 -0.14809820 0.92455530
v 0.01522386 -0.14820510 0.92413378
v 0.01267492 -0.14809820 0.92455530
v 0.00634694 -0.23612840 0.86179602
v 0.01522386 -0.14820510 0.92413378
v 0.00634694 -0.23612840 0.86179602
v 0.01548337 -0.14821680 0.92408639
v 0.00985145 -0.14800321 0.92493057
v 0.01267492 -0.14809820 0.92455530
v 0.00822288 -0.10890000 0.92510372
v 0.00985145 -0.14800321 0.92493057
v 0.00822288 -0.10890000 0.92510372
v 0.00762439 -0.14794530 0.92515939
v 0.00985145 -0.14800321 0.92493057
v 0.00762439 -0.14794530 0.92515939
v -0.01357871 -0.23894051 0.86203408
v 0.00985145 -0.14800321 0.92493057
v -0.01357871 -0.23894051 0.86203408
v -0.00348735 -0.23794280 0.86174017
v 0.00985145 -0.14800321 0.92493057
v -0.00348735 -0.23794280 0.86174017
v 0.01267492 -0.14809820 0.92455530
v 0.01827687 -0.14835900 0.92352390
v 0.02105516 -0.14852481 0.92286718
v 0.01636952 -0.10890000 0.92391843
v 0.01827687 -0.14835900 0.92352390
v 0.01636952 -0.10890000 0.92391843
v 0.01548337 -0.14821680 0.92408639
v 0.01827687 -0.14835900 0.92352390
v 0.01548337 -0.14821680 0.92408639
v 0.00634694 -0.23612840 0.86179602
v 0.01827687 -0.14835900 0.92352390
v 0.00634694 -0.23612840 0.86179602
v 0.02105516 -0.14852481 0.92286718
v 0.00701284 -0.14793190 0.92521203
v 0.00762439 -0.14794530 0.92515939
v 0.00822288 -0.10890000 0.92510372
v 0.00701284 -0.14793190 0.92521203
v 0.00822288 -0.10890000 0.92510372
v 0.00415850 -0.14788450 0.92539901
v 0.00701284 -0.14793190 0.92521203
v 0.00415850 -0.14788450 0.92539901
v -0.01864016 -0.23984320 0.86178350
v 0.00701284 -0.14793190 0.92521203
v -0.01864016 -0.23984320 0.86178350
v 0.00762439 -0.14794530 0.92515939
v 0.04115378 -0.15050919 0.91494411
v 0.04210543 -0.15064099 0.91441357
v 0.03960460 -0.10890000 0.91577423
v 0.04115378 -0.15050919 0.91494411
v 0.03960460 -0.10890000 0.91577423
v 0.03962683 -0.15030560 0.91576231
v 0.04115378 -0.15050919 0.91494411
v 0.03962683 -0.15030560 0.91576231
v 0.00634694 -0.23612840 0.86179602
v 0.04115378 -0.15050919 0.91494411
v 0.00634694 -0.23612840 0.86179602
v 0.04210543 -0.15064099 0.91441357
v 0.09115016 -0.08529996 -0.03317594
v 0.08957582 -0.08529996 -0.03721785
v 0.08105295 -0.07999998 -0.03140008
v 0.09115016 -0.08529996 -0.03317594
v 0.08105295 -0.07999998 -0.03140008
v 0.09222632 -0.08529996 -0.03005498
v 0.09115016 -0.08529996 -0.03317594
v 0.09222632 -0.08529996 -0.03005498
v 0.10545860 -0.12309990 -0.03620398
v 0.09115016 -0.08529996 -0.03317594
v 0.10326990 -0.12309990 -0.04204243
v 0.08957582 -0.08529996 -0.03721785
v 0.09115016 -0.08529996 -0.03317594
v 0.10545860 -0.12309990 -0.03620398
v 0.10326990 -0.12309990 -0.04204243
v 0.05584120 -0.06249994 0.81564182
v 0.08105295 -0.07999998 -0.03140008
v 0.08077567 -0.07999998 -0.03210663
v 0.05584120 -0.06249994 0.81564182
v 0.08077567 -0.07999998 -0.03210663
v 0.07780992 -0.07999998 -0.03874474
v 0.08360439 -0.07999998 -0.02378749
v 0.09369480 -0.08529996 -0.02510541
v 0.08344680 -0.07999998 -0.02433449
v 0.08360439 -0.07999998 -0.02378749
v 0.09430503 -0.08529996 -0.02270579
v 0.09369480 -0.08529996 -0.02510541
v 0.08360439 -0.07999998 -0.02378749
v 0.08537203 -0.07999998 -0.01634478
v 0.09430503 -0.08529996 -0.02270579
v 0.08360439 -0.07999998 -0.02378749
v 0.08344680 -0.07999998 -0.02433449
v 0.05788379 -0.06249994 0.82099921
v 0.10620900 -0.12309990 -0.03393948
v 0.10545860 -0.12309990 -0.03620398
v 0.09222632 -0.08529996 -0.03005498
v 0.10620900 -0.12309990 -0.03393948
v 0.09222632 -0.08529996 -0.03005498
v 0.09369480 -0.08529996 -0.02510541
v 0.10620900 -0.12309990 -0.03393948
v 0.11177410 -0.13959990 -0.03284496
v 0.10545860 -0.12309990 -0.03620398
v 0.08544260 -0.07999998 -0.01597195
v 0.09579914 -0.08529996 -0.01521575
v 0.09552633 -0.08529996 -0.01684385
v 0.08544260 -0.07999998 -0.01597195
v 0.09552633 -0.08529996 -0.01684385
v 0.08537203 -0.07999998 -0.01634478
v 0.08544260 -0.07999998 -0.01597195
v 0.08653414 -0.07999998 -0.00820905
v 0.09579914 -0.08529996 -0.01521575
v 0.08544260 -0.07999998 -0.01597195
v 0.06053954 -0.06249994 0.83317888
v 0.08653414 -0.07999998 -0.00820905
v 0.05956572 -0.06249994 0.82721370
v 0.08544260 -0.07999998 -0.01597195
v 0.08537203 -0.07999998 -0.01634478
v 0.05956572 -0.06249994 0.82721370
v 0.06053954 -0.06249994 0.83317888
v 0.08544260 -0.07999998 -0.01597195
v 0.10808810 -0.12309990 -0.02737158
v 0.09369480 -0.08529996 -0.02510541
v 0.09430503 -0.08529996 -0.02270579
v 0.10808810 -0.12309990 -0.02737158
v 0.09430503 -0.08529996 -0.02270579
v 0.10851340 -0.12309990 -0.02563363
v 0.10808810 -0.12309990 -0.02737158
v 0.10620900 -0.12309990 -0.03393948
v 0.09369480 -0.08529996 -0.02510541
v 0.10808810 -0.12309990 -0.02737158
v 0.11177410 -0.13959990 -0.03284496
v 0.10620900 -0.12309990 -0.03393948
v 0.10808810 -0.12309990 -0.02737158
v 0.10851340 -0.12309990 -0.02563363
v 0.11404880 -0.13959990 -0.02377194
v 0.10808810 -0.12309990 -0.02737158
v 0.11404880 -0.13959990 -0.02377194
v 0.11177410 -0.13959990 -0.03284496
v 0.06058245 -0.06249994 0.83357102
v 0.08655184 -0.07999998 -0.00802016
v 0.08653414 -0.07999998 -0.00820905
v 0.06058245 -0.06249994 0.83357102
v 0.08653414 -0.07999998 -0.00820905
v 0.06053954 -0.06249994 0.83317888
v 0.06058245 -0.06249994 0.83357102
v 0.06812471 -0.06419992 0.83283991
v 0.08655184 -0.07999998 -0.00802016
v 0.06058245 -0.06249994 0.83357102
v 0.06092262 -0.06249994 0.83999997
v 0.06812471 -0.06419992 0.83283991
v -0.18890510 -0.16441900 0.39459690
v -0.18884960 -0.15665470 0.39849770
v -0.18897501 -0.15705240 0.38723430
v -0.18890510 -0.16441900 0.39459690
v -0.18897501 -0.15705240 0.38723430
v -0.18895321 -0.16527221 0.36889711
v -0.18562700 -0.28324509 0.40229270
v -0.18526541 -0.28218511 0.41793650
v -0.18583409 -0.28074229 0.40221921
v -0.18529969 -0.28525370 0.38541970
v -0.18438870 -0.28731480 0.38547209
v -0.18481860 -0.28584671 0.40235901
v -0.18407249 -0.28762040 0.36860010
v -0.18273550 -0.28954181 0.36866730
v -0.18438870 -0.28731480 0.38547209
v -0.18407249 -0.28762040 0.36860010
v -0.18529969 -0.28525370 0.38541970
v -0.18498340 -0.28555939 0.36854371
v -0.18407249 -0.28762040 0.36860010
v -0.18438870 -0.28731480 0.38547209
v -0.18529969 -0.28525370 0.38541970
v -0.18416511 -0.28711870 0.40238699
v -0.18481860 -0.28584671 0.40235901
v -0.18438870 -0.28731480 0.38547209
v -0.18416511 -0.28711870 0.40238699
v -0.18438870 -0.28731480 0.38547209
v -0.18334500 -0.28832981 0.40241030
v -0.18416511 -0.28711870 0.40238699
v -0.18386170 -0.28632241 0.41804111
v -0.18481860 -0.28584671 0.40235901
v -0.18416511 -0.28711870 0.40238699
v -0.18334500 -0.28832981 0.40241030
v -0.18386170 -0.28632241 0.41804111
v -0.18236759 -0.28944841 0.40242800
v -0.18334500 -0.28832981 0.40241030
v -0.18305141 -0.28923640 0.38552451
v -0.18236759 -0.28944841 0.40242800
v -0.18305141 -0.28923640 0.38552451
v -0.18132970 -0.29089051 0.38557389
v -0.18236759 -0.28944841 0.40242800
v -0.18080400 -0.28990069 0.41805819
v -0.18252490 -0.28824499 0.41806251
v -0.18236759 -0.28944841 0.40242800
v -0.18252490 -0.28824499 0.41806251
v -0.18334500 -0.28832981 0.40241030
v -0.18002060 -0.28923991 0.43361020
v -0.18174030 -0.28758311 0.43363819
v -0.18252490 -0.28824499 0.41806251
v -0.18002060 -0.28923991 0.43361020
v -0.18252490 -0.28824499 0.41806251
v -0.18080400 -0.28990069 0.41805819
v -0.18002060 -0.28923991 0.43361020
v -0.18080400 -0.28990069 0.41805819
v -0.17878990 -0.29118341 0.41802770
v -0.18002060 -0.28923991 0.43361020
v -0.17692199 -0.28976071 0.44897890
v -0.17893240 -0.28847519 0.44907150
v -0.18307640 -0.28566000 0.43363070
v -0.18386170 -0.28632241 0.41804111
v -0.18252490 -0.28824499 0.41806251
v -0.18307640 -0.28566000 0.43363070
v -0.18252490 -0.28824499 0.41806251
v -0.18174030 -0.28758311 0.43363819
v -0.18307640 -0.28566000 0.43363070
v -0.18174030 -0.28758311 0.43363819
v -0.18198590 -0.28489360 0.44912639
v -0.18307640 -0.28566000 0.43363070
v -0.18398701 -0.28359839 0.43359089
v -0.18386170 -0.28632241 0.41804111
v -0.18307640 -0.28566000 0.43363070
v -0.18289630 -0.28283170 0.44909030
v -0.18398701 -0.28359839 0.43359089
v -0.18307640 -0.28566000 0.43363070
v -0.18198590 -0.28489360 0.44912639
v -0.18289630 -0.28283170 0.44909030
v -0.18477251 -0.28426090 0.41799739
v -0.18481860 -0.28584671 0.40235901
v -0.18386170 -0.28632241 0.41804111
v -0.18477251 -0.28426090 0.41799739
v -0.18386170 -0.28632241 0.41804111
v -0.18398701 -0.28359839 0.43359089
v -0.18477251 -0.28426090 0.41799739
v -0.18398701 -0.28359839 0.43359089
v -0.18526541 -0.28218511 0.41793650
v -0.18477251 -0.28426090 0.41799739
v -0.18526541 -0.28218511 0.41793650
v -0.18562700 -0.28324509 0.40229270
v -0.17720650 -0.28209680 0.49480921
v -0.17811590 -0.28003451 0.49478289
v -0.17984851 -0.28357661 0.47214121
v -0.17720650 -0.28209680 0.49480921
v -0.17984851 -0.28357661 0.47214121
v -0.17587450 -0.28402260 0.49477240
v -0.17720650 -0.28209680 0.49480921
v -0.14467850 -0.26460090 0.74492961
v -0.17811590 -0.28003451 0.49478289
v -0.18075840 -0.28151441 0.47211021
v -0.18189719 -0.28219619 0.46063861
v -0.17984851 -0.28357661 0.47214121
v -0.18075840 -0.28151441 0.47211021
v -0.17984851 -0.28357661 0.47214121
v -0.17811590 -0.28003451 0.49478289
v -0.18075840 -0.28151441 0.47211021
v -0.17811590 -0.28003451 0.49478289
v -0.18125230 -0.27943951 0.47203469
v -0.18065061 -0.28681731 0.44912121
v -0.18198590 -0.28489360 0.44912639
v -0.18174030 -0.28758311 0.43363819
v -0.18065061 -0.28681731 0.44912121
v -0.18002060 -0.28923991 0.43361020
v -0.17893240 -0.28847519 0.44907150
v -0.18065061 -0.28681731 0.44912121
v -0.18174030 -0.28758311 0.43363819
v -0.18002060 -0.28923991 0.43361020
v -0.18448010 -0.28152281 0.43352520
v -0.18526541 -0.28218511 0.41793650
v -0.18398701 -0.28359839 0.43359089
v -0.18448010 -0.28152281 0.43352520
v -0.18398701 -0.28359839 0.43359089
v -0.18338969 -0.28075641 0.44902030
v -0.18448010 -0.28152281 0.43352520
v -0.18338969 -0.28075641 0.44902030
v -0.18460220 -0.27953520 0.43344089
v -0.18448010 -0.28152281 0.43352520
v -0.18460220 -0.27953520 0.43344089
v -0.18526541 -0.28218511 0.41793650
v -0.18239090 -0.28012100 0.46056560
v -0.18251429 -0.27813420 0.46046340
v -0.18338969 -0.28075641 0.44902030
v -0.18239090 -0.28012100 0.46056560
v -0.18289630 -0.28283170 0.44909030
v -0.18189719 -0.28219619 0.46063861
v -0.18239090 -0.28012100 0.46056560
v -0.18338969 -0.28075641 0.44902030
v -0.18289630 -0.28283170 0.44909030
v -0.18239090 -0.28012100 0.46056560
v -0.18075840 -0.28151441 0.47211021
v -0.18125230 -0.27943951 0.47203469
v -0.18239090 -0.28012100 0.46056560
v -0.18189719 -0.28219619 0.46063861
v -0.18075840 -0.28151441 0.47211021
v -0.18239090 -0.28012100 0.46056560
v -0.18125230 -0.27943951 0.47203469
v -0.18137640 -0.27745321 0.47192559
v -0.18239090 -0.28012100 0.46056560
v -0.18137640 -0.27745321 0.47192559
v -0.18251429 -0.27813420 0.46046340
v -0.17965260 -0.28618231 0.46065810
v -0.17851479 -0.28550130 0.47211909
v -0.17984851 -0.28357661 0.47214121
v -0.17965260 -0.28618231 0.46065810
v -0.17984851 -0.28357661 0.47214121
v -0.18098710 -0.28425810 0.46067199
v -0.17965260 -0.28618231 0.46065810
v -0.17679940 -0.28716081 0.47204041
v -0.17851479 -0.28550130 0.47211909
v -0.17965260 -0.28618231 0.46065810
v -0.18098710 -0.28425810 0.46067199
v -0.18198590 -0.28489360 0.44912639
v -0.17965260 -0.28618231 0.46065810
v -0.18198590 -0.28489360 0.44912639
v -0.18065061 -0.28681731 0.44912121
v -0.17965260 -0.28618231 0.46065810
v -0.18065061 -0.28681731 0.44912121
v -0.17893240 -0.28847519 0.44907150
v -0.04444420 -0.06249994 0.79833132
v -0.06197601 -0.07999998 -0.06094682
v -0.06423658 -0.07999998 -0.05855935
v -0.05145835 -0.06249994 0.80738711
v -0.04816460 -0.06249994 0.80269408
v -0.07233083 -0.07999998 -0.04820567
v -0.05145835 -0.06249994 0.80738711
v -0.07390308 -0.07999998 -0.04575884
v -0.05158466 -0.06249994 0.80758733
v -0.05145835 -0.06249994 0.80738711
v -0.07233083 -0.07999998 -0.04820567
v -0.07390308 -0.07999998 -0.04575884
v -0.07656019 -0.07999998 -0.04115909
v -0.07390308 -0.07999998 -0.04575884
v -0.08400446 -0.08529996 -0.04850000
v -0.07656019 -0.07999998 -0.04115909
v -0.08675122 -0.08529996 -0.04339599
v -0.07780992 -0.07999998 -0.03874474
v -0.07656019 -0.07999998 -0.04115909
v -0.08400446 -0.08529996 -0.04850000
v -0.08675122 -0.08529996 -0.04339599
v -0.07656019 -0.07999998 -0.04115909
v -0.05158466 -0.06249994 0.80758733
v -0.07390308 -0.07999998 -0.04575884
v -0.08791184 -0.08529996 -0.04099392
v -0.08675122 -0.08529996 -0.04339599
v -0.11382560 -0.13709991 -0.06279903
v -0.08791184 -0.08529996 -0.04099392
v -0.11382560 -0.13709991 -0.06279903
v -0.08989655 -0.08529996 -0.03643625
v -0.08791184 -0.08529996 -0.04099392
v -0.08989655 -0.08529996 -0.03643625
v -0.08010518 -0.07999998 -0.03374469
v -0.08791184 -0.08529996 -0.04099392
v -0.08010518 -0.07999998 -0.03374469
v -0.07780992 -0.07999998 -0.03874474
v -0.08791184 -0.08529996 -0.04099392
v -0.07780992 -0.07999998 -0.03874474
v -0.08675122 -0.08529996 -0.04339599
v -0.04941004 -0.07999998 -0.07151347
v -0.05238258 -0.07999998 -0.06936573
v -0.03585892 -0.06249994 0.79074872
v -0.04941004 -0.07999998 -0.07151347
v -0.04575884 -0.07999998 -0.07390314
v -0.05116760 -0.08529996 -0.08240669
v -0.04941004 -0.07999998 -0.07151347
v -0.05116760 -0.08529996 -0.08240669
v -0.05563688 -0.08529996 -0.07945770
v -0.05749249 -0.08529996 -0.07812553
v -0.06235039 -0.08529996 -0.07430630
v -0.05238258 -0.07999998 -0.06936573
v -0.05749249 -0.08529996 -0.07812553
v -0.05563688 -0.08529996 -0.07945770
v -0.09489953 -0.13709991 -0.08884859
v -0.05749249 -0.08529996 -0.07812553
v -0.09489953 -0.13709991 -0.08884859
v -0.06235039 -0.08529996 -0.07430630
v -0.05749249 -0.08529996 -0.07812553
v -0.04941004 -0.07999998 -0.07151347
v -0.05563688 -0.08529996 -0.07945770
v -0.05749249 -0.08529996 -0.07812553
v -0.05238258 -0.07999998 -0.06936573
v -0.04941004 -0.07999998 -0.07151347
v -0.02643334 -0.06249994 0.78511071
v -0.04243528 -0.07999998 -0.07586026
v -0.03107011 -0.06249994 0.78759581
v -0.02643334 -0.06249994 0.78511071
v -0.02600610 -0.06249994 0.78490698
v -0.03874474 -0.07999998 -0.07780992
v -0.02643334 -0.06249994 0.78511071
v -0.03874474 -0.07999998 -0.07780992
v -0.04243528 -0.07999998 -0.07586026
v -0.03508126 -0.07999998 -0.07952892
v -0.03140008 -0.07999998 -0.08105295
v -0.03760743 -0.08529996 -0.08941292
v -0.03508126 -0.07999998 -0.07952892
v -0.04099392 -0.08529996 -0.08791184
v -0.03874474 -0.07999998 -0.07780992
v -0.03508126 -0.07999998 -0.07952892
v -0.03760743 -0.08529996 -0.08941292
v -0.04099392 -0.08529996 -0.08791184
v -0.03508126 -0.07999998 -0.07952892
v -0.03874474 -0.07999998 -0.07780992
v -0.02600610 -0.06249994 0.78490698
v -0.03508126 -0.07999998 -0.07952892
v -0.02600610 -0.06249994 0.78490698
v -0.02071166 -0.06249994 0.78270620
v -0.03508126 -0.07999998 -0.07952892
v -0.02071166 -0.06249994 0.78270620
v -0.03140008 -0.07999998 -0.08105295
v -0.02012145 -0.06249994 0.78249621
v -0.02741366 -0.07999998 -0.08248656
v -0.02071166 -0.06249994 0.78270620
v -0.02012145 -0.06249994 0.78249621
v -0.02378749 -0.07999998 -0.08360439
v -0.02741366 -0.07999998 -0.08248656
v -0.02012145 -0.06249994 0.78249621
v -0.01523381 -0.06249994 0.78101277
v -0.02378749 -0.07999998 -0.08360439
v -0.01355654 -0.06249994 0.78060478
v -0.00962114 -0.06249994 0.77984190
v -0.01597195 -0.07999998 -0.08544260
v -0.00682116 -0.06249994 0.77946049
v -0.01141393 -0.07999998 -0.08616995
v -0.00962114 -0.06249994 0.77984190
v -0.00682116 -0.06249994 0.77946049
v -0.00802016 -0.07999998 -0.08655184
v -0.01141393 -0.07999998 -0.08616995
v -0.00682116 -0.06249994 0.77946049
v -0.00392318 -0.06249994 0.77920377
v -0.00802016 -0.07999998 -0.08655184
v 0.00180948 -0.06249994 0.77910429
v 0.00499302 -0.07999998 -0.08677911
v 0.00000000 -0.07999998 -0.08692264
v 0.00180948 -0.06249994 0.77910429
v 0.00682116 -0.06249994 0.77946049
v 0.00499302 -0.07999998 -0.08677911
v 0.00000000 -0.06249994 0.77907741
v 0.00000000 -0.07999998 -0.08692264
v -0.00322485 -0.07999998 -0.08686274
v 0.00000000 -0.06249994 0.77907741
v -0.00322485 -0.07999998 -0.08686274
v -0.00392318 -0.06249994 0.77920377
v 0.00000000 -0.06249994 0.77907741
v 0.00180948 -0.06249994 0.77910429
v 0.00000000 -0.07999998 -0.08692264
v -0.01950103 -0.07999998 -0.08470684
v -0.01597195 -0.07999998 -0.08544260
v -0.01684385 -0.08529996 -0.09552633
v -0.01950103 -0.07999998 -0.08470684
v -0.01684385 -0.08529996 -0.09552633
v -0.02311623 -0.08529996 -0.09420526
v -0.01950103 -0.07999998 -0.08470684
v -0.02311623 -0.08529996 -0.09420526
v -0.02510541 -0.08529996 -0.09369480
v -0.01950103 -0.07999998 -0.08470684
v -0.02510541 -0.08529996 -0.09369480
v -0.02378749 -0.07999998 -0.08360439
v -0.01950103 -0.07999998 -0.08470684
v -0.01355654 -0.06249994 0.78060478
v -0.01597195 -0.07999998 -0.08544260
v -0.01950103 -0.07999998 -0.08470684
v -0.02378749 -0.07999998 -0.08360439
v -0.01523381 -0.06249994 0.78101277
v -0.01950103 -0.07999998 -0.08470684
v -0.01523381 -0.06249994 0.78101277
v -0.01355654 -0.06249994 0.78060478
v -0.02737158 -0.12310000 -0.10808810
v -0.03134804 -0.12310000 -0.10700260
v -0.02510541 -0.08529996 -0.09369480
v -0.02737158 -0.12310000 -0.10808810
v -0.02510541 -0.08529996 -0.09369480
v -0.02311623 -0.08529996 -0.09420526
v -0.02737158 -0.12310000 -0.10808810
v -0.02311623 -0.08529996 -0.09420526
v -0.02298879 -0.12310000 -0.10910430
v -0.02737158 -0.12310000 -0.10808810
v -0.02298879 -0.12310000 -0.10910430
v -0.02856117 -0.13959990 -0.11294470
v -0.02737158 -0.12310000 -0.10808810
v -0.02856117 -0.13959990 -0.11294470
v -0.03134804 -0.12310000 -0.10700260
v -0.06700307 -0.06419992 0.85424203
v -0.06053954 -0.06249994 0.84682119
v -0.06810528 -0.06419992 0.84734321
v -0.06700307 -0.06419992 0.85424203
v -0.06741416 -0.06469994 0.85470819
v -0.06692564 -0.06419992 0.85460162
v -0.06700307 -0.06419992 0.85424203
v -0.05956572 -0.06249994 0.85278642
v -0.06053954 -0.06249994 0.84682119
v -0.06700307 -0.06419992 0.85424203
v -0.06692564 -0.06419992 0.85460162
v -0.05956572 -0.06249994 0.85278642
v -0.06700307 -0.06419992 0.85424203
v -0.06810528 -0.06419992 0.84734321
v -0.06860238 -0.06469994 0.84739667
v -0.06700307 -0.06419992 0.85424203
v -0.06860238 -0.06469994 0.84739667
v -0.06741416 -0.06469994 0.85470819
v -0.05939513 -0.06249994 0.85355657
v -0.05956572 -0.06249994 0.85278642
v -0.06692564 -0.06419992 0.85460162
v -0.05939513 -0.06249994 0.85355657
v -0.06514734 -0.06419992 0.86116773
v -0.05788379 -0.06249994 0.85900092
v -0.05939513 -0.06249994 0.85355657
v -0.06692564 -0.06419992 0.85460162
v -0.06514734 -0.06419992 0.86116773
v -0.05932271 -0.06419992 0.87425011
v -0.05928719 -0.06469994 0.87529922
v -0.05885756 -0.06419992 0.87504339
v -0.05932271 -0.06419992 0.87425011
v -0.06272959 -0.06469994 0.86874032
v -0.05928719 -0.06469994 0.87529922
v -0.05932271 -0.06419992 0.87425011
v -0.05885756 -0.06419992 0.87504339
v -0.05330401 -0.06249994 0.86949992
v -0.06497472 -0.06419992 0.86169177
v -0.06514734 -0.06419992 0.86116773
v -0.06544899 -0.06469994 0.86185020
v -0.06497472 -0.06419992 0.86169177
v -0.06544899 -0.06469994 0.86185020
v -0.06257784 -0.06419992 0.86786151
v -0.06497472 -0.06419992 0.86169177
v -0.05788379 -0.06249994 0.85900092
v -0.06514734 -0.06419992 0.86116773
v -0.05665343 -0.06249994 0.81759572
v -0.08010518 -0.07999998 -0.03374469
v -0.08105295 -0.07999998 -0.03140008
v -0.05665343 -0.06249994 0.81759572
v -0.08105295 -0.07999998 -0.03140008
v -0.05750387 -0.06249994 0.81987858
v -0.05939513 -0.06249994 0.82644337
v -0.08360439 -0.07999998 -0.02378749
v -0.08467143 -0.07999998 -0.01965421
v -0.05939513 -0.06249994 0.82644337
v -0.08467143 -0.07999998 -0.01965421
v -0.08544260 -0.07999998 -0.01597195
v -0.02116763 -0.06419992 0.90514737
v -0.02619099 -0.06469994 0.90383601
v -0.01919698 -0.06469994 0.90627581
v -0.03424996 -0.06419992 0.89932281
v -0.03919643 -0.06469994 0.89678591
v -0.03288322 -0.06469994 0.90066051
v -0.03424996 -0.06419992 0.89932281
v -0.03891241 -0.06419992 0.89637440
v -0.03919643 -0.06469994 0.89678591
v 0.00000000 -0.06419992 0.90850002
v -0.00495452 -0.06469994 0.90882200
v 0.00212485 -0.06469994 0.90896732
v -0.05476176 -0.06419992 0.88115090
v -0.04763120 -0.06249994 0.87798470
v -0.05029469 -0.06249994 0.87438041
v -0.04505795 -0.06469994 0.89225692
v -0.04583543 -0.06419992 0.89090538
v -0.05040013 -0.06469994 0.88712567
v -0.06826782 -0.09539991 0.88265860
v -0.05928719 -0.06469994 0.87529922
v -0.07413852 -0.10890000 0.88258791
v -0.06826782 -0.09539991 0.88265860
v -0.07413852 -0.10890000 0.88258791
v -0.06974476 -0.10890000 0.88945621
v -0.06826782 -0.09539991 0.88265860
v -0.05516153 -0.06469994 0.88145131
v -0.05928719 -0.06469994 0.87529922
v -0.06826782 -0.09539991 0.88265860
v -0.06974476 -0.10890000 0.88945621
v -0.05516153 -0.06469994 0.88145131
v -0.06400722 -0.09539991 0.88881940
v -0.05516153 -0.06469994 0.88145131
v -0.06974476 -0.10890000 0.88945621
v -0.06400722 -0.09539991 0.88881940
v -0.06974476 -0.10890000 0.88945621
v -0.06471669 -0.10890000 0.89587492
v -0.06400722 -0.09539991 0.88881940
v -0.06471669 -0.10890000 0.89587492
v -0.05516153 -0.06469994 0.88145131
v -0.05541765 -0.06419992 0.88026333
v -0.05885756 -0.06419992 0.87504339
v -0.05928719 -0.06469994 0.87529922
v -0.05541765 -0.06419992 0.88026333
v -0.05928719 -0.06469994 0.87529922
v -0.05516153 -0.06469994 0.88145131
v -0.05541765 -0.06419992 0.88026333
v -0.05516153 -0.06469994 0.88145131
v -0.05476176 -0.06419992 0.88115090
v -0.05541765 -0.06419992 0.88026333
v -0.05476176 -0.06419992 0.88115090
v -0.05029469 -0.06249994 0.87438041
v -0.05541765 -0.06419992 0.88026333
v -0.05029469 -0.06249994 0.87438041
v -0.05885756 -0.06419992 0.87504339
v -0.09625118 -0.25185621 0.83130759
v -0.05724704 -0.15332310 0.90350628
v -0.10066370 -0.25297329 0.82729042
v -0.09625118 -0.25185621 0.83130759
v -0.05511838 -0.15287060 0.90536219
v -0.05724704 -0.15332310 0.90350628
v -0.12106300 -0.25587180 0.80500197
v -0.06939399 -0.15658140 0.88994718
v -0.12446800 -0.25678241 0.80021989
v -0.12106300 -0.25587180 0.80500197
v -0.06870502 -0.15635739 0.89089072
v -0.06939399 -0.15658140 0.88994718
v 0.06053954 -0.06249994 0.84682119
v 0.06813931 -0.06419992 0.84702039
v 0.06065285 -0.06249994 0.84572721
v 0.06700307 -0.06419992 0.85424203
v 0.05850869 -0.06249994 0.85697931
v 0.06527650 -0.06419992 0.86076599
v 0.06700307 -0.06419992 0.85424203
v 0.06527650 -0.06419992 0.86076599
v 0.06575298 -0.06469994 0.86091763
v 0.06700307 -0.06419992 0.85424203
v 0.06575298 -0.06469994 0.86091763
v 0.06755053 -0.06469994 0.85406858
v 0.05488938 -0.06249994 0.86643338
v 0.06257784 -0.06419992 0.86786151
v 0.06280457 -0.06419992 0.86734658
v 0.05488938 -0.06249994 0.86643338
v 0.06280457 -0.06419992 0.86734658
v 0.05665343 -0.06249994 0.86240441
v 0.05488938 -0.06249994 0.86643338
v 0.05429637 -0.06249994 0.86763102
v 0.06257784 -0.06419992 0.86786151
v 0.05932271 -0.06419992 0.87425011
v 0.05631756 -0.06469994 0.87986642
v 0.06010681 -0.06469994 0.87388468
v 0.05932271 -0.06419992 0.87425011
v 0.06010681 -0.06469994 0.87388468
v 0.05967122 -0.06419992 0.87363923
v 0.05541765 -0.06419992 0.88026333
v 0.05193525 -0.06469994 0.88542831
v 0.05631756 -0.06469994 0.87986642
v 0.05750387 -0.06249994 0.86012149
v 0.06514734 -0.06419992 0.86116773
v 0.06527650 -0.06419992 0.86076599
v 0.05750387 -0.06249994 0.86012149
v 0.06527650 -0.06419992 0.86076599
v 0.05850869 -0.06249994 0.85697931
v 0.05750387 -0.06249994 0.86012149
v 0.05665343 -0.06249994 0.86240441
v 0.06514734 -0.06419992 0.86116773
v 0.06812471 -0.06419992 0.84716028
v 0.06755053 -0.06469994 0.85406858
v 0.06863665 -0.06469994 0.84707159
v 0.06812471 -0.06419992 0.84716028
v 0.06863665 -0.06469994 0.84707159
v 0.06813931 -0.06419992 0.84702039
v 0.06812471 -0.06419992 0.84716028
v 0.06053954 -0.06249994 0.84682119
v 0.05984580 -0.06249994 0.85140371
v 0.06812471 -0.06419992 0.84716028
v 0.06813931 -0.06419992 0.84702039
v 0.06053954 -0.06249994 0.84682119
v 0.04128044 -0.06419992 0.89466423
v 0.04026329 -0.06419992 0.89541769
v 0.04158174 -0.06469994 0.89506322
v 0.04128044 -0.06419992 0.89466423
v 0.04158174 -0.06469994 0.89506322
v 0.04583543 -0.06419992 0.89090538
v 0.04666543 -0.06419992 0.89014572
v 0.04583543 -0.06419992 0.89090538
v 0.04700607 -0.06469994 0.89051181
v 0.04666543 -0.06419992 0.89014572
v 0.04700607 -0.06469994 0.89051181
v 0.05090540 -0.06419992 0.88583553
v 0.05728608 -0.07999998 -0.06537461
v 0.06235039 -0.08529996 -0.07430630
v 0.05238258 -0.07999998 -0.06936573
v 0.05728608 -0.07999998 -0.06537461
v 0.06281954 -0.08529996 -0.07391005
v 0.06235039 -0.08529996 -0.07430630
v 0.05728608 -0.07999998 -0.06537461
v 0.05855941 -0.07999998 -0.06423658
v 0.06281954 -0.08529996 -0.07391005
v 0.03798460 -0.06249994 0.79236883
v 0.05238258 -0.07999998 -0.06936573
v 0.05085605 -0.07999998 -0.07049262
v 0.03798460 -0.06249994 0.79236883
v 0.05085605 -0.07999998 -0.07049262
v 0.03412693 -0.06249994 0.78953308
v 0.04763126 -0.06249994 0.80201542
v 0.06855726 -0.07999998 -0.05343627
v 0.04683995 -0.06249994 0.80104393
v 0.04763126 -0.06249994 0.80201542
v 0.06936573 -0.07999998 -0.05238258
v 0.06855726 -0.07999998 -0.05343627
v 0.04763126 -0.06249994 0.80201542
v 0.05029469 -0.06249994 0.80561972
v 0.06936573 -0.07999998 -0.05238258
v 0.04297035 -0.06249994 0.79681301
v 0.06320416 -0.07999998 -0.05967217
v 0.05855941 -0.07999998 -0.06423658
v 0.04297035 -0.06249994 0.79681301
v 0.04307878 -0.06249994 0.79692131
v 0.06320416 -0.07999998 -0.05967217
v 0.05158466 -0.06249994 0.80758733
v 0.07390314 -0.07999998 -0.04575884
v 0.07329750 -0.07999998 -0.04672276
v 0.05158466 -0.06249994 0.80758733
v 0.07329750 -0.07999998 -0.04672276
v 0.05029469 -0.06249994 0.80561972
v -0.17425320 -0.16789210 0.19191110
v -0.17192020 -0.16021460 0.17771590
v -0.14830101 -0.27491131 0.03943014
v -0.17425320 -0.16789210 0.19191110
v -0.14830101 -0.27491131 0.03943014
v -0.17483370 -0.16789550 0.19561790
v -0.17425320 -0.16789210 0.19191110
v -0.17483370 -0.16789550 0.19561790
v -0.17531650 -0.16025990 0.19876070
v -0.17425320 -0.16789210 0.19191110
v -0.17531650 -0.16025990 0.19876070
v -0.17192020 -0.16021460 0.17771590
v -0.06053954 -0.06249994 0.83317888
v -0.08591967 -0.07999998 -0.01316618
v -0.08655184 -0.07999998 -0.00802016
v -0.06053954 -0.06249994 0.83317888
v -0.08655184 -0.07999998 -0.00802016
v -0.06065279 -0.06249994 0.83427292
v -0.05850869 -0.06249994 0.82302082
v -0.08293402 -0.07999998 -0.02602863
v -0.08360439 -0.07999998 -0.02378749
v -0.05850869 -0.06249994 0.82302082
v -0.05750387 -0.06249994 0.81987858
v -0.08293402 -0.07999998 -0.02602863
v -0.05850869 -0.06249994 0.82302082
v -0.08360439 -0.07999998 -0.02378749
v -0.05939513 -0.06249994 0.82644337
v -0.00623810 -0.09539991 0.92025799
v -0.00814420 -0.10890000 0.92511117
v 0.00000000 -0.10890000 0.92549998
v -0.00623810 -0.09539991 0.92025799
v 0.00000000 -0.10890000 0.92549998
v -0.00495452 -0.06469994 0.90882200
v -0.01198166 -0.06469994 0.90795177
v -0.00623810 -0.09539991 0.92025799
v -0.00495452 -0.06469994 0.90882200
v -0.01198166 -0.06469994 0.90795177
v -0.00814420 -0.10890000 0.92511117
v -0.00623810 -0.09539991 0.92025799
v -0.01198166 -0.06469994 0.90795177
v -0.01189488 -0.06419992 0.90745938
v -0.01424193 -0.06419992 0.90700322
v -0.01198166 -0.06469994 0.90795177
v -0.01424193 -0.06419992 0.90700322
v -0.01919698 -0.06469994 0.90627581
v -0.01822179 -0.24169870 0.86039960
v -0.01357871 -0.23894051 0.86203408
v -0.01864016 -0.23984320 0.86178350
v -0.03021001 -0.14925019 0.91998512
v -0.02950316 -0.14918379 0.92024851
v -0.03184026 -0.10890000 0.91935021
v -0.03021001 -0.14925019 0.91998512
v -0.03184026 -0.10890000 0.91935021
v -0.03249621 -0.14947590 0.91908377
v -0.03021001 -0.14925019 0.91998512
v -0.03249621 -0.14947590 0.91908377
v -0.06082278 -0.24809711 0.85224962
v -0.03021001 -0.14925019 0.91998512
v -0.06082278 -0.24809711 0.85224962
v -0.02950316 -0.14918379 0.92024851
v -0.02276903 -0.14863980 0.92241251
v -0.02130848 -0.14854100 0.92280233
v -0.02413707 -0.10890000 0.92202240
v -0.02276903 -0.14863980 0.92241251
v -0.02413707 -0.10890000 0.92202240
v -0.02543014 -0.14883640 0.92163062
v -0.02276903 -0.14863980 0.92241251
v -0.05542880 -0.24694631 0.85444307
v -0.02130848 -0.14854100 0.92280233
v -0.02276903 -0.14863980 0.92241251
v -0.02543014 -0.14883640 0.92163062
v -0.05542880 -0.24694631 0.85444307
v -0.01854228 -0.14837369 0.92346531
v -0.02130848 -0.14854100 0.92280233
v -0.05005604 -0.24583261 0.85629523
v -0.01854228 -0.14837369 0.92346531
v -0.01621437 -0.10890000 0.92394853
v -0.02130848 -0.14854100 0.92280233
v -0.02128690 -0.09539991 0.91763461
v -0.01919698 -0.06469994 0.90627581
v -0.02413707 -0.10890000 0.92202240
v -0.02128690 -0.09539991 0.91763461
v -0.02413707 -0.10890000 0.92202240
v -0.01621437 -0.10890000 0.92394853
v -0.02128690 -0.09539991 0.91763461
v -0.01198166 -0.06469994 0.90795177
v -0.01919698 -0.06469994 0.90627581
v -0.13946050 -0.26791191 0.76062691
v -0.14081120 -0.26599669 0.76082188
v -0.14116371 -0.26835781 0.75265849
v -0.13946050 -0.26791191 0.76062691
v -0.14116371 -0.26835781 0.75265849
v -0.13946611 -0.26997170 0.75244719
v -0.13946050 -0.26791191 0.76062691
v -0.13946611 -0.26997170 0.75244719
v -0.13777620 -0.26952669 0.76033378
v -0.14252169 -0.26644269 0.75279880
v -0.14116371 -0.26835781 0.75265849
v -0.14081120 -0.26599669 0.76082188
v -0.11660980 -0.26698780 0.79679048
v -0.11766260 -0.26826230 0.79099518
v -0.11465930 -0.26744580 0.79555929
v -0.11660980 -0.26698780 0.79679048
v -0.11465930 -0.26744580 0.79555929
v -0.11333520 -0.26610479 0.80136549
v -0.11596820 -0.25934479 0.80946243
v -0.11834830 -0.26224351 0.80427361
v -0.11476080 -0.26128820 0.80891907
v -0.09979945 -0.25513610 0.82696623
v -0.10066370 -0.25297329 0.82729042
v -0.10407100 -0.25623161 0.82279938
v -0.09979945 -0.25513610 0.82696623
v -0.09867703 -0.25709730 0.82631558
v -0.09540057 -0.25402191 0.83096719
v -0.09979945 -0.25513610 0.82696623
v -0.09625118 -0.25185621 0.83130759
v -0.10066370 -0.25297329 0.82729042
v -0.09979945 -0.25513610 0.82696623
v -0.09540057 -0.25402191 0.83096719
v -0.09625118 -0.25185621 0.83130759
v -0.13045260 -0.26550069 0.78491980
v -0.12885749 -0.26713189 0.78434968
v -0.12779979 -0.26478460 0.78985131
v -0.13045260 -0.26550069 0.78491980
v -0.13174860 -0.26357600 0.78530139
v -0.13302760 -0.26619440 0.77949381
v -0.13140610 -0.26782009 0.77898657
v -0.13302760 -0.26619440 0.77949381
v -0.13361150 -0.26841390 0.77363271
v -0.13140610 -0.26782009 0.77898657
v -0.13045260 -0.26550069 0.78491980
v -0.13302760 -0.26619440 0.77949381
v -0.13140610 -0.26782009 0.77898657
v -0.12885749 -0.26713189 0.78434968
v -0.13045260 -0.26550069 0.78491980
v -0.12488590 -0.26399851 0.79472810
v -0.12614800 -0.26206669 0.79518080
v -0.12779979 -0.26478460 0.78985131
v -0.12389770 -0.25906339 0.80025309
v -0.12106300 -0.25587180 0.80500197
v -0.12446800 -0.25678241 0.80021989
v -0.12021420 -0.26479730 0.79881960
v -0.11686080 -0.26389751 0.80351120
v -0.11834830 -0.26224351 0.80427361
v -0.12623090 -0.26642141 0.78922689
v -0.12443110 -0.26770160 0.78841972
v -0.12334370 -0.26564091 0.79405421
v -0.12623090 -0.26642141 0.78922689
v -0.12779979 -0.26478460 0.78985131
v -0.12885749 -0.26713189 0.78434968
v -0.12623090 -0.26642141 0.78922689
v -0.12488590 -0.26399851 0.79472810
v -0.12779979 -0.26478460 0.78985131
v -0.12623090 -0.26642141 0.78922689
v -0.12334370 -0.26564091 0.79405421
v -0.12488590 -0.26399851 0.79472810
v -0.13001759 -0.26070911 0.79046512
v -0.13269369 -0.26143000 0.78547847
v -0.13174860 -0.26357600 0.78530139
v -0.13001759 -0.26070911 0.79046512
v -0.13058171 -0.25842649 0.79043132
v -0.13269369 -0.26143000 0.78547847
v -0.13001759 -0.26070911 0.79046512
v -0.12764710 -0.25763619 0.79535949
v -0.13058171 -0.25842649 0.79043132
v -0.12907910 -0.26285639 0.79026979
v -0.12779979 -0.26478460 0.78985131
v -0.12614800 -0.26206669 0.79518080
v -0.12907910 -0.26285639 0.79026979
v -0.13045260 -0.26550069 0.78491980
v -0.12779979 -0.26478460 0.78985131
v -0.12907910 -0.26285639 0.79026979
v -0.13174860 -0.26357600 0.78530139
v -0.13045260 -0.26550069 0.78491980
v -0.12907910 -0.26285639 0.79026979
v -0.13001759 -0.26070911 0.79046512
v -0.13174860 -0.26357600 0.78530139
v -0.13753860 -0.26272970 0.77451038
v -0.13529161 -0.26212811 0.77998978
v -0.13584740 -0.25984329 0.77995938
v -0.13753860 -0.26272970 0.77451038
v -0.13584740 -0.25984329 0.77995938
v -0.13809000 -0.26044369 0.77448273
v -0.13753860 -0.26272970 0.77451038
v -0.13809000 -0.26044369 0.77448273
v -0.13945800 -0.26324090 0.76904923
v -0.13525560 -0.26679260 0.77407712
v -0.13302760 -0.26619440 0.77949381
v -0.13434041 -0.26427311 0.77983302
v -0.13525560 -0.26679260 0.77407712
v -0.13361150 -0.26841390 0.77363271
v -0.13302760 -0.26619440 0.77949381
v -0.13849820 -0.26538470 0.76893240
v -0.13753860 -0.26272970 0.77451038
v -0.13945800 -0.26324090 0.76904923
v -0.13549700 -0.26891950 0.76829511
v -0.13716000 -0.26730159 0.76867741
v -0.13671520 -0.26924470 0.76430660
v -0.13549700 -0.26891950 0.76829511
v -0.13357140 -0.27017421 0.76779932
v -0.13361150 -0.26841390 0.77363271
v -0.13549700 -0.26891950 0.76829511
v -0.13525560 -0.26679260 0.77407712
v -0.13716000 -0.26730159 0.76867741
v -0.13549700 -0.26891950 0.76829511
v -0.13361150 -0.26841390 0.77363271
v -0.13525560 -0.26679260 0.77407712
v -0.13477360 -0.27049679 0.76386929
v -0.13671520 -0.26924470 0.76430660
v -0.13582119 -0.27077690 0.75995332
v -0.13477360 -0.27049679 0.76386929
v -0.13549700 -0.26891950 0.76829511
v -0.13671520 -0.26924470 0.76430660
v -0.13477360 -0.27049679 0.76386929
v -0.13357140 -0.27017421 0.76779932
v -0.13549700 -0.26891950 0.76829511
v -0.13477360 -0.27049679 0.76386929
v -0.13264100 -0.27133930 0.76334918
v -0.13357140 -0.27017421 0.76779932
v -0.13477360 -0.27049679 0.76386929
v -0.13367219 -0.27161691 0.75950062
v -0.13264100 -0.27133930 0.76334918
v -0.13477360 -0.27049679 0.76386929
v -0.13582119 -0.27077690 0.75995332
v -0.13367219 -0.27161691 0.75950062
v -0.13145851 -0.27102011 0.76720959
v -0.13357140 -0.27017421 0.76779932
v -0.13264100 -0.27133930 0.76334918
v -0.13145851 -0.27102011 0.76720959
v -0.12923861 -0.27142170 0.76654828
v -0.12962949 -0.27052489 0.77237231
v -0.12744510 -0.27093321 0.77160478
v -0.12962949 -0.27052489 0.77237231
v -0.12923861 -0.27142170 0.76654828
v -0.12744510 -0.27093321 0.77160478
v -0.12524250 -0.27088550 0.77078438
v -0.12534881 -0.27036130 0.77667427
v -0.12744510 -0.27093321 0.77160478
v -0.12923861 -0.27142170 0.76654828
v -0.12699740 -0.27136669 0.76584113
v -0.12744510 -0.27093321 0.77160478
v -0.12699740 -0.27136669 0.76584113
v -0.12524250 -0.27088550 0.77078438
v -0.13039860 -0.27173710 0.76276571
v -0.13264100 -0.27133930 0.76334918
v -0.13141060 -0.27201179 0.75899261
v -0.13039860 -0.27173710 0.76276571
v -0.13145851 -0.27102011 0.76720959
v -0.13264100 -0.27133930 0.76334918
v -0.13039860 -0.27173710 0.76276571
v -0.12923861 -0.27142170 0.76654828
v -0.13145851 -0.27102011 0.76720959
v -0.13039860 -0.27173710 0.76276571
v -0.13141060 -0.27201179 0.75899261
v -0.12912390 -0.27194911 0.75844908
v -0.12042460 -0.26901591 0.78638828
v -0.12292700 -0.26969981 0.78175461
v -0.12082240 -0.26967239 0.78070599
v -0.12042460 -0.26901591 0.78638828
v -0.12082240 -0.26967239 0.78070599
v -0.11837140 -0.26899961 0.78524208
v -0.12042460 -0.26901591 0.78638828
v -0.11837140 -0.26899961 0.78524208
v -0.11766260 -0.26826230 0.79099518
v -0.12502080 -0.26927271 0.78273612
v -0.12534881 -0.27036130 0.77667427
v -0.12292700 -0.26969981 0.78175461
v -0.13074709 -0.25609550 0.79016793
v -0.13340519 -0.25681210 0.78520352
v -0.13325390 -0.25914630 0.78544599
v -0.13074709 -0.25609550 0.79016793
v -0.13325390 -0.25914630 0.78544599
v -0.13058171 -0.25842649 0.79043132
v -0.13074709 -0.25609550 0.79016793
v -0.07413852 -0.10890000 0.88258791
v -0.13340519 -0.25681210 0.78520352
v -0.13074709 -0.25609550 0.79016793
v -0.13058171 -0.25842649 0.79043132
v -0.12782620 -0.25530839 0.79507840
v -0.13074709 -0.25609550 0.79016793
v -0.12782620 -0.25530839 0.79507840
v -0.07413852 -0.10890000 0.88258791
v -0.07178080 -0.15740781 0.88645172
v -0.12764710 -0.25763619 0.79535949
v -0.12446800 -0.25678241 0.80021989
v -0.07178080 -0.15740781 0.88645172
v -0.07191544 -0.15745690 0.88624310
v -0.12764710 -0.25763619 0.79535949
v -0.07178080 -0.15740781 0.88645172
v -0.12446800 -0.25678241 0.80021989
v -0.06939399 -0.15658140 0.88994718
v -0.07178080 -0.15740781 0.88645172
v -0.06939399 -0.15658140 0.88994718
v -0.06974476 -0.10890000 0.88945621
v -0.07178080 -0.15740781 0.88645172
v -0.06974476 -0.10890000 0.88945621
v -0.07191544 -0.15745690 0.88624310
v -0.06620573 -0.15559210 0.89410222
v -0.06506645 -0.15526509 0.89546722
v -0.06471669 -0.10890000 0.89587492
v -0.06620573 -0.15559210 0.89410222
v -0.06471669 -0.10890000 0.89587492
v -0.06684875 -0.15578219 0.89330578
v -0.07498407 -0.09539991 0.86928540
v -0.08125406 -0.10927150 0.86777967
v -0.07785809 -0.10890000 0.87533218
v -0.07498407 -0.09539991 0.86928540
v -0.07785809 -0.10890000 0.87533218
v -0.06272959 -0.06469994 0.86874032
v -0.07498407 -0.09539991 0.86928540
v -0.06272959 -0.06469994 0.86874032
v -0.08125406 -0.10927150 0.86777967
v -0.14124070 -0.26128131 0.76494801
v -0.14134310 -0.25893641 0.76480049
v -0.14231519 -0.26156431 0.76089060
v -0.14124070 -0.26128131 0.76494801
v -0.14069670 -0.26356909 0.76497048
v -0.14000510 -0.26095390 0.76902437
v -0.14124070 -0.26128131 0.76494801
v -0.14000510 -0.26095390 0.76902437
v -0.14011560 -0.25861070 0.76885802
v -0.14124070 -0.26128131 0.76494801
v -0.14011560 -0.25861070 0.76885802
v -0.14134310 -0.25893641 0.76480049
v -0.14177421 -0.26385301 0.76091069
v -0.14081120 -0.26599669 0.76082188
v -0.14069670 -0.26356909 0.76497048
v -0.14177421 -0.26385301 0.76091069
v -0.14231519 -0.26156431 0.76089060
v -0.14348550 -0.26429829 0.75286227
v -0.14177421 -0.26385301 0.76091069
v -0.14252169 -0.26644269 0.75279880
v -0.14081120 -0.26599669 0.76082188
v -0.14177421 -0.26385301 0.76091069
v -0.14348550 -0.26429829 0.75286227
v -0.14252169 -0.26644269 0.75279880
v -0.14177421 -0.26385301 0.76091069
v -0.14124070 -0.26128131 0.76494801
v -0.14231519 -0.26156431 0.76089060
v -0.14177421 -0.26385301 0.76091069
v -0.14069670 -0.26356909 0.76497048
v -0.14124070 -0.26128131 0.76494801
v -0.17800801 -0.29052401 0.43354720
v -0.17582729 -0.29137200 0.43345389
v -0.17692199 -0.28976071 0.44897890
v -0.17800801 -0.29052401 0.43354720
v -0.17660721 -0.29202980 0.41797361
v -0.17582729 -0.29137200 0.43345389
v -0.17800801 -0.29052401 0.43354720
v -0.17878990 -0.29118341 0.41802770
v -0.17660721 -0.29202980 0.41797361
v -0.17800801 -0.29052401 0.43354720
v -0.18002060 -0.28923991 0.43361020
v -0.17878990 -0.29118341 0.41802770
v -0.17800801 -0.29052401 0.43354720
v -0.17692199 -0.28976071 0.44897890
v -0.18002060 -0.28923991 0.43361020
v -0.17732909 -0.29249051 0.40243560
v -0.17660721 -0.29202980 0.41797361
v -0.17870000 -0.29198000 0.40244341
v -0.17732909 -0.29249051 0.40243560
v -0.17593861 -0.29282489 0.40242210
v -0.17660721 -0.29202980 0.41797361
v -0.17732909 -0.29249051 0.40243560
v -0.17713021 -0.29301471 0.38565201
v -0.17593861 -0.29282489 0.40242210
v -0.17732909 -0.29249051 0.40243560
v -0.17870000 -0.29198000 0.40244341
v -0.17713021 -0.29301471 0.38565201
v -0.17931440 -0.29217100 0.38561711
v -0.18001810 -0.29129481 0.40244469
v -0.18132970 -0.29089051 0.38557389
v -0.17931440 -0.29217100 0.38561711
v -0.18101420 -0.29119551 0.36874211
v -0.17899950 -0.29247519 0.36882031
v -0.17931440 -0.29217100 0.38561711
v -0.18132970 -0.29089051 0.38557389
v -0.18101420 -0.29119551 0.36874211
v -0.17931440 -0.29217100 0.38561711
v -0.17870000 -0.29198000 0.40244341
v -0.18001810 -0.29129481 0.40244469
v -0.17931440 -0.29217100 0.38561711
v -0.17713021 -0.29301471 0.38565201
v -0.17870000 -0.29198000 0.40244341
v -0.17931440 -0.29217100 0.38561711
v -0.17899950 -0.29247519 0.36882031
v -0.17681611 -0.29331821 0.36889741
v -0.17931440 -0.29217100 0.38561711
v -0.17681611 -0.29331821 0.36889741
v -0.17713021 -0.29301471 0.38565201
v -0.17455950 -0.29298899 0.40240371
v -0.17439000 -0.29242930 0.41790080
v -0.17593861 -0.29282489 0.40242210
v -0.17455950 -0.29298899 0.40240371
v -0.17321920 -0.29299539 0.40238100
v -0.17439000 -0.29242930 0.41790080
v -0.17455950 -0.29298899 0.40240371
v -0.17491139 -0.29341131 0.38567710
v -0.17321920 -0.29299539 0.40238100
v -0.17455950 -0.29298899 0.40240371
v -0.17593861 -0.29282489 0.40242210
v -0.17491139 -0.29341131 0.38567710
v -0.17154080 -0.29038349 0.46014419
v -0.17041120 -0.28970739 0.47152430
v -0.17375091 -0.28997880 0.46032661
v -0.17154080 -0.29038349 0.46014419
v -0.17375091 -0.28997880 0.46032661
v -0.17253131 -0.29101369 0.44869450
v -0.17154080 -0.29038349 0.46014419
v -0.16941559 -0.29037869 0.45994619
v -0.17041120 -0.28970739 0.47152430
v -0.17154080 -0.29038349 0.46014419
v -0.17253131 -0.29101369 0.44869450
v -0.16941559 -0.29037869 0.45994619
v -0.17459799 -0.29371381 0.36896929
v -0.17246459 -0.29369959 0.36903280
v -0.17277721 -0.29339799 0.38569260
v -0.17459799 -0.29371381 0.36896929
v -0.17277721 -0.29339799 0.38569260
v -0.17491139 -0.29341131 0.38567710
v -0.17459799 -0.29371381 0.36896929
v -0.17392761 -0.29388791 0.35232010
v -0.17246459 -0.29369959 0.36903280
v -0.17459799 -0.29371381 0.36896929
v -0.17491139 -0.29341131 0.38567710
v -0.17681611 -0.29331821 0.36889741
v -0.17459799 -0.29371381 0.36896929
v -0.17681611 -0.29331821 0.36889741
v -0.17392761 -0.29388791 0.35232010
v -0.12813281 -0.27167779 0.76214170
v -0.16941559 -0.29037869 0.45994619
v -0.12699740 -0.27136669 0.76584113
v -0.12813281 -0.27167779 0.76214170
v -0.12912390 -0.27194911 0.75844908
v -0.16941559 -0.29037869 0.45994619
v -0.12813281 -0.27167779 0.76214170
v -0.13039860 -0.27173710 0.76276571
v -0.12912390 -0.27194911 0.75844908
v -0.12813281 -0.27167779 0.76214170
v -0.12699740 -0.27136669 0.76584113
v -0.12923861 -0.27142170 0.76654828
v -0.12813281 -0.27167779 0.76214170
v -0.12923861 -0.27142170 0.76654828
v -0.13039860 -0.27173710 0.76276571
v -0.17793570 -0.28784099 0.46059340
v -0.17592710 -0.28912759 0.46048030
v -0.17479260 -0.28844860 0.47190830
v -0.17793570 -0.28784099 0.46059340
v -0.17479260 -0.28844860 0.47190830
v -0.17679940 -0.28716081 0.47204041
v -0.17793570 -0.28784099 0.46059340
v -0.17965260 -0.28618231 0.46065810
v -0.17893240 -0.28847519 0.44907150
v -0.17793570 -0.28784099 0.46059340
v -0.17679940 -0.28716081 0.47204041
v -0.17965260 -0.28618231 0.46065810
v -0.17793570 -0.28784099 0.46059340
v -0.17893240 -0.28847519 0.44907150
v -0.17692199 -0.28976071 0.44897890
v -0.17793570 -0.28784099 0.46059340
v -0.17692199 -0.28976071 0.44897890
v -0.17592710 -0.28912759 0.46048030
v -0.09088891 -0.25289509 0.83478558
v -0.08981853 -0.25486711 0.83408242
v -0.08627927 -0.25176150 0.83840472
v -0.09088891 -0.25289509 0.83478558
v -0.08627927 -0.25176150 0.83840472
v -0.05179226 -0.15221789 0.90802813
v -0.09430301 -0.25598830 0.83029038
v -0.09540057 -0.25402191 0.83096719
v -0.09867703 -0.25709730 0.82631558
v -0.09430301 -0.25598830 0.83029038
v -0.09088891 -0.25289509 0.83478558
v -0.09540057 -0.25402191 0.83096719
v -0.09430301 -0.25598830 0.83029038
v -0.08981853 -0.25486711 0.83408242
v -0.09088891 -0.25289509 0.83478558
v -0.10292540 -0.25818780 0.82217491
v -0.10407100 -0.25623161 0.82279938
v -0.10703300 -0.25925401 0.81788498
v -0.10292540 -0.25818780 0.82217491
v -0.09979945 -0.25513610 0.82696623
v -0.10407100 -0.25623161 0.82279938
v -0.10292540 -0.25818780 0.82217491
v -0.09867703 -0.25709730 0.82631558
v -0.09979945 -0.25513610 0.82696623
v -0.08401685 -0.25544950 0.83661938
v -0.07940095 -0.25433141 0.83995932
v -0.08057779 -0.25261250 0.84105033
v -0.08401685 -0.25544950 0.83661938
v -0.08265984 -0.25682271 0.83527690
v -0.07940095 -0.25433141 0.83995932
v -0.07681947 -0.24949770 0.84497470
v -0.08057779 -0.25261250 0.84105033
v -0.07584834 -0.25149059 0.84419030
v -0.07681947 -0.24949770 0.84497470
v -0.08158564 -0.25062719 0.84180731
v -0.08057779 -0.25261250 0.84105033
v -0.07681947 -0.24949770 0.84497470
v -0.07584834 -0.25149059 0.84419030
v -0.07199180 -0.24837860 0.84788811
v -0.07681947 -0.24949770 0.84497470
v -0.04111844 -0.15050440 0.91496360
v -0.04387450 -0.15089640 0.91338438
v -0.07681947 -0.24949770 0.84497470
v -0.07199180 -0.24837860 0.84788811
v -0.04111844 -0.15050440 0.91496360
v -0.07681947 -0.24949770 0.84497470
v -0.04466319 -0.15101451 0.91290712
v -0.08158564 -0.25062719 0.84180731
v -0.07681947 -0.24949770 0.84497470
v -0.04387450 -0.15089640 0.91338438
v -0.04466319 -0.15101451 0.91290712
v -0.08523863 -0.25373989 0.83767492
v -0.08627927 -0.25176150 0.83840472
v -0.08981853 -0.25486711 0.83408242
v -0.08523863 -0.25373989 0.83767492
v -0.08057779 -0.25261250 0.84105033
v -0.08158564 -0.25062719 0.84180731
v -0.08523863 -0.25373989 0.83767492
v -0.08158564 -0.25062719 0.84180731
v -0.08627927 -0.25176150 0.83840472
v -0.08523863 -0.25373989 0.83767492
v -0.08401685 -0.25544950 0.83661938
v -0.08057779 -0.25261250 0.84105033
v -0.05386400 -0.15261710 0.90639973
v -0.05179226 -0.15221789 0.90802813
v -0.05294609 -0.10890000 0.90713388
v -0.05386400 -0.15261710 0.90639973
v -0.05294609 -0.10890000 0.90713388
v -0.05511838 -0.15287060 0.90536219
v -0.05386400 -0.15261710 0.90639973
v -0.09088891 -0.25289509 0.83478558
v -0.05179226 -0.15221789 0.90802813
v -0.05386400 -0.15261710 0.90639973
v -0.05511838 -0.15287060 0.90536219
v -0.09625118 -0.25185621 0.83130759
v -0.04807126 -0.09539991 0.90457088
v -0.05294609 -0.10890000 0.90713388
v -0.04631060 -0.10890000 0.91187203
v -0.04807126 -0.09539991 0.90457088
v -0.04631060 -0.10890000 0.91187203
v -0.03919643 -0.06469994 0.89678591
v -0.04807126 -0.09539991 0.90457088
v -0.04505795 -0.06469994 0.89225692
v -0.05294609 -0.10890000 0.90713388
v -0.04807126 -0.09539991 0.90457088
v -0.03919643 -0.06469994 0.89678591
v -0.04505795 -0.06469994 0.89225692
v -0.05829250 -0.15355660 0.90254790
v -0.05724704 -0.15332310 0.90350628
v -0.05910015 -0.10890000 0.90178531
v -0.05829250 -0.15355660 0.90254790
v -0.05910015 -0.10890000 0.90178531
v -0.05930548 -0.15378921 0.90158838
v -0.05829250 -0.15355660 0.90254790
v -0.05930548 -0.15378921 0.90158838
v -0.10066370 -0.25297329 0.82729042
v -0.05829250 -0.15355660 0.90254790
v -0.10066370 -0.25297329 0.82729042
v -0.05724704 -0.15332310 0.90350628
v -0.06363344 -0.15487210 0.89710552
v -0.06321513 -0.15476041 0.89756811
v -0.06471669 -0.10890000 0.89587492
v -0.06363344 -0.15487210 0.89710552
v -0.06471669 -0.10890000 0.89587492
v -0.06506645 -0.15526509 0.89546722
v -0.10908800 -0.25514451 0.81877548
v -0.10494750 -0.25407141 0.82310760
v -0.06129479 -0.15426840 0.89960867
v -0.10908800 -0.25514451 0.81877548
v -0.06129479 -0.15426840 0.89960867
v -0.06321513 -0.15476041 0.89756811
v -0.10908800 -0.25514451 0.81877548
v -0.06321513 -0.15476041 0.89756811
v -0.06363344 -0.15487210 0.89710552
v -0.03830379 -0.15013669 0.91644013
v -0.03751939 -0.15003981 0.91682798
v -0.03925389 -0.10890000 0.91595638
v -0.03830379 -0.15013669 0.91644013
v -0.03925389 -0.10890000 0.91595638
v -0.04111844 -0.15050440 0.91496360
v -0.03830379 -0.15013669 0.91644013
v -0.04111844 -0.15050440 0.91496360
v -0.07199180 -0.24837860 0.84788811
v -0.03830379 -0.15013669 0.91644013
v -0.07199180 -0.24837860 0.84788811
v -0.03751939 -0.15003981 0.91682798
v -0.04931539 -0.15177110 0.90984452
v -0.05179226 -0.15221789 0.90802813
v -0.08627927 -0.25176150 0.83840472
v -0.04931539 -0.15177110 0.90984452
v -0.08627927 -0.25176150 0.83840472
v -0.04921239 -0.15175331 0.90991718
v -0.04931539 -0.15177110 0.90984452
v -0.05294609 -0.10890000 0.90713388
v -0.05179226 -0.15221789 0.90802813
v -0.04931539 -0.15177110 0.90984452
v -0.04921239 -0.15175331 0.90991718
v -0.04631060 -0.10890000 0.91187203
v -0.04931539 -0.15177110 0.90984452
v -0.04631060 -0.10890000 0.91187203
v -0.05294609 -0.10890000 0.90713388
v -0.03151452 -0.24824549 0.85057032
v -0.02426975 -0.24687269 0.85154378
v -0.02457314 -0.24655350 0.85385442
v -0.03151452 -0.24824549 0.85057032
v -0.00261432 -0.24289410 0.85327047
v -0.02426975 -0.24687269 0.85154378
v -0.09096056 -0.26167399 0.81943083
v -0.09497445 -0.26271579 0.81552911
v 0.00724697 -0.24123290 0.85192013
v -0.09096056 -0.26167399 0.81943083
v 0.00724697 -0.24123290 0.85192013
v -0.08683389 -0.26061639 0.82317108
v -0.09096056 -0.26167399 0.81943083
v -0.09258908 -0.26160040 0.82112551
v -0.09497445 -0.26271579 0.81552911
v -0.05272799 -0.25127730 0.84970683
v -0.05784964 -0.25237659 0.84763002
v -0.05682039 -0.25302291 0.84561718
v -0.05272799 -0.25127730 0.84970683
v -0.05366009 -0.25019059 0.85157162
v -0.05784964 -0.25237659 0.84763002
v -0.10800200 -0.26565090 0.80449587
v -0.10953440 -0.26659000 0.79867780
v -0.10615540 -0.26567891 0.80304062
v -0.11143300 -0.26657301 0.80006492
v -0.11465930 -0.26744580 0.79555929
v -0.11270900 -0.26745170 0.79424542
v -0.11143300 -0.26657301 0.80006492
v -0.11270900 -0.26745170 0.79424542
v -0.10953440 -0.26659000 0.79867780
v -0.11143300 -0.26657301 0.80006492
v -0.10953440 -0.26659000 0.79867780
v -0.10800200 -0.26565090 0.80449587
v -0.11143300 -0.26657301 0.80006492
v -0.11333520 -0.26610479 0.80136549
v -0.11465930 -0.26744580 0.79555929
v -0.09885710 -0.26373509 0.81148452
v -0.10259020 -0.26472500 0.80731559
v 0.00724697 -0.24123290 0.85192013
v -0.09885710 -0.26373509 0.81148452
v 0.00724697 -0.24123290 0.85192013
v -0.09497445 -0.26271579 0.81552911
v -0.10235170 -0.26318529 0.81454903
v -0.10405160 -0.26225299 0.81587970
v -0.10618870 -0.26419699 0.81026143
v -0.10235170 -0.26318529 0.81454903
v -0.10001520 -0.26120171 0.82008910
v -0.10405160 -0.26225299 0.81587970
v -0.10235170 -0.26318529 0.81454903
v -0.09836214 -0.26214370 0.81870741
v -0.10001520 -0.26120171 0.82008910
v -0.10985570 -0.26517230 0.80586118
v -0.11164490 -0.26425880 0.80708343
v -0.11333520 -0.26610479 0.80136549
v -0.10985570 -0.26517230 0.80586118
v -0.10800200 -0.26565090 0.80449587
v -0.10618870 -0.26419699 0.81026143
v -0.10985570 -0.26517230 0.80586118
v -0.11143300 -0.26657301 0.80006492
v -0.10800200 -0.26565090 0.80449587
v -0.10985570 -0.26517230 0.80586118
v -0.11333520 -0.26610479 0.80136549
v -0.11143300 -0.26657301 0.80006492
v -0.10793380 -0.26327410 0.81153911
v -0.10618870 -0.26419699 0.81026143
v -0.10405160 -0.26225299 0.81587970
v -0.10793380 -0.26327410 0.81153911
v -0.10955320 -0.26195559 0.81261998
v -0.11164490 -0.26425880 0.80708343
v -0.10793380 -0.26327410 0.81153911
v -0.10985570 -0.26517230 0.80586118
v -0.10618870 -0.26419699 0.81026143
v -0.10793380 -0.26327410 0.81153911
v -0.11164490 -0.26425880 0.80708343
v -0.10985570 -0.26517230 0.80586118
v -0.07106208 -0.25038001 0.84707570
v -0.07199180 -0.24837860 0.84788811
v -0.07584834 -0.25149059 0.84419030
v -0.07106208 -0.25038001 0.84707570
v -0.06623077 -0.24928640 0.84968758
v -0.06711339 -0.24727540 0.85052842
v -0.07106208 -0.25038001 0.84707570
v -0.06711339 -0.24727540 0.85052842
v -0.07199180 -0.24837860 0.84788811
v -0.07106208 -0.25038001 0.84707570
v -0.06999105 -0.25212061 0.84591252
v -0.06623077 -0.24928640 0.84968758
v -0.05888611 -0.25130951 0.84945083
v -0.05784964 -0.25237659 0.84763002
v -0.05366009 -0.25019059 0.85157162
v -0.05888611 -0.25130951 0.84945083
v -0.05366009 -0.25019059 0.85157162
v -0.05457210 -0.24872890 0.85317153
v -0.06298685 -0.25351289 0.84520268
v -0.06412726 -0.25246599 0.84697282
v -0.06759136 -0.25456101 0.84271938
v -0.06298685 -0.25351289 0.84520268
v -0.06759136 -0.25456101 0.84271938
v -0.06635534 -0.25516671 0.84081292
v -0.06298685 -0.25351289 0.84520268
v -0.05888611 -0.25130951 0.84945083
v -0.06412726 -0.25246599 0.84697282
v -0.06298685 -0.25351289 0.84520268
v -0.05784964 -0.25237659 0.84763002
v -0.05888611 -0.25130951 0.84945083
v -0.07472139 -0.25321981 0.84306341
v -0.07584834 -0.25149059 0.84419030
v -0.07940095 -0.25433141 0.83995932
v -0.07472139 -0.25321981 0.84306341
v -0.07106208 -0.25038001 0.84707570
v -0.07584834 -0.25149059 0.84419030
v -0.07472139 -0.25321981 0.84306341
v -0.06999105 -0.25212061 0.84591252
v -0.07106208 -0.25038001 0.84707570
v -0.05989015 -0.24986529 0.85101140
v -0.05888611 -0.25130951 0.84945083
v -0.05457210 -0.24872890 0.85317153
v -0.05989015 -0.24986529 0.85101140
v -0.05542880 -0.24694631 0.85444307
v -0.06082278 -0.24809711 0.85224962
v -0.05989015 -0.24986529 0.85101140
v -0.05457210 -0.24872890 0.85317153
v -0.05542880 -0.24694631 0.85444307
v -0.05989015 -0.24986529 0.85101140
v -0.06412726 -0.25246599 0.84697282
v -0.05888611 -0.25130951 0.84945083
v -0.03194802 -0.24794599 0.85286230
v -0.02457314 -0.24655350 0.85385442
v -0.02494615 -0.24579491 0.85604942
v -0.03194802 -0.24794599 0.85286230
v -0.03151452 -0.24824549 0.85057032
v -0.02457314 -0.24655350 0.85385442
v -0.04927450 -0.24762900 0.85499501
v -0.05005604 -0.24583261 0.85629523
v -0.05457210 -0.24872890 0.85317153
v -0.04927450 -0.24762900 0.85499501
v -0.04604476 -0.24502070 0.85747641
v -0.05005604 -0.24583261 0.85629523
v -0.04927450 -0.24762900 0.85499501
v -0.05457210 -0.24872890 0.85317153
v -0.05366009 -0.25019059 0.85157162
v -0.03244692 -0.24720660 0.85503840
v -0.02494615 -0.24579491 0.85604942
v -0.02537482 -0.24462339 0.85804337
v -0.03244692 -0.24720660 0.85503840
v -0.03194802 -0.24794599 0.85286230
v -0.02494615 -0.24579491 0.85604942
v -0.03356325 -0.24453200 0.85871458
v -0.04137933 -0.24604391 0.85715789
v -0.04068911 -0.24754520 0.85548478
v -0.03356325 -0.24453200 0.85871458
v -0.03413760 -0.24269991 0.86007291
v -0.04137933 -0.24604391 0.85715789
v -0.03356325 -0.24453200 0.85871458
v -0.02633130 -0.24124120 0.86113548
v -0.03413760 -0.24269991 0.86007291
v -0.01575905 -0.14822979 0.92403507
v -0.04604476 -0.24502070 0.85747641
v -0.01523017 -0.14820530 0.92413259
v -0.01575905 -0.14822979 0.92403507
v -0.05005604 -0.24583261 0.85629523
v -0.04604476 -0.24502070 0.85747641
v -0.01575905 -0.14822979 0.92403507
v -0.01854228 -0.14837369 0.92346531
v -0.05005604 -0.24583261 0.85629523
v -0.01575905 -0.14822979 0.92403507
v -0.01523017 -0.14820530 0.92413259
v -0.01621437 -0.10890000 0.92394853
v -0.01575905 -0.14822979 0.92403507
v -0.01621437 -0.10890000 0.92394853
v -0.01854228 -0.14837369 0.92346531
v -0.04531830 -0.24682701 0.85615790
v -0.04137933 -0.24604391 0.85715789
v -0.04205256 -0.24422839 0.85849208
v -0.04531830 -0.24682701 0.85615790
v -0.04205256 -0.24422839 0.85849208
v -0.04604476 -0.24502070 0.85747641
v -0.04531830 -0.24682701 0.85615790
v -0.04604476 -0.24502070 0.85747641
v -0.04927450 -0.24762900 0.85499501
v -0.07312548 -0.28488830 -0.02515721
v -0.07379072 -0.28339660 -0.02684926
v -0.06335115 -0.28339660 -0.03038251
v -0.07312548 -0.28488830 -0.02515721
v -0.06335115 -0.28339660 -0.03038251
v -0.06275051 -0.28488830 -0.02866673
v -0.07312548 -0.28488830 -0.02515721
v -0.06275051 -0.28488830 -0.02866673
v -0.07236689 -0.28599790 -0.02322763
v -0.07312548 -0.28488830 -0.02515721
v -0.07236689 -0.28599790 -0.02322763
v -0.08264446 -0.28599790 -0.01930600
v -0.09446763 -0.28339660 -0.01837569
v -0.09515148 -0.28157771 -0.01970010
v -0.09003406 -0.28157771 -0.02202415
v -0.09446763 -0.28339660 -0.01837569
v -0.09003406 -0.28157771 -0.02202415
v -0.08938944 -0.28339660 -0.02068006
v -0.09446763 -0.28339660 -0.01837569
v -0.09944194 -0.28339660 -0.01593929
v -0.09515148 -0.28157771 -0.01970010
v 0.01597195 -0.07999998 -0.08544260
v 0.01684385 -0.08529996 -0.09552633
v 0.01316618 -0.07999998 -0.08591967
v 0.01597195 -0.07999998 -0.08544260
v 0.02229487 -0.08529996 -0.09440302
v 0.01684385 -0.08529996 -0.09552633
v 0.01597195 -0.07999998 -0.08544260
v 0.02122169 -0.07999998 -0.08429223
v 0.02229487 -0.08529996 -0.09440302
v 0.00752622 -0.06249994 0.77954412
v 0.01316618 -0.07999998 -0.08591967
v 0.00802016 -0.07999998 -0.08655184
v 0.00752622 -0.06249994 0.77954412
v 0.00802016 -0.07999998 -0.08655184
v 0.00682116 -0.06249994 0.77946049
v 0.00752622 -0.06249994 0.77954412
v 0.01597195 -0.07999998 -0.08544260
v 0.01316618 -0.07999998 -0.08591967
v -0.04033017 -0.06249994 0.79433781
v -0.05594313 -0.07999998 -0.06652748
v -0.05855941 -0.07999998 -0.06423658
v -0.04033017 -0.06249994 0.79433781
v -0.03798460 -0.06249994 0.79236883
v -0.05594313 -0.07999998 -0.06652748
v 0.02012145 -0.06249994 0.78249621
v 0.02908760 -0.07999998 -0.08191120
v 0.01870954 -0.06249994 0.78202140
v 0.02012145 -0.06249994 0.78249621
v 0.03140008 -0.07999998 -0.08105295
v 0.02908760 -0.07999998 -0.08191120
v 0.02012145 -0.06249994 0.78249621
v 0.02407711 -0.06249994 0.78403711
v 0.03140008 -0.07999998 -0.08105295
v 0.02923148 -0.06249994 0.78654832
v 0.03241276 -0.06249994 0.78841537
v 0.04397130 -0.07999998 -0.07498043
v 0.02923148 -0.06249994 0.78654832
v 0.04397130 -0.07999998 -0.07498043
v 0.03874474 -0.07999998 -0.07780992
v 0.02643334 -0.06249994 0.78511071
v 0.03669351 -0.07999998 -0.07879799
v 0.02407711 -0.06249994 0.78403711
v 0.02643334 -0.06249994 0.78511071
v 0.03874474 -0.07999998 -0.07780992
v 0.03669351 -0.07999998 -0.07879799
v 0.02643334 -0.06249994 0.78511071
v 0.02923148 -0.06249994 0.78654832
v 0.03874474 -0.07999998 -0.07780992
v -0.17651241 -0.29122859 0.30246380
v -0.17822830 -0.28957501 0.30230859
v -0.17551690 -0.28919601 0.27818221
v -0.17651241 -0.29122859 0.30246380
v -0.17551690 -0.28919601 0.27818221
v -0.17380340 -0.29084989 0.27835980
v -0.17943460 -0.28969681 0.31485969
v -0.18076900 -0.28777561 0.31475091
v -0.17956230 -0.28765380 0.30219540
v -0.17943460 -0.28969681 0.31485969
v -0.17956230 -0.28765380 0.30219540
v -0.17822830 -0.28957501 0.30230859
v -0.17943460 -0.28969681 0.31485969
v -0.17822830 -0.28957501 0.30230859
v -0.17651241 -0.29122859 0.30246380
v -0.16655450 -0.29243991 0.25538030
v -0.16435540 -0.29283679 0.25567681
v -0.16742571 -0.29336959 0.27909139
v -0.16655450 -0.29243991 0.25538030
v -0.16742571 -0.29336959 0.27909139
v -0.16962920 -0.29297349 0.27882940
v -0.17179950 -0.29213011 0.27858019
v -0.16962920 -0.29297349 0.27882940
v -0.17450500 -0.29250830 0.30265331
v -0.17179950 -0.29213011 0.27858019
v -0.17651241 -0.29122859 0.30246380
v -0.17380340 -0.29084989 0.27835980
v -0.17179950 -0.29213011 0.27858019
v -0.17450500 -0.29250830 0.30265331
v -0.17651241 -0.29122859 0.30246380
v -0.17179950 -0.29213011 0.27858019
v -0.16655450 -0.29243991 0.25538030
v -0.16962920 -0.29297349 0.27882940
v -0.17832591 -0.29265010 0.35208991
v -0.17681611 -0.29331821 0.36889741
v -0.17899950 -0.29247519 0.36882031
v -0.17832591 -0.29265010 0.35208991
v -0.18033931 -0.29137069 0.35197970
v -0.17762689 -0.29270241 0.33992371
v -0.17832591 -0.29265010 0.35208991
v -0.18101420 -0.29119551 0.36874211
v -0.18033931 -0.29137069 0.35197970
v -0.17832591 -0.29265010 0.35208991
v -0.17899950 -0.29247519 0.36882031
v -0.18101420 -0.29119551 0.36874211
v -0.17963859 -0.29142311 0.33978459
v -0.17762689 -0.29270241 0.33992371
v -0.18033931 -0.29137069 0.35197970
v -0.17963859 -0.29142311 0.33978459
v -0.18135780 -0.28976980 0.33966550
v -0.17877850 -0.29141641 0.32765940
v -0.17963859 -0.29142311 0.33978459
v -0.18033931 -0.29137069 0.35197970
v -0.18135780 -0.28976980 0.33966550
v -0.17963859 -0.29142311 0.33978459
v -0.17676890 -0.29269579 0.32782599
v -0.17762689 -0.29270241 0.33992371
v -0.17963859 -0.29142311 0.33978459
v -0.17877850 -0.29141641 0.32765940
v -0.17676890 -0.29269579 0.32782599
v -0.17072131 -0.29031521 0.25485429
v -0.17380340 -0.29084989 0.27835980
v -0.14481010 -0.28339660 0.03983730
v -0.17072131 -0.29031521 0.25485429
v -0.14481010 -0.28339660 0.03983730
v -0.14300349 -0.28488830 0.04004800
v -0.17072131 -0.29031521 0.25485429
v -0.17179950 -0.29213011 0.27858019
v -0.17380340 -0.29084989 0.27835980
v -0.14183700 -0.28339660 0.02790409
v -0.14355239 -0.28339660 0.03383791
v -0.14327250 -0.28157771 0.02750080
v -0.14521940 -0.27491131 0.02695381
v -0.14499681 -0.27725229 0.02701634
v -0.14677610 -0.27725229 0.03321826
v -0.14521940 -0.27491131 0.02695381
v -0.14677610 -0.27725229 0.03321826
v -0.14700329 -0.27491131 0.03317463
v -0.14521940 -0.27491131 0.02695381
v -0.14700329 -0.27491131 0.03317463
v -0.11654510 -0.14060000 -0.05759549
v -0.14521940 -0.27491131 0.02695381
v -0.11654510 -0.14060000 -0.05759549
v -0.11654510 -0.14259990 -0.05759549
v -0.13789929 -0.28488830 0.02271932
v -0.13825820 -0.28339660 0.01919710
v -0.13659650 -0.28488830 0.01993447
v -0.13676560 -0.28339660 0.01637047
v -0.13659650 -0.28488830 0.01993447
v -0.13825820 -0.28339660 0.01919710
v -0.13676560 -0.28339660 0.01637047
v -0.13640331 -0.28157771 0.01284879
v -0.13511120 -0.28339660 0.01359248
v -0.13454020 -0.28157771 0.01005780
v -0.13511120 -0.28339660 0.01359248
v -0.13640331 -0.28157771 0.01284879
v -0.13454020 -0.28157771 0.01005780
v -0.13640331 -0.28157771 0.01284879
v -0.13546990 -0.27950349 0.00945359
v -0.13454020 -0.28157771 0.01005780
v -0.13546990 -0.27950349 0.00945359
v -0.13339721 -0.27950349 0.00667727
v -0.13454020 -0.28157771 0.01005780
v -0.13339721 -0.27950349 0.00667727
v -0.13250180 -0.28157771 0.00733137
v -0.18274149 -0.28578079 0.32735100
v -0.18360420 -0.28578761 0.33950999
v -0.18409750 -0.28371131 0.33947590
v -0.18274149 -0.28578079 0.32735100
v -0.18217310 -0.28363821 0.31465611
v -0.18167929 -0.28571451 0.31468371
v -0.18047240 -0.28559271 0.30212700
v -0.17775920 -0.28521341 0.27798519
v -0.17956230 -0.28765380 0.30219540
v -0.18047240 -0.28559271 0.30212700
v -0.17956230 -0.28765380 0.30219540
v -0.18167929 -0.28571451 0.31468371
v -0.18047240 -0.28559271 0.30212700
v -0.17825390 -0.28313729 0.27796501
v -0.17775920 -0.28521341 0.27798519
v -0.18480000 -0.28365880 0.35170221
v -0.18430699 -0.28573501 0.35174111
v -0.18498340 -0.28555939 0.36854371
v -0.18480000 -0.28365880 0.35170221
v -0.18409750 -0.28371131 0.33947590
v -0.18430699 -0.28573501 0.35174111
v -0.18488190 -0.16729631 0.28014949
v -0.18491980 -0.16728960 0.28060651
v -0.18520211 -0.15961330 0.28408429
v -0.18488190 -0.16729631 0.28014949
v -0.18520211 -0.15961330 0.28408429
v -0.18373010 -0.15984771 0.26713791
v -0.18488190 -0.16729631 0.28014949
v -0.18373010 -0.15984771 0.26713791
v -0.18223161 -0.16763780 0.25220090
v -0.18488190 -0.16729631 0.28014949
v -0.18223161 -0.16763780 0.25220090
v -0.18229680 -0.28164899 0.31466290
v -0.18488190 -0.16729631 0.28014949
v -0.18229680 -0.28164899 0.31466290
v -0.18335830 -0.28171521 0.32732359
v -0.18488190 -0.16729631 0.28014949
v -0.18335830 -0.28171521 0.32732359
v -0.18491980 -0.16728960 0.28060651
v -0.18591340 -0.28118861 0.38532510
v -0.18895321 -0.16527221 0.36889711
v -0.18892489 -0.16535850 0.36607781
v -0.18591340 -0.28118861 0.38532510
v -0.18892489 -0.16535850 0.36607781
v -0.18559740 -0.28149399 0.36846781
v -0.18591340 -0.28118861 0.38532510
v -0.18890510 -0.16441900 0.39459690
v -0.18895321 -0.16527221 0.36889711
v -0.18591340 -0.28118861 0.38532510
v -0.18583409 -0.28074229 0.40221921
v -0.18890510 -0.16441900 0.39459690
v -0.18826720 -0.16615020 0.33756191
v -0.18832630 -0.16610640 0.33928880
v -0.18839060 -0.15843460 0.34125501
v -0.18826720 -0.16615020 0.33756191
v -0.18839060 -0.15843460 0.34125501
v -0.18785700 -0.15878150 0.32712731
v -0.18826720 -0.16615020 0.33756191
v -0.18559740 -0.28149399 0.36846781
v -0.18832630 -0.16610640 0.33928880
v -0.18696910 -0.16678110 0.30970019
v -0.18785700 -0.15878150 0.32712731
v -0.18713740 -0.15909910 0.31265220
v -0.18696910 -0.16678110 0.30970019
v -0.18713740 -0.15909910 0.31265220
v -0.18693200 -0.16679379 0.30906579
v -0.18696910 -0.16678110 0.30970019
v -0.18826720 -0.16615020 0.33756191
v -0.18785700 -0.15878150 0.32712731
v -0.18696910 -0.16678110 0.30970019
v -0.18693200 -0.16679379 0.30906579
v -0.18421981 -0.28172201 0.33946741
v -0.18323509 -0.28370449 0.32732141
v -0.18409750 -0.28371131 0.33947590
v -0.18335830 -0.28171521 0.32732359
v -0.18323509 -0.28370449 0.32732141
v -0.18229680 -0.28164899 0.31466290
v -0.18217310 -0.28363821 0.31465611
v -0.18323509 -0.28370449 0.32732141
v -0.18335830 -0.28171521 0.32732359
v -0.18229680 -0.28164899 0.31466290
v -0.18323509 -0.28370449 0.32732141
v -0.18274149 -0.28578079 0.32735100
v -0.18409750 -0.28371131 0.33947590
v -0.18323509 -0.28370449 0.32732141
v -0.18217310 -0.28363821 0.31465611
v -0.18274149 -0.28578079 0.32735100
v -0.18096641 -0.28351641 0.30210131
v -0.17825390 -0.28313729 0.27796501
v -0.18047240 -0.28559271 0.30212700
v -0.18096641 -0.28351641 0.30210131
v -0.18047240 -0.28559271 0.30212700
v -0.18167929 -0.28571451 0.31468371
v -0.18096641 -0.28351641 0.30210131
v -0.18167929 -0.28571451 0.31468371
v -0.18217310 -0.28363821 0.31465611
v -0.17837940 -0.28114831 0.27798831
v -0.18206580 -0.16765261 0.25065541
v -0.17886890 -0.16783939 0.22386581
v -0.17837940 -0.28114831 0.27798831
v -0.17886890 -0.16783939 0.22386581
v -0.17825390 -0.28313729 0.27796501
v -0.17459160 -0.29353830 0.32800999
v -0.17353360 -0.29347241 0.31538460
v -0.17132390 -0.29386771 0.31559059
v -0.17459160 -0.29353830 0.32800999
v -0.17132390 -0.29386771 0.31559059
v -0.17238040 -0.29393339 0.32819989
v -0.17459160 -0.29353830 0.32800999
v -0.17676890 -0.29269579 0.32782599
v -0.17353360 -0.29347241 0.31538460
v -0.17459160 -0.29353830 0.32800999
v -0.17762689 -0.29270241 0.33992371
v -0.17676890 -0.29269579 0.32782599
v -0.17233050 -0.29335099 0.30286491
v -0.16962920 -0.29297349 0.27882940
v -0.17012230 -0.29374650 0.30308521
v -0.17233050 -0.29335099 0.30286491
v -0.17012230 -0.29374650 0.30308521
v -0.17353360 -0.29347241 0.31538460
v -0.17233050 -0.29335099 0.30286491
v -0.17353360 -0.29347241 0.31538460
v -0.17450500 -0.29250830 0.30265331
v -0.17233050 -0.29335099 0.30286491
v -0.17450500 -0.29250830 0.30265331
v -0.16962920 -0.29297349 0.27882940
v -0.08673417 -0.28668001 -0.01514387
v -0.09057772 -0.28691131 -0.01084196
v -0.09165084 -0.28668001 -0.01292037
v -0.08673417 -0.28668001 -0.01514387
v -0.08572256 -0.28691131 -0.01303464
v -0.09057772 -0.28691131 -0.01084196
v -0.08673417 -0.28668001 -0.01514387
v -0.08172589 -0.28668001 -0.01725202
v -0.08572256 -0.28691131 -0.01303464
v -0.08673417 -0.28668001 -0.01514387
v -0.08264446 -0.28599790 -0.01930600
v -0.08172589 -0.28668001 -0.01725202
v -0.12672010 -0.28157771 0.00094317
v -0.12752309 -0.27950349 0.00017820
v -0.12360660 -0.27950349 -0.00337803
v -0.12672010 -0.28157771 0.00094317
v -0.12360660 -0.27950349 -0.00337803
v -0.12285630 -0.28157771 -0.00256127
v -0.13736440 -0.27950349 0.01229560
v -0.13795529 -0.27725229 0.01195549
v -0.13604151 -0.27725229 0.00908214
v -0.13736440 -0.27950349 0.01229560
v -0.13604151 -0.27725229 0.00908214
v -0.13546990 -0.27950349 0.00945359
v -0.13736440 -0.27950349 0.01229560
v -0.13546990 -0.27950349 0.00945359
v -0.13640331 -0.28157771 0.01284879
v -0.08860343 -0.28488830 -0.01904124
v -0.08938944 -0.28339660 -0.02068006
v -0.08423298 -0.28339660 -0.02285778
v -0.10557840 -0.28668001 -0.00552183
v -0.10847240 -0.28691131 -0.00091203
v -0.10985490 -0.28668001 -0.00279897
v -0.10557840 -0.28668001 -0.00552183
v -0.10985490 -0.28668001 -0.00279897
v -0.10682330 -0.28599790 -0.00739574
v -0.11242390 -0.28691131 0.00187266
v -0.10985490 -0.28668001 -0.00279897
v -0.10847240 -0.28691131 -0.00091203
v -0.11242390 -0.28691131 0.00187266
v -0.10847240 -0.28691131 -0.00091203
v -0.16435540 -0.29283679 0.25567681
v -0.11242390 -0.28691131 0.00187266
v -0.16435540 -0.29283679 0.25567681
v -0.11610940 -0.28691131 0.00478321
v -0.10428390 -0.28691131 -0.00357330
v -0.09988647 -0.28691131 -0.00611377
v -0.16435540 -0.29283679 0.25567681
v -0.10428390 -0.28691131 -0.00357330
v -0.16435540 -0.29283679 0.25567681
v -0.10847240 -0.28691131 -0.00091203
v -0.10428390 -0.28691131 -0.00357330
v -0.10847240 -0.28691131 -0.00091203
v -0.10557840 -0.28668001 -0.00552183
v -0.11949990 -0.28691131 0.00782162
v -0.11769250 -0.28668001 0.00305992
v -0.11610940 -0.28691131 0.00478321
v -0.11949990 -0.28691131 0.00782162
v -0.12119400 -0.28668001 0.00620770
v -0.11769250 -0.28668001 0.00305992
v -0.11949990 -0.28691131 0.00782162
v -0.12256620 -0.28691131 0.01099002
v -0.12119400 -0.28668001 0.00620770
v -0.11949990 -0.28691131 0.00782162
v -0.11610940 -0.28691131 0.00478321
v -0.16435540 -0.29283679 0.25567681
v -0.11949990 -0.28691131 0.00782162
v -0.16435540 -0.29283679 0.25567681
v -0.12256620 -0.28691131 0.01099002
v -0.12445020 -0.28691131 0.01321256
v -0.12256620 -0.28691131 0.01099002
v -0.16435540 -0.29283679 0.25567681
v -0.11778430 -0.28339660 -0.00469893
v -0.11348380 -0.28339660 -0.00775170
v -0.11663520 -0.28488830 -0.00329029
v -0.11778430 -0.28339660 -0.00469893
v -0.12184750 -0.28339660 -0.00146317
v -0.11872660 -0.28157771 -0.00585425
v -0.11778430 -0.28339660 -0.00469893
v -0.11872660 -0.28157771 -0.00585425
v -0.11436480 -0.28157771 -0.00895417
v -0.11778430 -0.28339660 -0.00469893
v -0.11436480 -0.28157771 -0.00895417
v -0.11348380 -0.28339660 -0.00775170
v -0.12282320 -0.28599790 0.00465560
v -0.11921480 -0.28599790 0.00140268
v -0.12119400 -0.28668001 0.00620770
v -0.12282320 -0.28599790 0.00465560
v -0.12611870 -0.28599790 0.00808448
v -0.12432430 -0.28488830 0.00322556
v -0.10226790 -0.28599790 -0.01003670
v -0.10682330 -0.28599790 -0.00739574
v -0.10334360 -0.28488830 -0.01180863
v -0.10226790 -0.28599790 -0.01003670
v -0.10557840 -0.28668001 -0.00552183
v -0.10682330 -0.28599790 -0.00739574
v -0.11118450 -0.28599790 -0.00461364
v -0.10682330 -0.28599790 -0.00739574
v -0.10985490 -0.28668001 -0.00279897
v -0.11118450 -0.28599790 -0.00461364
v -0.11532490 -0.28599790 -0.00168383
v -0.11240950 -0.28488830 -0.00628561
v -0.11118450 -0.28599790 -0.00461364
v -0.11240950 -0.28488830 -0.00628561
v -0.10797030 -0.28488830 -0.00912225
v -0.11118450 -0.28599790 -0.00461364
v -0.10797030 -0.28488830 -0.00912225
v -0.10682330 -0.28599790 -0.00739574
v -0.11390270 -0.28668001 0.00005971
v -0.11769250 -0.28668001 0.00305992
v -0.11532490 -0.28599790 -0.00168383
v -0.11390270 -0.28668001 0.00005971
v -0.11118450 -0.28599790 -0.00461364
v -0.10985490 -0.28668001 -0.00279897
v -0.11390270 -0.28668001 0.00005971
v -0.11532490 -0.28599790 -0.00168383
v -0.11118450 -0.28599790 -0.00461364
v -0.11390270 -0.28668001 0.00005971
v -0.10985490 -0.28668001 -0.00279897
v -0.11242390 -0.28691131 0.00187266
v -0.11390270 -0.28668001 0.00005971
v -0.11242390 -0.28691131 0.00187266
v -0.11610940 -0.28691131 0.00478321
v -0.11390270 -0.28668001 0.00005971
v -0.11610940 -0.28691131 0.00478321
v -0.11769250 -0.28668001 0.00305992
v -0.13050590 -0.28691131 0.02263712
v -0.12920140 -0.28691131 0.02020585
v -0.16435540 -0.29283679 0.25567681
v -0.13050590 -0.28691131 0.02263712
v -0.16435540 -0.29283679 0.25567681
v -0.13168140 -0.28691131 0.02511447
v -0.13050590 -0.28691131 0.02263712
v -0.13128820 -0.28668001 0.01914775
v -0.12920140 -0.28691131 0.02020585
v -0.12978920 -0.28668001 0.01665586
v -0.12920140 -0.28691131 0.02020585
v -0.13128820 -0.28668001 0.01914775
v -0.12978920 -0.28668001 0.01665586
v -0.12776150 -0.28691131 0.01782298
v -0.12920140 -0.28691131 0.02020585
v -0.12978920 -0.28668001 0.01665586
v -0.12814149 -0.28668001 0.01421618
v -0.12776150 -0.28691131 0.01782298
v -0.12978920 -0.28668001 0.01665586
v -0.13128820 -0.28668001 0.01914775
v -0.13173909 -0.28599790 0.01553344
v -0.13386489 -0.28668001 0.02427339
v -0.13168140 -0.28691131 0.02511447
v -0.16435540 -0.29283679 0.25567681
v -0.13386489 -0.28668001 0.02427339
v -0.16435540 -0.29283679 0.25567681
v -0.13495570 -0.28668001 0.02690029
v -0.13329510 -0.28599790 0.01813018
v -0.13353580 -0.28488830 0.01449930
v -0.13173909 -0.28599790 0.01553344
v -0.13329510 -0.28599790 0.01813018
v -0.13173909 -0.28599790 0.01553344
v -0.13128820 -0.28668001 0.01914775
v -0.12983011 -0.28488830 0.00928283
v -0.13129801 -0.28339660 0.00821066
v -0.12913039 -0.28339660 0.00562125
v -0.13751960 -0.28668001 0.03499746
v -0.13809040 -0.28599790 0.02895671
v -0.13592380 -0.28668001 0.02956539
v -0.13751960 -0.28668001 0.03499746
v -0.13592380 -0.28668001 0.02956539
v -0.16435540 -0.29283679 0.25567681
v -0.13751960 -0.28668001 0.03499746
v -0.16435540 -0.29283679 0.25567681
v -0.16655450 -0.29243991 0.25538030
v -0.13709199 -0.28599790 0.02619314
v -0.13495570 -0.28668001 0.02690029
v -0.13592380 -0.28668001 0.02956539
v -0.13709199 -0.28599790 0.02619314
v -0.13592380 -0.28668001 0.02956539
v -0.13809040 -0.28599790 0.02895671
v -0.14176659 -0.28488830 0.03418117
v -0.14094320 -0.28599790 0.04028832
v -0.14300349 -0.28488830 0.04004800
v -0.14176659 -0.28488830 0.03418117
v -0.14300349 -0.28488830 0.04004800
v -0.14355239 -0.28339660 0.03383791
v -0.14176659 -0.28488830 0.03418117
v -0.14355239 -0.28339660 0.03383791
v -0.14183700 -0.28339660 0.02790409
v -0.14063470 -0.27950349 0.01814252
v -0.14202221 -0.27950349 0.02113115
v -0.14125800 -0.27725229 0.01786595
v -0.14063470 -0.27950349 0.01814252
v -0.14125800 -0.27725229 0.01786595
v -0.13969260 -0.27725229 0.01488643
v -0.14063470 -0.27950349 0.01814252
v -0.14098720 -0.28157771 0.02152985
v -0.14202221 -0.27950349 0.02113115
v -0.14063470 -0.27950349 0.01814252
v -0.13962100 -0.28157771 0.01859235
v -0.14098720 -0.28157771 0.02152985
v -0.14287411 -0.27491131 0.02080297
v -0.14265840 -0.27725229 0.02088612
v -0.14390200 -0.27725229 0.02393883
v -0.14287411 -0.27491131 0.02080297
v -0.11654510 -0.14259990 -0.05759549
v -0.14146920 -0.27491131 0.01777219
v -0.14287411 -0.27491131 0.02080297
v -0.14146920 -0.27491131 0.01777219
v -0.14265840 -0.27725229 0.02088612
v 0.03192436 -0.14941759 0.91931671
v 0.03453600 -0.14969350 0.91821468
v 0.03213351 -0.10890000 0.91923189
v 0.03192436 -0.14941759 0.91931671
v 0.03213351 -0.10890000 0.91923189
v 0.03019624 -0.14924860 0.91999030
v 0.03192436 -0.14941759 0.91931671
v 0.03019624 -0.14924860 0.91999030
v 0.00634694 -0.23612840 0.86179602
v 0.03192436 -0.14941759 0.91931671
v 0.00634694 -0.23612840 0.86179602
v 0.03453600 -0.14969350 0.91821468
v -0.01257932 -0.24354690 0.85690397
v -0.00296050 -0.24093071 0.85865670
v -0.01286077 -0.24235550 0.85891283
v -0.01257932 -0.24354690 0.85690397
v -0.01286077 -0.24235550 0.85891283
v -0.01750612 -0.24443249 0.85666621
v -0.01257932 -0.24354690 0.85690397
v -0.01750612 -0.24443249 0.85666621
v -0.01723641 -0.24520530 0.85446078
v -0.01783895 -0.24324749 0.85867101
v -0.02537482 -0.24462339 0.85804337
v -0.02494615 -0.24579491 0.85604942
v -0.01783895 -0.24324749 0.85867101
v -0.02494615 -0.24579491 0.85604942
v -0.01750612 -0.24443249 0.85666621
v -0.01783895 -0.24324749 0.85867101
v -0.01750612 -0.24443249 0.85666621
v -0.01286077 -0.24235550 0.85891283
v -0.01783895 -0.24324749 0.85867101
v -0.01822179 -0.24169870 0.86039960
v -0.02537482 -0.24462339 0.85804337
v -0.00265777 -0.24264769 0.85469782
v -0.00261432 -0.24289410 0.85327047
v 0.00718641 -0.24088950 0.85479188
v -0.00312507 -0.23999730 0.85987759
v -0.00311410 -0.24005970 0.85980481
v 0.00672293 -0.23826090 0.85987759
v -0.00312507 -0.23999730 0.85987759
v 0.00672293 -0.23826090 0.85987759
v -0.00329047 -0.23905930 0.86083788
v -0.00312507 -0.23999730 0.85987759
v -0.01286077 -0.24235550 0.85891283
v -0.00311410 -0.24005970 0.85980481
v 0.02600610 -0.06249994 0.89509320
v 0.02926766 -0.06419992 0.90193272
v 0.02643334 -0.06249994 0.89488947
v 0.02600610 -0.06249994 0.89509320
v 0.02786141 -0.06419992 0.90257788
v 0.02926766 -0.06419992 0.90193272
v 0.02600610 -0.06249994 0.89509320
v 0.02071166 -0.06249994 0.89729393
v 0.02786141 -0.06419992 0.90257788
v 0.04033017 -0.06249994 0.88566232
v 0.04583543 -0.06419992 0.89090538
v 0.04666543 -0.06419992 0.89014572
v 0.00962114 -0.06249994 0.90015823
v 0.00911528 -0.06419992 0.90789092
v 0.01424193 -0.06419992 0.90700322
v 0.00962114 -0.06249994 0.90015823
v 0.01424193 -0.06419992 0.90700322
v 0.01355654 -0.06249994 0.89939523
v 0.05750387 -0.06249994 0.81987858
v 0.05788379 -0.06249994 0.82099921
v 0.08105295 -0.07999998 -0.03140008
v 0.05750387 -0.06249994 0.81987858
v 0.08105295 -0.07999998 -0.03140008
v 0.05584120 -0.06249994 0.81564182
v 0.05488938 -0.06249994 0.81356668
v 0.05584120 -0.06249994 0.81564182
v 0.07780992 -0.07999998 -0.03874474
v 0.05488938 -0.06249994 0.81356668
v 0.07780992 -0.07999998 -0.03874474
v 0.07738244 -0.07999998 -0.03959167
v 0.05939519 -0.06249994 0.82644337
v 0.08360439 -0.07999998 -0.02378749
v 0.05788379 -0.06249994 0.82099921
v 0.05939519 -0.06249994 0.82644337
v 0.05956572 -0.06249994 0.82721370
v 0.08537203 -0.07999998 -0.01634478
v 0.05939519 -0.06249994 0.82644337
v 0.08537203 -0.07999998 -0.01634478
v 0.08360439 -0.07999998 -0.02378749
v -0.18884949 -0.16427870 0.39850661
v -0.18890510 -0.16441900 0.39459690
v -0.18583409 -0.28074229 0.40221921
v -0.18884949 -0.16427870 0.39850661
v -0.18583409 -0.28074229 0.40221921
v -0.18820789 -0.16333230 0.42310220
v -0.18884949 -0.16427870 0.39850661
v -0.18820789 -0.16333230 0.42310220
v -0.18840531 -0.15593980 0.41728270
v -0.18884949 -0.16427870 0.39850661
v -0.18840531 -0.15593980 0.41728270
v -0.18884960 -0.15665470 0.39849770
v -0.18884949 -0.16427870 0.39850661
v -0.18884960 -0.15665470 0.39849770
v -0.18890510 -0.16441900 0.39459690
v -0.18530411 -0.28454569 0.40232721
v -0.18529969 -0.28525370 0.38541970
v -0.18481860 -0.28584671 0.40235901
v -0.18530411 -0.28454569 0.40232721
v -0.18562700 -0.28324509 0.40229270
v -0.18529969 -0.28525370 0.38541970
v -0.18530411 -0.28454569 0.40232721
v -0.18477251 -0.28426090 0.41799739
v -0.18562700 -0.28324509 0.40229270
v -0.18530411 -0.28454569 0.40232721
v -0.18481860 -0.28584671 0.40235901
v -0.18477251 -0.28426090 0.41799739
v -0.18339621 -0.28779611 0.35180119
v -0.18407249 -0.28762040 0.36860010
v -0.18498340 -0.28555939 0.36854371
v -0.18339621 -0.28779611 0.35180119
v -0.18498340 -0.28555939 0.36854371
v -0.18430699 -0.28573501 0.35174111
v -0.18339621 -0.28779611 0.35180119
v -0.18430699 -0.28573501 0.35174111
v -0.18269360 -0.28784871 0.33957309
v -0.18339621 -0.28779611 0.35180119
v -0.18269360 -0.28784871 0.33957309
v -0.18205971 -0.28971729 0.35188171
v -0.18339621 -0.28779611 0.35180119
v -0.18205971 -0.28971729 0.35188171
v -0.18273550 -0.28954181 0.36866730
v -0.18339621 -0.28779611 0.35180119
v -0.18273550 -0.28954181 0.36866730
v -0.18407249 -0.28762040 0.36860010
v -0.18125050 -0.29044500 0.40243971
v -0.18001810 -0.29129481 0.40244469
v -0.18080400 -0.28990069 0.41805819
v -0.18125050 -0.29044500 0.40243971
v -0.18080400 -0.28990069 0.41805819
v -0.18236759 -0.28944841 0.40242800
v -0.18125050 -0.29044500 0.40243971
v -0.18236759 -0.28944841 0.40242800
v -0.18132970 -0.29089051 0.38557389
v -0.18125050 -0.29044500 0.40243971
v -0.18132970 -0.29089051 0.38557389
v -0.18001810 -0.29129481 0.40244469
v -0.04763120 -0.06249994 0.80201542
v -0.06745493 -0.07999998 -0.05482131
v -0.04816460 -0.06249994 0.80269408
v -0.04763120 -0.06249994 0.80201542
v -0.04444420 -0.06249994 0.79833132
v -0.06423658 -0.07999998 -0.05855935
v -0.04763120 -0.06249994 0.80201542
v -0.06423658 -0.07999998 -0.05855935
v -0.06745493 -0.07999998 -0.05482131
v -0.05429637 -0.06249994 0.81236911
v -0.07656019 -0.07999998 -0.04115909
v -0.07780992 -0.07999998 -0.03874474
v -0.05429637 -0.06249994 0.81236911
v -0.05158466 -0.06249994 0.80758733
v -0.07656019 -0.07999998 -0.04115909
v -0.03241276 -0.06249994 0.78841537
v -0.04941004 -0.07999998 -0.07151347
v -0.03585892 -0.06249994 0.79074872
v -0.03241276 -0.06249994 0.78841537
v -0.03107011 -0.06249994 0.78759581
v -0.04575884 -0.07999998 -0.07390314
v -0.03241276 -0.06249994 0.78841537
v -0.04575884 -0.07999998 -0.07390314
v -0.04941004 -0.07999998 -0.07151347
v -0.06227499 -0.06419992 0.86853200
v -0.06257784 -0.06419992 0.86786151
v -0.06272959 -0.06469994 0.86874032
v -0.06227499 -0.06419992 0.86853200
v -0.06272959 -0.06469994 0.86874032
v -0.05932271 -0.06419992 0.87425011
v -0.06227499 -0.06419992 0.86853200
v -0.05584120 -0.06249994 0.86435831
v -0.06257784 -0.06419992 0.86786151
v -0.05984580 -0.06249994 0.82859641
v -0.05939513 -0.06249994 0.82644337
v -0.08544260 -0.07999998 -0.01597195
v -0.05984580 -0.06249994 0.82859641
v -0.08544260 -0.07999998 -0.01597195
v -0.08591967 -0.07999998 -0.01316618
v -0.05984580 -0.06249994 0.82859641
v -0.08591967 -0.07999998 -0.01316618
v -0.06053954 -0.06249994 0.83317888
v -0.01905786 -0.06419992 0.90579551
v -0.01424193 -0.06419992 0.90700322
v -0.01355654 -0.06249994 0.89939523
v -0.01905786 -0.06419992 0.90579551
v -0.02116763 -0.06419992 0.90514737
v -0.01919698 -0.06469994 0.90627581
v -0.01905786 -0.06419992 0.90579551
v -0.01919698 -0.06469994 0.90627581
v -0.01424193 -0.06419992 0.90700322
v -0.02600121 -0.06419992 0.90337342
v -0.02786141 -0.06419992 0.90257788
v -0.02619099 -0.06469994 0.90383601
v -0.02600121 -0.06419992 0.90337342
v -0.02619099 -0.06469994 0.90383601
v -0.02116763 -0.06419992 0.90514737
v -0.02600121 -0.06419992 0.90337342
v -0.02407711 -0.06249994 0.89596307
v -0.02786141 -0.06419992 0.90257788
v -0.03264492 -0.06419992 0.90022087
v -0.03424996 -0.06419992 0.89932281
v -0.03288322 -0.06469994 0.90066051
v -0.03264492 -0.06419992 0.90022087
v -0.03288322 -0.06469994 0.90066051
v -0.02786141 -0.06419992 0.90257788
v -0.03241276 -0.06249994 0.89158469
v -0.03412693 -0.06249994 0.89046711
v -0.03891241 -0.06419992 0.89637440
v -0.03241276 -0.06249994 0.89158469
v -0.03891241 -0.06419992 0.89637440
v -0.03424996 -0.06419992 0.89932281
v -0.01870954 -0.06249994 0.89797872
v -0.01905786 -0.06419992 0.90579551
v -0.01355654 -0.06249994 0.89939523
v -0.01870954 -0.06249994 0.89797872
v -0.02116763 -0.06419992 0.90514737
v -0.01905786 -0.06419992 0.90579551
v -0.01317626 -0.06249994 0.89948082
v -0.01355654 -0.06249994 0.89939523
v -0.01424193 -0.06419992 0.90700322
v -0.01317626 -0.06249994 0.89948082
v -0.01424193 -0.06419992 0.90700322
v -0.01189488 -0.06419992 0.90745938
v -0.01317626 -0.06249994 0.89948082
v -0.01189488 -0.06419992 0.90745938
v -0.00752616 -0.06249994 0.90045601
v 0.00210941 -0.06419992 0.90846759
v 0.00716019 -0.06419992 0.90812480
v 0.00392324 -0.06249994 0.90079618
v 0.00210941 -0.06419992 0.90846759
v 0.00000000 -0.06419992 0.90850002
v 0.00212485 -0.06469994 0.90896732
v 0.00210941 -0.06419992 0.90846759
v 0.00212485 -0.06469994 0.90896732
v 0.00716019 -0.06419992 0.90812480
v -0.00491857 -0.06419992 0.90832323
v -0.00180948 -0.06249994 0.90089577
v -0.00682116 -0.06249994 0.90053958
v -0.00491857 -0.06419992 0.90832323
v 0.00000000 -0.06419992 0.90850002
v -0.00180948 -0.06249994 0.90089577
v -0.00491857 -0.06419992 0.90832323
v -0.00495452 -0.06469994 0.90882200
v 0.00000000 -0.06419992 0.90850002
v -0.05158466 -0.06249994 0.87241280
v -0.05330401 -0.06249994 0.86949992
v -0.05885756 -0.06419992 0.87504339
v -0.05158466 -0.06249994 0.87241280
v -0.05885756 -0.06419992 0.87504339
v -0.05029469 -0.06249994 0.87438041
v -0.05750387 -0.06249994 0.86012149
v -0.06497472 -0.06419992 0.86169177
v -0.06257784 -0.06419992 0.86786151
v -0.05750387 -0.06249994 0.86012149
v -0.06257784 -0.06419992 0.86786151
v -0.05584120 -0.06249994 0.86435831
v -0.05750387 -0.06249994 0.86012149
v -0.05788379 -0.06249994 0.85900092
v -0.06497472 -0.06419992 0.86169177
v -0.04026323 -0.06419992 0.89541769
v -0.03891241 -0.06419992 0.89637440
v -0.03412693 -0.06249994 0.89046711
v -0.04026323 -0.06419992 0.89541769
v -0.03412693 -0.06249994 0.89046711
v -0.03798460 -0.06249994 0.88763130
v -0.04026323 -0.06419992 0.89541769
v -0.04505795 -0.06469994 0.89225692
v -0.03919643 -0.06469994 0.89678591
v -0.04026323 -0.06419992 0.89541769
v -0.03919643 -0.06469994 0.89678591
v -0.03891241 -0.06419992 0.89637440
v -0.05090540 -0.06419992 0.88583553
v -0.05476176 -0.06419992 0.88115090
v -0.05516153 -0.06469994 0.88145131
v -0.05090540 -0.06419992 0.88583553
v -0.05516153 -0.06469994 0.88145131
v -0.05040013 -0.06469994 0.88712567
v -0.05386501 -0.09539991 0.89982331
v -0.04505795 -0.06469994 0.89225692
v -0.05040013 -0.06469994 0.88712567
v -0.05386501 -0.09539991 0.89982331
v -0.05040013 -0.06469994 0.88712567
v -0.05910015 -0.10890000 0.90178531
v -0.05386501 -0.09539991 0.89982331
v -0.05910015 -0.10890000 0.90178531
v -0.05294609 -0.10890000 0.90713388
v -0.05386501 -0.09539991 0.89982331
v -0.05294609 -0.10890000 0.90713388
v -0.04505795 -0.06469994 0.89225692
v -0.11744980 -0.25491109 0.80969471
v -0.06684875 -0.15578219 0.89330578
v -0.06870502 -0.15635739 0.89089072
v -0.11744980 -0.25491109 0.80969471
v -0.06870502 -0.15635739 0.89089072
v -0.12106300 -0.25587180 0.80500197
v -0.11744980 -0.25491109 0.80969471
v -0.06620573 -0.15559210 0.89410222
v -0.06684875 -0.15578219 0.89330578
v 0.05939519 -0.06249994 0.85355657
v 0.05850869 -0.06249994 0.85697931
v 0.06700307 -0.06419992 0.85424203
v 0.05158466 -0.06249994 0.87241280
v 0.05932271 -0.06419992 0.87425011
v 0.05967122 -0.06419992 0.87363923
v 0.05158466 -0.06249994 0.87241280
v 0.05967122 -0.06419992 0.87363923
v 0.05429637 -0.06249994 0.86763102
v 0.05155891 -0.06419992 0.88509911
v 0.05090540 -0.06419992 0.88583553
v 0.05193525 -0.06469994 0.88542831
v 0.05155891 -0.06419992 0.88509911
v 0.05193525 -0.06469994 0.88542831
v 0.05541765 -0.06419992 0.88026333
v 0.05590945 -0.06419992 0.87957758
v 0.05541765 -0.06419992 0.88026333
v 0.05631756 -0.06469994 0.87986642
v 0.05590945 -0.06419992 0.87957758
v 0.05631756 -0.06469994 0.87986642
v 0.05932271 -0.06419992 0.87425011
v 0.05590945 -0.06419992 0.87957758
v 0.04816460 -0.06249994 0.87730598
v 0.05541765 -0.06419992 0.88026333
v 0.06706100 -0.06419992 0.85396671
v 0.06700307 -0.06419992 0.85424203
v 0.06755053 -0.06469994 0.85406858
v 0.06706100 -0.06419992 0.85396671
v 0.06755053 -0.06469994 0.85406858
v 0.06812471 -0.06419992 0.84716028
v 0.06706100 -0.06419992 0.85396671
v 0.06812471 -0.06419992 0.84716028
v 0.05984580 -0.06249994 0.85140371
v 0.06706100 -0.06419992 0.85396671
v 0.05939519 -0.06249994 0.85355657
v 0.06700307 -0.06419992 0.85424203
v 0.06706100 -0.06419992 0.85396671
v 0.05984580 -0.06249994 0.85140371
v 0.05939519 -0.06249994 0.85355657
v 0.03585892 -0.06249994 0.88925147
v 0.03241276 -0.06249994 0.89158469
v 0.04026329 -0.06419992 0.89541769
v 0.03585892 -0.06249994 0.88925147
v 0.04026329 -0.06419992 0.89541769
v 0.04128044 -0.06419992 0.89466423
v 0.03872019 -0.06249994 0.79296482
v 0.05728608 -0.07999998 -0.06537461
v 0.05238258 -0.07999998 -0.06936573
v 0.03872019 -0.06249994 0.79296482
v 0.05238258 -0.07999998 -0.06936573
v 0.03798460 -0.06249994 0.79236883
v 0.03872019 -0.06249994 0.79296482
v 0.04297035 -0.06249994 0.79681301
v 0.05855941 -0.07999998 -0.06423658
v 0.03872019 -0.06249994 0.79296482
v 0.05855941 -0.07999998 -0.06423658
v 0.05728608 -0.07999998 -0.06537461
v 0.05330407 -0.06249994 0.81050020
v 0.07738244 -0.07999998 -0.03959167
v 0.07390314 -0.07999998 -0.04575884
v 0.05330407 -0.06249994 0.81050020
v 0.07390314 -0.07999998 -0.04575884
v 0.05158466 -0.06249994 0.80758733
v 0.05330407 -0.06249994 0.81050020
v 0.05488938 -0.06249994 0.81356668
v 0.07738244 -0.07999998 -0.03959167
v -0.01397866 -0.09539991 0.91927707
v -0.01621437 -0.10890000 0.92394853
v -0.00814420 -0.10890000 0.92511117
v -0.01397866 -0.09539991 0.91927707
v -0.00814420 -0.10890000 0.92511117
v -0.01198166 -0.06469994 0.90795177
v -0.01397866 -0.09539991 0.91927707
v -0.02128690 -0.09539991 0.91763461
v -0.01621437 -0.10890000 0.92394853
v -0.01397866 -0.09539991 0.91927707
v -0.01198166 -0.06469994 0.90795177
v -0.02128690 -0.09539991 0.91763461
v -0.00716019 -0.06419992 0.90812480
v -0.01198166 -0.06469994 0.90795177
v -0.00495452 -0.06469994 0.90882200
v -0.00716019 -0.06419992 0.90812480
v -0.01189488 -0.06419992 0.90745938
v -0.01198166 -0.06469994 0.90795177
v -0.00716019 -0.06419992 0.90812480
v -0.00495452 -0.06469994 0.90882200
v -0.00491857 -0.06419992 0.90832323
v -0.00716019 -0.06419992 0.90812480
v -0.00752616 -0.06249994 0.90045601
v -0.01189488 -0.06419992 0.90745938
v -0.00716019 -0.06419992 0.90812480
v -0.00491857 -0.06419992 0.90832323
v -0.00682116 -0.06249994 0.90053958
v -0.00716019 -0.06419992 0.90812480
v -0.00682116 -0.06249994 0.90053958
v -0.00752616 -0.06249994 0.90045601
v -0.01319813 -0.24080090 0.86064571
v -0.00329047 -0.23905930 0.86083788
v -0.00348735 -0.23794280 0.86174017
v -0.01319813 -0.24080090 0.86064571
v -0.00312507 -0.23999730 0.85987759
v -0.00329047 -0.23905930 0.86083788
v -0.01319813 -0.24080090 0.86064571
v -0.00348735 -0.23794280 0.86174017
v -0.01357871 -0.23894051 0.86203408
v -0.01319813 -0.24080090 0.86064571
v -0.01357871 -0.23894051 0.86203408
v -0.01822179 -0.24169870 0.86039960
v -0.01319813 -0.24080090 0.86064571
v -0.01286077 -0.24235550 0.85891283
v -0.00312507 -0.23999730 0.85987759
v -0.01319813 -0.24080090 0.86064571
v -0.01783895 -0.24324749 0.85867101
v -0.01286077 -0.24235550 0.85891283
v -0.01319813 -0.24080090 0.86064571
v -0.01822179 -0.24169870 0.86039960
v -0.01783895 -0.24324749 0.85867101
v -0.02584248 -0.24308661 0.85976148
v -0.01822179 -0.24169870 0.86039960
v -0.01864016 -0.23984320 0.86178350
v -0.02584248 -0.24308661 0.85976148
v -0.01864016 -0.23984320 0.86178350
v -0.02633130 -0.24124120 0.86113548
v -0.02584248 -0.24308661 0.85976148
v -0.02633130 -0.24124120 0.86113548
v -0.03356325 -0.24453200 0.85871458
v -0.02584248 -0.24308661 0.85976148
v -0.02537482 -0.24462339 0.85804337
v -0.01822179 -0.24169870 0.86039960
v -0.13838980 -0.26762861 0.76464361
v -0.13946050 -0.26791191 0.76062691
v -0.13777620 -0.26952669 0.76033378
v -0.13838980 -0.26762861 0.76464361
v -0.13777620 -0.26952669 0.76033378
v -0.13671520 -0.26924470 0.76430660
v -0.13838980 -0.26762861 0.76464361
v -0.13671520 -0.26924470 0.76430660
v -0.13716000 -0.26730159 0.76867741
v -0.13838980 -0.26762861 0.76464361
v -0.13716000 -0.26730159 0.76867741
v -0.13849820 -0.26538470 0.76893240
v -0.14371610 -0.26674661 0.74488789
v -0.14252169 -0.26644269 0.75279880
v -0.14348550 -0.26429829 0.75286227
v -0.14371610 -0.26674661 0.74488789
v -0.14348550 -0.26429829 0.75286227
v -0.14467850 -0.26460090 0.74492961
v -0.14371610 -0.26674661 0.74488789
v -0.14467850 -0.26460090 0.74492961
v -0.17720650 -0.28209680 0.49480921
v -0.14371610 -0.26674661 0.74488789
v -0.17720650 -0.28209680 0.49480921
v -0.17587450 -0.28402260 0.49477240
v -0.11516770 -0.26520050 0.80252880
v -0.11660980 -0.26698780 0.79679048
v -0.11333520 -0.26610479 0.80136549
v -0.11516770 -0.26520050 0.80252880
v -0.11333520 -0.26610479 0.80136549
v -0.11164490 -0.26425880 0.80708343
v -0.11098360 -0.26028961 0.81346130
v -0.10955320 -0.26195559 0.81261998
v -0.10703300 -0.25925401 0.81788498
v -0.11330150 -0.26294810 0.80811632
v -0.11476080 -0.26128820 0.80891907
v -0.11686080 -0.26389751 0.80351120
v -0.11330150 -0.26294810 0.80811632
v -0.11098360 -0.26028961 0.81346130
v -0.11476080 -0.26128820 0.80891907
v -0.11330150 -0.26294810 0.80811632
v -0.10955320 -0.26195559 0.81261998
v -0.11098360 -0.26028961 0.81346130
v -0.11330150 -0.26294810 0.80811632
v -0.11164490 -0.26425880 0.80708343
v -0.10955320 -0.26195559 0.81261998
v -0.11330150 -0.26294810 0.80811632
v -0.11516770 -0.26520050 0.80252880
v -0.11164490 -0.26425880 0.80708343
v -0.11330150 -0.26294810 0.80811632
v -0.11686080 -0.26389751 0.80351120
v -0.11516770 -0.26520050 0.80252880
v -0.12297370 -0.26121369 0.80002391
v -0.12389770 -0.25906339 0.80025309
v -0.12614800 -0.26206669 0.79518080
v -0.12297370 -0.26121369 0.80002391
v -0.12614800 -0.26206669 0.79518080
v -0.12488590 -0.26399851 0.79472810
v -0.12953620 -0.26908550 0.77832961
v -0.12885749 -0.26713189 0.78434968
v -0.13140610 -0.26782009 0.77898657
v -0.12049040 -0.25815231 0.80503362
v -0.12106300 -0.25587180 0.80500197
v -0.12389770 -0.25906339 0.80025309
v -0.12049040 -0.25815231 0.80503362
v -0.12389770 -0.25906339 0.80025309
v -0.12297370 -0.26121369 0.80002391
v -0.12049040 -0.25815231 0.80503362
v -0.11744980 -0.25491109 0.80969471
v -0.12106300 -0.25587180 0.80500197
v -0.12049040 -0.25815231 0.80503362
v -0.11687540 -0.25719121 0.80972362
v -0.11744980 -0.25491109 0.80969471
v -0.12707961 -0.25991800 0.79539353
v -0.12389770 -0.25906339 0.80025309
v -0.12446800 -0.25678241 0.80021989
v -0.12707961 -0.25991800 0.79539353
v -0.12446800 -0.25678241 0.80021989
v -0.12764710 -0.25763619 0.79535949
v -0.12707961 -0.25991800 0.79539353
v -0.12764710 -0.25763619 0.79535949
v -0.13001759 -0.26070911 0.79046512
v -0.12707961 -0.25991800 0.79539353
v -0.12614800 -0.26206669 0.79518080
v -0.12389770 -0.25906339 0.80025309
v -0.12707961 -0.25991800 0.79539353
v -0.12907910 -0.26285639 0.79026979
v -0.12614800 -0.26206669 0.79518080
v -0.12707961 -0.25991800 0.79539353
v -0.13001759 -0.26070911 0.79046512
v -0.12907910 -0.26285639 0.79026979
v -0.12172930 -0.26314920 0.79953933
v -0.12488590 -0.26399851 0.79472810
v -0.12334370 -0.26564091 0.79405421
v -0.12172930 -0.26314920 0.79953933
v -0.12334370 -0.26564091 0.79405421
v -0.12021420 -0.26479730 0.79881960
v -0.12172930 -0.26314920 0.79953933
v -0.12021420 -0.26479730 0.79881960
v -0.11834830 -0.26224351 0.80427361
v -0.12172930 -0.26314920 0.79953933
v -0.12297370 -0.26121369 0.80002391
v -0.12488590 -0.26399851 0.79472810
v -0.12157910 -0.26692861 0.79318362
v -0.12021420 -0.26479730 0.79881960
v -0.12334370 -0.26564091 0.79405421
v -0.12157910 -0.26692861 0.79318362
v -0.12334370 -0.26564091 0.79405421
v -0.12443110 -0.26770160 0.78841972
v -0.12702291 -0.26840469 0.78361207
v -0.12623090 -0.26642141 0.78922689
v -0.12885749 -0.26713189 0.78434968
v -0.12702291 -0.26840469 0.78361207
v -0.12443110 -0.26770160 0.78841972
v -0.12623090 -0.26642141 0.78922689
v -0.12702291 -0.26840469 0.78361207
v -0.12885749 -0.26713189 0.78434968
v -0.12953620 -0.26908550 0.77832961
v -0.12702291 -0.26840469 0.78361207
v -0.12502080 -0.26927271 0.78273612
v -0.12443110 -0.26770160 0.78841972
v -0.13658240 -0.26487380 0.77437383
v -0.13434041 -0.26427311 0.77983302
v -0.13529161 -0.26212811 0.77998978
v -0.13658240 -0.26487380 0.77437383
v -0.13529161 -0.26212811 0.77998978
v -0.13753860 -0.26272970 0.77451038
v -0.13658240 -0.26487380 0.77437383
v -0.13753860 -0.26272970 0.77451038
v -0.13849820 -0.26538470 0.76893240
v -0.13658240 -0.26487380 0.77437383
v -0.13525560 -0.26679260 0.77407712
v -0.13434041 -0.26427311 0.77983302
v -0.13658240 -0.26487380 0.77437383
v -0.13849820 -0.26538470 0.76893240
v -0.13716000 -0.26730159 0.76867741
v -0.13658240 -0.26487380 0.77437383
v -0.13716000 -0.26730159 0.76867741
v -0.13525560 -0.26679260 0.77407712
v -0.13973500 -0.26571280 0.76486802
v -0.14069670 -0.26356909 0.76497048
v -0.14081120 -0.26599669 0.76082188
v -0.13973500 -0.26571280 0.76486802
v -0.13849820 -0.26538470 0.76893240
v -0.13945800 -0.26324090 0.76904923
v -0.13973500 -0.26571280 0.76486802
v -0.13945800 -0.26324090 0.76904923
v -0.14069670 -0.26356909 0.76497048
v -0.13973500 -0.26571280 0.76486802
v -0.13838980 -0.26762861 0.76464361
v -0.13849820 -0.26538470 0.76893240
v -0.13973500 -0.26571280 0.76486802
v -0.14081120 -0.26599669 0.76082188
v -0.13946050 -0.26791191 0.76062691
v -0.13973500 -0.26571280 0.76486802
v -0.13946050 -0.26791191 0.76062691
v -0.13838980 -0.26762861 0.76464361
v -0.13171130 -0.26967320 0.77305681
v -0.13145851 -0.27102011 0.76720959
v -0.12962949 -0.27052489 0.77237231
v -0.13171130 -0.26967320 0.77305681
v -0.13357140 -0.27017421 0.76779932
v -0.13145851 -0.27102011 0.76720959
v -0.13171130 -0.26967320 0.77305681
v -0.12962949 -0.27052489 0.77237231
v -0.12953620 -0.26908550 0.77832961
v -0.13171130 -0.26967320 0.77305681
v -0.13361150 -0.26841390 0.77363271
v -0.13357140 -0.27017421 0.76779932
v -0.13171130 -0.26967320 0.77305681
v -0.12953620 -0.26908550 0.77832961
v -0.13140610 -0.26782009 0.77898657
v -0.13171130 -0.26967320 0.77305681
v -0.13140610 -0.26782009 0.77898657
v -0.13361150 -0.26841390 0.77363271
v -0.12749121 -0.26994449 0.77754909
v -0.12744510 -0.27093321 0.77160478
v -0.12534881 -0.27036130 0.77667427
v -0.12749121 -0.26994449 0.77754909
v -0.12962949 -0.27052489 0.77237231
v -0.12744510 -0.27093321 0.77160478
v -0.12749121 -0.26994449 0.77754909
v -0.12534881 -0.27036130 0.77667427
v -0.12502080 -0.26927271 0.78273612
v -0.12749121 -0.26994449 0.77754909
v -0.12953620 -0.26908550 0.77832961
v -0.12962949 -0.27052489 0.77237231
v -0.12749121 -0.26994449 0.77754909
v -0.12702291 -0.26840469 0.78361207
v -0.12953620 -0.26908550 0.77832961
v -0.12749121 -0.26994449 0.77754909
v -0.12502080 -0.26927271 0.78273612
v -0.12702291 -0.26840469 0.78361207
v -0.11966110 -0.26781479 0.79215097
v -0.12042460 -0.26901591 0.78638828
v -0.11766260 -0.26826230 0.79099518
v -0.11966110 -0.26781479 0.79215097
v -0.11766260 -0.26826230 0.79099518
v -0.11660980 -0.26698780 0.79679048
v -0.12247090 -0.26857859 0.78746152
v -0.12502080 -0.26927271 0.78273612
v -0.12292700 -0.26969981 0.78175461
v -0.12247090 -0.26857859 0.78746152
v -0.12292700 -0.26969981 0.78175461
v -0.12042460 -0.26901591 0.78638828
v -0.12247090 -0.26857859 0.78746152
v -0.12042460 -0.26901591 0.78638828
v -0.11966110 -0.26781479 0.79215097
v -0.12247090 -0.26857859 0.78746152
v -0.12443110 -0.26770160 0.78841972
v -0.12502080 -0.26927271 0.78273612
v -0.12247090 -0.26857859 0.78746152
v -0.11966110 -0.26781479 0.79215097
v -0.12157910 -0.26692861 0.79318362
v -0.12247090 -0.26857859 0.78746152
v -0.12157910 -0.26692861 0.79318362
v -0.12443110 -0.26770160 0.78841972
v -0.11306930 -0.25618660 0.81430918
v -0.10908800 -0.25514451 0.81877548
v -0.06363344 -0.15487210 0.89710552
v -0.11306930 -0.25618660 0.81430918
v -0.06363344 -0.15487210 0.89710552
v -0.06506645 -0.15526509 0.89546722
v -0.11306930 -0.25618660 0.81430918
v -0.11687540 -0.25719121 0.80972362
v -0.11596820 -0.25934479 0.80946243
v -0.09423720 -0.26107889 0.82271951
v -0.08999401 -0.25999719 0.82656759
v -0.09154701 -0.25903431 0.82804757
v -0.09423720 -0.26107889 0.82271951
v -0.09258908 -0.26160040 0.82112551
v -0.08999401 -0.25999719 0.82656759
v -0.08411830 -0.25945070 0.82853490
v -0.07975387 -0.25836781 0.83194971
v -0.08122056 -0.25780889 0.83370048
v -0.08714765 -0.25793079 0.83176219
v -0.09154701 -0.25903431 0.82804757
v -0.08999401 -0.25999719 0.82656759
v -0.08714765 -0.25793079 0.83176219
v -0.08265984 -0.25682271 0.83527690
v -0.08401685 -0.25544950 0.83661938
v -0.09734100 -0.25878310 0.82536560
v -0.09430301 -0.25598830 0.83029038
v -0.09867703 -0.25709730 0.82631558
v -0.09172427 -0.25072610 0.83514249
v -0.09625118 -0.25185621 0.83130759
v -0.09540057 -0.25402191 0.83096719
v -0.09172427 -0.25072610 0.83514249
v -0.09540057 -0.25402191 0.83096719
v -0.09088891 -0.25289509 0.83478558
v -0.09172427 -0.25072610 0.83514249
v -0.05386400 -0.15261710 0.90639973
v -0.09625118 -0.25185621 0.83130759
v -0.09172427 -0.25072610 0.83514249
v -0.09088891 -0.25289509 0.83478558
v -0.05386400 -0.15261710 0.90639973
v -0.10563260 -0.26092640 0.81700659
v -0.10292540 -0.25818780 0.82217491
v -0.10703300 -0.25925401 0.81788498
v -0.10563260 -0.26092640 0.81700659
v -0.10703300 -0.25925401 0.81788498
v -0.10955320 -0.26195559 0.81261998
v -0.10563260 -0.26092640 0.81700659
v -0.10793380 -0.26327410 0.81153911
v -0.10405160 -0.26225299 0.81587970
v -0.10563260 -0.26092640 0.81700659
v -0.10955320 -0.26195559 0.81261998
v -0.10793380 -0.26327410 0.81153911
v -0.08855563 -0.25656819 0.83306217
v -0.08523863 -0.25373989 0.83767492
v -0.08981853 -0.25486711 0.83408242
v -0.08855563 -0.25656819 0.83306217
v -0.08401685 -0.25544950 0.83661938
v -0.08523863 -0.25373989 0.83767492
v -0.08855563 -0.25656819 0.83306217
v -0.08714765 -0.25793079 0.83176219
v -0.08401685 -0.25544950 0.83661938
v -0.08855563 -0.25656819 0.83306217
v -0.09154701 -0.25903431 0.82804757
v -0.08714765 -0.25793079 0.83176219
v -0.11217140 -0.25834221 0.81403232
v -0.11306930 -0.25618660 0.81430918
v -0.11596820 -0.25934479 0.80946243
v -0.11217140 -0.25834221 0.81403232
v -0.10908800 -0.25514451 0.81877548
v -0.11306930 -0.25618660 0.81430918
v -0.11217140 -0.25834221 0.81403232
v -0.11596820 -0.25934479 0.80946243
v -0.11476080 -0.26128820 0.80891907
v -0.11217140 -0.25834221 0.81403232
v -0.11476080 -0.26128820 0.80891907
v -0.11098360 -0.26028961 0.81346130
v -0.10820030 -0.25730240 0.81848288
v -0.10407100 -0.25623161 0.82279938
v -0.10494750 -0.25407141 0.82310760
v -0.10820030 -0.25730240 0.81848288
v -0.10494750 -0.25407141 0.82310760
v -0.10908800 -0.25514451 0.81877548
v -0.10820030 -0.25730240 0.81848288
v -0.10908800 -0.25514451 0.81877548
v -0.11217140 -0.25834221 0.81403232
v -0.10820030 -0.25730240 0.81848288
v -0.10703300 -0.25925401 0.81788498
v -0.10407100 -0.25623161 0.82279938
v -0.10820030 -0.25730240 0.81848288
v -0.11217140 -0.25834221 0.81403232
v -0.11098360 -0.26028961 0.81346130
v -0.10820030 -0.25730240 0.81848288
v -0.11098360 -0.26028961 0.81346130
v -0.10703300 -0.25925401 0.81788498
v -0.03877931 -0.24966709 0.84913361
v -0.04242086 -0.25039911 0.84821439
v -0.00261432 -0.24289410 0.85327047
v -0.03877931 -0.24966709 0.84913361
v -0.00261432 -0.24289410 0.85327047
v -0.03151452 -0.24824549 0.85057032
v -0.03877931 -0.24966709 0.84913361
v -0.03151452 -0.24824549 0.85057032
v -0.03194802 -0.24794599 0.85286230
v -0.05583781 -0.25322640 0.84349078
v -0.06074613 -0.25431821 0.84117311
v -0.00261432 -0.24289410 0.85327047
v -0.05583781 -0.25322640 0.84349078
v -0.00261432 -0.24289410 0.85327047
v -0.05094605 -0.25217021 0.84547341
v -0.05583781 -0.25322640 0.84349078
v -0.05682039 -0.25302291 0.84561718
v -0.06074613 -0.25431821 0.84117311
v -0.04606938 -0.25114679 0.84714669
v -0.05094605 -0.25217021 0.84547341
v -0.00261432 -0.24289410 0.85327047
v -0.04606938 -0.25114679 0.84714669
v -0.00261432 -0.24289410 0.85327047
v -0.04242086 -0.25039911 0.84821439
v -0.04606938 -0.25114679 0.84714669
v -0.04242086 -0.25039911 0.84821439
v -0.04308676 -0.25013810 0.85045379
v -0.05181169 -0.25194481 0.84764743
v -0.05272799 -0.25127730 0.84970683
v -0.05682039 -0.25302291 0.84561718
v -0.05181169 -0.25194481 0.84764743
v -0.05583781 -0.25322640 0.84349078
v -0.05094605 -0.25217021 0.84547341
v -0.05181169 -0.25194481 0.84764743
v -0.05682039 -0.25302291 0.84561718
v -0.05583781 -0.25322640 0.84349078
v -0.08840262 -0.26053041 0.82492071
v -0.09096056 -0.26167399 0.81943083
v -0.08683389 -0.26061639 0.82317108
v -0.08840262 -0.26053041 0.82492071
v -0.09258908 -0.26160040 0.82112551
v -0.09096056 -0.26167399 0.81943083
v -0.08840262 -0.26053041 0.82492071
v -0.08683389 -0.26061639 0.82317108
v -0.08411830 -0.25945070 0.82853490
v -0.08840262 -0.26053041 0.82492071
v -0.08999401 -0.25999719 0.82656759
v -0.09258908 -0.26160040 0.82112551
v -0.08261293 -0.25954971 0.82673132
v -0.08683389 -0.26061639 0.82317108
v -0.00261432 -0.24289410 0.85327047
v -0.08261293 -0.25954971 0.82673132
v -0.00261432 -0.24289410 0.85327047
v -0.07831615 -0.25848070 0.83009237
v -0.08261293 -0.25954971 0.82673132
v -0.08411830 -0.25945070 0.82853490
v -0.08683389 -0.26061639 0.82317108
v -0.08261293 -0.25954971 0.82673132
v -0.07831615 -0.25848070 0.83009237
v -0.07975387 -0.25836781 0.83194971
v -0.08261293 -0.25954971 0.82673132
v -0.07975387 -0.25836781 0.83194971
v -0.08411830 -0.25945070 0.82853490
v -0.04762446 -0.25021279 0.85145962
v -0.05272799 -0.25127730 0.84970683
v -0.05181169 -0.25194481 0.84764743
v -0.06184524 -0.25413731 0.84324408
v -0.06074613 -0.25431821 0.84117311
v -0.05682039 -0.25302291 0.84561718
v -0.06184524 -0.25413731 0.84324408
v -0.06298685 -0.25351289 0.84520268
v -0.06635534 -0.25516671 0.84081292
v -0.06184524 -0.25413731 0.84324408
v -0.05682039 -0.25302291 0.84561718
v -0.05784964 -0.25237659 0.84763002
v -0.06184524 -0.25413731 0.84324408
v -0.05784964 -0.25237659 0.84763002
v -0.06298685 -0.25351289 0.84520268
v -0.10438430 -0.26468590 0.80883509
v -0.10800200 -0.26565090 0.80449587
v -0.10615540 -0.26567891 0.80304062
v -0.10438430 -0.26468590 0.80883509
v -0.10615540 -0.26567891 0.80304062
v -0.10259020 -0.26472500 0.80731559
v -0.10438430 -0.26468590 0.80883509
v -0.10235170 -0.26318529 0.81454903
v -0.10618870 -0.26419699 0.81026143
v -0.10438430 -0.26468590 0.80883509
v -0.10618870 -0.26419699 0.81026143
v -0.10800200 -0.26565090 0.80449587
v -0.09666001 -0.26265401 0.81716740
v -0.09885710 -0.26373509 0.81148452
v -0.09497445 -0.26271579 0.81552911
v -0.09666001 -0.26265401 0.81716740
v -0.09497445 -0.26271579 0.81552911
v -0.09258908 -0.26160040 0.82112551
v -0.09666001 -0.26265401 0.81716740
v -0.09423720 -0.26107889 0.82271951
v -0.09836214 -0.26214370 0.81870741
v -0.09666001 -0.26265401 0.81716740
v -0.09258908 -0.26160040 0.82112551
v -0.09423720 -0.26107889 0.82271951
v -0.07672399 -0.25671539 0.83694959
v -0.08122056 -0.25780889 0.83370048
v -0.07975387 -0.25836781 0.83194971
v -0.07085502 -0.25621930 0.83810753
v -0.06635534 -0.25516671 0.84081292
v -0.06759136 -0.25456101 0.84271938
v -0.07085502 -0.25621930 0.83810753
v -0.06759136 -0.25456101 0.84271938
v -0.07217568 -0.25563061 0.83996212
v -0.07085502 -0.25621930 0.83810753
v -0.06956988 -0.25636321 0.83614331
v -0.06635534 -0.25516671 0.84081292
v -0.06881892 -0.25353149 0.84444088
v -0.07217568 -0.25563061 0.83996212
v -0.06759136 -0.25456101 0.84271938
v -0.06881892 -0.25353149 0.84444088
v -0.06759136 -0.25456101 0.84271938
v -0.06412726 -0.25246599 0.84697282
v -0.07809948 -0.25571600 0.83857411
v -0.07472139 -0.25321981 0.84306341
v -0.07940095 -0.25433141 0.83995932
v -0.07809948 -0.25571600 0.83857411
v -0.07940095 -0.25433141 0.83995932
v -0.08265984 -0.25682271 0.83527690
v -0.07809948 -0.25571600 0.83857411
v -0.08265984 -0.25682271 0.83527690
v -0.08122056 -0.25780889 0.83370048
v -0.07809948 -0.25571600 0.83857411
v -0.08122056 -0.25780889 0.83370048
v -0.07672399 -0.25671539 0.83694959
v -0.06522274 -0.25103971 0.84848779
v -0.05989015 -0.24986529 0.85101140
v -0.06082278 -0.24809711 0.85224962
v -0.06522274 -0.25103971 0.84848779
v -0.06082278 -0.24809711 0.85224962
v -0.06623077 -0.24928640 0.84968758
v -0.06522274 -0.25103971 0.84848779
v -0.06623077 -0.24928640 0.84968758
v -0.06999105 -0.25212061 0.84591252
v -0.06522274 -0.25103971 0.84848779
v -0.06412726 -0.25246599 0.84697282
v -0.05989015 -0.24986529 0.85101140
v -0.06522274 -0.25103971 0.84848779
v -0.06881892 -0.25353149 0.84444088
v -0.06412726 -0.25246599 0.84697282
v -0.06522274 -0.25103971 0.84848779
v -0.06999105 -0.25212061 0.84591252
v -0.06881892 -0.25353149 0.84444088
v -0.03936374 -0.24939211 0.85139441
v -0.04000848 -0.24867649 0.85353923
v -0.04308676 -0.25013810 0.85045379
v -0.03936374 -0.24939211 0.85139441
v -0.03244692 -0.24720660 0.85503840
v -0.04000848 -0.24867649 0.85353923
v -0.03936374 -0.24939211 0.85139441
v -0.03194802 -0.24794599 0.85286230
v -0.03244692 -0.24720660 0.85503840
v -0.03936374 -0.24939211 0.85139441
v -0.03877931 -0.24966709 0.84913361
v -0.03194802 -0.24794599 0.85286230
v -0.03936374 -0.24939211 0.85139441
v -0.04308676 -0.25013810 0.85045379
v -0.04242086 -0.25039911 0.84821439
v -0.03936374 -0.24939211 0.85139441
v -0.04242086 -0.25039911 0.84821439
v -0.03877931 -0.24966709 0.84913361
v -0.04845345 -0.24910730 0.85336161
v -0.04927450 -0.24762900 0.85499501
v -0.05366009 -0.25019059 0.85157162
v -0.04845345 -0.24910730 0.85336161
v -0.04531830 -0.24682701 0.85615790
v -0.04927450 -0.24762900 0.85499501
v -0.04845345 -0.24910730 0.85336161
v -0.05366009 -0.25019059 0.85157162
v -0.05272799 -0.25127730 0.84970683
v -0.04845345 -0.24910730 0.85336161
v -0.05272799 -0.25127730 0.84970683
v -0.04762446 -0.25021279 0.85145962
v -0.03299242 -0.24605291 0.85701400
v -0.03244692 -0.24720660 0.85503840
v -0.02537482 -0.24462339 0.85804337
v -0.03299242 -0.24605291 0.85701400
v -0.03356325 -0.24453200 0.85871458
v -0.04068911 -0.24754520 0.85548478
v -0.03299242 -0.24605291 0.85701400
v -0.04068911 -0.24754520 0.85548478
v -0.04000848 -0.24867649 0.85353923
v -0.03299242 -0.24605291 0.85701400
v -0.04000848 -0.24867649 0.85353923
v -0.03244692 -0.24720660 0.85503840
v -0.03299242 -0.24605291 0.85701400
v -0.02584248 -0.24308661 0.85976148
v -0.03356325 -0.24453200 0.85871458
v -0.03299242 -0.24605291 0.85701400
v -0.02537482 -0.24462339 0.85804337
v -0.02584248 -0.24308661 0.85976148
v -0.04456371 -0.24831709 0.85450298
v -0.04068911 -0.24754520 0.85548478
v -0.04137933 -0.24604391 0.85715789
v -0.04456371 -0.24831709 0.85450298
v -0.04137933 -0.24604391 0.85715789
v -0.04531830 -0.24682701 0.85615790
v -0.04456371 -0.24831709 0.85450298
v -0.04531830 -0.24682701 0.85615790
v -0.04845345 -0.24910730 0.85336161
v -0.04456371 -0.24831709 0.85450298
v -0.04845345 -0.24910730 0.85336161
v -0.04762446 -0.25021279 0.85145962
v -0.08349084 -0.28488830 -0.02119839
v -0.08423298 -0.28339660 -0.02285778
v -0.07379072 -0.28339660 -0.02684926
v -0.08349084 -0.28488830 -0.02119839
v -0.07379072 -0.28339660 -0.02684926
v -0.07312548 -0.28488830 -0.02515721
v -0.08349084 -0.28488830 -0.02119839
v -0.08860343 -0.28488830 -0.01904124
v -0.08423298 -0.28339660 -0.02285778
v -0.08349084 -0.28488830 -0.02119839
v -0.07312548 -0.28488830 -0.02515721
v -0.08264446 -0.28599790 -0.01930600
v 0.01317626 -0.06249994 0.78051931
v 0.01355654 -0.06249994 0.78060478
v 0.02122169 -0.07999998 -0.08429223
v 0.01317626 -0.06249994 0.78051931
v 0.02122169 -0.07999998 -0.08429223
v 0.01597195 -0.07999998 -0.08544260
v 0.01317626 -0.06249994 0.78051931
v 0.01597195 -0.07999998 -0.08544260
v 0.00752622 -0.06249994 0.77954412
v -0.04307878 -0.06249994 0.79692131
v -0.04033017 -0.06249994 0.79433781
v -0.05855941 -0.07999998 -0.06423658
v -0.04307878 -0.06249994 0.79692131
v -0.05855941 -0.07999998 -0.06423658
v -0.06197601 -0.07999998 -0.06094682
v -0.04307878 -0.06249994 0.79692131
v -0.06197601 -0.07999998 -0.06094682
v -0.04444420 -0.06249994 0.79833132
v -0.17771789 -0.29135031 0.31500730
v -0.17651241 -0.29122859 0.30246380
v -0.17450500 -0.29250830 0.30265331
v -0.17771789 -0.29135031 0.31500730
v -0.17943460 -0.28969681 0.31485969
v -0.17651241 -0.29122859 0.30246380
v -0.18183111 -0.28784189 0.32741681
v -0.18135780 -0.28976980 0.33966550
v -0.18269360 -0.28784871 0.33957309
v -0.18183111 -0.28784189 0.32741681
v -0.18076900 -0.28777561 0.31475091
v -0.17943460 -0.28969681 0.31485969
v -0.18183111 -0.28784189 0.32741681
v -0.18274149 -0.28578079 0.32735100
v -0.18167929 -0.28571451 0.31468371
v -0.18183111 -0.28784189 0.32741681
v -0.18167929 -0.28571451 0.31468371
v -0.18076900 -0.28777561 0.31475091
v -0.18183111 -0.28784189 0.32741681
v -0.18269360 -0.28784871 0.33957309
v -0.18360420 -0.28578761 0.33950999
v -0.18183111 -0.28784189 0.32741681
v -0.18360420 -0.28578761 0.33950999
v -0.18274149 -0.28578079 0.32735100
v -0.18049610 -0.28976300 0.32752061
v -0.17877850 -0.29141641 0.32765940
v -0.18135780 -0.28976980 0.33966550
v -0.18049610 -0.28976300 0.32752061
v -0.17771789 -0.29135031 0.31500730
v -0.17877850 -0.29141641 0.32765940
v -0.18049610 -0.28976300 0.32752061
v -0.17943460 -0.28969681 0.31485969
v -0.17771789 -0.29135031 0.31500730
v -0.18049610 -0.28976300 0.32752061
v -0.18183111 -0.28784189 0.32741681
v -0.17943460 -0.28969681 0.31485969
v -0.18049610 -0.28976300 0.32752061
v -0.18135780 -0.28976980 0.33966550
v -0.18183111 -0.28784189 0.32741681
v -0.16872071 -0.29159579 0.25510010
v -0.14094320 -0.28599790 0.04028832
v -0.16655450 -0.29243991 0.25538030
v -0.16872071 -0.29159579 0.25510010
v -0.16655450 -0.29243991 0.25538030
v -0.17179950 -0.29213011 0.27858019
v -0.16872071 -0.29159579 0.25510010
v -0.14300349 -0.28488830 0.04004800
v -0.14094320 -0.28599790 0.04028832
v -0.16872071 -0.29159579 0.25510010
v -0.17072131 -0.29031521 0.25485429
v -0.14300349 -0.28488830 0.04004800
v -0.16872071 -0.29159579 0.25510010
v -0.17179950 -0.29213011 0.27858019
v -0.17072131 -0.29031521 0.25485429
v -0.17570940 -0.29262981 0.31518599
v -0.17450500 -0.29250830 0.30265331
v -0.17353360 -0.29347241 0.31538460
v -0.17570940 -0.29262981 0.31518599
v -0.17353360 -0.29347241 0.31538460
v -0.17676890 -0.29269579 0.32782599
v -0.17570940 -0.29262981 0.31518599
v -0.17771789 -0.29135031 0.31500730
v -0.17450500 -0.29250830 0.30265331
v -0.17570940 -0.29262981 0.31518599
v -0.17676890 -0.29269579 0.32782599
v -0.17877850 -0.29141641 0.32765940
v -0.17570940 -0.29262981 0.31518599
v -0.17877850 -0.29141641 0.32765940
v -0.17771789 -0.29135031 0.31500730
v -0.14220190 -0.28157771 0.02450168
v -0.14098720 -0.28157771 0.02152985
v -0.14078631 -0.28339660 0.02497023
v -0.14220190 -0.28157771 0.02450168
v -0.14183700 -0.28339660 0.02790409
v -0.14327250 -0.28157771 0.02750080
v -0.14220190 -0.28157771 0.02450168
v -0.14078631 -0.28339660 0.02497023
v -0.14183700 -0.28339660 0.02790409
v -0.14220190 -0.28157771 0.02450168
v -0.14327250 -0.28157771 0.02750080
v -0.14325480 -0.27950349 0.02415311
v -0.14220190 -0.28157771 0.02450168
v -0.14325480 -0.27950349 0.02415311
v -0.14202221 -0.27950349 0.02113115
v -0.14220190 -0.28157771 0.02450168
v -0.14202221 -0.27950349 0.02113115
v -0.14098720 -0.28157771 0.02152985
v -0.13959590 -0.28339660 0.02206581
v -0.14078631 -0.28339660 0.02497023
v -0.14098720 -0.28157771 0.02152985
v -0.13959590 -0.28339660 0.02206581
v -0.14098720 -0.28157771 0.02152985
v -0.13962100 -0.28157771 0.01859235
v -0.13959590 -0.28339660 0.02206581
v -0.13962100 -0.28157771 0.01859235
v -0.13825820 -0.28339660 0.01919710
v -0.13959590 -0.28339660 0.02206581
v -0.13825820 -0.28339660 0.01919710
v -0.13789929 -0.28488830 0.02271932
v -0.14412150 -0.27491131 0.02386617
v -0.14390200 -0.27725229 0.02393883
v -0.14499681 -0.27725229 0.02701634
v -0.14412150 -0.27491131 0.02386617
v -0.14499681 -0.27725229 0.02701634
v -0.14521940 -0.27491131 0.02695381
v -0.14412150 -0.27491131 0.02386617
v -0.14287411 -0.27491131 0.02080297
v -0.14390200 -0.27725229 0.02393883
v -0.14412150 -0.27491131 0.02386617
v -0.14521940 -0.27491131 0.02695381
v -0.11654510 -0.14259990 -0.05759549
v -0.14412150 -0.27491131 0.02386617
v -0.11654510 -0.14259990 -0.05759549
v -0.14287411 -0.27491131 0.02080297
v -0.14008650 -0.28488830 0.02839589
v -0.14183700 -0.28339660 0.02790409
v -0.14078631 -0.28339660 0.02497023
v -0.14008650 -0.28488830 0.02839589
v -0.14176659 -0.28488830 0.03418117
v -0.14183700 -0.28339660 0.02790409
v -0.13514420 -0.28488830 0.01719260
v -0.13659650 -0.28488830 0.01993447
v -0.13676560 -0.28339660 0.01637047
v -0.13514420 -0.28488830 0.01719260
v -0.13676560 -0.28339660 0.01637047
v -0.13511120 -0.28339660 0.01359248
v -0.13514420 -0.28488830 0.01719260
v -0.13511120 -0.28339660 0.01359248
v -0.13353580 -0.28488830 0.01449930
v -0.13514420 -0.28488830 0.01719260
v -0.13353580 -0.28488830 0.01449930
v -0.13329510 -0.28599790 0.01813018
v -0.13809539 -0.28157771 0.01569622
v -0.13676560 -0.28339660 0.01637047
v -0.13825820 -0.28339660 0.01919710
v -0.13809539 -0.28157771 0.01569622
v -0.13825820 -0.28339660 0.01919710
v -0.13962100 -0.28157771 0.01859235
v -0.13809539 -0.28157771 0.01569622
v -0.13640331 -0.28157771 0.01284879
v -0.13676560 -0.28339660 0.01637047
v -0.13809539 -0.28157771 0.01569622
v -0.13736440 -0.27950349 0.01229560
v -0.13640331 -0.28157771 0.01284879
v -0.18547620 -0.28348321 0.36849961
v -0.18480000 -0.28365880 0.35170221
v -0.18498340 -0.28555939 0.36854371
v -0.18547620 -0.28348321 0.36849961
v -0.18591340 -0.28118861 0.38532510
v -0.18559740 -0.28149399 0.36846781
v -0.18547620 -0.28348321 0.36849961
v -0.18498340 -0.28555939 0.36854371
v -0.18529969 -0.28525370 0.38541970
v -0.18492170 -0.28166941 0.35168239
v -0.18421981 -0.28172201 0.33946741
v -0.18409750 -0.28371131 0.33947590
v -0.18492170 -0.28166941 0.35168239
v -0.18409750 -0.28371131 0.33947590
v -0.18480000 -0.28365880 0.35170221
v -0.18492170 -0.28166941 0.35168239
v -0.18696910 -0.16678110 0.30970019
v -0.18421981 -0.28172201 0.33946741
v -0.18492170 -0.28166941 0.35168239
v -0.18826720 -0.16615020 0.33756191
v -0.18696910 -0.16678110 0.30970019
v -0.18492170 -0.28166941 0.35168239
v -0.18559740 -0.28149399 0.36846781
v -0.18826720 -0.16615020 0.33756191
v -0.18492170 -0.28166941 0.35168239
v -0.18547620 -0.28348321 0.36849961
v -0.18559740 -0.28149399 0.36846781
v -0.18492170 -0.28166941 0.35168239
v -0.18480000 -0.28365880 0.35170221
v -0.18547620 -0.28348321 0.36849961
v -0.18579240 -0.28317750 0.38537011
v -0.18562700 -0.28324509 0.40229270
v -0.18583409 -0.28074229 0.40221921
v -0.18579240 -0.28317750 0.38537011
v -0.18583409 -0.28074229 0.40221921
v -0.18591340 -0.28118861 0.38532510
v -0.18579240 -0.28317750 0.38537011
v -0.18529969 -0.28525370 0.38541970
v -0.18562700 -0.28324509 0.40229270
v -0.18579240 -0.28317750 0.38537011
v -0.18547620 -0.28348321 0.36849961
v -0.18529969 -0.28525370 0.38541970
v -0.18579240 -0.28317750 0.38537011
v -0.18591340 -0.28118861 0.38532510
v -0.18547620 -0.28348321 0.36849961
v -0.18109050 -0.28152719 0.30211210
v -0.18096641 -0.28351641 0.30210131
v -0.18217310 -0.28363821 0.31465611
v -0.18109050 -0.28152719 0.30211210
v -0.18217310 -0.28363821 0.31465611
v -0.18229680 -0.28164899 0.31466290
v -0.18109050 -0.28152719 0.30211210
v -0.18229680 -0.28164899 0.31466290
v -0.18223161 -0.16763780 0.25220090
v -0.18109050 -0.28152719 0.30211210
v -0.18223161 -0.16763780 0.25220090
v -0.18206580 -0.16765261 0.25065541
v -0.18109050 -0.28152719 0.30211210
v -0.18206580 -0.16765261 0.25065541
v -0.17837940 -0.28114831 0.27798831
v -0.18109050 -0.28152719 0.30211210
v -0.17837940 -0.28114831 0.27798831
v -0.17825390 -0.28313729 0.27796501
v -0.18109050 -0.28152719 0.30211210
v -0.17825390 -0.28313729 0.27796501
v -0.18096641 -0.28351641 0.30210131
v -0.17544711 -0.29354480 0.34007460
v -0.17459160 -0.29353830 0.32800999
v -0.17238040 -0.29393339 0.32819989
v -0.17544711 -0.29354480 0.34007460
v -0.17238040 -0.29393339 0.32819989
v -0.17323300 -0.29393989 0.34022781
v -0.17544711 -0.29354480 0.34007460
v -0.17323300 -0.29393989 0.34022781
v -0.17392761 -0.29388791 0.35232010
v -0.17544711 -0.29354480 0.34007460
v -0.17832591 -0.29265010 0.35208991
v -0.17762689 -0.29270241 0.33992371
v -0.17544711 -0.29354480 0.34007460
v -0.17762689 -0.29270241 0.33992371
v -0.17459160 -0.29353830 0.32800999
v -0.08770704 -0.28599790 -0.01717233
v -0.08264446 -0.28599790 -0.01930600
v -0.08673417 -0.28668001 -0.01514387
v -0.08770704 -0.28599790 -0.01717233
v -0.08673417 -0.28668001 -0.01514387
v -0.09165084 -0.28668001 -0.01292037
v -0.08770704 -0.28599790 -0.01717233
v -0.09165084 -0.28668001 -0.01292037
v -0.09268289 -0.28599790 -0.01491916
v -0.08770704 -0.28599790 -0.01717233
v -0.09268289 -0.28599790 -0.01491916
v -0.08860343 -0.28488830 -0.01904124
v -0.08770704 -0.28599790 -0.01717233
v -0.08349084 -0.28488830 -0.02119839
v -0.08264446 -0.28599790 -0.01930600
v -0.08770704 -0.28599790 -0.01717233
v -0.08860343 -0.28488830 -0.01904124
v -0.08349084 -0.28488830 -0.02119839
v -0.13028440 -0.28157771 0.00467741
v -0.12672010 -0.28157771 0.00094317
v -0.12913039 -0.28339660 0.00562125
v -0.13028440 -0.28157771 0.00467741
v -0.13129801 -0.28339660 0.00821066
v -0.13250180 -0.28157771 0.00733137
v -0.13028440 -0.28157771 0.00467741
v -0.12913039 -0.28339660 0.00562125
v -0.13129801 -0.28339660 0.00821066
v -0.13028440 -0.28157771 0.00467741
v -0.13250180 -0.28157771 0.00733137
v -0.13114271 -0.27950349 0.00397539
v -0.13028440 -0.28157771 0.00467741
v -0.13114271 -0.27950349 0.00397539
v -0.12752309 -0.27950349 0.00017820
v -0.13028440 -0.28157771 0.00467741
v -0.12752309 -0.27950349 0.00017820
v -0.12672010 -0.28157771 0.00094317
v -0.12564060 -0.28339660 0.00197160
v -0.12672010 -0.28157771 0.00094317
v -0.12285630 -0.28157771 -0.00256127
v -0.12564060 -0.28339660 0.00197160
v -0.12285630 -0.28157771 -0.00256127
v -0.12184750 -0.28339660 -0.00146317
v -0.12564060 -0.28339660 0.00197160
v -0.12913039 -0.28339660 0.00562125
v -0.12672010 -0.28157771 0.00094317
v -0.12564060 -0.28339660 0.00197160
v -0.12184750 -0.28339660 -0.00146317
v -0.12432430 -0.28488830 0.00322556
v -0.13329010 -0.28339660 0.01087015
v -0.13353580 -0.28488830 0.01449930
v -0.13511120 -0.28339660 0.01359248
v -0.13329010 -0.28339660 0.01087015
v -0.13511120 -0.28339660 0.01359248
v -0.13454020 -0.28157771 0.01005780
v -0.13329010 -0.28339660 0.01087015
v -0.13454020 -0.28157771 0.01005780
v -0.13250180 -0.28157771 0.00733137
v -0.13329010 -0.28339660 0.01087015
v -0.13250180 -0.28157771 0.00733137
v -0.13129801 -0.28339660 0.00821066
v -0.13908450 -0.27950349 0.01519471
v -0.13969260 -0.27725229 0.01488643
v -0.13795529 -0.27725229 0.01195549
v -0.13908450 -0.27950349 0.01519471
v -0.13795529 -0.27725229 0.01195549
v -0.13736440 -0.27950349 0.01229560
v -0.13908450 -0.27950349 0.01519471
v -0.14063470 -0.27950349 0.01814252
v -0.13969260 -0.27725229 0.01488643
v -0.13908450 -0.27950349 0.01519471
v -0.13736440 -0.27950349 0.01229560
v -0.13809539 -0.28157771 0.01569622
v -0.13908450 -0.27950349 0.01519471
v -0.13809539 -0.28157771 0.01569622
v -0.13962100 -0.28157771 0.01859235
v -0.13908450 -0.27950349 0.01519471
v -0.13962100 -0.28157771 0.01859235
v -0.14063470 -0.27950349 0.01814252
v -0.09363383 -0.28488830 -0.01676076
v -0.09446763 -0.28339660 -0.01837569
v -0.08938944 -0.28339660 -0.02068006
v -0.09363383 -0.28488830 -0.01676076
v -0.08938944 -0.28339660 -0.02068006
v -0.08860343 -0.28488830 -0.01904124
v -0.09363383 -0.28488830 -0.01676076
v -0.08860343 -0.28488830 -0.01904124
v -0.09268289 -0.28599790 -0.01491916
v -0.09363383 -0.28488830 -0.01676076
v -0.09268289 -0.28599790 -0.01491916
v -0.09754544 -0.28599790 -0.01254254
v -0.10110050 -0.28668001 -0.00811350
v -0.09644871 -0.28668001 -0.01057827
v -0.09988647 -0.28691131 -0.00611377
v -0.10110050 -0.28668001 -0.00811350
v -0.10557840 -0.28668001 -0.00552183
v -0.10226790 -0.28599790 -0.01003670
v -0.10110050 -0.28668001 -0.00811350
v -0.10428390 -0.28691131 -0.00357330
v -0.10557840 -0.28668001 -0.00552183
v -0.10110050 -0.28668001 -0.00811350
v -0.09988647 -0.28691131 -0.00611377
v -0.10428390 -0.28691131 -0.00357330
v -0.10110050 -0.28668001 -0.00811350
v -0.10226790 -0.28599790 -0.01003670
v -0.09754544 -0.28599790 -0.01254254
v -0.10110050 -0.28668001 -0.00811350
v -0.09754544 -0.28599790 -0.01254254
v -0.09644871 -0.28668001 -0.01057827
v -0.12617990 -0.28691131 0.01549100
v -0.12445020 -0.28691131 0.01321256
v -0.16435540 -0.29283679 0.25567681
v -0.12617990 -0.28691131 0.01549100
v -0.16435540 -0.29283679 0.25567681
v -0.12776150 -0.28691131 0.01782298
v -0.12617990 -0.28691131 0.01549100
v -0.12776150 -0.28691131 0.01782298
v -0.12814149 -0.28668001 0.01421618
v -0.12061760 -0.28488830 -0.00012422
v -0.11663520 -0.28488830 -0.00329029
v -0.11921480 -0.28599790 0.00140268
v -0.12061760 -0.28488830 -0.00012422
v -0.12432430 -0.28488830 0.00322556
v -0.12184750 -0.28339660 -0.00146317
v -0.12061760 -0.28488830 -0.00012422
v -0.12282320 -0.28599790 0.00465560
v -0.12432430 -0.28488830 0.00322556
v -0.12061760 -0.28488830 -0.00012422
v -0.11921480 -0.28599790 0.00140268
v -0.12282320 -0.28599790 0.00465560
v -0.12061760 -0.28488830 -0.00012422
v -0.11778430 -0.28339660 -0.00469893
v -0.11663520 -0.28488830 -0.00329029
v -0.12061760 -0.28488830 -0.00012422
v -0.12184750 -0.28339660 -0.00146317
v -0.11778430 -0.28339660 -0.00469893
v -0.12437710 -0.28668001 0.00950891
v -0.12282320 -0.28599790 0.00465560
v -0.12119400 -0.28668001 0.00620770
v -0.12437710 -0.28668001 0.00950891
v -0.12611870 -0.28599790 0.00808448
v -0.12282320 -0.28599790 0.00465560
v -0.12437710 -0.28668001 0.00950891
v -0.12119400 -0.28668001 0.00620770
v -0.12256620 -0.28691131 0.01099002
v -0.12437710 -0.28668001 0.00950891
v -0.12256620 -0.28691131 0.01099002
v -0.12445020 -0.28691131 0.01321256
v -0.09855592 -0.28488830 -0.01435232
v -0.10226790 -0.28599790 -0.01003670
v -0.10334360 -0.28488830 -0.01180863
v -0.09855592 -0.28488830 -0.01435232
v -0.09754544 -0.28599790 -0.01254254
v -0.10226790 -0.28599790 -0.01003670
v -0.09855592 -0.28488830 -0.01435232
v -0.09363383 -0.28488830 -0.01676076
v -0.09754544 -0.28599790 -0.01254254
v -0.09855592 -0.28488830 -0.01435232
v -0.10334360 -0.28488830 -0.01180863
v -0.09944194 -0.28339660 -0.01593929
v -0.09855592 -0.28488830 -0.01435232
v -0.09944194 -0.28339660 -0.01593929
v -0.09446763 -0.28339660 -0.01837569
v -0.09855592 -0.28488830 -0.01435232
v -0.09446763 -0.28339660 -0.01837569
v -0.09363383 -0.28488830 -0.01676076
v -0.13002791 -0.28599790 0.01299023
v -0.12978920 -0.28668001 0.01665586
v -0.13173909 -0.28599790 0.01553344
v -0.13002791 -0.28599790 0.01299023
v -0.12814149 -0.28668001 0.01421618
v -0.12978920 -0.28668001 0.01665586
v -0.13002791 -0.28599790 0.01299023
v -0.12815620 -0.28599790 0.01050555
v -0.12814149 -0.28668001 0.01421618
v -0.13002791 -0.28599790 0.01299023
v -0.12983011 -0.28488830 0.00928283
v -0.12815620 -0.28599790 0.01050555
v -0.13264459 -0.28668001 0.02168810
v -0.13050590 -0.28691131 0.02263712
v -0.13168140 -0.28691131 0.02511447
v -0.13264459 -0.28668001 0.02168810
v -0.13168140 -0.28691131 0.02511447
v -0.13386489 -0.28668001 0.02427339
v -0.13264459 -0.28668001 0.02168810
v -0.13128820 -0.28668001 0.01914775
v -0.13050590 -0.28691131 0.02263712
v -0.13264459 -0.28668001 0.02168810
v -0.13329510 -0.28599790 0.01813018
v -0.13128820 -0.28668001 0.01914775
v -0.12772331 -0.28488830 0.00677210
v -0.12432430 -0.28488830 0.00322556
v -0.12611870 -0.28599790 0.00808448
v -0.12772331 -0.28488830 0.00677210
v -0.12983011 -0.28488830 0.00928283
v -0.12913039 -0.28339660 0.00562125
v -0.12772331 -0.28488830 0.00677210
v -0.12815620 -0.28599790 0.01050555
v -0.12983011 -0.28488830 0.00928283
v -0.12772331 -0.28488830 0.00677210
v -0.12611870 -0.28599790 0.00808448
v -0.12815620 -0.28599790 0.01050555
v -0.12772331 -0.28488830 0.00677210
v -0.12564060 -0.28339660 0.00197160
v -0.12432430 -0.28488830 0.00322556
v -0.12772331 -0.28488830 0.00677210
v -0.12913039 -0.28339660 0.00562125
v -0.12564060 -0.28339660 0.00197160
v -0.13973001 -0.28599790 0.03457260
v -0.13809040 -0.28599790 0.02895671
v -0.13751960 -0.28668001 0.03499746
v -0.13973001 -0.28599790 0.03457260
v -0.13751960 -0.28668001 0.03499746
v -0.16655450 -0.29243991 0.25538030
v -0.13973001 -0.28599790 0.03457260
v -0.16655450 -0.29243991 0.25538030
v -0.14094320 -0.28599790 0.04028832
v -0.13973001 -0.28599790 0.03457260
v -0.14094320 -0.28599790 0.04028832
v -0.14176659 -0.28488830 0.03418117
v -0.13973001 -0.28599790 0.03457260
v -0.14008650 -0.28488830 0.02839589
v -0.13809040 -0.28599790 0.02895671
v -0.13973001 -0.28599790 0.03457260
v -0.14176659 -0.28488830 0.03418117
v -0.14008650 -0.28488830 0.02839589
v -0.13596471 -0.28599790 0.02346456
v -0.13386489 -0.28668001 0.02427339
v -0.13495570 -0.28668001 0.02690029
v -0.13596471 -0.28599790 0.02346456
v -0.13495570 -0.28668001 0.02690029
v -0.13709199 -0.28599790 0.02619314
v -0.13596471 -0.28599790 0.02346456
v -0.13709199 -0.28599790 0.02619314
v -0.13789929 -0.28488830 0.02271932
v -0.13596471 -0.28599790 0.02346456
v -0.13789929 -0.28488830 0.02271932
v -0.13659650 -0.28488830 0.01993447
v -0.00283974 -0.24161570 0.85749680
v 0.00700831 -0.23987930 0.85749680
v -0.00296050 -0.24093071 0.85865670
v -0.00283974 -0.24161570 0.85749680
v -0.00296050 -0.24093071 0.85865670
v -0.01257932 -0.24354690 0.85690397
v -0.01236498 -0.24432661 0.85469490
v -0.01257932 -0.24354690 0.85690397
v -0.01723641 -0.24520530 0.85446078
v -0.01236498 -0.24432661 0.85469490
v -0.00273061 -0.24223439 0.85608482
v -0.01257932 -0.24354690 0.85690397
v -0.01236498 -0.24432661 0.85469490
v -0.01723641 -0.24520530 0.85446078
v -0.00261432 -0.24289410 0.85327047
v -0.01236498 -0.24432661 0.85469490
v -0.00261432 -0.24289410 0.85327047
v -0.00265777 -0.24264769 0.85469782
v -0.00266159 -0.24262600 0.85479188
v -0.00265777 -0.24264769 0.85469782
v 0.00718641 -0.24088950 0.85479188
v -0.00266159 -0.24262600 0.85479188
v 0.00718641 -0.24088950 0.85479188
v -0.00273061 -0.24223439 0.85608482
v -0.00266159 -0.24262600 0.85479188
v -0.01236498 -0.24432661 0.85469490
v -0.00265777 -0.24264769 0.85469782
v -0.00266159 -0.24262600 0.85479188
v -0.00273061 -0.24223439 0.85608482
v -0.01236498 -0.24432661 0.85469490
v 0.03798460 -0.06249994 0.88763130
v 0.04128044 -0.06419992 0.89466423
v 0.04583543 -0.06419992 0.89090538
v 0.03798460 -0.06249994 0.88763130
v 0.04583543 -0.06419992 0.89090538
v 0.04033017 -0.06249994 0.88566232
v 0.03798460 -0.06249994 0.88763130
v 0.03585892 -0.06249994 0.88925147
v 0.04128044 -0.06419992 0.89466423
v 0.04307878 -0.06249994 0.88307881
v 0.04033017 -0.06249994 0.88566232
v 0.04666543 -0.06419992 0.89014572
v 0.04307878 -0.06249994 0.88307881
v 0.04666543 -0.06419992 0.89014572
v 0.05090540 -0.06419992 0.88583553
v 0.00682116 -0.06249994 0.90053958
v 0.00392324 -0.06249994 0.90079618
v 0.00716019 -0.06419992 0.90812480
v 0.00682116 -0.06249994 0.90053958
v 0.00716019 -0.06419992 0.90812480
v 0.00911528 -0.06419992 0.90789092
v 0.00682116 -0.06249994 0.90053958
v 0.00911528 -0.06419992 0.90789092
v 0.00962114 -0.06249994 0.90015823
v -0.05488938 -0.06249994 0.81356668
v -0.05429637 -0.06249994 0.81236911
v -0.07780992 -0.07999998 -0.03874474
v -0.05488938 -0.06249994 0.81356668
v -0.07780992 -0.07999998 -0.03874474
v -0.08010518 -0.07999998 -0.03374469
v -0.05488938 -0.06249994 0.81356668
v -0.08010518 -0.07999998 -0.03374469
v -0.05665343 -0.06249994 0.81759572
v -0.05488938 -0.06249994 0.86643338
v -0.06227499 -0.06419992 0.86853200
v -0.05932271 -0.06419992 0.87425011
v -0.05488938 -0.06249994 0.86643338
v -0.05932271 -0.06419992 0.87425011
v -0.05330401 -0.06249994 0.86949992
v -0.05488938 -0.06249994 0.86643338
v -0.05584120 -0.06249994 0.86435831
v -0.06227499 -0.06419992 0.86853200
v -0.02643334 -0.06249994 0.89488947
v -0.03264492 -0.06419992 0.90022087
v -0.02786141 -0.06419992 0.90257788
v -0.02643334 -0.06249994 0.89488947
v -0.02786141 -0.06419992 0.90257788
v -0.02407711 -0.06249994 0.89596307
v -0.02923142 -0.06249994 0.89345181
v -0.03241276 -0.06249994 0.89158469
v -0.03424996 -0.06419992 0.89932281
v -0.02923142 -0.06249994 0.89345181
v -0.03424996 -0.06419992 0.89932281
v -0.03264492 -0.06419992 0.90022087
v -0.02923142 -0.06249994 0.89345181
v -0.03264492 -0.06419992 0.90022087
v -0.02643334 -0.06249994 0.89488947
v -0.02012145 -0.06249994 0.89750391
v -0.02600121 -0.06419992 0.90337342
v -0.02116763 -0.06419992 0.90514737
v -0.02012145 -0.06249994 0.89750391
v -0.02116763 -0.06419992 0.90514737
v -0.01870954 -0.06249994 0.89797872
v -0.02012145 -0.06249994 0.89750391
v -0.02407711 -0.06249994 0.89596307
v -0.02600121 -0.06419992 0.90337342
v 0.00000000 -0.06249994 0.90092272
v 0.00210941 -0.06419992 0.90846759
v 0.00392324 -0.06249994 0.90079618
v 0.00000000 -0.06249994 0.90092272
v -0.00180948 -0.06249994 0.90089577
v 0.00000000 -0.06419992 0.90850002
v 0.00000000 -0.06249994 0.90092272
v 0.00000000 -0.06419992 0.90850002
v 0.00210941 -0.06419992 0.90846759
v -0.04473143 -0.06419992 0.89187819
v -0.04026323 -0.06419992 0.89541769
v -0.03798460 -0.06249994 0.88763130
v -0.04473143 -0.06419992 0.89187819
v -0.04583543 -0.06419992 0.89090538
v -0.04505795 -0.06469994 0.89225692
v -0.04473143 -0.06419992 0.89187819
v -0.04505795 -0.06469994 0.89225692
v -0.04026323 -0.06419992 0.89541769
v -0.03872019 -0.06249994 0.88703531
v -0.04473143 -0.06419992 0.89187819
v -0.03798460 -0.06249994 0.88763130
v -0.03872019 -0.06249994 0.88703531
v -0.04583543 -0.06419992 0.89090538
v -0.04473143 -0.06419992 0.89187819
v -0.05003494 -0.06419992 0.88678408
v -0.05090540 -0.06419992 0.88583553
v -0.05040013 -0.06469994 0.88712567
v -0.05003494 -0.06419992 0.88678408
v -0.05040013 -0.06469994 0.88712567
v -0.04583543 -0.06419992 0.89090538
v -0.05003494 -0.06419992 0.88678408
v -0.04307878 -0.06249994 0.88307881
v -0.05090540 -0.06419992 0.88583553
v -0.04683995 -0.06249994 0.87895620
v -0.05090540 -0.06419992 0.88583553
v -0.04307878 -0.06249994 0.88307881
v -0.04683995 -0.06249994 0.87895620
v -0.04763120 -0.06249994 0.87798470
v -0.05476176 -0.06419992 0.88115090
v -0.04683995 -0.06249994 0.87895620
v -0.05476176 -0.06419992 0.88115090
v -0.05090540 -0.06419992 0.88583553
v 0.04763126 -0.06249994 0.87798470
v 0.05155891 -0.06419992 0.88509911
v 0.05541765 -0.06419992 0.88026333
v 0.04763126 -0.06249994 0.87798470
v 0.05541765 -0.06419992 0.88026333
v 0.04816460 -0.06249994 0.87730598
v 0.05145835 -0.06249994 0.87261301
v 0.05590945 -0.06419992 0.87957758
v 0.05932271 -0.06419992 0.87425011
v 0.05145835 -0.06249994 0.87261301
v 0.05932271 -0.06419992 0.87425011
v 0.05158466 -0.06249994 0.87241280
v 0.05145835 -0.06249994 0.87261301
v 0.04816460 -0.06249994 0.87730598
v 0.05590945 -0.06419992 0.87957758
v -0.14235529 -0.26866281 0.74479520
v -0.14371610 -0.26674661 0.74488789
v -0.17587450 -0.28402260 0.49477240
v -0.14235529 -0.26866281 0.74479520
v -0.17587450 -0.28402260 0.49477240
v -0.14116371 -0.26835781 0.75265849
v -0.14235529 -0.26866281 0.74479520
v -0.14116371 -0.26835781 0.75265849
v -0.14252169 -0.26644269 0.75279880
v -0.14235529 -0.26866281 0.74479520
v -0.14252169 -0.26644269 0.75279880
v -0.14371610 -0.26674661 0.74488789
v -0.11848520 -0.26609269 0.79789102
v -0.11516770 -0.26520050 0.80252880
v -0.11686080 -0.26389751 0.80351120
v -0.11848520 -0.26609269 0.79789102
v -0.11686080 -0.26389751 0.80351120
v -0.12021420 -0.26479730 0.79881960
v -0.11848520 -0.26609269 0.79789102
v -0.12021420 -0.26479730 0.79881960
v -0.12157910 -0.26692861 0.79318362
v -0.11848520 -0.26609269 0.79789102
v -0.11660980 -0.26698780 0.79679048
v -0.11516770 -0.26520050 0.80252880
v -0.11848520 -0.26609269 0.79789102
v -0.11966110 -0.26781479 0.79215097
v -0.11660980 -0.26698780 0.79679048
v -0.11848520 -0.26609269 0.79789102
v -0.12157910 -0.26692861 0.79318362
v -0.11966110 -0.26781479 0.79215097
v -0.11957440 -0.26030409 0.80478817
v -0.11834830 -0.26224351 0.80427361
v -0.11596820 -0.25934479 0.80946243
v -0.11957440 -0.26030409 0.80478817
v -0.12172930 -0.26314920 0.79953933
v -0.11834830 -0.26224351 0.80427361
v -0.11957440 -0.26030409 0.80478817
v -0.12297370 -0.26121369 0.80002391
v -0.12172930 -0.26314920 0.79953933
v -0.11957440 -0.26030409 0.80478817
v -0.12049040 -0.25815231 0.80503362
v -0.12297370 -0.26121369 0.80002391
v -0.11957440 -0.26030409 0.80478817
v -0.11596820 -0.25934479 0.80946243
v -0.11687540 -0.25719121 0.80972362
v -0.11957440 -0.26030409 0.80478817
v -0.11687540 -0.25719121 0.80972362
v -0.12049040 -0.25815231 0.80503362
v -0.11364470 -0.25390670 0.81428337
v -0.11306930 -0.25618660 0.81430918
v -0.06506645 -0.15526509 0.89546722
v -0.11364470 -0.25390670 0.81428337
v -0.06506645 -0.15526509 0.89546722
v -0.06620573 -0.15559210 0.89410222
v -0.11364470 -0.25390670 0.81428337
v -0.06620573 -0.15559210 0.89410222
v -0.11744980 -0.25491109 0.80969471
v -0.11364470 -0.25390670 0.81428337
v -0.11744980 -0.25491109 0.80969471
v -0.11687540 -0.25719121 0.80972362
v -0.11364470 -0.25390670 0.81428337
v -0.11687540 -0.25719121 0.80972362
v -0.11306930 -0.25618660 0.81430918
v -0.09584158 -0.26012671 0.82415080
v -0.10001520 -0.26120171 0.82008910
v -0.09836214 -0.26214370 0.81870741
v -0.09584158 -0.26012671 0.82415080
v -0.09836214 -0.26214370 0.81870741
v -0.09423720 -0.26107889 0.82271951
v -0.09584158 -0.26012671 0.82415080
v -0.09423720 -0.26107889 0.82271951
v -0.09154701 -0.25903431 0.82804757
v -0.09584158 -0.26012671 0.82415080
v -0.09734100 -0.25878310 0.82536560
v -0.10001520 -0.26120171 0.82008910
v -0.08564949 -0.25890499 0.83023387
v -0.08411830 -0.25945070 0.82853490
v -0.08122056 -0.25780889 0.83370048
v -0.08564949 -0.25890499 0.83023387
v -0.08714765 -0.25793079 0.83176219
v -0.08999401 -0.25999719 0.82656759
v -0.08564949 -0.25890499 0.83023387
v -0.08840262 -0.26053041 0.82492071
v -0.08411830 -0.25945070 0.82853490
v -0.08564949 -0.25890499 0.83023387
v -0.08999401 -0.25999719 0.82656759
v -0.08840262 -0.26053041 0.82492071
v -0.08564949 -0.25890499 0.83023387
v -0.08122056 -0.25780889 0.83370048
v -0.08265984 -0.25682271 0.83527690
v -0.08564949 -0.25890499 0.83023387
v -0.08265984 -0.25682271 0.83527690
v -0.08714765 -0.25793079 0.83176219
v -0.10155640 -0.25986671 0.82126027
v -0.09734100 -0.25878310 0.82536560
v -0.09867703 -0.25709730 0.82631558
v -0.10155640 -0.25986671 0.82126027
v -0.09867703 -0.25709730 0.82631558
v -0.10292540 -0.25818780 0.82217491
v -0.10155640 -0.25986671 0.82126027
v -0.10292540 -0.25818780 0.82217491
v -0.10563260 -0.26092640 0.81700659
v -0.10155640 -0.25986671 0.82126027
v -0.10001520 -0.26120171 0.82008910
v -0.09734100 -0.25878310 0.82536560
v -0.10155640 -0.25986671 0.82126027
v -0.10563260 -0.26092640 0.81700659
v -0.10405160 -0.26225299 0.81587970
v -0.10155640 -0.25986671 0.82126027
v -0.10405160 -0.26225299 0.81587970
v -0.10001520 -0.26120171 0.82008910
v -0.09300220 -0.25768149 0.82930517
v -0.09154701 -0.25903431 0.82804757
v -0.08855563 -0.25656819 0.83306217
v -0.09300220 -0.25768149 0.82930517
v -0.09430301 -0.25598830 0.83029038
v -0.09734100 -0.25878310 0.82536560
v -0.09300220 -0.25768149 0.82930517
v -0.09584158 -0.26012671 0.82415080
v -0.09154701 -0.25903431 0.82804757
v -0.09300220 -0.25768149 0.82930517
v -0.09734100 -0.25878310 0.82536560
v -0.09584158 -0.26012671 0.82415080
v -0.09300220 -0.25768149 0.82930517
v -0.08855563 -0.25656819 0.83306217
v -0.08981853 -0.25486711 0.83408242
v -0.09300220 -0.25768149 0.82930517
v -0.08981853 -0.25486711 0.83408242
v -0.09430301 -0.25598830 0.83029038
v -0.04681956 -0.25090051 0.84936082
v -0.04606938 -0.25114679 0.84714669
v -0.04308676 -0.25013810 0.85045379
v -0.04681956 -0.25090051 0.84936082
v -0.05181169 -0.25194481 0.84764743
v -0.05094605 -0.25217021 0.84547341
v -0.04681956 -0.25090051 0.84936082
v -0.05094605 -0.25217021 0.84547341
v -0.04606938 -0.25114679 0.84714669
v -0.04681956 -0.25090051 0.84936082
v -0.04762446 -0.25021279 0.85145962
v -0.05181169 -0.25194481 0.84764743
v -0.07396215 -0.25741631 0.83323598
v -0.07831615 -0.25848070 0.83009237
v -0.00261432 -0.24289410 0.85327047
v -0.07396215 -0.25741631 0.83323598
v -0.00261432 -0.24289410 0.85327047
v -0.06956988 -0.25636321 0.83614331
v -0.07396215 -0.25741631 0.83323598
v -0.06956988 -0.25636321 0.83614331
v -0.07085502 -0.25621930 0.83810753
v -0.06515818 -0.25532821 0.83879530
v -0.06956988 -0.25636321 0.83614331
v -0.00261432 -0.24289410 0.85327047
v -0.06515818 -0.25532821 0.83879530
v -0.00261432 -0.24289410 0.85327047
v -0.06074613 -0.25431821 0.84117311
v -0.06515818 -0.25532821 0.83879530
v -0.06635534 -0.25516671 0.84081292
v -0.06956988 -0.25636321 0.83614331
v -0.06515818 -0.25532821 0.83879530
v -0.06184524 -0.25413731 0.84324408
v -0.06635534 -0.25516671 0.84081292
v -0.06515818 -0.25532821 0.83879530
v -0.06074613 -0.25431821 0.84117311
v -0.06184524 -0.25413731 0.84324408
v -0.04381018 -0.24943590 0.85257763
v -0.04308676 -0.25013810 0.85045379
v -0.04000848 -0.24867649 0.85353923
v -0.04381018 -0.24943590 0.85257763
v -0.04681956 -0.25090051 0.84936082
v -0.04308676 -0.25013810 0.85045379
v -0.04381018 -0.24943590 0.85257763
v -0.04762446 -0.25021279 0.85145962
v -0.04681956 -0.25090051 0.84936082
v -0.04381018 -0.24943590 0.85257763
v -0.04456371 -0.24831709 0.85450298
v -0.04762446 -0.25021279 0.85145962
v -0.04381018 -0.24943590 0.85257763
v -0.04000848 -0.24867649 0.85353923
v -0.04068911 -0.24754520 0.85548478
v -0.04381018 -0.24943590 0.85257763
v -0.04068911 -0.24754520 0.85548478
v -0.04456371 -0.24831709 0.85450298
v -0.10059770 -0.26368481 0.81306481
v -0.10438430 -0.26468590 0.80883509
v -0.10259020 -0.26472500 0.80731559
v -0.10059770 -0.26368481 0.81306481
v -0.10259020 -0.26472500 0.80731559
v -0.09885710 -0.26373509 0.81148452
v -0.10059770 -0.26368481 0.81306481
v -0.09885710 -0.26373509 0.81148452
v -0.09666001 -0.26265401 0.81716740
v -0.10059770 -0.26368481 0.81306481
v -0.10235170 -0.26318529 0.81454903
v -0.10438430 -0.26468590 0.80883509
v -0.10059770 -0.26368481 0.81306481
v -0.09666001 -0.26265401 0.81716740
v -0.09836214 -0.26214370 0.81870741
v -0.10059770 -0.26368481 0.81306481
v -0.09836214 -0.26214370 0.81870741
v -0.10235170 -0.26318529 0.81454903
v -0.07532697 -0.25728849 0.83514690
v -0.07672399 -0.25671539 0.83694959
v -0.07975387 -0.25836781 0.83194971
v -0.07532697 -0.25728849 0.83514690
v -0.07085502 -0.25621930 0.83810753
v -0.07217568 -0.25563061 0.83996212
v -0.07532697 -0.25728849 0.83514690
v -0.07217568 -0.25563061 0.83996212
v -0.07672399 -0.25671539 0.83694959
v -0.07532697 -0.25728849 0.83514690
v -0.07396215 -0.25741631 0.83323598
v -0.07085502 -0.25621930 0.83810753
v -0.07532697 -0.25728849 0.83514690
v -0.07975387 -0.25836781 0.83194971
v -0.07831615 -0.25848070 0.83009237
v -0.07532697 -0.25728849 0.83514690
v -0.07831615 -0.25848070 0.83009237
v -0.07396215 -0.25741631 0.83323598
v -0.07348114 -0.25461689 0.84163511
v -0.06881892 -0.25353149 0.84444088
v -0.06999105 -0.25212061 0.84591252
v -0.07348114 -0.25461689 0.84163511
v -0.06999105 -0.25212061 0.84591252
v -0.07472139 -0.25321981 0.84306341
v -0.07348114 -0.25461689 0.84163511
v -0.07472139 -0.25321981 0.84306341
v -0.07809948 -0.25571600 0.83857411
v -0.07348114 -0.25461689 0.84163511
v -0.07217568 -0.25563061 0.83996212
v -0.06881892 -0.25353149 0.84444088
v -0.07348114 -0.25461689 0.84163511
v -0.07809948 -0.25571600 0.83857411
v -0.07672399 -0.25671539 0.83694959
v -0.07348114 -0.25461689 0.84163511
v -0.07672399 -0.25671539 0.83694959
v -0.07217568 -0.25563061 0.83996212
v -0.13906030 -0.28488830 0.02554160
v -0.13959590 -0.28339660 0.02206581
v -0.13789929 -0.28488830 0.02271932
v -0.13906030 -0.28488830 0.02554160
v -0.14078631 -0.28339660 0.02497023
v -0.13959590 -0.28339660 0.02206581
v -0.13906030 -0.28488830 0.02554160
v -0.14008650 -0.28488830 0.02839589
v -0.14078631 -0.28339660 0.02497023
v -0.13906030 -0.28488830 0.02554160
v -0.13789929 -0.28488830 0.02271932
v -0.13709199 -0.28599790 0.02619314
v -0.13906030 -0.28488830 0.02554160
v -0.13709199 -0.28599790 0.02619314
v -0.13809040 -0.28599790 0.02895671
v -0.13906030 -0.28488830 0.02554160
v -0.13809040 -0.28599790 0.02895671
v -0.14008650 -0.28488830 0.02839589
v -0.13470140 -0.28599790 0.02077537
v -0.13514420 -0.28488830 0.01719260
v -0.13329510 -0.28599790 0.01813018
v -0.13470140 -0.28599790 0.02077537
v -0.13659650 -0.28488830 0.01993447
v -0.13514420 -0.28488830 0.01719260
v -0.13470140 -0.28599790 0.02077537
v -0.13596471 -0.28599790 0.02346456
v -0.13659650 -0.28488830 0.01993447
v -0.13470140 -0.28599790 0.02077537
v -0.13329510 -0.28599790 0.01813018
v -0.13264459 -0.28668001 0.02168810
v -0.13470140 -0.28599790 0.02077537
v -0.13264459 -0.28668001 0.02168810
v -0.13386489 -0.28668001 0.02427339
v -0.13470140 -0.28599790 0.02077537
v -0.13386489 -0.28668001 0.02427339
v -0.13596471 -0.28599790 0.02346456
v -0.17614400 -0.29349259 0.35220560
v -0.17544711 -0.29354480 0.34007460
v -0.17392761 -0.29388791 0.35232010
v -0.17614400 -0.29349259 0.35220560
v -0.17392761 -0.29388791 0.35232010
v -0.17681611 -0.29331821 0.36889741
v -0.17614400 -0.29349259 0.35220560
v -0.17681611 -0.29331821 0.36889741
v -0.17832591 -0.29265010 0.35208991
v -0.17614400 -0.29349259 0.35220560
v -0.17832591 -0.29265010 0.35208991
v -0.17544711 -0.29354480 0.34007460
v -0.13176601 -0.28488830 0.01186066
v -0.13353580 -0.28488830 0.01449930
v -0.13329010 -0.28339660 0.01087015
v -0.13176601 -0.28488830 0.01186066
v -0.13329010 -0.28339660 0.01087015
v -0.13129801 -0.28339660 0.00821066
v -0.13176601 -0.28488830 0.01186066
v -0.13129801 -0.28339660 0.00821066
v -0.12983011 -0.28488830 0.00928283
v -0.13176601 -0.28488830 0.01186066
v -0.12983011 -0.28488830 0.00928283
v -0.13002791 -0.28599790 0.01299023
v -0.13176601 -0.28488830 0.01186066
v -0.13002791 -0.28599790 0.01299023
v -0.13173909 -0.28599790 0.01553344
v -0.13176601 -0.28488830 0.01186066
v -0.13173909 -0.28599790 0.01553344
v -0.13353580 -0.28488830 0.01449930
v -0.12633941 -0.28668001 0.01183259
v -0.12617990 -0.28691131 0.01549100
v -0.12814149 -0.28668001 0.01421618
v -0.12633941 -0.28668001 0.01183259
v -0.12445020 -0.28691131 0.01321256
v -0.12617990 -0.28691131 0.01549100
v -0.12633941 -0.28668001 0.01183259
v -0.12437710 -0.28668001 0.00950891
v -0.12445020 -0.28691131 0.01321256
v -0.12633941 -0.28668001 0.01183259
v -0.12814149 -0.28668001 0.01421618
v -0.12815620 -0.28599790 0.01050555
v -0.12633941 -0.28668001 0.01183259
v -0.12815620 -0.28599790 0.01050555
v -0.12611870 -0.28599790 0.00808448
v -0.12633941 -0.28668001 0.01183259
v -0.12611870 -0.28599790 0.00808448
v -0.12437710 -0.28668001 0.00950891
v -0.00283200 -0.24165960 0.85741103
v -0.00283974 -0.24161570 0.85749680
v -0.01257932 -0.24354690 0.85690397
v -0.00283200 -0.24165960 0.85741103
v -0.01257932 -0.24354690 0.85690397
v -0.00273061 -0.24223439 0.85608482
v -0.00283200 -0.24165960 0.85741103
v -0.00273061 -0.24223439 0.85608482
v 0.00700831 -0.23987930 0.85749680
v -0.00283200 -0.24165960 0.85741103
v 0.00700831 -0.23987930 0.85749680
v -0.00283974 -0.24161570 0.85749680
v -0.04297035 -0.06249994 0.88318712
v -0.04583543 -0.06419992 0.89090538
v -0.03872019 -0.06249994 0.88703531
v -0.04297035 -0.06249994 0.88318712
v -0.05003494 -0.06419992 0.88678408
v -0.04583543 -0.06419992 0.89090538
v -0.04297035 -0.06249994 0.88318712
v -0.04307878 -0.06249994 0.88307881
v -0.05003494 -0.06419992 0.88678408
v 0.04444420 -0.06249994 0.88166881
v 0.04307878 -0.06249994 0.88307881
v 0.05090540 -0.06419992 0.88583553
v 0.04444420 -0.06249994 0.88166881
v 0.05090540 -0.06419992 0.88583553
v 0.05155891 -0.06419992 0.88509911
v 0.04444420 -0.06249994 0.88166881
v 0.05155891 -0.06419992 0.88509911
v 0.04763126 -0.06249994 0.87798470
v 0.04444420 -0.06249994 0.88166881
v 0.04033017 -0.06249994 0.88566232
v 0.04307878 -0.06249994 0.88307881
v 0.04444420 -0.06249994 0.88166881
v 0.04763126 -0.06249994 0.87798470
v 0.04816460 -0.06249994 0.87730598
v 0.04444420 -0.06249994 0.88166881
v 0.03798460 -0.06249994 0.88763130
v 0.04033017 -0.06249994 0.88566232
v 0.04444420 -0.06249994 0.88166881
v 0.04816460 -0.06249994 0.87730598
v 0.05145835 -0.06249994 0.87261301
v 0.04444420 -0.06249994 0.88166881
v 0.03585892 -0.06249994 0.88925147
v 0.03798460 -0.06249994 0.88763130
v 0.04444420 -0.06249994 0.88166881
v 0.05145835 -0.06249994 0.87261301
v 0.05158466 -0.06249994 0.87241280
v 0.04444420 -0.06249994 0.88166881
v 0.03241276 -0.06249994 0.89158469
v 0.03585892 -0.06249994 0.88925147
v 0.04444420 -0.06249994 0.88166881
v 0.05158466 -0.06249994 0.87241280
v 0.05429637 -0.06249994 0.86763102
v 0.04444420 -0.06249994 0.88166881
v 0.03107011 -0.06249994 0.89240432
v 0.03241276 -0.06249994 0.89158469
v 0.04444420 -0.06249994 0.88166881
v 0.05429637 -0.06249994 0.86763102
v 0.05488938 -0.06249994 0.86643338
v 0.04444420 -0.06249994 0.88166881
v 0.02643334 -0.06249994 0.89488947
v 0.03107011 -0.06249994 0.89240432
v 0.04444420 -0.06249994 0.88166881
v 0.05488938 -0.06249994 0.86643338
v 0.05665343 -0.06249994 0.86240441
v 0.04444420 -0.06249994 0.88166881
v 0.02600610 -0.06249994 0.89509320
v 0.02643334 -0.06249994 0.89488947
v 0.04444420 -0.06249994 0.88166881
v 0.05665343 -0.06249994 0.86240441
v 0.05750387 -0.06249994 0.86012149
v 0.04444420 -0.06249994 0.88166881
v 0.02071166 -0.06249994 0.89729393
v 0.02600610 -0.06249994 0.89509320
v 0.04444420 -0.06249994 0.88166881
v 0.05750387 -0.06249994 0.86012149
v 0.05850869 -0.06249994 0.85697931
v 0.04444420 -0.06249994 0.88166881
v 0.02012145 -0.06249994 0.89750391
v 0.02071166 -0.06249994 0.89729393
v 0.04444420 -0.06249994 0.88166881
v 0.05850869 -0.06249994 0.85697931
v 0.05939519 -0.06249994 0.85355657
v 0.04444420 -0.06249994 0.88166881
v 0.01523387 -0.06249994 0.89898729
v 0.02012145 -0.06249994 0.89750391
v 0.04444420 -0.06249994 0.88166881
v 0.05939519 -0.06249994 0.85355657
v 0.05984580 -0.06249994 0.85140371
v 0.04444420 -0.06249994 0.88166881
v 0.01355654 -0.06249994 0.89939523
v 0.01523387 -0.06249994 0.89898729
v 0.04444420 -0.06249994 0.88166881
v 0.05984580 -0.06249994 0.85140371
v 0.06053954 -0.06249994 0.84682119
v 0.04444420 -0.06249994 0.88166881
v 0.00962114 -0.06249994 0.90015823
v 0.01355654 -0.06249994 0.89939523
v 0.04444420 -0.06249994 0.88166881
v 0.06053954 -0.06249994 0.84682119
v 0.06065285 -0.06249994 0.84572721
v 0.04444420 -0.06249994 0.88166881
v 0.00682116 -0.06249994 0.90053958
v 0.00962114 -0.06249994 0.90015823
v 0.04444420 -0.06249994 0.88166881
v 0.06065285 -0.06249994 0.84572721
v 0.06092262 -0.06249994 0.83999997
v 0.04444420 -0.06249994 0.88166881
v 0.00392324 -0.06249994 0.90079618
v 0.00682116 -0.06249994 0.90053958
v 0.04444420 -0.06249994 0.88166881
v 0.06092262 -0.06249994 0.83999997
v 0.06058245 -0.06249994 0.83357102
v 0.04444420 -0.06249994 0.88166881
v 0.00000000 -0.06249994 0.90092272
v 0.00392324 -0.06249994 0.90079618
v 0.04444420 -0.06249994 0.88166881
v 0.06058245 -0.06249994 0.83357102
v 0.06053954 -0.06249994 0.83317888
v 0.04444420 -0.06249994 0.88166881
v -0.00180948 -0.06249994 0.90089577
v 0.00000000 -0.06249994 0.90092272
v 0.04444420 -0.06249994 0.88166881
v 0.06053954 -0.06249994 0.83317888
v 0.05956572 -0.06249994 0.82721370
v 0.04444420 -0.06249994 0.88166881
v -0.00682116 -0.06249994 0.90053958
v -0.00180948 -0.06249994 0.90089577
v 0.04444420 -0.06249994 0.88166881
v 0.05956572 -0.06249994 0.82721370
v 0.05939519 -0.06249994 0.82644337
v 0.04444420 -0.06249994 0.88166881
v -0.00752616 -0.06249994 0.90045601
v -0.00682116 -0.06249994 0.90053958
v 0.04444420 -0.06249994 0.88166881
v 0.05939519 -0.06249994 0.82644337
v 0.05788379 -0.06249994 0.82099921
v 0.04444420 -0.06249994 0.88166881
v -0.01317626 -0.06249994 0.89948082
v -0.00752616 -0.06249994 0.90045601
v 0.04444420 -0.06249994 0.88166881
v 0.05788379 -0.06249994 0.82099921
v 0.05750387 -0.06249994 0.81987858
v 0.04444420 -0.06249994 0.88166881
v -0.01355654 -0.06249994 0.89939523
v -0.01317626 -0.06249994 0.89948082
v 0.04444420 -0.06249994 0.88166881
v 0.05750387 -0.06249994 0.81987858
v 0.05584120 -0.06249994 0.81564182
v 0.04444420 -0.06249994 0.88166881
v -0.01870954 -0.06249994 0.89797872
v -0.01355654 -0.06249994 0.89939523
v 0.04444420 -0.06249994 0.88166881
v 0.05584120 -0.06249994 0.81564182
v 0.05488938 -0.06249994 0.81356668
v 0.04444420 -0.06249994 0.88166881
v -0.02012145 -0.06249994 0.89750391
v -0.01870954 -0.06249994 0.89797872
v 0.04444420 -0.06249994 0.88166881
v 0.05488938 -0.06249994 0.81356668
v 0.05330407 -0.06249994 0.81050020
v 0.04444420 -0.06249994 0.88166881
v -0.02407711 -0.06249994 0.89596307
v -0.02012145 -0.06249994 0.89750391
v 0.04444420 -0.06249994 0.88166881
v 0.05330407 -0.06249994 0.81050020
v 0.05158466 -0.06249994 0.80758733
v 0.04444420 -0.06249994 0.88166881
v -0.02643334 -0.06249994 0.89488947
v -0.02407711 -0.06249994 0.89596307
v 0.04444420 -0.06249994 0.88166881
v 0.05158466 -0.06249994 0.80758733
v 0.05029469 -0.06249994 0.80561972
v 0.04444420 -0.06249994 0.88166881
v -0.02923142 -0.06249994 0.89345181
v -0.02643334 -0.06249994 0.89488947
v 0.04444420 -0.06249994 0.88166881
v 0.05029469 -0.06249994 0.80561972
v 0.04763126 -0.06249994 0.80201542
v 0.04444420 -0.06249994 0.88166881
v -0.03241276 -0.06249994 0.89158469
v -0.02923142 -0.06249994 0.89345181
v 0.04444420 -0.06249994 0.88166881
v 0.04763126 -0.06249994 0.80201542
v 0.04683995 -0.06249994 0.80104393
v 0.04444420 -0.06249994 0.88166881
v -0.03412693 -0.06249994 0.89046711
v -0.03241276 -0.06249994 0.89158469
v 0.04444420 -0.06249994 0.88166881
v 0.04683995 -0.06249994 0.80104393
v 0.04307878 -0.06249994 0.79692131
v 0.04444420 -0.06249994 0.88166881
v -0.03798460 -0.06249994 0.88763130
v -0.03412693 -0.06249994 0.89046711
v 0.04444420 -0.06249994 0.88166881
v 0.04307878 -0.06249994 0.79692131
v 0.04297035 -0.06249994 0.79681301
v 0.04444420 -0.06249994 0.88166881
v -0.04297035 -0.06249994 0.88318712
v -0.03872019 -0.06249994 0.88703531
v 0.04444420 -0.06249994 0.88166881
v -0.03872019 -0.06249994 0.88703531
v -0.03798460 -0.06249994 0.88763130
v 0.04444420 -0.06249994 0.88166881
v 0.04297035 -0.06249994 0.79681301
v 0.03872019 -0.06249994 0.79296482
v 0.04444420 -0.06249994 0.88166881
v 0.03872019 -0.06249994 0.79296482
v 0.03798460 -0.06249994 0.79236883
v 0.04444420 -0.06249994 0.88166881
v 0.03798460 -0.06249994 0.79236883
v 0.03412693 -0.06249994 0.78953308
v 0.04444420 -0.06249994 0.88166881
v 0.03412693 -0.06249994 0.78953308
v 0.03241276 -0.06249994 0.78841537
v 0.04444420 -0.06249994 0.88166881
v 0.03241276 -0.06249994 0.78841537
v 0.02923148 -0.06249994 0.78654832
v 0.04444420 -0.06249994 0.88166881
v 0.02923148 -0.06249994 0.78654832
v 0.02643334 -0.06249994 0.78511071
v 0.04444420 -0.06249994 0.88166881
v 0.02643334 -0.06249994 0.78511071
v 0.02407711 -0.06249994 0.78403711
v 0.04444420 -0.06249994 0.88166881
v 0.02407711 -0.06249994 0.78403711
v 0.02012145 -0.06249994 0.78249621
v 0.04444420 -0.06249994 0.88166881
v 0.02012145 -0.06249994 0.78249621
v 0.01870954 -0.06249994 0.78202140
v 0.04444420 -0.06249994 0.88166881
v 0.01870954 -0.06249994 0.78202140
v 0.01355654 -0.06249994 0.78060478
v 0.04444420 -0.06249994 0.88166881
v 0.01355654 -0.06249994 0.78060478
v 0.01317626 -0.06249994 0.78051931
v 0.04444420 -0.06249994 0.88166881
v 0.01317626 -0.06249994 0.78051931
v 0.00752622 -0.06249994 0.77954412
v 0.04444420 -0.06249994 0.88166881
v 0.00752622 -0.06249994 0.77954412
v 0.00682116 -0.06249994 0.77946049
v 0.04444420 -0.06249994 0.88166881
v 0.00682116 -0.06249994 0.77946049
v 0.00180948 -0.06249994 0.77910429
v 0.04444420 -0.06249994 0.88166881
v 0.00180948 -0.06249994 0.77910429
v 0.00000000 -0.06249994 0.77907741
v 0.04444420 -0.06249994 0.88166881
v 0.00000000 -0.06249994 0.77907741
v -0.00392318 -0.06249994 0.77920377
v 0.04444420 -0.06249994 0.88166881
v -0.00392318 -0.06249994 0.77920377
v -0.00682116 -0.06249994 0.77946049
v 0.04444420 -0.06249994 0.88166881
v -0.00682116 -0.06249994 0.77946049
v -0.00962114 -0.06249994 0.77984190
v 0.04444420 -0.06249994 0.88166881
v -0.00962114 -0.06249994 0.77984190
v -0.01355654 -0.06249994 0.78060478
v 0.04444420 -0.06249994 0.88166881
v -0.01355654 -0.06249994 0.78060478
v -0.01523381 -0.06249994 0.78101277
v 0.04444420 -0.06249994 0.88166881
v -0.01523381 -0.06249994 0.78101277
v -0.02012145 -0.06249994 0.78249621
v 0.04444420 -0.06249994 0.88166881
v -0.02012145 -0.06249994 0.78249621
v -0.02071166 -0.06249994 0.78270620
v 0.04444420 -0.06249994 0.88166881
v -0.02071166 -0.06249994 0.78270620
v -0.02600610 -0.06249994 0.78490698
v 0.04444420 -0.06249994 0.88166881
v -0.02600610 -0.06249994 0.78490698
v -0.02643334 -0.06249994 0.78511071
v 0.04444420 -0.06249994 0.88166881
v -0.02643334 -0.06249994 0.78511071
v -0.03107011 -0.06249994 0.78759581
v 0.04444420 -0.06249994 0.88166881
v -0.03107011 -0.06249994 0.78759581
v -0.03241276 -0.06249994 0.78841537
v 0.04444420 -0.06249994 0.88166881
v -0.03241276 -0.06249994 0.78841537
v -0.03585892 -0.06249994 0.79074872
v 0.04444420 -0.06249994 0.88166881
v -0.03585892 -0.06249994 0.79074872
v -0.03798460 -0.06249994 0.79236883
v 0.04444420 -0.06249994 0.88166881
v -0.03798460 -0.06249994 0.79236883
v -0.04033017 -0.06249994 0.79433781
v 0.04444420 -0.06249994 0.88166881
v -0.04033017 -0.06249994 0.79433781
v -0.04307878 -0.06249994 0.79692131
v 0.04444420 -0.06249994 0.88166881
v -0.04307878 -0.06249994 0.79692131
v -0.04444420 -0.06249994 0.79833132
v 0.04444420 -0.06249994 0.88166881
v -0.04444420 -0.06249994 0.79833132
v -0.04763120 -0.06249994 0.80201542
v 0.04444420 -0.06249994 0.88166881
v -0.04763120 -0.06249994 0.80201542
v -0.04816460 -0.06249994 0.80269408
v 0.04444420 -0.06249994 0.88166881
v -0.04816460 -0.06249994 0.80269408
v -0.05145835 -0.06249994 0.80738711
v 0.04444420 -0.06249994 0.88166881
v -0.05145835 -0.06249994 0.80738711
v -0.05158466 -0.06249994 0.80758733
v 0.04444420 -0.06249994 0.88166881
v -0.05158466 -0.06249994 0.80758733
v -0.05429637 -0.06249994 0.81236911
v 0.04444420 -0.06249994 0.88166881
v -0.05429637 -0.06249994 0.81236911
v -0.05488938 -0.06249994 0.81356668
v 0.04444420 -0.06249994 0.88166881
v -0.05488938 -0.06249994 0.81356668
v -0.05665343 -0.06249994 0.81759572
v 0.04444420 -0.06249994 0.88166881
v -0.05665343 -0.06249994 0.81759572
v -0.05750387 -0.06249994 0.81987858
v 0.04444420 -0.06249994 0.88166881
v -0.05750387 -0.06249994 0.81987858
v -0.05850869 -0.06249994 0.82302082
v 0.04444420 -0.06249994 0.88166881
v -0.05850869 -0.06249994 0.82302082
v -0.05939513 -0.06249994 0.82644337
v 0.04444420 -0.06249994 0.88166881
v -0.05939513 -0.06249994 0.82644337
v -0.05984580 -0.06249994 0.82859641
v 0.04444420 -0.06249994 0.88166881
v -0.05984580 -0.06249994 0.82859641
v -0.06053954 -0.06249994 0.83317888
v 0.04444420 -0.06249994 0.88166881
v -0.06053954 -0.06249994 0.83317888
v -0.06065279 -0.06249994 0.83427292
v 0.04444420 -0.06249994 0.88166881
v -0.06065279 -0.06249994 0.83427292
v -0.06092262 -0.06249994 0.83999997
v 0.04444420 -0.06249994 0.88166881
v -0.06092262 -0.06249994 0.83999997
v -0.06058245 -0.06249994 0.84642911
v 0.04444420 -0.06249994 0.88166881
v -0.06058245 -0.06249994 0.84642911
v -0.06053954 -0.06249994 0.84682119
v 0.04444420 -0.06249994 0.88166881
v -0.06053954 -0.06249994 0.84682119
v -0.05956572 -0.06249994 0.85278642
v 0.04444420 -0.06249994 0.88166881
v -0.05956572 -0.06249994 0.85278642
v -0.05939513 -0.06249994 0.85355657
v 0.04444420 -0.06249994 0.88166881
v -0.05939513 -0.06249994 0.85355657
v -0.05788379 -0.06249994 0.85900092
v 0.04444420 -0.06249994 0.88166881
v -0.05788379 -0.06249994 0.85900092
v -0.05750387 -0.06249994 0.86012149
v 0.04444420 -0.06249994 0.88166881
v -0.05750387 -0.06249994 0.86012149
v -0.05584120 -0.06249994 0.86435831
v 0.04444420 -0.06249994 0.88166881
v -0.05584120 -0.06249994 0.86435831
v -0.05488938 -0.06249994 0.86643338
v 0.04444420 -0.06249994 0.88166881
v -0.05488938 -0.06249994 0.86643338
v -0.05330401 -0.06249994 0.86949992
v 0.04444420 -0.06249994 0.88166881
v -0.05330401 -0.06249994 0.86949992
v -0.05158466 -0.06249994 0.87241280
v 0.04444420 -0.06249994 0.88166881
v -0.05158466 -0.06249994 0.87241280
v -0.05029469 -0.06249994 0.87438041
v 0.04444420 -0.06249994 0.88166881
v -0.05029469 -0.06249994 0.87438041
v -0.04763120 -0.06249994 0.87798470
v 0.04444420 -0.06249994 0.88166881
v -0.04763120 -0.06249994 0.87798470
v -0.04683995 -0.06249994 0.87895620
v 0.04444420 -0.06249994 0.88166881
v -0.04683995 -0.06249994 0.87895620
v -0.04307878 -0.06249994 0.88307881
v 0.04444420 -0.06249994 0.88166881
v -0.04307878 -0.06249994 0.88307881
v -0.04297035 -0.06249994 0.88318712
usemtl DefaultMaterial
f 1 2 3
f 4 5 6
f 7 8 9
f 10 11 12
f 13 14 15
f 16 17 18
f 19 20 21
f 22 23 24
f 25 26 27
f 28 29 30
f 31 32 33
f 34 35 36
f 37 38 39
f 40 41 42
f 43 44 45
f 46 47 48
f 49 50 51
f 52 53 54
f 55 56 57
f 58 59 60
f 61 62 63
f 64 65 66
f 67 68 69
f 70 71 72
f 73 74 75
f 76 77 78
f 79 80 81
f 82 83 84
f 85 86 87
f 88 89 90
f 91 92 93
f 94 95 96
f 97 98 99
f 100 101 102
f 103 104 105
f 106 107 108
f 109 110 111
f 112 113 114
f 115 116 117
f 118 119 120
f 121 122 123
f 124 125 126
f 127 128 129
f 130 131 132
f 133 134 135
f 136 137 138
f 139 140 141
f 142 143 144
f 145 146 147
f 148 149 150
f 151 152 153
f 154 155 156
f 157 158 159
f 160 161 162
f 163 164 165
f 166 167 168
f 169 170 171
f 172 173 174
f 175 176 177
f 178 179 180
f 181 182 183
f 184 185 186
f 187 188 189
f 190 191 192
f 193 194 195
f 196 197 198
f 199 200 201
f 202 203 204
f 205 206 207
f 208 209 210
f 211 212 213
f 214 215 216
f 217 218 219
f 220 221 222
f 223 224 225
f 226 227 228
f 229 230 231
f 232 233 234
f 235 236 237
f 238 239 240
f 241 242 243
f 244 245 246
f 247 248 249
f 250 251 252
f 253 254 255
f 256 257 258
f 259 260 261
f 262 263 264
f 265 266 267
f 268 269 270
f 271 272 273
f 274 275 276
f 277 278 279
f 280 281 282
f 283 284 285
f 286 287 288
f 289 290 291
f 292 293 294
f 295 296 297
f 298 299 300
f 301 302 303
f 304 305 306
f 307 308 309
f 310 311 312
f 313 314 315
f 316 317 318
f 319 320 321
f 322 323 324
f 325 326 327
f 328 329 330
f 331 332 333
f 334 335 336
f 337 338 339
f 340 341 342
f 343 344 345
f 346 347 348
f 349 350 351
f 352 353 354
f 355 356 357
f 358 359 360
f 361 362 363
f 364 365 366
f 367 368 369
f 370 371 372
f 373 374 375
f 376 377 378
f 379 380 381
f 382 383 384
f 385 386 387
f 388 389 390
f 391 392 393
f 394 395 396
f 397 398 399
f 400 401 402
f 403 404 405
f 406 407 408
f 409 410 411
f 412 413 414
f 415 416 417
f 418 419 420
f 421 422 423
f 424 425 426
f 427 428 429
f 430 431 432
f 433 434 435
f 436 437 438
f 439 440 441
f 442 443 444
f 445 446 447
f 448 449 450
f 451 452 453
f 454 455 456
f 457 458 459
f 460 461 462
f 463 464 465
f 466 467 468
f 469 470 471
f 472 473 474
f 475 476 477
f 478 479 480
f 481 482 483
f 484 485 486
f 487 488 489
f 490 491 492
f 493 494 495
f 496 497 498
f 499 500 501
f 502 503 504
f 505 506 507
f 508 509 510
f 511 512 513
f 514 515 516
f 517 518 519
f 520 521 522
f 523 524 525
f 526 527 528
f 529 530 531
f 532 533 534
f 535 536 537
f 538 539 540
f 541 542 543
f 544 545 546
f 547 548 549
f 550 551 552
f 553 554 555
f 556 557 558
f 559 560 561
f 562 563 564
f 565 566 567
f 568 569 570
f 571 572 573
f 574 575 576
f 577 578 579
f 580 581 582
f 583 584 585
f 586 587 588
f 589 590 591
f 592 593 594
f 595 596 597
f 598 599 600
f 601 602 603
f 604 605 606
f 607 608 609
f 610 611 612
f 613 614 615
f 616 617 618
f 619 620 621
f 622 623 624
f 625 626 627
f 628 629 630
f 631 632 633
f 634 635 636
f 637 638 639
f 640 641 642
f 643 644 645
f 646 647 648
f 649 650 651
f 652 653 654
f 655 656 657
f 658 659 660
f 661 662 663
f 664 665 666
f 667 668 669
f 670 671 672
f 673 674 675
f 676 677 678
f 679 680 681
f 682 683 684
f 685 686 687
f 688 689 690
f 691 692 693
f 694 695 696
f 697 698 699
f 700 701 702
f 703 704 705
f 706 707 708
f 709 710 711
f 712 713 714
f 715 716 717
f 718 719 720
f 721 722 723
f 724 725 726
f 727 728 729
f 730 731 732
f 733 734 735
f 736 737 738
f 739 740 741
f 742 743 744
f 745 746 747
f 748 749 750
f 751 752 753
f 754 755 756
f 757 758 759
f 760 761 762
f 763 764 765
f 766 767 768
f 769 770 771
f 772 773 774
f 775 776 777
f 778 779 780
f 781 782 783
f 784 785 786
f 787 788 789
f 790 791 792
f 793 794 795
f 796 797 798
f 799 800 801
f 802 803 804
f 805 806 807
f 808 809 810
f 811 812 813
f 814 815 816
f 817 818 819
f 820 821 822
f 823 824 825
f 826 827 828
f 829 830 831
f 832 833 834
f 835 836 837
f 838 839 840
f 841 842 843
f 844 845 846
f 847 848 849
f 850 851 852
f 853 854 855
f 856 857 858
f 859 860 861
f 862 863 864
f 865 866 867
f 868 869 870
f 871 872 873
f 874 875 876
f 877 878 879
f 880 881 882
f 883 884 885
f 886 887 888
f 889 890 891
f 892 893 894
f 895 896 897
f 898 899 900
f 901 902 903
f 904 905 906
f 907 908 909
f 910 911 912
f 913 914 915
f 916 917 918
f 919 920 921
f 922 923 924
f 925 926 927
f 928 929 930
f 931 932 933
f 934 935 936
f 937 938 939
f 940 941 942
f 943 944 945
f 946 947 948
f 949 950 951
f 952 953 954
f 955 956 957
f 958 959 960
f 961 962 963
f 964 965 966
f 967 968 969
f 970 971 972
f 973 974 975
f 976 977 978
f 979 980 981
f 982 983 984
f 985 986 987
f 988 989 990
f 991 992 993
f 994 995 996
f 997 998 999
f 1000 1001 1002
f 1003 1004 1005
f 1006 1007 1008
f 1009 1010 1011
f 1012 1013 1014
f 1015 1016 1017
f 1018 1019 1020
f 1021 1022 1023
f 1024 1025 1026
f 1027 1028 1029
f 1030 1031 1032
f 1033 1034 1035
f 1036 1037 1038
f 1039 1040 1041
f 1042 1043 1044
f 1045 1046 1047
f 1048 1049 1050
f 1051 1052 1053
f 1054 1055 1056
f 1057 1058 1059
f 1060 1061 1062
f 1063 1064 1065
f 1066 1067 1068
f 1069 1070 1071
f 1072 1073 1074
f 1075 1076 1077
f 1078 1079 1080
f 1081 1082 1083
f 1084 1085 1086
f 1087 1088 1089
f 1090 1091 1092
f 1093 1094 1095
f 1096 1097 1098
f 1099 1100 1101
f 1102 1103 1104
f 1105 1106 1107
f 1108 1109 1110
f 1111 1112 1113
f 1114 1115 1116
f 1117 1118 1119
f 1120 1121 1122
f 1123 1124 1125
f 1126 1127 1128
f 1129 1130 1131
f 1132 1133 1134
f 1135 1136 1137
f 1138 1139 1140
f 1141 1142 1143
f 1144 1145 1146
f 1147 1148 1149
f 1150 1151 1152
f 1153 1154 1155
f 1156 1157 1158
f 1159 1160 1161
f 1162 1163 1164
f 1165 1166 1167
f 1168 1169 1170
f 1171 1172 1173
f 1174 1175 1176
f 1177 1178 1179
f 1180 1181 1182
f 1183 1184 1185
f 1186 1187 1188
f 1189 1190 1191
f 1192 1193 1194
f 1195 1196 1197
f 1198 1199 1200
f 1201 1202 1203
f 1204 1205 1206
f 1207 1208 1209
f 1210 1211 1212
f 1213 1214 1215
f 1216 1217 1218
f 1219 1220 1221
f 1222 1223 1224
f 1225 1226 1227
f 1228 1229 1230
f 1231 1232 1233
f 1234 1235 1236
f 1237 1238 1239
f 1240 1241 1242
f 1243 1244 1245
f 1246 1247 1248
f 1249 1250 1251
f 1252 1253 1254
f 1255 1256 1257
f 1258 1259 1260
f 1261 1262 1263
f 1264 1265 1266
f 1267 1268 1269
f 1270 1271 1272
f 1273 1274 1275
f 1276 1277 1278
f 1279 1280 1281
f 1282 1283 1284
f 1285 1286 1287
f 1288 1289 1290
f 1291 1292 1293
f 1294 1295 1296
f 1297 1298 1299
f 1300 1301 1302
f 1303 1304 1305
f 1306 1307 1308
f 1309 1310 1311
f 1312 1313 1314
f 1315 1316 1317
f 1318 1319 1320
f 1321 1322 1323
f 1324 1325 1326
f 1327 1328 1329
f 1330 1331 1332
f 1333 1334 1335
f 1336 1337 1338
f 1339 1340 1341
f 1342 1343 1344
f 1345 1346 1347
f 1348 1349 1350
f 1351 1352 1353
f 1354 1355 1356
f 1357 1358 1359
f 1360 1361 1362
f 1363 1364 1365
f 1366 1367 1368
f 1369 1370 1371
f 1372 1373 1374
f 1375 1376 1377
f 1378 1379 1380
f 1381 1382 1383
f 1384 1385 1386
f 1387 1388 1389
f 1390 1391 1392
f 1393 1394 1395
f 1396 1397 1398
f 1399 1400 1401
f 1402 1403 1404
f 1405 1406 1407
f 1408 1409 1410
f 1411 1412 1413
f 1414 1415 1416
f 1417 1418 1419
f 1420 1421 1422
f 1423 1424 1425
f 1426 1427 1428
f 1429 1430 1431
f 1432 1433 1434
f 1435 1436 1437
f 1438 1439 1440
f 1441 1442 1443
f 1444 1445 1446
f 1447 1448 1449
f 1450 1451 1452
f 1453 1454 1455
f 1456 1457 1458
f 1459 1460 1461
f 1462 1463 1464
f 1465 1466 1467
f 1468 1469 1470
f 1471 1472 1473
f 1474 1475 1476
f 1477 1478 1479
f 1480 1481 1482
f 1483 1484 1485
f 1486 1487 1488
f 1489 1490 1491
f 1492 1493 1494
f 1495 1496 1497
f 1498 1499 1500
f 1501 1502 1503
f 1504 1505 1506
f 1507 1508 1509
f 1510 1511 1512
f 1513 1514 1515
f 1516 1517 1518
f 1519 1520 1521
f 1522 1523 1524
f 1525 1526 1527
f 1528 1529 1530
f 1531 1532 1533
f 1534 1535 1536
f 1537 1538 1539
f 1540 1541 1542
f 1543 1544 1545
f 1546 1547 1548
f 1549 1550 1551
f 1552 1553 1554
f 1555 1556 1557
f 1558 1559 1560
f 1561 1562 1563
f 1564 1565 1566
f 1567 1568 1569
f 1570 1571 1572
f 1573 1574 1575
f 1576 1577 1578
f 1579 1580 1581
f 1582 1583 1584
f 1585 1586 1587
f 1588 1589 1590
f 1591 1592 1593
f 1594 1595 1596
f 1597 1598 1599
f 1600 1601 1602
f 1603 1604 1605
f 1606 1607 1608
f 1609 1610 1611
f 1612 1613 1614
f 1615 1616 1617
f 1618 1619 1620
f 1621 1622 1623
f 1624 1625 1626
f 1627 1628 1629
f 1630 1631 1632
f 1633 1634 1635
f 1636 1637 1638
f 1639 1640 1641
f 1642 1643 1644
f 1645 1646 1647
f 1648 1649 1650
f 1651 1652 1653
f 1654 1655 1656
f 1657 1658 1659
f 1660 1661 1662
f 1663 1664 1665
f 1666 1667 1668
f 1669 1670 1671
f 1672 1673 1674
f 1675 1676 1677
f 1678 1679 1680
f 1681 1682 1683
f 1684 1685 1686
f 1687 1688 1689
f 1690 1691 1692
f 1693 1694 1695
f 1696 1697 1698
f 1699 1700 1701
f 1702 1703 1704
f 1705 1706 1707
f 1708 1709 1710
f 1711 1712 1713
f 1714 1715 1716
f 1717 1718 1719
f 1720 1721 1722
f 1723 1724 1725
f 1726 1727 1728
f 1729 1730 1731
f 1732 1733 1734
f 1735 1736 1737
f 1738 1739 1740
f 1741 1742 1743
f 1744 1745 1746
f 1747 1748 1749
f 1750 1751 1752
f 1753 1754 1755
f 1756 1757 1758
f 1759 1760 1761
f 1762 1763 1764
f 1765 1766 1767
f 1768 1769 1770
f 1771 1772 1773
f 1774 1775 1776
f 1777 1778 1779
f 1780 1781 1782
f 1783 1784 1785
f 1786 1787 1788
f 1789 1790 1791
f 1792 1793 1794
f 1795 1796 1797
f 1798 1799 1800
f 1801 1802 1803
f 1804 1805 1806
f 1807 1808 1809
f 1810 1811 1812
f 1813 1814 1815
f 1816 1817 1818
f 1819 1820 1821
f 1822 1823 1824
f 1825 1826 1827
f 1828 1829 1830
f 1831 1832 1833
f 1834 1835 1836
f 1837 1838 1839
f 1840 1841 1842
f 1843 1844 1845
f 1846 1847 1848
f 1849 1850 1851
f 1852 1853 1854
f 1855 1856 1857
f 1858 1859 1860
f 1861 1862 1863
f 1864 1865 1866
f 1867 1868 1869
f 1870 1871 1872
f 1873 1874 1875
f 1876 1877 1878
f 1879 1880 1881
f 1882 1883 1884
f 1885 1886 1887
f 1888 1889 1890
f 1891 1892 1893
f 1894 1895 1896
f 1897 1898 1899
f 1900 1901 1902
f 1903 1904 1905
f 1906 1907 1908
f 1909 1910 1911
f 1912 1913 1914
f 1915 1916 1917
f 1918 1919 1920
f 1921 1922 1923
f 1924 1925 1926
f 1927 1928 1929
f 1930 1931 1932
f 1933 1934 1935
f 1936 1937 1938
f 1939 1940 1941
f 1942 1943 1944
f 1945 1946 1947
f 1948 1949 1950
f 1951 1952 1953
f 1954 1955 1956
f 1957 1958 1959
f 1960 1961 1962
f 1963 1964 1965
f 1966 1967 1968
f 1969 1970 1971
f 1972 1973 1974
f 1975 1976 1977
f 1978 1979 1980
f 1981 1982 1983
f 1984 1985 1986
f 1987 1988 1989
f 1990 1991 1992
f 1993 1994 1995
f 1996 1997 1998
f 1999 2000 2001
f 2002 2003 2004
f 2005 2006 2007
f 2008 2009 2010
f 2011 2012 2013
f 2014 2015 2016
f 2017 2018 2019
f 2020 2021 2022
f 2023 2024 2025
f 2026 2027 2028
f 2029 2030 2031
f 2032 2033 2034
f 2035 2036 2037
f 2038 2039 2040
f 2041 2042 2043
f 2044 2045 2046
f 2047 2048 2049
f 2050 2051 2052
f 2053 2054 2055
f 2056 2057 2058
f 2059 2060 2061
f 2062 2063 2064
f 2065 2066 2067
f 2068 2069 2070
f 2071 2072 2073
f 2074 2075 2076
f 2077 2078 2079
f 2080 2081 2082
f 2083 2084 2085
f 2086 2087 2088
f 2089 2090 2091
f 2092 2093 2094
f 2095 2096 2097
f 2098 2099 2100
f 2101 2102 2103
f 2104 2105 2106
f 2107 2108 2109
f 2110 2111 2112
f 2113 2114 2115
f 2116 2117 2118
f 2119 2120 2121
f 2122 2123 2124
f 2125 2126 2127
f 2128 2129 2130
f 2131 2132 2133
f 2134 2135 2136
f 2137 2138 2139
f 2140 2141 2142
f 2143 2144 2145
f 2146 2147 2148
f 2149 2150 2151
f 2152 2153 2154
f 2155 2156 2157
f 2158 2159 2160
f 2161 2162 2163
f 2164 2165 2166
f 2167 2168 2169
f 2170 2171 2172
f 2173 2174 2175
f 2176 2177 2178
f 2179 2180 2181
f 2182 2183 2184
f 2185 2186 2187
f 2188 2189 2190
f 2191 2192 2193
f 2194 2195 2196
f 2197 2198 2199
f 2200 2201 2202
f 2203 2204 2205
f 2206 2207 2208
f 2209 2210 2211
f 2212 2213 2214
f 2215 2216 2217
f 2218 2219 2220
f 2221 2222 2223
f 2224 2225 2226
f 2227 2228 2229
f 2230 2231 2232
f 2233 2234 2235
f 2236 2237 2238
f 2239 2240 2241
f 2242 2243 2244
f 2245 2246 2247
f 2248 2249 2250
f 2251 2252 2253
f 2254 2255 2256
f 2257 2258 2259
f 2260 2261 2262
f 2263 2264 2265
f 2266 2267 2268
f 2269 2270 2271
f 2272 2273 2274
f 2275 2276 2277
f 2278 2279 2280
f 2281 2282 2283
f 2284 2285 2286
f 2287 2288 2289
f 2290 2291 2292
f 2293 2294 2295
f 2296 2297 2298
f 2299 2300 2301
f 2302 2303 2304
f 2305 2306 2307
f 2308 2309 2310
f 2311 2312 2313
f 2314 2315 2316
f 2317 2318 2319
f 2320 2321 2322
f 2323 2324 2325
f 2326 2327 2328
f 2329 2330 2331
f 2332 2333 2334
f 2335 2336 2337
f 2338 2339 2340
f 2341 2342 2343
f 2344 2345 2346
f 2347 2348 2349
f 2350 2351 2352
f 2353 2354 2355
f 2356 2357 2358
f 2359 2360 2361
f 2362 2363 2364
f 2365 2366 2367
f 2368 2369 2370
f 2371 2372 2373
f 2374 2375 2376
f 2377 2378 2379
f 2380 2381 2382
f 2383 2384 2385
f 2386 2387 2388
f 2389 2390 2391
f 2392 2393 2394
f 2395 2396 2397
f 2398 2399 2400
f 2401 2402 2403
f 2404 2405 2406
f 2407 2408 2409
f 2410 2411 2412
f 2413 2414 2415
f 2416 2417 2418
f 2419 2420 2421
f 2422 2423 2424
f 2425 2426 2427
f 2428 2429 2430
f 2431 2432 2433
f 2434 2435 2436
f 2437 2438 2439
f 2440 2441 2442
f 2443 2444 2445
f 2446 2447 2448
f 2449 2450 2451
f 2452 2453 2454
f 2455 2456 2457
f 2458 2459 2460
f 2461 2462 2463
f 2464 2465 2466
f 2467 2468 2469
f 2470 2471 2472
f 2473 2474 2475
f 2476 2477 2478
f 2479 2480 2481
f 2482 2483 2484
f 2485 2486 2487
f 2488 2489 2490
f 2491 2492 2493
f 2494 2495 2496
f 2497 2498 2499
f 2500 2501 2502
f 2503 2504 2505
f 2506 2507 2508
f 2509 2510 2511
f 2512 2513 2514
f 2515 2516 2517
f 2518 2519 2520
f 2521 2522 2523
f 2524 2525 2526
f 2527 2528 2529
f 2530 2531 2532
f 2533 2534 2535
f 2536 2537 2538
f 2539 2540 2541
f 2542 2543 2544
f 2545 2546 2547
f 2548 2549 2550
f 2551 2552 2553
f 2554 2555 2556
f 2557 2558 2559
f 2560 2561 2562
f 2563 2564 2565
f 2566 2567 2568
f 2569 2570 2571
f 2572 2573 2574
f 2575 2576 2577
f 2578 2579 2580
f 2581 2582 2583
f 2584 2585 2586
f 2587 2588 2589
f 2590 2591 2592
f 2593 2594 2595
f 2596 2597 2598
f 2599 2600 2601
f 2602 2603 2604
f 2605 2606 2607
f 2608 2609 2610
f 2611 2612 2613
f 2614 2615 2616
f 2617 2618 2619
f 2620 2621 2622
f 2623 2624 2625
f 2626 2627 2628
f 2629 2630 2631
f 2632 2633 2634
f 2635 2636 2637
f 2638 2639 2640
f 2641 2642 2643
f 2644 2645 2646
f 2647 2648 2649
f 2650 2651 2652
f 2653 2654 2655
f 2656 2657 2658
f 2659 2660 2661
f 2662 2663 2664
f 2665 2666 2667
f 2668 2669 2670
f 2671 2672 2673
f 2674 2675 2676
f 2677 2678 2679
f 2680 2681 2682
f 2683 2684 2685
f 2686 2687 2688
f 2689 2690 2691
f 2692 2693 2694
f 2695 2696 2697
f 2698 2699 2700
f 2701 2702 2703
f 2704 2705 2706
f 2707 2708 2709
f 2710 2711 2712
f 2713 2714 2715
f 2716 2717 2718
f 2719 2720 2721
f 2722 2723 2724
f 2725 2726 2727
f 2728 2729 2730
f 2731 2732 2733
f 2734 2735 2736
f 2737 2738 2739
f 2740 2741 2742
f 2743 2744 2745
f 2746 2747 2748
f 2749 2750 2751
f 2752 2753 2754
f 2755 2756 2757
f 2758 2759 2760
f 2761 2762 2763
f 2764 2765 2766
f 2767 2768 2769
f 2770 2771 2772
f 2773 2774 2775
f 2776 2777 2778
f 2779 2780 2781
f 2782 2783 2784
f 2785 2786 2787
f 2788 2789 2790
f 2791 2792 2793
f 2794 2795 2796
f 2797 2798 2799
f 2800 2801 2802
f 2803 2804 2805
f 2806 2807 2808
f 2809 2810 2811
f 2812 2813 2814
f 2815 2816 2817
f 2818 2819 2820
f 2821 2822 2823
f 2824 2825 2826
f 2827 2828 2829
f 2830 2831 2832
f 2833 2834 2835
f 2836 2837 2838
f 2839 2840 2841
f 2842 2843 2844
f 2845 2846 2847
f 2848 2849 2850
f 2851 2852 2853
f 2854 2855 2856
f 2857 2858 2859
f 2860 2861 2862
f 2863 2864 2865
f 2866 2867 2868
f 2869 2870 2871
f 2872 2873 2874
f 2875 2876 2877
f 2878 2879 2880
f 2881 2882 2883
f 2884 2885 2886
f 2887 2888 2889
f 2890 2891 2892
f 2893 2894 2895
f 2896 2897 2898
f 2899 2900 2901
f 2902 2903 2904
f 2905 2906 2907
f 2908 2909 2910
f 2911 2912 2913
f 2914 2915 2916
f 2917 2918 2919
f 2920 2921 2922
f 2923 2924 2925
f 2926 2927 2928
f 2929 2930 2931
f 2932 2933 2934
f 2935 2936 2937
f 2938 2939 2940
f 2941 2942 2943
f 2944 2945 2946
f 2947 2948 2949
f 2950 2951 2952
f 2953 2954 2955
f 2956 2957 2958
f 2959 2960 2961
f 2962 2963 2964
f 2965 2966 2967
f 2968 2969 2970
f 2971 2972 2973
f 2974 2975 2976
f 2977 2978 2979
f 2980 2981 2982
f 2983 2984 2985
f 2986 2987 2988
f 2989 2990 2991
f 2992 2993 2994
f 2995 2996 2997
f 2998 2999 3000
f 3001 3002 3003
f 3004 3005 3006
f 3007 3008 3009
f 3010 3011 3012
f 3013 3014 3015
f 3016 3017 3018
f 3019 3020 3021
f 3022 3023 3024
f 3025 3026 3027
f 3028 3029 3030
f 3031 3032 3033
f 3034 3035 3036
f 3037 3038 3039
f 3040 3041 3042
f 3043 3044 3045
f 3046 3047 3048
f 3049 3050 3051
f 3052 3053 3054
f 3055 3056 3057
f 3058 3059 3060
f 3061 3062 3063
f 3064 3065 3066
f 3067 3068 3069
f 3070 3071 3072
f 3073 3074 3075
f 3076 3077 3078
f 3079 3080 3081
f 3082 3083 3084
f 3085 3086 3087
f 3088 3089 3090
f 3091 3092 3093
f 3094 3095 3096
f 3097 3098 3099
f 3100 3101 3102
f 3103 3104 3105
f 3106 3107 3108
f 3109 3110 3111
f 3112 3113 3114
f 3115 3116 3117
f 3118 3119 3120
f 3121 3122 3123
f 3124 3125 3126
f 3127 3128 3129
f 3130 3131 3132
f 3133 3134 3135
f 3136 3137 3138
f 3139 3140 3141
f 3142 3143 3144
f 3145 3146 3147
f 3148 3149 3150
f 3151 3152 3153
f 3154 3155 3156
f 3157 3158 3159
f 3160 3161 3162
f 3163 3164 3165
f 3166 3167 3168
f 3169 3170 3171
f 3172 3173 3174
f 3175 3176 3177
f 3178 3179 3180
f 3181 3182 3183
f 3184 3185 3186
f 3187 3188 3189
f 3190 3191 3192
f 3193 3194 3195
f 3196 3197 3198
f 3199 3200 3201
f 3202 3203 3204
f 3205 3206 3207
f 3208 3209 3210
f 3211 3212 3213
f 3214 3215 3216
f 3217 3218 3219
f 3220 3221 3222
f 3223 3224 3225
f 3226 3227 3228
f 3229 3230 3231
f 3232 3233 3234
f 3235 3236 3237
f 3238 3239 3240
f 3241 3242 3243
f 3244 3245 3246
f 3247 3248 3249
f 3250 3251 3252
f 3253 3254 3255
f 3256 3257 3258
f 3259 3260 3261
f 3262 3263 3264
f 3265 3266 3267
f 3268 3269 3270
f 3271 3272 3273
f 3274 3275 3276
f 3277 3278 3279
f 3280 3281 3282
f 3283 3284 3285
f 3286 3287 3288
f 3289 3290 3291
f 3292 3293 3294
f 3295 3296 3297
f 3298 3299 3300
f 3301 3302 3303
f 3304 3305 3306
f 3307 3308 3309
f 3310 3311 3312
f 3313 3314 3315
f 3316 3317 3318
f 3319 3320 3321
f 3322 3323 3324
f 3325 3326 3327
f 3328 3329 3330
f 3331 3332 3333
f 3334 3335 3336
f 3337 3338 3339
f 3340 3341 3342
f 3343 3344 3345
f 3346 3347 3348
f 3349 3350 3351
f 3352 3353 3354
f 3355 3356 3357
f 3358 3359 3360
f 3361 3362 3363
f 3364 3365 3366
f 3367 3368 3369
f 3370 3371 3372
f 3373 3374 3375
f 3376 3377 3378
f 3379 3380 3381
f 3382 3383 3384
f 3385 3386 3387
f 3388 3389 3390
f 3391 3392 3393
f 3394 3395 3396
f 3397 3398 3399
f 3400 3401 3402
f 3403 3404 3405
f 3406 3407 3408
f 3409 3410 3411
f 3412 3413 3414
f 3415 3416 3417
f 3418 3419 3420
f 3421 3422 3423
f 3424 3425 3426
f 3427 3428 3429
f 3430 3431 3432
f 3433 3434 3435
f 3436 3437 3438
f 3439 3440 3441
f 3442 3443 3444
f 3445 3446 3447
f 3448 3449 3450
f 3451 3452 3453
f 3454 3455 3456
f 3457 3458 3459
f 3460 3461 3462
f 3463 3464 3465
f 3466 3467 3468
f 3469 3470 3471
f 3472 3473 3474
f 3475 3476 3477
f 3478 3479 3480
f 3481 3482 3483
f 3484 3485 3486
f 3487 3488 3489
f 3490 3491 3492
f 3493 3494 3495
f 3496 3497 3498
f 3499 3500 3501
f 3502 3503 3504
f 3505 3506 3507
f 3508 3509 3510
f 3511 3512 3513
f 3514 3515 3516
f 3517 3518 3519
f 3520 3521 3522
f 3523 3524 3525
f 3526 3527 3528
f 3529 3530 3531
f 3532 3533 3534
f 3535 3536 3537
f 3538 3539 3540
f 3541 3542 3543
f 3544 3545 3546
f 3547 3548 3549
f 3550 3551 3552
f 3553 3554 3555
f 3556 3557 3558
f 3559 3560 3561
f 3562 3563 3564
f 3565 3566 3567
f 3568 3569 3570
f 3571 3572 3573
f 3574 3575 3576
f 3577 3578 3579
f 3580 3581 3582
f 3583 3584 3585
f 3586 3587 3588
f 3589 3590 3591
f 3592 3593 3594
f 3595 3596 3597
f 3598 3599 3600
f 3601 3602 3603
f 3604 3605 3606
f 3607 3608 3609
f 3610 3611 3612
f 3613 3614 3615
f 3616 3617 3618
f 3619 3620 3621
f 3622 3623 3624
f 3625 3626 3627
f 3628 3629 3630
f 3631 3632 3633
f 3634 3635 3636
f 3637 3638 3639
f 3640 3641 3642
f 3643 3644 3645
f 3646 3647 3648
f 3649 3650 3651
f 3652 3653 3654
f 3655 3656 3657
f 3658 3659 3660
f 3661 3662 3663
f 3664 3665 3666
f 3667 3668 3669
f 3670 3671 3672
f 3673 3674 3675
f 3676 3677 3678
f 3679 3680 3681
f 3682 3683 3684
f 3685 3686 3687
f 3688 3689 3690
f 3691 3692 3693
f 3694 3695 3696
f 3697 3698 3699
f 3700 3701 3702
f 3703 3704 3705
f 3706 3707 3708
f 3709 3710 3711
f 3712 3713 3714
f 3715 3716 3717
f 3718 3719 3720
f 3721 3722 3723
f 3724 3725 3726
f 3727 3728 3729
f 3730 3731 3732
f 3733 3734 3735
f 3736 3737 3738
f 3739 3740 3741
f 3742 3743 3744
f 3745 3746 3747
f 3748 3749 3750
f 3751 3752 3753
f 3754 3755 3756
f 3757 3758 3759
f 3760 3761 3762
f 3763 3764 3765
f 3766 3767 3768
f 3769 3770 3771
f 3772 3773 3774
f 3775 3776 3777
f 3778 3779 3780
f 3781 3782 3783
f 3784 3785 3786
f 3787 3788 3789
f 3790 3791 3792
f 3793 3794 3795
f 3796 3797 3798
f 3799 3800 3801
f 3802 3803 3804
f 3805 3806 3807
f 3808 3809 3810
f 3811 3812 3813
f 3814 3815 3816
f 3817 3818 3819
f 3820 3821 3822
f 3823 3824 3825
f 3826 3827 3828
f 3829 3830 3831
f 3832 3833 3834
f 3835 3836 3837
f 3838 3839 3840
f 3841 3842 3843
f 3844 3845 3846
f 3847 3848 3849
f 3850 3851 3852
f 3853 3854 3855
f 3856 3857 3858
f 3859 3860 3861
f 3862 3863 3864
f 3865 3866 3867
f 3868 3869 3870
f 3871 3872 3873
f 3874 3875 3876
f 3877 3878 3879
f 3880 3881 3882
f 3883 3884 3885
f 3886 3887 3888
f 3889 3890 3891
f 3892 3893 3894
f 3895 3896 3897
f 3898 3899 3900
f 3901 3902 3903
f 3904 3905 3906
f 3907 3908 3909
f 3910 3911 3912
f 3913 3914 3915
f 3916 3917 3918
f 3919 3920 3921
f 3922 3923 3924
f 3925 3926 3927
f 3928 3929 3930
f 3931 3932 3933
f 3934 3935 3936
f 3937 3938 3939
f 3940 3941 3942
f 3943 3944 3945
f 3946 3947 3948
f 3949 3950 3951
f 3952 3953 3954
f 3955 3956 3957
f 3958 3959 3960
f 3961 3962 3963
f 3964 3965 3966
f 3967 3968 3969
f 3970 3971 3972
f 3973 3974 3975
f 3976 3977 3978
f 3979 3980 3981
f 3982 3983 3984
f 3985 3986 3987
f 3988 3989 3990
f 3991 3992 3993
f 3994 3995 3996
f 3997 3998 3999
f 4000 4001 4002
f 4003 4004 4005
f 4006 4007 4008
f 4009 4010 4011
f 4012 4013 4014
f 4015 4016 4017
f 4018 4019 4020
f 4021 4022 4023
f 4024 4025 4026
f 4027 4028 4029
f 4030 4031 4032
f 4033 4034 4035
f 4036 4037 4038
f 4039 4040 4041
f 4042 4043 4044
f 4045 4046 4047
f 4048 4049 4050
f 4051 4052 4053
f 4054 4055 4056
f 4057 4058 4059
f 4060 4061 4062
f 4063 4064 4065
f 4066 4067 4068
f 4069 4070 4071
f 4072 4073 4074
f 4075 4076 4077
f 4078 4079 4080
f 4081 4082 4083
f 4084 4085 4086
f 4087 4088 4089
f 4090 4091 4092
f 4093 4094 4095
f 4096 4097 4098
f 4099 4100 4101
f 4102 4103 4104
f 4105 4106 4107
f 4108 4109 4110
f 4111 4112 4113
f 4114 4115 4116
f 4117 4118 4119
f 4120 4121 4122
f 4123 4124 4125
f 4126 4127 4128
f 4129 4130 4131
f 4132 4133 4134
f 4135 4136 4137
f 4138 4139 4140
f 4141 4142 4143
f 4144 4145 4146
f 4147 4148 4149
f 4150 4151 4152
f 4153 4154 4155
f 4156 4157 4158
f 4159 4160 4161
f 4162 4163 4164
f 4165 4166 4167
f 4168 4169 4170
f 4171 4172 4173
f 4174 4175 4176
f 4177 4178 4179
f 4180 4181 4182
f 4183 4184 4185
f 4186 4187 4188
f 4189 4190 4191
f 4192 4193 4194
f 4195 4196 4197
f 4198 4199 4200
f 4201 4202 4203
f 4204 4205 4206
f 4207 4208 4209
f 4210 4211 4212
f 4213 4214 4215
f 4216 4217 4218
f 4219 4220 4221
f 4222 4223 4224
f 4225 4226 4227
f 4228 4229 4230
f 4231 4232 4233
f 4234 4235 4236
f 4237 4238 4239
f 4240 4241 4242
f 4243 4244 4245
f 4246 4247 4248
f 4249 4250 4251
f 4252 4253 4254
f 4255 4256 4257
f 4258 4259 4260
f 4261 4262 4263
f 4264 4265 4266
f 4267 4268 4269
f 4270 4271 4272
f 4273 4274 4275
f 4276 4277 4278
f 4279 4280 4281
f 4282 4283 4284
f 4285 4286 4287
f 4288 4289 4290
f 4291 4292 4293
f 4294 4295 4296
f 4297 4298 4299
f 4300 4301 4302
f 4303 4304 4305
f 4306 4307 4308
f 4309 4310 4311
f 4312 4313 4314
f 4315 4316 4317
f 4318 4319 4320
f 4321 4322 4323
f 4324 4325 4326
f 4327 4328 4329
f 4330 4331 4332
f 4333 4334 4335
f 4336 4337 4338
f 4339 4340 4341
f 4342 4343 4344
f 4345 4346 4347
f 4348 4349 4350
f 4351 4352 4353
f 4354 4355 4356
f 4357 4358 4359
f 4360 4361 4362
f 4363 4364 4365
f 4366 4367 4368
f 4369 4370 4371
f 4372 4373 4374
f 4375 4376 4377
f 4378 4379 4380
f 4381 4382 4383
f 4384 4385 4386
f 4387 4388 4389
f 4390 4391 4392
f 4393 4394 4395
f 4396 4397 4398
f 4399 4400 4401
f 4402 4403 4404
f 4405 4406 4407
f 4408 4409 4410
f 4411 4412 4413
f 4414 4415 4416
f 4417 4418 4419
f 4420 4421 4422
f 4423 4424 4425
f 4426 4427 4428
f 4429 4430 4431
f 4432 4433 4434
f 4435 4436 4437
f 4438 4439 4440
f 4441 4442 4443
f 4444 4445 4446
f 4447 4448 4449
f 4450 4451 4452
f 4453 4454 4455
f 4456 4457 4458
f 4459 4460 4461
f 4462 4463 4464
f 4465 4466 4467
f 4468 4469 4470
f 4471 4472 4473
f 4474 4475 4476
f 4477 4478 4479
f 4480 4481 4482
f 4483 4484 4485
f 4486 4487 4488
f 4489 4490 4491
f 4492 4493 4494
f 4495 4496 4497
f 4498 4499 4500
f 4501 4502 4503
f 4504 4505 4506
f 4507 4508 4509
f 4510 4511 4512
f 4513 4514 4515
f 4516 4517 4518
f 4519 4520 4521
f 4522 4523 4524
f 4525 4526 4527
f 4528 4529 4530
f 4531 4532 4533
f 4534 4535 4536
f 4537 4538 4539
f 4540 4541 4542
f 4543 4544 4545
f 4546 4547 4548
f 4549 4550 4551
f 4552 4553 4554
f 4555 4556 4557
f 4558 4559 4560
f 4561 4562 4563
f 4564 4565 4566
f 4567 4568 4569
f 4570 4571 4572
f 4573 4574 4575
f 4576 4577 4578
f 4579 4580 4581
f 4582 4583 4584
f 4585 4586 4587
f 4588 4589 4590
f 4591 4592 4593
f 4594 4595 4596
f 4597 4598 4599
f 4600 4601 4602
f 4603 4604 4605
f 4606 4607 4608
f 4609 4610 4611
f 4612 4613 4614
f 4615 4616 4617
f 4618 4619 4620
f 4621 4622 4623
f 4624 4625 4626
f 4627 4628 4629
f 4630 4631 4632
f 4633 4634 4635
f 4636 4637 4638
f 4639 4640 4641
f 4642 4643 4644
f 4645 4646 4647
f 4648 4649 4650
f 4651 4652 4653
f 4654 4655 4656
f 4657 4658 4659
f 4660 4661 4662
f 4663 4664 4665
f 4666 4667 4668
f 4669 4670 4671
f 4672 4673 4674
f 4675 4676 4677
f 4678 4679 4680
f 4681 4682 4683
f 4684 4685 4686
f 4687 4688 4689
f 4690 4691 4692
f 4693 4694 4695
f 4696 4697 4698
f 4699 4700 4701
f 4702 4703 4704
f 4705 4706 4707
f 4708 4709 4710
f 4711 4712 4713
f 4714 4715 4716
f 4717 4718 4719
f 4720 4721 4722
f 4723 4724 4725
f 4726 4727 4728
f 4729 4730 4731
f 4732 4733 4734
f 4735 4736 4737
f 4738 4739 4740
f 4741 4742 4743
f 4744 4745 4746
f 4747 4748 4749
f 4750 4751 4752
f 4753 4754 4755
f 4756 4757 4758
f 4759 4760 4761
f 4762 4763 4764
f 4765 4766 4767
f 4768 4769 4770
f 4771 4772 4773
f 4774 4775 4776
f 4777 4778 4779
f 4780 4781 4782
f 4783 4784 4785
f 4786 4787 4788
f 4789 4790 4791
f 4792 4793 4794
f 4795 4796 4797
f 4798 4799 4800
f 4801 4802 4803
f 4804 4805 4806
f 4807 4808 4809
f 4810 4811 4812
f 4813 4814 4815
f 4816 4817 4818
f 4819 4820 4821
f 4822 4823 4824
f 4825 4826 4827
f 4828 4829 4830
f 4831 4832 4833
f 4834 4835 4836
f 4837 4838 4839
f 4840 4841 4842
f 4843 4844 4845
f 4846 4847 4848
f 4849 4850 4851
f 4852 4853 4854
f 4855 4856 4857
f 4858 4859 4860
f 4861 4862 4863
f 4864 4865 4866
f 4867 4868 4869
f 4870 4871 4872
f 4873 4874 4875
f 4876 4877 4878
f 4879 4880 4881
f 4882 4883 4884
f 4885 4886 4887
f 4888 4889 4890
f 4891 4892 4893
f 4894 4895 4896
f 4897 4898 4899
f 4900 4901 4902
f 4903 4904 4905
f 4906 4907 4908
f 4909 4910 4911
f 4912 4913 4914
f 4915 4916 4917
f 4918 4919 4920
f 4921 4922 4923
f 4924 4925 4926
f 4927 4928 4929
f 4930 4931 4932
f 4933 4934 4935
f 4936 4937 4938
f 4939 4940 4941
f 4942 4943 4944
f 4945 4946 4947
f 4948 4949 4950
f 4951 4952 4953
f 4954 4955 4956
f 4957 4958 4959
f 4960 4961 4962
f 4963 4964 4965
f 4966 4967 4968
f 4969 4970 4971
f 4972 4973 4974
f 4975 4976 4977
f 4978 4979 4980
f 4981 4982 4983
f 4984 4985 4986
f 4987 4988 4989
f 4990 4991 4992
f 4993 4994 4995
f 4996 4997 4998
f 4999 5000 5001
f 5002 5003 5004
f 5005 5006 5007
f 5008 5009 5010
f 5011 5012 5013
f 5014 5015 5016
f 5017 5018 5019
f 5020 5021 5022
f 5023 5024 5025
f 5026 5027 5028
f 5029 5030 5031
f 5032 5033 5034
f 5035 5036 5037
f 5038 5039 5040
f 5041 5042 5043
f 5044 5045 5046
f 5047 5048 5049
f 5050 5051 5052
f 5053 5054 5055
f 5056 5057 5058
f 5059 5060 5061
f 5062 5063 5064
f 5065 5066 5067
f 5068 5069 5070
f 5071 5072 5073
f 5074 5075 5076
f 5077 5078 5079
f 5080 5081 5082
f 5083 5084 5085
f 5086 5087 5088
f 5089 5090 5091
f 5092 5093 5094
f 5095 5096 5097
f 5098 5099 5100
f 5101 5102 5103
f 5104 5105 5106
f 5107 5108 5109
f 5110 5111 5112
f 5113 5114 5115
f 5116 5117 5118
f 5119 5120 5121
f 5122 5123 5124
f 5125 5126 5127
f 5128 5129 5130
f 5131 5132 5133
f 5134 5135 5136
f 5137 5138 5139
f 5140 5141 5142
f 5143 5144 5145
f 5146 5147 5148
f 5149 5150 5151
f 5152 5153 5154
f 5155 5156 5157
f 5158 5159 5160
f 5161 5162 5163
f 5164 5165 5166
f 5167 5168 5169
f 5170 5171 5172
f 5173 5174 5175
f 5176 5177 5178
f 5179 5180 5181
f 5182 5183 5184
f 5185 5186 5187
f 5188 5189 5190
f 5191 5192 5193
f 5194 5195 5196
f 5197 5198 5199
f 5200 5201 5202
f 5203 5204 5205
f 5206 5207 5208
f 5209 5210 5211
f 5212 5213 5214
f 5215 5216 5217
f 5218 5219 5220
f 5221 5222 5223
f 5224 5225 5226
f 5227 5228 5229
f 5230 5231 5232
f 5233 5234 5235
f 5236 5237 5238
f 5239 5240 5241
f 5242 5243 5244
f 5245 5246 5247
f 5248 5249 5250
f 5251 5252 5253
f 5254 5255 5256
f 5257 5258 5259
f 5260 5261 5262
f 5263 5264 5265
f 5266 5267 5268
f 5269 5270 5271
f 5272 5273 5274
f 5275 5276 5277
f 5278 5279 5280
f 5281 5282 5283
f 5284 5285 5286
f 5287 5288 5289
f 5290 5291 5292
f 5293 5294 5295
f 5296 5297 5298
f 5299 5300 5301
f 5302 5303 5304
f 5305 5306 5307
f 5308 5309 5310
f 5311 5312 5313
f 5314 5315 5316
f 5317 5318 5319
f 5320 5321 5322
f 5323 5324 5325
f 5326 5327 5328
f 5329 5330 5331
f 5332 5333 5334
f 5335 5336 5337
f 5338 5339 5340
f 5341 5342 5343
f 5344 5345 5346
f 5347 5348 5349
f 5350 5351 5352
f 5353 5354 5355
f 5356 5357 5358
f 5359 5360 5361
f 5362 5363 5364
f 5365 5366 5367
f 5368 5369 5370
f 5371 5372 5373
f 5374 5375 5376
f 5377 5378 5379
f 5380 5381 5382
f 5383 5384 5385
f 5386 5387 5388
f 5389 5390 5391
f 5392 5393 5394
f 5395 5396 5397
f 5398 5399 5400
f 5401 5402 5403
f 5404 5405 5406
f 5407 5408 5409
f 5410 5411 5412
f 5413 5414 5415
f 5416 5417 5418
f 5419 5420 5421
f 5422 5423 5424
f 5425 5426 5427
f 5428 5429 5430
f 5431 5432 5433
f 5434 5435 5436
f 5437 5438 5439
f 5440 5441 5442
f 5443 5444 5445
f 5446 5447 5448
f 5449 5450 5451
f 5452 5453 5454
f 5455 5456 5457
f 5458 5459 5460
f 5461 5462 5463
f 5464 5465 5466
f 5467 5468 5469
f 5470 5471 5472
f 5473 5474 5475
f 5476 5477 5478
f 5479 5480 5481
f 5482 5483 5484
f 5485 5486 5487
f 5488 5489 5490
f 5491 5492 5493
f 5494 5495 5496
f 5497 5498 5499
f 5500 5501 5502
f 5503 5504 5505
f 5506 5507 5508
f 5509 5510 5511
f 5512 5513 5514
f 5515 5516 5517
f 5518 5519 5520
f 5521 5522 5523
f 5524 5525 5526
f 5527 5528 5529
f 5530 5531 5532
f 5533 5534 5535
f 5536 5537 5538
f 5539 5540 5541
f 5542 5543 5544
f 5545 5546 5547
f 5548 5549 5550
f 5551 5552 5553
f 5554 5555 5556
f 5557 5558 5559
f 5560 5561 5562
f 5563 5564 5565
f 5566 5567 5568
f 5569 5570 5571
f 5572 5573 5574
f 5575 5576 5577
f 5578 5579 5580
f 5581 5582 5583
f 5584 5585 5586
f 5587 5588 5589
f 5590 5591 5592
f 5593 5594 5595
f 5596 5597 5598
f 5599 5600 5601
f 5602 5603 5604
f 5605 5606 5607
f 5608 5609 5610
f 5611 5612 5613
f 5614 5615 5616
f 5617 5618 5619
f 5620 5621 5622
f 5623 5624 5625
f 5626 5627 5628
f 5629 5630 5631
f 5632 5633 5634
f 5635 5636 5637
f 5638 5639 5640
f 5641 5642 5643
f 5644 5645 5646
f 5647 5648 5649
f 5650 5651 5652
f 5653 5654 5655
f 5656 5657 5658
f 5659 5660 5661
f 5662 5663 5664
f 5665 5666 5667
f 5668 5669 5670
f 5671 5672 5673
f 5674 5675 5676
f 5677 5678 5679
f 5680 5681 5682
f 5683 5684 5685
f 5686 5687 5688
f 5689 5690 5691
f 5692 5693 5694
f 5695 5696 5697
f 5698 5699 5700
f 5701 5702 5703
f 5704 5705 5706
f 5707 5708 5709
f 5710 5711 5712
f 5713 5714 5715
f 5716 5717 5718
f 5719 5720 5721
f 5722 5723 5724
f 5725 5726 5727
f 5728 5729 5730
f 5731 5732 5733
f 5734 5735 5736
f 5737 5738 5739
f 5740 5741 5742
f 5743 5744 5745
f 5746 5747 5748
f 5749 5750 5751
f 5752 5753 5754
f 5755 5756 5757
f 5758 5759 5760
f 5761 5762 5763
f 5764 5765 5766
f 5767 5768 5769
f 5770 5771 5772
f 5773 5774 5775
f 5776 5777 5778
f 5779 5780 5781
f 5782 5783 5784
f 5785 5786 5787
f 5788 5789 5790
f 5791 5792 5793
f 5794 5795 5796
f 5797 5798 5799
f 5800 5801 5802
f 5803 5804 5805
f 5806 5807 5808
f 5809 5810 5811
f 5812 5813 5814
f 5815 5816 5817
f 5818 5819 5820
f 5821 5822 5823
f 5824 5825 5826
f 5827 5828 5829
f 5830 5831 5832
f 5833 5834 5835
f 5836 5837 5838
f 5839 5840 5841
f 5842 5843 5844
f 5845 5846 5847
f 5848 5849 5850
f 5851 5852 5853
f 5854 5855 5856
f 5857 5858 5859
f 5860 5861 5862
f 5863 5864 5865
f 5866 5867 5868
f 5869 5870 5871
f 5872 5873 5874
f 5875 5876 5877
f 5878 5879 5880
f 5881 5882 5883
f 5884 5885 5886
f 5887 5888 5889
f 5890 5891 5892
f 5893 5894 5895
f 5896 5897 5898
f 5899 5900 5901
f 5902 5903 5904
f 5905 5906 5907
f 5908 5909 5910
f 5911 5912 5913
f 5914 5915 5916
f 5917 5918 5919
f 5920 5921 5922
f 5923 5924 5925
f 5926 5927 5928
f 5929 5930 5931
f 5932 5933 5934
f 5935 5936 5937
f 5938 5939 5940
f 5941 5942 5943
f 5944 5945 5946
f 5947 5948 5949
f 5950 5951 5952
f 5953 5954 5955
f 5956 5957 5958
f 5959 5960 5961
f 5962 5963 5964
f 5965 5966 5967
f 5968 5969 5970
f 5971 5972 5973
f 5974 5975 5976
f 5977 5978 5979
f 5980 5981 5982
f 5983 5984 5985
f 5986 5987 5988
f 5989 5990 5991
f 5992 5993 5994
f 5995 5996 5997
f 5998 5999 6000
f 6001 6002 6003
f 6004 6005 6006
f 6007 6008 6009
f 6010 6011 6012
f 6013 6014 6015
f 6016 6017 6018
f 6019 6020 6021
f 6022 6023 6024
f 6025 6026 6027
f 6028 6029 6030
f 6031 6032 6033
f 6034 6035 6036
f 6037 6038 6039
f 6040 6041 6042
f 6043 6044 6045
f 6046 6047 6048
f 6049 6050 6051
f 6052 6053 6054
f 6055 6056 6057
f 6058 6059 6060
f 6061 6062 6063
f 6064 6065 6066
f 6067 6068 6069
f 6070 6071 6072
f 6073 6074 6075
f 6076 6077 6078
f 6079 6080 6081
f 6082 6083 6084
f 6085 6086 6087
f 6088 6089 6090
f 6091 6092 6093
f 6094 6095 6096
f 6097 6098 6099
f 6100 6101 6102
f 6103 6104 6105
f 6106 6107 6108
f 6109 6110 6111
f 6112 6113 6114
f 6115 6116 6117
f 6118 6119 6120
f 6121 6122 6123
f 6124 6125 6126
f 6127 6128 6129
f 6130 6131 6132
f 6133 6134 6135
f 6136 6137 6138
f 6139 6140 6141
f 6142 6143 6144
f 6145 6146 6147
f 6148 6149 6150
f 6151 6152 6153
f 6154 6155 6156
f 6157 6158 6159
f 6160 6161 6162
f 6163 6164 6165
f 6166 6167 6168
f 6169 6170 6171
f 6172 6173 6174
f 6175 6176 6177
f 6178 6179 6180
f 6181 6182 6183
f 6184 6185 6186
f 6187 6188 6189
f 6190 6191 6192
f 6193 6194 6195
f 6196 6197 6198
f 6199 6200 6201
f 6202 6203 6204
f 6205 6206 6207
f 6208 6209 6210
f 6211 6212 6213
f 6214 6215 6216
f 6217 6218 6219
f 6220 6221 6222
f 6223 6224 6225
f 6226 6227 6228
f 6229 6230 6231
f 6232 6233 6234
f 6235 6236 6237
f 6238 6239 6240
f 6241 6242 6243
f 6244 6245 6246
f 6247 6248 6249
f 6250 6251 6252
f 6253 6254 6255
f 6256 6257 6258
f 6259 6260 6261
f 6262 6263 6264
f 6265 6266 6267
f 6268 6269 6270
f 6271 6272 6273
f 6274 6275 6276
f 6277 6278 6279
f 6280 6281 6282
f 6283 6284 6285
f 6286 6287 6288
f 6289 6290 6291
f 6292 6293 6294
f 6295 6296 6297
f 6298 6299 6300
f 6301 6302 6303
f 6304 6305 6306
f 6307 6308 6309
f 6310 6311 6312
f 6313 6314 6315
f 6316 6317 6318
f 6319 6320 6321
f 6322 6323 6324
f 6325 6326 6327
f 6328 6329 6330
f 6331 6332 6333
f 6334 6335 6336
f 6337 6338 6339
f 6340 6341 6342
f 6343 6344 6345
f 6346 6347 6348
f 6349 6350 6351
f 6352 6353 6354
f 6355 6356 6357
f 6358 6359 6360
f 6361 6362 6363
f 6364 6365 6366
f 6367 6368 6369
f 6370 6371 6372
f 6373 6374 6375
f 6376 6377 6378
f 6379 6380 6381
f 6382 6383 6384
f 6385 6386 6387
f 6388 6389 6390
f 6391 6392 6393
f 6394 6395 6396
f 6397 6398 6399
f 6400 6401 6402
f 6403 6404 6405
f 6406 6407 6408
f 6409 6410 6411
f 6412 6413 6414
f 6415 6416 6417
f 6418 6419 6420
f 6421 6422 6423
f 6424 6425 6426
f 6427 6428 6429
f 6430 6431 6432
f 6433 6434 6435
f 6436 6437 6438
f 6439 6440 6441
f 6442 6443 6444
f 6445 6446 6447
f 6448 6449 6450
f 6451 6452 6453
f 6454 6455 6456
f 6457 6458 6459
f 6460 6461 6462
f 6463 6464 6465
f 6466 6467 6468
f 6469 6470 6471
f 6472 6473 6474
f 6475 6476 6477
f 6478 6479 6480
f 6481 6482 6483
f 6484 6485 6486
f 6487 6488 6489
f 6490 6491 6492
f 6493 6494 6495
f 6496 6497 6498
f 6499 6500 6501
f 6502 6503 6504
f 6505 6506 6507
f 6508 6509 6510
f 6511 6512 6513
f 6514 6515 6516
f 6517 6518 6519
f 6520 6521 6522
f 6523 6524 6525
f 6526 6527 6528
f 6529 6530 6531
f 6532 6533 6534
f 6535 6536 6537
f 6538 6539 6540
f 6541 6542 6543
f 6544 6545 6546
f 6547 6548 6549
f 6550 6551 6552
f 6553 6554 6555
f 6556 6557 6558
f 6559 6560 6561
f 6562 6563 6564
f 6565 6566 6567
f 6568 6569 6570
f 6571 6572 6573
f 6574 6575 6576
f 6577 6578 6579
f 6580 6581 6582
f 6583 6584 6585
f 6586 6587 6588
f 6589 6590 6591
f 6592 6593 6594
f 6595 6596 6597
f 6598 6599 6600
f 6601 6602 6603
f 6604 6605 6606
f 6607 6608 6609
f 6610 6611 6612
f 6613 6614 6615
f 6616 6617 6618
f 6619 6620 6621
f 6622 6623 6624
f 6625 6626 6627
f 6628 6629 6630
f 6631 6632 6633
f 6634 6635 6636
f 6637 6638 6639
f 6640 6641 6642
f 6643 6644 6645
f 6646 6647 6648
f 6649 6650 6651
f 6652 6653 6654
f 6655 6656 6657
f 6658 6659 6660
f 6661 6662 6663
f 6664 6665 6666
f 6667 6668 6669
f 6670 6671 6672
f 6673 6674 6675
f 6676 6677 6678
f 6679 6680 6681
f 6682 6683 6684
f 6685 6686 6687
f 6688 6689 6690
f 6691 6692 6693
f 6694 6695 6696
f 6697 6698 6699
f 6700 6701 6702
f 6703 6704 6705
f 6706 6707 6708
f 6709 6710 6711
f 6712 6713 6714
f 6715 6716 6717
f 6718 6719 6720
f 6721 6722 6723
f 6724 6725 6726
f 6727 6728 6729
f 6730 6731 6732
f 6733 6734 6735
f 6736 6737 6738
f 6739 6740 6741
f 6742 6743 6744
f 6745 6746 6747
f 6748 6749 6750
f 6751 6752 6753
f 6754 6755 6756
f 6757 6758 6759
f 6760 6761 6762
f 6763 6764 6765
f 6766 6767 6768
f 6769 6770 6771
f 6772 6773 6774
f 6775 6776 6777
f 6778 6779 6780
f 6781 6782 6783
f 6784 6785 6786
f 6787 6788 6789
f 6790 6791 6792
f 6793 6794 6795
f 6796 6797 6798
f 6799 6800 6801
f 6802 6803 6804
f 6805 6806 6807
f 6808 6809 6810
f 6811 6812 6813
f 6814 6815 6816
f 6817 6818 6819
f 6820 6821 6822
f 6823 6824 6825
f 6826 6827 6828
f 6829 6830 6831
f 6832 6833 6834
f 6835 6836 6837
f 6838 6839 6840
f 6841 6842 6843
f 6844 6845 6846
f 6847 6848 6849
f 6850 6851 6852
f 6853 6854 6855
f 6856 6857 6858
f 6859 6860 6861
f 6862 6863 6864
f 6865 6866 6867
f 6868 6869 6870
f 6871 6872 6873
f 6874 6875 6876
f 6877 6878 6879
f 6880 6881 6882
f 6883 6884 6885
f 6886 6887 6888
f 6889 6890 6891
f 6892 6893 6894
f 6895 6896 6897
f 6898 6899 6900
f 6901 6902 6903
f 6904 6905 6906
f 6907 6908 6909
f 6910 6911 6912
f 6913 6914 6915
f 6916 6917 6918
f 6919 6920 6921
f 6922 6923 6924
f 6925 6926 6927
f 6928 6929 6930
f 6931 6932 6933
f 6934 6935 6936
f 6937 6938 6939
f 6940 6941 6942
f 6943 6944 6945
f 6946 6947 6948
f 6949 6950 6951
f 6952 6953 6954
f 6955 6956 6957
f 6958 6959 6960
f 6961 6962 6963
f 6964 6965 6966
f 6967 6968 6969
f 6970 6971 6972
f 6973 6974 6975
f 6976 6977 6978
f 6979 6980 6981
f 6982 6983 6984
f 6985 6986 6987
f 6988 6989 6990
f 6991 6992 6993
f 6994 6995 6996
f 6997 6998 6999
f 7000 7001 7002
f 7003 7004 7005
f 7006 7007 7008
f 7009 7010 7011
f 7012 7013 7014
f 7015 7016 7017
f 7018 7019 7020
f 7021 7022 7023
f 7024 7025 7026
f 7027 7028 7029
f 7030 7031 7032
f 7033 7034 7035
f 7036 7037 7038
f 7039 7040 7041
f 7042 7043 7044
f 7045 7046 7047
f 7048 7049 7050
f 7051 7052 7053
f 7054 7055 7056
f 7057 7058 7059
f 7060 7061 7062
f 7063 7064 7065
f 7066 7067 7068
f 7069 7070 7071
f 7072 7073 7074
f 7075 7076 7077
f 7078 7079 7080
f 7081 7082 7083
f 7084 7085 7086
f 7087 7088 7089
f 7090 7091 7092
f 7093 7094 7095
f 7096 7097 7098
f 7099 7100 7101
f 7102 7103 7104
f 7105 7106 7107
f 7108 7109 7110
f 7111 7112 7113
f 7114 7115 7116
f 7117 7118 7119
f 7120 7121 7122
f 7123 7124 7125
f 7126 7127 7128
f 7129 7130 7131
f 7132 7133 7134
f 7135 7136 7137
f 7138 7139 7140
f 7141 7142 7143
f 7144 7145 7146
f 7147 7148 7149
f 7150 7151 7152
f 7153 7154 7155
f 7156 7157 7158
f 7159 7160 7161
f 7162 7163 7164
f 7165 7166 7167
f 7168 7169 7170
f 7171 7172 7173
f 7174 7175 7176
f 7177 7178 7179
f 7180 7181 7182
f 7183 7184 7185
f 7186 7187 7188
f 7189 7190 7191
f 7192 7193 7194
f 7195 7196 7197
f 7198 7199 7200
f 7201 7202 7203
f 7204 7205 7206
f 7207 7208 7209
f 7210 7211 7212
f 7213 7214 7215
f 7216 7217 7218
f 7219 7220 7221
f 7222 7223 7224
f 7225 7226 7227
f 7228 7229 7230
f 7231 7232 7233
f 7234 7235 7236
f 7237 7238 7239
f 7240 7241 7242
f 7243 7244 7245
f 7246 7247 7248
f 7249 7250 7251
f 7252 7253 7254
f 7255 7256 7257
f 7258 7259 7260
f 7261 7262 7263
f 7264 7265 7266
f 7267 7268 7269
f 7270 7271 7272
f 7273 7274 7275
f 7276 7277 7278
f 7279 7280 7281
f 7282 7283 7284
f 7285 7286 7287
f 7288 7289 7290
f 7291 7292 7293
f 7294 7295 7296
f 7297 7298 7299
f 7300 7301 7302
f 7303 7304 7305
f 7306 7307 7308
f 7309 7310 7311
f 7312 7313 7314
f 7315 7316 7317
f 7318 7319 7320
f 7321 7322 7323
f 7324 7325 7326
f 7327 7328 7329
f 7330 7331 7332
f 7333 7334 7335
f 7336 7337 7338
f 7339 7340 7341
f 7342 7343 7344
f 7345 7346 7347
f 7348 7349 7350
f 7351 7352 7353
f 7354 7355 7356
f 7357 7358 7359
f 7360 7361 7362
f 7363 7364 7365
f 7366 7367 7368
f 7369 7370 7371
f 7372 7373 7374
f 7375 7376 7377
f 7378 7379 7380
f 7381 7382 7383
f 7384 7385 7386
f 7387 7388 7389
f 7390 7391 7392
f 7393 7394 7395
f 7396 7397 7398
f 7399 7400 7401
f 7402 7403 7404
f 7405 7406 7407
f 7408 7409 7410
f 7411 7412 7413
f 7414 7415 7416
f 7417 7418 7419
f 7420 7421 7422
f 7423 7424 7425
f 7426 7427 7428
f 7429 7430 7431
f 7432 7433 7434
f 7435 7436 7437
f 7438 7439 7440
f 7441 7442 7443
f 7444 7445 7446
f 7447 7448 7449
f 7450 7451 7452
f 7453 7454 7455
f 7456 7457 7458
f 7459 7460 7461
f 7462 7463 7464
f 7465 7466 7467
f 7468 7469 7470
f 7471 7472 7473
f 7474 7475 7476
f 7477 7478 7479
f 7480 7481 7482
f 7483 7484 7485
f 7486 7487 7488
f 7489 7490 7491
f 7492 7493 7494
f 7495 7496 7497
f 7498 7499 7500
f 7501 7502 7503
f 7504 7505 7506
f 7507 7508 7509
f 7510 7511 7512
f 7513 7514 7515
f 7516 7517 7518
f 7519 7520 7521
f 7522 7523 7524
f 7525 7526 7527
f 7528 7529 7530
f 7531 7532 7533
f 7534 7535 7536
f 7537 7538 7539
f 7540 7541 7542
f 7543 7544 7545
f 7546 7547 7548
f 7549 7550 7551
f 7552 7553 7554
f 7555 7556 7557
f 7558 7559 7560
f 7561 7562 7563
f 7564 7565 7566
f 7567 7568 7569
f 7570 7571 7572
f 7573 7574 7575
f 7576 7577 7578
f 7579 7580 7581
f 7582 7583 7584
f 7585 7586 7587
f 7588 7589 7590
f 7591 7592 7593
f 7594 7595 7596
f 7597 7598 7599
f 7600 7601 7602
f 7603 7604 7605
f 7606 7607 7608
f 7609 7610 7611
f 7612 7613 7614
f 7615 7616 7617
f 7618 7619 7620
f 7621 7622 7623
f 7624 7625 7626
f 7627 7628 7629
f 7630 7631 7632
f 7633 7634 7635
f 7636 7637 7638
f 7639 7640 7641
f 7642 7643 7644
f 7645 7646 7647
f 7648 7649 7650
f 7651 7652 7653
f 7654 7655 7656
f 7657 7658 7659
f 7660 7661 7662
f 7663 7664 7665
f 7666 7667 7668
f 7669 7670 7671
f 7672 7673 7674
f 7675 7676 7677
f 7678 7679 7680
f 7681 7682 7683
f 7684 7685 7686
f 7687 7688 7689
f 7690 7691 7692
f 7693 7694 7695
f 7696 7697 7698
f 7699 7700 7701
f 7702 7703 7704
f 7705 7706 7707
f 7708 7709 7710
f 7711 7712 7713
f 7714 7715 7716
f 7717 7718 7719
f 7720 7721 7722
f 7723 7724 7725
f 7726 7727 7728
f 7729 7730 7731
f 7732 7733 7734
f 7735 7736 7737
f 7738 7739 7740
f 7741 7742 7743
f 7744 7745 7746
f 7747 7748 7749
f 7750 7751 7752
f 7753 7754 7755
f 7756 7757 7758
f 7759 7760 7761
f 7762 7763 7764
f 7765 7766 7767
f 7768 7769 7770
f 7771 7772 7773
f 7774 7775 7776
f 7777 7778 7779
f 7780 7781 7782
f 7783 7784 7785
f 7786 7787 7788
f 7789 7790 7791
f 7792 7793 7794
f 7795 7796 7797
f 7798 7799 7800
f 7801 7802 7803
f 7804 7805 7806
f 7807 7808 7809
f 7810 7811 7812
f 7813 7814 7815
f 7816 7817 7818
f 7819 7820 7821
f 7822 7823 7824
f 7825 7826 7827
f 7828 7829 7830
f 7831 7832 7833
f 7834 7835 7836
f 7837 7838 7839
f 7840 7841 7842
f 7843 7844 7845
f 7846 7847 7848
f 7849 7850 7851
f 7852 7853 7854
f 7855 7856 7857
f 7858 7859 7860
f 7861 7862 7863
f 7864 7865 7866
f 7867 7868 7869
f 7870 7871 7872
f 7873 7874 7875
f 7876 7877 7878
f 7879 7880 7881
f 7882 7883 7884
f 7885 7886 7887
f 7888 7889 7890
f 7891 7892 7893
f 7894 7895 7896
f 7897 7898 7899
f 7900 7901 7902
f 7903 7904 7905
f 7906 7907 7908
f 7909 7910 7911
f 7912 7913 7914
f 7915 7916 7917
f 7918 7919 7920
f 7921 7922 7923
f 7924 7925 7926
f 7927 7928 7929
f 7930 7931 7932
f 7933 7934 7935
f 7936 7937 7938
f 7939 7940 7941
f 7942 7943 7944
f 7945 7946 7947
f 7948 7949 7950
f 7951 7952 7953
f 7954 7955 7956
f 7957 7958 7959
f 7960 7961 7962
f 7963 7964 7965
f 7966 7967 7968
f 7969 7970 7971
f 7972 7973 7974
f 7975 7976 7977
f 7978 7979 7980
f 7981 7982 7983
f 7984 7985 7986
f 7987 7988 7989
f 7990 7991 7992
f 7993 7994 7995
f 7996 7997 7998
f 7999 8000 8001
f 8002 8003 8004
f 8005 8006 8007
f 8008 8009 8010
f 8011 8012 8013
f 8014 8015 8016
f 8017 8018 8019
f 8020 8021 8022
f 8023 8024 8025
f 8026 8027 8028
f 8029 8030 8031
f 8032 8033 8034
f 8035 8036 8037
f 8038 8039 8040
f 8041 8042 8043
f 8044 8045 8046
f 8047 8048 8049
f 8050 8051 8052
f 8053 8054 8055
f 8056 8057 8058
f 8059 8060 8061
f 8062 8063 8064
f 8065 8066 8067
f 8068 8069 8070
f 8071 8072 8073
f 8074 8075 8076
f 8077 8078 8079
f 8080 8081 8082
f 8083 8084 8085
f 8086 8087 8088
f 8089 8090 8091
f 8092 8093 8094
f 8095 8096 8097
f 8098 8099 8100
f 8101 8102 8103
f 8104 8105 8106
f 8107 8108 8109
f 8110 8111 8112
f 8113 8114 8115
f 8116 8117 8118
f 8119 8120 8121
f 8122 8123 8124
f 8125 8126 8127
f 8128 8129 8130
f 8131 8132 8133
f 8134 8135 8136
f 8137 8138 8139
f 8140 8141 8142
f 8143 8144 8145
f 8146 8147 8148
f 8149 8150 8151
f 8152 8153 8154
f 8155 8156 8157
f 8158 8159 8160
f 8161 8162 8163
f 8164 8165 8166
f 8167 8168 8169
f 8170 8171 8172
f 8173 8174 8175
f 8176 8177 8178
f 8179 8180 8181
f 8182 8183 8184
f 8185 8186 8187
f 8188 8189 8190
f 8191 8192 8193
f 8194 8195 8196
f 8197 8198 8199
f 8200 8201 8202
f 8203 8204 8205
f 8206 8207 8208
f 8209 8210 8211
f 8212 8213 8214
f 8215 8216 8217
f 8218 8219 8220
f 8221 8222 8223
f 8224 8225 8226
f 8227 8228 8229
f 8230 8231 8232
f 8233 8234 8235
f 8236 8237 8238
f 8239 8240 8241
f 8242 8243 8244
f 8245 8246 8247
f 8248 8249 8250
f 8251 8252 8253
f 8254 8255 8256
f 8257 8258 8259
f 8260 8261 8262
f 8263 8264 8265
f 8266 8267 8268
f 8269 8270 8271
f 8272 8273 8274
f 8275 8276 8277
f 8278 8279 8280
f 8281 8282 8283
f 8284 8285 8286
f 8287 8288 8289
f 8290 8291 8292
f 8293 8294 8295
f 8296 8297 8298
f 8299 8300 8301
f 8302 8303 8304
f 8305 8306 8307
f 8308 8309 8310
f 8311 8312 8313
f 8314 8315 8316
f 8317 8318 8319
f 8320 8321 8322
f 8323 8324 8325
f 8326 8327 8328
f 8329 8330 8331
f 8332 8333 8334
f 8335 8336 8337
f 8338 8339 8340
f 8341 8342 8343
f 8344 8345 8346
f 8347 8348 8349
f 8350 8351 8352
f 8353 8354 8355
f 8356 8357 8358
f 8359 8360 8361
f 8362 8363 8364
f 8365 8366 8367
f 8368 8369 8370
f 8371 8372 8373
f 8374 8375 8376
f 8377 8378 8379
f 8380 8381 8382
f 8383 8384 8385
f 8386 8387 8388
f 8389 8390 8391
f 8392 8393 8394
f 8395 8396 8397
f 8398 8399 8400
f 8401 8402 8403
f 8404 8405 8406
f 8407 8408 8409
f 8410 8411 8412
f 8413 8414 8415
f 8416 8417 8418
f 8419 8420 8421
f 8422 8423 8424
f 8425 8426 8427
f 8428 8429 8430
f 8431 8432 8433
f 8434 8435 8436
f 8437 8438 8439
f 8440 8441 8442
f 8443 8444 8445
f 8446 8447 8448
f 8449 8450 8451
f 8452 8453 8454
f 8455 8456 8457
f 8458 8459 8460
f 8461 8462 8463
f 8464 8465 8466
f 8467 8468 8469
f 8470 8471 8472
f 8473 8474 8475
f 8476 8477 8478
f 8479 8480 8481
f 8482 8483 8484
f 8485 8486 8487
f 8488 8489 8490
f 8491 8492 8493
f 8494 8495 8496
f 8497 8498 8499
f 8500 8501 8502
f 8503 8504 8505
f 8506 8507 8508
f 8509 8510 8511
f 8512 8513 8514
f 8515 8516 8517
f 8518 8519 8520
f 8521 8522 8523
f 8524 8525 8526
f 8527 8528 8529
f 8530 8531 8532
f 8533 8534 8535
f 8536 8537 8538
f 8539 8540 8541
f 8542 8543 8544
f 8545 8546 8547
f 8548 8549 8550
f 8551 8552 8553
f 8554 8555 8556
f 8557 8558 8559
f 8560 8561 8562
f 8563 8564 8565
f 8566 8567 8568
f 8569 8570 8571
f 8572 8573 8574
f 8575 8576 8577
f 8578 8579 8580
f 8581 8582 8583
f 8584 8585 8586
f 8587 8588 8589
f 8590 8591 8592
f 8593 8594 8595
f 8596 8597 8598
f 8599 8600 8601
f 8602 8603 8604
f 8605 8606 8607
f 8608 8609 8610
f 8611 8612 8613
f 8614 8615 8616
f 8617 8618 8619
f 8620 8621 8622
f 8623 8624 8625
f 8626 8627 8628
f 8629 8630 8631
f 8632 8633 8634
f 8635 8636 8637
f 8638 8639 8640
f 8641 8642 8643
f 8644 8645 8646
f 8647 8648 8649
f 8650 8651 8652
f 8653 8654 8655
f 8656 8657 8658
f 8659 8660 8661
f 8662 8663 8664
f 8665 8666 8667
f 8668 8669 8670
