# Exported from USD: /m20_12_23d/J1_link/collisions/j1/mesh
mtllib mesh_3.mtl

g mesh
v -0.15133069 0.06817698 0.08579999
v -0.15845230 0.10856610 0.08579999
v -0.20500000 -0.05299997 -0.13200000
v -0.03064876 -0.10500000 0.07002782
v -0.15133069 0.06817698 0.08579999
v -0.20500000 -0.05299997 -0.13200000
v -0.20500000 0.02209562 -0.13200000
v -0.20500000 -0.05299997 -0.13200000
v -0.15845230 0.10856610 0.08579999
v -0.12252320 0.11193350 0.11750000
v -0.11715480 0.16754501 0.08579999
v -0.15845230 0.10856610 0.08579999
v -0.11929520 0.08181977 0.11750000
v -0.15845230 0.10856610 0.08579999
v -0.15133069 0.06817698 0.08579999
v 0.11459780 -0.05865377 0.10500000
v 0.09550607 0.18330000 0.07141774
v -0.04392141 0.12481200 0.11750000
v -0.07586836 0.14718141 0.11750000
v -0.04392141 0.12481200 0.11750000
v 0.09550607 0.18330000 0.07141774
v -0.20378460 0.03598743 -0.13200000
v -0.15845230 0.10856610 0.08579999
v -0.20227399 0.04280114 -0.13200000
v -0.11053310 0.18223220 -0.13200000
v -0.19053219 0.06798171 -0.13200000
v -0.15845230 0.10856610 0.08579999
v -0.11053310 0.18223220 -0.13200000
v -0.15845230 0.10856610 0.08579999
v -0.11715480 0.16754501 0.08579999
v -0.11053310 0.18223220 -0.13200000
v -0.11715480 0.16754501 0.08579999
v 0.03773850 0.21500000 0.01444518
v -0.11053310 0.18223220 -0.13200000
v -0.19053219 0.06798171 -0.15700001
v -0.19053219 0.06798171 -0.13200000
v -0.11053310 0.18223220 -0.13200000
v -0.11053310 0.18223220 -0.14399999
v -0.19053219 0.06798171 -0.15700001
v -0.12336700 0.11031260 0.11750000
v -0.12252320 0.11193350 0.11750000
v -0.15845230 0.10856610 0.08579999
v -0.12336700 0.11031260 0.11750000
v -0.15845230 0.10856610 0.08579999
v -0.12376250 0.10852860 0.11750000
v -0.19200000 0.01999998 -0.19440100
v -0.19200000 0.00920200 -0.19980000
v -0.20500000 0.01999998 -0.16680001
v -0.14293890 0.13595191 -0.15700001
v -0.19053219 0.06798171 -0.15700001
v -0.11053310 0.18223220 -0.14399999
v -0.14293890 0.13595191 -0.15700001
v -0.10314970 0.07494258 -0.26800001
v -0.19053219 0.06798171 -0.15700001
v -0.06661856 0.10871160 -0.26800001
v -0.11053310 0.18223220 -0.14399999
v -0.05788373 0.11360330 -0.26800001
v -0.00951672 -0.10500000 0.09420061
v -0.11776380 0.07853579 0.11750000
v -0.15133069 0.06817698 0.08579999
v -0.00951672 -0.10500000 0.09420061
v -0.00626117 -0.10500000 0.09627759
v -0.11776380 0.07853579 0.11750000
v 0.08333134 -0.28613150 -0.03422164
v -0.20500000 -0.05299997 -0.13200000
v -0.19975001 -0.06119996 -0.13696150
v -0.12368270 0.10670290 0.11750000
v -0.12376250 0.10852860 0.11750000
v -0.15845230 0.10856610 0.08579999
v -0.12368270 0.10670290 0.11750000
v -0.15845230 0.10856610 0.08579999
v -0.11929520 0.08181977 0.11750000
v -0.11874570 0.08007693 0.11750000
v -0.11929520 0.08181977 0.11750000
v -0.15133069 0.06817698 0.08579999
v -0.11874570 0.08007693 0.11750000
v -0.15133069 0.06817698 0.08579999
v -0.11776380 0.07853579 0.11750000
v -0.02513748 -0.10500000 0.07770484
v -0.01906949 -0.10500000 0.08494991
v -0.15133069 0.06817698 0.08579999
v -0.02513748 -0.10500000 0.07770484
v -0.15133069 0.06817698 0.08579999
v -0.03064876 -0.10500000 0.07002782
v -0.02513748 -0.10500000 0.07770484
v -0.03064876 -0.10500000 0.07002782
v 0.08333134 -0.28613150 -0.03422164
v 0.10600670 -0.09194850 0.11000000
v 0.11459780 -0.05865377 0.10500000
v -0.04392141 0.12481200 0.11750000
v 0.09258323 0.21500000 0.03544974
v 0.09550607 0.18330000 0.07141774
v 0.14641771 0.18330000 0.02050608
v 0.17511140 -0.03081595 0.05870097
v 0.14641771 0.18330000 0.02050608
v 0.09550607 0.18330000 0.07141774
v 0.17511140 -0.03081595 0.05870097
v 0.09550607 0.18330000 0.07141774
v 0.17377000 -0.03348171 0.06082910
v 0.10350370 0.15728760 -0.16000000
v 0.09161698 0.21500000 -0.04419416
v 0.11919420 0.21500000 -0.01661700
v 0.10350370 0.15728760 -0.16000000
v 0.11919420 0.21500000 -0.01661700
v 0.10684340 0.15524690 -0.16000000
v 0.00000000 -0.12750000 -0.26800001
v 0.05124998 -0.23620000 -0.21766150
v -0.01725000 -0.23620000 -0.21766150
v -0.01725000 -0.23620000 -0.21446151
v -0.04654669 -0.21838450 -0.19982480
v -0.01725000 -0.23620000 -0.21766150
v -0.01725000 -0.23620000 -0.21446151
v -0.01725000 -0.23620000 -0.21766150
v 0.08234125 -0.28682381 -0.03983670
v 0.08705282 -0.28661039 -0.04191017
v -0.01725000 -0.23620000 -0.21766150
v 0.15940350 -0.27446720 -0.10560010
v -0.20469549 0.02906805 -0.13200000
v -0.20500000 0.02209562 -0.13200000
v -0.15845230 0.10856610 0.08579999
v -0.20469549 0.02906805 -0.13200000
v -0.15845230 0.10856610 0.08579999
v -0.20378460 0.03598743 -0.13200000
v -0.20378460 0.03598743 -0.15700001
v -0.20378460 0.03598743 -0.13200000
v -0.20227399 0.04280114 -0.13200000
v -0.20017540 0.04945719 -0.13200000
v -0.20227399 0.04280114 -0.13200000
v -0.15845230 0.10856610 0.08579999
v -0.20017540 0.04945719 -0.13200000
v -0.15845230 0.10856610 0.08579999
v -0.19750459 0.05590504 -0.13200000
v -0.19428200 0.06209558 -0.13200000
v -0.19750459 0.05590504 -0.13200000
v -0.15845230 0.10856610 0.08579999
v -0.19428200 0.06209558 -0.13200000
v -0.15845230 0.10856610 0.08579999
v -0.19053219 0.06798171 -0.13200000
v -0.10315440 0.18422639 -0.13200000
v -0.11053310 0.18223220 -0.13200000
v 0.03773850 0.21500000 0.01444518
v 0.08763349 0.21500000 0.03749996
v -0.07586836 0.14718141 0.11750000
v 0.09550607 0.18330000 0.07141774
v -0.07676571 0.17466681 0.08579999
v -0.11715480 0.16754501 0.08579999
v -0.07586836 0.14718141 0.11750000
v -0.07676571 0.17466681 0.08579999
v 0.08763349 0.21500000 0.03749996
v 0.06236648 0.21500000 0.03749996
v -0.07676571 0.17466681 0.08579999
v -0.07586836 0.14718141 0.11750000
v 0.08763349 0.21500000 0.03749996
v -0.10871160 0.06661856 -0.26800001
v -0.19053219 0.06798171 -0.15700001
v -0.10314970 0.07494258 -0.26800001
v -0.09695172 0.08280462 -0.26800001
v -0.10314970 0.07494258 -0.26800001
v -0.14293890 0.13595191 -0.15700001
v -0.07494258 0.10314960 -0.26800001
v -0.08280462 0.09695172 -0.26800001
v -0.11053310 0.18223220 -0.14399999
v -0.07494258 0.10314960 -0.26800001
v -0.11053310 0.18223220 -0.14399999
v -0.06661856 0.10871160 -0.26800001
v -0.20500000 -0.01999998 -0.16680001
v -0.19200000 -0.00920200 -0.19980000
v -0.20500000 -0.05299997 -0.15700001
v -0.20500000 -0.01999998 -0.16680001
v -0.20500000 0.01999998 -0.16680001
v -0.19200000 0.00920200 -0.19980000
v -0.20500000 -0.01999998 -0.16680001
v -0.19200000 0.00920200 -0.19980000
v -0.19200000 -0.00920200 -0.19980000
v -0.04879212 0.11779460 -0.26800001
v -0.05788373 0.11360330 -0.26800001
v -0.11053310 0.18223220 -0.14399999
v -0.04879212 0.11779460 -0.26800001
v -0.11053310 0.18223220 -0.14399999
v -0.03939962 0.12125970 -0.26800001
v -0.02976423 0.12397710 -0.26800001
v -0.03939962 0.12125970 -0.26800001
v -0.11053310 0.18223220 -0.14399999
v -0.00276571 -0.10500000 0.09791910
v 0.01501530 -0.10500000 0.10547520
v -0.11776380 0.07853579 0.11750000
v -0.00276571 -0.10500000 0.09791910
v -0.11776380 0.07853579 0.11750000
v -0.00626117 -0.10500000 0.09627759
v -0.00276571 -0.10500000 0.09791910
v -0.00626117 -0.10500000 0.09627759
v 0.08415216 -0.28286880 -0.02956658
v -0.00276571 -0.10500000 0.09791910
v 0.08415216 -0.28286880 -0.02956658
v 0.01501530 -0.10500000 0.10547520
v 0.01851868 -0.10274180 0.10773800
v -0.11776380 0.07853579 0.11750000
v 0.01501530 -0.10500000 0.10547520
v 0.01741129 -0.10500000 0.10629990
v 0.01501530 -0.10500000 0.10547520
v 0.08415216 -0.28286880 -0.02956658
v -0.01247853 -0.10500000 0.09172272
v -0.00951672 -0.10500000 0.09420061
v -0.15133069 0.06817698 0.08579999
v -0.01247853 -0.10500000 0.09172272
v -0.15133069 0.06817698 0.08579999
v -0.01906949 -0.10500000 0.08494991
v 0.08377617 -0.28478709 -0.03169906
v 0.08415216 -0.28286880 -0.02956658
v -0.00626117 -0.10500000 0.09627759
v 0.08377617 -0.28478709 -0.03169906
v -0.00626117 -0.10500000 0.09627759
v -0.00951672 -0.10500000 0.09420061
v 0.08377617 -0.28478709 -0.03169906
v -0.00951672 -0.10500000 0.09420061
v -0.01247853 -0.10500000 0.09172272
v 0.08377617 -0.28478709 -0.03169906
v -0.01247853 -0.10500000 0.09172272
v -0.01906949 -0.10500000 0.08494991
v 0.08377617 -0.28478709 -0.03169906
v -0.02513748 -0.10500000 0.07770484
v 0.08333134 -0.28613150 -0.03422164
v 0.08377617 -0.28478709 -0.03169906
v -0.01906949 -0.10500000 0.08494991
v -0.02513748 -0.10500000 0.07770484
v 0.08284360 -0.28682381 -0.03698778
v 0.08234125 -0.28682381 -0.03983670
v 0.08751648 -0.28691131 -0.03928047
v 0.08284360 -0.28682381 -0.03698778
v 0.08333134 -0.28613150 -0.03422164
v -0.19975001 -0.06119996 -0.13696150
v -0.15773210 -0.08425045 -0.10434880
v 0.08333134 -0.28613150 -0.03422164
v -0.03064876 -0.10500000 0.07002782
v -0.15773210 -0.08425045 -0.10434880
v -0.03064876 -0.10500000 0.07002782
v -0.20500000 -0.05299997 -0.13200000
v -0.15773210 -0.08425045 -0.10434880
v -0.20500000 -0.05299997 -0.13200000
v 0.08333134 -0.28613150 -0.03422164
v 0.17297330 -0.03569144 0.06208068
v 0.17377000 -0.03348171 0.06082910
v 0.09550607 0.18330000 0.07141774
v 0.13156439 -0.05499994 0.09375876
v 0.09550607 0.18330000 0.07141774
v 0.11459780 -0.05865377 0.10500000
v -0.10525490 0.13496010 0.11750000
v -0.07586836 0.14718141 0.11750000
v -0.11715480 0.16754501 0.08579999
v -0.10525490 0.13496010 0.11750000
v -0.11715480 0.16754501 0.08579999
v -0.10679600 0.13397831 0.11750000
v -0.10803060 0.13263100 0.11750000
v -0.10679600 0.13397831 0.11750000
v -0.11715480 0.16754501 0.08579999
v -0.10803060 0.13263100 0.11750000
v -0.11715480 0.16754501 0.08579999
v -0.12252320 0.11193350 0.11750000
v 0.02608484 -0.10150000 0.11000000
v 0.08415216 -0.28286880 -0.02956658
v 0.10245590 -0.10150000 0.11000000
v 0.02608484 -0.10150000 0.11000000
v 0.10245590 -0.10150000 0.11000000
v -0.09231412 0.06156933 0.11750000
v 0.10600670 -0.09948313 0.11000000
v 0.10600670 -0.09194850 0.11000000
v -0.04392141 0.12481200 0.11750000
v 0.11038390 -0.09562146 0.10773890
v 0.11110940 -0.10195840 0.10730950
v 0.11459780 -0.05865377 0.10500000
v 0.11038390 -0.09562146 0.10773890
v 0.11459780 -0.05865377 0.10500000
v 0.10600670 -0.09194850 0.11000000
v 0.14641771 0.18330000 -0.02050608
v 0.11919420 0.21500000 -0.01661700
v 0.14641771 0.18330000 0.02050608
v 0.14649931 0.17044900 -0.06709361
v 0.10684340 0.15524690 -0.16000000
v 0.11919420 0.21500000 -0.01661700
v 0.06661856 0.10871160 -0.26800001
v 0.10350370 0.15728760 -0.16000000
v 0.10684340 0.15524690 -0.16000000
v 0.15699729 -0.26012519 -0.15430920
v 0.15846670 -0.26115850 -0.15153050
v -0.01725000 -0.23620000 -0.21766150
v 0.15699729 -0.26012519 -0.15430920
v -0.01725000 -0.23620000 -0.21766150
v 0.05124998 -0.23620000 -0.21766150
v -0.19975001 -0.06119996 -0.14796160
v -0.09171187 -0.17889990 -0.19616710
v -0.19975001 -0.06119996 -0.13696150
v -0.19975001 -0.06119996 -0.14796160
v -0.19975001 -0.06119996 -0.13696150
v -0.20500000 -0.05299997 -0.13200000
v -0.19975001 -0.06119996 -0.14796160
v -0.20500000 -0.05299997 -0.13200000
v -0.20500000 -0.05299997 -0.15700001
v -0.05122786 -0.21527191 -0.19902609
v -0.04654669 -0.21838450 -0.19982480
v 0.08234125 -0.28682381 -0.03983670
v -0.05122786 -0.21527191 -0.19902609
v -0.05161750 -0.21505430 -0.20126320
v -0.04654669 -0.21838450 -0.19982480
v -0.05122786 -0.21527191 -0.19902609
v 0.08284360 -0.28682381 -0.03698778
v -0.05583721 -0.21194950 -0.19821860
v -0.05122786 -0.21527191 -0.19902609
v 0.08234125 -0.28682381 -0.03983670
v 0.08284360 -0.28682381 -0.03698778
v -0.04178327 -0.22127740 -0.20059229
v -0.01725000 -0.23620000 -0.21446151
v 0.08234125 -0.28682381 -0.03983670
v -0.04178327 -0.22127740 -0.20059229
v 0.08234125 -0.28682381 -0.03983670
v -0.04654669 -0.21838450 -0.19982480
v -0.04178327 -0.22127740 -0.20059229
v -0.04654669 -0.21838450 -0.19982480
v -0.01725000 -0.23620000 -0.21446151
v 0.08185350 -0.28613150 -0.04260289
v 0.08705282 -0.28661039 -0.04191017
v 0.08234125 -0.28682381 -0.03983670
v 0.08185350 -0.28613150 -0.04260289
v 0.08234125 -0.28682381 -0.03983670
v -0.01725000 -0.23620000 -0.21766150
v 0.08185350 -0.28613150 -0.04260289
v -0.01725000 -0.23620000 -0.21766150
v 0.08705282 -0.28661039 -0.04191017
v 0.16071300 -0.27290910 -0.11195280
v 0.15940350 -0.27446720 -0.10560010
v -0.01725000 -0.23620000 -0.21766150
v 0.16071300 -0.27290910 -0.11195280
v -0.01725000 -0.23620000 -0.21766150
v 0.16156010 -0.27129340 -0.11825630
v 0.16180250 -0.27046600 -0.12137290
v 0.16156010 -0.27129340 -0.11825630
v -0.01725000 -0.23620000 -0.21766150
v 0.16180250 -0.27046600 -0.12137290
v -0.01725000 -0.23620000 -0.21766150
v 0.16191950 -0.26962689 -0.12445720
v -0.08585828 -0.18510149 -0.19638650
v -0.19975001 -0.06119996 -0.13696150
v -0.09171187 -0.17889990 -0.19616710
v -0.04692542 -0.21814661 -0.20206550
v -0.05161750 -0.21505430 -0.20126320
v -0.01725000 -0.23620000 -0.21766150
v -0.04692542 -0.21814661 -0.20206550
v -0.01725000 -0.23620000 -0.21766150
v -0.04654669 -0.21838450 -0.19982480
v -0.04692542 -0.21814661 -0.20206550
v -0.04654669 -0.21838450 -0.19982480
v -0.05161750 -0.21505430 -0.20126320
v -0.20500000 0.02209562 -0.15700001
v -0.20500000 0.01999998 -0.16680001
v -0.20500000 -0.01999998 -0.16680001
v -0.20500000 0.02209562 -0.15700001
v -0.20500000 -0.05299997 -0.13200000
v -0.20500000 0.02209562 -0.13200000
v -0.20500000 0.02209562 -0.15700001
v -0.20500000 -0.01999998 -0.16680001
v -0.20500000 -0.05299997 -0.15700001
v -0.20500000 0.02209562 -0.15700001
v -0.20500000 -0.05299997 -0.15700001
v -0.20500000 -0.05299997 -0.13200000
v -0.20017540 0.04945719 -0.15700001
v -0.19200000 0.01999998 -0.19440100
v -0.20500000 0.01999998 -0.16680001
v -0.19750459 0.05590504 -0.15700001
v -0.20017540 0.04945719 -0.15700001
v -0.20017540 0.04945719 -0.13200000
v -0.19750459 0.05590504 -0.15700001
v -0.20017540 0.04945719 -0.13200000
v -0.19750459 0.05590504 -0.13200000
v -0.19750459 0.05590504 -0.15700001
v -0.19200000 0.01999998 -0.19440100
v -0.20017540 0.04945719 -0.15700001
v 0.09113347 0.21500000 0.03656214
v 0.09550607 0.18330000 0.07141774
v 0.09258323 0.21500000 0.03544974
v -0.03868061 0.18828490 0.06537437
v -0.11715480 0.16754501 0.08579999
v -0.07676571 0.17466681 0.08579999
v 0.05886644 0.21500000 0.03656214
v -0.11715480 0.16754501 0.08579999
v -0.03868061 0.18828490 0.06537437
v 0.05886644 0.21500000 0.03656214
v -0.03868061 0.18828490 0.06537437
v -0.07676571 0.17466681 0.08579999
v 0.05886644 0.21500000 0.03656214
v 0.05741673 0.21500000 0.03544974
v -0.11715480 0.16754501 0.08579999
v -0.19428200 0.06209558 -0.15700001
v -0.10871160 0.06661856 -0.26800001
v -0.19200000 0.01999998 -0.19440100
v -0.19428200 0.06209558 -0.15700001
v -0.19053219 0.06798171 -0.15700001
v -0.10871160 0.06661856 -0.26800001
v -0.19428200 0.06209558 -0.15700001
v -0.19200000 0.01999998 -0.19440100
v -0.19750459 0.05590504 -0.15700001
v -0.19428200 0.06209558 -0.15700001
v -0.19750459 0.05590504 -0.15700001
v -0.19750459 0.05590504 -0.13200000
v -0.19428200 0.06209558 -0.15700001
v -0.19750459 0.05590504 -0.13200000
v -0.19428200 0.06209558 -0.13200000
v -0.19428200 0.06209558 -0.15700001
v -0.19428200 0.06209558 -0.13200000
v -0.19053219 0.06798171 -0.13200000
v -0.19428200 0.06209558 -0.15700001
v -0.19053219 0.06798171 -0.13200000
v -0.19053219 0.06798171 -0.15700001
v -0.11779460 0.04879212 -0.26800001
v -0.19200000 0.00920200 -0.19980000
v -0.19200000 0.01999998 -0.19440100
v -0.13921140 0.14064850 -0.15700001
v -0.09695172 0.08280462 -0.26800001
v -0.14293890 0.13595191 -0.15700001
v -0.13921140 0.14064850 -0.15700001
v -0.14293890 0.13595191 -0.15700001
v -0.11053310 0.18223220 -0.14399999
v -0.09015607 0.09015607 -0.26800001
v -0.11053310 0.18223220 -0.14399999
v -0.08280462 0.09695172 -0.26800001
v -0.09015607 0.09015607 -0.26800001
v -0.13921140 0.14064850 -0.15700001
v -0.11053310 0.18223220 -0.14399999
v -0.09015607 0.09015607 -0.26800001
v -0.09695172 0.08280462 -0.26800001
v -0.13921140 0.14064850 -0.15700001
v -0.19200000 -0.01999998 -0.19440100
v -0.19200000 -0.00920200 -0.19980000
v -0.11779460 -0.04879212 -0.26800001
v -0.19200000 -0.01999998 -0.19440100
v -0.13722721 -0.12122960 -0.20251000
v -0.20500000 -0.05299997 -0.15700001
v -0.19200000 -0.01999998 -0.19440100
v -0.20500000 -0.05299997 -0.15700001
v -0.19200000 -0.00920200 -0.19980000
v -0.13466370 -0.12628980 -0.20175479
v -0.20500000 -0.05299997 -0.15700001
v -0.13722721 -0.12122960 -0.20251000
v -0.12125970 -0.03939968 -0.26800001
v -0.11779460 -0.04879212 -0.26800001
v -0.19200000 -0.00920200 -0.19980000
v -0.12750000 0.00000000 -0.26800001
v -0.19200000 -0.00920200 -0.19980000
v -0.19200000 0.00920200 -0.19980000
v -0.11360330 -0.05788379 -0.26800001
v -0.19200000 -0.01999998 -0.19440100
v -0.11779460 -0.04879212 -0.26800001
v -0.11360330 -0.05788379 -0.26800001
v -0.13722721 -0.12122960 -0.20251000
v -0.19200000 -0.01999998 -0.19440100
v -0.06771063 -0.19974560 -0.20471931
v -0.01725000 -0.23620000 -0.21766150
v -0.06183058 -0.20457780 -0.20564090
v -0.12022200 -0.14240280 -0.20571910
v -0.10314970 -0.07494264 -0.26800001
v -0.09695172 -0.08280462 -0.26800001
v -0.01000350 0.12710690 -0.26800001
v -0.09562712 0.18555370 -0.14399999
v -0.08801138 0.18620341 -0.14399999
v -0.01000350 0.12710690 -0.26800001
v -0.01994538 0.12593020 -0.26800001
v -0.09562712 0.18555370 -0.14399999
v -0.01000350 0.12710690 -0.26800001
v -0.08801138 0.18620341 -0.14399999
v 0.00000000 0.12749989 -0.26800001
v -0.10315440 0.18422639 -0.14399999
v -0.02976423 0.12397710 -0.26800001
v -0.11053310 0.18223220 -0.14399999
v -0.10315440 0.18422639 -0.14399999
v -0.09562712 0.18555370 -0.14399999
v -0.01994538 0.12593020 -0.26800001
v -0.10315440 0.18422639 -0.14399999
v -0.01994538 0.12593020 -0.26800001
v -0.02976423 0.12397710 -0.26800001
v -0.10315440 0.18422639 -0.14399999
v -0.11053310 0.18223220 -0.14399999
v -0.11053310 0.18223220 -0.13200000
v -0.10315440 0.18422639 -0.14399999
v -0.11053310 0.18223220 -0.13200000
v -0.10315440 0.18422639 -0.13200000
v 0.01000350 0.12710690 -0.26800001
v 0.00000000 0.12749989 -0.26800001
v -0.08801138 0.18620341 -0.14399999
v 0.01000350 0.12710690 -0.26800001
v -0.08801138 0.18620341 -0.14399999
v 0.09161698 0.21500000 -0.04419416
v 0.01000350 0.12710690 -0.26800001
v 0.09161698 0.21500000 -0.04419416
v 0.01994538 0.12593020 -0.26800001
v 0.02289575 -0.10052110 0.11000000
v -0.11776380 0.07853579 0.11750000
v 0.01851868 -0.10274180 0.10773800
v 0.01921510 -0.10371480 0.10752420
v 0.01851868 -0.10274180 0.10773800
v 0.01501530 -0.10500000 0.10547520
v 0.01921510 -0.10371480 0.10752420
v 0.01501530 -0.10500000 0.10547520
v 0.01741129 -0.10500000 0.10629990
v -0.07377177 -0.19672590 -0.19532320
v -0.06786054 -0.20212960 -0.19618490
v 0.08284360 -0.28682381 -0.03698778
v -0.07377177 -0.19672590 -0.19532320
v 0.08284360 -0.28682381 -0.03698778
v -0.19975001 -0.06119996 -0.13696150
v -0.07377177 -0.19672590 -0.19532320
v -0.19975001 -0.06119996 -0.13696150
v -0.07964813 -0.19101380 -0.19462851
v -0.07377177 -0.19672590 -0.19532320
v -0.07415366 -0.19667999 -0.19755940
v -0.06786054 -0.20212960 -0.19618490
v -0.06189030 -0.20720930 -0.19716591
v 0.08284360 -0.28682381 -0.03698778
v -0.06786054 -0.20212960 -0.19618490
v -0.06189030 -0.20720930 -0.19716591
v -0.05583721 -0.21194950 -0.19821860
v 0.08284360 -0.28682381 -0.03698778
v -0.06189030 -0.20720930 -0.19716591
v -0.06228798 -0.20705689 -0.19939980
v -0.05583721 -0.21194950 -0.19821860
v 0.17681959 -0.03913539 0.05647969
v 0.17511140 -0.03081595 0.05870097
v 0.17377000 -0.03348171 0.06082910
v 0.17261030 -0.03740561 0.06267398
v 0.17297330 -0.03569144 0.06208068
v 0.09550607 0.18330000 0.07141774
v 0.17261030 -0.03740561 0.06267398
v 0.09550607 0.18330000 0.07141774
v 0.14475270 -0.05130052 0.08440858
v 0.13655630 -0.05499994 0.09055978
v 0.14475270 -0.05130052 0.08440858
v 0.09550607 0.18330000 0.07141774
v 0.13655630 -0.05499994 0.09055978
v 0.09550607 0.18330000 0.07141774
v 0.13156439 -0.05499994 0.09375876
v 0.13655630 -0.05499994 0.09055978
v 0.13156439 -0.05499994 0.09375876
v 0.11459780 -0.05865377 0.10500000
v -0.09409815 0.06196486 0.11750000
v -0.09571903 0.06280863 0.11750000
v 0.02364796 -0.10108170 0.11000000
v 0.10414710 -0.10133340 0.11000000
v 0.10245590 -0.10150000 0.11000000
v 0.08415216 -0.28286880 -0.02956658
v 0.02482104 -0.10141470 0.11000000
v 0.02608484 -0.10150000 0.11000000
v -0.09231412 0.06156933 0.11750000
v 0.02482104 -0.10141470 0.11000000
v -0.09409815 0.06196486 0.11750000
v 0.02364796 -0.10108170 0.11000000
v 0.02482104 -0.10141470 0.11000000
v -0.09231412 0.06156933 0.11750000
v -0.09409815 0.06196486 0.11750000
v 0.02482104 -0.10141470 0.11000000
v 0.02364796 -0.10108170 0.11000000
v 0.01921510 -0.10371480 0.10752420
v 0.02482104 -0.10141470 0.11000000
v 0.08415216 -0.28286880 -0.02956658
v 0.02608484 -0.10150000 0.11000000
v 0.02482104 -0.10141470 0.11000000
v 0.01921510 -0.10371480 0.10752420
v 0.01741129 -0.10500000 0.10629990
v 0.10860320 -0.10065610 0.10872500
v 0.11110940 -0.10195840 0.10730950
v 0.11038390 -0.09562146 0.10773890
v 0.10860320 -0.10065610 0.10872500
v 0.11038390 -0.09562146 0.10773890
v 0.10600670 -0.09194850 0.11000000
v 0.10860320 -0.10065610 0.10872500
v 0.10600670 -0.09194850 0.11000000
v 0.10600670 -0.09948313 0.11000000
v 0.10860320 -0.10065610 0.10872500
v 0.11091890 -0.10325070 0.10720780
v 0.11110940 -0.10195840 0.10730950
v 0.18751420 0.08320975 -0.11438580
v 0.14641771 0.18330000 -0.02050608
v 0.14641771 0.18330000 0.02050608
v 0.15203620 0.16552880 -0.06155669
v 0.14641771 0.18330000 -0.02050608
v 0.18450890 0.08951199 -0.12067020
v 0.15203620 0.16552880 -0.06155669
v 0.15046871 0.16774561 -0.06312423
v 0.14641771 0.18330000 -0.02050608
v 0.14859159 0.16941360 -0.06500124
v 0.14641771 0.18330000 -0.02050608
v 0.15046871 0.16774561 -0.06312423
v 0.14859159 0.16941360 -0.06500124
v 0.11919420 0.21500000 -0.01661700
v 0.14641771 0.18330000 -0.02050608
v 0.14859159 0.16941360 -0.06500124
v 0.14649931 0.17044900 -0.06709361
v 0.11919420 0.21500000 -0.01661700
v 0.14859159 0.16941360 -0.06500124
v 0.15981790 0.11281570 -0.15235309
v 0.14649931 0.17044900 -0.06709361
v 0.19337730 0.05874001 -0.08635127
v 0.14641771 0.18330000 0.02050608
v 0.19494890 0.01373606 -0.01261693
v 0.11044970 0.21500000 0.01758325
v 0.09258323 0.21500000 0.03544974
v 0.14641771 0.18330000 0.02050608
v 0.11044970 0.21500000 0.01758325
v 0.14641771 0.18330000 0.02050608
v 0.11156210 0.21500000 0.01613348
v 0.11226150 0.21500000 0.01444518
v 0.11156210 0.21500000 0.01613348
v 0.14641771 0.18330000 0.02050608
v 0.11226150 0.21500000 0.01444518
v 0.14641771 0.18330000 0.02050608
v 0.11919420 0.21500000 -0.01661700
v 0.12710690 -0.01000350 -0.26800001
v 0.18516330 -0.04130548 -0.13894400
v 0.16785520 -0.25074539 -0.15288199
v 0.12710690 0.01000350 -0.26800001
v 0.18281400 0.01216614 -0.14536880
v 0.12750000 0.00000000 -0.26800001
v 0.15679720 0.11416440 -0.15511981
v 0.14649931 0.17044900 -0.06709361
v 0.15981790 0.11281570 -0.15235309
v 0.15679720 0.11416440 -0.15511981
v 0.15981790 0.11281570 -0.15235309
v 0.10314970 0.07494258 -0.26800001
v 0.02976423 0.12397710 -0.26800001
v 0.01994538 0.12593020 -0.26800001
v 0.09161698 0.21500000 -0.04419416
v 0.02976423 0.12397710 -0.26800001
v 0.09161698 0.21500000 -0.04419416
v 0.09608024 0.15969360 -0.16000000
v 0.09988641 0.15878209 -0.16000000
v 0.09608024 0.15969360 -0.16000000
v 0.09161698 0.21500000 -0.04419416
v 0.09988641 0.15878209 -0.16000000
v 0.02976423 0.12397710 -0.26800001
v 0.09608024 0.15969360 -0.16000000
v 0.09988641 0.15878209 -0.16000000
v 0.09161698 0.21500000 -0.04419416
v 0.10350370 0.15728760 -0.16000000
v 0.09988641 0.15878209 -0.16000000
v 0.03939962 0.12125970 -0.26800001
v 0.02976423 0.12397710 -0.26800001
v 0.08280462 -0.09695178 -0.26800001
v 0.05124998 -0.23620000 -0.21766150
v 0.07494258 -0.10314970 -0.26800001
v 0.13341659 -0.24264130 -0.18541341
v 0.09695172 -0.08280462 -0.26800001
v 0.13939260 -0.24466470 -0.18166880
v 0.13341659 -0.24264130 -0.18541341
v 0.13939260 -0.24466470 -0.18166880
v 0.13255920 -0.24450129 -0.18460980
v 0.15883330 -0.25947171 -0.15526950
v 0.15846670 -0.26115850 -0.15153050
v 0.15699729 -0.26012519 -0.15430920
v 0.19669390 -0.03623467 -0.01273941
v 0.19494890 0.01373606 -0.01261693
v 0.19651251 -0.03630810 -0.00582772
v -0.12512881 -0.13944240 -0.20144700
v -0.20500000 -0.05299997 -0.15700001
v -0.12852570 -0.13520721 -0.20107760
v -0.11826050 -0.14838310 -0.19940780
v -0.19975001 -0.06119996 -0.14796160
v -0.20500000 -0.05299997 -0.15700001
v -0.05623304 -0.21175671 -0.20045350
v -0.05122786 -0.21527191 -0.19902609
v -0.05583721 -0.21194950 -0.19821860
v -0.05623304 -0.21175671 -0.20045350
v -0.05161750 -0.21505430 -0.20126320
v -0.05122786 -0.21527191 -0.19902609
v -0.05623304 -0.21175671 -0.20045350
v -0.05583721 -0.21194950 -0.19821860
v -0.06228798 -0.20705689 -0.19939980
v -0.05623304 -0.21175671 -0.20045350
v -0.05636912 -0.21120010 -0.20265740
v -0.05161750 -0.21505430 -0.20126320
v -0.05623304 -0.21175671 -0.20045350
v -0.06228798 -0.20705689 -0.19939980
v -0.06241136 -0.20655170 -0.20161299
v -0.05623304 -0.21175671 -0.20045350
v -0.06241136 -0.20655170 -0.20161299
v -0.05636912 -0.21120010 -0.20265740
v 0.09596610 -0.28686249 -0.04111254
v 0.08751648 -0.28691131 -0.03928047
v 0.08234125 -0.28682381 -0.03983670
v 0.09338831 -0.28661159 -0.04289466
v 0.08234125 -0.28682381 -0.03983670
v 0.08705282 -0.28661039 -0.04191017
v 0.17515241 -0.10500000 0.04426896
v 0.17112499 -0.10500000 0.05244266
v 0.15849040 -0.27292180 -0.07483410
v 0.15342990 -0.27715141 -0.09366935
v 0.08705282 -0.28661039 -0.04191017
v 0.15940350 -0.27446720 -0.10560010
v 0.11558440 -0.28618971 -0.04782879
v 0.11020190 -0.28608501 -0.04789930
v 0.12001710 -0.28584090 -0.05021286
v -0.08001381 -0.19103330 -0.19686620
v -0.07964813 -0.19101380 -0.19462851
v -0.19975001 -0.06119996 -0.13696150
v -0.08001381 -0.19103330 -0.19686620
v -0.07377177 -0.19672590 -0.19532320
v -0.07964813 -0.19101380 -0.19462851
v -0.08001381 -0.19103330 -0.19686620
v -0.19975001 -0.06119996 -0.13696150
v -0.08585828 -0.18510149 -0.19638650
v -0.08001381 -0.19103330 -0.19686620
v -0.07415366 -0.19667999 -0.19755940
v -0.07377177 -0.19672590 -0.19532320
v -0.08001381 -0.19103330 -0.19686620
v -0.08007353 -0.19072810 -0.19911119
v -0.07415366 -0.19667999 -0.19755940
v -0.09171158 -0.17876390 -0.19842850
v -0.08585828 -0.18510149 -0.19638650
v -0.09171187 -0.17889990 -0.19616710
v -0.06225752 -0.20571540 -0.20372060
v -0.06183058 -0.20457780 -0.20564090
v -0.01725000 -0.23620000 -0.21766150
v -0.06225752 -0.20571540 -0.20372060
v -0.06771063 -0.19974560 -0.20471931
v -0.06183058 -0.20457780 -0.20564090
v -0.06225752 -0.20571540 -0.20372060
v -0.06817686 -0.20081089 -0.20277070
v -0.06771063 -0.19974560 -0.20471931
v -0.06225752 -0.20571540 -0.20372060
v -0.05636912 -0.21120010 -0.20265740
v -0.06241136 -0.20655170 -0.20161299
v -0.06225752 -0.20571540 -0.20372060
v -0.06241136 -0.20655170 -0.20161299
v -0.06817686 -0.20081089 -0.20277070
v -0.06835949 -0.20158030 -0.20064320
v -0.06817686 -0.20081089 -0.20277070
v -0.06241136 -0.20655170 -0.20161299
v -0.06835949 -0.20158030 -0.20064320
v -0.06241136 -0.20655170 -0.20161299
v -0.06228798 -0.20705689 -0.19939980
v -0.05175989 -0.21446420 -0.20346150
v -0.05636912 -0.21120010 -0.20265740
v -0.01725000 -0.23620000 -0.21766150
v -0.05175989 -0.21446420 -0.20346150
v -0.01725000 -0.23620000 -0.21766150
v -0.05161750 -0.21505430 -0.20126320
v -0.05175989 -0.21446420 -0.20346150
v -0.05161750 -0.21505430 -0.20126320
v -0.05636912 -0.21120010 -0.20265740
v -0.09841710 -0.16937640 -0.20285560
v -0.10516220 -0.15995841 -0.20517570
v -0.07928192 -0.18920700 -0.20328140
v -0.06825333 -0.20202629 -0.19841960
v -0.06786054 -0.20212960 -0.19618490
v -0.07415366 -0.19667999 -0.19755940
v -0.06825333 -0.20202629 -0.19841960
v -0.06835949 -0.20158030 -0.20064320
v -0.06228798 -0.20705689 -0.19939980
v -0.06825333 -0.20202629 -0.19841960
v -0.06189030 -0.20720930 -0.19716591
v -0.06786054 -0.20212960 -0.19618490
v -0.06825333 -0.20202629 -0.19841960
v -0.06228798 -0.20705689 -0.19939980
v -0.06189030 -0.20720930 -0.19716591
v -0.20469549 0.02906805 -0.15700001
v -0.20378460 0.03598743 -0.15700001
v -0.20500000 0.01999998 -0.16680001
v -0.20469549 0.02906805 -0.15700001
v -0.20500000 0.01999998 -0.16680001
v -0.20500000 0.02209562 -0.15700001
v -0.20469549 0.02906805 -0.15700001
v -0.20500000 0.02209562 -0.15700001
v -0.20500000 0.02209562 -0.13200000
v -0.20469549 0.02906805 -0.15700001
v -0.20500000 0.02209562 -0.13200000
v -0.20469549 0.02906805 -0.13200000
v -0.20469549 0.02906805 -0.15700001
v -0.20469549 0.02906805 -0.13200000
v -0.20378460 0.03598743 -0.13200000
v -0.20469549 0.02906805 -0.15700001
v -0.20378460 0.03598743 -0.13200000
v -0.20378460 0.03598743 -0.15700001
v -0.20227399 0.04280114 -0.15700001
v -0.20017540 0.04945719 -0.15700001
v -0.20500000 0.01999998 -0.16680001
v -0.20227399 0.04280114 -0.15700001
v -0.20500000 0.01999998 -0.16680001
v -0.20378460 0.03598743 -0.15700001
v -0.20227399 0.04280114 -0.15700001
v -0.20378460 0.03598743 -0.15700001
v -0.20227399 0.04280114 -0.13200000
v -0.20227399 0.04280114 -0.15700001
v -0.20227399 0.04280114 -0.13200000
v -0.20017540 0.04945719 -0.13200000
v -0.20227399 0.04280114 -0.15700001
v -0.20017540 0.04945719 -0.13200000
v -0.20017540 0.04945719 -0.15700001
v 0.03843778 0.21500000 0.01613348
v 0.03773850 0.21500000 0.01444518
v -0.11715480 0.16754501 0.08579999
v 0.03843778 0.21500000 0.01613348
v -0.11715480 0.16754501 0.08579999
v 0.03955024 0.21500000 0.01758325
v -0.03952878 0.18887880 0.06241524
v 0.03955024 0.21500000 0.01758325
v -0.11715480 0.16754501 0.08579999
v -0.03952878 0.18887880 0.06241524
v -0.11715480 0.16754501 0.08579999
v 0.05741673 0.21500000 0.03544974
v -0.03952878 0.18887880 0.06241524
v 0.05741673 0.21500000 0.03544974
v 0.03955024 0.21500000 0.01758325
v 0.08944523 0.21500000 0.03726142
v 0.08763349 0.21500000 0.03749996
v 0.09550607 0.18330000 0.07141774
v 0.08944523 0.21500000 0.03726142
v 0.09550607 0.18330000 0.07141774
v 0.09113347 0.21500000 0.03656214
v 0.06055474 0.21500000 0.03726142
v 0.05886644 0.21500000 0.03656214
v -0.07676571 0.17466681 0.08579999
v 0.06055474 0.21500000 0.03726142
v -0.07676571 0.17466681 0.08579999
v 0.06236648 0.21500000 0.03749996
v -0.11360330 0.05788373 -0.26800001
v -0.11779460 0.04879212 -0.26800001
v -0.19200000 0.01999998 -0.19440100
v -0.11360330 0.05788373 -0.26800001
v -0.19200000 0.01999998 -0.19440100
v -0.10871160 0.06661856 -0.26800001
v -0.12125970 0.03939962 -0.26800001
v -0.19200000 0.00920200 -0.19980000
v -0.11779460 0.04879212 -0.26800001
v -0.13406140 -0.12529610 -0.20372860
v -0.13466370 -0.12628980 -0.20175479
v -0.13722721 -0.12122960 -0.20251000
v -0.13406140 -0.12529610 -0.20372860
v -0.13722721 -0.12122960 -0.20251000
v -0.11360330 -0.05788379 -0.26800001
v -0.13406140 -0.12529610 -0.20372860
v -0.11360330 -0.05788379 -0.26800001
v -0.10871160 -0.06661856 -0.26800001
v -0.13406140 -0.12529610 -0.20372860
v -0.10871160 -0.06661856 -0.26800001
v -0.13076399 -0.12946519 -0.20461150
v -0.13144900 -0.13038450 -0.20263290
v -0.20500000 -0.05299997 -0.15700001
v -0.13466370 -0.12628980 -0.20175479
v -0.13144900 -0.13038450 -0.20263290
v -0.13406140 -0.12529610 -0.20372860
v -0.13076399 -0.12946519 -0.20461150
v -0.13144900 -0.13038450 -0.20263290
v -0.13466370 -0.12628980 -0.20175479
v -0.13406140 -0.12529610 -0.20372860
v -0.12397710 -0.02976429 -0.26800001
v -0.12125970 -0.03939968 -0.26800001
v -0.19200000 -0.00920200 -0.19980000
v -0.12397710 -0.02976429 -0.26800001
v -0.19200000 -0.00920200 -0.19980000
v -0.12593029 -0.01994538 -0.26800001
v -0.12710690 -0.01000350 -0.26800001
v -0.12593029 -0.01994538 -0.26800001
v -0.19200000 -0.00920200 -0.19980000
v -0.12710690 -0.01000350 -0.26800001
v -0.19200000 -0.00920200 -0.19980000
v -0.12750000 0.00000000 -0.26800001
v -0.12710690 0.01000350 -0.26800001
v -0.12750000 0.00000000 -0.26800001
v -0.19200000 0.00920200 -0.19980000
v -0.12710690 0.01000350 -0.26800001
v -0.19200000 0.00920200 -0.19980000
v -0.12593029 0.01994538 -0.26800001
v -0.12734930 -0.13371810 -0.20520750
v -0.13076399 -0.12946519 -0.20461150
v -0.10871160 -0.06661856 -0.26800001
v -0.12734930 -0.13371810 -0.20520750
v -0.10871160 -0.06661856 -0.26800001
v -0.10314970 -0.07494264 -0.26800001
v -0.11278740 -0.15120360 -0.20560780
v -0.09015607 -0.09015613 -0.26800001
v -0.10516220 -0.15995841 -0.20517570
v -0.11278740 -0.15120360 -0.20560780
v -0.09695172 -0.08280462 -0.26800001
v -0.09015607 -0.09015613 -0.26800001
v -0.01924997 -0.23420000 -0.21766150
v -0.09015607 -0.09015613 -0.26800001
v -0.01725000 -0.23620000 -0.21766150
v -0.01924997 -0.23420000 -0.21766150
v -0.10516220 -0.15995841 -0.20517570
v -0.09015607 -0.09015613 -0.26800001
v -0.01924997 -0.23420000 -0.21766150
v -0.01725000 -0.23620000 -0.21766150
v -0.06771063 -0.19974560 -0.20471931
v -0.07351940 -0.19461709 -0.20391800
v -0.07928192 -0.18920700 -0.20328140
v -0.10516220 -0.15995841 -0.20517570
v -0.07351940 -0.19461709 -0.20391800
v -0.06771063 -0.19974560 -0.20471931
v -0.06817686 -0.20081089 -0.20277070
v 0.03749996 0.21500000 0.01263350
v -0.10315440 0.18422639 -0.13200000
v 0.03773850 0.21500000 0.01444518
v 0.03773850 0.21500000 -0.01444524
v -0.09562712 0.18555370 -0.14399999
v -0.10315440 0.18422639 -0.14399999
v 0.05886644 0.21500000 -0.03656214
v -0.08801138 0.18620341 -0.14399999
v -0.09562712 0.18555370 -0.14399999
v 0.02254700 -0.10136960 0.10959360
v 0.02289575 -0.10052110 0.11000000
v 0.01851868 -0.10274180 0.10773800
v 0.02254700 -0.10136960 0.10959360
v 0.01921510 -0.10371480 0.10752420
v 0.02364796 -0.10108170 0.11000000
v 0.02254700 -0.10136960 0.10959360
v 0.01851868 -0.10274180 0.10773800
v 0.01921510 -0.10371480 0.10752420
v 0.08881568 -0.28429329 -0.03191226
v 0.08415216 -0.28286880 -0.02956658
v 0.08377617 -0.28478709 -0.03169906
v 0.17259160 -0.03936249 0.06279170
v 0.17377000 -0.03348171 0.06082910
v 0.17297330 -0.03569144 0.06208068
v 0.17259160 -0.03936249 0.06279170
v 0.17297330 -0.03569144 0.06208068
v 0.17261030 -0.03740561 0.06267398
v 0.17259160 -0.03936249 0.06279170
v 0.17681959 -0.03913539 0.05647969
v 0.17377000 -0.03348171 0.06082910
v 0.11357340 -0.10341870 0.10572230
v 0.13655630 -0.05499994 0.09055978
v 0.11459780 -0.05865377 0.10500000
v 0.11357340 -0.10341870 0.10572230
v 0.11459780 -0.05865377 0.10500000
v 0.11110940 -0.10195840 0.10730950
v 0.11357340 -0.10341870 0.10572230
v 0.13426730 -0.10500000 0.09207403
v 0.13655630 -0.05499994 0.09055978
v 0.11357340 -0.10341870 0.10572230
v 0.11110940 -0.10195840 0.10730950
v 0.11091890 -0.10325070 0.10720780
v 0.02317941 -0.10079680 0.11000000
v 0.02364796 -0.10108170 0.11000000
v -0.09571903 0.06280863 0.11750000
v 0.02317941 -0.10079680 0.11000000
v -0.09571903 0.06280863 0.11750000
v -0.11641660 0.07730120 0.11750000
v 0.02317941 -0.10079680 0.11000000
v -0.11641660 0.07730120 0.11750000
v -0.11776380 0.07853579 0.11750000
v 0.02317941 -0.10079680 0.11000000
v -0.11776380 0.07853579 0.11750000
v 0.02289575 -0.10052110 0.11000000
v 0.02317941 -0.10079680 0.11000000
v 0.02254700 -0.10136960 0.10959360
v 0.02364796 -0.10108170 0.11000000
v 0.02317941 -0.10079680 0.11000000
v 0.02289575 -0.10052110 0.11000000
v 0.02254700 -0.10136960 0.10959360
v 0.11019680 -0.10422430 0.10700910
v 0.11253590 -0.10500000 0.10588830
v 0.11091890 -0.10325070 0.10720780
v 0.14171740 -0.10500000 0.08682757
v 0.13403790 -0.27897519 -0.04629927
v 0.14870560 -0.10500000 0.08097988
v 0.14171740 -0.10500000 0.08682757
v 0.14870560 -0.10500000 0.08097988
v 0.17259160 -0.03936249 0.06279170
v -0.09048849 0.06164902 0.11750000
v 0.10414710 -0.10133340 0.11000000
v -0.06560528 0.06603664 0.11750000
v -0.09048849 0.06164902 0.11750000
v -0.09231412 0.06156933 0.11750000
v 0.10245590 -0.10150000 0.11000000
v -0.09048849 0.06164902 0.11750000
v 0.10245590 -0.10150000 0.11000000
v 0.10414710 -0.10133340 0.11000000
v 0.01914829 -0.10500000 0.10650000
v 0.02482104 -0.10141470 0.11000000
v 0.01741129 -0.10500000 0.10629990
v 0.01914829 -0.10500000 0.10650000
v 0.01741129 -0.10500000 0.10629990
v 0.08415216 -0.28286880 -0.02956658
v 0.01914829 -0.10500000 0.10650000
v 0.08415216 -0.28286880 -0.02956658
v 0.02482104 -0.10141470 0.11000000
v -0.04659420 0.08961278 0.11750000
v -0.06108677 0.06891524 0.11750000
v 0.10555400 -0.10062310 0.11000000
v 0.10595120 -0.09992474 0.11000000
v -0.04659420 0.08961278 0.11750000
v 0.10555400 -0.10062310 0.11000000
v 0.10595120 -0.09992474 0.11000000
v -0.04575043 0.09123367 0.11750000
v -0.04659420 0.08961278 0.11750000
v 0.10595120 -0.09992474 0.11000000
v 0.10860320 -0.10065610 0.10872500
v 0.10600670 -0.09948313 0.11000000
v 0.10595120 -0.09992474 0.11000000
v 0.10555400 -0.10062310 0.11000000
v 0.11091890 -0.10325070 0.10720780
v 0.10595120 -0.09992474 0.11000000
v 0.11091890 -0.10325070 0.10720780
v 0.10860320 -0.10065610 0.10872500
v -0.04535490 0.09301775 0.11750000
v 0.10600670 -0.09948313 0.11000000
v -0.04392141 0.12481200 0.11750000
v -0.04535490 0.09301775 0.11750000
v 0.10595120 -0.09992474 0.11000000
v 0.10600670 -0.09948313 0.11000000
v -0.04535490 0.09301775 0.11750000
v -0.04575043 0.09123367 0.11750000
v 0.10595120 -0.09992474 0.11000000
v 0.18633740 0.08592408 -0.11698500
v 0.18450890 0.08951199 -0.12067020
v 0.14641771 0.18330000 -0.02050608
v 0.19329511 0.06022697 -0.08876562
v 0.19285920 0.06396675 -0.09427481
v 0.14641771 0.18330000 0.02050608
v 0.19431260 0.00405920 0.00323755
v 0.14641771 0.18330000 0.02050608
v 0.19326040 -0.00075407 0.01112365
v 0.19171581 -0.00553155 0.01895111
v 0.19326040 -0.00075407 0.01112365
v 0.14641771 0.18330000 0.02050608
v 0.19171581 -0.00553155 0.01895111
v 0.14641771 0.18330000 0.02050608
v 0.18928170 -0.01105475 0.02800029
v 0.18616880 -0.01648408 0.03689569
v 0.18928170 -0.01105475 0.02800029
v 0.14641771 0.18330000 0.02050608
v 0.18616880 -0.01648408 0.03689569
v 0.14641771 0.18330000 0.02050608
v 0.18237570 -0.02179330 0.04559433
v 0.17790280 -0.02695465 0.05405062
v 0.18237570 -0.02179330 0.04559433
v 0.14641771 0.18330000 0.02050608
v 0.18324290 -0.02074003 -0.14488630
v 0.18705709 -0.02729374 -0.13608280
v 0.12750000 0.00000000 -0.26800001
v 0.18324290 -0.02074003 -0.14488630
v 0.18709479 -0.01952391 -0.13644581
v 0.18705709 -0.02729374 -0.13608280
v 0.18308380 -0.02878618 -0.14460251
v 0.12710690 -0.01000350 -0.26800001
v 0.12750000 0.00000000 -0.26800001
v 0.18308380 -0.02878618 -0.14460251
v 0.12750000 0.00000000 -0.26800001
v 0.18705709 -0.02729374 -0.13608280
v 0.18614870 0.02015036 -0.13697700
v 0.18649320 0.01218718 -0.13705900
v 0.18281400 0.01216614 -0.14536880
v 0.18329909 -0.01259595 -0.14511161
v 0.12750000 0.00000000 -0.26800001
v 0.18324800 -0.00437814 -0.14527071
v 0.18329909 -0.01259595 -0.14511161
v 0.18324290 -0.02074003 -0.14488630
v 0.12750000 0.00000000 -0.26800001
v 0.18329909 -0.01259595 -0.14511161
v 0.18709479 -0.01952391 -0.13644581
v 0.18324290 -0.02074003 -0.14488630
v 0.18308669 0.00388586 -0.14535750
v 0.18324800 -0.00437814 -0.14527071
v 0.12750000 0.00000000 -0.26800001
v 0.18308669 0.00388586 -0.14535750
v 0.12750000 0.00000000 -0.26800001
v 0.18281400 0.01216614 -0.14536880
v 0.18694881 -0.00374883 -0.13693459
v 0.18324800 -0.00437814 -0.14527071
v 0.18308669 0.00388586 -0.14535750
v 0.10982370 0.15271001 -0.16000000
v 0.10684340 0.15524690 -0.16000000
v 0.14649931 0.17044900 -0.06709361
v 0.10982370 0.15271001 -0.16000000
v 0.14649931 0.17044900 -0.06709361
v 0.15679720 0.11416440 -0.15511981
v 0.08280462 0.09695172 -0.26800001
v 0.10684340 0.15524690 -0.16000000
v 0.10982370 0.15271001 -0.16000000
v 0.10871160 0.06661856 -0.26800001
v 0.10314970 0.07494258 -0.26800001
v 0.15981790 0.11281570 -0.15235309
v 0.17112540 0.10558080 -0.14045019
v 0.14859159 0.16941360 -0.06500124
v 0.15046871 0.16774561 -0.06312423
v 0.17112540 0.10558080 -0.14045019
v 0.15046871 0.16774561 -0.06312423
v 0.17364500 0.10337610 -0.13735341
v 0.17961150 0.09688860 -0.12903731
v 0.15046871 0.16774561 -0.06312423
v 0.15203620 0.16552880 -0.06155669
v 0.12125970 0.03939962 -0.26800001
v 0.17112540 0.10558080 -0.14045019
v 0.17364500 0.10337610 -0.13735341
v 0.12125970 0.03939962 -0.26800001
v 0.11779460 0.04879212 -0.26800001
v 0.17112540 0.10558080 -0.14045019
v 0.04879212 0.11779460 -0.26800001
v 0.09988641 0.15878209 -0.16000000
v 0.10350370 0.15728760 -0.16000000
v 0.04879212 0.11779460 -0.26800001
v 0.03939962 0.12125970 -0.26800001
v 0.09988641 0.15878209 -0.16000000
v 0.12644771 -0.24254879 -0.18802761
v 0.13255920 -0.24450129 -0.18460980
v 0.05124998 -0.23620000 -0.21766150
v 0.12644771 -0.24254879 -0.18802761
v 0.05124998 -0.23620000 -0.21766150
v 0.12721370 -0.24064930 -0.18885019
v 0.12644771 -0.24254879 -0.18802761
v 0.13341659 -0.24264130 -0.18541341
v 0.13255920 -0.24450129 -0.18460980
v 0.12644771 -0.24254879 -0.18802761
v 0.12721370 -0.24064930 -0.18885019
v 0.13341659 -0.24264130 -0.18541341
v 0.12082880 -0.23866761 -0.19201051
v 0.08280462 -0.09695178 -0.26800001
v 0.12721370 -0.24064930 -0.18885019
v 0.12082880 -0.23866761 -0.19201051
v 0.12721370 -0.24064930 -0.18885019
v 0.05124998 -0.23620000 -0.21766150
v 0.12082880 -0.23866761 -0.19201051
v 0.05124998 -0.23620000 -0.21766150
v 0.08280462 -0.09695178 -0.26800001
v 0.14020839 -0.24266630 -0.18206599
v 0.13939260 -0.24466470 -0.18166880
v 0.09695172 -0.08280462 -0.26800001
v 0.14020839 -0.24266630 -0.18206599
v 0.09695172 -0.08280462 -0.26800001
v 0.10314970 -0.07494264 -0.26800001
v 0.14020839 -0.24266630 -0.18206599
v 0.14597531 -0.24475931 -0.17792660
v 0.13939260 -0.24466470 -0.18166880
v 0.09015607 -0.09015613 -0.26800001
v 0.09695172 -0.08280462 -0.26800001
v 0.13341659 -0.24264130 -0.18541341
v 0.09015607 -0.09015613 -0.26800001
v 0.13341659 -0.24264130 -0.18541341
v 0.12721370 -0.24064930 -0.18885019
v 0.09015607 -0.09015613 -0.26800001
v 0.12721370 -0.24064930 -0.18885019
v 0.08280462 -0.09695178 -0.26800001
v 0.06661856 -0.10871160 -0.26800001
v 0.07494258 -0.10314970 -0.26800001
v 0.05124998 -0.23620000 -0.21766150
v 0.06661856 -0.10871160 -0.26800001
v 0.05124998 -0.23620000 -0.21766150
v 0.05788373 -0.11360330 -0.26800001
v 0.04879212 -0.11779460 -0.26800001
v 0.05788373 -0.11360330 -0.26800001
v 0.05124998 -0.23620000 -0.21766150
v 0.04879212 -0.11779460 -0.26800001
v 0.05124998 -0.23620000 -0.21766150
v 0.03939962 -0.12125970 -0.26800001
v 0.02976423 -0.12397710 -0.26800001
v 0.03939962 -0.12125970 -0.26800001
v 0.05124998 -0.23620000 -0.21766150
v 0.02976423 -0.12397710 -0.26800001
v 0.05124998 -0.23620000 -0.21766150
v 0.01994538 -0.12593029 -0.26800001
v 0.01000350 -0.12710699 -0.26800001
v 0.01994538 -0.12593029 -0.26800001
v 0.05124998 -0.23620000 -0.21766150
v 0.01000350 -0.12710699 -0.26800001
v 0.05124998 -0.23620000 -0.21766150
v 0.00000000 -0.12750000 -0.26800001
v -0.01000350 -0.12710699 -0.26800001
v 0.00000000 -0.12750000 -0.26800001
v -0.01725000 -0.23620000 -0.21766150
v -0.01000350 -0.12710699 -0.26800001
v -0.01725000 -0.23620000 -0.21766150
v -0.01994538 -0.12593029 -0.26800001
v -0.03939962 -0.12125970 -0.26800001
v -0.01725000 -0.23620000 -0.21766150
v -0.04879212 -0.11779460 -0.26800001
v 0.16176170 -0.26791689 -0.13050130
v -0.01725000 -0.23620000 -0.21766150
v 0.16147900 -0.26704800 -0.13344739
v 0.16105551 -0.26617101 -0.13633320
v 0.16147900 -0.26704800 -0.13344739
v -0.01725000 -0.23620000 -0.21766150
v 0.16105551 -0.26617101 -0.13633320
v -0.01725000 -0.23620000 -0.21766150
v 0.16048710 -0.26528710 -0.13915110
v 0.16183880 -0.26426890 -0.14253530
v 0.16048710 -0.26528710 -0.13915110
v -0.01725000 -0.23620000 -0.21766150
v 0.16183880 -0.26426890 -0.14253530
v -0.01725000 -0.23620000 -0.21766150
v 0.16089711 -0.26323250 -0.14564440
v 0.16035610 -0.26271379 -0.14715730
v 0.16089711 -0.26323250 -0.14564440
v -0.01725000 -0.23620000 -0.21766150
v 0.16035610 -0.26271379 -0.14715730
v -0.01725000 -0.23620000 -0.21766150
v 0.15846670 -0.26115850 -0.15153050
v 0.16183411 -0.27186140 -0.08132839
v 0.17515241 -0.10500000 0.04426896
v 0.15849040 -0.27292180 -0.07483410
v 0.16183411 -0.27186140 -0.08132839
v 0.17848630 -0.10500000 0.03578877
v 0.17515241 -0.10500000 0.04426896
v 0.18110350 -0.10500000 0.02706068
v 0.17848630 -0.10500000 0.03578877
v 0.16782570 -0.26743469 -0.09421867
v 0.16372660 -0.27119929 -0.11807070
v 0.16071300 -0.27290910 -0.11195280
v 0.16156010 -0.27129340 -0.11825630
v 0.19636260 -0.03653144 -0.09628564
v 0.17370740 -0.25788361 -0.12868690
v 0.19626890 -0.03659099 -0.09748834
v 0.19523410 0.00556910 -0.09265738
v 0.19494890 0.01373606 -0.01261693
v 0.19669390 -0.03623467 -0.01273941
v 0.17376821 -0.25873289 -0.12520020
v 0.19636260 -0.03653144 -0.09628564
v 0.19670001 -0.03658366 -0.08708024
v 0.17376821 -0.25873289 -0.12520020
v 0.17370740 -0.25788361 -0.12868690
v 0.19636260 -0.03653144 -0.09628564
v 0.18412080 -0.10500000 0.00910413
v 0.17303090 -0.26113641 -0.11466000
v 0.19578961 -0.03886181 0.00092852
v 0.18412080 -0.10500000 0.00910413
v 0.19578961 -0.03886181 0.00092852
v 0.18298610 -0.10500000 0.01814520
v 0.18412080 -0.10500000 0.00910413
v 0.18298610 -0.10500000 0.01814520
v 0.17303090 -0.26113641 -0.11466000
v 0.17160469 -0.26471579 -0.10819330
v 0.17303090 -0.26113641 -0.11466000
v 0.18298610 -0.10500000 0.01814520
v 0.19596930 -0.03653657 0.00106162
v 0.19621620 -0.03871685 -0.00420272
v 0.19651251 -0.03630810 -0.00582772
v 0.19596930 -0.03653657 0.00106162
v 0.19578961 -0.03886181 0.00092852
v 0.19621620 -0.03871685 -0.00420272
v 0.17342280 -0.26035911 -0.11818160
v 0.19621620 -0.03871685 -0.00420272
v 0.19578961 -0.03886181 0.00092852
v 0.17342280 -0.26035911 -0.11818160
v 0.19578961 -0.03886181 0.00092852
v 0.17303090 -0.26113641 -0.11466000
v 0.19670001 -0.03658366 -0.01273941
v 0.19669390 -0.03623467 -0.01273941
v 0.19651251 -0.03630810 -0.00582772
v 0.19670001 -0.03658366 -0.01273941
v 0.19651251 -0.03630810 -0.00582772
v 0.19621620 -0.03871685 -0.00420272
v 0.19670001 -0.03658366 -0.01273941
v 0.17376821 -0.25873289 -0.12520020
v 0.19670001 -0.03658366 -0.08708024
v -0.12161870 -0.14375530 -0.20162630
v -0.20500000 -0.05299997 -0.15700001
v -0.12512881 -0.13944240 -0.20144700
v -0.12161870 -0.14375530 -0.20162630
v -0.11826050 -0.14838310 -0.19940780
v -0.20500000 -0.05299997 -0.15700001
v -0.12161870 -0.14375530 -0.20162630
v -0.11801140 -0.14812329 -0.20165350
v -0.11826050 -0.14838310 -0.19940780
v 0.09753262 -0.28668249 -0.03910422
v 0.08751648 -0.28691131 -0.03928047
v 0.09596610 -0.28686249 -0.04111254
v 0.10017370 -0.28680220 -0.04218327
v 0.09596610 -0.28686249 -0.04111254
v 0.08234125 -0.28682381 -0.03983670
v 0.10017370 -0.28680220 -0.04218327
v 0.08234125 -0.28682381 -0.03983670
v 0.09338831 -0.28661159 -0.04289466
v 0.10017370 -0.28680220 -0.04218327
v 0.09338831 -0.28661159 -0.04289466
v 0.10642690 -0.28664249 -0.04408270
v 0.15475950 -0.27388790 -0.06858247
v 0.15849040 -0.27292180 -0.07483410
v 0.17112499 -0.10500000 0.05244266
v 0.18398270 -0.04095941 0.04299169
v 0.17112499 -0.10500000 0.05244266
v 0.17515241 -0.10500000 0.04426896
v 0.19427601 -0.03977656 0.01077538
v 0.18298610 -0.10500000 0.01814520
v 0.19578961 -0.03886181 0.00092852
v 0.19427601 -0.03977656 0.01077538
v 0.18110350 -0.10500000 0.02706068
v 0.18298610 -0.10500000 0.01814520
v 0.19427601 -0.03977656 0.01077538
v 0.19213250 -0.04015636 0.02052479
v 0.18110350 -0.10500000 0.02706068
v 0.15179791 -0.27807671 -0.08962893
v 0.15000170 -0.27896610 -0.08565217
v 0.08705282 -0.28661039 -0.04191017
v 0.15179791 -0.27807671 -0.08962893
v 0.08705282 -0.28661039 -0.04191017
v 0.15342990 -0.27715141 -0.09366935
v 0.14368761 -0.28139600 -0.07426822
v 0.14129449 -0.28211910 -0.07071059
v 0.08705282 -0.28661039 -0.04191017
v 0.14368761 -0.28139600 -0.07426822
v 0.08705282 -0.28661039 -0.04191017
v 0.14594039 -0.28062791 -0.07795530
v 0.14804719 -0.27981719 -0.08175545
v 0.14594039 -0.28062791 -0.07795530
v 0.08705282 -0.28661039 -0.04191017
v 0.14804719 -0.27981719 -0.08175545
v 0.08705282 -0.28661039 -0.04191017
v 0.15000170 -0.27896610 -0.08565217
v 0.13745549 -0.28311500 -0.06565278
v 0.08705282 -0.28661039 -0.04191017
v 0.14129449 -0.28211910 -0.07071059
v 0.10114190 -0.28645319 -0.04483377
v 0.08705282 -0.28661039 -0.04191017
v 0.13745549 -0.28311500 -0.06565278
v -0.08588957 -0.18487750 -0.19864079
v -0.08001381 -0.19103330 -0.19686620
v -0.08585828 -0.18510149 -0.19638650
v -0.08588957 -0.18487750 -0.19864079
v -0.08007353 -0.19072810 -0.19911119
v -0.08001381 -0.19103330 -0.19686620
v -0.08588957 -0.18487750 -0.19864079
v -0.08585828 -0.18510149 -0.19638650
v -0.09171158 -0.17876390 -0.19842850
v -0.05624192 -0.21030340 -0.20474610
v -0.06225752 -0.20571540 -0.20372060
v -0.01725000 -0.23620000 -0.21766150
v -0.05624192 -0.21030340 -0.20474610
v -0.01725000 -0.23620000 -0.21766150
v -0.05636912 -0.21120010 -0.20265740
v -0.05624192 -0.21030340 -0.20474610
v -0.05636912 -0.21120010 -0.20265740
v -0.06225752 -0.20571540 -0.20372060
v -0.07423853 -0.19630070 -0.19979391
v -0.07415366 -0.19667999 -0.19755940
v -0.08007353 -0.19072810 -0.19911119
v -0.07423853 -0.19630070 -0.19979391
v -0.06825333 -0.20202629 -0.19841960
v -0.07415366 -0.19667999 -0.19755940
v -0.07423853 -0.19630070 -0.19979391
v -0.06835949 -0.20158030 -0.20064320
v -0.06825333 -0.20202629 -0.19841960
v -0.07423853 -0.19630070 -0.19979391
v -0.08007353 -0.19072810 -0.19911119
v -0.07982707 -0.19011210 -0.20127760
v -0.08560818 -0.18434750 -0.20082469
v -0.07982707 -0.19011210 -0.20127760
v -0.08007353 -0.19072810 -0.19911119
v -0.08560818 -0.18434750 -0.20082469
v -0.08007353 -0.19072810 -0.19911119
v -0.08588957 -0.18487750 -0.19864079
v -0.08502292 -0.18352979 -0.20285369
v -0.09841710 -0.16937640 -0.20285560
v -0.07928192 -0.18920700 -0.20328140
v -0.08502292 -0.18352979 -0.20285369
v -0.07928192 -0.18920700 -0.20328140
v -0.07982707 -0.19011210 -0.20127760
v -0.08502292 -0.18352979 -0.20285369
v -0.07982707 -0.19011210 -0.20127760
v -0.08560818 -0.18434750 -0.20082469
v -0.12397710 0.02976423 -0.26800001
v -0.12593029 0.01994538 -0.26800001
v -0.19200000 0.00920200 -0.19980000
v -0.12397710 0.02976423 -0.26800001
v -0.19200000 0.00920200 -0.19980000
v -0.12125970 0.03939962 -0.26800001
v -0.13179331 -0.13107251 -0.20047919
v -0.13144900 -0.13038450 -0.20263290
v -0.12852570 -0.13520721 -0.20107760
v -0.13179331 -0.13107251 -0.20047919
v -0.12852570 -0.13520721 -0.20107760
v -0.20500000 -0.05299997 -0.15700001
v -0.13179331 -0.13107251 -0.20047919
v -0.20500000 -0.05299997 -0.15700001
v -0.13144900 -0.13038450 -0.20263290
v -0.12810341 -0.13458189 -0.20323300
v -0.12512881 -0.13944240 -0.20144700
v -0.12852570 -0.13520721 -0.20107760
v -0.12810341 -0.13458189 -0.20323300
v -0.12852570 -0.13520721 -0.20107760
v -0.13144900 -0.13038450 -0.20263290
v -0.12810341 -0.13458189 -0.20323300
v -0.13144900 -0.13038450 -0.20263290
v -0.13076399 -0.12946519 -0.20461150
v -0.12810341 -0.13458189 -0.20323300
v -0.13076399 -0.12946519 -0.20461150
v -0.12734930 -0.13371810 -0.20520750
v -0.12383090 -0.13803659 -0.20556170
v -0.12734930 -0.13371810 -0.20520750
v -0.10314970 -0.07494264 -0.26800001
v -0.12383090 -0.13803659 -0.20556170
v -0.10314970 -0.07494264 -0.26800001
v -0.12022200 -0.14240280 -0.20571910
v -0.11653600 -0.14679851 -0.20572220
v -0.12022200 -0.14240280 -0.20571910
v -0.09695172 -0.08280462 -0.26800001
v -0.11653600 -0.14679851 -0.20572220
v -0.09695172 -0.08280462 -0.26800001
v -0.11278740 -0.15120360 -0.20560780
v -0.11653600 -0.14679851 -0.20572220
v -0.11278740 -0.15120360 -0.20560780
v -0.11370670 -0.15199231 -0.20368610
v -0.07274299 -0.19337730 -0.20564960
v -0.10516220 -0.15995841 -0.20517570
v -0.01924997 -0.23420000 -0.21766150
v -0.07274299 -0.19337730 -0.20564960
v -0.07351940 -0.19461709 -0.20391800
v -0.10516220 -0.15995841 -0.20517570
v -0.07274299 -0.19337730 -0.20564960
v -0.06771063 -0.19974560 -0.20471931
v -0.07351940 -0.19461709 -0.20391800
v -0.06661856 -0.10871160 -0.26800001
v -0.01725000 -0.23620000 -0.21766150
v -0.07494258 -0.10314970 -0.26800001
v -0.08280462 -0.09695178 -0.26800001
v -0.07494258 -0.10314970 -0.26800001
v -0.01725000 -0.23620000 -0.21766150
v -0.08280462 -0.09695178 -0.26800001
v -0.01725000 -0.23620000 -0.21766150
v -0.09015607 -0.09015613 -0.26800001
v -0.07402503 -0.19560491 -0.20194130
v -0.07982707 -0.19011210 -0.20127760
v -0.07928192 -0.18920700 -0.20328140
v -0.07402503 -0.19560491 -0.20194130
v -0.07928192 -0.18920700 -0.20328140
v -0.07351940 -0.19461709 -0.20391800
v -0.07402503 -0.19560491 -0.20194130
v -0.07351940 -0.19461709 -0.20391800
v -0.06817686 -0.20081089 -0.20277070
v -0.07402503 -0.19560491 -0.20194130
v -0.07423853 -0.19630070 -0.19979391
v -0.07982707 -0.19011210 -0.20127760
v -0.07402503 -0.19560491 -0.20194130
v -0.06817686 -0.20081089 -0.20277070
v -0.06835949 -0.20158030 -0.20064320
v -0.07402503 -0.19560491 -0.20194130
v -0.06835949 -0.20158030 -0.20064320
v -0.07423853 -0.19630070 -0.19979391
v 0.03843778 0.21500000 -0.01613348
v 0.03955024 0.21500000 -0.01758325
v -0.09562712 0.18555370 -0.14399999
v 0.03843778 0.21500000 -0.01613348
v -0.09562712 0.18555370 -0.14399999
v 0.03773850 0.21500000 -0.01444524
v 0.03749996 0.21500000 -0.01263350
v 0.03773850 0.21500000 -0.01444524
v -0.10315440 0.18422639 -0.14399999
v 0.03749996 0.21500000 -0.01263350
v -0.10315440 0.18422639 -0.14399999
v -0.10315440 0.18422639 -0.13200000
v 0.03749996 0.21500000 -0.01263350
v -0.10315440 0.18422639 -0.13200000
v 0.03749996 0.21500000 0.01263350
v 0.06055474 0.21500000 -0.03726148
v 0.09161698 0.21500000 -0.04419416
v -0.08801138 0.18620341 -0.14399999
v 0.06055474 0.21500000 -0.03726148
v -0.08801138 0.18620341 -0.14399999
v 0.05886644 0.21500000 -0.03656214
v 0.05741673 0.21500000 -0.03544974
v 0.05886644 0.21500000 -0.03656214
v -0.09562712 0.18555370 -0.14399999
v 0.05741673 0.21500000 -0.03544974
v 0.03955024 0.21500000 -0.01758325
v 0.03843778 0.21500000 -0.01613348
v 0.05741673 0.21500000 -0.03544974
v -0.09562712 0.18555370 -0.14399999
v 0.03955024 0.21500000 -0.01758325
v 0.05741673 0.21500000 -0.03544974
v 0.06055474 0.21500000 -0.03726148
v 0.05886644 0.21500000 -0.03656214
v 0.05741673 0.21500000 -0.03544974
v 0.03843778 0.21500000 -0.01613348
v 0.03773850 0.21500000 -0.01444524
v 0.05741673 0.21500000 -0.03544974
v 0.03773850 0.21500000 -0.01444524
v 0.03749996 0.21500000 -0.01263350
v 0.05741673 0.21500000 -0.03544974
v 0.03749996 0.21500000 -0.01263350
v 0.03749996 0.21500000 0.01263350
v 0.05741673 0.21500000 -0.03544974
v 0.03749996 0.21500000 0.01263350
v 0.03773850 0.21500000 0.01444518
v 0.05741673 0.21500000 -0.03544974
v 0.03773850 0.21500000 0.01444518
v 0.03843778 0.21500000 0.01613348
v 0.05741673 0.21500000 -0.03544974
v 0.03843778 0.21500000 0.01613348
v 0.03955024 0.21500000 0.01758325
v 0.05741673 0.21500000 -0.03544974
v 0.03955024 0.21500000 0.01758325
v 0.05741673 0.21500000 0.03544974
v 0.05741673 0.21500000 -0.03544974
v 0.05741673 0.21500000 0.03544974
v 0.05886644 0.21500000 0.03656214
v 0.05741673 0.21500000 -0.03544974
v 0.05886644 0.21500000 0.03656214
v 0.06055474 0.21500000 0.03726142
v 0.05741673 0.21500000 -0.03544974
v 0.06055474 0.21500000 0.03726142
v 0.06236648 0.21500000 0.03749996
v 0.05741673 0.21500000 -0.03544974
v 0.06236648 0.21500000 0.03749996
v 0.08763349 0.21500000 0.03749996
v 0.05741673 0.21500000 -0.03544974
v 0.08763349 0.21500000 0.03749996
v 0.08944523 0.21500000 0.03726142
v 0.05741673 0.21500000 -0.03544974
v 0.08944523 0.21500000 0.03726142
v 0.09113347 0.21500000 0.03656214
v 0.05741673 0.21500000 -0.03544974
v 0.09113347 0.21500000 0.03656214
v 0.09258323 0.21500000 0.03544974
v 0.05741673 0.21500000 -0.03544974
v 0.09258323 0.21500000 0.03544974
v 0.11044970 0.21500000 0.01758325
v 0.05741673 0.21500000 -0.03544974
v 0.11044970 0.21500000 0.01758325
v 0.11156210 0.21500000 0.01613348
v 0.05741673 0.21500000 -0.03544974
v 0.11156210 0.21500000 0.01613348
v 0.11226150 0.21500000 0.01444518
v 0.05741673 0.21500000 -0.03544974
v 0.11226150 0.21500000 0.01444518
v 0.11919420 0.21500000 -0.01661700
v 0.05741673 0.21500000 -0.03544974
v 0.11919420 0.21500000 -0.01661700
v 0.09161698 0.21500000 -0.04419416
v 0.05741673 0.21500000 -0.03544974
v 0.09161698 0.21500000 -0.04419416
v 0.06055474 0.21500000 -0.03726148
v 0.09554457 -0.28354090 -0.03230798
v 0.08415216 -0.28286880 -0.02956658
v 0.08881568 -0.28429329 -0.03191226
v 0.09919279 -0.28183460 -0.03160047
v 0.09887075 -0.28359479 -0.03308892
v 0.10427610 -0.28190911 -0.03292965
v 0.09919279 -0.28183460 -0.03160047
v 0.09554457 -0.28354090 -0.03230798
v 0.09887075 -0.28359479 -0.03308892
v 0.09919279 -0.28183460 -0.03160047
v 0.09584015 -0.28176129 -0.03082448
v 0.09554457 -0.28354090 -0.03230798
v 0.17255130 -0.03895449 0.06282901
v 0.17259160 -0.03936249 0.06279170
v 0.17261030 -0.03740561 0.06267398
v 0.17255130 -0.03895449 0.06282901
v 0.17261030 -0.03740561 0.06267398
v 0.14475270 -0.05130052 0.08440858
v 0.17255130 -0.03895449 0.06282901
v 0.14171740 -0.10500000 0.08682757
v 0.17259160 -0.03936249 0.06279170
v 0.11462080 -0.10500000 0.10489350
v 0.13426730 -0.10500000 0.09207403
v 0.11357340 -0.10341870 0.10572230
v 0.11462080 -0.10500000 0.10489350
v 0.11357340 -0.10341870 0.10572230
v 0.11091890 -0.10325070 0.10720780
v 0.11462080 -0.10500000 0.10489350
v 0.11091890 -0.10325070 0.10720780
v 0.11253590 -0.10500000 0.10588830
v 0.11462080 -0.10500000 0.10489350
v 0.12479200 -0.28149539 -0.04140156
v 0.13426730 -0.10500000 0.09207403
v -0.06232130 0.06756800 0.11750000
v -0.06108677 0.06891524 0.11750000
v -0.04659420 0.08961278 0.11750000
v -0.06232130 0.06756800 0.11750000
v 0.10555400 -0.10062310 0.11000000
v -0.06108677 0.06891524 0.11750000
v -0.06232130 0.06756800 0.11750000
v -0.06560528 0.06603664 0.11750000
v -0.06386250 0.06658613 0.11750000
v -0.06232130 0.06756800 0.11750000
v -0.09048849 0.06164902 0.11750000
v -0.06560528 0.06603664 0.11750000
v -0.06232130 0.06756800 0.11750000
v -0.04659420 0.08961278 0.11750000
v -0.04575043 0.09123367 0.11750000
v -0.06232130 0.06756800 0.11750000
v -0.04575043 0.09123367 0.11750000
v -0.04535490 0.09301775 0.11750000
v -0.06232130 0.06756800 0.11750000
v -0.09231412 0.06156933 0.11750000
v -0.09048849 0.06164902 0.11750000
v -0.06232130 0.06756800 0.11750000
v -0.09409815 0.06196486 0.11750000
v -0.09231412 0.06156933 0.11750000
v -0.06232130 0.06756800 0.11750000
v -0.09571903 0.06280863 0.11750000
v -0.09409815 0.06196486 0.11750000
v -0.06232130 0.06756800 0.11750000
v -0.11641660 0.07730120 0.11750000
v -0.09571903 0.06280863 0.11750000
v -0.06232130 0.06756800 0.11750000
v -0.11776380 0.07853579 0.11750000
v -0.11641660 0.07730120 0.11750000
v -0.06232130 0.06756800 0.11750000
v -0.11874570 0.08007693 0.11750000
v -0.11776380 0.07853579 0.11750000
v -0.06232130 0.06756800 0.11750000
v -0.11929520 0.08181977 0.11750000
v -0.11874570 0.08007693 0.11750000
v -0.06232130 0.06756800 0.11750000
v -0.12368270 0.10670290 0.11750000
v -0.11929520 0.08181977 0.11750000
v -0.06232130 0.06756800 0.11750000
v -0.12376250 0.10852860 0.11750000
v -0.12368270 0.10670290 0.11750000
v -0.06232130 0.06756800 0.11750000
v -0.12336700 0.11031260 0.11750000
v -0.12376250 0.10852860 0.11750000
v -0.06232130 0.06756800 0.11750000
v -0.12252320 0.11193350 0.11750000
v -0.12336700 0.11031260 0.11750000
v -0.06232130 0.06756800 0.11750000
v -0.10803060 0.13263100 0.11750000
v -0.12252320 0.11193350 0.11750000
v -0.06232130 0.06756800 0.11750000
v -0.10679600 0.13397831 0.11750000
v -0.10803060 0.13263100 0.11750000
v -0.06232130 0.06756800 0.11750000
v -0.10525490 0.13496010 0.11750000
v -0.10679600 0.13397831 0.11750000
v -0.06232130 0.06756800 0.11750000
v -0.07586836 0.14718141 0.11750000
v -0.10525490 0.13496010 0.11750000
v -0.06232130 0.06756800 0.11750000
v -0.04535490 0.09301775 0.11750000
v -0.04392141 0.12481200 0.11750000
v -0.06232130 0.06756800 0.11750000
v -0.04392141 0.12481200 0.11750000
v -0.07586836 0.14718141 0.11750000
v 0.10470950 -0.10116070 0.11000000
v -0.06386250 0.06658613 0.11750000
v -0.06560528 0.06603664 0.11750000
v 0.10470950 -0.10116070 0.11000000
v -0.06560528 0.06603664 0.11750000
v 0.10414710 -0.10133340 0.11000000
v 0.10470950 -0.10116070 0.11000000
v 0.10414710 -0.10133340 0.11000000
v 0.11019680 -0.10422430 0.10700910
v 0.10599370 -0.10136960 0.10959360
v 0.11019680 -0.10422430 0.10700910
v 0.11091890 -0.10325070 0.10720780
v 0.10599370 -0.10136960 0.10959360
v 0.11091890 -0.10325070 0.10720780
v 0.10555400 -0.10062310 0.11000000
v 0.10599370 -0.10136960 0.10959360
v 0.10470950 -0.10116070 0.11000000
v 0.11019680 -0.10422430 0.10700910
v 0.11046510 -0.10500000 0.10642020
v 0.11019680 -0.10422430 0.10700910
v 0.10414710 -0.10133340 0.11000000
v 0.11046510 -0.10500000 0.10642020
v 0.10414710 -0.10133340 0.11000000
v 0.08415216 -0.28286880 -0.02956658
v 0.11046510 -0.10500000 0.10642020
v 0.09584015 -0.28176129 -0.03082448
v 0.09919279 -0.28183460 -0.03160047
v 0.11046510 -0.10500000 0.10642020
v 0.11253590 -0.10500000 0.10588830
v 0.11019680 -0.10422430 0.10700910
v 0.11046510 -0.10500000 0.10642020
v 0.09919279 -0.28183460 -0.03160047
v 0.10427610 -0.28190911 -0.03292965
v 0.11046510 -0.10500000 0.10642020
v 0.10427610 -0.28190911 -0.03292965
v 0.11253590 -0.10500000 0.10588830
v 0.13939761 -0.05479836 0.08856183
v 0.13655630 -0.05499994 0.09055978
v 0.13426730 -0.10500000 0.09207403
v 0.13939761 -0.05479836 0.08856183
v 0.13426730 -0.10500000 0.09207403
v 0.14171740 -0.10500000 0.08682757
v 0.13939761 -0.05479836 0.08856183
v 0.14171740 -0.10500000 0.08682757
v 0.14107829 -0.05445891 0.08731496
v 0.12730360 -0.28132981 -0.04294079
v 0.14171740 -0.10500000 0.08682757
v 0.13426730 -0.10500000 0.09207403
v 0.12730360 -0.28132981 -0.04294079
v 0.13426730 -0.10500000 0.09207403
v 0.12479200 -0.28149539 -0.04140156
v 0.18721740 0.08393234 -0.11473730
v 0.18633740 0.08592408 -0.11698500
v 0.14641771 0.18330000 -0.02050608
v 0.18721740 0.08393234 -0.11473730
v 0.14641771 0.18330000 -0.02050608
v 0.18751420 0.08320975 -0.11438580
v 0.18721740 0.08393234 -0.11473730
v 0.18751420 0.08320975 -0.11438580
v 0.18633740 0.08592408 -0.11698500
v 0.18856861 0.08037227 -0.11187550
v 0.18751420 0.08320975 -0.11438580
v 0.14641771 0.18330000 0.02050608
v 0.19207039 0.06815314 -0.09962838
v 0.14641771 0.18330000 0.02050608
v 0.19285920 0.06396675 -0.09427481
v 0.19334650 0.05943197 -0.08748483
v 0.19329511 0.06022697 -0.08876562
v 0.14641771 0.18330000 0.02050608
v 0.19334650 0.05943197 -0.08748483
v 0.14641771 0.18330000 0.02050608
v 0.19337730 0.05874001 -0.08635127
v 0.19487470 0.00889391 -0.00468355
v 0.19494890 0.01373606 -0.01261693
v 0.14641771 0.18330000 0.02050608
v 0.19487470 0.00889391 -0.00468355
v 0.14641771 0.18330000 0.02050608
v 0.19431260 0.00405920 0.00323755
v 0.19487470 0.00889391 -0.00468355
v 0.19651251 -0.03630810 -0.00582772
v 0.19494890 0.01373606 -0.01261693
v 0.19487470 0.00889391 -0.00468355
v 0.19596930 -0.03653657 0.00106162
v 0.19651251 -0.03630810 -0.00582772
v 0.19487470 0.00889391 -0.00468355
v 0.19431260 0.00405920 0.00323755
v 0.19596930 -0.03653657 0.00106162
v 0.19235221 -0.03751552 0.02073293
v 0.19171581 -0.00553155 0.01895111
v 0.18928170 -0.01105475 0.02800029
v 0.17625530 -0.02900856 0.05683600
v 0.17790280 -0.02695465 0.05405062
v 0.14641771 0.18330000 0.02050608
v 0.17625530 -0.02900856 0.05683600
v 0.14641771 0.18330000 0.02050608
v 0.17511140 -0.03081595 0.05870097
v 0.17625530 -0.02900856 0.05683600
v 0.17511140 -0.03081595 0.05870097
v 0.17681959 -0.03913539 0.05647969
v 0.17625530 -0.02900856 0.05683600
v 0.17681959 -0.03913539 0.05647969
v 0.17790280 -0.02695465 0.05405062
v 0.18067031 -0.03888016 0.04993146
v 0.17790280 -0.02695465 0.05405062
v 0.17681959 -0.03913539 0.05647969
v 0.18067031 -0.03888016 0.04993146
v 0.18237570 -0.02179330 0.04559433
v 0.17790280 -0.02695465 0.05405062
v 0.12593029 -0.01994538 -0.26800001
v 0.16564099 -0.25163499 -0.15662999
v 0.16376060 -0.25047690 -0.15973780
v 0.12593029 -0.01994538 -0.26800001
v 0.12710690 -0.01000350 -0.26800001
v 0.16564099 -0.25163499 -0.15662999
v 0.16171440 -0.24932690 -0.16271231
v 0.15951569 -0.24818709 -0.16555540
v 0.12397710 -0.02976429 -0.26800001
v 0.16171440 -0.24932690 -0.16271231
v 0.12593029 -0.01994538 -0.26800001
v 0.16376060 -0.25047690 -0.15973780
v 0.16171440 -0.24932690 -0.16271231
v 0.12397710 -0.02976429 -0.26800001
v 0.12593029 -0.01994538 -0.26800001
v 0.18695030 -0.03496128 -0.13565500
v 0.18308380 -0.02878618 -0.14460251
v 0.18705709 -0.02729374 -0.13608280
v 0.18695030 -0.03496128 -0.13565500
v 0.18705709 -0.02729374 -0.13608280
v 0.18881419 -0.04003530 -0.13041601
v 0.18695030 -0.03496128 -0.13565500
v 0.18516330 -0.04130548 -0.13894400
v 0.12710690 -0.01000350 -0.26800001
v 0.18695030 -0.03496128 -0.13565500
v 0.12710690 -0.01000350 -0.26800001
v 0.18308380 -0.02878618 -0.14460251
v 0.19033280 -0.02577990 -0.12727509
v 0.18705709 -0.02729374 -0.13608280
v 0.18709479 -0.01952391 -0.13644581
v 0.12125970 -0.03939968 -0.26800001
v 0.12397710 -0.02976429 -0.26800001
v 0.15951569 -0.24818709 -0.16555540
v 0.18922320 0.01983392 -0.12839280
v 0.18649320 0.01218718 -0.13705900
v 0.18614870 0.02015036 -0.13697700
v 0.18676010 0.00421178 -0.13704470
v 0.18308669 0.00388586 -0.14535750
v 0.18281400 0.01216614 -0.14536880
v 0.18676010 0.00421178 -0.13704470
v 0.18281400 0.01216614 -0.14536880
v 0.18649320 0.01218718 -0.13705900
v 0.18676010 0.00421178 -0.13704470
v 0.18694881 -0.00374883 -0.13693459
v 0.18308669 0.00388586 -0.14535750
v 0.18676010 0.00421178 -0.13704470
v 0.19000280 -0.00312656 -0.12834010
v 0.18694881 -0.00374883 -0.13693459
v 0.19016171 -0.01073920 -0.12808870
v 0.18694881 -0.00374883 -0.13693459
v 0.19000280 -0.00312656 -0.12834010
v 0.18705970 -0.01166868 -0.13673280
v 0.18329909 -0.01259595 -0.14511161
v 0.18324800 -0.00437814 -0.14527071
v 0.18705970 -0.01166868 -0.13673280
v 0.18324800 -0.00437814 -0.14527071
v 0.18694881 -0.00374883 -0.13693459
v 0.18705970 -0.01166868 -0.13673280
v 0.18709479 -0.01952391 -0.13644581
v 0.18329909 -0.01259595 -0.14511161
v 0.18705970 -0.01166868 -0.13673280
v 0.18694881 -0.00374883 -0.13693459
v 0.19016171 -0.01073920 -0.12808870
v 0.18127771 0.05977088 -0.13971010
v 0.12710690 0.01000350 -0.26800001
v 0.12593029 0.01994538 -0.26800001
v 0.18127771 0.05977088 -0.13971010
v 0.12593029 0.01994538 -0.26800001
v 0.17929059 0.07201367 -0.14014579
v 0.09695172 0.08280462 -0.26800001
v 0.15679720 0.11416440 -0.15511981
v 0.10314970 0.07494258 -0.26800001
v 0.15108401 0.11616310 -0.16000000
v 0.10982370 0.15271001 -0.16000000
v 0.15679720 0.11416440 -0.15511981
v 0.07494258 0.10314960 -0.26800001
v 0.06661856 0.10871160 -0.26800001
v 0.10684340 0.15524690 -0.16000000
v 0.07494258 0.10314960 -0.26800001
v 0.10684340 0.15524690 -0.16000000
v 0.08280462 0.09695172 -0.26800001
v 0.18244711 0.09293031 -0.12441740
v 0.17961150 0.09688860 -0.12903731
v 0.15203620 0.16552880 -0.06155669
v 0.18244711 0.09293031 -0.12441740
v 0.15203620 0.16552880 -0.06155669
v 0.18450890 0.08951199 -0.12067020
v 0.17643330 0.10059720 -0.13366310
v 0.17364500 0.10337610 -0.13735341
v 0.15046871 0.16774561 -0.06312423
v 0.17643330 0.10059720 -0.13366310
v 0.15046871 0.16774561 -0.06312423
v 0.17961150 0.09688860 -0.12903731
v 0.17643330 0.10059720 -0.13366310
v 0.12125970 0.03939962 -0.26800001
v 0.17364500 0.10337610 -0.13735341
v 0.05788373 0.11360330 -0.26800001
v 0.04879212 0.11779460 -0.26800001
v 0.10350370 0.15728760 -0.16000000
v 0.05788373 0.11360330 -0.26800001
v 0.10350370 0.15728760 -0.16000000
v 0.06661856 0.10871160 -0.26800001
v 0.10871160 -0.06661856 -0.26800001
v 0.11360330 -0.05788379 -0.26800001
v 0.14597531 -0.24475931 -0.17792660
v 0.10871160 -0.06661856 -0.26800001
v 0.14020839 -0.24266630 -0.18206599
v 0.10314970 -0.07494264 -0.26800001
v 0.10871160 -0.06661856 -0.26800001
v 0.14597531 -0.24475931 -0.17792660
v 0.14020839 -0.24266630 -0.18206599
v 0.14876680 -0.24583670 -0.17567579
v 0.14597531 -0.24475931 -0.17792660
v 0.11360330 -0.05788379 -0.26800001
v 0.14876680 -0.24583670 -0.17567579
v 0.11360330 -0.05788379 -0.26800001
v 0.15145931 -0.24692690 -0.17331430
v 0.14876680 -0.24583670 -0.17567579
v 0.15145931 -0.24692690 -0.17331430
v 0.14783759 -0.24779020 -0.17535080
v -0.02976423 -0.12397710 -0.26800001
v -0.01994538 -0.12593029 -0.26800001
v -0.01725000 -0.23620000 -0.21766150
v -0.02976423 -0.12397710 -0.26800001
v -0.01725000 -0.23620000 -0.21766150
v -0.03939962 -0.12125970 -0.26800001
v 0.16190720 -0.26877680 -0.12750231
v 0.16191950 -0.26962689 -0.12445720
v -0.01725000 -0.23620000 -0.21766150
v 0.16190720 -0.26877680 -0.12750231
v -0.01725000 -0.23620000 -0.21766150
v 0.16176170 -0.26791689 -0.13050130
v 0.16259030 -0.26517329 -0.13967390
v 0.16105551 -0.26617101 -0.13633320
v 0.16048710 -0.26528710 -0.13915110
v 0.16259030 -0.26517329 -0.13967390
v 0.16048710 -0.26528710 -0.13915110
v 0.16183880 -0.26426890 -0.14253530
v 0.16290170 -0.26267251 -0.14626350
v 0.16183880 -0.26426890 -0.14253530
v 0.16089711 -0.26323250 -0.14564440
v 0.13844050 -0.24648739 -0.18090311
v 0.13255920 -0.24450129 -0.18460980
v 0.13939260 -0.24466470 -0.18166880
v 0.16291900 -0.25247580 -0.15994041
v 0.16171440 -0.24932690 -0.16271231
v 0.16376060 -0.25047690 -0.15973780
v 0.16477489 -0.27070889 -0.08801788
v 0.17848630 -0.10500000 0.03578877
v 0.16183411 -0.27186140 -0.08132839
v 0.18962550 -0.04048150 0.02895146
v 0.18110350 -0.10500000 0.02706068
v 0.19213250 -0.04015636 0.02052479
v 0.18962550 -0.04048150 0.02895146
v 0.17848630 -0.10500000 0.03578877
v 0.18110350 -0.10500000 0.02706068
v 0.18962550 -0.04048150 0.02895146
v 0.19213250 -0.04015636 0.02052479
v 0.19235221 -0.03751552 0.02073293
v 0.16286170 -0.27279991 -0.11159970
v 0.15940350 -0.27446720 -0.10560010
v 0.16071300 -0.27290910 -0.11195280
v 0.16286170 -0.27279991 -0.11159970
v 0.16071300 -0.27290910 -0.11195280
v 0.16372660 -0.27119929 -0.11807070
v 0.16397360 -0.27037659 -0.12127620
v 0.16372660 -0.27119929 -0.11807070
v 0.16156010 -0.27129340 -0.11825630
v 0.16397360 -0.27037659 -0.12127620
v 0.16156010 -0.27129340 -0.11825630
v 0.16180250 -0.27046600 -0.12137290
v 0.16397360 -0.27037659 -0.12127620
v 0.16608210 -0.26987821 -0.12106790
v 0.16372660 -0.27119929 -0.11807070
v 0.16760249 -0.26157820 -0.14351550
v 0.16913000 -0.26002899 -0.14348599
v 0.16841491 -0.26251650 -0.14034110
v 0.16744630 -0.25832111 -0.14873120
v 0.16595100 -0.25989911 -0.14863890
v 0.16529870 -0.25660780 -0.15369640
v 0.17348111 -0.25700960 -0.13215140
v 0.19626890 -0.03659099 -0.09748834
v 0.17370740 -0.25788361 -0.12868690
v 0.17348111 -0.25700960 -0.13215140
v 0.17308091 -0.25611091 -0.13558710
v 0.19523470 -0.03719979 -0.10619590
v 0.17348111 -0.25700960 -0.13215140
v 0.17370740 -0.25788361 -0.12868690
v 0.17330950 -0.25994399 -0.12926871
v 0.19369321 0.04969453 -0.08835035
v 0.19337730 0.05874001 -0.08635127
v 0.19494890 0.01373606 -0.01261693
v 0.19369321 0.04969453 -0.08835035
v 0.19494890 0.01373606 -0.01261693
v 0.19523410 0.00556910 -0.09265738
v 0.19369321 0.04969453 -0.08835035
v 0.19334650 0.05943197 -0.08748483
v 0.19337730 0.05874001 -0.08635127
v 0.19669390 -0.03623467 -0.08708024
v 0.19523410 0.00556910 -0.09265738
v 0.19669390 -0.03623467 -0.01273941
v 0.19669390 -0.03623467 -0.08708024
v 0.19670001 -0.03658366 -0.01273941
v 0.19670001 -0.03658366 -0.08708024
v 0.19669390 -0.03623467 -0.08708024
v 0.19669390 -0.03623467 -0.01273941
v 0.19670001 -0.03658366 -0.01273941
v 0.19669390 -0.03623467 -0.08708024
v 0.19670001 -0.03658366 -0.08708024
v 0.19636260 -0.03653144 -0.09628564
v 0.16995610 -0.26612100 -0.10117070
v 0.18110350 -0.10500000 0.02706068
v 0.16782570 -0.26743469 -0.09421867
v 0.16995610 -0.26612100 -0.10117070
v 0.17160469 -0.26471579 -0.10819330
v 0.18298610 -0.10500000 0.01814520
v 0.16995610 -0.26612100 -0.10117070
v 0.18298610 -0.10500000 0.01814520
v 0.18110350 -0.10500000 0.02706068
v 0.17273980 -0.26321849 -0.11524490
v 0.17203330 -0.26519841 -0.11583290
v 0.17310420 -0.26243511 -0.11876860
v 0.17273980 -0.26321849 -0.11524490
v 0.17303090 -0.26113641 -0.11466000
v 0.17160469 -0.26471579 -0.10819330
v 0.17273980 -0.26321849 -0.11524490
v 0.17342280 -0.26035911 -0.11818160
v 0.17303090 -0.26113641 -0.11466000
v 0.17273980 -0.26321849 -0.11524490
v 0.17310420 -0.26243511 -0.11876860
v 0.17342280 -0.26035911 -0.11818160
v 0.16991660 -0.26853010 -0.10943200
v 0.17094120 -0.26700071 -0.11640140
v 0.17203330 -0.26519841 -0.11583290
v 0.16991660 -0.26853010 -0.10943200
v 0.16852890 -0.27010241 -0.11004720
v 0.17094120 -0.26700071 -0.11640140
v 0.19453950 -0.03701102 0.01096743
v 0.19596930 -0.03653657 0.00106162
v 0.19431260 0.00405920 0.00323755
v 0.19453950 -0.03701102 0.01096743
v 0.19431260 0.00405920 0.00323755
v 0.19326040 -0.00075407 0.01112365
v 0.19453950 -0.03701102 0.01096743
v 0.19427601 -0.03977656 0.01077538
v 0.19578961 -0.03886181 0.00092852
v 0.19453950 -0.03701102 0.01096743
v 0.19578961 -0.03886181 0.00092852
v 0.19596930 -0.03653657 0.00106162
v 0.19453950 -0.03701102 0.01096743
v 0.19235221 -0.03751552 0.02073293
v 0.19213250 -0.04015636 0.02052479
v 0.19453950 -0.03701102 0.01096743
v 0.19213250 -0.04015636 0.02052479
v 0.19427601 -0.03977656 0.01077538
v 0.19453950 -0.03701102 0.01096743
v 0.19326040 -0.00075407 0.01112365
v 0.19171581 -0.00553155 0.01895111
v 0.19453950 -0.03701102 0.01096743
v 0.19171581 -0.00553155 0.01895111
v 0.19235221 -0.03751552 0.02073293
v 0.17367101 -0.25955799 -0.12169670
v 0.17342280 -0.26035911 -0.11818160
v 0.17310420 -0.26243511 -0.11876860
v 0.17367101 -0.25955799 -0.12169670
v 0.17376821 -0.25873289 -0.12520020
v 0.19670001 -0.03658366 -0.01273941
v 0.17367101 -0.25955799 -0.12169670
v 0.19670001 -0.03658366 -0.01273941
v 0.19621620 -0.03871685 -0.00420272
v 0.17367101 -0.25955799 -0.12169670
v 0.19621620 -0.03871685 -0.00420272
v 0.17342280 -0.26035911 -0.11818160
v -0.11460960 -0.15277730 -0.19932540
v -0.11826050 -0.14838310 -0.19940780
v -0.11801140 -0.14812329 -0.20165350
v -0.11460960 -0.15277730 -0.19932540
v -0.10709970 -0.16160700 -0.19895969
v -0.19975001 -0.06119996 -0.14796160
v -0.11460960 -0.15277730 -0.19932540
v -0.19975001 -0.06119996 -0.14796160
v -0.11826050 -0.14838310 -0.19940780
v -0.09942275 -0.17033300 -0.19856469
v -0.10676530 -0.16133329 -0.20118640
v -0.09907656 -0.16999790 -0.20077901
v -0.09942275 -0.17033300 -0.19856469
v -0.10709970 -0.16160700 -0.19895969
v -0.10676530 -0.16133329 -0.20118640
v -0.09942275 -0.17033300 -0.19856469
v -0.19975001 -0.06119996 -0.14796160
v -0.10709970 -0.16160700 -0.19895969
v 0.09432238 -0.28669330 -0.03834205
v 0.08284360 -0.28682381 -0.03698778
v 0.08751648 -0.28691131 -0.03928047
v 0.09432238 -0.28669330 -0.03834205
v 0.08751648 -0.28691131 -0.03928047
v 0.09753262 -0.28668249 -0.03910422
v 0.10234490 -0.28663361 -0.04039019
v 0.09753262 -0.28668249 -0.03910422
v 0.09596610 -0.28686249 -0.04111254
v 0.10234490 -0.28663361 -0.04039019
v 0.09596610 -0.28686249 -0.04111254
v 0.10017370 -0.28680220 -0.04218327
v 0.10390380 -0.28364071 -0.03442144
v 0.10427610 -0.28190911 -0.03292965
v 0.09887075 -0.28359479 -0.03308892
v 0.10390380 -0.28364071 -0.03442144
v 0.09887075 -0.28359479 -0.03308892
v 0.09847599 -0.28502291 -0.03488391
v 0.10940610 -0.28192791 -0.03451156
v 0.11253590 -0.10500000 0.10588830
v 0.10427610 -0.28190911 -0.03292965
v 0.10940610 -0.28192791 -0.03451156
v 0.10390380 -0.28364071 -0.03442144
v 0.10897090 -0.28363180 -0.03600037
v 0.10940610 -0.28192791 -0.03451156
v 0.10427610 -0.28190911 -0.03292965
v 0.10390380 -0.28364071 -0.03442144
v 0.16643190 -0.10500000 0.06025320
v 0.15475950 -0.27388790 -0.06858247
v 0.17112499 -0.10500000 0.05244266
v 0.16643190 -0.10500000 0.06025320
v 0.16110571 -0.10500000 0.06764650
v 0.14567530 -0.27754590 -0.05780380
v 0.15518330 -0.10500000 0.07457137
v 0.17259160 -0.03936249 0.06279170
v 0.14870560 -0.10500000 0.08097988
v 0.18437541 -0.03857439 0.04265064
v 0.18616880 -0.01648408 0.03689569
v 0.18237570 -0.02179330 0.04559433
v 0.18437541 -0.03857439 0.04265064
v 0.18067031 -0.03888016 0.04993146
v 0.18398270 -0.04095941 0.04299169
v 0.18437541 -0.03857439 0.04265064
v 0.18237570 -0.02179330 0.04559433
v 0.18067031 -0.03888016 0.04993146
v 0.15765530 -0.27596059 -0.09925144
v 0.15179791 -0.27807671 -0.08962893
v 0.15342990 -0.27715141 -0.09366935
v 0.15765530 -0.27596059 -0.09925144
v 0.15342990 -0.27715141 -0.09366935
v 0.15940350 -0.27446720 -0.10560010
v 0.15765530 -0.27596059 -0.09925144
v 0.15000170 -0.27896610 -0.08565217
v 0.15179791 -0.27807671 -0.08962893
v 0.15000990 -0.27998361 -0.08076125
v 0.14368761 -0.28139600 -0.07426822
v 0.14594039 -0.28062791 -0.07795530
v 0.16172370 -0.27522951 -0.09787082
v 0.15945970 -0.27658799 -0.09131395
v 0.15752840 -0.27719301 -0.09216457
v 0.16172370 -0.27522951 -0.09787082
v 0.16353780 -0.27426699 -0.09710490
v 0.15945970 -0.27658799 -0.09131395
v 0.12894811 -0.28476039 -0.05674618
v 0.11020190 -0.28608501 -0.04789930
v 0.13333410 -0.28399801 -0.06097906
v 0.10571290 -0.28629860 -0.04624456
v 0.13745549 -0.28311500 -0.06565278
v 0.13333410 -0.28399801 -0.06097906
v 0.10571290 -0.28629860 -0.04624456
v 0.13333410 -0.28399801 -0.06097906
v 0.11020190 -0.28608501 -0.04789930
v 0.10571290 -0.28629860 -0.04624456
v 0.10114190 -0.28645319 -0.04483377
v 0.13745549 -0.28311500 -0.06565278
v 0.10571290 -0.28629860 -0.04624456
v 0.11020190 -0.28608501 -0.04789930
v 0.11558440 -0.28618971 -0.04782879
v 0.11104720 -0.28645280 -0.04580175
v 0.11188580 -0.28637081 -0.04367095
v 0.10642690 -0.28664249 -0.04408270
v 0.11104720 -0.28645280 -0.04580175
v 0.10571290 -0.28629860 -0.04624456
v 0.11558440 -0.28618971 -0.04782879
v 0.11104720 -0.28645280 -0.04580175
v 0.10642690 -0.28664249 -0.04408270
v 0.10114190 -0.28645319 -0.04483377
v 0.11104720 -0.28645280 -0.04580175
v 0.10114190 -0.28645319 -0.04483377
v 0.10571290 -0.28629860 -0.04624456
v 0.12115840 -0.28580141 -0.04825085
v 0.11558440 -0.28618971 -0.04782879
v 0.12001710 -0.28584090 -0.05021286
v 0.09650617 -0.28656051 -0.04361921
v 0.10114190 -0.28645319 -0.04483377
v 0.10642690 -0.28664249 -0.04408270
v 0.09650617 -0.28656051 -0.04361921
v 0.10642690 -0.28664249 -0.04408270
v 0.09338831 -0.28661159 -0.04289466
v 0.09650617 -0.28656051 -0.04361921
v 0.09338831 -0.28661159 -0.04289466
v 0.08705282 -0.28661039 -0.04191017
v 0.09650617 -0.28656051 -0.04361921
v 0.08705282 -0.28661039 -0.04191017
v 0.10114190 -0.28645319 -0.04483377
v -0.10611050 -0.16077600 -0.20328490
v -0.11370670 -0.15199231 -0.20368610
v -0.11278740 -0.15120360 -0.20560780
v -0.10611050 -0.16077600 -0.20328490
v -0.11278740 -0.15120360 -0.20560780
v -0.10516220 -0.15995841 -0.20517570
v -0.10611050 -0.16077600 -0.20328490
v -0.10516220 -0.15995841 -0.20517570
v -0.09841710 -0.16937640 -0.20285560
v -0.10611050 -0.16077600 -0.20328490
v -0.10676530 -0.16133329 -0.20118640
v -0.11370670 -0.15199231 -0.20368610
v -0.10611050 -0.16077600 -0.20328490
v -0.09841710 -0.16937640 -0.20285560
v -0.09907656 -0.16999790 -0.20077901
v -0.10611050 -0.16077600 -0.20328490
v -0.09907656 -0.16999790 -0.20077901
v -0.10676530 -0.16133329 -0.20118640
v -0.12107840 -0.14320379 -0.20376790
v -0.11801140 -0.14812329 -0.20165350
v -0.12161870 -0.14375530 -0.20162630
v -0.12107840 -0.14320379 -0.20376790
v -0.12383090 -0.13803659 -0.20556170
v -0.12022200 -0.14240280 -0.20571910
v -0.09139341 -0.17832580 -0.20062770
v -0.09841710 -0.16937640 -0.20285560
v -0.08560818 -0.18434750 -0.20082469
v -0.09139341 -0.17832580 -0.20062770
v -0.08560818 -0.18434750 -0.20082469
v -0.08588957 -0.18487750 -0.19864079
v -0.09139341 -0.17832580 -0.20062770
v -0.08588957 -0.18487750 -0.19864079
v -0.09171158 -0.17876390 -0.19842850
v -0.09457778 -0.17354780 -0.20271841
v -0.08560818 -0.18434750 -0.20082469
v -0.09841710 -0.16937640 -0.20285560
v -0.09457778 -0.17354780 -0.20271841
v -0.09841710 -0.16937640 -0.20285560
v -0.08502292 -0.18352979 -0.20285369
v -0.12464150 -0.13886181 -0.20359720
v -0.12810341 -0.13458189 -0.20323300
v -0.12734930 -0.13371810 -0.20520750
v -0.12464150 -0.13886181 -0.20359720
v -0.12734930 -0.13371810 -0.20520750
v -0.12383090 -0.13803659 -0.20556170
v -0.12464150 -0.13886181 -0.20359720
v -0.12383090 -0.13803659 -0.20556170
v -0.12107840 -0.14320379 -0.20376790
v -0.12464150 -0.13886181 -0.20359720
v -0.12512881 -0.13944240 -0.20144700
v -0.12810341 -0.13458189 -0.20323300
v -0.12464150 -0.13886181 -0.20359720
v -0.12107840 -0.14320379 -0.20376790
v -0.12161870 -0.14375530 -0.20162630
v -0.12464150 -0.13886181 -0.20359720
v -0.12161870 -0.14375530 -0.20162630
v -0.12512881 -0.13944240 -0.20144700
v -0.06698036 -0.19842730 -0.20641570
v -0.07274299 -0.19337730 -0.20564960
v -0.01924997 -0.23420000 -0.21766150
v -0.06698036 -0.19842730 -0.20641570
v -0.01924997 -0.23420000 -0.21766150
v -0.06771063 -0.19974560 -0.20471931
v -0.06698036 -0.19842730 -0.20641570
v -0.06771063 -0.19974560 -0.20471931
v -0.07274299 -0.19337730 -0.20564960
v -0.05788373 -0.11360330 -0.26800001
v -0.04879212 -0.11779460 -0.26800001
v -0.01725000 -0.23620000 -0.21766150
v -0.05788373 -0.11360330 -0.26800001
v -0.01725000 -0.23620000 -0.21766150
v -0.06661856 -0.10871160 -0.26800001
v 0.08914566 -0.28239319 -0.03004103
v 0.09554457 -0.28354090 -0.03230798
v 0.09584015 -0.28176129 -0.03082448
v 0.08914566 -0.28239319 -0.03004103
v 0.08415216 -0.28286880 -0.02956658
v 0.09554457 -0.28354090 -0.03230798
v 0.08914566 -0.28239319 -0.03004103
v 0.11046510 -0.10500000 0.10642020
v 0.08415216 -0.28286880 -0.02956658
v 0.08914566 -0.28239319 -0.03004103
v 0.09584015 -0.28176129 -0.03082448
v 0.11046510 -0.10500000 0.10642020
v 0.09518331 -0.28499010 -0.03410363
v 0.08881568 -0.28429329 -0.03191226
v 0.08377617 -0.28478709 -0.03169906
v 0.09518331 -0.28499010 -0.03410363
v 0.09554457 -0.28354090 -0.03230798
v 0.08881568 -0.28429329 -0.03191226
v 0.09518331 -0.28499010 -0.03410363
v 0.09847599 -0.28502291 -0.03488391
v 0.09887075 -0.28359479 -0.03308892
v 0.09518331 -0.28499010 -0.03410363
v 0.09887075 -0.28359479 -0.03308892
v 0.09554457 -0.28354090 -0.03230798
v 0.10525060 -0.10087810 0.11000000
v -0.06232130 0.06756800 0.11750000
v -0.06386250 0.06658613 0.11750000
v 0.10525060 -0.10087810 0.11000000
v 0.10555400 -0.10062310 0.11000000
v -0.06232130 0.06756800 0.11750000
v 0.10525060 -0.10087810 0.11000000
v -0.06386250 0.06658613 0.11750000
v 0.10470950 -0.10116070 0.11000000
v 0.10525060 -0.10087810 0.11000000
v 0.10599370 -0.10136960 0.10959360
v 0.10555400 -0.10062310 0.11000000
v 0.10525060 -0.10087810 0.11000000
v 0.10470950 -0.10116070 0.11000000
v 0.10599370 -0.10136960 0.10959360
v 0.14151600 -0.05392152 0.08698195
v 0.17255130 -0.03895449 0.06282901
v 0.14475270 -0.05130052 0.08440858
v 0.14151600 -0.05392152 0.08698195
v 0.14107829 -0.05445891 0.08731496
v 0.14171740 -0.10500000 0.08682757
v 0.14151600 -0.05392152 0.08698195
v 0.13939761 -0.05479836 0.08856183
v 0.14107829 -0.05445891 0.08731496
v 0.14151600 -0.05392152 0.08698195
v 0.14475270 -0.05130052 0.08440858
v 0.13655630 -0.05499994 0.09055978
v 0.14151600 -0.05392152 0.08698195
v 0.13655630 -0.05499994 0.09055978
v 0.13939761 -0.05479836 0.08856183
v 0.13035470 -0.27926120 -0.04350829
v 0.13403790 -0.27897519 -0.04629927
v 0.14171740 -0.10500000 0.08682757
v 0.18965170 0.07707518 -0.10897260
v 0.18856861 0.08037227 -0.11187550
v 0.14641771 0.18330000 0.02050608
v 0.18965170 0.07707518 -0.10897260
v 0.14641771 0.18330000 0.02050608
v 0.19059700 0.07393610 -0.10595520
v 0.19140320 0.07096081 -0.10283630
v 0.19059700 0.07393610 -0.10595520
v 0.14641771 0.18330000 0.02050608
v 0.19140320 0.07096081 -0.10283630
v 0.14641771 0.18330000 0.02050608
v 0.19207039 0.06815314 -0.09962838
v 0.17670269 -0.04134458 0.05632114
v 0.18067031 -0.03888016 0.04993146
v 0.17681959 -0.03913539 0.05647969
v 0.17670269 -0.04134458 0.05632114
v 0.16643190 -0.10500000 0.06025320
v 0.17112499 -0.10500000 0.05244266
v 0.18053959 -0.04116326 0.04976332
v 0.17112499 -0.10500000 0.05244266
v 0.18398270 -0.04095941 0.04299169
v 0.18053959 -0.04116326 0.04976332
v 0.18398270 -0.04095941 0.04299169
v 0.18067031 -0.03888016 0.04993146
v 0.18053959 -0.04116326 0.04976332
v 0.17670269 -0.04134458 0.05632114
v 0.17112499 -0.10500000 0.05244266
v 0.18053959 -0.04116326 0.04976332
v 0.18067031 -0.03888016 0.04993146
v 0.17670269 -0.04134458 0.05632114
v 0.16615801 -0.24957800 -0.15613930
v 0.16564099 -0.25163499 -0.15662999
v 0.12710690 -0.01000350 -0.26800001
v 0.16615801 -0.24957800 -0.15613930
v 0.12710690 -0.01000350 -0.26800001
v 0.16785520 -0.25074539 -0.15288199
v 0.16734190 -0.25279900 -0.15338790
v 0.16615801 -0.24957800 -0.15613930
v 0.16785520 -0.25074539 -0.15288199
v 0.16734190 -0.25279900 -0.15338790
v 0.16564099 -0.25163499 -0.15662999
v 0.16615801 -0.24957800 -0.15613930
v 0.17003050 -0.25249791 -0.14775170
v 0.16785520 -0.25074539 -0.15288199
v 0.18516330 -0.04130548 -0.13894400
v 0.17003050 -0.25249791 -0.14775170
v 0.18516330 -0.04130548 -0.13894400
v 0.18695030 -0.03496128 -0.13565500
v 0.17003050 -0.25249791 -0.14775170
v 0.18695030 -0.03496128 -0.13565500
v 0.18881419 -0.04003530 -0.13041601
v 0.19034910 -0.03317642 -0.12673600
v 0.18881419 -0.04003530 -0.13041601
v 0.18705709 -0.02729374 -0.13608280
v 0.19034910 -0.03317642 -0.12673600
v 0.18705709 -0.02729374 -0.13608280
v 0.19033280 -0.02577990 -0.12727509
v 0.11779460 -0.04879212 -0.26800001
v 0.15145931 -0.24692690 -0.17331430
v 0.11360330 -0.05788379 -0.26800001
v 0.18134500 0.03679877 -0.14495949
v 0.18193960 0.02865189 -0.14516591
v 0.12710690 0.01000350 -0.26800001
v 0.18134500 0.03679877 -0.14495949
v 0.18523630 0.03593635 -0.13653910
v 0.18193960 0.02865189 -0.14516591
v 0.18572870 0.02807486 -0.13680179
v 0.18193960 0.02865189 -0.14516591
v 0.18523630 0.03593635 -0.13653910
v 0.18243080 0.02043157 -0.14530410
v 0.18614870 0.02015036 -0.13697700
v 0.18281400 0.01216614 -0.14536880
v 0.18243080 0.02043157 -0.14530410
v 0.18572870 0.02807486 -0.13680179
v 0.18614870 0.02015036 -0.13697700
v 0.18243080 0.02043157 -0.14530410
v 0.18193960 0.02865189 -0.14516591
v 0.18572870 0.02807486 -0.13680179
v 0.18243080 0.02043157 -0.14530410
v 0.18281400 0.01216614 -0.14536880
v 0.12710690 0.01000350 -0.26800001
v 0.18243080 0.02043157 -0.14530410
v 0.12710690 0.01000350 -0.26800001
v 0.18193960 0.02865189 -0.14516591
v 0.18953340 0.01218259 -0.12849461
v 0.18649320 0.01218718 -0.13705900
v 0.18922320 0.01983392 -0.12839280
v 0.18953340 0.01218259 -0.12849461
v 0.18922320 0.01983392 -0.12839280
v 0.19163680 0.01948422 -0.11960110
v 0.19258671 -0.00981301 -0.11923040
v 0.19016171 -0.01073920 -0.12808870
v 0.19000280 -0.00312656 -0.12834010
v 0.19027109 -0.01829612 -0.12773021
v 0.18705970 -0.01166868 -0.13673280
v 0.19016171 -0.01073920 -0.12808870
v 0.19027109 -0.01829612 -0.12773021
v 0.19033280 -0.02577990 -0.12727509
v 0.18709479 -0.01952391 -0.13644581
v 0.19027109 -0.01829612 -0.12773021
v 0.18709479 -0.01952391 -0.13644581
v 0.18705970 -0.01166868 -0.13673280
v 0.18405230 0.05138778 -0.13578770
v 0.18127771 0.05977088 -0.13971010
v 0.18328349 0.07022792 -0.13208801
v 0.18279649 0.07382625 -0.13202350
v 0.18127771 0.05977088 -0.13971010
v 0.17929059 0.07201367 -0.14014579
v 0.18279649 0.07382625 -0.13202350
v 0.18328349 0.07022792 -0.13208801
v 0.18127771 0.05977088 -0.13971010
v 0.14757130 0.11730140 -0.16268960
v 0.15108401 0.11616310 -0.16000000
v 0.08280462 0.09695172 -0.26800001
v 0.14757130 0.11730140 -0.16268960
v 0.08280462 0.09695172 -0.26800001
v 0.10982370 0.15271001 -0.16000000
v 0.14757130 0.11730140 -0.16268960
v 0.10982370 0.15271001 -0.16000000
v 0.15108401 0.11616310 -0.16000000
v 0.09015607 0.09015607 -0.26800001
v 0.08280462 0.09695172 -0.26800001
v 0.15108401 0.11616310 -0.16000000
v 0.09015607 0.09015607 -0.26800001
v 0.15108401 0.11616310 -0.16000000
v 0.15679720 0.11416440 -0.15511981
v 0.09015607 0.09015607 -0.26800001
v 0.15679720 0.11416440 -0.15511981
v 0.09695172 0.08280462 -0.26800001
v 0.16274320 0.11129740 -0.14952950
v 0.15981790 0.11281570 -0.15235309
v 0.14859159 0.16941360 -0.06500124
v 0.16274320 0.11129740 -0.14952950
v 0.14859159 0.16941360 -0.06500124
v 0.16566619 0.10955170 -0.14654639
v 0.16274320 0.11129740 -0.14952950
v 0.10871160 0.06661856 -0.26800001
v 0.15981790 0.11281570 -0.15235309
v 0.16274320 0.11129740 -0.14952950
v 0.16566619 0.10955170 -0.14654639
v 0.11360330 0.05788373 -0.26800001
v 0.16274320 0.11129740 -0.14952950
v 0.11360330 0.05788373 -0.26800001
v 0.10871160 0.06661856 -0.26800001
v 0.16846330 0.10764270 -0.14351730
v 0.16566619 0.10955170 -0.14654639
v 0.14859159 0.16941360 -0.06500124
v 0.16846330 0.10764270 -0.14351730
v 0.14859159 0.16941360 -0.06500124
v 0.17112540 0.10558080 -0.14045019
v 0.16846330 0.10764270 -0.14351730
v 0.17112540 0.10558080 -0.14045019
v 0.11779460 0.04879212 -0.26800001
v 0.16846330 0.10764270 -0.14351730
v 0.11779460 0.04879212 -0.26800001
v 0.11360330 0.05788373 -0.26800001
v 0.16846330 0.10764270 -0.14351730
v 0.11360330 0.05788373 -0.26800001
v 0.16566619 0.10955170 -0.14654639
v 0.18262340 0.08365195 -0.12846580
v 0.18244711 0.09293031 -0.12441740
v 0.18450890 0.08951199 -0.12067020
v 0.18262340 0.08365195 -0.12846580
v 0.18450890 0.08951199 -0.12067020
v 0.18545210 0.07838720 -0.12330800
v 0.17865001 0.07590091 -0.14013150
v 0.17929059 0.07201367 -0.14014579
v 0.12593029 0.01994538 -0.26800001
v 0.17761441 0.09820145 -0.13255250
v 0.17643330 0.10059720 -0.13366310
v 0.17961150 0.09688860 -0.12903731
v 0.12397710 0.02976423 -0.26800001
v 0.12125970 0.03939962 -0.26800001
v 0.17643330 0.10059720 -0.13366310
v 0.14508390 -0.24672790 -0.17757320
v 0.13939260 -0.24466470 -0.18166880
v 0.14597531 -0.24475931 -0.17792660
v 0.14508390 -0.24672790 -0.17757320
v 0.13844050 -0.24648739 -0.18090311
v 0.13939260 -0.24466470 -0.18166880
v 0.14508390 -0.24672790 -0.17757320
v 0.14876680 -0.24583670 -0.17567579
v 0.14783759 -0.24779020 -0.17535080
v 0.14508390 -0.24672790 -0.17757320
v 0.14597531 -0.24475931 -0.17792660
v 0.14876680 -0.24583670 -0.17567579
v 0.16318490 -0.26606831 -0.13674150
v 0.16147900 -0.26704800 -0.13344739
v 0.16105551 -0.26617101 -0.13633320
v 0.16318490 -0.26606831 -0.13674150
v 0.16105551 -0.26617101 -0.13633320
v 0.16259030 -0.26517329 -0.13967390
v 0.16233671 -0.26213831 -0.14783660
v 0.16290170 -0.26267251 -0.14626350
v 0.16089711 -0.26323250 -0.14564440
v 0.16233671 -0.26213831 -0.14783660
v 0.16089711 -0.26323250 -0.14564440
v 0.16035610 -0.26271379 -0.14715730
v 0.16388570 -0.26373950 -0.14303090
v 0.16259030 -0.26517329 -0.13967390
v 0.16183880 -0.26426890 -0.14253530
v 0.16388570 -0.26373950 -0.14303090
v 0.16183880 -0.26426890 -0.14253530
v 0.16290170 -0.26267251 -0.14626350
v 0.16388570 -0.26373950 -0.14303090
v 0.16290170 -0.26267251 -0.14626350
v 0.16481200 -0.26173699 -0.14670859
v 0.13738941 -0.24806550 -0.17980070
v 0.14286880 -0.25005010 -0.17583020
v 0.05124998 -0.23620000 -0.21766150
v 0.15717810 -0.24705930 -0.16826899
v 0.15638749 -0.24909019 -0.16837570
v 0.12125970 -0.03939968 -0.26800001
v 0.15717810 -0.24705930 -0.16826899
v 0.12125970 -0.03939968 -0.26800001
v 0.15951569 -0.24818709 -0.16555540
v 0.16647790 -0.25477821 -0.15366240
v 0.16564099 -0.25163499 -0.15662999
v 0.16734190 -0.25279900 -0.15338790
v 0.16647790 -0.25477821 -0.15366240
v 0.16734190 -0.25279900 -0.15338790
v 0.16865270 -0.25651380 -0.14860910
v 0.16647790 -0.25477821 -0.15366240
v 0.16744630 -0.25832111 -0.14873120
v 0.16529870 -0.25660780 -0.15369640
v 0.16647790 -0.25477821 -0.15366240
v 0.16865270 -0.25651380 -0.14860910
v 0.16744630 -0.25832111 -0.14873120
v 0.16478680 -0.25362390 -0.15686800
v 0.16291900 -0.25247580 -0.15994041
v 0.16376060 -0.25047690 -0.15973780
v 0.16478680 -0.25362390 -0.15686800
v 0.16376060 -0.25047690 -0.15973780
v 0.16564099 -0.25163499 -0.15662999
v 0.16478680 -0.25362390 -0.15686800
v 0.16564099 -0.25163499 -0.15662999
v 0.16647790 -0.25477821 -0.15366240
v 0.16478680 -0.25362390 -0.15686800
v 0.16363060 -0.25546890 -0.15684579
v 0.16291900 -0.25247580 -0.15994041
v 0.16478680 -0.25362390 -0.15686800
v 0.16647790 -0.25477821 -0.15366240
v 0.16529870 -0.25660780 -0.15369640
v 0.16478680 -0.25362390 -0.15686800
v 0.16529870 -0.25660780 -0.15369640
v 0.16363060 -0.25546890 -0.15684579
v 0.16088770 -0.25133631 -0.16288100
v 0.15951569 -0.24818709 -0.16555540
v 0.16171440 -0.24932690 -0.16271231
v 0.16088770 -0.25133631 -0.16288100
v 0.16171440 -0.24932690 -0.16271231
v 0.16291900 -0.25247580 -0.15994041
v 0.15537161 -0.25909719 -0.15697999
v 0.15699729 -0.26012519 -0.15430920
v 0.05124998 -0.23620000 -0.21766150
v 0.14964861 -0.25605780 -0.16437811
v 0.15168820 -0.25706229 -0.16201110
v 0.05124998 -0.23620000 -0.21766150
v 0.14964861 -0.25605780 -0.16437811
v 0.05124998 -0.23620000 -0.21766150
v 0.15120150 -0.25528809 -0.16569580
v 0.14964861 -0.25605780 -0.16437811
v 0.15120150 -0.25528809 -0.16569580
v 0.15168820 -0.25706229 -0.16201110
v 0.15043800 -0.25312629 -0.16917039
v 0.15270761 -0.25415799 -0.16679201
v 0.15120150 -0.25528809 -0.16569580
v 0.17237100 -0.26440841 -0.11934080
v 0.17310420 -0.26243511 -0.11876860
v 0.17203330 -0.26519841 -0.11583290
v 0.17237100 -0.26440841 -0.11934080
v 0.17203330 -0.26519841 -0.11583290
v 0.17094120 -0.26700071 -0.11640140
v 0.17261291 -0.26276049 -0.12631869
v 0.17256650 -0.26359579 -0.12283780
v 0.17142589 -0.26538539 -0.12333750
v 0.17178790 -0.26011771 -0.13660900
v 0.17263380 -0.25816381 -0.13615531
v 0.17223100 -0.26102161 -0.13321050
v 0.17123041 -0.25628749 -0.14288780
v 0.17116541 -0.25919130 -0.13996591
v 0.17035431 -0.25824210 -0.14327370
v 0.17305809 -0.25906590 -0.13272750
v 0.17223100 -0.26102161 -0.13321050
v 0.17263380 -0.25816381 -0.13615531
v 0.17305809 -0.25906590 -0.13272750
v 0.17348111 -0.25700960 -0.13215140
v 0.17330950 -0.25994399 -0.12926871
v 0.17305809 -0.25906590 -0.13272750
v 0.17263380 -0.25816381 -0.13615531
v 0.17308091 -0.25611091 -0.13558710
v 0.17305809 -0.25906590 -0.13272750
v 0.17308091 -0.25611091 -0.13558710
v 0.17348111 -0.25700960 -0.13215140
v 0.17339610 -0.26079810 -0.12578569
v 0.17330950 -0.25994399 -0.12926871
v 0.17370740 -0.25788361 -0.12868690
v 0.17339610 -0.26079810 -0.12578569
v 0.17370740 -0.25788361 -0.12868690
v 0.17376821 -0.25873289 -0.12520020
v 0.17339610 -0.26079810 -0.12578569
v 0.17261291 -0.26276049 -0.12631869
v 0.17330950 -0.25994399 -0.12926871
v 0.17339610 -0.26079810 -0.12578569
v 0.17256650 -0.26359579 -0.12283780
v 0.17261291 -0.26276049 -0.12631869
v 0.16524529 -0.26865730 -0.08737915
v 0.16477489 -0.27070889 -0.08801788
v 0.16782570 -0.26743469 -0.09421867
v 0.16524529 -0.26865730 -0.08737915
v 0.16782570 -0.26743469 -0.09421867
v 0.17848630 -0.10500000 0.03578877
v 0.16524529 -0.26865730 -0.08737915
v 0.17848630 -0.10500000 0.03578877
v 0.16477489 -0.27070889 -0.08801788
v 0.18701071 -0.04073286 0.03605401
v 0.18398270 -0.04095941 0.04299169
v 0.17515241 -0.10500000 0.04426896
v 0.18701071 -0.04073286 0.03605401
v 0.18437541 -0.03857439 0.04265064
v 0.18398270 -0.04095941 0.04299169
v 0.18701071 -0.04073286 0.03605401
v 0.17515241 -0.10500000 0.04426896
v 0.17848630 -0.10500000 0.03578877
v 0.18701071 -0.04073286 0.03605401
v 0.17848630 -0.10500000 0.03578877
v 0.18962550 -0.04048150 0.02895146
v 0.18987630 -0.03793847 0.02896744
v 0.18962550 -0.04048150 0.02895146
v 0.19235221 -0.03751552 0.02073293
v 0.18987630 -0.03793847 0.02896744
v 0.19235221 -0.03751552 0.02073293
v 0.18928170 -0.01105475 0.02800029
v 0.16152389 -0.27433601 -0.10509100
v 0.15765530 -0.27596059 -0.09925144
v 0.15940350 -0.27446720 -0.10560010
v 0.16152389 -0.27433601 -0.10509100
v 0.15940350 -0.27446720 -0.10560010
v 0.16286170 -0.27279991 -0.11159970
v 0.16582531 -0.27069521 -0.11777920
v 0.16286170 -0.27279991 -0.11159970
v 0.16372660 -0.27119929 -0.11807070
v 0.16582531 -0.27069521 -0.11777920
v 0.16372660 -0.27119929 -0.11807070
v 0.16608210 -0.26987821 -0.12106790
v 0.16409180 -0.26954001 -0.12445300
v 0.16397360 -0.27037659 -0.12127620
v 0.16180250 -0.27046600 -0.12137290
v 0.16409180 -0.26954001 -0.12445300
v 0.16180250 -0.27046600 -0.12137290
v 0.16191950 -0.26962689 -0.12445720
v 0.16950300 -0.26855490 -0.11692830
v 0.16777620 -0.26980320 -0.11739370
v 0.16979329 -0.26775101 -0.12035430
v 0.16950300 -0.26855490 -0.11692830
v 0.17094120 -0.26700071 -0.11640140
v 0.16852890 -0.27010241 -0.11004720
v 0.16684650 -0.27136889 -0.11062820
v 0.16950300 -0.26855490 -0.11692830
v 0.16852890 -0.27010241 -0.11004720
v 0.16684650 -0.27136889 -0.11062820
v 0.16777620 -0.26980320 -0.11739370
v 0.16950300 -0.26855490 -0.11692830
v 0.17125380 -0.26620379 -0.11987630
v 0.16979329 -0.26775101 -0.12035430
v 0.17142589 -0.26538539 -0.12333750
v 0.17125380 -0.26620379 -0.11987630
v 0.16950300 -0.26855490 -0.11692830
v 0.16979329 -0.26775101 -0.12035430
v 0.17125380 -0.26620379 -0.11987630
v 0.17094120 -0.26700071 -0.11640140
v 0.16950300 -0.26855490 -0.11692830
v 0.17125380 -0.26620379 -0.11987630
v 0.17237100 -0.26440841 -0.11934080
v 0.17094120 -0.26700071 -0.11640140
v 0.17125380 -0.26620379 -0.11987630
v 0.17142589 -0.26538539 -0.12333750
v 0.17256650 -0.26359579 -0.12283780
v 0.17125380 -0.26620379 -0.11987630
v 0.17256650 -0.26359579 -0.12283780
v 0.17237100 -0.26440841 -0.11934080
v 0.16663221 -0.26376081 -0.14028060
v 0.16760249 -0.26157820 -0.14351550
v 0.16841491 -0.26251650 -0.14034110
v 0.16655360 -0.26045960 -0.14696141
v 0.16481200 -0.26173699 -0.14670859
v 0.16595100 -0.25989911 -0.14863890
v 0.16655360 -0.26045960 -0.14696141
v 0.16595100 -0.25989911 -0.14863890
v 0.16744630 -0.25832111 -0.14873120
v 0.16806100 -0.25889149 -0.14701340
v 0.16744630 -0.25832111 -0.14873120
v 0.16865270 -0.25651380 -0.14860910
v 0.16806100 -0.25889149 -0.14701340
v 0.16655360 -0.26045960 -0.14696141
v 0.16744630 -0.25832111 -0.14873120
v 0.16806100 -0.25889149 -0.14701340
v 0.16913000 -0.26002899 -0.14348599
v 0.16760249 -0.26157820 -0.14351550
v 0.16806100 -0.25889149 -0.14701340
v 0.16760249 -0.26157820 -0.14351550
v 0.16655360 -0.26045960 -0.14696141
v 0.17249811 -0.25518769 -0.13898650
v 0.17308091 -0.25611091 -0.13558710
v 0.17263380 -0.25816381 -0.13615531
v 0.17249811 -0.25518769 -0.13898650
v 0.17172220 -0.25423941 -0.14234219
v 0.19211359 -0.03874522 -0.12047950
v 0.19567961 -0.03907662 -0.10108400
v 0.17348111 -0.25700960 -0.13215140
v 0.19523470 -0.03719979 -0.10619590
v 0.19567961 -0.03907662 -0.10108400
v 0.19523470 -0.03719979 -0.10619590
v 0.19626890 -0.03659099 -0.09748834
v 0.19567961 -0.03907662 -0.10108400
v 0.19626890 -0.03659099 -0.09748834
v 0.17348111 -0.25700960 -0.13215140
v 0.19527601 -0.03482049 -0.10588180
v 0.19626890 -0.03659099 -0.09748834
v 0.19523470 -0.03719979 -0.10619590
v 0.19387379 0.00508475 -0.11077460
v 0.19363080 0.01209694 -0.11080030
v 0.19489750 0.00533521 -0.10174170
v 0.16729450 -0.26946619 -0.09485602
v 0.16995610 -0.26612100 -0.10117070
v 0.16782570 -0.26743469 -0.09421867
v 0.16729450 -0.26946619 -0.09485602
v 0.16782570 -0.26743469 -0.09421867
v 0.16477489 -0.27070889 -0.08801788
v 0.17095441 -0.26671091 -0.10880600
v 0.17273980 -0.26321849 -0.11524490
v 0.17160469 -0.26471579 -0.10819330
v 0.17095441 -0.26671091 -0.10880600
v 0.17203330 -0.26519841 -0.11583290
v 0.17273980 -0.26321849 -0.11524490
v 0.17095441 -0.26671091 -0.10880600
v 0.16991660 -0.26853010 -0.10943200
v 0.17203330 -0.26519841 -0.11583290
v -0.11432270 -0.15252420 -0.20156521
v -0.11460960 -0.15277730 -0.19932540
v -0.11801140 -0.14812329 -0.20165350
v -0.11432270 -0.15252420 -0.20156521
v -0.10676530 -0.16133329 -0.20118640
v -0.10709970 -0.16160700 -0.19895969
v -0.11432270 -0.15252420 -0.20156521
v -0.10709970 -0.16160700 -0.19895969
v -0.11460960 -0.15277730 -0.19932540
v -0.11432270 -0.15252420 -0.20156521
v -0.11370670 -0.15199231 -0.20368610
v -0.10676530 -0.16133329 -0.20118640
v -0.09556311 -0.17459729 -0.19844620
v -0.09942275 -0.17033300 -0.19856469
v -0.09907656 -0.16999790 -0.20077901
v -0.09556311 -0.17459729 -0.19844620
v -0.09171158 -0.17876390 -0.19842850
v -0.09171187 -0.17889990 -0.19616710
v 0.08798015 -0.28661039 -0.03665083
v 0.08333134 -0.28613150 -0.03422164
v 0.08284360 -0.28682381 -0.03698778
v 0.08798015 -0.28661039 -0.03665083
v 0.08284360 -0.28682381 -0.03698778
v 0.09432238 -0.28669330 -0.03834205
v 0.09802430 -0.28606641 -0.03691458
v 0.09432238 -0.28669330 -0.03834205
v 0.09753262 -0.28668249 -0.03910422
v 0.10713620 -0.28653401 -0.04189467
v 0.10234490 -0.28663361 -0.04039019
v 0.10017370 -0.28680220 -0.04218327
v 0.10713620 -0.28653401 -0.04189467
v 0.10017370 -0.28680220 -0.04218327
v 0.10642690 -0.28664249 -0.04408270
v 0.10713620 -0.28653401 -0.04189467
v 0.10642690 -0.28664249 -0.04408270
v 0.11188580 -0.28637081 -0.04367095
v 0.12409910 -0.28312641 -0.04282450
v 0.12730360 -0.28132981 -0.04294079
v 0.12479200 -0.28149539 -0.04140156
v 0.12409910 -0.28312641 -0.04282450
v 0.12479200 -0.28149539 -0.04140156
v 0.11910430 -0.28338999 -0.04014068
v 0.12409910 -0.28312641 -0.04282450
v 0.11910430 -0.28338999 -0.04014068
v 0.11836300 -0.28470370 -0.04185324
v 0.11970160 -0.28173700 -0.03868407
v 0.11462080 -0.10500000 0.10489350
v 0.11253590 -0.10500000 0.10588830
v 0.11970160 -0.28173700 -0.03868407
v 0.11910430 -0.28338999 -0.04014068
v 0.12479200 -0.28149539 -0.04140156
v 0.11970160 -0.28173700 -0.03868407
v 0.12479200 -0.28149539 -0.04140156
v 0.11462080 -0.10500000 0.10489350
v 0.15006950 -0.27674931 -0.06342536
v 0.16643190 -0.10500000 0.06025320
v 0.14567530 -0.27754590 -0.05780380
v 0.17270960 -0.04089051 0.06249368
v 0.16110571 -0.10500000 0.06764650
v 0.16643190 -0.10500000 0.06025320
v 0.17270960 -0.04089051 0.06249368
v 0.16643190 -0.10500000 0.06025320
v 0.17670269 -0.04134458 0.05632114
v 0.17270960 -0.04089051 0.06249368
v 0.15518330 -0.10500000 0.07457137
v 0.16110571 -0.10500000 0.06764650
v 0.17270960 -0.04089051 0.06249368
v 0.17259160 -0.03936249 0.06279170
v 0.15518330 -0.10500000 0.07457137
v 0.17270960 -0.04089051 0.06249368
v 0.17670269 -0.04134458 0.05632114
v 0.17681959 -0.03913539 0.05647969
v 0.17270960 -0.04089051 0.06249368
v 0.17681959 -0.03913539 0.05647969
v 0.17259160 -0.03936249 0.06279170
v 0.13756150 -0.27863270 -0.04932576
v 0.15518330 -0.10500000 0.07457137
v 0.14870560 -0.10500000 0.08097988
v 0.13756150 -0.27863270 -0.04932576
v 0.14870560 -0.10500000 0.08097988
v 0.13403790 -0.27897519 -0.04629927
v 0.14092590 -0.27823609 -0.05256974
v 0.16110571 -0.10500000 0.06764650
v 0.15518330 -0.10500000 0.07457137
v 0.14092590 -0.27823609 -0.05256974
v 0.15518330 -0.10500000 0.07457137
v 0.13756150 -0.27863270 -0.04932576
v 0.15293729 -0.27872550 -0.08677834
v 0.15000990 -0.27998361 -0.08076125
v 0.14594039 -0.28062791 -0.07795530
v 0.15293729 -0.27872550 -0.08677834
v 0.14594039 -0.28062791 -0.07795530
v 0.14804719 -0.27981719 -0.08175545
v 0.14672861 -0.28115010 -0.07496267
v 0.14129449 -0.28211910 -0.07071059
v 0.14368761 -0.28139600 -0.07426822
v 0.14672861 -0.28115010 -0.07496267
v 0.14368761 -0.28139600 -0.07426822
v 0.15000990 -0.27998361 -0.08076125
v 0.15192860 -0.27972531 -0.07970112
v 0.14672861 -0.28115010 -0.07496267
v 0.15000990 -0.27998361 -0.08076125
v 0.16705450 -0.27156770 -0.10316520
v 0.16852890 -0.27010241 -0.11004720
v 0.16991660 -0.26853010 -0.10943200
v 0.16542460 -0.27285779 -0.10384970
v 0.16172370 -0.27522951 -0.09787082
v 0.16355661 -0.27379170 -0.10449980
v 0.16542460 -0.27285779 -0.10384970
v 0.16353780 -0.27426699 -0.09710490
v 0.16172370 -0.27522951 -0.09787082
v 0.16542460 -0.27285779 -0.10384970
v 0.16355661 -0.27379170 -0.10449980
v 0.16684650 -0.27136889 -0.11062820
v 0.16542460 -0.27285779 -0.10384970
v 0.16705450 -0.27156770 -0.10316520
v 0.16353780 -0.27426699 -0.09710490
v 0.16542460 -0.27285779 -0.10384970
v 0.16684650 -0.27136889 -0.11062820
v 0.16852890 -0.27010241 -0.11004720
v 0.16542460 -0.27285779 -0.10384970
v 0.16852890 -0.27010241 -0.11004720
v 0.16705450 -0.27156770 -0.10316520
v 0.15777050 -0.27486071 -0.07561814
v 0.16183411 -0.27186140 -0.08132839
v 0.15849040 -0.27292180 -0.07483410
v 0.15311620 -0.27759320 -0.07033586
v 0.15183040 -0.27904239 -0.07141518
v 0.15670700 -0.27656969 -0.07653409
v 0.15311620 -0.27759320 -0.07033586
v 0.15670700 -0.27656969 -0.07653409
v 0.15777050 -0.27486071 -0.07561814
v 0.14484011 -0.27934629 -0.05883127
v 0.15006950 -0.27674931 -0.06342536
v 0.14567530 -0.27754590 -0.05780380
v 0.14484011 -0.27934629 -0.05883127
v 0.14915590 -0.27851981 -0.06441897
v 0.15006950 -0.27674931 -0.06342536
v 0.12218860 -0.28563100 -0.05155140
v 0.12001710 -0.28584090 -0.05021286
v 0.11020190 -0.28608501 -0.04789930
v 0.12218860 -0.28563100 -0.05155140
v 0.11020190 -0.28608501 -0.04789930
v 0.12431550 -0.28539461 -0.05301088
v 0.11459180 -0.28580120 -0.04984474
v 0.12431550 -0.28539461 -0.05301088
v 0.11020190 -0.28608501 -0.04789930
v 0.11459180 -0.28580120 -0.04984474
v 0.12666149 -0.28509390 -0.05481278
v 0.12431550 -0.28539461 -0.05301088
v 0.11459180 -0.28580120 -0.04984474
v 0.12894811 -0.28476039 -0.05674618
v 0.12666149 -0.28509390 -0.05481278
v 0.11459180 -0.28580120 -0.04984474
v 0.11020190 -0.28608501 -0.04789930
v 0.12894811 -0.28476039 -0.05674618
v 0.13917860 -0.28318220 -0.06423735
v 0.13333410 -0.28399801 -0.06097906
v 0.13745549 -0.28311500 -0.06565278
v 0.11656880 -0.28613091 -0.04577231
v 0.11104720 -0.28645280 -0.04580175
v 0.11558440 -0.28618971 -0.04782879
v 0.11656880 -0.28613091 -0.04577231
v 0.11188580 -0.28637081 -0.04367095
v 0.11104720 -0.28645280 -0.04580175
v 0.11656880 -0.28613091 -0.04577231
v 0.11558440 -0.28618971 -0.04782879
v 0.12115840 -0.28580141 -0.04825085
v 0.11656880 -0.28613091 -0.04577231
v 0.11750710 -0.28563011 -0.04375451
v 0.11188580 -0.28637081 -0.04367095
v 0.12884919 -0.28498301 -0.05369210
v 0.12431550 -0.28539461 -0.05301088
v 0.12666149 -0.28509390 -0.05481278
v -0.11742840 -0.14758770 -0.20378530
v -0.11801140 -0.14812329 -0.20165350
v -0.12107840 -0.14320379 -0.20376790
v -0.11742840 -0.14758770 -0.20378530
v -0.11653600 -0.14679851 -0.20572220
v -0.11370670 -0.15199231 -0.20368610
v -0.11742840 -0.14758770 -0.20378530
v -0.11432270 -0.15252420 -0.20156521
v -0.11801140 -0.14812329 -0.20165350
v -0.11742840 -0.14758770 -0.20378530
v -0.11370670 -0.15199231 -0.20368610
v -0.11432270 -0.15252420 -0.20156521
v -0.11742840 -0.14758770 -0.20378530
v -0.12107840 -0.14320379 -0.20376790
v -0.12022200 -0.14240280 -0.20571910
v -0.11742840 -0.14758770 -0.20378530
v -0.12022200 -0.14240280 -0.20571910
v -0.11653600 -0.14679851 -0.20572220
v -0.09522563 -0.17421611 -0.20065360
v -0.09907656 -0.16999790 -0.20077901
v -0.09841710 -0.16937640 -0.20285560
v -0.09522563 -0.17421611 -0.20065360
v -0.09841710 -0.16937640 -0.20285560
v -0.09139341 -0.17832580 -0.20062770
v -0.09522563 -0.17421611 -0.20065360
v -0.09139341 -0.17832580 -0.20062770
v -0.09171158 -0.17876390 -0.19842850
v -0.09522563 -0.17421611 -0.20065360
v -0.09556311 -0.17459729 -0.19844620
v -0.09907656 -0.16999790 -0.20077901
v -0.09522563 -0.17421611 -0.20065360
v -0.09171158 -0.17876390 -0.19842850
v -0.09556311 -0.17459729 -0.19844620
v -0.09076738 -0.17760029 -0.20267940
v -0.09457778 -0.17354780 -0.20271841
v -0.08502292 -0.18352979 -0.20285369
v -0.09076738 -0.17760029 -0.20267940
v -0.08502292 -0.18352979 -0.20285369
v -0.08560818 -0.18434750 -0.20082469
v -0.09076738 -0.17760029 -0.20267940
v -0.08560818 -0.18434750 -0.20082469
v -0.09457778 -0.17354780 -0.20271841
v 0.08842062 -0.28572291 -0.03415298
v 0.09518331 -0.28499010 -0.03410363
v 0.08377617 -0.28478709 -0.03169906
v 0.08842062 -0.28572291 -0.03415298
v 0.08377617 -0.28478709 -0.03169906
v 0.08333134 -0.28613150 -0.03422164
v 0.11404900 -0.28355339 -0.03788602
v 0.10897090 -0.28363180 -0.03600037
v 0.10843310 -0.28499919 -0.03777468
v 0.11404900 -0.28355339 -0.03788602
v 0.11910430 -0.28338999 -0.04014068
v 0.11970160 -0.28173700 -0.03868407
v 0.10344550 -0.28503779 -0.03621006
v 0.10390380 -0.28364071 -0.03442144
v 0.09847599 -0.28502291 -0.03488391
v 0.10344550 -0.28503779 -0.03621006
v 0.10843310 -0.28499919 -0.03777468
v 0.10897090 -0.28363180 -0.03600037
v 0.10344550 -0.28503779 -0.03621006
v 0.10897090 -0.28363180 -0.03600037
v 0.10390380 -0.28364071 -0.03442144
v 0.10344550 -0.28503779 -0.03621006
v 0.09847599 -0.28502291 -0.03488391
v 0.09802430 -0.28606641 -0.03691458
v 0.14270370 -0.05393075 0.08606076
v 0.14151600 -0.05392152 0.08698195
v 0.14171740 -0.10500000 0.08682757
v 0.14270370 -0.05393075 0.08606076
v 0.14171740 -0.10500000 0.08682757
v 0.17255130 -0.03895449 0.06282901
v 0.14270370 -0.05393075 0.08606076
v 0.17255130 -0.03895449 0.06282901
v 0.14151600 -0.05392152 0.08698195
v 0.12977830 -0.28114739 -0.04461926
v 0.13035470 -0.27926120 -0.04350829
v 0.12730360 -0.28132981 -0.04294079
v 0.12977830 -0.28114739 -0.04461926
v 0.13403790 -0.27897519 -0.04629927
v 0.13035470 -0.27926120 -0.04350829
v 0.12784059 -0.27943310 -0.04181861
v 0.13035470 -0.27926120 -0.04350829
v 0.14171740 -0.10500000 0.08682757
v 0.12784059 -0.27943310 -0.04181861
v 0.14171740 -0.10500000 0.08682757
v 0.12730360 -0.28132981 -0.04294079
v 0.12784059 -0.27943310 -0.04181861
v 0.12730360 -0.28132981 -0.04294079
v 0.13035470 -0.27926120 -0.04350829
v 0.19133981 0.06439602 -0.10650110
v 0.19140320 0.07096081 -0.10283630
v 0.19207039 0.06815314 -0.09962838
v 0.19328970 0.05149269 -0.09719997
v 0.19285920 0.06396675 -0.09427481
v 0.19329511 0.06022697 -0.08876562
v 0.19328970 0.05149269 -0.09719997
v 0.19329511 0.06022697 -0.08876562
v 0.19370741 0.03858649 -0.09993344
v 0.19328970 0.05149269 -0.09719997
v 0.19266550 0.06233167 -0.09766697
v 0.19285920 0.06396675 -0.09427481
v 0.19191711 0.01215243 -0.11972510
v 0.19387379 0.00508475 -0.11077460
v 0.19216920 0.00481295 -0.11970340
v 0.19191711 0.01215243 -0.11972510
v 0.19363080 0.01209694 -0.11080030
v 0.19387379 0.00508475 -0.11077460
v 0.19191711 0.01215243 -0.11972510
v 0.18953340 0.01218259 -0.12849461
v 0.19163680 0.01948422 -0.11960110
v 0.19191711 0.01215243 -0.11972510
v 0.19216920 0.00481295 -0.11970340
v 0.18953340 0.01218259 -0.12849461
v 0.19132930 0.02678924 -0.11933520
v 0.19163680 0.01948422 -0.11960110
v 0.18922320 0.01983392 -0.12839280
v 0.17065009 -0.25308010 -0.14597890
v 0.17003050 -0.25249791 -0.14775170
v 0.18881419 -0.04003530 -0.13041601
v 0.17065009 -0.25308010 -0.14597890
v 0.17172220 -0.25423941 -0.14234219
v 0.17123041 -0.25628749 -0.14288780
v 0.16952610 -0.25454780 -0.14827880
v 0.16734190 -0.25279900 -0.15338790
v 0.16785520 -0.25074539 -0.15288199
v 0.16952610 -0.25454780 -0.14827880
v 0.16785520 -0.25074539 -0.15288199
v 0.17003050 -0.25249791 -0.14775170
v 0.16952610 -0.25454780 -0.14827880
v 0.16865270 -0.25651380 -0.14860910
v 0.16734190 -0.25279900 -0.15338790
v 0.19133189 -0.03854572 -0.12316800
v 0.19034910 -0.03317642 -0.12673600
v 0.19033280 -0.02577990 -0.12727509
v 0.19133189 -0.03854572 -0.12316800
v 0.19033280 -0.02577990 -0.12727509
v 0.19211359 -0.03874522 -0.12047950
v 0.19133189 -0.03854572 -0.12316800
v 0.19211359 -0.03874522 -0.12047950
v 0.17172220 -0.25423941 -0.14234219
v 0.19133189 -0.03854572 -0.12316800
v 0.17172220 -0.25423941 -0.14234219
v 0.17065009 -0.25308010 -0.14597890
v 0.15397850 -0.24800180 -0.17090259
v 0.15145931 -0.24692690 -0.17331430
v 0.11779460 -0.04879212 -0.26800001
v 0.15397850 -0.24800180 -0.17090259
v 0.11779460 -0.04879212 -0.26800001
v 0.12125970 -0.03939968 -0.26800001
v 0.15397850 -0.24800180 -0.17090259
v 0.12125970 -0.03939968 -0.26800001
v 0.15638749 -0.24909019 -0.16837570
v 0.15397850 -0.24800180 -0.17090259
v 0.15297690 -0.24992500 -0.17064580
v 0.15145931 -0.24692690 -0.17331430
v 0.18886469 0.02745276 -0.12817460
v 0.18922320 0.01983392 -0.12839280
v 0.18614870 0.02015036 -0.13697700
v 0.18886469 0.02745276 -0.12817460
v 0.18614870 0.02015036 -0.13697700
v 0.18572870 0.02807486 -0.13680179
v 0.18886469 0.02745276 -0.12817460
v 0.19132930 0.02678924 -0.11933520
v 0.18922320 0.01983392 -0.12839280
v 0.18979339 0.00452137 -0.12847690
v 0.18953340 0.01218259 -0.12849461
v 0.19216920 0.00481295 -0.11970340
v 0.18979339 0.00452137 -0.12847690
v 0.19000280 -0.00312656 -0.12834010
v 0.18676010 0.00421178 -0.13704470
v 0.18979339 0.00452137 -0.12847690
v 0.18676010 0.00421178 -0.13704470
v 0.18649320 0.01218718 -0.13705900
v 0.18979339 0.00452137 -0.12847690
v 0.18649320 0.01218718 -0.13705900
v 0.18953340 0.01218259 -0.12849461
v 0.19239239 -0.00251502 -0.11953690
v 0.19258671 -0.00981301 -0.11923040
v 0.19000280 -0.00312656 -0.12834010
v 0.19239239 -0.00251502 -0.11953690
v 0.18979339 0.00452137 -0.12847690
v 0.19216920 0.00481295 -0.11970340
v 0.19239239 -0.00251502 -0.11953690
v 0.19000280 -0.00312656 -0.12834010
v 0.18979339 0.00452137 -0.12847690
v 0.19239239 -0.00251502 -0.11953690
v 0.19432040 -0.00889563 -0.11021040
v 0.19258671 -0.00981301 -0.11923040
v 0.19275241 -0.01706415 -0.11879240
v 0.19027109 -0.01829612 -0.12773021
v 0.19016171 -0.01073920 -0.12808870
v 0.19275241 -0.01706415 -0.11879240
v 0.19016171 -0.01073920 -0.12808870
v 0.19258671 -0.00981301 -0.11923040
v 0.19289041 -0.02425420 -0.11823470
v 0.19211359 -0.03874522 -0.12047950
v 0.19033280 -0.02577990 -0.12727509
v 0.19289041 -0.02425420 -0.11823470
v 0.19033280 -0.02577990 -0.12727509
v 0.19027109 -0.01829612 -0.12773021
v 0.19289041 -0.02425420 -0.11823470
v 0.19027109 -0.01829612 -0.12773021
v 0.19275241 -0.01706415 -0.11879240
v 0.18521650 0.08703887 -0.11988380
v 0.18563791 0.08400338 -0.12014340
v 0.18545210 0.07838720 -0.12330800
v 0.18521650 0.08703887 -0.11988380
v 0.18545210 0.07838720 -0.12330800
v 0.18450890 0.08951199 -0.12067020
v 0.18521650 0.08703887 -0.11988380
v 0.18450890 0.08951199 -0.12067020
v 0.18633740 0.08592408 -0.11698500
v 0.18521650 0.08703887 -0.11988380
v 0.18633740 0.08592408 -0.11698500
v 0.18563791 0.08400338 -0.12014340
v 0.18605840 0.08083218 -0.12039080
v 0.18563791 0.08400338 -0.12014340
v 0.18633740 0.08592408 -0.11698500
v 0.18605840 0.08083218 -0.12039080
v 0.18633740 0.08592408 -0.11698500
v 0.18751420 0.08320975 -0.11438580
v 0.18605840 0.08083218 -0.12039080
v 0.18545210 0.07838720 -0.12330800
v 0.18563791 0.08400338 -0.12014340
v 0.18851340 0.07552760 -0.11450200
v 0.18751420 0.08320975 -0.11438580
v 0.18856861 0.08037227 -0.11187550
v 0.18851340 0.07552760 -0.11450200
v 0.18605840 0.08083218 -0.12039080
v 0.18751420 0.08320975 -0.11438580
v 0.18932579 0.06640797 -0.11521640
v 0.18965170 0.07707518 -0.10897260
v 0.19059700 0.07393610 -0.10595520
v 0.18467601 0.04371327 -0.13619760
v 0.18801160 0.04251235 -0.12741910
v 0.18523630 0.03593635 -0.13653910
v 0.18467601 0.04371327 -0.13619760
v 0.18523630 0.03593635 -0.13653910
v 0.18134500 0.03679877 -0.14495949
v 0.18065269 0.04484748 -0.14469200
v 0.18134500 0.03679877 -0.14495949
v 0.12710690 0.01000350 -0.26800001
v 0.18065269 0.04484748 -0.14469200
v 0.18467601 0.04371327 -0.13619760
v 0.18134500 0.03679877 -0.14495949
v 0.18065269 0.04484748 -0.14469200
v 0.18405230 0.05138778 -0.13578770
v 0.18467601 0.04371327 -0.13619760
v 0.18065269 0.04484748 -0.14469200
v 0.12710690 0.01000350 -0.26800001
v 0.18127771 0.05977088 -0.13971010
v 0.18065269 0.04484748 -0.14469200
v 0.18127771 0.05977088 -0.13971010
v 0.18405230 0.05138778 -0.13578770
v 0.18590550 0.07483297 -0.12349150
v 0.18279649 0.07382625 -0.13202350
v 0.18545210 0.07838720 -0.12330800
v 0.18590550 0.07483297 -0.12349150
v 0.18328349 0.07022792 -0.13208801
v 0.18279649 0.07382625 -0.13202350
v 0.18590550 0.07483297 -0.12349150
v 0.18545210 0.07838720 -0.12330800
v 0.18605840 0.08083218 -0.12039080
v 0.18227920 0.07728642 -0.13195071
v 0.18262340 0.08365195 -0.12846580
v 0.18545210 0.07838720 -0.12330800
v 0.18227920 0.07728642 -0.13195071
v 0.18545210 0.07838720 -0.12330800
v 0.18279649 0.07382625 -0.13202350
v 0.18227920 0.07728642 -0.13195071
v 0.18279649 0.07382625 -0.13202350
v 0.17929059 0.07201367 -0.14014579
v 0.18227920 0.07728642 -0.13195071
v 0.17929059 0.07201367 -0.14014579
v 0.17865001 0.07590091 -0.14013150
v 0.18145370 0.09026432 -0.12816539
v 0.17854241 0.08635294 -0.13627660
v 0.17961150 0.09688860 -0.12903731
v 0.18145370 0.09026432 -0.12816539
v 0.17961150 0.09688860 -0.12903731
v 0.18244711 0.09293031 -0.12441740
v 0.17796621 0.07962584 -0.14011499
v 0.17865001 0.07590091 -0.14013150
v 0.12593029 0.01994538 -0.26800001
v 0.17796621 0.07962584 -0.14011499
v 0.12397710 0.02976423 -0.26800001
v 0.17854241 0.08635294 -0.13627660
v 0.17796621 0.07962584 -0.14011499
v 0.12593029 0.01994538 -0.26800001
v 0.12397710 0.02976423 -0.26800001
v 0.17776790 0.08994424 -0.13621441
v 0.17761441 0.09820145 -0.13255250
v 0.17961150 0.09688860 -0.12903731
v 0.17776790 0.08994424 -0.13621441
v 0.17961150 0.09688860 -0.12903731
v 0.17854241 0.08635294 -0.13627660
v 0.17776790 0.08994424 -0.13621441
v 0.17854241 0.08635294 -0.13627660
v 0.12397710 0.02976423 -0.26800001
v 0.00552529 -0.01264643 -0.27069861
v -0.12125970 0.03939962 -0.26800001
v -0.11779460 0.04879212 -0.26800001
v 0.00552529 -0.01264643 -0.27069861
v -0.12397710 0.02976423 -0.26800001
v -0.12125970 0.03939962 -0.26800001
v 0.00552529 -0.01264643 -0.27069861
v -0.12593029 0.01994538 -0.26800001
v -0.12397710 0.02976423 -0.26800001
v 0.17698920 0.09334427 -0.13614850
v 0.12397710 0.02976423 -0.26800001
v 0.17643330 0.10059720 -0.13366310
v 0.17698920 0.09334427 -0.13614850
v 0.17643330 0.10059720 -0.13366310
v 0.17761441 0.09820145 -0.13255250
v 0.17698920 0.09334427 -0.13614850
v 0.17776790 0.08994424 -0.13621441
v 0.12397710 0.02976423 -0.26800001
v 0.17698920 0.09334427 -0.13614850
v 0.17761441 0.09820145 -0.13255250
v 0.17776790 0.08994424 -0.13621441
v 0.16362751 -0.26695350 -0.13374589
v 0.16176170 -0.26791689 -0.13050130
v 0.16147900 -0.26704800 -0.13344739
v 0.16362751 -0.26695350 -0.13374589
v 0.16147900 -0.26704800 -0.13344739
v 0.16318490 -0.26606831 -0.13674150
v 0.16036500 -0.26053599 -0.15238310
v 0.16233671 -0.26213831 -0.14783660
v 0.16035610 -0.26271379 -0.14715730
v 0.16036500 -0.26053599 -0.15238310
v 0.16035610 -0.26271379 -0.14715730
v 0.15846670 -0.26115850 -0.15153050
v 0.16036500 -0.26053599 -0.15238310
v 0.15846670 -0.26115850 -0.15153050
v 0.15883330 -0.25947171 -0.15526950
v 0.16036500 -0.26053599 -0.15238310
v 0.16218220 -0.25954321 -0.15304419
v 0.16233671 -0.26213831 -0.14783660
v 0.16422620 -0.26118869 -0.14833739
v 0.16481200 -0.26173699 -0.14670859
v 0.16290170 -0.26267251 -0.14626350
v 0.16422620 -0.26118869 -0.14833739
v 0.16290170 -0.26267251 -0.14626350
v 0.16233671 -0.26213831 -0.14783660
v 0.16422620 -0.26118869 -0.14833739
v 0.16233671 -0.26213831 -0.14783660
v 0.16218220 -0.25954321 -0.15304419
v 0.16422620 -0.26118869 -0.14833739
v 0.16595100 -0.25989911 -0.14863890
v 0.16481200 -0.26173699 -0.14670859
v 0.16466510 -0.26465699 -0.14005500
v 0.16318490 -0.26606831 -0.13674150
v 0.16259030 -0.26517329 -0.13967390
v 0.16466510 -0.26465699 -0.14005500
v 0.16259030 -0.26517329 -0.13967390
v 0.16388570 -0.26373950 -0.14303090
v 0.14403459 -0.24851391 -0.17686450
v 0.13738941 -0.24806550 -0.17980070
v 0.13844050 -0.24648739 -0.18090311
v 0.14403459 -0.24851391 -0.17686450
v 0.14286880 -0.25005010 -0.17583020
v 0.13738941 -0.24806550 -0.17980070
v 0.14403459 -0.24851391 -0.17686450
v 0.14673880 -0.24955760 -0.17467850
v 0.14286880 -0.25005010 -0.17583020
v 0.14403459 -0.24851391 -0.17686450
v 0.13844050 -0.24648739 -0.18090311
v 0.14508390 -0.24672790 -0.17757320
v 0.14403459 -0.24851391 -0.17686450
v 0.14508390 -0.24672790 -0.17757320
v 0.14783759 -0.24779020 -0.17535080
v 0.14403459 -0.24851391 -0.17686450
v 0.14783759 -0.24779020 -0.17535080
v 0.14673880 -0.24955760 -0.17467850
v 0.13161799 -0.24612240 -0.18346010
v 0.13738941 -0.24806550 -0.17980070
v 0.05124998 -0.23620000 -0.21766150
v 0.13161799 -0.24612240 -0.18346010
v 0.05124998 -0.23620000 -0.21766150
v 0.13255920 -0.24450129 -0.18460980
v 0.13161799 -0.24612240 -0.18346010
v 0.13255920 -0.24450129 -0.18460980
v 0.13844050 -0.24648739 -0.18090311
v 0.13161799 -0.24612240 -0.18346010
v 0.13844050 -0.24648739 -0.18090311
v 0.13738941 -0.24806550 -0.17980070
v 0.15049310 -0.24886510 -0.17302179
v 0.14783759 -0.24779020 -0.17535080
v 0.15145931 -0.24692690 -0.17331430
v 0.15049310 -0.24886510 -0.17302179
v 0.15145931 -0.24692690 -0.17331430
v 0.15297690 -0.24992500 -0.17064580
v 0.15049310 -0.24886510 -0.17302179
v 0.14673880 -0.24955760 -0.17467850
v 0.14783759 -0.24779020 -0.17535080
v 0.15870620 -0.25020710 -0.16569200
v 0.15717810 -0.24705930 -0.16826899
v 0.15951569 -0.24818709 -0.16555540
v 0.15870620 -0.25020710 -0.16569200
v 0.15638749 -0.24909019 -0.16837570
v 0.15717810 -0.24705930 -0.16826899
v 0.15870620 -0.25020710 -0.16569200
v 0.15951569 -0.24818709 -0.16555540
v 0.16088770 -0.25133631 -0.16288100
v 0.15870620 -0.25020710 -0.16569200
v 0.15763681 -0.25209951 -0.16551819
v 0.15638749 -0.24909019 -0.16837570
v 0.15870620 -0.25020710 -0.16569200
v 0.16088770 -0.25133631 -0.16288100
v 0.15978689 -0.25321290 -0.16275451
v 0.15870620 -0.25020710 -0.16569200
v 0.15978689 -0.25321290 -0.16275451
v 0.15763681 -0.25209951 -0.16551819
v 0.16178900 -0.25433660 -0.15986460
v 0.16291900 -0.25247580 -0.15994041
v 0.16363060 -0.25546890 -0.15684579
v 0.16178900 -0.25433660 -0.15986460
v 0.16088770 -0.25133631 -0.16288100
v 0.16291900 -0.25247580 -0.15994041
v 0.16178900 -0.25433660 -0.15986460
v 0.15978689 -0.25321290 -0.16275451
v 0.16088770 -0.25133631 -0.16288100
v 0.15331480 -0.25632009 -0.16325089
v 0.15120150 -0.25528809 -0.16569580
v 0.15270761 -0.25415799 -0.16679201
v 0.15331480 -0.25632009 -0.16325089
v 0.15168820 -0.25706229 -0.16201110
v 0.15120150 -0.25528809 -0.16569580
v 0.15714090 -0.25841331 -0.15804100
v 0.15884320 -0.25736359 -0.15889619
v 0.15883330 -0.25947171 -0.15526950
v 0.15714090 -0.25841331 -0.15804100
v 0.15693711 -0.25628510 -0.16164280
v 0.15884320 -0.25736359 -0.15889619
v 0.15714090 -0.25841331 -0.15804100
v 0.15529799 -0.25736231 -0.16070031
v 0.15693711 -0.25628510 -0.16164280
v 0.15714090 -0.25841331 -0.15804100
v 0.15537161 -0.25909719 -0.15697999
v 0.15529799 -0.25736231 -0.16070031
v 0.15714090 -0.25841331 -0.15804100
v 0.15883330 -0.25947171 -0.15526950
v 0.15699729 -0.26012519 -0.15430920
v 0.15714090 -0.25841331 -0.15804100
v 0.15699729 -0.26012519 -0.15430920
v 0.15537161 -0.25909719 -0.15697999
v 0.16221480 -0.25709799 -0.15656251
v 0.16178900 -0.25433660 -0.15986460
v 0.16363060 -0.25546890 -0.15684579
v 0.16059530 -0.25845030 -0.15603080
v 0.15883330 -0.25947171 -0.15526950
v 0.15884320 -0.25736359 -0.15889619
v 0.16059530 -0.25845030 -0.15603080
v 0.16036500 -0.26053599 -0.15238310
v 0.15883330 -0.25947171 -0.15526950
v 0.16059530 -0.25845030 -0.15603080
v 0.16218220 -0.25954321 -0.15304419
v 0.16036500 -0.26053599 -0.15238310
v 0.16059530 -0.25845030 -0.15603080
v 0.16221480 -0.25709799 -0.15656251
v 0.16218220 -0.25954321 -0.15304419
v 0.15359890 -0.25807589 -0.15954620
v 0.15537161 -0.25909719 -0.15697999
v 0.05124998 -0.23620000 -0.21766150
v 0.15359890 -0.25807589 -0.15954620
v 0.05124998 -0.23620000 -0.21766150
v 0.15168820 -0.25706229 -0.16201110
v 0.15359890 -0.25807589 -0.15954620
v 0.15529799 -0.25736231 -0.16070031
v 0.15537161 -0.25909719 -0.15697999
v 0.15359890 -0.25807589 -0.15954620
v 0.15331480 -0.25632009 -0.16325089
v 0.15529799 -0.25736231 -0.16070031
v 0.15359890 -0.25807589 -0.15954620
v 0.15168820 -0.25706229 -0.16201110
v 0.15331480 -0.25632009 -0.16325089
v 0.14899860 -0.25428089 -0.16800880
v 0.15043800 -0.25312629 -0.16917039
v 0.15120150 -0.25528809 -0.16569580
v 0.14899860 -0.25428089 -0.16800880
v 0.14806020 -0.25210679 -0.17144810
v 0.15043800 -0.25312629 -0.16917039
v 0.14899860 -0.25428089 -0.16800880
v 0.15120150 -0.25528809 -0.16569580
v 0.05124998 -0.23620000 -0.21766150
v 0.15178099 -0.25165480 -0.17006020
v 0.15410870 -0.25270891 -0.16762280
v 0.15270761 -0.25415799 -0.16679201
v 0.15178099 -0.25165480 -0.17006020
v 0.15270761 -0.25415799 -0.16679201
v 0.15043800 -0.25312629 -0.16917039
v 0.15178099 -0.25165480 -0.17006020
v 0.15297690 -0.24992500 -0.17064580
v 0.15410870 -0.25270891 -0.16762280
v 0.15178099 -0.25165480 -0.17006020
v 0.15049310 -0.24886510 -0.17302179
v 0.15297690 -0.24992500 -0.17064580
v 0.14163050 -0.25127560 -0.17450801
v 0.14420860 -0.25227460 -0.17241240
v 0.05124998 -0.23620000 -0.21766150
v 0.14163050 -0.25127560 -0.17450801
v 0.05124998 -0.23620000 -0.21766150
v 0.14286880 -0.25005010 -0.17583020
v 0.14551370 -0.25107241 -0.17368700
v 0.14806020 -0.25210679 -0.17144810
v 0.14420860 -0.25227460 -0.17241240
v 0.14551370 -0.25107241 -0.17368700
v 0.14163050 -0.25127560 -0.17450801
v 0.14286880 -0.25005010 -0.17583020
v 0.14551370 -0.25107241 -0.17368700
v 0.14420860 -0.25227460 -0.17241240
v 0.14163050 -0.25127560 -0.17450801
v 0.14551370 -0.25107241 -0.17368700
v 0.14286880 -0.25005010 -0.17583020
v 0.14673880 -0.24955760 -0.17467850
v 0.17332540 -0.26162839 -0.12228390
v 0.17237100 -0.26440841 -0.11934080
v 0.17256650 -0.26359579 -0.12283780
v 0.17332540 -0.26162839 -0.12228390
v 0.17310420 -0.26243511 -0.11876860
v 0.17237100 -0.26440841 -0.11934080
v 0.17332540 -0.26162839 -0.12228390
v 0.17256650 -0.26359579 -0.12283780
v 0.17339610 -0.26079810 -0.12578569
v 0.17332540 -0.26162839 -0.12228390
v 0.17367101 -0.25955799 -0.12169670
v 0.17310420 -0.26243511 -0.11876860
v 0.17332540 -0.26162839 -0.12228390
v 0.17339610 -0.26079810 -0.12578569
v 0.17376821 -0.25873289 -0.12520020
v 0.17332540 -0.26162839 -0.12228390
v 0.17376821 -0.25873289 -0.12520020
v 0.17367101 -0.25955799 -0.12169670
v 0.17145111 -0.26454571 -0.12677930
v 0.17261291 -0.26276049 -0.12631869
v 0.17142589 -0.26538539 -0.12333750
v 0.17145111 -0.26454571 -0.12677930
v 0.16995309 -0.26608360 -0.12714911
v 0.17132270 -0.26368460 -0.13019630
v 0.17250340 -0.26190251 -0.12977821
v 0.17132270 -0.26368460 -0.13019630
v 0.17223100 -0.26102161 -0.13321050
v 0.17250340 -0.26190251 -0.12977821
v 0.17145111 -0.26454571 -0.12677930
v 0.17132270 -0.26368460 -0.13019630
v 0.17250340 -0.26190251 -0.12977821
v 0.17261291 -0.26276049 -0.12631869
v 0.17145111 -0.26454571 -0.12677930
v 0.17250340 -0.26190251 -0.12977821
v 0.17330950 -0.25994399 -0.12926871
v 0.17261291 -0.26276049 -0.12631869
v 0.17250340 -0.26190251 -0.12977821
v 0.17305809 -0.25906590 -0.13272750
v 0.17330950 -0.25994399 -0.12926871
v 0.17250340 -0.26190251 -0.12977821
v 0.17223100 -0.26102161 -0.13321050
v 0.17305809 -0.25906590 -0.13272750
v 0.16981050 -0.26522049 -0.13050620
v 0.17132270 -0.26368460 -0.13019630
v 0.16995309 -0.26608360 -0.12714911
v 0.16994530 -0.26692709 -0.12376320
v 0.17142589 -0.26538539 -0.12333750
v 0.16979329 -0.26775101 -0.12035430
v 0.16994530 -0.26692709 -0.12376320
v 0.17145111 -0.26454571 -0.12677930
v 0.17142589 -0.26538539 -0.12333750
v 0.16994530 -0.26692709 -0.12376320
v 0.16995309 -0.26608360 -0.12714911
v 0.17145111 -0.26454571 -0.12677930
v 0.16818351 -0.26816359 -0.12409910
v 0.16995309 -0.26608360 -0.12714911
v 0.16994530 -0.26692709 -0.12376320
v 0.17202790 -0.25723770 -0.13954461
v 0.17178790 -0.26011771 -0.13660900
v 0.17116541 -0.25919130 -0.13996591
v 0.17202790 -0.25723770 -0.13954461
v 0.17263380 -0.25816381 -0.13615531
v 0.17178790 -0.26011771 -0.13660900
v 0.17202790 -0.25723770 -0.13954461
v 0.17116541 -0.25919130 -0.13996591
v 0.17123041 -0.25628749 -0.14288780
v 0.17202790 -0.25723770 -0.13954461
v 0.17249811 -0.25518769 -0.13898650
v 0.17263380 -0.25816381 -0.13615531
v 0.17202790 -0.25723770 -0.13954461
v 0.17123041 -0.25628749 -0.14288780
v 0.17172220 -0.25423941 -0.14234219
v 0.17202790 -0.25723770 -0.13954461
v 0.17172220 -0.25423941 -0.14234219
v 0.17249811 -0.25518769 -0.13898650
v 0.17103420 -0.26280221 -0.13358270
v 0.17178790 -0.26011771 -0.13660900
v 0.17223100 -0.26102161 -0.13321050
v 0.17103420 -0.26280221 -0.13358270
v 0.17223100 -0.26102161 -0.13321050
v 0.17132270 -0.26368460 -0.13019630
v 0.17103420 -0.26280221 -0.13358270
v 0.16981050 -0.26522049 -0.13050620
v 0.16951120 -0.26433811 -0.13382880
v 0.17103420 -0.26280221 -0.13358270
v 0.17132270 -0.26368460 -0.13019630
v 0.16981050 -0.26522049 -0.13050620
v 0.16994619 -0.26097420 -0.14023520
v 0.17035431 -0.25824210 -0.14327370
v 0.17116541 -0.25919130 -0.13996591
v 0.16994619 -0.26097420 -0.14023520
v 0.16913000 -0.26002899 -0.14348599
v 0.17035431 -0.25824210 -0.14327370
v 0.16994619 -0.26097420 -0.14023520
v 0.16841491 -0.26251650 -0.14034110
v 0.16913000 -0.26002899 -0.14348599
v 0.18732101 -0.03827017 0.03588676
v 0.18987630 -0.03793847 0.02896744
v 0.18928170 -0.01105475 0.02800029
v 0.18732101 -0.03827017 0.03588676
v 0.18928170 -0.01105475 0.02800029
v 0.18616880 -0.01648408 0.03689569
v 0.18732101 -0.03827017 0.03588676
v 0.18616880 -0.01648408 0.03689569
v 0.18437541 -0.03857439 0.04265064
v 0.18732101 -0.03827017 0.03588676
v 0.18437541 -0.03857439 0.04265064
v 0.18701071 -0.04073286 0.03605401
v 0.18732101 -0.03827017 0.03588676
v 0.18701071 -0.04073286 0.03605401
v 0.18962550 -0.04048150 0.02895146
v 0.18732101 -0.03827017 0.03588676
v 0.18962550 -0.04048150 0.02895146
v 0.18987630 -0.03793847 0.02896744
v 0.16493250 -0.27227890 -0.11115220
v 0.16152389 -0.27433601 -0.10509100
v 0.16286170 -0.27279991 -0.11159970
v 0.16493250 -0.27227890 -0.11115220
v 0.16355661 -0.27379170 -0.10449980
v 0.16152389 -0.27433601 -0.10509100
v 0.16493250 -0.27227890 -0.11115220
v 0.16286170 -0.27279991 -0.11159970
v 0.16582531 -0.27069521 -0.11777920
v 0.16493250 -0.27227890 -0.11115220
v 0.16684650 -0.27136889 -0.11062820
v 0.16355661 -0.27379170 -0.10449980
v 0.16493250 -0.27227890 -0.11115220
v 0.16582531 -0.27069521 -0.11777920
v 0.16777620 -0.26980320 -0.11739370
v 0.16493250 -0.27227890 -0.11115220
v 0.16777620 -0.26980320 -0.11739370
v 0.16684650 -0.27136889 -0.11062820
v 0.15973780 -0.27580231 -0.09859573
v 0.16172370 -0.27522951 -0.09787082
v 0.15752840 -0.27719301 -0.09216457
v 0.15973780 -0.27580231 -0.09859573
v 0.16152389 -0.27433601 -0.10509100
v 0.16355661 -0.27379170 -0.10449980
v 0.15973780 -0.27580231 -0.09859573
v 0.16355661 -0.27379170 -0.10449980
v 0.16172370 -0.27522951 -0.09787082
v 0.15973780 -0.27580231 -0.09859573
v 0.15765530 -0.27596059 -0.09925144
v 0.16152389 -0.27433601 -0.10509100
v 0.16804761 -0.26899239 -0.12075690
v 0.16582531 -0.27069521 -0.11777920
v 0.16608210 -0.26987821 -0.12106790
v 0.16804761 -0.26899239 -0.12075690
v 0.16777620 -0.26980320 -0.11739370
v 0.16582531 -0.27069521 -0.11777920
v 0.16804761 -0.26899239 -0.12075690
v 0.16608210 -0.26987821 -0.12106790
v 0.16818351 -0.26816359 -0.12409910
v 0.16804761 -0.26899239 -0.12075690
v 0.16979329 -0.26775101 -0.12035430
v 0.16777620 -0.26980320 -0.11739370
v 0.16804761 -0.26899239 -0.12075690
v 0.16818351 -0.26816359 -0.12409910
v 0.16994530 -0.26692709 -0.12376320
v 0.16804761 -0.26899239 -0.12075690
v 0.16994530 -0.26692709 -0.12376320
v 0.16979329 -0.26775101 -0.12035430
v 0.16407640 -0.26869011 -0.12759461
v 0.16409180 -0.26954001 -0.12445300
v 0.16191950 -0.26962689 -0.12445720
v 0.16407640 -0.26869011 -0.12759461
v 0.16191950 -0.26962689 -0.12445720
v 0.16190720 -0.26877680 -0.12750231
v 0.16620660 -0.26904500 -0.12433180
v 0.16608210 -0.26987821 -0.12106790
v 0.16397360 -0.27037659 -0.12127620
v 0.16620660 -0.26904500 -0.12433180
v 0.16397360 -0.27037659 -0.12127620
v 0.16409180 -0.26954001 -0.12445300
v 0.16620660 -0.26904500 -0.12433180
v 0.16818351 -0.26816359 -0.12409910
v 0.16608210 -0.26987821 -0.12106790
v 0.16583221 -0.26283169 -0.14336219
v 0.16760249 -0.26157820 -0.14351550
v 0.16663221 -0.26376081 -0.14028060
v 0.16583221 -0.26283169 -0.14336219
v 0.16388570 -0.26373950 -0.14303090
v 0.16481200 -0.26173699 -0.14670859
v 0.16583221 -0.26283169 -0.14336219
v 0.16655360 -0.26045960 -0.14696141
v 0.16760249 -0.26157820 -0.14351550
v 0.16583221 -0.26283169 -0.14336219
v 0.16481200 -0.26173699 -0.14670859
v 0.16655360 -0.26045960 -0.14696141
v 0.16583221 -0.26283169 -0.14336219
v 0.16466510 -0.26465699 -0.14005500
v 0.16388570 -0.26373950 -0.14303090
v 0.16583221 -0.26283169 -0.14336219
v 0.16663221 -0.26376081 -0.14028060
v 0.16466510 -0.26465699 -0.14005500
v 0.16725990 -0.26467431 -0.13713740
v 0.16663221 -0.26376081 -0.14028060
v 0.16841491 -0.26251650 -0.14034110
v 0.16927449 -0.25709119 -0.14686140
v 0.17035431 -0.25824210 -0.14327370
v 0.16913000 -0.26002899 -0.14348599
v 0.16927449 -0.25709119 -0.14686140
v 0.16913000 -0.26002899 -0.14348599
v 0.16806100 -0.25889149 -0.14701340
v 0.16927449 -0.25709119 -0.14686140
v 0.16806100 -0.25889149 -0.14701340
v 0.16865270 -0.25651380 -0.14860910
v 0.16927449 -0.25709119 -0.14686140
v 0.16865270 -0.25651380 -0.14860910
v 0.16952610 -0.25454780 -0.14827880
v 0.19407091 -0.03784388 -0.11255440
v 0.17308091 -0.25611091 -0.13558710
v 0.17249811 -0.25518769 -0.13898650
v 0.19407091 -0.03784388 -0.11255440
v 0.17249811 -0.25518769 -0.13898650
v 0.19211359 -0.03874522 -0.12047950
v 0.19407091 -0.03784388 -0.11255440
v 0.19363800 -0.03668707 -0.11460030
v 0.19289041 -0.02425420 -0.11823470
v 0.19407091 -0.03784388 -0.11255440
v 0.19211359 -0.03874522 -0.12047950
v 0.19363800 -0.03668707 -0.11460030
v 0.19407091 -0.03784388 -0.11255440
v 0.19289041 -0.02425420 -0.11823470
v 0.19275241 -0.01706415 -0.11879240
v 0.19407091 -0.03784388 -0.11255440
v 0.19275241 -0.01706415 -0.11879240
v 0.19471370 -0.02272611 -0.10901850
v 0.19512680 -0.00133812 -0.10150990
v 0.19387379 0.00508475 -0.11077460
v 0.19489750 0.00533521 -0.10174170
v 0.19512680 -0.00133812 -0.10150990
v 0.19489750 0.00533521 -0.10174170
v 0.19523410 0.00556910 -0.09265738
v 0.19600460 -0.02775019 -0.09874594
v 0.19626890 -0.03659099 -0.09748834
v 0.19527601 -0.03482049 -0.10588180
v 0.19611640 -0.01969796 -0.09029239
v 0.19523410 0.00556910 -0.09265738
v 0.19669390 -0.03623467 -0.08708024
v 0.19431500 0.03188854 -0.09130597
v 0.19369321 0.04969453 -0.08835035
v 0.19523410 0.00556910 -0.09265738
v 0.16936450 -0.26813349 -0.10179960
v 0.17095441 -0.26671091 -0.10880600
v 0.17160469 -0.26471579 -0.10819330
v 0.16936450 -0.26813349 -0.10179960
v 0.17160469 -0.26471579 -0.10819330
v 0.16995610 -0.26612100 -0.10117070
v 0.16936450 -0.26813349 -0.10179960
v 0.16995610 -0.26612100 -0.10117070
v 0.16729450 -0.26946619 -0.09485602
v -0.09557944 -0.17467870 -0.19618180
v -0.09556311 -0.17459729 -0.19844620
v -0.09171187 -0.17889990 -0.19616710
v -0.09557944 -0.17467870 -0.19618180
v -0.09171187 -0.17889990 -0.19616710
v -0.19975001 -0.06119996 -0.14796160
v -0.09557944 -0.17467870 -0.19618180
v -0.19975001 -0.06119996 -0.14796160
v -0.09942275 -0.17033300 -0.19856469
v -0.09557944 -0.17467870 -0.19618180
v -0.09942275 -0.17033300 -0.19856469
v -0.09556311 -0.17459729 -0.19844620
v 0.09477072 -0.28605551 -0.03614068
v 0.09802430 -0.28606641 -0.03691458
v 0.09847599 -0.28502291 -0.03488391
v 0.09477072 -0.28605551 -0.03614068
v 0.09847599 -0.28502291 -0.03488391
v 0.09518331 -0.28499010 -0.03410363
v 0.09477072 -0.28605551 -0.03614068
v 0.09518331 -0.28499010 -0.03410363
v 0.08842062 -0.28572291 -0.03415298
v 0.09477072 -0.28605551 -0.03614068
v 0.08842062 -0.28572291 -0.03415298
v 0.08333134 -0.28613150 -0.03422164
v 0.09477072 -0.28605551 -0.03614068
v 0.08333134 -0.28613150 -0.03422164
v 0.08798015 -0.28661039 -0.03665083
v 0.09477072 -0.28605551 -0.03614068
v 0.08798015 -0.28661039 -0.03665083
v 0.09432238 -0.28669330 -0.03834205
v 0.09477072 -0.28605551 -0.03614068
v 0.09432238 -0.28669330 -0.03834205
v 0.09802430 -0.28606641 -0.03691458
v 0.10291920 -0.28604931 -0.03822505
v 0.09802430 -0.28606641 -0.03691458
v 0.09753262 -0.28668249 -0.03910422
v 0.10291920 -0.28604931 -0.03822505
v 0.09753262 -0.28668249 -0.03910422
v 0.10234490 -0.28663361 -0.04039019
v 0.10291920 -0.28604931 -0.03822505
v 0.10344550 -0.28503779 -0.03621006
v 0.09802430 -0.28606641 -0.03691458
v 0.10291920 -0.28604931 -0.03822505
v 0.10843310 -0.28499919 -0.03777468
v 0.10344550 -0.28503779 -0.03621006
v 0.11455970 -0.28187591 -0.03640812
v 0.11970160 -0.28173700 -0.03868407
v 0.11253590 -0.10500000 0.10588830
v 0.11455970 -0.28187591 -0.03640812
v 0.11253590 -0.10500000 0.10588830
v 0.10940610 -0.28192791 -0.03451156
v 0.11455970 -0.28187591 -0.03640812
v 0.11404900 -0.28355339 -0.03788602
v 0.11970160 -0.28173700 -0.03868407
v 0.11455970 -0.28187591 -0.03640812
v 0.10940610 -0.28192791 -0.03451156
v 0.10897090 -0.28363180 -0.03600037
v 0.11455970 -0.28187591 -0.03640812
v 0.10897090 -0.28363180 -0.03600037
v 0.11404900 -0.28355339 -0.03788602
v 0.15065721 -0.27475780 -0.06262075
v 0.15006950 -0.27674931 -0.06342536
v 0.15475950 -0.27388790 -0.06858247
v 0.15065721 -0.27475780 -0.06262075
v 0.15475950 -0.27388790 -0.06858247
v 0.16643190 -0.10500000 0.06025320
v 0.15065721 -0.27475780 -0.06262075
v 0.16643190 -0.10500000 0.06025320
v 0.15006950 -0.27674931 -0.06342536
v 0.14334510 -0.27790490 -0.05513453
v 0.14567530 -0.27754590 -0.05780380
v 0.16110571 -0.10500000 0.06764650
v 0.14334510 -0.27790490 -0.05513453
v 0.16110571 -0.10500000 0.06764650
v 0.14092590 -0.27823609 -0.05256974
v 0.14334510 -0.27790490 -0.05513453
v 0.14092590 -0.27823609 -0.05256974
v 0.14017241 -0.28006560 -0.05362814
v 0.13686471 -0.28048131 -0.05040317
v 0.14092590 -0.27823609 -0.05256974
v 0.13756150 -0.27863270 -0.04932576
v 0.13686471 -0.28048131 -0.05040317
v 0.14017241 -0.28006560 -0.05362814
v 0.14092590 -0.27823609 -0.05256974
v 0.11268570 -0.28584501 -0.04158884
v 0.11750710 -0.28563011 -0.04375451
v 0.11836300 -0.28470370 -0.04185324
v 0.11268570 -0.28584501 -0.04158884
v 0.10713620 -0.28653401 -0.04189467
v 0.11188580 -0.28637081 -0.04367095
v 0.11268570 -0.28584501 -0.04158884
v 0.11188580 -0.28637081 -0.04367095
v 0.11750710 -0.28563011 -0.04375451
v 0.12224660 -0.28532171 -0.04631650
v 0.12115840 -0.28580141 -0.04825085
v 0.12457610 -0.28512761 -0.04775941
v 0.12224660 -0.28532171 -0.04631650
v 0.11656880 -0.28613091 -0.04577231
v 0.12115840 -0.28580141 -0.04825085
v 0.12224660 -0.28532171 -0.04631650
v 0.11750710 -0.28563011 -0.04375451
v 0.11656880 -0.28613091 -0.04577231
v 0.12224660 -0.28532171 -0.04631650
v 0.12457610 -0.28512761 -0.04775941
v 0.12563939 -0.28423271 -0.04596918
v 0.15549231 -0.27738231 -0.09295976
v 0.15293729 -0.27872550 -0.08677834
v 0.14804719 -0.27981719 -0.08175545
v 0.15549231 -0.27738231 -0.09295976
v 0.14804719 -0.27981719 -0.08175545
v 0.15000170 -0.27896610 -0.08565217
v 0.15549231 -0.27738231 -0.09295976
v 0.15000170 -0.27896610 -0.08565217
v 0.15765530 -0.27596059 -0.09925144
v 0.15549231 -0.27738231 -0.09295976
v 0.15765530 -0.27596059 -0.09925144
v 0.15973780 -0.27580231 -0.09859573
v 0.15549231 -0.27738231 -0.09295976
v 0.15973780 -0.27580231 -0.09859573
v 0.15752840 -0.27719301 -0.09216457
v 0.15549231 -0.27738231 -0.09295976
v 0.15752840 -0.27719301 -0.09216457
v 0.15293729 -0.27872550 -0.08677834
v 0.14311200 -0.28221831 -0.06943684
v 0.13745549 -0.28311500 -0.06565278
v 0.14129449 -0.28211910 -0.07071059
v 0.14311200 -0.28221831 -0.06943684
v 0.14129449 -0.28211910 -0.07071059
v 0.14672861 -0.28115010 -0.07496267
v 0.14311200 -0.28221831 -0.06943684
v 0.13917860 -0.28318220 -0.06423735
v 0.13745549 -0.28311500 -0.06565278
v 0.15491921 -0.27850249 -0.08584892
v 0.15752840 -0.27719301 -0.09216457
v 0.15945970 -0.27658799 -0.09131395
v 0.15491921 -0.27850249 -0.08584892
v 0.15293729 -0.27872550 -0.08677834
v 0.15752840 -0.27719301 -0.09216457
v 0.15491921 -0.27850249 -0.08584892
v 0.15192860 -0.27972531 -0.07970112
v 0.15000990 -0.27998361 -0.08076125
v 0.15491921 -0.27850249 -0.08584892
v 0.15000990 -0.27998361 -0.08076125
v 0.15293729 -0.27872550 -0.08677834
v 0.15410601 -0.27585331 -0.06937903
v 0.15777050 -0.27486071 -0.07561814
v 0.15849040 -0.27292180 -0.07483410
v 0.15410601 -0.27585331 -0.06937903
v 0.15849040 -0.27292180 -0.07483410
v 0.15475950 -0.27388790 -0.06858247
v 0.15410601 -0.27585331 -0.06937903
v 0.15311620 -0.27759320 -0.07033586
v 0.15777050 -0.27486071 -0.07561814
v 0.15410601 -0.27585331 -0.06937903
v 0.15475950 -0.27388790 -0.06858247
v 0.15006950 -0.27674931 -0.06342536
v 0.15410601 -0.27585331 -0.06937903
v 0.15006950 -0.27674931 -0.06342536
v 0.14915590 -0.27851981 -0.06441897
v 0.15410601 -0.27585331 -0.06937903
v 0.14915590 -0.27851981 -0.06441897
v 0.15311620 -0.27759320 -0.07033586
v 0.16392280 -0.27259600 -0.08876037
v 0.16729450 -0.26946619 -0.09485602
v 0.16477489 -0.27070889 -0.08801788
v 0.16510861 -0.27294901 -0.09632736
v 0.16353780 -0.27426699 -0.09710490
v 0.16705450 -0.27156770 -0.10316520
v 0.15534300 -0.27798480 -0.07754600
v 0.15670700 -0.27656969 -0.07653409
v 0.15183040 -0.27904239 -0.07141518
v 0.15534300 -0.27798480 -0.07754600
v 0.15183040 -0.27904239 -0.07141518
v 0.15029620 -0.28014329 -0.07257628
v 0.15678890 -0.27786291 -0.08487850
v 0.15491921 -0.27850249 -0.08584892
v 0.15945970 -0.27658799 -0.09131395
v 0.15678890 -0.27786291 -0.08487850
v 0.15192860 -0.27972531 -0.07970112
v 0.15491921 -0.27850249 -0.08584892
v 0.15991309 -0.27545249 -0.08296471
v 0.15847559 -0.27683380 -0.08390456
v 0.16271940 -0.27424461 -0.08957856
v 0.15991309 -0.27545249 -0.08296471
v 0.16271940 -0.27424461 -0.08957856
v 0.16392280 -0.27259600 -0.08876037
v 0.15991309 -0.27545249 -0.08296471
v 0.15534300 -0.27798480 -0.07754600
v 0.15847559 -0.27683380 -0.08390456
v 0.15991309 -0.27545249 -0.08296471
v 0.15670700 -0.27656969 -0.07653409
v 0.15534300 -0.27798480 -0.07754600
v 0.16121300 -0.27559340 -0.09044080
v 0.15945970 -0.27658799 -0.09131395
v 0.16353780 -0.27426699 -0.09710490
v 0.16121300 -0.27559340 -0.09044080
v 0.15678890 -0.27786291 -0.08487850
v 0.15945970 -0.27658799 -0.09131395
v 0.16121300 -0.27559340 -0.09044080
v 0.15847559 -0.27683380 -0.08390456
v 0.15678890 -0.27786291 -0.08487850
v 0.16121300 -0.27559340 -0.09044080
v 0.16271940 -0.27424461 -0.08957856
v 0.15847559 -0.27683380 -0.08390456
v 0.16121300 -0.27559340 -0.09044080
v 0.16510861 -0.27294901 -0.09632736
v 0.16271940 -0.27424461 -0.08957856
v 0.16121300 -0.27559340 -0.09044080
v 0.16353780 -0.27426699 -0.09710490
v 0.16510861 -0.27294901 -0.09632736
v 0.14795330 -0.28000301 -0.06556242
v 0.15311620 -0.27759320 -0.07033586
v 0.14915590 -0.27851981 -0.06441897
v 0.14795330 -0.28000301 -0.06556242
v 0.15183040 -0.27904239 -0.07141518
v 0.15311620 -0.27759320 -0.07033586
v 0.12341070 -0.28559881 -0.04964441
v 0.12115840 -0.28580141 -0.04825085
v 0.12001710 -0.28584090 -0.05021286
v 0.12341070 -0.28559881 -0.04964441
v 0.12001710 -0.28584090 -0.05021286
v 0.12218860 -0.28563100 -0.05155140
v 0.12341070 -0.28559881 -0.04964441
v 0.12457610 -0.28512761 -0.04775941
v 0.12115840 -0.28580141 -0.04825085
v 0.13494340 -0.28403419 -0.05942022
v 0.12894811 -0.28476039 -0.05674618
v 0.13333410 -0.28399801 -0.06097906
v 0.13020530 -0.28454319 -0.05194628
v 0.13341500 -0.28411761 -0.05478978
v 0.13475101 -0.28327730 -0.05318856
v 0.13020530 -0.28454319 -0.05194628
v 0.12884919 -0.28498301 -0.05369210
v 0.13341500 -0.28411761 -0.05478978
v 0.13791060 -0.28281879 -0.05631804
v 0.13475101 -0.28327730 -0.05318856
v 0.13341500 -0.28411761 -0.05478978
v 0.13791060 -0.28281879 -0.05631804
v 0.13915481 -0.28161371 -0.05489343
v 0.13475101 -0.28327730 -0.05318856
v 0.12561880 -0.28537190 -0.05116426
v 0.12218860 -0.28563100 -0.05155140
v 0.12431550 -0.28539461 -0.05301088
v 0.12561880 -0.28537190 -0.05116426
v 0.12431550 -0.28539461 -0.05301088
v 0.12884919 -0.28498301 -0.05369210
v 0.12561880 -0.28537190 -0.05116426
v 0.12341070 -0.28559881 -0.04964441
v 0.12218860 -0.28563100 -0.05155140
v 0.12561880 -0.28537190 -0.05116426
v 0.12884919 -0.28498301 -0.05369210
v 0.13020530 -0.28454319 -0.05194628
v 0.13195860 -0.28453639 -0.05644977
v 0.12884919 -0.28498301 -0.05369210
v 0.12666149 -0.28509390 -0.05481278
v 0.13195860 -0.28453639 -0.05644977
v 0.12666149 -0.28509390 -0.05481278
v 0.12894811 -0.28476039 -0.05674618
v 0.13195860 -0.28453639 -0.05644977
v 0.12894811 -0.28476039 -0.05674618
v 0.13494340 -0.28403419 -0.05942022
v 0.13195860 -0.28453639 -0.05644977
v 0.13341500 -0.28411761 -0.05478978
v 0.12884919 -0.28498301 -0.05369210
v 0.11341600 -0.28489271 -0.03963583
v 0.11404900 -0.28355339 -0.03788602
v 0.10843310 -0.28499919 -0.03777468
v 0.11341600 -0.28489271 -0.03963583
v 0.11268570 -0.28584501 -0.04158884
v 0.11836300 -0.28470370 -0.04185324
v 0.11341600 -0.28489271 -0.03963583
v 0.11836300 -0.28470370 -0.04185324
v 0.11910430 -0.28338999 -0.04014068
v 0.11341600 -0.28489271 -0.03963583
v 0.11910430 -0.28338999 -0.04014068
v 0.11404900 -0.28355339 -0.03788602
v 0.12656081 -0.28295121 -0.04434168
v 0.12977830 -0.28114739 -0.04461926
v 0.12730360 -0.28132981 -0.04294079
v 0.12656081 -0.28295121 -0.04434168
v 0.12730360 -0.28132981 -0.04294079
v 0.12409910 -0.28312641 -0.04282450
v 0.19101091 0.06964659 -0.10590230
v 0.18932579 0.06640797 -0.11521640
v 0.19059700 0.07393610 -0.10595520
v 0.19256210 0.06466144 -0.09729713
v 0.19266550 0.06233167 -0.09766697
v 0.19207039 0.06815314 -0.09962838
v 0.19256210 0.06466144 -0.09729713
v 0.19207039 0.06815314 -0.09962838
v 0.19285920 0.06396675 -0.09427481
v 0.19256210 0.06466144 -0.09729713
v 0.19285920 0.06396675 -0.09427481
v 0.19266550 0.06233167 -0.09766697
v 0.19466470 0.01201629 -0.10177180
v 0.19489750 0.00533521 -0.10174170
v 0.19363080 0.01209694 -0.11080030
v 0.19466470 0.01201629 -0.10177180
v 0.19363080 0.01209694 -0.11080030
v 0.19442880 0.01869302 -0.10159930
v 0.19466470 0.01201629 -0.10177180
v 0.19523410 0.00556910 -0.09265738
v 0.19489750 0.00533521 -0.10174170
v 0.19419029 0.02535367 -0.10122850
v 0.19329511 0.06022697 -0.08876562
v 0.19431500 0.03188854 -0.09130597
v 0.19419029 0.02535367 -0.10122850
v 0.19431500 0.03188854 -0.09130597
v 0.19457000 0.02458482 -0.09206861
v 0.19419029 0.02535367 -0.10122850
v 0.19457000 0.02458482 -0.09206861
v 0.19442880 0.01869302 -0.10159930
v 0.19346391 0.04514348 -0.09903860
v 0.19328970 0.05149269 -0.09719997
v 0.19370741 0.03858649 -0.09993344
v 0.19346391 0.04514348 -0.09903860
v 0.19266550 0.06233167 -0.09766697
v 0.19328970 0.05149269 -0.09719997
v 0.19337530 0.01910316 -0.11065270
v 0.19191711 0.01215243 -0.11972510
v 0.19163680 0.01948422 -0.11960110
v 0.19337530 0.01910316 -0.11065270
v 0.19363080 0.01209694 -0.11080030
v 0.19191711 0.01215243 -0.11972510
v 0.19337530 0.01910316 -0.11065270
v 0.19419029 0.02535367 -0.10122850
v 0.19442880 0.01869302 -0.10159930
v 0.19337530 0.01910316 -0.11065270
v 0.19442880 0.01869302 -0.10159930
v 0.19363080 0.01209694 -0.11080030
v 0.19099610 0.03405028 -0.11893510
v 0.19282970 0.03303807 -0.10985750
v 0.19132930 0.02678924 -0.11933520
v 0.19099610 0.03405028 -0.11893510
v 0.19132930 0.02678924 -0.11933520
v 0.18886469 0.02745276 -0.12817460
v 0.17014951 -0.25512919 -0.14651249
v 0.17065009 -0.25308010 -0.14597890
v 0.17123041 -0.25628749 -0.14288780
v 0.17014951 -0.25512919 -0.14651249
v 0.16952610 -0.25454780 -0.14827880
v 0.17003050 -0.25249791 -0.14775170
v 0.17014951 -0.25512919 -0.14651249
v 0.17003050 -0.25249791 -0.14775170
v 0.17065009 -0.25308010 -0.14597890
v 0.17014951 -0.25512919 -0.14651249
v 0.16927449 -0.25709119 -0.14686140
v 0.16952610 -0.25454780 -0.14827880
v 0.17014951 -0.25512919 -0.14651249
v 0.17123041 -0.25628749 -0.14288780
v 0.17035431 -0.25824210 -0.14327370
v 0.17014951 -0.25512919 -0.14651249
v 0.17035431 -0.25824210 -0.14327370
v 0.16927449 -0.25709119 -0.14686140
v 0.18962599 -0.03973454 -0.12822621
v 0.18881419 -0.04003530 -0.13041601
v 0.19034910 -0.03317642 -0.12673600
v 0.18962599 -0.03973454 -0.12822621
v 0.19034910 -0.03317642 -0.12673600
v 0.19133189 -0.03854572 -0.12316800
v 0.18962599 -0.03973454 -0.12822621
v 0.19133189 -0.03854572 -0.12316800
v 0.17065009 -0.25308010 -0.14597890
v 0.18962599 -0.03973454 -0.12822621
v 0.17065009 -0.25308010 -0.14597890
v 0.18881419 -0.04003530 -0.13041601
v 0.15535159 -0.25099820 -0.16815829
v 0.15397850 -0.24800180 -0.17090259
v 0.15638749 -0.24909019 -0.16837570
v 0.15535159 -0.25099820 -0.16815829
v 0.15297690 -0.24992500 -0.17064580
v 0.15397850 -0.24800180 -0.17090259
v 0.15535159 -0.25099820 -0.16815829
v 0.15638749 -0.24909019 -0.16837570
v 0.15763681 -0.25209951 -0.16551819
v 0.15535159 -0.25099820 -0.16815829
v 0.15410870 -0.25270891 -0.16762280
v 0.15297690 -0.24992500 -0.17064580
v 0.18845990 0.03501832 -0.12784681
v 0.18886469 0.02745276 -0.12817460
v 0.18572870 0.02807486 -0.13680179
v 0.18845990 0.03501832 -0.12784681
v 0.18572870 0.02807486 -0.13680179
v 0.18523630 0.03593635 -0.13653910
v 0.18845990 0.03501832 -0.12784681
v 0.18523630 0.03593635 -0.13653910
v 0.18801160 0.04251235 -0.12741910
v 0.18845990 0.03501832 -0.12784681
v 0.18801160 0.04251235 -0.12741910
v 0.19063890 0.04125231 -0.11841140
v 0.18845990 0.03501832 -0.12784681
v 0.19099610 0.03405028 -0.11893510
v 0.18886469 0.02745276 -0.12817460
v 0.18845990 0.03501832 -0.12784681
v 0.19063890 0.04125231 -0.11841140
v 0.19099610 0.03405028 -0.11893510
v 0.18497340 0.05824124 -0.13160311
v 0.18405230 0.05138778 -0.13578770
v 0.18328349 0.07022792 -0.13208801
v 0.18497340 0.05824124 -0.13160311
v 0.18467601 0.04371327 -0.13619760
v 0.18405230 0.05138778 -0.13578770
v 0.19410370 -0.00191772 -0.11057620
v 0.19432040 -0.00889563 -0.11021040
v 0.19239239 -0.00251502 -0.11953690
v 0.19410370 -0.00191772 -0.11057620
v 0.19239239 -0.00251502 -0.11953690
v 0.19216920 0.00481295 -0.11970340
v 0.19410370 -0.00191772 -0.11057620
v 0.19216920 0.00481295 -0.11970340
v 0.19387379 0.00508475 -0.11077460
v 0.19410370 -0.00191772 -0.11057620
v 0.19387379 0.00508475 -0.11077460
v 0.19512680 -0.00133812 -0.10150990
v 0.19452360 -0.01583546 -0.10968690
v 0.19258671 -0.00981301 -0.11923040
v 0.19432040 -0.00889563 -0.11021040
v 0.19452360 -0.01583546 -0.10968690
v 0.19275241 -0.01706415 -0.11879240
v 0.19258671 -0.00981301 -0.11923040
v 0.19452360 -0.01583546 -0.10968690
v 0.19471370 -0.02272611 -0.10901850
v 0.19275241 -0.01706415 -0.11879240
v 0.19452360 -0.01583546 -0.10968690
v 0.19432040 -0.00889563 -0.11021040
v 0.19557400 -0.01461756 -0.10046880
v 0.19489101 -0.02955907 -0.10822080
v 0.19471370 -0.02272611 -0.10901850
v 0.19527601 -0.03482049 -0.10588180
v 0.19489101 -0.02955907 -0.10822080
v 0.19527601 -0.03482049 -0.10588180
v 0.19523470 -0.03719979 -0.10619590
v 0.19489101 -0.02955907 -0.10822080
v 0.19407091 -0.03784388 -0.11255440
v 0.19471370 -0.02272611 -0.10901850
v 0.19300181 -0.03137177 -0.11757120
v 0.19289041 -0.02425420 -0.11823470
v 0.19363800 -0.03668707 -0.11460030
v 0.19300181 -0.03137177 -0.11757120
v 0.19363800 -0.03668707 -0.11460030
v 0.19211359 -0.03874522 -0.12047950
v 0.19300181 -0.03137177 -0.11757120
v 0.19211359 -0.03874522 -0.12047950
v 0.19289041 -0.02425420 -0.11823470
v 0.18882731 0.07791024 -0.11209910
v 0.18851340 0.07552760 -0.11450200
v 0.18856861 0.08037227 -0.11187550
v 0.18882731 0.07791024 -0.11209910
v 0.18856861 0.08037227 -0.11187550
v 0.18965170 0.07707518 -0.10897260
v 0.18882731 0.07791024 -0.11209910
v 0.18965170 0.07707518 -0.10897260
v 0.18882219 0.07228100 -0.11479040
v 0.18882731 0.07791024 -0.11209910
v 0.18882219 0.07228100 -0.11479040
v 0.18851340 0.07552760 -0.11450200
v 0.18628000 0.07165151 -0.12363450
v 0.18851340 0.07552760 -0.11450200
v 0.18882219 0.07228100 -0.11479040
v 0.18628000 0.07165151 -0.12363450
v 0.18882219 0.07228100 -0.11479040
v 0.18663511 0.06835573 -0.12376200
v 0.18628000 0.07165151 -0.12363450
v 0.18590550 0.07483297 -0.12349150
v 0.18605840 0.08083218 -0.12039080
v 0.18628000 0.07165151 -0.12363450
v 0.18605840 0.08083218 -0.12039080
v 0.18851340 0.07552760 -0.11450200
v 0.18628000 0.07165151 -0.12363450
v 0.18328349 0.07022792 -0.13208801
v 0.18590550 0.07483297 -0.12349150
v 0.18628000 0.07165151 -0.12363450
v 0.18497340 0.05824124 -0.13160311
v 0.18328349 0.07022792 -0.13208801
v 0.18628000 0.07165151 -0.12363450
v 0.18663511 0.06835573 -0.12376200
v 0.18497340 0.05824124 -0.13160311
v 0.19025961 0.04838329 -0.11777770
v 0.19063890 0.04125231 -0.11841140
v 0.18801160 0.04251235 -0.12741910
v 0.19025961 0.04838329 -0.11777770
v 0.18801160 0.04251235 -0.12741910
v 0.18803801 0.05663931 -0.12325070
v 0.19025961 0.04838329 -0.11777770
v 0.18803801 0.05663931 -0.12325070
v 0.18932579 0.06640797 -0.11521640
v 0.18907940 0.06938993 -0.11501550
v 0.18803801 0.05663931 -0.12325070
v 0.18663511 0.06835573 -0.12376200
v 0.18907940 0.06938993 -0.11501550
v 0.18663511 0.06835573 -0.12376200
v 0.18882219 0.07228100 -0.11479040
v 0.18907940 0.06938993 -0.11501550
v 0.18932579 0.06640797 -0.11521640
v 0.18803801 0.05663931 -0.12325070
v 0.18907940 0.06938993 -0.11501550
v 0.18882219 0.07228100 -0.11479040
v 0.18965170 0.07707518 -0.10897260
v 0.18907940 0.06938993 -0.11501550
v 0.18965170 0.07707518 -0.10897260
v 0.18932579 0.06640797 -0.11521640
v 0.18164951 0.08113443 -0.13185710
v 0.18262340 0.08365195 -0.12846580
v 0.18227920 0.07728642 -0.13195071
v 0.18164951 0.08113443 -0.13185710
v 0.18227920 0.07728642 -0.13195071
v 0.17865001 0.07590091 -0.14013150
v 0.18164951 0.08113443 -0.13185710
v 0.17854241 0.08635294 -0.13627660
v 0.18145370 0.09026432 -0.12816539
v 0.18164951 0.08113443 -0.13185710
v 0.17796621 0.07962584 -0.14011499
v 0.17854241 0.08635294 -0.13627660
v 0.18164951 0.08113443 -0.13185710
v 0.17865001 0.07590091 -0.14013150
v 0.17796621 0.07962584 -0.14011499
v 0.18203969 0.08703988 -0.12831940
v 0.18145370 0.09026432 -0.12816539
v 0.18244711 0.09293031 -0.12441740
v 0.18203969 0.08703988 -0.12831940
v 0.18244711 0.09293031 -0.12441740
v 0.18262340 0.08365195 -0.12846580
v 0.18203969 0.08703988 -0.12831940
v 0.18164951 0.08113443 -0.13185710
v 0.18145370 0.09026432 -0.12816539
v 0.18203969 0.08703988 -0.12831940
v 0.18262340 0.08365195 -0.12846580
v 0.18164951 0.08113443 -0.13185710
v 0.02882790 -0.01264643 -0.27069861
v 0.11779460 0.04879212 -0.26800001
v 0.12125970 0.03939962 -0.26800001
v 0.02882790 -0.01264643 -0.27069861
v 0.12125970 0.03939962 -0.26800001
v 0.12397710 0.02976423 -0.26800001
v 0.02882790 -0.01264643 -0.27069861
v 0.12397710 0.02976423 -0.26800001
v 0.12593029 0.01994538 -0.26800001
v 0.01573014 -0.00360572 -0.27069861
v -0.01000350 0.12710690 -0.26800001
v 0.00000000 0.12749989 -0.26800001
v 0.01573014 -0.00360572 -0.27069861
v -0.01994538 0.12593020 -0.26800001
v -0.01000350 0.12710690 -0.26800001
v 0.01573014 -0.00360572 -0.27069861
v -0.02976423 0.12397710 -0.26800001
v -0.01994538 0.12593020 -0.26800001
v 0.00819445 -0.00756079 -0.27069861
v -0.09015607 0.09015607 -0.26800001
v -0.08280462 0.09695172 -0.26800001
v 0.00819445 -0.00756079 -0.27069861
v -0.09695172 0.08280462 -0.26800001
v -0.09015607 0.09015607 -0.26800001
v 0.00819445 -0.00756079 -0.27069861
v -0.10314970 0.07494258 -0.26800001
v -0.09695172 0.08280462 -0.26800001
v 0.00655115 -0.00994158 -0.27069861
v 0.00552529 -0.01264643 -0.27069861
v -0.11779460 0.04879212 -0.26800001
v 0.00655115 -0.00994158 -0.27069861
v -0.11779460 0.04879212 -0.26800001
v -0.11360330 0.05788373 -0.26800001
v 0.00655115 -0.00994158 -0.27069861
v -0.11360330 0.05788373 -0.26800001
v -0.10871160 0.06661856 -0.26800001
v 0.00655115 -0.00994158 -0.27069861
v -0.10871160 0.06661856 -0.26800001
v -0.10314970 0.07494258 -0.26800001
v 0.00655115 -0.00994158 -0.27069861
v -0.10314970 0.07494258 -0.26800001
v 0.00819445 -0.00756079 -0.27069861
v 0.00517660 -0.01551824 -0.27069861
v -0.12710690 0.01000350 -0.26800001
v -0.12593029 0.01994538 -0.26800001
v 0.00517660 -0.01551824 -0.27069861
v -0.12593029 0.01994538 -0.26800001
v 0.00552529 -0.01264643 -0.27069861
v 0.00517660 -0.01551824 -0.27069861
v -0.12750000 0.00000000 -0.26800001
v -0.12710690 0.01000350 -0.26800001
v 0.00517660 -0.01551824 -0.27069861
v -0.12710690 -0.01000350 -0.26800001
v -0.12750000 0.00000000 -0.26800001
v 0.00517660 -0.01551824 -0.27069861
v -0.12593029 -0.01994538 -0.26800001
v -0.12710690 -0.01000350 -0.26800001
v 0.15488820 -0.25521609 -0.16427369
v 0.15270761 -0.25415799 -0.16679201
v 0.15410870 -0.25270891 -0.16762280
v 0.15488820 -0.25521609 -0.16427369
v 0.15331480 -0.25632009 -0.16325089
v 0.15270761 -0.25415799 -0.16679201
v 0.15488820 -0.25521609 -0.16427369
v 0.15693711 -0.25628510 -0.16164280
v 0.15529799 -0.25736231 -0.16070031
v 0.15488820 -0.25521609 -0.16427369
v 0.15529799 -0.25736231 -0.16070031
v 0.15331480 -0.25632009 -0.16325089
v 0.15845250 -0.25488341 -0.16233580
v 0.15763681 -0.25209951 -0.16551819
v 0.15978689 -0.25321290 -0.16275451
v 0.15845250 -0.25488341 -0.16233580
v 0.15884320 -0.25736359 -0.15889619
v 0.15693711 -0.25628510 -0.16164280
v 0.16392320 -0.26782769 -0.13069449
v 0.16190720 -0.26877680 -0.12750231
v 0.16176170 -0.26791689 -0.13050130
v 0.16392320 -0.26782769 -0.13069449
v 0.16176170 -0.26791689 -0.13050130
v 0.16362751 -0.26695350 -0.13374589
v 0.16392320 -0.26782769 -0.13069449
v 0.16407640 -0.26869011 -0.12759461
v 0.16190720 -0.26877680 -0.12750231
v 0.16384770 -0.25821620 -0.15348721
v 0.16422620 -0.26118869 -0.14833739
v 0.16218220 -0.25954321 -0.15304419
v 0.16384770 -0.25821620 -0.15348721
v 0.16595100 -0.25989911 -0.14863890
v 0.16422620 -0.26118869 -0.14833739
v 0.16384770 -0.25821620 -0.15348721
v 0.16218220 -0.25954321 -0.15304419
v 0.16221480 -0.25709799 -0.15656251
v 0.16384770 -0.25821620 -0.15348721
v 0.16529870 -0.25660780 -0.15369640
v 0.16595100 -0.25989911 -0.14863890
v 0.16384770 -0.25821620 -0.15348721
v 0.16221480 -0.25709799 -0.15656251
v 0.16363060 -0.25546890 -0.15684579
v 0.16384770 -0.25821620 -0.15348721
v 0.16363060 -0.25546890 -0.15684579
v 0.16529870 -0.25660780 -0.15369640
v 0.16527970 -0.26556209 -0.13701279
v 0.16362751 -0.26695350 -0.13374589
v 0.16318490 -0.26606831 -0.13674150
v 0.16527970 -0.26556209 -0.13701279
v 0.16318490 -0.26606831 -0.13674150
v 0.16466510 -0.26465699 -0.14005500
v 0.16527970 -0.26556209 -0.13701279
v 0.16466510 -0.26465699 -0.14005500
v 0.16663221 -0.26376081 -0.14028060
v 0.16527970 -0.26556209 -0.13701279
v 0.16663221 -0.26376081 -0.14028060
v 0.16725990 -0.26467431 -0.13713740
v 0.16041230 -0.25598651 -0.15951130
v 0.16059530 -0.25845030 -0.15603080
v 0.15884320 -0.25736359 -0.15889619
v 0.16041230 -0.25598651 -0.15951130
v 0.16221480 -0.25709799 -0.15656251
v 0.16059530 -0.25845030 -0.15603080
v 0.16041230 -0.25598651 -0.15951130
v 0.15884320 -0.25736359 -0.15889619
v 0.15845250 -0.25488341 -0.16233580
v 0.16041230 -0.25598651 -0.15951130
v 0.16178900 -0.25433660 -0.15986460
v 0.16221480 -0.25709799 -0.15656251
v 0.16041230 -0.25598651 -0.15951130
v 0.15845250 -0.25488341 -0.16233580
v 0.15978689 -0.25321290 -0.16275451
v 0.16041230 -0.25598651 -0.15951130
v 0.15978689 -0.25321290 -0.16275451
v 0.16178900 -0.25433660 -0.15986460
v 0.14668730 -0.25328520 -0.17022750
v 0.14420860 -0.25227460 -0.17241240
v 0.14806020 -0.25210679 -0.17144810
v 0.14668730 -0.25328520 -0.17022750
v 0.14806020 -0.25210679 -0.17144810
v 0.14899860 -0.25428089 -0.16800880
v 0.14668730 -0.25328520 -0.17022750
v 0.14899860 -0.25428089 -0.16800880
v 0.05124998 -0.23620000 -0.21766150
v 0.14668730 -0.25328520 -0.17022750
v 0.05124998 -0.23620000 -0.21766150
v 0.14420860 -0.25227460 -0.17241240
v 0.14934491 -0.25061369 -0.17239089
v 0.15178099 -0.25165480 -0.17006020
v 0.15043800 -0.25312629 -0.16917039
v 0.14934491 -0.25061369 -0.17239089
v 0.15043800 -0.25312629 -0.16917039
v 0.14806020 -0.25210679 -0.17144810
v 0.14934491 -0.25061369 -0.17239089
v 0.14551370 -0.25107241 -0.17368700
v 0.14673880 -0.24955760 -0.17467850
v 0.14934491 -0.25061369 -0.17239089
v 0.14806020 -0.25210679 -0.17144810
v 0.14551370 -0.25107241 -0.17368700
v 0.14934491 -0.25061369 -0.17239089
v 0.14673880 -0.24955760 -0.17467850
v 0.15049310 -0.24886510 -0.17302179
v 0.14934491 -0.25061369 -0.17239089
v 0.15049310 -0.24886510 -0.17302179
v 0.15178099 -0.25165480 -0.17006020
v 0.16817839 -0.26731691 -0.12741449
v 0.16981050 -0.26522049 -0.13050620
v 0.16995309 -0.26608360 -0.12714911
v 0.16817839 -0.26731691 -0.12741449
v 0.16995309 -0.26608360 -0.12714911
v 0.16818351 -0.26816359 -0.12409910
v 0.16817839 -0.26731691 -0.12741449
v 0.16818351 -0.26816359 -0.12409910
v 0.16620660 -0.26904500 -0.12433180
v 0.17057800 -0.26189861 -0.13693160
v 0.16994619 -0.26097420 -0.14023520
v 0.17116541 -0.25919130 -0.13996591
v 0.17057800 -0.26189861 -0.13693160
v 0.17116541 -0.25919130 -0.13996591
v 0.17178790 -0.26011771 -0.13660900
v 0.17057800 -0.26189861 -0.13693160
v 0.17178790 -0.26011771 -0.13660900
v 0.17103420 -0.26280221 -0.13358270
v 0.17057800 -0.26189861 -0.13693160
v 0.17103420 -0.26280221 -0.13358270
v 0.16951120 -0.26433811 -0.13382880
v 0.16619369 -0.26819620 -0.12756470
v 0.16620660 -0.26904500 -0.12433180
v 0.16409180 -0.26954001 -0.12445300
v 0.16619369 -0.26819620 -0.12756470
v 0.16409180 -0.26954001 -0.12445300
v 0.16407640 -0.26869011 -0.12759461
v 0.16619369 -0.26819620 -0.12756470
v 0.16817839 -0.26731691 -0.12741449
v 0.16620660 -0.26904500 -0.12433180
v 0.16904840 -0.26343650 -0.13710970
v 0.16725990 -0.26467431 -0.13713740
v 0.16841491 -0.26251650 -0.14034110
v 0.16904840 -0.26343650 -0.13710970
v 0.17057800 -0.26189861 -0.13693160
v 0.16951120 -0.26433811 -0.13382880
v 0.16904840 -0.26343650 -0.13710970
v 0.16841491 -0.26251650 -0.14034110
v 0.16994619 -0.26097420 -0.14023520
v 0.16904840 -0.26343650 -0.13710970
v 0.16994619 -0.26097420 -0.14023520
v 0.17057800 -0.26189861 -0.13693160
v 0.19498441 -0.03734666 -0.10774080
v 0.19523470 -0.03719979 -0.10619590
v 0.17308091 -0.25611091 -0.13558710
v 0.19498441 -0.03734666 -0.10774080
v 0.17308091 -0.25611091 -0.13558710
v 0.19407091 -0.03784388 -0.11255440
v 0.19498441 -0.03734666 -0.10774080
v 0.19489101 -0.02955907 -0.10822080
v 0.19523470 -0.03719979 -0.10619590
v 0.19498441 -0.03734666 -0.10774080
v 0.19407091 -0.03784388 -0.11255440
v 0.19489101 -0.02955907 -0.10822080
v 0.19535241 -0.00799245 -0.10108210
v 0.19557400 -0.01461756 -0.10046880
v 0.19432040 -0.00889563 -0.11021040
v 0.19535241 -0.00799245 -0.10108210
v 0.19410370 -0.00191772 -0.11057620
v 0.19512680 -0.00133812 -0.10150990
v 0.19535241 -0.00799245 -0.10108210
v 0.19432040 -0.00889563 -0.11021040
v 0.19410370 -0.00191772 -0.11057620
v 0.19623689 -0.03295660 -0.09706240
v 0.19557400 -0.01461756 -0.10046880
v 0.19611640 -0.01969796 -0.09029239
v 0.19623689 -0.03295660 -0.09706240
v 0.19636260 -0.03653144 -0.09628564
v 0.19626890 -0.03659099 -0.09748834
v 0.19623689 -0.03295660 -0.09706240
v 0.19626890 -0.03659099 -0.09748834
v 0.19600460 -0.02775019 -0.09874594
v 0.19623689 -0.03295660 -0.09706240
v 0.19669390 -0.03623467 -0.08708024
v 0.19636260 -0.03653144 -0.09628564
v 0.19579139 -0.02120542 -0.09968441
v 0.19600460 -0.02775019 -0.09874594
v 0.19527601 -0.03482049 -0.10588180
v 0.19579139 -0.02120542 -0.09968441
v 0.19527601 -0.03482049 -0.10588180
v 0.19471370 -0.02272611 -0.10901850
v 0.19579139 -0.02120542 -0.09968441
v 0.19471370 -0.02272611 -0.10901850
v 0.19452360 -0.01583546 -0.10968690
v 0.19579139 -0.02120542 -0.09968441
v 0.19452360 -0.01583546 -0.10968690
v 0.19557400 -0.01461756 -0.10046880
v 0.19579139 -0.02120542 -0.09968441
v 0.19623689 -0.03295660 -0.09706240
v 0.19600460 -0.02775019 -0.09874594
v 0.19579139 -0.02120542 -0.09968441
v 0.19557400 -0.01461756 -0.10046880
v 0.19623689 -0.03295660 -0.09706240
v 0.19479109 0.01825380 -0.09249389
v 0.19431500 0.03188854 -0.09130597
v 0.19523410 0.00556910 -0.09265738
v 0.19479109 0.01825380 -0.09249389
v 0.19457000 0.02458482 -0.09206861
v 0.19431500 0.03188854 -0.09130597
v 0.19479109 0.01825380 -0.09249389
v 0.19466470 0.01201629 -0.10177180
v 0.19442880 0.01869302 -0.10159930
v 0.19479109 0.01825380 -0.09249389
v 0.19442880 0.01869302 -0.10159930
v 0.19457000 0.02458482 -0.09206861
v 0.19412971 0.03719276 -0.09057939
v 0.19334650 0.05943197 -0.08748483
v 0.19369321 0.04969453 -0.08835035
v 0.19412971 0.03719276 -0.09057939
v 0.19369321 0.04969453 -0.08835035
v 0.19431500 0.03188854 -0.09130597
v 0.19412971 0.03719276 -0.09057939
v 0.19431500 0.03188854 -0.09130597
v 0.19329511 0.06022697 -0.08876562
v 0.19412971 0.03719276 -0.09057939
v 0.19329511 0.06022697 -0.08876562
v 0.19334650 0.05943197 -0.08748483
v 0.16838560 -0.26997301 -0.10247300
v 0.16991660 -0.26853010 -0.10943200
v 0.17095441 -0.26671091 -0.10880600
v 0.16838560 -0.26997301 -0.10247300
v 0.17095441 -0.26671091 -0.10880600
v 0.16936450 -0.26813349 -0.10179960
v 0.16838560 -0.26997301 -0.10247300
v 0.16705450 -0.27156770 -0.10316520
v 0.16991660 -0.26853010 -0.10943200
v 0.16838560 -0.26997301 -0.10247300
v 0.16510861 -0.27294901 -0.09632736
v 0.16705450 -0.27156770 -0.10316520
v 0.10781370 -0.28598011 -0.03976452
v 0.10291920 -0.28604931 -0.03822505
v 0.10234490 -0.28663361 -0.04039019
v 0.10781370 -0.28598011 -0.03976452
v 0.10234490 -0.28663361 -0.04039019
v 0.10713620 -0.28653401 -0.04189467
v 0.10781370 -0.28598011 -0.03976452
v 0.10713620 -0.28653401 -0.04189467
v 0.11268570 -0.28584501 -0.04158884
v 0.10781370 -0.28598011 -0.03976452
v 0.10843310 -0.28499919 -0.03777468
v 0.10291920 -0.28604931 -0.03822505
v 0.10781370 -0.28598011 -0.03976452
v 0.11341600 -0.28489271 -0.03963583
v 0.10843310 -0.28499919 -0.03777468
v 0.10781370 -0.28598011 -0.03976452
v 0.11268570 -0.28584501 -0.04158884
v 0.11341600 -0.28489271 -0.03963583
v 0.12323930 -0.28441760 -0.04448455
v 0.12409910 -0.28312641 -0.04282450
v 0.11836300 -0.28470370 -0.04185324
v 0.12323930 -0.28441760 -0.04448455
v 0.12656081 -0.28295121 -0.04434168
v 0.12409910 -0.28312641 -0.04282450
v 0.12323930 -0.28441760 -0.04448455
v 0.12563939 -0.28423271 -0.04596918
v 0.12656081 -0.28295121 -0.04434168
v 0.12323930 -0.28441760 -0.04448455
v 0.12224660 -0.28532171 -0.04631650
v 0.12563939 -0.28423271 -0.04596918
v 0.12323930 -0.28441760 -0.04448455
v 0.11836300 -0.28470370 -0.04185324
v 0.11750710 -0.28563011 -0.04375451
v 0.12323930 -0.28441760 -0.04448455
v 0.11750710 -0.28563011 -0.04375451
v 0.12224660 -0.28532171 -0.04631650
v 0.13144641 -0.28368101 -0.05027288
v 0.13020530 -0.28454319 -0.05194628
v 0.13475101 -0.28327730 -0.05318856
v 0.14255030 -0.27971989 -0.05617785
v 0.14484011 -0.27934629 -0.05883127
v 0.14567530 -0.27754590 -0.05780380
v 0.14255030 -0.27971989 -0.05617785
v 0.14567530 -0.27754590 -0.05780380
v 0.14334510 -0.27790490 -0.05513453
v 0.14255030 -0.27971989 -0.05617785
v 0.14334510 -0.27790490 -0.05513453
v 0.14017241 -0.28006560 -0.05362814
v 0.14255030 -0.27971989 -0.05617785
v 0.14017241 -0.28006560 -0.05362814
v 0.13915481 -0.28161371 -0.05489343
v 0.13340020 -0.28084269 -0.04739421
v 0.13252559 -0.28243241 -0.04873543
v 0.13686471 -0.28048131 -0.05040317
v 0.13340020 -0.28084269 -0.04739421
v 0.13403790 -0.27897519 -0.04629927
v 0.12977830 -0.28114739 -0.04461926
v 0.13340020 -0.28084269 -0.04739421
v 0.13686471 -0.28048131 -0.05040317
v 0.13756150 -0.27863270 -0.04932576
v 0.13340020 -0.28084269 -0.04739421
v 0.13756150 -0.27863270 -0.04932576
v 0.13403790 -0.27897519 -0.04629927
v 0.13591629 -0.28205031 -0.05170702
v 0.13475101 -0.28327730 -0.05318856
v 0.13915481 -0.28161371 -0.05489343
v 0.13591629 -0.28205031 -0.05170702
v 0.13686471 -0.28048131 -0.05040317
v 0.13252559 -0.28243241 -0.04873543
v 0.13591629 -0.28205031 -0.05170702
v 0.13144641 -0.28368101 -0.05027288
v 0.13475101 -0.28327730 -0.05318856
v 0.13591629 -0.28205031 -0.05170702
v 0.13252559 -0.28243241 -0.04873543
v 0.13144641 -0.28368101 -0.05027288
v 0.13591629 -0.28205031 -0.05170702
v 0.13915481 -0.28161371 -0.05489343
v 0.14017241 -0.28006560 -0.05362814
v 0.13591629 -0.28205031 -0.05170702
v 0.14017241 -0.28006560 -0.05362814
v 0.13686471 -0.28048131 -0.05040317
v 0.14487199 -0.28188860 -0.06812065
v 0.14083999 -0.28281799 -0.06279277
v 0.13917860 -0.28318220 -0.06423735
v 0.14487199 -0.28188860 -0.06812065
v 0.13917860 -0.28318220 -0.06423735
v 0.14311200 -0.28221831 -0.06943684
v 0.16104780 -0.27377409 -0.08209466
v 0.16392280 -0.27259600 -0.08876037
v 0.16477489 -0.27070889 -0.08801788
v 0.16104780 -0.27377409 -0.08209466
v 0.16477489 -0.27070889 -0.08801788
v 0.16183411 -0.27186140 -0.08132839
v 0.16104780 -0.27377409 -0.08209466
v 0.16183411 -0.27186140 -0.08132839
v 0.15777050 -0.27486071 -0.07561814
v 0.16104780 -0.27377409 -0.08209466
v 0.15991309 -0.27545249 -0.08296471
v 0.16392280 -0.27259600 -0.08876037
v 0.16104780 -0.27377409 -0.08209466
v 0.15777050 -0.27486071 -0.07561814
v 0.15670700 -0.27656969 -0.07653409
v 0.16104780 -0.27377409 -0.08209466
v 0.15670700 -0.27656969 -0.07653409
v 0.15991309 -0.27545249 -0.08296471
v 0.16637780 -0.27132860 -0.09556794
v 0.16392280 -0.27259600 -0.08876037
v 0.16271940 -0.27424461 -0.08957856
v 0.16637780 -0.27132860 -0.09556794
v 0.16271940 -0.27424461 -0.08957856
v 0.16510861 -0.27294901 -0.09632736
v 0.16637780 -0.27132860 -0.09556794
v 0.16510861 -0.27294901 -0.09632736
v 0.16838560 -0.26997301 -0.10247300
v 0.16637780 -0.27132860 -0.09556794
v 0.16729450 -0.26946619 -0.09485602
v 0.16392280 -0.27259600 -0.08876037
v 0.16637780 -0.27132860 -0.09556794
v 0.16838560 -0.26997301 -0.10247300
v 0.16936450 -0.26813349 -0.10179960
v 0.16637780 -0.27132860 -0.09556794
v 0.16936450 -0.26813349 -0.10179960
v 0.16729450 -0.26946619 -0.09485602
v 0.15372901 -0.27904949 -0.07861542
v 0.15192860 -0.27972531 -0.07970112
v 0.15678890 -0.27786291 -0.08487850
v 0.15372901 -0.27904949 -0.07861542
v 0.15534300 -0.27798480 -0.07754600
v 0.15029620 -0.28014329 -0.07257628
v 0.15372901 -0.27904949 -0.07861542
v 0.15678890 -0.27786291 -0.08487850
v 0.15847559 -0.27683380 -0.08390456
v 0.15372901 -0.27904949 -0.07861542
v 0.15847559 -0.27683380 -0.08390456
v 0.15534300 -0.27798480 -0.07754600
v 0.14650640 -0.28113961 -0.06681251
v 0.15029620 -0.28014329 -0.07257628
v 0.15183040 -0.27904239 -0.07141518
v 0.14650640 -0.28113961 -0.06681251
v 0.15183040 -0.27904239 -0.07141518
v 0.14795330 -0.28000301 -0.06556242
v 0.14650640 -0.28113961 -0.06681251
v 0.14795330 -0.28000301 -0.06556242
v 0.14237520 -0.28203380 -0.06137442
v 0.14650640 -0.28113961 -0.06681251
v 0.14487199 -0.28188860 -0.06812065
v 0.15029620 -0.28014329 -0.07257628
v 0.14650640 -0.28113961 -0.06681251
v 0.14237520 -0.28203380 -0.06137442
v 0.14083999 -0.28281799 -0.06279277
v 0.14650640 -0.28113961 -0.06681251
v 0.14083999 -0.28281799 -0.06279277
v 0.14487199 -0.28188860 -0.06812065
v 0.14372639 -0.28086239 -0.06003654
v 0.14795330 -0.28000301 -0.06556242
v 0.14915590 -0.27851981 -0.06441897
v 0.14372639 -0.28086239 -0.06003654
v 0.14915590 -0.27851981 -0.06441897
v 0.14484011 -0.27934629 -0.05883127
v 0.14372639 -0.28086239 -0.06003654
v 0.14237520 -0.28203380 -0.06137442
v 0.14795330 -0.28000301 -0.06556242
v 0.13709800 -0.28362259 -0.06177741
v 0.13494340 -0.28403419 -0.05942022
v 0.13333410 -0.28399801 -0.06097906
v 0.13709800 -0.28362259 -0.06177741
v 0.13333410 -0.28399801 -0.06097906
v 0.13917860 -0.28318220 -0.06423735
v 0.13709800 -0.28362259 -0.06177741
v 0.13917860 -0.28318220 -0.06423735
v 0.14083999 -0.28281799 -0.06279277
v 0.13648890 -0.28363699 -0.05784636
v 0.13791060 -0.28281879 -0.05631804
v 0.13341500 -0.28411761 -0.05478978
v 0.13648890 -0.28363699 -0.05784636
v 0.13195860 -0.28453639 -0.05644977
v 0.13494340 -0.28403419 -0.05942022
v 0.13648890 -0.28363699 -0.05784636
v 0.13341500 -0.28411761 -0.05478978
v 0.13195860 -0.28453639 -0.05644977
v 0.12686250 -0.28491130 -0.04933333
v 0.12561880 -0.28537190 -0.05116426
v 0.13020530 -0.28454319 -0.05194628
v 0.12686250 -0.28491130 -0.04933333
v 0.13020530 -0.28454319 -0.05194628
v 0.13144641 -0.28368101 -0.05027288
v 0.12686250 -0.28491130 -0.04933333
v 0.12457610 -0.28512761 -0.04775941
v 0.12341070 -0.28559881 -0.04964441
v 0.12686250 -0.28491130 -0.04933333
v 0.12341070 -0.28559881 -0.04964441
v 0.12561880 -0.28537190 -0.05116426
v 0.12898310 -0.28275749 -0.04599648
v 0.12977830 -0.28114739 -0.04461926
v 0.12656081 -0.28295121 -0.04434168
v 0.12898310 -0.28275749 -0.04599648
v 0.12656081 -0.28295121 -0.04434168
v 0.12563939 -0.28423271 -0.04596918
v 0.12898310 -0.28275749 -0.04599648
v 0.13340020 -0.28084269 -0.04739421
v 0.12977830 -0.28114739 -0.04461926
v 0.12898310 -0.28275749 -0.04599648
v 0.13252559 -0.28243241 -0.04873543
v 0.13340020 -0.28084269 -0.04739421
v 0.19081330 0.07257443 -0.10549740
v 0.19101091 0.06964659 -0.10590230
v 0.19059700 0.07393610 -0.10595520
v 0.19081330 0.07257443 -0.10549740
v 0.19059700 0.07393610 -0.10595520
v 0.19140320 0.07096081 -0.10283630
v 0.19081330 0.07257443 -0.10549740
v 0.19140320 0.07096081 -0.10283630
v 0.19101091 0.06964659 -0.10590230
v 0.19117761 0.06705522 -0.10621860
v 0.19101091 0.06964659 -0.10590230
v 0.19140320 0.07096081 -0.10283630
v 0.19117761 0.06705522 -0.10621860
v 0.19140320 0.07096081 -0.10283630
v 0.19133981 0.06439602 -0.10650110
v 0.19117761 0.06705522 -0.10621860
v 0.18932579 0.06640797 -0.11521640
v 0.19101091 0.06964659 -0.10590230
v 0.19394970 0.03198772 -0.10066890
v 0.19370741 0.03858649 -0.09993344
v 0.19329511 0.06022697 -0.08876562
v 0.19394970 0.03198772 -0.10066890
v 0.19329511 0.06022697 -0.08876562
v 0.19419029 0.02535367 -0.10122850
v 0.19394970 0.03198772 -0.10066890
v 0.19282970 0.03303807 -0.10985750
v 0.19370741 0.03858649 -0.09993344
v 0.19254141 0.03994101 -0.10923050
v 0.19346391 0.04514348 -0.09903860
v 0.19370741 0.03858649 -0.09993344
v 0.19254141 0.03994101 -0.10923050
v 0.19370741 0.03858649 -0.09993344
v 0.19282970 0.03303807 -0.10985750
v 0.19254141 0.03994101 -0.10923050
v 0.19282970 0.03303807 -0.10985750
v 0.19099610 0.03405028 -0.11893510
v 0.19254141 0.03994101 -0.10923050
v 0.19099610 0.03405028 -0.11893510
v 0.19063890 0.04125231 -0.11841140
v 0.19254141 0.03994101 -0.10923050
v 0.19063890 0.04125231 -0.11841140
v 0.19224420 0.04678773 -0.10846940
v 0.19310801 0.02608817 -0.11033560
v 0.19419029 0.02535367 -0.10122850
v 0.19337530 0.01910316 -0.11065270
v 0.19310801 0.02608817 -0.11033560
v 0.19132930 0.02678924 -0.11933520
v 0.19282970 0.03303807 -0.10985750
v 0.19310801 0.02608817 -0.11033560
v 0.19394970 0.03198772 -0.10066890
v 0.19419029 0.02535367 -0.10122850
v 0.19310801 0.02608817 -0.11033560
v 0.19282970 0.03303807 -0.10985750
v 0.19394970 0.03198772 -0.10066890
v 0.19310801 0.02608817 -0.11033560
v 0.19337530 0.01910316 -0.11065270
v 0.19163680 0.01948422 -0.11960110
v 0.19310801 0.02608817 -0.11033560
v 0.19163680 0.01948422 -0.11960110
v 0.19132930 0.02678924 -0.11933520
v 0.19220801 0.05325549 -0.10600010
v 0.19224420 0.04678773 -0.10846940
v 0.19133981 0.06439602 -0.10650110
v 0.19220801 0.05325549 -0.10600010
v 0.19133981 0.06439602 -0.10650110
v 0.19207039 0.06815314 -0.09962838
v 0.19220801 0.05325549 -0.10600010
v 0.19207039 0.06815314 -0.09962838
v 0.19266550 0.06233167 -0.09766697
v 0.19220801 0.05325549 -0.10600010
v 0.19254141 0.03994101 -0.10923050
v 0.19224420 0.04678773 -0.10846940
v 0.19220801 0.05325549 -0.10600010
v 0.19266550 0.06233167 -0.09766697
v 0.19346391 0.04514348 -0.09903860
v 0.19220801 0.05325549 -0.10600010
v 0.19346391 0.04514348 -0.09903860
v 0.19254141 0.03994101 -0.10923050
v 0.15634720 -0.25379029 -0.16503870
v 0.15535159 -0.25099820 -0.16815829
v 0.15763681 -0.25209951 -0.16551819
v 0.15634720 -0.25379029 -0.16503870
v 0.15410870 -0.25270891 -0.16762280
v 0.15535159 -0.25099820 -0.16815829
v 0.15634720 -0.25379029 -0.16503870
v 0.15763681 -0.25209951 -0.16551819
v 0.15845250 -0.25488341 -0.16233580
v 0.15634720 -0.25379029 -0.16503870
v 0.15488820 -0.25521609 -0.16427369
v 0.15410870 -0.25270891 -0.16762280
v 0.15634720 -0.25379029 -0.16503870
v 0.15845250 -0.25488341 -0.16233580
v 0.15693711 -0.25628510 -0.16164280
v 0.15634720 -0.25379029 -0.16503870
v 0.15693711 -0.25628510 -0.16164280
v 0.15488820 -0.25521609 -0.16427369
v 0.18752310 0.04991996 -0.12690350
v 0.18803801 0.05663931 -0.12325070
v 0.18801160 0.04251235 -0.12741910
v 0.18752310 0.04991996 -0.12690350
v 0.18497340 0.05824124 -0.13160311
v 0.18663511 0.06835573 -0.12376200
v 0.18752310 0.04991996 -0.12690350
v 0.18663511 0.06835573 -0.12376200
v 0.18803801 0.05663931 -0.12325070
v 0.18752310 0.04991996 -0.12690350
v 0.18801160 0.04251235 -0.12741910
v 0.18467601 0.04371327 -0.13619760
v 0.18752310 0.04991996 -0.12690350
v 0.18467601 0.04371327 -0.13619760
v 0.18497340 0.05824124 -0.13160311
v 0.19045410 0.05497425 -0.11470020
v 0.19025961 0.04838329 -0.11777770
v 0.18932579 0.06640797 -0.11521640
v 0.19045410 0.05497425 -0.11470020
v 0.19117761 0.06705522 -0.10621860
v 0.19133981 0.06439602 -0.10650110
v 0.19045410 0.05497425 -0.11470020
v 0.18932579 0.06640797 -0.11521640
v 0.19117761 0.06705522 -0.10621860
v 0.19045410 0.05497425 -0.11470020
v 0.19133981 0.06439602 -0.10650110
v 0.19224420 0.04678773 -0.10846940
v 0.19045410 0.05497425 -0.11470020
v 0.19224420 0.04678773 -0.10846940
v 0.19063890 0.04125231 -0.11841140
v 0.19045410 0.05497425 -0.11470020
v 0.19063890 0.04125231 -0.11841140
v 0.19025961 0.04838329 -0.11777770
v 0.02780205 -0.00994158 -0.27069861
v 0.11360330 0.05788373 -0.26800001
v 0.11779460 0.04879212 -0.26800001
v 0.02780205 -0.00994158 -0.27069861
v 0.11779460 0.04879212 -0.26800001
v 0.02882790 -0.01264643 -0.27069861
v 0.02780205 -0.00994158 -0.27069861
v 0.10871160 0.06661856 -0.26800001
v 0.11360330 0.05788373 -0.26800001
v 0.02780205 -0.00994158 -0.27069861
v 0.10314970 0.07494258 -0.26800001
v 0.10871160 0.06661856 -0.26800001
v 0.02917659 -0.01551824 -0.27069861
v 0.02882790 -0.01264643 -0.27069861
v 0.12593029 0.01994538 -0.26800001
v 0.02917659 -0.01551824 -0.27069861
v 0.12593029 0.01994538 -0.26800001
v 0.12710690 0.01000350 -0.26800001
v 0.02917659 -0.01551824 -0.27069861
v 0.12710690 0.01000350 -0.26800001
v 0.12750000 0.00000000 -0.26800001
v 0.02917659 -0.01551824 -0.27069861
v 0.12750000 0.00000000 -0.26800001
v 0.12710690 -0.01000350 -0.26800001
v 0.02917659 -0.01551824 -0.27069861
v 0.12710690 -0.01000350 -0.26800001
v 0.12593029 -0.01994538 -0.26800001
v 0.01862305 -0.00360572 -0.27069861
v 0.01573014 -0.00360572 -0.27069861
v 0.00000000 0.12749989 -0.26800001
v 0.01862305 -0.00360572 -0.27069861
v 0.00000000 0.12749989 -0.26800001
v 0.01000350 0.12710690 -0.26800001
v 0.01862305 -0.00360572 -0.27069861
v 0.01000350 0.12710690 -0.26800001
v 0.01994538 0.12593020 -0.26800001
v 0.01862305 -0.00360572 -0.27069861
v 0.01994538 0.12593020 -0.26800001
v 0.02976423 0.12397710 -0.26800001
v 0.01292133 -0.00429803 -0.27069861
v -0.03939962 0.12125970 -0.26800001
v -0.02976423 0.12397710 -0.26800001
v 0.01292133 -0.00429803 -0.27069861
v -0.02976423 0.12397710 -0.26800001
v 0.01573014 -0.00360572 -0.27069861
v 0.01292133 -0.00429803 -0.27069861
v -0.04879212 0.11779460 -0.26800001
v -0.03939962 0.12125970 -0.26800001
v 0.01292133 -0.00429803 -0.27069861
v -0.05788373 0.11360330 -0.26800001
v -0.04879212 0.11779460 -0.26800001
v 0.01035982 -0.00564241 -0.27069861
v 0.00819445 -0.00756079 -0.27069861
v -0.08280462 0.09695172 -0.26800001
v 0.01035982 -0.00564241 -0.27069861
v -0.08280462 0.09695172 -0.26800001
v -0.07494258 0.10314960 -0.26800001
v 0.01035982 -0.00564241 -0.27069861
v -0.07494258 0.10314960 -0.26800001
v -0.06661856 0.10871160 -0.26800001
v 0.01035982 -0.00564241 -0.27069861
v -0.06661856 0.10871160 -0.26800001
v -0.05788373 0.11360330 -0.26800001
v 0.01035982 -0.00564241 -0.27069861
v -0.05788373 0.11360330 -0.26800001
v 0.01292133 -0.00429803 -0.27069861
v 0.00552529 -0.01839005 -0.27069861
v -0.12397710 -0.02976429 -0.26800001
v -0.12593029 -0.01994538 -0.26800001
v 0.00552529 -0.01839005 -0.27069861
v -0.12593029 -0.01994538 -0.26800001
v 0.00517660 -0.01551824 -0.27069861
v 0.00552529 -0.01839005 -0.27069861
v -0.12125970 -0.03939968 -0.26800001
v -0.12397710 -0.02976429 -0.26800001
v 0.00552529 -0.01839005 -0.27069861
v -0.11779460 -0.04879212 -0.26800001
v -0.12125970 -0.03939968 -0.26800001
v 0.16573560 -0.26645431 -0.13391200
v 0.16392320 -0.26782769 -0.13069449
v 0.16362751 -0.26695350 -0.13374589
v 0.16573560 -0.26645431 -0.13391200
v 0.16362751 -0.26695350 -0.13374589
v 0.16527970 -0.26556209 -0.13701279
v 0.16573560 -0.26645431 -0.13391200
v 0.16527970 -0.26556209 -0.13701279
v 0.16725990 -0.26467431 -0.13713740
v 0.16772260 -0.26557201 -0.13394029
v 0.16573560 -0.26645431 -0.13391200
v 0.16725990 -0.26467431 -0.13713740
v 0.16772260 -0.26557201 -0.13394029
v 0.16904840 -0.26343650 -0.13710970
v 0.16951120 -0.26433811 -0.13382880
v 0.16772260 -0.26557201 -0.13394029
v 0.16725990 -0.26467431 -0.13713740
v 0.16904840 -0.26343650 -0.13710970
v 0.16603839 -0.26733249 -0.13076019
v 0.16619369 -0.26819620 -0.12756470
v 0.16407640 -0.26869011 -0.12759461
v 0.16603839 -0.26733249 -0.13076019
v 0.16407640 -0.26869011 -0.12759461
v 0.16392320 -0.26782769 -0.13069449
v 0.16603839 -0.26733249 -0.13076019
v 0.16392320 -0.26782769 -0.13069449
v 0.16573560 -0.26645431 -0.13391200
v 0.16603839 -0.26733249 -0.13076019
v 0.16573560 -0.26645431 -0.13391200
v 0.16772260 -0.26557201 -0.13394029
v 0.19589689 -0.01341247 -0.09119564
v 0.19611640 -0.01969796 -0.09029239
v 0.19557400 -0.01461756 -0.10046880
v 0.19589689 -0.01341247 -0.09119564
v 0.19557400 -0.01461756 -0.10046880
v 0.19535241 -0.00799245 -0.10108210
v 0.19589689 -0.01341247 -0.09119564
v 0.19523410 0.00556910 -0.09265738
v 0.19611640 -0.01969796 -0.09029239
v 0.19633490 -0.02595525 -0.08920943
v 0.19623689 -0.03295660 -0.09706240
v 0.19611640 -0.01969796 -0.09029239
v 0.19633490 -0.02595525 -0.08920943
v 0.19611640 -0.01969796 -0.09029239
v 0.19669390 -0.03623467 -0.08708024
v 0.19633490 -0.02595525 -0.08920943
v 0.19669390 -0.03623467 -0.08708024
v 0.19623689 -0.03295660 -0.09706240
v 0.19501249 0.01191335 -0.09269165
v 0.19479109 0.01825380 -0.09249389
v 0.19523410 0.00556910 -0.09265738
v 0.19501249 0.01191335 -0.09269165
v 0.19523410 0.00556910 -0.09265738
v 0.19466470 0.01201629 -0.10177180
v 0.19501249 0.01191335 -0.09269165
v 0.19466470 0.01201629 -0.10177180
v 0.19479109 0.01825380 -0.09249389
v 0.14857380 -0.28085580 -0.07377409
v 0.15029620 -0.28014329 -0.07257628
v 0.14487199 -0.28188860 -0.06812065
v 0.14857380 -0.28085580 -0.07377409
v 0.14672861 -0.28115010 -0.07496267
v 0.15192860 -0.27972531 -0.07970112
v 0.14857380 -0.28085580 -0.07377409
v 0.15372901 -0.27904949 -0.07861542
v 0.15029620 -0.28014329 -0.07257628
v 0.14857380 -0.28085580 -0.07377409
v 0.15192860 -0.27972531 -0.07970112
v 0.15372901 -0.27904949 -0.07861542
v 0.14857380 -0.28085580 -0.07377409
v 0.14487199 -0.28188860 -0.06812065
v 0.14311200 -0.28221831 -0.06943684
v 0.14857380 -0.28085580 -0.07377409
v 0.14311200 -0.28221831 -0.06943684
v 0.14672861 -0.28115010 -0.07496267
v 0.14148360 -0.28125209 -0.05741339
v 0.14255030 -0.27971989 -0.05617785
v 0.13915481 -0.28161371 -0.05489343
v 0.14148360 -0.28125209 -0.05741339
v 0.14372639 -0.28086239 -0.06003654
v 0.14484011 -0.27934629 -0.05883127
v 0.14148360 -0.28125209 -0.05741339
v 0.14484011 -0.27934629 -0.05883127
v 0.14255030 -0.27971989 -0.05617785
v 0.14148360 -0.28125209 -0.05741339
v 0.13915481 -0.28161371 -0.05489343
v 0.13791060 -0.28281879 -0.05631804
v 0.13870379 -0.28324181 -0.06026822
v 0.13709800 -0.28362259 -0.06177741
v 0.14083999 -0.28281799 -0.06279277
v 0.13870379 -0.28324181 -0.06026822
v 0.13494340 -0.28403419 -0.05942022
v 0.13709800 -0.28362259 -0.06177741
v 0.13870379 -0.28324181 -0.06026822
v 0.13648890 -0.28363699 -0.05784636
v 0.13494340 -0.28403419 -0.05942022
v 0.13870379 -0.28324181 -0.06026822
v 0.14083999 -0.28281799 -0.06279277
v 0.14237520 -0.28203380 -0.06137442
v 0.12799820 -0.28402761 -0.04758864
v 0.12686250 -0.28491130 -0.04933333
v 0.13144641 -0.28368101 -0.05027288
v 0.12799820 -0.28402761 -0.04758864
v 0.12898310 -0.28275749 -0.04599648
v 0.12563939 -0.28423271 -0.04596918
v 0.12799820 -0.28402761 -0.04758864
v 0.12563939 -0.28423271 -0.04596918
v 0.12457610 -0.28512761 -0.04775941
v 0.12799820 -0.28402761 -0.04758864
v 0.12457610 -0.28512761 -0.04775941
v 0.12686250 -0.28491130 -0.04933333
v 0.12799820 -0.28402761 -0.04758864
v 0.13144641 -0.28368101 -0.05027288
v 0.13252559 -0.28243241 -0.04873543
v 0.12799820 -0.28402761 -0.04758864
v 0.13252559 -0.28243241 -0.04873543
v 0.12898310 -0.28275749 -0.04599648
v 0.02615875 -0.00756079 -0.27069861
v 0.09695172 0.08280462 -0.26800001
v 0.10314970 0.07494258 -0.26800001
v 0.02615875 -0.00756079 -0.27069861
v 0.10314970 0.07494258 -0.26800001
v 0.02780205 -0.00994158 -0.27069861
v 0.02615875 -0.00756079 -0.27069861
v 0.09015607 0.09015607 -0.26800001
v 0.09695172 0.08280462 -0.26800001
v 0.02615875 -0.00756079 -0.27069861
v 0.08280462 0.09695172 -0.26800001
v 0.09015607 0.09015607 -0.26800001
v 0.02882790 -0.01839005 -0.27069861
v 0.02917659 -0.01551824 -0.27069861
v 0.12593029 -0.01994538 -0.26800001
v 0.02882790 -0.01839005 -0.27069861
v 0.12593029 -0.01994538 -0.26800001
v 0.12397710 -0.02976429 -0.26800001
v 0.02882790 -0.01839005 -0.27069861
v 0.12397710 -0.02976429 -0.26800001
v 0.12125970 -0.03939968 -0.26800001
v 0.02882790 -0.01839005 -0.27069861
v 0.12125970 -0.03939968 -0.26800001
v 0.11779460 -0.04879212 -0.26800001
v 0.02143186 -0.00429803 -0.27069861
v 0.01862305 -0.00360572 -0.27069861
v 0.02976423 0.12397710 -0.26800001
v 0.02143186 -0.00429803 -0.27069861
v 0.02976423 0.12397710 -0.26800001
v 0.03939962 0.12125970 -0.26800001
v 0.02143186 -0.00429803 -0.27069861
v 0.03939962 0.12125970 -0.26800001
v 0.04879212 0.11779460 -0.26800001
v 0.02143186 -0.00429803 -0.27069861
v 0.04879212 0.11779460 -0.26800001
v 0.05788373 0.11360330 -0.26800001
v 0.00655115 -0.02109491 -0.27069861
v -0.11360330 -0.05788379 -0.26800001
v -0.11779460 -0.04879212 -0.26800001
v 0.00655115 -0.02109491 -0.27069861
v -0.11779460 -0.04879212 -0.26800001
v 0.00552529 -0.01839005 -0.27069861
v 0.00655115 -0.02109491 -0.27069861
v -0.10871160 -0.06661856 -0.26800001
v -0.11360330 -0.05788379 -0.26800001
v 0.00655115 -0.02109491 -0.27069861
v -0.10314970 -0.07494264 -0.26800001
v -0.10871160 -0.06661856 -0.26800001
v 0.16802670 -0.26645300 -0.13069689
v 0.16772260 -0.26557201 -0.13394029
v 0.16951120 -0.26433811 -0.13382880
v 0.16802670 -0.26645300 -0.13069689
v 0.16951120 -0.26433811 -0.13382880
v 0.16981050 -0.26522049 -0.13050620
v 0.16802670 -0.26645300 -0.13069689
v 0.16981050 -0.26522049 -0.13050620
v 0.16817839 -0.26731691 -0.12741449
v 0.16802670 -0.26645300 -0.13069689
v 0.16603839 -0.26733249 -0.13076019
v 0.16772260 -0.26557201 -0.13394029
v 0.16802670 -0.26645300 -0.13069689
v 0.16817839 -0.26731691 -0.12741449
v 0.16619369 -0.26819620 -0.12756470
v 0.16802670 -0.26645300 -0.13069689
v 0.16619369 -0.26819620 -0.12756470
v 0.16603839 -0.26733249 -0.13076019
v 0.19556640 -0.00394845 -0.09217292
v 0.19589689 -0.01341247 -0.09119564
v 0.19535241 -0.00799245 -0.10108210
v 0.19556640 -0.00394845 -0.09217292
v 0.19535241 -0.00799245 -0.10108210
v 0.19512680 -0.00133812 -0.10150990
v 0.19556640 -0.00394845 -0.09217292
v 0.19512680 -0.00133812 -0.10150990
v 0.19523410 0.00556910 -0.09265738
v 0.19556640 -0.00394845 -0.09217292
v 0.19523410 0.00556910 -0.09265738
v 0.19589689 -0.01341247 -0.09119564
v 0.14018430 -0.28244051 -0.05879479
v 0.14148360 -0.28125209 -0.05741339
v 0.13791060 -0.28281879 -0.05631804
v 0.14018430 -0.28244051 -0.05879479
v 0.13870379 -0.28324181 -0.06026822
v 0.14237520 -0.28203380 -0.06137442
v 0.14018430 -0.28244051 -0.05879479
v 0.14237520 -0.28203380 -0.06137442
v 0.14372639 -0.28086239 -0.06003654
v 0.14018430 -0.28244051 -0.05879479
v 0.14372639 -0.28086239 -0.06003654
v 0.14148360 -0.28125209 -0.05741339
v 0.14018430 -0.28244051 -0.05879479
v 0.13791060 -0.28281879 -0.05631804
v 0.13648890 -0.28363699 -0.05784636
v 0.14018430 -0.28244051 -0.05879479
v 0.13648890 -0.28363699 -0.05784636
v 0.13870379 -0.28324181 -0.06026822
v 0.02399337 -0.00564241 -0.27069861
v 0.07494258 0.10314960 -0.26800001
v 0.08280462 0.09695172 -0.26800001
v 0.02399337 -0.00564241 -0.27069861
v 0.08280462 0.09695172 -0.26800001
v 0.02615875 -0.00756079 -0.27069861
v 0.02399337 -0.00564241 -0.27069861
v 0.06661856 0.10871160 -0.26800001
v 0.07494258 0.10314960 -0.26800001
v 0.02399337 -0.00564241 -0.27069861
v 0.02143186 -0.00429803 -0.27069861
v 0.05788373 0.11360330 -0.26800001
v 0.02399337 -0.00564241 -0.27069861
v 0.05788373 0.11360330 -0.26800001
v 0.06661856 0.10871160 -0.26800001
v 0.02780205 -0.02109491 -0.27069861
v 0.02882790 -0.01839005 -0.27069861
v 0.11779460 -0.04879212 -0.26800001
v 0.02780205 -0.02109491 -0.27069861
v 0.11779460 -0.04879212 -0.26800001
v 0.11360330 -0.05788379 -0.26800001
v 0.02780205 -0.02109491 -0.27069861
v 0.11360330 -0.05788379 -0.26800001
v 0.10871160 -0.06661856 -0.26800001
v 0.02780205 -0.02109491 -0.27069861
v 0.10871160 -0.06661856 -0.26800001
v 0.10314970 -0.07494264 -0.26800001
v 0.00819445 -0.02347570 -0.27069861
v -0.09695172 -0.08280462 -0.26800001
v -0.10314970 -0.07494264 -0.26800001
v 0.00819445 -0.02347570 -0.27069861
v -0.10314970 -0.07494264 -0.26800001
v 0.00655115 -0.02109491 -0.27069861
v 0.00819445 -0.02347570 -0.27069861
v -0.09015607 -0.09015613 -0.26800001
v -0.09695172 -0.08280462 -0.26800001
v 0.00819445 -0.02347570 -0.27069861
v -0.08280462 -0.09695178 -0.26800001
v -0.09015607 -0.09015613 -0.26800001
v 0.02615875 -0.02347570 -0.27069861
v 0.02780205 -0.02109491 -0.27069861
v 0.10314970 -0.07494264 -0.26800001
v 0.02615875 -0.02347570 -0.27069861
v 0.10314970 -0.07494264 -0.26800001
v 0.09695172 -0.08280462 -0.26800001
v 0.02615875 -0.02347570 -0.27069861
v 0.09695172 -0.08280462 -0.26800001
v 0.09015607 -0.09015613 -0.26800001
v 0.02615875 -0.02347570 -0.27069861
v 0.09015607 -0.09015613 -0.26800001
v 0.08280462 -0.09695178 -0.26800001
v 0.01035982 -0.02539402 -0.27069861
v -0.07494258 -0.10314970 -0.26800001
v -0.08280462 -0.09695178 -0.26800001
v 0.01035982 -0.02539402 -0.27069861
v -0.08280462 -0.09695178 -0.26800001
v 0.00819445 -0.02347570 -0.27069861
v 0.01035982 -0.02539402 -0.27069861
v -0.06661856 -0.10871160 -0.26800001
v -0.07494258 -0.10314970 -0.26800001
v 0.01035982 -0.02539402 -0.27069861
v -0.05788373 -0.11360330 -0.26800001
v -0.06661856 -0.10871160 -0.26800001
v 0.02399337 -0.02539402 -0.27069861
v 0.02615875 -0.02347570 -0.27069861
v 0.08280462 -0.09695178 -0.26800001
v 0.02399337 -0.02539402 -0.27069861
v 0.08280462 -0.09695178 -0.26800001
v 0.07494258 -0.10314970 -0.26800001
v 0.02399337 -0.02539402 -0.27069861
v 0.07494258 -0.10314970 -0.26800001
v 0.06661856 -0.10871160 -0.26800001
v 0.02399337 -0.02539402 -0.27069861
v 0.06661856 -0.10871160 -0.26800001
v 0.05788373 -0.11360330 -0.26800001
v 0.01292133 -0.02673846 -0.27069861
v -0.04879212 -0.11779460 -0.26800001
v -0.05788373 -0.11360330 -0.26800001
v 0.01292133 -0.02673846 -0.27069861
v -0.05788373 -0.11360330 -0.26800001
v 0.01035982 -0.02539402 -0.27069861
v 0.01292133 -0.02673846 -0.27069861
v -0.03939962 -0.12125970 -0.26800001
v -0.04879212 -0.11779460 -0.26800001
v 0.01292133 -0.02673846 -0.27069861
v -0.02976423 -0.12397710 -0.26800001
v -0.03939962 -0.12125970 -0.26800001
v 0.02143186 -0.02673846 -0.27069861
v 0.02399337 -0.02539402 -0.27069861
v 0.05788373 -0.11360330 -0.26800001
v 0.02143186 -0.02673846 -0.27069861
v 0.05788373 -0.11360330 -0.26800001
v 0.04879212 -0.11779460 -0.26800001
v 0.02143186 -0.02673846 -0.27069861
v 0.04879212 -0.11779460 -0.26800001
v 0.03939962 -0.12125970 -0.26800001
v 0.02143186 -0.02673846 -0.27069861
v 0.03939962 -0.12125970 -0.26800001
v 0.02976423 -0.12397710 -0.26800001
v 0.01573014 -0.02743077 -0.27069861
v -0.01994538 -0.12593029 -0.26800001
v -0.02976423 -0.12397710 -0.26800001
v 0.01573014 -0.02743077 -0.27069861
v -0.02976423 -0.12397710 -0.26800001
v 0.01292133 -0.02673846 -0.27069861
v 0.01573014 -0.02743077 -0.27069861
v -0.01000350 -0.12710699 -0.26800001
v -0.01994538 -0.12593029 -0.26800001
v 0.01573014 -0.02743077 -0.27069861
v 0.00000000 -0.12750000 -0.26800001
v -0.01000350 -0.12710699 -0.26800001
v 0.01862305 -0.02743077 -0.27069861
v 0.02143186 -0.02673846 -0.27069861
v 0.02976423 -0.12397710 -0.26800001
v 0.01862305 -0.02743077 -0.27069861
v 0.02976423 -0.12397710 -0.26800001
v 0.01994538 -0.12593029 -0.26800001
v 0.01862305 -0.02743077 -0.27069861
v 0.02399337 -0.02539402 -0.27069861
v 0.02143186 -0.02673846 -0.27069861
v 0.01862305 -0.02743077 -0.27069861
v 0.01994538 -0.12593029 -0.26800001
v 0.01000350 -0.12710699 -0.26800001
v 0.01862305 -0.02743077 -0.27069861
v 0.02615875 -0.02347570 -0.27069861
v 0.02399337 -0.02539402 -0.27069861
v 0.01862305 -0.02743077 -0.27069861
v 0.01000350 -0.12710699 -0.26800001
v 0.00000000 -0.12750000 -0.26800001
v 0.01862305 -0.02743077 -0.27069861
v 0.00000000 -0.12750000 -0.26800001
v 0.01573014 -0.02743077 -0.27069861
v 0.01862305 -0.02743077 -0.27069861
v 0.02780205 -0.02109491 -0.27069861
v 0.02615875 -0.02347570 -0.27069861
v 0.01862305 -0.02743077 -0.27069861
v 0.02882790 -0.01839005 -0.27069861
v 0.02780205 -0.02109491 -0.27069861
v 0.01862305 -0.02743077 -0.27069861
v 0.02917659 -0.01551824 -0.27069861
v 0.02882790 -0.01839005 -0.27069861
v 0.01862305 -0.02743077 -0.27069861
v 0.02882790 -0.01264643 -0.27069861
v 0.02917659 -0.01551824 -0.27069861
v 0.01862305 -0.02743077 -0.27069861
v 0.02780205 -0.00994158 -0.27069861
v 0.02882790 -0.01264643 -0.27069861
v 0.01862305 -0.02743077 -0.27069861
v 0.02615875 -0.00756079 -0.27069861
v 0.02780205 -0.00994158 -0.27069861
v 0.01862305 -0.02743077 -0.27069861
v 0.02399337 -0.00564241 -0.27069861
v 0.02615875 -0.00756079 -0.27069861
v 0.01862305 -0.02743077 -0.27069861
v 0.02143186 -0.00429803 -0.27069861
v 0.02399337 -0.00564241 -0.27069861
v 0.01862305 -0.02743077 -0.27069861
v 0.01862305 -0.00360572 -0.27069861
v 0.02143186 -0.00429803 -0.27069861
v 0.01862305 -0.02743077 -0.27069861
v 0.01573014 -0.00360572 -0.27069861
v 0.01862305 -0.00360572 -0.27069861
v 0.01862305 -0.02743077 -0.27069861
v 0.01292133 -0.00429803 -0.27069861
v 0.01573014 -0.00360572 -0.27069861
v 0.01862305 -0.02743077 -0.27069861
v 0.01035982 -0.00564241 -0.27069861
v 0.01292133 -0.00429803 -0.27069861
v 0.01862305 -0.02743077 -0.27069861
v 0.00819445 -0.00756079 -0.27069861
v 0.01035982 -0.00564241 -0.27069861
v 0.01862305 -0.02743077 -0.27069861
v 0.00655115 -0.00994158 -0.27069861
v 0.00819445 -0.00756079 -0.27069861
v 0.01862305 -0.02743077 -0.27069861
v 0.00552529 -0.01264643 -0.27069861
v 0.00655115 -0.00994158 -0.27069861
v 0.01862305 -0.02743077 -0.27069861
v 0.00517660 -0.01551824 -0.27069861
v 0.00552529 -0.01264643 -0.27069861
v 0.01862305 -0.02743077 -0.27069861
v 0.00552529 -0.01839005 -0.27069861
v 0.00517660 -0.01551824 -0.27069861
v 0.01862305 -0.02743077 -0.27069861
v 0.00655115 -0.02109491 -0.27069861
v 0.00552529 -0.01839005 -0.27069861
v 0.01862305 -0.02743077 -0.27069861
v 0.00819445 -0.02347570 -0.27069861
v 0.00655115 -0.02109491 -0.27069861
v 0.01862305 -0.02743077 -0.27069861
v 0.01035982 -0.02539402 -0.27069861
v 0.00819445 -0.02347570 -0.27069861
v 0.01862305 -0.02743077 -0.27069861
v 0.01573014 -0.02743077 -0.27069861
v 0.01292133 -0.02673846 -0.27069861
v 0.01862305 -0.02743077 -0.27069861
v 0.01292133 -0.02673846 -0.27069861
v 0.01035982 -0.02539402 -0.27069861
usemtl DefaultMaterial
f 1 2 3
f 4 5 6
f 7 8 9
f 10 11 12
f 13 14 15
f 16 17 18
f 19 20 21
f 22 23 24
f 25 26 27
f 28 29 30
f 31 32 33
f 34 35 36
f 37 38 39
f 40 41 42
f 43 44 45
f 46 47 48
f 49 50 51
f 52 53 54
f 55 56 57
f 58 59 60
f 61 62 63
f 64 65 66
f 67 68 69
f 70 71 72
f 73 74 75
f 76 77 78
f 79 80 81
f 82 83 84
f 85 86 87
f 88 89 90
f 91 92 93
f 94 95 96
f 97 98 99
f 100 101 102
f 103 104 105
f 106 107 108
f 109 110 111
f 112 113 114
f 115 116 117
f 118 119 120
f 121 122 123
f 124 125 126
f 127 128 129
f 130 131 132
f 133 134 135
f 136 137 138
f 139 140 141
f 142 143 144
f 145 146 147
f 148 149 150
f 151 152 153
f 154 155 156
f 157 158 159
f 160 161 162
f 163 164 165
f 166 167 168
f 169 170 171
f 172 173 174
f 175 176 177
f 178 179 180
f 181 182 183
f 184 185 186
f 187 188 189
f 190 191 192
f 193 194 195
f 196 197 198
f 199 200 201
f 202 203 204
f 205 206 207
f 208 209 210
f 211 212 213
f 214 215 216
f 217 218 219
f 220 221 222
f 223 224 225
f 226 227 228
f 229 230 231
f 232 233 234
f 235 236 237
f 238 239 240
f 241 242 243
f 244 245 246
f 247 248 249
f 250 251 252
f 253 254 255
f 256 257 258
f 259 260 261
f 262 263 264
f 265 266 267
f 268 269 270
f 271 272 273
f 274 275 276
f 277 278 279
f 280 281 282
f 283 284 285
f 286 287 288
f 289 290 291
f 292 293 294
f 295 296 297
f 298 299 300
f 301 302 303
f 304 305 306
f 307 308 309
f 310 311 312
f 313 314 315
f 316 317 318
f 319 320 321
f 322 323 324
f 325 326 327
f 328 329 330
f 331 332 333
f 334 335 336
f 337 338 339
f 340 341 342
f 343 344 345
f 346 347 348
f 349 350 351
f 352 353 354
f 355 356 357
f 358 359 360
f 361 362 363
f 364 365 366
f 367 368 369
f 370 371 372
f 373 374 375
f 376 377 378
f 379 380 381
f 382 383 384
f 385 386 387
f 388 389 390
f 391 392 393
f 394 395 396
f 397 398 399
f 400 401 402
f 403 404 405
f 406 407 408
f 409 410 411
f 412 413 414
f 415 416 417
f 418 419 420
f 421 422 423
f 424 425 426
f 427 428 429
f 430 431 432
f 433 434 435
f 436 437 438
f 439 440 441
f 442 443 444
f 445 446 447
f 448 449 450
f 451 452 453
f 454 455 456
f 457 458 459
f 460 461 462
f 463 464 465
f 466 467 468
f 469 470 471
f 472 473 474
f 475 476 477
f 478 479 480
f 481 482 483
f 484 485 486
f 487 488 489
f 490 491 492
f 493 494 495
f 496 497 498
f 499 500 501
f 502 503 504
f 505 506 507
f 508 509 510
f 511 512 513
f 514 515 516
f 517 518 519
f 520 521 522
f 523 524 525
f 526 527 528
f 529 530 531
f 532 533 534
f 535 536 537
f 538 539 540
f 541 542 543
f 544 545 546
f 547 548 549
f 550 551 552
f 553 554 555
f 556 557 558
f 559 560 561
f 562 563 564
f 565 566 567
f 568 569 570
f 571 572 573
f 574 575 576
f 577 578 579
f 580 581 582
f 583 584 585
f 586 587 588
f 589 590 591
f 592 593 594
f 595 596 597
f 598 599 600
f 601 602 603
f 604 605 606
f 607 608 609
f 610 611 612
f 613 614 615
f 616 617 618
f 619 620 621
f 622 623 624
f 625 626 627
f 628 629 630
f 631 632 633
f 634 635 636
f 637 638 639
f 640 641 642
f 643 644 645
f 646 647 648
f 649 650 651
f 652 653 654
f 655 656 657
f 658 659 660
f 661 662 663
f 664 665 666
f 667 668 669
f 670 671 672
f 673 674 675
f 676 677 678
f 679 680 681
f 682 683 684
f 685 686 687
f 688 689 690
f 691 692 693
f 694 695 696
f 697 698 699
f 700 701 702
f 703 704 705
f 706 707 708
f 709 710 711
f 712 713 714
f 715 716 717
f 718 719 720
f 721 722 723
f 724 725 726
f 727 728 729
f 730 731 732
f 733 734 735
f 736 737 738
f 739 740 741
f 742 743 744
f 745 746 747
f 748 749 750
f 751 752 753
f 754 755 756
f 757 758 759
f 760 761 762
f 763 764 765
f 766 767 768
f 769 770 771
f 772 773 774
f 775 776 777
f 778 779 780
f 781 782 783
f 784 785 786
f 787 788 789
f 790 791 792
f 793 794 795
f 796 797 798
f 799 800 801
f 802 803 804
f 805 806 807
f 808 809 810
f 811 812 813
f 814 815 816
f 817 818 819
f 820 821 822
f 823 824 825
f 826 827 828
f 829 830 831
f 832 833 834
f 835 836 837
f 838 839 840
f 841 842 843
f 844 845 846
f 847 848 849
f 850 851 852
f 853 854 855
f 856 857 858
f 859 860 861
f 862 863 864
f 865 866 867
f 868 869 870
f 871 872 873
f 874 875 876
f 877 878 879
f 880 881 882
f 883 884 885
f 886 887 888
f 889 890 891
f 892 893 894
f 895 896 897
f 898 899 900
f 901 902 903
f 904 905 906
f 907 908 909
f 910 911 912
f 913 914 915
f 916 917 918
f 919 920 921
f 922 923 924
f 925 926 927
f 928 929 930
f 931 932 933
f 934 935 936
f 937 938 939
f 940 941 942
f 943 944 945
f 946 947 948
f 949 950 951
f 952 953 954
f 955 956 957
f 958 959 960
f 961 962 963
f 964 965 966
f 967 968 969
f 970 971 972
f 973 974 975
f 976 977 978
f 979 980 981
f 982 983 984
f 985 986 987
f 988 989 990
f 991 992 993
f 994 995 996
f 997 998 999
f 1000 1001 1002
f 1003 1004 1005
f 1006 1007 1008
f 1009 1010 1011
f 1012 1013 1014
f 1015 1016 1017
f 1018 1019 1020
f 1021 1022 1023
f 1024 1025 1026
f 1027 1028 1029
f 1030 1031 1032
f 1033 1034 1035
f 1036 1037 1038
f 1039 1040 1041
f 1042 1043 1044
f 1045 1046 1047
f 1048 1049 1050
f 1051 1052 1053
f 1054 1055 1056
f 1057 1058 1059
f 1060 1061 1062
f 1063 1064 1065
f 1066 1067 1068
f 1069 1070 1071
f 1072 1073 1074
f 1075 1076 1077
f 1078 1079 1080
f 1081 1082 1083
f 1084 1085 1086
f 1087 1088 1089
f 1090 1091 1092
f 1093 1094 1095
f 1096 1097 1098
f 1099 1100 1101
f 1102 1103 1104
f 1105 1106 1107
f 1108 1109 1110
f 1111 1112 1113
f 1114 1115 1116
f 1117 1118 1119
f 1120 1121 1122
f 1123 1124 1125
f 1126 1127 1128
f 1129 1130 1131
f 1132 1133 1134
f 1135 1136 1137
f 1138 1139 1140
f 1141 1142 1143
f 1144 1145 1146
f 1147 1148 1149
f 1150 1151 1152
f 1153 1154 1155
f 1156 1157 1158
f 1159 1160 1161
f 1162 1163 1164
f 1165 1166 1167
f 1168 1169 1170
f 1171 1172 1173
f 1174 1175 1176
f 1177 1178 1179
f 1180 1181 1182
f 1183 1184 1185
f 1186 1187 1188
f 1189 1190 1191
f 1192 1193 1194
f 1195 1196 1197
f 1198 1199 1200
f 1201 1202 1203
f 1204 1205 1206
f 1207 1208 1209
f 1210 1211 1212
f 1213 1214 1215
f 1216 1217 1218
f 1219 1220 1221
f 1222 1223 1224
f 1225 1226 1227
f 1228 1229 1230
f 1231 1232 1233
f 1234 1235 1236
f 1237 1238 1239
f 1240 1241 1242
f 1243 1244 1245
f 1246 1247 1248
f 1249 1250 1251
f 1252 1253 1254
f 1255 1256 1257
f 1258 1259 1260
f 1261 1262 1263
f 1264 1265 1266
f 1267 1268 1269
f 1270 1271 1272
f 1273 1274 1275
f 1276 1277 1278
f 1279 1280 1281
f 1282 1283 1284
f 1285 1286 1287
f 1288 1289 1290
f 1291 1292 1293
f 1294 1295 1296
f 1297 1298 1299
f 1300 1301 1302
f 1303 1304 1305
f 1306 1307 1308
f 1309 1310 1311
f 1312 1313 1314
f 1315 1316 1317
f 1318 1319 1320
f 1321 1322 1323
f 1324 1325 1326
f 1327 1328 1329
f 1330 1331 1332
f 1333 1334 1335
f 1336 1337 1338
f 1339 1340 1341
f 1342 1343 1344
f 1345 1346 1347
f 1348 1349 1350
f 1351 1352 1353
f 1354 1355 1356
f 1357 1358 1359
f 1360 1361 1362
f 1363 1364 1365
f 1366 1367 1368
f 1369 1370 1371
f 1372 1373 1374
f 1375 1376 1377
f 1378 1379 1380
f 1381 1382 1383
f 1384 1385 1386
f 1387 1388 1389
f 1390 1391 1392
f 1393 1394 1395
f 1396 1397 1398
f 1399 1400 1401
f 1402 1403 1404
f 1405 1406 1407
f 1408 1409 1410
f 1411 1412 1413
f 1414 1415 1416
f 1417 1418 1419
f 1420 1421 1422
f 1423 1424 1425
f 1426 1427 1428
f 1429 1430 1431
f 1432 1433 1434
f 1435 1436 1437
f 1438 1439 1440
f 1441 1442 1443
f 1444 1445 1446
f 1447 1448 1449
f 1450 1451 1452
f 1453 1454 1455
f 1456 1457 1458
f 1459 1460 1461
f 1462 1463 1464
f 1465 1466 1467
f 1468 1469 1470
f 1471 1472 1473
f 1474 1475 1476
f 1477 1478 1479
f 1480 1481 1482
f 1483 1484 1485
f 1486 1487 1488
f 1489 1490 1491
f 1492 1493 1494
f 1495 1496 1497
f 1498 1499 1500
f 1501 1502 1503
f 1504 1505 1506
f 1507 1508 1509
f 1510 1511 1512
f 1513 1514 1515
f 1516 1517 1518
f 1519 1520 1521
f 1522 1523 1524
f 1525 1526 1527
f 1528 1529 1530
f 1531 1532 1533
f 1534 1535 1536
f 1537 1538 1539
f 1540 1541 1542
f 1543 1544 1545
f 1546 1547 1548
f 1549 1550 1551
f 1552 1553 1554
f 1555 1556 1557
f 1558 1559 1560
f 1561 1562 1563
f 1564 1565 1566
f 1567 1568 1569
f 1570 1571 1572
f 1573 1574 1575
f 1576 1577 1578
f 1579 1580 1581
f 1582 1583 1584
f 1585 1586 1587
f 1588 1589 1590
f 1591 1592 1593
f 1594 1595 1596
f 1597 1598 1599
f 1600 1601 1602
f 1603 1604 1605
f 1606 1607 1608
f 1609 1610 1611
f 1612 1613 1614
f 1615 1616 1617
f 1618 1619 1620
f 1621 1622 1623
f 1624 1625 1626
f 1627 1628 1629
f 1630 1631 1632
f 1633 1634 1635
f 1636 1637 1638
f 1639 1640 1641
f 1642 1643 1644
f 1645 1646 1647
f 1648 1649 1650
f 1651 1652 1653
f 1654 1655 1656
f 1657 1658 1659
f 1660 1661 1662
f 1663 1664 1665
f 1666 1667 1668
f 1669 1670 1671
f 1672 1673 1674
f 1675 1676 1677
f 1678 1679 1680
f 1681 1682 1683
f 1684 1685 1686
f 1687 1688 1689
f 1690 1691 1692
f 1693 1694 1695
f 1696 1697 1698
f 1699 1700 1701
f 1702 1703 1704
f 1705 1706 1707
f 1708 1709 1710
f 1711 1712 1713
f 1714 1715 1716
f 1717 1718 1719
f 1720 1721 1722
f 1723 1724 1725
f 1726 1727 1728
f 1729 1730 1731
f 1732 1733 1734
f 1735 1736 1737
f 1738 1739 1740
f 1741 1742 1743
f 1744 1745 1746
f 1747 1748 1749
f 1750 1751 1752
f 1753 1754 1755
f 1756 1757 1758
f 1759 1760 1761
f 1762 1763 1764
f 1765 1766 1767
f 1768 1769 1770
f 1771 1772 1773
f 1774 1775 1776
f 1777 1778 1779
f 1780 1781 1782
f 1783 1784 1785
f 1786 1787 1788
f 1789 1790 1791
f 1792 1793 1794
f 1795 1796 1797
f 1798 1799 1800
f 1801 1802 1803
f 1804 1805 1806
f 1807 1808 1809
f 1810 1811 1812
f 1813 1814 1815
f 1816 1817 1818
f 1819 1820 1821
f 1822 1823 1824
f 1825 1826 1827
f 1828 1829 1830
f 1831 1832 1833
f 1834 1835 1836
f 1837 1838 1839
f 1840 1841 1842
f 1843 1844 1845
f 1846 1847 1848
f 1849 1850 1851
f 1852 1853 1854
f 1855 1856 1857
f 1858 1859 1860
f 1861 1862 1863
f 1864 1865 1866
f 1867 1868 1869
f 1870 1871 1872
f 1873 1874 1875
f 1876 1877 1878
f 1879 1880 1881
f 1882 1883 1884
f 1885 1886 1887
f 1888 1889 1890
f 1891 1892 1893
f 1894 1895 1896
f 1897 1898 1899
f 1900 1901 1902
f 1903 1904 1905
f 1906 1907 1908
f 1909 1910 1911
f 1912 1913 1914
f 1915 1916 1917
f 1918 1919 1920
f 1921 1922 1923
f 1924 1925 1926
f 1927 1928 1929
f 1930 1931 1932
f 1933 1934 1935
f 1936 1937 1938
f 1939 1940 1941
f 1942 1943 1944
f 1945 1946 1947
f 1948 1949 1950
f 1951 1952 1953
f 1954 1955 1956
f 1957 1958 1959
f 1960 1961 1962
f 1963 1964 1965
f 1966 1967 1968
f 1969 1970 1971
f 1972 1973 1974
f 1975 1976 1977
f 1978 1979 1980
f 1981 1982 1983
f 1984 1985 1986
f 1987 1988 1989
f 1990 1991 1992
f 1993 1994 1995
f 1996 1997 1998
f 1999 2000 2001
f 2002 2003 2004
f 2005 2006 2007
f 2008 2009 2010
f 2011 2012 2013
f 2014 2015 2016
f 2017 2018 2019
f 2020 2021 2022
f 2023 2024 2025
f 2026 2027 2028
f 2029 2030 2031
f 2032 2033 2034
f 2035 2036 2037
f 2038 2039 2040
f 2041 2042 2043
f 2044 2045 2046
f 2047 2048 2049
f 2050 2051 2052
f 2053 2054 2055
f 2056 2057 2058
f 2059 2060 2061
f 2062 2063 2064
f 2065 2066 2067
f 2068 2069 2070
f 2071 2072 2073
f 2074 2075 2076
f 2077 2078 2079
f 2080 2081 2082
f 2083 2084 2085
f 2086 2087 2088
f 2089 2090 2091
f 2092 2093 2094
f 2095 2096 2097
f 2098 2099 2100
f 2101 2102 2103
f 2104 2105 2106
f 2107 2108 2109
f 2110 2111 2112
f 2113 2114 2115
f 2116 2117 2118
f 2119 2120 2121
f 2122 2123 2124
f 2125 2126 2127
f 2128 2129 2130
f 2131 2132 2133
f 2134 2135 2136
f 2137 2138 2139
f 2140 2141 2142
f 2143 2144 2145
f 2146 2147 2148
f 2149 2150 2151
f 2152 2153 2154
f 2155 2156 2157
f 2158 2159 2160
f 2161 2162 2163
f 2164 2165 2166
f 2167 2168 2169
f 2170 2171 2172
f 2173 2174 2175
f 2176 2177 2178
f 2179 2180 2181
f 2182 2183 2184
f 2185 2186 2187
f 2188 2189 2190
f 2191 2192 2193
f 2194 2195 2196
f 2197 2198 2199
f 2200 2201 2202
f 2203 2204 2205
f 2206 2207 2208
f 2209 2210 2211
f 2212 2213 2214
f 2215 2216 2217
f 2218 2219 2220
f 2221 2222 2223
f 2224 2225 2226
f 2227 2228 2229
f 2230 2231 2232
f 2233 2234 2235
f 2236 2237 2238
f 2239 2240 2241
f 2242 2243 2244
f 2245 2246 2247
f 2248 2249 2250
f 2251 2252 2253
f 2254 2255 2256
f 2257 2258 2259
f 2260 2261 2262
f 2263 2264 2265
f 2266 2267 2268
f 2269 2270 2271
f 2272 2273 2274
f 2275 2276 2277
f 2278 2279 2280
f 2281 2282 2283
f 2284 2285 2286
f 2287 2288 2289
f 2290 2291 2292
f 2293 2294 2295
f 2296 2297 2298
f 2299 2300 2301
f 2302 2303 2304
f 2305 2306 2307
f 2308 2309 2310
f 2311 2312 2313
f 2314 2315 2316
f 2317 2318 2319
f 2320 2321 2322
f 2323 2324 2325
f 2326 2327 2328
f 2329 2330 2331
f 2332 2333 2334
f 2335 2336 2337
f 2338 2339 2340
f 2341 2342 2343
f 2344 2345 2346
f 2347 2348 2349
f 2350 2351 2352
f 2353 2354 2355
f 2356 2357 2358
f 2359 2360 2361
f 2362 2363 2364
f 2365 2366 2367
f 2368 2369 2370
f 2371 2372 2373
f 2374 2375 2376
f 2377 2378 2379
f 2380 2381 2382
f 2383 2384 2385
f 2386 2387 2388
f 2389 2390 2391
f 2392 2393 2394
f 2395 2396 2397
f 2398 2399 2400
f 2401 2402 2403
f 2404 2405 2406
f 2407 2408 2409
f 2410 2411 2412
f 2413 2414 2415
f 2416 2417 2418
f 2419 2420 2421
f 2422 2423 2424
f 2425 2426 2427
f 2428 2429 2430
f 2431 2432 2433
f 2434 2435 2436
f 2437 2438 2439
f 2440 2441 2442
f 2443 2444 2445
f 2446 2447 2448
f 2449 2450 2451
f 2452 2453 2454
f 2455 2456 2457
f 2458 2459 2460
f 2461 2462 2463
f 2464 2465 2466
f 2467 2468 2469
f 2470 2471 2472
f 2473 2474 2475
f 2476 2477 2478
f 2479 2480 2481
f 2482 2483 2484
f 2485 2486 2487
f 2488 2489 2490
f 2491 2492 2493
f 2494 2495 2496
f 2497 2498 2499
f 2500 2501 2502
f 2503 2504 2505
f 2506 2507 2508
f 2509 2510 2511
f 2512 2513 2514
f 2515 2516 2517
f 2518 2519 2520
f 2521 2522 2523
f 2524 2525 2526
f 2527 2528 2529
f 2530 2531 2532
f 2533 2534 2535
f 2536 2537 2538
f 2539 2540 2541
f 2542 2543 2544
f 2545 2546 2547
f 2548 2549 2550
f 2551 2552 2553
f 2554 2555 2556
f 2557 2558 2559
f 2560 2561 2562
f 2563 2564 2565
f 2566 2567 2568
f 2569 2570 2571
f 2572 2573 2574
f 2575 2576 2577
f 2578 2579 2580
f 2581 2582 2583
f 2584 2585 2586
f 2587 2588 2589
f 2590 2591 2592
f 2593 2594 2595
f 2596 2597 2598
f 2599 2600 2601
f 2602 2603 2604
f 2605 2606 2607
f 2608 2609 2610
f 2611 2612 2613
f 2614 2615 2616
f 2617 2618 2619
f 2620 2621 2622
f 2623 2624 2625
f 2626 2627 2628
f 2629 2630 2631
f 2632 2633 2634
f 2635 2636 2637
f 2638 2639 2640
f 2641 2642 2643
f 2644 2645 2646
f 2647 2648 2649
f 2650 2651 2652
f 2653 2654 2655
f 2656 2657 2658
f 2659 2660 2661
f 2662 2663 2664
f 2665 2666 2667
f 2668 2669 2670
f 2671 2672 2673
f 2674 2675 2676
f 2677 2678 2679
f 2680 2681 2682
f 2683 2684 2685
f 2686 2687 2688
f 2689 2690 2691
f 2692 2693 2694
f 2695 2696 2697
f 2698 2699 2700
f 2701 2702 2703
f 2704 2705 2706
f 2707 2708 2709
f 2710 2711 2712
f 2713 2714 2715
f 2716 2717 2718
f 2719 2720 2721
f 2722 2723 2724
f 2725 2726 2727
f 2728 2729 2730
f 2731 2732 2733
f 2734 2735 2736
f 2737 2738 2739
f 2740 2741 2742
f 2743 2744 2745
f 2746 2747 2748
f 2749 2750 2751
f 2752 2753 2754
f 2755 2756 2757
f 2758 2759 2760
f 2761 2762 2763
f 2764 2765 2766
f 2767 2768 2769
f 2770 2771 2772
f 2773 2774 2775
f 2776 2777 2778
f 2779 2780 2781
f 2782 2783 2784
f 2785 2786 2787
f 2788 2789 2790
f 2791 2792 2793
f 2794 2795 2796
f 2797 2798 2799
f 2800 2801 2802
f 2803 2804 2805
f 2806 2807 2808
f 2809 2810 2811
f 2812 2813 2814
f 2815 2816 2817
f 2818 2819 2820
f 2821 2822 2823
f 2824 2825 2826
f 2827 2828 2829
f 2830 2831 2832
f 2833 2834 2835
f 2836 2837 2838
f 2839 2840 2841
f 2842 2843 2844
f 2845 2846 2847
f 2848 2849 2850
f 2851 2852 2853
f 2854 2855 2856
f 2857 2858 2859
f 2860 2861 2862
f 2863 2864 2865
f 2866 2867 2868
f 2869 2870 2871
f 2872 2873 2874
f 2875 2876 2877
f 2878 2879 2880
f 2881 2882 2883
f 2884 2885 2886
f 2887 2888 2889
f 2890 2891 2892
f 2893 2894 2895
f 2896 2897 2898
f 2899 2900 2901
f 2902 2903 2904
f 2905 2906 2907
f 2908 2909 2910
f 2911 2912 2913
f 2914 2915 2916
f 2917 2918 2919
f 2920 2921 2922
f 2923 2924 2925
f 2926 2927 2928
f 2929 2930 2931
f 2932 2933 2934
f 2935 2936 2937
f 2938 2939 2940
f 2941 2942 2943
f 2944 2945 2946
f 2947 2948 2949
f 2950 2951 2952
f 2953 2954 2955
f 2956 2957 2958
f 2959 2960 2961
f 2962 2963 2964
f 2965 2966 2967
f 2968 2969 2970
f 2971 2972 2973
f 2974 2975 2976
f 2977 2978 2979
f 2980 2981 2982
f 2983 2984 2985
f 2986 2987 2988
f 2989 2990 2991
f 2992 2993 2994
f 2995 2996 2997
f 2998 2999 3000
f 3001 3002 3003
f 3004 3005 3006
f 3007 3008 3009
f 3010 3011 3012
f 3013 3014 3015
f 3016 3017 3018
f 3019 3020 3021
f 3022 3023 3024
f 3025 3026 3027
f 3028 3029 3030
f 3031 3032 3033
f 3034 3035 3036
f 3037 3038 3039
f 3040 3041 3042
f 3043 3044 3045
f 3046 3047 3048
f 3049 3050 3051
f 3052 3053 3054
f 3055 3056 3057
f 3058 3059 3060
f 3061 3062 3063
f 3064 3065 3066
f 3067 3068 3069
f 3070 3071 3072
f 3073 3074 3075
f 3076 3077 3078
f 3079 3080 3081
f 3082 3083 3084
f 3085 3086 3087
f 3088 3089 3090
f 3091 3092 3093
f 3094 3095 3096
f 3097 3098 3099
f 3100 3101 3102
f 3103 3104 3105
f 3106 3107 3108
f 3109 3110 3111
f 3112 3113 3114
f 3115 3116 3117
f 3118 3119 3120
f 3121 3122 3123
f 3124 3125 3126
f 3127 3128 3129
f 3130 3131 3132
f 3133 3134 3135
f 3136 3137 3138
f 3139 3140 3141
f 3142 3143 3144
f 3145 3146 3147
f 3148 3149 3150
f 3151 3152 3153
f 3154 3155 3156
f 3157 3158 3159
f 3160 3161 3162
f 3163 3164 3165
f 3166 3167 3168
f 3169 3170 3171
f 3172 3173 3174
f 3175 3176 3177
f 3178 3179 3180
f 3181 3182 3183
f 3184 3185 3186
f 3187 3188 3189
f 3190 3191 3192
f 3193 3194 3195
f 3196 3197 3198
f 3199 3200 3201
f 3202 3203 3204
f 3205 3206 3207
f 3208 3209 3210
f 3211 3212 3213
f 3214 3215 3216
f 3217 3218 3219
f 3220 3221 3222
f 3223 3224 3225
f 3226 3227 3228
f 3229 3230 3231
f 3232 3233 3234
f 3235 3236 3237
f 3238 3239 3240
f 3241 3242 3243
f 3244 3245 3246
f 3247 3248 3249
f 3250 3251 3252
f 3253 3254 3255
f 3256 3257 3258
f 3259 3260 3261
f 3262 3263 3264
f 3265 3266 3267
f 3268 3269 3270
f 3271 3272 3273
f 3274 3275 3276
f 3277 3278 3279
f 3280 3281 3282
f 3283 3284 3285
f 3286 3287 3288
f 3289 3290 3291
f 3292 3293 3294
f 3295 3296 3297
f 3298 3299 3300
f 3301 3302 3303
f 3304 3305 3306
f 3307 3308 3309
f 3310 3311 3312
f 3313 3314 3315
f 3316 3317 3318
f 3319 3320 3321
f 3322 3323 3324
f 3325 3326 3327
f 3328 3329 3330
f 3331 3332 3333
f 3334 3335 3336
f 3337 3338 3339
f 3340 3341 3342
f 3343 3344 3345
f 3346 3347 3348
f 3349 3350 3351
f 3352 3353 3354
f 3355 3356 3357
f 3358 3359 3360
f 3361 3362 3363
f 3364 3365 3366
f 3367 3368 3369
f 3370 3371 3372
f 3373 3374 3375
f 3376 3377 3378
f 3379 3380 3381
f 3382 3383 3384
f 3385 3386 3387
f 3388 3389 3390
f 3391 3392 3393
f 3394 3395 3396
f 3397 3398 3399
f 3400 3401 3402
f 3403 3404 3405
f 3406 3407 3408
f 3409 3410 3411
f 3412 3413 3414
f 3415 3416 3417
f 3418 3419 3420
f 3421 3422 3423
f 3424 3425 3426
f 3427 3428 3429
f 3430 3431 3432
f 3433 3434 3435
f 3436 3437 3438
f 3439 3440 3441
f 3442 3443 3444
f 3445 3446 3447
f 3448 3449 3450
f 3451 3452 3453
f 3454 3455 3456
f 3457 3458 3459
f 3460 3461 3462
f 3463 3464 3465
f 3466 3467 3468
f 3469 3470 3471
f 3472 3473 3474
f 3475 3476 3477
f 3478 3479 3480
f 3481 3482 3483
f 3484 3485 3486
f 3487 3488 3489
f 3490 3491 3492
f 3493 3494 3495
f 3496 3497 3498
f 3499 3500 3501
f 3502 3503 3504
f 3505 3506 3507
f 3508 3509 3510
f 3511 3512 3513
f 3514 3515 3516
f 3517 3518 3519
f 3520 3521 3522
f 3523 3524 3525
f 3526 3527 3528
f 3529 3530 3531
f 3532 3533 3534
f 3535 3536 3537
f 3538 3539 3540
f 3541 3542 3543
f 3544 3545 3546
f 3547 3548 3549
f 3550 3551 3552
f 3553 3554 3555
f 3556 3557 3558
f 3559 3560 3561
f 3562 3563 3564
f 3565 3566 3567
f 3568 3569 3570
f 3571 3572 3573
f 3574 3575 3576
f 3577 3578 3579
f 3580 3581 3582
f 3583 3584 3585
f 3586 3587 3588
f 3589 3590 3591
f 3592 3593 3594
f 3595 3596 3597
f 3598 3599 3600
f 3601 3602 3603
f 3604 3605 3606
f 3607 3608 3609
f 3610 3611 3612
f 3613 3614 3615
f 3616 3617 3618
f 3619 3620 3621
f 3622 3623 3624
f 3625 3626 3627
f 3628 3629 3630
f 3631 3632 3633
f 3634 3635 3636
f 3637 3638 3639
f 3640 3641 3642
f 3643 3644 3645
f 3646 3647 3648
f 3649 3650 3651
f 3652 3653 3654
f 3655 3656 3657
f 3658 3659 3660
f 3661 3662 3663
f 3664 3665 3666
f 3667 3668 3669
f 3670 3671 3672
f 3673 3674 3675
f 3676 3677 3678
f 3679 3680 3681
f 3682 3683 3684
f 3685 3686 3687
f 3688 3689 3690
f 3691 3692 3693
f 3694 3695 3696
f 3697 3698 3699
f 3700 3701 3702
f 3703 3704 3705
f 3706 3707 3708
f 3709 3710 3711
f 3712 3713 3714
f 3715 3716 3717
f 3718 3719 3720
f 3721 3722 3723
f 3724 3725 3726
f 3727 3728 3729
f 3730 3731 3732
f 3733 3734 3735
f 3736 3737 3738
f 3739 3740 3741
f 3742 3743 3744
f 3745 3746 3747
f 3748 3749 3750
f 3751 3752 3753
f 3754 3755 3756
f 3757 3758 3759
f 3760 3761 3762
f 3763 3764 3765
f 3766 3767 3768
f 3769 3770 3771
f 3772 3773 3774
f 3775 3776 3777
f 3778 3779 3780
f 3781 3782 3783
f 3784 3785 3786
f 3787 3788 3789
f 3790 3791 3792
f 3793 3794 3795
f 3796 3797 3798
f 3799 3800 3801
f 3802 3803 3804
f 3805 3806 3807
f 3808 3809 3810
f 3811 3812 3813
f 3814 3815 3816
f 3817 3818 3819
f 3820 3821 3822
f 3823 3824 3825
f 3826 3827 3828
f 3829 3830 3831
f 3832 3833 3834
f 3835 3836 3837
f 3838 3839 3840
f 3841 3842 3843
f 3844 3845 3846
f 3847 3848 3849
f 3850 3851 3852
f 3853 3854 3855
f 3856 3857 3858
f 3859 3860 3861
f 3862 3863 3864
f 3865 3866 3867
f 3868 3869 3870
f 3871 3872 3873
f 3874 3875 3876
f 3877 3878 3879
f 3880 3881 3882
f 3883 3884 3885
f 3886 3887 3888
f 3889 3890 3891
f 3892 3893 3894
f 3895 3896 3897
f 3898 3899 3900
f 3901 3902 3903
f 3904 3905 3906
f 3907 3908 3909
f 3910 3911 3912
f 3913 3914 3915
f 3916 3917 3918
f 3919 3920 3921
f 3922 3923 3924
f 3925 3926 3927
f 3928 3929 3930
f 3931 3932 3933
f 3934 3935 3936
f 3937 3938 3939
f 3940 3941 3942
f 3943 3944 3945
f 3946 3947 3948
f 3949 3950 3951
f 3952 3953 3954
f 3955 3956 3957
f 3958 3959 3960
f 3961 3962 3963
f 3964 3965 3966
f 3967 3968 3969
f 3970 3971 3972
f 3973 3974 3975
f 3976 3977 3978
f 3979 3980 3981
f 3982 3983 3984
f 3985 3986 3987
f 3988 3989 3990
f 3991 3992 3993
f 3994 3995 3996
f 3997 3998 3999
f 4000 4001 4002
f 4003 4004 4005
f 4006 4007 4008
f 4009 4010 4011
f 4012 4013 4014
f 4015 4016 4017
f 4018 4019 4020
f 4021 4022 4023
f 4024 4025 4026
f 4027 4028 4029
f 4030 4031 4032
f 4033 4034 4035
f 4036 4037 4038
f 4039 4040 4041
f 4042 4043 4044
f 4045 4046 4047
f 4048 4049 4050
f 4051 4052 4053
f 4054 4055 4056
f 4057 4058 4059
f 4060 4061 4062
f 4063 4064 4065
f 4066 4067 4068
f 4069 4070 4071
f 4072 4073 4074
f 4075 4076 4077
f 4078 4079 4080
f 4081 4082 4083
f 4084 4085 4086
f 4087 4088 4089
f 4090 4091 4092
f 4093 4094 4095
f 4096 4097 4098
f 4099 4100 4101
f 4102 4103 4104
f 4105 4106 4107
f 4108 4109 4110
f 4111 4112 4113
f 4114 4115 4116
f 4117 4118 4119
f 4120 4121 4122
f 4123 4124 4125
f 4126 4127 4128
f 4129 4130 4131
f 4132 4133 4134
f 4135 4136 4137
f 4138 4139 4140
f 4141 4142 4143
f 4144 4145 4146
f 4147 4148 4149
f 4150 4151 4152
f 4153 4154 4155
f 4156 4157 4158
f 4159 4160 4161
f 4162 4163 4164
f 4165 4166 4167
f 4168 4169 4170
f 4171 4172 4173
f 4174 4175 4176
f 4177 4178 4179
f 4180 4181 4182
f 4183 4184 4185
f 4186 4187 4188
f 4189 4190 4191
f 4192 4193 4194
f 4195 4196 4197
f 4198 4199 4200
f 4201 4202 4203
f 4204 4205 4206
f 4207 4208 4209
f 4210 4211 4212
f 4213 4214 4215
f 4216 4217 4218
f 4219 4220 4221
f 4222 4223 4224
f 4225 4226 4227
f 4228 4229 4230
f 4231 4232 4233
f 4234 4235 4236
f 4237 4238 4239
f 4240 4241 4242
f 4243 4244 4245
f 4246 4247 4248
f 4249 4250 4251
f 4252 4253 4254
f 4255 4256 4257
f 4258 4259 4260
f 4261 4262 4263
f 4264 4265 4266
f 4267 4268 4269
f 4270 4271 4272
f 4273 4274 4275
f 4276 4277 4278
f 4279 4280 4281
f 4282 4283 4284
f 4285 4286 4287
f 4288 4289 4290
f 4291 4292 4293
f 4294 4295 4296
f 4297 4298 4299
f 4300 4301 4302
f 4303 4304 4305
f 4306 4307 4308
f 4309 4310 4311
f 4312 4313 4314
f 4315 4316 4317
f 4318 4319 4320
f 4321 4322 4323
f 4324 4325 4326
f 4327 4328 4329
f 4330 4331 4332
f 4333 4334 4335
f 4336 4337 4338
f 4339 4340 4341
f 4342 4343 4344
f 4345 4346 4347
f 4348 4349 4350
f 4351 4352 4353
f 4354 4355 4356
f 4357 4358 4359
f 4360 4361 4362
f 4363 4364 4365
f 4366 4367 4368
f 4369 4370 4371
f 4372 4373 4374
f 4375 4376 4377
f 4378 4379 4380
f 4381 4382 4383
f 4384 4385 4386
f 4387 4388 4389
f 4390 4391 4392
f 4393 4394 4395
f 4396 4397 4398
f 4399 4400 4401
f 4402 4403 4404
f 4405 4406 4407
f 4408 4409 4410
f 4411 4412 4413
f 4414 4415 4416
f 4417 4418 4419
f 4420 4421 4422
f 4423 4424 4425
f 4426 4427 4428
f 4429 4430 4431
f 4432 4433 4434
f 4435 4436 4437
f 4438 4439 4440
f 4441 4442 4443
f 4444 4445 4446
f 4447 4448 4449
f 4450 4451 4452
f 4453 4454 4455
f 4456 4457 4458
f 4459 4460 4461
f 4462 4463 4464
f 4465 4466 4467
f 4468 4469 4470
f 4471 4472 4473
f 4474 4475 4476
f 4477 4478 4479
f 4480 4481 4482
f 4483 4484 4485
f 4486 4487 4488
f 4489 4490 4491
f 4492 4493 4494
f 4495 4496 4497
f 4498 4499 4500
f 4501 4502 4503
f 4504 4505 4506
f 4507 4508 4509
f 4510 4511 4512
f 4513 4514 4515
f 4516 4517 4518
f 4519 4520 4521
f 4522 4523 4524
f 4525 4526 4527
f 4528 4529 4530
f 4531 4532 4533
f 4534 4535 4536
f 4537 4538 4539
f 4540 4541 4542
f 4543 4544 4545
f 4546 4547 4548
f 4549 4550 4551
f 4552 4553 4554
f 4555 4556 4557
f 4558 4559 4560
f 4561 4562 4563
f 4564 4565 4566
f 4567 4568 4569
f 4570 4571 4572
f 4573 4574 4575
f 4576 4577 4578
f 4579 4580 4581
f 4582 4583 4584
f 4585 4586 4587
f 4588 4589 4590
f 4591 4592 4593
f 4594 4595 4596
f 4597 4598 4599
f 4600 4601 4602
f 4603 4604 4605
f 4606 4607 4608
f 4609 4610 4611
f 4612 4613 4614
f 4615 4616 4617
f 4618 4619 4620
f 4621 4622 4623
f 4624 4625 4626
f 4627 4628 4629
f 4630 4631 4632
f 4633 4634 4635
f 4636 4637 4638
f 4639 4640 4641
f 4642 4643 4644
f 4645 4646 4647
f 4648 4649 4650
f 4651 4652 4653
f 4654 4655 4656
f 4657 4658 4659
f 4660 4661 4662
f 4663 4664 4665
f 4666 4667 4668
f 4669 4670 4671
f 4672 4673 4674
f 4675 4676 4677
f 4678 4679 4680
f 4681 4682 4683
f 4684 4685 4686
f 4687 4688 4689
f 4690 4691 4692
f 4693 4694 4695
f 4696 4697 4698
f 4699 4700 4701
f 4702 4703 4704
f 4705 4706 4707
f 4708 4709 4710
f 4711 4712 4713
f 4714 4715 4716
f 4717 4718 4719
f 4720 4721 4722
f 4723 4724 4725
f 4726 4727 4728
f 4729 4730 4731
f 4732 4733 4734
f 4735 4736 4737
f 4738 4739 4740
f 4741 4742 4743
f 4744 4745 4746
f 4747 4748 4749
f 4750 4751 4752
f 4753 4754 4755
f 4756 4757 4758
f 4759 4760 4761
f 4762 4763 4764
f 4765 4766 4767
f 4768 4769 4770
f 4771 4772 4773
f 4774 4775 4776
f 4777 4778 4779
f 4780 4781 4782
f 4783 4784 4785
f 4786 4787 4788
f 4789 4790 4791
f 4792 4793 4794
f 4795 4796 4797
f 4798 4799 4800
f 4801 4802 4803
f 4804 4805 4806
f 4807 4808 4809
f 4810 4811 4812
f 4813 4814 4815
f 4816 4817 4818
f 4819 4820 4821
f 4822 4823 4824
f 4825 4826 4827
f 4828 4829 4830
f 4831 4832 4833
f 4834 4835 4836
f 4837 4838 4839
f 4840 4841 4842
f 4843 4844 4845
f 4846 4847 4848
f 4849 4850 4851
f 4852 4853 4854
f 4855 4856 4857
f 4858 4859 4860
f 4861 4862 4863
f 4864 4865 4866
f 4867 4868 4869
f 4870 4871 4872
f 4873 4874 4875
f 4876 4877 4878
f 4879 4880 4881
f 4882 4883 4884
f 4885 4886 4887
f 4888 4889 4890
f 4891 4892 4893
f 4894 4895 4896
f 4897 4898 4899
f 4900 4901 4902
f 4903 4904 4905
f 4906 4907 4908
f 4909 4910 4911
f 4912 4913 4914
f 4915 4916 4917
f 4918 4919 4920
f 4921 4922 4923
f 4924 4925 4926
f 4927 4928 4929
f 4930 4931 4932
f 4933 4934 4935
f 4936 4937 4938
f 4939 4940 4941
f 4942 4943 4944
f 4945 4946 4947
f 4948 4949 4950
f 4951 4952 4953
f 4954 4955 4956
f 4957 4958 4959
f 4960 4961 4962
f 4963 4964 4965
f 4966 4967 4968
f 4969 4970 4971
f 4972 4973 4974
f 4975 4976 4977
f 4978 4979 4980
f 4981 4982 4983
f 4984 4985 4986
f 4987 4988 4989
f 4990 4991 4992
f 4993 4994 4995
f 4996 4997 4998
f 4999 5000 5001
f 5002 5003 5004
f 5005 5006 5007
f 5008 5009 5010
f 5011 5012 5013
f 5014 5015 5016
f 5017 5018 5019
f 5020 5021 5022
f 5023 5024 5025
f 5026 5027 5028
f 5029 5030 5031
f 5032 5033 5034
f 5035 5036 5037
f 5038 5039 5040
f 5041 5042 5043
f 5044 5045 5046
f 5047 5048 5049
f 5050 5051 5052
f 5053 5054 5055
f 5056 5057 5058
f 5059 5060 5061
f 5062 5063 5064
f 5065 5066 5067
f 5068 5069 5070
f 5071 5072 5073
f 5074 5075 5076
f 5077 5078 5079
f 5080 5081 5082
f 5083 5084 5085
f 5086 5087 5088
f 5089 5090 5091
f 5092 5093 5094
f 5095 5096 5097
f 5098 5099 5100
f 5101 5102 5103
f 5104 5105 5106
f 5107 5108 5109
f 5110 5111 5112
f 5113 5114 5115
f 5116 5117 5118
f 5119 5120 5121
f 5122 5123 5124
f 5125 5126 5127
f 5128 5129 5130
f 5131 5132 5133
f 5134 5135 5136
f 5137 5138 5139
f 5140 5141 5142
f 5143 5144 5145
f 5146 5147 5148
f 5149 5150 5151
f 5152 5153 5154
f 5155 5156 5157
f 5158 5159 5160
f 5161 5162 5163
f 5164 5165 5166
f 5167 5168 5169
f 5170 5171 5172
f 5173 5174 5175
f 5176 5177 5178
f 5179 5180 5181
f 5182 5183 5184
f 5185 5186 5187
f 5188 5189 5190
f 5191 5192 5193
f 5194 5195 5196
f 5197 5198 5199
f 5200 5201 5202
f 5203 5204 5205
f 5206 5207 5208
f 5209 5210 5211
f 5212 5213 5214
f 5215 5216 5217
f 5218 5219 5220
f 5221 5222 5223
f 5224 5225 5226
f 5227 5228 5229
f 5230 5231 5232
f 5233 5234 5235
f 5236 5237 5238
f 5239 5240 5241
f 5242 5243 5244
f 5245 5246 5247
f 5248 5249 5250
f 5251 5252 5253
f 5254 5255 5256
f 5257 5258 5259
f 5260 5261 5262
f 5263 5264 5265
f 5266 5267 5268
f 5269 5270 5271
f 5272 5273 5274
f 5275 5276 5277
f 5278 5279 5280
