# Exported from USD: /khi_rs025n/right_inner_finger/collisions
mtllib collisions_10.mtl

g collisions
v -0.01049611 0.01748638 0.02512610
v -0.01049611 0.01804854 0.02568549
v -0.01038969 0.00095025 -0.00143999
v -0.00598149 0.00379209 -0.00325875
v -0.00619549 0.00247918 -0.00411020
v -0.01038969 0.00095025 -0.00143999
v -0.01038969 0.00095025 -0.00143999
v -0.00619549 0.00247918 -0.00411020
v -0.01026551 -0.00002584 -0.00186350
v 0.00885214 0.01894996 0.02391272
v 0.00932265 0.00109796 -0.00155827
v 0.00529018 0.00404073 -0.00279476
v 0.00885214 0.01894996 0.02391272
v 0.00794020 0.01877007 0.02301469
v 0.00708510 0.01894996 0.02315344
v 0.00794020 0.01877007 0.02301469
v 0.00885214 0.01894996 0.02391272
v 0.00529018 0.00404073 -0.00279476
v -0.01039612 -0.00089410 -0.00137427
v -0.01026551 -0.00002584 -0.00186350
v -0.00596206 -0.00208292 -0.00454461
v -0.01026551 -0.00002584 -0.00186350
v -0.01039612 -0.00089410 -0.00137427
v -0.01038969 0.00095025 -0.00143999
v -0.01038969 0.00095025 -0.00143999
v -0.01039612 -0.00089410 -0.00137427
v -0.01049611 0.01748638 0.02512610
v -0.01018319 -0.00187329 0.00023035
v -0.01028448 -0.00160166 0.00093835
v -0.01037518 -0.00158206 -0.00078431
v -0.00953888 0.01066527 0.04391504
v -0.01028448 -0.00160166 0.00093835
v -0.00905690 0.00962687 0.04416670
v -0.00783538 0.00779722 0.04388845
v -0.01028448 -0.00160166 0.00093835
v -0.01018319 -0.00187329 0.00023035
v -0.01049611 0.01804854 0.02568549
v -0.01049611 0.01889198 0.02746672
v -0.01046687 0.01894996 0.02624249
v -0.00619549 0.00247918 -0.00411020
v -0.00505778 0.00241633 -0.00437684
v -0.00519574 0.00146307 -0.00478111
v -0.00619549 0.00247918 -0.00411020
v -0.00615606 0.00045777 -0.00481823
v -0.01026551 -0.00002584 -0.00186350
v -0.01026551 -0.00002584 -0.00186350
v -0.00615606 0.00045777 -0.00481823
v -0.00596206 -0.00208292 -0.00454461
v -0.00564294 -0.00085696 -0.00492535
v -0.00596206 -0.00208292 -0.00454461
v -0.00615606 0.00045777 -0.00481823
v -0.00615606 0.00045777 -0.00481823
v -0.00619549 0.00247918 -0.00411020
v -0.00519574 0.00146307 -0.00478111
v -0.00496108 0.00003534 -0.00499900
v -0.00564294 -0.00085696 -0.00492535
v -0.00615606 0.00045777 -0.00481823
v -0.01049611 0.01804854 0.02568549
v -0.01045664 0.01823175 0.02460649
v -0.01038969 0.00095025 -0.00143999
v -0.01046687 0.01894996 0.02624249
v -0.01045664 0.01823175 0.02460649
v -0.01049611 0.01804854 0.02568549
v -0.00598149 0.00379209 -0.00325875
v -0.01038969 0.00095025 -0.00143999
v -0.00996429 0.00155301 -0.00117363
v -0.00949458 0.01894996 0.02339271
v -0.00996429 0.00155301 -0.00117363
v -0.01038969 0.00095025 -0.00143999
v 0.00960388 -0.00137539 -0.00066217
v 0.00970090 0.01526678 0.02533536
v 0.00960388 -0.00159340 0.00020847
v 0.00960388 -0.00137539 -0.00066217
v 0.00970388 0.01629808 0.02582030
v 0.00970090 0.01526678 0.02533536
v 0.00932265 0.00109796 -0.00155827
v 0.00885214 0.01894996 0.02391272
v 0.00955316 0.01830366 0.02424062
v 0.00267380 0.00754996 0.04888338
v 0.00502497 -0.00452165 0.00213309
v 0.00421745 0.00757385 0.04805950
v 0.00767844 0.00874116 0.04474024
v 0.00712443 0.00789343 0.04419819
v 0.00960388 -0.00159340 0.00020847
v 0.00960388 -0.00159340 0.00020847
v 0.00712443 0.00789343 0.04419819
v 0.00659476 0.00777159 0.04540487
v 0.00960388 -0.00159340 0.00020847
v 0.00536340 -0.00469227 0.00118780
v 0.00533304 -0.00487010 0.00001583
v 0.00659476 0.00777159 0.04540487
v 0.00536340 -0.00469227 0.00118780
v 0.00960388 -0.00159340 0.00020847
v 0.00502497 -0.00452165 0.00213309
v 0.00536340 -0.00469227 0.00118780
v 0.00421745 0.00757385 0.04805950
v 0.00960388 -0.00159340 0.00020847
v 0.00795981 0.00897169 0.04398808
v 0.00767844 0.00874116 0.04474024
v 0.00970352 0.01547131 0.02976880
v 0.00970383 0.01549568 0.03161241
v 0.00960388 -0.00159340 0.00020847
v -0.01039612 -0.00089628 0.00048298
v -0.01039612 -0.00089410 -0.00137427
v -0.01037518 -0.00158206 -0.00078431
v -0.01039612 -0.00089410 -0.00137427
v -0.01049611 0.01584098 0.02622595
v -0.01049611 0.01748638 0.02512610
v -0.01046549 0.01894996 0.03478978
v -0.01045827 0.01869647 0.04356494
v -0.01023585 0.01894996 0.04231133
v -0.01045827 0.01869647 0.04356494
v -0.01046549 0.01894996 0.03478978
v -0.01049611 0.01870619 0.04098657
v -0.00990539 0.01153825 0.04306626
v -0.01028448 -0.00160166 0.00093835
v -0.00953888 0.01066527 0.04391504
v -0.01028448 -0.00160166 0.00093835
v -0.00839745 0.00852709 0.04451231
v -0.00905690 0.00962687 0.04416670
v -0.00783538 0.00779722 0.04388845
v -0.00814374 0.00851440 0.04537666
v -0.00839745 0.00852709 0.04451231
v -0.00839745 0.00852709 0.04451231
v -0.01028448 -0.00160166 0.00093835
v -0.00783538 0.00779722 0.04388845
v -0.00554856 0.00762117 0.04772805
v -0.00576408 -0.00486700 0.00114162
v -0.00493660 0.00765939 0.04839933
v -0.00635482 0.00805348 0.04780982
v -0.00554856 0.00762117 0.04772805
v -0.00493660 0.00765939 0.04839933
v -0.01018319 -0.00187329 0.00023035
v -0.00619612 -0.00461869 -0.00020347
v -0.00576408 -0.00486700 0.00114162
v -0.00599682 -0.00441086 -0.00235125
v -0.00619612 -0.00461869 -0.00020347
v -0.01037518 -0.00158206 -0.00078431
v -0.01037518 -0.00158206 -0.00078431
v -0.00619612 -0.00461869 -0.00020347
v -0.01018319 -0.00187329 0.00023035
v 0.00373143 -0.00488551 0.00106132
v -0.00083163 0.00761146 0.04986192
v 0.00094564 -0.00483375 0.00127672
v -0.00576408 -0.00486700 0.00114162
v 0.00094564 -0.00483375 0.00127672
v -0.00083163 0.00761146 0.04986192
v -0.00305146 0.00775004 0.04966941
v -0.00576408 -0.00486700 0.00114162
v -0.00083163 0.00761146 0.04986192
v -0.00781580 0.00853320 0.04621002
v -0.00838052 0.00923115 0.04586683
v -0.00814374 0.00851440 0.04537666
v -0.00838052 0.00923115 0.04586683
v -0.00781580 0.00853320 0.04621002
v -0.00823931 0.00963276 0.04666172
v -0.00562661 0.00835117 0.04888042
v -0.00635482 0.00805348 0.04780982
v -0.00493660 0.00765939 0.04839933
v -0.01049611 0.01889198 0.02746672
v -0.01047224 0.01894996 0.02945793
v -0.01046687 0.01894996 0.02624249
v -0.01049611 0.01889198 0.02746672
v -0.01046549 0.01894996 0.03478978
v -0.01047224 0.01894996 0.02945793
v -0.01046549 0.01894996 0.03478978
v -0.01049611 0.01887047 0.03306554
v -0.01049611 0.01870619 0.04098657
v -0.01049611 0.01889198 0.02746672
v -0.01049611 0.01887047 0.03306554
v -0.01046549 0.01894996 0.03478978
v -0.00519574 0.00146307 -0.00478111
v -0.00473252 0.00080982 -0.00493405
v -0.00615606 0.00045777 -0.00481823
v -0.00615606 0.00045777 -0.00481823
v -0.00473252 0.00080982 -0.00493405
v -0.00496108 0.00003534 -0.00499900
v 0.00372675 0.00070791 -0.00494867
v 0.00063754 0.00064930 -0.00495708
v -0.00473252 0.00080982 -0.00493405
v 0.00372675 0.00070791 -0.00494867
v -0.00041091 0.00030360 -0.00498990
v 0.00063754 0.00064930 -0.00495708
v -0.00380523 -0.00019394 -0.00499544
v -0.00496108 0.00003534 -0.00499900
v 0.00140765 -0.00002028 -0.00499968
v -0.00496108 0.00003534 -0.00499900
v -0.00380523 -0.00019394 -0.00499544
v -0.00564294 -0.00085696 -0.00492535
v 0.00794020 0.01877007 0.02301469
v 0.00523980 0.00458598 -0.00189792
v 0.00708510 0.01894996 0.02315344
v 0.00523980 0.00458598 -0.00189792
v 0.00794020 0.01877007 0.02301469
v 0.00529018 0.00404073 -0.00279476
v 0.00523980 0.00458598 -0.00189792
v 0.00482073 0.01384182 0.01402105
v 0.00708510 0.01894996 0.02315344
v 0.00932265 0.00109796 -0.00155827
v 0.00479586 0.00331319 -0.00374432
v 0.00529018 0.00404073 -0.00279476
v 0.00454443 0.00389433 -0.00313485
v 0.00529018 0.00404073 -0.00279476
v 0.00479586 0.00331319 -0.00374432
v -0.00598149 0.00379209 -0.00325875
v -0.00572935 0.00322622 -0.00381865
v -0.00619549 0.00247918 -0.00411020
v -0.00505778 0.00241633 -0.00437684
v -0.00619549 0.00247918 -0.00411020
v -0.00572935 0.00322622 -0.00381865
v 0.00020833 0.01894996 0.02305263
v -0.00673827 0.01892600 0.02299976
v -0.00949458 0.01894996 0.02339271
v -0.00949458 0.01894996 0.02339271
v -0.00673827 0.01892600 0.02299976
v -0.00872416 0.01891579 0.02301384
v -0.00673827 0.01892600 0.02299976
v 0.00482073 0.01384182 0.01402105
v 0.00109682 0.01384197 0.01402130
v 0.00482073 0.01384182 0.01402105
v -0.00673827 0.01892600 0.02299976
v 0.00020833 0.01894996 0.02305263
v -0.01045664 0.01823175 0.02460649
v -0.01046687 0.01894996 0.02624249
v -0.01011625 0.01894996 0.02480528
v -0.00604920 0.00423018 -0.00256408
v -0.00949458 0.01894996 0.02339271
v -0.00872416 0.01891579 0.02301384
v -0.00996429 0.00155301 -0.00117363
v -0.00604920 0.00423018 -0.00256408
v -0.00598149 0.00379209 -0.00325875
v -0.00949458 0.01894996 0.02339271
v -0.00604920 0.00423018 -0.00256408
v -0.00996429 0.00155301 -0.00117363
v 0.00970388 0.01838335 0.02562318
v 0.00960388 0.00139660 -0.00036663
v 0.00955316 0.01830366 0.02424062
v 0.00955316 0.01830366 0.02424062
v 0.00960388 0.00139660 -0.00036663
v 0.00932265 0.00109796 -0.00155827
v 0.00960388 -0.00137539 -0.00066217
v 0.00914394 -0.00140606 -0.00135703
v 0.00950982 -0.00039850 -0.00180318
v 0.00418295 -0.00312932 -0.00389855
v 0.00344932 -0.00251154 -0.00432320
v 0.00528747 -0.00203583 -0.00447421
v 0.00418295 -0.00312932 -0.00389855
v 0.00372542 -0.00401516 -0.00297848
v 0.00325255 -0.00346943 -0.00359909
v -0.00599682 -0.00441086 -0.00235125
v -0.01037518 -0.00158206 -0.00078431
v -0.00615225 -0.00358970 -0.00325180
v -0.00615225 -0.00358970 -0.00325180
v -0.01039612 -0.00089410 -0.00137427
v -0.00596206 -0.00208292 -0.00454461
v -0.01039612 -0.00089410 -0.00137427
v -0.00615225 -0.00358970 -0.00325180
v -0.01037518 -0.00158206 -0.00078431
v 0.00372542 -0.00401516 -0.00297848
v 0.00154946 -0.00375431 -0.00330098
v 0.00325255 -0.00346943 -0.00359909
v -0.00599682 -0.00441086 -0.00235125
v -0.00355718 -0.00463274 -0.00188044
v -0.00457347 -0.00468107 -0.00175462
v -0.00457647 -0.00492151 -0.00087995
v -0.00550373 -0.00474898 -0.00156122
v -0.00327517 -0.00488075 -0.00108417
v -0.00457347 -0.00468107 -0.00175462
v -0.00550373 -0.00474898 -0.00156122
v -0.00599682 -0.00441086 -0.00235125
v 0.00445794 -0.00496647 -0.00056980
v 0.00532590 -0.00476932 -0.00102154
v 0.00533304 -0.00487010 0.00001583
v 0.00533304 -0.00487010 0.00001583
v 0.00532590 -0.00476932 -0.00102154
v 0.00960388 -0.00159340 0.00020847
v 0.00960388 -0.00159340 0.00020847
v 0.00532590 -0.00476932 -0.00102154
v 0.00960388 -0.00137539 -0.00066217
v 0.00914394 -0.00140606 -0.00135703
v 0.00532590 -0.00476932 -0.00102154
v 0.00540388 -0.00389781 -0.00247669
v 0.00960388 -0.00137539 -0.00066217
v 0.00532590 -0.00476932 -0.00102154
v 0.00914394 -0.00140606 -0.00135703
v 0.00445794 -0.00496647 -0.00056980
v 0.00307078 -0.00499349 -0.00024264
v -0.00255422 -0.00498223 -0.00042184
v -0.00327517 -0.00488075 -0.00108417
v -0.00134542 -0.00492335 -0.00087054
v -0.00457647 -0.00492151 -0.00087995
v -0.00255422 -0.00498223 -0.00042184
v 0.00048747 -0.00497272 -0.00051120
v 0.00445794 -0.00496647 -0.00056980
v 0.00307078 -0.00499349 -0.00024264
v 0.00445794 -0.00496647 -0.00056980
v 0.00397884 -0.00499017 0.00029714
v 0.00373143 -0.00488551 0.00106132
v -0.00002107 0.00754996 0.04958893
v -0.00083163 0.00761146 0.04986192
v 0.00720989 0.00847865 0.04570035
v 0.00712443 0.00789343 0.04419819
v 0.00767844 0.00874116 0.04474024
v 0.00712443 0.00789343 0.04419819
v 0.00720989 0.00847865 0.04570035
v 0.00659476 0.00777159 0.04540487
v 0.00659476 0.00777159 0.04540487
v 0.00720989 0.00847865 0.04570035
v 0.00627522 0.00806864 0.04686422
v 0.00627522 0.00806864 0.04686422
v 0.00720989 0.00847865 0.04570035
v 0.00685808 0.00873059 0.04677817
v 0.00470855 -0.00494897 0.00070706
v 0.00536340 -0.00469227 0.00118780
v 0.00502497 -0.00452165 0.00213309
v 0.00373143 -0.00488551 0.00106132
v 0.00470855 -0.00494897 0.00070706
v -0.00002107 0.00754996 0.04958893
v 0.00470855 -0.00494897 0.00070706
v 0.00502497 -0.00452165 0.00213309
v 0.00267380 0.00754996 0.04888338
v -0.00002107 0.00754996 0.04958893
v 0.00470855 -0.00494897 0.00070706
v 0.00267380 0.00754996 0.04888338
v 0.00536340 -0.00469227 0.00118780
v 0.00470855 -0.00494897 0.00070706
v 0.00533304 -0.00487010 0.00001583
v 0.00533304 -0.00487010 0.00001583
v 0.00470855 -0.00494897 0.00070706
v 0.00445794 -0.00496647 -0.00056980
v 0.00397884 -0.00499017 0.00029714
v 0.00445794 -0.00496647 -0.00056980
v 0.00470855 -0.00494897 0.00070706
v 0.00536340 -0.00469227 0.00118780
v 0.00572352 0.00756235 0.04617439
v 0.00421745 0.00757385 0.04805950
v 0.00659476 0.00777159 0.04540487
v 0.00572352 0.00756235 0.04617439
v 0.00536340 -0.00469227 0.00118780
v 0.00572352 0.00756235 0.04617439
v 0.00627522 0.00806864 0.04686422
v 0.00421745 0.00757385 0.04805950
v 0.00627522 0.00806864 0.04686422
v 0.00572352 0.00756235 0.04617439
v 0.00659476 0.00777159 0.04540487
v 0.00970383 0.01549568 0.03161241
v 0.00970388 0.01550527 0.04032996
v 0.00960388 -0.00159340 0.00020847
v 0.00955316 0.01830366 0.02424062
v 0.00885214 0.01894996 0.02391272
v 0.00960224 0.01894996 0.02625423
v 0.00960224 0.01894996 0.02625423
v 0.00970388 0.01877814 0.02729919
v 0.00970388 0.01838335 0.02562318
v 0.00955316 0.01830366 0.02424062
v 0.00960224 0.01894996 0.02625423
v 0.00970388 0.01838335 0.02562318
v 0.00862376 0.01031404 0.04379937
v 0.00827160 0.00945327 0.04346442
v 0.00960388 -0.00159340 0.00020847
v 0.00827160 0.00945327 0.04346442
v 0.00795981 0.00897169 0.04398808
v 0.00960388 -0.00159340 0.00020847
v 0.00795981 0.00897169 0.04398808
v 0.00827160 0.00945327 0.04346442
v 0.00862376 0.01031404 0.04379937
v 0.00941106 0.01301862 0.04384455
v 0.00938150 0.01255848 0.04294298
v 0.00960388 -0.00159340 0.00020847
v 0.00795981 0.00897169 0.04398808
v 0.00825366 0.00993998 0.04490796
v 0.00767844 0.00874116 0.04474024
v 0.00795981 0.00897169 0.04398808
v 0.00862376 0.01031404 0.04379937
v 0.00825366 0.00993998 0.04490796
v 0.00970090 0.01526678 0.02533536
v 0.00970273 0.01540987 0.02833173
v 0.00960388 -0.00159340 0.00020847
v 0.00970273 0.01540987 0.02833173
v 0.00970352 0.01547131 0.02976880
v 0.00960388 -0.00159340 0.00020847
v 0.00970352 0.01547131 0.02976880
v 0.00970388 0.01578083 0.02664242
v 0.00970383 0.01549568 0.03161241
v 0.00970273 0.01540987 0.02833173
v 0.00970388 0.01578083 0.02664242
v 0.00970352 0.01547131 0.02976880
v 0.00970388 0.01629808 0.02582030
v 0.00970388 0.01578083 0.02664242
v 0.00970090 0.01526678 0.02533536
v 0.00970273 0.01540987 0.02833173
v 0.00970090 0.01526678 0.02533536
v 0.00970388 0.01578083 0.02664242
v 0.00970388 0.01578083 0.02664242
v 0.00970388 0.01550527 0.04032996
v 0.00970383 0.01549568 0.03161241
v -0.01049611 0.01569405 0.03146068
v -0.01049611 0.01571791 0.03015686
v -0.01039612 -0.00089410 -0.00137427
v -0.01049611 0.01571791 0.03015686
v -0.01049611 0.01584098 0.02622595
v -0.01039612 -0.00089410 -0.00137427
v -0.00905690 0.00962687 0.04416670
v -0.00932505 0.01043974 0.04463572
v -0.00953888 0.01066527 0.04391504
v -0.00932505 0.01043974 0.04463572
v -0.00966058 0.01129554 0.04451973
v -0.00953888 0.01066527 0.04391504
v -0.00932438 0.01092544 0.04536208
v -0.00966058 0.01129554 0.04451973
v -0.00932505 0.01043974 0.04463572
v -0.00876691 0.01028187 0.04620019
v -0.00838052 0.00923115 0.04586683
v -0.00823931 0.00963276 0.04666172
v -0.00554856 0.00762117 0.04772805
v -0.00635482 0.00805348 0.04780982
v -0.00702090 0.00781093 0.04633133
v -0.00554856 0.00762117 0.04772805
v -0.00702090 0.00781093 0.04633133
v -0.00576408 -0.00486700 0.00114162
v -0.00783538 0.00779722 0.04388845
v -0.00702090 0.00781093 0.04633133
v -0.00814374 0.00851440 0.04537666
v -0.00702090 0.00781093 0.04633133
v -0.00781580 0.00853320 0.04621002
v -0.00814374 0.00851440 0.04537666
v -0.00702090 0.00781093 0.04633133
v -0.00783538 0.00779722 0.04388845
v -0.01018319 -0.00187329 0.00023035
v -0.00576408 -0.00486700 0.00114162
v -0.00702090 0.00781093 0.04633133
v -0.01018319 -0.00187329 0.00023035
v 0.00193150 -0.00486897 0.00113363
v -0.00576408 -0.00486700 0.00114162
v 0.00373143 -0.00488551 0.00106132
v 0.00094564 -0.00483375 0.00127672
v 0.00193150 -0.00486897 0.00113363
v 0.00373143 -0.00488551 0.00106132
v -0.00576408 -0.00486700 0.00114162
v 0.00193150 -0.00486897 0.00113363
v 0.00094564 -0.00483375 0.00127672
v -0.00781580 0.00853320 0.04621002
v -0.00742201 0.00857150 0.04698610
v -0.00823931 0.00963276 0.04666172
v -0.00702090 0.00781093 0.04633133
v -0.00635482 0.00805348 0.04780982
v -0.00742201 0.00857150 0.04698610
v -0.00702090 0.00781093 0.04633133
v -0.00742201 0.00857150 0.04698610
v -0.00781580 0.00853320 0.04621002
v -0.00562661 0.00835117 0.04888042
v -0.00423651 0.00831533 0.04979933
v -0.00510044 0.00916500 0.04984602
v -0.00510044 0.00916500 0.04984602
v -0.00423651 0.00831533 0.04979933
v -0.00420800 0.00987384 0.05074000
v -0.00562661 0.00835117 0.04888042
v -0.00640108 0.00859352 0.04834645
v -0.00635482 0.00805348 0.04780982
v -0.00637167 0.00932794 0.04893890
v -0.00640108 0.00859352 0.04834645
v -0.00562661 0.00835117 0.04888042
v -0.00716526 0.00967405 0.04833387
v -0.00640108 0.00859352 0.04834645
v -0.00637167 0.00932794 0.04893890
v -0.00564294 -0.00085696 -0.00492535
v -0.00498454 -0.00168910 -0.00470529
v -0.00596206 -0.00208292 -0.00454461
v -0.00041091 0.00030360 -0.00498990
v 0.00372675 0.00070791 -0.00494867
v 0.00307290 0.00017848 -0.00499686
v -0.00150900 0.00017010 -0.00499733
v 0.00307290 0.00017848 -0.00499686
v 0.00140765 -0.00002028 -0.00499968
v 0.00307290 0.00017848 -0.00499686
v -0.00150900 0.00017010 -0.00499733
v -0.00041091 0.00030360 -0.00498990
v -0.00473252 0.00080982 -0.00493405
v -0.00366830 0.00058963 -0.00496508
v -0.00496108 0.00003534 -0.00499900
v -0.00150900 0.00017010 -0.00499733
v -0.00496108 0.00003534 -0.00499900
v -0.00366830 0.00058963 -0.00496508
v -0.00150900 0.00017010 -0.00499733
v -0.00366830 0.00058963 -0.00496508
v -0.00041091 0.00030360 -0.00498990
v -0.00366830 0.00058963 -0.00496508
v -0.00473252 0.00080982 -0.00493405
v 0.00063754 0.00064930 -0.00495708
v -0.00041091 0.00030360 -0.00498990
v -0.00366830 0.00058963 -0.00496508
v 0.00063754 0.00064930 -0.00495708
v -0.00089776 -0.00065814 -0.00495604
v -0.00564294 -0.00085696 -0.00492535
v -0.00011737 -0.00049999 -0.00497480
v -0.00380523 -0.00019394 -0.00499544
v -0.00011737 -0.00049999 -0.00497480
v -0.00564294 -0.00085696 -0.00492535
v -0.00011737 -0.00049999 -0.00497480
v 0.00372583 -0.00050302 -0.00497445
v -0.00089776 -0.00065814 -0.00495604
v 0.00479586 0.00331319 -0.00374432
v 0.00142418 0.00367452 -0.00338982
v 0.00454443 0.00389433 -0.00313485
v 0.00142418 0.00367452 -0.00338982
v 0.00479586 0.00331319 -0.00374432
v 0.00235532 0.00338689 -0.00367690
v 0.00482073 0.01384182 0.01402105
v 0.00399549 0.01894996 0.02307177
v 0.00708510 0.01894996 0.02315344
v 0.00482073 0.01384182 0.01402105
v 0.00020833 0.01894996 0.02305263
v 0.00399549 0.01894996 0.02307177
v 0.00393443 0.00431800 -0.00251942
v 0.00482073 0.01384182 0.01402105
v 0.00523980 0.00458598 -0.00189792
v 0.00454443 0.00389433 -0.00313485
v 0.00393443 0.00431800 -0.00251942
v 0.00529018 0.00404073 -0.00279476
v 0.00393443 0.00431800 -0.00251942
v 0.00523980 0.00458598 -0.00189792
v 0.00529018 0.00404073 -0.00279476
v 0.00482073 0.01384182 0.01402105
v 0.00393443 0.00431800 -0.00251942
v 0.00109682 0.01384197 0.01402130
v -0.00505778 0.00241633 -0.00437684
v -0.00452019 0.00186713 -0.00463837
v -0.00519574 0.00146307 -0.00478111
v -0.00572935 0.00322622 -0.00381865
v -0.00428354 0.00274249 -0.00417960
v -0.00505778 0.00241633 -0.00437684
v -0.00428354 0.00274249 -0.00417960
v 0.00380904 0.00319119 -0.00384858
v 0.00281614 0.00272431 -0.00419143
v -0.00572935 0.00322622 -0.00381865
v 0.00380904 0.00319119 -0.00384858
v -0.00428354 0.00274249 -0.00417960
v -0.00598149 0.00379209 -0.00325875
v -0.00486208 0.00333117 -0.00372888
v -0.00572935 0.00322622 -0.00381865
v 0.00142418 0.00367452 -0.00338982
v -0.00486208 0.00333117 -0.00372888
v -0.00598149 0.00379209 -0.00325875
v -0.00443867 0.01382073 0.01398552
v -0.00673827 0.01892600 0.02299976
v 0.00109682 0.01384197 0.01402130
v -0.00673827 0.01892600 0.02299976
v -0.00443867 0.01382073 0.01398552
v -0.00872416 0.01891579 0.02301384
v -0.01045664 0.01823175 0.02460649
v -0.01039145 0.00167432 -0.00038267
v -0.01038969 0.00095025 -0.00143999
v -0.01011625 0.01894996 0.02480528
v -0.01039145 0.00167432 -0.00038267
v -0.01045664 0.01823175 0.02460649
v -0.00949458 0.01894996 0.02339271
v -0.01039145 0.00167432 -0.00038267
v -0.01011625 0.01894996 0.02480528
v -0.01039145 0.00167432 -0.00038267
v -0.00949458 0.01894996 0.02339271
v -0.01038969 0.00095025 -0.00143999
v -0.00872416 0.01891579 0.02301384
v -0.00538377 0.00457577 -0.00201407
v -0.00604920 0.00423018 -0.00256408
v -0.00604920 0.00423018 -0.00256408
v -0.00538377 0.00457577 -0.00201407
v -0.00454015 0.00450159 -0.00217613
v -0.00443867 0.01382073 0.01398552
v -0.00538377 0.00457577 -0.00201407
v -0.00872416 0.01891579 0.02301384
v -0.00538377 0.00457577 -0.00201407
v -0.00443867 0.01382073 0.01398552
v -0.00454015 0.00450159 -0.00217613
v -0.00352854 0.00391602 -0.00310856
v 0.00454443 0.00389433 -0.00313485
v -0.00598149 0.00379209 -0.00325875
v -0.00604920 0.00423018 -0.00256408
v -0.00454485 0.00392742 -0.00309445
v -0.00598149 0.00379209 -0.00325875
v -0.00352854 0.00391602 -0.00310856
v -0.00598149 0.00379209 -0.00325875
v -0.00454485 0.00392742 -0.00309445
v -0.00352854 0.00391602 -0.00310856
v -0.00454485 0.00392742 -0.00309445
v 0.00454443 0.00389433 -0.00313485
v 0.00950982 -0.00039850 -0.00180318
v 0.00932265 0.00109796 -0.00155827
v 0.00960388 0.00032637 -0.00150411
v 0.00960388 0.00139660 -0.00036663
v 0.00960388 0.00032637 -0.00150411
v 0.00932265 0.00109796 -0.00155827
v 0.00960388 0.00032637 -0.00150411
v 0.00960388 -0.00137539 -0.00066217
v 0.00950982 -0.00039850 -0.00180318
v 0.00970388 0.01838335 0.02562318
v 0.00960388 0.00032637 -0.00150411
v 0.00960388 0.00139660 -0.00036663
v 0.00970388 0.01629808 0.02582030
v 0.00960388 0.00032637 -0.00150411
v 0.00970388 0.01838335 0.02562318
v 0.00960388 -0.00137539 -0.00066217
v 0.00960388 0.00032637 -0.00150411
v 0.00970388 0.01629808 0.02582030
v 0.00372542 -0.00401516 -0.00297848
v 0.00537140 -0.00291114 -0.00385614
v 0.00413320 -0.00443835 -0.00230205
v 0.00418295 -0.00312932 -0.00389855
v 0.00537140 -0.00291114 -0.00385614
v 0.00372542 -0.00401516 -0.00297848
v 0.00537140 -0.00291114 -0.00385614
v 0.00540388 -0.00389781 -0.00247669
v 0.00413320 -0.00443835 -0.00230205
v 0.00418295 -0.00312932 -0.00389855
v 0.00528747 -0.00203583 -0.00447421
v 0.00537140 -0.00291114 -0.00385614
v 0.00537140 -0.00291114 -0.00385614
v 0.00914394 -0.00140606 -0.00135703
v 0.00540388 -0.00389781 -0.00247669
v 0.00950982 -0.00039850 -0.00180318
v 0.00537140 -0.00291114 -0.00385614
v 0.00528747 -0.00203583 -0.00447421
v 0.00914394 -0.00140606 -0.00135703
v 0.00537140 -0.00291114 -0.00385614
v 0.00950982 -0.00039850 -0.00180318
v -0.00485261 -0.00246341 -0.00435007
v -0.00565276 -0.00290108 -0.00407240
v -0.00596206 -0.00208292 -0.00454461
v -0.00596206 -0.00208292 -0.00454461
v -0.00565276 -0.00290108 -0.00407240
v -0.00615225 -0.00358970 -0.00325180
v -0.00615225 -0.00358970 -0.00325180
v -0.00565276 -0.00290108 -0.00407240
v -0.00509307 -0.00348610 -0.00358294
v -0.00599682 -0.00441086 -0.00235125
v -0.00095633 -0.00435051 -0.00246395
v 0.00413320 -0.00443835 -0.00230205
v -0.00267360 -0.00421422 -0.00269007
v -0.00095633 -0.00435051 -0.00246395
v -0.00599682 -0.00441086 -0.00235125
v 0.00240366 -0.00410238 -0.00285820
v 0.00372542 -0.00401516 -0.00297848
v 0.00413320 -0.00443835 -0.00230205
v -0.00095633 -0.00435051 -0.00246395
v 0.00240366 -0.00410238 -0.00285820
v 0.00413320 -0.00443835 -0.00230205
v -0.00267360 -0.00421422 -0.00269007
v 0.00240366 -0.00410238 -0.00285820
v -0.00095633 -0.00435051 -0.00246395
v 0.00154946 -0.00375431 -0.00330098
v -0.00217581 -0.00359582 -0.00347317
v 0.00325255 -0.00346943 -0.00359909
v 0.00240366 -0.00410238 -0.00285820
v -0.00532042 -0.00409025 -0.00287493
v 0.00372542 -0.00401516 -0.00297848
v -0.00267360 -0.00421422 -0.00269007
v -0.00599682 -0.00441086 -0.00235125
v -0.00532042 -0.00409025 -0.00287493
v -0.00615225 -0.00358970 -0.00325180
v -0.00532042 -0.00409025 -0.00287493
v -0.00599682 -0.00441086 -0.00235125
v -0.00532042 -0.00409025 -0.00287493
v -0.00615225 -0.00358970 -0.00325180
v -0.00509307 -0.00348610 -0.00358294
v -0.00485451 -0.00495090 0.00069461
v -0.00337823 -0.00492937 0.00083289
v -0.00576408 -0.00486700 0.00114162
v 0.00413320 -0.00443835 -0.00230205
v 0.00147290 -0.00446413 -0.00225069
v -0.00599682 -0.00441086 -0.00235125
v 0.00413320 -0.00443835 -0.00230205
v 0.00305165 -0.00452103 -0.00213399
v 0.00147290 -0.00446413 -0.00225069
v -0.00355718 -0.00463274 -0.00188044
v -0.00176941 -0.00468729 -0.00173843
v -0.00457347 -0.00468107 -0.00175462
v -0.00457347 -0.00468107 -0.00175462
v -0.00176941 -0.00468729 -0.00173843
v 0.00221348 -0.00470823 -0.00168282
v 0.00221348 -0.00470823 -0.00168282
v -0.00176941 -0.00468729 -0.00173843
v -0.00355718 -0.00463274 -0.00188044
v -0.00550373 -0.00474898 -0.00156122
v -0.00050966 -0.00482464 -0.00131054
v -0.00327517 -0.00488075 -0.00108417
v 0.00221348 -0.00470823 -0.00168282
v -0.00259517 -0.00471182 -0.00167209
v -0.00457347 -0.00468107 -0.00175462
v -0.00457347 -0.00468107 -0.00175462
v -0.00259517 -0.00471182 -0.00167209
v -0.00550373 -0.00474898 -0.00156122
v -0.00255422 -0.00498223 -0.00042184
v -0.00467196 -0.00499766 -0.00011078
v -0.00457647 -0.00492151 -0.00087995
v -0.00467196 -0.00499766 -0.00011078
v 0.00307078 -0.00499349 -0.00024264
v -0.00368354 -0.00499784 -0.00010171
v 0.00307078 -0.00499349 -0.00024264
v -0.00467196 -0.00499766 -0.00011078
v -0.00255422 -0.00498223 -0.00042184
v -0.00619612 -0.00461869 -0.00020347
v -0.00561098 -0.00498592 0.00035994
v -0.00576408 -0.00486700 0.00114162
v -0.00561098 -0.00498592 0.00035994
v -0.00619612 -0.00461869 -0.00020347
v -0.00599682 -0.00441086 -0.00235125
v -0.00550373 -0.00474898 -0.00156122
v -0.00561098 -0.00498592 0.00035994
v -0.00599682 -0.00441086 -0.00235125
v -0.00485451 -0.00495090 0.00069461
v -0.00576408 -0.00486700 0.00114162
v -0.00561098 -0.00498592 0.00035994
v -0.00561098 -0.00498592 0.00035994
v -0.00550373 -0.00474898 -0.00156122
v -0.00457647 -0.00492151 -0.00087995
v -0.00467196 -0.00499766 -0.00011078
v -0.00561098 -0.00498592 0.00035994
v -0.00457647 -0.00492151 -0.00087995
v -0.00485451 -0.00495090 0.00069461
v -0.00561098 -0.00498592 0.00035994
v -0.00265468 -0.00498071 0.00043694
v 0.00307078 -0.00499349 -0.00024264
v 0.00214616 -0.00499721 0.00012856
v -0.00368354 -0.00499784 -0.00010171
v 0.00397884 -0.00499017 0.00029714
v 0.00214616 -0.00499721 0.00012856
v 0.00307078 -0.00499349 -0.00024264
v -0.00002107 0.00754996 0.04958893
v 0.00087633 0.00784748 0.05020193
v -0.00083163 0.00761146 0.04986192
v 0.00087633 0.00784748 0.05020193
v -0.00002107 0.00754996 0.04958893
v 0.00267380 0.00754996 0.04888338
v 0.00627522 0.00806864 0.04686422
v 0.00640803 0.00871104 0.04747240
v 0.00571079 0.00856160 0.04820844
v 0.00640803 0.00871104 0.04747240
v 0.00627522 0.00806864 0.04686422
v 0.00685808 0.00873059 0.04677817
v 0.00275684 0.00790914 0.04971162
v 0.00267380 0.00754996 0.04888338
v 0.00421745 0.00757385 0.04805950
v 0.00350983 0.00796927 0.04940466
v 0.00275684 0.00790914 0.04971162
v 0.00421745 0.00757385 0.04805950
v 0.00261774 0.00881150 0.05050455
v 0.00275684 0.00790914 0.04971162
v 0.00350983 0.00796927 0.04940466
v 0.00627522 0.00806864 0.04686422
v 0.00425053 0.00799562 0.04895160
v 0.00421745 0.00757385 0.04805950
v 0.00425053 0.00799562 0.04895160
v 0.00350983 0.00796927 0.04940466
v 0.00421745 0.00757385 0.04805950
v 0.00720989 0.00847865 0.04570035
v 0.00773348 0.00966421 0.04607585
v 0.00685808 0.00873059 0.04677817
v 0.00397884 -0.00499017 0.00029714
v 0.00027188 -0.00497232 0.00051566
v -0.00265468 -0.00498071 0.00043694
v 0.00470855 -0.00494897 0.00070706
v 0.00027188 -0.00497232 0.00051566
v 0.00397884 -0.00499017 0.00029714
v -0.00265468 -0.00498071 0.00043694
v 0.00027188 -0.00497232 0.00051566
v -0.00485451 -0.00495090 0.00069461
v 0.00470855 -0.00494897 0.00070706
v -0.00485451 -0.00495090 0.00069461
v 0.00027188 -0.00497232 0.00051566
v 0.00969380 0.01894996 0.03362195
v 0.00960165 0.01894996 0.04131534
v 0.00970388 0.01890377 0.03596398
v 0.00970388 0.01877814 0.02729919
v 0.00969380 0.01894996 0.03362195
v 0.00970388 0.01890377 0.03596398
v 0.00960224 0.01894996 0.02625423
v 0.00969380 0.01894996 0.03362195
v 0.00970388 0.01877814 0.02729919
v 0.00871013 0.01894996 0.04703295
v 0.00636584 0.01894996 0.04997397
v 0.00752565 0.01874036 0.04896475
v 0.00941106 0.01301862 0.04384455
v 0.00919551 0.01209467 0.04393703
v 0.00938150 0.01255848 0.04294298
v 0.00900414 0.01122067 0.04327345
v 0.00960388 -0.00159340 0.00020847
v 0.00919551 0.01209467 0.04393703
v 0.00938150 0.01255848 0.04294298
v 0.00919551 0.01209467 0.04393703
v 0.00960388 -0.00159340 0.00020847
v 0.00858873 0.01085508 0.04506698
v 0.00825366 0.00993998 0.04490796
v 0.00862376 0.01031404 0.04379937
v 0.00825366 0.00993998 0.04490796
v 0.00858873 0.01085508 0.04506698
v 0.00823428 0.01044930 0.04570943
v 0.00919551 0.01209467 0.04393703
v 0.00941106 0.01301862 0.04384455
v 0.00923746 0.01284553 0.04470437
v 0.00919551 0.01209467 0.04393703
v 0.00923746 0.01284553 0.04470437
v 0.00900080 0.01193441 0.04480205
v -0.01045827 0.01869647 0.04356494
v -0.01006793 0.01894996 0.04434248
v -0.01023585 0.01894996 0.04231133
v -0.01045827 0.01869647 0.04356494
v -0.01042749 0.01672476 0.04386874
v -0.01033014 0.01802515 0.04452196
v -0.01039891 0.01552783 0.04408913
v -0.01033014 0.01802515 0.04452196
v -0.01042749 0.01672476 0.04386874
v -0.01049589 0.01548212 0.04140181
v -0.01049611 0.01569405 0.03146068
v -0.01039612 -0.00089410 -0.00137427
v -0.01049611 0.01562105 0.04246164
v -0.01049589 0.01548212 0.04140181
v -0.01039612 -0.00089628 0.00048298
v -0.01039612 -0.00089628 0.00048298
v -0.01049589 0.01548212 0.04140181
v -0.01039612 -0.00089410 -0.00137427
v -0.01049611 0.01562105 0.04246164
v -0.01049571 0.01817265 0.04272612
v -0.01049611 0.01788716 0.04188320
v -0.01049611 0.01788716 0.04188320
v -0.01049571 0.01817265 0.04272612
v -0.01049611 0.01870619 0.04098657
v -0.01049611 0.01870619 0.04098657
v -0.01049571 0.01817265 0.04272612
v -0.01045827 0.01869647 0.04356494
v -0.00876691 0.01028187 0.04620019
v -0.00899846 0.01013744 0.04538773
v -0.00838052 0.00923115 0.04586683
v -0.00932505 0.01043974 0.04463572
v -0.00899846 0.01013744 0.04538773
v -0.00932438 0.01092544 0.04536208
v -0.00932438 0.01092544 0.04536208
v -0.00899846 0.01013744 0.04538773
v -0.00909756 0.01109058 0.04618527
v -0.00909756 0.01109058 0.04618527
v -0.00899846 0.01013744 0.04538773
v -0.00876691 0.01028187 0.04620019
v -0.00834322 0.01040980 0.04718243
v -0.00876691 0.01028187 0.04620019
v -0.00823931 0.00963276 0.04666172
v -0.01004942 0.01227726 0.04380372
v -0.00990539 0.01153825 0.04306626
v -0.00953888 0.01066527 0.04391504
v -0.00966058 0.01129554 0.04451973
v -0.01004942 0.01227726 0.04380372
v -0.00953888 0.01066527 0.04391504
v -0.01028443 0.01310179 0.04275268
v -0.01004942 0.01227726 0.04380372
v -0.01031382 0.01362997 0.04372418
v -0.01031382 0.01362997 0.04372418
v -0.01004942 0.01227726 0.04380372
v -0.01009187 0.01326948 0.04478284
v -0.00990539 0.01153825 0.04306626
v -0.01004942 0.01227726 0.04380372
v -0.01028448 -0.00160166 0.00093835
v -0.01004942 0.01227726 0.04380372
v -0.01028443 0.01310179 0.04275268
v -0.01028448 -0.00160166 0.00093835
v -0.01028448 -0.00160166 0.00093835
v -0.01039612 -0.00069488 0.00152426
v -0.01037518 -0.00158206 -0.00078431
v -0.01028443 0.01310179 0.04275268
v -0.01039612 -0.00069488 0.00152426
v -0.01028448 -0.00160166 0.00093835
v -0.01031382 0.01362997 0.04372418
v -0.01039612 -0.00069488 0.00152426
v -0.01028443 0.01310179 0.04275268
v -0.01039612 -0.00069488 0.00152426
v -0.01039612 -0.00089628 0.00048298
v -0.01037518 -0.00158206 -0.00078431
v -0.01049611 0.01562105 0.04246164
v -0.01039612 -0.00069488 0.00152426
v -0.01046517 0.01459360 0.04186825
v -0.01039612 -0.00069488 0.00152426
v -0.01049611 0.01562105 0.04246164
v -0.01039612 -0.00089628 0.00048298
v -0.01031382 0.01362997 0.04372418
v -0.01009187 0.01326948 0.04478284
v -0.01024499 0.01423611 0.04464794
v -0.00997260 0.01363907 0.04548017
v -0.01024499 0.01423611 0.04464794
v -0.01009187 0.01326948 0.04478284
v -0.00067424 0.00985305 0.05158318
v -0.00167700 0.00968094 0.05141645
v -0.00077703 0.00863700 0.05095930
v 0.00083206 0.01234192 0.05235406
v 0.00193741 0.01294896 0.05227956
v 0.00132393 0.01372697 0.05253511
v -0.00343046 0.01378574 0.05221923
v -0.00267895 0.01229267 0.05214792
v -0.00228074 0.01352830 0.05247604
v -0.00411002 0.01082006 0.05120410
v -0.00420800 0.00987384 0.05074000
v -0.00340669 0.00992179 0.05109528
v -0.00508540 0.01198258 0.05112541
v -0.00411002 0.01082006 0.05120410
v -0.00449364 0.01250357 0.05156704
v -0.00583453 0.00964662 0.04961011
v -0.00562661 0.00835117 0.04888042
v -0.00510044 0.00916500 0.04984602
v -0.00562661 0.00835117 0.04888042
v -0.00583453 0.00964662 0.04961011
v -0.00637167 0.00932794 0.04893890
v -0.00605123 0.01053239 0.04992039
v -0.00600300 0.01175450 0.05046812
v -0.00650665 0.01126881 0.04988559
v -0.00493660 0.00765939 0.04839933
v -0.00408189 0.00773000 0.04914296
v -0.00562661 0.00835117 0.04888042
v -0.00562661 0.00835117 0.04888042
v -0.00408189 0.00773000 0.04914296
v -0.00423651 0.00831533 0.04979933
v -0.00423651 0.00831533 0.04979933
v -0.00408189 0.00773000 0.04914296
v -0.00305146 0.00775004 0.04966941
v -0.00576408 -0.00486700 0.00114162
v -0.00408189 0.00773000 0.04914296
v -0.00493660 0.00765939 0.04839933
v -0.00305146 0.00775004 0.04966941
v -0.00408189 0.00773000 0.04914296
v -0.00576408 -0.00486700 0.00114162
v -0.00420800 0.00987384 0.05074000
v -0.00332982 0.00865144 0.05043843
v -0.00340669 0.00992179 0.05109528
v -0.00423651 0.00831533 0.04979933
v -0.00332982 0.00865144 0.05043843
v -0.00420800 0.00987384 0.05074000
v -0.00702740 0.00869349 0.04769251
v -0.00742201 0.00857150 0.04698610
v -0.00635482 0.00805348 0.04780982
v -0.00640108 0.00859352 0.04834645
v -0.00702740 0.00869349 0.04769251
v -0.00635482 0.00805348 0.04780982
v -0.00640108 0.00859352 0.04834645
v -0.00716526 0.00967405 0.04833387
v -0.00702740 0.00869349 0.04769251
v -0.00564294 -0.00085696 -0.00492535
v -0.00255440 -0.00129586 -0.00482867
v -0.00498454 -0.00168910 -0.00470529
v -0.00596206 -0.00208292 -0.00454461
v 0.00108959 -0.00188526 -0.00463011
v 0.00279821 -0.00218531 -0.00449659
v -0.00596206 -0.00208292 -0.00454461
v -0.00138488 -0.00229669 -0.00444063
v -0.00485261 -0.00246341 -0.00435007
v 0.00279821 -0.00218531 -0.00449659
v -0.00138488 -0.00229669 -0.00444063
v -0.00596206 -0.00208292 -0.00454461
v -0.00138488 -0.00229669 -0.00444063
v 0.00279821 -0.00218531 -0.00449659
v 0.00344932 -0.00251154 -0.00432320
v 0.00344932 -0.00251154 -0.00432320
v 0.00389307 -0.00153348 -0.00475909
v 0.00528747 -0.00203583 -0.00447421
v 0.00279821 -0.00218531 -0.00449659
v 0.00389307 -0.00153348 -0.00475909
v 0.00344932 -0.00251154 -0.00432320
v 0.00108959 -0.00188526 -0.00463011
v 0.00389307 -0.00153348 -0.00475909
v 0.00279821 -0.00218531 -0.00449659
v -0.00498454 -0.00168910 -0.00470529
v 0.00389307 -0.00153348 -0.00475909
v 0.00108959 -0.00188526 -0.00463011
v 0.00389307 -0.00153348 -0.00475909
v -0.00255440 -0.00129586 -0.00482867
v 0.00206467 -0.00129167 -0.00482974
v 0.00140765 -0.00002028 -0.00499968
v 0.00239408 -0.00028510 -0.00499170
v -0.00380523 -0.00019394 -0.00499544
v -0.00380523 -0.00019394 -0.00499544
v 0.00239408 -0.00028510 -0.00499170
v -0.00011737 -0.00049999 -0.00497480
v -0.00519574 0.00146307 -0.00478111
v -0.00253421 0.00134602 -0.00481442
v -0.00473252 0.00080982 -0.00493405
v -0.00029774 0.00120654 -0.00485179
v -0.00473252 0.00080982 -0.00493405
v -0.00253421 0.00134602 -0.00481442
v -0.00029774 0.00120654 -0.00485179
v -0.00253421 0.00134602 -0.00481442
v 0.00142578 0.00130127 -0.00482694
v -0.00496108 0.00003534 -0.00499900
v -0.00291631 0.00008609 -0.00499838
v 0.00140765 -0.00002028 -0.00499968
v -0.00291631 0.00008609 -0.00499838
v -0.00150900 0.00017010 -0.00499733
v 0.00140765 -0.00002028 -0.00499968
v -0.00150900 0.00017010 -0.00499733
v -0.00291631 0.00008609 -0.00499838
v -0.00496108 0.00003534 -0.00499900
v 0.00454443 0.00389433 -0.00313485
v -0.00171534 0.00378646 -0.00326557
v -0.00598149 0.00379209 -0.00325875
v -0.00598149 0.00379209 -0.00325875
v -0.00171534 0.00378646 -0.00326557
v 0.00142418 0.00367452 -0.00338982
v 0.00142418 0.00367452 -0.00338982
v -0.00171534 0.00378646 -0.00326557
v 0.00454443 0.00389433 -0.00313485
v 0.00228452 0.00404841 -0.00293411
v 0.00393443 0.00431800 -0.00251942
v 0.00454443 0.00389433 -0.00313485
v 0.00393443 0.00431800 -0.00251942
v 0.00228452 0.00404841 -0.00293411
v -0.00106255 0.00415341 -0.00278253
v 0.00950982 -0.00039850 -0.00180318
v 0.00521517 0.00125885 -0.00482715
v 0.00932265 0.00109796 -0.00155827
v 0.00379542 0.00240783 -0.00438137
v 0.00181007 0.00212418 -0.00452543
v -0.00038107 0.00230302 -0.00443727
v -0.00038107 0.00230302 -0.00443727
v 0.00181007 0.00212418 -0.00452543
v -0.00505778 0.00241633 -0.00437684
v -0.00505778 0.00241633 -0.00437684
v 0.00181007 0.00212418 -0.00452543
v -0.00452019 0.00186713 -0.00463837
v 0.00479586 0.00331319 -0.00374432
v 0.00053664 0.00335623 -0.00370550
v 0.00235532 0.00338689 -0.00367690
v -0.00486208 0.00333117 -0.00372888
v 0.00053664 0.00335623 -0.00370550
v 0.00479586 0.00331319 -0.00374432
v -0.00082714 0.00327838 -0.00377407
v -0.00486208 0.00333117 -0.00372888
v 0.00479586 0.00331319 -0.00374432
v -0.00486208 0.00333117 -0.00372888
v -0.00082714 0.00327838 -0.00377407
v -0.00572935 0.00322622 -0.00381865
v -0.00218628 0.00335780 -0.00370404
v 0.00142418 0.00367452 -0.00338982
v 0.00235532 0.00338689 -0.00367690
v 0.00142418 0.00367452 -0.00338982
v -0.00218628 0.00335780 -0.00370404
v -0.00486208 0.00333117 -0.00372888
v 0.00393443 0.00431800 -0.00251942
v -0.00307683 0.00434318 -0.00247506
v 0.00109682 0.01384197 0.01402130
v 0.00109682 0.01384197 0.01402130
v -0.00307683 0.00434318 -0.00247506
v -0.00443867 0.01382073 0.01398552
v -0.00307683 0.00434318 -0.00247506
v 0.00393443 0.00431800 -0.00251942
v -0.00106255 0.00415341 -0.00278253
v -0.00443867 0.01382073 0.01398552
v -0.00307683 0.00434318 -0.00247506
v -0.00454015 0.00450159 -0.00217613
v -0.00454485 0.00392742 -0.00309445
v -0.00307683 0.00434318 -0.00247506
v -0.00106255 0.00415341 -0.00278253
v -0.00307683 0.00434318 -0.00247506
v -0.00604920 0.00423018 -0.00256408
v -0.00454015 0.00450159 -0.00217613
v -0.00604920 0.00423018 -0.00256408
v -0.00307683 0.00434318 -0.00247506
v -0.00454485 0.00392742 -0.00309445
v -0.00509307 -0.00348610 -0.00358294
v -0.00157633 -0.00316920 -0.00386611
v 0.00325255 -0.00346943 -0.00359909
v -0.00157633 -0.00316920 -0.00386611
v 0.00418295 -0.00312932 -0.00389855
v 0.00325255 -0.00346943 -0.00359909
v 0.00418295 -0.00312932 -0.00389855
v 0.00151733 -0.00276264 -0.00416665
v 0.00344932 -0.00251154 -0.00432320
v -0.00217581 -0.00359582 -0.00347317
v 0.00031049 -0.00350848 -0.00356125
v 0.00325255 -0.00346943 -0.00359909
v -0.00410351 -0.00371908 -0.00334161
v -0.00217581 -0.00359582 -0.00347317
v 0.00154946 -0.00375431 -0.00330098
v -0.00217581 -0.00359582 -0.00347317
v -0.00410351 -0.00371908 -0.00334161
v -0.00509307 -0.00348610 -0.00358294
v -0.00509307 -0.00348610 -0.00358294
v -0.00410351 -0.00371908 -0.00334161
v -0.00532042 -0.00409025 -0.00287493
v -0.00180243 -0.00411393 -0.00284184
v -0.00532042 -0.00409025 -0.00287493
v 0.00240366 -0.00410238 -0.00285820
v -0.00576408 -0.00486700 0.00114162
v -0.00128400 -0.00491202 0.00092908
v 0.00373143 -0.00488551 0.00106132
v -0.00337823 -0.00492937 0.00083289
v -0.00128400 -0.00491202 0.00092908
v -0.00576408 -0.00486700 0.00114162
v -0.00355718 -0.00463274 -0.00188044
v 0.00059846 -0.00454904 -0.00207450
v 0.00221348 -0.00470823 -0.00168282
v 0.00059846 -0.00454904 -0.00207450
v 0.00305165 -0.00452103 -0.00213399
v 0.00221348 -0.00470823 -0.00168282
v -0.00050966 -0.00482464 -0.00131054
v 0.00332145 -0.00483627 -0.00126875
v -0.00327517 -0.00488075 -0.00108417
v -0.00165226 -0.00499749 0.00011694
v -0.00467196 -0.00499766 -0.00011078
v -0.00368354 -0.00499784 -0.00010171
v 0.00214616 -0.00499721 0.00012856
v -0.00165226 -0.00499749 0.00011694
v -0.00368354 -0.00499784 -0.00010171
v -0.00467196 -0.00499766 -0.00011078
v -0.00165226 -0.00499749 0.00011694
v -0.00561098 -0.00498592 0.00035994
v -0.00279751 0.01041299 0.05150337
v -0.00411002 0.01082006 0.05120410
v -0.00340669 0.00992179 0.05109528
v -0.00411002 0.01082006 0.05120410
v -0.00279751 0.01041299 0.05150337
v -0.00319344 0.01137322 0.05174322
v 0.00196945 0.00785837 0.04994586
v 0.00087633 0.00784748 0.05020193
v 0.00267380 0.00754996 0.04888338
v 0.00275684 0.00790914 0.04971162
v 0.00196945 0.00785837 0.04994586
v 0.00267380 0.00754996 0.04888338
v 0.00196945 0.00785837 0.04994586
v 0.00275684 0.00790914 0.04971162
v 0.00261774 0.00881150 0.05050455
v 0.00425053 0.00799562 0.04895160
v 0.00426565 0.00892999 0.04972493
v 0.00350983 0.00796927 0.04940466
v 0.00426565 0.00892999 0.04972493
v 0.00360436 0.00971730 0.05056878
v 0.00261774 0.00881150 0.05050455
v 0.00350983 0.00796927 0.04940466
v 0.00426565 0.00892999 0.04972493
v 0.00261774 0.00881150 0.05050455
v 0.00825366 0.00993998 0.04490796
v 0.00781308 0.00930944 0.04536111
v 0.00767844 0.00874116 0.04474024
v 0.00781308 0.00930944 0.04536111
v 0.00720989 0.00847865 0.04570035
v 0.00767844 0.00874116 0.04474024
v 0.00781308 0.00930944 0.04536111
v 0.00773348 0.00966421 0.04607585
v 0.00720989 0.00847865 0.04570035
v 0.00823428 0.01044930 0.04570943
v 0.00781308 0.00930944 0.04536111
v 0.00825366 0.00993998 0.04490796
v 0.00773348 0.00966421 0.04607585
v 0.00781308 0.00930944 0.04536111
v 0.00823428 0.01044930 0.04570943
v 0.00957168 0.01361562 0.04281328
v 0.00941106 0.01301862 0.04384455
v 0.00960388 -0.00159340 0.00020847
v 0.00871013 0.01894996 0.04703295
v 0.00957860 0.01843563 0.04428171
v 0.00960165 0.01894996 0.04131534
v 0.00957860 0.01843563 0.04428171
v 0.00871013 0.01894996 0.04703295
v 0.00936092 0.01839918 0.04530490
v 0.00970388 0.01550527 0.04032996
v 0.00970113 0.01528493 0.04123050
v 0.00960388 -0.00159340 0.00020847
v 0.00900080 0.01193441 0.04480205
v 0.00889092 0.01118687 0.04418981
v 0.00919551 0.01209467 0.04393703
v 0.00889092 0.01118687 0.04418981
v 0.00858873 0.01085508 0.04506698
v 0.00862376 0.01031404 0.04379937
v 0.00858873 0.01085508 0.04506698
v 0.00889092 0.01118687 0.04418981
v 0.00900080 0.01193441 0.04480205
v 0.00919551 0.01209467 0.04393703
v 0.00889092 0.01118687 0.04418981
v 0.00900414 0.01122067 0.04327345
v 0.00889092 0.01118687 0.04418981
v 0.00862376 0.01031404 0.04379937
v 0.00960388 -0.00159340 0.00020847
v 0.00900414 0.01122067 0.04327345
v 0.00889092 0.01118687 0.04418981
v 0.00960388 -0.00159340 0.00020847
v -0.00168708 0.01886994 0.05271593
v 0.00055683 0.01893826 0.05275357
v -0.00562710 0.01894996 0.05132999
v -0.00020886 0.01894996 0.05231052
v -0.00562710 0.01894996 0.05132999
v 0.00055683 0.01893826 0.05275357
v -0.01045827 0.01869647 0.04356494
v -0.01044950 0.01757001 0.04366336
v -0.01042749 0.01672476 0.04386874
v -0.01042749 0.01672476 0.04386874
v -0.01047296 0.01590713 0.04337269
v -0.01039891 0.01552783 0.04408913
v -0.01044950 0.01757001 0.04366336
v -0.01047296 0.01590713 0.04337269
v -0.01042749 0.01672476 0.04386874
v -0.01047296 0.01590713 0.04337269
v -0.01044950 0.01757001 0.04366336
v -0.01045827 0.01869647 0.04356494
v -0.00968665 0.01214011 0.04542528
v -0.00997260 0.01363907 0.04548017
v -0.01009187 0.01326948 0.04478284
v -0.00966058 0.01129554 0.04451973
v -0.00932438 0.01092544 0.04536208
v -0.00968665 0.01214011 0.04542528
v -0.00932438 0.01092544 0.04536208
v -0.00909756 0.01109058 0.04618527
v -0.00968665 0.01214011 0.04542528
v -0.00994221 0.01876934 0.04599733
v -0.01045827 0.01869647 0.04356494
v -0.01033014 0.01802515 0.04452196
v -0.00994221 0.01876934 0.04599733
v -0.01006793 0.01894996 0.04434248
v -0.01045827 0.01869647 0.04356494
v -0.01006793 0.01894996 0.04434248
v -0.00994221 0.01876934 0.04599733
v -0.00941263 0.01893215 0.04724858
v -0.01049589 0.01548212 0.04140181
v -0.01049611 0.01558549 0.03823687
v -0.01049611 0.01569405 0.03146068
v -0.01049589 0.01548212 0.04140181
v -0.01049611 0.01562105 0.04246164
v -0.01049611 0.01558549 0.03823687
v -0.00875502 0.00938088 0.04498739
v -0.00932505 0.01043974 0.04463572
v -0.00905690 0.00962687 0.04416670
v -0.00875502 0.00938088 0.04498739
v -0.00899846 0.01013744 0.04538773
v -0.00932505 0.01043974 0.04463572
v -0.00839745 0.00852709 0.04451231
v -0.00875502 0.00938088 0.04498739
v -0.00905690 0.00962687 0.04416670
v -0.00839745 0.00852709 0.04451231
v -0.00814374 0.00851440 0.04537666
v -0.00875502 0.00938088 0.04498739
v -0.00838052 0.00923115 0.04586683
v -0.00875502 0.00938088 0.04498739
v -0.00814374 0.00851440 0.04537666
v -0.00899846 0.01013744 0.04538773
v -0.00875502 0.00938088 0.04498739
v -0.00838052 0.00923115 0.04586683
v -0.00876691 0.01028187 0.04620019
v -0.00875400 0.01116013 0.04699421
v -0.00909756 0.01109058 0.04618527
v -0.00834322 0.01040980 0.04718243
v -0.00875400 0.01116013 0.04699421
v -0.00876691 0.01028187 0.04620019
v -0.00834322 0.01040980 0.04718243
v -0.00807323 0.01099630 0.04802436
v -0.00875400 0.01116013 0.04699421
v -0.00742201 0.00857150 0.04698610
v -0.00766424 0.00939979 0.04743739
v -0.00823931 0.00963276 0.04666172
v -0.00766424 0.00939979 0.04743739
v -0.00834322 0.01040980 0.04718243
v -0.00823931 0.00963276 0.04666172
v -0.00702740 0.00869349 0.04769251
v -0.00766424 0.00939979 0.04743739
v -0.00742201 0.00857150 0.04698610
v -0.00702740 0.00869349 0.04769251
v -0.00716526 0.00967405 0.04833387
v -0.00766424 0.00939979 0.04743739
v -0.00807323 0.01099630 0.04802436
v -0.00766424 0.00939979 0.04743739
v -0.00716526 0.00967405 0.04833387
v -0.00834322 0.01040980 0.04718243
v -0.00766424 0.00939979 0.04743739
v -0.00807323 0.01099630 0.04802436
v -0.01039612 -0.00069488 0.00152426
v -0.01042139 0.01407732 0.04276019
v -0.01046517 0.01459360 0.04186825
v -0.01039612 -0.00069488 0.00152426
v -0.01031382 0.01362997 0.04372418
v -0.01042139 0.01407732 0.04276019
v -0.01042139 0.01407732 0.04276019
v -0.01049611 0.01562105 0.04246164
v -0.01046517 0.01459360 0.04186825
v 0.00394057 0.01894996 0.05170773
v 0.00334457 0.01842601 0.05208123
v 0.00464987 0.01862655 0.05144771
v 0.00205938 0.01528524 0.05249270
v 0.00196829 0.01421381 0.05245518
v 0.00302359 0.01450586 0.05216378
v 0.00193741 0.01294896 0.05227956
v 0.00196829 0.01421381 0.05245518
v 0.00132393 0.01372697 0.05253511
v 0.00302359 0.01450586 0.05216378
v 0.00301303 0.01540338 0.05220487
v 0.00205938 0.01528524 0.05249270
v 0.00334457 0.01842601 0.05208123
v 0.00301303 0.01540338 0.05220487
v 0.00362985 0.01640031 0.05196240
v 0.00083206 0.01234192 0.05235406
v 0.00035591 0.01146739 0.05216526
v 0.00125498 0.01135516 0.05201546
v 0.00360436 0.00971730 0.05056878
v 0.00267833 0.00965218 0.05094165
v 0.00261774 0.00881150 0.05050455
v 0.00196829 0.01421381 0.05245518
v 0.00307836 0.01358926 0.05203955
v 0.00302359 0.01450586 0.05216378
v 0.00307836 0.01358926 0.05203955
v 0.00196829 0.01421381 0.05245518
v 0.00193741 0.01294896 0.05227956
v 0.00379345 0.01294941 0.05162603
v 0.00344913 0.01217175 0.05159466
v 0.00448239 0.01271356 0.05121541
v -0.00228074 0.01352830 0.05247604
v -0.00237661 0.01494397 0.05259102
v -0.00334724 0.01465004 0.05232951
v -0.00334724 0.01465004 0.05232951
v -0.00343046 0.01378574 0.05221923
v -0.00228074 0.01352830 0.05247604
v -0.00228074 0.01352830 0.05247604
v -0.00157549 0.01420705 0.05266738
v -0.00237661 0.01494397 0.05259102
v 0.00021877 0.01717249 0.05277985
v 0.00050279 0.01534819 0.05275658
v 0.00055683 0.01893826 0.05275357
v 0.00161169 0.01643777 0.05259791
v 0.00179800 0.01788638 0.05255751
v 0.00084380 0.01798598 0.05272219
v 0.00055683 0.01893826 0.05275357
v 0.00179800 0.01788638 0.05255751
v 0.00251876 0.01819835 0.05236956
v 0.00084380 0.01798598 0.05272219
v 0.00179800 0.01788638 0.05255751
v 0.00055683 0.01893826 0.05275357
v 0.00251876 0.01819835 0.05236956
v 0.00179800 0.01788638 0.05255751
v 0.00205938 0.01528524 0.05249270
v 0.00161169 0.01643777 0.05259791
v 0.00205938 0.01528524 0.05249270
v 0.00179800 0.01788638 0.05255751
v -0.00267895 0.01229267 0.05214792
v -0.00378240 0.01219020 0.05178394
v -0.00319344 0.01137322 0.05174322
v -0.00411002 0.01082006 0.05120410
v -0.00378240 0.01219020 0.05178394
v -0.00449364 0.01250357 0.05156704
v -0.00378240 0.01219020 0.05178394
v -0.00411002 0.01082006 0.05120410
v -0.00319344 0.01137322 0.05174322
v -0.00411002 0.01082006 0.05120410
v -0.00495874 0.01111259 0.05089689
v -0.00420800 0.00987384 0.05074000
v -0.00508540 0.01198258 0.05112541
v -0.00495874 0.01111259 0.05089689
v -0.00411002 0.01082006 0.05120410
v -0.00600300 0.01175450 0.05046812
v -0.00495874 0.01111259 0.05089689
v -0.00508540 0.01198258 0.05112541
v -0.00650665 0.01126881 0.04988559
v -0.00671708 0.01044934 0.04930039
v -0.00605123 0.01053239 0.04992039
v -0.00583453 0.00964662 0.04961011
v -0.00671708 0.01044934 0.04930039
v -0.00637167 0.00932794 0.04893890
v -0.00671708 0.01044934 0.04930039
v -0.00583453 0.00964662 0.04961011
v -0.00605123 0.01053239 0.04992039
v -0.00637167 0.00932794 0.04893890
v -0.00671708 0.01044934 0.04930039
v -0.00716526 0.00967405 0.04833387
v -0.00305146 0.00775004 0.04966941
v -0.00243906 0.00846594 0.05060965
v -0.00423651 0.00831533 0.04979933
v -0.00423651 0.00831533 0.04979933
v -0.00243906 0.00846594 0.05060965
v -0.00332982 0.00865144 0.05043843
v -0.00564294 -0.00085696 -0.00492535
v -0.00369881 -0.00100209 -0.00489762
v -0.00255440 -0.00129586 -0.00482867
v -0.00170944 -0.00114661 -0.00486654
v -0.00369881 -0.00100209 -0.00489762
v 0.00122752 -0.00103749 -0.00489026
v -0.00369881 -0.00100209 -0.00489762
v -0.00170944 -0.00114661 -0.00486654
v -0.00255440 -0.00129586 -0.00482867
v -0.00498454 -0.00168910 -0.00470529
v -0.00332090 -0.00186047 -0.00463998
v -0.00596206 -0.00208292 -0.00454461
v -0.00332090 -0.00186047 -0.00463998
v 0.00108959 -0.00188526 -0.00463011
v -0.00596206 -0.00208292 -0.00454461
v 0.00108959 -0.00188526 -0.00463011
v -0.00332090 -0.00186047 -0.00463998
v -0.00498454 -0.00168910 -0.00470529
v -0.00485261 -0.00246341 -0.00435007
v -0.00229177 -0.00243595 -0.00436539
v 0.00344932 -0.00251154 -0.00432320
v -0.00229177 -0.00243595 -0.00436539
v -0.00138488 -0.00229669 -0.00444063
v 0.00344932 -0.00251154 -0.00432320
v -0.00138488 -0.00229669 -0.00444063
v -0.00229177 -0.00243595 -0.00436539
v -0.00485261 -0.00246341 -0.00435007
v 0.00372583 -0.00050302 -0.00497445
v 0.00305631 -0.00092929 -0.00491276
v -0.00089776 -0.00065814 -0.00495604
v -0.00089776 -0.00065814 -0.00495604
v 0.00305631 -0.00092929 -0.00491276
v -0.00564294 -0.00085696 -0.00492535
v -0.00564294 -0.00085696 -0.00492535
v 0.00305631 -0.00092929 -0.00491276
v -0.00369881 -0.00100209 -0.00489762
v -0.00369881 -0.00100209 -0.00489762
v 0.00305631 -0.00092929 -0.00491276
v 0.00122752 -0.00103749 -0.00489026
v -0.00255440 -0.00129586 -0.00482867
v 0.00020565 -0.00154519 -0.00475543
v -0.00498454 -0.00168910 -0.00470529
v 0.00389307 -0.00153348 -0.00475909
v 0.00020565 -0.00154519 -0.00475543
v -0.00255440 -0.00129586 -0.00482867
v -0.00519574 0.00146307 -0.00478111
v -0.00345505 0.00144409 -0.00478698
v -0.00253421 0.00134602 -0.00481442
v -0.00454485 0.00392742 -0.00309445
v 0.00319090 0.00394417 -0.00307225
v 0.00454443 0.00389433 -0.00313485
v 0.00454443 0.00389433 -0.00313485
v 0.00319090 0.00394417 -0.00307225
v 0.00228452 0.00404841 -0.00293411
v -0.00106255 0.00415341 -0.00278253
v -0.00022385 0.00402963 -0.00295899
v -0.00454485 0.00392742 -0.00309445
v 0.00228452 0.00404841 -0.00293411
v -0.00022385 0.00402963 -0.00295899
v -0.00106255 0.00415341 -0.00278253
v 0.00478828 0.00259330 -0.00427415
v 0.00521517 0.00125885 -0.00482715
v 0.00379542 0.00240783 -0.00438137
v 0.00932265 0.00109796 -0.00155827
v 0.00478828 0.00259330 -0.00427415
v 0.00479586 0.00331319 -0.00374432
v 0.00521517 0.00125885 -0.00482715
v 0.00478828 0.00259330 -0.00427415
v 0.00932265 0.00109796 -0.00155827
v 0.00380904 0.00319119 -0.00384858
v 0.00479586 0.00331319 -0.00374432
v 0.00478828 0.00259330 -0.00427415
v 0.00380904 0.00319119 -0.00384858
v 0.00478828 0.00259330 -0.00427415
v 0.00281614 0.00272431 -0.00419143
v 0.00453007 0.00082545 -0.00493145
v -0.00029774 0.00120654 -0.00485179
v 0.00142578 0.00130127 -0.00482694
v 0.00521517 0.00125885 -0.00482715
v 0.00453007 0.00082545 -0.00493145
v 0.00142578 0.00130127 -0.00482694
v -0.00473252 0.00080982 -0.00493405
v 0.00453007 0.00082545 -0.00493145
v 0.00372675 0.00070791 -0.00494867
v -0.00029774 0.00120654 -0.00485179
v 0.00453007 0.00082545 -0.00493145
v -0.00473252 0.00080982 -0.00493405
v 0.00453007 0.00082545 -0.00493145
v 0.00307290 0.00017848 -0.00499686
v 0.00372675 0.00070791 -0.00494867
v 0.00950982 -0.00039850 -0.00180318
v 0.00483925 -0.00032619 -0.00498863
v 0.00521517 0.00125885 -0.00482715
v 0.00453007 0.00082545 -0.00493145
v 0.00521517 0.00125885 -0.00482715
v 0.00483925 -0.00032619 -0.00498863
v 0.00453007 0.00082545 -0.00493145
v 0.00483925 -0.00032619 -0.00498863
v 0.00307290 0.00017848 -0.00499686
v -0.00011737 -0.00049999 -0.00497480
v 0.00483925 -0.00032619 -0.00498863
v 0.00372583 -0.00050302 -0.00497445
v 0.00239408 -0.00028510 -0.00499170
v 0.00483925 -0.00032619 -0.00498863
v -0.00011737 -0.00049999 -0.00497480
v 0.00307290 0.00017848 -0.00499686
v 0.00483925 -0.00032619 -0.00498863
v 0.00140765 -0.00002028 -0.00499968
v 0.00140765 -0.00002028 -0.00499968
v 0.00483925 -0.00032619 -0.00498863
v 0.00239408 -0.00028510 -0.00499170
v 0.00061102 0.00257881 -0.00428271
v -0.00230966 0.00242422 -0.00437263
v -0.00505778 0.00241633 -0.00437684
v 0.00379542 0.00240783 -0.00438137
v -0.00230966 0.00242422 -0.00437263
v 0.00478828 0.00259330 -0.00427415
v 0.00478828 0.00259330 -0.00427415
v -0.00230966 0.00242422 -0.00437263
v 0.00061102 0.00257881 -0.00428271
v -0.00428354 0.00274249 -0.00417960
v -0.00155891 0.00266558 -0.00422965
v -0.00505778 0.00241633 -0.00437684
v 0.00061102 0.00257881 -0.00428271
v -0.00505778 0.00241633 -0.00437684
v -0.00155891 0.00266558 -0.00422965
v -0.00155891 0.00266558 -0.00422965
v 0.00478828 0.00259330 -0.00427415
v 0.00061102 0.00257881 -0.00428271
v -0.00155891 0.00266558 -0.00422965
v -0.00428354 0.00274249 -0.00417960
v 0.00281614 0.00272431 -0.00419143
v 0.00478828 0.00259330 -0.00427415
v -0.00155891 0.00266558 -0.00422965
v 0.00281614 0.00272431 -0.00419143
v 0.00521517 0.00125885 -0.00482715
v 0.00297046 0.00174517 -0.00468454
v 0.00379542 0.00240783 -0.00438137
v 0.00297046 0.00174517 -0.00468454
v 0.00181007 0.00212418 -0.00452543
v 0.00379542 0.00240783 -0.00438137
v 0.00297046 0.00174517 -0.00468454
v 0.00521517 0.00125885 -0.00482715
v 0.00142578 0.00130127 -0.00482694
v -0.00120445 0.00142587 -0.00479208
v 0.00297046 0.00174517 -0.00468454
v 0.00142578 0.00130127 -0.00482694
v 0.00181007 0.00212418 -0.00452543
v 0.00297046 0.00174517 -0.00468454
v -0.00452019 0.00186713 -0.00463837
v -0.00345505 0.00144409 -0.00478698
v 0.00297046 0.00174517 -0.00468454
v -0.00120445 0.00142587 -0.00479208
v -0.00452019 0.00186713 -0.00463837
v 0.00297046 0.00174517 -0.00468454
v -0.00519574 0.00146307 -0.00478111
v -0.00519574 0.00146307 -0.00478111
v 0.00297046 0.00174517 -0.00468454
v -0.00345505 0.00144409 -0.00478698
v -0.00157633 -0.00316920 -0.00386611
v -0.00427533 -0.00301400 -0.00398844
v 0.00418295 -0.00312932 -0.00389855
v -0.00565276 -0.00290108 -0.00407240
v -0.00427533 -0.00301400 -0.00398844
v -0.00509307 -0.00348610 -0.00358294
v -0.00157633 -0.00316920 -0.00386611
v -0.00509307 -0.00348610 -0.00358294
v -0.00427533 -0.00301400 -0.00398844
v 0.00151733 -0.00276264 -0.00416665
v 0.00418295 -0.00312932 -0.00389855
v 0.00242767 -0.00299991 -0.00399892
v -0.00427533 -0.00301400 -0.00398844
v 0.00242767 -0.00299991 -0.00399892
v 0.00418295 -0.00312932 -0.00389855
v -0.00565276 -0.00290108 -0.00407240
v 0.00242767 -0.00299991 -0.00399892
v -0.00427533 -0.00301400 -0.00398844
v -0.00485261 -0.00246341 -0.00435007
v -0.00369984 -0.00253941 -0.00430716
v -0.00565276 -0.00290108 -0.00407240
v -0.00369984 -0.00253941 -0.00430716
v -0.00485261 -0.00246341 -0.00435007
v 0.00344932 -0.00251154 -0.00432320
v 0.00151733 -0.00276264 -0.00416665
v -0.00369984 -0.00253941 -0.00430716
v 0.00344932 -0.00251154 -0.00432320
v -0.00509307 -0.00348610 -0.00358294
v -0.00339580 -0.00349890 -0.00357053
v -0.00217581 -0.00359582 -0.00347317
v 0.00031049 -0.00350848 -0.00356125
v -0.00217581 -0.00359582 -0.00347317
v -0.00339580 -0.00349890 -0.00357053
v -0.00007041 -0.00396273 -0.00304836
v 0.00154946 -0.00375431 -0.00330098
v 0.00372542 -0.00401516 -0.00297848
v -0.00007041 -0.00396273 -0.00304836
v -0.00410351 -0.00371908 -0.00334161
v 0.00154946 -0.00375431 -0.00330098
v -0.00532042 -0.00409025 -0.00287493
v -0.00007041 -0.00396273 -0.00304836
v 0.00372542 -0.00401516 -0.00297848
v -0.00410351 -0.00371908 -0.00334161
v -0.00007041 -0.00396273 -0.00304836
v -0.00532042 -0.00409025 -0.00287493
v -0.00267360 -0.00421422 -0.00269007
v 0.00098430 -0.00412341 -0.00282748
v 0.00240366 -0.00410238 -0.00285820
v 0.00098430 -0.00412341 -0.00282748
v -0.00180243 -0.00411393 -0.00284184
v 0.00240366 -0.00410238 -0.00285820
v -0.00532042 -0.00409025 -0.00287493
v -0.00363960 -0.00415064 -0.00278628
v -0.00267360 -0.00421422 -0.00269007
v -0.00180243 -0.00411393 -0.00284184
v -0.00363960 -0.00415064 -0.00278628
v -0.00532042 -0.00409025 -0.00287493
v -0.00337823 -0.00492937 0.00083289
v 0.00272213 -0.00493034 0.00082668
v -0.00128400 -0.00491202 0.00092908
v 0.00272213 -0.00493034 0.00082668
v 0.00470855 -0.00494897 0.00070706
v 0.00373143 -0.00488551 0.00106132
v -0.00128400 -0.00491202 0.00092908
v 0.00272213 -0.00493034 0.00082668
v 0.00373143 -0.00488551 0.00106132
v -0.00599682 -0.00441086 -0.00235125
v -0.00020881 -0.00453729 -0.00210063
v -0.00355718 -0.00463274 -0.00188044
v 0.00059846 -0.00454904 -0.00207450
v -0.00355718 -0.00463274 -0.00188044
v -0.00020881 -0.00453729 -0.00210063
v 0.00147290 -0.00446413 -0.00225069
v -0.00020881 -0.00453729 -0.00210063
v -0.00599682 -0.00441086 -0.00235125
v 0.00305165 -0.00452103 -0.00213399
v -0.00020881 -0.00453729 -0.00210063
v 0.00147290 -0.00446413 -0.00225069
v 0.00059846 -0.00454904 -0.00207450
v -0.00020881 -0.00453729 -0.00210063
v 0.00305165 -0.00452103 -0.00213399
v 0.00445794 -0.00496647 -0.00056980
v 0.00129471 -0.00487624 -0.00110291
v 0.00332145 -0.00483627 -0.00126875
v -0.00327517 -0.00488075 -0.00108417
v 0.00129471 -0.00487624 -0.00110291
v -0.00134542 -0.00492335 -0.00087054
v 0.00332145 -0.00483627 -0.00126875
v 0.00129471 -0.00487624 -0.00110291
v -0.00327517 -0.00488075 -0.00108417
v 0.00453751 -0.00476300 -0.00151938
v 0.00532590 -0.00476932 -0.00102154
v 0.00445794 -0.00496647 -0.00056980
v 0.00332145 -0.00483627 -0.00126875
v 0.00453751 -0.00476300 -0.00151938
v 0.00445794 -0.00496647 -0.00056980
v 0.00540388 -0.00389781 -0.00247669
v 0.00453751 -0.00476300 -0.00151938
v 0.00413320 -0.00443835 -0.00230205
v 0.00532590 -0.00476932 -0.00102154
v 0.00453751 -0.00476300 -0.00151938
v 0.00540388 -0.00389781 -0.00247669
v 0.00413320 -0.00443835 -0.00230205
v 0.00453751 -0.00476300 -0.00151938
v 0.00305165 -0.00452103 -0.00213399
v 0.00305165 -0.00452103 -0.00213399
v 0.00453751 -0.00476300 -0.00151938
v 0.00221348 -0.00470823 -0.00168282
v -0.00550373 -0.00474898 -0.00156122
v 0.00453751 -0.00476300 -0.00151938
v -0.00050966 -0.00482464 -0.00131054
v 0.00453751 -0.00476300 -0.00151938
v 0.00332145 -0.00483627 -0.00126875
v -0.00050966 -0.00482464 -0.00131054
v -0.00165226 -0.00499749 0.00011694
v -0.00050297 -0.00499528 0.00020849
v -0.00561098 -0.00498592 0.00035994
v -0.00050297 -0.00499528 0.00020849
v -0.00165226 -0.00499749 0.00011694
v 0.00214616 -0.00499721 0.00012856
v -0.00279751 0.01041299 0.05150337
v -0.00233132 0.01141935 0.05198051
v -0.00319344 0.01137322 0.05174322
v -0.00319344 0.01137322 0.05174322
v -0.00233132 0.01141935 0.05198051
v -0.00267895 0.01229267 0.05214792
v -0.00109156 0.01224147 0.05238248
v -0.00233132 0.01141935 0.05198051
v -0.00130733 0.01149234 0.05215824
v -0.00267895 0.01229267 0.05214792
v -0.00233132 0.01141935 0.05198051
v -0.00109156 0.01224147 0.05238248
v 0.00858873 0.01085508 0.04506698
v 0.00850820 0.01135508 0.04589650
v 0.00823428 0.01044930 0.04570943
v 0.00858873 0.01085508 0.04506698
v 0.00900080 0.01193441 0.04480205
v 0.00850820 0.01135508 0.04589650
v 0.00923746 0.01284553 0.04470437
v 0.00887559 0.01236259 0.04567498
v 0.00900080 0.01193441 0.04480205
v 0.00887559 0.01236259 0.04567498
v 0.00850820 0.01135508 0.04589650
v 0.00900080 0.01193441 0.04480205
v 0.00850820 0.01135508 0.04589650
v 0.00887559 0.01236259 0.04567498
v 0.00850451 0.01225985 0.04658503
v 0.00504516 0.00843882 0.04877119
v 0.00426565 0.00892999 0.04972493
v 0.00425053 0.00799562 0.04895160
v 0.00627522 0.00806864 0.04686422
v 0.00571079 0.00856160 0.04820844
v 0.00504516 0.00843882 0.04877119
v 0.00504516 0.00843882 0.04877119
v 0.00425053 0.00799562 0.04895160
v 0.00627522 0.00806864 0.04686422
v 0.00773348 0.00966421 0.04607585
v 0.00728624 0.00951218 0.04684506
v 0.00685808 0.00873059 0.04677817
v 0.00728624 0.00951218 0.04684506
v 0.00640803 0.00871104 0.04747240
v 0.00685808 0.00873059 0.04677817
v 0.00773348 0.00966421 0.04607585
v 0.00823428 0.01044930 0.04570943
v 0.00791239 0.01055301 0.04660246
v 0.00850820 0.01135508 0.04589650
v 0.00791239 0.01055301 0.04660246
v 0.00823428 0.01044930 0.04570943
v 0.00791239 0.01055301 0.04660246
v 0.00728624 0.00951218 0.04684506
v 0.00773348 0.00966421 0.04607585
v 0.00728624 0.00951218 0.04684506
v 0.00791239 0.01055301 0.04660246
v 0.00751774 0.01063484 0.04741342
v 0.00960165 0.01894996 0.04131534
v 0.00970388 0.01883126 0.03916537
v 0.00970388 0.01890377 0.03596398
v 0.00394057 0.01894996 0.05170773
v 0.00560663 0.01871889 0.05082103
v 0.00636584 0.01894996 0.04997397
v 0.00560663 0.01871889 0.05082103
v 0.00394057 0.01894996 0.05170773
v 0.00464987 0.01862655 0.05144771
v 0.00636584 0.01894996 0.04997397
v 0.00560663 0.01871889 0.05082103
v 0.00752565 0.01874036 0.04896475
v 0.00617820 0.01795255 0.05036593
v 0.00752565 0.01874036 0.04896475
v 0.00560663 0.01871889 0.05082103
v 0.00617820 0.01795255 0.05036593
v 0.00720053 0.01806159 0.04935393
v 0.00752565 0.01874036 0.04896475
v 0.00739561 0.01439873 0.04905411
v 0.00748850 0.01535467 0.04900809
v 0.00679137 0.01518189 0.04978808
v 0.00957168 0.01361562 0.04281328
v 0.00953653 0.01384891 0.04384961
v 0.00941106 0.01301862 0.04384455
v 0.00936092 0.01839918 0.04530490
v 0.00954305 0.01693761 0.04449160
v 0.00957860 0.01843563 0.04428171
v 0.00959962 0.01541016 0.04413186
v 0.00957860 0.01843563 0.04428171
v 0.00954305 0.01693761 0.04449160
v 0.00957860 0.01843563 0.04428171
v 0.00961370 0.01626669 0.04403833
v 0.00968840 0.01579769 0.04324343
v 0.00961370 0.01626669 0.04403833
v 0.00959962 0.01541016 0.04413186
v 0.00968840 0.01579769 0.04324343
v 0.00959962 0.01541016 0.04413186
v 0.00961370 0.01626669 0.04403833
v 0.00957860 0.01843563 0.04428171
v -0.00774740 0.01494894 0.04960665
v -0.00724777 0.01418660 0.05003276
v -0.00711432 0.01535831 0.05023747
v -0.00711432 0.01535831 0.05023747
v -0.00724777 0.01418660 0.05003276
v -0.00634575 0.01483514 0.05084004
v -0.00508540 0.01198258 0.05112541
v -0.00579233 0.01291612 0.05094418
v -0.00600300 0.01175450 0.05046812
v -0.00579233 0.01291612 0.05094418
v -0.00508540 0.01198258 0.05112541
v -0.00449364 0.01250357 0.05156704
v -0.00711432 0.01535831 0.05023747
v -0.00762958 0.01635788 0.04974719
v -0.00774740 0.01494894 0.04960665
v -0.00724777 0.01418660 0.05003276
v -0.00774740 0.01494894 0.04960665
v -0.00784948 0.01377083 0.04935209
v -0.00724777 0.01418660 0.05003276
v -0.00784948 0.01377083 0.04935209
v -0.00713191 0.01301218 0.04991780
v -0.00168708 0.01886994 0.05271593
v -0.00095067 0.01850891 0.05278353
v 0.00055683 0.01893826 0.05275357
v -0.00226641 0.01743120 0.05262394
v -0.00266595 0.01856219 0.05254110
v -0.00237661 0.01494397 0.05259102
v -0.00266595 0.01856219 0.05254110
v -0.00226641 0.01743120 0.05262394
v -0.00168708 0.01886994 0.05271593
v -0.00168708 0.01886994 0.05271593
v -0.00387722 0.01887357 0.05218072
v -0.00266595 0.01856219 0.05254110
v -0.00562710 0.01894996 0.05132999
v -0.00387722 0.01887357 0.05218072
v -0.00168708 0.01886994 0.05271593
v -0.01049236 0.01692201 0.04294619
v -0.01049571 0.01817265 0.04272612
v -0.01049611 0.01562105 0.04246164
v -0.01047296 0.01590713 0.04337269
v -0.01049236 0.01692201 0.04294619
v -0.01049611 0.01562105 0.04246164
v -0.01049571 0.01817265 0.04272612
v -0.01049236 0.01692201 0.04294619
v -0.01045827 0.01869647 0.04356494
v -0.01045827 0.01869647 0.04356494
v -0.01049236 0.01692201 0.04294619
v -0.01047296 0.01590713 0.04337269
v -0.01004942 0.01227726 0.04380372
v -0.00993726 0.01245977 0.04475164
v -0.01009187 0.01326948 0.04478284
v -0.01009187 0.01326948 0.04478284
v -0.00993726 0.01245977 0.04475164
v -0.00968665 0.01214011 0.04542528
v -0.00993726 0.01245977 0.04475164
v -0.01004942 0.01227726 0.04380372
v -0.00966058 0.01129554 0.04451973
v -0.00968665 0.01214011 0.04542528
v -0.00993726 0.01245977 0.04475164
v -0.00966058 0.01129554 0.04451973
v -0.00997260 0.01363907 0.04548017
v -0.00965973 0.01280378 0.04599423
v -0.00968878 0.01356935 0.04629134
v -0.00968665 0.01214011 0.04542528
v -0.00965973 0.01280378 0.04599423
v -0.00997260 0.01363907 0.04548017
v -0.00965973 0.01280378 0.04599423
v -0.00968665 0.01214011 0.04542528
v -0.00909756 0.01109058 0.04618527
v -0.01033014 0.01802515 0.04452196
v -0.01006946 0.01796084 0.04560028
v -0.00994221 0.01876934 0.04599733
v -0.00875400 0.01116013 0.04699421
v -0.00903473 0.01217899 0.04709320
v -0.00909756 0.01109058 0.04618527
v -0.00903473 0.01217899 0.04709320
v -0.00965973 0.01280378 0.04599423
v -0.00909756 0.01109058 0.04618527
v -0.01040862 0.01451012 0.04370431
v -0.01042139 0.01407732 0.04276019
v -0.01031382 0.01362997 0.04372418
v -0.01039891 0.01552783 0.04408913
v -0.01040862 0.01451012 0.04370431
v -0.01024499 0.01423611 0.04464794
v -0.01024499 0.01423611 0.04464794
v -0.01040862 0.01451012 0.04370431
v -0.01031382 0.01362997 0.04372418
v -0.01047296 0.01590713 0.04337269
v -0.01040862 0.01451012 0.04370431
v -0.01039891 0.01552783 0.04408913
v -0.01040862 0.01451012 0.04370431
v -0.01047296 0.01590713 0.04337269
v -0.01049611 0.01562105 0.04246164
v -0.01042139 0.01407732 0.04276019
v -0.01040862 0.01451012 0.04370431
v -0.01049611 0.01562105 0.04246164
v 0.00150589 0.01894996 0.05249104
v -0.00020886 0.01894996 0.05231052
v 0.00055683 0.01893826 0.05275357
v 0.00334457 0.01842601 0.05208123
v 0.00394057 0.01894996 0.05170773
v 0.00150589 0.01894996 0.05249104
v 0.00251876 0.01819835 0.05236956
v 0.00150589 0.01894996 0.05249104
v 0.00055683 0.01893826 0.05275357
v 0.00334457 0.01842601 0.05208123
v 0.00150589 0.01894996 0.05249104
v 0.00251876 0.01819835 0.05236956
v 0.00464987 0.01862655 0.05144771
v 0.00457793 0.01590968 0.05148876
v 0.00473863 0.01513477 0.05139131
v 0.00473863 0.01513477 0.05139131
v 0.00531882 0.01561201 0.05102642
v 0.00464987 0.01862655 0.05144771
v 0.00464987 0.01862655 0.05144771
v 0.00531882 0.01561201 0.05102642
v 0.00560663 0.01871889 0.05082103
v 0.00372029 0.01427979 0.05186116
v 0.00307836 0.01358926 0.05203955
v 0.00379345 0.01294941 0.05162603
v 0.00307836 0.01358926 0.05203955
v 0.00372029 0.01427979 0.05186116
v 0.00302359 0.01450586 0.05216378
v 0.00334457 0.01842601 0.05208123
v 0.00403076 0.01785368 0.05177668
v 0.00464987 0.01862655 0.05144771
v 0.00403076 0.01785368 0.05177668
v 0.00334457 0.01842601 0.05208123
v 0.00362985 0.01640031 0.05196240
v 0.00255449 0.01613127 0.05235831
v 0.00251876 0.01819835 0.05236956
v 0.00205938 0.01528524 0.05249270
v 0.00301303 0.01540338 0.05220487
v 0.00255449 0.01613127 0.05235831
v 0.00205938 0.01528524 0.05249270
v 0.00251876 0.01819835 0.05236956
v 0.00305894 0.01693633 0.05219017
v 0.00334457 0.01842601 0.05208123
v 0.00301303 0.01540338 0.05220487
v 0.00334457 0.01842601 0.05208123
v 0.00305894 0.01693633 0.05219017
v 0.00255449 0.01613127 0.05235831
v 0.00305894 0.01693633 0.05219017
v 0.00251876 0.01819835 0.05236956
v 0.00305894 0.01693633 0.05219017
v 0.00255449 0.01613127 0.05235831
v 0.00301303 0.01540338 0.05220487
v -0.00067424 0.00985305 0.05158318
v -0.00093747 0.01064184 0.05189782
v -0.00167700 0.00968094 0.05141645
v 0.00035591 0.01146739 0.05216526
v 0.00070195 0.01041353 0.05175861
v 0.00125498 0.01135516 0.05201546
v 0.00070195 0.01041353 0.05175861
v -0.00093747 0.01064184 0.05189782
v -0.00067424 0.00985305 0.05158318
v -0.00093747 0.01064184 0.05189782
v 0.00070195 0.01041353 0.05175861
v 0.00035591 0.01146739 0.05216526
v 0.00299915 0.01123265 0.05148730
v 0.00208739 0.01125693 0.05179578
v 0.00250341 0.01062519 0.05143989
v 0.00345406 0.01048995 0.05100591
v 0.00299915 0.01123265 0.05148730
v 0.00250341 0.01062519 0.05143989
v 0.00267833 0.00965218 0.05094165
v 0.00360436 0.00971730 0.05056878
v 0.00345406 0.01048995 0.05100591
v 0.00267833 0.00965218 0.05094165
v 0.00345406 0.01048995 0.05100591
v 0.00250341 0.01062519 0.05143989
v 0.00208739 0.01125693 0.05179578
v 0.00158367 0.01220421 0.05219370
v 0.00125498 0.01135516 0.05201546
v 0.00158367 0.01220421 0.05219370
v 0.00083206 0.01234192 0.05235406
v 0.00125498 0.01135516 0.05201546
v 0.00083206 0.01234192 0.05235406
v 0.00158367 0.01220421 0.05219370
v 0.00193741 0.01294896 0.05227956
v 0.00193741 0.01294896 0.05227956
v 0.00261372 0.01251524 0.05199560
v 0.00307836 0.01358926 0.05203955
v 0.00158367 0.01220421 0.05219370
v 0.00261372 0.01251524 0.05199560
v 0.00193741 0.01294896 0.05227956
v 0.00261372 0.01251524 0.05199560
v 0.00158367 0.01220421 0.05219370
v 0.00208739 0.01125693 0.05179578
v 0.00299915 0.01123265 0.05148730
v 0.00344913 0.01217175 0.05159466
v 0.00261372 0.01251524 0.05199560
v 0.00299915 0.01123265 0.05148730
v 0.00261372 0.01251524 0.05199560
v 0.00208739 0.01125693 0.05179578
v 0.00307836 0.01358926 0.05203955
v 0.00261372 0.01251524 0.05199560
v 0.00379345 0.01294941 0.05162603
v 0.00379345 0.01294941 0.05162603
v 0.00261372 0.01251524 0.05199560
v 0.00344913 0.01217175 0.05159466
v -0.00157549 0.01420705 0.05266738
v -0.00137412 0.01500697 0.05274133
v -0.00237661 0.01494397 0.05259102
v -0.00137412 0.01500697 0.05274133
v -0.00157549 0.01420705 0.05266738
v -0.00068202 0.01451948 0.05275886
v 0.00161169 0.01643777 0.05259791
v 0.00125603 0.01470640 0.05263925
v 0.00205938 0.01528524 0.05249270
v 0.00196829 0.01421381 0.05245518
v 0.00205938 0.01528524 0.05249270
v 0.00125603 0.01470640 0.05263925
v 0.00196829 0.01421381 0.05245518
v 0.00125603 0.01470640 0.05263925
v 0.00132393 0.01372697 0.05253511
v 0.00055683 0.01893826 0.05275357
v 0.00076566 0.01614027 0.05273177
v 0.00084380 0.01798598 0.05272219
v 0.00050279 0.01534819 0.05275658
v 0.00076566 0.01614027 0.05273177
v 0.00055683 0.01893826 0.05275357
v 0.00084380 0.01798598 0.05272219
v 0.00076566 0.01614027 0.05273177
v 0.00161169 0.01643777 0.05259791
v 0.00161169 0.01643777 0.05259791
v 0.00076566 0.01614027 0.05273177
v 0.00125603 0.01470640 0.05263925
v 0.00125603 0.01470640 0.05263925
v 0.00076566 0.01614027 0.05273177
v 0.00050279 0.01534819 0.05275658
v 0.00132393 0.01372697 0.05253511
v 0.00056840 0.01314384 0.05254786
v 0.00083206 0.01234192 0.05235406
v -0.00157549 0.01420705 0.05266738
v -0.00026245 0.01328341 0.05261822
v -0.00068202 0.01451948 0.05275886
v -0.00267895 0.01229267 0.05214792
v -0.00343046 0.01378574 0.05221923
v -0.00397132 0.01314534 0.05192667
v -0.00397132 0.01314534 0.05192667
v -0.00378240 0.01219020 0.05178394
v -0.00267895 0.01229267 0.05214792
v -0.00378240 0.01219020 0.05178394
v -0.00397132 0.01314534 0.05192667
v -0.00449364 0.01250357 0.05156704
v -0.00420800 0.00987384 0.05074000
v -0.00523703 0.01015336 0.05030969
v -0.00510044 0.00916500 0.04984602
v -0.00495874 0.01111259 0.05089689
v -0.00523703 0.01015336 0.05030969
v -0.00420800 0.00987384 0.05074000
v -0.00523703 0.01015336 0.05030969
v -0.00583453 0.00964662 0.04961011
v -0.00510044 0.00916500 0.04984602
v -0.00583453 0.00964662 0.04961011
v -0.00523703 0.01015336 0.05030969
v -0.00605123 0.01053239 0.04992039
v -0.00605123 0.01053239 0.04992039
v -0.00523703 0.01015336 0.05030969
v -0.00600300 0.01175450 0.05046812
v -0.00600300 0.01175450 0.05046812
v -0.00523703 0.01015336 0.05030969
v -0.00495874 0.01111259 0.05089689
v -0.00719036 0.01122234 0.04922177
v -0.00671708 0.01044934 0.04930039
v -0.00650665 0.01126881 0.04988559
v -0.00798279 0.01174853 0.04854565
v -0.00719036 0.01122234 0.04922177
v -0.00752138 0.01210824 0.04924347
v -0.00167700 0.00968094 0.05141645
v -0.00164987 0.00866616 0.05088902
v -0.00077703 0.00863700 0.05095930
v 0.00087633 0.00784748 0.05020193
v -0.00123835 0.00799282 0.05044014
v -0.00083163 0.00761146 0.04986192
v -0.00123835 0.00799282 0.05044014
v 0.00087633 0.00784748 0.05020193
v -0.00077703 0.00863700 0.05095930
v -0.00123835 0.00799282 0.05044014
v -0.00305146 0.00775004 0.04966941
v -0.00083163 0.00761146 0.04986192
v -0.00305146 0.00775004 0.04966941
v -0.00123835 0.00799282 0.05044014
v -0.00243906 0.00846594 0.05060965
v -0.00164987 0.00866616 0.05088902
v -0.00123835 0.00799282 0.05044014
v -0.00077703 0.00863700 0.05095930
v -0.00243906 0.00846594 0.05060965
v -0.00123835 0.00799282 0.05044014
v -0.00164987 0.00866616 0.05088902
v -0.00279751 0.01041299 0.05150337
v -0.00264035 0.00948853 0.05112455
v -0.00167700 0.00968094 0.05141645
v -0.00264035 0.00948853 0.05112455
v -0.00164987 0.00866616 0.05088902
v -0.00167700 0.00968094 0.05141645
v -0.00164987 0.00866616 0.05088902
v -0.00264035 0.00948853 0.05112455
v -0.00243906 0.00846594 0.05060965
v -0.00340669 0.00992179 0.05109528
v -0.00264035 0.00948853 0.05112455
v -0.00279751 0.01041299 0.05150337
v -0.00332982 0.00865144 0.05043843
v -0.00264035 0.00948853 0.05112455
v -0.00340669 0.00992179 0.05109528
v -0.00243906 0.00846594 0.05060965
v -0.00264035 0.00948853 0.05112455
v -0.00332982 0.00865144 0.05043843
v -0.00093389 -0.00159756 -0.00473719
v 0.00389307 -0.00153348 -0.00475909
v -0.00498454 -0.00168910 -0.00470529
v 0.00020565 -0.00154519 -0.00475543
v -0.00093389 -0.00159756 -0.00473719
v -0.00498454 -0.00168910 -0.00470529
v -0.00093389 -0.00159756 -0.00473719
v 0.00020565 -0.00154519 -0.00475543
v 0.00389307 -0.00153348 -0.00475909
v 0.00389307 -0.00153348 -0.00475909
v 0.00490246 -0.00119848 -0.00485338
v 0.00528747 -0.00203583 -0.00447421
v 0.00490246 -0.00119848 -0.00485338
v 0.00950982 -0.00039850 -0.00180318
v 0.00528747 -0.00203583 -0.00447421
v 0.00950982 -0.00039850 -0.00180318
v 0.00490246 -0.00119848 -0.00485338
v 0.00483925 -0.00032619 -0.00498863
v 0.00490246 -0.00119848 -0.00485338
v 0.00389307 -0.00153348 -0.00475909
v 0.00206467 -0.00129167 -0.00482974
v 0.00305631 -0.00092929 -0.00491276
v 0.00372583 -0.00050302 -0.00497445
v 0.00490246 -0.00119848 -0.00485338
v 0.00483925 -0.00032619 -0.00498863
v 0.00490246 -0.00119848 -0.00485338
v 0.00372583 -0.00050302 -0.00497445
v 0.00305631 -0.00092929 -0.00491276
v 0.00490246 -0.00119848 -0.00485338
v 0.00122752 -0.00103749 -0.00489026
v 0.00490246 -0.00119848 -0.00485338
v -0.00170944 -0.00114661 -0.00486654
v 0.00122752 -0.00103749 -0.00489026
v -0.00565276 -0.00290108 -0.00407240
v 0.00064003 -0.00287717 -0.00408898
v 0.00242767 -0.00299991 -0.00399892
v 0.00242767 -0.00299991 -0.00399892
v 0.00064003 -0.00287717 -0.00408898
v 0.00151733 -0.00276264 -0.00416665
v -0.00369984 -0.00253941 -0.00430716
v -0.00051196 -0.00276082 -0.00416788
v -0.00565276 -0.00290108 -0.00407240
v -0.00051196 -0.00276082 -0.00416788
v -0.00369984 -0.00253941 -0.00430716
v 0.00151733 -0.00276264 -0.00416665
v 0.00237237 -0.00495268 -0.00068122
v 0.00129471 -0.00487624 -0.00110291
v 0.00445794 -0.00496647 -0.00056980
v 0.00129471 -0.00487624 -0.00110291
v 0.00237237 -0.00495268 -0.00068122
v -0.00134542 -0.00492335 -0.00087054
v -0.00134542 -0.00492335 -0.00087054
v 0.00237237 -0.00495268 -0.00068122
v -0.00457647 -0.00492151 -0.00087995
v 0.00048747 -0.00497272 -0.00051120
v 0.00237237 -0.00495268 -0.00068122
v 0.00445794 -0.00496647 -0.00056980
v -0.00457647 -0.00492151 -0.00087995
v 0.00237237 -0.00495268 -0.00068122
v -0.00255422 -0.00498223 -0.00042184
v 0.00048747 -0.00497272 -0.00051120
v -0.00255422 -0.00498223 -0.00042184
v 0.00237237 -0.00495268 -0.00068122
v -0.00050297 -0.00499528 0.00020849
v 0.00107256 -0.00499451 0.00023299
v -0.00561098 -0.00498592 0.00035994
v 0.00107256 -0.00499451 0.00023299
v 0.00214616 -0.00499721 0.00012856
v 0.00397884 -0.00499017 0.00029714
v 0.00107256 -0.00499451 0.00023299
v -0.00050297 -0.00499528 0.00020849
v 0.00214616 -0.00499721 0.00012856
v -0.00192653 0.01056413 0.05175611
v -0.00279751 0.01041299 0.05150337
v -0.00167700 0.00968094 0.05141645
v -0.00279751 0.01041299 0.05150337
v -0.00192653 0.01056413 0.05175611
v -0.00233132 0.01141935 0.05198051
v -0.00093747 0.01064184 0.05189782
v -0.00192653 0.01056413 0.05175611
v -0.00167700 0.00968094 0.05141645
v -0.00233132 0.01141935 0.05198051
v -0.00192653 0.01056413 0.05175611
v -0.00130733 0.01149234 0.05215824
v -0.00130733 0.01149234 0.05215824
v -0.00192653 0.01056413 0.05175611
v -0.00093747 0.01064184 0.05189782
v 0.00752565 0.01874036 0.04896475
v 0.00825414 0.01854730 0.04791193
v 0.00871013 0.01894996 0.04703295
v 0.00825414 0.01854730 0.04791193
v 0.00801927 0.01539402 0.04828086
v 0.00825018 0.01639256 0.04791864
v 0.00801927 0.01539402 0.04828086
v 0.00847218 0.01480056 0.04749412
v 0.00825018 0.01639256 0.04791864
v 0.00728624 0.00951218 0.04684506
v 0.00687067 0.01011971 0.04801720
v 0.00640803 0.00871104 0.04747240
v 0.00728624 0.00951218 0.04684506
v 0.00751774 0.01063484 0.04741342
v 0.00687067 0.01011971 0.04801720
v 0.00723875 0.01140635 0.04831337
v 0.00687067 0.01011971 0.04801720
v 0.00751774 0.01063484 0.04741342
v 0.00791239 0.01055301 0.04660246
v 0.00778506 0.01145012 0.04750781
v 0.00751774 0.01063484 0.04741342
v 0.00751774 0.01063484 0.04741342
v 0.00778506 0.01145012 0.04750781
v 0.00723875 0.01140635 0.04831337
v 0.00778506 0.01145012 0.04750781
v 0.00754077 0.01244789 0.04837275
v 0.00723875 0.01140635 0.04831337
v 0.00754077 0.01244789 0.04837275
v 0.00778506 0.01145012 0.04750781
v 0.00812375 0.01227643 0.04736970
v 0.00970388 0.01849292 0.04257917
v 0.00957860 0.01843563 0.04428171
v 0.00968840 0.01579769 0.04324343
v 0.00957860 0.01843563 0.04428171
v 0.00970388 0.01849292 0.04257917
v 0.00960165 0.01894996 0.04131534
v 0.00970388 0.01883126 0.03916537
v 0.00960165 0.01894996 0.04131534
v 0.00970388 0.01849292 0.04257917
v 0.00748850 0.01535467 0.04900809
v 0.00752565 0.01874036 0.04896475
v 0.00733603 0.01717902 0.04919717
v 0.00720053 0.01806159 0.04935393
v 0.00733603 0.01717902 0.04919717
v 0.00752565 0.01874036 0.04896475
v 0.00739561 0.01439873 0.04905411
v 0.00668253 0.01426800 0.04982416
v 0.00690537 0.01325087 0.04940481
v 0.00679137 0.01518189 0.04978808
v 0.00668253 0.01426800 0.04982416
v 0.00739561 0.01439873 0.04905411
v 0.00959962 0.01541016 0.04413186
v 0.00967817 0.01490698 0.04316639
v 0.00968840 0.01579769 0.04324343
v 0.00953653 0.01384891 0.04384961
v 0.00967817 0.01490698 0.04316639
v 0.00959962 0.01541016 0.04413186
v 0.00967817 0.01490698 0.04316639
v 0.00953653 0.01384891 0.04384961
v 0.00957168 0.01361562 0.04281328
v 0.00970113 0.01528493 0.04123050
v 0.00967817 0.01490698 0.04316639
v 0.00960388 -0.00159340 0.00020847
v 0.00967817 0.01490698 0.04316639
v 0.00957168 0.01361562 0.04281328
v 0.00960388 -0.00159340 0.00020847
v -0.00713191 0.01301218 0.04991780
v -0.00662731 0.01384897 0.05051930
v -0.00724777 0.01418660 0.05003276
v -0.00575990 0.01375872 0.05112650
v -0.00634575 0.01483514 0.05084004
v -0.00662731 0.01384897 0.05051930
v -0.00724777 0.01418660 0.05003276
v -0.00662731 0.01384897 0.05051930
v -0.00634575 0.01483514 0.05084004
v -0.00676147 0.01214689 0.04999882
v -0.00650665 0.01126881 0.04988559
v -0.00600300 0.01175450 0.05046812
v -0.00752138 0.01210824 0.04924347
v -0.00676147 0.01214689 0.04999882
v -0.00713191 0.01301218 0.04991780
v -0.00719036 0.01122234 0.04922177
v -0.00676147 0.01214689 0.04999882
v -0.00752138 0.01210824 0.04924347
v -0.00676147 0.01214689 0.04999882
v -0.00719036 0.01122234 0.04922177
v -0.00650665 0.01126881 0.04988559
v -0.00887618 0.01894996 0.04814820
v -0.00861152 0.01813502 0.04857305
v -0.00745944 0.01894996 0.04978747
v -0.00941263 0.01893215 0.04724858
v -0.00887618 0.01894996 0.04814820
v -0.01006793 0.01894996 0.04434248
v -0.00861152 0.01813502 0.04857305
v -0.00762749 0.01784084 0.04974931
v -0.00745944 0.01894996 0.04978747
v -0.00690934 0.01807583 0.05041755
v -0.00745944 0.01894996 0.04978747
v -0.00762749 0.01784084 0.04974931
v -0.00762749 0.01784084 0.04974931
v -0.00762958 0.01635788 0.04974719
v -0.00711432 0.01535831 0.05023747
v -0.00690934 0.01807583 0.05041755
v -0.00762749 0.01784084 0.04974931
v -0.00711432 0.01535831 0.05023747
v -0.00833418 0.01526765 0.04893870
v -0.00846723 0.01441747 0.04869968
v -0.00774740 0.01494894 0.04960665
v -0.00784948 0.01377083 0.04935209
v -0.00774740 0.01494894 0.04960665
v -0.00846723 0.01441747 0.04869968
v -0.00846723 0.01441747 0.04869968
v -0.00845967 0.01297906 0.04838501
v -0.00784948 0.01377083 0.04935209
v -0.00936786 0.01377552 0.04709618
v -0.00977664 0.01478589 0.04639035
v -0.00968878 0.01356935 0.04629134
v 0.00021877 0.01717249 0.05277985
v 0.00055683 0.01893826 0.05275357
v -0.00055220 0.01757932 0.05279852
v -0.00095067 0.01850891 0.05278353
v -0.00055220 0.01757932 0.05279852
v 0.00055683 0.01893826 0.05275357
v -0.00745944 0.01894996 0.04978747
v -0.00621707 0.01844313 0.05095232
v -0.00562710 0.01894996 0.05132999
v -0.00690934 0.01807583 0.05041755
v -0.00621707 0.01844313 0.05095232
v -0.00745944 0.01894996 0.04978747
v -0.00686604 0.01652550 0.05045413
v -0.00711432 0.01535831 0.05023747
v -0.00634575 0.01483514 0.05084004
v -0.00711432 0.01535831 0.05023747
v -0.00686604 0.01652550 0.05045413
v -0.00690934 0.01807583 0.05041755
v -0.00334724 0.01465004 0.05232951
v -0.00237661 0.01494397 0.05259102
v -0.00322761 0.01544103 0.05239323
v -0.00575990 0.01375872 0.05112650
v -0.00558914 0.01482025 0.05134156
v -0.00634575 0.01483514 0.05084004
v -0.00334724 0.01465004 0.05232951
v -0.00430523 0.01414787 0.05193860
v -0.00343046 0.01378574 0.05221923
v -0.00430523 0.01414787 0.05193860
v -0.00397132 0.01314534 0.05192667
v -0.00343046 0.01378574 0.05221923
v -0.00903473 0.01217899 0.04709320
v -0.00849745 0.01176132 0.04781522
v -0.00890541 0.01298576 0.04769467
v -0.00890541 0.01298576 0.04769467
v -0.00849745 0.01176132 0.04781522
v -0.00845967 0.01297906 0.04838501
v -0.00845967 0.01297906 0.04838501
v -0.00849745 0.01176132 0.04781522
v -0.00798279 0.01174853 0.04854565
v -0.00798279 0.01174853 0.04854565
v -0.00849745 0.01176132 0.04781522
v -0.00807323 0.01099630 0.04802436
v -0.00849745 0.01176132 0.04781522
v -0.00875400 0.01116013 0.04699421
v -0.00807323 0.01099630 0.04802436
v -0.00849745 0.01176132 0.04781522
v -0.00903473 0.01217899 0.04709320
v -0.00875400 0.01116013 0.04699421
v -0.00936786 0.01377552 0.04709618
v -0.00934626 0.01292400 0.04682590
v -0.00890541 0.01298576 0.04769467
v -0.00890541 0.01298576 0.04769467
v -0.00934626 0.01292400 0.04682590
v -0.00903473 0.01217899 0.04709320
v -0.00934626 0.01292400 0.04682590
v -0.00936786 0.01377552 0.04709618
v -0.00968878 0.01356935 0.04629134
v -0.00965973 0.01280378 0.04599423
v -0.00934626 0.01292400 0.04682590
v -0.00968878 0.01356935 0.04629134
v -0.00903473 0.01217899 0.04709320
v -0.00934626 0.01292400 0.04682590
v -0.00965973 0.01280378 0.04599423
v 0.00457793 0.01590968 0.05148876
v 0.00384661 0.01517030 0.05185973
v 0.00473863 0.01513477 0.05139131
v 0.00362985 0.01640031 0.05196240
v 0.00384661 0.01517030 0.05185973
v 0.00403076 0.01785368 0.05177668
v 0.00403076 0.01785368 0.05177668
v 0.00384661 0.01517030 0.05185973
v 0.00457793 0.01590968 0.05148876
v 0.00301303 0.01540338 0.05220487
v 0.00384661 0.01517030 0.05185973
v 0.00362985 0.01640031 0.05196240
v 0.00384661 0.01517030 0.05185973
v 0.00301303 0.01540338 0.05220487
v 0.00302359 0.01450586 0.05216378
v 0.00372029 0.01427979 0.05186116
v 0.00384661 0.01517030 0.05185973
v 0.00302359 0.01450586 0.05216378
v 0.00541117 0.01462185 0.05092634
v 0.00531621 0.01355452 0.05085852
v 0.00606212 0.01393428 0.05034575
v 0.00473863 0.01513477 0.05139131
v 0.00541117 0.01462185 0.05092634
v 0.00531882 0.01561201 0.05102642
v 0.00531882 0.01561201 0.05102642
v 0.00557166 0.01730323 0.05084709
v 0.00560663 0.01871889 0.05082103
v 0.00448239 0.01271356 0.05121541
v 0.00447778 0.01430552 0.05148496
v 0.00379345 0.01294941 0.05162603
v 0.00447778 0.01430552 0.05148496
v 0.00372029 0.01427979 0.05186116
v 0.00379345 0.01294941 0.05162603
v 0.00531621 0.01355452 0.05085852
v 0.00447778 0.01430552 0.05148496
v 0.00448239 0.01271356 0.05121541
v 0.00473863 0.01513477 0.05139131
v 0.00447778 0.01430552 0.05148496
v 0.00541117 0.01462185 0.05092634
v 0.00541117 0.01462185 0.05092634
v 0.00447778 0.01430552 0.05148496
v 0.00531621 0.01355452 0.05085852
v 0.00384661 0.01517030 0.05185973
v 0.00447778 0.01430552 0.05148496
v 0.00473863 0.01513477 0.05139131
v 0.00447778 0.01430552 0.05148496
v 0.00384661 0.01517030 0.05185973
v 0.00372029 0.01427979 0.05186116
v 0.00460730 0.01703993 0.05147200
v 0.00457793 0.01590968 0.05148876
v 0.00464987 0.01862655 0.05144771
v 0.00403076 0.01785368 0.05177668
v 0.00460730 0.01703993 0.05147200
v 0.00464987 0.01862655 0.05144771
v 0.00460730 0.01703993 0.05147200
v 0.00403076 0.01785368 0.05177668
v 0.00457793 0.01590968 0.05148876
v 0.00267833 0.00965218 0.05094165
v 0.00250341 0.01062519 0.05143989
v 0.00187710 0.00979167 0.05126443
v 0.00208739 0.01125693 0.05179578
v 0.00187710 0.00979167 0.05126443
v 0.00250341 0.01062519 0.05143989
v 0.00125498 0.01135516 0.05201546
v 0.00187710 0.00979167 0.05126443
v 0.00208739 0.01125693 0.05179578
v 0.00070195 0.01041353 0.05175861
v 0.00187710 0.00979167 0.05126443
v 0.00125498 0.01135516 0.05201546
v 0.00019245 0.00926995 0.05128926
v -0.00067424 0.00985305 0.05158318
v -0.00077703 0.00863700 0.05095930
v -0.00067424 0.00985305 0.05158318
v 0.00019245 0.00926995 0.05128926
v 0.00070195 0.01041353 0.05175861
v 0.00448239 0.01271356 0.05121541
v 0.00503955 0.01194872 0.05065302
v 0.00531621 0.01355452 0.05085852
v -0.00168708 0.01886994 0.05271593
v -0.00161145 0.01606843 0.05272520
v -0.00095067 0.01850891 0.05278353
v -0.00226641 0.01743120 0.05262394
v -0.00161145 0.01606843 0.05272520
v -0.00168708 0.01886994 0.05271593
v -0.00161145 0.01606843 0.05272520
v -0.00226641 0.01743120 0.05262394
v -0.00237661 0.01494397 0.05259102
v -0.00137412 0.01500697 0.05274133
v -0.00161145 0.01606843 0.05272520
v -0.00237661 0.01494397 0.05259102
v 0.00125603 0.01470640 0.05263925
v 0.00032649 0.01410849 0.05270252
v 0.00132393 0.01372697 0.05253511
v 0.00056840 0.01314384 0.05254786
v 0.00132393 0.01372697 0.05253511
v 0.00032649 0.01410849 0.05270252
v 0.00050279 0.01534819 0.05275658
v 0.00032649 0.01410849 0.05270252
v 0.00125603 0.01470640 0.05263925
v 0.00032649 0.01410849 0.05270252
v -0.00026245 0.01328341 0.05261822
v 0.00056840 0.01314384 0.05254786
v 0.00032649 0.01410849 0.05270252
v 0.00050279 0.01534819 0.05275658
v -0.00068202 0.01451948 0.05275886
v -0.00026245 0.01328341 0.05261822
v 0.00032649 0.01410849 0.05270252
v -0.00068202 0.01451948 0.05275886
v -0.00157549 0.01420705 0.05266738
v -0.00156334 0.01303936 0.05250796
v -0.00026245 0.01328341 0.05261822
v -0.00026245 0.01328341 0.05261822
v -0.00156334 0.01303936 0.05250796
v -0.00109156 0.01224147 0.05238248
v -0.00228074 0.01352830 0.05247604
v -0.00156334 0.01303936 0.05250796
v -0.00157549 0.01420705 0.05266738
v -0.00267895 0.01229267 0.05214792
v -0.00156334 0.01303936 0.05250796
v -0.00228074 0.01352830 0.05247604
v -0.00109156 0.01224147 0.05238248
v -0.00156334 0.01303936 0.05250796
v -0.00267895 0.01229267 0.05214792
v -0.00023530 0.01223443 0.05240473
v -0.00026245 0.01328341 0.05261822
v -0.00109156 0.01224147 0.05238248
v -0.00023530 0.01223443 0.05240473
v -0.00109156 0.01224147 0.05238248
v -0.00130733 0.01149234 0.05215824
v 0.00083206 0.01234192 0.05235406
v -0.00023530 0.01223443 0.05240473
v 0.00035591 0.01146739 0.05216526
v -0.00093747 0.01064184 0.05189782
v -0.00023530 0.01223443 0.05240473
v -0.00130733 0.01149234 0.05215824
v -0.00093747 0.01064184 0.05189782
v 0.00035591 0.01146739 0.05216526
v -0.00023530 0.01223443 0.05240473
v 0.00056840 0.01314384 0.05254786
v -0.00023530 0.01223443 0.05240473
v 0.00083206 0.01234192 0.05235406
v -0.00026245 0.01328341 0.05261822
v -0.00023530 0.01223443 0.05240473
v 0.00056840 0.01314384 0.05254786
v -0.00807323 0.01099630 0.04802436
v -0.00738794 0.01055993 0.04865260
v -0.00798279 0.01174853 0.04854565
v -0.00798279 0.01174853 0.04854565
v -0.00738794 0.01055993 0.04865260
v -0.00719036 0.01122234 0.04922177
v -0.00738794 0.01055993 0.04865260
v -0.00807323 0.01099630 0.04802436
v -0.00716526 0.00967405 0.04833387
v -0.00671708 0.01044934 0.04930039
v -0.00738794 0.01055993 0.04865260
v -0.00716526 0.00967405 0.04833387
v -0.00719036 0.01122234 0.04922177
v -0.00738794 0.01055993 0.04865260
v -0.00671708 0.01044934 0.04930039
v -0.00565276 -0.00290108 -0.00407240
v -0.00292753 -0.00287408 -0.00409108
v 0.00064003 -0.00287717 -0.00408898
v -0.00051196 -0.00276082 -0.00416788
v -0.00292753 -0.00287408 -0.00409108
v -0.00565276 -0.00290108 -0.00407240
v 0.00748850 0.01535467 0.04900809
v 0.00772879 0.01628330 0.04869841
v 0.00752565 0.01874036 0.04896475
v 0.00801927 0.01539402 0.04828086
v 0.00772879 0.01628330 0.04869841
v 0.00748850 0.01535467 0.04900809
v 0.00739561 0.01439873 0.04905411
v 0.00794429 0.01440353 0.04831536
v 0.00748850 0.01535467 0.04900809
v 0.00748850 0.01535467 0.04900809
v 0.00794429 0.01440353 0.04831536
v 0.00801927 0.01539402 0.04828086
v 0.00801927 0.01539402 0.04828086
v 0.00794429 0.01440353 0.04831536
v 0.00847218 0.01480056 0.04749412
v 0.00870880 0.01665617 0.04706892
v 0.00825414 0.01854730 0.04791193
v 0.00825018 0.01639256 0.04791864
v 0.00847218 0.01480056 0.04749412
v 0.00870880 0.01665617 0.04706892
v 0.00825018 0.01639256 0.04791864
v 0.00852208 0.01325484 0.04703056
v 0.00812375 0.01227643 0.04736970
v 0.00850451 0.01225985 0.04658503
v 0.00667764 0.01140937 0.04900754
v 0.00637343 0.01201796 0.04958079
v 0.00594527 0.01111131 0.04961270
v 0.00504516 0.00843882 0.04877119
v 0.00505208 0.00907499 0.04923682
v 0.00426565 0.00892999 0.04972493
v 0.00505208 0.00907499 0.04923682
v 0.00504516 0.00843882 0.04877119
v 0.00571079 0.00856160 0.04820844
v 0.00504357 0.01046803 0.05005276
v 0.00505208 0.00907499 0.04923682
v 0.00561872 0.01008967 0.04938357
v 0.00561872 0.01008967 0.04938357
v 0.00594527 0.01111131 0.04961270
v 0.00504357 0.01046803 0.05005276
v 0.00640803 0.00871104 0.04747240
v 0.00633323 0.00950232 0.04825231
v 0.00571079 0.00856160 0.04820844
v 0.00687067 0.01011971 0.04801720
v 0.00633323 0.00950232 0.04825231
v 0.00640803 0.00871104 0.04747240
v 0.00633323 0.00950232 0.04825231
v 0.00505208 0.00907499 0.04923682
v 0.00571079 0.00856160 0.04820844
v 0.00505208 0.00907499 0.04923682
v 0.00633323 0.00950232 0.04825231
v 0.00561872 0.01008967 0.04938357
v 0.00812375 0.01227643 0.04736970
v 0.00822845 0.01151055 0.04670209
v 0.00850451 0.01225985 0.04658503
v 0.00778506 0.01145012 0.04750781
v 0.00822845 0.01151055 0.04670209
v 0.00812375 0.01227643 0.04736970
v 0.00822845 0.01151055 0.04670209
v 0.00778506 0.01145012 0.04750781
v 0.00791239 0.01055301 0.04660246
v 0.00850451 0.01225985 0.04658503
v 0.00822845 0.01151055 0.04670209
v 0.00850820 0.01135508 0.04589650
v 0.00822845 0.01151055 0.04670209
v 0.00791239 0.01055301 0.04660246
v 0.00850820 0.01135508 0.04589650
v 0.00968840 0.01579769 0.04324343
v 0.00970046 0.01650473 0.04292410
v 0.00970388 0.01849292 0.04257917
v 0.00679137 0.01518189 0.04978808
v 0.00710193 0.01592022 0.04946608
v 0.00720053 0.01806159 0.04935393
v 0.00720053 0.01806159 0.04935393
v 0.00710193 0.01592022 0.04946608
v 0.00733603 0.01717902 0.04919717
v 0.00710193 0.01592022 0.04946608
v 0.00679137 0.01518189 0.04978808
v 0.00748850 0.01535467 0.04900809
v 0.00733603 0.01717902 0.04919717
v 0.00710193 0.01592022 0.04946608
v 0.00748850 0.01535467 0.04900809
v -0.00579233 0.01291612 0.05094418
v -0.00575990 0.01375872 0.05112650
v -0.00651715 0.01301376 0.05044555
v -0.00662731 0.01384897 0.05051930
v -0.00651715 0.01301376 0.05044555
v -0.00575990 0.01375872 0.05112650
v -0.00579233 0.01291612 0.05094418
v -0.00651715 0.01301376 0.05044555
v -0.00600300 0.01175450 0.05046812
v -0.00651715 0.01301376 0.05044555
v -0.00676147 0.01214689 0.04999882
v -0.00600300 0.01175450 0.05046812
v -0.00713191 0.01301218 0.04991780
v -0.00651715 0.01301376 0.05044555
v -0.00662731 0.01384897 0.05051930
v -0.00676147 0.01214689 0.04999882
v -0.00651715 0.01301376 0.05044555
v -0.00713191 0.01301218 0.04991780
v -0.00833418 0.01526765 0.04893870
v -0.00828869 0.01718265 0.04900131
v -0.00861152 0.01813502 0.04857305
v -0.00762749 0.01784084 0.04974931
v -0.00861152 0.01813502 0.04857305
v -0.00828869 0.01718265 0.04900131
v -0.00896121 0.01390281 0.04787133
v -0.00936786 0.01377552 0.04709618
v -0.00890541 0.01298576 0.04769467
v -0.00845967 0.01297906 0.04838501
v -0.00896121 0.01390281 0.04787133
v -0.00890541 0.01298576 0.04769467
v -0.00845967 0.01297906 0.04838501
v -0.00846723 0.01441747 0.04869968
v -0.00896121 0.01390281 0.04787133
v -0.00791448 0.01294288 0.04907811
v -0.00798279 0.01174853 0.04854565
v -0.00752138 0.01210824 0.04924347
v -0.00791448 0.01294288 0.04907811
v -0.00845967 0.01297906 0.04838501
v -0.00798279 0.01174853 0.04854565
v -0.00845967 0.01297906 0.04838501
v -0.00791448 0.01294288 0.04907811
v -0.00784948 0.01377083 0.04935209
v -0.00713191 0.01301218 0.04991780
v -0.00791448 0.01294288 0.04907811
v -0.00752138 0.01210824 0.04924347
v -0.00784948 0.01377083 0.04935209
v -0.00791448 0.01294288 0.04907811
v -0.00713191 0.01301218 0.04991780
v -0.00994221 0.01876934 0.04599733
v -0.00975316 0.01640733 0.04649898
v -0.00941263 0.01893215 0.04724858
v -0.01024499 0.01423611 0.04464794
v -0.01024520 0.01512469 0.04490880
v -0.01039891 0.01552783 0.04408913
v -0.00161145 0.01606843 0.05272520
v -0.00096745 0.01659929 0.05278251
v -0.00095067 0.01850891 0.05278353
v -0.00096745 0.01659929 0.05278251
v -0.00161145 0.01606843 0.05272520
v -0.00137412 0.01500697 0.05274133
v -0.00631057 0.01687433 0.05088684
v -0.00686604 0.01652550 0.05045413
v -0.00634575 0.01483514 0.05084004
v -0.00690934 0.01807583 0.05041755
v -0.00631057 0.01687433 0.05088684
v -0.00621707 0.01844313 0.05095232
v -0.00686604 0.01652550 0.05045413
v -0.00631057 0.01687433 0.05088684
v -0.00690934 0.01807583 0.05041755
v -0.00387722 0.01887357 0.05218072
v -0.00306211 0.01645375 0.05244062
v -0.00266595 0.01856219 0.05254110
v -0.00322761 0.01544103 0.05239323
v -0.00306211 0.01645375 0.05244062
v -0.00387722 0.01887357 0.05218072
v -0.00266595 0.01856219 0.05254110
v -0.00306211 0.01645375 0.05244062
v -0.00237661 0.01494397 0.05259102
v -0.00306211 0.01645375 0.05244062
v -0.00322761 0.01544103 0.05239323
v -0.00237661 0.01494397 0.05259102
v -0.00387722 0.01887357 0.05218072
v -0.00398580 0.01705264 0.05213910
v -0.00322761 0.01544103 0.05239323
v -0.00430523 0.01414787 0.05193860
v -0.00485107 0.01486956 0.05174594
v -0.00497725 0.01384087 0.05158692
v -0.00497725 0.01384087 0.05158692
v -0.00558914 0.01482025 0.05134156
v -0.00575990 0.01375872 0.05112650
v -0.00558914 0.01482025 0.05134156
v -0.00497725 0.01384087 0.05158692
v -0.00485107 0.01486956 0.05174594
v -0.00497725 0.01384087 0.05158692
v -0.00579233 0.01291612 0.05094418
v -0.00449364 0.01250357 0.05156704
v -0.00579233 0.01291612 0.05094418
v -0.00497725 0.01384087 0.05158692
v -0.00575990 0.01375872 0.05112650
v -0.00397132 0.01314534 0.05192667
v -0.00497725 0.01384087 0.05158692
v -0.00449364 0.01250357 0.05156704
v -0.00430523 0.01414787 0.05193860
v -0.00497725 0.01384087 0.05158692
v -0.00397132 0.01314534 0.05192667
v -0.00551003 0.01695385 0.05140895
v -0.00558914 0.01482025 0.05134156
v -0.00485107 0.01486956 0.05174594
v 0.00531882 0.01561201 0.05102642
v 0.00572198 0.01638325 0.05073505
v 0.00557166 0.01730323 0.05084709
v 0.00560663 0.01871889 0.05082103
v 0.00572198 0.01638325 0.05073505
v 0.00617820 0.01795255 0.05036593
v 0.00557166 0.01730323 0.05084709
v 0.00572198 0.01638325 0.05073505
v 0.00560663 0.01871889 0.05082103
v 0.00267833 0.00965218 0.05094165
v 0.00184007 0.00897184 0.05085266
v 0.00261774 0.00881150 0.05050455
v 0.00187710 0.00979167 0.05126443
v 0.00184007 0.00897184 0.05085266
v 0.00267833 0.00965218 0.05094165
v 0.00070195 0.01041353 0.05175861
v 0.00104323 0.00973660 0.05141776
v 0.00187710 0.00979167 0.05126443
v 0.00019245 0.00926995 0.05128926
v 0.00104323 0.00973660 0.05141776
v 0.00070195 0.01041353 0.05175861
v 0.00184007 0.00897184 0.05085266
v 0.00187710 0.00979167 0.05126443
v 0.00104323 0.00973660 0.05141776
v 0.00503955 0.01194872 0.05065302
v 0.00574391 0.01241248 0.05027158
v 0.00531621 0.01355452 0.05085852
v 0.00344913 0.01217175 0.05159466
v 0.00422357 0.01172167 0.05108243
v 0.00448239 0.01271356 0.05121541
v 0.00448239 0.01271356 0.05121541
v 0.00422357 0.01172167 0.05108243
v 0.00503955 0.01194872 0.05065302
v 0.00299915 0.01123265 0.05148730
v 0.00422357 0.01172167 0.05108243
v 0.00344913 0.01217175 0.05159466
v 0.00345406 0.01048995 0.05100591
v 0.00422357 0.01172167 0.05108243
v 0.00299915 0.01123265 0.05148730
v 0.00752565 0.01874036 0.04896475
v 0.00793108 0.01789444 0.04841365
v 0.00825414 0.01854730 0.04791193
v 0.00772879 0.01628330 0.04869841
v 0.00793108 0.01789444 0.04841365
v 0.00752565 0.01874036 0.04896475
v 0.00801927 0.01539402 0.04828086
v 0.00825414 0.01854730 0.04791193
v 0.00793108 0.01789444 0.04841365
v 0.00793108 0.01789444 0.04841365
v 0.00772879 0.01628330 0.04869841
v 0.00801927 0.01539402 0.04828086
v 0.00739561 0.01439873 0.04905411
v 0.00789756 0.01345728 0.04819036
v 0.00794429 0.01440353 0.04831536
v 0.00789756 0.01345728 0.04819036
v 0.00739561 0.01439873 0.04905411
v 0.00690537 0.01325087 0.04940481
v 0.00754077 0.01244789 0.04837275
v 0.00789756 0.01345728 0.04819036
v 0.00690537 0.01325087 0.04940481
v 0.00789756 0.01345728 0.04819036
v 0.00754077 0.01244789 0.04837275
v 0.00812375 0.01227643 0.04736970
v 0.00852208 0.01325484 0.04703056
v 0.00789756 0.01345728 0.04819036
v 0.00812375 0.01227643 0.04736970
v 0.00825414 0.01854730 0.04791193
v 0.00872392 0.01817572 0.04703699
v 0.00871013 0.01894996 0.04703295
v 0.00870880 0.01665617 0.04706892
v 0.00872392 0.01817572 0.04703699
v 0.00825414 0.01854730 0.04791193
v 0.00754077 0.01244789 0.04837275
v 0.00703698 0.01240701 0.04900567
v 0.00723875 0.01140635 0.04831337
v 0.00703698 0.01240701 0.04900567
v 0.00667764 0.01140937 0.04900754
v 0.00723875 0.01140635 0.04831337
v 0.00690537 0.01325087 0.04940481
v 0.00703698 0.01240701 0.04900567
v 0.00754077 0.01244789 0.04837275
v 0.00637343 0.01201796 0.04958079
v 0.00703698 0.01240701 0.04900567
v 0.00690537 0.01325087 0.04940481
v 0.00667764 0.01140937 0.04900754
v 0.00703698 0.01240701 0.04900567
v 0.00637343 0.01201796 0.04958079
v 0.00426565 0.00892999 0.04972493
v 0.00441457 0.00982403 0.05015776
v 0.00360436 0.00971730 0.05056878
v 0.00505208 0.00907499 0.04923682
v 0.00441457 0.00982403 0.05015776
v 0.00426565 0.00892999 0.04972493
v 0.00504357 0.01046803 0.05005276
v 0.00441457 0.00982403 0.05015776
v 0.00505208 0.00907499 0.04923682
v 0.00665184 0.01067523 0.04865614
v 0.00633323 0.00950232 0.04825231
v 0.00687067 0.01011971 0.04801720
v 0.00687067 0.01011971 0.04801720
v 0.00723875 0.01140635 0.04831337
v 0.00665184 0.01067523 0.04865614
v 0.00667764 0.01140937 0.04900754
v 0.00665184 0.01067523 0.04865614
v 0.00723875 0.01140635 0.04831337
v 0.00633323 0.00950232 0.04825231
v 0.00665184 0.01067523 0.04865614
v 0.00561872 0.01008967 0.04938357
v 0.00561872 0.01008967 0.04938357
v 0.00665184 0.01067523 0.04865614
v 0.00594527 0.01111131 0.04961270
v 0.00594527 0.01111131 0.04961270
v 0.00665184 0.01067523 0.04865614
v 0.00667764 0.01140937 0.04900754
v 0.00967817 0.01490698 0.04316639
v 0.00970388 0.01609913 0.04211630
v 0.00968840 0.01579769 0.04324343
v 0.00970388 0.01609913 0.04211630
v 0.00970046 0.01650473 0.04292410
v 0.00968840 0.01579769 0.04324343
v 0.00970388 0.01609913 0.04211630
v 0.00967817 0.01490698 0.04316639
v 0.00970113 0.01528493 0.04123050
v 0.00970388 0.01609913 0.04211630
v 0.00970113 0.01528493 0.04123050
v 0.00970388 0.01550527 0.04032996
v 0.00970046 0.01650473 0.04292410
v 0.00970388 0.01609913 0.04211630
v 0.00970388 0.01849292 0.04257917
v -0.00762749 0.01784084 0.04974931
v -0.00820865 0.01619093 0.04909903
v -0.00762958 0.01635788 0.04974719
v -0.00828869 0.01718265 0.04900131
v -0.00820865 0.01619093 0.04909903
v -0.00762749 0.01784084 0.04974931
v -0.00762958 0.01635788 0.04974719
v -0.00820865 0.01619093 0.04909903
v -0.00774740 0.01494894 0.04960665
v -0.00820865 0.01619093 0.04909903
v -0.00833418 0.01526765 0.04893870
v -0.00774740 0.01494894 0.04960665
v -0.00833418 0.01526765 0.04893870
v -0.00820865 0.01619093 0.04909903
v -0.00828869 0.01718265 0.04900131
v -0.00934294 0.01490591 0.04735458
v -0.00977664 0.01478589 0.04639035
v -0.00936786 0.01377552 0.04709618
v -0.00896121 0.01390281 0.04787133
v -0.00934294 0.01490591 0.04735458
v -0.00936786 0.01377552 0.04709618
v -0.01008959 0.01590232 0.04553275
v -0.00975316 0.01640733 0.04649898
v -0.00994221 0.01876934 0.04599733
v -0.00975316 0.01640733 0.04649898
v -0.01008959 0.01590232 0.04553275
v -0.00977664 0.01478589 0.04639035
v -0.01039891 0.01552783 0.04408913
v -0.01028864 0.01628837 0.04473105
v -0.01033014 0.01802515 0.04452196
v -0.01024520 0.01512469 0.04490880
v -0.01028864 0.01628837 0.04473105
v -0.01039891 0.01552783 0.04408913
v -0.01033014 0.01802515 0.04452196
v -0.01028864 0.01628837 0.04473105
v -0.01006946 0.01796084 0.04560028
v -0.01028864 0.01628837 0.04473105
v -0.01008959 0.01590232 0.04553275
v -0.01006946 0.01796084 0.04560028
v -0.01008959 0.01590232 0.04553275
v -0.01028864 0.01628837 0.04473105
v -0.01024520 0.01512469 0.04490880
v -0.00095067 0.01850891 0.05278353
v -0.00073652 0.01564490 0.05279290
v -0.00055220 0.01757932 0.05279852
v -0.00096745 0.01659929 0.05278251
v -0.00073652 0.01564490 0.05279290
v -0.00095067 0.01850891 0.05278353
v 0.00050279 0.01534819 0.05275658
v -0.00073652 0.01564490 0.05279290
v -0.00068202 0.01451948 0.05275886
v -0.00073652 0.01564490 0.05279290
v -0.00137412 0.01500697 0.05274133
v -0.00068202 0.01451948 0.05275886
v -0.00073652 0.01564490 0.05279290
v -0.00096745 0.01659929 0.05278251
v -0.00137412 0.01500697 0.05274133
v 0.00021877 0.01717249 0.05277985
v -0.00073652 0.01564490 0.05279290
v 0.00050279 0.01534819 0.05275658
v -0.00055220 0.01757932 0.05279852
v -0.00073652 0.01564490 0.05279290
v 0.00021877 0.01717249 0.05277985
v -0.00398580 0.01705264 0.05213910
v -0.00387722 0.01887357 0.05218072
v -0.00418432 0.01796070 0.05206195
v -0.00475299 0.01711166 0.05181115
v -0.00464109 0.01585254 0.05186334
v -0.00418432 0.01796070 0.05206195
v -0.00418432 0.01796070 0.05206195
v -0.00464109 0.01585254 0.05186334
v -0.00398580 0.01705264 0.05213910
v -0.00464109 0.01585254 0.05186334
v -0.00430523 0.01414787 0.05193860
v -0.00334724 0.01465004 0.05232951
v -0.00430523 0.01414787 0.05193860
v -0.00464109 0.01585254 0.05186334
v -0.00485107 0.01486956 0.05174594
v -0.00322761 0.01544103 0.05239323
v -0.00464109 0.01585254 0.05186334
v -0.00334724 0.01465004 0.05232951
v -0.00398580 0.01705264 0.05213910
v -0.00464109 0.01585254 0.05186334
v -0.00322761 0.01544103 0.05239323
v -0.00551003 0.01695385 0.05140895
v -0.00584639 0.01617839 0.05120211
v -0.00558914 0.01482025 0.05134156
v -0.00558914 0.01482025 0.05134156
v -0.00584639 0.01617839 0.05120211
v -0.00634575 0.01483514 0.05084004
v -0.00584639 0.01617839 0.05120211
v -0.00631057 0.01687433 0.05088684
v -0.00634575 0.01483514 0.05084004
v -0.00631057 0.01687433 0.05088684
v -0.00584639 0.01617839 0.05120211
v -0.00621707 0.01844313 0.05095232
v -0.00621707 0.01844313 0.05095232
v -0.00584639 0.01617839 0.05120211
v -0.00562710 0.01894996 0.05132999
v -0.00551003 0.01695385 0.05140895
v -0.00562710 0.01894996 0.05132999
v -0.00584639 0.01617839 0.05120211
v 0.00679137 0.01518189 0.04978808
v 0.00720053 0.01806159 0.04935393
v 0.00649680 0.01616181 0.05008130
v 0.00541117 0.01462185 0.05092634
v 0.00621472 0.01486580 0.05031502
v 0.00531882 0.01561201 0.05102642
v 0.00621472 0.01486580 0.05031502
v 0.00572198 0.01638325 0.05073505
v 0.00531882 0.01561201 0.05102642
v 0.00649680 0.01616181 0.05008130
v 0.00621472 0.01486580 0.05031502
v 0.00679137 0.01518189 0.04978808
v 0.00572198 0.01638325 0.05073505
v 0.00621472 0.01486580 0.05031502
v 0.00617820 0.01795255 0.05036593
v 0.00621472 0.01486580 0.05031502
v 0.00541117 0.01462185 0.05092634
v 0.00606212 0.01393428 0.05034575
v 0.00668253 0.01426800 0.04982416
v 0.00621472 0.01486580 0.05031502
v 0.00606212 0.01393428 0.05034575
v 0.00621472 0.01486580 0.05031502
v 0.00668253 0.01426800 0.04982416
v 0.00679137 0.01518189 0.04978808
v 0.00102843 0.00872117 0.05089366
v 0.00104323 0.00973660 0.05141776
v 0.00019245 0.00926995 0.05128926
v 0.00104323 0.00973660 0.05141776
v 0.00102843 0.00872117 0.05089366
v 0.00184007 0.00897184 0.05085266
v 0.00087633 0.00784748 0.05020193
v 0.00102843 0.00872117 0.05089366
v -0.00077703 0.00863700 0.05095930
v 0.00102843 0.00872117 0.05089366
v 0.00019245 0.00926995 0.05128926
v -0.00077703 0.00863700 0.05095930
v 0.00196945 0.00785837 0.04994586
v 0.00102843 0.00872117 0.05089366
v 0.00087633 0.00784748 0.05020193
v 0.00102843 0.00872117 0.05089366
v 0.00196945 0.00785837 0.04994586
v 0.00261774 0.00881150 0.05050455
v 0.00184007 0.00897184 0.05085266
v 0.00102843 0.00872117 0.05089366
v 0.00261774 0.00881150 0.05050455
v 0.00503955 0.01194872 0.05065302
v 0.00542059 0.01141752 0.05018554
v 0.00574391 0.01241248 0.05027158
v 0.00542059 0.01141752 0.05018554
v 0.00504357 0.01046803 0.05005276
v 0.00594527 0.01111131 0.04961270
v 0.00504357 0.01046803 0.05005276
v 0.00542059 0.01141752 0.05018554
v 0.00503955 0.01194872 0.05065302
v 0.00637343 0.01201796 0.04958079
v 0.00542059 0.01141752 0.05018554
v 0.00594527 0.01111131 0.04961270
v 0.00574391 0.01241248 0.05027158
v 0.00542059 0.01141752 0.05018554
v 0.00637343 0.01201796 0.04958079
v 0.00531621 0.01355452 0.05085852
v 0.00615712 0.01305627 0.05009440
v 0.00606212 0.01393428 0.05034575
v 0.00574391 0.01241248 0.05027158
v 0.00615712 0.01305627 0.05009440
v 0.00531621 0.01355452 0.05085852
v 0.00668253 0.01426800 0.04982416
v 0.00615712 0.01305627 0.05009440
v 0.00690537 0.01325087 0.04940481
v 0.00606212 0.01393428 0.05034575
v 0.00615712 0.01305627 0.05009440
v 0.00668253 0.01426800 0.04982416
v 0.00615712 0.01305627 0.05009440
v 0.00637343 0.01201796 0.04958079
v 0.00690537 0.01325087 0.04940481
v 0.00615712 0.01305627 0.05009440
v 0.00574391 0.01241248 0.05027158
v 0.00637343 0.01201796 0.04958079
v 0.00833835 0.01391362 0.04758191
v 0.00789756 0.01345728 0.04819036
v 0.00852208 0.01325484 0.04703056
v 0.00794429 0.01440353 0.04831536
v 0.00833835 0.01391362 0.04758191
v 0.00847218 0.01480056 0.04749412
v 0.00789756 0.01345728 0.04819036
v 0.00833835 0.01391362 0.04758191
v 0.00794429 0.01440353 0.04831536
v 0.00883201 0.01526619 0.04679503
v 0.00870880 0.01665617 0.04706892
v 0.00847218 0.01480056 0.04749412
v 0.00870880 0.01665617 0.04706892
v 0.00883201 0.01526619 0.04679503
v 0.00872392 0.01817572 0.04703699
v 0.00954305 0.01693761 0.04449160
v 0.00940655 0.01540428 0.04512652
v 0.00959962 0.01541016 0.04413186
v 0.00937370 0.01366343 0.04471388
v 0.00923746 0.01284553 0.04470437
v 0.00941106 0.01301862 0.04384455
v 0.00953653 0.01384891 0.04384961
v 0.00937370 0.01366343 0.04471388
v 0.00941106 0.01301862 0.04384455
v 0.00441457 0.00982403 0.05015776
v 0.00504357 0.01046803 0.05005276
v 0.00416585 0.01046514 0.05062597
v 0.00503955 0.01194872 0.05065302
v 0.00416585 0.01046514 0.05062597
v 0.00504357 0.01046803 0.05005276
v 0.00422357 0.01172167 0.05108243
v 0.00416585 0.01046514 0.05062597
v 0.00503955 0.01194872 0.05065302
v 0.00416585 0.01046514 0.05062597
v 0.00422357 0.01172167 0.05108243
v 0.00345406 0.01048995 0.05100591
v 0.00416585 0.01046514 0.05062597
v 0.00345406 0.01048995 0.05100591
v 0.00360436 0.00971730 0.05056878
v 0.00441457 0.00982403 0.05015776
v 0.00416585 0.01046514 0.05062597
v 0.00360436 0.00971730 0.05056878
v -0.00975316 0.01640733 0.04649898
v -0.00952904 0.01701206 0.04700977
v -0.00941263 0.01893215 0.04724858
v -0.00960109 0.01561793 0.04685551
v -0.00975316 0.01640733 0.04649898
v -0.00977664 0.01478589 0.04639035
v -0.00934294 0.01490591 0.04735458
v -0.00960109 0.01561793 0.04685551
v -0.00977664 0.01478589 0.04639035
v -0.00960109 0.01561793 0.04685551
v -0.00952904 0.01701206 0.04700977
v -0.00975316 0.01640733 0.04649898
v -0.00887618 0.01894996 0.04814820
v -0.00900243 0.01706437 0.04798524
v -0.00861152 0.01813502 0.04857305
v -0.01008959 0.01590232 0.04553275
v -0.01007410 0.01448732 0.04545259
v -0.00977664 0.01478589 0.04639035
v -0.01007410 0.01448732 0.04545259
v -0.01008959 0.01590232 0.04553275
v -0.01024520 0.01512469 0.04490880
v -0.00997260 0.01363907 0.04548017
v -0.00968878 0.01356935 0.04629134
v -0.01007410 0.01448732 0.04545259
v -0.00977664 0.01478589 0.04639035
v -0.01007410 0.01448732 0.04545259
v -0.00968878 0.01356935 0.04629134
v -0.01024499 0.01423611 0.04464794
v -0.00997260 0.01363907 0.04548017
v -0.01007410 0.01448732 0.04545259
v -0.01007410 0.01448732 0.04545259
v -0.01024520 0.01512469 0.04490880
v -0.01024499 0.01423611 0.04464794
v -0.01006946 0.01796084 0.04560028
v -0.01006652 0.01699295 0.04561013
v -0.00994221 0.01876934 0.04599733
v -0.00994221 0.01876934 0.04599733
v -0.01006652 0.01699295 0.04561013
v -0.01008959 0.01590232 0.04553275
v -0.01008959 0.01590232 0.04553275
v -0.01006652 0.01699295 0.04561013
v -0.01006946 0.01796084 0.04560028
v -0.00521434 0.01799422 0.05157556
v -0.00464109 0.01585254 0.05186334
v -0.00475299 0.01711166 0.05181115
v -0.00551003 0.01695385 0.05140895
v -0.00521434 0.01799422 0.05157556
v -0.00562710 0.01894996 0.05132999
v -0.00521434 0.01799422 0.05157556
v -0.00551003 0.01695385 0.05140895
v -0.00485107 0.01486956 0.05174594
v -0.00464109 0.01585254 0.05186334
v -0.00521434 0.01799422 0.05157556
v -0.00485107 0.01486956 0.05174594
v -0.00418432 0.01796070 0.05206195
v -0.00521434 0.01799422 0.05157556
v -0.00475299 0.01711166 0.05181115
v -0.00562710 0.01894996 0.05132999
v -0.00521434 0.01799422 0.05157556
v -0.00387722 0.01887357 0.05218072
v -0.00418432 0.01796070 0.05206195
v -0.00387722 0.01887357 0.05218072
v -0.00521434 0.01799422 0.05157556
v 0.00621472 0.01486580 0.05031502
v 0.00633085 0.01706679 0.05023204
v 0.00617820 0.01795255 0.05036593
v 0.00633085 0.01706679 0.05023204
v 0.00621472 0.01486580 0.05031502
v 0.00649680 0.01616181 0.05008130
v 0.00617820 0.01795255 0.05036593
v 0.00633085 0.01706679 0.05023204
v 0.00720053 0.01806159 0.04935393
v 0.00649680 0.01616181 0.05008130
v 0.00720053 0.01806159 0.04935393
v 0.00633085 0.01706679 0.05023204
v 0.00847218 0.01480056 0.04749412
v 0.00874545 0.01420601 0.04684612
v 0.00883201 0.01526619 0.04679503
v 0.00833835 0.01391362 0.04758191
v 0.00874545 0.01420601 0.04684612
v 0.00847218 0.01480056 0.04749412
v 0.00874545 0.01420601 0.04684612
v 0.00833835 0.01391362 0.04758191
v 0.00852208 0.01325484 0.04703056
v 0.00883201 0.01526619 0.04679503
v 0.00874545 0.01420601 0.04684612
v 0.00914572 0.01453413 0.04589980
v 0.00918487 0.01537113 0.04588688
v 0.00883201 0.01526619 0.04679503
v 0.00914572 0.01453413 0.04589980
v 0.00940655 0.01540428 0.04512652
v 0.00936092 0.01839918 0.04530490
v 0.00918487 0.01537113 0.04588688
v 0.00940655 0.01540428 0.04512652
v 0.00918487 0.01537113 0.04588688
v 0.00914572 0.01453413 0.04589980
v 0.00936092 0.01839918 0.04530490
v 0.00943080 0.01633684 0.04502774
v 0.00954305 0.01693761 0.04449160
v 0.00940655 0.01540428 0.04512652
v 0.00943080 0.01633684 0.04502774
v 0.00936092 0.01839918 0.04530490
v 0.00954305 0.01693761 0.04449160
v 0.00943080 0.01633684 0.04502774
v 0.00940655 0.01540428 0.04512652
v 0.00915777 0.01367833 0.04557543
v 0.00887559 0.01236259 0.04567498
v 0.00923746 0.01284553 0.04470437
v 0.00937370 0.01366343 0.04471388
v 0.00915777 0.01367833 0.04557543
v 0.00923746 0.01284553 0.04470437
v 0.00940655 0.01540428 0.04512652
v 0.00942319 0.01455742 0.04491377
v 0.00959962 0.01541016 0.04413186
v 0.00953653 0.01384891 0.04384961
v 0.00959962 0.01541016 0.04413186
v 0.00942319 0.01455742 0.04491377
v 0.00937370 0.01366343 0.04471388
v 0.00953653 0.01384891 0.04384961
v 0.00942319 0.01455742 0.04491377
v 0.00942319 0.01455742 0.04491377
v 0.00940655 0.01540428 0.04512652
v 0.00914572 0.01453413 0.04589980
v 0.00915777 0.01367833 0.04557543
v 0.00942319 0.01455742 0.04491377
v 0.00914572 0.01453413 0.04589980
v 0.00942319 0.01455742 0.04491377
v 0.00915777 0.01367833 0.04557543
v 0.00937370 0.01366343 0.04471388
v -0.00952904 0.01701206 0.04700977
v -0.00926389 0.01641221 0.04753203
v -0.00941263 0.01893215 0.04724858
v -0.00960109 0.01561793 0.04685551
v -0.00934294 0.01490591 0.04735458
v -0.00926389 0.01641221 0.04753203
v -0.00960109 0.01561793 0.04685551
v -0.00926389 0.01641221 0.04753203
v -0.00952904 0.01701206 0.04700977
v -0.00861152 0.01813502 0.04857305
v -0.00872864 0.01638939 0.04840578
v -0.00833418 0.01526765 0.04893870
v -0.00900243 0.01706437 0.04798524
v -0.00872864 0.01638939 0.04840578
v -0.00861152 0.01813502 0.04857305
v 0.00918487 0.01537113 0.04588688
v 0.00936092 0.01839918 0.04530490
v 0.00910924 0.01824122 0.04611126
v 0.00871013 0.01894996 0.04703295
v 0.00910924 0.01824122 0.04611126
v 0.00936092 0.01839918 0.04530490
v 0.00872392 0.01817572 0.04703699
v 0.00910924 0.01824122 0.04611126
v 0.00871013 0.01894996 0.04703295
v 0.00883201 0.01526619 0.04679503
v 0.00910924 0.01824122 0.04611126
v 0.00872392 0.01817572 0.04703699
v 0.00874545 0.01420601 0.04684612
v 0.00887698 0.01316144 0.04616154
v 0.00914572 0.01453413 0.04589980
v 0.00914572 0.01453413 0.04589980
v 0.00887698 0.01316144 0.04616154
v 0.00915777 0.01367833 0.04557543
v 0.00887698 0.01316144 0.04616154
v 0.00874545 0.01420601 0.04684612
v 0.00852208 0.01325484 0.04703056
v 0.00915777 0.01367833 0.04557543
v 0.00887698 0.01316144 0.04616154
v 0.00887559 0.01236259 0.04567498
v 0.00887559 0.01236259 0.04567498
v 0.00887698 0.01316144 0.04616154
v 0.00850451 0.01225985 0.04658503
v 0.00887698 0.01316144 0.04616154
v 0.00852208 0.01325484 0.04703056
v 0.00850451 0.01225985 0.04658503
v -0.00926389 0.01641221 0.04753203
v -0.00922702 0.01796344 0.04759900
v -0.00941263 0.01893215 0.04724858
v -0.00900243 0.01706437 0.04798524
v -0.00922702 0.01796344 0.04759900
v -0.00926389 0.01641221 0.04753203
v -0.00922702 0.01796344 0.04759900
v -0.00887618 0.01894996 0.04814820
v -0.00941263 0.01893215 0.04724858
v -0.00887618 0.01894996 0.04814820
v -0.00922702 0.01796344 0.04759900
v -0.00900243 0.01706437 0.04798524
v -0.00846723 0.01441747 0.04869968
v -0.00833418 0.01526765 0.04893870
v -0.00891186 0.01495203 0.04810589
v -0.00872864 0.01638939 0.04840578
v -0.00891186 0.01495203 0.04810589
v -0.00833418 0.01526765 0.04893870
v -0.00896121 0.01390281 0.04787133
v -0.00846723 0.01441747 0.04869968
v -0.00891186 0.01495203 0.04810589
v -0.00891186 0.01495203 0.04810589
v -0.00934294 0.01490591 0.04735458
v -0.00896121 0.01390281 0.04787133
v -0.00891186 0.01495203 0.04810589
v -0.00872864 0.01638939 0.04840578
v -0.00900243 0.01706437 0.04798524
v -0.00891186 0.01495203 0.04810589
v -0.00926389 0.01641221 0.04753203
v -0.00934294 0.01490591 0.04735458
v -0.00926389 0.01641221 0.04753203
v -0.00891186 0.01495203 0.04810589
v -0.00900243 0.01706437 0.04798524
v 0.00918487 0.01537113 0.04588688
v 0.00909264 0.01674568 0.04615663
v 0.00883201 0.01526619 0.04679503
v 0.00883201 0.01526619 0.04679503
v 0.00909264 0.01674568 0.04615663
v 0.00910924 0.01824122 0.04611126
v 0.00910924 0.01824122 0.04611126
v 0.00909264 0.01674568 0.04615663
v 0.00918487 0.01537113 0.04588688
v -0.00572935 0.00322622 -0.00381865
v -0.00082714 0.00327838 -0.00377407
v 0.00380904 0.00319119 -0.00384858
v 0.00380904 0.00319119 -0.00384858
v -0.00082714 0.00327838 -0.00377407
v 0.00479586 0.00331319 -0.00374432
v -0.00486208 0.00333117 -0.00372888
v -0.00218628 0.00335780 -0.00370404
v 0.00053664 0.00335623 -0.00370550
v 0.00053664 0.00335623 -0.00370550
v -0.00218628 0.00335780 -0.00370404
v 0.00235532 0.00338689 -0.00367690
v -0.01049611 0.01584098 0.02622595
v -0.01049611 0.01558549 0.03823687
v -0.01049611 0.01748638 0.02512610
v -0.01049611 0.01558549 0.03823687
v -0.01049611 0.01804854 0.02568549
v -0.01049611 0.01748638 0.02512610
v -0.01049611 0.01558549 0.03823687
v -0.01049611 0.01571791 0.03015686
v -0.01049611 0.01569405 0.03146068
v -0.01049611 0.01887047 0.03306554
v -0.01049611 0.01558549 0.03823687
v -0.01049611 0.01870619 0.04098657
v -0.01049611 0.01870619 0.04098657
v -0.01049611 0.01558549 0.03823687
v -0.01049611 0.01788716 0.04188320
v -0.01049611 0.01558549 0.03823687
v -0.01049611 0.01889198 0.02746672
v -0.01049611 0.01804854 0.02568549
v -0.01049611 0.01788716 0.04188320
v -0.01049611 0.01558549 0.03823687
v -0.01049611 0.01562105 0.04246164
v -0.01049611 0.01558549 0.03823687
v -0.01049611 0.01887047 0.03306554
v -0.01049611 0.01889198 0.02746672
v -0.01049611 0.01571791 0.03015686
v -0.01049611 0.01558549 0.03823687
v -0.01049611 0.01584098 0.02622595
v -0.00253421 0.00134602 -0.00481442
v -0.00345505 0.00144409 -0.00478698
v 0.00142578 0.00130127 -0.00482694
v -0.00345505 0.00144409 -0.00478698
v -0.00120445 0.00142587 -0.00479208
v 0.00142578 0.00130127 -0.00482694
v 0.00319090 0.00394417 -0.00307225
v -0.00022385 0.00402963 -0.00295899
v 0.00228452 0.00404841 -0.00293411
v -0.00454485 0.00392742 -0.00309445
v -0.00022385 0.00402963 -0.00295899
v 0.00319090 0.00394417 -0.00307225
v -0.00230966 0.00242422 -0.00437263
v 0.00379542 0.00240783 -0.00438137
v -0.00038107 0.00230302 -0.00443727
v -0.00230966 0.00242422 -0.00437263
v -0.00038107 0.00230302 -0.00443727
v -0.00505778 0.00241633 -0.00437684
v 0.00031049 -0.00350848 -0.00356125
v -0.00339580 -0.00349890 -0.00357053
v 0.00325255 -0.00346943 -0.00359909
v -0.00339580 -0.00349890 -0.00357053
v -0.00509307 -0.00348610 -0.00358294
v 0.00325255 -0.00346943 -0.00359909
v 0.00098430 -0.00412341 -0.00282748
v -0.00363960 -0.00415064 -0.00278628
v -0.00180243 -0.00411393 -0.00284184
v 0.00098430 -0.00412341 -0.00282748
v -0.00267360 -0.00421422 -0.00269007
v -0.00363960 -0.00415064 -0.00278628
v -0.00485451 -0.00495090 0.00069461
v 0.00272213 -0.00493034 0.00082668
v -0.00337823 -0.00492937 0.00083289
v 0.00470855 -0.00494897 0.00070706
v 0.00272213 -0.00493034 0.00082668
v -0.00485451 -0.00495090 0.00069461
v -0.00259517 -0.00471182 -0.00167209
v 0.00453751 -0.00476300 -0.00151938
v -0.00550373 -0.00474898 -0.00156122
v 0.00453751 -0.00476300 -0.00151938
v -0.00259517 -0.00471182 -0.00167209
v 0.00221348 -0.00470823 -0.00168282
v -0.00170944 -0.00114661 -0.00486654
v 0.00490246 -0.00119848 -0.00485338
v -0.00255440 -0.00129586 -0.00482867
v -0.00255440 -0.00129586 -0.00482867
v 0.00490246 -0.00119848 -0.00485338
v 0.00206467 -0.00129167 -0.00482974
v -0.00561098 -0.00498592 0.00035994
v 0.00107256 -0.00499451 0.00023299
v -0.00265468 -0.00498071 0.00043694
v -0.00265468 -0.00498071 0.00043694
v 0.00107256 -0.00499451 0.00023299
v 0.00397884 -0.00499017 0.00029714
v -0.01011625 0.01894996 0.02480528
v -0.01046687 0.01894996 0.02624249
v -0.00887618 0.01894996 0.04814820
v -0.00887618 0.01894996 0.04814820
v 0.00885214 0.01894996 0.02391272
v 0.00708510 0.01894996 0.02315344
v -0.00887618 0.01894996 0.04814820
v 0.00960224 0.01894996 0.02625423
v 0.00885214 0.01894996 0.02391272
v -0.01047224 0.01894996 0.02945793
v -0.00887618 0.01894996 0.04814820
v -0.01046687 0.01894996 0.02624249
v -0.00887618 0.01894996 0.04814820
v 0.00636584 0.01894996 0.04997397
v 0.00871013 0.01894996 0.04703295
v -0.01046549 0.01894996 0.03478978
v -0.01023585 0.01894996 0.04231133
v -0.00887618 0.01894996 0.04814820
v 0.00020833 0.01894996 0.02305263
v -0.00949458 0.01894996 0.02339271
v -0.00887618 0.01894996 0.04814820
v -0.01047224 0.01894996 0.02945793
v -0.01046549 0.01894996 0.03478978
v -0.00887618 0.01894996 0.04814820
v -0.01011625 0.01894996 0.02480528
v -0.00887618 0.01894996 0.04814820
v -0.00949458 0.01894996 0.02339271
v -0.00887618 0.01894996 0.04814820
v 0.00871013 0.01894996 0.04703295
v 0.00960165 0.01894996 0.04131534
v 0.00399549 0.01894996 0.02307177
v -0.00887618 0.01894996 0.04814820
v 0.00708510 0.01894996 0.02315344
v 0.00969380 0.01894996 0.03362195
v -0.00887618 0.01894996 0.04814820
v 0.00960165 0.01894996 0.04131534
v 0.00399549 0.01894996 0.02307177
v 0.00020833 0.01894996 0.02305263
v -0.00887618 0.01894996 0.04814820
v -0.01006793 0.01894996 0.04434248
v -0.00887618 0.01894996 0.04814820
v -0.01023585 0.01894996 0.04231133
v -0.00887618 0.01894996 0.04814820
v 0.00969380 0.01894996 0.03362195
v 0.00960224 0.01894996 0.02625423
v -0.00562710 0.01894996 0.05132999
v -0.00887618 0.01894996 0.04814820
v -0.00745944 0.01894996 0.04978747
v 0.00150589 0.01894996 0.05249104
v -0.00887618 0.01894996 0.04814820
v -0.00020886 0.01894996 0.05231052
v -0.00887618 0.01894996 0.04814820
v -0.00562710 0.01894996 0.05132999
v -0.00020886 0.01894996 0.05231052
v -0.00887618 0.01894996 0.04814820
v 0.00394057 0.01894996 0.05170773
v 0.00636584 0.01894996 0.04997397
v -0.00887618 0.01894996 0.04814820
v 0.00150589 0.01894996 0.05249104
v 0.00394057 0.01894996 0.05170773
v -0.00292753 -0.00287408 -0.00409108
v -0.00051196 -0.00276082 -0.00416788
v 0.00151733 -0.00276264 -0.00416665
v 0.00064003 -0.00287717 -0.00408898
v -0.00292753 -0.00287408 -0.00409108
v 0.00151733 -0.00276264 -0.00416665
v 0.00970388 0.01877814 0.02729919
v 0.00970388 0.01609913 0.04211630
v 0.00970388 0.01838335 0.02562318
v 0.00970388 0.01578083 0.02664242
v 0.00970388 0.01629808 0.02582030
v 0.00970388 0.01609913 0.04211630
v 0.00970388 0.01629808 0.02582030
v 0.00970388 0.01838335 0.02562318
v 0.00970388 0.01609913 0.04211630
v 0.00970388 0.01890377 0.03596398
v 0.00970388 0.01609913 0.04211630
v 0.00970388 0.01877814 0.02729919
v 0.00970388 0.01578083 0.02664242
v 0.00970388 0.01609913 0.04211630
v 0.00970388 0.01550527 0.04032996
v 0.00970388 0.01883126 0.03916537
v 0.00970388 0.01609913 0.04211630
v 0.00970388 0.01890377 0.03596398
v 0.00970388 0.01849292 0.04257917
v 0.00970388 0.01609913 0.04211630
v 0.00970388 0.01883126 0.03916537
f 1 2 3
f 4 5 6
f 7 8 9
f 10 11 12
f 13 14 15
f 16 17 18
f 19 20 21
f 22 23 24
f 25 26 27
f 28 29 30
f 31 32 33
f 34 35 36
f 37 38 39
f 40 41 42
f 43 44 45
f 46 47 48
f 49 50 51
f 52 53 54
f 55 56 57
f 58 59 60
f 61 62 63
f 64 65 66
f 67 68 69
f 70 71 72
f 73 74 75
f 76 77 78
f 79 80 81
f 82 83 84
f 85 86 87
f 88 89 90
f 91 92 93
f 94 95 96
f 97 98 99
f 100 101 102
f 103 104 105
f 106 107 108
f 109 110 111
f 112 113 114
f 115 116 117
f 118 119 120
f 121 122 123
f 124 125 126
f 127 128 129
f 130 131 132
f 133 134 135
f 136 137 138
f 139 140 141
f 142 143 144
f 145 146 147
f 148 149 150
f 151 152 153
f 154 155 156
f 157 158 159
f 160 161 162
f 163 164 165
f 166 167 168
f 169 170 171
f 172 173 174
f 175 176 177
f 178 179 180
f 181 182 183
f 184 185 186
f 187 188 189
f 190 191 192
f 193 194 195
f 196 197 198
f 199 200 201
f 202 203 204
f 205 206 207
f 208 209 210
f 211 212 213
f 214 215 216
f 217 218 219
f 220 221 222
f 223 224 225
f 226 227 228
f 229 230 231
f 232 233 234
f 235 236 237
f 238 239 240
f 241 242 243
f 244 245 246
f 247 248 249
f 250 251 252
f 253 254 255
f 256 257 258
f 259 260 261
f 262 263 264
f 265 266 267
f 268 269 270
f 271 272 273
f 274 275 276
f 277 278 279
f 280 281 282
f 283 284 285
f 286 287 288
f 289 290 291
f 292 293 294
f 295 296 297
f 298 299 300
f 301 302 303
f 304 305 306
f 307 308 309
f 310 311 312
f 313 314 315
f 316 317 318
f 319 320 321
f 322 323 324
f 325 326 327
f 328 329 330
f 331 332 333
f 334 335 336
f 337 338 339
f 340 341 342
f 343 344 345
f 346 347 348
f 349 350 351
f 352 353 354
f 355 356 357
f 358 359 360
f 361 362 363
f 364 365 366
f 367 368 369
f 370 371 372
f 373 374 375
f 376 377 378
f 379 380 381
f 382 383 384
f 385 386 387
f 388 389 390
f 391 392 393
f 394 395 396
f 397 398 399
f 400 401 402
f 403 404 405
f 406 407 408
f 409 410 411
f 412 413 414
f 415 416 417
f 418 419 420
f 421 422 423
f 424 425 426
f 427 428 429
f 430 431 432
f 433 434 435
f 436 437 438
f 439 440 441
f 442 443 444
f 445 446 447
f 448 449 450
f 451 452 453
f 454 455 456
f 457 458 459
f 460 461 462
f 463 464 465
f 466 467 468
f 469 470 471
f 472 473 474
f 475 476 477
f 478 479 480
f 481 482 483
f 484 485 486
f 487 488 489
f 490 491 492
f 493 494 495
f 496 497 498
f 499 500 501
f 502 503 504
f 505 506 507
f 508 509 510
f 511 512 513
f 514 515 516
f 517 518 519
f 520 521 522
f 523 524 525
f 526 527 528
f 529 530 531
f 532 533 534
f 535 536 537
f 538 539 540
f 541 542 543
f 544 545 546
f 547 548 549
f 550 551 552
f 553 554 555
f 556 557 558
f 559 560 561
f 562 563 564
f 565 566 567
f 568 569 570
f 571 572 573
f 574 575 576
f 577 578 579
f 580 581 582
f 583 584 585
f 586 587 588
f 589 590 591
f 592 593 594
f 595 596 597
f 598 599 600
f 601 602 603
f 604 605 606
f 607 608 609
f 610 611 612
f 613 614 615
f 616 617 618
f 619 620 621
f 622 623 624
f 625 626 627
f 628 629 630
f 631 632 633
f 634 635 636
f 637 638 639
f 640 641 642
f 643 644 645
f 646 647 648
f 649 650 651
f 652 653 654
f 655 656 657
f 658 659 660
f 661 662 663
f 664 665 666
f 667 668 669
f 670 671 672
f 673 674 675
f 676 677 678
f 679 680 681
f 682 683 684
f 685 686 687
f 688 689 690
f 691 692 693
f 694 695 696
f 697 698 699
f 700 701 702
f 703 704 705
f 706 707 708
f 709 710 711
f 712 713 714
f 715 716 717
f 718 719 720
f 721 722 723
f 724 725 726
f 727 728 729
f 730 731 732
f 733 734 735
f 736 737 738
f 739 740 741
f 742 743 744
f 745 746 747
f 748 749 750
f 751 752 753
f 754 755 756
f 757 758 759
f 760 761 762
f 763 764 765
f 766 767 768
f 769 770 771
f 772 773 774
f 775 776 777
f 778 779 780
f 781 782 783
f 784 785 786
f 787 788 789
f 790 791 792
f 793 794 795
f 796 797 798
f 799 800 801
f 802 803 804
f 805 806 807
f 808 809 810
f 811 812 813
f 814 815 816
f 817 818 819
f 820 821 822
f 823 824 825
f 826 827 828
f 829 830 831
f 832 833 834
f 835 836 837
f 838 839 840
f 841 842 843
f 844 845 846
f 847 848 849
f 850 851 852
f 853 854 855
f 856 857 858
f 859 860 861
f 862 863 864
f 865 866 867
f 868 869 870
f 871 872 873
f 874 875 876
f 877 878 879
f 880 881 882
f 883 884 885
f 886 887 888
f 889 890 891
f 892 893 894
f 895 896 897
f 898 899 900
f 901 902 903
f 904 905 906
f 907 908 909
f 910 911 912
f 913 914 915
f 916 917 918
f 919 920 921
f 922 923 924
f 925 926 927
f 928 929 930
f 931 932 933
f 934 935 936
f 937 938 939
f 940 941 942
f 943 944 945
f 946 947 948
f 949 950 951
f 952 953 954
f 955 956 957
f 958 959 960
f 961 962 963
f 964 965 966
f 967 968 969
f 970 971 972
f 973 974 975
f 976 977 978
f 979 980 981
f 982 983 984
f 985 986 987
f 988 989 990
f 991 992 993
f 994 995 996
f 997 998 999
f 1000 1001 1002
f 1003 1004 1005
f 1006 1007 1008
f 1009 1010 1011
f 1012 1013 1014
f 1015 1016 1017
f 1018 1019 1020
f 1021 1022 1023
f 1024 1025 1026
f 1027 1028 1029
f 1030 1031 1032
f 1033 1034 1035
f 1036 1037 1038
f 1039 1040 1041
f 1042 1043 1044
f 1045 1046 1047
f 1048 1049 1050
f 1051 1052 1053
f 1054 1055 1056
f 1057 1058 1059
f 1060 1061 1062
f 1063 1064 1065
f 1066 1067 1068
f 1069 1070 1071
f 1072 1073 1074
f 1075 1076 1077
f 1078 1079 1080
f 1081 1082 1083
f 1084 1085 1086
f 1087 1088 1089
f 1090 1091 1092
f 1093 1094 1095
f 1096 1097 1098
f 1099 1100 1101
f 1102 1103 1104
f 1105 1106 1107
f 1108 1109 1110
f 1111 1112 1113
f 1114 1115 1116
f 1117 1118 1119
f 1120 1121 1122
f 1123 1124 1125
f 1126 1127 1128
f 1129 1130 1131
f 1132 1133 1134
f 1135 1136 1137
f 1138 1139 1140
f 1141 1142 1143
f 1144 1145 1146
f 1147 1148 1149
f 1150 1151 1152
f 1153 1154 1155
f 1156 1157 1158
f 1159 1160 1161
f 1162 1163 1164
f 1165 1166 1167
f 1168 1169 1170
f 1171 1172 1173
f 1174 1175 1176
f 1177 1178 1179
f 1180 1181 1182
f 1183 1184 1185
f 1186 1187 1188
f 1189 1190 1191
f 1192 1193 1194
f 1195 1196 1197
f 1198 1199 1200
f 1201 1202 1203
f 1204 1205 1206
f 1207 1208 1209
f 1210 1211 1212
f 1213 1214 1215
f 1216 1217 1218
f 1219 1220 1221
f 1222 1223 1224
f 1225 1226 1227
f 1228 1229 1230
f 1231 1232 1233
f 1234 1235 1236
f 1237 1238 1239
f 1240 1241 1242
f 1243 1244 1245
f 1246 1247 1248
f 1249 1250 1251
f 1252 1253 1254
f 1255 1256 1257
f 1258 1259 1260
f 1261 1262 1263
f 1264 1265 1266
f 1267 1268 1269
f 1270 1271 1272
f 1273 1274 1275
f 1276 1277 1278
f 1279 1280 1281
f 1282 1283 1284
f 1285 1286 1287
f 1288 1289 1290
f 1291 1292 1293
f 1294 1295 1296
f 1297 1298 1299
f 1300 1301 1302
f 1303 1304 1305
f 1306 1307 1308
f 1309 1310 1311
f 1312 1313 1314
f 1315 1316 1317
f 1318 1319 1320
f 1321 1322 1323
f 1324 1325 1326
f 1327 1328 1329
f 1330 1331 1332
f 1333 1334 1335
f 1336 1337 1338
f 1339 1340 1341
f 1342 1343 1344
f 1345 1346 1347
f 1348 1349 1350
f 1351 1352 1353
f 1354 1355 1356
f 1357 1358 1359
f 1360 1361 1362
f 1363 1364 1365
f 1366 1367 1368
f 1369 1370 1371
f 1372 1373 1374
f 1375 1376 1377
f 1378 1379 1380
f 1381 1382 1383
f 1384 1385 1386
f 1387 1388 1389
f 1390 1391 1392
f 1393 1394 1395
f 1396 1397 1398
f 1399 1400 1401
f 1402 1403 1404
f 1405 1406 1407
f 1408 1409 1410
f 1411 1412 1413
f 1414 1415 1416
f 1417 1418 1419
f 1420 1421 1422
f 1423 1424 1425
f 1426 1427 1428
f 1429 1430 1431
f 1432 1433 1434
f 1435 1436 1437
f 1438 1439 1440
f 1441 1442 1443
f 1444 1445 1446
f 1447 1448 1449
f 1450 1451 1452
f 1453 1454 1455
f 1456 1457 1458
f 1459 1460 1461
f 1462 1463 1464
f 1465 1466 1467
f 1468 1469 1470
f 1471 1472 1473
f 1474 1475 1476
f 1477 1478 1479
f 1480 1481 1482
f 1483 1484 1485
f 1486 1487 1488
f 1489 1490 1491
f 1492 1493 1494
f 1495 1496 1497
f 1498 1499 1500
f 1501 1502 1503
f 1504 1505 1506
f 1507 1508 1509
f 1510 1511 1512
f 1513 1514 1515
f 1516 1517 1518
f 1519 1520 1521
f 1522 1523 1524
f 1525 1526 1527
f 1528 1529 1530
f 1531 1532 1533
f 1534 1535 1536
f 1537 1538 1539
f 1540 1541 1542
f 1543 1544 1545
f 1546 1547 1548
f 1549 1550 1551
f 1552 1553 1554
f 1555 1556 1557
f 1558 1559 1560
f 1561 1562 1563
f 1564 1565 1566
f 1567 1568 1569
f 1570 1571 1572
f 1573 1574 1575
f 1576 1577 1578
f 1579 1580 1581
f 1582 1583 1584
f 1585 1586 1587
f 1588 1589 1590
f 1591 1592 1593
f 1594 1595 1596
f 1597 1598 1599
f 1600 1601 1602
f 1603 1604 1605
f 1606 1607 1608
f 1609 1610 1611
f 1612 1613 1614
f 1615 1616 1617
f 1618 1619 1620
f 1621 1622 1623
f 1624 1625 1626
f 1627 1628 1629
f 1630 1631 1632
f 1633 1634 1635
f 1636 1637 1638
f 1639 1640 1641
f 1642 1643 1644
f 1645 1646 1647
f 1648 1649 1650
f 1651 1652 1653
f 1654 1655 1656
f 1657 1658 1659
f 1660 1661 1662
f 1663 1664 1665
f 1666 1667 1668
f 1669 1670 1671
f 1672 1673 1674
f 1675 1676 1677
f 1678 1679 1680
f 1681 1682 1683
f 1684 1685 1686
f 1687 1688 1689
f 1690 1691 1692
f 1693 1694 1695
f 1696 1697 1698
f 1699 1700 1701
f 1702 1703 1704
f 1705 1706 1707
f 1708 1709 1710
f 1711 1712 1713
f 1714 1715 1716
f 1717 1718 1719
f 1720 1721 1722
f 1723 1724 1725
f 1726 1727 1728
f 1729 1730 1731
f 1732 1733 1734
f 1735 1736 1737
f 1738 1739 1740
f 1741 1742 1743
f 1744 1745 1746
f 1747 1748 1749
f 1750 1751 1752
f 1753 1754 1755
f 1756 1757 1758
f 1759 1760 1761
f 1762 1763 1764
f 1765 1766 1767
f 1768 1769 1770
f 1771 1772 1773
f 1774 1775 1776
f 1777 1778 1779
f 1780 1781 1782
f 1783 1784 1785
f 1786 1787 1788
f 1789 1790 1791
f 1792 1793 1794
f 1795 1796 1797
f 1798 1799 1800
f 1801 1802 1803
f 1804 1805 1806
f 1807 1808 1809
f 1810 1811 1812
f 1813 1814 1815
f 1816 1817 1818
f 1819 1820 1821
f 1822 1823 1824
f 1825 1826 1827
f 1828 1829 1830
f 1831 1832 1833
f 1834 1835 1836
f 1837 1838 1839
f 1840 1841 1842
f 1843 1844 1845
f 1846 1847 1848
f 1849 1850 1851
f 1852 1853 1854
f 1855 1856 1857
f 1858 1859 1860
f 1861 1862 1863
f 1864 1865 1866
f 1867 1868 1869
f 1870 1871 1872
f 1873 1874 1875
f 1876 1877 1878
f 1879 1880 1881
f 1882 1883 1884
f 1885 1886 1887
f 1888 1889 1890
f 1891 1892 1893
f 1894 1895 1896
f 1897 1898 1899
f 1900 1901 1902
f 1903 1904 1905
f 1906 1907 1908
f 1909 1910 1911
f 1912 1913 1914
f 1915 1916 1917
f 1918 1919 1920
f 1921 1922 1923
f 1924 1925 1926
f 1927 1928 1929
f 1930 1931 1932
f 1933 1934 1935
f 1936 1937 1938
f 1939 1940 1941
f 1942 1943 1944
f 1945 1946 1947
f 1948 1949 1950
f 1951 1952 1953
f 1954 1955 1956
f 1957 1958 1959
f 1960 1961 1962
f 1963 1964 1965
f 1966 1967 1968
f 1969 1970 1971
f 1972 1973 1974
f 1975 1976 1977
f 1978 1979 1980
f 1981 1982 1983
f 1984 1985 1986
f 1987 1988 1989
f 1990 1991 1992
f 1993 1994 1995
f 1996 1997 1998
f 1999 2000 2001
f 2002 2003 2004
f 2005 2006 2007
f 2008 2009 2010
f 2011 2012 2013
f 2014 2015 2016
f 2017 2018 2019
f 2020 2021 2022
f 2023 2024 2025
f 2026 2027 2028
f 2029 2030 2031
f 2032 2033 2034
f 2035 2036 2037
f 2038 2039 2040
f 2041 2042 2043
f 2044 2045 2046
f 2047 2048 2049
f 2050 2051 2052
f 2053 2054 2055
f 2056 2057 2058
f 2059 2060 2061
f 2062 2063 2064
f 2065 2066 2067
f 2068 2069 2070
f 2071 2072 2073
f 2074 2075 2076
f 2077 2078 2079
f 2080 2081 2082
f 2083 2084 2085
f 2086 2087 2088
f 2089 2090 2091
f 2092 2093 2094
f 2095 2096 2097
f 2098 2099 2100
f 2101 2102 2103
f 2104 2105 2106
f 2107 2108 2109
f 2110 2111 2112
f 2113 2114 2115
f 2116 2117 2118
f 2119 2120 2121
f 2122 2123 2124
f 2125 2126 2127
f 2128 2129 2130
f 2131 2132 2133
f 2134 2135 2136
f 2137 2138 2139
f 2140 2141 2142
f 2143 2144 2145
f 2146 2147 2148
f 2149 2150 2151
f 2152 2153 2154
f 2155 2156 2157
f 2158 2159 2160
f 2161 2162 2163
f 2164 2165 2166
f 2167 2168 2169
f 2170 2171 2172
f 2173 2174 2175
f 2176 2177 2178
f 2179 2180 2181
f 2182 2183 2184
f 2185 2186 2187
f 2188 2189 2190
f 2191 2192 2193
f 2194 2195 2196
f 2197 2198 2199
f 2200 2201 2202
f 2203 2204 2205
f 2206 2207 2208
f 2209 2210 2211
f 2212 2213 2214
f 2215 2216 2217
f 2218 2219 2220
f 2221 2222 2223
f 2224 2225 2226
f 2227 2228 2229
f 2230 2231 2232
f 2233 2234 2235
f 2236 2237 2238
f 2239 2240 2241
f 2242 2243 2244
f 2245 2246 2247
f 2248 2249 2250
f 2251 2252 2253
f 2254 2255 2256
f 2257 2258 2259
f 2260 2261 2262
f 2263 2264 2265
f 2266 2267 2268
f 2269 2270 2271
f 2272 2273 2274
f 2275 2276 2277
f 2278 2279 2280
f 2281 2282 2283
f 2284 2285 2286
f 2287 2288 2289
f 2290 2291 2292
f 2293 2294 2295
f 2296 2297 2298
f 2299 2300 2301
f 2302 2303 2304
f 2305 2306 2307
f 2308 2309 2310
f 2311 2312 2313
f 2314 2315 2316
f 2317 2318 2319
f 2320 2321 2322
f 2323 2324 2325
f 2326 2327 2328
f 2329 2330 2331
f 2332 2333 2334
f 2335 2336 2337
f 2338 2339 2340
f 2341 2342 2343
f 2344 2345 2346
f 2347 2348 2349
f 2350 2351 2352
f 2353 2354 2355
f 2356 2357 2358
f 2359 2360 2361
f 2362 2363 2364
f 2365 2366 2367
f 2368 2369 2370
f 2371 2372 2373
f 2374 2375 2376
f 2377 2378 2379
f 2380 2381 2382
f 2383 2384 2385
f 2386 2387 2388
f 2389 2390 2391
f 2392 2393 2394
f 2395 2396 2397
f 2398 2399 2400
f 2401 2402 2403
f 2404 2405 2406
f 2407 2408 2409
f 2410 2411 2412
f 2413 2414 2415
f 2416 2417 2418
f 2419 2420 2421
f 2422 2423 2424
f 2425 2426 2427
f 2428 2429 2430
f 2431 2432 2433
f 2434 2435 2436
f 2437 2438 2439
f 2440 2441 2442
f 2443 2444 2445
f 2446 2447 2448
f 2449 2450 2451
f 2452 2453 2454
f 2455 2456 2457
f 2458 2459 2460
f 2461 2462 2463
f 2464 2465 2466
f 2467 2468 2469
f 2470 2471 2472
f 2473 2474 2475
f 2476 2477 2478
f 2479 2480 2481
f 2482 2483 2484
f 2485 2486 2487
f 2488 2489 2490
f 2491 2492 2493
f 2494 2495 2496
f 2497 2498 2499
f 2500 2501 2502
f 2503 2504 2505
f 2506 2507 2508
f 2509 2510 2511
f 2512 2513 2514
f 2515 2516 2517
f 2518 2519 2520
f 2521 2522 2523
f 2524 2525 2526
f 2527 2528 2529
f 2530 2531 2532
f 2533 2534 2535
f 2536 2537 2538
f 2539 2540 2541
f 2542 2543 2544
f 2545 2546 2547
f 2548 2549 2550
f 2551 2552 2553
f 2554 2555 2556
f 2557 2558 2559
f 2560 2561 2562
f 2563 2564 2565
f 2566 2567 2568
f 2569 2570 2571
f 2572 2573 2574
f 2575 2576 2577
f 2578 2579 2580
f 2581 2582 2583
f 2584 2585 2586
f 2587 2588 2589
f 2590 2591 2592
f 2593 2594 2595
f 2596 2597 2598
f 2599 2600 2601
f 2602 2603 2604
f 2605 2606 2607
f 2608 2609 2610
f 2611 2612 2613
f 2614 2615 2616
f 2617 2618 2619
f 2620 2621 2622
f 2623 2624 2625
f 2626 2627 2628
f 2629 2630 2631
f 2632 2633 2634
f 2635 2636 2637
f 2638 2639 2640
f 2641 2642 2643
f 2644 2645 2646
f 2647 2648 2649
f 2650 2651 2652
f 2653 2654 2655
f 2656 2657 2658
f 2659 2660 2661
f 2662 2663 2664
f 2665 2666 2667
f 2668 2669 2670
f 2671 2672 2673
f 2674 2675 2676
f 2677 2678 2679
f 2680 2681 2682
f 2683 2684 2685
f 2686 2687 2688
f 2689 2690 2691
f 2692 2693 2694
f 2695 2696 2697
f 2698 2699 2700
f 2701 2702 2703
f 2704 2705 2706
f 2707 2708 2709
f 2710 2711 2712
f 2713 2714 2715
f 2716 2717 2718
f 2719 2720 2721
f 2722 2723 2724
f 2725 2726 2727
f 2728 2729 2730
f 2731 2732 2733
f 2734 2735 2736
f 2737 2738 2739
f 2740 2741 2742
f 2743 2744 2745
f 2746 2747 2748
f 2749 2750 2751
f 2752 2753 2754
f 2755 2756 2757
f 2758 2759 2760
f 2761 2762 2763
f 2764 2765 2766
f 2767 2768 2769
f 2770 2771 2772
f 2773 2774 2775
f 2776 2777 2778
f 2779 2780 2781
f 2782 2783 2784
f 2785 2786 2787
f 2788 2789 2790
f 2791 2792 2793
f 2794 2795 2796
f 2797 2798 2799
f 2800 2801 2802
f 2803 2804 2805
f 2806 2807 2808
f 2809 2810 2811
f 2812 2813 2814
f 2815 2816 2817
f 2818 2819 2820
f 2821 2822 2823
f 2824 2825 2826
f 2827 2828 2829
f 2830 2831 2832
f 2833 2834 2835
f 2836 2837 2838
f 2839 2840 2841
f 2842 2843 2844
f 2845 2846 2847
f 2848 2849 2850
f 2851 2852 2853
f 2854 2855 2856
f 2857 2858 2859
f 2860 2861 2862
f 2863 2864 2865
f 2866 2867 2868
f 2869 2870 2871
f 2872 2873 2874
f 2875 2876 2877
f 2878 2879 2880
f 2881 2882 2883
f 2884 2885 2886
f 2887 2888 2889
f 2890 2891 2892
f 2893 2894 2895
f 2896 2897 2898
f 2899 2900 2901
f 2902 2903 2904
f 2905 2906 2907
f 2908 2909 2910
f 2911 2912 2913
f 2914 2915 2916
f 2917 2918 2919
f 2920 2921 2922
f 2923 2924 2925
f 2926 2927 2928
f 2929 2930 2931
f 2932 2933 2934
f 2935 2936 2937
f 2938 2939 2940
f 2941 2942 2943
f 2944 2945 2946
f 2947 2948 2949
f 2950 2951 2952
f 2953 2954 2955
f 2956 2957 2958
f 2959 2960 2961
f 2962 2963 2964
f 2965 2966 2967
f 2968 2969 2970
f 2971 2972 2973
f 2974 2975 2976
f 2977 2978 2979
f 2980 2981 2982
f 2983 2984 2985
f 2986 2987 2988
f 2989 2990 2991
f 2992 2993 2994
f 2995 2996 2997
f 2998 2999 3000
f 3001 3002 3003
f 3004 3005 3006
f 3007 3008 3009
f 3010 3011 3012
f 3013 3014 3015
f 3016 3017 3018
f 3019 3020 3021
f 3022 3023 3024
f 3025 3026 3027
f 3028 3029 3030
f 3031 3032 3033
f 3034 3035 3036
f 3037 3038 3039
f 3040 3041 3042
f 3043 3044 3045
f 3046 3047 3048
f 3049 3050 3051
f 3052 3053 3054
f 3055 3056 3057
f 3058 3059 3060
f 3061 3062 3063
f 3064 3065 3066
f 3067 3068 3069
f 3070 3071 3072
f 3073 3074 3075
f 3076 3077 3078
f 3079 3080 3081
f 3082 3083 3084
f 3085 3086 3087
f 3088 3089 3090
f 3091 3092 3093
f 3094 3095 3096
f 3097 3098 3099
f 3100 3101 3102
f 3103 3104 3105
f 3106 3107 3108
f 3109 3110 3111
f 3112 3113 3114
f 3115 3116 3117
f 3118 3119 3120
f 3121 3122 3123
f 3124 3125 3126
f 3127 3128 3129
f 3130 3131 3132
f 3133 3134 3135
f 3136 3137 3138
f 3139 3140 3141
f 3142 3143 3144
f 3145 3146 3147
f 3148 3149 3150
f 3151 3152 3153
f 3154 3155 3156
f 3157 3158 3159
f 3160 3161 3162
f 3163 3164 3165
f 3166 3167 3168
f 3169 3170 3171
f 3172 3173 3174
f 3175 3176 3177
f 3178 3179 3180
f 3181 3182 3183
f 3184 3185 3186
f 3187 3188 3189
f 3190 3191 3192
f 3193 3194 3195
f 3196 3197 3198
f 3199 3200 3201
f 3202 3203 3204
f 3205 3206 3207
f 3208 3209 3210
f 3211 3212 3213
f 3214 3215 3216
f 3217 3218 3219
f 3220 3221 3222
f 3223 3224 3225
f 3226 3227 3228
f 3229 3230 3231
f 3232 3233 3234
f 3235 3236 3237
f 3238 3239 3240
f 3241 3242 3243
f 3244 3245 3246
f 3247 3248 3249
f 3250 3251 3252
f 3253 3254 3255
f 3256 3257 3258
f 3259 3260 3261
f 3262 3263 3264
f 3265 3266 3267
f 3268 3269 3270
f 3271 3272 3273
f 3274 3275 3276
f 3277 3278 3279
f 3280 3281 3282
f 3283 3284 3285
f 3286 3287 3288
f 3289 3290 3291
f 3292 3293 3294
f 3295 3296 3297
f 3298 3299 3300
f 3301 3302 3303
f 3304 3305 3306
f 3307 3308 3309
f 3310 3311 3312
f 3313 3314 3315
f 3316 3317 3318
f 3319 3320 3321
f 3322 3323 3324
f 3325 3326 3327
f 3328 3329 3330
f 3331 3332 3333
f 3334 3335 3336
f 3337 3338 3339
f 3340 3341 3342
f 3343 3344 3345
f 3346 3347 3348
f 3349 3350 3351
f 3352 3353 3354
f 3355 3356 3357
f 3358 3359 3360
f 3361 3362 3363
f 3364 3365 3366
f 3367 3368 3369
f 3370 3371 3372
f 3373 3374 3375
f 3376 3377 3378
f 3379 3380 3381
f 3382 3383 3384
f 3385 3386 3387
f 3388 3389 3390
f 3391 3392 3393
f 3394 3395 3396
f 3397 3398 3399
f 3400 3401 3402
f 3403 3404 3405
f 3406 3407 3408
f 3409 3410 3411
f 3412 3413 3414
