# Exported from USD: /khi_rs025n/right_inner_knuckle/collisions
mtllib collisions_6.mtl

g collisions
v -0.01039610 -0.04210978 0.04204775
v -0.01649611 -0.00151027 0.00208461
v -0.01649611 -0.00268619 0.00040914
v 0.00953105 -0.00343259 -0.00345749
v 0.00938441 -0.04326106 0.03531201
v 0.00895498 -0.00296272 -0.00402590
v 0.00953105 -0.00343259 -0.00345749
v 0.01540868 -0.00224943 -0.00185858
v 0.00938441 -0.04326106 0.03531201
v 0.00942136 -0.00191376 -0.00459888
v 0.00953105 -0.00343259 -0.00345749
v 0.00895498 -0.00296272 -0.00402590
v 0.00942136 -0.00191376 -0.00459888
v 0.01540868 -0.00224943 -0.00185858
v 0.00953105 -0.00343259 -0.00345749
v -0.00961559 -0.04420011 0.03735673
v -0.00727071 -0.04426974 0.03784342
v -0.00831436 -0.04428754 0.03813681
v -0.01029022 -0.04372155 0.04033937
v -0.01038967 -0.04404885 0.03762119
v -0.01023805 -0.04408954 0.03949792
v -0.01649611 -0.00098243 -0.00264051
v -0.00993135 -0.00241035 -0.00437953
v -0.01646314 -0.00174386 -0.00225004
v -0.01649611 -0.00098243 -0.00264051
v -0.01646314 -0.00174386 -0.00225004
v -0.01649611 -0.00268619 0.00040914
v 0.00878810 -0.04285273 0.03485480
v 0.00895498 -0.00296272 -0.00402590
v 0.00938441 -0.04326106 0.03531201
v 0.00878810 -0.04285273 0.03485480
v 0.00813069 -0.00343270 -0.00363500
v 0.00895498 -0.00296272 -0.00402590
v -0.00831436 -0.04428754 0.03813681
v 0.00813650 -0.04426998 0.03784632
v 0.00644030 -0.04428939 0.03818797
v 0.00813650 -0.04426998 0.03784632
v -0.00831436 -0.04428754 0.03813681
v -0.00727071 -0.04426974 0.03784342
v 0.00873499 -0.04361240 0.03582216
v 0.00938441 -0.04326106 0.03531201
v 0.00901012 -0.04399745 0.03662852
v -0.00928869 -0.04403258 0.03983441
v -0.00886368 -0.04367614 0.04062889
v -0.01029022 -0.04372155 0.04033937
v -0.00928869 -0.04403258 0.03983441
v -0.01029022 -0.04372155 0.04033937
v -0.01023805 -0.04408954 0.03949792
v -0.00879739 -0.04422563 0.03906210
v -0.00928869 -0.04403258 0.03983441
v -0.01023805 -0.04408954 0.03949792
v -0.00928869 -0.04403258 0.03983441
v -0.00879739 -0.04422563 0.03906210
v -0.00659597 -0.04415701 0.03940536
v 0.00951091 -0.04415318 0.03881125
v 0.00960390 -0.04382549 0.03749241
v 0.00960390 -0.04367490 0.03965744
v 0.00950252 -0.04365478 0.03609893
v 0.00901012 -0.04399745 0.03662852
v 0.00938441 -0.04326106 0.03531201
v 0.00950252 -0.04365478 0.03609893
v 0.00951091 -0.04415318 0.03881125
v 0.00901012 -0.04399745 0.03662852
v 0.00950252 -0.04365478 0.03609893
v 0.00960390 -0.04382549 0.03749241
v 0.00951091 -0.04415318 0.03881125
v 0.00960390 -0.04367490 0.03965744
v 0.00960390 -0.04382549 0.03749241
v 0.01570389 -0.00279327 -0.00047630
v 0.00960390 -0.04382549 0.03749241
v 0.00950252 -0.04365478 0.03609893
v 0.01570389 -0.00279327 -0.00047630
v 0.01540868 -0.00224943 -0.00185858
v 0.01570389 -0.00279327 -0.00047630
v 0.00938441 -0.04326106 0.03531201
v 0.01570389 -0.00279327 -0.00047630
v 0.00950252 -0.04365478 0.03609893
v 0.00938441 -0.04326106 0.03531201
v -0.01592703 0.00224777 0.00197265
v -0.01649611 0.00175939 0.00197737
v -0.00998171 -0.03570340 0.04122916
v -0.01037343 -0.03729408 0.04234781
v -0.00998171 -0.03570340 0.04122916
v -0.01649611 0.00175939 0.00197737
v -0.01649611 0.00175939 0.00197737
v -0.01649611 0.00040453 0.00240112
v -0.01037343 -0.03729408 0.04234781
v 0.00572089 -0.00506072 0.01312282
v -0.00646446 -0.00311491 0.01123665
v -0.00555664 -0.02249568 0.03002334
v -0.00646766 -0.04390572 0.03639670
v -0.00729045 -0.04398977 0.03660778
v -0.00970753 -0.04389199 0.03636654
v -0.00729045 -0.04398977 0.03660778
v 0.00901012 -0.04399745 0.03662852
v 0.00632762 -0.04412667 0.03703779
v -0.00729045 -0.04398977 0.03660778
v -0.00646766 -0.04390572 0.03639670
v 0.00901012 -0.04399745 0.03662852
v -0.01038483 -0.04378939 0.03661305
v -0.01649611 -0.00268619 0.00040914
v -0.01646314 -0.00174386 -0.00225004
v -0.01038483 -0.04378939 0.03661305
v -0.01038967 -0.04404885 0.03762119
v -0.01649611 -0.00268619 0.00040914
v -0.00961559 -0.04420011 0.03735673
v -0.01038483 -0.04378939 0.03661305
v -0.00970753 -0.04389199 0.03636654
v -0.01038967 -0.04404885 0.03762119
v -0.01038483 -0.04378939 0.03661305
v -0.00961559 -0.04420011 0.03735673
v 0.00948917 -0.03966036 0.04299173
v 0.00861356 -0.03945908 0.04307925
v 0.00941005 -0.04068155 0.04292335
v 0.00861356 -0.03945908 0.04307925
v -0.00706538 -0.03943223 0.04307911
v 0.00655774 -0.03949871 0.04307944
v 0.00960390 -0.04210183 0.04206510
v 0.00872401 -0.04218499 0.04225243
v 0.00959406 -0.04293889 0.04133980
v 0.00941005 -0.04068155 0.04292335
v 0.00872401 -0.04218499 0.04225243
v 0.00960390 -0.04210183 0.04206510
v 0.00960390 -0.04210183 0.04206510
v 0.00948917 -0.03966036 0.04299173
v 0.00941005 -0.04068155 0.04292335
v 0.01564525 0.00003518 0.00285333
v 0.00960390 -0.04210183 0.04206510
v 0.01570389 -0.00052291 0.00214308
v 0.00872401 -0.04218499 0.04225243
v 0.00874558 -0.04133397 0.04271152
v 0.00785351 -0.04200496 0.04236915
v 0.00874558 -0.04133397 0.04271152
v 0.00872401 -0.04218499 0.04225243
v 0.00941005 -0.04068155 0.04292335
v 0.00684134 -0.04208850 0.04231580
v 0.00872401 -0.04218499 0.04225243
v 0.00785351 -0.04200496 0.04236915
v -0.01039610 -0.04281696 0.04041463
v -0.01029022 -0.04372155 0.04033937
v -0.01039610 -0.04210978 0.04204775
v -0.01029022 -0.04372155 0.04033937
v -0.01039610 -0.04281696 0.04041463
v -0.01038967 -0.04404885 0.03762119
v -0.01039610 -0.04281696 0.04041463
v -0.01039610 -0.04210978 0.04204775
v -0.01649611 -0.00268619 0.00040914
v -0.01649611 -0.00268619 0.00040914
v -0.01038967 -0.04404885 0.03762119
v -0.01039610 -0.04281696 0.04041463
v -0.01023298 -0.04332782 0.04110171
v -0.01029022 -0.04372155 0.04033937
v -0.00886368 -0.04367614 0.04062889
v -0.01023298 -0.04332782 0.04110171
v -0.00998056 -0.04282564 0.04173163
v -0.01039610 -0.04210978 0.04204775
v -0.01039610 -0.04210978 0.04204775
v -0.01029022 -0.04372155 0.04033937
v -0.01023298 -0.04332782 0.04110171
v -0.01038577 -0.00304806 -0.00372097
v -0.01646314 -0.00174386 -0.00225004
v -0.00993135 -0.00241035 -0.00437953
v 0.00938441 -0.04326106 0.03531201
v -0.00960663 -0.04324354 0.03528993
v 0.00724971 -0.04297852 0.03498429
v 0.00724971 -0.04297852 0.03498429
v 0.00878810 -0.04285273 0.03485480
v 0.00938441 -0.04326106 0.03531201
v 0.00024586 -0.00414662 -0.00294377
v 0.00813069 -0.00343270 -0.00363500
v 0.00878810 -0.04285273 0.03485480
v 0.00901012 -0.04399745 0.03662852
v 0.00850748 -0.04416666 0.03720126
v 0.00632762 -0.04412667 0.03703779
v -0.00870567 -0.04377574 0.03611990
v -0.00970753 -0.04389199 0.03636654
v -0.00960663 -0.04324354 0.03528993
v 0.00761648 -0.04337192 0.03545837
v 0.00938441 -0.04326106 0.03531201
v 0.00873499 -0.04361240 0.03582216
v 0.00746087 -0.04381680 0.03620124
v 0.00873499 -0.04361240 0.03582216
v 0.00901012 -0.04399745 0.03662852
v 0.00901012 -0.04399745 0.03662852
v -0.00646766 -0.04390572 0.03639670
v 0.00746087 -0.04381680 0.03620124
v 0.00746087 -0.04381680 0.03620124
v -0.00870567 -0.04377574 0.03611990
v 0.00873499 -0.04361240 0.03582216
v 0.00746087 -0.04381680 0.03620124
v -0.00646766 -0.04390572 0.03639670
v -0.00970753 -0.04389199 0.03636654
v -0.00870567 -0.04377574 0.03611990
v 0.00746087 -0.04381680 0.03620124
v -0.00970753 -0.04389199 0.03636654
v 0.00808275 -0.04408448 0.03966999
v -0.00928869 -0.04403258 0.03983441
v -0.00659597 -0.04415701 0.03940536
v -0.00939412 -0.04428866 0.03838696
v -0.00961559 -0.04420011 0.03735673
v -0.00831436 -0.04428754 0.03813681
v -0.00939412 -0.04428866 0.03838696
v -0.00831436 -0.04428754 0.03813681
v 0.00644030 -0.04428939 0.03818797
v -0.00939412 -0.04428866 0.03838696
v -0.00879739 -0.04422563 0.03906210
v -0.01023805 -0.04408954 0.03949792
v -0.00939412 -0.04428866 0.03838696
v -0.01023805 -0.04408954 0.03949792
v -0.01038967 -0.04404885 0.03762119
v -0.00939412 -0.04428866 0.03838696
v -0.01038967 -0.04404885 0.03762119
v -0.00961559 -0.04420011 0.03735673
v 0.01570389 -0.00258023 0.00035643
v 0.01570389 -0.00052291 0.00214308
v 0.00960390 -0.04210183 0.04206510
v 0.01570389 -0.00258023 0.00035643
v 0.00960390 -0.04210183 0.04206510
v 0.00959406 -0.04293889 0.04133980
v 0.00959406 -0.04293889 0.04133980
v 0.00960390 -0.04367490 0.03965744
v 0.01570389 -0.00258023 0.00035643
v 0.01570389 -0.00279327 -0.00047630
v 0.01570389 -0.00258023 0.00035643
v 0.00960390 -0.04367490 0.03965744
v -0.01021331 0.00475184 -0.00149782
v -0.01649612 0.00247602 -0.00115427
v -0.01559996 0.00297237 -0.00040029
v -0.01021331 0.00475184 -0.00149782
v -0.01623154 0.00209734 -0.00201674
v -0.01649612 0.00247602 -0.00115427
v -0.00683119 -0.00374678 0.01184480
v -0.00646446 -0.00311491 0.01123665
v -0.00730584 -0.00259864 0.01061828
v -0.00620370 -0.01718798 0.02487834
v -0.00555664 -0.02249568 0.03002334
v -0.00646446 -0.00311491 0.01123665
v -0.01592703 0.00224777 0.00197265
v -0.00739575 -0.01907676 0.02654833
v -0.01031955 0.00317698 0.00369905
v -0.00739575 -0.01907676 0.02654833
v -0.01592703 0.00224777 0.00197265
v -0.00998171 -0.03570340 0.04122916
v -0.00697497 -0.02232572 0.02983742
v -0.00739575 -0.01907676 0.02654833
v -0.00998171 -0.03570340 0.04122916
v -0.00646446 -0.00311491 0.01123665
v -0.00648486 -0.00179832 0.00985528
v -0.00730584 -0.00259864 0.01061828
v -0.01649612 0.00247602 -0.00115427
v -0.01611135 0.00291802 0.00037389
v -0.01559996 0.00297237 -0.00040029
v -0.01611135 0.00291802 0.00037389
v -0.01021331 0.00475184 -0.00149782
v -0.01559996 0.00297237 -0.00040029
v -0.01611135 0.00291802 0.00037389
v -0.01024594 0.00440954 0.00224776
v -0.01029316 0.00471065 0.00135824
v 0.00861356 -0.03945908 0.04307925
v -0.00973631 -0.03907029 0.04306140
v -0.00706538 -0.03943223 0.04307911
v 0.00960390 -0.03757537 0.04240074
v 0.00960390 -0.04210183 0.04206510
v 0.01564525 0.00003518 0.00285333
v 0.00960390 -0.04210183 0.04206510
v 0.00960390 -0.03757537 0.04240074
v 0.00948917 -0.03966036 0.04299173
v 0.00627472 -0.01879021 0.02636544
v 0.00606685 -0.02231026 0.02982500
v 0.00922182 -0.03677054 0.04223403
v 0.01552585 0.00250533 -0.00143320
v 0.01556107 0.00199938 -0.00206903
v 0.00933977 0.00338431 -0.00367942
v 0.01570388 0.00211595 -0.00081415
v 0.01556107 0.00199938 -0.00206903
v 0.01552585 0.00250533 -0.00143320
v -0.00846855 -0.04417354 0.03723043
v -0.00729045 -0.04398977 0.03660778
v 0.00632762 -0.04412667 0.03703779
v -0.00846855 -0.04417354 0.03723043
v 0.00850748 -0.04416666 0.03720126
v -0.00961559 -0.04420011 0.03735673
v -0.00846855 -0.04417354 0.03723043
v -0.00961559 -0.04420011 0.03735673
v -0.00970753 -0.04389199 0.03636654
v -0.00970753 -0.04389199 0.03636654
v -0.00729045 -0.04398977 0.03660778
v -0.00846855 -0.04417354 0.03723043
v -0.01032910 -0.04292466 0.03512109
v -0.01038483 -0.04378939 0.03661305
v -0.01646314 -0.00174386 -0.00225004
v -0.01032910 -0.04292466 0.03512109
v -0.01646314 -0.00174386 -0.00225004
v -0.01038577 -0.00304806 -0.00372097
v -0.01032910 -0.04292466 0.03512109
v -0.00960663 -0.04324354 0.03528993
v -0.00970753 -0.04389199 0.03636654
v -0.01038483 -0.04378939 0.03661305
v -0.01032910 -0.04292466 0.03512109
v -0.00970753 -0.04389199 0.03636654
v -0.00960663 -0.04324354 0.03528993
v -0.01032910 -0.04292466 0.03512109
v -0.00971617 -0.00390785 -0.00311859
v -0.01032910 -0.04292466 0.03512109
v -0.01038577 -0.00304806 -0.00372097
v -0.00971617 -0.00390785 -0.00311859
v -0.00945554 -0.04328669 0.04121710
v -0.00998056 -0.04282564 0.04173163
v -0.01023298 -0.04332782 0.04110171
v -0.00945554 -0.04328669 0.04121710
v -0.01023298 -0.04332782 0.04110171
v -0.00886368 -0.04367614 0.04062889
v -0.00754208 -0.04350305 0.04091469
v -0.00945554 -0.04328669 0.04121710
v -0.00886368 -0.04367614 0.04062889
v 0.00721586 -0.00323224 -0.00381374
v 0.00895498 -0.00296272 -0.00402590
v 0.00813069 -0.00343270 -0.00363500
v 0.00721586 -0.00323224 -0.00381374
v -0.00106280 -0.00262081 -0.00437021
v 0.00895498 -0.00296272 -0.00402590
v 0.00826435 -0.00235793 -0.00440774
v 0.00942136 -0.00191376 -0.00459888
v 0.00895498 -0.00296272 -0.00402590
v 0.00895498 -0.00296272 -0.00402590
v -0.00106280 -0.00262081 -0.00437021
v 0.00826435 -0.00235793 -0.00440774
v -0.01038577 -0.00304806 -0.00372097
v -0.00965639 -0.00304793 -0.00396318
v -0.00971617 -0.00390785 -0.00311859
v -0.00965639 -0.00304793 -0.00396318
v -0.01038577 -0.00304806 -0.00372097
v -0.00993135 -0.00241035 -0.00437953
v -0.00965639 -0.00304793 -0.00396318
v -0.00960663 -0.04324354 0.03528993
v -0.00971617 -0.00390785 -0.00311859
v -0.00960663 -0.04324354 0.03528993
v -0.00965639 -0.00304793 -0.00396318
v -0.00873958 -0.04268171 0.03469497
v 0.00886143 0.00274676 -0.00417792
v 0.00933977 0.00338431 -0.00367942
v 0.00906617 0.00168280 -0.00470824
v -0.01593258 -0.00023998 -0.00297970
v -0.01649611 -0.00098243 -0.00264051
v -0.01639872 0.00068800 -0.00278128
v -0.00989870 0.00037376 -0.00498500
v -0.01639872 0.00068800 -0.00278128
v -0.00964081 0.00128084 -0.00483271
v -0.00989870 0.00037376 -0.00498500
v -0.01593258 -0.00023998 -0.00297970
v -0.01639872 0.00068800 -0.00278128
v -0.01593258 -0.00023998 -0.00297970
v -0.00989870 0.00037376 -0.00498500
v -0.01038151 -0.00043369 -0.00479414
v -0.00811636 -0.04292418 0.03492811
v 0.00878810 -0.04285273 0.03485480
v 0.00724971 -0.04297852 0.03498429
v -0.00811636 -0.04292418 0.03492811
v 0.00024586 -0.00414662 -0.00294377
v 0.00878810 -0.04285273 0.03485480
v -0.00811636 -0.04292418 0.03492811
v -0.00960663 -0.04324354 0.03528993
v -0.00873958 -0.04268171 0.03469497
v -0.00811636 -0.04292418 0.03492811
v 0.00724971 -0.04297852 0.03498429
v -0.00960663 -0.04324354 0.03528993
v 0.00024586 -0.00414662 -0.00294377
v -0.00811636 -0.04292418 0.03492811
v -0.00069978 -0.00406935 -0.00301868
v 0.00850748 -0.04416666 0.03720126
v 0.00566479 -0.04422684 0.03750147
v -0.00961559 -0.04420011 0.03735673
v 0.00566479 -0.04422684 0.03750147
v 0.00850748 -0.04416666 0.03720126
v 0.00813650 -0.04426998 0.03784632
v 0.00566479 -0.04422684 0.03750147
v -0.00727071 -0.04426974 0.03784342
v -0.00961559 -0.04420011 0.03735673
v 0.00850748 -0.04416666 0.03720126
v 0.00880194 -0.04428418 0.03851663
v 0.00813650 -0.04426998 0.03784632
v 0.00813650 -0.04426998 0.03784632
v 0.00880194 -0.04428418 0.03851663
v 0.00644030 -0.04428939 0.03818797
v 0.00951091 -0.04415318 0.03881125
v 0.00880194 -0.04428418 0.03851663
v 0.00901012 -0.04399745 0.03662852
v 0.00880194 -0.04428418 0.03851663
v 0.00850748 -0.04416666 0.03720126
v 0.00901012 -0.04399745 0.03662852
v 0.00880194 -0.04428418 0.03851663
v 0.00951091 -0.04415318 0.03881125
v 0.00889660 -0.04407898 0.03968742
v 0.00880194 -0.04428418 0.03851663
v -0.00939412 -0.04428866 0.03838696
v 0.00644030 -0.04428939 0.03818797
v -0.00672147 -0.04359845 0.03579807
v -0.00870567 -0.04377574 0.03611990
v -0.00960663 -0.04324354 0.03528993
v -0.00870567 -0.04377574 0.03611990
v -0.00672147 -0.04359845 0.03579807
v 0.00873499 -0.04361240 0.03582216
v -0.00879739 -0.04422563 0.03906210
v 0.00639040 -0.04423103 0.03902843
v -0.00659597 -0.04415701 0.03940536
v -0.01024594 0.00440954 0.00224776
v -0.00979548 0.00387691 0.00315707
v -0.00912846 0.00417640 0.00274808
v -0.00979548 0.00387691 0.00315707
v -0.01592703 0.00224777 0.00197265
v -0.01031955 0.00317698 0.00369905
v -0.00979548 0.00387691 0.00315707
v -0.01024594 0.00440954 0.00224776
v -0.01592703 0.00224777 0.00197265
v -0.00979548 0.00387691 0.00315707
v -0.01031955 0.00317698 0.00369905
v -0.00730584 -0.00259864 0.01061828
v -0.00648486 -0.00179832 0.00985528
v -0.00979548 0.00387691 0.00315707
v -0.00730584 -0.00259864 0.01061828
v -0.00917970 0.00460089 0.00195768
v -0.01029316 0.00471065 0.00135824
v -0.01024594 0.00440954 0.00224776
v -0.00917970 0.00460089 0.00195768
v -0.01024594 0.00440954 0.00224776
v -0.00912846 0.00417640 0.00274808
v 0.00564973 -0.00216823 0.01031861
v 0.00904338 0.00375856 0.00329591
v -0.00429555 -0.00198524 0.01012913
v 0.00564973 -0.00216823 0.01031861
v 0.00572089 -0.00506072 0.01312282
v 0.00600130 -0.00832631 0.01627994
v -0.00555664 -0.02249568 0.03002334
v -0.00669780 -0.02058689 0.02817306
v -0.00676467 -0.02118203 0.02874901
v -0.00676467 -0.02118203 0.02874901
v -0.00697497 -0.02232572 0.02983742
v -0.00555664 -0.02249568 0.03002334
v -0.00669780 -0.02058689 0.02817306
v -0.00668970 -0.00982020 0.01773640
v -0.00676467 -0.02118203 0.02874901
v -0.00676467 -0.02118203 0.02874901
v -0.00668970 -0.00982020 0.01773640
v -0.00683119 -0.00374678 0.01184480
v -0.00707214 -0.00860720 0.01651969
v -0.00683119 -0.00374678 0.01184480
v -0.00730584 -0.00259864 0.01061828
v -0.01649612 0.00236384 0.00124610
v -0.01611135 0.00291802 0.00037389
v -0.01649612 0.00247602 -0.00115427
v -0.01649612 0.00236384 0.00124610
v -0.01649611 0.00175939 0.00197737
v -0.01592703 0.00224777 0.00197265
v -0.01592703 0.00224777 0.00197265
v -0.01024594 0.00440954 0.00224776
v -0.01649612 0.00236384 0.00124610
v -0.01024594 0.00440954 0.00224776
v -0.01611135 0.00291802 0.00037389
v -0.01649612 0.00236384 0.00124610
v -0.01028352 0.00488950 0.00047155
v -0.01611135 0.00291802 0.00037389
v -0.01029316 0.00471065 0.00135824
v -0.01611135 0.00291802 0.00037389
v -0.01028352 0.00488950 0.00047155
v -0.01021331 0.00475184 -0.00149782
v -0.00973631 -0.03907029 0.04306140
v -0.00914421 -0.03972136 0.04307386
v -0.00706538 -0.03943223 0.04307911
v -0.00706538 -0.03943223 0.04307911
v -0.00914421 -0.03972136 0.04307386
v 0.00655774 -0.03949871 0.04307944
v -0.01016400 -0.03997647 0.04305491
v -0.00914421 -0.03972136 0.04307386
v -0.00973631 -0.03907029 0.04306140
v 0.00960390 -0.03757537 0.04240074
v 0.00960250 -0.03575177 0.04096193
v 0.00922182 -0.03677054 0.04223403
v 0.00900483 -0.03807972 0.04286711
v 0.00960390 -0.03757537 0.04240074
v 0.00922182 -0.03677054 0.04223403
v 0.00900483 -0.03807972 0.04286711
v 0.00861356 -0.03945908 0.04307925
v 0.00948917 -0.03966036 0.04299173
v 0.00960390 -0.03757537 0.04240074
v 0.00900483 -0.03807972 0.04286711
v 0.00948917 -0.03966036 0.04299173
v 0.00881601 -0.03619415 0.04176869
v 0.00922182 -0.03677054 0.04223403
v 0.00606685 -0.02231026 0.02982500
v 0.00881601 -0.03619415 0.04176869
v 0.00677149 -0.03655711 0.04207887
v 0.00922182 -0.03677054 0.04223403
v 0.00572089 -0.00506072 0.01312282
v 0.00559819 -0.00368162 0.01178599
v -0.00646446 -0.00311491 0.01123665
v 0.00559819 -0.00368162 0.01178599
v 0.00572089 -0.00506072 0.01312282
v 0.00564973 -0.00216823 0.01031861
v 0.00606685 -0.02231026 0.02982500
v 0.00627472 -0.01879021 0.02636544
v 0.00613994 -0.01218391 0.01999711
v 0.01565664 0.00012602 -0.00284818
v 0.00940573 -0.00099300 -0.00489714
v 0.00926802 -0.00018706 -0.00499644
v 0.00743736 -0.04415953 0.03717103
v 0.00632762 -0.04412667 0.03703779
v 0.00850748 -0.04416666 0.03720126
v 0.00743736 -0.04415953 0.03717103
v -0.00846855 -0.04417354 0.03723043
v 0.00632762 -0.04412667 0.03703779
v 0.00743736 -0.04415953 0.03717103
v 0.00850748 -0.04416666 0.03720126
v -0.00846855 -0.04417354 0.03723043
v 0.00854959 -0.04043915 0.04298493
v 0.00941005 -0.04068155 0.04292335
v 0.00861356 -0.03945908 0.04307925
v 0.00650080 -0.04093881 0.04285658
v -0.00889450 -0.04106669 0.04281330
v 0.00874558 -0.04133397 0.04271152
v -0.01039610 -0.04210978 0.04204775
v -0.00998056 -0.04282564 0.04173163
v -0.00974711 -0.04157631 0.04260316
v -0.00889450 -0.04106669 0.04281330
v -0.00974711 -0.04157631 0.04260316
v 0.00874558 -0.04133397 0.04271152
v -0.00639610 -0.04383976 0.04030929
v 0.00694993 -0.04364809 0.04068008
v -0.00886368 -0.04367614 0.04062889
v -0.00639610 -0.04383976 0.04030929
v 0.00632776 -0.04387246 0.04023935
v 0.00694993 -0.04364809 0.04068008
v 0.00712691 -0.04403631 0.03982258
v 0.00889660 -0.04407898 0.03968742
v 0.00632776 -0.04387246 0.04023935
v 0.00033440 -0.00307229 -0.00398517
v 0.00721586 -0.00323224 -0.00381374
v 0.00813069 -0.00343270 -0.00363500
v 0.00721586 -0.00323224 -0.00381374
v 0.00033440 -0.00307229 -0.00398517
v -0.00106280 -0.00262081 -0.00437021
v 0.00033440 -0.00307229 -0.00398517
v 0.00813069 -0.00343270 -0.00363500
v 0.00024586 -0.00414662 -0.00294377
v 0.00033440 -0.00307229 -0.00398517
v 0.00024586 -0.00414662 -0.00294377
v -0.00069978 -0.00406935 -0.00301868
v -0.00882373 -0.00271768 -0.00419587
v -0.00993135 -0.00241035 -0.00437953
v -0.00106280 -0.00262081 -0.00437021
v -0.00882373 -0.00271768 -0.00419587
v -0.00965639 -0.00304793 -0.00396318
v -0.00993135 -0.00241035 -0.00437953
v -0.00965639 -0.00304793 -0.00396318
v -0.00882373 -0.00271768 -0.00419587
v -0.00106280 -0.00262081 -0.00437021
v 0.00688272 -0.00203841 -0.00456494
v 0.00942136 -0.00191376 -0.00459888
v 0.00826435 -0.00235793 -0.00440774
v 0.00688272 -0.00203841 -0.00456494
v 0.00826435 -0.00235793 -0.00440774
v -0.00106280 -0.00262081 -0.00437021
v 0.00933977 0.00338431 -0.00367942
v 0.00290457 0.00326484 -0.00378660
v -0.00691319 0.00338018 -0.00368336
v 0.00774489 0.00227102 -0.00445371
v 0.00886143 0.00274676 -0.00417792
v 0.00906617 0.00168280 -0.00470824
v 0.00886143 0.00274676 -0.00417792
v 0.00774489 0.00227102 -0.00445371
v 0.00664332 0.00252619 -0.00431502
v 0.00758700 0.00310800 -0.00391636
v 0.00933977 0.00338431 -0.00367942
v 0.00886143 0.00274676 -0.00417792
v 0.00758700 0.00310800 -0.00391636
v 0.00886143 0.00274676 -0.00417792
v 0.00106199 0.00298194 -0.00401221
v 0.00758700 0.00310800 -0.00391636
v 0.00290457 0.00326484 -0.00378660
v 0.00933977 0.00338431 -0.00367942
v 0.00565894 0.00262713 -0.00425323
v 0.00886143 0.00274676 -0.00417792
v 0.00664332 0.00252619 -0.00431502
v 0.00853280 -0.00075159 -0.00494207
v 0.00926802 -0.00018706 -0.00499644
v 0.00940573 -0.00099300 -0.00489714
v -0.00739667 0.00001387 -0.00499989
v -0.00942709 -0.00047175 -0.00497695
v -0.00989870 0.00037376 -0.00498500
v -0.00895003 0.00187373 -0.00463517
v -0.00964081 0.00128084 -0.00483271
v -0.00968480 0.00210803 -0.00453352
v 0.00716806 -0.04426909 0.03783585
v 0.00813650 -0.04426998 0.03784632
v -0.00727071 -0.04426974 0.03784342
v 0.00566479 -0.04422684 0.03750147
v 0.00716806 -0.04426909 0.03783585
v -0.00727071 -0.04426974 0.03784342
v 0.00716806 -0.04426909 0.03783585
v 0.00566479 -0.04422684 0.03750147
v 0.00813650 -0.04426998 0.03784632
v -0.00939412 -0.04428866 0.03838696
v -0.00750500 -0.04424879 0.03891417
v -0.00879739 -0.04422563 0.03906210
v -0.00750500 -0.04424879 0.03891417
v 0.00639040 -0.04423103 0.03902843
v -0.00879739 -0.04422563 0.03906210
v -0.00745318 -0.04331458 0.03537939
v -0.00672147 -0.04359845 0.03579807
v -0.00960663 -0.04324354 0.03528993
v -0.00745318 -0.04331458 0.03537939
v -0.00960663 -0.04324354 0.03528993
v 0.00938441 -0.04326106 0.03531201
v -0.00745318 -0.04331458 0.03537939
v 0.00938441 -0.04326106 0.03531201
v 0.00761648 -0.04337192 0.03545837
v 0.00665113 -0.04355117 0.03572255
v 0.00761648 -0.04337192 0.03545837
v 0.00873499 -0.04361240 0.03582216
v 0.00665113 -0.04355117 0.03572255
v 0.00873499 -0.04361240 0.03582216
v -0.00672147 -0.04359845 0.03579807
v 0.00665113 -0.04355117 0.03572255
v -0.00745318 -0.04331458 0.03537939
v 0.00761648 -0.04337192 0.03545837
v -0.00745318 -0.04331458 0.03537939
v 0.00665113 -0.04355117 0.03572255
v -0.00672147 -0.04359845 0.03579807
v 0.00566461 -0.04414281 0.03945937
v 0.00808275 -0.04408448 0.03966999
v -0.00659597 -0.04415701 0.03940536
v 0.00639040 -0.04423103 0.03902843
v 0.00566461 -0.04414281 0.03945937
v -0.00659597 -0.04415701 0.03940536
v 0.00566461 -0.04414281 0.03945937
v 0.00889660 -0.04407898 0.03968742
v 0.00808275 -0.04408448 0.03966999
v 0.00566461 -0.04414281 0.03945937
v 0.00639040 -0.04423103 0.03902843
v 0.00889660 -0.04407898 0.03968742
v -0.00815737 0.00389619 -0.00313269
v -0.00909339 0.00344240 -0.00362526
v -0.00964751 0.00421892 -0.00268239
v -0.00429555 -0.00198524 0.01012913
v -0.00979548 0.00387691 0.00315707
v -0.00554687 -0.00185115 0.00995350
v -0.00554687 -0.00185115 0.00995350
v -0.00979548 0.00387691 0.00315707
v -0.00648486 -0.00179832 0.00985528
v -0.00554687 -0.00185115 0.00995350
v -0.00646446 -0.00311491 0.01123665
v -0.00429555 -0.00198524 0.01012913
v -0.00554687 -0.00185115 0.00995350
v -0.00648486 -0.00179832 0.00985528
v -0.00646446 -0.00311491 0.01123665
v 0.00028459 0.00388712 0.00314510
v -0.00429555 -0.00198524 0.01012913
v 0.00904338 0.00375856 0.00329591
v 0.00641836 -0.00238682 0.01040187
v 0.00564973 -0.00216823 0.01031861
v 0.00628358 -0.00334854 0.01139386
v 0.00564973 -0.00216823 0.01031861
v 0.00641836 -0.00238682 0.01040187
v 0.00904338 0.00375856 0.00329591
v 0.00945653 0.00294588 0.00397418
v 0.00641836 -0.00238682 0.01040187
v 0.00628358 -0.00334854 0.01139386
v 0.00641836 -0.00238682 0.01040187
v 0.00945653 0.00294588 0.00397418
v 0.00904338 0.00375856 0.00329591
v 0.00564973 -0.00216823 0.01031861
v 0.00623352 -0.00408498 0.01212224
v 0.00628358 -0.00334854 0.01139386
v 0.00623352 -0.00408498 0.01212224
v 0.00627472 -0.01879021 0.02636544
v 0.00628358 -0.00334854 0.01139386
v 0.00623352 -0.00408498 0.01212224
v 0.00613994 -0.01218391 0.01999711
v 0.00627472 -0.01879021 0.02636544
v 0.00637195 -0.00788879 0.01576260
v 0.00945653 0.00294588 0.00397418
v 0.00628358 -0.00334854 0.01139386
v 0.00637195 -0.00788879 0.01576260
v 0.00628358 -0.00334854 0.01139386
v 0.00627472 -0.01879021 0.02636544
v -0.00790198 0.00471343 -0.00166669
v -0.00892976 0.00485878 -0.00117702
v -0.00379203 0.00479706 -0.00140880
v -0.00892976 0.00485878 -0.00117702
v -0.00790198 0.00471343 -0.00166669
v -0.01021331 0.00475184 -0.00149782
v -0.00660889 -0.00738416 0.01537503
v -0.00620370 -0.01718798 0.02487834
v -0.00646446 -0.00311491 0.01123665
v -0.00660889 -0.00738416 0.01537503
v -0.00668970 -0.00982020 0.01773640
v -0.00620370 -0.01718798 0.02487834
v -0.00646446 -0.00311491 0.01123665
v -0.00683119 -0.00374678 0.01184480
v -0.00660889 -0.00738416 0.01537503
v -0.00668970 -0.00982020 0.01773640
v -0.00660889 -0.00738416 0.01537503
v -0.00683119 -0.00374678 0.01184480
v -0.00644700 -0.01992409 0.02753057
v -0.00668970 -0.00982020 0.01773640
v -0.00669780 -0.02058689 0.02817306
v -0.00644700 -0.01992409 0.02753057
v -0.00620370 -0.01718798 0.02487834
v -0.00668970 -0.00982020 0.01773640
v -0.00644700 -0.01992409 0.02753057
v -0.00669780 -0.02058689 0.02817306
v -0.00555664 -0.02249568 0.03002334
v -0.00644700 -0.01992409 0.02753057
v -0.00555664 -0.02249568 0.03002334
v -0.00620370 -0.01718798 0.02487834
v -0.00739575 -0.01907676 0.02654833
v -0.00738264 -0.01825373 0.02575679
v -0.01031955 0.00317698 0.00369905
v -0.00687145 -0.01171178 0.01956358
v -0.00676467 -0.02118203 0.02874901
v -0.00683119 -0.00374678 0.01184480
v -0.00687145 -0.01171178 0.01956358
v -0.00697497 -0.02232572 0.02983742
v -0.00676467 -0.02118203 0.02874901
v -0.00707214 -0.00860720 0.01651969
v -0.00687145 -0.01171178 0.01956358
v -0.00683119 -0.00374678 0.01184480
v -0.00687145 -0.01171178 0.01956358
v -0.00707214 -0.00860720 0.01651969
v -0.00697497 -0.02232572 0.02983742
v -0.00971452 0.00493126 -0.00082515
v -0.01021331 0.00475184 -0.00149782
v -0.01028352 0.00488950 0.00047155
v -0.00971452 0.00493126 -0.00082515
v -0.00892976 0.00485878 -0.00117702
v -0.01021331 0.00475184 -0.00149782
v -0.00998171 -0.03570340 0.04122916
v -0.01037343 -0.03729408 0.04234781
v -0.00965777 -0.03696169 0.04235906
v -0.01030910 -0.03810489 0.04275747
v -0.01016400 -0.03997647 0.04305491
v -0.00973631 -0.03907029 0.04306140
v -0.01030910 -0.03810489 0.04275747
v -0.00965777 -0.03696169 0.04235906
v -0.01037343 -0.03729408 0.04234781
v -0.01016400 -0.03997647 0.04305491
v -0.00949511 -0.04045384 0.04298209
v -0.00807528 -0.04002934 0.04304999
v -0.00949511 -0.04045384 0.04298209
v -0.00974711 -0.04157631 0.04260316
v -0.00889450 -0.04106669 0.04281330
v -0.00949511 -0.04045384 0.04298209
v -0.01016400 -0.03997647 0.04305491
v -0.00974711 -0.04157631 0.04260316
v -0.00949511 -0.04045384 0.04298209
v 0.00671900 -0.04026203 0.04301795
v -0.00807528 -0.04002934 0.04304999
v -0.00949511 -0.04045384 0.04298209
v 0.00854959 -0.04043915 0.04298493
v 0.00671900 -0.04026203 0.04301795
v 0.00857703 -0.03718848 0.04249096
v 0.00900483 -0.03807972 0.04286711
v 0.00922182 -0.03677054 0.04223403
v -0.00950358 -0.03821154 0.04290667
v -0.01030910 -0.03810489 0.04275747
v -0.00973631 -0.03907029 0.04306140
v -0.00965777 -0.03696169 0.04235906
v -0.00950358 -0.03821154 0.04290667
v -0.00850865 -0.03725344 0.04252589
v -0.00950358 -0.03821154 0.04290667
v -0.00965777 -0.03696169 0.04235906
v -0.01030910 -0.03810489 0.04275747
v 0.00509136 -0.02269933 0.03021664
v 0.00881601 -0.03619415 0.04176869
v 0.00606685 -0.02231026 0.02982500
v 0.00606685 -0.02231026 0.02982500
v 0.00613994 -0.01218391 0.01999711
v 0.00611089 -0.01108604 0.01893820
v 0.00596781 -0.02153606 0.02908731
v 0.00588057 -0.01798930 0.02565373
v 0.00528013 -0.02121576 0.02878266
v 0.00596781 -0.02153606 0.02908731
v 0.00509136 -0.02269933 0.03021664
v 0.00606685 -0.02231026 0.02982500
v 0.00509136 -0.02269933 0.03021664
v 0.00596781 -0.02153606 0.02908731
v 0.00528013 -0.02121576 0.02878266
v 0.00559629 -0.01703462 0.02472969
v 0.00588057 -0.01798930 0.02565373
v 0.00572089 -0.00506072 0.01312282
v 0.00594487 -0.01306732 0.02087934
v 0.00600130 -0.00832631 0.01627994
v 0.00572089 -0.00506072 0.01312282
v 0.00588057 -0.01798930 0.02565373
v 0.00594487 -0.01306732 0.02087934
v 0.00572089 -0.00506072 0.01312282
v 0.00594487 -0.01306732 0.02087934
v 0.00596781 -0.02153606 0.02908731
v 0.00600130 -0.00832631 0.01627994
v 0.00596781 -0.02153606 0.02908731
v 0.00594487 -0.01306732 0.02087934
v 0.00588057 -0.01798930 0.02565373
v 0.01570389 -0.00138915 -0.00192735
v 0.01570389 -0.00279327 -0.00047630
v 0.01540868 -0.00224943 -0.00185858
v 0.01565664 0.00012602 -0.00284818
v 0.01570389 -0.00138915 -0.00192735
v 0.01540868 -0.00224943 -0.00185858
v 0.01540868 -0.00224943 -0.00185858
v 0.00942136 -0.00191376 -0.00459888
v 0.01491348 -0.00124739 -0.00272793
v 0.01491348 -0.00124739 -0.00272793
v 0.01565664 0.00012602 -0.00284818
v 0.01540868 -0.00224943 -0.00185858
v 0.00940573 -0.00099300 -0.00489714
v 0.01491348 -0.00124739 -0.00272793
v 0.00942136 -0.00191376 -0.00459888
v 0.01565664 0.00012602 -0.00284818
v 0.01491348 -0.00124739 -0.00272793
v 0.00940573 -0.00099300 -0.00489714
v 0.00953216 0.00092948 -0.00478210
v 0.01565664 0.00012602 -0.00284818
v 0.00926802 -0.00018706 -0.00499644
v 0.00759359 -0.03981192 0.04306988
v 0.00854959 -0.04043915 0.04298493
v 0.00861356 -0.03945908 0.04307925
v 0.00854959 -0.04043915 0.04298493
v 0.00759359 -0.03981192 0.04306988
v 0.00671900 -0.04026203 0.04301795
v 0.00759359 -0.03981192 0.04306988
v 0.00861356 -0.03945908 0.04307925
v 0.00655774 -0.03949871 0.04307944
v 0.00671900 -0.04026203 0.04301795
v 0.00759359 -0.03981192 0.04306988
v -0.00807528 -0.04002934 0.04304999
v -0.00914421 -0.03972136 0.04307386
v 0.00759359 -0.03981192 0.04306988
v 0.00655774 -0.03949871 0.04307944
v 0.00759359 -0.03981192 0.04306988
v -0.01016400 -0.03997647 0.04305491
v -0.00807528 -0.04002934 0.04304999
v 0.00759359 -0.03981192 0.04306988
v -0.00914421 -0.03972136 0.04307386
v -0.01016400 -0.03997647 0.04305491
v 0.00750181 -0.04082699 0.04288971
v 0.00874558 -0.04133397 0.04271152
v 0.00941005 -0.04068155 0.04292335
v 0.00750181 -0.04082699 0.04288971
v 0.00650080 -0.04093881 0.04285658
v 0.00874558 -0.04133397 0.04271152
v 0.00750181 -0.04082699 0.04288971
v 0.00941005 -0.04068155 0.04292335
v 0.00854959 -0.04043915 0.04298493
v 0.00854959 -0.04043915 0.04298493
v -0.00949511 -0.04045384 0.04298209
v 0.00750181 -0.04082699 0.04288971
v -0.00974711 -0.04157631 0.04260316
v -0.01037614 -0.04097587 0.04265422
v -0.01039610 -0.04210978 0.04204775
v -0.01037614 -0.04097587 0.04265422
v -0.00974711 -0.04157631 0.04260316
v -0.01016400 -0.03997647 0.04305491
v -0.01030910 -0.03810489 0.04275747
v -0.01037614 -0.04097587 0.04265422
v -0.01016400 -0.03997647 0.04305491
v -0.01037614 -0.04097587 0.04265422
v -0.01649611 0.00040453 0.00240112
v -0.01649611 -0.00151027 0.00208461
v -0.01037614 -0.04097587 0.04265422
v -0.01649611 -0.00151027 0.00208461
v -0.01039610 -0.04210978 0.04204775
v -0.01037614 -0.04097587 0.04265422
v -0.01037343 -0.03729408 0.04234781
v -0.01649611 0.00040453 0.00240112
v -0.01037614 -0.04097587 0.04265422
v -0.01030910 -0.03810489 0.04275747
v -0.01037343 -0.03729408 0.04234781
v -0.00887585 -0.04195092 0.04240098
v -0.00974711 -0.04157631 0.04260316
v -0.00998056 -0.04282564 0.04173163
v 0.00606368 -0.04177427 0.04250176
v 0.00785351 -0.04200496 0.04236915
v 0.00874558 -0.04133397 0.04271152
v 0.00606368 -0.04177427 0.04250176
v 0.00874558 -0.04133397 0.04271152
v -0.00974711 -0.04157631 0.04260316
v 0.00606368 -0.04177427 0.04250176
v -0.00887585 -0.04195092 0.04240098
v 0.00785351 -0.04200496 0.04236915
v 0.00852113 -0.04331802 0.04117570
v 0.00749404 -0.04313097 0.04140828
v -0.00945554 -0.04328669 0.04121710
v -0.00804167 -0.04290528 0.04165338
v -0.00998056 -0.04282564 0.04173163
v -0.00945554 -0.04328669 0.04121710
v -0.00945554 -0.04328669 0.04121710
v 0.00749404 -0.04313097 0.04140828
v -0.00804167 -0.04290528 0.04165338
v -0.00804167 -0.04290528 0.04165338
v 0.00749404 -0.04313097 0.04140828
v 0.00669233 -0.04295916 0.04159826
v -0.00639610 -0.04383976 0.04030929
v -0.00818277 -0.04394814 0.04006210
v 0.00632776 -0.04387246 0.04023935
v -0.00818277 -0.04394814 0.04006210
v -0.00886368 -0.04367614 0.04062889
v -0.00928869 -0.04403258 0.03983441
v -0.00818277 -0.04394814 0.04006210
v -0.00639610 -0.04383976 0.04030929
v -0.00886368 -0.04367614 0.04062889
v -0.00847690 -0.00334478 -0.00371504
v -0.00965639 -0.00304793 -0.00396318
v -0.00106280 -0.00262081 -0.00437021
v -0.00106280 -0.00262081 -0.00437021
v 0.00033440 -0.00307229 -0.00398517
v -0.00847690 -0.00334478 -0.00371504
v -0.00965639 -0.00304793 -0.00396318
v -0.00847690 -0.00334478 -0.00371504
v -0.00873958 -0.04268171 0.03469497
v -0.00847690 -0.00334478 -0.00371504
v -0.00811636 -0.04292418 0.03492811
v -0.00873958 -0.04268171 0.03469497
v -0.01014362 -0.00129834 -0.00482741
v -0.00989870 0.00037376 -0.00498500
v -0.00942709 -0.00047175 -0.00497695
v -0.01014362 -0.00129834 -0.00482741
v -0.01038151 -0.00043369 -0.00479414
v -0.00989870 0.00037376 -0.00498500
v -0.01014362 -0.00129834 -0.00482741
v -0.00993135 -0.00241035 -0.00437953
v -0.01649611 -0.00098243 -0.00264051
v -0.01014362 -0.00129834 -0.00482741
v -0.01649611 -0.00098243 -0.00264051
v -0.01593258 -0.00023998 -0.00297970
v -0.01014362 -0.00129834 -0.00482741
v -0.01593258 -0.00023998 -0.00297970
v -0.01038151 -0.00043369 -0.00479414
v 0.00577636 -0.00095039 -0.00490872
v 0.00853280 -0.00075159 -0.00494207
v 0.00940573 -0.00099300 -0.00489714
v -0.00570776 -0.00019704 -0.00499532
v -0.00739667 0.00001387 -0.00499989
v 0.00926802 -0.00018706 -0.00499644
v -0.00905683 0.00078298 -0.00493814
v -0.00989870 0.00037376 -0.00498500
v -0.00964081 0.00128084 -0.00483271
v -0.00813802 0.00141398 -0.00479551
v -0.00964081 0.00128084 -0.00483271
v -0.00895003 0.00187373 -0.00463517
v -0.00813802 0.00141398 -0.00479551
v 0.00746233 0.00141018 -0.00479655
v -0.00964081 0.00128084 -0.00483271
v -0.01029781 0.00378563 -0.00310762
v -0.01023555 0.00314789 -0.00383344
v -0.01623154 0.00209734 -0.00201674
v -0.01029781 0.00378563 -0.00310762
v -0.01623154 0.00209734 -0.00201674
v -0.01021331 0.00475184 -0.00149782
v -0.01021331 0.00475184 -0.00149782
v -0.00964751 0.00421892 -0.00268239
v -0.01029781 0.00378563 -0.00310762
v -0.01029781 0.00378563 -0.00310762
v -0.00964751 0.00421892 -0.00268239
v -0.00909339 0.00344240 -0.00362526
v -0.01023555 0.00314789 -0.00383344
v -0.01029781 0.00378563 -0.00310762
v -0.00909339 0.00344240 -0.00362526
v -0.01035558 0.00233008 -0.00424175
v -0.01023555 0.00314789 -0.00383344
v -0.00968480 0.00210803 -0.00453352
v -0.01035558 0.00233008 -0.00424175
v -0.00964081 0.00128084 -0.00483271
v -0.01639872 0.00068800 -0.00278128
v -0.01035558 0.00233008 -0.00424175
v -0.00968480 0.00210803 -0.00453352
v -0.00964081 0.00128084 -0.00483271
v 0.00565683 0.00404772 -0.00293440
v 0.00726699 0.00379827 -0.00325148
v 0.00100410 0.00389331 -0.00313576
v 0.00726699 0.00379827 -0.00325148
v -0.00815737 0.00389619 -0.00313269
v 0.00100410 0.00389331 -0.00313576
v -0.00750500 -0.04424879 0.03891417
v 0.00791812 -0.04427331 0.03869295
v 0.00639040 -0.04423103 0.03902843
v 0.00791812 -0.04427331 0.03869295
v 0.00880194 -0.04428418 0.03851663
v 0.00889660 -0.04407898 0.03968742
v 0.00889660 -0.04407898 0.03968742
v 0.00639040 -0.04423103 0.03902843
v 0.00791812 -0.04427331 0.03869295
v 0.00880194 -0.04428418 0.03851663
v 0.00791812 -0.04427331 0.03869295
v -0.00939412 -0.04428866 0.03838696
v 0.00791812 -0.04427331 0.03869295
v -0.00750500 -0.04424879 0.03891417
v -0.00939412 -0.04428866 0.03838696
v -0.00527155 0.00370331 -0.00335781
v -0.00909339 0.00344240 -0.00362526
v -0.00815737 0.00389619 -0.00313269
v -0.00721317 0.00393533 -0.00308404
v -0.00815737 0.00389619 -0.00313269
v -0.00964751 0.00421892 -0.00268239
v -0.00625109 0.00425881 -0.00261843
v -0.00403639 0.00422403 -0.00267580
v -0.00964751 0.00421892 -0.00268239
v -0.00852826 0.00443966 -0.00229851
v -0.00625109 0.00425881 -0.00261843
v -0.00964751 0.00421892 -0.00268239
v -0.00464676 0.00475398 -0.00154698
v -0.00790198 0.00471343 -0.00166669
v -0.00379203 0.00479706 -0.00140880
v -0.00860077 0.00384890 0.00319106
v -0.00979548 0.00387691 0.00315707
v -0.00429555 -0.00198524 0.01012913
v -0.00860077 0.00384890 0.00319106
v -0.00429555 -0.00198524 0.01012913
v 0.00028459 0.00388712 0.00314510
v -0.00860077 0.00384890 0.00319106
v 0.00028459 0.00388712 0.00314510
v -0.00979548 0.00387691 0.00315707
v -0.00979548 0.00387691 0.00315707
v -0.00781393 0.00410949 0.00284682
v -0.00912846 0.00417640 0.00274808
v 0.00438206 0.00428283 0.00257965
v -0.00574604 0.00438660 0.00239812
v -0.00912846 0.00417640 0.00274808
v 0.00949531 0.00419310 0.00255110
v 0.00869175 0.00426746 0.00260538
v 0.00904338 0.00375856 0.00329591
v 0.00945653 0.00294588 0.00397418
v 0.01570388 0.00223708 0.00171883
v 0.00904338 0.00375856 0.00329591
v 0.01570388 0.00223708 0.00171883
v 0.00949531 0.00419310 0.00255110
v 0.00904338 0.00375856 0.00329591
v 0.00949531 0.00419310 0.00255110
v 0.01570388 0.00223708 0.00171883
v 0.01546332 0.00270328 0.00105911
v 0.01570388 0.00223708 0.00171883
v 0.00627472 -0.01879021 0.02636544
v 0.00922182 -0.03677054 0.04223403
v 0.01570388 0.00223708 0.00171883
v 0.00945653 0.00294588 0.00397418
v 0.00627472 -0.01879021 0.02636544
v 0.00922182 -0.03677054 0.04223403
v 0.00960250 -0.03575177 0.04096193
v 0.01570388 0.00223708 0.00171883
v 0.01570388 0.00223708 0.00171883
v 0.00960250 -0.03575177 0.04096193
v 0.00960390 -0.03757537 0.04240074
v 0.01570388 0.00223708 0.00171883
v 0.00960390 -0.03757537 0.04240074
v 0.01564525 0.00003518 0.00285333
v 0.01570388 0.00223708 0.00171883
v 0.01564525 0.00003518 0.00285333
v 0.01570389 -0.00052291 0.00214308
v 0.00934295 0.00452019 -0.00213509
v 0.01552585 0.00250533 -0.00143320
v 0.00933977 0.00338431 -0.00367942
v 0.00934295 0.00452019 -0.00213509
v 0.00954093 0.00473533 -0.00110381
v 0.01552585 0.00250533 -0.00143320
v -0.00354168 -0.00219729 0.01034715
v -0.00646446 -0.00311491 0.01123665
v 0.00559819 -0.00368162 0.01178599
v -0.00354168 -0.00219729 0.01034715
v -0.00429555 -0.00198524 0.01012913
v -0.00646446 -0.00311491 0.01123665
v 0.00521118 -0.00313439 0.01125554
v 0.00559819 -0.00368162 0.01178599
v 0.00564973 -0.00216823 0.01031861
v 0.00363669 -0.00230908 0.01045552
v 0.00521118 -0.00313439 0.01125554
v 0.00564973 -0.00216823 0.01031861
v 0.00521118 -0.00313439 0.01125554
v 0.00363669 -0.00230908 0.01045552
v 0.00559819 -0.00368162 0.01178599
v 0.00617342 -0.00564152 0.01364660
v 0.00564973 -0.00216823 0.01031861
v 0.00600130 -0.00832631 0.01627994
v 0.00617342 -0.00564152 0.01364660
v 0.00623352 -0.00408498 0.01212224
v 0.00564973 -0.00216823 0.01031861
v 0.00611089 -0.01108604 0.01893820
v 0.00617342 -0.00564152 0.01364660
v 0.00600130 -0.00832631 0.01627994
v 0.00613994 -0.01218391 0.01999711
v 0.00623352 -0.00408498 0.01212224
v 0.00617342 -0.00564152 0.01364660
v 0.00617342 -0.00564152 0.01364660
v 0.00611089 -0.01108604 0.01893820
v 0.00613994 -0.01218391 0.01999711
v 0.00635730 -0.01537878 0.02302835
v 0.00627472 -0.01879021 0.02636544
v 0.00945653 0.00294588 0.00397418
v 0.00635730 -0.01537878 0.02302835
v 0.00637195 -0.00788879 0.01576260
v 0.00627472 -0.01879021 0.02636544
v 0.00637195 -0.00788879 0.01576260
v 0.00635730 -0.01537878 0.02302835
v 0.00945653 0.00294588 0.00397418
v -0.01031955 0.00317698 0.00369905
v -0.00729293 -0.00446360 0.01243186
v -0.00730584 -0.00259864 0.01061828
v -0.00738264 -0.01825373 0.02575679
v -0.00729293 -0.00446360 0.01243186
v -0.01031955 0.00317698 0.00369905
v -0.00725258 -0.00563402 0.01358118
v -0.00707214 -0.00860720 0.01651969
v -0.00730584 -0.00259864 0.01061828
v -0.00725258 -0.00563402 0.01358118
v -0.00718327 -0.01030051 0.01813000
v -0.00707214 -0.00860720 0.01651969
v -0.00729293 -0.00446360 0.01243186
v -0.00725258 -0.00563402 0.01358118
v -0.00730584 -0.00259864 0.01061828
v -0.00725258 -0.00563402 0.01358118
v -0.00729293 -0.00446360 0.01243186
v -0.00718327 -0.01030051 0.01813000
v -0.00971452 0.00493126 -0.00082515
v -0.00959269 0.00499329 0.00024151
v -0.00883190 0.00498990 -0.00030834
v -0.00959269 0.00499329 0.00024151
v -0.00971452 0.00493126 -0.00082515
v -0.01028352 0.00488950 0.00047155
v -0.00959269 0.00499329 0.00024151
v -0.00634173 0.00499977 0.00006499
v -0.00883190 0.00498990 -0.00030834
v -0.00720817 0.00496840 -0.00055521
v -0.00971452 0.00493126 -0.00082515
v -0.00883190 0.00498990 -0.00030834
v 0.00351468 0.00498120 -0.00043630
v -0.00720817 0.00496840 -0.00055521
v -0.00883190 0.00498990 -0.00030834
v -0.00524678 0.00487940 -0.00108879
v -0.00971452 0.00493126 -0.00082515
v -0.00275574 0.00489707 -0.00100433
v -0.00524678 0.00487940 -0.00108879
v -0.00892976 0.00485878 -0.00117702
v -0.00971452 0.00493126 -0.00082515
v -0.00555664 -0.02249568 0.03002334
v -0.00697497 -0.02232572 0.02983742
v -0.00934136 -0.03633535 0.04189702
v -0.00934136 -0.03633535 0.04189702
v 0.00509136 -0.02269933 0.03021664
v 0.00082406 -0.02277013 0.03027704
v -0.00934136 -0.03633535 0.04189702
v -0.00697497 -0.02232572 0.02983742
v -0.00998171 -0.03570340 0.04122916
v -0.00965777 -0.03696169 0.04235906
v -0.00934136 -0.03633535 0.04189702
v -0.00998171 -0.03570340 0.04122916
v 0.00677149 -0.03655711 0.04207887
v -0.00830572 -0.03651307 0.04204464
v 0.00922182 -0.03677054 0.04223403
v -0.00830572 -0.03651307 0.04204464
v -0.00934136 -0.03633535 0.04189702
v -0.00965777 -0.03696169 0.04235906
v 0.00735754 -0.03761040 0.04269559
v 0.00900483 -0.03807972 0.04286711
v 0.00857703 -0.03718848 0.04249096
v 0.00785634 -0.03683069 0.04227440
v 0.00857703 -0.03718848 0.04249096
v 0.00922182 -0.03677054 0.04223403
v -0.00766359 -0.03722730 0.04251183
v -0.00965777 -0.03696169 0.04235906
v -0.00850865 -0.03725344 0.04252589
v 0.00857703 -0.03718848 0.04249096
v -0.00766359 -0.03722730 0.04251183
v -0.00850865 -0.03725344 0.04252589
v -0.00766359 -0.03722730 0.04251183
v 0.00857703 -0.03718848 0.04249096
v -0.00965777 -0.03696169 0.04235906
v 0.00794529 -0.03894414 0.04304840
v -0.00973631 -0.03907029 0.04306140
v 0.00861356 -0.03945908 0.04307925
v 0.00794529 -0.03894414 0.04304840
v 0.00861356 -0.03945908 0.04307925
v 0.00900483 -0.03807972 0.04286711
v 0.00900483 -0.03807972 0.04286711
v 0.00698364 -0.03866995 0.04300959
v 0.00794529 -0.03894414 0.04304840
v 0.00794529 -0.03894414 0.04304840
v -0.00798501 -0.03896654 0.04305071
v -0.00973631 -0.03907029 0.04306140
v -0.00798501 -0.03896654 0.04305071
v 0.00794529 -0.03894414 0.04304840
v 0.00698364 -0.03866995 0.04300959
v 0.00617237 -0.03820617 0.04290531
v 0.00698364 -0.03866995 0.04300959
v 0.00900483 -0.03807972 0.04286711
v -0.00950358 -0.03821154 0.04290667
v 0.00617237 -0.03820617 0.04290531
v 0.00900483 -0.03807972 0.04286711
v 0.00391903 -0.02262246 0.03014624
v 0.00509136 -0.02269933 0.03021664
v 0.00528013 -0.02121576 0.02878266
v 0.00603275 -0.02025724 0.02784031
v 0.00596781 -0.02153606 0.02908731
v 0.00606685 -0.02231026 0.02982500
v 0.00606685 -0.02231026 0.02982500
v 0.00611089 -0.01108604 0.01893820
v 0.00603275 -0.02025724 0.02784031
v 0.00556481 -0.01386390 0.02165615
v 0.00559629 -0.01703462 0.02472969
v 0.00572089 -0.00506072 0.01312282
v 0.00556481 -0.01386390 0.02165615
v 0.00391903 -0.02262246 0.03014624
v 0.00528013 -0.02121576 0.02878266
v 0.00556481 -0.01386390 0.02165615
v 0.00572089 -0.00506072 0.01312282
v -0.00555664 -0.02249568 0.03002334
v 0.00547268 -0.01881291 0.02645346
v 0.00528013 -0.02121576 0.02878266
v 0.00588057 -0.01798930 0.02565373
v 0.00588057 -0.01798930 0.02565373
v 0.00559629 -0.01703462 0.02472969
v 0.00547268 -0.01881291 0.02645346
v 0.00547268 -0.01881291 0.02645346
v 0.00556481 -0.01386390 0.02165615
v 0.00528013 -0.02121576 0.02878266
v 0.00556481 -0.01386390 0.02165615
v 0.00547268 -0.01881291 0.02645346
v 0.00559629 -0.01703462 0.02472969
v 0.01570388 0.00211595 -0.00081415
v 0.01570388 0.00108366 -0.00259560
v 0.01556107 0.00199938 -0.00206903
v 0.01570388 0.00108366 -0.00259560
v 0.00906617 0.00168280 -0.00470824
v 0.00933977 0.00338431 -0.00367942
v 0.01556107 0.00199938 -0.00206903
v 0.01570388 0.00108366 -0.00259560
v 0.00933977 0.00338431 -0.00367942
v 0.01570388 0.00108366 -0.00259560
v 0.00953216 0.00092948 -0.00478210
v 0.00906617 0.00168280 -0.00470824
v 0.01565664 0.00012602 -0.00284818
v 0.00953216 0.00092948 -0.00478210
v 0.01570388 0.00108366 -0.00259560
v -0.00762609 -0.04104173 0.04282204
v -0.00949511 -0.04045384 0.04298209
v -0.00889450 -0.04106669 0.04281330
v -0.00762609 -0.04104173 0.04282204
v 0.00750181 -0.04082699 0.04288971
v -0.00949511 -0.04045384 0.04298209
v -0.00762609 -0.04104173 0.04282204
v -0.00889450 -0.04106669 0.04281330
v 0.00650080 -0.04093881 0.04285658
v 0.00750181 -0.04082699 0.04288971
v -0.00762609 -0.04104173 0.04282204
v 0.00650080 -0.04093881 0.04285658
v -0.00998056 -0.04282564 0.04173163
v -0.00886869 -0.04279851 0.04175828
v -0.00713487 -0.04258067 0.04195368
v -0.00736710 -0.04171513 0.04253281
v -0.00974711 -0.04157631 0.04260316
v -0.00887585 -0.04195092 0.04240098
v -0.00736710 -0.04171513 0.04253281
v 0.00606368 -0.04177427 0.04250176
v -0.00974711 -0.04157631 0.04260316
v -0.00736710 -0.04171513 0.04253281
v -0.00887585 -0.04195092 0.04240098
v 0.00606368 -0.04177427 0.04250176
v -0.00668508 -0.04336626 0.04111194
v -0.00754208 -0.04350305 0.04091469
v 0.00852113 -0.04331802 0.04117570
v -0.00754208 -0.04350305 0.04091469
v -0.00668508 -0.04336626 0.04111194
v -0.00945554 -0.04328669 0.04121710
v 0.00781014 -0.04356079 0.04082341
v 0.00852113 -0.04331802 0.04117570
v -0.00754208 -0.04350305 0.04091469
v 0.00583757 -0.04288325 0.04167502
v -0.00804167 -0.04290528 0.04165338
v 0.00669233 -0.04295916 0.04159826
v -0.00743249 -0.04395391 0.04004728
v 0.00712691 -0.04403631 0.03982258
v 0.00632776 -0.04387246 0.04023935
v -0.00818277 -0.04394814 0.04006210
v -0.00743249 -0.04395391 0.04004728
v 0.00632776 -0.04387246 0.04023935
v 0.00712691 -0.04403631 0.03982258
v -0.00743249 -0.04395391 0.04004728
v -0.00928869 -0.04403258 0.03983441
v -0.00743249 -0.04395391 0.04004728
v -0.00818277 -0.04394814 0.04006210
v -0.00928869 -0.04403258 0.03983441
v -0.00580284 -0.00342082 -0.00364483
v 0.00033440 -0.00307229 -0.00398517
v -0.00069978 -0.00406935 -0.00301868
v -0.00580284 -0.00342082 -0.00364483
v -0.00847690 -0.00334478 -0.00371504
v 0.00033440 -0.00307229 -0.00398517
v -0.00935302 -0.00194728 -0.00460396
v -0.00106280 -0.00262081 -0.00437021
v -0.00993135 -0.00241035 -0.00437953
v -0.00935302 -0.00194728 -0.00460396
v -0.00993135 -0.00241035 -0.00437953
v -0.01014362 -0.00129834 -0.00482741
v 0.00441034 0.00249490 -0.00433304
v 0.00664332 0.00252619 -0.00431502
v 0.00774489 0.00227102 -0.00445371
v 0.00774489 0.00227102 -0.00445371
v -0.00289765 0.00234356 -0.00441595
v 0.00441034 0.00249490 -0.00433304
v -0.00289765 0.00234356 -0.00441595
v 0.00173392 0.00224796 -0.00446535
v -0.00968480 0.00210803 -0.00453352
v 0.00173392 0.00224796 -0.00446535
v -0.00289765 0.00234356 -0.00441595
v 0.00774489 0.00227102 -0.00445371
v -0.00944923 0.00280542 -0.00413824
v 0.00886143 0.00274676 -0.00417792
v 0.00565894 0.00262713 -0.00425323
v -0.01023555 0.00314789 -0.00383344
v -0.00944923 0.00280542 -0.00413824
v -0.00968480 0.00210803 -0.00453352
v -0.00944923 0.00280542 -0.00413824
v -0.01023555 0.00314789 -0.00383344
v -0.00909339 0.00344240 -0.00362526
v 0.00853280 -0.00075159 -0.00494207
v 0.00059254 -0.00044916 -0.00497904
v 0.00525431 -0.00030697 -0.00498983
v -0.00132009 -0.00054036 -0.00496984
v 0.00059254 -0.00044916 -0.00497904
v 0.00853280 -0.00075159 -0.00494207
v -0.00132009 -0.00054036 -0.00496984
v 0.00853280 -0.00075159 -0.00494207
v -0.00380047 -0.00065055 -0.00495629
v -0.00132009 -0.00054036 -0.00496984
v -0.00380047 -0.00065055 -0.00495629
v -0.00942709 -0.00047175 -0.00497695
v -0.00640973 -0.00099437 -0.00489971
v 0.00577636 -0.00095039 -0.00490872
v 0.00134387 -0.00104588 -0.00488810
v -0.00640973 -0.00099437 -0.00489971
v -0.01014362 -0.00129834 -0.00482741
v -0.00942709 -0.00047175 -0.00497695
v -0.00942709 -0.00047175 -0.00497695
v -0.00380047 -0.00065055 -0.00495629
v -0.00640973 -0.00099437 -0.00489971
v -0.00421319 0.00011310 -0.00499742
v -0.00739667 0.00001387 -0.00499989
v -0.00989870 0.00037376 -0.00498500
v -0.00650175 0.00180388 -0.00466267
v -0.00813802 0.00141398 -0.00479551
v -0.00895003 0.00187373 -0.00463517
v 0.00409320 0.00187014 -0.00463712
v -0.00650175 0.00180388 -0.00466267
v -0.00895003 0.00187373 -0.00463517
v 0.00746233 0.00141018 -0.00479655
v -0.00813802 0.00141398 -0.00479551
v -0.00426323 0.00147814 -0.00477547
v -0.00813802 0.00141398 -0.00479551
v -0.00650175 0.00180388 -0.00466267
v -0.00426323 0.00147814 -0.00477547
v 0.00173392 0.00224796 -0.00446535
v -0.00370161 0.00212663 -0.00452444
v -0.00968480 0.00210803 -0.00453352
v -0.00370161 0.00212663 -0.00452444
v 0.00173392 0.00224796 -0.00446535
v 0.00774489 0.00227102 -0.00445371
v -0.00370161 0.00212663 -0.00452444
v 0.00283312 0.00194383 -0.00460550
v -0.00968480 0.00210803 -0.00453352
v 0.00283312 0.00194383 -0.00460550
v -0.00370161 0.00212663 -0.00452444
v 0.00774489 0.00227102 -0.00445371
v -0.01639812 0.00146332 -0.00246261
v -0.01035558 0.00233008 -0.00424175
v -0.01639872 0.00068800 -0.00278128
v -0.01035558 0.00233008 -0.00424175
v -0.01639812 0.00146332 -0.00246261
v -0.01023555 0.00314789 -0.00383344
v -0.01623154 0.00209734 -0.00201674
v -0.01023555 0.00314789 -0.00383344
v -0.01639812 0.00146332 -0.00246261
v -0.01639812 0.00146332 -0.00246261
v -0.01649612 0.00247602 -0.00115427
v -0.01623154 0.00209734 -0.00201674
v -0.01639812 0.00146332 -0.00246261
v -0.01649611 -0.00098243 -0.00264051
v -0.01649612 0.00247602 -0.00115427
v -0.01649611 -0.00098243 -0.00264051
v -0.01639812 0.00146332 -0.00246261
v -0.01639872 0.00068800 -0.00278128
v -0.00562596 0.00325673 -0.00379343
v -0.00909339 0.00344240 -0.00362526
v -0.00691319 0.00338018 -0.00368336
v 0.00290457 0.00326484 -0.00378660
v -0.00562596 0.00325673 -0.00379343
v -0.00691319 0.00338018 -0.00368336
v 0.00529372 0.00340026 -0.00366474
v 0.00933977 0.00338431 -0.00367942
v -0.00691319 0.00338018 -0.00368336
v -0.00909339 0.00344240 -0.00362526
v 0.00529372 0.00340026 -0.00366474
v -0.00691319 0.00338018 -0.00368336
v 0.00726699 0.00379827 -0.00325148
v 0.00805748 0.00364645 -0.00342086
v 0.00249145 0.00373873 -0.00331855
v 0.00933977 0.00338431 -0.00367942
v 0.00446907 0.00353481 -0.00353478
v 0.00805748 0.00364645 -0.00342086
v -0.00527155 0.00370331 -0.00335781
v -0.00300300 0.00355152 -0.00351794
v -0.00909339 0.00344240 -0.00362526
v -0.00300300 0.00355152 -0.00351794
v 0.00805748 0.00364645 -0.00342086
v 0.00446907 0.00353481 -0.00353478
v 0.00805748 0.00364645 -0.00342086
v -0.00300300 0.00355152 -0.00351794
v -0.00527155 0.00370331 -0.00335781
v -0.00423812 0.00375115 -0.00330477
v 0.00726699 0.00379827 -0.00325148
v 0.00249145 0.00373873 -0.00331855
v -0.00423812 0.00375115 -0.00330477
v 0.00249145 0.00373873 -0.00331855
v 0.00805748 0.00364645 -0.00342086
v -0.00423812 0.00375115 -0.00330477
v 0.00805748 0.00364645 -0.00342086
v -0.00527155 0.00370331 -0.00335781
v 0.00726699 0.00379827 -0.00325148
v -0.00423812 0.00375115 -0.00330477
v -0.00815737 0.00389619 -0.00313269
v -0.00423812 0.00375115 -0.00330477
v -0.00527155 0.00370331 -0.00335781
v -0.00815737 0.00389619 -0.00313269
v -0.00235334 0.00393313 -0.00308711
v 0.00565683 0.00404772 -0.00293440
v 0.00100410 0.00389331 -0.00313576
v -0.00235334 0.00393313 -0.00308711
v 0.00100410 0.00389331 -0.00313576
v -0.00815737 0.00389619 -0.00313269
v -0.00235334 0.00393313 -0.00308711
v -0.00815737 0.00389619 -0.00313269
v -0.00721317 0.00393533 -0.00308404
v -0.00154742 0.00401134 -0.00298305
v -0.00721317 0.00393533 -0.00308404
v -0.00964751 0.00421892 -0.00268239
v -0.00968615 0.00457794 -0.00201107
v -0.00790198 0.00471343 -0.00166669
v -0.00668228 0.00465172 -0.00183353
v -0.00968615 0.00457794 -0.00201107
v -0.00308288 0.00452894 -0.00211667
v -0.00852826 0.00443966 -0.00229851
v -0.00968615 0.00457794 -0.00201107
v -0.01021331 0.00475184 -0.00149782
v -0.00790198 0.00471343 -0.00166669
v -0.00968615 0.00457794 -0.00201107
v -0.00964751 0.00421892 -0.00268239
v -0.01021331 0.00475184 -0.00149782
v -0.00968615 0.00457794 -0.00201107
v -0.00852826 0.00443966 -0.00229851
v -0.00964751 0.00421892 -0.00268239
v -0.00910267 0.00484842 0.00121967
v -0.01029316 0.00471065 0.00135824
v -0.00917970 0.00460089 0.00195768
v -0.00959269 0.00499329 0.00024151
v -0.00910267 0.00484842 0.00121967
v -0.00877345 0.00496993 0.00054858
v -0.00910267 0.00484842 0.00121967
v -0.01028352 0.00488950 0.00047155
v -0.01029316 0.00471065 0.00135824
v -0.00910267 0.00484842 0.00121967
v -0.00959269 0.00499329 0.00024151
v -0.01028352 0.00488950 0.00047155
v -0.00396582 0.00420801 0.00269869
v -0.00912846 0.00417640 0.00274808
v 0.00869175 0.00426746 0.00260538
v -0.00396582 0.00420801 0.00269869
v 0.00438206 0.00428283 0.00257965
v -0.00912846 0.00417640 0.00274808
v 0.00869175 0.00426746 0.00260538
v 0.00438206 0.00428283 0.00257965
v -0.00396582 0.00420801 0.00269869
v 0.00958365 0.00452523 0.00165763
v 0.00949531 0.00419310 0.00255110
v 0.01546332 0.00270328 0.00105911
v 0.01546332 0.00270328 0.00105911
v 0.01570388 0.00228705 0.00037412
v 0.01552585 0.00250533 -0.00143320
v 0.01570388 0.00228705 0.00037412
v 0.01546332 0.00270328 0.00105911
v 0.01570388 0.00223708 0.00171883
v 0.01570388 0.00228705 0.00037412
v 0.01570388 0.00211595 -0.00081415
v 0.01552585 0.00250533 -0.00143320
v 0.00828550 0.00433130 -0.00249667
v 0.00726699 0.00379827 -0.00325148
v 0.00565683 0.00404772 -0.00293440
v 0.00828550 0.00433130 -0.00249667
v 0.00805748 0.00364645 -0.00342086
v 0.00726699 0.00379827 -0.00325148
v 0.00828550 0.00433130 -0.00249667
v 0.00934295 0.00452019 -0.00213509
v 0.00933977 0.00338431 -0.00367942
v 0.00933977 0.00338431 -0.00367942
v 0.00805748 0.00364645 -0.00342086
v 0.00828550 0.00433130 -0.00249667
v 0.00837758 0.00474757 -0.00156928
v -0.00464676 0.00475398 -0.00154698
v -0.00379203 0.00479706 -0.00140880
v -0.00790198 0.00471343 -0.00166669
v -0.00464676 0.00475398 -0.00154698
v 0.00837758 0.00474757 -0.00156928
v -0.00634173 0.00499977 0.00006499
v -0.00071422 0.00499973 0.00001819
v -0.00152964 0.00499947 0.00000060
v -0.00326943 0.00499717 -0.00015933
v -0.00634173 0.00499977 0.00006499
v -0.00152964 0.00499947 0.00000060
v 0.00021935 -0.00216668 0.01031749
v 0.00559819 -0.00368162 0.01178599
v 0.00363669 -0.00230908 0.01045552
v 0.00021935 -0.00216668 0.01031749
v -0.00354168 -0.00219729 0.01034715
v 0.00559819 -0.00368162 0.01178599
v 0.00021935 -0.00216668 0.01031749
v 0.00363669 -0.00230908 0.01045552
v 0.00564973 -0.00216823 0.01031861
v 0.00021935 -0.00216668 0.01031749
v 0.00564973 -0.00216823 0.01031861
v -0.00429555 -0.00198524 0.01012913
v -0.00354168 -0.00219729 0.01034715
v 0.00021935 -0.00216668 0.01031749
v -0.00429555 -0.00198524 0.01012913
v -0.00707999 -0.01532641 0.02303090
v -0.00697497 -0.02232572 0.02983742
v -0.00707214 -0.00860720 0.01651969
v -0.00707214 -0.00860720 0.01651969
v -0.00718327 -0.01030051 0.01813000
v -0.00707999 -0.01532641 0.02303090
v -0.00719241 -0.01395126 0.02166549
v -0.00707999 -0.01532641 0.02303090
v -0.00718327 -0.01030051 0.01813000
v -0.00729293 -0.00446360 0.01243186
v -0.00721180 -0.01738365 0.02498557
v -0.00718327 -0.01030051 0.01813000
v -0.00721180 -0.01738365 0.02498557
v -0.00719241 -0.01395126 0.02166549
v -0.00718327 -0.01030051 0.01813000
v -0.00721180 -0.01738365 0.02498557
v -0.00729293 -0.00446360 0.01243186
v -0.00738264 -0.01825373 0.02575679
v -0.00721180 -0.01738365 0.02498557
v -0.00738264 -0.01825373 0.02575679
v -0.00739575 -0.01907676 0.02654833
v -0.00721180 -0.01738365 0.02498557
v -0.00739575 -0.01907676 0.02654833
v -0.00697497 -0.02232572 0.02983742
v -0.00697497 -0.02232572 0.02983742
v -0.00707999 -0.01532641 0.02303090
v -0.00721180 -0.01738365 0.02498557
v -0.00721180 -0.01738365 0.02498557
v -0.00707999 -0.01532641 0.02303090
v -0.00719241 -0.01395126 0.02166549
v -0.00636464 0.00494704 -0.00072303
v -0.00720817 0.00496840 -0.00055521
v -0.00431483 0.00496114 -0.00061736
v -0.00636464 0.00494704 -0.00072303
v -0.00971452 0.00493126 -0.00082515
v -0.00720817 0.00496840 -0.00055521
v 0.00881601 -0.03619415 0.04176869
v -0.00645392 -0.03633575 0.04189738
v 0.00677149 -0.03655711 0.04207887
v -0.00645392 -0.03633575 0.04189738
v -0.00830572 -0.03651307 0.04204464
v 0.00677149 -0.03655711 0.04207887
v -0.00934136 -0.03633535 0.04189702
v -0.00830572 -0.03651307 0.04204464
v -0.00645392 -0.03633575 0.04189738
v -0.00645392 -0.03633575 0.04189738
v 0.00881601 -0.03619415 0.04176869
v 0.00509136 -0.02269933 0.03021664
v 0.00509136 -0.02269933 0.03021664
v -0.00934136 -0.03633535 0.04189702
v -0.00645392 -0.03633575 0.04189738
v 0.00634668 -0.03746227 0.04262955
v 0.00857703 -0.03718848 0.04249096
v -0.00850865 -0.03725344 0.04252589
v 0.00735754 -0.03761040 0.04269559
v 0.00634668 -0.03746227 0.04262955
v -0.00850865 -0.03725344 0.04252589
v 0.00634668 -0.03746227 0.04262955
v 0.00735754 -0.03761040 0.04269559
v 0.00857703 -0.03718848 0.04249096
v -0.00763585 -0.03794258 0.04282350
v -0.00850865 -0.03725344 0.04252589
v -0.00950358 -0.03821154 0.04290667
v -0.00763585 -0.03794258 0.04282350
v 0.00735754 -0.03761040 0.04269559
v -0.00850865 -0.03725344 0.04252589
v -0.00965777 -0.03696169 0.04235906
v 0.00857703 -0.03718848 0.04249096
v -0.00680052 -0.03694106 0.04234663
v 0.00785634 -0.03683069 0.04227440
v -0.00680052 -0.03694106 0.04234663
v 0.00857703 -0.03718848 0.04249096
v -0.00680052 -0.03694106 0.04234663
v 0.00785634 -0.03683069 0.04227440
v 0.00922182 -0.03677054 0.04223403
v -0.00680052 -0.03694106 0.04234663
v 0.00922182 -0.03677054 0.04223403
v -0.00830572 -0.03651307 0.04204464
v -0.00680052 -0.03694106 0.04234663
v -0.00830572 -0.03651307 0.04204464
v -0.00965777 -0.03696169 0.04235906
v 0.00617237 -0.03820617 0.04290531
v -0.00864335 -0.03843193 0.04296220
v 0.00698364 -0.03866995 0.04300959
v -0.00864335 -0.03843193 0.04296220
v 0.00617237 -0.03820617 0.04290531
v -0.00950358 -0.03821154 0.04290667
v -0.00864335 -0.03843193 0.04296220
v -0.00798501 -0.03896654 0.04305071
v 0.00698364 -0.03866995 0.04300959
v -0.00864335 -0.03843193 0.04296220
v -0.00950358 -0.03821154 0.04290667
v -0.00973631 -0.03907029 0.04306140
v -0.00973631 -0.03907029 0.04306140
v -0.00798501 -0.03896654 0.04305071
v -0.00864335 -0.03843193 0.04296220
v -0.00269292 -0.02259556 0.03012016
v 0.00509136 -0.02269933 0.03021664
v 0.00391903 -0.02262246 0.03014624
v 0.00509136 -0.02269933 0.03021664
v -0.00269292 -0.02259556 0.03012016
v 0.00082406 -0.02277013 0.03027704
v -0.00269292 -0.02259556 0.03012016
v 0.00391903 -0.02262246 0.03014624
v 0.00556481 -0.01386390 0.02165615
v -0.00269292 -0.02259556 0.03012016
v 0.00556481 -0.01386390 0.02165615
v -0.00555664 -0.02249568 0.03002334
v -0.00934136 -0.03633535 0.04189702
v -0.00269292 -0.02259556 0.03012016
v -0.00555664 -0.02249568 0.03002334
v -0.00269292 -0.02259556 0.03012016
v -0.00934136 -0.03633535 0.04189702
v 0.00082406 -0.02277013 0.03027704
v 0.00596781 -0.02153606 0.02908731
v 0.00600323 -0.00931080 0.01723396
v 0.00600130 -0.00832631 0.01627994
v 0.00600323 -0.00931080 0.01723396
v 0.00596781 -0.02153606 0.02908731
v 0.00603275 -0.02025724 0.02784031
v 0.00600323 -0.00931080 0.01723396
v 0.00611089 -0.01108604 0.01893820
v 0.00600130 -0.00832631 0.01627994
v 0.01570389 -0.00059574 -0.00220174
v 0.01570389 -0.00138915 -0.00192735
v 0.01565664 0.00012602 -0.00284818
v 0.01570388 0.00108366 -0.00259560
v 0.01570389 -0.00059574 -0.00220174
v 0.01565664 0.00012602 -0.00284818
v -0.00808648 -0.04210172 0.04230712
v -0.00887585 -0.04195092 0.04240098
v -0.00998056 -0.04282564 0.04173163
v -0.00998056 -0.04282564 0.04173163
v -0.00713487 -0.04258067 0.04195368
v -0.00808648 -0.04210172 0.04230712
v -0.00808648 -0.04210172 0.04230712
v -0.00713487 -0.04258067 0.04195368
v 0.00872401 -0.04218499 0.04225243
v -0.00808648 -0.04210172 0.04230712
v 0.00872401 -0.04218499 0.04225243
v 0.00684134 -0.04208850 0.04231580
v -0.00808648 -0.04210172 0.04230712
v 0.00684134 -0.04208850 0.04231580
v 0.00785351 -0.04200496 0.04236915
v -0.00887585 -0.04195092 0.04240098
v -0.00808648 -0.04210172 0.04230712
v 0.00785351 -0.04200496 0.04236915
v 0.00581347 -0.04363626 0.04070033
v 0.00781014 -0.04356079 0.04082341
v -0.00754208 -0.04350305 0.04091469
v 0.00694993 -0.04364809 0.04068008
v 0.00581347 -0.04363626 0.04070033
v -0.00886368 -0.04367614 0.04062889
v 0.00581347 -0.04363626 0.04070033
v -0.00754208 -0.04350305 0.04091469
v -0.00886368 -0.04367614 0.04062889
v 0.00583757 -0.04288325 0.04167502
v 0.00812393 -0.04269929 0.04184923
v -0.00886869 -0.04279851 0.04175828
v 0.00812393 -0.04269929 0.04184923
v -0.00713487 -0.04258067 0.04195368
v -0.00886869 -0.04279851 0.04175828
v 0.00872401 -0.04218499 0.04225243
v -0.00713487 -0.04258067 0.04195368
v 0.00812393 -0.04269929 0.04184923
v 0.00812393 -0.04269929 0.04184923
v 0.00583757 -0.04288325 0.04167502
v 0.00669233 -0.04295916 0.04159826
v 0.00812393 -0.04269929 0.04184923
v 0.00669233 -0.04295916 0.04159826
v 0.00749404 -0.04313097 0.04140828
v 0.00812393 -0.04269929 0.04184923
v 0.00852113 -0.04331802 0.04117570
v 0.00872401 -0.04218499 0.04225243
v 0.00852113 -0.04331802 0.04117570
v 0.00812393 -0.04269929 0.04184923
v 0.00749404 -0.04313097 0.04140828
v -0.00733886 -0.00359086 -0.00347799
v -0.00069978 -0.00406935 -0.00301868
v -0.00811636 -0.04292418 0.03492811
v -0.00733886 -0.00359086 -0.00347799
v -0.00580284 -0.00342082 -0.00364483
v -0.00069978 -0.00406935 -0.00301868
v -0.00733886 -0.00359086 -0.00347799
v -0.00811636 -0.04292418 0.03492811
v -0.00847690 -0.00334478 -0.00371504
v -0.00733886 -0.00359086 -0.00347799
v -0.00847690 -0.00334478 -0.00371504
v -0.00580284 -0.00342082 -0.00364483
v 0.00846945 -0.00160834 -0.00473394
v 0.00940573 -0.00099300 -0.00489714
v 0.00942136 -0.00191376 -0.00459888
v 0.00942136 -0.00191376 -0.00459888
v 0.00688272 -0.00203841 -0.00456494
v 0.00846945 -0.00160834 -0.00473394
v 0.00846945 -0.00160834 -0.00473394
v 0.00688272 -0.00203841 -0.00456494
v -0.00106280 -0.00262081 -0.00437021
v 0.00736671 -0.00124009 -0.00484286
v 0.00577636 -0.00095039 -0.00490872
v 0.00940573 -0.00099300 -0.00489714
v 0.00577636 -0.00095039 -0.00490872
v 0.00736671 -0.00124009 -0.00484286
v 0.00134387 -0.00104588 -0.00488810
v 0.00736671 -0.00124009 -0.00484286
v 0.00940573 -0.00099300 -0.00489714
v 0.00846945 -0.00160834 -0.00473394
v 0.00736671 -0.00124009 -0.00484286
v 0.00846945 -0.00160834 -0.00473394
v 0.00636444 -0.00154668 -0.00475375
v -0.00740391 -0.00151740 -0.00476334
v -0.00935302 -0.00194728 -0.00460396
v -0.01014362 -0.00129834 -0.00482741
v 0.00846945 -0.00160834 -0.00473394
v -0.00740391 -0.00151740 -0.00476334
v 0.00636444 -0.00154668 -0.00475375
v -0.00156537 0.00291801 -0.00406031
v 0.00106199 0.00298194 -0.00401221
v 0.00886143 0.00274676 -0.00417792
v -0.00156537 0.00291801 -0.00406031
v 0.00886143 0.00274676 -0.00417792
v -0.00944923 0.00280542 -0.00413824
v -0.00449442 0.00239057 -0.00439020
v -0.00289765 0.00234356 -0.00441595
v -0.00968480 0.00210803 -0.00453352
v -0.00836184 0.00249886 -0.00433021
v -0.00968480 0.00210803 -0.00453352
v -0.00944923 0.00280542 -0.00413824
v -0.00836184 0.00249886 -0.00433021
v -0.00449442 0.00239057 -0.00439020
v -0.00968480 0.00210803 -0.00453352
v 0.00769649 -0.00024454 -0.00499339
v 0.00926802 -0.00018706 -0.00499644
v 0.00853280 -0.00075159 -0.00494207
v 0.00853280 -0.00075159 -0.00494207
v 0.00525431 -0.00030697 -0.00498983
v 0.00769649 -0.00024454 -0.00499339
v -0.00829197 -0.00043322 -0.00498099
v 0.00525431 -0.00030697 -0.00498983
v 0.00059254 -0.00044916 -0.00497904
v -0.00829197 -0.00043322 -0.00498099
v -0.00132009 -0.00054036 -0.00496984
v -0.00942709 -0.00047175 -0.00497695
v -0.00829197 -0.00043322 -0.00498099
v 0.00059254 -0.00044916 -0.00497904
v -0.00132009 -0.00054036 -0.00496984
v -0.00739667 0.00001387 -0.00499989
v -0.00829197 -0.00043322 -0.00498099
v -0.00942709 -0.00047175 -0.00497695
v -0.00570776 -0.00019704 -0.00499532
v -0.00829197 -0.00043322 -0.00498099
v -0.00739667 0.00001387 -0.00499989
v 0.00282594 -0.00077807 -0.00493819
v 0.00853280 -0.00075159 -0.00494207
v 0.00577636 -0.00095039 -0.00490872
v 0.00282594 -0.00077807 -0.00493819
v -0.00380047 -0.00065055 -0.00495629
v 0.00853280 -0.00075159 -0.00494207
v -0.00658285 0.00064838 -0.00495721
v -0.00989870 0.00037376 -0.00498500
v -0.00905683 0.00078298 -0.00493814
v 0.00746233 0.00141018 -0.00479655
v 0.00869353 0.00083179 -0.00492962
v 0.00442125 0.00103207 -0.00489113
v 0.00869353 0.00083179 -0.00492962
v 0.00746233 0.00141018 -0.00479655
v 0.00906617 0.00168280 -0.00470824
v 0.00926802 -0.00018706 -0.00499644
v 0.00792258 0.00060489 -0.00496264
v 0.00869353 0.00083179 -0.00492962
v 0.00869353 0.00083179 -0.00492962
v 0.00906617 0.00168280 -0.00470824
v 0.00953216 0.00092948 -0.00478210
v 0.00869353 0.00083179 -0.00492962
v 0.00953216 0.00092948 -0.00478210
v 0.00926802 -0.00018706 -0.00499644
v 0.00181404 0.00110664 -0.00487497
v 0.00746233 0.00141018 -0.00479655
v 0.00442125 0.00103207 -0.00489113
v 0.00906617 0.00168280 -0.00470824
v -0.00650175 0.00180388 -0.00466267
v 0.00683097 0.00181468 -0.00465846
v 0.00683097 0.00181468 -0.00465846
v -0.00650175 0.00180388 -0.00466267
v 0.00409320 0.00187014 -0.00463712
v 0.00683097 0.00181468 -0.00465846
v 0.00774489 0.00227102 -0.00445371
v 0.00906617 0.00168280 -0.00470824
v 0.00088785 0.00152291 -0.00476116
v 0.00906617 0.00168280 -0.00470824
v 0.00746233 0.00141018 -0.00479655
v 0.00088785 0.00152291 -0.00476116
v -0.00426323 0.00147814 -0.00477547
v 0.00906617 0.00168280 -0.00470824
v 0.00746233 0.00141018 -0.00479655
v -0.00426323 0.00147814 -0.00477547
v 0.00088785 0.00152291 -0.00476116
v -0.00239491 0.00175337 -0.00468122
v -0.00650175 0.00180388 -0.00466267
v 0.00906617 0.00168280 -0.00470824
v -0.00239491 0.00175337 -0.00468122
v -0.00426323 0.00147814 -0.00477547
v -0.00650175 0.00180388 -0.00466267
v -0.00143380 0.00189756 -0.00462535
v 0.00409320 0.00187014 -0.00463712
v -0.00895003 0.00187373 -0.00463517
v -0.00143380 0.00189756 -0.00462535
v -0.00895003 0.00187373 -0.00463517
v -0.00968480 0.00210803 -0.00453352
v 0.00283312 0.00194383 -0.00460550
v -0.00143380 0.00189756 -0.00462535
v -0.00968480 0.00210803 -0.00453352
v 0.00635901 0.00311309 -0.00391277
v -0.00562596 0.00325673 -0.00379343
v 0.00290457 0.00326484 -0.00378660
v 0.00758700 0.00310800 -0.00391636
v 0.00635901 0.00311309 -0.00391277
v 0.00290457 0.00326484 -0.00378660
v -0.00562596 0.00325673 -0.00379343
v 0.00635901 0.00311309 -0.00391277
v -0.00470687 0.00311524 -0.00391084
v 0.00635901 0.00311309 -0.00391277
v 0.00758700 0.00310800 -0.00391636
v 0.00106199 0.00298194 -0.00401221
v -0.00300300 0.00355152 -0.00351794
v -0.00107709 0.00351886 -0.00355083
v -0.00909339 0.00344240 -0.00362526
v -0.00060008 0.00399531 -0.00300468
v 0.00565683 0.00404772 -0.00293440
v -0.00235334 0.00393313 -0.00308711
v -0.00060008 0.00399531 -0.00300468
v -0.00154742 0.00401134 -0.00298305
v 0.00565683 0.00404772 -0.00293440
v -0.00060008 0.00399531 -0.00300468
v -0.00235334 0.00393313 -0.00308711
v -0.00721317 0.00393533 -0.00308404
v -0.00154742 0.00401134 -0.00298305
v -0.00060008 0.00399531 -0.00300468
v -0.00721317 0.00393533 -0.00308404
v 0.00147950 0.00455239 -0.00206764
v 0.00934295 0.00452019 -0.00213509
v -0.00308288 0.00452894 -0.00211667
v -0.00968615 0.00457794 -0.00201107
v 0.00147950 0.00455239 -0.00206764
v -0.00308288 0.00452894 -0.00211667
v -0.00540809 0.00391042 0.00311492
v -0.00781393 0.00410949 0.00284682
v -0.00979548 0.00387691 0.00315707
v -0.00540809 0.00391042 0.00311492
v -0.00303038 0.00394435 0.00307091
v -0.00781393 0.00410949 0.00284682
v 0.00028459 0.00388712 0.00314510
v -0.00540809 0.00391042 0.00311492
v -0.00979548 0.00387691 0.00315707
v -0.00781393 0.00410949 0.00284682
v -0.00303038 0.00394435 0.00307091
v 0.00653062 0.00402128 0.00297170
v 0.00653062 0.00402128 0.00297170
v 0.00904338 0.00375856 0.00329591
v 0.00869175 0.00426746 0.00260538
v 0.00653062 0.00402128 0.00297170
v 0.00028459 0.00388712 0.00314510
v 0.00904338 0.00375856 0.00329591
v 0.00653062 0.00402128 0.00297170
v -0.00540809 0.00391042 0.00311492
v 0.00028459 0.00388712 0.00314510
v -0.00540809 0.00391042 0.00311492
v 0.00653062 0.00402128 0.00297170
v -0.00303038 0.00394435 0.00307091
v -0.00781553 0.00477934 0.00146887
v -0.00910267 0.00484842 0.00121967
v -0.00917970 0.00460089 0.00195768
v -0.00910267 0.00484842 0.00121967
v -0.00766535 0.00494485 0.00073793
v -0.00877345 0.00496993 0.00054858
v 0.00687451 0.00499975 0.00005522
v -0.00634173 0.00499977 0.00006499
v 0.00134056 0.00499974 0.00005996
v 0.00687451 0.00499975 0.00005522
v -0.00071422 0.00499973 0.00001819
v -0.00634173 0.00499977 0.00006499
v 0.00283328 0.00498800 0.00033766
v -0.00959269 0.00499329 0.00024151
v -0.00877345 0.00496993 0.00054858
v 0.01518573 0.00296867 0.00022530
v 0.01546332 0.00270328 0.00105911
v 0.01552585 0.00250533 -0.00143320
v 0.01552585 0.00250533 -0.00143320
v 0.00954093 0.00473533 -0.00110381
v 0.01518573 0.00296867 0.00022530
v 0.00438206 0.00428283 0.00257965
v -0.00041346 0.00436997 0.00242747
v -0.00574604 0.00438660 0.00239812
v -0.00041346 0.00436997 0.00242747
v 0.00058893 0.00440804 0.00235993
v -0.00574604 0.00438660 0.00239812
v -0.00041346 0.00436997 0.00242747
v 0.00438206 0.00428283 0.00257965
v 0.00869175 0.00426746 0.00260538
v -0.00041346 0.00436997 0.00242747
v 0.00869175 0.00426746 0.00260538
v 0.00058893 0.00440804 0.00235993
v 0.00625435 0.00476230 0.00152185
v -0.00781553 0.00477934 0.00146887
v -0.00290140 0.00474960 0.00155903
v 0.00815300 0.00458926 0.00198382
v 0.00712760 0.00450525 0.00216851
v 0.00869175 0.00426746 0.00260538
v 0.00781637 0.00481255 0.00135375
v 0.00625435 0.00476230 0.00152185
v 0.00815300 0.00458926 0.00198382
v 0.00815300 0.00458926 0.00198382
v 0.00625435 0.00476230 0.00152185
v 0.00540717 0.00470108 0.00170348
v -0.00677400 0.00450665 0.00216530
v 0.00815300 0.00458926 0.00198382
v -0.00917970 0.00460089 0.00195768
v 0.00815300 0.00458926 0.00198382
v -0.00677400 0.00450665 0.00216530
v 0.00712760 0.00450525 0.00216851
v -0.00827123 0.00446316 0.00225226
v -0.00917970 0.00460089 0.00195768
v -0.00912846 0.00417640 0.00274808
v -0.00827123 0.00446316 0.00225226
v -0.00677400 0.00450665 0.00216530
v -0.00917970 0.00460089 0.00195768
v -0.00574604 0.00438660 0.00239812
v -0.00827123 0.00446316 0.00225226
v -0.00912846 0.00417640 0.00274808
v -0.00827123 0.00446316 0.00225226
v 0.00712760 0.00450525 0.00216851
v -0.00677400 0.00450665 0.00216530
v 0.00922350 0.00491039 0.00093690
v 0.00700659 0.00483411 0.00127690
v 0.00781637 0.00481255 0.00135375
v 0.00815300 0.00458926 0.00198382
v 0.00922350 0.00491039 0.00093690
v 0.00781637 0.00481255 0.00135375
v 0.00922350 0.00491039 0.00093690
v 0.00949531 0.00419310 0.00255110
v 0.00958365 0.00452523 0.00165763
v 0.00922350 0.00491039 0.00093690
v 0.00958365 0.00452523 0.00165763
v 0.01546332 0.00270328 0.00105911
v 0.01546332 0.00270328 0.00105911
v 0.01518573 0.00296867 0.00022530
v 0.00922350 0.00491039 0.00093690
v 0.00922350 0.00491039 0.00093690
v 0.00869175 0.00426746 0.00260538
v 0.00949531 0.00419310 0.00255110
v 0.00922350 0.00491039 0.00093690
v 0.00815300 0.00458926 0.00198382
v 0.00869175 0.00426746 0.00260538
v 0.00658472 0.00426640 -0.00260629
v 0.00828550 0.00433130 -0.00249667
v 0.00565683 0.00404772 -0.00293440
v 0.00658472 0.00426640 -0.00260629
v 0.00087584 0.00433118 -0.00249786
v 0.00828550 0.00433130 -0.00249667
v 0.00658472 0.00426640 -0.00260629
v -0.00625109 0.00425881 -0.00261843
v 0.00087584 0.00433118 -0.00249786
v -0.00625109 0.00425881 -0.00261843
v 0.00658472 0.00426640 -0.00260629
v -0.00403639 0.00422403 -0.00267580
v -0.00088832 0.00447888 -0.00222134
v -0.00308288 0.00452894 -0.00211667
v 0.00934295 0.00452019 -0.00213509
v -0.00088832 0.00447888 -0.00222134
v -0.00516578 0.00443667 -0.00230458
v -0.00852826 0.00443966 -0.00229851
v -0.00308288 0.00452894 -0.00211667
v -0.00088832 0.00447888 -0.00222134
v -0.00852826 0.00443966 -0.00229851
v -0.00516578 0.00443667 -0.00230458
v -0.00755612 0.00443378 -0.00231017
v -0.00852826 0.00443966 -0.00229851
v -0.00755612 0.00443378 -0.00231017
v 0.00087584 0.00433118 -0.00249786
v -0.00625109 0.00425881 -0.00261843
v -0.00852826 0.00443966 -0.00229851
v -0.00755612 0.00443378 -0.00231017
v -0.00625109 0.00425881 -0.00261843
v 0.00241550 0.00437362 -0.00242166
v 0.00828550 0.00433130 -0.00249667
v 0.00087584 0.00433118 -0.00249786
v 0.00087584 0.00433118 -0.00249786
v -0.00755612 0.00443378 -0.00231017
v 0.00241550 0.00437362 -0.00242166
v 0.00241550 0.00437362 -0.00242166
v -0.00755612 0.00443378 -0.00231017
v -0.00516578 0.00443667 -0.00230458
v -0.00088832 0.00447888 -0.00222134
v 0.00241550 0.00437362 -0.00242166
v -0.00516578 0.00443667 -0.00230458
v 0.00241550 0.00437362 -0.00242166
v 0.00934295 0.00452019 -0.00213509
v 0.00828550 0.00433130 -0.00249667
v 0.00241550 0.00437362 -0.00242166
v -0.00088832 0.00447888 -0.00222134
v 0.00934295 0.00452019 -0.00213509
v 0.00661704 0.00481397 -0.00135239
v 0.00837758 0.00474757 -0.00156928
v -0.00379203 0.00479706 -0.00140880
v 0.00661704 0.00481397 -0.00135239
v -0.00379203 0.00479706 -0.00140880
v -0.00892976 0.00485878 -0.00117702
v 0.00837758 0.00474757 -0.00156928
v 0.00507185 0.00466537 -0.00179804
v -0.00790198 0.00471343 -0.00166669
v 0.00797310 -0.03797635 0.04283535
v 0.00900483 -0.03807972 0.04286711
v 0.00735754 -0.03761040 0.04269559
v 0.00735754 -0.03761040 0.04269559
v -0.00763585 -0.03794258 0.04282350
v 0.00797310 -0.03797635 0.04283535
v 0.00797310 -0.03797635 0.04283535
v -0.00950358 -0.03821154 0.04290667
v 0.00900483 -0.03807972 0.04286711
v 0.00797310 -0.03797635 0.04283535
v -0.00763585 -0.03794258 0.04282350
v -0.00950358 -0.03821154 0.04290667
v 0.00600661 -0.01034351 0.01823450
v 0.00603275 -0.02025724 0.02784031
v 0.00611089 -0.01108604 0.01893820
v 0.00600323 -0.00931080 0.01723396
v 0.00600661 -0.01034351 0.01823450
v 0.00611089 -0.01108604 0.01893820
v 0.00600661 -0.01034351 0.01823450
v 0.00600323 -0.00931080 0.01723396
v 0.00603275 -0.02025724 0.02784031
v 0.00932578 -0.04362444 0.04071960
v 0.00581347 -0.04363626 0.04070033
v 0.00694993 -0.04364809 0.04068008
v 0.00781014 -0.04356079 0.04082341
v 0.00581347 -0.04363626 0.04070033
v 0.00932578 -0.04362444 0.04071960
v 0.00632776 -0.04387246 0.04023935
v 0.00932578 -0.04362444 0.04071960
v 0.00694993 -0.04364809 0.04068008
v 0.00932578 -0.04362444 0.04071960
v 0.00632776 -0.04387246 0.04023935
v 0.00889660 -0.04407898 0.03968742
v 0.00852113 -0.04331802 0.04117570
v 0.00781014 -0.04356079 0.04082341
v 0.00932578 -0.04362444 0.04071960
v 0.00951091 -0.04415318 0.03881125
v 0.00932578 -0.04362444 0.04071960
v 0.00889660 -0.04407898 0.03968742
v 0.00932578 -0.04362444 0.04071960
v 0.00959406 -0.04293889 0.04133980
v 0.00872401 -0.04218499 0.04225243
v 0.00872401 -0.04218499 0.04225243
v 0.00852113 -0.04331802 0.04117570
v 0.00932578 -0.04362444 0.04071960
v 0.00932578 -0.04362444 0.04071960
v 0.00960390 -0.04367490 0.03965744
v 0.00959406 -0.04293889 0.04133980
v 0.00932578 -0.04362444 0.04071960
v 0.00951091 -0.04415318 0.03881125
v 0.00960390 -0.04367490 0.03965744
v -0.00561382 -0.00116934 -0.00486080
v -0.01014362 -0.00129834 -0.00482741
v -0.00640973 -0.00099437 -0.00489971
v -0.00561382 -0.00116934 -0.00486080
v -0.00640973 -0.00099437 -0.00489971
v 0.00134387 -0.00104588 -0.00488810
v -0.00935302 -0.00194728 -0.00460396
v -0.00656216 -0.00183900 -0.00464888
v -0.00106280 -0.00262081 -0.00437021
v -0.00656216 -0.00183900 -0.00464888
v -0.00935302 -0.00194728 -0.00460396
v -0.00740391 -0.00151740 -0.00476334
v -0.00741577 0.00292712 -0.00405380
v 0.00106199 0.00298194 -0.00401221
v -0.00156537 0.00291801 -0.00406031
v -0.00741577 0.00292712 -0.00405380
v -0.00156537 0.00291801 -0.00406031
v -0.00944923 0.00280542 -0.00413824
v 0.00018659 0.00251140 -0.00432374
v 0.00664332 0.00252619 -0.00431502
v 0.00441034 0.00249490 -0.00433304
v -0.00097084 0.00254540 -0.00430293
v -0.00944923 0.00280542 -0.00413824
v 0.00565894 0.00262713 -0.00425323
v -0.00097084 0.00254540 -0.00430293
v -0.00836184 0.00249886 -0.00433021
v -0.00944923 0.00280542 -0.00413824
v -0.00097084 0.00254540 -0.00430293
v 0.00018659 0.00251140 -0.00432374
v -0.00836184 0.00249886 -0.00433021
v -0.00097084 0.00254540 -0.00430293
v 0.00565894 0.00262713 -0.00425323
v 0.00664332 0.00252619 -0.00431502
v -0.00097084 0.00254540 -0.00430293
v 0.00664332 0.00252619 -0.00431502
v 0.00018659 0.00251140 -0.00432374
v -0.00261229 -0.00022734 -0.00499441
v 0.00769649 -0.00024454 -0.00499339
v 0.00525431 -0.00030697 -0.00498983
v -0.00261229 -0.00022734 -0.00499441
v -0.00829197 -0.00043322 -0.00498099
v -0.00570776 -0.00019704 -0.00499532
v 0.00525431 -0.00030697 -0.00498983
v -0.00829197 -0.00043322 -0.00498099
v -0.00261229 -0.00022734 -0.00499441
v -0.00261229 -0.00022734 -0.00499441
v -0.00570776 -0.00019704 -0.00499532
v 0.00926802 -0.00018706 -0.00499644
v -0.00261229 -0.00022734 -0.00499441
v 0.00926802 -0.00018706 -0.00499644
v 0.00769649 -0.00024454 -0.00499339
v 0.00577636 -0.00095039 -0.00490872
v -0.00640973 -0.00099437 -0.00489971
v -0.00290492 -0.00095256 -0.00490818
v -0.00290492 -0.00095256 -0.00490818
v 0.00282594 -0.00077807 -0.00493819
v 0.00577636 -0.00095039 -0.00490872
v -0.00290492 -0.00095256 -0.00490818
v -0.00640973 -0.00099437 -0.00489971
v -0.00380047 -0.00065055 -0.00495629
v 0.00282594 -0.00077807 -0.00493819
v -0.00290492 -0.00095256 -0.00490818
v -0.00380047 -0.00065055 -0.00495629
v 0.00011136 0.00017137 -0.00499616
v -0.00421319 0.00011310 -0.00499742
v -0.00989870 0.00037376 -0.00498500
v 0.00011136 0.00017137 -0.00499616
v -0.00739667 0.00001387 -0.00499989
v -0.00421319 0.00011310 -0.00499742
v 0.00662330 -0.00004777 -0.00499916
v 0.00792258 0.00060489 -0.00496264
v 0.00926802 -0.00018706 -0.00499644
v 0.00926802 -0.00018706 -0.00499644
v -0.00739667 0.00001387 -0.00499989
v 0.00662330 -0.00004777 -0.00499916
v -0.00658285 0.00064838 -0.00495721
v -0.00523683 0.00050505 -0.00497381
v -0.00989870 0.00037376 -0.00498500
v -0.00523683 0.00050505 -0.00497381
v -0.00658285 0.00064838 -0.00495721
v 0.00792258 0.00060489 -0.00496264
v -0.00523683 0.00050505 -0.00497381
v 0.00296189 0.00039676 -0.00498319
v -0.00989870 0.00037376 -0.00498500
v -0.00523683 0.00050505 -0.00497381
v 0.00792258 0.00060489 -0.00496264
v 0.00296189 0.00039676 -0.00498319
v 0.00792258 0.00060489 -0.00496264
v -0.00658285 0.00064838 -0.00495721
v 0.00627939 0.00063833 -0.00495852
v 0.00336305 0.00132164 -0.00482100
v 0.00746233 0.00141018 -0.00479655
v 0.00181404 0.00110664 -0.00487497
v 0.00336305 0.00132164 -0.00482100
v 0.00181404 0.00110664 -0.00487497
v -0.00190682 0.00119182 -0.00485572
v 0.00746233 0.00141018 -0.00479655
v 0.00336305 0.00132164 -0.00482100
v -0.00964081 0.00128084 -0.00483271
v 0.00336305 0.00132164 -0.00482100
v -0.00190682 0.00119182 -0.00485572
v -0.00964081 0.00128084 -0.00483271
v -0.00735026 0.00090370 -0.00491710
v -0.00905683 0.00078298 -0.00493814
v -0.00964081 0.00128084 -0.00483271
v -0.00735026 0.00090370 -0.00491710
v 0.00442125 0.00103207 -0.00489113
v 0.00869353 0.00083179 -0.00492962
v -0.00735026 0.00090370 -0.00491710
v 0.00869353 0.00083179 -0.00492962
v -0.00905683 0.00078298 -0.00493814
v 0.00575409 0.00169696 -0.00470260
v 0.00906617 0.00168280 -0.00470824
v -0.00426323 0.00147814 -0.00477547
v 0.00575409 0.00169696 -0.00470260
v -0.00239491 0.00175337 -0.00468122
v 0.00906617 0.00168280 -0.00470824
v -0.00426323 0.00147814 -0.00477547
v -0.00239491 0.00175337 -0.00468122
v 0.00575409 0.00169696 -0.00470260
v 0.00409320 0.00187014 -0.00463712
v -0.00143380 0.00189756 -0.00462535
v 0.00488545 0.00189533 -0.00462641
v 0.00488545 0.00189533 -0.00462641
v -0.00143380 0.00189756 -0.00462535
v 0.00283312 0.00194383 -0.00460550
v 0.00488545 0.00189533 -0.00462641
v 0.00283312 0.00194383 -0.00460550
v 0.00774489 0.00227102 -0.00445371
v 0.00488545 0.00189533 -0.00462641
v 0.00774489 0.00227102 -0.00445371
v 0.00683097 0.00181468 -0.00465846
v 0.00488545 0.00189533 -0.00462641
v 0.00683097 0.00181468 -0.00465846
v 0.00409320 0.00187014 -0.00463712
v 0.00168647 0.00351418 -0.00355556
v 0.00446907 0.00353481 -0.00353478
v 0.00933977 0.00338431 -0.00367942
v 0.00933977 0.00338431 -0.00367942
v 0.00529372 0.00340026 -0.00366474
v 0.00168647 0.00351418 -0.00355556
v 0.00168647 0.00351418 -0.00355556
v 0.00529372 0.00340026 -0.00366474
v -0.00909339 0.00344240 -0.00362526
v -0.00107709 0.00351886 -0.00355083
v 0.00168647 0.00351418 -0.00355556
v -0.00909339 0.00344240 -0.00362526
v 0.00510559 0.00410010 0.00285975
v 0.00653062 0.00402128 0.00297170
v 0.00869175 0.00426746 0.00260538
v 0.00653062 0.00402128 0.00297170
v 0.00510559 0.00410010 0.00285975
v -0.00781393 0.00410949 0.00284682
v -0.00467809 0.00471219 0.00167143
v -0.00781553 0.00477934 0.00146887
v -0.00917970 0.00460089 0.00195768
v -0.00467809 0.00471219 0.00167143
v -0.00290140 0.00474960 0.00155903
v -0.00781553 0.00477934 0.00146887
v -0.00467809 0.00471219 0.00167143
v 0.00625435 0.00476230 0.00152185
v -0.00290140 0.00474960 0.00155903
v -0.00647259 0.00488505 0.00106326
v -0.00766535 0.00494485 0.00073793
v -0.00910267 0.00484842 0.00121967
v -0.00766535 0.00494485 0.00073793
v 0.00758658 0.00496849 0.00056220
v -0.00877345 0.00496993 0.00054858
v 0.00758658 0.00496849 0.00056220
v 0.00922350 0.00491039 0.00093690
v 0.00850930 0.00497190 0.00052595
v -0.00781553 0.00477934 0.00146887
v -0.00528273 0.00484248 0.00124542
v -0.00910267 0.00484842 0.00121967
v -0.00528273 0.00484248 0.00124542
v -0.00781553 0.00477934 0.00146887
v 0.00781637 0.00481255 0.00135375
v -0.00528273 0.00484248 0.00124542
v 0.00781637 0.00481255 0.00135375
v 0.00700659 0.00483411 0.00127690
v 0.00433249 0.00499097 -0.00028378
v 0.00351468 0.00498120 -0.00043630
v -0.00883190 0.00498990 -0.00030834
v 0.00918142 0.00499820 -0.00014687
v 0.00687451 0.00499975 0.00005522
v 0.00850930 0.00497190 0.00052595
v 0.00922350 0.00491039 0.00093690
v 0.00918142 0.00499820 -0.00014687
v 0.00850930 0.00497190 0.00052595
v 0.00918142 0.00499820 -0.00014687
v 0.00954093 0.00473533 -0.00110381
v 0.00934295 0.00452019 -0.00213509
v 0.00934295 0.00452019 -0.00213509
v 0.00837758 0.00474757 -0.00156928
v 0.00918142 0.00499820 -0.00014687
v 0.00918142 0.00499820 -0.00014687
v 0.01518573 0.00296867 0.00022530
v 0.00954093 0.00473533 -0.00110381
v 0.00918142 0.00499820 -0.00014687
v 0.00922350 0.00491039 0.00093690
v 0.01518573 0.00296867 0.00022530
v 0.00351468 0.00498120 -0.00043630
v 0.00433249 0.00499097 -0.00028378
v 0.00918142 0.00499820 -0.00014687
v 0.00687451 0.00499975 0.00005522
v 0.00918142 0.00499820 -0.00014687
v -0.00071422 0.00499973 0.00001819
v -0.00071422 0.00499973 0.00001819
v 0.00918142 0.00499820 -0.00014687
v -0.00152964 0.00499947 0.00000060
v 0.00918142 0.00499820 -0.00014687
v -0.00326943 0.00499717 -0.00015933
v -0.00152964 0.00499947 0.00000060
v 0.00020981 0.00497377 0.00051188
v 0.00283328 0.00498800 0.00033766
v -0.00877345 0.00496993 0.00054858
v 0.00850930 0.00497190 0.00052595
v 0.00283328 0.00498800 0.00033766
v 0.00020981 0.00497377 0.00051188
v 0.00758658 0.00496849 0.00056220
v 0.00020981 0.00497377 0.00051188
v -0.00877345 0.00496993 0.00054858
v 0.00020981 0.00497377 0.00051188
v 0.00758658 0.00496849 0.00056220
v 0.00850930 0.00497190 0.00052595
v 0.00283328 0.00498800 0.00033766
v 0.00555607 0.00499236 0.00027708
v -0.00959269 0.00499329 0.00024151
v 0.00555607 0.00499236 0.00027708
v 0.00687451 0.00499975 0.00005522
v 0.00134056 0.00499974 0.00005996
v 0.00555607 0.00499236 0.00027708
v 0.00850930 0.00497190 0.00052595
v 0.00687451 0.00499975 0.00005522
v 0.00555607 0.00499236 0.00027708
v 0.00283328 0.00498800 0.00033766
v 0.00850930 0.00497190 0.00052595
v 0.00555607 0.00499236 0.00027708
v 0.00134056 0.00499974 0.00005996
v -0.00634173 0.00499977 0.00006499
v -0.00959269 0.00499329 0.00024151
v 0.00555607 0.00499236 0.00027708
v -0.00634173 0.00499977 0.00006499
v -0.00781553 0.00477934 0.00146887
v 0.00260392 0.00479174 0.00142638
v 0.00781637 0.00481255 0.00135375
v 0.00260392 0.00479174 0.00142638
v 0.00625435 0.00476230 0.00152185
v 0.00781637 0.00481255 0.00135375
v 0.00625435 0.00476230 0.00152185
v 0.00260392 0.00479174 0.00142638
v -0.00781553 0.00477934 0.00146887
v 0.00815300 0.00458926 0.00198382
v 0.00335497 0.00463604 0.00187110
v -0.00917970 0.00460089 0.00195768
v 0.00335497 0.00463604 0.00187110
v 0.00815300 0.00458926 0.00198382
v 0.00540717 0.00470108 0.00170348
v 0.00335497 0.00463604 0.00187110
v -0.00467809 0.00471219 0.00167143
v -0.00917970 0.00460089 0.00195768
v 0.00335497 0.00463604 0.00187110
v 0.00540717 0.00470108 0.00170348
v -0.00467809 0.00471219 0.00167143
v 0.00058893 0.00440804 0.00235993
v -0.00324392 0.00443066 0.00231614
v -0.00574604 0.00438660 0.00239812
v -0.00324392 0.00443066 0.00231614
v -0.00827123 0.00446316 0.00225226
v -0.00574604 0.00438660 0.00239812
v 0.00473058 0.00412713 -0.00282118
v 0.00658472 0.00426640 -0.00260629
v 0.00565683 0.00404772 -0.00293440
v 0.00658472 0.00426640 -0.00260629
v 0.00473058 0.00412713 -0.00282118
v -0.00403639 0.00422403 -0.00267580
v -0.00403639 0.00422403 -0.00267580
v 0.00473058 0.00412713 -0.00282118
v -0.00964751 0.00421892 -0.00268239
v 0.00473058 0.00412713 -0.00282118
v -0.00154742 0.00401134 -0.00298305
v -0.00964751 0.00421892 -0.00268239
v 0.00565683 0.00404772 -0.00293440
v -0.00154742 0.00401134 -0.00298305
v 0.00473058 0.00412713 -0.00282118
v -0.00790198 0.00471343 -0.00166669
v 0.00415484 0.00465641 -0.00182223
v -0.00668228 0.00465172 -0.00183353
v 0.00507185 0.00466537 -0.00179804
v 0.00415484 0.00465641 -0.00182223
v -0.00790198 0.00471343 -0.00166669
v 0.00415484 0.00465641 -0.00182223
v -0.00968615 0.00457794 -0.00201107
v -0.00668228 0.00465172 -0.00183353
v 0.00757273 0.00455651 -0.00205783
v 0.00837758 0.00474757 -0.00156928
v 0.00934295 0.00452019 -0.00213509
v 0.00757273 0.00455651 -0.00205783
v 0.00507185 0.00466537 -0.00179804
v 0.00837758 0.00474757 -0.00156928
v -0.00841048 -0.00135051 -0.00481365
v -0.00740391 -0.00151740 -0.00476334
v -0.01014362 -0.00129834 -0.00482741
v -0.00740391 -0.00151740 -0.00476334
v -0.00226217 -0.00142012 -0.00479384
v 0.00636444 -0.00154668 -0.00475375
v -0.00226217 -0.00142012 -0.00479384
v 0.00736671 -0.00124009 -0.00484286
v 0.00636444 -0.00154668 -0.00475375
v -0.00226217 -0.00142012 -0.00479384
v -0.00740391 -0.00151740 -0.00476334
v -0.00841048 -0.00135051 -0.00481365
v -0.00226217 -0.00142012 -0.00479384
v -0.00841048 -0.00135051 -0.00481365
v 0.00736671 -0.00124009 -0.00484286
v 0.00001012 -0.00110281 -0.00487547
v 0.00134387 -0.00104588 -0.00488810
v 0.00736671 -0.00124009 -0.00484286
v 0.00001012 -0.00110281 -0.00487547
v -0.00561382 -0.00116934 -0.00486080
v 0.00134387 -0.00104588 -0.00488810
v 0.00001012 -0.00110281 -0.00487547
v 0.00736671 -0.00124009 -0.00484286
v -0.00561382 -0.00116934 -0.00486080
v 0.00064269 -0.00170620 -0.00469884
v -0.00740391 -0.00151740 -0.00476334
v 0.00846945 -0.00160834 -0.00473394
v 0.00064269 -0.00170620 -0.00469884
v -0.00656216 -0.00183900 -0.00464888
v -0.00740391 -0.00151740 -0.00476334
v 0.00064269 -0.00170620 -0.00469884
v 0.00846945 -0.00160834 -0.00473394
v -0.00106280 -0.00262081 -0.00437021
v -0.00656216 -0.00183900 -0.00464888
v 0.00064269 -0.00170620 -0.00469884
v -0.00106280 -0.00262081 -0.00437021
v -0.00244077 0.00303906 -0.00396923
v 0.00635901 0.00311309 -0.00391277
v 0.00106199 0.00298194 -0.00401221
v -0.00244077 0.00303906 -0.00396923
v 0.00106199 0.00298194 -0.00401221
v -0.00741577 0.00292712 -0.00405380
v -0.00825839 0.00310342 -0.00391992
v -0.00944923 0.00280542 -0.00413824
v -0.00909339 0.00344240 -0.00362526
v -0.00825839 0.00310342 -0.00391992
v -0.00741577 0.00292712 -0.00405380
v -0.00944923 0.00280542 -0.00413824
v -0.00825839 0.00310342 -0.00391992
v -0.00909339 0.00344240 -0.00362526
v -0.00562596 0.00325673 -0.00379343
v -0.00825839 0.00310342 -0.00391992
v -0.00562596 0.00325673 -0.00379343
v -0.00470687 0.00311524 -0.00391084
v -0.00825839 0.00310342 -0.00391992
v -0.00244077 0.00303906 -0.00396923
v -0.00741577 0.00292712 -0.00405380
v 0.00635901 0.00311309 -0.00391277
v -0.00825839 0.00310342 -0.00391992
v -0.00470687 0.00311524 -0.00391084
v -0.00825839 0.00310342 -0.00391992
v 0.00635901 0.00311309 -0.00391277
v -0.00244077 0.00303906 -0.00396923
v -0.00836184 0.00249886 -0.00433021
v -0.00606307 0.00246267 -0.00435090
v -0.00449442 0.00239057 -0.00439020
v 0.00018659 0.00251140 -0.00432374
v -0.00606307 0.00246267 -0.00435090
v -0.00836184 0.00249886 -0.00433021
v -0.00606307 0.00246267 -0.00435090
v 0.00018659 0.00251140 -0.00432374
v 0.00441034 0.00249490 -0.00433304
v -0.00606307 0.00246267 -0.00435090
v 0.00441034 0.00249490 -0.00433304
v -0.00289765 0.00234356 -0.00441595
v -0.00289765 0.00234356 -0.00441595
v -0.00449442 0.00239057 -0.00439020
v -0.00606307 0.00246267 -0.00435090
v 0.00296189 0.00039676 -0.00498319
v -0.00199374 0.00036174 -0.00498562
v -0.00989870 0.00037376 -0.00498500
v -0.00199374 0.00036174 -0.00498562
v 0.00011136 0.00017137 -0.00499616
v -0.00989870 0.00037376 -0.00498500
v -0.00199374 0.00036174 -0.00498562
v 0.00296189 0.00039676 -0.00498319
v 0.00011136 0.00017137 -0.00499616
v 0.00413069 0.00005950 -0.00499857
v 0.00011136 0.00017137 -0.00499616
v 0.00296189 0.00039676 -0.00498319
v 0.00413069 0.00005950 -0.00499857
v 0.00296189 0.00039676 -0.00498319
v 0.00792258 0.00060489 -0.00496264
v 0.00413069 0.00005950 -0.00499857
v 0.00792258 0.00060489 -0.00496264
v 0.00662330 -0.00004777 -0.00499916
v -0.00739667 0.00001387 -0.00499989
v 0.00011136 0.00017137 -0.00499616
v 0.00413069 0.00005950 -0.00499857
v 0.00413069 0.00005950 -0.00499857
v 0.00662330 -0.00004777 -0.00499916
v -0.00739667 0.00001387 -0.00499989
v -0.00277005 0.00067062 -0.00495427
v -0.00658285 0.00064838 -0.00495721
v -0.00905683 0.00078298 -0.00493814
v -0.00277005 0.00067062 -0.00495427
v 0.00627939 0.00063833 -0.00495852
v -0.00658285 0.00064838 -0.00495721
v 0.00715541 0.00073502 -0.00494560
v 0.00869353 0.00083179 -0.00492962
v 0.00792258 0.00060489 -0.00496264
v 0.00792258 0.00060489 -0.00496264
v 0.00627939 0.00063833 -0.00495852
v 0.00715541 0.00073502 -0.00494560
v 0.00869353 0.00083179 -0.00492962
v 0.00715541 0.00073502 -0.00494560
v -0.00905683 0.00078298 -0.00493814
v 0.00715541 0.00073502 -0.00494560
v -0.00277005 0.00067062 -0.00495427
v -0.00905683 0.00078298 -0.00493814
v -0.00277005 0.00067062 -0.00495427
v 0.00715541 0.00073502 -0.00494560
v 0.00627939 0.00063833 -0.00495852
v 0.00181404 0.00110664 -0.00487497
v -0.00354212 0.00115687 -0.00486409
v -0.00190682 0.00119182 -0.00485572
v -0.00781393 0.00410949 0.00284682
v -0.00229915 0.00412874 0.00281853
v -0.00912846 0.00417640 0.00274808
v 0.00510559 0.00410010 0.00285975
v -0.00229915 0.00412874 0.00281853
v -0.00781393 0.00410949 0.00284682
v -0.00229915 0.00412874 0.00281853
v 0.00869175 0.00426746 0.00260538
v -0.00912846 0.00417640 0.00274808
v -0.00229915 0.00412874 0.00281853
v 0.00510559 0.00410010 0.00285975
v 0.00869175 0.00426746 0.00260538
v 0.00460607 0.00471875 0.00165177
v 0.00540717 0.00470108 0.00170348
v 0.00625435 0.00476230 0.00152185
v 0.00460607 0.00471875 0.00165177
v -0.00467809 0.00471219 0.00167143
v 0.00540717 0.00470108 0.00170348
v 0.00625435 0.00476230 0.00152185
v -0.00467809 0.00471219 0.00167143
v 0.00460607 0.00471875 0.00165177
v 0.00501112 0.00491548 0.00091045
v -0.00341527 0.00488792 0.00104982
v 0.00922350 0.00491039 0.00093690
v 0.00501112 0.00491548 0.00091045
v -0.00647259 0.00488505 0.00106326
v -0.00341527 0.00488792 0.00104982
v 0.00164985 0.00486092 0.00116758
v -0.00528273 0.00484248 0.00124542
v 0.00700659 0.00483411 0.00127690
v -0.00341527 0.00488792 0.00104982
v -0.00647259 0.00488505 0.00106326
v 0.00164985 0.00486092 0.00116758
v 0.00164985 0.00486092 0.00116758
v -0.00647259 0.00488505 0.00106326
v -0.00910267 0.00484842 0.00121967
v -0.00528273 0.00484248 0.00124542
v 0.00164985 0.00486092 0.00116758
v -0.00910267 0.00484842 0.00121967
v 0.00164985 0.00486092 0.00116758
v 0.00922350 0.00491039 0.00093690
v -0.00341527 0.00488792 0.00104982
v 0.00164985 0.00486092 0.00116758
v 0.00700659 0.00483411 0.00127690
v 0.00922350 0.00491039 0.00093690
v 0.00837758 0.00474757 -0.00156928
v 0.00661704 0.00481397 -0.00135239
v 0.00740699 0.00493882 -0.00077654
v -0.00636464 0.00494704 -0.00072303
v 0.00740699 0.00493882 -0.00077654
v -0.00971452 0.00493126 -0.00082515
v -0.00793752 0.00499150 -0.00028117
v 0.00433249 0.00499097 -0.00028378
v -0.00883190 0.00498990 -0.00030834
v -0.00793752 0.00499150 -0.00028117
v 0.00918142 0.00499820 -0.00014687
v 0.00433249 0.00499097 -0.00028378
v -0.00793752 0.00499150 -0.00028117
v -0.00326943 0.00499717 -0.00015933
v 0.00918142 0.00499820 -0.00014687
v -0.00634173 0.00499977 0.00006499
v -0.00793752 0.00499150 -0.00028117
v -0.00883190 0.00498990 -0.00030834
v -0.00326943 0.00499717 -0.00015933
v -0.00793752 0.00499150 -0.00028117
v -0.00634173 0.00499977 0.00006499
v 0.00263245 0.00443054 0.00231638
v 0.00712760 0.00450525 0.00216851
v -0.00827123 0.00446316 0.00225226
v -0.00827123 0.00446316 0.00225226
v -0.00324392 0.00443066 0.00231614
v 0.00263245 0.00443054 0.00231638
v 0.00263245 0.00443054 0.00231638
v -0.00324392 0.00443066 0.00231614
v 0.00058893 0.00440804 0.00235993
v 0.00263245 0.00443054 0.00231638
v 0.00869175 0.00426746 0.00260538
v 0.00712760 0.00450525 0.00216851
v 0.00263245 0.00443054 0.00231638
v 0.00058893 0.00440804 0.00235993
v 0.00869175 0.00426746 0.00260538
v -0.00060466 0.00487167 -0.00112572
v -0.00892976 0.00485878 -0.00117702
v -0.00524678 0.00487940 -0.00108879
v -0.00155779 0.00486014 -0.00117311
v 0.00661704 0.00481397 -0.00135239
v -0.00892976 0.00485878 -0.00117702
v -0.00155779 0.00486014 -0.00117311
v 0.00303273 0.00485671 -0.00118633
v 0.00661704 0.00481397 -0.00135239
v -0.00155779 0.00486014 -0.00117311
v -0.00892976 0.00485878 -0.00117702
v -0.00060466 0.00487167 -0.00112572
v -0.00155779 0.00486014 -0.00117311
v -0.00060466 0.00487167 -0.00112572
v 0.00303273 0.00485671 -0.00118633
v 0.00606041 0.00456922 -0.00203107
v 0.00415484 0.00465641 -0.00182223
v 0.00507185 0.00466537 -0.00179804
v 0.00757273 0.00455651 -0.00205783
v 0.00606041 0.00456922 -0.00203107
v 0.00507185 0.00466537 -0.00179804
v 0.00415484 0.00465641 -0.00182223
v 0.00606041 0.00456922 -0.00203107
v -0.00968615 0.00457794 -0.00201107
v 0.00606041 0.00456922 -0.00203107
v 0.00147950 0.00455239 -0.00206764
v -0.00968615 0.00457794 -0.00201107
v 0.00934295 0.00452019 -0.00213509
v 0.00147950 0.00455239 -0.00206764
v 0.00606041 0.00456922 -0.00203107
v 0.00606041 0.00456922 -0.00203107
v 0.00757273 0.00455651 -0.00205783
v 0.00934295 0.00452019 -0.00213509
v 0.00488587 -0.00124796 -0.00484089
v -0.00841048 -0.00135051 -0.00481365
v -0.01014362 -0.00129834 -0.00482741
v -0.00841048 -0.00135051 -0.00481365
v 0.00488587 -0.00124796 -0.00484089
v 0.00736671 -0.00124009 -0.00484286
v -0.01014362 -0.00129834 -0.00482741
v -0.00561382 -0.00116934 -0.00486080
v 0.00488587 -0.00124796 -0.00484089
v 0.00488587 -0.00124796 -0.00484089
v -0.00561382 -0.00116934 -0.00486080
v 0.00736671 -0.00124009 -0.00484286
v -0.00603940 0.00120376 -0.00485271
v -0.00964081 0.00128084 -0.00483271
v -0.00190682 0.00119182 -0.00485572
v -0.00354212 0.00115687 -0.00486409
v -0.00603940 0.00120376 -0.00485271
v -0.00190682 0.00119182 -0.00485572
v -0.00603940 0.00120376 -0.00485271
v -0.00735026 0.00090370 -0.00491710
v -0.00964081 0.00128084 -0.00483271
v -0.00603940 0.00120376 -0.00485271
v -0.00354212 0.00115687 -0.00486409
v -0.00735026 0.00090370 -0.00491710
v 0.00015923 0.00107464 -0.00488191
v 0.00442125 0.00103207 -0.00489113
v -0.00735026 0.00090370 -0.00491710
v -0.00354212 0.00115687 -0.00486409
v 0.00015923 0.00107464 -0.00488191
v -0.00735026 0.00090370 -0.00491710
v -0.00134393 0.00493302 0.00081213
v 0.00922350 0.00491039 0.00093690
v 0.00758658 0.00496849 0.00056220
v -0.00134393 0.00493302 0.00081213
v 0.00501112 0.00491548 0.00091045
v 0.00922350 0.00491039 0.00093690
v 0.00918142 0.00499820 -0.00014687
v 0.00837685 0.00496718 -0.00056858
v 0.00351468 0.00498120 -0.00043630
v 0.00837685 0.00496718 -0.00056858
v 0.00918142 0.00499820 -0.00014687
v 0.00837758 0.00474757 -0.00156928
v 0.00837758 0.00474757 -0.00156928
v 0.00740699 0.00493882 -0.00077654
v 0.00837685 0.00496718 -0.00056858
v 0.00837685 0.00496718 -0.00056858
v -0.00720817 0.00496840 -0.00055521
v 0.00351468 0.00498120 -0.00043630
v -0.00720817 0.00496840 -0.00055521
v 0.00837685 0.00496718 -0.00056858
v -0.00431483 0.00496114 -0.00061736
v 0.00837685 0.00496718 -0.00056858
v -0.00636464 0.00494704 -0.00072303
v -0.00431483 0.00496114 -0.00061736
v 0.00837685 0.00496718 -0.00056858
v 0.00740699 0.00493882 -0.00077654
v -0.00636464 0.00494704 -0.00072303
v 0.00488211 0.00491317 -0.00092777
v -0.00524678 0.00487940 -0.00108879
v -0.00275574 0.00489707 -0.00100433
v 0.00488211 0.00491317 -0.00092777
v -0.00060466 0.00487167 -0.00112572
v -0.00524678 0.00487940 -0.00108879
v 0.00740699 0.00493882 -0.00077654
v 0.00488211 0.00491317 -0.00092777
v -0.00971452 0.00493126 -0.00082515
v 0.00488211 0.00491317 -0.00092777
v 0.00740699 0.00493882 -0.00077654
v 0.00661704 0.00481397 -0.00135239
v 0.00501112 0.00491548 0.00091045
v -0.00464121 0.00493772 0.00078595
v -0.00647259 0.00488505 0.00106326
v -0.00134393 0.00493302 0.00081213
v -0.00464121 0.00493772 0.00078595
v 0.00501112 0.00491548 0.00091045
v -0.00647259 0.00488505 0.00106326
v -0.00464121 0.00493772 0.00078595
v -0.00766535 0.00494485 0.00073793
v -0.00464121 0.00493772 0.00078595
v 0.00758658 0.00496849 0.00056220
v -0.00766535 0.00494485 0.00073793
v -0.00464121 0.00493772 0.00078595
v -0.00134393 0.00493302 0.00081213
v 0.00758658 0.00496849 0.00056220
v 0.00020944 0.00490560 -0.00096359
v -0.00275574 0.00489707 -0.00100433
v -0.00971452 0.00493126 -0.00082515
v 0.00020944 0.00490560 -0.00096359
v 0.00488211 0.00491317 -0.00092777
v -0.00275574 0.00489707 -0.00100433
v 0.00020944 0.00490560 -0.00096359
v -0.00971452 0.00493126 -0.00082515
v 0.00488211 0.00491317 -0.00092777
v -0.00060466 0.00487167 -0.00112572
v 0.00393413 0.00487936 -0.00108901
v 0.00303273 0.00485671 -0.00118633
v 0.00488211 0.00491317 -0.00092777
v 0.00393413 0.00487936 -0.00108901
v -0.00060466 0.00487167 -0.00112572
v 0.00661704 0.00481397 -0.00135239
v 0.00303273 0.00485671 -0.00118633
v 0.00393413 0.00487936 -0.00108901
v 0.00393413 0.00487936 -0.00108901
v 0.00488211 0.00491317 -0.00092777
v 0.00661704 0.00481397 -0.00135239
v -0.01649611 -0.00151027 0.00208461
v -0.01649612 0.00236384 0.00124610
v -0.01649611 -0.00268619 0.00040914
v -0.01649612 0.00236384 0.00124610
v -0.01649611 0.00040453 0.00240112
v -0.01649611 0.00175939 0.00197737
v -0.01649611 0.00040453 0.00240112
v -0.01649612 0.00236384 0.00124610
v -0.01649611 -0.00151027 0.00208461
v -0.01649612 0.00236384 0.00124610
v -0.01649611 -0.00098243 -0.00264051
v -0.01649611 -0.00268619 0.00040914
v -0.01649612 0.00236384 0.00124610
v -0.01649612 0.00247602 -0.00115427
v -0.01649611 -0.00098243 -0.00264051
v 0.00808275 -0.04408448 0.03966999
v 0.00712691 -0.04403631 0.03982258
v -0.00928869 -0.04403258 0.03983441
v 0.00712691 -0.04403631 0.03982258
v 0.00808275 -0.04408448 0.03966999
v 0.00889660 -0.04407898 0.03968742
v -0.00668508 -0.04336626 0.04111194
v 0.00852113 -0.04331802 0.04117570
v -0.00945554 -0.04328669 0.04121710
v 0.00583757 -0.04288325 0.04167502
v -0.00998056 -0.04282564 0.04173163
v -0.00804167 -0.04290528 0.04165338
v 0.00583757 -0.04288325 0.04167502
v -0.00886869 -0.04279851 0.04175828
v -0.00998056 -0.04282564 0.04173163
v 0.01570389 -0.00059574 -0.00220174
v 0.01570389 -0.00258023 0.00035643
v 0.01570389 -0.00279327 -0.00047630
v 0.01570389 -0.00059574 -0.00220174
v 0.01570389 -0.00052291 0.00214308
v 0.01570389 -0.00258023 0.00035643
v 0.01570389 -0.00279327 -0.00047630
v 0.01570389 -0.00138915 -0.00192735
v 0.01570389 -0.00059574 -0.00220174
v 0.01570389 -0.00059574 -0.00220174
v 0.01570388 0.00223708 0.00171883
v 0.01570389 -0.00052291 0.00214308
v 0.01570389 -0.00059574 -0.00220174
v 0.01570388 0.00108366 -0.00259560
v 0.01570388 0.00211595 -0.00081415
v 0.01570388 0.00228705 0.00037412
v 0.01570389 -0.00059574 -0.00220174
v 0.01570388 0.00211595 -0.00081415
v 0.01570389 -0.00059574 -0.00220174
v 0.01570388 0.00228705 0.00037412
v 0.01570388 0.00223708 0.00171883
v 0.00168647 0.00351418 -0.00355556
v -0.00107709 0.00351886 -0.00355083
v -0.00300300 0.00355152 -0.00351794
v 0.00168647 0.00351418 -0.00355556
v -0.00300300 0.00355152 -0.00351794
v 0.00446907 0.00353481 -0.00353478
v 0.00015923 0.00107464 -0.00488191
v -0.00354212 0.00115687 -0.00486409
v 0.00181404 0.00110664 -0.00487497
v 0.00015923 0.00107464 -0.00488191
v 0.00181404 0.00110664 -0.00487497
v 0.00442125 0.00103207 -0.00489113
f 1 2 3
f 4 5 6
f 7 8 9
f 10 11 12
f 13 14 15
f 16 17 18
f 19 20 21
f 22 23 24
f 25 26 27
f 28 29 30
f 31 32 33
f 34 35 36
f 37 38 39
f 40 41 42
f 43 44 45
f 46 47 48
f 49 50 51
f 52 53 54
f 55 56 57
f 58 59 60
f 61 62 63
f 64 65 66
f 67 68 69
f 70 71 72
f 73 74 75
f 76 77 78
f 79 80 81
f 82 83 84
f 85 86 87
f 88 89 90
f 91 92 93
f 94 95 96
f 97 98 99
f 100 101 102
f 103 104 105
f 106 107 108
f 109 110 111
f 112 113 114
f 115 116 117
f 118 119 120
f 121 122 123
f 124 125 126
f 127 128 129
f 130 131 132
f 133 134 135
f 136 137 138
f 139 140 141
f 142 143 144
f 145 146 147
f 148 149 150
f 151 152 153
f 154 155 156
f 157 158 159
f 160 161 162
f 163 164 165
f 166 167 168
f 169 170 171
f 172 173 174
f 175 176 177
f 178 179 180
f 181 182 183
f 184 185 186
f 187 188 189
f 190 191 192
f 193 194 195
f 196 197 198
f 199 200 201
f 202 203 204
f 205 206 207
f 208 209 210
f 211 212 213
f 214 215 216
f 217 218 219
f 220 221 222
f 223 224 225
f 226 227 228
f 229 230 231
f 232 233 234
f 235 236 237
f 238 239 240
f 241 242 243
f 244 245 246
f 247 248 249
f 250 251 252
f 253 254 255
f 256 257 258
f 259 260 261
f 262 263 264
f 265 266 267
f 268 269 270
f 271 272 273
f 274 275 276
f 277 278 279
f 280 281 282
f 283 284 285
f 286 287 288
f 289 290 291
f 292 293 294
f 295 296 297
f 298 299 300
f 301 302 303
f 304 305 306
f 307 308 309
f 310 311 312
f 313 314 315
f 316 317 318
f 319 320 321
f 322 323 324
f 325 326 327
f 328 329 330
f 331 332 333
f 334 335 336
f 337 338 339
f 340 341 342
f 343 344 345
f 346 347 348
f 349 350 351
f 352 353 354
f 355 356 357
f 358 359 360
f 361 362 363
f 364 365 366
f 367 368 369
f 370 371 372
f 373 374 375
f 376 377 378
f 379 380 381
f 382 383 384
f 385 386 387
f 388 389 390
f 391 392 393
f 394 395 396
f 397 398 399
f 400 401 402
f 403 404 405
f 406 407 408
f 409 410 411
f 412 413 414
f 415 416 417
f 418 419 420
f 421 422 423
f 424 425 426
f 427 428 429
f 430 431 432
f 433 434 435
f 436 437 438
f 439 440 441
f 442 443 444
f 445 446 447
f 448 449 450
f 451 452 453
f 454 455 456
f 457 458 459
f 460 461 462
f 463 464 465
f 466 467 468
f 469 470 471
f 472 473 474
f 475 476 477
f 478 479 480
f 481 482 483
f 484 485 486
f 487 488 489
f 490 491 492
f 493 494 495
f 496 497 498
f 499 500 501
f 502 503 504
f 505 506 507
f 508 509 510
f 511 512 513
f 514 515 516
f 517 518 519
f 520 521 522
f 523 524 525
f 526 527 528
f 529 530 531
f 532 533 534
f 535 536 537
f 538 539 540
f 541 542 543
f 544 545 546
f 547 548 549
f 550 551 552
f 553 554 555
f 556 557 558
f 559 560 561
f 562 563 564
f 565 566 567
f 568 569 570
f 571 572 573
f 574 575 576
f 577 578 579
f 580 581 582
f 583 584 585
f 586 587 588
f 589 590 591
f 592 593 594
f 595 596 597
f 598 599 600
f 601 602 603
f 604 605 606
f 607 608 609
f 610 611 612
f 613 614 615
f 616 617 618
f 619 620 621
f 622 623 624
f 625 626 627
f 628 629 630
f 631 632 633
f 634 635 636
f 637 638 639
f 640 641 642
f 643 644 645
f 646 647 648
f 649 650 651
f 652 653 654
f 655 656 657
f 658 659 660
f 661 662 663
f 664 665 666
f 667 668 669
f 670 671 672
f 673 674 675
f 676 677 678
f 679 680 681
f 682 683 684
f 685 686 687
f 688 689 690
f 691 692 693
f 694 695 696
f 697 698 699
f 700 701 702
f 703 704 705
f 706 707 708
f 709 710 711
f 712 713 714
f 715 716 717
f 718 719 720
f 721 722 723
f 724 725 726
f 727 728 729
f 730 731 732
f 733 734 735
f 736 737 738
f 739 740 741
f 742 743 744
f 745 746 747
f 748 749 750
f 751 752 753
f 754 755 756
f 757 758 759
f 760 761 762
f 763 764 765
f 766 767 768
f 769 770 771
f 772 773 774
f 775 776 777
f 778 779 780
f 781 782 783
f 784 785 786
f 787 788 789
f 790 791 792
f 793 794 795
f 796 797 798
f 799 800 801
f 802 803 804
f 805 806 807
f 808 809 810
f 811 812 813
f 814 815 816
f 817 818 819
f 820 821 822
f 823 824 825
f 826 827 828
f 829 830 831
f 832 833 834
f 835 836 837
f 838 839 840
f 841 842 843
f 844 845 846
f 847 848 849
f 850 851 852
f 853 854 855
f 856 857 858
f 859 860 861
f 862 863 864
f 865 866 867
f 868 869 870
f 871 872 873
f 874 875 876
f 877 878 879
f 880 881 882
f 883 884 885
f 886 887 888
f 889 890 891
f 892 893 894
f 895 896 897
f 898 899 900
f 901 902 903
f 904 905 906
f 907 908 909
f 910 911 912
f 913 914 915
f 916 917 918
f 919 920 921
f 922 923 924
f 925 926 927
f 928 929 930
f 931 932 933
f 934 935 936
f 937 938 939
f 940 941 942
f 943 944 945
f 946 947 948
f 949 950 951
f 952 953 954
f 955 956 957
f 958 959 960
f 961 962 963
f 964 965 966
f 967 968 969
f 970 971 972
f 973 974 975
f 976 977 978
f 979 980 981
f 982 983 984
f 985 986 987
f 988 989 990
f 991 992 993
f 994 995 996
f 997 998 999
f 1000 1001 1002
f 1003 1004 1005
f 1006 1007 1008
f 1009 1010 1011
f 1012 1013 1014
f 1015 1016 1017
f 1018 1019 1020
f 1021 1022 1023
f 1024 1025 1026
f 1027 1028 1029
f 1030 1031 1032
f 1033 1034 1035
f 1036 1037 1038
f 1039 1040 1041
f 1042 1043 1044
f 1045 1046 1047
f 1048 1049 1050
f 1051 1052 1053
f 1054 1055 1056
f 1057 1058 1059
f 1060 1061 1062
f 1063 1064 1065
f 1066 1067 1068
f 1069 1070 1071
f 1072 1073 1074
f 1075 1076 1077
f 1078 1079 1080
f 1081 1082 1083
f 1084 1085 1086
f 1087 1088 1089
f 1090 1091 1092
f 1093 1094 1095
f 1096 1097 1098
f 1099 1100 1101
f 1102 1103 1104
f 1105 1106 1107
f 1108 1109 1110
f 1111 1112 1113
f 1114 1115 1116
f 1117 1118 1119
f 1120 1121 1122
f 1123 1124 1125
f 1126 1127 1128
f 1129 1130 1131
f 1132 1133 1134
f 1135 1136 1137
f 1138 1139 1140
f 1141 1142 1143
f 1144 1145 1146
f 1147 1148 1149
f 1150 1151 1152
f 1153 1154 1155
f 1156 1157 1158
f 1159 1160 1161
f 1162 1163 1164
f 1165 1166 1167
f 1168 1169 1170
f 1171 1172 1173
f 1174 1175 1176
f 1177 1178 1179
f 1180 1181 1182
f 1183 1184 1185
f 1186 1187 1188
f 1189 1190 1191
f 1192 1193 1194
f 1195 1196 1197
f 1198 1199 1200
f 1201 1202 1203
f 1204 1205 1206
f 1207 1208 1209
f 1210 1211 1212
f 1213 1214 1215
f 1216 1217 1218
f 1219 1220 1221
f 1222 1223 1224
f 1225 1226 1227
f 1228 1229 1230
f 1231 1232 1233
f 1234 1235 1236
f 1237 1238 1239
f 1240 1241 1242
f 1243 1244 1245
f 1246 1247 1248
f 1249 1250 1251
f 1252 1253 1254
f 1255 1256 1257
f 1258 1259 1260
f 1261 1262 1263
f 1264 1265 1266
f 1267 1268 1269
f 1270 1271 1272
f 1273 1274 1275
f 1276 1277 1278
f 1279 1280 1281
f 1282 1283 1284
f 1285 1286 1287
f 1288 1289 1290
f 1291 1292 1293
f 1294 1295 1296
f 1297 1298 1299
f 1300 1301 1302
f 1303 1304 1305
f 1306 1307 1308
f 1309 1310 1311
f 1312 1313 1314
f 1315 1316 1317
f 1318 1319 1320
f 1321 1322 1323
f 1324 1325 1326
f 1327 1328 1329
f 1330 1331 1332
f 1333 1334 1335
f 1336 1337 1338
f 1339 1340 1341
f 1342 1343 1344
f 1345 1346 1347
f 1348 1349 1350
f 1351 1352 1353
f 1354 1355 1356
f 1357 1358 1359
f 1360 1361 1362
f 1363 1364 1365
f 1366 1367 1368
f 1369 1370 1371
f 1372 1373 1374
f 1375 1376 1377
f 1378 1379 1380
f 1381 1382 1383
f 1384 1385 1386
f 1387 1388 1389
f 1390 1391 1392
f 1393 1394 1395
f 1396 1397 1398
f 1399 1400 1401
f 1402 1403 1404
f 1405 1406 1407
f 1408 1409 1410
f 1411 1412 1413
f 1414 1415 1416
f 1417 1418 1419
f 1420 1421 1422
f 1423 1424 1425
f 1426 1427 1428
f 1429 1430 1431
f 1432 1433 1434
f 1435 1436 1437
f 1438 1439 1440
f 1441 1442 1443
f 1444 1445 1446
f 1447 1448 1449
f 1450 1451 1452
f 1453 1454 1455
f 1456 1457 1458
f 1459 1460 1461
f 1462 1463 1464
f 1465 1466 1467
f 1468 1469 1470
f 1471 1472 1473
f 1474 1475 1476
f 1477 1478 1479
f 1480 1481 1482
f 1483 1484 1485
f 1486 1487 1488
f 1489 1490 1491
f 1492 1493 1494
f 1495 1496 1497
f 1498 1499 1500
f 1501 1502 1503
f 1504 1505 1506
f 1507 1508 1509
f 1510 1511 1512
f 1513 1514 1515
f 1516 1517 1518
f 1519 1520 1521
f 1522 1523 1524
f 1525 1526 1527
f 1528 1529 1530
f 1531 1532 1533
f 1534 1535 1536
f 1537 1538 1539
f 1540 1541 1542
f 1543 1544 1545
f 1546 1547 1548
f 1549 1550 1551
f 1552 1553 1554
f 1555 1556 1557
f 1558 1559 1560
f 1561 1562 1563
f 1564 1565 1566
f 1567 1568 1569
f 1570 1571 1572
f 1573 1574 1575
f 1576 1577 1578
f 1579 1580 1581
f 1582 1583 1584
f 1585 1586 1587
f 1588 1589 1590
f 1591 1592 1593
f 1594 1595 1596
f 1597 1598 1599
f 1600 1601 1602
f 1603 1604 1605
f 1606 1607 1608
f 1609 1610 1611
f 1612 1613 1614
f 1615 1616 1617
f 1618 1619 1620
f 1621 1622 1623
f 1624 1625 1626
f 1627 1628 1629
f 1630 1631 1632
f 1633 1634 1635
f 1636 1637 1638
f 1639 1640 1641
f 1642 1643 1644
f 1645 1646 1647
f 1648 1649 1650
f 1651 1652 1653
f 1654 1655 1656
f 1657 1658 1659
f 1660 1661 1662
f 1663 1664 1665
f 1666 1667 1668
f 1669 1670 1671
f 1672 1673 1674
f 1675 1676 1677
f 1678 1679 1680
f 1681 1682 1683
f 1684 1685 1686
f 1687 1688 1689
f 1690 1691 1692
f 1693 1694 1695
f 1696 1697 1698
f 1699 1700 1701
f 1702 1703 1704
f 1705 1706 1707
f 1708 1709 1710
f 1711 1712 1713
f 1714 1715 1716
f 1717 1718 1719
f 1720 1721 1722
f 1723 1724 1725
f 1726 1727 1728
f 1729 1730 1731
f 1732 1733 1734
f 1735 1736 1737
f 1738 1739 1740
f 1741 1742 1743
f 1744 1745 1746
f 1747 1748 1749
f 1750 1751 1752
f 1753 1754 1755
f 1756 1757 1758
f 1759 1760 1761
f 1762 1763 1764
f 1765 1766 1767
f 1768 1769 1770
f 1771 1772 1773
f 1774 1775 1776
f 1777 1778 1779
f 1780 1781 1782
f 1783 1784 1785
f 1786 1787 1788
f 1789 1790 1791
f 1792 1793 1794
f 1795 1796 1797
f 1798 1799 1800
f 1801 1802 1803
f 1804 1805 1806
f 1807 1808 1809
f 1810 1811 1812
f 1813 1814 1815
f 1816 1817 1818
f 1819 1820 1821
f 1822 1823 1824
f 1825 1826 1827
f 1828 1829 1830
f 1831 1832 1833
f 1834 1835 1836
f 1837 1838 1839
f 1840 1841 1842
f 1843 1844 1845
f 1846 1847 1848
f 1849 1850 1851
f 1852 1853 1854
f 1855 1856 1857
f 1858 1859 1860
f 1861 1862 1863
f 1864 1865 1866
f 1867 1868 1869
f 1870 1871 1872
f 1873 1874 1875
f 1876 1877 1878
f 1879 1880 1881
f 1882 1883 1884
f 1885 1886 1887
f 1888 1889 1890
f 1891 1892 1893
f 1894 1895 1896
f 1897 1898 1899
f 1900 1901 1902
f 1903 1904 1905
f 1906 1907 1908
f 1909 1910 1911
f 1912 1913 1914
f 1915 1916 1917
f 1918 1919 1920
f 1921 1922 1923
f 1924 1925 1926
f 1927 1928 1929
f 1930 1931 1932
f 1933 1934 1935
f 1936 1937 1938
f 1939 1940 1941
f 1942 1943 1944
f 1945 1946 1947
f 1948 1949 1950
f 1951 1952 1953
f 1954 1955 1956
f 1957 1958 1959
f 1960 1961 1962
f 1963 1964 1965
f 1966 1967 1968
f 1969 1970 1971
f 1972 1973 1974
f 1975 1976 1977
f 1978 1979 1980
f 1981 1982 1983
f 1984 1985 1986
f 1987 1988 1989
f 1990 1991 1992
f 1993 1994 1995
f 1996 1997 1998
f 1999 2000 2001
f 2002 2003 2004
f 2005 2006 2007
f 2008 2009 2010
f 2011 2012 2013
f 2014 2015 2016
f 2017 2018 2019
f 2020 2021 2022
f 2023 2024 2025
f 2026 2027 2028
f 2029 2030 2031
f 2032 2033 2034
f 2035 2036 2037
f 2038 2039 2040
f 2041 2042 2043
f 2044 2045 2046
f 2047 2048 2049
f 2050 2051 2052
f 2053 2054 2055
f 2056 2057 2058
f 2059 2060 2061
f 2062 2063 2064
f 2065 2066 2067
f 2068 2069 2070
f 2071 2072 2073
f 2074 2075 2076
f 2077 2078 2079
f 2080 2081 2082
f 2083 2084 2085
f 2086 2087 2088
f 2089 2090 2091
f 2092 2093 2094
f 2095 2096 2097
f 2098 2099 2100
f 2101 2102 2103
f 2104 2105 2106
f 2107 2108 2109
f 2110 2111 2112
f 2113 2114 2115
f 2116 2117 2118
f 2119 2120 2121
f 2122 2123 2124
f 2125 2126 2127
f 2128 2129 2130
f 2131 2132 2133
f 2134 2135 2136
f 2137 2138 2139
f 2140 2141 2142
f 2143 2144 2145
f 2146 2147 2148
f 2149 2150 2151
f 2152 2153 2154
f 2155 2156 2157
f 2158 2159 2160
f 2161 2162 2163
f 2164 2165 2166
f 2167 2168 2169
f 2170 2171 2172
f 2173 2174 2175
f 2176 2177 2178
f 2179 2180 2181
f 2182 2183 2184
f 2185 2186 2187
f 2188 2189 2190
f 2191 2192 2193
f 2194 2195 2196
f 2197 2198 2199
f 2200 2201 2202
f 2203 2204 2205
f 2206 2207 2208
f 2209 2210 2211
f 2212 2213 2214
f 2215 2216 2217
f 2218 2219 2220
f 2221 2222 2223
f 2224 2225 2226
f 2227 2228 2229
f 2230 2231 2232
f 2233 2234 2235
f 2236 2237 2238
f 2239 2240 2241
f 2242 2243 2244
f 2245 2246 2247
f 2248 2249 2250
f 2251 2252 2253
f 2254 2255 2256
f 2257 2258 2259
f 2260 2261 2262
f 2263 2264 2265
f 2266 2267 2268
f 2269 2270 2271
f 2272 2273 2274
f 2275 2276 2277
f 2278 2279 2280
f 2281 2282 2283
f 2284 2285 2286
f 2287 2288 2289
f 2290 2291 2292
f 2293 2294 2295
f 2296 2297 2298
f 2299 2300 2301
f 2302 2303 2304
f 2305 2306 2307
f 2308 2309 2310
f 2311 2312 2313
f 2314 2315 2316
f 2317 2318 2319
f 2320 2321 2322
f 2323 2324 2325
f 2326 2327 2328
f 2329 2330 2331
f 2332 2333 2334
f 2335 2336 2337
f 2338 2339 2340
f 2341 2342 2343
f 2344 2345 2346
f 2347 2348 2349
f 2350 2351 2352
f 2353 2354 2355
f 2356 2357 2358
f 2359 2360 2361
f 2362 2363 2364
f 2365 2366 2367
f 2368 2369 2370
f 2371 2372 2373
f 2374 2375 2376
f 2377 2378 2379
f 2380 2381 2382
f 2383 2384 2385
f 2386 2387 2388
f 2389 2390 2391
f 2392 2393 2394
f 2395 2396 2397
f 2398 2399 2400
f 2401 2402 2403
f 2404 2405 2406
f 2407 2408 2409
f 2410 2411 2412
f 2413 2414 2415
f 2416 2417 2418
f 2419 2420 2421
f 2422 2423 2424
f 2425 2426 2427
f 2428 2429 2430
f 2431 2432 2433
f 2434 2435 2436
f 2437 2438 2439
f 2440 2441 2442
f 2443 2444 2445
f 2446 2447 2448
f 2449 2450 2451
f 2452 2453 2454
f 2455 2456 2457
f 2458 2459 2460
f 2461 2462 2463
f 2464 2465 2466
f 2467 2468 2469
f 2470 2471 2472
f 2473 2474 2475
f 2476 2477 2478
f 2479 2480 2481
f 2482 2483 2484
f 2485 2486 2487
f 2488 2489 2490
f 2491 2492 2493
f 2494 2495 2496
f 2497 2498 2499
f 2500 2501 2502
f 2503 2504 2505
f 2506 2507 2508
f 2509 2510 2511
f 2512 2513 2514
f 2515 2516 2517
f 2518 2519 2520
f 2521 2522 2523
f 2524 2525 2526
f 2527 2528 2529
f 2530 2531 2532
f 2533 2534 2535
f 2536 2537 2538
f 2539 2540 2541
f 2542 2543 2544
f 2545 2546 2547
f 2548 2549 2550
f 2551 2552 2553
f 2554 2555 2556
f 2557 2558 2559
f 2560 2561 2562
f 2563 2564 2565
f 2566 2567 2568
f 2569 2570 2571
f 2572 2573 2574
f 2575 2576 2577
f 2578 2579 2580
f 2581 2582 2583
f 2584 2585 2586
f 2587 2588 2589
f 2590 2591 2592
f 2593 2594 2595
f 2596 2597 2598
f 2599 2600 2601
f 2602 2603 2604
f 2605 2606 2607
f 2608 2609 2610
f 2611 2612 2613
f 2614 2615 2616
f 2617 2618 2619
f 2620 2621 2622
f 2623 2624 2625
f 2626 2627 2628
f 2629 2630 2631
f 2632 2633 2634
f 2635 2636 2637
f 2638 2639 2640
f 2641 2642 2643
f 2644 2645 2646
f 2647 2648 2649
f 2650 2651 2652
f 2653 2654 2655
f 2656 2657 2658
f 2659 2660 2661
f 2662 2663 2664
f 2665 2666 2667
f 2668 2669 2670
f 2671 2672 2673
f 2674 2675 2676
f 2677 2678 2679
f 2680 2681 2682
f 2683 2684 2685
f 2686 2687 2688
f 2689 2690 2691
f 2692 2693 2694
f 2695 2696 2697
f 2698 2699 2700
f 2701 2702 2703
f 2704 2705 2706
f 2707 2708 2709
f 2710 2711 2712
f 2713 2714 2715
f 2716 2717 2718
f 2719 2720 2721
f 2722 2723 2724
f 2725 2726 2727
f 2728 2729 2730
f 2731 2732 2733
f 2734 2735 2736
f 2737 2738 2739
f 2740 2741 2742
f 2743 2744 2745
f 2746 2747 2748
f 2749 2750 2751
f 2752 2753 2754
f 2755 2756 2757
f 2758 2759 2760
f 2761 2762 2763
f 2764 2765 2766
f 2767 2768 2769
f 2770 2771 2772
f 2773 2774 2775
f 2776 2777 2778
f 2779 2780 2781
f 2782 2783 2784
f 2785 2786 2787
f 2788 2789 2790
f 2791 2792 2793
f 2794 2795 2796
