# Exported from USD: /khi_rs025n/link1/collisions
mtllib collisions_12.mtl

g collisions
v -0.03839685 -0.11921934 -0.13760003
v -0.05851575 -0.11074059 -0.13760002
v 0.00469417 -0.12516201 -0.13760003
v -0.05851575 -0.11074059 -0.13760002
v 0.02635701 -0.12244537 -0.13760003
v 0.00469417 -0.12516201 -0.13760003
v -0.05851575 -0.11074059 -0.13760002
v -0.07685666 -0.09889706 -0.13760002
v 0.02635701 -0.12244537 -0.13760003
v -0.07685666 -0.09889706 -0.13760002
v 0.04721901 -0.11600829 -0.13760003
v 0.02635701 -0.12244537 -0.13760003
v -0.07685666 -0.09889706 -0.13760002
v -0.09286234 -0.08404859 -0.13760002
v 0.04721901 -0.11600829 -0.13760003
v -0.09286234 -0.08404859 -0.13760002
v 0.06664627 -0.10604636 -0.13760003
v 0.04721901 -0.11600829 -0.13760003
v -0.09286234 -0.08404859 -0.13760002
v -0.10604644 -0.06664634 -0.13760002
v 0.06664627 -0.10604636 -0.13760003
v -0.10604644 -0.06664634 -0.13760002
v 0.08404853 -0.09286226 -0.13760003
v 0.06664627 -0.10604636 -0.13760003
v -0.10604644 -0.06664634 -0.13760002
v -0.11600836 -0.04721907 -0.13760002
v 0.08404853 -0.09286226 -0.13760003
v -0.11600836 -0.04721907 -0.13760002
v 0.09889700 -0.07685659 -0.13760003
v 0.08404853 -0.09286226 -0.13760003
v -0.11600836 -0.04721907 -0.13760002
v -0.12244545 -0.02635708 -0.13760002
v 0.09889700 -0.07685659 -0.13760003
v -0.12244545 -0.02635708 -0.13760002
v 0.11074053 -0.05851568 -0.13760003
v 0.09889700 -0.07685659 -0.13760003
v -0.12244545 -0.02635708 -0.13760002
v -0.12516208 -0.00469424 -0.13760002
v 0.11074053 -0.05851568 -0.13760003
v -0.12516208 -0.00469424 -0.13760002
v 0.11921928 -0.03839678 -0.13760003
v 0.11074053 -0.05851568 -0.13760003
v -0.12516208 -0.00469424 -0.13760002
v -0.12407573 0.01711123 -0.13760002
v 0.11921928 -0.03839678 -0.13760003
v -0.12407573 0.01711123 -0.13760002
v 0.12407560 -0.01711123 -0.13760004
v 0.11921928 -0.03839678 -0.13760003
v -0.12407573 0.01711123 -0.13760002
v -0.11921942 0.03839678 -0.13760002
v 0.12407560 -0.01711123 -0.13760004
v -0.11921942 0.03839678 -0.13760002
v 0.12516195 0.00469424 -0.13760004
v 0.12407560 -0.01711123 -0.13760004
v -0.11921942 0.03839678 -0.13760002
v -0.11074067 0.05851568 -0.13760002
v 0.12516195 0.00469424 -0.13760004
v -0.11074067 0.05851568 -0.13760002
v 0.12244531 0.02635708 -0.13760004
v 0.12516195 0.00469424 -0.13760004
v -0.11074067 0.05851568 -0.13760002
v -0.09889714 0.07685659 -0.13760002
v 0.12244531 0.02635708 -0.13760004
v -0.09889714 0.07685659 -0.13760002
v 0.11600823 0.04721907 -0.13760003
v 0.12244531 0.02635708 -0.13760004
v -0.09889714 0.07685659 -0.13760002
v -0.08404866 0.09286226 -0.13760002
v 0.11600823 0.04721907 -0.13760003
v -0.08404866 0.09286226 -0.13760002
v 0.10604630 0.06664634 -0.13760003
v 0.11600823 0.04721907 -0.13760003
v -0.08404866 0.09286226 -0.13760002
v -0.06664641 0.10604636 -0.13760002
v 0.10604630 0.06664634 -0.13760003
v -0.06664641 0.10604636 -0.13760002
v 0.09286220 0.08404859 -0.13760003
v 0.10604630 0.06664634 -0.13760003
v -0.06664641 0.10604636 -0.13760002
v -0.04721914 0.11600829 -0.13760002
v 0.09286220 0.08404859 -0.13760003
v -0.04721914 0.11600829 -0.13760002
v 0.07685653 0.09889706 -0.13760003
v 0.09286220 0.08404859 -0.13760003
v -0.04721914 0.11600829 -0.13760002
v -0.02635715 0.12244537 -0.13760003
v 0.07685653 0.09889706 -0.13760003
v -0.02635715 0.12244537 -0.13760003
v 0.05851561 0.11074059 -0.13760003
v 0.07685653 0.09889706 -0.13760003
v -0.02635715 0.12244537 -0.13760003
v -0.00469431 0.12516201 -0.13760003
v 0.05851561 0.11074059 -0.13760003
v -0.00469431 0.12516201 -0.13760003
v 0.03839672 0.11921934 -0.13760003
v 0.05851561 0.11074059 -0.13760003
v -0.00469431 0.12516201 -0.13760003
v 0.01711116 0.12407566 -0.13760003
v 0.03839672 0.11921934 -0.13760003
v 0.00469417 -0.12516201 -0.13760003
v -0.01711130 -0.12407566 -0.13760003
v -0.03839685 -0.11921934 -0.13760003
v -0.13186647 -0.05218019 -0.08557176
v -0.13074530 -0.05258534 -0.08757999
v -0.13288452 -0.05365886 -0.08532684
v -0.13074530 -0.05258534 -0.08757999
v -0.13122213 -0.05698963 -0.09000000
v -0.13288452 -0.05365886 -0.08532684
v -0.13074530 -0.05258534 -0.08757999
v -0.12948829 -0.05265344 -0.09000000
v -0.13122213 -0.05698963 -0.09000000
v -0.13033747 -0.04768726 -0.08693445
v -0.13074530 -0.05258534 -0.08757999
v -0.13186647 -0.05218019 -0.08557176
v -0.13033747 -0.04768726 -0.08693445
v -0.12968129 -0.05045238 -0.08892341
v -0.13074530 -0.05258534 -0.08757999
v -0.13033747 -0.04768726 -0.08693445
v -0.12954114 -0.04737038 -0.09000000
v -0.12968129 -0.05045238 -0.08892341
v -0.13033747 -0.04768726 -0.08693445
v -0.13039245 -0.04408513 -0.09000000
v -0.12954114 -0.04737038 -0.09000000
v -0.13033747 -0.04768726 -0.08693445
v -0.13058781 -0.04354536 -0.08948879
v -0.13039245 -0.04408513 -0.09000000
v -0.12968129 -0.05045238 -0.08892341
v -0.12954114 -0.04737038 -0.09000000
v -0.12948829 -0.05265344 -0.09000000
v -0.12948829 -0.05265344 -0.09000000
v -0.13074530 -0.05258534 -0.08757999
v -0.12968129 -0.05045238 -0.08892341
v -0.13896371 -0.06256629 -0.08551147
v -0.14002740 -0.08665571 -0.10400000
v -0.14429153 -0.06965728 -0.08508722
v -0.13896371 -0.06256629 -0.08551147
v -0.12764300 -0.06896894 -0.10400000
v -0.14002740 -0.08665571 -0.10400000
v -0.13896371 -0.06256629 -0.08551147
v -0.13130493 -0.06199098 -0.09400000
v -0.12764300 -0.06896894 -0.10400000
v -0.13896371 -0.06256629 -0.08551147
v -0.13117096 -0.06179966 -0.09400000
v -0.13130493 -0.06199098 -0.09400000
v -0.13896371 -0.06256629 -0.08551147
v -0.13252219 -0.05884632 -0.09000000
v -0.13117096 -0.06179966 -0.09400000
v -0.13896371 -0.06256629 -0.08551147
v -0.13122213 -0.05698963 -0.09000000
v -0.13252219 -0.05884632 -0.09000000
v -0.13896371 -0.06256629 -0.08551147
v -0.13288452 -0.05365886 -0.08532684
v -0.13122213 -0.05698963 -0.09000000
v -0.14002740 -0.08665571 -0.10400000
v -0.14843343 -0.07474115 -0.08440622
v -0.14429153 -0.06965728 -0.08508722
v -0.10457985 -0.10191586 -0.07004559
v -0.10401532 -0.10102390 -0.09000000
v -0.10359515 -0.10080049 -0.09000000
v -0.10457985 -0.10191586 -0.07004559
v -0.10409127 -0.10094565 -0.09400000
v -0.10401532 -0.10102390 -0.09000000
v -0.10457985 -0.10191586 -0.07004559
v -0.10619198 -0.10206262 -0.09400000
v -0.10409127 -0.10094565 -0.09400000
v -0.10457985 -0.10191586 -0.07004559
v -0.10578341 -0.10265911 -0.06656203
v -0.10619198 -0.10206262 -0.09400000
v -0.10637224 -0.10186189 -0.10400000
v -0.12849302 -0.11540923 -0.04379531
v -0.12810789 -0.11341894 -0.10400000
v -0.10637224 -0.10186189 -0.10400000
v -0.12291423 -0.11221705 -0.05141165
v -0.12849302 -0.11540923 -0.04379531
v -0.10637224 -0.10186189 -0.10400000
v -0.11782554 -0.10935353 -0.05673320
v -0.12291423 -0.11221705 -0.05141165
v -0.10637224 -0.10186189 -0.10400000
v -0.10810121 -0.10395700 -0.06435387
v -0.11782554 -0.10935353 -0.05673320
v -0.10637224 -0.10186189 -0.10400000
v -0.10743275 -0.10359057 -0.06472461
v -0.10810121 -0.10395700 -0.06435387
v -0.10637224 -0.10186189 -0.10400000
v -0.10678430 -0.10322981 -0.06526375
v -0.10743275 -0.10359057 -0.06472461
v -0.10637224 -0.10186189 -0.10400000
v -0.10578341 -0.10265911 -0.06656203
v -0.10678430 -0.10322981 -0.06526375
v -0.10637224 -0.10186189 -0.10400000
v -0.10619198 -0.10206262 -0.09400000
v -0.10578341 -0.10265911 -0.06656203
v -0.10359515 -0.10080049 -0.09000000
v -0.09983926 -0.10006027 -0.07988305
v -0.10457985 -0.10191586 -0.07004559
v -0.09983926 -0.10006027 -0.07988305
v -0.10015569 -0.10061422 -0.06998779
v -0.10457985 -0.10191586 -0.07004559
v -0.09983926 -0.10006027 -0.07988305
v -0.09568526 -0.10056603 -0.07988305
v -0.10015569 -0.10061422 -0.06998779
v -0.09568526 -0.10056603 -0.07988305
v -0.09557570 -0.10115690 -0.06998779
v -0.10015569 -0.10061422 -0.06998779
v -0.09568526 -0.10056603 -0.07988305
v -0.09157823 -0.10345641 -0.07004559
v -0.09557570 -0.10115690 -0.06998779
v -0.09157823 -0.10345641 -0.07004559
v -0.09568526 -0.10056603 -0.07988305
v -0.09219379 -0.10220563 -0.09000000
v -0.09568526 -0.10056603 -0.07988305
v -0.09648478 -0.09992386 -0.09000000
v -0.09219379 -0.10220563 -0.09000000
v -0.09568526 -0.10056603 -0.07988305
v -0.09983926 -0.10006027 -0.07988305
v -0.09648478 -0.09992386 -0.09000000
v -0.10359515 -0.10080049 -0.09000000
v -0.10134646 -0.09993339 -0.09000000
v -0.09983926 -0.10006027 -0.07988305
v -0.09648478 -0.09992386 -0.09000000
v -0.09983926 -0.10006027 -0.07988305
v -0.10134646 -0.09993339 -0.09000000
v -0.13896371 -0.06256629 -0.08551147
v -0.13755594 -0.05433079 -0.08193451
v -0.13288452 -0.05365886 -0.08532684
v -0.13755594 -0.05433079 -0.08193451
v -0.13504389 -0.05132352 -0.08214806
v -0.13288452 -0.05365886 -0.08532684
v -0.13755594 -0.05433079 -0.08193451
v -0.14090489 -0.05101135 -0.07969394
v -0.13504389 -0.05132352 -0.08214806
v -0.14090489 -0.05101135 -0.07969394
v -0.13724796 -0.04862114 -0.08035010
v -0.13504389 -0.05132352 -0.08214806
v -0.14090489 -0.05101135 -0.07969394
v -0.14013189 -0.04466582 -0.07965096
v -0.13724796 -0.04862114 -0.08035010
v -0.14013189 -0.04466582 -0.07965096
v -0.14090489 -0.05101135 -0.07969394
v -0.14968465 -0.05055577 -0.07827858
v -0.14090489 -0.05101135 -0.07969394
v -0.14530317 -0.05479739 -0.07880652
v -0.14968465 -0.05055577 -0.07827858
v -0.14090489 -0.05101135 -0.07969394
v -0.13755594 -0.05433079 -0.08193451
v -0.14530317 -0.05479739 -0.07880652
v -0.13755594 -0.05433079 -0.08193451
v -0.14158504 -0.05896277 -0.08131496
v -0.14530317 -0.05479739 -0.07880652
v -0.13755594 -0.05433079 -0.08193451
v -0.13896371 -0.06256629 -0.08551147
v -0.14158504 -0.05896277 -0.08131496
v -0.14429153 -0.06965728 -0.08508722
v -0.14608259 -0.06762651 -0.08205280
v -0.13896371 -0.06256629 -0.08551147
v -0.14608259 -0.06762651 -0.08205280
v -0.14317494 -0.06436464 -0.08265712
v -0.13896371 -0.06256629 -0.08551147
v -0.14608259 -0.06762651 -0.08205280
v -0.14835650 -0.06529009 -0.07962173
v -0.14317494 -0.06436464 -0.08265712
v -0.14835650 -0.06529009 -0.07962173
v -0.14508608 -0.06220698 -0.08042994
v -0.14317494 -0.06436464 -0.08265712
v -0.14835650 -0.06529009 -0.07962173
v -0.15101828 -0.06274556 -0.07789550
v -0.14508608 -0.06220698 -0.08042994
v -0.15101828 -0.06274556 -0.07789550
v -0.14814898 -0.05906688 -0.07835827
v -0.14508608 -0.06220698 -0.08042994
v -0.15101828 -0.06274556 -0.07789550
v -0.15395680 -0.06009917 -0.07694616
v -0.14814898 -0.05906688 -0.07835827
v -0.14530317 -0.05479739 -0.07880652
v -0.15162082 -0.05580868 -0.07742888
v -0.14968465 -0.05055577 -0.07827858
v -0.15162082 -0.05580868 -0.07742888
v -0.15016563 -0.05071875 -0.07821129
v -0.14968465 -0.05055577 -0.07827858
v -0.15162082 -0.05580868 -0.07742888
v -0.15704942 -0.05746141 -0.07681340
v -0.15016563 -0.05071875 -0.07821129
v -0.15704942 -0.05746141 -0.07681340
v -0.16016695 -0.05494240 -0.07750272
v -0.15016563 -0.05071875 -0.07821129
v -0.15704942 -0.05746141 -0.07681340
v -0.15162082 -0.05580868 -0.07742888
v -0.15395680 -0.06009917 -0.07694616
v -0.15162082 -0.05580868 -0.07742888
v -0.14814898 -0.05906688 -0.07835827
v -0.15395680 -0.06009917 -0.07694616
v -0.15162082 -0.05580868 -0.07742888
v -0.14530317 -0.05479739 -0.07880652
v -0.14814898 -0.05906688 -0.07835827
v -0.14158504 -0.05896277 -0.08131496
v -0.14814898 -0.05906688 -0.07835827
v -0.14530317 -0.05479739 -0.07880652
v -0.14158504 -0.05896277 -0.08131496
v -0.14508608 -0.06220698 -0.08042994
v -0.14814898 -0.05906688 -0.07835827
v -0.14158504 -0.05896277 -0.08131496
v -0.14317494 -0.06436464 -0.08265712
v -0.14508608 -0.06220698 -0.08042994
v -0.13896371 -0.06256629 -0.08551147
v -0.14317494 -0.06436464 -0.08265712
v -0.14158504 -0.05896277 -0.08131496
v -0.14843343 -0.07474115 -0.08440622
v -0.14954014 -0.06893428 -0.08017239
v -0.14429153 -0.06965728 -0.08508722
v -0.14954014 -0.06893428 -0.08017239
v -0.14608259 -0.06762651 -0.08205280
v -0.14429153 -0.06965728 -0.08508722
v -0.14954014 -0.06893428 -0.08017239
v -0.14835650 -0.06529009 -0.07962173
v -0.14608259 -0.06762651 -0.08205280
v -0.16016695 -0.05494240 -0.07750272
v -0.15864046 -0.06087242 -0.07634584
v -0.16692205 -0.05900028 -0.07760027
v -0.15864046 -0.06087242 -0.07634584
v -0.16434136 -0.06094724 -0.07652632
v -0.16692205 -0.05900028 -0.07760027
v -0.15864046 -0.06087242 -0.07634584
v -0.16168849 -0.06302174 -0.07601374
v -0.16434136 -0.06094724 -0.07652632
v -0.14954014 -0.06893428 -0.08017239
v -0.15377672 -0.06501815 -0.07727152
v -0.14835650 -0.06529009 -0.07962173
v -0.15377672 -0.06501815 -0.07727152
v -0.15101828 -0.06274556 -0.07789550
v -0.14835650 -0.06529009 -0.07962173
v -0.15377672 -0.06501815 -0.07727152
v -0.15864046 -0.06087242 -0.07634584
v -0.15101828 -0.06274556 -0.07789550
v -0.15864046 -0.06087242 -0.07634584
v -0.15395680 -0.06009917 -0.07694616
v -0.15101828 -0.06274556 -0.07789550
v -0.15864046 -0.06087242 -0.07634584
v -0.15704942 -0.05746141 -0.07681340
v -0.15395680 -0.06009917 -0.07694616
v -0.15864046 -0.06087242 -0.07634584
v -0.15377672 -0.06501815 -0.07727152
v -0.15904044 -0.06516362 -0.07607740
v -0.15377672 -0.06501815 -0.07727152
v -0.15647398 -0.06731075 -0.07671549
v -0.15904044 -0.06516362 -0.07607740
v -0.15377672 -0.06501815 -0.07727152
v -0.14954014 -0.06893428 -0.08017239
v -0.15647398 -0.06731075 -0.07671549
v -0.14954014 -0.06893428 -0.08017239
v -0.15187919 -0.07137322 -0.07962469
v -0.15647398 -0.06731075 -0.07671549
v -0.14954014 -0.06893428 -0.08017239
v -0.14843343 -0.07474115 -0.08440622
v -0.15187919 -0.07137322 -0.07962469
v -0.16016695 -0.05494240 -0.07750272
v -0.15704942 -0.05746141 -0.07681340
v -0.15864046 -0.06087242 -0.07634584
v -0.15864046 -0.06087242 -0.07634584
v -0.15904044 -0.06516362 -0.07607740
v -0.16168849 -0.06302174 -0.07601374
v -0.13208896 -0.11372932 -0.10400000
v -0.13468547 -0.11442380 -0.03799170
v -0.13428998 -0.11221063 -0.10400000
v -0.13208896 -0.11372932 -0.10400000
v -0.13388723 -0.11551693 -0.02898130
v -0.13468547 -0.11442380 -0.03799170
v -0.13208896 -0.11372932 -0.10400000
v -0.13365136 -0.11575416 -0.02696977
v -0.13388723 -0.11551693 -0.02898130
v -0.13208896 -0.11372932 -0.10400000
v -0.13318870 -0.11611781 -0.02421544
v -0.13365136 -0.11575416 -0.02696977
v -0.13208896 -0.11372932 -0.10400000
v -0.13291205 -0.11628122 -0.02320116
v -0.13318870 -0.11611781 -0.02421544
v -0.13208896 -0.11372932 -0.10400000
v -0.13274526 -0.11636265 -0.02278952
v -0.13291205 -0.11628122 -0.02320116
v -0.13208896 -0.11372932 -0.10400000
v -0.13259829 -0.11642447 -0.02254268
v -0.13274526 -0.11636265 -0.02278952
v -0.13208896 -0.11372932 -0.10400000
v -0.13252104 -0.11645341 -0.02245458
v -0.13259829 -0.11642447 -0.02254268
v -0.13208896 -0.11372932 -0.10400000
v -0.13006519 -0.11398892 -0.10400000
v -0.13252104 -0.11645341 -0.02245458
v -0.13006519 -0.11398892 -0.10400000
v -0.13240271 -0.11649316 -0.02237338
v -0.13252104 -0.11645341 -0.02245458
v -0.13006519 -0.11398892 -0.10400000
v -0.13233150 -0.11651444 -0.02235510
v -0.13240271 -0.11649316 -0.02237338
v -0.13006519 -0.11398892 -0.10400000
v -0.13221459 -0.11654526 -0.02237356
v -0.13233150 -0.11651444 -0.02235510
v -0.13006519 -0.11398892 -0.10400000
v -0.13212323 -0.11656583 -0.02242898
v -0.13221459 -0.11654526 -0.02237356
v -0.13006519 -0.11398892 -0.10400000
v -0.13197871 -0.11659226 -0.02258812
v -0.13212323 -0.11656583 -0.02242898
v -0.13006519 -0.11398892 -0.10400000
v -0.13170397 -0.11662256 -0.02312395
v -0.13197871 -0.11659226 -0.02258812
v -0.13006519 -0.11398892 -0.10400000
v -0.13149762 -0.11662874 -0.02372011
v -0.13170397 -0.11662256 -0.02312395
v -0.13006519 -0.11398892 -0.10400000
v -0.13114267 -0.11660746 -0.02511940
v -0.13149762 -0.11662874 -0.02372011
v -0.13006519 -0.11398892 -0.10400000
v -0.13048069 -0.11646430 -0.02893858
v -0.13114267 -0.11660746 -0.02511940
v -0.13006519 -0.11398892 -0.10400000
v -0.12926140 -0.11592019 -0.03791709
v -0.13048069 -0.11646430 -0.02893858
v -0.13006519 -0.11398892 -0.10400000
v -0.12810789 -0.11341894 -0.10400000
v -0.12926140 -0.11592019 -0.03791709
v -0.12810789 -0.11341894 -0.10400000
v -0.12849302 -0.11540923 -0.04379531
v -0.12926140 -0.11592019 -0.03791709
v -0.12849302 -0.11540923 -0.04379531
v -0.12291423 -0.11221705 -0.05141165
v -0.12543153 -0.11428943 -0.04167295
v -0.12291423 -0.11221705 -0.05141165
v -0.11917212 -0.11113085 -0.04816809
v -0.12543153 -0.11428943 -0.04167295
v -0.12291423 -0.11221705 -0.05141165
v -0.11782554 -0.10935353 -0.05673320
v -0.11917212 -0.11113085 -0.04816809
v -0.11782554 -0.10935353 -0.05673320
v -0.11574814 -0.10919855 -0.05200090
v -0.11917212 -0.11113085 -0.04816809
v -0.11782554 -0.10935353 -0.05673320
v -0.10810121 -0.10395700 -0.06435387
v -0.11574814 -0.10919855 -0.05200090
v -0.10810121 -0.10395700 -0.06435387
v -0.10939044 -0.10563263 -0.05785721
v -0.11574814 -0.10919855 -0.05200090
v -0.10810121 -0.10395700 -0.06435387
v -0.10617990 -0.10345573 -0.06170919
v -0.10939044 -0.10563263 -0.05785721
v -0.09935367 -0.10616324 -0.05531478
v -0.10266664 -0.10816809 -0.05220854
v -0.10168098 -0.10459042 -0.05706032
v -0.10266664 -0.10816809 -0.05220854
v -0.10606906 -0.10627855 -0.05470554
v -0.10168098 -0.10459042 -0.05706032
v -0.10266664 -0.10816809 -0.05220854
v -0.11089364 -0.11296926 -0.04279486
v -0.10606906 -0.10627855 -0.05470554
v -0.11089364 -0.11296926 -0.04279486
v -0.11190903 -0.10960867 -0.04891996
v -0.10606906 -0.10627855 -0.05470554
v -0.11089364 -0.11296926 -0.04279486
v -0.11505686 -0.11138837 -0.04521812
v -0.11190903 -0.10960867 -0.04891996
v -0.11532786 -0.11539624 -0.03626987
v -0.11871188 -0.11428281 -0.03783190
v -0.11089364 -0.11296926 -0.04279486
v -0.11871188 -0.11428281 -0.03783190
v -0.11505686 -0.11138837 -0.04521812
v -0.11089364 -0.11296926 -0.04279486
v -0.11871188 -0.11428281 -0.03783190
v -0.12212619 -0.11390878 -0.03965774
v -0.11505686 -0.11138837 -0.04521812
v -0.12212619 -0.11390878 -0.03965774
v -0.11917212 -0.11113085 -0.04816809
v -0.11505686 -0.11138837 -0.04521812
v -0.12212619 -0.11390878 -0.03965774
v -0.12543153 -0.11428943 -0.04167295
v -0.11917212 -0.11113085 -0.04816809
v -0.10168098 -0.10459042 -0.05706032
v -0.10606906 -0.10627855 -0.05470554
v -0.10399937 -0.10367087 -0.05923208
v -0.10606906 -0.10627855 -0.05470554
v -0.10939044 -0.10563263 -0.05785721
v -0.10399937 -0.10367087 -0.05923208
v -0.10606906 -0.10627855 -0.05470554
v -0.11190903 -0.10960867 -0.04891996
v -0.10939044 -0.10563263 -0.05785721
v -0.11190903 -0.10960867 -0.04891996
v -0.11574814 -0.10919855 -0.05200090
v -0.10939044 -0.10563263 -0.05785721
v -0.11190903 -0.10960867 -0.04891996
v -0.11505686 -0.11138837 -0.04521812
v -0.11574814 -0.10919855 -0.05200090
v -0.11505686 -0.11138837 -0.04521812
v -0.11917212 -0.11113085 -0.04816809
v -0.11574814 -0.10919855 -0.05200090
v -0.10399937 -0.10367087 -0.05923208
v -0.10939044 -0.10563263 -0.05785721
v -0.10617990 -0.10345573 -0.06170919
v -0.09935367 -0.10616324 -0.05531478
v -0.10168098 -0.10459042 -0.05706032
v -0.09613971 -0.10447826 -0.05879066
v -0.10168098 -0.10459042 -0.05706032
v -0.10104315 -0.10342406 -0.05900665
v -0.09613971 -0.10447826 -0.05879066
v -0.10168098 -0.10459042 -0.05706032
v -0.10399937 -0.10367087 -0.05923208
v -0.10104315 -0.10342406 -0.05900665
v -0.10399937 -0.10367087 -0.05923208
v -0.10440927 -0.10285820 -0.06169309
v -0.10104315 -0.10342406 -0.05900665
v -0.10399937 -0.10367087 -0.05923208
v -0.10617990 -0.10345573 -0.06170919
v -0.10440927 -0.10285820 -0.06169309
v -0.10678430 -0.10322981 -0.06526375
v -0.10578341 -0.10265911 -0.06656203
v -0.10440927 -0.10285820 -0.06169309
v -0.10578341 -0.10265911 -0.06656203
v -0.10214580 -0.10163584 -0.06447129
v -0.10440927 -0.10285820 -0.06169309
v -0.10578341 -0.10265911 -0.06656203
v -0.10457985 -0.10191586 -0.07004559
v -0.10214580 -0.10163584 -0.06447129
v -0.10457985 -0.10191586 -0.07004559
v -0.10077062 -0.10091805 -0.06751264
v -0.10214580 -0.10163584 -0.06447129
v -0.10457985 -0.10191586 -0.07004559
v -0.10015569 -0.10061422 -0.06998779
v -0.10077062 -0.10091805 -0.06751264
v -0.10810121 -0.10395700 -0.06435387
v -0.10743275 -0.10359057 -0.06472461
v -0.10617990 -0.10345573 -0.06170919
v -0.10743275 -0.10359057 -0.06472461
v -0.10440927 -0.10285820 -0.06169309
v -0.10617990 -0.10345573 -0.06170919
v -0.10743275 -0.10359057 -0.06472461
v -0.10678430 -0.10322981 -0.06526375
v -0.10440927 -0.10285820 -0.06169309
v -0.09234695 -0.10330597 -0.06648215
v -0.09634584 -0.10130800 -0.06687496
v -0.09157823 -0.10345641 -0.07004559
v -0.09634584 -0.10130800 -0.06687496
v -0.09557570 -0.10115690 -0.06998779
v -0.09157823 -0.10345641 -0.07004559
v -0.09634584 -0.10130800 -0.06687496
v -0.10077062 -0.10091805 -0.06751264
v -0.09557570 -0.10115690 -0.06998779
v -0.10077062 -0.10091805 -0.06751264
v -0.10015569 -0.10061422 -0.06998779
v -0.09557570 -0.10115690 -0.06998779
v -0.09634584 -0.10130800 -0.06687496
v -0.09809386 -0.10197461 -0.06289241
v -0.10077062 -0.10091805 -0.06751264
v -0.09809386 -0.10197461 -0.06289241
v -0.10214580 -0.10163584 -0.06447129
v -0.10077062 -0.10091805 -0.06751264
v -0.09809386 -0.10197461 -0.06289241
v -0.10104315 -0.10342406 -0.05900665
v -0.10214580 -0.10163584 -0.06447129
v -0.10104315 -0.10342406 -0.05900665
v -0.10440927 -0.10285820 -0.06169309
v -0.10214580 -0.10163584 -0.06447129
v -0.09809386 -0.10197461 -0.06289241
v -0.09392640 -0.10361865 -0.06241542
v -0.09613971 -0.10447826 -0.05879066
v -0.09809386 -0.10197461 -0.06289241
v -0.09634584 -0.10130800 -0.06687496
v -0.09392640 -0.10361865 -0.06241542
v -0.10104315 -0.10342406 -0.05900665
v -0.09809386 -0.10197461 -0.06289241
v -0.09613971 -0.10447826 -0.05879066
v -0.09634584 -0.10130800 -0.06687496
v -0.09234695 -0.10330597 -0.06648215
v -0.09392640 -0.10361865 -0.06241542
v -0.10465597 -0.10036008 -0.10400000
v -0.10447034 -0.10055330 -0.09400000
v -0.10637224 -0.10186189 -0.10400000
v -0.10447034 -0.10055330 -0.09400000
v -0.10619198 -0.10206262 -0.09400000
v -0.10637224 -0.10186189 -0.10400000
v -0.15159061 -0.03277710 -0.08000000
v -0.14321370 -0.03590830 -0.08000000
v -0.15075065 -0.04017828 -0.07970760
v -0.15075065 -0.04017828 -0.07970760
v -0.14321370 -0.03590830 -0.08000000
v -0.14013189 -0.04466582 -0.07965096
v -0.15075065 -0.04017828 -0.07970760
v -0.14013189 -0.04466582 -0.07965096
v -0.14968465 -0.05055577 -0.07827858
v -0.13093877 -0.04249082 -0.08934266
v -0.13058781 -0.04354536 -0.08948879
v -0.13281381 -0.04264836 -0.08384616
v -0.13281381 -0.04264836 -0.08384616
v -0.13058781 -0.04354536 -0.08948879
v -0.13123709 -0.04502684 -0.08537604
v -0.13281381 -0.04264836 -0.08384616
v -0.13123709 -0.04502684 -0.08537604
v -0.13603897 -0.04344705 -0.08088471
v -0.13603897 -0.04344705 -0.08088471
v -0.13123709 -0.04502684 -0.08537604
v -0.13361174 -0.04683659 -0.08211768
v -0.13603897 -0.04344705 -0.08088471
v -0.13361174 -0.04683659 -0.08211768
v -0.14013189 -0.04466582 -0.07965096
v -0.14013189 -0.04466582 -0.07965096
v -0.13361174 -0.04683659 -0.08211768
v -0.13724796 -0.04862114 -0.08035010
v -0.14968465 -0.05055577 -0.07827858
v -0.15016563 -0.05071875 -0.07821129
v -0.15075065 -0.04017828 -0.07970760
v -0.15016563 -0.05071875 -0.07821129
v -0.16168553 -0.04353496 -0.08015415
v -0.15075065 -0.04017828 -0.07970760
v -0.15016563 -0.05071875 -0.07821129
v -0.16016695 -0.05494240 -0.07750272
v -0.16168553 -0.04353496 -0.08015415
v -0.17257443 -0.04329250 -0.08353514
v -0.16168553 -0.04353496 -0.08015415
v -0.17164356 -0.05501880 -0.08047572
v -0.16168553 -0.04353496 -0.08015415
v -0.16599099 -0.05488517 -0.07866074
v -0.17164356 -0.05501880 -0.08047572
v -0.16168553 -0.04353496 -0.08015415
v -0.16016695 -0.05494240 -0.07750272
v -0.16599099 -0.05488517 -0.07866074
v -0.18242911 -0.04342498 -0.08927323
v -0.17257443 -0.04329250 -0.08353514
v -0.18211897 -0.05584843 -0.08596523
v -0.17257443 -0.04329250 -0.08353514
v -0.17704496 -0.05534140 -0.08292205
v -0.18211897 -0.05584843 -0.08596523
v -0.17257443 -0.04329250 -0.08353514
v -0.17164356 -0.05501880 -0.08047572
v -0.17704496 -0.05534140 -0.08292205
v -0.20142229 -0.05122228 -0.11631335
v -0.19706561 -0.04476804 -0.10651950
v -0.20212354 -0.06219656 -0.11385003
v -0.19706561 -0.04476804 -0.10651950
v -0.19779978 -0.05954112 -0.10313504
v -0.20212354 -0.06219656 -0.11385003
v -0.19706561 -0.04476804 -0.10651950
v -0.19073689 -0.04392551 -0.09706988
v -0.19779978 -0.05954112 -0.10313504
v -0.19073689 -0.04392551 -0.09706988
v -0.19100422 -0.05738466 -0.09366259
v -0.19779978 -0.05954112 -0.10313504
v -0.19073689 -0.04392551 -0.09706988
v -0.18242911 -0.04342498 -0.08927323
v -0.19100422 -0.05738466 -0.09366259
v -0.20008240 -0.02979737 -0.11818181
v -0.19526559 -0.03009336 -0.10580715
v -0.19706561 -0.04476804 -0.10651950
v -0.20008240 -0.02979737 -0.11818181
v -0.19706561 -0.04476804 -0.10651950
v -0.20073234 -0.04027814 -0.11773879
v -0.19706561 -0.04476804 -0.10651950
v -0.20142229 -0.05122228 -0.11631335
v -0.20073234 -0.04027814 -0.11773879
v -0.16168553 -0.04353496 -0.08015415
v -0.16473052 -0.03196969 -0.08176421
v -0.15075065 -0.04017828 -0.07970760
v -0.19100422 -0.05738466 -0.09366259
v -0.18242911 -0.04342498 -0.08927323
v -0.18211897 -0.05584843 -0.08596523
v -0.15159061 -0.03277710 -0.08000000
v -0.15075065 -0.04017828 -0.07970760
v -0.16473052 -0.03196969 -0.08176421
v -0.17257443 -0.04329250 -0.08353514
v -0.16473052 -0.03196969 -0.08176421
v -0.16168553 -0.04353496 -0.08015415
v -0.16473052 -0.03196969 -0.08176421
v -0.17257443 -0.04329250 -0.08353514
v -0.17694317 -0.03121924 -0.08693236
v -0.18242911 -0.04342498 -0.08927323
v -0.17694317 -0.03121924 -0.08693236
v -0.17257443 -0.04329250 -0.08353514
v -0.17694317 -0.03121924 -0.08693236
v -0.18242911 -0.04342498 -0.08927323
v -0.18736671 -0.03057873 -0.09513973
v -0.18242911 -0.04342498 -0.08927323
v -0.19073689 -0.04392551 -0.09706988
v -0.18736671 -0.03057873 -0.09513973
v -0.19073689 -0.04392551 -0.09706988
v -0.19526559 -0.03009336 -0.10580715
v -0.18736671 -0.03057873 -0.09513973
v -0.19073689 -0.04392551 -0.09706988
v -0.19706561 -0.04476804 -0.10651950
v -0.19526559 -0.03009336 -0.10580715
v -0.19779978 -0.05954112 -0.10313504
v -0.19839177 -0.07022089 -0.09941228
v -0.20212354 -0.06219656 -0.11385003
v -0.19839177 -0.07022089 -0.09941228
v -0.20273409 -0.07166039 -0.11083452
v -0.20212354 -0.06219656 -0.11385003
v -0.19839177 -0.07022089 -0.09941228
v -0.19994411 -0.08139211 -0.09615716
v -0.20273409 -0.07166039 -0.11083452
v -0.19994411 -0.08139211 -0.09615716
v -0.20333867 -0.08097543 -0.10698250
v -0.20273409 -0.07166039 -0.11083452
v -0.19994411 -0.08139211 -0.09615716
v -0.20392952 -0.09005085 -0.10228365
v -0.20333867 -0.08097543 -0.10698250
v -0.17440638 -0.06549015 -0.07777839
v -0.17694706 -0.06395196 -0.07972354
v -0.16911313 -0.06052628 -0.07771563
v -0.17694706 -0.06395196 -0.07972354
v -0.17704496 -0.05534140 -0.08292205
v -0.16911313 -0.06052628 -0.07771563
v -0.17694706 -0.06395196 -0.07972354
v -0.18464057 -0.06524456 -0.08432844
v -0.17704496 -0.05534140 -0.08292205
v -0.18464057 -0.06524456 -0.08432844
v -0.18211897 -0.05584843 -0.08596523
v -0.17704496 -0.05534140 -0.08292205
v -0.18464057 -0.06524456 -0.08432844
v -0.19100422 -0.05738466 -0.09366259
v -0.18211897 -0.05584843 -0.08596523
v -0.17896232 -0.07301075 -0.07641996
v -0.18721089 -0.07475610 -0.08174545
v -0.17713006 -0.06927037 -0.07735872
v -0.18721089 -0.07475610 -0.08174545
v -0.18464057 -0.06524456 -0.08432844
v -0.17713006 -0.06927037 -0.07735872
v -0.18721089 -0.07475610 -0.08174545
v -0.19135048 -0.06706841 -0.09013508
v -0.18464057 -0.06524456 -0.08432844
v -0.18586236 -0.09046433 -0.06903997
v -0.18746489 -0.08488077 -0.07523563
v -0.17844380 -0.08476783 -0.06816062
v -0.18746489 -0.08488077 -0.07523563
v -0.17978387 -0.08178452 -0.07129426
v -0.17844380 -0.08476783 -0.06816062
v -0.18746489 -0.08488077 -0.07523563
v -0.18721089 -0.07475610 -0.08174545
v -0.17978387 -0.08178452 -0.07129426
v -0.18721089 -0.07475610 -0.08174545
v -0.18007948 -0.07762089 -0.07434294
v -0.17978387 -0.08178452 -0.07129426
v -0.18721089 -0.07475610 -0.08174545
v -0.17896232 -0.07301075 -0.07641996
v -0.18007948 -0.07762089 -0.07434294
v -0.20065080 -0.09342631 -0.08869980
v -0.19488985 -0.08872180 -0.08142693
v -0.19775368 -0.09767061 -0.07849541
v -0.19488985 -0.08872180 -0.08142693
v -0.19424453 -0.09496798 -0.07502205
v -0.19775368 -0.09767061 -0.07849541
v -0.19488985 -0.08872180 -0.08142693
v -0.18746489 -0.08488077 -0.07523563
v -0.19424453 -0.09496798 -0.07502205
v -0.18746489 -0.08488077 -0.07523563
v -0.19026394 -0.09255570 -0.07185687
v -0.19424453 -0.09496798 -0.07502205
v -0.18746489 -0.08488077 -0.07523563
v -0.18586236 -0.09046433 -0.06903997
v -0.19026394 -0.09255570 -0.07185687
v -0.20074694 -0.10062934 -0.08223290
v -0.20318637 -0.10380666 -0.08618718
v -0.20065080 -0.09342631 -0.08869980
v -0.20318637 -0.10380666 -0.08618718
v -0.20449838 -0.09879065 -0.09673942
v -0.20065080 -0.09342631 -0.08869980
v -0.20318637 -0.10380666 -0.08618718
v -0.20504105 -0.10716230 -0.09030815
v -0.20449838 -0.09879065 -0.09673942
v -0.17164356 -0.05501880 -0.08047572
v -0.16599099 -0.05488517 -0.07866074
v -0.16911313 -0.06052628 -0.07771563
v -0.16599099 -0.05488517 -0.07866074
v -0.16692205 -0.05900028 -0.07760027
v -0.16911313 -0.06052628 -0.07771563
v -0.16599099 -0.05488517 -0.07866074
v -0.16016695 -0.05494240 -0.07750272
v -0.16692205 -0.05900028 -0.07760027
v -0.19100422 -0.05738466 -0.09366259
v -0.19516695 -0.06855057 -0.09458113
v -0.19779978 -0.05954112 -0.10313504
v -0.19516695 -0.06855057 -0.09458113
v -0.19839177 -0.07022089 -0.09941228
v -0.19779978 -0.05954112 -0.10313504
v -0.19516695 -0.06855057 -0.09458113
v -0.19439073 -0.07773084 -0.08839084
v -0.19839177 -0.07022089 -0.09941228
v -0.19439073 -0.07773084 -0.08839084
v -0.19994411 -0.08139211 -0.09615716
v -0.19839177 -0.07022089 -0.09941228
v -0.18746489 -0.08488077 -0.07523563
v -0.19488985 -0.08872180 -0.08142693
v -0.18721089 -0.07475610 -0.08174545
v -0.19488985 -0.08872180 -0.08142693
v -0.19439073 -0.07773084 -0.08839084
v -0.18721089 -0.07475610 -0.08174545
v -0.19488985 -0.08872180 -0.08142693
v -0.20065080 -0.09342631 -0.08869980
v -0.19439073 -0.07773084 -0.08839084
v -0.20065080 -0.09342631 -0.08869980
v -0.19994411 -0.08139211 -0.09615716
v -0.19439073 -0.07773084 -0.08839084
v -0.20065080 -0.09342631 -0.08869980
v -0.20392952 -0.09005085 -0.10228365
v -0.19994411 -0.08139211 -0.09615716
v -0.17704496 -0.05534140 -0.08292205
v -0.17164356 -0.05501880 -0.08047572
v -0.16911313 -0.06052628 -0.07771563
v -0.17602402 -0.08734597 -0.06458895
v -0.18586236 -0.09046433 -0.06903997
v -0.17844380 -0.08476783 -0.06816062
v -0.20065080 -0.09342631 -0.08869980
v -0.19775368 -0.09767061 -0.07849541
v -0.20074694 -0.10062934 -0.08223290
v -0.18464057 -0.06524456 -0.08432844
v -0.19135048 -0.06706841 -0.09013508
v -0.19100422 -0.05738466 -0.09366259
v -0.19516695 -0.06855057 -0.09458113
v -0.19100422 -0.05738466 -0.09366259
v -0.19135048 -0.06706841 -0.09013508
v -0.17440638 -0.06549015 -0.07777839
v -0.17713006 -0.06927037 -0.07735872
v -0.17694706 -0.06395196 -0.07972354
v -0.18464057 -0.06524456 -0.08432844
v -0.17694706 -0.06395196 -0.07972354
v -0.17713006 -0.06927037 -0.07735872
v -0.18721089 -0.07475610 -0.08174545
v -0.19439073 -0.07773084 -0.08839084
v -0.19135048 -0.06706841 -0.09013508
v -0.19135048 -0.06706841 -0.09013508
v -0.19439073 -0.07773084 -0.08839084
v -0.19516695 -0.06855057 -0.09458113
v -0.20065080 -0.09342631 -0.08869980
v -0.20449838 -0.09879065 -0.09673942
v -0.20392952 -0.09005085 -0.10228365
v -0.13803029 -0.10757630 -0.10400000
v -0.14939587 -0.09266377 -0.07344555
v -0.15087540 -0.09004833 -0.07709738
v -0.13803029 -0.10757630 -0.10400000
v -0.14538951 -0.09930728 -0.06320572
v -0.14939587 -0.09266377 -0.07344555
v -0.13803029 -0.10757630 -0.10400000
v -0.13962000 -0.10785099 -0.04960569
v -0.14538951 -0.09930728 -0.06320572
v -0.13803029 -0.10757630 -0.10400000
v -0.13428998 -0.11221063 -0.10400000
v -0.13962000 -0.10785099 -0.04960569
v -0.13428998 -0.11221063 -0.10400000
v -0.13468547 -0.11442380 -0.03799170
v -0.13962000 -0.10785099 -0.04960569
v -0.13388723 -0.11551693 -0.02898130
v -0.13803879 -0.11258359 -0.03057577
v -0.13468547 -0.11442380 -0.03799170
v -0.13803879 -0.11258359 -0.03057577
v -0.13666185 -0.11257270 -0.03622491
v -0.13468547 -0.11442380 -0.03799170
v -0.13803879 -0.11258359 -0.03057577
v -0.13898478 -0.11110830 -0.03451798
v -0.13666185 -0.11257270 -0.03622491
v -0.14442005 -0.10948154 -0.03145939
v -0.13803879 -0.11258359 -0.03057577
v -0.14021424 -0.11311947 -0.02441142
v -0.13803879 -0.11258359 -0.03057577
v -0.13686464 -0.11394563 -0.02663417
v -0.14021424 -0.11311947 -0.02441142
v -0.13803879 -0.11258359 -0.03057577
v -0.13388723 -0.11551693 -0.02898130
v -0.13686464 -0.11394563 -0.02663417
v -0.14442005 -0.10948154 -0.03145939
v -0.13898478 -0.11110830 -0.03451798
v -0.13803879 -0.11258359 -0.03057577
v -0.13158501 -0.11739522 -0.01792330
v -0.13134355 -0.11698614 -0.02006430
v -0.12958241 -0.11774971 -0.01861839
v -0.13134355 -0.11698614 -0.02006430
v -0.13049244 -0.11709245 -0.02059637
v -0.12958241 -0.11774971 -0.01861839
v -0.13134355 -0.11698614 -0.02006430
v -0.13158853 -0.11678820 -0.02106962
v -0.13049244 -0.11709245 -0.02059637
v -0.13158853 -0.11678820 -0.02106962
v -0.13096834 -0.11685701 -0.02160249
v -0.13049244 -0.11709245 -0.02059637
v -0.13158853 -0.11678820 -0.02106962
v -0.13184574 -0.11664404 -0.02208102
v -0.13096834 -0.11685701 -0.02160249
v -0.13184574 -0.11664404 -0.02208102
v -0.13170397 -0.11662256 -0.02312395
v -0.13096834 -0.11685701 -0.02160249
v -0.13184574 -0.11664404 -0.02208102
v -0.13197871 -0.11659226 -0.02258812
v -0.13170397 -0.11662256 -0.02312395
v -0.13458616 -0.11646012 -0.01827429
v -0.13326667 -0.11646435 -0.02001540
v -0.13292878 -0.11703905 -0.01786487
v -0.13326667 -0.11646435 -0.02001540
v -0.13302694 -0.11655207 -0.01992869
v -0.13292878 -0.11703905 -0.01786487
v -0.13326667 -0.11646435 -0.02001540
v -0.13298667 -0.11640956 -0.02102217
v -0.13302694 -0.11655207 -0.01992869
v -0.13298667 -0.11640956 -0.02102217
v -0.13281275 -0.11647470 -0.02093502
v -0.13302694 -0.11655207 -0.01992869
v -0.13298667 -0.11640956 -0.02102217
v -0.13280926 -0.11640179 -0.02169685
v -0.13281275 -0.11647470 -0.02093502
v -0.13280926 -0.11640179 -0.02169685
v -0.13267864 -0.11645118 -0.02160931
v -0.13281275 -0.11647470 -0.02093502
v -0.13280926 -0.11640179 -0.02169685
v -0.13272342 -0.11640655 -0.02203493
v -0.13267864 -0.11645118 -0.02160931
v -0.13272342 -0.11640655 -0.02203493
v -0.13261423 -0.11644786 -0.02194717
v -0.13267864 -0.11645118 -0.02160931
v -0.13272342 -0.11640655 -0.02203493
v -0.13259829 -0.11642447 -0.02254268
v -0.13261423 -0.11644786 -0.02194717
v -0.13259829 -0.11642447 -0.02254268
v -0.13252104 -0.11645341 -0.02245458
v -0.13261423 -0.11644786 -0.02194717
v -0.14021424 -0.11311947 -0.02441142
v -0.13686464 -0.11394563 -0.02663417
v -0.13903613 -0.11402421 -0.02241609
v -0.13686464 -0.11394563 -0.02663417
v -0.13620638 -0.11459061 -0.02464394
v -0.13903613 -0.11402421 -0.02241609
v -0.13686464 -0.11394563 -0.02663417
v -0.13388723 -0.11551693 -0.02898130
v -0.13620638 -0.11459061 -0.02464394
v -0.13388723 -0.11551693 -0.02898130
v -0.13365136 -0.11575416 -0.02696977
v -0.13620638 -0.11459061 -0.02464394
v -0.12692448 -0.11791145 -0.02060682
v -0.12899741 -0.11701419 -0.02282604
v -0.12382705 -0.11767028 -0.02441142
v -0.12899741 -0.11701419 -0.02282604
v -0.12712140 -0.11665462 -0.02661277
v -0.12382705 -0.11767028 -0.02441142
v -0.12899741 -0.11701419 -0.02282604
v -0.13114267 -0.11660746 -0.02511940
v -0.12712140 -0.11665462 -0.02661277
v -0.13114267 -0.11660746 -0.02511940
v -0.13048069 -0.11646430 -0.02893858
v -0.12712140 -0.11665462 -0.02661277
v -0.12860230 -0.11784950 -0.01921289
v -0.12985484 -0.11712508 -0.02118769
v -0.12692448 -0.11791145 -0.02060682
v -0.12985484 -0.11712508 -0.02118769
v -0.12899741 -0.11701419 -0.02282604
v -0.12692448 -0.11791145 -0.02060682
v -0.12985484 -0.11712508 -0.02118769
v -0.13050350 -0.11687125 -0.02219496
v -0.12899741 -0.11701419 -0.02282604
v -0.13050350 -0.11687125 -0.02219496
v -0.13114267 -0.11660746 -0.02511940
v -0.12899741 -0.11701419 -0.02282604
v -0.13050350 -0.11687125 -0.02219496
v -0.13149762 -0.11662874 -0.02372011
v -0.13114267 -0.11660746 -0.02511940
v -0.12958241 -0.11774971 -0.01861839
v -0.13049244 -0.11709245 -0.02059637
v -0.12860230 -0.11784950 -0.01921289
v -0.13049244 -0.11709245 -0.02059637
v -0.12985484 -0.11712508 -0.02118769
v -0.12860230 -0.11784950 -0.01921289
v -0.13049244 -0.11709245 -0.02059637
v -0.13096834 -0.11685701 -0.02160249
v -0.12985484 -0.11712508 -0.02118769
v -0.13096834 -0.11685701 -0.02160249
v -0.13050350 -0.11687125 -0.02219496
v -0.12985484 -0.11712508 -0.02118769
v -0.13096834 -0.11685701 -0.02160249
v -0.13170397 -0.11662256 -0.02312395
v -0.13050350 -0.11687125 -0.02219496
v -0.13170397 -0.11662256 -0.02312395
v -0.13149762 -0.11662874 -0.02372011
v -0.13050350 -0.11687125 -0.02219496
v -0.13197871 -0.11659226 -0.02258812
v -0.13184574 -0.11664404 -0.02208102
v -0.13212323 -0.11656583 -0.02242898
v -0.13184574 -0.11664404 -0.02208102
v -0.13205070 -0.11660721 -0.02192214
v -0.13212323 -0.11656583 -0.02242898
v -0.13184574 -0.11664404 -0.02208102
v -0.13158853 -0.11678820 -0.02106962
v -0.13205070 -0.11660721 -0.02192214
v -0.13158853 -0.11678820 -0.02106962
v -0.13191497 -0.11672837 -0.02091112
v -0.13205070 -0.11660721 -0.02192214
v -0.13158853 -0.11678820 -0.02106962
v -0.13134355 -0.11698614 -0.02006430
v -0.13191497 -0.11672837 -0.02091112
v -0.13134355 -0.11698614 -0.02006430
v -0.13179188 -0.11690041 -0.01990588
v -0.13191497 -0.11672837 -0.02091112
v -0.13134355 -0.11698614 -0.02006430
v -0.13158501 -0.11739522 -0.01792330
v -0.13179188 -0.11690041 -0.01990588
v -0.13205070 -0.11660721 -0.02192214
v -0.13221193 -0.11657052 -0.02185863
v -0.13212323 -0.11656583 -0.02242898
v -0.13221193 -0.11657052 -0.02185863
v -0.13221459 -0.11654526 -0.02237356
v -0.13212323 -0.11656583 -0.02242898
v -0.13221193 -0.11657052 -0.02185863
v -0.13233150 -0.11651444 -0.02235510
v -0.13221459 -0.11654526 -0.02237356
v -0.13244679 -0.11650445 -0.02186634
v -0.13254594 -0.11656424 -0.02085488
v -0.13267864 -0.11645118 -0.02160931
v -0.13254594 -0.11656424 -0.02085488
v -0.13281275 -0.11647470 -0.02093502
v -0.13267864 -0.11645118 -0.02160931
v -0.13254594 -0.11656424 -0.02085488
v -0.13302694 -0.11655207 -0.01992869
v -0.13281275 -0.11647470 -0.02093502
v -0.13252104 -0.11645341 -0.02245458
v -0.13240271 -0.11649316 -0.02237338
v -0.13261423 -0.11644786 -0.02194717
v -0.13240271 -0.11649316 -0.02237338
v -0.13244679 -0.11650445 -0.02186634
v -0.13261423 -0.11644786 -0.02194717
v -0.13240271 -0.11649316 -0.02237338
v -0.13233150 -0.11651444 -0.02235510
v -0.13244679 -0.11650445 -0.02186634
v -0.13372240 -0.11627842 -0.02025877
v -0.13331697 -0.11627056 -0.02126661
v -0.13326667 -0.11646435 -0.02001540
v -0.13331697 -0.11627056 -0.02126661
v -0.13298667 -0.11640956 -0.02102217
v -0.13326667 -0.11646435 -0.02001540
v -0.13331697 -0.11627056 -0.02126661
v -0.13293076 -0.11631812 -0.02228090
v -0.13298667 -0.11640956 -0.02102217
v -0.13293076 -0.11631812 -0.02228090
v -0.13280926 -0.11640179 -0.02169685
v -0.13298667 -0.11640956 -0.02102217
v -0.13293076 -0.11631812 -0.02228090
v -0.13272342 -0.11640655 -0.02203493
v -0.13280926 -0.11640179 -0.02169685
v -0.13272342 -0.11640655 -0.02203493
v -0.13293076 -0.11631812 -0.02228090
v -0.13259829 -0.11642447 -0.02254268
v -0.13293076 -0.11631812 -0.02228090
v -0.13274526 -0.11636265 -0.02278952
v -0.13259829 -0.11642447 -0.02254268
v -0.13293076 -0.11631812 -0.02228090
v -0.13291205 -0.11628122 -0.02320116
v -0.13274526 -0.11636265 -0.02278952
v -0.13539774 -0.11611676 -0.01868125
v -0.13423903 -0.11603583 -0.02066513
v -0.13458616 -0.11646012 -0.01827429
v -0.13423903 -0.11603583 -0.02066513
v -0.13372240 -0.11627842 -0.02025877
v -0.13458616 -0.11646012 -0.01827429
v -0.13423903 -0.11603583 -0.02066513
v -0.13369069 -0.11608788 -0.02167455
v -0.13372240 -0.11627842 -0.02025877
v -0.13369069 -0.11608788 -0.02167455
v -0.13331697 -0.11627056 -0.02126661
v -0.13372240 -0.11627842 -0.02025877
v -0.13369069 -0.11608788 -0.02167455
v -0.13291205 -0.11628122 -0.02320116
v -0.13331697 -0.11627056 -0.02126661
v -0.13291205 -0.11628122 -0.02320116
v -0.13293076 -0.11631812 -0.02228090
v -0.13331697 -0.11627056 -0.02126661
v -0.13675084 -0.11544989 -0.01968554
v -0.13509322 -0.11555420 -0.02166722
v -0.13539774 -0.11611676 -0.01868125
v -0.13509322 -0.11555420 -0.02166722
v -0.13423903 -0.11603583 -0.02066513
v -0.13539774 -0.11611676 -0.01868125
v -0.13509322 -0.11555420 -0.02166722
v -0.13430659 -0.11572238 -0.02268020
v -0.13423903 -0.11603583 -0.02066513
v -0.13430659 -0.11572238 -0.02268020
v -0.13369069 -0.11608788 -0.02167455
v -0.13423903 -0.11603583 -0.02066513
v -0.13430659 -0.11572238 -0.02268020
v -0.13318870 -0.11611781 -0.02421544
v -0.13369069 -0.11608788 -0.02167455
v -0.13318870 -0.11611781 -0.02421544
v -0.13291205 -0.11628122 -0.02320116
v -0.13369069 -0.11608788 -0.02167455
v -0.13903613 -0.11402421 -0.02241609
v -0.13620638 -0.11459061 -0.02464394
v -0.13675084 -0.11544989 -0.01968554
v -0.13620638 -0.11459061 -0.02464394
v -0.13509322 -0.11555420 -0.02166722
v -0.13675084 -0.11544989 -0.01968554
v -0.13620638 -0.11459061 -0.02464394
v -0.13365136 -0.11575416 -0.02696977
v -0.13509322 -0.11555420 -0.02166722
v -0.13365136 -0.11575416 -0.02696977
v -0.13430659 -0.11572238 -0.02268020
v -0.13509322 -0.11555420 -0.02166722
v -0.13365136 -0.11575416 -0.02696977
v -0.13318870 -0.11611781 -0.02421544
v -0.13430659 -0.11572238 -0.02268020
v -0.13217179 -0.11666943 -0.02084762
v -0.13244679 -0.11650445 -0.02186634
v -0.13233150 -0.11651444 -0.02235510
v -0.13217179 -0.11666943 -0.02084762
v -0.13254594 -0.11656424 -0.02085488
v -0.13244679 -0.11650445 -0.02186634
v -0.13217179 -0.11666943 -0.02084762
v -0.13292878 -0.11703905 -0.01786487
v -0.13254594 -0.11656424 -0.02085488
v -0.13217179 -0.11666943 -0.02084762
v -0.13158501 -0.11739522 -0.01792330
v -0.13292878 -0.11703905 -0.01786487
v -0.13217179 -0.11666943 -0.02084762
v -0.13179188 -0.11690041 -0.01990588
v -0.13158501 -0.11739522 -0.01792330
v -0.13217179 -0.11666943 -0.02084762
v -0.13191497 -0.11672837 -0.02091112
v -0.13179188 -0.11690041 -0.01990588
v -0.13217179 -0.11666943 -0.02084762
v -0.13205070 -0.11660721 -0.02192214
v -0.13191497 -0.11672837 -0.02091112
v -0.13217179 -0.11666943 -0.02084762
v -0.13221193 -0.11657052 -0.02185863
v -0.13205070 -0.11660721 -0.02192214
v -0.13217179 -0.11666943 -0.02084762
v -0.13233150 -0.11651444 -0.02235510
v -0.13221193 -0.11657052 -0.02185863
v -0.13302694 -0.11655207 -0.01992869
v -0.13254594 -0.11656424 -0.02085488
v -0.13292878 -0.11703905 -0.01786487
v -0.13267864 -0.11645118 -0.02160931
v -0.13261423 -0.11644786 -0.02194717
v -0.13244679 -0.11650445 -0.02186634
v -0.13458616 -0.11646012 -0.01827429
v -0.13372240 -0.11627842 -0.02025877
v -0.13326667 -0.11646435 -0.02001540
v -0.12712140 -0.11665462 -0.02661277
v -0.12442892 -0.11559126 -0.03312801
v -0.12382705 -0.11767028 -0.02441142
v -0.12442892 -0.11559126 -0.03312801
v -0.12203781 -0.11747649 -0.02663830
v -0.12382705 -0.11767028 -0.02441142
v -0.12442892 -0.11559126 -0.03312801
v -0.11871188 -0.11428281 -0.03783190
v -0.12203781 -0.11747649 -0.02663830
v -0.11871188 -0.11428281 -0.03783190
v -0.11532786 -0.11539624 -0.03626987
v -0.12203781 -0.11747649 -0.02663830
v -0.12212619 -0.11390878 -0.03965774
v -0.12442892 -0.11559126 -0.03312801
v -0.12543153 -0.11428943 -0.04167295
v -0.12442892 -0.11559126 -0.03312801
v -0.12698510 -0.11558938 -0.03470836
v -0.12543153 -0.11428943 -0.04167295
v -0.12442892 -0.11559126 -0.03312801
v -0.12712140 -0.11665462 -0.02661277
v -0.12698510 -0.11558938 -0.03470836
v -0.12712140 -0.11665462 -0.02661277
v -0.13048069 -0.11646430 -0.02893858
v -0.12698510 -0.11558938 -0.03470836
v -0.12543153 -0.11428943 -0.04167295
v -0.12698510 -0.11558938 -0.03470836
v -0.12849302 -0.11540923 -0.04379531
v -0.12698510 -0.11558938 -0.03470836
v -0.12926140 -0.11592019 -0.03791709
v -0.12849302 -0.11540923 -0.04379531
v -0.12698510 -0.11558938 -0.03470836
v -0.13048069 -0.11646430 -0.02893858
v -0.12926140 -0.11592019 -0.03791709
v -0.12442892 -0.11559126 -0.03312801
v -0.12212619 -0.11390878 -0.03965774
v -0.11871188 -0.11428281 -0.03783190
v -0.10266664 -0.10816809 -0.05220854
v -0.09935367 -0.10616324 -0.05531478
v -0.11089364 -0.11296926 -0.04279486
v -0.11089364 -0.11296926 -0.04279486
v -0.09935367 -0.10616324 -0.05531478
v -0.09171660 -0.11507919 -0.04594577
v -0.11089364 -0.11296926 -0.04279486
v -0.09171660 -0.11507919 -0.04594577
v -0.11532786 -0.11539624 -0.03626987
v -0.11532786 -0.11539624 -0.03626987
v -0.09171660 -0.11507919 -0.04594577
v -0.09278861 -0.12063216 -0.03555856
v -0.11532786 -0.11539624 -0.03626987
v -0.09278861 -0.12063216 -0.03555856
v -0.12203781 -0.11747649 -0.02663830
v -0.12203781 -0.11747649 -0.02663830
v -0.09278861 -0.12063216 -0.03555856
v -0.09353778 -0.12451279 -0.02441142
v -0.12203781 -0.11747649 -0.02663830
v -0.09353778 -0.12451279 -0.02441142
v -0.12382705 -0.11767028 -0.02441142
v -0.09171660 -0.11507919 -0.04594577
v -0.08848359 -0.11506996 -0.04686918
v -0.09278861 -0.12063216 -0.03555856
v -0.09278861 -0.12063216 -0.03555856
v -0.08848359 -0.11506996 -0.04686918
v -0.08057370 -0.12113461 -0.03906021
v -0.09278861 -0.12063216 -0.03555856
v -0.08057370 -0.12113461 -0.03906021
v -0.09353778 -0.12451279 -0.02441142
v -0.09353778 -0.12451279 -0.02441142
v -0.08057370 -0.12113461 -0.03906021
v -0.07235806 -0.12580365 -0.03153766
v -0.09353778 -0.12451279 -0.02441142
v -0.07235806 -0.12580365 -0.03153766
v -0.06287811 -0.12943667 -0.02441143
v -0.09935367 -0.10616324 -0.05531478
v -0.08848359 -0.11506996 -0.04686918
v -0.09171660 -0.11507919 -0.04594577
v -0.07741407 -0.11471692 -0.06133106
v -0.08054505 -0.11361607 -0.05611994
v -0.08488497 -0.10917189 -0.06532681
v -0.08054505 -0.11361607 -0.05611994
v -0.08756865 -0.10816501 -0.06050856
v -0.08488497 -0.10917189 -0.06532681
v -0.08054505 -0.11361607 -0.05611994
v -0.08429955 -0.11373582 -0.05121483
v -0.08756865 -0.10816501 -0.06050856
v -0.08429955 -0.11373582 -0.05121483
v -0.09096328 -0.10837158 -0.05605151
v -0.08756865 -0.10816501 -0.06050856
v -0.08429955 -0.11373582 -0.05121483
v -0.08848359 -0.11506996 -0.04686918
v -0.09096328 -0.10837158 -0.05605151
v -0.08848359 -0.11506996 -0.04686918
v -0.09935367 -0.10616324 -0.05531478
v -0.09096328 -0.10837158 -0.05605151
v -0.07741407 -0.11471692 -0.06133106
v -0.06693593 -0.12127648 -0.05643570
v -0.08054505 -0.11361607 -0.05611994
v -0.06693593 -0.12127648 -0.05643570
v -0.07374290 -0.11828197 -0.05202343
v -0.08054505 -0.11361607 -0.05611994
v -0.06693593 -0.12127648 -0.05643570
v -0.06178553 -0.12406008 -0.05368637
v -0.07374290 -0.11828197 -0.05202343
v -0.06178553 -0.12406008 -0.05368637
v -0.06630423 -0.12271959 -0.04728143
v -0.07374290 -0.11828197 -0.05202343
v -0.06178553 -0.12406008 -0.05368637
v -0.05672521 -0.12654738 -0.05043122
v -0.06630423 -0.12271959 -0.04728143
v -0.06287811 -0.12943667 -0.02441143
v -0.07235806 -0.12580365 -0.03153766
v -0.05949014 -0.12716229 -0.03699671
v -0.07235806 -0.12580365 -0.03153766
v -0.06824279 -0.12506372 -0.03598868
v -0.05949014 -0.12716229 -0.03699671
v -0.07235806 -0.12580365 -0.03153766
v -0.08057370 -0.12113461 -0.03906021
v -0.06824279 -0.12506372 -0.03598868
v -0.08057370 -0.12113461 -0.03906021
v -0.07127973 -0.12257165 -0.04107971
v -0.06824279 -0.12506372 -0.03598868
v -0.08057370 -0.12113461 -0.03906021
v -0.07809322 -0.11828832 -0.04642746
v -0.07127973 -0.12257165 -0.04107971
v -0.05472224 -0.12917820 -0.03285843
v -0.05949014 -0.12716229 -0.03699671
v -0.04700316 -0.13071750 -0.04157526
v -0.05949014 -0.12716229 -0.03699671
v -0.05177010 -0.12876627 -0.04645254
v -0.04700316 -0.13071750 -0.04157526
v -0.05949014 -0.12716229 -0.03699671
v -0.06426278 -0.12493043 -0.04061862
v -0.05177010 -0.12876627 -0.04645254
v -0.06426278 -0.12493043 -0.04061862
v -0.05672521 -0.12654738 -0.05043122
v -0.05177010 -0.12876627 -0.04645254
v -0.06426278 -0.12493043 -0.04061862
v -0.06630423 -0.12271959 -0.04728143
v -0.05672521 -0.12654738 -0.05043122
v -0.08488497 -0.10917189 -0.06532681
v -0.08756865 -0.10816501 -0.06050856
v -0.09157823 -0.10345641 -0.07004559
v -0.08756865 -0.10816501 -0.06050856
v -0.09234695 -0.10330597 -0.06648215
v -0.09157823 -0.10345641 -0.07004559
v -0.08756865 -0.10816501 -0.06050856
v -0.09392640 -0.10361865 -0.06241542
v -0.09234695 -0.10330597 -0.06648215
v -0.08756865 -0.10816501 -0.06050856
v -0.09096328 -0.10837158 -0.05605151
v -0.09392640 -0.10361865 -0.06241542
v -0.09096328 -0.10837158 -0.05605151
v -0.09613971 -0.10447826 -0.05879066
v -0.09392640 -0.10361865 -0.06241542
v -0.09096328 -0.10837158 -0.05605151
v -0.09935367 -0.10616324 -0.05531478
v -0.09613971 -0.10447826 -0.05879066
v -0.08054505 -0.11361607 -0.05611994
v -0.07374290 -0.11828197 -0.05202343
v -0.08429955 -0.11373582 -0.05121483
v -0.07374290 -0.11828197 -0.05202343
v -0.07809322 -0.11828832 -0.04642746
v -0.08429955 -0.11373582 -0.05121483
v -0.07374290 -0.11828197 -0.05202343
v -0.06630423 -0.12271959 -0.04728143
v -0.07809322 -0.11828832 -0.04642746
v -0.06630423 -0.12271959 -0.04728143
v -0.07127973 -0.12257165 -0.04107971
v -0.07809322 -0.11828832 -0.04642746
v -0.06630423 -0.12271959 -0.04728143
v -0.06426278 -0.12493043 -0.04061862
v -0.07127973 -0.12257165 -0.04107971
v -0.06426278 -0.12493043 -0.04061862
v -0.06824279 -0.12506372 -0.03598868
v -0.07127973 -0.12257165 -0.04107971
v -0.06426278 -0.12493043 -0.04061862
v -0.05949014 -0.12716229 -0.03699671
v -0.06824279 -0.12506372 -0.03598868
v -0.08057370 -0.12113461 -0.03906021
v -0.08848359 -0.11506996 -0.04686918
v -0.07809322 -0.11828832 -0.04642746
v -0.06287811 -0.12943667 -0.02441143
v -0.05949014 -0.12716229 -0.03699671
v -0.05472224 -0.12917820 -0.03285843
v -0.08848359 -0.11506996 -0.04686918
v -0.08429955 -0.11373582 -0.05121483
v -0.07809322 -0.11828832 -0.04642746
v -0.13093877 -0.04249082 -0.08934266
v -0.13281381 -0.04264836 -0.08384616
v -0.13351728 -0.03347709 -0.08973823
v -0.13281381 -0.04264836 -0.08384616
v -0.13489939 -0.03382364 -0.08484962
v -0.13351728 -0.03347709 -0.08973823
v -0.13281381 -0.04264836 -0.08384616
v -0.13603897 -0.04344705 -0.08088471
v -0.13489939 -0.03382364 -0.08484962
v -0.13603897 -0.04344705 -0.08088471
v -0.13843730 -0.03471071 -0.08129644
v -0.13489939 -0.03382364 -0.08484962
v -0.13603897 -0.04344705 -0.08088471
v -0.14013189 -0.04466582 -0.07965096
v -0.13843730 -0.03471071 -0.08129644
v -0.14013189 -0.04466582 -0.07965096
v -0.14321370 -0.03590830 -0.08000000
v -0.13843730 -0.03471071 -0.08129644
v -0.20504105 -0.10716230 -0.09030815
v -0.20045749 -0.10312556 -0.07847056
v -0.20473188 -0.11149084 -0.08078898
v -0.20045749 -0.10312556 -0.07847056
v -0.20077692 -0.10582933 -0.07511370
v -0.20473188 -0.11149084 -0.08078898
v -0.20045749 -0.10312556 -0.07847056
v -0.19547436 -0.10092110 -0.06985108
v -0.20077692 -0.10582933 -0.07511370
v -0.17044370 -0.09537742 -0.05235590
v -0.17429493 -0.09228024 -0.05842184
v -0.16320905 -0.09443481 -0.05200372
v -0.17429493 -0.09228024 -0.05842184
v -0.17070454 -0.09016831 -0.05926312
v -0.16320905 -0.09443481 -0.05200372
v -0.17429493 -0.09228024 -0.05842184
v -0.17736651 -0.09044580 -0.06235094
v -0.17070454 -0.09016831 -0.05926312
v -0.17736651 -0.09044580 -0.06235094
v -0.17531502 -0.08773754 -0.06385732
v -0.17070454 -0.09016831 -0.05926312
v -0.17736651 -0.09044580 -0.06235094
v -0.17602402 -0.08734597 -0.06458895
v -0.17531502 -0.08773754 -0.06385732
v -0.16042924 -0.10074023 -0.04169757
v -0.17101201 -0.10027616 -0.04370159
v -0.15718266 -0.09825721 -0.04650621
v -0.17101201 -0.10027616 -0.04370159
v -0.17044370 -0.09537742 -0.05235590
v -0.15718266 -0.09825721 -0.04650621
v -0.17101201 -0.10027616 -0.04370159
v -0.18124689 -0.10189506 -0.04667705
v -0.17044370 -0.09537742 -0.05235590
v -0.18124689 -0.10189506 -0.04667705
v -0.18116212 -0.09725439 -0.05595726
v -0.17044370 -0.09537742 -0.05235590
v -0.18124689 -0.10189506 -0.04667705
v -0.19065803 -0.10552164 -0.05048562
v -0.18116212 -0.09725439 -0.05595726
v -0.19065803 -0.10552164 -0.05048562
v -0.18614526 -0.09897427 -0.05822958
v -0.18116212 -0.09725439 -0.05595726
v -0.19065803 -0.10552164 -0.05048562
v -0.19078887 -0.10118710 -0.06077773
v -0.18614526 -0.09897427 -0.05822958
v -0.15101818 -0.10526962 -0.03631408
v -0.16115203 -0.10278906 -0.03726893
v -0.15002101 -0.10332968 -0.04062833
v -0.16115203 -0.10278906 -0.03726893
v -0.16042924 -0.10074023 -0.04169757
v -0.15002101 -0.10332968 -0.04062833
v -0.16115203 -0.10278906 -0.03726893
v -0.17145678 -0.10231467 -0.03909840
v -0.16042924 -0.10074023 -0.04169757
v -0.17145678 -0.10231467 -0.03909840
v -0.17101201 -0.10027616 -0.04370159
v -0.16042924 -0.10074023 -0.04169757
v -0.17145678 -0.10231467 -0.03909840
v -0.18148000 -0.10386728 -0.04172217
v -0.17101201 -0.10027616 -0.04370159
v -0.18148000 -0.10386728 -0.04172217
v -0.18124689 -0.10189506 -0.04667705
v -0.17101201 -0.10027616 -0.04370159
v -0.18148000 -0.10386728 -0.04172217
v -0.19078165 -0.10737871 -0.04502505
v -0.18124689 -0.10189506 -0.04667705
v -0.19078165 -0.10737871 -0.04502505
v -0.19065803 -0.10552164 -0.05048562
v -0.18124689 -0.10189506 -0.04667705
v -0.19078165 -0.10737871 -0.04502505
v -0.19895333 -0.11269481 -0.04886201
v -0.19065803 -0.10552164 -0.05048562
v -0.19895333 -0.11269481 -0.04886201
v -0.19880790 -0.11098734 -0.05495024
v -0.19065803 -0.10552164 -0.05048562
v -0.19895333 -0.11269481 -0.04886201
v -0.20563629 -0.11958219 -0.05306462
v -0.19880790 -0.11098734 -0.05495024
v -0.17145678 -0.10231467 -0.03909840
v -0.16115203 -0.10278906 -0.03726893
v -0.17071505 -0.10627861 -0.02606340
v -0.16115203 -0.10278906 -0.03726893
v -0.16485133 -0.10652160 -0.02534220
v -0.17071505 -0.10627861 -0.02606340
v -0.16115203 -0.10278906 -0.03726893
v -0.15335248 -0.10902570 -0.02441142
v -0.16485133 -0.10652160 -0.02534220
v -0.19078165 -0.10737871 -0.04502505
v -0.18148000 -0.10386728 -0.04172217
v -0.18778412 -0.10959812 -0.02912303
v -0.18148000 -0.10386728 -0.04172217
v -0.18226219 -0.10782770 -0.02796713
v -0.18778412 -0.10959812 -0.02912303
v -0.18148000 -0.10386728 -0.04172217
v -0.17145678 -0.10231467 -0.03909840
v -0.18226219 -0.10782770 -0.02796713
v -0.17145678 -0.10231467 -0.03909840
v -0.17654584 -0.10671601 -0.02694247
v -0.18226219 -0.10782770 -0.02796713
v -0.17145678 -0.10231467 -0.03909840
v -0.17071505 -0.10627861 -0.02606340
v -0.17654584 -0.10671601 -0.02694247
v -0.19895333 -0.11269481 -0.04886201
v -0.19078165 -0.10737871 -0.04502505
v -0.19793972 -0.11500724 -0.03176234
v -0.19078165 -0.10737871 -0.04502505
v -0.19303444 -0.11200251 -0.03039403
v -0.19793972 -0.11500724 -0.03176234
v -0.19078165 -0.10737871 -0.04502505
v -0.18778412 -0.10959812 -0.02912303
v -0.19303444 -0.11200251 -0.03039403
v -0.20563629 -0.11958219 -0.05306462
v -0.19895333 -0.11269481 -0.04886201
v -0.20644648 -0.12264186 -0.03471325
v -0.19895333 -0.11269481 -0.04886201
v -0.20243132 -0.11857031 -0.03320882
v -0.20644648 -0.12264186 -0.03471325
v -0.19895333 -0.11269481 -0.04886201
v -0.19793972 -0.11500724 -0.03176234
v -0.20243132 -0.11857031 -0.03320882
v -0.19026394 -0.09255570 -0.07185687
v -0.18643147 -0.09339046 -0.06662733
v -0.19424453 -0.09496798 -0.07502205
v -0.18643147 -0.09339046 -0.06662733
v -0.19424211 -0.09767945 -0.07207987
v -0.19424453 -0.09496798 -0.07502205
v -0.18643147 -0.09339046 -0.06662733
v -0.18899363 -0.09692301 -0.06516933
v -0.19424211 -0.09767945 -0.07207987
v -0.19775368 -0.09767061 -0.07849541
v -0.19424211 -0.09767945 -0.07207987
v -0.20074694 -0.10062934 -0.08223290
v -0.19424211 -0.09767945 -0.07207987
v -0.20045749 -0.10312556 -0.07847056
v -0.20074694 -0.10062934 -0.08223290
v -0.19424211 -0.09767945 -0.07207987
v -0.19547436 -0.10092110 -0.06985108
v -0.20045749 -0.10312556 -0.07847056
v -0.18614526 -0.09897427 -0.05822958
v -0.18899363 -0.09692301 -0.06516933
v -0.18116212 -0.09725439 -0.05595726
v -0.18899363 -0.09692301 -0.06516933
v -0.18154189 -0.09396286 -0.06121810
v -0.18116212 -0.09725439 -0.05595726
v -0.18899363 -0.09692301 -0.06516933
v -0.18643147 -0.09339046 -0.06662733
v -0.18154189 -0.09396286 -0.06121810
v -0.20077692 -0.10582933 -0.07511370
v -0.19547436 -0.10092110 -0.06985108
v -0.20106362 -0.10925704 -0.06865597
v -0.19547436 -0.10092110 -0.06985108
v -0.19634721 -0.10485308 -0.06454582
v -0.20106362 -0.10925704 -0.06865597
v -0.19547436 -0.10092110 -0.06985108
v -0.18899363 -0.09692301 -0.06516933
v -0.19634721 -0.10485308 -0.06454582
v -0.18899363 -0.09692301 -0.06516933
v -0.19078887 -0.10118710 -0.06077773
v -0.19634721 -0.10485308 -0.06454582
v -0.18899363 -0.09692301 -0.06516933
v -0.18614526 -0.09897427 -0.05822958
v -0.19078887 -0.10118710 -0.06077773
v -0.15335248 -0.10902570 -0.02441142
v -0.16115203 -0.10278906 -0.03726893
v -0.15101818 -0.10526962 -0.03631408
v -0.17602402 -0.08734597 -0.06458895
v -0.17736651 -0.09044580 -0.06235094
v -0.18586236 -0.09046433 -0.06903997
v -0.20504105 -0.10716230 -0.09030815
v -0.20318637 -0.10380666 -0.08618718
v -0.20045749 -0.10312556 -0.07847056
v -0.20106362 -0.10925704 -0.06865597
v -0.20496935 -0.11574940 -0.06834961
v -0.20473188 -0.11149084 -0.08078898
v -0.15718266 -0.09825721 -0.04650621
v -0.17044370 -0.09537742 -0.05235590
v -0.16320905 -0.09443481 -0.05200372
v -0.20563629 -0.11958219 -0.05306462
v -0.20496935 -0.11574940 -0.06834961
v -0.19880790 -0.11098734 -0.05495024
v -0.19880790 -0.11098734 -0.05495024
v -0.20496935 -0.11574940 -0.06834961
v -0.20106362 -0.10925704 -0.06865597
v -0.15002101 -0.10332968 -0.04062833
v -0.16042924 -0.10074023 -0.04169757
v -0.15718266 -0.09825721 -0.04650621
v -0.17736651 -0.09044580 -0.06235094
v -0.18643147 -0.09339046 -0.06662733
v -0.18586236 -0.09046433 -0.06903997
v -0.18643147 -0.09339046 -0.06662733
v -0.19026394 -0.09255570 -0.07185687
v -0.18586236 -0.09046433 -0.06903997
v -0.19424211 -0.09767945 -0.07207987
v -0.19775368 -0.09767061 -0.07849541
v -0.19424453 -0.09496798 -0.07502205
v -0.20318637 -0.10380666 -0.08618718
v -0.20074694 -0.10062934 -0.08223290
v -0.20045749 -0.10312556 -0.07847056
v -0.18154189 -0.09396286 -0.06121810
v -0.17736651 -0.09044580 -0.06235094
v -0.17429493 -0.09228024 -0.05842184
v -0.17736651 -0.09044580 -0.06235094
v -0.18154189 -0.09396286 -0.06121810
v -0.18643147 -0.09339046 -0.06662733
v -0.18899363 -0.09692301 -0.06516933
v -0.19547436 -0.10092110 -0.06985108
v -0.19424211 -0.09767945 -0.07207987
v -0.18116212 -0.09725439 -0.05595726
v -0.17429493 -0.09228024 -0.05842184
v -0.17044370 -0.09537742 -0.05235590
v -0.18116212 -0.09725439 -0.05595726
v -0.18154189 -0.09396286 -0.06121810
v -0.17429493 -0.09228024 -0.05842184
v -0.20473188 -0.11149084 -0.08078898
v -0.20077692 -0.10582933 -0.07511370
v -0.20106362 -0.10925704 -0.06865597
v -0.19065803 -0.10552164 -0.05048562
v -0.19634721 -0.10485308 -0.06454582
v -0.19078887 -0.10118710 -0.06077773
v -0.19065803 -0.10552164 -0.05048562
v -0.19880790 -0.11098734 -0.05495024
v -0.19634721 -0.10485308 -0.06454582
v -0.19634721 -0.10485308 -0.06454582
v -0.19880790 -0.11098734 -0.05495024
v -0.20106362 -0.10925704 -0.06865597
v -0.14159856 -0.10595416 -0.04712825
v -0.14649073 -0.10007554 -0.05273673
v -0.13962000 -0.10785099 -0.04960569
v -0.14649073 -0.10007554 -0.05273673
v -0.14819291 -0.09680203 -0.05889909
v -0.13962000 -0.10785099 -0.04960569
v -0.14649073 -0.10007554 -0.05273673
v -0.15236033 -0.09488873 -0.05574140
v -0.14819291 -0.09680203 -0.05889909
v -0.14538951 -0.09930728 -0.06320572
v -0.15175456 -0.09144337 -0.06577624
v -0.14939587 -0.09266377 -0.07344555
v -0.15175456 -0.09144337 -0.06577624
v -0.15267920 -0.08788434 -0.07447027
v -0.14939587 -0.09266377 -0.07344555
v -0.15175456 -0.09144337 -0.06577624
v -0.15505297 -0.08618074 -0.07196003
v -0.15267920 -0.08788434 -0.07447027
v -0.17531502 -0.08773754 -0.06385732
v -0.17184924 -0.08607180 -0.06408499
v -0.17070454 -0.09016831 -0.05926312
v -0.17184924 -0.08607180 -0.06408499
v -0.16611369 -0.08993087 -0.05838913
v -0.17070454 -0.09016831 -0.05926312
v -0.17184924 -0.08607180 -0.06408499
v -0.16824226 -0.08493368 -0.06481480
v -0.16611369 -0.08993087 -0.05838913
v -0.16824226 -0.08493368 -0.06481480
v -0.16297614 -0.08932254 -0.05931758
v -0.16611369 -0.08993087 -0.05838913
v -0.16824226 -0.08493368 -0.06481480
v -0.16462789 -0.08436538 -0.06601966
v -0.16297614 -0.08932254 -0.05931758
v -0.16462789 -0.08436538 -0.06601966
v -0.15987882 -0.08917039 -0.06056162
v -0.16297614 -0.08932254 -0.05931758
v -0.16462789 -0.08436538 -0.06601966
v -0.16114022 -0.08438800 -0.06765488
v -0.15987882 -0.08917039 -0.06056162
v -0.16114022 -0.08438800 -0.06765488
v -0.15692060 -0.08948200 -0.06208348
v -0.15987882 -0.08917039 -0.06056162
v -0.16114022 -0.08438800 -0.06765488
v -0.15790862 -0.08500070 -0.06965979
v -0.15692060 -0.08948200 -0.06208348
v -0.15790862 -0.08500070 -0.06965979
v -0.15175456 -0.09144337 -0.06577624
v -0.15692060 -0.08948200 -0.06208348
v -0.15790862 -0.08500070 -0.06965979
v -0.15505297 -0.08618074 -0.07196003
v -0.15175456 -0.09144337 -0.06577624
v -0.15002101 -0.10332968 -0.04062833
v -0.15718266 -0.09825721 -0.04650621
v -0.14688934 -0.10365427 -0.04256165
v -0.15718266 -0.09825721 -0.04650621
v -0.15146014 -0.09832804 -0.04921993
v -0.14688934 -0.10365427 -0.04256165
v -0.15718266 -0.09825721 -0.04650621
v -0.15723832 -0.09423662 -0.05313768
v -0.15146014 -0.09832804 -0.04921993
v -0.14819291 -0.09680203 -0.05889909
v -0.15236033 -0.09488873 -0.05574140
v -0.15175456 -0.09144337 -0.06577624
v -0.15236033 -0.09488873 -0.05574140
v -0.15692060 -0.08948200 -0.06208348
v -0.15175456 -0.09144337 -0.06577624
v -0.15236033 -0.09488873 -0.05574140
v -0.15723832 -0.09423662 -0.05313768
v -0.15692060 -0.08948200 -0.06208348
v -0.15723832 -0.09423662 -0.05313768
v -0.15987882 -0.08917039 -0.06056162
v -0.15692060 -0.08948200 -0.06208348
v -0.15723832 -0.09423662 -0.05313768
v -0.16297614 -0.08932254 -0.05931758
v -0.15987882 -0.08917039 -0.06056162
v -0.14538951 -0.09930728 -0.06320572
v -0.14819291 -0.09680203 -0.05889909
v -0.15175456 -0.09144337 -0.06577624
v -0.13962000 -0.10785099 -0.04960569
v -0.14819291 -0.09680203 -0.05889909
v -0.14538951 -0.09930728 -0.06320572
v -0.15723832 -0.09423662 -0.05313768
v -0.15718266 -0.09825721 -0.04650621
v -0.16320905 -0.09443481 -0.05200372
v -0.16611369 -0.08993087 -0.05838913
v -0.16320905 -0.09443481 -0.05200372
v -0.17070454 -0.09016831 -0.05926312
v -0.16611369 -0.08993087 -0.05838913
v -0.15723832 -0.09423662 -0.05313768
v -0.16320905 -0.09443481 -0.05200372
v -0.15087540 -0.09004833 -0.07709738
v -0.14939587 -0.09266377 -0.07344555
v -0.15267920 -0.08788434 -0.07447027
v -0.15146014 -0.09832804 -0.04921993
v -0.14404957 -0.10453916 -0.04475321
v -0.14688934 -0.10365427 -0.04256165
v -0.15146014 -0.09832804 -0.04921993
v -0.14649073 -0.10007554 -0.05273673
v -0.14404957 -0.10453916 -0.04475321
v -0.14404957 -0.10453916 -0.04475321
v -0.14649073 -0.10007554 -0.05273673
v -0.14159856 -0.10595416 -0.04712825
v -0.15236033 -0.09488873 -0.05574140
v -0.15146014 -0.09832804 -0.04921993
v -0.15723832 -0.09423662 -0.05313768
v -0.15146014 -0.09832804 -0.04921993
v -0.15236033 -0.09488873 -0.05574140
v -0.14649073 -0.10007554 -0.05273673
v -0.15723832 -0.09423662 -0.05313768
v -0.16611369 -0.08993087 -0.05838913
v -0.16297614 -0.08932254 -0.05931758
v -0.15002101 -0.10332968 -0.04062833
v -0.14688934 -0.10365427 -0.04256165
v -0.14442005 -0.10948154 -0.03145939
v -0.14688934 -0.10365427 -0.04256165
v -0.14141209 -0.10801829 -0.03979007
v -0.14442005 -0.10948154 -0.03145939
v -0.14688934 -0.10365427 -0.04256165
v -0.14404957 -0.10453916 -0.04475321
v -0.14141209 -0.10801829 -0.03979007
v -0.13468547 -0.11442380 -0.03799170
v -0.14141209 -0.10801829 -0.03979007
v -0.13962000 -0.10785099 -0.04960569
v -0.14141209 -0.10801829 -0.03979007
v -0.14159856 -0.10595416 -0.04712825
v -0.13962000 -0.10785099 -0.04960569
v -0.14141209 -0.10801829 -0.03979007
v -0.14404957 -0.10453916 -0.04475321
v -0.14159856 -0.10595416 -0.04712825
v -0.13468547 -0.11442380 -0.03799170
v -0.13666185 -0.11257270 -0.03622491
v -0.14141209 -0.10801829 -0.03979007
v -0.14442005 -0.10948154 -0.03145939
v -0.14141209 -0.10801829 -0.03979007
v -0.13898478 -0.11110830 -0.03451798
v -0.13666185 -0.11257270 -0.03622491
v -0.13898478 -0.11110830 -0.03451798
v -0.14141209 -0.10801829 -0.03979007
v -0.14021424 -0.11311947 -0.02441142
v -0.15335248 -0.10902570 -0.02441142
v -0.14442005 -0.10948154 -0.03145939
v -0.14442005 -0.10948154 -0.03145939
v -0.15335248 -0.10902570 -0.02441142
v -0.15101818 -0.10526962 -0.03631408
v -0.14442005 -0.10948154 -0.03145939
v -0.15101818 -0.10526962 -0.03631408
v -0.15002101 -0.10332968 -0.04062833
v -0.15821698 -0.11430763 0.00000001
v -0.15664684 -0.11284063 -0.00704390
v -0.15780304 -0.11444551 0.00000001
v -0.15664684 -0.11284063 -0.00704390
v -0.13292878 -0.11703905 -0.01786487
v -0.15780304 -0.11444551 0.00000001
v -0.15664684 -0.11284063 -0.00704390
v -0.13458616 -0.11646012 -0.01827429
v -0.13292878 -0.11703905 -0.01786487
v -0.04009386 -0.13838997 0.00000000
v -0.00071294 -0.13999809 -0.00000525
v -0.00000006 -0.14000000 -0.00000000
v -0.04009386 -0.13838997 0.00000000
v -0.01014706 -0.13970163 -0.00072916
v -0.00071294 -0.13999809 -0.00000525
v -0.04009386 -0.13838997 0.00000000
v -0.02681259 -0.13845757 -0.00306729
v -0.01014706 -0.13970163 -0.00072916
v -0.04009386 -0.13838997 0.00000000
v -0.03557074 -0.13740948 -0.00492764
v -0.02681259 -0.13845757 -0.00306729
v -0.04009386 -0.13838997 0.00000000
v -0.04413509 -0.13591160 -0.00794336
v -0.03557074 -0.13740948 -0.00492764
v -0.04009386 -0.13838997 0.00000000
v -0.07992945 -0.13357012 0.00000000
v -0.04413509 -0.13591160 -0.00794336
v -0.07992945 -0.13357012 0.00000000
v -0.05270888 -0.13364732 -0.01323680
v -0.04413509 -0.13591160 -0.00794336
v -0.07992945 -0.13357012 0.00000000
v -0.06034763 -0.13067999 -0.02098553
v -0.05270888 -0.13364732 -0.01323680
v -0.07992945 -0.13357012 0.00000000
v -0.06287811 -0.12943667 -0.02441143
v -0.06034763 -0.13067999 -0.02098553
v -0.07992945 -0.13357012 0.00000000
v -0.09353778 -0.12451279 -0.02441142
v -0.06287811 -0.12943667 -0.02441143
v -0.07992945 -0.13357012 0.00000000
v -0.11925025 -0.12557146 0.00000001
v -0.09353778 -0.12451279 -0.02441142
v -0.11925025 -0.12557146 0.00000001
v -0.12382705 -0.11767028 -0.02441142
v -0.09353778 -0.12451279 -0.02441142
v -0.11925025 -0.12557146 0.00000001
v -0.12692448 -0.11791145 -0.02060682
v -0.12382705 -0.11767028 -0.02441142
v -0.11925025 -0.12557146 0.00000001
v -0.12860230 -0.11784950 -0.01921289
v -0.12692448 -0.11791145 -0.02060682
v -0.11925025 -0.12557146 0.00000001
v -0.12958241 -0.11774971 -0.01861839
v -0.12860230 -0.11784950 -0.01921289
v -0.11925025 -0.12557146 0.00000001
v -0.13158501 -0.11739522 -0.01792330
v -0.12958241 -0.11774971 -0.01861839
v -0.11925025 -0.12557146 0.00000001
v -0.13292878 -0.11703905 -0.01786487
v -0.13158501 -0.11739522 -0.01792330
v -0.11925025 -0.12557146 0.00000001
v -0.15780304 -0.11444551 0.00000001
v -0.13292878 -0.11703905 -0.01786487
v -0.15335248 -0.10902570 -0.02441142
v -0.13458616 -0.11646012 -0.01827429
v -0.15664684 -0.11284063 -0.00704390
v -0.15335248 -0.10902570 -0.02441142
v -0.13539774 -0.11611676 -0.01868125
v -0.13458616 -0.11646012 -0.01827429
v -0.15335248 -0.10902570 -0.02441142
v -0.13675084 -0.11544989 -0.01968554
v -0.13539774 -0.11611676 -0.01868125
v -0.15335248 -0.10902570 -0.02441142
v -0.13903613 -0.11402421 -0.02241609
v -0.13675084 -0.11544989 -0.01968554
v -0.15335248 -0.10902570 -0.02441142
v -0.14021424 -0.11311947 -0.02441142
v -0.13903613 -0.11402421 -0.02241609
v -0.03872896 -0.13367105 -0.03175362
v -0.05229597 -0.13025050 -0.02982950
v -0.04700316 -0.13071750 -0.04157526
v -0.05229597 -0.13025050 -0.02982950
v -0.05472224 -0.12917820 -0.03285843
v -0.04700316 -0.13071750 -0.04157526
v -0.05229597 -0.13025050 -0.02982950
v -0.06034763 -0.13067999 -0.02098553
v -0.05472224 -0.12917820 -0.03285843
v -0.06034763 -0.13067999 -0.02098553
v -0.06287811 -0.12943667 -0.02441143
v -0.05472224 -0.12917820 -0.03285843
v -0.03862951 -0.13494380 -0.01601359
v -0.03090672 -0.13676295 -0.01025486
v -0.04413509 -0.13591160 -0.00794336
v -0.03090672 -0.13676295 -0.01025486
v -0.03557074 -0.13740948 -0.00492764
v -0.04413509 -0.13591160 -0.00794336
v -0.03090672 -0.13676295 -0.01025486
v -0.02498031 -0.13785845 -0.00670302
v -0.03557074 -0.13740948 -0.00492764
v -0.02498031 -0.13785845 -0.00670302
v -0.02681259 -0.13845757 -0.00306729
v -0.03557074 -0.13740948 -0.00492764
v -0.02498031 -0.13785845 -0.00670302
v -0.01694744 -0.13891903 -0.00363767
v -0.02681259 -0.13845757 -0.00306729
v -0.06034763 -0.13067999 -0.02098553
v -0.05229597 -0.13025050 -0.02982950
v -0.05270888 -0.13364732 -0.01323680
v -0.05229597 -0.13025050 -0.02982950
v -0.04555537 -0.13283415 -0.02237279
v -0.05270888 -0.13364732 -0.01323680
v -0.05229597 -0.13025050 -0.02982950
v -0.03872896 -0.13367105 -0.03175362
v -0.04555537 -0.13283415 -0.02237279
v -0.03334903 -0.13531527 -0.02428131
v -0.03862951 -0.13494380 -0.01601359
v -0.03872896 -0.13367105 -0.03175362
v -0.03862951 -0.13494380 -0.01601359
v -0.04555537 -0.13283415 -0.02237279
v -0.03872896 -0.13367105 -0.03175362
v -0.03862951 -0.13494380 -0.01601359
v -0.04413509 -0.13591160 -0.00794336
v -0.04555537 -0.13283415 -0.02237279
v -0.04413509 -0.13591160 -0.00794336
v -0.05270888 -0.13364732 -0.01323680
v -0.04555537 -0.13283415 -0.02237279
v -0.03334903 -0.13531527 -0.02428131
v -0.02847990 -0.13661425 -0.01713675
v -0.03862951 -0.13494380 -0.01601359
v -0.02847990 -0.13661425 -0.01713675
v -0.03090672 -0.13676295 -0.01025486
v -0.03862951 -0.13494380 -0.01601359
v -0.02847990 -0.13661425 -0.01713675
v -0.02320695 -0.13778660 -0.01041580
v -0.03090672 -0.13676295 -0.01025486
v -0.02320695 -0.13778660 -0.01041580
v -0.02498031 -0.13785845 -0.00670302
v -0.03090672 -0.13676295 -0.01025486
v -0.02320695 -0.13778660 -0.01041580
v -0.01659844 -0.13889046 -0.00463005
v -0.02498031 -0.13785845 -0.00670302
v -0.01659844 -0.13889046 -0.00463005
v -0.01694744 -0.13891903 -0.00363767
v -0.02498031 -0.13785845 -0.00670302
v -0.01659844 -0.13889046 -0.00463005
v -0.00998837 -0.13960537 -0.00144284
v -0.01694744 -0.13891903 -0.00363767
v -0.02681259 -0.13845757 -0.00306729
v -0.01694744 -0.13891903 -0.00363767
v -0.01014706 -0.13970163 -0.00072916
v -0.00000006 -0.14000000 -0.00000000
v -0.00071294 -0.13999809 -0.00000525
v -0.00142457 -0.13999216 -0.00002287
v -0.00071294 -0.13999809 -0.00000525
v -0.01014706 -0.13970163 -0.00072916
v -0.00142457 -0.13999216 -0.00002287
v -0.00998837 -0.13960537 -0.00144284
v -0.01014706 -0.13970163 -0.00072916
v -0.01694744 -0.13891903 -0.00363767
v -0.01014706 -0.13970163 -0.00072916
v -0.00998837 -0.13960537 -0.00144284
v -0.00142457 -0.13999216 -0.00002287
v -0.20644648 -0.12264186 -0.03471325
v -0.20243132 -0.11857031 -0.03320882
v -0.20725004 -0.12464307 -0.01497149
v -0.20243132 -0.11857031 -0.03320882
v -0.19885264 -0.11753306 -0.01470784
v -0.20725004 -0.12464307 -0.01497149
v -0.20243132 -0.11857031 -0.03320882
v -0.19793972 -0.11500724 -0.03176234
v -0.19885264 -0.11753306 -0.01470784
v -0.18796713 -0.11403704 -0.00026991
v -0.18916465 -0.11277177 -0.01195454
v -0.18017453 -0.11234052 0.00000001
v -0.18916465 -0.11277177 -0.01195454
v -0.17855274 -0.11036246 -0.00956912
v -0.18017453 -0.11234052 0.00000001
v -0.18916465 -0.11277177 -0.01195454
v -0.18226219 -0.10782770 -0.02796713
v -0.17855274 -0.11036246 -0.00956912
v -0.16757446 -0.11043169 -0.00767691
v -0.16604380 -0.11241812 0.00000001
v -0.16859787 -0.11209629 0.00000001
v -0.16757446 -0.11043169 -0.00767691
v -0.16345512 -0.11288852 0.00000001
v -0.16604380 -0.11241812 0.00000001
v -0.16757446 -0.11043169 -0.00767691
v -0.16084203 -0.11351589 0.00000001
v -0.16345512 -0.11288852 0.00000001
v -0.16757446 -0.11043169 -0.00767691
v -0.15821698 -0.11430763 0.00000001
v -0.16084203 -0.11351589 0.00000001
v -0.16757446 -0.11043169 -0.00767691
v -0.15664684 -0.11284063 -0.00704390
v -0.15821698 -0.11430763 0.00000001
v -0.16757446 -0.11043169 -0.00767691
v -0.16485133 -0.10652160 -0.02534220
v -0.15664684 -0.11284063 -0.00704390
v -0.16757446 -0.11043169 -0.00767691
v -0.17071505 -0.10627861 -0.02606340
v -0.16485133 -0.10652160 -0.02534220
v -0.16757446 -0.11043169 -0.00767691
v -0.17855274 -0.11036246 -0.00956912
v -0.17071505 -0.10627861 -0.02606340
v -0.16757446 -0.11043169 -0.00767691
v -0.17427545 -0.11187106 0.00000001
v -0.17855274 -0.11036246 -0.00956912
v -0.16757446 -0.11043169 -0.00767691
v -0.17146861 -0.11189888 0.00000001
v -0.17427545 -0.11187106 0.00000001
v -0.16757446 -0.11043169 -0.00767691
v -0.16859787 -0.11209629 0.00000001
v -0.17146861 -0.11189888 0.00000001
v -0.20725004 -0.12464307 -0.01497149
v -0.19885264 -0.11753306 -0.01470784
v -0.20271705 -0.12130991 -0.00103117
v -0.17427545 -0.11187106 0.00000001
v -0.17701202 -0.11199985 0.00000001
v -0.17855274 -0.11036246 -0.00956912
v -0.18017453 -0.11234052 0.00000001
v -0.17855274 -0.11036246 -0.00956912
v -0.17701202 -0.11199985 0.00000001
v -0.19707513 -0.11780603 -0.00070535
v -0.18916465 -0.11277177 -0.01195454
v -0.18796713 -0.11403704 -0.00026991
v -0.18916465 -0.11277177 -0.01195454
v -0.19707513 -0.11780603 -0.00070535
v -0.19885264 -0.11753306 -0.01470784
v -0.19707513 -0.11780603 -0.00070535
v -0.20271705 -0.12130991 -0.00103117
v -0.19885264 -0.11753306 -0.01470784
v -0.20848921 -0.12612139 -0.00140605
v -0.20725004 -0.12464307 -0.01497149
v -0.20271705 -0.12130991 -0.00103117
v -0.15335248 -0.10902570 -0.02441142
v -0.15664684 -0.11284063 -0.00704390
v -0.16485133 -0.10652160 -0.02534220
v -0.17855274 -0.11036246 -0.00956912
v -0.17654584 -0.10671601 -0.02694247
v -0.17071505 -0.10627861 -0.02606340
v -0.17855274 -0.11036246 -0.00956912
v -0.18226219 -0.10782770 -0.02796713
v -0.17654584 -0.10671601 -0.02694247
v -0.18916465 -0.11277177 -0.01195454
v -0.18778412 -0.10959812 -0.02912303
v -0.18226219 -0.10782770 -0.02796713
v -0.18916465 -0.11277177 -0.01195454
v -0.19303444 -0.11200251 -0.03039403
v -0.18778412 -0.10959812 -0.02912303
v -0.18916465 -0.11277177 -0.01195454
v -0.19885264 -0.11753306 -0.01470784
v -0.19303444 -0.11200251 -0.03039403
v -0.19885264 -0.11753306 -0.01470784
v -0.19793972 -0.11500724 -0.03176234
v -0.19303444 -0.11200251 -0.03039403
v -0.15821698 -0.11430763 0.00000001
v -0.15780304 -0.11444551 0.00000001
v -0.16084203 -0.11351589 0.00000001
v -0.16084203 -0.11351589 0.00000001
v -0.15780304 -0.11444551 0.00000001
v -0.16194629 -0.11326368 0.00000001
v -0.16084203 -0.11351589 0.00000001
v -0.16194629 -0.11326368 0.00000001
v -0.16345512 -0.11288852 0.00000001
v -0.16345512 -0.11288852 0.00000001
v -0.16194629 -0.11326368 0.00000001
v -0.16604380 -0.11241812 0.00000001
v -0.16604380 -0.11241812 0.00000001
v -0.16194629 -0.11326368 0.00000001
v -0.16617448 -0.11244430 0.00000001
v -0.16604380 -0.11241812 0.00000001
v -0.16617448 -0.11244430 0.00000001
v -0.16859787 -0.11209629 0.00000001
v -0.16859787 -0.11209629 0.00000001
v -0.16617448 -0.11244430 0.00000001
v -0.17045584 -0.11199297 0.00000001
v -0.16859787 -0.11209629 0.00000001
v -0.17045584 -0.11199297 0.00000001
v -0.17146861 -0.11189888 0.00000001
v -0.17146861 -0.11189888 0.00000001
v -0.17045584 -0.11199297 0.00000001
v -0.17427545 -0.11187106 0.00000001
v -0.17427545 -0.11187106 0.00000001
v -0.17045584 -0.11199297 0.00000001
v -0.17475834 -0.11191247 0.00000001
v -0.17427545 -0.11187106 0.00000001
v -0.17475834 -0.11191247 0.00000001
v -0.17701202 -0.11199985 0.00000001
v -0.17701202 -0.11199985 0.00000001
v -0.17475834 -0.11191247 0.00000001
v -0.17747263 -0.11205280 0.00000001
v -0.17701202 -0.11199985 0.00000001
v -0.17747263 -0.11205280 0.00000001
v -0.18017453 -0.11234052 0.00000001
v -0.04009386 -0.13838997 0.00000000
v -0.00000006 -0.14000000 -0.00000000
v -0.04216256 -0.13501927 0.12176369
v -0.04216256 -0.13501927 0.12176369
v -0.00000006 -0.14000000 -0.00000000
v -0.00000006 -0.13721335 0.10641779
v -0.15780304 -0.11444551 0.00000001
v -0.11925025 -0.12557146 0.00000001
v -0.15910376 -0.11341091 0.02172072
v -0.15910376 -0.11341091 0.02172072
v -0.11925025 -0.12557146 0.00000001
v -0.14396723 -0.11448104 0.15881756
v -0.15910376 -0.11341091 0.02172072
v -0.14396723 -0.11448104 0.15881756
v -0.16269592 -0.11118022 0.05811930
v -0.16269592 -0.11118022 0.05811930
v -0.14396723 -0.11448104 0.15881756
v -0.16717244 -0.10878433 0.08784451
v -0.16717244 -0.10878433 0.08784451
v -0.14396723 -0.11448104 0.15881756
v -0.16274980 -0.10869098 0.14727331
v -0.16717244 -0.10878433 0.08784451
v -0.16274980 -0.10869098 0.14727331
v -0.17269653 -0.10604902 0.11393497
v -0.07992945 -0.13357012 0.00000000
v -0.04009386 -0.13838997 0.00000000
v -0.04216256 -0.13501927 0.12176369
v -0.07992945 -0.13357012 0.00000000
v -0.04216256 -0.13501927 0.12176369
v -0.04216353 -0.13501918 0.12176404
v -0.07992945 -0.13357012 0.00000000
v -0.04216353 -0.13501918 0.12176404
v -0.04216451 -0.13501909 0.12176440
v -0.07992945 -0.13357012 0.00000000
v -0.04216451 -0.13501909 0.12176440
v -0.04216558 -0.13501899 0.12176479
v -0.07992945 -0.13357012 0.00000000
v -0.04216558 -0.13501899 0.12176479
v -0.08325561 -0.12938873 0.13672034
v -0.07992945 -0.13357012 0.00000000
v -0.08325561 -0.12938873 0.13672034
v -0.11925025 -0.12557146 0.00000001
v -0.17269653 -0.10604902 0.11393497
v -0.16274980 -0.10869098 0.14727331
v -0.17466428 -0.10509742 0.12171883
v -0.12378740 -0.12033970 0.15147270
v -0.11925025 -0.12557146 0.00000001
v -0.08325561 -0.12938873 0.13672034
v -0.12378740 -0.12033970 0.15147270
v -0.14396723 -0.11448104 0.15881756
v -0.11925025 -0.12557146 0.00000001
v -0.17969953 -0.10280024 0.13506942
v -0.17466428 -0.10509742 0.12171883
v -0.16274980 -0.10869098 0.14727331
v -0.21387415 -0.11914020 0.10882616
v -0.21055695 -0.11510222 0.10898674
v -0.21514488 -0.11778855 0.11663085
v -0.21055695 -0.11510222 0.10898674
v -0.20900103 -0.11111391 0.11681343
v -0.21514488 -0.11778855 0.11663085
v -0.21055695 -0.11510222 0.10898674
v -0.20572457 -0.11084847 0.10935712
v -0.20900103 -0.11111391 0.11681343
v -0.17269653 -0.10604902 0.11393497
v -0.17466428 -0.10509742 0.12171883
v -0.17825531 -0.10452718 0.11296701
v -0.17466428 -0.10509742 0.12171883
v -0.18420196 -0.10276147 0.12231049
v -0.17825531 -0.10452718 0.11296701
v -0.17466428 -0.10509742 0.12171883
v -0.17969953 -0.10280024 0.13506942
v -0.18420196 -0.10276147 0.12231049
v -0.17969953 -0.10280024 0.13506942
v -0.18458633 -0.10145300 0.13291033
v -0.18420196 -0.10276147 0.12231049
v -0.20917400 -0.10791039 0.12443392
v -0.20900103 -0.11111391 0.11681343
v -0.20469688 -0.10493968 0.12565369
v -0.20900103 -0.11111391 0.11681343
v -0.20148860 -0.10611259 0.11816212
v -0.20469688 -0.10493968 0.12565369
v -0.20900103 -0.11111391 0.11681343
v -0.20572457 -0.11084847 0.10935712
v -0.20148860 -0.10611259 0.11816212
v -0.20572457 -0.11084847 0.10935712
v -0.20076867 -0.10779934 0.10984724
v -0.20148860 -0.10611259 0.11816212
v -0.18420196 -0.10276147 0.12231049
v -0.19302546 -0.10326216 0.12003810
v -0.18398723 -0.10393942 0.11205235
v -0.19302546 -0.10326216 0.12003810
v -0.19035006 -0.10439061 0.11113064
v -0.18398723 -0.10393942 0.11205235
v -0.19302546 -0.10326216 0.12003810
v -0.20148860 -0.10611259 0.11816212
v -0.19035006 -0.10439061 0.11113064
v -0.20148860 -0.10611259 0.11816212
v -0.19539795 -0.10559694 0.11047123
v -0.19035006 -0.10439061 0.11113064
v -0.20148860 -0.10611259 0.11816212
v -0.20076867 -0.10779934 0.10984724
v -0.19539795 -0.10559694 0.11047123
v -0.19302546 -0.10326216 0.12003810
v -0.18420196 -0.10276147 0.12231049
v -0.19480890 -0.10143290 0.12889839
v -0.18420196 -0.10276147 0.12231049
v -0.18966925 -0.10099301 0.13083435
v -0.19480890 -0.10143290 0.12889839
v -0.18420196 -0.10276147 0.12231049
v -0.18458633 -0.10145300 0.13291033
v -0.18966925 -0.10099301 0.13083435
v -0.20900103 -0.11111391 0.11681343
v -0.21317290 -0.11159126 0.12352975
v -0.21514488 -0.11778855 0.11663085
v -0.18420196 -0.10276147 0.12231049
v -0.18398723 -0.10393942 0.11205235
v -0.17825531 -0.10452718 0.11296701
v -0.21658391 -0.11588133 0.12296595
v -0.21514488 -0.11778855 0.11663085
v -0.21317290 -0.11159126 0.12352975
v -0.21317290 -0.11159126 0.12352975
v -0.20900103 -0.11111391 0.11681343
v -0.20917400 -0.10791039 0.12443392
v -0.20148860 -0.10611259 0.11816212
v -0.19986435 -0.10276061 0.12715558
v -0.20469688 -0.10493968 0.12565369
v -0.20148860 -0.10611259 0.11816212
v -0.19302546 -0.10326216 0.12003810
v -0.19986435 -0.10276061 0.12715558
v -0.19986435 -0.10276061 0.12715558
v -0.19302546 -0.10326216 0.12003810
v -0.19480890 -0.10143290 0.12889839
v -0.14284120 -0.11473797 0.16053608
v -0.14350693 -0.11467091 0.15865003
v -0.10756355 -0.12428096 0.14769606
v -0.10756355 -0.12428096 0.14769606
v -0.14350693 -0.11467091 0.15865003
v -0.12378740 -0.12033970 0.15147270
v -0.10756355 -0.12428096 0.14769606
v -0.12378740 -0.12033970 0.15147270
v -0.08324304 -0.12935992 0.13671577
v -0.04216256 -0.13501927 0.12176369
v -0.00034269 -0.13728924 0.10654250
v 0.00034057 -0.13735908 0.10842217
v -0.04216256 -0.13501927 0.12176369
v 0.00034057 -0.13735908 0.10842217
v -0.01763891 -0.13681072 0.11496616
v -0.04216256 -0.13501927 0.12176369
v -0.01763891 -0.13681072 0.11496616
v -0.03559095 -0.13562033 0.12150017
v -0.04216256 -0.13501927 0.12176369
v -0.03559095 -0.13562033 0.12150017
v -0.07175837 -0.13125247 0.13466404
v -0.07175837 -0.13125247 0.13466404
v -0.10756355 -0.12428096 0.14769606
v -0.08324304 -0.12935992 0.13671577
v -0.07175837 -0.13125247 0.13466404
v -0.08324304 -0.12935992 0.13671577
v -0.04216558 -0.13501899 0.12176479
v -0.07175837 -0.13125247 0.13466404
v -0.04216558 -0.13501899 0.12176479
v -0.04216451 -0.13501909 0.12176440
v -0.07175837 -0.13125247 0.13466404
v -0.04216451 -0.13501909 0.12176440
v -0.04216353 -0.13501918 0.12176404
v -0.07175837 -0.13125247 0.13466404
v -0.04216353 -0.13501918 0.12176404
v -0.04216256 -0.13501927 0.12176369
v -0.21514488 -0.11778855 0.11663085
v -0.21658391 -0.11588133 0.12296595
v -0.21984298 -0.12185970 0.11888242
v -0.21658391 -0.11588133 0.12296595
v -0.22024257 -0.11963125 0.12345087
v -0.21984298 -0.12185970 0.11888242
v -0.21658391 -0.11588133 0.12296595
v -0.21773428 -0.11430843 0.12691731
v -0.22024257 -0.11963125 0.12345087
v -0.21773428 -0.11430843 0.12691731
v -0.22060173 -0.11667569 0.12795124
v -0.22024257 -0.11963125 0.12345087
v -0.21773428 -0.11430843 0.12691731
v -0.22034465 -0.11016478 0.13416389
v -0.22060173 -0.11667569 0.12795124
v -0.23209185 -0.13100722 0.10626394
v -0.22510090 -0.12869035 0.10747068
v -0.23190521 -0.13043068 0.10950046
v -0.22510090 -0.12869035 0.10747068
v -0.22514176 -0.12814723 0.11041531
v -0.23190521 -0.13043068 0.10950046
v -0.22510090 -0.12869035 0.10747068
v -0.21889049 -0.12464490 0.10834414
v -0.22514176 -0.12814723 0.11041531
v -0.21889049 -0.12464490 0.10834414
v -0.21911881 -0.12423906 0.11091109
v -0.22514176 -0.12814723 0.11041531
v -0.21889049 -0.12464490 0.10834414
v -0.21387415 -0.11914020 0.10882616
v -0.21911881 -0.12423906 0.11091109
v -0.21387415 -0.11914020 0.10882616
v -0.21514488 -0.11778855 0.11663085
v -0.21911881 -0.12423906 0.11091109
v -0.23193525 -0.12084702 0.13023121
v -0.22597950 -0.11930492 0.12953336
v -0.23245296 -0.11332788 0.13801604
v -0.22597950 -0.11930492 0.12953336
v -0.22606674 -0.11225823 0.13671338
v -0.23245296 -0.11332788 0.13801604
v -0.22597950 -0.11930492 0.12953336
v -0.22060173 -0.11667569 0.12795124
v -0.22606674 -0.11225823 0.13671338
v -0.22060173 -0.11667569 0.12795124
v -0.22034465 -0.11016478 0.13416389
v -0.22606674 -0.11225823 0.13671338
v -0.22597950 -0.11930492 0.12953336
v -0.22568647 -0.12266450 0.12453496
v -0.22060173 -0.11667569 0.12795124
v -0.22568647 -0.12266450 0.12453496
v -0.22024257 -0.11963125 0.12345087
v -0.22060173 -0.11667569 0.12795124
v -0.22568647 -0.12266450 0.12453496
v -0.22543289 -0.12524934 0.11943234
v -0.22024257 -0.11963125 0.12345087
v -0.22543289 -0.12524934 0.11943234
v -0.21984298 -0.12185970 0.11888242
v -0.22024257 -0.11963125 0.12345087
v -0.23190521 -0.13043068 0.10950046
v -0.22514176 -0.12814723 0.11041531
v -0.23166599 -0.12729362 0.11933819
v -0.22514176 -0.12814723 0.11041531
v -0.22543289 -0.12524934 0.11943234
v -0.23166599 -0.12729362 0.11933819
v -0.22514176 -0.12814723 0.11041531
v -0.21911881 -0.12423906 0.11091109
v -0.22543289 -0.12524934 0.11943234
v -0.21911881 -0.12423906 0.11091109
v -0.21984298 -0.12185970 0.11888242
v -0.22543289 -0.12524934 0.11943234
v -0.21911881 -0.12423906 0.11091109
v -0.21514488 -0.11778855 0.11663085
v -0.21984298 -0.12185970 0.11888242
v -0.22568647 -0.12266450 0.12453496
v -0.23174136 -0.12433752 0.12511148
v -0.23166599 -0.12729362 0.11933819
v -0.22568647 -0.12266450 0.12453496
v -0.22597950 -0.11930492 0.12953336
v -0.23174136 -0.12433752 0.12511148
v -0.22597950 -0.11930492 0.12953336
v -0.23193525 -0.12084702 0.13023121
v -0.23174136 -0.12433752 0.12511148
v -0.23166599 -0.12729362 0.11933819
v -0.22543289 -0.12524934 0.11943234
v -0.22568647 -0.12266450 0.12453496
v -0.14350693 -0.11467091 0.15865003
v -0.14284120 -0.11473797 0.16053608
v -0.15640162 -0.10986651 0.16334331
v -0.15640162 -0.10986651 0.16334331
v -0.14284120 -0.11473797 0.16053608
v -0.16037422 -0.10778558 0.16691758
v -0.15640162 -0.10986651 0.16334331
v -0.16037422 -0.10778558 0.16691758
v -0.17527638 -0.09955253 0.17021318
v -0.19163133 -0.08608735 0.17829423
v -0.19227181 -0.08603510 0.17639900
v -0.17675626 -0.09816568 0.17288015
v -0.17675626 -0.09816568 0.17288015
v -0.19227181 -0.08603510 0.17639900
v -0.17527638 -0.09955253 0.17021318
v -0.17675626 -0.09816568 0.17288015
v -0.17527638 -0.09955253 0.17021318
v -0.16037422 -0.10778558 0.16691758
v -0.22801167 -0.00000000 0.19153560
v -0.22647032 0.01935984 0.19097460
v -0.22708577 0.01937238 0.18907023
v -0.22801167 -0.00000000 0.19153560
v -0.22708577 0.01937238 0.18907023
v -0.22794280 0.01294940 0.18938218
v -0.22801167 -0.00000000 0.19153560
v -0.22794280 0.01294940 0.18938218
v -0.22845811 0.00648522 0.18956974
v -0.22801167 -0.00000000 0.19153560
v -0.22845811 0.00648522 0.18956974
v -0.22863008 0.00000039 0.18963232
v -0.22801167 -0.00000000 0.19153560
v -0.22863008 0.00000039 0.18963232
v -0.22845815 -0.00648443 0.18956975
v -0.22801167 -0.00000000 0.19153560
v -0.22845815 -0.00648443 0.18956975
v -0.22647032 -0.01935984 0.19097460
v -0.19163133 -0.08608735 0.17829423
v -0.20421878 -0.07201397 0.18287570
v -0.20576674 -0.07073947 0.18131075
v -0.19163133 -0.08608735 0.17829423
v -0.20576674 -0.07073947 0.18131075
v -0.20453814 -0.07238406 0.18086357
v -0.19163133 -0.08608735 0.17829423
v -0.20453814 -0.07238406 0.18086357
v -0.20328152 -0.07400449 0.18040621
v -0.19163133 -0.08608735 0.17829423
v -0.20328152 -0.07400449 0.18040621
v -0.20199730 -0.07560023 0.17993879
v -0.19163133 -0.08608735 0.17829423
v -0.20199730 -0.07560023 0.17993879
v -0.20068589 -0.07717073 0.17946147
v -0.19163133 -0.08608735 0.17829423
v -0.20068589 -0.07717073 0.17946147
v -0.19934774 -0.07871547 0.17897443
v -0.19163133 -0.08608735 0.17829423
v -0.19934774 -0.07871547 0.17897443
v -0.19798330 -0.08023395 0.17847782
v -0.19163133 -0.08608735 0.17829423
v -0.19798330 -0.08023395 0.17847782
v -0.19659302 -0.08172563 0.17797179
v -0.19163133 -0.08608735 0.17829423
v -0.19659302 -0.08172563 0.17797179
v -0.19517736 -0.08319005 0.17745654
v -0.19163133 -0.08608735 0.17829423
v -0.19517736 -0.08319005 0.17745654
v -0.19373679 -0.08462670 0.17693221
v -0.19163133 -0.08608735 0.17829423
v -0.19373679 -0.08462670 0.17693221
v -0.19227181 -0.08603510 0.17639900
v -0.20421878 0.07201397 0.18287570
v -0.19163133 0.08608735 0.17829423
v -0.19227181 0.08603510 0.17639900
v -0.20421878 0.07201397 0.18287570
v -0.19227181 0.08603510 0.17639900
v -0.19373681 0.08462668 0.17693222
v -0.20421878 0.07201397 0.18287570
v -0.19373681 0.08462668 0.17693222
v -0.19517738 0.08319003 0.17745655
v -0.20421878 0.07201397 0.18287570
v -0.19517738 0.08319003 0.17745655
v -0.19659305 0.08172560 0.17797180
v -0.20421878 0.07201397 0.18287570
v -0.19659305 0.08172560 0.17797180
v -0.19798333 0.08023391 0.17847783
v -0.20421878 0.07201397 0.18287570
v -0.19798333 0.08023391 0.17847783
v -0.19934778 0.07871542 0.17897444
v -0.20421878 0.07201397 0.18287570
v -0.19934778 0.07871542 0.17897444
v -0.20068593 0.07717066 0.17946149
v -0.20421878 0.07201397 0.18287570
v -0.20068593 0.07717066 0.17946149
v -0.20199736 0.07560015 0.17993882
v -0.20421878 0.07201397 0.18287570
v -0.20199736 0.07560015 0.17993882
v -0.20328160 0.07400441 0.18040624
v -0.20421878 0.07201397 0.18287570
v -0.20328160 0.07400441 0.18040624
v -0.20453821 0.07238397 0.18086360
v -0.20421878 0.07201397 0.18287570
v -0.20453821 0.07238397 0.18086360
v -0.20576681 0.07073936 0.18131078
v -0.20421878 0.07201397 0.18287570
v -0.20576681 0.07073936 0.18131078
v -0.21440183 0.05588751 0.18658202
v -0.21440183 0.05588751 0.18658202
v -0.20576681 0.07073936 0.18131078
v -0.20696697 0.06907114 0.18174761
v -0.21440183 0.05588751 0.18658202
v -0.20696697 0.06907114 0.18174761
v -0.20813830 0.06737988 0.18217392
v -0.21440183 0.05588751 0.18658202
v -0.20813830 0.06737988 0.18217392
v -0.20928039 0.06566612 0.18258961
v -0.21440183 0.05588751 0.18658202
v -0.20928039 0.06566612 0.18258961
v -0.21039286 0.06393044 0.18299452
v -0.21440183 0.05588751 0.18658202
v -0.21039286 0.06393044 0.18299452
v -0.21147537 0.06217342 0.18338852
v -0.21440183 0.05588751 0.18658202
v -0.21147537 0.06217342 0.18338852
v -0.21252752 0.06039565 0.18377147
v -0.21440183 0.05588751 0.18658202
v -0.21252752 0.06039565 0.18377147
v -0.21354899 0.05859773 0.18414325
v -0.21440183 0.05588751 0.18658202
v -0.21354899 0.05859773 0.18414325
v -0.21453941 0.05678025 0.18450374
v -0.21440183 0.05588751 0.18658202
v -0.21453941 0.05678025 0.18450374
v -0.21549846 0.05494381 0.18485282
v -0.21440183 0.05588751 0.18658202
v -0.21549846 0.05494381 0.18485282
v -0.22189018 0.03816774 0.18930757
v -0.22189018 0.03816774 0.18930757
v -0.21549846 0.05494381 0.18485282
v -0.21642585 0.05308903 0.18519036
v -0.22189018 0.03816774 0.18930757
v -0.21642585 0.05308903 0.18519036
v -0.21732122 0.05121654 0.18551623
v -0.22189018 0.03816774 0.18930757
v -0.21732122 0.05121654 0.18551623
v -0.21818431 0.04932695 0.18583038
v -0.22189018 0.03816774 0.18930757
v -0.21818431 0.04932695 0.18583038
v -0.21901481 0.04742090 0.18613266
v -0.22189018 0.03816774 0.18930757
v -0.21901481 0.04742090 0.18613266
v -0.21981245 0.04549902 0.18642298
v -0.22189018 0.03816774 0.18930757
v -0.21981245 0.04549902 0.18642298
v -0.22057697 0.04356195 0.18670123
v -0.22189018 0.03816774 0.18930757
v -0.22057697 0.04356195 0.18670123
v -0.22130810 0.04161035 0.18696735
v -0.22189018 0.03816774 0.18930757
v -0.22130810 0.04161035 0.18696735
v -0.22200561 0.03964485 0.18722122
v -0.22189018 0.03816774 0.18930757
v -0.22200561 0.03964485 0.18722122
v -0.22266926 0.03766612 0.18746277
v -0.22189018 0.03816774 0.18930757
v -0.22266926 0.03766612 0.18746277
v -0.22647032 0.01935984 0.19097460
v -0.22647032 0.01935984 0.19097460
v -0.22266926 0.03766612 0.18746277
v -0.22329883 0.03567483 0.18769191
v -0.22647032 0.01935984 0.19097460
v -0.22329883 0.03567483 0.18769191
v -0.22389412 0.03367162 0.18790858
v -0.22647032 0.01935984 0.19097460
v -0.22389412 0.03367162 0.18790858
v -0.22445493 0.03165717 0.18811269
v -0.22647032 0.01935984 0.19097460
v -0.22445493 0.03165717 0.18811269
v -0.22498103 0.02963216 0.18830418
v -0.22647032 0.01935984 0.19097460
v -0.22498103 0.02963216 0.18830418
v -0.22547230 0.02759726 0.18848299
v -0.22647032 0.01935984 0.19097460
v -0.22547230 0.02759726 0.18848299
v -0.22592855 0.02555315 0.18864905
v -0.22647032 0.01935984 0.19097460
v -0.22592855 0.02555315 0.18864905
v -0.22634964 0.02350050 0.18880231
v -0.22647032 0.01935984 0.19097460
v -0.22634964 0.02350050 0.18880231
v -0.22673543 0.02144002 0.18894273
v -0.22647032 0.01935984 0.19097460
v -0.22673543 0.02144002 0.18894273
v -0.22708577 0.01937238 0.18907023
v -0.22189018 -0.03816774 0.18930757
v -0.22647032 -0.01935984 0.19097460
v -0.22708589 -0.01937160 0.18907028
v -0.22189018 -0.03816774 0.18930757
v -0.22708589 -0.01937160 0.18907028
v -0.22708570 -0.01937287 0.18907020
v -0.22189018 -0.03816774 0.18930757
v -0.22708570 -0.01937287 0.18907020
v -0.22673533 -0.02144050 0.18894270
v -0.22189018 -0.03816774 0.18930757
v -0.22673533 -0.02144050 0.18894270
v -0.22634955 -0.02350097 0.18880228
v -0.22189018 -0.03816774 0.18930757
v -0.22634955 -0.02350097 0.18880228
v -0.22592846 -0.02555360 0.18864902
v -0.22189018 -0.03816774 0.18930757
v -0.22592846 -0.02555360 0.18864902
v -0.22547221 -0.02759769 0.18848296
v -0.22189018 -0.03816774 0.18930757
v -0.22547221 -0.02759769 0.18848296
v -0.22498094 -0.02963258 0.18830414
v -0.22189018 -0.03816774 0.18930757
v -0.22498094 -0.02963258 0.18830414
v -0.22445481 -0.03165758 0.18811266
v -0.22189018 -0.03816774 0.18930757
v -0.22445481 -0.03165758 0.18811266
v -0.22389400 -0.03367200 0.18790854
v -0.22189018 -0.03816774 0.18930757
v -0.22389400 -0.03367200 0.18790854
v -0.22329872 -0.03567520 0.18769186
v -0.22189018 -0.03816774 0.18930757
v -0.22329872 -0.03567520 0.18769186
v -0.22266916 -0.03766648 0.18746273
v -0.22189018 -0.03816774 0.18930757
v -0.22266916 -0.03766648 0.18746273
v -0.22200549 -0.03964519 0.18722118
v -0.22189018 -0.03816774 0.18930757
v -0.22200549 -0.03964519 0.18722118
v -0.21440183 -0.05588751 0.18658202
v -0.21440183 -0.05588751 0.18658202
v -0.22200549 -0.03964519 0.18722118
v -0.22130798 -0.04161067 0.18696731
v -0.21440183 -0.05588751 0.18658202
v -0.22130798 -0.04161067 0.18696731
v -0.22057685 -0.04356227 0.18670119
v -0.21440183 -0.05588751 0.18658202
v -0.22057685 -0.04356227 0.18670119
v -0.21981232 -0.04549932 0.18642292
v -0.21440183 -0.05588751 0.18658202
v -0.21981232 -0.04549932 0.18642292
v -0.21901469 -0.04742118 0.18613262
v -0.21440183 -0.05588751 0.18658202
v -0.21901469 -0.04742118 0.18613262
v -0.21818419 -0.04932722 0.18583033
v -0.21440183 -0.05588751 0.18658202
v -0.21818419 -0.04932722 0.18583033
v -0.21732110 -0.05121680 0.18551619
v -0.21440183 -0.05588751 0.18658202
v -0.21732110 -0.05121680 0.18551619
v -0.21642573 -0.05308927 0.18519031
v -0.21440183 -0.05588751 0.18658202
v -0.21642573 -0.05308927 0.18519031
v -0.21549836 -0.05494404 0.18485277
v -0.21440183 -0.05588751 0.18658202
v -0.21549836 -0.05494404 0.18485277
v -0.21453931 -0.05678046 0.18450371
v -0.21440183 -0.05588751 0.18658202
v -0.21453931 -0.05678046 0.18450371
v -0.20421878 -0.07201397 0.18287570
v -0.20421878 -0.07201397 0.18287570
v -0.21453931 -0.05678046 0.18450371
v -0.21354887 -0.05859793 0.18414322
v -0.20421878 -0.07201397 0.18287570
v -0.21354887 -0.05859793 0.18414322
v -0.21252741 -0.06039584 0.18377144
v -0.20421878 -0.07201397 0.18287570
v -0.21252741 -0.06039584 0.18377144
v -0.21147525 -0.06217359 0.18338850
v -0.20421878 -0.07201397 0.18287570
v -0.21147525 -0.06217359 0.18338850
v -0.21039277 -0.06393059 0.18299449
v -0.20421878 -0.07201397 0.18287570
v -0.21039277 -0.06393059 0.18299449
v -0.20928030 -0.06566627 0.18258958
v -0.20421878 -0.07201397 0.18287570
v -0.20928030 -0.06566627 0.18258958
v -0.20813821 -0.06738001 0.18217389
v -0.20421878 -0.07201397 0.18287570
v -0.20813821 -0.06738001 0.18217389
v -0.20696688 -0.06907126 0.18174758
v -0.20421878 -0.07201397 0.18287570
v -0.20696688 -0.06907126 0.18174758
v -0.20576674 -0.07073947 0.18131075
v -0.22708589 -0.01937160 0.18907028
v -0.22647032 -0.01935984 0.19097460
v -0.22794289 -0.01294862 0.18938221
v -0.22647032 -0.01935984 0.19097460
v -0.22845815 -0.00648443 0.18956975
v -0.22794289 -0.01294862 0.18938221
v -0.14284120 0.11473797 0.16053608
v -0.14350693 0.11467091 0.15865003
v -0.16037422 0.10778558 0.16691758
v -0.16037422 0.10778558 0.16691758
v -0.14350693 0.11467091 0.15865003
v -0.15640205 0.10986632 0.16334348
v -0.16037422 0.10778558 0.16691758
v -0.15640205 0.10986632 0.16334348
v -0.16195658 0.10726497 0.16536515
v -0.19163133 0.08608735 0.17829423
v -0.17675626 0.09816568 0.17288015
v -0.17783126 0.09780960 0.17114306
v -0.19163133 0.08608735 0.17829423
v -0.17783126 0.09780960 0.17114306
v -0.18281946 0.09413143 0.17295862
v -0.19163133 0.08608735 0.17829423
v -0.18281946 0.09413143 0.17295862
v -0.18763664 0.09020360 0.17471195
v -0.19163133 0.08608735 0.17829423
v -0.18763664 0.09020360 0.17471195
v -0.19227181 0.08603510 0.17639900
v -0.16195658 0.10726497 0.16536515
v -0.17675626 0.09816568 0.17288015
v -0.16037422 0.10778558 0.16691758
v -0.17783126 0.09780960 0.17114306
v -0.17675626 0.09816568 0.17288015
v -0.17268348 0.10122970 0.16926942
v -0.17675626 0.09816568 0.17288015
v -0.16195658 0.10726497 0.16536515
v -0.16738787 0.10438389 0.16734198
v -0.17675626 0.09816568 0.17288015
v -0.16738787 0.10438389 0.16734198
v -0.17268348 0.10122970 0.16926942
v -0.03559095 0.13562033 0.12150017
v -0.01763891 0.13681072 0.11496616
v -0.00034269 0.13728924 0.10654250
v -0.03559095 0.13562033 0.12150017
v -0.00034269 0.13728924 0.10654250
v -0.04216256 0.13501927 0.12176369
v -0.03559095 0.13562033 0.12150017
v -0.04216256 0.13501927 0.12176369
v -0.07175837 0.13125247 0.13466404
v -0.12378740 0.12033970 0.15147270
v -0.14350693 0.11467091 0.15865003
v -0.14284120 0.11473797 0.16053608
v -0.12378740 0.12033970 0.15147270
v -0.14284120 0.11473797 0.16053608
v -0.10756355 0.12428096 0.14769606
v -0.12378740 0.12033970 0.15147270
v -0.10756355 0.12428096 0.14769606
v -0.08324304 0.12935992 0.13671577
v -0.07175837 0.13125247 0.13466404
v -0.04216256 0.13501927 0.12176369
v -0.04216353 0.13501918 0.12176404
v -0.07175837 0.13125247 0.13466404
v -0.04216353 0.13501918 0.12176404
v -0.04216451 0.13501909 0.12176440
v -0.07175837 0.13125247 0.13466404
v -0.04216451 0.13501909 0.12176440
v -0.04216558 0.13501899 0.12176479
v -0.07175837 0.13125247 0.13466404
v -0.04216558 0.13501899 0.12176479
v -0.08324304 0.12935992 0.13671577
v -0.07175837 0.13125247 0.13466404
v -0.08324304 0.12935992 0.13671577
v -0.10756355 0.12428096 0.14769606
v -0.00034269 0.13728924 0.10654250
v -0.01763891 0.13681072 0.11496616
v 0.00034057 0.13735908 0.10842217
v 0.00034057 0.13735908 0.10842217
v 0.02151661 0.13596110 0.10071472
v 0.02217124 0.13568908 0.09834810
v 0.00034057 0.13735908 0.10842217
v 0.02217124 0.13568908 0.09834810
v 0.01993381 0.13601828 0.09916246
v 0.00034057 0.13735908 0.10842217
v 0.01993381 0.13601828 0.09916246
v 0.01769181 0.13631003 0.09997848
v 0.00034057 0.13735908 0.10842217
v 0.01769181 0.13631003 0.09997848
v 0.01544577 0.13656424 0.10079597
v 0.00034057 0.13735908 0.10842217
v 0.01544577 0.13656424 0.10079597
v 0.01319625 0.13678089 0.10161473
v 0.00034057 0.13735908 0.10842217
v 0.01319625 0.13678089 0.10161473
v 0.01094382 0.13695991 0.10243454
v 0.00034057 0.13735908 0.10842217
v 0.01094382 0.13695991 0.10243454
v 0.00868902 0.13710123 0.10325523
v 0.00034057 0.13735908 0.10842217
v 0.00868902 0.13710123 0.10325523
v 0.00643241 0.13720486 0.10407656
v 0.00034057 0.13735908 0.10842217
v 0.00643241 0.13720486 0.10407656
v 0.00417455 0.13727075 0.10489835
v 0.00034057 0.13735908 0.10842217
v 0.00417455 0.13727075 0.10489835
v 0.00191600 0.13729888 0.10572040
v 0.00034057 0.13735908 0.10842217
v 0.00191600 0.13729888 0.10572040
v -0.00034269 0.13728924 0.10654250
v 0.08071602 0.11244710 0.07916789
v 0.09757408 0.09873793 0.07303205
v 0.09684646 0.09868572 0.07116853
v 0.08071602 0.11244710 0.07916789
v 0.09684646 0.09868572 0.07116853
v 0.08471697 0.10896222 0.07558331
v 0.08071602 0.11244710 0.07916789
v 0.08471697 0.10896222 0.07558331
v 0.08285464 0.11034894 0.07626114
v 0.08071602 0.11244710 0.07916789
v 0.08285464 0.11034894 0.07626114
v 0.08097193 0.11170417 0.07694639
v 0.08071602 0.11244710 0.07916789
v 0.08097193 0.11170417 0.07694639
v 0.07906933 0.11302755 0.07763888
v 0.08071602 0.11244710 0.07916789
v 0.07906933 0.11302755 0.07763888
v 0.06214633 0.12336811 0.08592671
v 0.06214633 0.12336811 0.08592671
v 0.07906933 0.11302755 0.07763888
v 0.07714731 0.11431875 0.07833844
v 0.06214633 0.12336811 0.08592671
v 0.07714731 0.11431875 0.07833844
v 0.07520634 0.11557746 0.07904489
v 0.06214633 0.12336811 0.08592671
v 0.07520634 0.11557746 0.07904489
v 0.07324693 0.11680336 0.07975806
v 0.06214633 0.12336811 0.08592671
v 0.07324693 0.11680336 0.07975806
v 0.07126954 0.11799613 0.08047777
v 0.06214633 0.12336811 0.08592671
v 0.07126954 0.11799613 0.08047777
v 0.06927468 0.11915550 0.08120384
v 0.06214633 0.12336811 0.08592671
v 0.06927468 0.11915550 0.08120384
v 0.06726285 0.12028117 0.08193608
v 0.06214633 0.12336811 0.08592671
v 0.06726285 0.12028117 0.08193608
v 0.06523455 0.12137284 0.08267433
v 0.06214633 0.12336811 0.08592671
v 0.06523455 0.12137284 0.08267433
v 0.06319028 0.12243025 0.08341839
v 0.06214633 0.12336811 0.08592671
v 0.06319028 0.12243025 0.08341839
v 0.06113056 0.12345314 0.08416806
v 0.06214633 0.12336811 0.08592671
v 0.06113056 0.12345314 0.08416806
v 0.04226904 0.13126338 0.09316145
v 0.04226904 0.13126338 0.09316145
v 0.06113056 0.12345314 0.08416806
v 0.05905591 0.12444125 0.08492317
v 0.04226904 0.13126338 0.09316145
v 0.05905591 0.12444125 0.08492317
v 0.05696683 0.12539434 0.08568354
v 0.04226904 0.13126338 0.09316145
v 0.05696683 0.12539434 0.08568354
v 0.05486386 0.12631215 0.08644895
v 0.04226904 0.13126338 0.09316145
v 0.05486386 0.12631215 0.08644895
v 0.05274751 0.12719448 0.08721925
v 0.04226904 0.13126338 0.09316145
v 0.05274751 0.12719448 0.08721925
v 0.05061832 0.12804110 0.08799420
v 0.04226904 0.13126338 0.09316145
v 0.05061832 0.12804110 0.08799420
v 0.04847682 0.12885179 0.08877364
v 0.04226904 0.13126338 0.09316145
v 0.04847682 0.12885179 0.08877364
v 0.04632354 0.12962633 0.08955737
v 0.04226904 0.13126338 0.09316145
v 0.04632354 0.12962633 0.08955737
v 0.04502497 0.13007404 0.09003002
v 0.04226904 0.13126338 0.09316145
v 0.04502497 0.13007404 0.09003002
v 0.04417264 0.13036005 0.09034024
v 0.04226904 0.13126338 0.09316145
v 0.04417264 0.13036005 0.09034024
v 0.04201117 0.13105771 0.09112695
v 0.04226904 0.13126338 0.09316145
v 0.04201117 0.13105771 0.09112695
v 0.03983966 0.13171917 0.09191731
v 0.04226904 0.13126338 0.09316145
v 0.03983966 0.13171917 0.09191731
v 0.02151661 0.13596110 0.10071472
v 0.02151661 0.13596110 0.10071472
v 0.03983966 0.13171917 0.09191731
v 0.03765867 0.13234423 0.09271114
v 0.02151661 0.13596110 0.10071472
v 0.03765867 0.13234423 0.09271114
v 0.03546871 0.13293275 0.09350822
v 0.02151661 0.13596110 0.10071472
v 0.03546871 0.13293275 0.09350822
v 0.03327033 0.13348460 0.09430836
v 0.02151661 0.13596110 0.10071472
v 0.03327033 0.13348460 0.09430836
v 0.03106408 0.13399962 0.09511137
v 0.02151661 0.13596110 0.10071472
v 0.03106408 0.13399962 0.09511137
v 0.02885050 0.13447769 0.09591705
v 0.02151661 0.13596110 0.10071472
v 0.02885050 0.13447769 0.09591705
v 0.02663013 0.13491869 0.09672519
v 0.02151661 0.13596110 0.10071472
v 0.02663013 0.13491869 0.09672519
v 0.02440353 0.13532251 0.09753561
v 0.02151661 0.13596110 0.10071472
v 0.02440353 0.13532251 0.09753561
v 0.02217124 0.13568908 0.09834810
v 0.09684646 0.09868572 0.07116853
v 0.09757408 0.09873793 0.07303205
v 0.10915781 0.08526516 0.06668757
v 0.10915781 0.08526516 0.06668757
v 0.09757408 0.09873793 0.07303205
v 0.11199747 0.08258945 0.06778237
v 0.10915781 0.08526516 0.06668757
v 0.11199747 0.08258945 0.06778237
v 0.11955754 0.07012323 0.06290237
v 0.11199747 -0.08258945 0.06778237
v 0.09757408 -0.09873793 0.07303206
v 0.09684645 -0.09868572 0.07116853
v 0.11199747 -0.08258945 0.06778237
v 0.09684645 -0.09868572 0.07116853
v 0.09844219 -0.09715067 0.07058773
v 0.11199747 -0.08258945 0.06778237
v 0.09844219 -0.09715067 0.07058773
v 0.10001267 -0.09558639 0.07001612
v 0.11199747 -0.08258945 0.06778237
v 0.10001267 -0.09558639 0.07001612
v 0.10155744 -0.09399337 0.06945388
v 0.11199747 -0.08258945 0.06778237
v 0.10155744 -0.09399337 0.06945388
v 0.10307600 -0.09237209 0.06890117
v 0.11199747 -0.08258945 0.06778237
v 0.10307600 -0.09237209 0.06890117
v 0.10456792 -0.09072303 0.06835816
v 0.11199747 -0.08258945 0.06778237
v 0.10456792 -0.09072303 0.06835816
v 0.10603274 -0.08904667 0.06782500
v 0.11199747 -0.08258945 0.06778237
v 0.10603274 -0.08904667 0.06782500
v 0.10747002 -0.08734354 0.06730187
v 0.11199747 -0.08258945 0.06778237
v 0.10747002 -0.08734354 0.06730187
v 0.10887934 -0.08561414 0.06678892
v 0.11199747 -0.08258945 0.06778237
v 0.10887934 -0.08561414 0.06678892
v 0.11026026 -0.08385900 0.06628631
v 0.11199747 -0.08258945 0.06778237
v 0.11026026 -0.08385900 0.06628631
v 0.11161237 -0.08207864 0.06579418
v 0.11199747 -0.08258945 0.06778237
v 0.11161237 -0.08207864 0.06579418
v 0.12366490 -0.06409068 0.06353577
v 0.12366490 -0.06409068 0.06353577
v 0.11161237 -0.08207864 0.06579418
v 0.11293526 -0.08027358 0.06531268
v 0.12366490 -0.06409068 0.06353577
v 0.11293526 -0.08027358 0.06531268
v 0.11422855 -0.07844439 0.06484198
v 0.12366490 -0.06409068 0.06353577
v 0.11422855 -0.07844439 0.06484198
v 0.11549183 -0.07659161 0.06438217
v 0.12366490 -0.06409068 0.06353577
v 0.11549183 -0.07659161 0.06438217
v 0.11672473 -0.07471579 0.06393344
v 0.12366490 -0.06409068 0.06353577
v 0.11672473 -0.07471579 0.06393344
v 0.11792688 -0.07281751 0.06349589
v 0.12366490 -0.06409068 0.06353577
v 0.11792688 -0.07281751 0.06349589
v 0.11909792 -0.07089732 0.06306966
v 0.12366490 -0.06409068 0.06353577
v 0.11909792 -0.07089732 0.06306966
v 0.12023748 -0.06895582 0.06265489
v 0.12366490 -0.06409068 0.06353577
v 0.12023748 -0.06895582 0.06265489
v 0.12134524 -0.06699356 0.06225171
v 0.12366490 -0.06409068 0.06353577
v 0.12134524 -0.06699356 0.06225171
v 0.12242087 -0.06501117 0.06186022
v 0.12366490 -0.06409068 0.06353577
v 0.12242087 -0.06501117 0.06186022
v 0.12346401 -0.06300922 0.06148054
v 0.12366490 -0.06409068 0.06353577
v 0.12346401 -0.06300922 0.06148054
v 0.13224436 -0.04376805 0.06041311
v 0.13224436 -0.04376805 0.06041311
v 0.12346401 -0.06300922 0.06148054
v 0.12447438 -0.06098833 0.06111279
v 0.13224436 -0.04376805 0.06041311
v 0.12447438 -0.06098833 0.06111279
v 0.12545167 -0.05894910 0.06075709
v 0.13224436 -0.04376805 0.06041311
v 0.12545167 -0.05894910 0.06075709
v 0.12639558 -0.05689213 0.06041353
v 0.13224436 -0.04376805 0.06041311
v 0.12639558 -0.05689213 0.06041353
v 0.12730583 -0.05481806 0.06008223
v 0.13224436 -0.04376805 0.06041311
v 0.12730583 -0.05481806 0.06008223
v 0.12818215 -0.05272750 0.05976327
v 0.13224436 -0.04376805 0.06041311
v 0.12818215 -0.05272750 0.05976327
v 0.12902426 -0.05062108 0.05945677
v 0.13224436 -0.04376805 0.06041311
v 0.12902426 -0.05062108 0.05945677
v 0.12983192 -0.04849944 0.05916280
v 0.13224436 -0.04376805 0.06041311
v 0.12983192 -0.04849944 0.05916280
v 0.13060490 -0.04636322 0.05888146
v 0.13224436 -0.04376805 0.06041311
v 0.13060490 -0.04636322 0.05888146
v 0.13134294 -0.04421305 0.05861284
v 0.13224436 -0.04376805 0.06041311
v 0.13134294 -0.04421305 0.05861284
v 0.13204585 -0.04204958 0.05835700
v 0.13224436 -0.04376805 0.06041311
v 0.13204585 -0.04204958 0.05835700
v 0.13749167 -0.02219990 0.05850324
v 0.13749167 -0.02219990 0.05850324
v 0.13204585 -0.04204958 0.05835700
v 0.13271339 -0.03987347 0.05811404
v 0.13749167 -0.02219990 0.05850324
v 0.13271339 -0.03987347 0.05811404
v 0.13334536 -0.03768536 0.05788402
v 0.13749167 -0.02219990 0.05850324
v 0.13334536 -0.03768536 0.05788402
v 0.13394157 -0.03548592 0.05766701
v 0.13749167 -0.02219990 0.05850324
v 0.13394157 -0.03548592 0.05766701
v 0.13450187 -0.03327581 0.05746308
v 0.13749167 -0.02219990 0.05850324
v 0.13450187 -0.03327581 0.05746308
v 0.13502606 -0.03105570 0.05727229
v 0.13749167 -0.02219990 0.05850324
v 0.13502606 -0.03105570 0.05727229
v 0.13551400 -0.02882624 0.05709470
v 0.13749167 -0.02219990 0.05850324
v 0.13551400 -0.02882624 0.05709470
v 0.13596554 -0.02658811 0.05693035
v 0.13749167 -0.02219990 0.05850324
v 0.13596554 -0.02658811 0.05693035
v 0.13638053 -0.02434199 0.05677931
v 0.13749167 -0.02219990 0.05850324
v 0.13638053 -0.02434199 0.05677931
v 0.13675886 -0.02208855 0.05664161
v 0.13749167 -0.02219990 0.05850324
v 0.13675886 -0.02208855 0.05664161
v 0.13925753 -0.00000000 0.05786052
v 0.13925753 -0.00000000 0.05786052
v 0.13675886 -0.02208855 0.05664161
v 0.13710041 -0.01982846 0.05651729
v 0.13925753 -0.00000000 0.05786052
v 0.13710041 -0.01982846 0.05651729
v 0.13740508 -0.01756241 0.05640640
v 0.13925753 -0.00000000 0.05786052
v 0.13740508 -0.01756241 0.05640640
v 0.13740523 -0.01756125 0.05640635
v 0.13925753 -0.00000000 0.05786052
v 0.13740523 -0.01756125 0.05640635
v 0.13766336 -0.01537683 0.05631240
v 0.13925753 -0.00000000 0.05786052
v 0.13766336 -0.01537683 0.05631240
v 0.13788721 -0.01318813 0.05623092
v 0.13925753 -0.00000000 0.05786052
v 0.13788721 -0.01318813 0.05623092
v 0.13807673 -0.01099576 0.05616194
v 0.13925753 -0.00000000 0.05786052
v 0.13807673 -0.01099576 0.05616194
v 0.13823187 -0.00880034 0.05610547
v 0.13925753 -0.00000000 0.05786052
v 0.13823187 -0.00880034 0.05610547
v 0.13835258 -0.00660247 0.05606153
v 0.13925753 -0.00000000 0.05786052
v 0.13835258 -0.00660247 0.05606153
v 0.13843883 -0.00440275 0.05603015
v 0.13925753 -0.00000000 0.05786052
v 0.13843883 -0.00440275 0.05603015
v 0.13849058 -0.00220182 0.05601130
v 0.13925753 -0.00000000 0.05786052
v 0.13849058 -0.00220182 0.05601130
v 0.13850785 -0.00000027 0.05600503
v 0.13925753 -0.00000000 0.05786052
v 0.13850785 -0.00000027 0.05600503
v 0.13749167 0.02219990 0.05850324
v 0.13749167 0.02219990 0.05850324
v 0.13850785 -0.00000027 0.05600503
v 0.13849060 0.00220127 0.05601130
v 0.13749167 0.02219990 0.05850324
v 0.13849060 0.00220127 0.05601130
v 0.13843885 0.00440221 0.05603014
v 0.13749167 0.02219990 0.05850324
v 0.13843885 0.00440221 0.05603014
v 0.13835261 0.00660192 0.05606152
v 0.13749167 0.02219990 0.05850324
v 0.13835261 0.00660192 0.05606152
v 0.13823193 0.00879979 0.05610546
v 0.13749167 0.02219990 0.05850324
v 0.13823193 0.00879979 0.05610546
v 0.13807679 0.01099522 0.05616192
v 0.13749167 0.02219990 0.05850324
v 0.13807679 0.01099522 0.05616192
v 0.13788727 0.01318759 0.05623090
v 0.13749167 0.02219990 0.05850324
v 0.13788727 0.01318759 0.05623090
v 0.13766342 0.01537629 0.05631237
v 0.13749167 0.02219990 0.05850324
v 0.13766342 0.01537629 0.05631237
v 0.13740530 0.01756071 0.05640632
v 0.13749167 0.02219990 0.05850324
v 0.13740530 0.01756071 0.05640632
v 0.13740508 0.01756240 0.05640640
v 0.13749167 0.02219990 0.05850324
v 0.13740508 0.01756240 0.05640640
v 0.13382519 0.03592667 0.05770937
v 0.13749167 0.02219990 0.05850324
v 0.13382519 0.03592667 0.05770937
v 0.13224436 0.04376805 0.06041311
v 0.12783572 0.05356565 0.05988936
v 0.12366490 0.06409068 0.06353577
v 0.13224436 0.04376805 0.06041311
v 0.12783572 0.05356565 0.05988936
v 0.13224436 0.04376805 0.06041311
v 0.13382519 0.03592667 0.05770937
v 0.11955754 0.07012323 0.06290237
v 0.11199747 0.08258945 0.06778237
v 0.12366490 0.06409068 0.06353577
v 0.11955754 0.07012323 0.06290237
v 0.12366490 0.06409068 0.06353577
v 0.12783572 0.05356565 0.05988936
v -0.10465597 0.10036008 -0.10400000
v -0.11718303 0.08539998 -0.10400000
v -0.10637224 0.10186189 -0.10400000
v -0.11718303 0.08539998 -0.10400000
v -0.12810789 0.11341894 -0.10400000
v -0.10637224 0.10186189 -0.10400000
v -0.14002740 0.08665571 -0.10400000
v -0.14148732 0.08937934 -0.10400000
v -0.13803029 0.10757630 -0.10400000
v -0.14148732 0.08937934 -0.10400000
v -0.14186151 0.09999116 -0.10400000
v -0.13803029 0.10757630 -0.10400000
v -0.14148732 0.08937934 -0.10400000
v -0.14251599 0.09428630 -0.10400000
v -0.14186151 0.09999116 -0.10400000
v -0.12764300 0.06896894 -0.10400000
v -0.11718303 0.08539998 -0.10400000
v -0.12758808 0.06889340 -0.10400000
v -0.12764300 0.06896894 -0.10400000
v -0.12810789 0.11341894 -0.10400000
v -0.11718303 0.08539998 -0.10400000
v -0.12764300 0.06896894 -0.10400000
v -0.13006519 0.11398892 -0.10400000
v -0.12810789 0.11341894 -0.10400000
v -0.12764300 0.06896894 -0.10400000
v -0.13208896 0.11372932 -0.10400000
v -0.13006519 0.11398892 -0.10400000
v -0.12764300 0.06896894 -0.10400000
v -0.13428998 0.11221063 -0.10400000
v -0.13208896 0.11372932 -0.10400000
v -0.12764300 0.06896894 -0.10400000
v -0.13803029 0.10757630 -0.10400000
v -0.13428998 0.11221063 -0.10400000
v -0.12764300 0.06896894 -0.10400000
v -0.14002740 0.08665571 -0.10400000
v -0.13803029 0.10757630 -0.10400000
v -0.10447034 0.10055330 -0.09400000
v -0.10619198 0.10206262 -0.09400000
v -0.10409127 0.10094565 -0.09400000
v -0.14002740 0.08665571 -0.10400000
v -0.14843343 0.07474115 -0.08440620
v -0.14148732 0.08937934 -0.10400000
v -0.14148732 0.08937934 -0.10400000
v -0.14843343 0.07474115 -0.08440620
v -0.15064128 0.07969204 -0.08434776
v -0.14148732 0.08937934 -0.10400000
v -0.15064128 0.07969204 -0.08434776
v -0.14251599 0.09428630 -0.10400000
v -0.14251599 0.09428630 -0.10400000
v -0.15064128 0.07969204 -0.08434776
v -0.14186151 0.09999116 -0.10400000
v -0.14186151 0.09999116 -0.10400000
v -0.15064128 0.07969204 -0.08434776
v -0.15152198 0.08400837 -0.08317488
v -0.14186151 0.09999116 -0.10400000
v -0.15152198 0.08400837 -0.08317488
v -0.15156065 0.08781788 -0.08026552
v -0.14186151 0.09999116 -0.10400000
v -0.15156065 0.08781788 -0.08026552
v -0.13803029 0.10757630 -0.10400000
v -0.13803029 0.10757630 -0.10400000
v -0.15156065 0.08781788 -0.08026552
v -0.15101699 0.08976733 -0.07757920
v -0.13803029 0.10757630 -0.10400000
v -0.15101699 0.08976733 -0.07757920
v -0.15087560 0.09004801 -0.07709692
v -0.13117096 0.06179966 -0.09400000
v -0.13130493 0.06199098 -0.09400000
v -0.13116617 0.06180985 -0.09400000
v -0.13361172 0.04683659 -0.08211768
v -0.13724795 0.04862114 -0.08035010
v -0.13210994 0.04964628 -0.08407625
v -0.13210994 0.04964628 -0.08407625
v -0.13724795 0.04862114 -0.08035010
v -0.13504271 0.05132492 -0.08214936
v -0.13210994 0.04964628 -0.08407625
v -0.13504271 0.05132492 -0.08214936
v -0.13288452 0.05365886 -0.08532684
v -0.13288452 0.05365886 -0.08532684
v -0.13186627 0.05217984 -0.08557182
v -0.13210994 0.04964628 -0.08407625
v -0.13361172 0.04683659 -0.08211768
v -0.13210994 0.04964628 -0.08407625
v -0.13123709 0.04502684 -0.08537604
v -0.13123709 0.04502684 -0.08537604
v -0.13210994 0.04964628 -0.08407625
v -0.13033780 0.04768977 -0.08693342
v -0.13058781 0.04354536 -0.08948879
v -0.13123709 0.04502684 -0.08537604
v -0.13033780 0.04768977 -0.08693342
v -0.13210994 0.04964628 -0.08407625
v -0.13186627 0.05217984 -0.08557182
v -0.13033780 0.04768977 -0.08693342
v 0.10184948 -0.09541203 -0.01683201
v 0.10413512 -0.09402444 -0.01671977
v 0.10196102 -0.09593717 -0.00000001
v 0.10413512 -0.09402444 -0.01671977
v 0.10449533 -0.09448739 -0.00001159
v 0.10196102 -0.09593717 -0.00000001
v 0.10413512 -0.09402444 -0.01671977
v 0.10681098 -0.09401335 -0.01667719
v 0.10449533 -0.09448739 -0.00001159
v 0.10681098 -0.09401335 -0.01667719
v 0.10689511 -0.09453268 -0.00000004
v 0.10449533 -0.09448739 -0.00001159
v 0.10681098 -0.09401335 -0.01667719
v 0.10689909 -0.09453374 -0.00000001
v 0.10689511 -0.09453268 -0.00000004
v 0.10810559 -0.09177097 -0.04227962
v 0.10533908 -0.09173235 -0.04247892
v 0.10917481 -0.09021091 -0.05412297
v 0.10533908 -0.09173235 -0.04247892
v 0.10634616 -0.09014123 -0.05437822
v 0.10917481 -0.09021091 -0.05412297
v 0.10533908 -0.09173235 -0.04247892
v 0.10299062 -0.09316751 -0.04282504
v 0.10634616 -0.09014123 -0.05437822
v 0.10299062 -0.09316751 -0.04282504
v 0.10395674 -0.09161396 -0.05481776
v 0.10634616 -0.09014123 -0.05437822
v 0.10681098 -0.09401335 -0.01667719
v 0.10413512 -0.09402444 -0.01671977
v 0.10810559 -0.09177097 -0.04227962
v 0.10413512 -0.09402444 -0.01671977
v 0.10533908 -0.09173235 -0.04247892
v 0.10810559 -0.09177097 -0.04227962
v 0.10413512 -0.09402444 -0.01671977
v 0.10184948 -0.09541203 -0.01683201
v 0.10533908 -0.09173235 -0.04247892
v 0.10184948 -0.09541203 -0.01683201
v 0.10299062 -0.09316751 -0.04282504
v 0.10533908 -0.09173235 -0.04247892
v 0.10429204 -0.09111066 -0.05786981
v 0.10648424 -0.08970552 -0.05729411
v 0.10395674 -0.09161396 -0.05481776
v 0.10648424 -0.08970552 -0.05729411
v 0.10634616 -0.09014123 -0.05437822
v 0.10395674 -0.09161396 -0.05481776
v 0.10648424 -0.08970552 -0.05729411
v 0.10952682 -0.08751360 -0.06390535
v 0.10634616 -0.09014123 -0.05437822
v 0.10952682 -0.08751360 -0.06390535
v 0.10917481 -0.09021091 -0.05412297
v 0.10634616 -0.09014123 -0.05437822
v 0.11854133 -0.07402674 -0.06691616
v 0.11938978 -0.07083876 -0.06423983
v 0.12087923 -0.07218926 -0.05981648
v 0.11938978 -0.07083876 -0.06423983
v 0.12023224 -0.06985536 -0.06033466
v 0.12087923 -0.07218926 -0.05981648
v 0.11938978 -0.07083876 -0.06423983
v 0.11990819 -0.06889848 -0.06518303
v 0.12023224 -0.06985536 -0.06033466
v 0.11990819 -0.06889848 -0.06518303
v 0.12079331 -0.06755588 -0.06106389
v 0.12023224 -0.06985536 -0.06033466
v 0.11854133 -0.07402674 -0.06691616
v 0.11604888 -0.07685172 -0.07087757
v 0.11866697 -0.07081830 -0.06903583
v 0.11604888 -0.07685172 -0.07087757
v 0.11741995 -0.07274043 -0.07158801
v 0.11866697 -0.07081830 -0.06903583
v 0.11604888 -0.07685172 -0.07087757
v 0.11586138 -0.07510243 -0.07357625
v 0.11741995 -0.07274043 -0.07158801
v 0.12087923 -0.07218926 -0.05981648
v 0.12023224 -0.06985536 -0.06033466
v 0.12211048 -0.07173689 -0.05412292
v 0.12023224 -0.06985536 -0.06033466
v 0.12107755 -0.06910262 -0.05437822
v 0.12211048 -0.07173689 -0.05412292
v 0.12023224 -0.06985536 -0.06033466
v 0.12079331 -0.06755588 -0.06106389
v 0.12107755 -0.06910262 -0.05437822
v 0.12079331 -0.06755588 -0.06106389
v 0.12164426 -0.06635359 -0.05481757
v 0.12107755 -0.06910262 -0.05437822
v 0.11604888 -0.07685172 -0.07087757
v 0.11432825 -0.07913438 -0.07190469
v 0.11586138 -0.07510243 -0.07357625
v 0.11432825 -0.07913438 -0.07190469
v 0.11366480 -0.07833234 -0.07476452
v 0.11586138 -0.07510243 -0.07357625
v 0.11432825 -0.07913438 -0.07190469
v 0.11263026 -0.08162075 -0.07153886
v 0.11366480 -0.07833234 -0.07476452
v 0.11263026 -0.08162075 -0.07153886
v 0.11128789 -0.08169279 -0.07434077
v 0.11366480 -0.07833234 -0.07476452
v 0.11263026 -0.08162075 -0.07153886
v 0.11106187 -0.08420724 -0.06956399
v 0.11128789 -0.08169279 -0.07434077
v 0.11106187 -0.08420724 -0.06956399
v 0.10884366 -0.08501904 -0.07206320
v 0.11128789 -0.08169279 -0.07434077
v 0.11106187 -0.08420724 -0.06956399
v 0.10715595 -0.08726012 -0.06908504
v 0.10884366 -0.08501904 -0.07206320
v 0.10715595 -0.08726012 -0.06908504
v 0.11106187 -0.08420724 -0.06956399
v 0.10952682 -0.08751360 -0.06390535
v 0.10648424 -0.08970552 -0.05729411
v 0.10588546 -0.08893825 -0.06562958
v 0.10952682 -0.08751360 -0.06390535
v 0.11854133 -0.07402674 -0.06691616
v 0.11866697 -0.07081830 -0.06903583
v 0.11938978 -0.07083876 -0.06423983
v 0.11866697 -0.07081830 -0.06903583
v 0.11990819 -0.06889848 -0.06518303
v 0.11938978 -0.07083876 -0.06423983
v 0.10952682 -0.08751360 -0.06390535
v 0.10588546 -0.08893825 -0.06562958
v 0.10715595 -0.08726012 -0.06908504
v 0.10648424 -0.08970552 -0.05729411
v 0.10429204 -0.09111066 -0.05786981
v 0.10588546 -0.08893825 -0.06562958
v 0.12211048 -0.07173689 -0.05412292
v 0.12107755 -0.06910262 -0.05437822
v 0.12297677 -0.07052025 -0.04498681
v 0.12107755 -0.06910262 -0.05437822
v 0.12198327 -0.06792362 -0.04519990
v 0.12297677 -0.07052025 -0.04498681
v 0.12107755 -0.06910262 -0.05437822
v 0.12164426 -0.06635359 -0.05481757
v 0.12198327 -0.06792362 -0.04519990
v 0.12164426 -0.06635359 -0.05481757
v 0.12253293 -0.06521490 -0.04556825
v 0.12198327 -0.06792362 -0.04519990
v 0.12502416 -0.06299958 -0.00000001
v 0.12452858 -0.06587695 -0.00001164
v 0.12437995 -0.06315917 -0.01920144
v 0.12452858 -0.06587695 -0.00001164
v 0.12385692 -0.06578584 -0.01906644
v 0.12437995 -0.06315917 -0.01920144
v 0.12452858 -0.06587695 -0.00001164
v 0.12539191 -0.06811652 -0.00000004
v 0.12385692 -0.06578584 -0.01906644
v 0.12539191 -0.06811652 -0.00000004
v 0.12476627 -0.06830791 -0.01900792
v 0.12385692 -0.06578584 -0.01906644
v 0.12539191 -0.06811652 -0.00000004
v 0.12539428 -0.06811991 -0.00000001
v 0.12476627 -0.06830791 -0.01900792
v 0.12297677 -0.07052025 -0.04498681
v 0.12198327 -0.06792362 -0.04519990
v 0.12476627 -0.06830791 -0.01900792
v 0.12198327 -0.06792362 -0.04519990
v 0.12385692 -0.06578584 -0.01906644
v 0.12476627 -0.06830791 -0.01900792
v 0.12198327 -0.06792362 -0.04519990
v 0.12253293 -0.06521490 -0.04556825
v 0.12385692 -0.06578584 -0.01906644
v 0.12253293 -0.06521490 -0.04556825
v 0.12437995 -0.06315917 -0.01920144
v 0.12385692 -0.06578584 -0.01906644
v 0.10211184 -0.09524498 0.01386911
v 0.10196102 -0.09593717 -0.00000001
v 0.10503744 -0.09395737 0.00882433
v 0.10503744 -0.09395737 0.00882433
v 0.10196102 -0.09593717 -0.00000001
v 0.10449533 -0.09448739 -0.00001159
v 0.10503744 -0.09395737 0.00882433
v 0.10449533 -0.09448739 -0.00001159
v 0.10697817 -0.09417940 0.00692121
v 0.10697817 -0.09417940 0.00692121
v 0.10449533 -0.09448739 -0.00001159
v 0.10689511 -0.09453268 -0.00000004
v 0.12058608 -0.09820116 -0.00000001
v 0.10689909 -0.09453374 -0.00000001
v 0.11929405 -0.09729646 -0.01873913
v 0.11929405 -0.09729646 -0.01873913
v 0.10689909 -0.09453374 -0.00000001
v 0.10681098 -0.09401335 -0.01667719
v 0.11929405 -0.09729646 -0.01873913
v 0.10681098 -0.09401335 -0.01667719
v 0.11545427 -0.09460782 -0.03695095
v 0.10917481 -0.09021091 -0.05412297
v 0.11545427 -0.09460782 -0.03695095
v 0.10810559 -0.09177097 -0.04227962
v 0.10810559 -0.09177097 -0.04227962
v 0.11545427 -0.09460782 -0.03695095
v 0.10681098 -0.09401335 -0.01667719
v 0.13222969 -0.07882243 -0.01873912
v 0.13352174 -0.07972713 -0.00000001
v 0.13436904 -0.08428395 -0.01870377
v 0.13436904 -0.08428395 -0.01870377
v 0.13352174 -0.07972713 -0.00000001
v 0.13560247 -0.08514762 -0.00000001
v 0.13436904 -0.08428395 -0.01870377
v 0.13560247 -0.08514762 -0.00000001
v 0.13363268 -0.09002666 -0.01913983
v 0.13363268 -0.09002666 -0.01913983
v 0.13560247 -0.08514762 -0.00000001
v 0.13489489 -0.09091046 -0.00000001
v 0.13363268 -0.09002666 -0.01913983
v 0.13489489 -0.09091046 -0.00000001
v 0.13030242 -0.09478276 -0.01913983
v 0.13030242 -0.09478276 -0.01913983
v 0.13489489 -0.09091046 -0.00000001
v 0.13156462 -0.09566657 -0.00000001
v 0.13030242 -0.09478276 -0.01913983
v 0.13156462 -0.09566657 -0.00000001
v 0.12515788 -0.09743883 -0.01870377
v 0.12515788 -0.09743883 -0.01870377
v 0.13156462 -0.09566657 -0.00000001
v 0.12639133 -0.09830248 -0.00000001
v 0.12515788 -0.09743883 -0.01870377
v 0.12639133 -0.09830248 -0.00000001
v 0.11929405 -0.09729646 -0.01873913
v 0.11929405 -0.09729646 -0.01873913
v 0.12639133 -0.09830248 -0.00000001
v 0.12058608 -0.09820116 -0.00000001
v 0.11854133 -0.07402674 -0.06691616
v 0.12087923 -0.07218926 -0.05981648
v 0.12469131 -0.07750754 -0.05419667
v 0.12469131 -0.07750754 -0.05419667
v 0.12087923 -0.07218926 -0.05981648
v 0.12211048 -0.07173689 -0.05412292
v 0.12469131 -0.07750754 -0.05419667
v 0.12211048 -0.07173689 -0.05412292
v 0.13070049 -0.08171520 -0.03692577
v 0.13070049 -0.08171520 -0.03692577
v 0.12211048 -0.07173689 -0.05412292
v 0.12838993 -0.07613380 -0.03695091
v 0.13070049 -0.08171520 -0.03692577
v 0.12838993 -0.07613380 -0.03695091
v 0.13436904 -0.08428395 -0.01870377
v 0.13436904 -0.08428395 -0.01870377
v 0.12838993 -0.07613380 -0.03695091
v 0.13222969 -0.07882243 -0.01873912
v 0.11854133 -0.07402674 -0.06691616
v 0.12469131 -0.07750754 -0.05419667
v 0.11604888 -0.07685172 -0.07087757
v 0.11604888 -0.07685172 -0.07087757
v 0.12469131 -0.07750754 -0.05419667
v 0.12372934 -0.08309227 -0.05546020
v 0.11604888 -0.07685172 -0.07087757
v 0.12372934 -0.08309227 -0.05546020
v 0.11432825 -0.07913438 -0.07190469
v 0.11432825 -0.07913438 -0.07190469
v 0.12372934 -0.08309227 -0.05546020
v 0.12039909 -0.08784837 -0.05546020
v 0.11432825 -0.07913438 -0.07190469
v 0.12039909 -0.08784837 -0.05546020
v 0.11263026 -0.08162075 -0.07153886
v 0.11263026 -0.08162075 -0.07153886
v 0.12039909 -0.08784837 -0.05546020
v 0.11106187 -0.08420724 -0.06956399
v 0.11106187 -0.08420724 -0.06956399
v 0.12039909 -0.08784837 -0.05546020
v 0.11548017 -0.09066242 -0.05419667
v 0.11106187 -0.08420724 -0.06956399
v 0.11548017 -0.09066242 -0.05419667
v 0.10952682 -0.08751360 -0.06390535
v 0.13070049 -0.08171520 -0.03692577
v 0.13436904 -0.08428395 -0.01870377
v 0.12987860 -0.08739803 -0.03778666
v 0.12987860 -0.08739803 -0.03778666
v 0.13436904 -0.08428395 -0.01870377
v 0.13363268 -0.09002666 -0.01913983
v 0.12987860 -0.08739803 -0.03778666
v 0.13363268 -0.09002666 -0.01913983
v 0.12654834 -0.09215413 -0.03778666
v 0.12654834 -0.09215413 -0.03778666
v 0.13363268 -0.09002666 -0.01913983
v 0.13030242 -0.09478276 -0.01913983
v 0.12654834 -0.09215413 -0.03778666
v 0.13030242 -0.09478276 -0.01913983
v 0.12148934 -0.09487008 -0.03692577
v 0.12148934 -0.09487008 -0.03692577
v 0.13030242 -0.09478276 -0.01913983
v 0.12515788 -0.09743883 -0.01870377
v 0.12148934 -0.09487008 -0.03692577
v 0.12515788 -0.09743883 -0.01870377
v 0.11929405 -0.09729646 -0.01873913
v 0.12469131 -0.07750754 -0.05419667
v 0.13070049 -0.08171520 -0.03692577
v 0.12372934 -0.08309227 -0.05546020
v 0.12372934 -0.08309227 -0.05546020
v 0.13070049 -0.08171520 -0.03692577
v 0.12987860 -0.08739803 -0.03778666
v 0.12372934 -0.08309227 -0.05546020
v 0.12987860 -0.08739803 -0.03778666
v 0.12039909 -0.08784837 -0.05546020
v 0.12039909 -0.08784837 -0.05546020
v 0.12987860 -0.08739803 -0.03778666
v 0.12654834 -0.09215413 -0.03778666
v 0.12039909 -0.08784837 -0.05546020
v 0.12654834 -0.09215413 -0.03778666
v 0.11548017 -0.09066242 -0.05419667
v 0.11548017 -0.09066242 -0.05419667
v 0.12654834 -0.09215413 -0.03778666
v 0.12148934 -0.09487008 -0.03692577
v 0.11548017 -0.09066242 -0.05419667
v 0.12148934 -0.09487008 -0.03692577
v 0.11545427 -0.09460782 -0.03695095
v 0.10917481 -0.09021091 -0.05412297
v 0.11548017 -0.09066242 -0.05419667
v 0.11545427 -0.09460782 -0.03695095
v 0.10917481 -0.09021091 -0.05412297
v 0.10952682 -0.08751360 -0.06390535
v 0.11548017 -0.09066242 -0.05419667
v 0.11545427 -0.09460782 -0.03695095
v 0.12148934 -0.09487008 -0.03692577
v 0.11929405 -0.09729646 -0.01873913
v 0.12508834 -0.06831539 0.00692121
v 0.12539191 -0.06811652 -0.00000004
v 0.12446600 -0.06726028 0.00798602
v 0.12446600 -0.06726028 0.00798602
v 0.12539191 -0.06811652 -0.00000004
v 0.12452858 -0.06587695 -0.00001164
v 0.12446600 -0.06726028 0.00798602
v 0.12452858 -0.06587695 -0.00001164
v 0.12412763 -0.06428947 0.01222492
v 0.12412763 -0.06428947 0.01222492
v 0.12452858 -0.06587695 -0.00001164
v 0.12502416 -0.06299958 -0.00000001
v 0.12412763 -0.06428947 0.01222492
v 0.12502416 -0.06299958 -0.00000001
v 0.12442528 -0.06337809 0.01386911
v 0.12539428 -0.06811991 -0.00000001
v 0.13222969 -0.07882243 -0.01873912
v 0.12476627 -0.06830791 -0.01900792
v 0.12539428 -0.06811991 -0.00000001
v 0.13352174 -0.07972713 -0.00000001
v 0.13222969 -0.07882243 -0.01873912
v 0.12476627 -0.06830791 -0.01900792
v 0.13222969 -0.07882243 -0.01873912
v 0.12838993 -0.07613380 -0.03695091
v 0.12476627 -0.06830791 -0.01900792
v 0.12838993 -0.07613380 -0.03695091
v 0.12297677 -0.07052025 -0.04498681
v 0.12211048 -0.07173689 -0.05412292
v 0.12297677 -0.07052025 -0.04498681
v 0.12838993 -0.07613380 -0.03695091
v -0.05270888 0.13364732 -0.01323680
v -0.04555537 0.13283415 -0.02237279
v -0.06034763 0.13067999 -0.02098553
v -0.04555537 0.13283415 -0.02237279
v -0.05229597 0.13025050 -0.02982950
v -0.06034763 0.13067999 -0.02098553
v -0.04555537 0.13283415 -0.02237279
v -0.03872896 0.13367105 -0.03175362
v -0.05229597 0.13025050 -0.02982950
v -0.03872896 0.13367105 -0.03175362
v -0.04700316 0.13071750 -0.04157526
v -0.05229597 0.13025050 -0.02982950
v -0.03862951 0.13494380 -0.01601359
v -0.03090672 0.13676295 -0.01025486
v -0.03334903 0.13531527 -0.02428131
v -0.03090672 0.13676295 -0.01025486
v -0.02847990 0.13661425 -0.01713675
v -0.03334903 0.13531527 -0.02428131
v -0.03090672 0.13676295 -0.01025486
v -0.02498031 0.13785845 -0.00670302
v -0.02847990 0.13661425 -0.01713675
v -0.02498031 0.13785845 -0.00670302
v -0.02320695 0.13778660 -0.01041580
v -0.02847990 0.13661425 -0.01713675
v -0.02498031 0.13785845 -0.00670302
v -0.01694744 0.13891903 -0.00363767
v -0.02320695 0.13778660 -0.01041580
v -0.01694744 0.13891903 -0.00363767
v -0.01659844 0.13889046 -0.00463005
v -0.02320695 0.13778660 -0.01041580
v -0.01694744 0.13891903 -0.00363767
v -0.00998837 0.13960537 -0.00144284
v -0.01659844 0.13889046 -0.00463005
v -0.06034763 0.13067999 -0.02098553
v -0.05229597 0.13025050 -0.02982950
v -0.06287811 0.12943667 -0.02441143
v -0.05229597 0.13025050 -0.02982950
v -0.05472224 0.12917820 -0.03285843
v -0.06287811 0.12943667 -0.02441143
v -0.05229597 0.13025050 -0.02982950
v -0.04700316 0.13071750 -0.04157526
v -0.05472224 0.12917820 -0.03285843
v -0.04413509 0.13591160 -0.00794336
v -0.03862951 0.13494380 -0.01601359
v -0.05270888 0.13364732 -0.01323680
v -0.03862951 0.13494380 -0.01601359
v -0.04555537 0.13283415 -0.02237279
v -0.05270888 0.13364732 -0.01323680
v -0.03862951 0.13494380 -0.01601359
v -0.03334903 0.13531527 -0.02428131
v -0.04555537 0.13283415 -0.02237279
v -0.03334903 0.13531527 -0.02428131
v -0.03872896 0.13367105 -0.03175362
v -0.04555537 0.13283415 -0.02237279
v -0.03090672 0.13676295 -0.01025486
v -0.03557074 0.13740948 -0.00492764
v -0.02681259 0.13845757 -0.00306729
v -0.03090672 0.13676295 -0.01025486
v -0.03862951 0.13494380 -0.01601359
v -0.03557074 0.13740948 -0.00492764
v -0.01694744 0.13891903 -0.00363767
v -0.02681259 0.13845757 -0.00306729
v -0.01014706 0.13970163 -0.00072916
v -0.01694744 0.13891903 -0.00363767
v -0.02498031 0.13785845 -0.00670302
v -0.02681259 0.13845757 -0.00306729
v -0.00142457 0.13999216 -0.00002287
v -0.01014706 0.13970163 -0.00072916
v -0.00071294 0.13999809 -0.00000525
v -0.00142457 0.13999216 -0.00002287
v -0.00998837 0.13960537 -0.00144284
v -0.01014706 0.13970163 -0.00072916
v -0.00000006 0.14000000 0.00000000
v -0.00142457 0.13999216 -0.00002287
v -0.00071294 0.13999809 -0.00000525
v -0.03862951 0.13494380 -0.01601359
v -0.04413509 0.13591160 -0.00794336
v -0.03557074 0.13740948 -0.00492764
v -0.02681259 0.13845757 -0.00306729
v -0.02498031 0.13785845 -0.00670302
v -0.03090672 0.13676295 -0.01025486
v -0.01014706 0.13970163 -0.00072916
v -0.00998837 0.13960537 -0.00144284
v -0.01694744 0.13891903 -0.00363767
v -0.08057370 0.12113461 -0.03906021
v -0.07809323 0.11828832 -0.04642746
v -0.08848359 0.11506996 -0.04686918
v -0.07809323 0.11828832 -0.04642746
v -0.08429955 0.11373582 -0.05121483
v -0.08848359 0.11506996 -0.04686918
v -0.07809323 0.11828832 -0.04642746
v -0.07374290 0.11828196 -0.05202344
v -0.08429955 0.11373582 -0.05121483
v -0.07374290 0.11828196 -0.05202344
v -0.08054505 0.11361607 -0.05611994
v -0.08429955 0.11373582 -0.05121483
v -0.07374290 0.11828196 -0.05202344
v -0.07741407 0.11471692 -0.06133106
v -0.08054505 0.11361607 -0.05611994
v -0.06287811 0.12943667 -0.02441143
v -0.05949013 0.12716229 -0.03699671
v -0.07235806 0.12580365 -0.03153766
v -0.05949013 0.12716229 -0.03699671
v -0.06824279 0.12506372 -0.03598868
v -0.07235806 0.12580365 -0.03153766
v -0.05949013 0.12716229 -0.03699671
v -0.06426278 0.12493043 -0.04061862
v -0.06824279 0.12506372 -0.03598868
v -0.04700316 0.13071750 -0.04157526
v -0.05177010 0.12876627 -0.04645254
v -0.05472224 0.12917820 -0.03285843
v -0.05177010 0.12876627 -0.04645254
v -0.05949013 0.12716229 -0.03699671
v -0.05472224 0.12917820 -0.03285843
v -0.05177010 0.12876627 -0.04645254
v -0.05672521 0.12654738 -0.05043122
v -0.05949013 0.12716229 -0.03699671
v -0.05672521 0.12654738 -0.05043122
v -0.06426278 0.12493043 -0.04061862
v -0.05949013 0.12716229 -0.03699671
v -0.05672521 0.12654738 -0.05043122
v -0.06630423 0.12271959 -0.04728143
v -0.06426278 0.12493043 -0.04061862
v -0.09157824 0.10345640 -0.07004560
v -0.09320494 0.10342606 -0.06401845
v -0.08488497 0.10917189 -0.06532681
v -0.09320494 0.10342606 -0.06401845
v -0.08756865 0.10816501 -0.06050856
v -0.08488497 0.10917189 -0.06532681
v -0.09320494 0.10342606 -0.06401845
v -0.09517405 0.10406457 -0.06019494
v -0.08756865 0.10816501 -0.06050856
v -0.09517405 0.10406457 -0.06019494
v -0.09096328 0.10837158 -0.05605151
v -0.08756865 0.10816501 -0.06050856
v -0.09517405 0.10406457 -0.06019494
v -0.09935367 0.10616324 -0.05531477
v -0.09096328 0.10837158 -0.05605151
v -0.08488497 0.10917189 -0.06532681
v -0.08756865 0.10816501 -0.06050856
v -0.07741407 0.11471692 -0.06133106
v -0.08756865 0.10816501 -0.06050856
v -0.08054505 0.11361607 -0.05611994
v -0.07741407 0.11471692 -0.06133106
v -0.08756865 0.10816501 -0.06050856
v -0.09096328 0.10837158 -0.05605151
v -0.08054505 0.11361607 -0.05611994
v -0.09096328 0.10837158 -0.05605151
v -0.08429955 0.11373582 -0.05121483
v -0.08054505 0.11361607 -0.05611994
v -0.09096328 0.10837158 -0.05605151
v -0.08848359 0.11506996 -0.04686918
v -0.08429955 0.11373582 -0.05121483
v -0.07809323 0.11828832 -0.04642746
v -0.07127973 0.12257165 -0.04107971
v -0.07374290 0.11828196 -0.05202344
v -0.07127973 0.12257165 -0.04107971
v -0.06630423 0.12271959 -0.04728143
v -0.07374290 0.11828196 -0.05202344
v -0.07127973 0.12257165 -0.04107971
v -0.06824279 0.12506372 -0.03598868
v -0.06630423 0.12271959 -0.04728143
v -0.06824279 0.12506372 -0.03598868
v -0.06426278 0.12493043 -0.04061862
v -0.06630423 0.12271959 -0.04728143
v -0.09935367 0.10616324 -0.05531477
v -0.08848359 0.11506996 -0.04686918
v -0.09096328 0.10837158 -0.05605151
v -0.06693593 0.12127648 -0.05643570
v -0.07374290 0.11828196 -0.05202344
v -0.06630423 0.12271959 -0.04728143
v -0.06693593 0.12127648 -0.05643570
v -0.07741407 0.11471692 -0.06133106
v -0.07374290 0.11828196 -0.05202344
v -0.07127973 0.12257165 -0.04107971
v -0.08057370 0.12113461 -0.03906021
v -0.07235806 0.12580365 -0.03153766
v -0.07127973 0.12257165 -0.04107971
v -0.07809323 0.11828832 -0.04642746
v -0.08057370 0.12113461 -0.03906021
v -0.06287811 0.12943667 -0.02441143
v -0.05472224 0.12917820 -0.03285843
v -0.05949013 0.12716229 -0.03699671
v -0.06630423 0.12271959 -0.04728143
v -0.06178552 0.12406008 -0.05368637
v -0.06693593 0.12127648 -0.05643570
v -0.07127973 0.12257165 -0.04107971
v -0.07235806 0.12580365 -0.03153766
v -0.06824279 0.12506372 -0.03598868
v -0.05672521 0.12654738 -0.05043122
v -0.06178552 0.12406008 -0.05368637
v -0.06630423 0.12271959 -0.04728143
v -0.11925043 0.12557141 0.00000001
v -0.12932662 0.11778034 -0.01875771
v -0.15780328 0.11444543 0.00000001
v -0.11925043 0.12557141 0.00000001
v -0.12686900 0.11791118 -0.02066092
v -0.12932662 0.11778034 -0.01875771
v -0.11925043 0.12557141 0.00000001
v -0.12382703 0.11767028 -0.02441142
v -0.12686900 0.11791118 -0.02066092
v -0.11925043 0.12557141 0.00000001
v -0.09353778 0.12451280 -0.02441142
v -0.12382703 0.11767028 -0.02441142
v -0.11925043 0.12557141 0.00000001
v -0.07992957 0.13357009 0.00000000
v -0.09353778 0.12451280 -0.02441142
v -0.15780328 0.11444543 0.00000001
v -0.15591277 0.11221656 -0.01011537
v -0.15821921 0.11430689 0.00000001
v -0.15780328 0.11444543 0.00000001
v -0.13311746 0.11698110 -0.01788404
v -0.15591277 0.11221656 -0.01011537
v -0.15780328 0.11444543 0.00000001
v -0.13171338 0.11736540 -0.01790322
v -0.13311746 0.11698110 -0.01788404
v -0.15780328 0.11444543 0.00000001
v -0.13047766 0.11761664 -0.01822004
v -0.13171338 0.11736540 -0.01790322
v -0.15780328 0.11444543 0.00000001
v -0.12932662 0.11778034 -0.01875771
v -0.13047766 0.11761664 -0.01822004
v -0.07992957 0.13357009 0.00000000
v -0.06287811 0.12943667 -0.02441143
v -0.09353778 0.12451280 -0.02441142
v -0.07992957 0.13357009 0.00000000
v -0.06034763 0.13067999 -0.02098553
v -0.06287811 0.12943667 -0.02441143
v -0.07992957 0.13357009 0.00000000
v -0.05270888 0.13364732 -0.01323680
v -0.06034763 0.13067999 -0.02098553
v -0.07992957 0.13357009 0.00000000
v -0.04413509 0.13591160 -0.00794336
v -0.05270888 0.13364732 -0.01323680
v -0.07992957 0.13357009 0.00000000
v -0.03557074 0.13740948 -0.00492764
v -0.04413509 0.13591160 -0.00794336
v -0.07992957 0.13357009 0.00000000
v -0.04009392 0.13838997 0.00000000
v -0.03557074 0.13740948 -0.00492764
v -0.04009392 0.13838997 0.00000000
v -0.02681259 0.13845757 -0.00306729
v -0.03557074 0.13740948 -0.00492764
v -0.04009392 0.13838997 0.00000000
v -0.01014706 0.13970163 -0.00072916
v -0.02681259 0.13845757 -0.00306729
v -0.04009392 0.13838997 0.00000000
v -0.00071294 0.13999809 -0.00000525
v -0.01014706 0.13970163 -0.00072916
v -0.04009392 0.13838997 0.00000000
v -0.00000006 0.14000000 0.00000000
v -0.00071294 0.13999809 -0.00000525
v -0.15336206 0.10902257 -0.02441142
v -0.13767400 0.11492211 -0.02062215
v -0.14021414 0.11311950 -0.02441142
v -0.15336206 0.10902257 -0.02441142
v -0.13612456 0.11577372 -0.01916833
v -0.13767400 0.11492211 -0.02062215
v -0.15336206 0.10902257 -0.02441142
v -0.13514867 0.11622650 -0.01854131
v -0.13612456 0.11577372 -0.01916833
v -0.15336206 0.10902257 -0.02441142
v -0.13311746 0.11698110 -0.01788404
v -0.13514867 0.11622650 -0.01854131
v -0.15336206 0.10902257 -0.02441142
v -0.15591277 0.11221656 -0.01011537
v -0.13311746 0.11698110 -0.01788404
v -0.09935367 0.10616324 -0.05531477
v -0.10777395 0.11118642 -0.04669797
v -0.08848359 0.11506996 -0.04686918
v -0.08848359 0.11506996 -0.04686918
v -0.10777395 0.11118642 -0.04669797
v -0.09171659 0.11507919 -0.04594577
v -0.08848359 0.11506996 -0.04686918
v -0.09171659 0.11507919 -0.04594577
v -0.08057370 0.12113461 -0.03906021
v -0.08057370 0.12113461 -0.03906021
v -0.09171659 0.11507919 -0.04594577
v -0.09278861 0.12063216 -0.03555856
v -0.08057370 0.12113461 -0.03906021
v -0.09278861 0.12063216 -0.03555856
v -0.07235806 0.12580365 -0.03153766
v -0.07235806 0.12580365 -0.03153766
v -0.09278861 0.12063216 -0.03555856
v -0.09353778 0.12451280 -0.02441142
v -0.07235806 0.12580365 -0.03153766
v -0.09353778 0.12451280 -0.02441142
v -0.06287811 0.12943667 -0.02441143
v -0.09171659 0.11507919 -0.04594577
v -0.10777395 0.11118642 -0.04669797
v -0.09278861 0.12063216 -0.03555856
v -0.09278861 0.12063216 -0.03555856
v -0.10777395 0.11118642 -0.04669797
v -0.11532785 0.11539628 -0.03626979
v -0.09278861 0.12063216 -0.03555856
v -0.11532785 0.11539628 -0.03626979
v -0.09353778 0.12451280 -0.02441142
v -0.09353778 0.12451280 -0.02441142
v -0.11532785 0.11539628 -0.03626979
v -0.12071353 0.11724836 -0.02837815
v -0.09353778 0.12451280 -0.02441142
v -0.12071353 0.11724836 -0.02837815
v -0.12382703 0.11767028 -0.02441142
v -0.15780328 0.11444543 0.00000001
v -0.15821921 0.11430689 0.00000001
v -0.16194650 0.11326361 0.00000001
v -0.16194650 0.11326361 0.00000001
v -0.15821921 0.11430689 0.00000001
v -0.16084422 0.11351515 0.00000001
v -0.16194650 0.11326361 0.00000001
v -0.16084422 0.11351515 0.00000001
v -0.16345746 0.11288776 0.00000001
v -0.16194650 0.11326361 0.00000001
v -0.16345746 0.11288776 0.00000001
v -0.16617466 0.11244425 0.00000001
v -0.16617466 0.11244425 0.00000001
v -0.16345746 0.11288776 0.00000001
v -0.16604638 0.11241734 0.00000001
v -0.16617466 0.11244425 0.00000001
v -0.16604638 0.11241734 0.00000001
v -0.17045596 0.11199294 0.00000001
v -0.17045596 0.11199294 0.00000001
v -0.16604638 0.11241734 0.00000001
v -0.16860081 0.11209553 0.00000001
v -0.17045596 0.11199294 0.00000001
v -0.16860081 0.11209553 0.00000001
v -0.17147119 0.11189823 0.00000001
v -0.17045596 0.11199294 0.00000001
v -0.17147119 0.11189823 0.00000001
v -0.17475843 0.11191245 0.00000001
v -0.17475843 0.11191245 0.00000001
v -0.17147119 0.11189823 0.00000001
v -0.17427782 0.11187050 0.00000001
v -0.17475843 0.11191245 0.00000001
v -0.17427782 0.11187050 0.00000001
v -0.17752859 0.11205725 0.00000001
v -0.17752859 0.11205725 0.00000001
v -0.17427782 0.11187050 0.00000001
v -0.17701427 0.11199935 0.00000001
v -0.17752859 0.11205725 0.00000001
v -0.17701427 0.11199935 0.00000001
v -0.18028569 0.11235555 0.00000001
v -0.13214999 0.11656012 -0.02240908
v -0.13224549 0.11653760 -0.02236289
v -0.13208867 0.11659920 -0.02190226
v -0.13224549 0.11653760 -0.02236289
v -0.13222360 0.11656760 -0.02185618
v -0.13208867 0.11659920 -0.02190226
v -0.13224549 0.11653760 -0.02236289
v -0.13236769 0.11650386 -0.02236156
v -0.13222360 0.11656760 -0.02185618
v -0.13236769 0.11650386 -0.02236156
v -0.13229960 0.11663612 -0.02083660
v -0.13222360 0.11656760 -0.02185618
v -0.13236769 0.11650386 -0.02236156
v -0.13239684 0.11651978 -0.02185453
v -0.13229960 0.11663612 -0.02083660
v -0.13311746 0.11698110 -0.01788404
v -0.13324302 0.11647330 -0.02000562
v -0.13514867 0.11622650 -0.01854131
v -0.13324302 0.11647330 -0.02000562
v -0.13408079 0.11611385 -0.02052543
v -0.13514867 0.11622650 -0.01854131
v -0.13324302 0.11647330 -0.02000562
v -0.13296954 0.11641622 -0.02101234
v -0.13408079 0.11611385 -0.02052543
v -0.13296954 0.11641622 -0.02101234
v -0.13357631 0.11614677 -0.02153432
v -0.13408079 0.11611385 -0.02052543
v -0.13296954 0.11641622 -0.02101234
v -0.13279640 0.11640685 -0.02168698
v -0.13357631 0.11614677 -0.02153432
v -0.13279640 0.11640685 -0.02168698
v -0.13321216 0.11621047 -0.02229573
v -0.13357631 0.11614677 -0.02153432
v -0.13279640 0.11640685 -0.02168698
v -0.13271266 0.11641078 -0.02202503
v -0.13321216 0.11621047 -0.02229573
v -0.13271266 0.11641078 -0.02202503
v -0.13286092 0.11630747 -0.02305969
v -0.13321216 0.11621047 -0.02229573
v -0.13271266 0.11641078 -0.02202503
v -0.13259068 0.11642744 -0.02253275
v -0.13286092 0.11630747 -0.02305969
v -0.13388721 0.11551695 -0.02898131
v -0.13686464 0.11394563 -0.02663417
v -0.13337634 0.11598501 -0.02516055
v -0.13686464 0.11394563 -0.02663417
v -0.13542878 0.11522280 -0.02285413
v -0.13337634 0.11598501 -0.02516055
v -0.13686464 0.11394563 -0.02663417
v -0.14021414 0.11311950 -0.02441142
v -0.13542878 0.11522280 -0.02285413
v -0.14021414 0.11311950 -0.02441142
v -0.13767400 0.11492211 -0.02062215
v -0.13542878 0.11522280 -0.02285413
v -0.13113088 0.11660609 -0.02517373
v -0.12896375 0.11701099 -0.02287991
v -0.13048069 0.11646430 -0.02893858
v -0.12896375 0.11701099 -0.02287991
v -0.12712140 0.11665462 -0.02661277
v -0.13048069 0.11646430 -0.02893858
v -0.12896375 0.11701099 -0.02287991
v -0.12686900 0.11791118 -0.02066092
v -0.12712140 0.11665462 -0.02661277
v -0.12686900 0.11791118 -0.02066092
v -0.12382703 0.11767028 -0.02441142
v -0.12712140 0.11665462 -0.02661277
v -0.13113088 0.11660609 -0.02517373
v -0.13041958 0.11687047 -0.02231925
v -0.12896375 0.11701099 -0.02287991
v -0.13041958 0.11687047 -0.02231925
v -0.12973974 0.11712676 -0.02131172
v -0.12896375 0.11701099 -0.02287991
v -0.13041958 0.11687047 -0.02231925
v -0.13084709 0.11686376 -0.02174130
v -0.12973974 0.11712676 -0.02131172
v -0.13084709 0.11686376 -0.02174130
v -0.13032612 0.11710479 -0.02073492
v -0.12973974 0.11712676 -0.02131172
v -0.13084709 0.11686376 -0.02174130
v -0.13158287 0.11678909 -0.02107312
v -0.13032612 0.11710479 -0.02073492
v -0.13158287 0.11678909 -0.02107312
v -0.13133579 0.11698744 -0.02006780
v -0.13032612 0.11710479 -0.02073492
v -0.13184219 0.11664458 -0.02208453
v -0.13084709 0.11686376 -0.02174130
v -0.13197621 0.11659265 -0.02259163
v -0.13084709 0.11686376 -0.02174130
v -0.13165019 0.11662551 -0.02326360
v -0.13197621 0.11659265 -0.02259163
v -0.13084709 0.11686376 -0.02174130
v -0.13041958 0.11687047 -0.02231925
v -0.13165019 0.11662551 -0.02326360
v -0.13047766 0.11761664 -0.01822004
v -0.12932662 0.11778034 -0.01875771
v -0.13133579 0.11698744 -0.02006780
v -0.12932662 0.11778034 -0.01875771
v -0.13032612 0.11710479 -0.02073492
v -0.13133579 0.11698744 -0.02006780
v -0.12932662 0.11778034 -0.01875771
v -0.12973974 0.11712676 -0.02131172
v -0.13032612 0.11710479 -0.02073492
v -0.13214999 0.11656012 -0.02240908
v -0.13208867 0.11659920 -0.02190226
v -0.13197621 0.11659265 -0.02259163
v -0.13208867 0.11659920 -0.02190226
v -0.13184219 0.11664458 -0.02208453
v -0.13197621 0.11659265 -0.02259163
v -0.13208867 0.11659920 -0.02190226
v -0.13197542 0.11671545 -0.02089126
v -0.13184219 0.11664458 -0.02208453
v -0.13197542 0.11671545 -0.02089126
v -0.13158287 0.11678909 -0.02107312
v -0.13184219 0.11664458 -0.02208453
v -0.13197542 0.11671545 -0.02089126
v -0.13187496 0.11688221 -0.01988601
v -0.13158287 0.11678909 -0.02107312
v -0.13187496 0.11688221 -0.01988601
v -0.13133579 0.11698744 -0.02006780
v -0.13158287 0.11678909 -0.02107312
v -0.13208867 0.11659920 -0.02190226
v -0.13222360 0.11656760 -0.02185618
v -0.13197542 0.11671545 -0.02089126
v -0.13222360 0.11656760 -0.02185618
v -0.13219037 0.11666475 -0.02084516
v -0.13197542 0.11671545 -0.02089126
v -0.13222360 0.11656760 -0.02185618
v -0.13229960 0.11663612 -0.02083660
v -0.13219037 0.11666475 -0.02084516
v -0.13244181 0.11648062 -0.02239313
v -0.13250216 0.11648662 -0.02188599
v -0.13236769 0.11650386 -0.02236156
v -0.13250216 0.11648662 -0.02188599
v -0.13239684 0.11651978 -0.02185453
v -0.13236769 0.11650386 -0.02236156
v -0.13250216 0.11648662 -0.02188599
v -0.13263417 0.11653599 -0.02087433
v -0.13239684 0.11651978 -0.02185453
v -0.13263417 0.11653599 -0.02087433
v -0.13246637 0.11658858 -0.02084321
v -0.13239684 0.11651978 -0.02185453
v -0.13263417 0.11653599 -0.02087433
v -0.13278099 0.11663506 -0.01986837
v -0.13246637 0.11658858 -0.02084321
v -0.13259068 0.11642744 -0.02253275
v -0.13271266 0.11641078 -0.02202503
v -0.13244181 0.11648062 -0.02239313
v -0.13271266 0.11641078 -0.02202503
v -0.13250216 0.11648662 -0.02188599
v -0.13244181 0.11648062 -0.02239313
v -0.13271266 0.11641078 -0.02202503
v -0.13279640 0.11640685 -0.02168698
v -0.13250216 0.11648662 -0.02188599
v -0.13279640 0.11640685 -0.02168698
v -0.13263417 0.11653599 -0.02087433
v -0.13250216 0.11648662 -0.02188599
v -0.13279640 0.11640685 -0.02168698
v -0.13296954 0.11641622 -0.02101234
v -0.13263417 0.11653599 -0.02087433
v -0.13296954 0.11641622 -0.02101234
v -0.13324302 0.11647330 -0.02000562
v -0.13263417 0.11653599 -0.02087433
v -0.13324302 0.11647330 -0.02000562
v -0.13278099 0.11663506 -0.01986837
v -0.13263417 0.11653599 -0.02087433
v -0.13324302 0.11647330 -0.02000562
v -0.13311746 0.11698110 -0.01788404
v -0.13278099 0.11663506 -0.01986837
v -0.13514867 0.11622650 -0.01854131
v -0.13408079 0.11611385 -0.02052543
v -0.13612456 0.11577372 -0.01916833
v -0.13408079 0.11611385 -0.02052543
v -0.13469909 0.11578949 -0.02115122
v -0.13612456 0.11577372 -0.01916833
v -0.13408079 0.11611385 -0.02052543
v -0.13357631 0.11614677 -0.02153432
v -0.13469909 0.11578949 -0.02115122
v -0.13357631 0.11614677 -0.02153432
v -0.13402275 0.11590131 -0.02216240
v -0.13469909 0.11578949 -0.02115122
v -0.13357631 0.11614677 -0.02153432
v -0.13321216 0.11621047 -0.02229573
v -0.13402275 0.11590131 -0.02216240
v -0.13321216 0.11621047 -0.02229573
v -0.13306090 0.11619789 -0.02369325
v -0.13402275 0.11590131 -0.02216240
v -0.13321216 0.11621047 -0.02229573
v -0.13286092 0.11630747 -0.02305969
v -0.13306090 0.11619789 -0.02369325
v -0.13612456 0.11577372 -0.01916833
v -0.13469909 0.11578949 -0.02115122
v -0.13767400 0.11492211 -0.02062215
v -0.13469909 0.11578949 -0.02115122
v -0.13542878 0.11522280 -0.02285413
v -0.13767400 0.11492211 -0.02062215
v -0.13469909 0.11578949 -0.02115122
v -0.13402275 0.11590131 -0.02216240
v -0.13542878 0.11522280 -0.02285413
v -0.13402275 0.11590131 -0.02216240
v -0.13337634 0.11598501 -0.02516055
v -0.13542878 0.11522280 -0.02285413
v -0.13402275 0.11590131 -0.02216240
v -0.13306090 0.11619789 -0.02369325
v -0.13337634 0.11598501 -0.02516055
v -0.13171338 0.11736540 -0.01790322
v -0.13278099 0.11663506 -0.01986837
v -0.13311746 0.11698110 -0.01788404
v -0.13171338 0.11736540 -0.01790322
v -0.13246637 0.11658858 -0.02084321
v -0.13278099 0.11663506 -0.01986837
v -0.13171338 0.11736540 -0.01790322
v -0.13229960 0.11663612 -0.02083660
v -0.13246637 0.11658858 -0.02084321
v -0.13171338 0.11736540 -0.01790322
v -0.13219037 0.11666475 -0.02084516
v -0.13229960 0.11663612 -0.02083660
v -0.13171338 0.11736540 -0.01790322
v -0.13187496 0.11688221 -0.01988601
v -0.13219037 0.11666475 -0.02084516
v -0.13171338 0.11736540 -0.01790322
v -0.13133579 0.11698744 -0.02006780
v -0.13187496 0.11688221 -0.01988601
v -0.13171338 0.11736540 -0.01790322
v -0.13047766 0.11761664 -0.01822004
v -0.13133579 0.11698744 -0.02006780
v -0.12932662 0.11778034 -0.01875771
v -0.12686900 0.11791118 -0.02066092
v -0.12973974 0.11712676 -0.02131172
v -0.13041958 0.11687047 -0.02231925
v -0.13113088 0.11660609 -0.02517373
v -0.13165019 0.11662551 -0.02326360
v -0.12686900 0.11791118 -0.02066092
v -0.12896375 0.11701099 -0.02287991
v -0.12973974 0.11712676 -0.02131172
v -0.13184219 0.11664458 -0.02208453
v -0.13158287 0.11678909 -0.02107312
v -0.13084709 0.11686376 -0.02174130
v -0.13187496 0.11688221 -0.01988601
v -0.13197542 0.11671545 -0.02089126
v -0.13219037 0.11666475 -0.02084516
v -0.13239684 0.11651978 -0.02185453
v -0.13246637 0.11658858 -0.02084321
v -0.13229960 0.11663612 -0.02083660
v -0.11532785 0.11539628 -0.03626979
v -0.11871187 0.11428280 -0.03783179
v -0.12071353 0.11724836 -0.02837815
v -0.11871187 0.11428280 -0.03783179
v -0.12442866 0.11559112 -0.03312872
v -0.12071353 0.11724836 -0.02837815
v -0.11871187 0.11428280 -0.03783179
v -0.12212619 0.11390878 -0.03965763
v -0.12442866 0.11559112 -0.03312872
v -0.12712140 0.11665462 -0.02661277
v -0.12698492 0.11558927 -0.03470912
v -0.13048069 0.11646430 -0.02893858
v -0.12698492 0.11558927 -0.03470912
v -0.12978535 0.11619268 -0.03396409
v -0.13048069 0.11646430 -0.02893858
v -0.12698492 0.11558927 -0.03470912
v -0.12543153 0.11428943 -0.04167284
v -0.12978535 0.11619268 -0.03396409
v -0.12543153 0.11428943 -0.04167284
v -0.12849302 0.11540924 -0.04379520
v -0.12978535 0.11619268 -0.03396409
v -0.12543153 0.11428943 -0.04167284
v -0.12698492 0.11558927 -0.03470912
v -0.12212619 0.11390878 -0.03965763
v -0.12698492 0.11558927 -0.03470912
v -0.12442866 0.11559112 -0.03312872
v -0.12212619 0.11390878 -0.03965763
v -0.12698492 0.11558927 -0.03470912
v -0.12712140 0.11665462 -0.02661277
v -0.12442866 0.11559112 -0.03312872
v -0.12071353 0.11724836 -0.02837815
v -0.12442866 0.11559112 -0.03312872
v -0.12712140 0.11665462 -0.02661277
v -0.12382703 0.11767028 -0.02441142
v -0.12071353 0.11724836 -0.02837815
v -0.12712140 0.11665462 -0.02661277
v -0.16194650 0.11326361 0.00000001
v -0.16952274 0.11112110 0.02287965
v -0.15780328 0.11444543 0.00000001
v -0.16952274 0.11112110 0.02287965
v -0.16073067 0.11233823 0.04062212
v -0.15780328 0.11444543 0.00000001
v -0.16952274 0.11112110 0.02287965
v -0.17136610 0.10979114 0.04626775
v -0.16073067 0.11233823 0.04062212
v -0.20806619 0.12456387 0.03300495
v -0.19980520 0.11841652 0.02265951
v -0.20848925 0.12612113 -0.00140012
v -0.19980520 0.11841652 0.02265951
v -0.20483239 0.12290832 -0.00115852
v -0.20848925 0.12612113 -0.00140012
v -0.19980520 0.11841652 0.02265951
v -0.19704146 0.11778788 -0.00069876
v -0.20483239 0.12290832 -0.00115852
v -0.17270324 0.10604580 0.11396113
v -0.17016693 0.10728124 0.10307481
v -0.17826116 0.10452430 0.11298909
v -0.17016693 0.10728124 0.10307481
v -0.17709888 0.10644061 0.08984916
v -0.17826116 0.10452430 0.11298909
v -0.17016693 0.10728124 0.10307481
v -0.16501296 0.10990879 0.07487412
v -0.17709888 0.10644061 0.08984916
v -0.16501296 0.10990879 0.07487412
v -0.17504633 0.10757112 0.07695933
v -0.17709888 0.10644061 0.08984916
v -0.16501296 0.10990879 0.07487412
v -0.17136610 0.10979114 0.04626775
v -0.17504633 0.10757112 0.07695933
v -0.21387561 0.11913668 0.10882790
v -0.21059196 0.11513426 0.10898775
v -0.21121053 0.12099040 0.08708387
v -0.21059196 0.11513426 0.10898775
v -0.20429143 0.11425436 0.08739089
v -0.21121053 0.12099040 0.08708387
v -0.21059196 0.11513426 0.10898775
v -0.20572651 0.11084563 0.10936243
v -0.20429143 0.11425436 0.08739089
v -0.20572651 0.11084563 0.10936243
v -0.20077180 0.10779706 0.10985506
v -0.20429143 0.11425436 0.08739089
v -0.20077180 0.10779706 0.10985506
v -0.19595241 0.10940956 0.08798050
v -0.20429143 0.11425436 0.08739089
v -0.20077180 0.10779706 0.10985506
v -0.19540108 0.10559444 0.11048215
v -0.19595241 0.10940956 0.08798050
v -0.19540108 0.10559444 0.11048215
v -0.19040290 0.10439613 0.11113789
v -0.19595241 0.10940956 0.08798050
v -0.19040290 0.10439613 0.11113789
v -0.18670080 0.10675113 0.08881687
v -0.19595241 0.10940956 0.08798050
v -0.19040290 0.10439613 0.11113789
v -0.18399206 0.10393681 0.11207047
v -0.18670080 0.10675113 0.08881687
v -0.18399206 0.10393681 0.11207047
v -0.17709888 0.10644061 0.08984916
v -0.18670080 0.10675113 0.08881687
v -0.18399206 0.10393681 0.11207047
v -0.17826116 0.10452430 0.11298909
v -0.17709888 0.10644061 0.08984916
v -0.19034549 0.11372468 0.02264932
v -0.18008013 0.11125161 0.02272394
v -0.18805773 0.11406443 -0.00026969
v -0.18008013 0.11125161 0.02272394
v -0.18028569 0.11235555 0.00000001
v -0.18805773 0.11406443 -0.00026969
v -0.18008013 0.11125161 0.02272394
v -0.16952274 0.11112110 0.02287965
v -0.18028569 0.11235555 0.00000001
v -0.16952274 0.11112110 0.02287965
v -0.17752859 0.11205725 0.00000001
v -0.18028569 0.11235555 0.00000001
v -0.16952274 0.11112110 0.02287965
v -0.17475843 0.11191245 0.00000001
v -0.17752859 0.11205725 0.00000001
v -0.16952274 0.11112110 0.02287965
v -0.18008013 0.11125161 0.02272394
v -0.17136610 0.10979114 0.04626775
v -0.18008013 0.11125161 0.02272394
v -0.18159490 0.10997684 0.04576997
v -0.17136610 0.10979114 0.04626775
v -0.18008013 0.11125161 0.02272394
v -0.19034549 0.11372468 0.02264932
v -0.18159490 0.10997684 0.04576997
v -0.19034549 0.11372468 0.02264932
v -0.19151596 0.11249473 0.04539142
v -0.18159490 0.10997684 0.04576997
v -0.19034549 0.11372468 0.02264932
v -0.19980520 0.11841652 0.02265951
v -0.19151596 0.11249473 0.04539142
v -0.19980520 0.11841652 0.02265951
v -0.20060463 0.11721164 0.04515210
v -0.19151596 0.11249473 0.04539142
v -0.19980520 0.11841652 0.02265951
v -0.20806619 0.12456387 0.03300495
v -0.20060463 0.11721164 0.04515210
v -0.17136610 0.10979114 0.04626775
v -0.18159490 0.10997684 0.04576997
v -0.17504633 0.10757112 0.07695933
v -0.18159490 0.10997684 0.04576997
v -0.18484267 0.10783643 0.07608660
v -0.17504633 0.10757112 0.07695933
v -0.18159490 0.10997684 0.04576997
v -0.19151596 0.11249473 0.04539142
v -0.18484267 0.10783643 0.07608660
v -0.19151596 0.11249473 0.04539142
v -0.19430495 0.11043867 0.07538375
v -0.18484267 0.10783643 0.07608660
v -0.19151596 0.11249473 0.04539142
v -0.20060463 0.11721164 0.04515210
v -0.19430495 0.11043867 0.07538375
v -0.20060463 0.11721164 0.04515210
v -0.20288559 0.11522725 0.07489146
v -0.19430495 0.11043867 0.07538375
v -0.20060463 0.11721164 0.04515210
v -0.20922845 0.12276973 0.06250788
v -0.20288559 0.11522725 0.07489146
v -0.17504633 0.10757112 0.07695933
v -0.18484267 0.10783643 0.07608660
v -0.17709888 0.10644061 0.08984916
v -0.18484267 0.10783643 0.07608660
v -0.18670080 0.10675113 0.08881687
v -0.17709888 0.10644061 0.08984916
v -0.18484267 0.10783643 0.07608660
v -0.19430495 0.11043867 0.07538375
v -0.18670080 0.10675113 0.08881687
v -0.19430495 0.11043867 0.07538375
v -0.19595241 0.10940956 0.08798050
v -0.18670080 0.10675113 0.08881687
v -0.19430495 0.11043867 0.07538375
v -0.20288559 0.11522725 0.07489146
v -0.19595241 0.10940956 0.08798050
v -0.20288559 0.11522725 0.07489146
v -0.20429143 0.11425436 0.08739089
v -0.19595241 0.10940956 0.08798050
v -0.20288559 0.11522725 0.07489146
v -0.21121053 0.12099040 0.08708387
v -0.20429143 0.11425436 0.08739089
v -0.16952274 0.11112110 0.02287965
v -0.16194650 0.11326361 0.00000001
v -0.16617466 0.11244425 0.00000001
v -0.16501296 0.10990879 0.07487412
v -0.16073067 0.11233823 0.04062212
v -0.17136610 0.10979114 0.04626775
v -0.20060463 0.11721164 0.04515210
v -0.20806619 0.12456387 0.03300495
v -0.20922845 0.12276973 0.06250788
v -0.20288559 0.11522725 0.07489146
v -0.20922845 0.12276973 0.06250788
v -0.21121053 0.12099040 0.08708387
v -0.19034549 0.11372468 0.02264932
v -0.19704146 0.11778788 -0.00069876
v -0.19980520 0.11841652 0.02265951
v -0.19704146 0.11778788 -0.00069876
v -0.19034549 0.11372468 0.02264932
v -0.18805773 0.11406443 -0.00026969
v -0.16952274 0.11112110 0.02287965
v -0.17045596 0.11199294 0.00000001
v -0.17475843 0.11191245 0.00000001
v -0.16617466 0.11244425 0.00000001
v -0.17045596 0.11199294 0.00000001
v -0.16952274 0.11112110 0.02287965
v -0.13468547 0.11442380 -0.03799180
v -0.13666182 0.11257274 -0.03622482
v -0.13388721 0.11551695 -0.02898131
v -0.13666182 0.11257274 -0.03622482
v -0.13803838 0.11258414 -0.03057422
v -0.13388721 0.11551695 -0.02898131
v -0.13666182 0.11257274 -0.03622482
v -0.13898475 0.11110835 -0.03451789
v -0.13803838 0.11258414 -0.03057422
v -0.14442002 0.10948151 -0.03145947
v -0.14021414 0.11311950 -0.02441142
v -0.13898475 0.11110835 -0.03451789
v -0.14021414 0.11311950 -0.02441142
v -0.13803838 0.11258414 -0.03057422
v -0.13898475 0.11110835 -0.03451789
v -0.14021414 0.11311950 -0.02441142
v -0.13686464 0.11394563 -0.02663417
v -0.13803838 0.11258414 -0.03057422
v -0.13388721 0.11551695 -0.02898131
v -0.13803838 0.11258414 -0.03057422
v -0.13686464 0.11394563 -0.02663417
v -0.21658521 0.11588016 0.12297131
v -0.21317348 0.11159036 0.12353515
v -0.21502513 0.11793022 0.11601288
v -0.21317348 0.11159036 0.12353515
v -0.20900395 0.11110844 0.11682635
v -0.21502513 0.11793022 0.11601288
v -0.21317348 0.11159036 0.12353515
v -0.20917395 0.10790981 0.12443924
v -0.20900395 0.11110844 0.11682635
v -0.17969637 0.10280139 0.13507183
v -0.17593761 0.10450593 0.12569352
v -0.18458365 0.10145395 0.13291340
v -0.17593761 0.10450593 0.12569352
v -0.18420630 0.10275918 0.12231893
v -0.18458365 0.10145395 0.13291340
v -0.17593761 0.10450593 0.12569352
v -0.17270324 0.10604580 0.11396113
v -0.18420630 0.10275918 0.12231893
v -0.17270324 0.10604580 0.11396113
v -0.17826116 0.10452430 0.11298909
v -0.18420630 0.10275918 0.12231893
v -0.20572651 0.11084563 0.10936243
v -0.20900395 0.11110844 0.11682635
v -0.20077180 0.10779706 0.10985506
v -0.20900395 0.11110844 0.11682635
v -0.20149178 0.10610850 0.11817397
v -0.20077180 0.10779706 0.10985506
v -0.20900395 0.11110844 0.11682635
v -0.20917395 0.10790981 0.12443924
v -0.20149178 0.10610850 0.11817397
v -0.20917395 0.10790981 0.12443924
v -0.20469626 0.10493943 0.12565876
v -0.20149178 0.10610850 0.11817397
v -0.19040290 0.10439613 0.11113789
v -0.19302915 0.10325918 0.12004840
v -0.18399206 0.10393681 0.11207047
v -0.19302915 0.10325918 0.12004840
v -0.18420630 0.10275918 0.12231893
v -0.18399206 0.10393681 0.11207047
v -0.19302915 0.10325918 0.12004840
v -0.19480724 0.10143331 0.12890263
v -0.18420630 0.10275918 0.12231893
v -0.19480724 0.10143331 0.12890263
v -0.18966708 0.10099372 0.13083803
v -0.18420630 0.10275918 0.12231893
v -0.19540108 0.10559444 0.11048215
v -0.20149178 0.10610850 0.11817397
v -0.19040290 0.10439613 0.11113789
v -0.20149178 0.10610850 0.11817397
v -0.19302915 0.10325918 0.12004840
v -0.19040290 0.10439613 0.11113789
v -0.20149178 0.10610850 0.11817397
v -0.19986317 0.10276069 0.12716029
v -0.19302915 0.10325918 0.12004840
v -0.20900395 0.11110844 0.11682635
v -0.21059196 0.11513426 0.10898775
v -0.21502513 0.11793022 0.11601288
v -0.19986317 0.10276069 0.12716029
v -0.20149178 0.10610850 0.11817397
v -0.20469626 0.10493943 0.12565876
v -0.19986317 0.10276069 0.12716029
v -0.19480724 0.10143331 0.12890263
v -0.19302915 0.10325918 0.12004840
v -0.18420630 0.10275918 0.12231893
v -0.18966708 0.10099372 0.13083803
v -0.18458365 0.10145395 0.13291340
v -0.21387561 0.11913668 0.10882790
v -0.21502513 0.11793022 0.11601288
v -0.21059196 0.11513426 0.10898775
v -0.21059196 0.11513426 0.10898775
v -0.20900395 0.11110844 0.11682635
v -0.20572651 0.11084563 0.10936243
v -0.20149178 0.10610850 0.11817397
v -0.19540108 0.10559444 0.11048215
v -0.20077180 0.10779706 0.10985506
v -0.17826116 0.10452430 0.11298909
v -0.18399206 0.10393681 0.11207047
v -0.18420630 0.10275918 0.12231893
v -0.14442002 0.10948151 -0.03145947
v -0.14141780 0.10801093 -0.03980148
v -0.15003433 0.10331451 -0.04064744
v -0.14141780 0.10801093 -0.03980148
v -0.14690192 0.10363848 -0.04258167
v -0.15003433 0.10331451 -0.04064744
v -0.14141780 0.10801093 -0.03980148
v -0.14406156 0.10452300 -0.04477446
v -0.14690192 0.10363848 -0.04258167
v -0.13963170 0.10783481 -0.04962989
v -0.14141780 0.10801093 -0.03980148
v -0.13468547 0.11442380 -0.03799180
v -0.14141780 0.10801093 -0.03980148
v -0.13666182 0.11257274 -0.03622482
v -0.13468547 0.11442380 -0.03799180
v -0.14141780 0.10801093 -0.03980148
v -0.13898475 0.11110835 -0.03451789
v -0.13666182 0.11257274 -0.03622482
v -0.13963170 0.10783481 -0.04962989
v -0.14161025 0.10593788 -0.04715091
v -0.14141780 0.10801093 -0.03980148
v -0.14161025 0.10593788 -0.04715091
v -0.14406156 0.10452300 -0.04477446
v -0.14141780 0.10801093 -0.03980148
v -0.14442002 0.10948151 -0.03145947
v -0.13898475 0.11110835 -0.03451789
v -0.14141780 0.10801093 -0.03980148
v -0.17969637 0.10280139 0.13507183
v -0.18458365 0.10145395 0.13291340
v -0.18331838 0.10075911 0.14306768
v -0.18458365 0.10145395 0.13291340
v -0.19016120 0.09942964 0.13800504
v -0.18331838 0.10075911 0.14306768
v -0.18458365 0.10145395 0.13291340
v -0.18966708 0.10099372 0.13083803
v -0.19016120 0.09942964 0.13800504
v -0.21684762 0.10638285 0.13448665
v -0.21250248 0.10721865 0.12957766
v -0.22035070 0.11016779 0.13416757
v -0.21250248 0.10721865 0.12957766
v -0.21857571 0.11305001 0.12948625
v -0.22035070 0.11016779 0.13416757
v -0.21250248 0.10721865 0.12957766
v -0.21317348 0.11159036 0.12353515
v -0.21857571 0.11305001 0.12948625
v -0.21317348 0.11159036 0.12353515
v -0.21658521 0.11588016 0.12297131
v -0.21857571 0.11305001 0.12948625
v -0.20917395 0.10790981 0.12443924
v -0.21250248 0.10721865 0.12957766
v -0.20469626 0.10493943 0.12565876
v -0.21250248 0.10721865 0.12957766
v -0.20554574 0.10260676 0.13152707
v -0.20469626 0.10493943 0.12565876
v -0.21250248 0.10721865 0.12957766
v -0.21292347 0.10312496 0.13531462
v -0.20554574 0.10260676 0.13152707
v -0.21292347 0.10312496 0.13531462
v -0.20868314 0.10048118 0.13662929
v -0.20554574 0.10260676 0.13152707
v -0.19480724 0.10143331 0.12890263
v -0.19792149 0.09994865 0.13440303
v -0.18966708 0.10099372 0.13083803
v -0.19792149 0.09994865 0.13440303
v -0.19016120 0.09942964 0.13800504
v -0.18966708 0.10099372 0.13083803
v -0.19792149 0.09994865 0.13440303
v -0.19971292 0.09730051 0.14056606
v -0.19016120 0.09942964 0.13800504
v -0.19971292 0.09730051 0.14056606
v -0.19522295 0.09684867 0.14308285
v -0.19016120 0.09942964 0.13800504
v -0.18331838 0.10075911 0.14306768
v -0.19016120 0.09942964 0.13800504
v -0.19089015 0.09717880 0.14587862
v -0.21684762 0.10638285 0.13448665
v -0.21292347 0.10312496 0.13531462
v -0.21250248 0.10721865 0.12957766
v -0.20424000 0.09852224 0.13839551
v -0.20554574 0.10260676 0.13152707
v -0.20868314 0.10048118 0.13662929
v -0.20554574 0.10260676 0.13152707
v -0.20424000 0.09852224 0.13839551
v -0.19792149 0.09994865 0.13440303
v -0.20424000 0.09852224 0.13839551
v -0.19971292 0.09730051 0.14056606
v -0.19792149 0.09994865 0.13440303
v -0.19089015 0.09717880 0.14587862
v -0.19016120 0.09942964 0.13800504
v -0.19522295 0.09684867 0.14308285
v -0.18683055 0.09828198 0.14887880
v -0.18331838 0.10075911 0.14306768
v -0.19089015 0.09717880 0.14587862
v -0.21317348 0.11159036 0.12353515
v -0.21250248 0.10721865 0.12957766
v -0.20917395 0.10790981 0.12443924
v -0.20554574 0.10260676 0.13152707
v -0.19986317 0.10276069 0.12716029
v -0.20469626 0.10493943 0.12565876
v -0.20554574 0.10260676 0.13152707
v -0.19792149 0.09994865 0.13440303
v -0.19986317 0.10276069 0.12716029
v -0.19986317 0.10276069 0.12716029
v -0.19792149 0.09994865 0.13440303
v -0.19480724 0.10143331 0.12890263
v -0.23245267 0.11332783 0.13801604
v -0.22607014 0.11225913 0.13671452
v -0.23191462 0.12110233 0.12989823
v -0.22607014 0.11225913 0.13671452
v -0.22596109 0.11949542 0.12928293
v -0.23191462 0.12110233 0.12989823
v -0.22607014 0.11225913 0.13671452
v -0.22035070 0.11016779 0.13416757
v -0.22596109 0.11949542 0.12928293
v -0.22035070 0.11016779 0.13416757
v -0.22058340 0.11684489 0.12772565
v -0.22596109 0.11949542 0.12928293
v -0.22035070 0.11016779 0.13416757
v -0.21857571 0.11305001 0.12948625
v -0.22058340 0.11684489 0.12772565
v -0.23176368 0.12939893 0.11357026
v -0.22524365 0.12718888 0.11413394
v -0.23210507 0.13100940 0.10626413
v -0.22524365 0.12718888 0.11413394
v -0.22510921 0.12869149 0.10747169
v -0.23210507 0.13100940 0.10626413
v -0.22524365 0.12718888 0.11413394
v -0.21942001 0.12347457 0.11417998
v -0.22510921 0.12869149 0.10747169
v -0.21942001 0.12347457 0.11417998
v -0.21889443 0.12464359 0.10834571
v -0.22510921 0.12869149 0.10747169
v -0.21942001 0.12347457 0.11417998
v -0.21502513 0.11793022 0.11601288
v -0.21889443 0.12464359 0.10834571
v -0.21502513 0.11793022 0.11601288
v -0.21387561 0.11913668 0.10882790
v -0.21889443 0.12464359 0.10834571
v -0.23191462 0.12110233 0.12989823
v -0.22568660 0.12265565 0.12454983
v -0.23173096 0.12456365 0.12472771
v -0.22568660 0.12265565 0.12454983
v -0.22544237 0.12520339 0.11953960
v -0.23173096 0.12456365 0.12472771
v -0.22568660 0.12265565 0.12454983
v -0.22024319 0.11962354 0.12346422
v -0.22544237 0.12520339 0.11953960
v -0.22024319 0.11962354 0.12346422
v -0.21985354 0.12181924 0.11897789
v -0.22544237 0.12520339 0.11953960
v -0.23167375 0.12724441 0.11945436
v -0.22544237 0.12520339 0.11953960
v -0.23176368 0.12939893 0.11357026
v -0.22544237 0.12520339 0.11953960
v -0.22524365 0.12718888 0.11413394
v -0.23176368 0.12939893 0.11357026
v -0.22544237 0.12520339 0.11953960
v -0.21985354 0.12181924 0.11897789
v -0.22524365 0.12718888 0.11413394
v -0.21985354 0.12181924 0.11897789
v -0.21942001 0.12347457 0.11417998
v -0.22524365 0.12718888 0.11413394
v -0.21985354 0.12181924 0.11897789
v -0.21502513 0.11793022 0.11601288
v -0.21942001 0.12347457 0.11417998
v -0.22024319 0.11962354 0.12346422
v -0.22568660 0.12265565 0.12454983
v -0.22058340 0.11684489 0.12772565
v -0.22568660 0.12265565 0.12454983
v -0.22596109 0.11949542 0.12928293
v -0.22058340 0.11684489 0.12772565
v -0.22568660 0.12265565 0.12454983
v -0.23191462 0.12110233 0.12989823
v -0.22596109 0.11949542 0.12928293
v -0.21658521 0.11588016 0.12297131
v -0.22058340 0.11684489 0.12772565
v -0.21857571 0.11305001 0.12948625
v -0.21658521 0.11588016 0.12297131
v -0.22024319 0.11962354 0.12346422
v -0.22058340 0.11684489 0.12772565
v -0.21658521 0.11588016 0.12297131
v -0.21985354 0.12181924 0.11897789
v -0.22024319 0.11962354 0.12346422
v -0.21658521 0.11588016 0.12297131
v -0.21502513 0.11793022 0.11601288
v -0.21985354 0.12181924 0.11897789
v -0.22544237 0.12520339 0.11953960
v -0.23167375 0.12724441 0.11945436
v -0.23173096 0.12456365 0.12472771
v -0.15003433 0.10331451 -0.04064744
v -0.14690192 0.10363848 -0.04258167
v -0.15748436 0.09804887 -0.04677690
v -0.14690192 0.10363848 -0.04258167
v -0.15000255 0.09977034 -0.04759716
v -0.15748436 0.09804887 -0.04677690
v -0.14690192 0.10363848 -0.04258167
v -0.14406156 0.10452300 -0.04477446
v -0.15000255 0.09977034 -0.04759716
v -0.14386110 0.10168366 -0.05935314
v -0.14541976 0.10148831 -0.05099137
v -0.13963170 0.10783481 -0.04962989
v -0.14541976 0.10148831 -0.05099137
v -0.14161025 0.10593788 -0.04715091
v -0.13963170 0.10783481 -0.04962989
v -0.14541976 0.10148831 -0.05099137
v -0.14406156 0.10452300 -0.04477446
v -0.14161025 0.10593788 -0.04715091
v -0.15267970 0.08788320 -0.07447163
v -0.15121861 0.09226851 -0.06474149
v -0.15087560 0.09004801 -0.07709692
v -0.15121861 0.09226851 -0.06474149
v -0.14924590 0.09292407 -0.07306328
v -0.15087560 0.09004801 -0.07709692
v -0.15121861 0.09226851 -0.06474149
v -0.14819672 0.09679521 -0.05890319
v -0.14924590 0.09292407 -0.07306328
v -0.14819672 0.09679521 -0.05890319
v -0.14386110 0.10168366 -0.05935314
v -0.14924590 0.09292407 -0.07306328
v -0.14819672 0.09679521 -0.05890319
v -0.14541976 0.10148831 -0.05099137
v -0.14386110 0.10168366 -0.05935314
v -0.15790908 0.08499758 -0.06966435
v -0.15623095 0.09030024 -0.06113832
v -0.15505352 0.08617866 -0.07196309
v -0.15623095 0.09030024 -0.06113832
v -0.15121861 0.09226851 -0.06474149
v -0.15505352 0.08617866 -0.07196309
v -0.15623095 0.09030024 -0.06113832
v -0.15236254 0.09488189 -0.05574587
v -0.15121861 0.09226851 -0.06474149
v -0.15236254 0.09488189 -0.05574587
v -0.14819672 0.09679521 -0.05890319
v -0.15121861 0.09226851 -0.06474149
v -0.15236254 0.09488189 -0.05574587
v -0.14541976 0.10148831 -0.05099137
v -0.14819672 0.09679521 -0.05890319
v -0.17002791 0.09052314 -0.05860177
v -0.16520573 0.09058741 -0.05743190
v -0.17531398 0.08772869 -0.06386393
v -0.16520573 0.09058741 -0.05743190
v -0.17184846 0.08606400 -0.06409207
v -0.17531398 0.08772869 -0.06386393
v -0.16520573 0.09058741 -0.05743190
v -0.16219076 0.09005515 -0.05836314
v -0.17184846 0.08606400 -0.06409207
v -0.16219076 0.09005515 -0.05836314
v -0.16824180 0.08492704 -0.06482186
v -0.17184846 0.08606400 -0.06409207
v -0.16219076 0.09005515 -0.05836314
v -0.15913981 0.08995063 -0.05961818
v -0.16824180 0.08492704 -0.06482186
v -0.15913981 0.08995063 -0.05961818
v -0.16462779 0.08435994 -0.06602628
v -0.16824180 0.08492704 -0.06482186
v -0.15913981 0.08995063 -0.05961818
v -0.15623095 0.09030024 -0.06113832
v -0.16462779 0.08435994 -0.06602628
v -0.15623095 0.09030024 -0.06113832
v -0.16114043 0.08438376 -0.06766064
v -0.16462779 0.08435994 -0.06602628
v -0.15623095 0.09030024 -0.06113832
v -0.15790908 0.08499758 -0.06966435
v -0.16114043 0.08438376 -0.06766064
v -0.15913981 0.08995063 -0.05961818
v -0.15723881 0.09422901 -0.05314217
v -0.15623095 0.09030024 -0.06113832
v -0.15723881 0.09422901 -0.05314217
v -0.15236254 0.09488189 -0.05574587
v -0.15623095 0.09030024 -0.06113832
v -0.15723881 0.09422901 -0.05314217
v -0.15000255 0.09977034 -0.04759716
v -0.15236254 0.09488189 -0.05574587
v -0.15748436 0.09804887 -0.04677690
v -0.15000255 0.09977034 -0.04759716
v -0.15723881 0.09422901 -0.05314217
v -0.16520573 0.09058741 -0.05743190
v -0.15723881 0.09422901 -0.05314217
v -0.16219076 0.09005515 -0.05836314
v -0.16389833 0.09401109 -0.05266057
v -0.15723881 0.09422901 -0.05314217
v -0.16520573 0.09058741 -0.05743190
v -0.16389833 0.09401109 -0.05266057
v -0.15748436 0.09804887 -0.04677690
v -0.15723881 0.09422901 -0.05314217
v -0.16520573 0.09058741 -0.05743190
v -0.17002791 0.09052314 -0.05860177
v -0.16389833 0.09401109 -0.05266057
v -0.15267970 0.08788320 -0.07447163
v -0.15505352 0.08617866 -0.07196309
v -0.15121861 0.09226851 -0.06474149
v -0.14541976 0.10148831 -0.05099137
v -0.15000255 0.09977034 -0.04759716
v -0.14406156 0.10452300 -0.04477446
v -0.14541976 0.10148831 -0.05099137
v -0.15236254 0.09488189 -0.05574587
v -0.15000255 0.09977034 -0.04759716
v -0.15913981 0.08995063 -0.05961818
v -0.16219076 0.09005515 -0.05836314
v -0.15723881 0.09422901 -0.05314217
v -0.18683055 0.09828198 0.14887880
v -0.19411637 0.09632984 0.14522350
v -0.18842498 0.09706356 0.15099012
v -0.19411637 0.09632984 0.14522350
v -0.19230981 0.09602174 0.14797573
v -0.18842498 0.09706356 0.15099012
v -0.19411637 0.09632984 0.14522350
v -0.19647250 0.09571050 0.14517592
v -0.19230981 0.09602174 0.14797573
v -0.22107690 0.10832410 0.13634870
v -0.21490546 0.10360142 0.13599818
v -0.22035070 0.11016779 0.13416757
v -0.21490546 0.10360142 0.13599818
v -0.21684762 0.10638285 0.13448665
v -0.22035070 0.11016779 0.13416757
v -0.21490546 0.10360142 0.13599818
v -0.21292347 0.10312496 0.13531462
v -0.21684762 0.10638285 0.13448665
v -0.21368805 0.10164754 0.13745635
v -0.20952595 0.09914559 0.13875285
v -0.21490546 0.10360142 0.13599818
v -0.20952595 0.09914559 0.13875285
v -0.20823320 0.09939030 0.13800830
v -0.21490546 0.10360142 0.13599818
v -0.20952595 0.09914559 0.13875285
v -0.20519399 0.09729300 0.14050374
v -0.20823320 0.09939030 0.13800830
v -0.20519399 0.09729300 0.14050374
v -0.20114448 0.09691082 0.14115397
v -0.20823320 0.09939030 0.13800830
v -0.20519399 0.09729300 0.14050374
v -0.20080477 0.09613796 0.14266348
v -0.20114448 0.09691082 0.14115397
v -0.19971292 0.09730051 0.14056606
v -0.20114448 0.09691082 0.14115397
v -0.19522295 0.09684867 0.14308285
v -0.20114448 0.09691082 0.14115397
v -0.19411637 0.09632984 0.14522350
v -0.19522295 0.09684867 0.14308285
v -0.20114448 0.09691082 0.14115397
v -0.20080477 0.09613796 0.14266348
v -0.19411637 0.09632984 0.14522350
v -0.20080477 0.09613796 0.14266348
v -0.19647250 0.09571050 0.14517592
v -0.19411637 0.09632984 0.14522350
v -0.21490546 0.10360142 0.13599818
v -0.20823320 0.09939030 0.13800830
v -0.21292347 0.10312496 0.13531462
v -0.20823320 0.09939030 0.13800830
v -0.20868314 0.10048118 0.13662929
v -0.21292347 0.10312496 0.13531462
v -0.20823320 0.09939030 0.13800830
v -0.20424000 0.09852224 0.13839551
v -0.20868314 0.10048118 0.13662929
v -0.18683055 0.09828198 0.14887880
v -0.19089015 0.09717880 0.14587862
v -0.19411637 0.09632984 0.14522350
v -0.22107690 0.10832410 0.13634870
v -0.21757204 0.10473379 0.13664796
v -0.21490546 0.10360142 0.13599818
v -0.21757204 0.10473379 0.13664796
v -0.21368805 0.10164754 0.13745635
v -0.21490546 0.10360142 0.13599818
v -0.20823320 0.09939030 0.13800830
v -0.20114448 0.09691082 0.14115397
v -0.20424000 0.09852224 0.13839551
v -0.20424000 0.09852224 0.13839551
v -0.20114448 0.09691082 0.14115397
v -0.19971292 0.09730051 0.14056606
v -0.19089015 0.09717880 0.14587862
v -0.19522295 0.09684867 0.14308285
v -0.19411637 0.09632984 0.14522350
v -0.23244943 0.11108654 0.13982581
v -0.22606847 0.11115296 0.13761520
v -0.23245267 0.11332783 0.13801604
v -0.22606847 0.11115296 0.13761520
v -0.22607014 0.11225913 0.13671452
v -0.23245267 0.11332783 0.13801604
v -0.22606847 0.11115296 0.13761520
v -0.22107690 0.10832410 0.13634870
v -0.22607014 0.11225913 0.13671452
v -0.22107690 0.10832410 0.13634870
v -0.22035070 0.11016779 0.13416757
v -0.22607014 0.11225913 0.13671452
v -0.23244943 0.11108654 0.13982581
v -0.22648791 0.11014380 0.13863919
v -0.22606847 0.11115296 0.13761520
v -0.22107690 0.10832410 0.13634870
v -0.22606847 0.11115296 0.13761520
v -0.22648791 0.11014380 0.13863919
v -0.22242465 0.08265962 0.15654112
v -0.22159599 0.09492550 0.14725032
v -0.22883088 0.08526590 0.15607821
v -0.22159599 0.09492550 0.14725032
v -0.22495892 0.09752359 0.14700193
v -0.22883088 0.08526590 0.15607821
v -0.22159599 0.09492550 0.14725032
v -0.21886035 0.09787060 0.14368119
v -0.22495892 0.09752359 0.14700193
v -0.21886035 0.09787060 0.14368119
v -0.22107690 0.10832410 0.13634870
v -0.22495892 0.09752359 0.14700193
v -0.21886035 0.09787060 0.14368119
v -0.21757204 0.10473379 0.13664796
v -0.22107690 0.10832410 0.13634870
v -0.20039427 0.08562487 0.16387174
v -0.21031066 0.07938462 0.16302503
v -0.20580194 0.07908326 0.16846783
v -0.21031066 0.07938462 0.16302503
v -0.20901777 0.07867177 0.16506761
v -0.20580194 0.07908326 0.16846783
v -0.21031066 0.07938462 0.16302503
v -0.21264729 0.07886438 0.16209071
v -0.20901777 0.07867177 0.16506761
v -0.21031066 0.07938462 0.16302503
v -0.21618212 0.08036054 0.15910227
v -0.21264729 0.07886438 0.16209071
v -0.21618212 0.08036054 0.15910227
v -0.21657287 0.07965485 0.15963360
v -0.21264729 0.07886438 0.16209071
v -0.21618212 0.08036054 0.15910227
v -0.22242465 0.08265962 0.15654112
v -0.21657287 0.07965485 0.15963360
v -0.22242465 0.08265962 0.15654112
v -0.22066732 0.08101755 0.15777592
v -0.21657287 0.07965485 0.15963360
v -0.22242465 0.08265962 0.15654112
v -0.22479794 0.08290832 0.15657783
v -0.22066732 0.08101755 0.15777592
v -0.21757204 0.10473379 0.13664796
v -0.21886035 0.09787060 0.14368119
v -0.21368805 0.10164754 0.13745635
v -0.21886035 0.09787060 0.14368119
v -0.21380920 0.09479928 0.14501136
v -0.21368805 0.10164754 0.13745635
v -0.21886035 0.09787060 0.14368119
v -0.22159599 0.09492550 0.14725032
v -0.21380920 0.09479928 0.14501136
v -0.22159599 0.09492550 0.14725032
v -0.21804473 0.09268145 0.14798877
v -0.21380920 0.09479928 0.14501136
v -0.22159599 0.09492550 0.14725032
v -0.22242465 0.08265962 0.15654112
v -0.21804473 0.09268145 0.14798877
v -0.21380920 0.09479928 0.14501136
v -0.20856505 0.09264542 0.14715051
v -0.20952595 0.09914559 0.13875285
v -0.20856505 0.09264542 0.14715051
v -0.20519399 0.09729300 0.14050374
v -0.20952595 0.09914559 0.13875285
v -0.20856505 0.09264542 0.14715051
v -0.20463698 0.09168775 0.14923321
v -0.20519399 0.09729300 0.14050374
v -0.20463698 0.09168775 0.14923321
v -0.20080477 0.09613796 0.14266348
v -0.20519399 0.09729300 0.14050374
v -0.20463698 0.09168775 0.14923321
v -0.20081598 0.09132016 0.15167234
v -0.20080477 0.09613796 0.14266348
v -0.20081598 0.09132016 0.15167234
v -0.19647250 0.09571050 0.14517592
v -0.20080477 0.09613796 0.14266348
v -0.20081598 0.09132016 0.15167234
v -0.19230981 0.09602174 0.14797573
v -0.19647250 0.09571050 0.14517592
v -0.20081598 0.09132016 0.15167234
v -0.20463698 0.09168775 0.14923321
v -0.20348226 0.08830105 0.15519024
v -0.20463698 0.09168775 0.14923321
v -0.21067235 0.08950733 0.15080669
v -0.20348226 0.08830105 0.15519024
v -0.20463698 0.09168775 0.14923321
v -0.20856505 0.09264542 0.14715051
v -0.21067235 0.08950733 0.15080669
v -0.22242465 0.08265962 0.15654112
v -0.21618212 0.08036054 0.15910227
v -0.21804473 0.09268145 0.14798877
v -0.21618212 0.08036054 0.15910227
v -0.21067235 0.08950733 0.15080669
v -0.21804473 0.09268145 0.14798877
v -0.21618212 0.08036054 0.15910227
v -0.21031066 0.07938462 0.16302503
v -0.21067235 0.08950733 0.15080669
v -0.21031066 0.07938462 0.16302503
v -0.20348226 0.08830105 0.15519024
v -0.21067235 0.08950733 0.15080669
v -0.21031066 0.07938462 0.16302503
v -0.20039427 0.08562487 0.16387174
v -0.20348226 0.08830105 0.15519024
v -0.20039427 0.08562487 0.16387174
v -0.19385016 0.09237565 0.15738331
v -0.20348226 0.08830105 0.15519024
v -0.22883088 0.08526590 0.15607821
v -0.22479794 0.08290832 0.15657783
v -0.22242465 0.08265962 0.15654112
v -0.21368805 0.10164754 0.13745635
v -0.21380920 0.09479928 0.14501136
v -0.20952595 0.09914559 0.13875285
v -0.20081598 0.09132016 0.15167234
v -0.19385016 0.09237565 0.15738331
v -0.19230981 0.09602174 0.14797573
v -0.18842498 0.09706356 0.15099012
v -0.19230981 0.09602174 0.14797573
v -0.19385016 0.09237565 0.15738331
v -0.21804473 0.09268145 0.14798877
v -0.21067235 0.08950733 0.15080669
v -0.21380920 0.09479928 0.14501136
v -0.21067235 0.08950733 0.15080669
v -0.20856505 0.09264542 0.14715051
v -0.21380920 0.09479928 0.14501136
v -0.19385016 0.09237565 0.15738331
v -0.20081598 0.09132016 0.15167234
v -0.20348226 0.08830105 0.15519024
v -0.23244943 0.08561669 0.15672032
v -0.22883088 0.08526590 0.15607821
v -0.23244943 0.10373303 0.14536486
v -0.22883088 0.08526590 0.15607821
v -0.22648791 0.09790839 0.14753450
v -0.23244943 0.10373303 0.14536486
v -0.22883088 0.08526590 0.15607821
v -0.22495892 0.09752359 0.14700193
v -0.22648791 0.09790839 0.14753450
v -0.22107690 0.10832410 0.13634870
v -0.22648791 0.11014380 0.13863919
v -0.22495892 0.09752359 0.14700193
v -0.22648791 0.11014380 0.13863919
v -0.22648791 0.09790839 0.14753450
v -0.22495892 0.09752359 0.14700193
v -0.22648791 0.11014380 0.13863919
v -0.23244943 0.10373303 0.14536486
v -0.22648791 0.09790839 0.14753450
v -0.23244943 0.11108654 0.13982581
v -0.23244943 0.10373303 0.14536486
v -0.22648791 0.11014380 0.13863919
v -0.20580194 0.07908326 0.16846783
v -0.20901777 0.07867177 0.16506761
v -0.21364506 0.06772852 0.17413084
v -0.20901777 0.07867177 0.16506761
v -0.21266717 0.07332793 0.16835538
v -0.21364506 0.06772852 0.17413084
v -0.20901777 0.07867177 0.16506761
v -0.21264729 0.07886438 0.16209071
v -0.21266717 0.07332793 0.16835538
v -0.21264729 0.07886438 0.16209071
v -0.21590019 0.07355301 0.16559755
v -0.21266717 0.07332793 0.16835538
v -0.21264729 0.07886438 0.16209071
v -0.21657287 0.07965485 0.15963360
v -0.21590019 0.07355301 0.16559755
v -0.21657287 0.07965485 0.15963360
v -0.22064177 0.07458442 0.16266740
v -0.21590019 0.07355301 0.16559755
v -0.21657287 0.07965485 0.15963360
v -0.22066732 0.08101755 0.15777592
v -0.22064177 0.07458442 0.16266740
v -0.23244943 0.07229986 0.16329179
v -0.22564903 0.07640010 0.16072760
v -0.22883088 0.08526590 0.15607821
v -0.22564903 0.07640010 0.16072760
v -0.22479794 0.08290832 0.15657783
v -0.22883088 0.08526590 0.15607821
v -0.22564903 0.07640010 0.16072760
v -0.22064177 0.07458442 0.16266740
v -0.22479794 0.08290832 0.15657783
v -0.22064177 0.07458442 0.16266740
v -0.22066732 0.08101755 0.15777592
v -0.22479794 0.08290832 0.15657783
v -0.23244943 0.07229986 0.16329179
v -0.22554881 0.06943192 0.16496923
v -0.22564903 0.07640010 0.16072760
v -0.22554881 0.06943192 0.16496923
v -0.22064177 0.07458442 0.16266740
v -0.22564903 0.07640010 0.16072760
v -0.22554881 0.06943192 0.16496923
v -0.21905583 0.06785347 0.16871183
v -0.22064177 0.07458442 0.16266740
v -0.21905583 0.06785347 0.16871183
v -0.21590019 0.07355301 0.16559755
v -0.22064177 0.07458442 0.16266740
v -0.21905583 0.06785347 0.16871183
v -0.21266717 0.07332793 0.16835538
v -0.21590019 0.07355301 0.16559755
v -0.21364506 0.06772852 0.17413084
v -0.21266717 0.07332793 0.16835538
v -0.21905583 0.06785347 0.16871183
v -0.23244943 0.07229986 0.16329179
v -0.22883088 0.08526590 0.15607821
v -0.23244943 0.08561669 0.15672032
v -0.24481677 0.02944926 0.17728242
v -0.23882817 0.02864538 0.17800849
v -0.24241516 0.04222723 0.17452362
v -0.23882817 0.02864538 0.17800849
v -0.23627544 0.04091399 0.17541067
v -0.24241516 0.04222723 0.17452362
v -0.23882817 0.02864538 0.17800849
v -0.23328547 0.02821717 0.18048477
v -0.23627544 0.04091399 0.17541067
v -0.23328547 0.02821717 0.18048477
v -0.23058659 0.04018693 0.17811553
v -0.23627544 0.04091399 0.17541067
v -0.23328547 0.02821717 0.18048477
v -0.22848904 0.02931775 0.18432156
v -0.23058659 0.04018693 0.17811553
v -0.23612485 0.06335459 0.16742142
v -0.22951271 0.06102313 0.16878236
v -0.23244943 0.07229986 0.16329179
v -0.22951271 0.06102313 0.16878236
v -0.22554881 0.06943192 0.16496923
v -0.23244943 0.07229986 0.16329179
v -0.22951271 0.06102313 0.16878236
v -0.22333400 0.05973020 0.17212302
v -0.22554881 0.06943192 0.16496923
v -0.22333400 0.05973020 0.17212302
v -0.21905583 0.06785347 0.16871183
v -0.22554881 0.06943192 0.16496923
v -0.22333400 0.05973020 0.17212302
v -0.21821684 0.05960724 0.17710377
v -0.21905583 0.06785347 0.16871183
v -0.21821684 0.05960724 0.17710377
v -0.21364506 0.06772852 0.17413084
v -0.21905583 0.06785347 0.16871183
v -0.22951271 0.06102313 0.16878236
v -0.23359482 0.05015948 0.17275771
v -0.22333400 0.05973020 0.17212302
v -0.23359482 0.05015948 0.17275771
v -0.22772491 0.04918854 0.17570635
v -0.22333400 0.05973020 0.17212302
v -0.23359482 0.05015948 0.17275771
v -0.23627544 0.04091399 0.17541067
v -0.22772491 0.04918854 0.17570635
v -0.23627544 0.04091399 0.17541067
v -0.23058659 0.04018693 0.17811553
v -0.22772491 0.04918854 0.17570635
v -0.22415656 0.04558386 0.18113741
v -0.22772491 0.04918854 0.17570635
v -0.23058659 0.04018693 0.17811553
v -0.22415656 0.04558386 0.18113741
v -0.21821684 0.05960724 0.17710377
v -0.22772491 0.04918854 0.17570635
v -0.23359482 0.05015948 0.17275771
v -0.23932679 0.05387649 0.17103123
v -0.24241516 0.04222723 0.17452362
v -0.23359482 0.05015948 0.17275771
v -0.22951271 0.06102313 0.16878236
v -0.23932679 0.05387649 0.17103123
v -0.22848904 0.02931775 0.18432156
v -0.22415656 0.04558386 0.18113741
v -0.23058659 0.04018693 0.17811553
v -0.22869799 0.02820401 0.18448369
v -0.22848904 0.02931775 0.18432156
v -0.23328547 0.02821717 0.18048477
v -0.22951271 0.06102313 0.16878236
v -0.23612485 0.06335459 0.16742142
v -0.23932679 0.05387649 0.17103123
v -0.21821684 0.05960724 0.17710377
v -0.22333400 0.05973020 0.17212302
v -0.22772491 0.04918854 0.17570635
v -0.24241516 0.04222723 0.17452362
v -0.23627544 0.04091399 0.17541067
v -0.23359482 0.05015948 0.17275771
v -0.23041807 -0.01262236 0.18645453
v -0.23463717 -0.01715714 0.18203119
v -0.22869765 -0.02820454 0.18448391
v -0.23463717 -0.01715714 0.18203119
v -0.23328531 -0.02821771 0.18048481
v -0.22869765 -0.02820454 0.18448391
v -0.23463717 -0.01715714 0.18203119
v -0.24019246 -0.01741669 0.17957459
v -0.23328531 -0.02821771 0.18048481
v -0.24019246 -0.01741669 0.17957459
v -0.23882822 -0.02864593 0.17800845
v -0.23328531 -0.02821771 0.18048481
v -0.24019246 -0.01741669 0.17957459
v -0.24659458 -0.01317774 0.17932012
v -0.23882822 -0.02864593 0.17800845
v -0.24659458 -0.01317774 0.17932012
v -0.24481704 -0.02944986 0.17728231
v -0.23882822 -0.02864593 0.17800845
v -0.23041807 -0.01262236 0.18645453
v -0.23083398 0.00114740 0.18694467
v -0.23463717 -0.01715714 0.18203119
v -0.23083398 0.00114740 0.18694467
v -0.23541566 -0.00000159 0.18293456
v -0.23463717 -0.01715714 0.18203119
v -0.23083398 0.00114740 0.18694467
v -0.23025245 0.01490040 0.18625934
v -0.23541566 -0.00000159 0.18293456
v -0.23025245 0.01490040 0.18625934
v -0.23482876 0.01490594 0.18225345
v -0.23541566 -0.00000159 0.18293456
v -0.24641771 0.01555602 0.17912110
v -0.24038855 0.01513143 0.17979836
v -0.24481677 0.02944926 0.17728242
v -0.24038855 0.01513143 0.17979836
v -0.23882817 0.02864538 0.17800849
v -0.24481677 0.02944926 0.17728242
v -0.24038855 0.01513143 0.17979836
v -0.23482876 0.01490594 0.18225345
v -0.23882817 0.02864538 0.17800849
v -0.23482876 0.01490594 0.18225345
v -0.23328547 0.02821717 0.18048477
v -0.23882817 0.02864538 0.17800849
v -0.23482876 0.01490594 0.18225345
v -0.23025245 0.01490040 0.18625934
v -0.23328547 0.02821717 0.18048477
v -0.23025245 0.01490040 0.18625934
v -0.22869799 0.02820401 0.18448369
v -0.23328547 0.02821717 0.18048477
v -0.24038855 0.01513143 0.17979836
v -0.24098954 -0.00000161 0.18048395
v -0.23482876 0.01490594 0.18225345
v -0.24098954 -0.00000161 0.18048395
v -0.23541566 -0.00000159 0.18293456
v -0.23482876 0.01490594 0.18225345
v -0.24098954 -0.00000161 0.18048395
v -0.24019246 -0.01741669 0.17957459
v -0.23541566 -0.00000159 0.18293456
v -0.24019246 -0.01741669 0.17957459
v -0.23463717 -0.01715714 0.18203119
v -0.23541566 -0.00000159 0.18293456
v -0.24098954 -0.00000161 0.18048395
v -0.24703882 0.00119789 0.17981991
v -0.24659458 -0.01317774 0.17932012
v -0.24098954 -0.00000161 0.18048395
v -0.24038855 0.01513143 0.17979836
v -0.24703882 0.00119789 0.17981991
v -0.24019246 -0.01741669 0.17957459
v -0.24098954 -0.00000161 0.18048395
v -0.24659458 -0.01317774 0.17932012
v -0.24038855 0.01513143 0.17979836
v -0.24641771 0.01555602 0.17912110
v -0.24703882 0.00119789 0.17981991
v -0.24330661 -0.03808149 0.17553654
v -0.23722417 -0.03693927 0.17636345
v -0.24481704 -0.02944986 0.17728231
v -0.23722417 -0.03693927 0.17636345
v -0.23882822 -0.02864593 0.17800845
v -0.24481704 -0.02944986 0.17728231
v -0.23722417 -0.03693927 0.17636345
v -0.23159202 -0.03631120 0.17898437
v -0.23882822 -0.02864593 0.17800845
v -0.23159202 -0.03631120 0.17898437
v -0.23328531 -0.02821771 0.18048481
v -0.23882822 -0.02864593 0.17800845
v -0.23159202 -0.03631120 0.17898437
v -0.22460781 -0.04424449 0.18146064
v -0.23328531 -0.02821771 0.18048481
v -0.22460781 -0.04424449 0.18146064
v -0.22869765 -0.02820454 0.18448391
v -0.23328531 -0.02821771 0.18048481
v -0.22929357 -0.06154421 0.16856804
v -0.23359216 -0.05017382 0.17275394
v -0.23592844 -0.06390849 0.16718847
v -0.23359216 -0.05017382 0.17275394
v -0.23898742 -0.05500090 0.17064146
v -0.23592844 -0.06390849 0.16718847
v -0.23359216 -0.05017382 0.17275394
v -0.23722417 -0.03693927 0.17636345
v -0.23898742 -0.05500090 0.17064146
v -0.23722417 -0.03693927 0.17636345
v -0.24330661 -0.03808149 0.17553654
v -0.23898742 -0.05500090 0.17064146
v -0.23244943 -0.07234014 0.16327395
v -0.22553820 -0.06946659 0.16495539
v -0.23592844 -0.06390849 0.16718847
v -0.22553820 -0.06946659 0.16495539
v -0.22929357 -0.06154421 0.16856804
v -0.23592844 -0.06390849 0.16718847
v -0.22553820 -0.06946659 0.16495539
v -0.21903508 -0.06788516 0.16870482
v -0.22929357 -0.06154421 0.16856804
v -0.21903508 -0.06788516 0.16870482
v -0.22309143 -0.06023359 0.17193405
v -0.22929357 -0.06154421 0.16856804
v -0.21903508 -0.06788516 0.16870482
v -0.21642141 -0.06298110 0.17594294
v -0.22309143 -0.06023359 0.17193405
v -0.23722417 -0.03693927 0.17636345
v -0.23359216 -0.05017382 0.17275394
v -0.23159202 -0.03631120 0.17898437
v -0.23359216 -0.05017382 0.17275394
v -0.22771915 -0.04920210 0.17570443
v -0.23159202 -0.03631120 0.17898437
v -0.23359216 -0.05017382 0.17275394
v -0.22929357 -0.06154421 0.16856804
v -0.22771915 -0.04920210 0.17570443
v -0.22929357 -0.06154421 0.16856804
v -0.22309143 -0.06023359 0.17193405
v -0.22771915 -0.04920210 0.17570443
v -0.22460781 -0.04424449 0.18146064
v -0.23159202 -0.03631120 0.17898437
v -0.22771915 -0.04920210 0.17570443
v -0.22173935 -0.05194259 0.17947174
v -0.22771915 -0.04920210 0.17570443
v -0.22309143 -0.06023359 0.17193405
v -0.22173935 -0.05194259 0.17947174
v -0.22460781 -0.04424449 0.18146064
v -0.22771915 -0.04920210 0.17570443
v -0.21642141 -0.06298110 0.17594294
v -0.22173935 -0.05194259 0.17947174
v -0.22309143 -0.06023359 0.17193405
v -0.21361555 -0.06776010 0.17413280
v -0.21642141 -0.06298110 0.17594294
v -0.21903508 -0.06788516 0.16870482
v -0.23244943 -0.07234014 0.16327395
v -0.22887625 -0.08515316 0.15615419
v -0.22553820 -0.06946659 0.16495539
v -0.22887625 -0.08515316 0.15615419
v -0.22278400 -0.08179736 0.15717090
v -0.22553820 -0.06946659 0.16495539
v -0.22887625 -0.08515316 0.15615419
v -0.22585141 -0.09484895 0.14921332
v -0.22278400 -0.08179736 0.15717090
v -0.22585141 -0.09484895 0.14921332
v -0.21985181 -0.08869119 0.15171444
v -0.22278400 -0.08179736 0.15717090
v -0.22585141 -0.09484895 0.14921332
v -0.21810776 -0.09960572 0.14177056
v -0.21985181 -0.08869119 0.15171444
v -0.22034465 -0.11016478 0.13416389
v -0.21684343 -0.10638066 0.13448232
v -0.22191409 -0.10609904 0.13880677
v -0.21684343 -0.10638066 0.13448232
v -0.21810776 -0.09960572 0.14177056
v -0.22191409 -0.10609904 0.13880677
v -0.21684343 -0.10638066 0.13448232
v -0.21292092 -0.10312340 0.13530936
v -0.21810776 -0.09960572 0.14177056
v -0.21292092 -0.10312340 0.13530936
v -0.21295555 -0.09635118 0.14312024
v -0.21810776 -0.09960572 0.14177056
v -0.21292092 -0.10312340 0.13530936
v -0.20868211 -0.10048014 0.13662290
v -0.21295555 -0.09635118 0.14312024
v -0.20868211 -0.10048014 0.13662290
v -0.20424037 -0.09852161 0.13838779
v -0.21295555 -0.09635118 0.14312024
v -0.20424037 -0.09852161 0.13838779
v -0.20756500 -0.09407106 0.14528864
v -0.21295555 -0.09635118 0.14312024
v -0.20424037 -0.09852161 0.13838779
v -0.19971452 -0.09730020 0.14055680
v -0.20756500 -0.09407106 0.14528864
v -0.19971452 -0.09730020 0.14055680
v -0.20354504 -0.09306814 0.14737456
v -0.20756500 -0.09407106 0.14528864
v -0.19971452 -0.09730020 0.14055680
v -0.19522566 -0.09684858 0.14307194
v -0.20354504 -0.09306814 0.14737456
v -0.19522566 -0.09684858 0.14307194
v -0.19961711 -0.09268142 0.14981156
v -0.20354504 -0.09306814 0.14737456
v -0.19522566 -0.09684858 0.14307194
v -0.19089386 -0.09717885 0.14586591
v -0.19961711 -0.09268142 0.14981156
v -0.19089386 -0.09717885 0.14586591
v -0.19580220 -0.09293126 0.15259888
v -0.19961711 -0.09268142 0.14981156
v -0.19089386 -0.09717885 0.14586591
v -0.19128400 -0.09469988 0.15447802
v -0.19580220 -0.09293126 0.15259888
v -0.21985181 -0.08869119 0.15171444
v -0.21294523 -0.08590683 0.15443154
v -0.22278400 -0.08179736 0.15717090
v -0.21294523 -0.08590683 0.15443154
v -0.21662572 -0.07955752 0.15971442
v -0.22278400 -0.08179736 0.15717090
v -0.21294523 -0.08590683 0.15443154
v -0.20631986 -0.08480585 0.15864203
v -0.21662572 -0.07955752 0.15971442
v -0.20631986 -0.08480585 0.15864203
v -0.21084775 -0.07859598 0.16360041
v -0.21662572 -0.07955752 0.15971442
v -0.20631986 -0.08480585 0.15864203
v -0.20586878 -0.07898242 0.16854724
v -0.21084775 -0.07859598 0.16360041
v -0.20631986 -0.08480585 0.15864203
v -0.19912097 -0.08702939 0.16270874
v -0.20586878 -0.07898242 0.16854724
v -0.20631986 -0.08480585 0.15864203
v -0.19580220 -0.09293126 0.15259888
v -0.19912097 -0.08702939 0.16270874
v -0.20631986 -0.08480585 0.15864203
v -0.19961711 -0.09268142 0.14981156
v -0.19580220 -0.09293126 0.15259888
v -0.20631986 -0.08480585 0.15864203
v -0.20354504 -0.09306814 0.14737456
v -0.19961711 -0.09268142 0.14981156
v -0.20631986 -0.08480585 0.15864203
v -0.20756500 -0.09407106 0.14528864
v -0.20354504 -0.09306814 0.14737456
v -0.20631986 -0.08480585 0.15864203
v -0.21294523 -0.08590683 0.15443154
v -0.20756500 -0.09407106 0.14528864
v -0.21361555 -0.06776010 0.17413280
v -0.21903508 -0.06788516 0.16870482
v -0.21084775 -0.07859598 0.16360041
v -0.21361555 -0.06776010 0.17413280
v -0.21084775 -0.07859598 0.16360041
v -0.20586878 -0.07898242 0.16854724
v -0.19128400 -0.09469988 0.15447802
v -0.19912097 -0.08702939 0.16270874
v -0.19580220 -0.09293126 0.15259888
v -0.21810776 -0.09960572 0.14177056
v -0.22585141 -0.09484895 0.14921332
v -0.22191409 -0.10609904 0.13880677
v -0.18683502 -0.09828216 0.14886393
v -0.19128400 -0.09469988 0.15447802
v -0.19089386 -0.09717885 0.14586591
v -0.21662572 -0.07955752 0.15971442
v -0.22553820 -0.06946659 0.16495539
v -0.22278400 -0.08179736 0.15717090
v -0.22553820 -0.06946659 0.16495539
v -0.21662572 -0.07955752 0.15971442
v -0.21903508 -0.06788516 0.16870482
v -0.21662572 -0.07955752 0.15971442
v -0.21084775 -0.07859598 0.16360041
v -0.21903508 -0.06788516 0.16870482
v -0.21810776 -0.09960572 0.14177056
v -0.21295555 -0.09635118 0.14312024
v -0.21985181 -0.08869119 0.15171444
v -0.21295555 -0.09635118 0.14312024
v -0.21294523 -0.08590683 0.15443154
v -0.21985181 -0.08869119 0.15171444
v -0.21295555 -0.09635118 0.14312024
v -0.20756500 -0.09407106 0.14528864
v -0.21294523 -0.08590683 0.15443154
v -0.14321370 0.03590830 -0.08000000
v -0.15159061 0.03277710 -0.08000000
v -0.14013189 0.04466581 -0.07965096
v -0.14013189 0.04466581 -0.07965096
v -0.15159061 0.03277710 -0.08000000
v -0.15074640 0.04021716 -0.07970450
v -0.14013189 0.04466581 -0.07965096
v -0.15074640 0.04021716 -0.07970450
v -0.14968467 0.05055577 -0.07827857
v 0.08471655 -0.10896253 0.07558346
v 0.07875025 -0.11324505 0.07775502
v 0.07991733 -0.11247366 0.07733023
v 0.07498351 -0.11576530 0.07912599
v 0.07991733 -0.11247366 0.07733023
v 0.07875025 -0.11324505 0.07775502
v 0.07875025 -0.11324505 0.07775502
v 0.07259005 -0.11720448 0.07999715
v 0.07498351 -0.11576530 0.07912599
v 0.06992489 -0.11883326 0.08096718
v 0.07498351 -0.11576530 0.07912599
v 0.07259005 -0.11720448 0.07999715
v 0.07259005 -0.11720448 0.07999715
v 0.06625138 -0.12083092 0.08230423
v 0.06992489 -0.11883326 0.08096718
v 0.06992489 -0.11883326 0.08096718
v 0.06625138 -0.12083092 0.08230423
v 0.06420308 -0.12195804 0.08304975
v 0.06420308 -0.12195804 0.08304975
v 0.06625138 -0.12083092 0.08230423
v 0.05975013 -0.12411527 0.08467049
v 0.06420308 -0.12195804 0.08304975
v 0.05975013 -0.12411527 0.08467049
v 0.05835388 -0.12480088 0.08517869
v 0.05835388 -0.12480088 0.08517869
v 0.05975013 -0.12411527 0.08467049
v 0.05310260 -0.12704930 0.08709000
v 0.05835388 -0.12480088 0.08517869
v 0.05310260 -0.12704930 0.08709000
v 0.05239033 -0.12735789 0.08734924
v 0.04632542 -0.12962568 0.08955670
v 0.05239033 -0.12735789 0.08734924
v 0.05310260 -0.12704930 0.08709000
v 0.06337803 -0.12442533 0.01386911
v 0.06299958 -0.12502418 -0.00000000
v 0.06656759 -0.12421598 0.00882433
v 0.06656759 -0.12421598 0.00882433
v 0.06299958 -0.12502418 -0.00000000
v 0.06587689 -0.12452863 -0.00001164
v 0.06656759 -0.12421598 0.00882433
v 0.06587689 -0.12452863 -0.00001164
v 0.06831533 -0.12508839 0.00692122
v 0.06831533 -0.12508839 0.00692122
v 0.06587689 -0.12452863 -0.00001164
v 0.06811646 -0.12539196 -0.00000004
v 0.09417935 -0.10697822 0.00692122
v 0.09453262 -0.10689516 -0.00000004
v 0.09395541 -0.10577389 0.00798603
v 0.09395541 -0.10577389 0.00798603
v 0.09453262 -0.10689516 -0.00000004
v 0.09448734 -0.10449538 -0.00001159
v 0.09395541 -0.10577389 0.00798603
v 0.09448734 -0.10449538 -0.00001159
v 0.09465352 -0.10286650 0.01222492
v 0.09465352 -0.10286650 0.01222492
v 0.09448734 -0.10449538 -0.00001159
v 0.09593715 -0.10196105 -0.00000000
v 0.09465352 -0.10286650 0.01222492
v 0.09593715 -0.10196105 -0.00000000
v 0.09524493 -0.10211189 0.01386911
v 0.00349768 -0.11579160 0.16166798
v 0.01384301 -0.11407495 0.15861002
v 0.00687230 -0.09418048 0.21517102
v 0.01384301 -0.11407495 0.15861002
v 0.01382437 -0.09212711 0.21285060
v 0.00687230 -0.09418048 0.21517102
v 0.01384301 -0.11407495 0.15861002
v 0.02398796 -0.11167488 0.15491758
v 0.01382437 -0.09212711 0.21285060
v 0.02398796 -0.11167488 0.15491758
v 0.02059280 -0.08949688 0.21058724
v 0.01382437 -0.09212711 0.21285060
v 0.02398796 -0.11167488 0.15491758
v 0.03389535 -0.10832997 0.15131158
v 0.02059280 -0.08949688 0.21058724
v 0.03389535 -0.10832997 0.15131158
v 0.02713536 -0.08630866 0.20839497
v 0.02059280 -0.08949688 0.21058724
v 0.03389535 -0.10832997 0.15131158
v 0.04348751 -0.10406628 0.14782032
v 0.02713536 -0.08630866 0.20839497
v 0.04348751 -0.10406628 0.14782032
v 0.03341183 -0.08258475 0.20628747
v 0.02713536 -0.08630866 0.20839497
v 0.04348751 -0.10406628 0.14782032
v 0.04963193 -0.10075148 0.14558393
v 0.03341183 -0.08258475 0.20628747
v 0.04963193 -0.10075148 0.14558393
v 0.03938410 -0.07835057 0.20427799
v 0.03341183 -0.08258475 0.20628747
v 0.04963193 -0.10075148 0.14558393
v 0.05558375 -0.09705919 0.14341765
v 0.03938410 -0.07835057 0.20427799
v 0.02151661 -0.13596110 0.10071472
v 0.04226904 -0.13126338 0.09316145
v 0.02398796 -0.11167488 0.15491758
v 0.04226904 -0.13126338 0.09316145
v 0.03389535 -0.10832997 0.15131158
v 0.02398796 -0.11167488 0.15491758
v 0.04226904 -0.13126338 0.09316145
v 0.04348751 -0.10406628 0.14782032
v 0.03389535 -0.10832997 0.15131158
v 0.04226904 -0.13126338 0.09316145
v 0.06214633 -0.12336811 0.08592671
v 0.04348751 -0.10406628 0.14782032
v 0.06214633 -0.12336811 0.08592671
v 0.04963193 -0.10075148 0.14558393
v 0.04348751 -0.10406628 0.14782032
v 0.06214633 -0.12336811 0.08592671
v 0.05558375 -0.09705919 0.14341765
v 0.04963193 -0.10075148 0.14558393
v 0.05769736 -0.05953478 0.19809403
v 0.05127495 -0.06738712 0.20026580
v 0.07724846 -0.07859001 0.13553232
v 0.05127495 -0.06738712 0.20026580
v 0.06696330 -0.08847895 0.13927582
v 0.07724846 -0.07859001 0.13553232
v 0.05127495 -0.06738712 0.20026580
v 0.04501638 -0.07363436 0.20237930
v 0.06696330 -0.08847895 0.13927582
v 0.04501638 -0.07363436 0.20237930
v 0.06139303 -0.09294888 0.14130323
v 0.06696330 -0.08847895 0.13927582
v 0.04501638 -0.07363436 0.20237930
v 0.03938410 -0.07835057 0.20427799
v 0.06139303 -0.09294888 0.14130323
v 0.03938410 -0.07835057 0.20427799
v 0.05558375 -0.09705919 0.14341765
v 0.06139303 -0.09294888 0.14130323
v 0.06214633 -0.12336811 0.08592671
v 0.08071602 -0.11244711 0.07916789
v 0.05558375 -0.09705919 0.14341765
v 0.08071602 -0.11244711 0.07916789
v 0.06139303 -0.09294888 0.14130323
v 0.05558375 -0.09705919 0.14341765
v 0.08071602 -0.11244711 0.07916789
v 0.06696330 -0.08847895 0.13927582
v 0.06139303 -0.09294888 0.14130323
v 0.09757408 -0.09873793 0.07303206
v 0.07724846 -0.07859001 0.13553232
v 0.06696330 -0.08847895 0.13927582
v 0.09757408 -0.09873793 0.07303206
v 0.06696330 -0.08847895 0.13927582
v 0.08071602 -0.11244711 0.07916789
v 0.00034057 -0.13735908 0.10842217
v 0.02151661 -0.13596110 0.10071472
v 0.01384301 -0.11407495 0.15861002
v 0.00034057 -0.13735908 0.10842217
v 0.01384301 -0.11407495 0.15861002
v 0.00349768 -0.11579160 0.16166798
v 0.02398796 -0.11167488 0.15491758
v 0.01384301 -0.11407495 0.15861002
v 0.02151661 -0.13596110 0.10071472
v -0.25500009 -0.11538462 0.13815353
v -0.28000007 -0.11538462 0.13815353
v -0.25500009 -0.12472719 0.12782305
v -0.25500009 -0.12472719 0.12782305
v -0.28000007 -0.11538462 0.13815353
v -0.28000007 -0.12379984 0.12914526
v -0.25500009 -0.12472719 0.12782305
v -0.28000007 -0.12379984 0.12914526
v -0.25500009 -0.13004918 0.11759972
v -0.25500009 -0.13004918 0.11759972
v -0.28000007 -0.12379984 0.12914526
v -0.28000007 -0.12975527 0.11835186
v -0.25500009 -0.13004918 0.11759972
v -0.28000007 -0.12975527 0.11835186
v -0.25500009 -0.13288890 0.10642940
v -0.25500009 -0.13288890 0.10642940
v -0.28000007 -0.12975527 0.11835186
v -0.28000007 -0.13288890 0.10642940
v -0.28000007 0.13825455 0.05281745
v -0.28000007 0.12875558 0.07297947
v -0.28000007 0.13288890 0.10642940
v -0.28000007 0.12875558 0.07297947
v -0.28000007 0.12975527 0.11835186
v -0.28000007 0.13288890 0.10642940
v -0.28000007 0.12875558 0.07297947
v -0.28000007 0.11633672 0.09148646
v -0.28000007 0.12975527 0.11835186
v -0.28000007 0.11633672 0.09148646
v -0.28000007 0.12379984 0.12914526
v -0.28000007 0.12975527 0.11835186
v -0.28000007 0.11633672 0.09148646
v -0.28000007 0.11538462 0.13815353
v -0.28000007 0.12379984 0.12914526
v -0.28000007 0.11633672 0.09148646
v -0.28000007 0.10127959 0.10791874
v -0.28000007 0.11538462 0.13815353
v -0.28000007 0.10127959 0.10791874
v -0.28000007 0.09510469 0.15282377
v -0.28000007 0.11538462 0.13815353
v -0.28000007 0.10127959 0.10791874
v -0.28000007 0.08392563 0.12190364
v -0.28000007 0.09510469 0.15282377
v -0.28000007 0.08392563 0.12190364
v -0.28000007 0.07298581 0.16453901
v -0.28000007 0.09510469 0.15282377
v -0.28000007 0.08392563 0.12190364
v -0.28000007 0.06466842 0.13312402
v -0.28000007 0.07298581 0.16453901
v -0.28000007 0.06466842 0.13312402
v -0.28000007 0.04394466 0.14132542
v -0.28000007 0.07298581 0.16453901
v -0.28000007 0.04394466 0.14132542
v -0.28000007 0.04945567 0.17307266
v -0.28000007 0.07298581 0.16453901
v -0.28000007 0.04394466 0.14132542
v -0.28000007 0.02222433 0.14632187
v -0.28000007 0.04945567 0.17307266
v -0.28000007 0.02222433 0.14632187
v -0.28000007 0.02496924 0.17825979
v -0.28000007 0.04945567 0.17307266
v -0.28000007 0.02222433 0.14632187
v -0.28000007 -0.00000000 0.14800003
v -0.28000007 0.02496924 0.17825979
v -0.28000007 -0.00000000 0.14800003
v -0.28000007 -0.00000000 0.18000003
v -0.28000007 0.02496924 0.17825979
v -0.28000007 -0.00000000 0.14800003
v -0.28000007 -0.02222433 0.14632187
v -0.28000007 -0.00000000 0.18000003
v -0.28000007 -0.02222433 0.14632187
v -0.28000007 -0.02496924 0.17825979
v -0.28000007 -0.00000000 0.18000003
v -0.28000007 -0.02222433 0.14632187
v -0.28000007 -0.04394466 0.14132542
v -0.28000007 -0.02496924 0.17825979
v -0.28000007 -0.04394466 0.14132542
v -0.28000007 -0.04945567 0.17307266
v -0.28000007 -0.02496924 0.17825979
v -0.28000007 -0.04394466 0.14132542
v -0.28000007 -0.06466842 0.13312402
v -0.28000007 -0.04945567 0.17307266
v -0.28000007 -0.06466842 0.13312402
v -0.28000007 -0.07298581 0.16453901
v -0.28000007 -0.04945567 0.17307266
v -0.28000007 -0.06466842 0.13312402
v -0.28000007 -0.08392563 0.12190364
v -0.28000007 -0.07298581 0.16453901
v -0.28000007 -0.08392563 0.12190364
v -0.28000007 -0.09510469 0.15282377
v -0.28000007 -0.07298581 0.16453901
v -0.28000007 -0.08392563 0.12190364
v -0.28000007 -0.10127959 0.10791874
v -0.28000007 -0.09510469 0.15282377
v -0.28000007 -0.10127959 0.10791874
v -0.28000007 -0.11633672 0.09148646
v -0.28000007 -0.09510469 0.15282377
v -0.28000007 -0.11633672 0.09148646
v -0.28000007 -0.11538462 0.13815353
v -0.28000007 -0.09510469 0.15282377
v -0.28000007 -0.11633672 0.09148646
v -0.28000007 -0.12875558 0.07297947
v -0.28000007 -0.11538462 0.13815353
v -0.28000007 -0.12875558 0.07297947
v -0.28000007 -0.12379984 0.12914526
v -0.28000007 -0.11538462 0.13815353
v -0.28000007 -0.12875558 0.07297947
v -0.28000007 -0.12975527 0.11835186
v -0.28000007 -0.12379984 0.12914526
v -0.28000007 -0.12975527 0.11835186
v -0.28000007 -0.12875558 0.07297947
v -0.28000007 -0.13288890 0.10642940
v -0.28000007 -0.12875558 0.07297947
v -0.28000007 -0.13825455 0.05281745
v -0.28000007 -0.13288890 0.10642940
v -0.28000008 -0.13288890 -0.10642937
v -0.25500011 -0.13288890 -0.10642937
v -0.28000008 -0.13825455 -0.05281742
v -0.28000008 -0.13825455 -0.05281742
v -0.25500011 -0.13288890 -0.10642937
v -0.25500010 -0.13822025 -0.05333332
v -0.28000008 -0.13825455 -0.05281742
v -0.25500010 -0.13822025 -0.05333332
v -0.25500010 -0.14000000 0.00000002
v -0.28700008 -0.13825455 -0.05281742
v -0.28000008 -0.13825455 -0.05281742
v -0.28700008 -0.14000000 0.00000002
v -0.28700008 -0.14000000 0.00000002
v -0.28000008 -0.13825455 -0.05281742
v -0.25500010 -0.14000000 0.00000002
v -0.28700008 -0.14000000 0.00000002
v -0.25500010 -0.14000000 0.00000002
v -0.28000007 -0.13825455 0.05281745
v -0.28000007 -0.13825455 0.05281745
v -0.25500010 -0.14000000 0.00000002
v -0.25500010 -0.13822025 0.05333335
v -0.28000007 -0.13825455 0.05281745
v -0.25500010 -0.13822025 0.05333335
v -0.28000007 -0.13288890 0.10642940
v -0.28000007 -0.13288890 0.10642940
v -0.25500010 -0.13822025 0.05333335
v -0.25500009 -0.13288890 0.10642940
v -0.28700007 -0.13825455 0.05281745
v -0.28700008 -0.14000000 0.00000002
v -0.28000007 -0.13825455 0.05281745
v -0.28700007 -0.13825455 0.05281745
v -0.28000007 -0.13825455 0.05281745
v -0.28700007 -0.12875558 0.07297947
v -0.28700007 -0.12875558 0.07297947
v -0.28000007 -0.13825455 0.05281745
v -0.28000007 -0.12875558 0.07297947
v -0.28700007 -0.12875558 0.07297947
v -0.28000007 -0.12875558 0.07297947
v -0.28700007 -0.11633672 0.09148646
v -0.28700007 -0.11633672 0.09148646
v -0.28000007 -0.12875558 0.07297947
v -0.28000007 -0.11633672 0.09148646
v -0.28700007 -0.11633672 0.09148646
v -0.28000007 -0.11633672 0.09148646
v -0.28700007 -0.10127959 0.10791874
v -0.28700007 -0.10127959 0.10791874
v -0.28000007 -0.11633672 0.09148646
v -0.28000007 -0.10127959 0.10791874
v -0.28700007 -0.10127959 0.10791874
v -0.28000007 -0.10127959 0.10791874
v -0.28700007 -0.08392563 0.12190364
v -0.28700007 -0.08392563 0.12190364
v -0.28000007 -0.10127959 0.10791874
v -0.28000007 -0.08392563 0.12190364
v -0.28700007 -0.08392563 0.12190364
v -0.28000007 -0.08392563 0.12190364
v -0.28700007 -0.06466842 0.13312402
v -0.28700007 -0.06466842 0.13312402
v -0.28000007 -0.08392563 0.12190364
v -0.28000007 -0.06466842 0.13312402
v -0.28700007 -0.06466842 0.13312402
v -0.28000007 -0.06466842 0.13312402
v -0.28700007 -0.04394466 0.14132542
v -0.28700007 -0.04394466 0.14132542
v -0.28000007 -0.06466842 0.13312402
v -0.28000007 -0.04394466 0.14132542
v -0.28700007 -0.04394466 0.14132542
v -0.28000007 -0.04394466 0.14132542
v -0.28700007 -0.02222433 0.14632187
v -0.28700007 -0.02222433 0.14632187
v -0.28000007 -0.04394466 0.14132542
v -0.28000007 -0.02222433 0.14632187
v -0.28700007 -0.02222433 0.14632187
v -0.28000007 -0.02222433 0.14632187
v -0.28700007 0.00000000 0.14800003
v -0.28700007 0.00000000 0.14800003
v -0.28000007 -0.02222433 0.14632187
v -0.28000007 -0.00000000 0.14800003
v -0.28700007 0.00000000 0.14800003
v -0.28000007 -0.00000000 0.14800003
v -0.28700007 0.02222433 0.14632187
v -0.28700007 0.02222433 0.14632187
v -0.28000007 -0.00000000 0.14800003
v -0.28000007 0.02222433 0.14632187
v -0.28700007 0.02222433 0.14632187
v -0.28000007 0.02222433 0.14632187
v -0.28700007 0.04394466 0.14132542
v -0.28700007 0.04394466 0.14132542
v -0.28000007 0.02222433 0.14632187
v -0.28000007 0.04394466 0.14132542
v -0.28700007 0.04394466 0.14132542
v -0.28000007 0.04394466 0.14132542
v -0.28700007 0.06466842 0.13312402
v -0.28700007 0.06466842 0.13312402
v -0.28000007 0.04394466 0.14132542
v -0.28000007 0.06466842 0.13312402
v -0.28700007 0.06466842 0.13312402
v -0.28000007 0.06466842 0.13312402
v -0.28700007 0.08392563 0.12190364
v -0.28700007 0.08392563 0.12190364
v -0.28000007 0.06466842 0.13312402
v -0.28000007 0.08392563 0.12190364
v -0.28700007 0.08392563 0.12190364
v -0.28000007 0.08392563 0.12190364
v -0.28700007 0.10127959 0.10791874
v -0.28700007 0.10127959 0.10791874
v -0.28000007 0.08392563 0.12190364
v -0.28000007 0.10127959 0.10791874
v -0.28700007 0.10127959 0.10791874
v -0.28000007 0.10127959 0.10791874
v -0.28700007 0.11633672 0.09148646
v -0.28700007 0.11633672 0.09148646
v -0.28000007 0.10127959 0.10791874
v -0.28000007 0.11633672 0.09148646
v -0.28700007 0.11633672 0.09148646
v -0.28000007 0.11633672 0.09148646
v -0.28700007 0.12875558 0.07297947
v -0.28700007 0.12875558 0.07297947
v -0.28000007 0.11633672 0.09148646
v -0.28000007 0.12875558 0.07297947
v -0.28700007 0.12875558 0.07297947
v -0.28000007 0.12875558 0.07297947
v -0.28700007 0.13825455 0.05281745
v -0.28700007 0.13825455 0.05281745
v -0.28000007 0.12875558 0.07297947
v -0.28000007 0.13825455 0.05281745
v -0.28700007 0.02650000 0.04589937
v -0.28700007 0.01371741 0.05119409
v -0.28700007 0.02222433 0.14632187
v -0.28700007 0.01371741 0.05119409
v -0.28700007 0.00000000 0.14800003
v -0.28700007 0.02222433 0.14632187
v -0.28700007 0.01371741 0.05119409
v -0.28700007 -0.00000000 0.05300002
v -0.28700007 0.00000000 0.14800003
v -0.28700007 -0.00000000 0.05300002
v -0.28700007 -0.01371741 0.05119409
v -0.28700007 0.00000000 0.14800003
v -0.28700007 -0.01371741 0.05119409
v -0.28700007 -0.02222433 0.14632187
v -0.28700007 0.00000000 0.14800003
v -0.28700007 -0.01371741 0.05119409
v -0.28700007 -0.02650000 0.04589937
v -0.28700007 -0.02222433 0.14632187
v -0.28700007 -0.02650000 0.04589937
v -0.28700007 -0.03747666 0.03747668
v -0.28700007 -0.02222433 0.14632187
v -0.28700007 -0.03747666 0.03747668
v -0.28700007 -0.04394466 0.14132542
v -0.28700007 -0.02222433 0.14632187
v -0.28700007 -0.03747666 0.03747668
v -0.28700008 -0.04589935 0.02650002
v -0.28700007 -0.04394466 0.14132542
v -0.28700008 0.03747666 -0.03747664
v -0.28700008 0.04589935 -0.02649999
v -0.28700009 0.02323424 -0.14616487
v -0.28700008 0.04589935 -0.02649999
v -0.28700009 0.04589231 -0.14070500
v -0.28700009 0.02323424 -0.14616487
v -0.28700008 0.04589935 -0.02649999
v -0.28700008 0.05119407 -0.01371739
v -0.28700009 0.04589231 -0.14070500
v -0.28700008 0.01371741 -0.05119406
v -0.28700008 0.02650000 -0.04589933
v -0.28700009 0.00000000 -0.14799999
v -0.28700008 0.02650000 -0.04589933
v -0.28700009 0.02323424 -0.14616487
v -0.28700009 0.00000000 -0.14799999
v -0.28700008 0.02650000 -0.04589933
v -0.28700008 0.03747666 -0.03747664
v -0.28700009 0.02323424 -0.14616487
v -0.28700008 -0.01371741 -0.05119406
v -0.28700008 0.00000000 -0.05299999
v -0.28700009 -0.02323424 -0.14616487
v -0.28700008 0.00000000 -0.05299999
v -0.28700009 0.00000000 -0.14799999
v -0.28700009 -0.02323424 -0.14616487
v -0.28700008 0.00000000 -0.05299999
v -0.28700008 0.01371741 -0.05119406
v -0.28700009 0.00000000 -0.14799999
v -0.28700008 -0.03747666 -0.03747664
v -0.28700008 -0.02650000 -0.04589933
v -0.28700009 -0.04589231 -0.14070500
v -0.28700008 -0.02650000 -0.04589933
v -0.28700009 -0.02323424 -0.14616487
v -0.28700009 -0.04589231 -0.14070500
v -0.28700008 -0.02650000 -0.04589933
v -0.28700008 -0.01371741 -0.05119406
v -0.28700009 -0.02323424 -0.14616487
v -0.28700009 -0.04589231 -0.14070500
v -0.28700009 -0.06619629 -0.13237089
v -0.28700008 -0.04589935 -0.02649999
v -0.28700009 -0.06619629 -0.13237089
v -0.28700008 -0.05119407 -0.01371739
v -0.28700008 -0.04589935 -0.02649999
v -0.28700009 -0.06619629 -0.13237089
v -0.28700008 -0.05300000 0.00000002
v -0.28700008 -0.05119407 -0.01371739
v -0.28700008 0.05300000 0.00000002
v -0.28700009 0.04589231 -0.14070500
v -0.28700008 0.05119407 -0.01371739
v -0.28700008 0.05300000 0.00000002
v -0.28700009 0.06619629 -0.13237089
v -0.28700009 0.04589231 -0.14070500
v -0.28700008 0.05300000 0.00000002
v -0.28700008 0.08504449 -0.12112570
v -0.28700009 0.06619629 -0.13237089
v -0.28700008 0.05300000 0.00000002
v -0.28700008 0.10202241 -0.10721673
v -0.28700008 0.08504449 -0.12112570
v -0.28700008 0.05300000 0.00000002
v -0.28700008 0.11675667 -0.09094987
v -0.28700008 0.10202241 -0.10721673
v -0.28700008 0.05300000 0.00000002
v -0.28700008 0.12892324 -0.07268286
v -0.28700008 0.11675667 -0.09094987
v -0.28700008 0.05300000 0.00000002
v -0.28700008 0.13825455 -0.05281742
v -0.28700008 0.12892324 -0.07268286
v -0.28700008 0.05300000 0.00000002
v -0.28700008 0.14000000 0.00000002
v -0.28700008 0.13825455 -0.05281742
v -0.28700008 0.05300000 0.00000002
v -0.28700007 0.13825455 0.05281745
v -0.28700008 0.14000000 0.00000002
v -0.28700008 0.05300000 0.00000002
v -0.28700007 0.12875558 0.07297947
v -0.28700007 0.13825455 0.05281745
v -0.28700008 0.05300000 0.00000002
v -0.28700007 0.11633672 0.09148646
v -0.28700007 0.12875558 0.07297947
v -0.28700008 0.05300000 0.00000002
v -0.28700007 0.10127959 0.10791874
v -0.28700007 0.11633672 0.09148646
v -0.28700008 0.05300000 0.00000002
v -0.28700007 0.08392563 0.12190364
v -0.28700007 0.10127959 0.10791874
v -0.28700008 0.05300000 0.00000002
v -0.28700007 0.06466842 0.13312402
v -0.28700007 0.08392563 0.12190364
v -0.28700007 0.04394466 0.14132542
v -0.28700007 0.03747666 0.03747668
v -0.28700007 0.02222433 0.14632187
v -0.28700007 0.04394466 0.14132542
v -0.28700008 0.04589935 0.02650002
v -0.28700007 0.03747666 0.03747668
v -0.28700007 0.04394466 0.14132542
v -0.28700008 0.05119407 0.01371743
v -0.28700008 0.04589935 0.02650002
v -0.28700007 0.04394466 0.14132542
v -0.28700008 0.05300000 0.00000002
v -0.28700008 0.05119407 0.01371743
v -0.28700007 0.04394466 0.14132542
v -0.28700007 0.06466842 0.13312402
v -0.28700008 0.05300000 0.00000002
v -0.28700008 -0.14000000 0.00000002
v -0.28700008 -0.12892324 -0.07268286
v -0.28700008 -0.13825455 -0.05281742
v -0.28700008 -0.14000000 0.00000002
v -0.28700008 -0.11675667 -0.09094987
v -0.28700008 -0.12892324 -0.07268286
v -0.28700008 -0.14000000 0.00000002
v -0.28700008 -0.10202241 -0.10721673
v -0.28700008 -0.11675667 -0.09094987
v -0.28700008 -0.14000000 0.00000002
v -0.28700008 -0.08504449 -0.12112570
v -0.28700008 -0.10202241 -0.10721673
v -0.28700008 -0.14000000 0.00000002
v -0.28700009 -0.06619629 -0.13237089
v -0.28700008 -0.08504449 -0.12112570
v -0.28700008 -0.14000000 0.00000002
v -0.28700008 -0.05300000 0.00000002
v -0.28700009 -0.06619629 -0.13237089
v -0.28700008 -0.14000000 0.00000002
v -0.28700007 -0.06466842 0.13312402
v -0.28700008 -0.05300000 0.00000002
v -0.28700008 -0.14000000 0.00000002
v -0.28700007 -0.08392563 0.12190364
v -0.28700007 -0.06466842 0.13312402
v -0.28700008 -0.14000000 0.00000002
v -0.28700007 -0.10127959 0.10791874
v -0.28700007 -0.08392563 0.12190364
v -0.28700008 -0.14000000 0.00000002
v -0.28700007 -0.11633672 0.09148646
v -0.28700007 -0.10127959 0.10791874
v -0.28700008 -0.14000000 0.00000002
v -0.28700007 -0.12875558 0.07297947
v -0.28700007 -0.11633672 0.09148646
v -0.28700008 -0.14000000 0.00000002
v -0.28700007 -0.13825455 0.05281745
v -0.28700007 -0.12875558 0.07297947
v -0.28700007 -0.06466842 0.13312402
v -0.28700008 -0.05119407 0.01371743
v -0.28700008 -0.05300000 0.00000002
v -0.28700007 -0.06466842 0.13312402
v -0.28700008 -0.04589935 0.02650002
v -0.28700008 -0.05119407 0.01371743
v -0.28700007 -0.06466842 0.13312402
v -0.28700007 -0.04394466 0.14132542
v -0.28700008 -0.04589935 0.02650002
v -0.28700007 0.02222433 0.14632187
v -0.28700007 0.03747666 0.03747668
v -0.28700007 0.02650000 0.04589937
v -0.28700009 -0.04589231 -0.14070500
v -0.28700008 -0.04589935 -0.02649999
v -0.28700008 -0.03747666 -0.03747664
v -0.28700009 -0.04589231 -0.14070500
v -0.28000009 -0.04589231 -0.14070500
v -0.28700009 -0.06619629 -0.13237089
v -0.28700009 -0.06619629 -0.13237089
v -0.28000009 -0.04589231 -0.14070500
v -0.28000009 -0.06619629 -0.13237090
v -0.28700009 -0.06619629 -0.13237089
v -0.28000009 -0.06619629 -0.13237090
v -0.28700008 -0.08504449 -0.12112570
v -0.28700008 -0.08504449 -0.12112570
v -0.28000009 -0.06619629 -0.13237090
v -0.28000008 -0.08504449 -0.12112570
v -0.28700008 -0.08504449 -0.12112570
v -0.28000008 -0.08504449 -0.12112570
v -0.28700008 -0.10202241 -0.10721673
v -0.28700008 -0.10202241 -0.10721673
v -0.28000008 -0.08504449 -0.12112570
v -0.28000008 -0.10202241 -0.10721673
v -0.28700008 -0.10202241 -0.10721673
v -0.28000008 -0.10202241 -0.10721673
v -0.28700008 -0.11675667 -0.09094987
v -0.28700008 -0.11675667 -0.09094987
v -0.28000008 -0.10202241 -0.10721673
v -0.28000008 -0.11675667 -0.09094987
v -0.28700008 -0.11675667 -0.09094987
v -0.28000008 -0.11675667 -0.09094987
v -0.28700008 -0.12892324 -0.07268286
v -0.28700008 -0.12892324 -0.07268286
v -0.28000008 -0.11675667 -0.09094987
v -0.28000008 -0.12892324 -0.07268286
v -0.28700008 -0.12892324 -0.07268286
v -0.28000008 -0.12892324 -0.07268286
v -0.28700008 -0.13825455 -0.05281742
v -0.28700008 -0.13825455 -0.05281742
v -0.28000008 -0.12892324 -0.07268286
v -0.28000008 -0.13825455 -0.05281742
v -0.28000009 -0.05882747 -0.16162714
v -0.28000009 -0.07585765 -0.16323485
v -0.28000009 -0.06619629 -0.13237090
v -0.28000009 -0.07585765 -0.16323485
v -0.28000008 -0.08504449 -0.12112570
v -0.28000009 -0.06619629 -0.13237090
v -0.28000009 -0.07585765 -0.16323485
v -0.28000009 -0.09643999 -0.15198464
v -0.28000008 -0.08504449 -0.12112570
v -0.28000009 -0.09643999 -0.15198464
v -0.28000008 -0.10202241 -0.10721673
v -0.28000008 -0.08504449 -0.12112570
v -0.28000009 -0.09643999 -0.15198464
v -0.28000009 -0.11538462 -0.13815350
v -0.28000008 -0.10202241 -0.10721673
v -0.28000009 -0.11538462 -0.13815350
v -0.28000008 -0.11675667 -0.09094987
v -0.28000008 -0.10202241 -0.10721673
v -0.28000009 -0.11538462 -0.13815350
v -0.28000009 -0.12379984 -0.12914523
v -0.28000008 -0.11675667 -0.09094987
v -0.28000009 -0.12379984 -0.12914523
v -0.28000008 -0.12892324 -0.07268286
v -0.28000008 -0.11675667 -0.09094987
v -0.28000009 -0.12379984 -0.12914523
v -0.28000008 -0.12975527 -0.11835182
v -0.28000008 -0.12892324 -0.07268286
v -0.28000008 -0.13825455 -0.05281742
v -0.28000008 -0.12892324 -0.07268286
v -0.28000008 -0.13288890 -0.10642937
v -0.28000008 -0.12892324 -0.07268286
v -0.28000008 -0.12975527 -0.11835182
v -0.28000008 -0.13288890 -0.10642937
v -0.28000009 -0.05232909 -0.14377297
v -0.28000009 -0.05882747 -0.16162714
v -0.28000009 -0.06619629 -0.13237090
v -0.28000009 -0.05232909 -0.14377297
v -0.28000009 -0.06619629 -0.13237090
v -0.28000009 -0.04589231 -0.14070500
v -0.28000009 -0.05882747 -0.16162714
v -0.28000009 -0.05398714 -0.17171311
v -0.28000009 -0.07585765 -0.16323485
v -0.25500011 -0.13288890 -0.10642937
v -0.28000008 -0.13288890 -0.10642937
v -0.25500011 -0.12913118 -0.11984137
v -0.25500011 -0.12913118 -0.11984137
v -0.28000008 -0.13288890 -0.10642937
v -0.28000008 -0.12975527 -0.11835182
v -0.25500011 -0.12913118 -0.11984137
v -0.28000008 -0.12975527 -0.11835182
v -0.25500011 -0.12332027 -0.12979493
v -0.25500011 -0.12332027 -0.12979493
v -0.28000008 -0.12975527 -0.11835182
v -0.28000009 -0.12379984 -0.12914523
v -0.25500011 -0.12332027 -0.12979493
v -0.28000009 -0.12379984 -0.12914523
v -0.25500011 -0.11538462 -0.13815350
v -0.25500011 -0.11538462 -0.13815350
v -0.28000009 -0.12379984 -0.12914523
v -0.28000009 -0.11538462 -0.13815350
v -0.30500009 -0.05232909 -0.14377297
v -0.28000009 -0.05232909 -0.14377297
v -0.30500009 -0.04589231 -0.14070499
v -0.28000009 -0.05232909 -0.14377297
v -0.28700009 -0.04589231 -0.14070500
v -0.30500009 -0.04589231 -0.14070499
v -0.28000009 -0.05232909 -0.14377297
v -0.28000009 -0.04589231 -0.14070500
v -0.28700009 -0.04589231 -0.14070500
v -0.28000009 -0.05232909 -0.14377297
v -0.30500009 -0.05232909 -0.14377297
v -0.28000009 -0.05882747 -0.16162714
v -0.30500009 -0.05232909 -0.14377297
v -0.30500009 -0.05882747 -0.16162714
v -0.28000009 -0.05882747 -0.16162714
v -0.30500009 -0.01164571 -0.14754111
v -0.30500010 -0.02056330 -0.17670923
v -0.30500009 -0.02897134 -0.14513670
v -0.30500010 -0.02056330 -0.17670923
v -0.30500010 -0.03267436 -0.17700957
v -0.30500009 -0.02897134 -0.14513670
v -0.30500010 -0.02056330 -0.17670923
v -0.30500010 -0.01087521 -0.17967118
v -0.30500010 -0.03267436 -0.17700957
v -0.30500010 -0.05398714 -0.17171311
v -0.30500009 -0.02897134 -0.14513670
v -0.30500010 -0.03267436 -0.17700957
v -0.30500010 -0.05398714 -0.17171311
v -0.30500009 -0.04589231 -0.14070499
v -0.30500009 -0.02897134 -0.14513670
v -0.30500010 -0.05398714 -0.17171311
v -0.30500009 -0.05232909 -0.14377297
v -0.30500009 -0.04589231 -0.14070499
v -0.30500010 -0.05398714 -0.17171311
v -0.30500009 -0.05882747 -0.16162714
v -0.30500009 -0.05232909 -0.14377297
v -0.32600009 -0.01087521 -0.17967117
v -0.30500010 -0.01087521 -0.17967118
v -0.32600009 -0.01100025 -0.17963295
v -0.30500010 -0.01087521 -0.17967118
v -0.30600011 -0.01100025 -0.17963295
v -0.32600009 -0.01100025 -0.17963295
v -0.30500010 -0.01087521 -0.17967118
v -0.30500010 -0.02056330 -0.17670923
v -0.30600011 -0.01100025 -0.17963295
v -0.30500010 -0.02056330 -0.17670923
v -0.30600011 -0.02056330 -0.17670923
v -0.30600011 -0.01100025 -0.17963295
v -0.30500010 -0.02056330 -0.17670923
v -0.30500009 -0.01164571 -0.14754111
v -0.30600011 -0.02056330 -0.17670923
v -0.30500009 -0.01164571 -0.14754111
v -0.30600011 -0.01237689 -0.14993269
v -0.30600011 -0.02056330 -0.17670923
v -0.30500009 -0.01164571 -0.14754111
v -0.32600009 -0.01164571 -0.14754111
v -0.30600011 -0.01237689 -0.14993269
v -0.32600009 -0.01164571 -0.14754111
v -0.32600009 -0.01237689 -0.14993269
v -0.30600011 -0.01237689 -0.14993269
v -0.32600009 0.03578498 -0.17519257
v -0.32600009 0.01187736 -0.18250186
v -0.32600009 0.02672146 -0.14554711
v -0.32600009 0.01187736 -0.18250186
v -0.32600009 0.01237689 -0.14993269
v -0.32600009 0.02672146 -0.14554711
v -0.32600009 0.01187736 -0.18250186
v -0.32600009 0.01164571 -0.14754111
v -0.32600009 0.01237689 -0.14993269
v -0.32600009 -0.02672146 -0.14554711
v -0.32600009 -0.01237689 -0.14993269
v -0.32600009 -0.03578498 -0.17519257
v -0.32600009 -0.01237689 -0.14993269
v -0.32600009 -0.01187736 -0.18250186
v -0.32600009 -0.03578498 -0.17519257
v -0.32600009 -0.01164571 -0.14754111
v -0.32600009 -0.01187736 -0.18250186
v -0.32600009 -0.01237689 -0.14993269
v -0.32600009 -0.01164571 -0.14754111
v -0.32600009 -0.01100025 -0.17963295
v -0.32600009 -0.01187736 -0.18250186
v -0.32600009 -0.01164571 -0.14754111
v -0.32600009 -0.01087521 -0.17967117
v -0.32600009 -0.01100025 -0.17963295
v -0.32600009 -0.01164571 -0.14754111
v -0.32600009 0.01087521 -0.17967117
v -0.32600009 -0.01087521 -0.17967117
v -0.32600009 -0.01164571 -0.14754111
v -0.32600009 0.01164571 -0.14754111
v -0.32600009 0.01087521 -0.17967117
v -0.32600009 0.01100025 -0.17963295
v -0.32600009 0.01087521 -0.17967117
v -0.32600009 0.01164571 -0.14754111
v -0.32600009 0.01100025 -0.17963295
v -0.32600009 0.01164571 -0.14754111
v -0.32600009 0.01187736 -0.18250186
v -0.32600009 -0.02672146 -0.14554711
v -0.30600011 -0.02672146 -0.14554711
v -0.32600009 -0.01237689 -0.14993269
v -0.30600011 -0.02672146 -0.14554711
v -0.30600011 -0.01237689 -0.14993269
v -0.32600009 -0.01237689 -0.14993269
v -0.32600009 0.01087521 -0.17967117
v -0.32600009 0.01100025 -0.17963295
v -0.30500010 0.01087521 -0.17967118
v -0.30500010 0.01087521 -0.17967118
v -0.32600009 0.01100025 -0.17963295
v -0.30600011 0.01100025 -0.17963295
v -0.30500010 0.01087521 -0.17967118
v -0.30600011 0.01100025 -0.17963295
v -0.30500010 0.02056330 -0.17670923
v -0.30500010 0.02056330 -0.17670923
v -0.30600011 0.01100025 -0.17963295
v -0.30600011 0.02056330 -0.17670923
v -0.30600011 0.01100025 -0.17963295
v -0.32600009 0.01100025 -0.17963295
v -0.30600011 0.01187736 -0.18250186
v -0.32600009 0.01100025 -0.17963295
v -0.32600009 0.01187736 -0.18250186
v -0.30600011 0.01187736 -0.18250186
v -0.32600009 0.01187736 -0.18250186
v -0.32600009 0.03578498 -0.17519257
v -0.30600011 0.01187736 -0.18250186
v -0.32600009 0.03578498 -0.17519257
v -0.30600011 0.03578498 -0.17519257
v -0.30600011 0.01187736 -0.18250186
v -0.32600009 0.03578498 -0.17519257
v -0.32600009 0.02672146 -0.14554711
v -0.30600011 0.03578498 -0.17519257
v -0.32600009 0.02672146 -0.14554711
v -0.30600011 0.02672146 -0.14554711
v -0.30600011 0.03578498 -0.17519257
v -0.30600011 0.02672146 -0.14554711
v -0.32600009 0.02672146 -0.14554711
v -0.30600011 0.01237689 -0.14993269
v -0.32600009 0.02672146 -0.14554711
v -0.32600009 0.01237689 -0.14993269
v -0.30600011 0.01237689 -0.14993269
v -0.30600011 0.01187736 -0.18250186
v -0.30600011 0.03578498 -0.17519257
v -0.30600011 0.01100025 -0.17963295
v -0.30600011 0.03578498 -0.17519257
v -0.30600011 0.02056330 -0.17670923
v -0.30600011 0.01100025 -0.17963295
v -0.30600011 0.03578498 -0.17519257
v -0.30600011 0.02672146 -0.14554711
v -0.30600011 0.02056330 -0.17670923
v -0.30600011 0.02672146 -0.14554711
v -0.30600011 0.01237689 -0.14993269
v -0.30600011 0.02056330 -0.17670923
v 0.10934138 -0.09215993 0.00927491
v 0.10849860 -0.09315065 0.00901158
v 0.10771130 -0.09405990 0.00792852
v 0.10934138 -0.09215993 0.00927491
v 0.10771130 -0.09405990 0.00792852
v 0.10747934 -0.09432488 0.00671510
v 0.10934138 -0.09215993 0.00927491
v 0.10747934 -0.09432488 0.00671510
v 0.10741318 -0.09440020 0.00499999
v 0.10934138 -0.09215993 0.00927491
v 0.10741318 -0.09440020 0.00499999
v 0.11713869 -0.08202144 0.00499999
v 0.10934138 -0.09215993 0.00927491
v 0.11713869 -0.08202144 0.00499999
v 0.11713869 -0.08202144 0.00927491
v 0.12544461 -0.06864865 0.00499999
v 0.12539645 -0.06873658 0.00671510
v 0.12522680 -0.06904519 0.00792852
v 0.12544461 -0.06864865 0.00499999
v 0.12522680 -0.06904519 0.00792852
v 0.12464166 -0.07009598 0.00901158
v 0.12544461 -0.06864865 0.00499999
v 0.12464166 -0.07009598 0.00901158
v 0.12399893 -0.07122680 0.00927491
v 0.12544461 -0.06864865 0.00499999
v 0.12399893 -0.07122680 0.00927491
v 0.11713869 -0.08202144 0.00927491
v 0.12544461 -0.06864865 0.00499999
v 0.11713869 -0.08202144 0.00927491
v 0.11713869 -0.08202144 0.00499999
v 0.13532438 -0.08504532 0.00499999
v 0.13330708 -0.07987743 0.00499999
v 0.13474243 -0.09056729 0.00499999
v 0.13330708 -0.07987743 0.00499999
v 0.13209114 -0.09480948 0.00499999
v 0.13474243 -0.09056729 0.00499999
v 0.13330708 -0.07987743 0.00499999
v 0.12544461 -0.06864865 0.00499999
v 0.13209114 -0.09480948 0.00499999
v 0.12544461 -0.06864865 0.00499999
v 0.12791238 -0.09756210 0.00499999
v 0.13209114 -0.09480948 0.00499999
v 0.12544461 -0.06864865 0.00499999
v 0.11713869 -0.08202144 0.00499999
v 0.12791238 -0.09756210 0.00499999
v 0.11713869 -0.08202144 0.00499999
v 0.12240677 -0.09827738 0.00499999
v 0.12791238 -0.09756210 0.00499999
v 0.11713869 -0.08202144 0.00499999
v 0.10741318 -0.09440020 0.00499999
v 0.12240677 -0.09827738 0.00499999
v 0.10741318 -0.09440020 0.00499999
v 0.12065391 -0.09794805 0.00499999
v 0.12240677 -0.09827738 0.00499999
v 0.12539645 -0.06873658 0.00671510
v 0.12508834 -0.06831539 0.00692121
v 0.12522680 -0.06904519 0.00792852
v 0.12522680 -0.06904519 0.00792852
v 0.12508834 -0.06831539 0.00692121
v 0.12490815 -0.06934252 0.00859494
v 0.12522680 -0.06904519 0.00792852
v 0.12490815 -0.06934252 0.00859494
v 0.12464166 -0.07009598 0.00901158
v 0.12464166 -0.07009598 0.00901158
v 0.12490815 -0.06934252 0.00859494
v 0.12374542 -0.07066832 0.00947763
v 0.12464166 -0.07009598 0.00901158
v 0.12374542 -0.07066832 0.00947763
v 0.12399893 -0.07122680 0.00927491
v 0.06831533 -0.12508839 0.00692122
v 0.06873653 -0.12539650 0.00671510
v 0.06934245 -0.12490820 0.00859495
v 0.06934245 -0.12490820 0.00859495
v 0.06873653 -0.12539650 0.00671510
v 0.06904513 -0.12522686 0.00792853
v 0.06934245 -0.12490820 0.00859495
v 0.06904513 -0.12522686 0.00792853
v 0.07066827 -0.12374547 0.00947763
v 0.07066827 -0.12374547 0.00947763
v 0.06904513 -0.12522686 0.00792853
v 0.07009592 -0.12464171 0.00901158
v 0.07066827 -0.12374547 0.00947763
v 0.07009592 -0.12464171 0.00901158
v 0.07122674 -0.12399898 0.00927491
v 0.09432483 -0.10747939 0.00671510
v 0.09417935 -0.10697822 0.00692122
v 0.09405985 -0.10771135 0.00792852
v 0.09405985 -0.10771135 0.00792852
v 0.09417935 -0.10697822 0.00692122
v 0.09365873 -0.10788177 0.00859495
v 0.09405985 -0.10771135 0.00792852
v 0.09365873 -0.10788177 0.00859495
v 0.09315060 -0.10849865 0.00901158
v 0.09315060 -0.10849865 0.00901158
v 0.09365873 -0.10788177 0.00859495
v 0.09211267 -0.10872995 0.00947763
v 0.09315060 -0.10849865 0.00901158
v 0.09211267 -0.10872995 0.00947763
v 0.09215987 -0.10934144 0.00927491
v 0.07122674 -0.12399898 0.00927491
v 0.07009592 -0.12464171 0.00901158
v 0.06904513 -0.12522686 0.00792853
v 0.07122674 -0.12399898 0.00927491
v 0.06904513 -0.12522686 0.00792853
v 0.06873653 -0.12539650 0.00671510
v 0.07122674 -0.12399898 0.00927491
v 0.06873653 -0.12539650 0.00671510
v 0.06864860 -0.12544467 0.00500000
v 0.07122674 -0.12399898 0.00927491
v 0.06864860 -0.12544467 0.00500000
v 0.08202138 -0.11713874 0.00500000
v 0.07122674 -0.12399898 0.00927491
v 0.08202138 -0.11713874 0.00500000
v 0.08202138 -0.11713874 0.00927491
v 0.09440015 -0.10741323 0.00500000
v 0.09432483 -0.10747939 0.00671510
v 0.09405985 -0.10771135 0.00792852
v 0.09440015 -0.10741323 0.00500000
v 0.09405985 -0.10771135 0.00792852
v 0.09315060 -0.10849865 0.00901158
v 0.09440015 -0.10741323 0.00500000
v 0.09315060 -0.10849865 0.00901158
v 0.09215987 -0.10934144 0.00927491
v 0.09440015 -0.10741323 0.00500000
v 0.09215987 -0.10934144 0.00927491
v 0.08202138 -0.11713874 0.00927491
v 0.09440015 -0.10741323 0.00500000
v 0.08202138 -0.11713874 0.00927491
v 0.08202138 -0.11713874 0.00500000
v 0.09794800 -0.12065396 0.00499999
v 0.09440015 -0.10741323 0.00500000
v 0.09807611 -0.12620014 0.00499999
v 0.09440015 -0.10741323 0.00500000
v 0.09564063 -0.13119006 0.00499999
v 0.09807611 -0.12620014 0.00499999
v 0.09440015 -0.10741323 0.00500000
v 0.08202138 -0.11713874 0.00500000
v 0.09564063 -0.13119006 0.00499999
v 0.08202138 -0.11713874 0.00500000
v 0.09169832 -0.13426962 0.00500000
v 0.09564063 -0.13119006 0.00499999
v 0.08202138 -0.11713874 0.00500000
v 0.08141190 -0.13421613 0.00500000
v 0.09169832 -0.13426962 0.00500000
v 0.08141190 -0.13421613 0.00500000
v 0.08683011 -0.13542703 0.00500000
v 0.09169832 -0.13426962 0.00500000
v 0.08141190 -0.13421613 0.00500000
v 0.08202138 -0.11713874 0.00500000
v 0.07987737 -0.13330713 0.00500000
v 0.08202138 -0.11713874 0.00500000
v 0.06864860 -0.12544467 0.00500000
v 0.07987737 -0.13330713 0.00500000
v -0.28000008 0.13288890 -0.10642937
v -0.28000008 0.12975527 -0.11835182
v -0.28000008 0.13825455 -0.05281742
v -0.28000008 0.12975527 -0.11835182
v -0.28000008 0.12892324 -0.07268286
v -0.28000008 0.13825455 -0.05281742
v -0.28000008 0.12975527 -0.11835182
v -0.28000009 0.12379984 -0.12914523
v -0.28000008 0.12892324 -0.07268286
v -0.28000009 0.12379984 -0.12914523
v -0.28000008 0.11675667 -0.09094987
v -0.28000008 0.12892324 -0.07268286
v -0.28000009 0.12379984 -0.12914523
v -0.28000009 0.11538462 -0.13815350
v -0.28000008 0.11675667 -0.09094987
v -0.28000009 0.11538462 -0.13815350
v -0.28000009 0.09643999 -0.15198464
v -0.28000008 0.11675667 -0.09094987
v -0.28000009 0.09643999 -0.15198464
v -0.28000008 0.10202241 -0.10721673
v -0.28000008 0.11675667 -0.09094987
v -0.28000009 0.09643999 -0.15198464
v -0.28000009 0.07585765 -0.16323485
v -0.28000008 0.10202241 -0.10721673
v -0.28000009 0.07585765 -0.16323485
v -0.28000008 0.08504449 -0.12112570
v -0.28000008 0.10202241 -0.10721673
v -0.28000009 0.07585765 -0.16323485
v -0.28000009 0.05882747 -0.16162714
v -0.28000008 0.08504449 -0.12112570
v -0.28000009 0.05882747 -0.16162714
v -0.28000009 0.06619629 -0.13237090
v -0.28000008 0.08504449 -0.12112570
v -0.28000009 0.05882747 -0.16162714
v -0.28000009 0.05232909 -0.14377297
v -0.28000009 0.06619629 -0.13237090
v -0.28000009 0.05232909 -0.14377297
v -0.28000009 0.04589231 -0.14070500
v -0.28000009 0.06619629 -0.13237090
v -0.28000009 0.05398714 -0.17171311
v -0.28000009 0.05882747 -0.16162714
v -0.28000009 0.07585765 -0.16323485
v -0.28000009 0.05232909 -0.14377297
v -0.28000009 0.05882747 -0.16162714
v -0.30500009 0.05232909 -0.14377297
v -0.30500009 0.05232909 -0.14377297
v -0.28000009 0.05882747 -0.16162714
v -0.30500009 0.05882747 -0.16162714
v -0.02428885 -0.01195429 0.25906404
v -0.02584433 -0.00860015 0.25961112
v -0.04629410 -0.02364207 0.26115795
v -0.04629410 -0.02364207 0.26115795
v -0.02584433 -0.00860015 0.25961112
v -0.04937776 -0.01700672 0.26220493
v -0.04629410 -0.02364207 0.26115795
v -0.04937776 -0.01700672 0.26220493
v -0.06861301 -0.03480276 0.25956919
v -0.06861301 -0.03480276 0.25956919
v -0.04937776 -0.01700672 0.26220493
v -0.07315846 -0.02503051 0.26105707
v -0.06861301 -0.03480276 0.25956919
v -0.07315846 -0.02503051 0.26105707
v -0.09074802 -0.04518756 0.25433307
v -0.09074802 -0.04518756 0.25433307
v -0.07315846 -0.02503051 0.26105707
v -0.09508706 -0.03590032 0.25581192
v -0.01653169 0.02102728 0.25622158
v -0.01344378 0.02282247 0.25509767
v -0.03096209 0.04158127 0.25550215
v -0.03096209 0.04158127 0.25550215
v -0.01344378 0.02282247 0.25509767
v -0.02485577 0.04513125 0.25327964
v -0.03096209 0.04158127 0.25550215
v -0.02485577 0.04513125 0.25327964
v -0.04605427 0.06119934 0.25119196
v -0.04605427 0.06119934 0.25119196
v -0.02485577 0.04513125 0.25327964
v -0.03706698 0.06642421 0.24792086
v -0.04605427 0.06119934 0.25119196
v -0.03706698 0.06642421 0.24792086
v -0.05968392 0.07897975 0.24363761
v -0.05968392 0.07897975 0.24363761
v -0.03706698 0.06642421 0.24792086
v -0.04860481 0.08500963 0.23977220
v -0.10128882 0.01209349 0.25790476
v -0.07699059 0.00716336 0.26245185
v -0.09926849 0.02295039 0.25722658
v -0.09926849 0.02295039 0.25722658
v -0.07699059 0.00716336 0.26245185
v -0.07522572 0.01789850 0.26180952
v -0.09926849 0.02295039 0.25722658
v -0.07522572 0.01789850 0.26180952
v -0.09469093 0.03686725 0.25567733
v -0.09469093 0.03686725 0.25567733
v -0.07522572 0.01789850 0.26180952
v -0.07197708 0.02823382 0.26062708
v -0.09469093 0.03686725 0.25567733
v -0.07197708 0.02823382 0.26062708
v -0.06731721 0.03793843 0.25893103
v 0.01501498 0.01515394 0.24473955
v 0.01691734 0.01200462 0.24404934
v 0.03142119 0.02996679 0.23279650
v 0.03142119 0.02996679 0.23279650
v 0.01691734 0.01200462 0.24404934
v 0.03518502 0.02373933 0.23143533
v 0.03142119 0.02996679 0.23279650
v 0.03518502 0.02373933 0.23143533
v 0.04576149 0.04410515 0.21777375
v 0.04576149 0.04410515 0.21777375
v 0.03518502 0.02373933 0.23143533
v 0.05130443 0.03494030 0.21577557
v 0.04576149 0.04410515 0.21777375
v 0.05130443 0.03494030 0.21577557
v 0.06491318 0.04535570 0.19742220
v 0.01268322 0.01795817 0.24558823
v 0.01501498 0.01515394 0.24473955
v 0.02681015 0.03551213 0.23447479
v 0.02681015 0.03551213 0.23447479
v 0.01501498 0.01515394 0.24473955
v 0.03142119 0.02996679 0.23279650
v 0.02681015 0.03551213 0.23447479
v 0.03142119 0.02996679 0.23279650
v 0.03897496 0.05226678 0.22024384
v 0.03897496 0.05226678 0.22024384
v 0.03142119 0.02996679 0.23279650
v 0.04576149 0.04410515 0.21777375
v 0.03897496 0.05226678 0.22024384
v 0.04576149 0.04410515 0.21777375
v 0.05681809 0.05818846 0.20049996
v 0.00998475 0.02036124 0.24657038
v 0.01268322 0.01795817 0.24558823
v 0.02147397 0.04026418 0.23641701
v 0.02147397 0.04026418 0.23641701
v 0.01268322 0.01795817 0.24558823
v 0.02681015 0.03551213 0.23447479
v 0.02147397 0.04026418 0.23641701
v 0.02681015 0.03551213 0.23447479
v 0.03112116 0.05926085 0.22310239
v 0.03112116 0.05926085 0.22310239
v 0.02681015 0.03551213 0.23447479
v 0.03897496 0.05226678 0.22024384
v 0.03112116 0.05926085 0.22310239
v 0.03897496 0.05226678 0.22024384
v 0.04527095 0.07087567 0.20488254
v 0.00697987 0.02230947 0.24766408
v 0.00998475 0.02036124 0.24657038
v 0.01553184 0.04411680 0.23857975
v 0.01553184 0.04411680 0.23857975
v 0.00998475 0.02036124 0.24657038
v 0.02147397 0.04026418 0.23641701
v 0.01553184 0.04411680 0.23857975
v 0.02147397 0.04026418 0.23641701
v 0.02237553 0.06493114 0.22628554
v 0.02237553 0.06493114 0.22628554
v 0.02147397 0.04026418 0.23641701
v 0.03112116 0.05926085 0.22310239
v 0.02237553 0.06493114 0.22628554
v 0.03112116 0.05926085 0.22310239
v 0.03172607 0.08096473 0.21002337
v 0.00373570 0.02375935 0.24884486
v 0.00697987 0.02230947 0.24766408
v 0.00911650 0.04698392 0.24091475
v 0.00911650 0.04698392 0.24091475
v 0.00697987 0.02230947 0.24766408
v 0.01553184 0.04411680 0.23857975
v 0.00911650 0.04698392 0.24091475
v 0.01553184 0.04411680 0.23857975
v 0.01293344 0.06915097 0.22972217
v 0.01293344 0.06915097 0.22972217
v 0.01553184 0.04411680 0.23857975
v 0.02237553 0.06493114 0.22628554
v 0.01293344 0.06915097 0.22972217
v 0.02237553 0.06493114 0.22628554
v 0.02055091 0.08661690 0.21426759
v 0.00032469 0.02467848 0.25008635
v 0.00373570 0.02375935 0.24884486
v 0.00237127 0.04880150 0.24336980
v 0.00237127 0.04880150 0.24336980
v 0.00373570 0.02375935 0.24884486
v 0.00911650 0.04698392 0.24091475
v 0.00237127 0.04880150 0.24336980
v 0.00911650 0.04698392 0.24091475
v 0.00300580 0.07182609 0.23333555
v 0.00300580 0.07182609 0.23333555
v 0.00911650 0.04698392 0.24091475
v 0.01293344 0.06915097 0.22972217
v -0.00317694 0.02504634 0.25136085
v 0.00032469 0.02467848 0.25008635
v -0.00455318 0.04952893 0.24589010
v -0.00455318 0.04952893 0.24589010
v 0.00032469 0.02467848 0.25008635
v 0.00237127 0.04880150 0.24336980
v -0.00455318 0.04952893 0.24589010
v 0.00237127 0.04880150 0.24336980
v -0.00718561 0.07289672 0.23704492
v -0.00718561 0.07289672 0.23704492
v 0.00237127 0.04880150 0.24336980
v 0.00300580 0.07182609 0.23333555
v -0.00718561 0.07289672 0.23704492
v 0.00300580 0.07182609 0.23333555
v -0.00905763 0.09292360 0.22549558
v -0.00669098 0.02485470 0.25263985
v -0.00317694 0.02504634 0.25136085
v -0.01150217 0.04914997 0.24841933
v -0.01150217 0.04914997 0.24841933
v -0.00317694 0.02504634 0.25136085
v -0.00455318 0.04952893 0.24589010
v -0.01150217 0.04914997 0.24841933
v -0.00455318 0.04952893 0.24589010
v -0.01741314 0.07233896 0.24076743
v -0.01741314 0.07233896 0.24076743
v -0.00455318 0.04952893 0.24589010
v -0.00718561 0.07289672 0.23704492
v -0.01013894 0.02410785 0.25389482
v -0.00669098 0.02485470 0.25263985
v -0.01832047 0.04767308 0.25090097
v -0.01832047 0.04767308 0.25090097
v -0.00669098 0.02485470 0.25263985
v -0.01150217 0.04914997 0.24841933
v -0.01832047 0.04767308 0.25090097
v -0.01150217 0.04914997 0.24841933
v -0.02744832 0.07016528 0.24441995
v -0.02744832 0.07016528 0.24441995
v -0.01150217 0.04914997 0.24841933
v -0.01741314 0.07233896 0.24076743
v -0.02744832 0.07016528 0.24441995
v -0.01741314 0.07233896 0.24076743
v -0.02468329 0.09204679 0.23124114
v -0.01344378 0.02282247 0.25509767
v -0.01013894 0.02410785 0.25389482
v -0.02485577 0.04513125 0.25327964
v -0.02485577 0.04513125 0.25327964
v -0.01013894 0.02410785 0.25389482
v -0.01832047 0.04767308 0.25090097
v -0.02485577 0.04513125 0.25327964
v -0.01832047 0.04767308 0.25090097
v -0.03706698 0.06642421 0.24792086
v -0.03706698 0.06642421 0.24792086
v -0.01832047 0.04767308 0.25090097
v -0.02744832 0.07016528 0.24441995
v -0.03706698 0.06642421 0.24792086
v -0.02744832 0.07016528 0.24441995
v -0.03686865 0.08938238 0.23562226
v -0.01933369 0.01876237 0.25724141
v -0.01653169 0.02102728 0.25622158
v -0.03650301 0.03710243 0.25751888
v -0.03650301 0.03710243 0.25751888
v -0.01653169 0.02102728 0.25622158
v -0.03096209 0.04158127 0.25550215
v -0.03650301 0.03710243 0.25751888
v -0.03096209 0.04158127 0.25550215
v -0.05420940 0.05460738 0.25416018
v -0.05420940 0.05460738 0.25416018
v -0.03096209 0.04158127 0.25550215
v -0.04605427 0.06119934 0.25119196
v -0.02178718 0.01607833 0.25813444
v -0.01933369 0.01876237 0.25724141
v -0.04135477 0.03179478 0.25928478
v -0.04135477 0.03179478 0.25928478
v -0.01933369 0.01876237 0.25724141
v -0.03650301 0.03710243 0.25751888
v -0.04135477 0.03179478 0.25928478
v -0.03650301 0.03710243 0.25751888
v -0.06135022 0.04679558 0.25675922
v -0.06135022 0.04679558 0.25675922
v -0.03650301 0.03710243 0.25751888
v -0.05420940 0.05460738 0.25416018
v -0.06135022 0.04679558 0.25675922
v -0.05420940 0.05460738 0.25416018
v -0.07874011 0.06258277 0.25020905
v -0.02383735 0.01303514 0.25888063
v -0.02178718 0.01607833 0.25813444
v -0.04540898 0.02577688 0.26076041
v -0.04540898 0.02577688 0.26076041
v -0.02178718 0.01607833 0.25813444
v -0.04135477 0.03179478 0.25928478
v -0.04540898 0.02577688 0.26076041
v -0.04135477 0.03179478 0.25928478
v -0.06731721 0.03793843 0.25893103
v -0.06731721 0.03793843 0.25893103
v -0.04135477 0.03179478 0.25928478
v -0.06135022 0.04679558 0.25675922
v -0.02543842 0.00970076 0.25946339
v -0.02383735 0.01303514 0.25888063
v -0.04857508 0.01918318 0.26191275
v -0.04857508 0.01918318 0.26191275
v -0.02383735 0.01303514 0.25888063
v -0.04540898 0.02577688 0.26076041
v -0.04857508 0.01918318 0.26191275
v -0.04540898 0.02577688 0.26076041
v -0.07197708 0.02823382 0.26062708
v -0.07197708 0.02823382 0.26062708
v -0.04540898 0.02577688 0.26076041
v -0.06731721 0.03793843 0.25893103
v -0.02655461 0.00614969 0.25986962
v -0.02543842 0.00970076 0.25946339
v -0.05078234 0.01216095 0.26271616
v -0.05078234 0.01216095 0.26271616
v -0.02543842 0.00970076 0.25946339
v -0.04857508 0.01918318 0.26191275
v -0.05078234 0.01216095 0.26271616
v -0.04857508 0.01918318 0.26191275
v -0.07522572 0.01789850 0.26180952
v -0.07522572 0.01789850 0.26180952
v -0.04857508 0.01918318 0.26191275
v -0.07197708 0.02823382 0.26062708
v -0.02716100 0.00246124 0.26009034
v -0.02655461 0.00614969 0.25986962
v -0.05198145 0.00486707 0.26315259
v -0.05198145 0.00486707 0.26315259
v -0.02655461 0.00614969 0.25986962
v -0.05078234 0.01216095 0.26271616
v -0.05198145 0.00486707 0.26315259
v -0.05078234 0.01216095 0.26271616
v -0.07699059 0.00716336 0.26245185
v -0.07699059 0.00716336 0.26245185
v -0.05078234 0.01216095 0.26271616
v -0.07522572 0.01789850 0.26180952
v -0.02724402 -0.00128220 0.26012056
v -0.02716100 0.00246124 0.26009034
v -0.05214564 -0.00253553 0.26321234
v -0.05214564 -0.00253553 0.26321234
v -0.02716100 0.00246124 0.26009034
v -0.05198145 0.00486707 0.26315259
v -0.05214564 -0.00253553 0.26321234
v -0.05198145 0.00486707 0.26315259
v -0.07723224 -0.00373180 0.26253979
v -0.07723224 -0.00373180 0.26253979
v -0.05198145 0.00486707 0.26315259
v -0.07699059 0.00716336 0.26245185
v -0.02680184 -0.00499698 0.25995963
v -0.02724402 -0.00128220 0.26012056
v -0.05127123 -0.00988149 0.26289408
v -0.05127123 -0.00988149 0.26289408
v -0.02724402 -0.00128220 0.26012056
v -0.05214564 -0.00253553 0.26321234
v -0.05127123 -0.00988149 0.26289408
v -0.05214564 -0.00253553 0.26321234
v -0.07594528 -0.01454359 0.26207139
v -0.07594528 -0.01454359 0.26207139
v -0.05214564 -0.00253553 0.26321234
v -0.07723224 -0.00373180 0.26253979
v -0.07594528 -0.01454359 0.26207139
v -0.07723224 -0.00373180 0.26253979
v -0.10028578 -0.01833281 0.25756865
v -0.02584433 -0.00860015 0.25961112
v -0.02680184 -0.00499698 0.25995963
v -0.04937776 -0.01700672 0.26220493
v -0.04937776 -0.01700672 0.26220493
v -0.02680184 -0.00499698 0.25995963
v -0.05127123 -0.00988149 0.26289408
v -0.04937776 -0.01700672 0.26220493
v -0.05127123 -0.00988149 0.26289408
v -0.07315846 -0.02503051 0.26105707
v -0.07315846 -0.02503051 0.26105707
v -0.05127123 -0.00988149 0.26289408
v -0.07594528 -0.01454359 0.26207139
v -0.07315846 -0.02503051 0.26105707
v -0.07594528 -0.01454359 0.26207139
v -0.10028578 -0.01833281 0.25756865
v -0.10205571 0.00000003 0.25816052
v -0.10028578 -0.01833281 0.25756865
v -0.07723224 -0.00373180 0.26253979
v -0.10205571 0.00000003 0.25816052
v -0.07723224 -0.00373180 0.26253979
v -0.07699059 0.00716336 0.26245185
v -0.10205571 0.00000003 0.25816052
v -0.07699059 0.00716336 0.26245185
v -0.10128882 0.01209349 0.25790476
v -0.08810066 0.04982102 0.25342636
v -0.09469093 0.03686725 0.25567733
v -0.06731721 0.03793843 0.25893103
v -0.08810066 0.04982102 0.25342636
v -0.06731721 0.03793843 0.25893103
v -0.06135022 0.04679558 0.25675922
v -0.08810066 0.04982102 0.25342636
v -0.06135022 0.04679558 0.25675922
v -0.07874011 0.06258277 0.25020905
v -0.06750858 0.07335692 0.24634186
v -0.07874011 0.06258277 0.25020905
v -0.05420940 0.05460738 0.25416018
v -0.06750858 0.07335692 0.24634186
v -0.05420940 0.05460738 0.25416018
v -0.04605427 0.06119934 0.25119196
v -0.06750858 0.07335692 0.24634186
v -0.04605427 0.06119934 0.25119196
v -0.05968392 0.07897975 0.24363761
v -0.01230474 0.09296810 0.22670351
v -0.02468329 0.09204679 0.23124114
v -0.01741314 0.07233896 0.24076743
v -0.01230474 0.09296810 0.22670351
v -0.01741314 0.07233896 0.24076743
v -0.00718561 0.07289672 0.23704492
v -0.01230474 0.09296810 0.22670351
v -0.00718561 0.07289672 0.23704492
v -0.00905763 0.09292360 0.22549558
v 0.00760902 0.09078127 0.21918709
v -0.00905763 0.09292360 0.22549558
v 0.00300580 0.07182609 0.23333555
v 0.00760902 0.09078127 0.21918709
v 0.00300580 0.07182609 0.23333555
v 0.01293344 0.06915097 0.22972217
v 0.00760902 0.09078127 0.21918709
v 0.01293344 0.06915097 0.22972217
v 0.02055091 0.08661690 0.21426759
v -0.00308787 -0.00000000 0.25333403
v 0.01691734 0.01200462 0.24404934
v 0.01501498 0.01515394 0.24473955
v -0.00308787 -0.00000000 0.25333403
v 0.01501498 0.01515394 0.24473955
v 0.01268322 0.01795817 0.24558823
v -0.00308787 -0.00000000 0.25333403
v 0.01268322 0.01795817 0.24558823
v 0.00998475 0.02036124 0.24657038
v -0.00308787 -0.00000000 0.25333403
v 0.00998475 0.02036124 0.24657038
v 0.00697987 0.02230947 0.24766408
v -0.00308787 -0.00000000 0.25333403
v 0.00697987 0.02230947 0.24766408
v 0.00373570 0.02375935 0.24884486
v -0.00308787 -0.00000000 0.25333403
v 0.00373570 0.02375935 0.24884486
v 0.00032469 0.02467848 0.25008635
v -0.00308787 -0.00000000 0.25333403
v 0.00032469 0.02467848 0.25008635
v -0.00317694 0.02504634 0.25136085
v -0.00308787 -0.00000000 0.25333403
v -0.00317694 0.02504634 0.25136085
v -0.00669098 0.02485470 0.25263985
v -0.00308787 -0.00000000 0.25333403
v -0.00669098 0.02485470 0.25263985
v -0.01013894 0.02410785 0.25389482
v -0.00308787 -0.00000000 0.25333403
v -0.01013894 0.02410785 0.25389482
v -0.01344378 0.02282247 0.25509767
v -0.00308787 -0.00000000 0.25333403
v -0.01344378 0.02282247 0.25509767
v -0.01653169 0.02102728 0.25622158
v -0.00308787 -0.00000000 0.25333403
v -0.01653169 0.02102728 0.25622158
v -0.01933369 0.01876237 0.25724141
v -0.00308787 -0.00000000 0.25333403
v -0.01933369 0.01876237 0.25724141
v -0.02178718 0.01607833 0.25813444
v -0.00308787 -0.00000000 0.25333403
v -0.02178718 0.01607833 0.25813444
v -0.02383735 0.01303514 0.25888063
v -0.00308787 -0.00000000 0.25333403
v -0.02383735 0.01303514 0.25888063
v -0.02543842 0.00970076 0.25946339
v -0.00308787 -0.00000000 0.25333403
v -0.02543842 0.00970076 0.25946339
v -0.02655461 0.00614969 0.25986962
v -0.00308787 -0.00000000 0.25333403
v -0.02655461 0.00614969 0.25986962
v -0.02716100 0.00246124 0.26009034
v -0.00308787 -0.00000000 0.25333403
v -0.02716100 0.00246124 0.26009034
v -0.02724402 -0.00128220 0.26012056
v -0.00308787 -0.00000000 0.25333403
v -0.02724402 -0.00128220 0.26012056
v -0.02680184 -0.00499698 0.25995963
v -0.00308787 -0.00000000 0.25333403
v -0.02680184 -0.00499698 0.25995963
v -0.02584433 -0.00860015 0.25961112
v -0.00308787 -0.00000000 0.25333403
v -0.02584433 -0.00860015 0.25961112
v -0.02428885 -0.01195429 0.25906404
v 0.06491318 0.04535570 0.19742220
v 0.05681809 0.05818846 0.20049996
v 0.04576149 0.04410515 0.21777375
v 0.05681809 0.05818846 0.20049996
v 0.04527095 0.07087567 0.20488254
v 0.03897496 0.05226678 0.22024384
v 0.03172607 0.08096473 0.21002337
v 0.03112116 0.05926085 0.22310239
v 0.04527095 0.07087567 0.20488254
v 0.02055091 0.08661690 0.21426759
v 0.02237553 0.06493114 0.22628554
v 0.03172607 0.08096473 0.21002337
v -0.03686865 0.08938238 0.23562226
v -0.02744832 0.07016528 0.24441995
v -0.02468329 0.09204679 0.23124114
v -0.09508706 -0.03590032 0.25581192
v -0.07315846 -0.02503051 0.26105707
v -0.10028578 -0.01833281 0.25756865
v -0.03706698 0.06642421 0.24792086
v -0.03686865 0.08938238 0.23562226
v -0.04860481 0.08500963 0.23977220
v -0.29000010 -0.05119407 -0.01371739
v -0.29000010 -0.05119407 0.01371743
v -0.29000010 -0.04589935 -0.02649999
v -0.29000010 -0.04589935 -0.02649999
v -0.29000010 -0.05119407 0.01371743
v -0.29000010 -0.04589935 0.02650002
v -0.29000010 -0.04589935 -0.02649999
v -0.29000010 -0.04589935 0.02650002
v -0.29000010 -0.03747666 -0.03747664
v -0.29000010 -0.03747666 -0.03747664
v -0.29000010 -0.04589935 0.02650002
v -0.29000010 -0.03747666 0.03747668
v -0.29000010 -0.03747666 -0.03747664
v -0.29000010 -0.03747666 0.03747668
v -0.29000010 -0.02650000 -0.04589933
v -0.29000010 -0.02650000 -0.04589933
v -0.29000010 -0.03747666 0.03747668
v -0.29000010 -0.02650000 0.04589937
v -0.29000010 -0.02650000 -0.04589933
v -0.29000010 -0.02650000 0.04589937
v -0.29000010 -0.01371741 -0.05119406
v -0.29000010 -0.01371741 -0.05119406
v -0.29000010 -0.02650000 0.04589937
v -0.29000010 -0.01371741 0.05119409
v -0.29000010 -0.01371741 -0.05119406
v -0.29000010 -0.01371741 0.05119409
v -0.29000010 0.00000000 -0.05299999
v -0.29000010 0.00000000 -0.05299999
v -0.29000010 -0.01371741 0.05119409
v -0.29000010 -0.00000000 0.05300002
v -0.29000010 0.00000000 -0.05299999
v -0.29000010 -0.00000000 0.05300002
v -0.29000010 0.01371741 -0.05119406
v -0.29000010 0.01371741 -0.05119406
v -0.29000010 -0.00000000 0.05300002
v -0.29000010 0.01371741 0.05119409
v -0.29000010 0.01371741 -0.05119406
v -0.29000010 0.01371741 0.05119409
v -0.29000010 0.02650000 -0.04589933
v -0.29000010 0.02650000 -0.04589933
v -0.29000010 0.01371741 0.05119409
v -0.29000010 0.02650000 0.04589937
v -0.29000010 0.02650000 -0.04589933
v -0.29000010 0.02650000 0.04589937
v -0.29000010 0.03747666 -0.03747664
v -0.29000010 0.03747666 -0.03747664
v -0.29000010 0.02650000 0.04589937
v -0.29000010 0.03747666 0.03747668
v -0.29000010 0.03747666 -0.03747664
v -0.29000010 0.03747666 0.03747668
v -0.29000010 0.04589935 -0.02649999
v -0.29000010 0.04589935 -0.02649999
v -0.29000010 0.03747666 0.03747668
v -0.29000010 0.04589935 0.02650002
v -0.29000010 0.04589935 -0.02649999
v -0.29000010 0.04589935 0.02650002
v -0.29000010 0.05119407 -0.01371739
v -0.29000010 0.05119407 -0.01371739
v -0.29000010 0.04589935 0.02650002
v -0.29000010 0.05119407 0.01371743
v -0.29000010 0.05119407 -0.01371739
v -0.29000010 0.05119407 0.01371743
v -0.29000010 0.05300000 0.00000002
v -0.29000010 -0.05119407 0.01371743
v -0.29000010 -0.05119407 -0.01371739
v -0.29000010 -0.05300000 0.00000002
v -0.28000009 0.05882747 -0.16162714
v -0.28000009 0.05398714 -0.17171311
v -0.30500009 0.05882747 -0.16162714
v -0.30500009 0.05882747 -0.16162714
v -0.28000009 0.05398714 -0.17171311
v -0.30500010 0.05398714 -0.17171311
v -0.30500009 0.05232909 -0.14377297
v -0.30500009 0.04589231 -0.14070499
v -0.28000009 0.05232909 -0.14377297
v -0.28000009 0.05232909 -0.14377297
v -0.30500009 0.04589231 -0.14070499
v -0.28700009 0.04589231 -0.14070500
v -0.28000009 0.05232909 -0.14377297
v -0.28700009 0.04589231 -0.14070500
v -0.28000009 0.04589231 -0.14070500
v -0.25500011 0.11538462 -0.13815350
v -0.28000009 0.11538462 -0.13815350
v -0.25500011 0.12472719 -0.12782302
v -0.25500011 0.12472719 -0.12782302
v -0.28000009 0.11538462 -0.13815350
v -0.28000009 0.12379984 -0.12914523
v -0.25500011 0.12472719 -0.12782302
v -0.28000009 0.12379984 -0.12914523
v -0.25500011 0.13004918 -0.11759969
v -0.25500011 0.13004918 -0.11759969
v -0.28000009 0.12379984 -0.12914523
v -0.28000008 0.12975527 -0.11835182
v -0.25500011 0.13004918 -0.11759969
v -0.28000008 0.12975527 -0.11835182
v -0.25500011 0.13288890 -0.10642937
v -0.25500011 0.13288890 -0.10642937
v -0.28000008 0.12975527 -0.11835182
v -0.28000008 0.13288890 -0.10642937
v -0.02253437 -0.01519512 0.25839542
v -0.02428885 -0.01195429 0.25906404
v -0.04283700 -0.03004635 0.25978084
v -0.04283700 -0.03004635 0.25978084
v -0.02428885 -0.01195429 0.25906404
v -0.04629410 -0.02364207 0.26115795
v -0.04283700 -0.03004635 0.25978084
v -0.04629410 -0.02364207 0.26115795
v -0.06353630 -0.04421760 0.25745903
v -0.06353630 -0.04421760 0.25745903
v -0.04629410 -0.02364207 0.26115795
v -0.06861301 -0.03480276 0.25956919
v -0.06353630 -0.04421760 0.25745903
v -0.06861301 -0.03480276 0.25956919
v -0.08810066 -0.04982102 0.25342636
v -0.08810066 -0.04982102 0.25342636
v -0.06861301 -0.03480276 0.25956919
v -0.09074802 -0.04518756 0.25433307
v 0.01975622 -0.00246792 0.24300289
v 0.01914818 -0.00616640 0.24322419
v 0.04078708 -0.00487999 0.22934419
v 0.04078708 -0.00487999 0.22934419
v 0.01914818 -0.00616640 0.24322419
v 0.03958478 -0.01219324 0.22978177
v 0.04078708 -0.00487999 0.22934419
v 0.03958478 -0.01219324 0.22978177
v 0.05952876 -0.00718162 0.21266703
v 0.05952876 -0.00718162 0.21266703
v 0.03958478 -0.01219324 0.22978177
v 0.05775940 -0.01794413 0.21331103
v 0.05952876 -0.00718162 0.21266703
v 0.05775940 -0.01794413 0.21331103
v 0.07529618 -0.01168536 0.19345760
v 0.07529618 -0.01168536 0.19345760
v 0.05775940 -0.01794413 0.21331103
v 0.07339129 -0.02251533 0.19418735
v 0.01691734 0.01200462 0.24404934
v 0.01843597 0.00862352 0.24348342
v 0.03518502 0.02373933 0.23143533
v 0.03518502 0.02373933 0.23143533
v 0.01843597 0.00862352 0.24348342
v 0.03817647 0.01705188 0.23029436
v 0.03518502 0.02373933 0.23143533
v 0.03817647 0.01705188 0.23029436
v 0.05130443 0.03494030 0.21577557
v 0.05130443 0.03494030 0.21577557
v 0.03817647 0.01705188 0.23029436
v 0.05568686 0.02509433 0.21406535
v 0.05130443 0.03494030 0.21577557
v 0.05568686 0.02509433 0.21406535
v 0.06491318 0.04535570 0.19742220
v -0.02019627 -0.01800697 0.25754441
v -0.02253437 -0.01519512 0.25839542
v -0.03821372 -0.03560641 0.25809811
v -0.03821372 -0.03560641 0.25809811
v -0.02253437 -0.01519512 0.25839542
v -0.04283700 -0.03004635 0.25978084
v -0.03821372 -0.03560641 0.25809811
v -0.04283700 -0.03004635 0.25978084
v -0.05673246 -0.05240004 0.25498264
v -0.05673246 -0.05240004 0.25498264
v -0.04283700 -0.03004635 0.25978084
v -0.06353630 -0.04421760 0.25745903
v -0.05673246 -0.05240004 0.25498264
v -0.06353630 -0.04421760 0.25745903
v -0.07879151 -0.06252403 0.25022676
v -0.01749048 -0.02041657 0.25655957
v -0.02019627 -0.01800697 0.25754441
v -0.03286337 -0.04037108 0.25615077
v -0.03286337 -0.04037108 0.25615077
v -0.02019627 -0.01800697 0.25754441
v -0.03821372 -0.03560641 0.25809811
v -0.03286337 -0.04037108 0.25615077
v -0.03821372 -0.03560641 0.25809811
v -0.04885863 -0.05941194 0.25211682
v -0.04885863 -0.05941194 0.25211682
v -0.03821372 -0.03560641 0.25809811
v -0.05673246 -0.05240004 0.25498264
v -0.01447743 -0.02237010 0.25546293
v -0.01749048 -0.02041657 0.25655957
v -0.02690547 -0.04423393 0.25398226
v -0.02690547 -0.04423393 0.25398226
v -0.01749048 -0.02041657 0.25655957
v -0.03286337 -0.04037108 0.25615077
v -0.02690547 -0.04423393 0.25398226
v -0.03286337 -0.04037108 0.25615077
v -0.04009070 -0.06509669 0.24892555
v -0.04009070 -0.06509669 0.24892555
v -0.03286337 -0.04037108 0.25615077
v -0.04885863 -0.05941194 0.25211682
v -0.04009070 -0.06509669 0.24892555
v -0.04885863 -0.05941194 0.25211682
v -0.05710781 -0.08056742 0.24274285
v -0.01122444 -0.02382392 0.25427891
v -0.01447743 -0.02237010 0.25546293
v -0.02047310 -0.04710867 0.25164105
v -0.02047310 -0.04710867 0.25164105
v -0.01447743 -0.02237010 0.25546293
v -0.02690547 -0.04423393 0.25398226
v -0.02047310 -0.04710867 0.25164105
v -0.02690547 -0.04423393 0.25398226
v -0.03062454 -0.06932728 0.24548015
v -0.03062454 -0.06932728 0.24548015
v -0.02690547 -0.04423393 0.25398226
v -0.04009070 -0.06509669 0.24892555
v -0.03062454 -0.06932728 0.24548015
v -0.04009070 -0.06509669 0.24892555
v -0.04588600 -0.08619351 0.23881628
v -0.00780417 -0.02474555 0.25303404
v -0.01122444 -0.02382392 0.25427891
v -0.01370996 -0.04893107 0.24917948
v -0.01370996 -0.04893107 0.24917948
v -0.01122444 -0.02382392 0.25427891
v -0.02047310 -0.04710867 0.25164105
v -0.01370996 -0.04893107 0.24917948
v -0.02047310 -0.04710867 0.25164105
v -0.02067159 -0.07200921 0.24185757
v -0.02067159 -0.07200921 0.24185757
v -0.02047310 -0.04710867 0.25164105
v -0.03062454 -0.06932728 0.24548015
v -0.02067159 -0.07200921 0.24185757
v -0.03062454 -0.06932728 0.24548015
v -0.03401534 -0.09016934 0.23460347
v -0.00429302 -0.02511440 0.25175609
v -0.00780417 -0.02474555 0.25303404
v -0.00676712 -0.04966043 0.24665250
v -0.00676712 -0.04966043 0.24665250
v -0.00780417 -0.02474555 0.25303404
v -0.01370996 -0.04893107 0.24917948
v -0.00676712 -0.04966043 0.24665250
v -0.01370996 -0.04893107 0.24917948
v -0.01045419 -0.07308258 0.23813875
v -0.01045419 -0.07308258 0.23813875
v -0.01370996 -0.04893107 0.24917948
v -0.02067159 -0.07200921 0.24185757
v -0.01045419 -0.07308258 0.23813875
v -0.02067159 -0.07200921 0.24185757
v -0.02177121 -0.09242173 0.23018187
v -0.00076943 -0.02492224 0.25047360
v -0.00429302 -0.02511440 0.25175609
v 0.00020032 -0.04928047 0.24411656
v 0.00020032 -0.04928047 0.24411656
v -0.00429302 -0.02511440 0.25175609
v -0.00676712 -0.04966043 0.24665250
v 0.00020032 -0.04928047 0.24411656
v -0.00676712 -0.04966043 0.24665250
v -0.00020059 -0.07252340 0.23440674
v -0.00020059 -0.07252340 0.23440674
v -0.00676712 -0.04966043 0.24665250
v -0.01045419 -0.07308258 0.23813875
v 0.00268790 -0.02417337 0.24921525
v -0.00076943 -0.02492224 0.25047360
v 0.00703672 -0.04779965 0.24162830
v 0.00703672 -0.04779965 0.24162830
v -0.00076943 -0.02492224 0.25047360
v 0.00020032 -0.04928047 0.24411656
v 0.00703672 -0.04779965 0.24162830
v 0.00020032 -0.04928047 0.24411656
v 0.00986018 -0.07034417 0.23074491
v 0.00986018 -0.07034417 0.23074491
v 0.00020032 -0.04928047 0.24411656
v -0.00020059 -0.07252340 0.23440674
v 0.00986018 -0.07034417 0.23074491
v -0.00020059 -0.07252340 0.23440674
v 0.00449453 -0.09144137 0.22037205
v 0.00600172 -0.02288449 0.24800911
v 0.00268790 -0.02417337 0.24921525
v 0.01358938 -0.04525108 0.23924334
v 0.01358938 -0.04525108 0.23924334
v 0.00268790 -0.02417337 0.24921525
v 0.00703672 -0.04779965 0.24162830
v 0.01358938 -0.04525108 0.23924334
v 0.00703672 -0.04779965 0.24162830
v 0.01950337 -0.06659357 0.22723509
v 0.01950337 -0.06659357 0.22723509
v 0.00703672 -0.04779965 0.24162830
v 0.00986018 -0.07034417 0.23074491
v 0.01950337 -0.06659357 0.22723509
v 0.00986018 -0.07034417 0.23074491
v 0.02073022 -0.08654221 0.21419945
v 0.00909802 -0.02108442 0.24688215
v 0.00600172 -0.02288449 0.24800911
v 0.01971190 -0.04169167 0.23701492
v 0.01971190 -0.04169167 0.23701492
v 0.00600172 -0.02288449 0.24800911
v 0.01358938 -0.04525108 0.23924334
v 0.01971190 -0.04169167 0.23701492
v 0.01358938 -0.04525108 0.23924334
v 0.02851356 -0.06135537 0.22395563
v 0.02851356 -0.06135537 0.22395563
v 0.01358938 -0.04525108 0.23924334
v 0.01950337 -0.06659357 0.22723509
v 0.02851356 -0.06135537 0.22395563
v 0.01950337 -0.06659357 0.22723509
v 0.03308870 -0.08012614 0.20950605
v 0.01190763 -0.01881335 0.24585953
v 0.00909802 -0.02108442 0.24688215
v 0.02526754 -0.03720093 0.23499283
v 0.02526754 -0.03720093 0.23499283
v 0.00909802 -0.02108442 0.24688215
v 0.01971190 -0.04169167 0.23701492
v 0.02526754 -0.03720093 0.23499283
v 0.01971190 -0.04169167 0.23701492
v 0.03668949 -0.05474661 0.22097984
v 0.03668949 -0.05474661 0.22097984
v 0.01971190 -0.04169167 0.23701492
v 0.02851356 -0.06135537 0.22395563
v 0.03668949 -0.05474661 0.22097984
v 0.02851356 -0.06135537 0.22395563
v 0.04437132 -0.07168078 0.20522394
v 0.01436779 -0.01612203 0.24496412
v 0.01190763 -0.01881335 0.24585953
v 0.03013218 -0.03187919 0.23322226
v 0.03013218 -0.03187919 0.23322226
v 0.01190763 -0.01881335 0.24585953
v 0.02526754 -0.03720093 0.23499283
v 0.03013218 -0.03187919 0.23322226
v 0.02526754 -0.03720093 0.23499283
v 0.04384852 -0.04691489 0.21837417
v 0.04384852 -0.04691489 0.21837417
v 0.02526754 -0.03720093 0.23499283
v 0.03668949 -0.05474661 0.22097984
v 0.04384852 -0.04691489 0.21837417
v 0.03668949 -0.05474661 0.22097984
v 0.04437132 -0.07168078 0.20522394
v 0.01642354 -0.01307056 0.24421587
v 0.01436779 -0.01612203 0.24496412
v 0.03419715 -0.02584532 0.23174271
v 0.03419715 -0.02584532 0.23174271
v 0.01436779 -0.01612203 0.24496412
v 0.03013218 -0.03187919 0.23322226
v 0.03419715 -0.02584532 0.23174271
v 0.03013218 -0.03187919 0.23322226
v 0.04983072 -0.03803517 0.21619683
v 0.04983072 -0.03803517 0.21619683
v 0.03013218 -0.03187919 0.23322226
v 0.04384852 -0.04691489 0.21837417
v 0.01802896 -0.00972712 0.24363156
v 0.01642354 -0.01307056 0.24421587
v 0.03737166 -0.01923411 0.23058729
v 0.03737166 -0.01923411 0.23058729
v 0.01642354 -0.01307056 0.24421587
v 0.03419715 -0.02584532 0.23174271
v 0.03737166 -0.01923411 0.23058729
v 0.03419715 -0.02584532 0.23174271
v 0.05450247 -0.02830580 0.21449644
v 0.05450247 -0.02830580 0.21449644
v 0.03419715 -0.02584532 0.23174271
v 0.04983072 -0.03803517 0.21619683
v 0.05450247 -0.02830580 0.21449644
v 0.04983072 -0.03803517 0.21619683
v 0.06429263 -0.04652146 0.19765843
v 0.01914818 -0.00616640 0.24322419
v 0.01802896 -0.00972712 0.24363156
v 0.03958478 -0.01219324 0.22978177
v 0.03958478 -0.01219324 0.22978177
v 0.01802896 -0.00972712 0.24363156
v 0.03737166 -0.01923411 0.23058729
v 0.03958478 -0.01219324 0.22978177
v 0.03737166 -0.01923411 0.23058729
v 0.05775940 -0.01794413 0.21331103
v 0.05775940 -0.01794413 0.21331103
v 0.03737166 -0.01923411 0.23058729
v 0.05450247 -0.02830580 0.21449644
v 0.05775940 -0.01794413 0.21331103
v 0.05450247 -0.02830580 0.21449644
v 0.06962379 -0.03486763 0.19562683
v 0.01983947 0.00128568 0.24297260
v 0.01975622 -0.00246792 0.24300289
v 0.04095170 0.00254226 0.22928427
v 0.04095170 0.00254226 0.22928427
v 0.01975622 -0.00246792 0.24300289
v 0.04078708 -0.00487999 0.22934419
v 0.04095170 0.00254226 0.22928427
v 0.04078708 -0.00487999 0.22934419
v 0.05977103 0.00374131 0.21257884
v 0.05977103 0.00374131 0.21257884
v 0.04078708 -0.00487999 0.22934419
v 0.05952876 -0.00718162 0.21266703
v 0.01939608 0.00501056 0.24313396
v 0.01983947 0.00128568 0.24297260
v 0.04007497 0.00990773 0.22960338
v 0.04007497 0.00990773 0.22960338
v 0.01983947 0.00128568 0.24297260
v 0.04095170 0.00254226 0.22928427
v 0.04007497 0.00990773 0.22960338
v 0.04095170 0.00254226 0.22928427
v 0.05848079 0.01458067 0.21304845
v 0.05848079 0.01458067 0.21304845
v 0.04095170 0.00254226 0.22928427
v 0.05977103 0.00374131 0.21257884
v 0.05848079 0.01458067 0.21304845
v 0.05977103 0.00374131 0.21257884
v 0.07489865 0.01464606 0.19361000
v 0.01843597 0.00862352 0.24348342
v 0.01939608 0.00501056 0.24313396
v 0.03817647 0.01705188 0.23029436
v 0.03817647 0.01705188 0.23029436
v 0.01939608 0.00501056 0.24313396
v 0.04007497 0.00990773 0.22960338
v 0.03817647 0.01705188 0.23029436
v 0.04007497 0.00990773 0.22960338
v 0.05568686 0.02509433 0.21406535
v 0.05568686 0.02509433 0.21406535
v 0.04007497 0.00990773 0.22960338
v 0.05848079 0.01458067 0.21304845
v 0.05568686 0.02509433 0.21406535
v 0.05848079 0.01458067 0.21304845
v 0.07166352 0.02891273 0.19484796
v 0.07598837 0.00000002 0.19319188
v 0.07489865 0.01464606 0.19361000
v 0.05977103 0.00374131 0.21257884
v 0.07598837 0.00000002 0.19319188
v 0.05977103 0.00374131 0.21257884
v 0.05952876 -0.00718162 0.21266703
v 0.07598837 0.00000002 0.19319188
v 0.05952876 -0.00718162 0.21266703
v 0.07529618 -0.01168536 0.19345760
v 0.05681808 -0.05818848 0.20049998
v 0.06429263 -0.04652146 0.19765843
v 0.04983072 -0.03803517 0.21619683
v 0.05681808 -0.05818848 0.20049998
v 0.04983072 -0.03803517 0.21619683
v 0.04384852 -0.04691489 0.21837417
v 0.05681808 -0.05818848 0.20049998
v 0.04384852 -0.04691489 0.21837417
v 0.04437132 -0.07168078 0.20522394
v -0.01230479 -0.09296810 0.22670354
v 0.00449453 -0.09144137 0.22037205
v -0.00020059 -0.07252340 0.23440674
v -0.01230479 -0.09296810 0.22670354
v -0.00020059 -0.07252340 0.23440674
v -0.01045419 -0.07308258 0.23813875
v -0.01230479 -0.09296810 0.22670354
v -0.01045419 -0.07308258 0.23813875
v -0.02177121 -0.09242173 0.23018187
v -0.06750860 -0.07335690 0.24634187
v -0.05710781 -0.08056742 0.24274285
v -0.04885863 -0.05941194 0.25211682
v -0.06750860 -0.07335690 0.24634187
v -0.04885863 -0.05941194 0.25211682
v -0.05673246 -0.05240004 0.25498264
v -0.06750860 -0.07335690 0.24634187
v -0.05673246 -0.05240004 0.25498264
v -0.07879151 -0.06252403 0.25022676
v -0.00308787 -0.00000000 0.25333403
v -0.02428885 -0.01195429 0.25906404
v -0.02253437 -0.01519512 0.25839542
v -0.00308787 -0.00000000 0.25333403
v -0.02253437 -0.01519512 0.25839542
v -0.02019627 -0.01800697 0.25754441
v -0.00308787 -0.00000000 0.25333403
v -0.02019627 -0.01800697 0.25754441
v -0.01749048 -0.02041657 0.25655957
v -0.00308787 -0.00000000 0.25333403
v -0.01749048 -0.02041657 0.25655957
v -0.01447743 -0.02237010 0.25546293
v -0.00308787 -0.00000000 0.25333403
v -0.01447743 -0.02237010 0.25546293
v -0.01122444 -0.02382392 0.25427891
v -0.00308787 -0.00000000 0.25333403
v -0.01122444 -0.02382392 0.25427891
v -0.00780417 -0.02474555 0.25303404
v -0.00308787 -0.00000000 0.25333403
v -0.00780417 -0.02474555 0.25303404
v -0.00429302 -0.02511440 0.25175609
v -0.00308787 -0.00000000 0.25333403
v -0.00429302 -0.02511440 0.25175609
v -0.00076943 -0.02492224 0.25047360
v -0.00308787 -0.00000000 0.25333403
v -0.00076943 -0.02492224 0.25047360
v 0.00268790 -0.02417337 0.24921525
v -0.00308787 -0.00000000 0.25333403
v 0.00268790 -0.02417337 0.24921525
v 0.00600172 -0.02288449 0.24800911
v -0.00308787 -0.00000000 0.25333403
v 0.00600172 -0.02288449 0.24800911
v 0.00909802 -0.02108442 0.24688215
v -0.00308787 -0.00000000 0.25333403
v 0.00909802 -0.02108442 0.24688215
v 0.01190763 -0.01881335 0.24585953
v -0.00308787 -0.00000000 0.25333403
v 0.01190763 -0.01881335 0.24585953
v 0.01436779 -0.01612203 0.24496412
v -0.00308787 -0.00000000 0.25333403
v 0.01436779 -0.01612203 0.24496412
v 0.01642354 -0.01307056 0.24421587
v -0.00308787 -0.00000000 0.25333403
v 0.01642354 -0.01307056 0.24421587
v 0.01802896 -0.00972712 0.24363156
v -0.00308787 -0.00000000 0.25333403
v 0.01802896 -0.00972712 0.24363156
v 0.01914818 -0.00616640 0.24322419
v -0.00308787 -0.00000000 0.25333403
v 0.01914818 -0.00616640 0.24322419
v 0.01975622 -0.00246792 0.24300289
v -0.00308787 -0.00000000 0.25333403
v 0.01975622 -0.00246792 0.24300289
v 0.01983947 0.00128568 0.24297260
v -0.00308787 -0.00000000 0.25333403
v 0.01983947 0.00128568 0.24297260
v 0.01939608 0.00501056 0.24313396
v -0.00308787 -0.00000000 0.25333403
v 0.01939608 0.00501056 0.24313396
v 0.01843597 0.00862352 0.24348342
v -0.00308787 -0.00000000 0.25333403
v 0.01843597 0.00862352 0.24348342
v 0.01691734 0.01200462 0.24404934
v 0.00760897 -0.09078129 0.21918711
v 0.00986018 -0.07034417 0.23074491
v 0.00449453 -0.09144137 0.22037205
v 0.00760897 -0.09078129 0.21918711
v 0.02073022 -0.08654221 0.21419945
v 0.00986018 -0.07034417 0.23074491
v 0.06491318 0.04535570 0.19742220
v 0.05568686 0.02509433 0.21406535
v 0.07166352 0.02891273 0.19484796
v -0.08810066 -0.04982102 0.25342636
v -0.07879151 -0.06252403 0.25022676
v -0.06353630 -0.04421760 0.25745903
v -0.04588600 -0.08619351 0.23881628
v -0.04009070 -0.06509669 0.24892555
v -0.05710781 -0.08056742 0.24274285
v -0.03401534 -0.09016934 0.23460347
v -0.03062454 -0.06932728 0.24548015
v -0.04588600 -0.08619351 0.23881628
v -0.03401534 -0.09016934 0.23460347
v -0.02177121 -0.09242173 0.23018187
v -0.02067159 -0.07200921 0.24185757
v 0.03308870 -0.08012614 0.20950605
v 0.01950337 -0.06659357 0.22723509
v 0.02073022 -0.08654221 0.21419945
v 0.04437132 -0.07168078 0.20522394
v 0.02851356 -0.06135537 0.22395563
v 0.03308870 -0.08012614 0.20950605
v 0.06962379 -0.03486763 0.19562683
v 0.05450247 -0.02830580 0.21449644
v 0.06429263 -0.04652146 0.19765843
v 0.07339129 -0.02251533 0.19418735
v 0.05775940 -0.01794413 0.21331103
v 0.06962379 -0.03486763 0.19562683
v 0.07166352 0.02891273 0.19484796
v 0.05848079 0.01458067 0.21304845
v 0.07489865 0.01464606 0.19361000
v 0.07987737 -0.13330713 0.00500000
v 0.07972707 -0.13352180 -0.00000000
v 0.08141190 -0.13421613 0.00500000
v 0.08141190 -0.13421613 0.00500000
v 0.07972707 -0.13352180 -0.00000000
v 0.08514756 -0.13560252 -0.00000001
v 0.08141190 -0.13421613 0.00500000
v 0.08514756 -0.13560252 -0.00000001
v 0.08683011 -0.13542703 0.00500000
v 0.09820110 -0.12058613 -0.00000001
v 0.09794800 -0.12065396 0.00499999
v 0.09830243 -0.12639138 -0.00000001
v 0.09830243 -0.12639138 -0.00000001
v 0.09794800 -0.12065396 0.00499999
v 0.09807611 -0.12620014 0.00499999
v 0.09830243 -0.12639138 -0.00000001
v 0.09807611 -0.12620014 0.00499999
v 0.09564063 -0.13119006 0.00499999
v 0.08683011 -0.13542703 0.00500000
v 0.08514756 -0.13560252 -0.00000001
v 0.09091040 -0.13489494 -0.00000001
v 0.08683011 -0.13542703 0.00500000
v 0.09091040 -0.13489494 -0.00000001
v 0.09169832 -0.13426962 0.00500000
v 0.09169832 -0.13426962 0.00500000
v 0.09091040 -0.13489494 -0.00000001
v 0.09566651 -0.13156468 -0.00000001
v 0.09169832 -0.13426962 0.00500000
v 0.09566651 -0.13156468 -0.00000001
v 0.09564063 -0.13119006 0.00499999
v 0.09564063 -0.13119006 0.00499999
v 0.09566651 -0.13156468 -0.00000001
v 0.09830243 -0.12639138 -0.00000001
v -0.23244945 -0.11108654 -0.13982579
v -0.23245241 -0.11332778 -0.13801601
v -0.25500011 -0.10132597 -0.14877180
v -0.25500011 -0.10132597 -0.14877180
v -0.23245241 -0.11332778 -0.13801601
v -0.23772972 -0.11418207 -0.13807314
v -0.25500011 -0.10132597 -0.14877180
v -0.23772972 -0.11418207 -0.13807314
v -0.25500011 -0.11538462 -0.13815350
v -0.25500011 -0.08629660 -0.15796486
v -0.23244945 -0.08561669 -0.15672029
v -0.25500011 -0.10132597 -0.14877180
v -0.25500011 -0.10132597 -0.14877180
v -0.23244945 -0.08561669 -0.15672029
v -0.23244945 -0.09871370 -0.14881892
v -0.25500011 -0.10132597 -0.14877180
v -0.23244945 -0.09871370 -0.14881892
v -0.23244945 -0.11108654 -0.13982579
v -0.25500011 0.11538462 -0.13815350
v -0.25500011 0.12472719 -0.12782302
v -0.23772972 0.11418207 -0.13807314
v -0.25500011 0.12472719 -0.12782302
v -0.23664627 0.12252741 -0.12905217
v -0.23772972 0.11418207 -0.13807314
v -0.25500011 0.12472719 -0.12782302
v -0.25500011 0.13004918 -0.11759969
v -0.23664627 0.12252741 -0.12905217
v -0.25500011 0.13004918 -0.11759969
v -0.23592084 0.12843379 -0.11824546
v -0.23664627 0.12252741 -0.12905217
v -0.25500011 0.13004918 -0.11759969
v -0.25500011 0.13288890 -0.10642937
v -0.23592084 0.12843379 -0.11824546
v -0.25500011 0.13288890 -0.10642937
v -0.23209224 0.13100728 -0.10626392
v -0.23592084 0.12843379 -0.11824546
v -0.23772972 0.11418207 -0.13807314
v -0.23664627 0.12252741 -0.12905217
v -0.23245300 0.11332788 -0.13801601
v -0.23664627 0.12252741 -0.12905217
v -0.23193642 0.12083810 -0.13024282
v -0.23245300 0.11332788 -0.13801601
v -0.23664627 0.12252741 -0.12905217
v -0.23592084 0.12843379 -0.11824546
v -0.23193642 0.12083810 -0.13024282
v -0.23592084 0.12843379 -0.11824546
v -0.23174273 0.12433191 -0.12512121
v -0.23193642 0.12083810 -0.13024282
v -0.23592084 0.12843379 -0.11824546
v -0.23166742 0.12729073 -0.11934539
v -0.23174273 0.12433191 -0.12512121
v -0.23209224 0.13100728 -0.10626392
v -0.23190596 0.13043062 -0.10950138
v -0.23592084 0.12843379 -0.11824546
v -0.23190596 0.13043062 -0.10950138
v -0.23166742 0.12729073 -0.11934539
v -0.23592084 0.12843379 -0.11824546
v -0.23244945 -0.08561669 -0.15672029
v -0.25500011 -0.08629660 -0.15796486
v -0.23244945 -0.06652861 -0.16572691
v -0.23244945 -0.06652861 -0.16572691
v -0.25500011 -0.08629660 -0.15796486
v -0.25500011 -0.06460880 -0.16800507
v -0.23244945 -0.06652861 -0.16572691
v -0.25500011 -0.06460880 -0.16800507
v -0.23244945 -0.04647107 -0.17242944
v -0.23244945 -0.04647107 -0.17242944
v -0.25500011 -0.06460880 -0.16800507
v -0.25500011 -0.04178204 -0.17508359
v -0.23244945 -0.04647107 -0.17242944
v -0.25500011 -0.04178204 -0.17508359
v -0.23244945 -0.02574566 -0.17671625
v -0.23772972 0.11418207 -0.13807314
v -0.23245300 0.11332788 -0.13801601
v -0.25500011 0.09606504 -0.15222191
v -0.25500011 0.09606504 -0.15222191
v -0.23245300 0.11332788 -0.13801601
v -0.23244945 0.09632837 -0.15037392
v -0.25500011 0.09606504 -0.15222191
v -0.23244945 0.09632837 -0.15037392
v -0.25500011 0.07505196 -0.16360686
v -0.25500011 0.07505196 -0.16360686
v -0.23244945 0.09632837 -0.15037392
v -0.23244945 0.08170488 -0.15879479
v -0.25500011 0.07505196 -0.16360686
v -0.23244945 0.08170488 -0.15879479
v -0.23244945 0.06456830 -0.16650046
v -0.23244945 0.06456830 -0.16650046
v -0.25500011 0.05271582 -0.17210765
v -0.25500011 0.07505196 -0.16360686
v -0.23244945 0.04665286 -0.17238034
v -0.25500011 0.02945038 -0.17757442
v -0.25500011 0.05271582 -0.17210765
v -0.23244945 0.04665286 -0.17238034
v -0.25500011 0.05271582 -0.17210765
v -0.23244945 0.06456830 -0.16650046
v -0.23244945 0.02814990 -0.17634923
v -0.25500011 0.00566577 -0.17991082
v -0.25500011 0.02945038 -0.17757442
v -0.23244945 0.02814990 -0.17634923
v -0.25500011 0.02945038 -0.17757442
v -0.23244945 0.04665286 -0.17238034
v -0.23244945 -0.00777076 -0.17841267
v -0.25500011 -0.01821872 -0.17907562
v -0.25500011 0.00566577 -0.17991082
v -0.23244945 -0.00777076 -0.17841267
v -0.25500011 0.00566577 -0.17991082
v -0.23244945 0.01026050 -0.17828682
v -0.23244945 -0.02574566 -0.17671625
v -0.25500011 -0.04178204 -0.17508359
v -0.25500011 -0.01821872 -0.17907562
v -0.23244945 -0.02574566 -0.17671625
v -0.25500011 -0.01821872 -0.17907562
v -0.23244945 -0.00777076 -0.17841267
v -0.25500011 0.11538462 -0.13815350
v -0.23772972 0.11418207 -0.13807314
v -0.25500011 0.09606504 -0.15222191
v -0.25500011 0.00566577 -0.17991082
v -0.23244945 0.02814990 -0.17634923
v -0.23244945 0.01026050 -0.17828682
v -0.23210507 0.13100940 0.10626413
v -0.23210066 0.13211401 0.09768405
v -0.25500009 0.13288890 0.10642940
v -0.25500009 0.13288890 0.10642940
v -0.23210066 0.13211401 0.09768405
v -0.23266395 0.13549775 0.06570629
v -0.25500009 0.13288890 0.10642940
v -0.23266395 0.13549775 0.06570629
v -0.25500010 0.13822025 0.05333335
v -0.23208081 0.13115312 -0.10515823
v -0.23209224 0.13100728 -0.10626392
v -0.23239173 0.13378443 -0.08348404
v -0.23239173 0.13378443 -0.08348404
v -0.23209224 0.13100728 -0.10626392
v -0.25500011 0.13288890 -0.10642937
v -0.23239173 0.13378443 -0.08348404
v -0.25500011 0.13288890 -0.10642937
v -0.25500010 0.13822025 -0.05333332
v -0.23278070 0.13672490 -0.04892293
v -0.25500010 0.13822025 -0.05333332
v -0.23259749 0.13789898 -0.02177224
v -0.23259749 0.13789898 -0.02177224
v -0.25500010 0.13822025 -0.05333332
v -0.25500010 0.14000000 0.00000002
v -0.23259749 0.13789898 -0.02177224
v -0.25500010 0.14000000 0.00000002
v -0.23257711 0.13794534 0.01986864
v -0.25500010 0.13822025 -0.05333332
v -0.23278070 0.13672490 -0.04892293
v -0.23239173 0.13378443 -0.08348404
v -0.25500010 0.14000000 0.00000002
v -0.23273860 0.13686958 0.04639052
v -0.23257711 0.13794534 0.01986864
v -0.23266395 0.13549775 0.06570629
v -0.23273860 0.13686958 0.04639052
v -0.25500010 0.13822025 0.05333335
v -0.23273860 0.13686958 0.04639052
v -0.25500010 0.14000000 0.00000002
v -0.25500010 0.13822025 0.05333335
v 0.10697817 -0.09417940 0.00692121
v 0.10747934 -0.09432488 0.00671510
v 0.10788171 -0.09365878 0.00859495
v 0.10788171 -0.09365878 0.00859495
v 0.10747934 -0.09432488 0.00671510
v 0.10771130 -0.09405990 0.00792852
v 0.10788171 -0.09365878 0.00859495
v 0.10771130 -0.09405990 0.00792852
v 0.10872990 -0.09211272 0.00947763
v 0.10872990 -0.09211272 0.00947763
v 0.10771130 -0.09405990 0.00792852
v 0.10849860 -0.09315065 0.00901158
v 0.10872990 -0.09211272 0.00947763
v 0.10849860 -0.09315065 0.00901158
v 0.10934138 -0.09215993 0.00927491
v 0.09453369 -0.10689914 -0.00000001
v 0.09820110 -0.12058613 -0.00000001
v 0.09401329 -0.10681104 -0.01667719
v 0.09401329 -0.10681104 -0.01667719
v 0.09820110 -0.12058613 -0.00000001
v 0.09729641 -0.11929410 -0.01873913
v 0.09401329 -0.10681104 -0.01667719
v 0.09729641 -0.11929410 -0.01873913
v 0.09177091 -0.10810564 -0.04227962
v 0.09177091 -0.10810564 -0.04227962
v 0.09729641 -0.11929410 -0.01873913
v 0.09460777 -0.11545432 -0.03695095
v 0.09177091 -0.10810564 -0.04227962
v 0.09460777 -0.11545432 -0.03695095
v 0.09021085 -0.10917487 -0.05412297
v 0.09729641 -0.11929410 -0.01873913
v 0.09820110 -0.12058613 -0.00000001
v 0.09743877 -0.12515794 -0.01870377
v 0.09743877 -0.12515794 -0.01870377
v 0.09820110 -0.12058613 -0.00000001
v 0.09830243 -0.12639138 -0.00000001
v 0.09743877 -0.12515794 -0.01870377
v 0.09830243 -0.12639138 -0.00000001
v 0.09478271 -0.13030247 -0.01913983
v 0.09478271 -0.13030247 -0.01913983
v 0.09830243 -0.12639138 -0.00000001
v 0.09566651 -0.13156468 -0.00000001
v 0.09478271 -0.13030247 -0.01913983
v 0.09566651 -0.13156468 -0.00000001
v 0.09002661 -0.13363273 -0.01913983
v 0.09002661 -0.13363273 -0.01913983
v 0.09566651 -0.13156468 -0.00000001
v 0.09091040 -0.13489494 -0.00000001
v 0.09002661 -0.13363273 -0.01913983
v 0.09091040 -0.13489494 -0.00000001
v 0.08428389 -0.13436909 -0.01870377
v 0.08428389 -0.13436909 -0.01870377
v 0.09091040 -0.13489494 -0.00000001
v 0.08514756 -0.13560252 -0.00000001
v 0.08428389 -0.13436909 -0.01870377
v 0.08514756 -0.13560252 -0.00000001
v 0.07882237 -0.13222975 -0.01873911
v 0.07882237 -0.13222975 -0.01873911
v 0.08514756 -0.13560252 -0.00000001
v 0.07972707 -0.13352180 -0.00000000
v 0.09729641 -0.11929410 -0.01873913
v 0.09743877 -0.12515794 -0.01870377
v 0.09460777 -0.11545432 -0.03695095
v 0.09460777 -0.11545432 -0.03695095
v 0.09743877 -0.12515794 -0.01870377
v 0.09487002 -0.12148939 -0.03692577
v 0.09460777 -0.11545432 -0.03695095
v 0.09487002 -0.12148939 -0.03692577
v 0.09021085 -0.10917487 -0.05412297
v 0.09021085 -0.10917487 -0.05412297
v 0.09487002 -0.12148939 -0.03692577
v 0.09066236 -0.11548023 -0.05419666
v 0.09021085 -0.10917487 -0.05412297
v 0.09066236 -0.11548023 -0.05419666
v 0.08751355 -0.10952688 -0.06390534
v 0.08309221 -0.12372940 -0.05546020
v 0.07913432 -0.11432831 -0.07190468
v 0.08784832 -0.12039915 -0.05546020
v 0.08784832 -0.12039915 -0.05546020
v 0.07913432 -0.11432831 -0.07190468
v 0.08162069 -0.11263032 -0.07153886
v 0.08784832 -0.12039915 -0.05546020
v 0.08162069 -0.11263032 -0.07153886
v 0.09066236 -0.11548023 -0.05419666
v 0.09066236 -0.11548023 -0.05419666
v 0.08162069 -0.11263032 -0.07153886
v 0.08420719 -0.11106193 -0.06956399
v 0.09066236 -0.11548023 -0.05419666
v 0.08420719 -0.11106193 -0.06956399
v 0.08751355 -0.10952688 -0.06390534
v 0.07173683 -0.12211054 -0.05412292
v 0.07218920 -0.12087929 -0.05981647
v 0.07750748 -0.12469137 -0.05419666
v 0.07750748 -0.12469137 -0.05419666
v 0.07218920 -0.12087929 -0.05981647
v 0.07402668 -0.11854138 -0.06691615
v 0.07750748 -0.12469137 -0.05419666
v 0.07402668 -0.11854138 -0.06691615
v 0.08309221 -0.12372940 -0.05546020
v 0.08309221 -0.12372940 -0.05546020
v 0.07402668 -0.11854138 -0.06691615
v 0.07685166 -0.11604893 -0.07087757
v 0.08309221 -0.12372940 -0.05546020
v 0.07685166 -0.11604893 -0.07087757
v 0.07913432 -0.11432831 -0.07190468
v 0.09487002 -0.12148939 -0.03692577
v 0.09743877 -0.12515794 -0.01870377
v 0.09215407 -0.12654839 -0.03778666
v 0.09215407 -0.12654839 -0.03778666
v 0.09743877 -0.12515794 -0.01870377
v 0.09478271 -0.13030247 -0.01913983
v 0.09215407 -0.12654839 -0.03778666
v 0.09478271 -0.13030247 -0.01913983
v 0.08739797 -0.12987866 -0.03778666
v 0.08739797 -0.12987866 -0.03778666
v 0.09478271 -0.13030247 -0.01913983
v 0.09002661 -0.13363273 -0.01913983
v 0.08739797 -0.12987866 -0.03778666
v 0.09002661 -0.13363273 -0.01913983
v 0.08171515 -0.13070054 -0.03692577
v 0.08171515 -0.13070054 -0.03692577
v 0.09002661 -0.13363273 -0.01913983
v 0.08428389 -0.13436909 -0.01870377
v 0.08171515 -0.13070054 -0.03692577
v 0.08428389 -0.13436909 -0.01870377
v 0.07882237 -0.13222975 -0.01873911
v 0.09066236 -0.11548023 -0.05419666
v 0.09487002 -0.12148939 -0.03692577
v 0.08784832 -0.12039915 -0.05546020
v 0.08784832 -0.12039915 -0.05546020
v 0.09487002 -0.12148939 -0.03692577
v 0.09215407 -0.12654839 -0.03778666
v 0.08784832 -0.12039915 -0.05546020
v 0.09215407 -0.12654839 -0.03778666
v 0.08309221 -0.12372940 -0.05546020
v 0.08309221 -0.12372940 -0.05546020
v 0.09215407 -0.12654839 -0.03778666
v 0.08739797 -0.12987866 -0.03778666
v 0.08309221 -0.12372940 -0.05546020
v 0.08739797 -0.12987866 -0.03778666
v 0.07750748 -0.12469137 -0.05419666
v 0.07750748 -0.12469137 -0.05419666
v 0.08739797 -0.12987866 -0.03778666
v 0.08171515 -0.13070054 -0.03692577
v 0.07750748 -0.12469137 -0.05419666
v 0.08171515 -0.13070054 -0.03692577
v 0.07613375 -0.12838998 -0.03695091
v 0.07173683 -0.12211054 -0.05412292
v 0.07750748 -0.12469137 -0.05419666
v 0.07613375 -0.12838998 -0.03695091
v 0.07613375 -0.12838998 -0.03695091
v 0.08171515 -0.13070054 -0.03692577
v 0.07882237 -0.13222975 -0.01873911
v 0.06811986 -0.12539433 -0.00000000
v 0.07882237 -0.13222975 -0.01873911
v 0.07972707 -0.13352180 -0.00000000
v 0.06811986 -0.12539433 -0.00000000
v 0.06830785 -0.12476632 -0.01900792
v 0.07882237 -0.13222975 -0.01873911
v 0.06830785 -0.12476632 -0.01900792
v 0.07613375 -0.12838998 -0.03695091
v 0.07882237 -0.13222975 -0.01873911
v 0.07173683 -0.12211054 -0.05412292
v 0.07613375 -0.12838998 -0.03695091
v 0.07052019 -0.12297682 -0.04498681
v 0.07052019 -0.12297682 -0.04498681
v 0.07613375 -0.12838998 -0.03695091
v 0.06830785 -0.12476632 -0.01900792
v 0.06491318 0.04535570 0.19742220
v 0.06586582 0.04627087 0.19533213
v 0.05681809 0.05818846 0.20049996
v 0.05681809 0.05818846 0.20049996
v 0.06586582 0.04627087 0.19533213
v 0.06207578 0.05301985 0.19661310
v 0.05681809 0.05818846 0.20049996
v 0.06207578 0.05301985 0.19661310
v 0.05769736 0.05953478 0.19809403
v 0.07598837 0.00000002 0.19319188
v 0.07690981 -0.00000000 0.19161131
v 0.07489865 0.01464606 0.19361000
v 0.07489865 0.01464606 0.19361000
v 0.07690981 -0.00000000 0.19161131
v 0.07630324 0.01117866 0.19181435
v 0.07489865 0.01464606 0.19361000
v 0.07630324 0.01117866 0.19181435
v 0.07166352 0.02891273 0.19484796
v 0.07166352 0.02891273 0.19484796
v 0.07630324 0.01117866 0.19181435
v 0.07448951 0.02221228 0.19242366
v 0.07166352 0.02891273 0.19484796
v 0.07448951 0.02221228 0.19242366
v 0.07148866 0.03295676 0.19343438
v 0.06491318 0.04535570 0.19742220
v 0.07166352 0.02891273 0.19484796
v 0.07148866 0.03295676 0.19343438
v 0.06491318 0.04535570 0.19742220
v 0.07148866 0.03295676 0.19343438
v 0.06733554 0.04326988 0.19483574
v 0.06491318 0.04535570 0.19742220
v 0.06733554 0.04326988 0.19483574
v 0.06586582 0.04627087 0.19533213
v 0.07690981 -0.00000000 0.19161131
v 0.07598837 0.00000002 0.19319188
v 0.07622561 -0.01186966 0.19184042
v 0.07622561 -0.01186966 0.19184042
v 0.07598837 0.00000002 0.19319188
v 0.07529618 -0.01168536 0.19345760
v 0.07622561 -0.01186966 0.19184042
v 0.07529618 -0.01168536 0.19345760
v 0.07433722 -0.02289021 0.19247497
v 0.07433722 -0.02289021 0.19247497
v 0.07529618 -0.01168536 0.19345760
v 0.07339129 -0.02251533 0.19418735
v 0.07433722 -0.02289021 0.19247497
v 0.07339129 -0.02251533 0.19418735
v 0.07058480 -0.03550514 0.19373917
v 0.07058480 -0.03550514 0.19373917
v 0.07339129 -0.02251533 0.19418735
v 0.06962379 -0.03486763 0.19562683
v 0.07058480 -0.03550514 0.19373917
v 0.06962379 -0.03486763 0.19562683
v 0.06524216 -0.04747130 0.19554282
v 0.06524216 -0.04747130 0.19554282
v 0.06962379 -0.03486763 0.19562683
v 0.06429263 -0.04652146 0.19765843
v 0.06524216 -0.04747130 0.19554282
v 0.06429263 -0.04652146 0.19765843
v 0.05840014 -0.05856310 0.19785627
v 0.05769736 -0.05953478 0.19809403
v 0.05840014 -0.05856310 0.19785627
v 0.05681808 -0.05818848 0.20049998
v 0.05681808 -0.05818848 0.20049998
v 0.05840014 -0.05856310 0.19785627
v 0.06429263 -0.04652146 0.19765843
v 0.02055091 0.08661690 0.21426759
v 0.02040607 0.08957825 0.21064976
v 0.00760902 0.09078127 0.21918709
v 0.00760902 0.09078127 0.21918709
v 0.02040607 0.08957825 0.21064976
v 0.01431953 0.09195638 0.21268516
v 0.00760902 0.09078127 0.21918709
v 0.01431953 0.09195638 0.21268516
v 0.00687230 0.09418048 0.21517102
v 0.05681809 0.05818846 0.20049996
v 0.05769736 0.05953478 0.19809403
v 0.04527095 0.07087567 0.20488254
v 0.04527095 0.07087567 0.20488254
v 0.05769736 0.05953478 0.19809403
v 0.05211578 0.06645209 0.19998161
v 0.04527095 0.07087567 0.20488254
v 0.05211578 0.06645209 0.19998161
v 0.04593735 0.07278710 0.20206850
v 0.04527095 0.07087567 0.20488254
v 0.04593735 0.07278710 0.20206850
v 0.03172607 0.08096473 0.21002337
v 0.03172607 0.08096473 0.21002337
v 0.04593735 0.07278710 0.20206850
v 0.03921423 0.07848128 0.20433519
v 0.03172607 0.08096473 0.21002337
v 0.03921423 0.07848128 0.20433519
v 0.03200379 0.08348119 0.20676067
v 0.03172607 0.08096473 0.21002337
v 0.03200379 0.08348119 0.20676067
v 0.02055091 0.08661690 0.21426759
v 0.02055091 0.08661690 0.21426759
v 0.03200379 0.08348119 0.20676067
v 0.02631064 0.08674783 0.20867161
v 0.02055091 0.08661690 0.21426759
v 0.02631064 0.08674783 0.20867161
v 0.02040607 0.08957825 0.21064976
v -0.07048622 0.07592809 0.24369379
v -0.06750858 0.07335692 0.24634186
v -0.06263224 0.08191846 0.24055964
v -0.06263224 0.08191846 0.24055964
v -0.06750858 0.07335692 0.24634186
v -0.05968392 0.07897975 0.24363761
v -0.06263224 0.08191846 0.24055964
v -0.05968392 0.07897975 0.24363761
v -0.05712915 0.08535364 0.23838662
v -0.01230474 0.09296810 0.22670351
v -0.01397081 0.09676275 0.22224340
v -0.02468329 0.09204679 0.23124114
v -0.02468329 0.09204679 0.23124114
v -0.01397081 0.09676275 0.22224340
v -0.02041781 0.09654041 0.22453798
v -0.02468329 0.09204679 0.23124114
v -0.02041781 0.09654041 0.22453798
v -0.02682523 0.09584112 0.22686212
v -0.02468329 0.09204679 0.23124114
v -0.02682523 0.09584112 0.22686212
v -0.03686865 0.08938238 0.23562226
v -0.03686865 0.08938238 0.23562226
v -0.02682523 0.09584112 0.22686212
v -0.03939310 0.09302341 0.23154092
v -0.03686865 0.08938238 0.23562226
v -0.03939310 0.09302341 0.23154092
v -0.04860481 0.08500963 0.23977220
v -0.04860481 0.08500963 0.23977220
v -0.03939310 0.09302341 0.23154092
v -0.04548024 0.09091843 0.23386063
v -0.04860481 0.08500963 0.23977220
v -0.04548024 0.09091843 0.23386063
v -0.05140220 0.08835824 0.23614811
v -0.05140220 0.08835824 0.23614811
v -0.05712915 0.08535364 0.23838662
v -0.04860481 0.08500963 0.23977220
v -0.04860481 0.08500963 0.23977220
v -0.05712915 0.08535364 0.23838662
v -0.05968392 0.07897975 0.24363761
v -0.01397081 0.09676275 0.22224340
v -0.01230474 0.09296810 0.22670351
v -0.00181754 0.09588467 0.21807380
v -0.00181754 0.09588467 0.21807380
v -0.01230474 0.09296810 0.22670351
v -0.00905763 0.09292360 0.22549558
v -0.00181754 0.09588467 0.21807380
v -0.00905763 0.09292360 0.22549558
v 0.00687230 0.09418048 0.21517102
v 0.00687230 0.09418048 0.21517102
v -0.00905763 0.09292360 0.22549558
v 0.00760902 0.09078127 0.21918709
v -0.07874011 0.06258277 0.25020905
v -0.08166387 0.06453069 0.24817592
v -0.08810066 0.04982102 0.25342636
v -0.08810066 0.04982102 0.25342636
v -0.08166387 0.06453069 0.24817592
v -0.08651834 0.05810252 0.25012090
v -0.08810066 0.04982102 0.25342636
v -0.08651834 0.05810252 0.25012090
v -0.09087563 0.05118625 0.25186779
v -0.06750858 0.07335692 0.24634186
v -0.07048622 0.07592809 0.24369379
v -0.07874011 0.06258277 0.25020905
v -0.07874011 0.06258277 0.25020905
v -0.07048622 0.07592809 0.24369379
v -0.07630730 0.07048830 0.24602904
v -0.07874011 0.06258277 0.25020905
v -0.07630730 0.07048830 0.24602904
v -0.08166387 0.06453069 0.24817592
v -0.10425914 -0.00000000 0.25730576
v -0.10205571 0.00000003 0.25816052
v -0.10354321 0.01234216 0.25700896
v -0.10354321 0.01234216 0.25700896
v -0.10205571 0.00000003 0.25816052
v -0.10128882 0.01209349 0.25790476
v -0.10354321 0.01234216 0.25700896
v -0.10128882 0.01209349 0.25790476
v -0.10163959 0.02345129 0.25622635
v -0.10163959 0.02345129 0.25622635
v -0.10128882 0.01209349 0.25790476
v -0.09926849 0.02295039 0.25722658
v -0.10163959 0.02345129 0.25622635
v -0.09926849 0.02295039 0.25722658
v -0.09971290 0.03069836 0.25543918
v -0.08810066 0.04982102 0.25342636
v -0.09087563 0.05118625 0.25186779
v -0.09469093 0.03686725 0.25567733
v -0.09469093 0.03686725 0.25567733
v -0.09087563 0.05118625 0.25186779
v -0.09431805 0.04460929 0.25325247
v -0.09469093 0.03686725 0.25567733
v -0.09431805 0.04460929 0.25325247
v -0.09726874 0.03776559 0.25444566
v -0.09726874 0.03776559 0.25444566
v -0.09971290 0.03069836 0.25543918
v -0.09469093 0.03686725 0.25567733
v -0.09469093 0.03686725 0.25567733
v -0.09971290 0.03069836 0.25543918
v -0.09926849 0.02295039 0.25722658
v -0.09345589 -0.04637413 0.25290497
v -0.09087563 -0.05118625 0.25186779
v -0.09074802 -0.04518756 0.25433307
v -0.09074802 -0.04518756 0.25433307
v -0.09087563 -0.05118625 0.25186779
v -0.08810066 -0.04982102 0.25342636
v -0.09345589 -0.04637413 0.25290497
v -0.09074802 -0.04518756 0.25433307
v -0.09764954 -0.03676775 0.25460013
v -0.09764954 -0.03676775 0.25460013
v -0.09074802 -0.04518756 0.25433307
v -0.09508706 -0.03590032 0.25581192
v -0.09764954 -0.03676775 0.25460013
v -0.09508706 -0.03590032 0.25581192
v -0.10053171 -0.02787153 0.25577321
v -0.10205571 0.00000003 0.25816052
v -0.10425914 -0.00000000 0.25730576
v -0.10028578 -0.01833281 0.25756865
v -0.10028578 -0.01833281 0.25756865
v -0.10425914 -0.00000000 0.25730576
v -0.10384461 -0.00940289 0.25713359
v -0.10028578 -0.01833281 0.25756865
v -0.10384461 -0.00940289 0.25713359
v -0.10260064 -0.01872152 0.25662064
v -0.10260064 -0.01872152 0.25662064
v -0.10053171 -0.02787153 0.25577321
v -0.10028578 -0.01833281 0.25756865
v -0.10028578 -0.01833281 0.25756865
v -0.10053171 -0.02787153 0.25577321
v -0.09508706 -0.03590032 0.25581192
v -0.07879151 -0.06252403 0.25022676
v -0.08171474 -0.06446892 0.24819631
v -0.06750860 -0.07335690 0.24634187
v -0.06750860 -0.07335690 0.24634187
v -0.08171474 -0.06446892 0.24819631
v -0.07636410 -0.07043032 0.24605181
v -0.06750860 -0.07335690 0.24634187
v -0.07636410 -0.07043032 0.24605181
v -0.07048622 -0.07592810 0.24369379
v -0.08810066 -0.04982102 0.25342636
v -0.09087563 -0.05118625 0.25186779
v -0.07879151 -0.06252403 0.25022676
v -0.07879151 -0.06252403 0.25022676
v -0.09087563 -0.05118625 0.25186779
v -0.08656313 -0.05803762 0.25013887
v -0.07879151 -0.06252403 0.25022676
v -0.08656313 -0.05803762 0.25013887
v -0.08171474 -0.06446892 0.24819631
v -0.30500009 0.04589231 -0.14070499
v -0.30500009 0.05232909 -0.14377297
v -0.30500010 0.03267436 -0.17700957
v -0.30500009 0.05232909 -0.14377297
v -0.30500010 0.05398714 -0.17171311
v -0.30500010 0.03267436 -0.17700957
v -0.30500009 0.05232909 -0.14377297
v -0.30500009 0.05882747 -0.16162714
v -0.30500010 0.05398714 -0.17171311
v -0.30500009 0.01164571 -0.14754111
v -0.30500009 0.02897134 -0.14513670
v -0.30500010 0.02056330 -0.17670923
v -0.30500009 0.02897134 -0.14513670
v -0.30500010 0.03267436 -0.17700957
v -0.30500010 0.02056330 -0.17670923
v -0.30500009 0.02897134 -0.14513670
v -0.30500009 0.04589231 -0.14070499
v -0.30500010 0.03267436 -0.17700957
v -0.30500010 0.01087521 -0.17967118
v -0.30500010 0.02056330 -0.17670923
v -0.30500010 0.03267436 -0.17700957
v -0.30600011 -0.01187736 -0.18250186
v -0.30600011 -0.03578498 -0.17519257
v -0.32600009 -0.01187736 -0.18250186
v -0.30600011 -0.03578498 -0.17519257
v -0.32600009 -0.03578498 -0.17519257
v -0.32600009 -0.01187736 -0.18250186
v -0.30600011 -0.03578498 -0.17519257
v -0.30600011 -0.02672146 -0.14554711
v -0.32600009 -0.03578498 -0.17519257
v -0.30600011 -0.02672146 -0.14554711
v -0.32600009 -0.02672146 -0.14554711
v -0.32600009 -0.03578498 -0.17519257
v -0.30500010 0.02056330 -0.17670923
v -0.30600011 0.02056330 -0.17670923
v -0.30500009 0.01164571 -0.14754111
v -0.30500009 0.01164571 -0.14754111
v -0.30600011 0.02056330 -0.17670923
v -0.30600011 0.01237689 -0.14993269
v -0.30500009 0.01164571 -0.14754111
v -0.30600011 0.01237689 -0.14993269
v -0.32600009 0.01164571 -0.14754111
v -0.32600009 0.01164571 -0.14754111
v -0.30600011 0.01237689 -0.14993269
v -0.32600009 0.01237689 -0.14993269
v -0.30600011 -0.01187736 -0.18250186
v -0.30600011 -0.01100025 -0.17963295
v -0.30600011 -0.03578498 -0.17519257
v -0.30600011 -0.03578498 -0.17519257
v -0.30600011 -0.01100025 -0.17963295
v -0.30600011 -0.02056330 -0.17670923
v -0.30600011 -0.03578498 -0.17519257
v -0.30600011 -0.02056330 -0.17670923
v -0.30600011 -0.02672146 -0.14554711
v -0.30600011 -0.02672146 -0.14554711
v -0.30600011 -0.02056330 -0.17670923
v -0.30600011 -0.01237689 -0.14993269
v -0.32600009 -0.01100025 -0.17963295
v -0.30600011 -0.01100025 -0.17963295
v -0.32600009 -0.01187736 -0.18250186
v -0.30600011 -0.01100025 -0.17963295
v -0.30600011 -0.01187736 -0.18250186
v -0.32600009 -0.01187736 -0.18250186
v -0.23772972 -0.11418207 -0.13807314
v -0.23664627 -0.12252741 -0.12905217
v -0.25500011 -0.11538462 -0.13815350
v -0.23664627 -0.12252741 -0.12905217
v -0.25500011 -0.12332027 -0.12979493
v -0.25500011 -0.11538462 -0.13815350
v -0.23664627 -0.12252741 -0.12905217
v -0.23592084 -0.12843379 -0.11824546
v -0.25500011 -0.12332027 -0.12979493
v -0.23592084 -0.12843379 -0.11824546
v -0.25500011 -0.12913118 -0.11984137
v -0.25500011 -0.12332027 -0.12979493
v -0.23592084 -0.12843379 -0.11824546
v -0.25500011 -0.13288890 -0.10642937
v -0.25500011 -0.12913118 -0.11984137
v -0.23592084 -0.12843379 -0.11824546
v -0.23664627 -0.12252741 -0.12905217
v -0.23168941 -0.12588404 -0.12231929
v -0.23664627 -0.12252741 -0.12905217
v -0.23181621 -0.12267861 -0.12771114
v -0.23168941 -0.12588404 -0.12231929
v -0.23664627 -0.12252741 -0.12905217
v -0.23772972 -0.11418207 -0.13807314
v -0.23181621 -0.12267861 -0.12771114
v -0.23772972 -0.11418207 -0.13807314
v -0.23209793 -0.11831489 -0.13324206
v -0.23181621 -0.12267861 -0.12771114
v -0.23772972 -0.11418207 -0.13807314
v -0.23245241 -0.11332778 -0.13801601
v -0.23209793 -0.11831489 -0.13324206
v -0.23211891 -0.13101169 -0.10626431
v -0.25500011 -0.13288890 -0.10642937
v -0.23592084 -0.12843379 -0.11824546
v -0.23211891 -0.13101169 -0.10626431
v -0.23592084 -0.12843379 -0.11824546
v -0.23171434 -0.12852998 -0.11622445
v -0.23592084 -0.12843379 -0.11824546
v -0.23168941 -0.12588404 -0.12231929
v -0.23171434 -0.12852998 -0.11622445
v -0.28000009 -0.05882747 -0.16162714
v -0.30500009 -0.05882747 -0.16162714
v -0.28000009 -0.05398714 -0.17171311
v -0.30500009 -0.05882747 -0.16162714
v -0.30500010 -0.05398714 -0.17171311
v -0.28000009 -0.05398714 -0.17171311
v -0.28000009 0.11538462 -0.13815350
v -0.25500011 0.11538462 -0.13815350
v -0.28000009 0.09643999 -0.15198464
v -0.28000009 0.09643999 -0.15198464
v -0.25500011 0.11538462 -0.13815350
v -0.25500011 0.09606504 -0.15222191
v -0.28000009 0.09643999 -0.15198464
v -0.25500011 0.09606504 -0.15222191
v -0.28000009 0.07585765 -0.16323485
v -0.28000009 0.07585765 -0.16323485
v -0.25500011 0.09606504 -0.15222191
v -0.25500011 0.07505196 -0.16360686
v -0.28000009 0.07585765 -0.16323485
v -0.25500011 0.07505196 -0.16360686
v -0.28000009 0.05398714 -0.17171311
v -0.28000009 0.05398714 -0.17171311
v -0.25500011 0.07505196 -0.16360686
v -0.25500011 0.05271582 -0.17210765
v -0.28000009 0.05398714 -0.17171311
v -0.25500011 0.05271582 -0.17210765
v -0.30500010 0.05398714 -0.17171311
v -0.25500011 0.05271582 -0.17210765
v -0.25500011 0.02945038 -0.17757442
v -0.30500010 0.05398714 -0.17171311
v -0.30500010 0.05398714 -0.17171311
v -0.25500011 0.02945038 -0.17757442
v -0.30500010 0.03267436 -0.17700957
v -0.25500011 -0.10132597 -0.14877180
v -0.25500011 -0.11538462 -0.13815350
v -0.28000009 -0.09643999 -0.15198464
v -0.28000009 -0.09643999 -0.15198464
v -0.25500011 -0.11538462 -0.13815350
v -0.28000009 -0.11538462 -0.13815350
v -0.30500010 0.01087521 -0.17967118
v -0.30500010 0.03267436 -0.17700957
v -0.25500011 0.02945038 -0.17757442
v -0.30500010 0.01087521 -0.17967118
v -0.25500011 0.02945038 -0.17757442
v -0.25500011 0.00566577 -0.17991082
v -0.30500010 0.01087521 -0.17967118
v -0.25500011 0.00566577 -0.17991082
v -0.32600009 0.01087521 -0.17967117
v -0.25500011 -0.08629660 -0.15796486
v -0.25500011 -0.10132597 -0.14877180
v -0.28000009 -0.09643999 -0.15198464
v -0.25500011 -0.08629660 -0.15796486
v -0.28000009 -0.09643999 -0.15198464
v -0.28000009 -0.07585765 -0.16323485
v -0.25500011 -0.08629660 -0.15796486
v -0.28000009 -0.07585765 -0.16323485
v -0.25500011 -0.06460880 -0.16800507
v -0.25500011 0.00566577 -0.17991082
v -0.25500011 -0.01821872 -0.17907562
v -0.30500010 -0.01087521 -0.17967118
v -0.25500011 0.00566577 -0.17991082
v -0.30500010 -0.01087521 -0.17967118
v -0.32600009 -0.01087521 -0.17967117
v -0.25500011 0.00566577 -0.17991082
v -0.32600009 -0.01087521 -0.17967117
v -0.32600009 0.01087521 -0.17967117
v -0.25500011 -0.04178204 -0.17508359
v -0.25500011 -0.06460880 -0.16800507
v -0.28000009 -0.05398714 -0.17171311
v -0.25500011 -0.04178204 -0.17508359
v -0.28000009 -0.05398714 -0.17171311
v -0.30500010 -0.05398714 -0.17171311
v -0.25500011 -0.04178204 -0.17508359
v -0.30500010 -0.05398714 -0.17171311
v -0.30500010 -0.03267436 -0.17700957
v -0.25500011 -0.04178204 -0.17508359
v -0.30500010 -0.03267436 -0.17700957
v -0.25500011 -0.01821872 -0.17907562
v -0.30500010 -0.01087521 -0.17967118
v -0.25500011 -0.01821872 -0.17907562
v -0.30500010 -0.03267436 -0.17700957
v -0.28000009 -0.05398714 -0.17171311
v -0.25500011 -0.06460880 -0.16800507
v -0.28000009 -0.07585765 -0.16323485
v -0.29000010 0.00000000 -0.05299999
v -0.28700008 0.00000000 -0.05299999
v -0.29000010 -0.01371741 -0.05119406
v -0.29000010 -0.01371741 -0.05119406
v -0.28700008 0.00000000 -0.05299999
v -0.28700008 -0.01371741 -0.05119406
v -0.29000010 -0.01371741 -0.05119406
v -0.28700008 -0.01371741 -0.05119406
v -0.29000010 -0.02650000 -0.04589933
v -0.29000010 -0.02650000 -0.04589933
v -0.28700008 -0.01371741 -0.05119406
v -0.28700008 -0.02650000 -0.04589933
v -0.29000010 -0.02650000 -0.04589933
v -0.28700008 -0.02650000 -0.04589933
v -0.29000010 -0.03747666 -0.03747664
v -0.29000010 -0.03747666 -0.03747664
v -0.28700008 -0.02650000 -0.04589933
v -0.28700008 -0.03747666 -0.03747664
v -0.29000010 -0.03747666 -0.03747664
v -0.28700008 -0.03747666 -0.03747664
v -0.29000010 -0.04589935 -0.02649999
v -0.29000010 -0.04589935 -0.02649999
v -0.28700008 -0.03747666 -0.03747664
v -0.28700008 -0.04589935 -0.02649999
v -0.29000010 -0.04589935 -0.02649999
v -0.28700008 -0.04589935 -0.02649999
v -0.29000010 -0.05119407 -0.01371739
v -0.29000010 -0.05119407 -0.01371739
v -0.28700008 -0.04589935 -0.02649999
v -0.28700008 -0.05119407 -0.01371739
v -0.29000010 -0.05119407 -0.01371739
v -0.28700008 -0.05119407 -0.01371739
v -0.29000010 -0.05300000 0.00000002
v -0.29000010 -0.05300000 0.00000002
v -0.28700008 -0.05119407 -0.01371739
v -0.28700008 -0.05300000 0.00000002
v -0.29000010 -0.05300000 0.00000002
v -0.28700008 -0.05300000 0.00000002
v -0.29000010 -0.05119407 0.01371743
v -0.29000010 -0.05119407 0.01371743
v -0.28700008 -0.05300000 0.00000002
v -0.28700008 -0.05119407 0.01371743
v -0.29000010 -0.05119407 0.01371743
v -0.28700008 -0.05119407 0.01371743
v -0.29000010 -0.04589935 0.02650002
v -0.29000010 -0.04589935 0.02650002
v -0.28700008 -0.05119407 0.01371743
v -0.28700008 -0.04589935 0.02650002
v -0.29000010 -0.04589935 0.02650002
v -0.28700008 -0.04589935 0.02650002
v -0.29000010 -0.03747666 0.03747668
v -0.29000010 -0.03747666 0.03747668
v -0.28700008 -0.04589935 0.02650002
v -0.28700007 -0.03747666 0.03747668
v -0.29000010 -0.03747666 0.03747668
v -0.28700007 -0.03747666 0.03747668
v -0.29000010 -0.02650000 0.04589937
v -0.29000010 -0.02650000 0.04589937
v -0.28700007 -0.03747666 0.03747668
v -0.28700007 -0.02650000 0.04589937
v -0.29000010 -0.02650000 0.04589937
v -0.28700007 -0.02650000 0.04589937
v -0.29000010 -0.01371741 0.05119409
v -0.29000010 -0.01371741 0.05119409
v -0.28700007 -0.02650000 0.04589937
v -0.28700007 -0.01371741 0.05119409
v -0.29000010 -0.01371741 0.05119409
v -0.28700007 -0.01371741 0.05119409
v -0.29000010 -0.00000000 0.05300002
v -0.29000010 -0.00000000 0.05300002
v -0.28700007 -0.01371741 0.05119409
v -0.28700007 -0.00000000 0.05300002
v -0.29000010 -0.00000000 0.05300002
v -0.28700007 -0.00000000 0.05300002
v -0.29000010 0.01371741 0.05119409
v -0.29000010 0.01371741 0.05119409
v -0.28700007 -0.00000000 0.05300002
v -0.28700007 0.01371741 0.05119409
v -0.29000010 0.01371741 0.05119409
v -0.28700007 0.01371741 0.05119409
v -0.29000010 0.02650000 0.04589937
v -0.29000010 0.02650000 0.04589937
v -0.28700007 0.01371741 0.05119409
v -0.28700007 0.02650000 0.04589937
v -0.29000010 0.02650000 0.04589937
v -0.28700007 0.02650000 0.04589937
v -0.29000010 0.03747666 0.03747668
v -0.29000010 0.03747666 0.03747668
v -0.28700007 0.02650000 0.04589937
v -0.28700007 0.03747666 0.03747668
v -0.29000010 0.03747666 0.03747668
v -0.28700007 0.03747666 0.03747668
v -0.29000010 0.04589935 0.02650002
v -0.29000010 0.04589935 0.02650002
v -0.28700007 0.03747666 0.03747668
v -0.28700008 0.04589935 0.02650002
v -0.29000010 0.04589935 0.02650002
v -0.28700008 0.04589935 0.02650002
v -0.29000010 0.05119407 0.01371743
v -0.29000010 0.05119407 0.01371743
v -0.28700008 0.04589935 0.02650002
v -0.28700008 0.05119407 0.01371743
v -0.29000010 0.05119407 0.01371743
v -0.28700008 0.05119407 0.01371743
v -0.29000010 0.05300000 0.00000002
v -0.29000010 0.05300000 0.00000002
v -0.28700008 0.05119407 0.01371743
v -0.28700008 0.05300000 0.00000002
v -0.29000010 0.05300000 0.00000002
v -0.28700008 0.05300000 0.00000002
v -0.29000010 0.05119407 -0.01371739
v -0.29000010 0.05119407 -0.01371739
v -0.28700008 0.05300000 0.00000002
v -0.28700008 0.05119407 -0.01371739
v -0.29000010 0.05119407 -0.01371739
v -0.28700008 0.05119407 -0.01371739
v -0.29000010 0.04589935 -0.02649999
v -0.29000010 0.04589935 -0.02649999
v -0.28700008 0.05119407 -0.01371739
v -0.28700008 0.04589935 -0.02649999
v -0.29000010 0.04589935 -0.02649999
v -0.28700008 0.04589935 -0.02649999
v -0.29000010 0.03747666 -0.03747664
v -0.29000010 0.03747666 -0.03747664
v -0.28700008 0.04589935 -0.02649999
v -0.28700008 0.03747666 -0.03747664
v -0.29000010 0.03747666 -0.03747664
v -0.28700008 0.03747666 -0.03747664
v -0.29000010 0.02650000 -0.04589933
v -0.29000010 0.02650000 -0.04589933
v -0.28700008 0.03747666 -0.03747664
v -0.28700008 0.02650000 -0.04589933
v -0.29000010 0.02650000 -0.04589933
v -0.28700008 0.02650000 -0.04589933
v -0.29000010 0.01371741 -0.05119406
v -0.29000010 0.01371741 -0.05119406
v -0.28700008 0.02650000 -0.04589933
v -0.28700008 0.01371741 -0.05119406
v -0.29000010 0.01371741 -0.05119406
v -0.28700008 0.01371741 -0.05119406
v -0.29000010 0.00000000 -0.05299999
v -0.29000010 0.00000000 -0.05299999
v -0.28700008 0.01371741 -0.05119406
v -0.28700008 0.00000000 -0.05299999
v -0.28700008 0.13825455 -0.05281742
v -0.28000008 0.13825455 -0.05281742
v -0.28700008 0.12892324 -0.07268286
v -0.28700008 0.12892324 -0.07268286
v -0.28000008 0.13825455 -0.05281742
v -0.28000008 0.12892324 -0.07268286
v -0.28700008 0.12892324 -0.07268286
v -0.28000008 0.12892324 -0.07268286
v -0.28700008 0.11675667 -0.09094987
v -0.28700008 0.11675667 -0.09094987
v -0.28000008 0.12892324 -0.07268286
v -0.28000008 0.11675667 -0.09094987
v -0.28700008 0.11675667 -0.09094987
v -0.28000008 0.11675667 -0.09094987
v -0.28700008 0.10202241 -0.10721673
v -0.28700008 0.10202241 -0.10721673
v -0.28000008 0.11675667 -0.09094987
v -0.28000008 0.10202241 -0.10721673
v -0.28700008 0.10202241 -0.10721673
v -0.28000008 0.10202241 -0.10721673
v -0.28700008 0.08504449 -0.12112570
v -0.28700008 0.08504449 -0.12112570
v -0.28000008 0.10202241 -0.10721673
v -0.28000008 0.08504449 -0.12112570
v -0.28700008 0.08504449 -0.12112570
v -0.28000008 0.08504449 -0.12112570
v -0.28700009 0.06619629 -0.13237089
v -0.28700009 0.06619629 -0.13237089
v -0.28000008 0.08504449 -0.12112570
v -0.28000009 0.06619629 -0.13237090
v -0.28700009 0.06619629 -0.13237089
v -0.28000009 0.06619629 -0.13237090
v -0.28700009 0.04589231 -0.14070500
v -0.28700009 0.04589231 -0.14070500
v -0.28000009 0.06619629 -0.13237090
v -0.28000009 0.04589231 -0.14070500
v -0.28700009 0.02323424 -0.14616487
v -0.28700009 0.04589231 -0.14070500
v -0.30500009 0.02897134 -0.14513670
v -0.28700009 0.04589231 -0.14070500
v -0.30500009 0.04589231 -0.14070499
v -0.30500009 0.02897134 -0.14513670
v -0.28700009 -0.04589231 -0.14070500
v -0.28700009 -0.02323424 -0.14616487
v -0.30500009 -0.04589231 -0.14070499
v -0.28700009 -0.02323424 -0.14616487
v -0.30500009 -0.02897134 -0.14513670
v -0.30500009 -0.04589231 -0.14070499
v -0.30500009 0.01164571 -0.14754111
v -0.28700009 0.02323424 -0.14616487
v -0.30500009 0.02897134 -0.14513670
v -0.30500009 0.01164571 -0.14754111
v -0.28700009 0.00000000 -0.14799999
v -0.28700009 0.02323424 -0.14616487
v -0.30500009 0.01164571 -0.14754111
v -0.32600009 -0.01164571 -0.14754111
v -0.28700009 0.00000000 -0.14799999
v -0.30500009 0.01164571 -0.14754111
v -0.32600009 0.01164571 -0.14754111
v -0.32600009 -0.01164571 -0.14754111
v -0.30500009 -0.01164571 -0.14754111
v -0.28700009 0.00000000 -0.14799999
v -0.32600009 -0.01164571 -0.14754111
v -0.30500009 -0.01164571 -0.14754111
v -0.28700009 -0.02323424 -0.14616487
v -0.28700009 0.00000000 -0.14799999
v -0.30500009 -0.01164571 -0.14754111
v -0.30500009 -0.02897134 -0.14513670
v -0.28700009 -0.02323424 -0.14616487
v -0.25500009 0.13288890 0.10642940
v -0.28000007 0.13288890 0.10642940
v -0.25500009 0.12913118 0.11984140
v -0.25500009 0.12913118 0.11984140
v -0.28000007 0.13288890 0.10642940
v -0.28000007 0.12975527 0.11835186
v -0.25500009 0.12913118 0.11984140
v -0.28000007 0.12975527 0.11835186
v -0.25500009 0.12332027 0.12979496
v -0.25500009 0.12332027 0.12979496
v -0.28000007 0.12975527 0.11835186
v -0.28000007 0.12379984 0.12914526
v -0.25500009 0.12332027 0.12979496
v -0.28000007 0.12379984 0.12914526
v -0.25500009 0.11538462 0.13815353
v -0.25500009 0.11538462 0.13815353
v -0.28000007 0.12379984 0.12914526
v -0.28000007 0.11538462 0.13815353
v -0.28000007 0.13288890 0.10642940
v -0.25500009 0.13288890 0.10642940
v -0.28000007 0.13825455 0.05281745
v -0.28000007 0.13825455 0.05281745
v -0.25500009 0.13288890 0.10642940
v -0.25500010 0.13822025 0.05333335
v -0.28000007 0.13825455 0.05281745
v -0.25500010 0.13822025 0.05333335
v -0.25500010 0.14000000 0.00000002
v -0.28700007 0.13825455 0.05281745
v -0.28000007 0.13825455 0.05281745
v -0.28700008 0.14000000 0.00000002
v -0.28700008 0.14000000 0.00000002
v -0.28000007 0.13825455 0.05281745
v -0.25500010 0.14000000 0.00000002
v -0.28700008 0.14000000 0.00000002
v -0.25500010 0.14000000 0.00000002
v -0.28000008 0.13825455 -0.05281742
v -0.28000008 0.13825455 -0.05281742
v -0.25500010 0.14000000 0.00000002
v -0.25500010 0.13822025 -0.05333332
v -0.28000008 0.13825455 -0.05281742
v -0.25500010 0.13822025 -0.05333332
v -0.28000008 0.13288890 -0.10642937
v -0.28000008 0.13288890 -0.10642937
v -0.25500010 0.13822025 -0.05333332
v -0.25500011 0.13288890 -0.10642937
v -0.28700008 0.13825455 -0.05281742
v -0.28700008 0.14000000 0.00000002
v -0.28000008 0.13825455 -0.05281742
v -0.28000007 -0.11538462 0.13815353
v -0.25500009 -0.11538462 0.13815353
v -0.28000007 -0.09510469 0.15282377
v -0.28000007 -0.09510469 0.15282377
v -0.25500009 -0.11538462 0.13815353
v -0.25500009 -0.09606504 0.15222194
v -0.28000007 -0.09510469 0.15282377
v -0.25500009 -0.09606504 0.15222194
v -0.28000007 -0.07298581 0.16453901
v -0.28000007 -0.07298581 0.16453901
v -0.25500009 -0.09606504 0.15222194
v -0.25500009 -0.07505196 0.16360689
v -0.28000007 -0.07298581 0.16453901
v -0.25500009 -0.07505196 0.16360689
v -0.25500009 -0.05271582 0.17210768
v -0.25500009 0.10132597 0.14877183
v -0.25500009 0.11538462 0.13815353
v -0.28000007 0.09510469 0.15282377
v -0.28000007 0.09510469 0.15282377
v -0.25500009 0.11538462 0.13815353
v -0.28000007 0.11538462 0.13815353
v -0.25500009 0.08629660 0.15796489
v -0.25500009 0.10132597 0.14877183
v -0.28000007 0.09510469 0.15282377
v -0.25500009 0.08629660 0.15796489
v -0.28000007 0.09510469 0.15282377
v -0.28000007 0.07298581 0.16453901
v -0.25500009 0.08629660 0.15796489
v -0.28000007 0.07298581 0.16453901
v -0.25500009 0.06460880 0.16800510
v -0.28000007 -0.07298581 0.16453901
v -0.25500009 -0.05271582 0.17210768
v -0.28000007 -0.04945567 0.17307266
v -0.28000007 -0.04945567 0.17307266
v -0.25500009 -0.05271582 0.17210768
v -0.25500009 -0.02945038 0.17757445
v -0.28000007 -0.04945567 0.17307266
v -0.25500009 -0.02945038 0.17757445
v -0.28000007 -0.02496924 0.17825979
v -0.28000007 -0.02496924 0.17825979
v -0.25500009 -0.02945038 0.17757445
v -0.25500009 -0.00566577 0.17991085
v -0.28000007 -0.02496924 0.17825979
v -0.25500009 -0.00566577 0.17991085
v -0.28000007 -0.00000000 0.18000003
v -0.28000007 -0.00000000 0.18000003
v -0.25500009 -0.00566577 0.17991085
v -0.25500009 0.01821872 0.17907565
v -0.28000007 -0.00000000 0.18000003
v -0.25500009 0.01821872 0.17907565
v -0.28000007 0.02496924 0.17825979
v -0.28000007 0.02496924 0.17825979
v -0.25500009 0.01821872 0.17907565
v -0.25500009 0.04178204 0.17508362
v -0.28000007 0.02496924 0.17825979
v -0.25500009 0.04178204 0.17508362
v -0.28000007 0.04945567 0.17307266
v -0.28000007 0.04945567 0.17307266
v -0.25500009 0.04178204 0.17508362
v -0.25500009 0.06460880 0.16800510
v -0.28000007 0.04945567 0.17307266
v -0.25500009 0.06460880 0.16800510
v -0.28000007 0.07298581 0.16453901
v 0.04437132 -0.07168078 0.20522394
v 0.04501638 -0.07363436 0.20237930
v 0.05681808 -0.05818848 0.20049998
v 0.05681808 -0.05818848 0.20049998
v 0.04501638 -0.07363436 0.20237930
v 0.05127495 -0.06738712 0.20026580
v 0.05681808 -0.05818848 0.20049998
v 0.05127495 -0.06738712 0.20026580
v 0.05769736 -0.05953478 0.19809403
v 0.00760897 -0.09078129 0.21918711
v 0.00687230 -0.09418048 0.21517102
v 0.02073022 -0.08654221 0.21419945
v 0.02073022 -0.08654221 0.21419945
v 0.00687230 -0.09418048 0.21517102
v 0.01382437 -0.09212711 0.21285060
v 0.02073022 -0.08654221 0.21419945
v 0.01382437 -0.09212711 0.21285060
v 0.02059280 -0.08949688 0.21058724
v 0.02073022 -0.08654221 0.21419945
v 0.02059280 -0.08949688 0.21058724
v 0.03308870 -0.08012614 0.20950605
v 0.03308870 -0.08012614 0.20950605
v 0.02059280 -0.08949688 0.21058724
v 0.02713536 -0.08630866 0.20839497
v 0.03308870 -0.08012614 0.20950605
v 0.02713536 -0.08630866 0.20839497
v 0.03341183 -0.08258475 0.20628747
v 0.03308870 -0.08012614 0.20950605
v 0.03341183 -0.08258475 0.20628747
v 0.04437132 -0.07168078 0.20522394
v 0.04437132 -0.07168078 0.20522394
v 0.03341183 -0.08258475 0.20628747
v 0.03938410 -0.07835057 0.20427799
v 0.04437132 -0.07168078 0.20522394
v 0.03938410 -0.07835057 0.20427799
v 0.04501638 -0.07363436 0.20237930
v 0.00687230 -0.09418048 0.21517102
v 0.00760897 -0.09078129 0.21918711
v 0.00359943 -0.09493198 0.21626189
v 0.00359943 -0.09493198 0.21626189
v 0.00760897 -0.09078129 0.21918711
v 0.00449453 -0.09144137 0.22037205
v 0.00359943 -0.09493198 0.21626189
v 0.00449453 -0.09144137 0.22037205
v -0.00516171 -0.09629720 0.21920210
v -0.01397081 -0.09676275 0.22224340
v -0.00516171 -0.09629720 0.21920210
v -0.01230479 -0.09296810 0.22670354
v -0.01230479 -0.09296810 0.22670354
v -0.00516171 -0.09629720 0.21920210
v 0.00449453 -0.09144137 0.22037205
v -0.01397081 -0.09676275 0.22224340
v -0.01230479 -0.09296810 0.22670354
v -0.02380863 -0.09623040 0.22576261
v -0.02380863 -0.09623040 0.22576261
v -0.01230479 -0.09296810 0.22670354
v -0.02177121 -0.09242173 0.23018187
v -0.02380863 -0.09623040 0.22576261
v -0.02177121 -0.09242173 0.23018187
v -0.03645859 -0.09385981 0.23043475
v -0.03645859 -0.09385981 0.23043475
v -0.02177121 -0.09242173 0.23018187
v -0.03401534 -0.09016934 0.23460347
v -0.03645859 -0.09385981 0.23043475
v -0.03401534 -0.09016934 0.23460347
v -0.04261956 -0.09197144 0.23276633
v -0.06750860 -0.07335690 0.24634187
v -0.07048622 -0.07592810 0.24369379
v -0.05710781 -0.08056742 0.24274285
v -0.05710781 -0.08056742 0.24274285
v -0.07048622 -0.07592810 0.24369379
v -0.06539091 -0.07997131 0.24165634
v -0.05710781 -0.08056742 0.24274285
v -0.06539091 -0.07997131 0.24165634
v -0.06003165 -0.08361309 0.23953021
v -0.05710781 -0.08056742 0.24274285
v -0.06003165 -0.08361309 0.23953021
v -0.04588600 -0.08619351 0.23881628
v -0.04588600 -0.08619351 0.23881628
v -0.06003165 -0.08361309 0.23953021
v -0.05443521 -0.08683533 0.23733056
v -0.04588600 -0.08619351 0.23881628
v -0.05443521 -0.08683533 0.23733056
v -0.04862956 -0.08962274 0.23507349
v -0.04862956 -0.08962274 0.23507349
v -0.04261956 -0.09197144 0.23276633
v -0.04588600 -0.08619351 0.23881628
v -0.04588600 -0.08619351 0.23881628
v -0.04261956 -0.09197144 0.23276633
v -0.03401534 -0.09016934 0.23460347
v 0.09794800 -0.12065396 0.00499999
v 0.09820110 -0.12058613 -0.00000001
v 0.09440015 -0.10741323 0.00500000
v 0.09440015 -0.10741323 0.00500000
v 0.09820110 -0.12058613 -0.00000001
v 0.09453369 -0.10689914 -0.00000001
v 0.09440015 -0.10741323 0.00500000
v 0.09453369 -0.10689914 -0.00000001
v 0.09453262 -0.10689516 -0.00000004
v 0.09453262 -0.10689516 -0.00000004
v 0.09417935 -0.10697822 0.00692122
v 0.09440015 -0.10741323 0.00500000
v 0.09440015 -0.10741323 0.00500000
v 0.09417935 -0.10697822 0.00692122
v 0.09432483 -0.10747939 0.00671510
v 0.09524493 -0.10211189 0.01386911
v 0.09416860 -0.10329250 0.01282520
v 0.09465352 -0.10286650 0.01222492
v 0.09416860 -0.10329250 0.01282520
v 0.09220521 -0.10726810 0.01014533
v 0.09465352 -0.10286650 0.01222492
v 0.09465352 -0.10286650 0.01222492
v 0.09220521 -0.10726810 0.01014533
v 0.09395541 -0.10577389 0.00798603
v 0.09220521 -0.10726810 0.01014533
v 0.09365873 -0.10788177 0.00859495
v 0.09395541 -0.10577389 0.00798603
v 0.09211267 -0.10872995 0.00947763
v 0.09365873 -0.10788177 0.00859495
v 0.09220521 -0.10726810 0.01014533
v 0.09417935 -0.10697822 0.00692122
v 0.09395541 -0.10577389 0.00798603
v 0.09365873 -0.10788177 0.00859495
v 0.07972707 -0.13352180 -0.00000000
v 0.07987737 -0.13330713 0.00500000
v 0.06811986 -0.12539433 -0.00000000
v 0.06811986 -0.12539433 -0.00000000
v 0.07987737 -0.13330713 0.00500000
v 0.06864860 -0.12544467 0.00500000
v 0.06831533 -0.12508839 0.00692122
v 0.06811646 -0.12539196 -0.00000004
v 0.06811986 -0.12539433 -0.00000000
v 0.06831533 -0.12508839 0.00692122
v 0.06811986 -0.12539433 -0.00000000
v 0.06864860 -0.12544467 0.00500000
v 0.06831533 -0.12508839 0.00692122
v 0.06864860 -0.12544467 0.00500000
v 0.06873653 -0.12539650 0.00671510
v 0.06934245 -0.12490820 0.00859495
v 0.07066827 -0.12374547 0.00947763
v 0.06656759 -0.12421598 0.00882433
v 0.06656759 -0.12421598 0.00882433
v 0.07066827 -0.12374547 0.00947763
v 0.06829037 -0.12324720 0.01067344
v 0.06656759 -0.12421598 0.00882433
v 0.06829037 -0.12324720 0.01067344
v 0.06337803 -0.12442533 0.01386911
v 0.06831533 -0.12508839 0.00692122
v 0.06934245 -0.12490820 0.00859495
v 0.06656759 -0.12421598 0.00882433
v 0.10934138 -0.09215993 0.00927491
v 0.11713869 -0.08202144 0.00927491
v 0.10872990 -0.09211272 0.00947763
v 0.11713869 -0.08202144 0.00927491
v 0.11517324 -0.08064520 0.01104655
v 0.10872990 -0.09211272 0.00947763
v 0.11713869 -0.08202144 0.00927491
v 0.12399893 -0.07122680 0.00927491
v 0.11517324 -0.08064520 0.01104655
v 0.12399893 -0.07122680 0.00927491
v 0.12374542 -0.07066832 0.00947763
v 0.11517324 -0.08064520 0.01104655
v 0.12381765 -0.06485563 0.01282520
v 0.11438374 -0.08009239 0.01386911
v 0.12333240 -0.06926298 0.01014532
v 0.11438374 -0.08009239 0.01386911
v 0.11517324 -0.08064520 0.01104655
v 0.12333240 -0.06926298 0.01014532
v 0.11438374 -0.08009239 0.01386911
v 0.10211184 -0.09524498 0.01386911
v 0.11517324 -0.08064520 0.01104655
v 0.10211184 -0.09524498 0.01386911
v 0.10632498 -0.09245779 0.01067344
v 0.11517324 -0.08064520 0.01104655
v 0.12374542 -0.07066832 0.00947763
v 0.12333240 -0.06926298 0.01014532
v 0.11517324 -0.08064520 0.01104655
v 0.12442528 -0.06337809 0.01386911
v 0.11438374 -0.08009239 0.01386911
v 0.12381765 -0.06485563 0.01282520
v 0.10872990 -0.09211272 0.00947763
v 0.11517324 -0.08064520 0.01104655
v 0.10632498 -0.09245779 0.01067344
v 0.08064515 -0.11517329 0.01104655
v 0.09211267 -0.10872995 0.00947763
v 0.09220521 -0.10726810 0.01014533
v 0.08064515 -0.11517329 0.01104655
v 0.09215987 -0.10934144 0.00927491
v 0.09211267 -0.10872995 0.00947763
v 0.08064515 -0.11517329 0.01104655
v 0.08202138 -0.11713874 0.00927491
v 0.09215987 -0.10934144 0.00927491
v 0.08064515 -0.11517329 0.01104655
v 0.07122674 -0.12399898 0.00927491
v 0.08202138 -0.11713874 0.00927491
v 0.08064515 -0.11517329 0.01104655
v 0.07066827 -0.12374547 0.00947763
v 0.07122674 -0.12399898 0.00927491
v 0.08064515 -0.11517329 0.01104655
v 0.06829037 -0.12324720 0.01067344
v 0.07066827 -0.12374547 0.00947763
v 0.08064515 -0.11517329 0.01104655
v 0.06337803 -0.12442533 0.01386911
v 0.06829037 -0.12324720 0.01067344
v 0.08064515 -0.11517329 0.01104655
v 0.08009234 -0.11438379 0.01386911
v 0.06337803 -0.12442533 0.01386911
v 0.08064515 -0.11517329 0.01104655
v 0.09416860 -0.10329250 0.01282520
v 0.08009234 -0.11438379 0.01386911
v 0.08064515 -0.11517329 0.01104655
v 0.09220521 -0.10726810 0.01014533
v 0.09416860 -0.10329250 0.01282520
v 0.09524493 -0.10211189 0.01386911
v 0.08009234 -0.11438379 0.01386911
v 0.09416860 -0.10329250 0.01282520
v -0.23211891 -0.13101169 -0.10626431
v -0.23208385 -0.13211995 -0.09761298
v -0.25500011 -0.13288890 -0.10642937
v -0.25500011 -0.13288890 -0.10642937
v -0.23208385 -0.13211995 -0.09761298
v -0.23260419 -0.13553183 -0.06517408
v -0.25500011 -0.13288890 -0.10642937
v -0.23260419 -0.13553183 -0.06517408
v -0.25500010 -0.13822025 -0.05333332
v -0.25500010 -0.14000000 0.00000002
v -0.23259172 -0.13792630 0.02071115
v -0.25500010 -0.13822025 0.05333335
v -0.25500010 -0.13822025 0.05333335
v -0.23259172 -0.13792630 0.02071115
v -0.23275792 -0.13699186 0.04429623
v -0.25500010 -0.13822025 0.05333335
v -0.23275792 -0.13699186 0.04429623
v -0.23241020 -0.13388160 0.08258416
v -0.23207619 -0.13146478 0.10278039
v -0.23209185 -0.13100722 0.10626394
v -0.23241020 -0.13388160 0.08258416
v -0.23241020 -0.13388160 0.08258416
v -0.23209185 -0.13100722 0.10626394
v -0.25500009 -0.13288890 0.10642940
v -0.23241020 -0.13388160 0.08258416
v -0.25500009 -0.13288890 0.10642940
v -0.25500010 -0.13822025 0.05333335
v -0.23260419 -0.13553183 -0.06517408
v -0.23268971 -0.13690373 -0.04566225
v -0.25500010 -0.13822025 -0.05333332
v -0.23259172 -0.13792630 0.02071115
v -0.25500010 -0.14000000 0.00000002
v -0.23256196 -0.13796635 -0.01890278
v -0.25500010 -0.14000000 0.00000002
v -0.23268971 -0.13690373 -0.04566225
v -0.23256196 -0.13796635 -0.01890278
v -0.23268971 -0.13690373 -0.04566225
v -0.25500010 -0.14000000 0.00000002
v -0.25500010 -0.13822025 -0.05333332
v -0.22792076 -0.11268905 -0.13723812
v -0.22545687 -0.11672803 -0.13216943
v -0.23245241 -0.11332778 -0.13801601
v -0.22545687 -0.11672803 -0.13216943
v -0.23209793 -0.11831489 -0.13324206
v -0.23245241 -0.11332778 -0.13801601
v -0.22545687 -0.11672803 -0.13216943
v -0.22497868 -0.12233231 -0.12447914
v -0.23209793 -0.11831489 -0.13324206
v -0.22497868 -0.12233231 -0.12447914
v -0.23181621 -0.12267861 -0.12771114
v -0.23209793 -0.11831489 -0.13324206
v -0.22497868 -0.12233231 -0.12447914
v -0.23168941 -0.12588404 -0.12231929
v -0.23181621 -0.12267861 -0.12771114
v -0.21492339 -0.10997541 -0.12660892
v -0.21958368 -0.11387618 -0.12990109
v -0.21648485 -0.10782579 -0.13131543
v -0.21958368 -0.11387618 -0.12990109
v -0.21979698 -0.10988982 -0.13382910
v -0.21648485 -0.10782579 -0.13131543
v -0.21958368 -0.11387618 -0.12990109
v -0.22545687 -0.11672803 -0.13216943
v -0.21979698 -0.10988982 -0.13382910
v -0.22545687 -0.11672803 -0.13216943
v -0.22365325 -0.11152975 -0.13582628
v -0.21979698 -0.10988982 -0.13382910
v -0.22545687 -0.11672803 -0.13216943
v -0.22792076 -0.11268905 -0.13723812
v -0.22365325 -0.11152975 -0.13582628
v -0.21182909 -0.10532125 -0.12254238
v -0.21492339 -0.10997541 -0.12660892
v -0.21192700 -0.10272218 -0.12510000
v -0.21492339 -0.10997541 -0.12660892
v -0.21383104 -0.10540880 -0.12837190
v -0.21192700 -0.10272218 -0.12510000
v -0.21492339 -0.10997541 -0.12660892
v -0.21648485 -0.10782579 -0.13131543
v -0.21383104 -0.10540880 -0.12837190
v -0.23171434 -0.12852998 -0.11622445
v -0.22458652 -0.12602128 -0.11657056
v -0.23211891 -0.13101169 -0.10626431
v -0.22458652 -0.12602128 -0.11657056
v -0.22430394 -0.12828463 -0.10759947
v -0.23211891 -0.13101169 -0.10626431
v -0.22458652 -0.12602128 -0.11657056
v -0.21836159 -0.12174062 -0.11618935
v -0.22430394 -0.12828463 -0.10759947
v -0.21836159 -0.12174062 -0.11618935
v -0.21754092 -0.12341253 -0.10850383
v -0.22430394 -0.12828463 -0.10759947
v -0.21836159 -0.12174062 -0.11618935
v -0.21352737 -0.11602344 -0.11511070
v -0.21754092 -0.12341253 -0.10850383
v -0.21352737 -0.11602344 -0.11511070
v -0.21239689 -0.11680390 -0.10890154
v -0.21754092 -0.12341253 -0.10850383
v -0.21352737 -0.11602344 -0.11511070
v -0.21046272 -0.10931780 -0.11341915
v -0.21239689 -0.11680390 -0.10890154
v -0.21046272 -0.10931780 -0.11341915
v -0.20930309 -0.10901278 -0.10875928
v -0.21239689 -0.11680390 -0.10890154
v -0.22497868 -0.12233231 -0.12447914
v -0.21903942 -0.11870330 -0.12310773
v -0.22458652 -0.12602128 -0.11657056
v -0.21903942 -0.11870330 -0.12310773
v -0.21836159 -0.12174062 -0.11618935
v -0.22458652 -0.12602128 -0.11657056
v -0.21903942 -0.11870330 -0.12310773
v -0.21436447 -0.11385154 -0.12088722
v -0.21836159 -0.12174062 -0.11618935
v -0.21436447 -0.11385154 -0.12088722
v -0.21352737 -0.11602344 -0.11511070
v -0.21836159 -0.12174062 -0.11618935
v -0.21436447 -0.11385154 -0.12088722
v -0.21046272 -0.10931780 -0.11341915
v -0.21352737 -0.11602344 -0.11511070
v -0.22545687 -0.11672803 -0.13216943
v -0.21958368 -0.11387618 -0.12990109
v -0.22497868 -0.12233231 -0.12447914
v -0.21958368 -0.11387618 -0.12990109
v -0.21903942 -0.11870330 -0.12310773
v -0.22497868 -0.12233231 -0.12447914
v -0.21958368 -0.11387618 -0.12990109
v -0.21492339 -0.10997541 -0.12660892
v -0.21903942 -0.11870330 -0.12310773
v -0.21492339 -0.10997541 -0.12660892
v -0.21436447 -0.11385154 -0.12088722
v -0.21903942 -0.11870330 -0.12310773
v -0.21492339 -0.10997541 -0.12660892
v -0.21152430 -0.10740321 -0.11952084
v -0.21436447 -0.11385154 -0.12088722
v -0.21152430 -0.10740321 -0.11952084
v -0.21046272 -0.10931780 -0.11341915
v -0.21436447 -0.11385154 -0.12088722
v -0.22497868 -0.12233231 -0.12447914
v -0.22458652 -0.12602128 -0.11657056
v -0.23168941 -0.12588404 -0.12231929
v -0.22458652 -0.12602128 -0.11657056
v -0.23171434 -0.12852998 -0.11622445
v -0.23168941 -0.12588404 -0.12231929
v -0.21492339 -0.10997541 -0.12660892
v -0.21182909 -0.10532125 -0.12254238
v -0.21152430 -0.10740321 -0.11952084
v -0.23245241 -0.11332778 -0.13801601
v -0.23244945 -0.11108654 -0.13982579
v -0.22792076 -0.11268905 -0.13723812
v -0.22792076 -0.11268905 -0.13723812
v -0.23244945 -0.11108654 -0.13982579
v -0.22574305 -0.11106717 -0.13750885
v -0.22792076 -0.11268905 -0.13723812
v -0.22574305 -0.11106717 -0.13750885
v -0.22365325 -0.11152975 -0.13582628
v -0.21192787 -0.10069247 -0.12674267
v -0.21192700 -0.10272218 -0.12510000
v -0.21506964 -0.10560644 -0.13074809
v -0.21506964 -0.10560644 -0.13074809
v -0.21192700 -0.10272218 -0.12510000
v -0.21383104 -0.10540880 -0.12837190
v -0.21506964 -0.10560644 -0.13074809
v -0.21383104 -0.10540880 -0.12837190
v -0.21648485 -0.10782579 -0.13131543
v -0.22365325 -0.11152975 -0.13582628
v -0.22574305 -0.11106717 -0.13750885
v -0.21979698 -0.10988982 -0.13382910
v -0.21979698 -0.10988982 -0.13382910
v -0.22574305 -0.11106717 -0.13750885
v -0.21979648 -0.10880744 -0.13471116
v -0.21979698 -0.10988982 -0.13382910
v -0.21979648 -0.10880744 -0.13471116
v -0.21648485 -0.10782579 -0.13131543
v -0.21648485 -0.10782579 -0.13131543
v -0.21979648 -0.10880744 -0.13471116
v -0.21506964 -0.10560644 -0.13074809
v -0.23244945 -0.11108654 -0.13982579
v -0.22365195 -0.10932432 -0.13760769
v -0.22574305 -0.11106717 -0.13750885
v -0.21979648 -0.10880744 -0.13471116
v -0.22574305 -0.11106717 -0.13750885
v -0.22365195 -0.10932432 -0.13760769
v -0.22365195 -0.10932432 -0.13760769
v -0.21648491 -0.10569426 -0.13303849
v -0.21979648 -0.10880744 -0.13471116
v -0.21979648 -0.10880744 -0.13471116
v -0.21648491 -0.10569426 -0.13303849
v -0.21506964 -0.10560644 -0.13074809
v -0.21192787 -0.10069247 -0.12674267
v -0.21506964 -0.10560644 -0.13074809
v -0.21648491 -0.10569426 -0.13303849
v -0.23244945 -0.11108654 -0.13982579
v -0.23244945 -0.09871370 -0.14881892
v -0.22365195 -0.10932432 -0.13760769
v -0.22365195 -0.10932432 -0.13760769
v -0.23244945 -0.09871370 -0.14881892
v -0.22365195 -0.09714777 -0.14645816
v -0.22365195 -0.10932432 -0.13760769
v -0.22365195 -0.09714777 -0.14645816
v -0.21648491 -0.10569426 -0.13303849
v -0.21648491 -0.10569426 -0.13303849
v -0.22365195 -0.09714777 -0.14645816
v -0.21648491 -0.09392203 -0.14159508
v -0.21648491 -0.10569426 -0.13303849
v -0.21648491 -0.09392203 -0.14159508
v -0.21192787 -0.10069247 -0.12674267
v -0.21192787 -0.10069247 -0.12674267
v -0.21648491 -0.09392203 -0.14159508
v -0.21192787 -0.08947734 -0.13489435
v -0.23244945 -0.09871370 -0.14881892
v -0.23244945 -0.08561669 -0.15672029
v -0.22365195 -0.09714777 -0.14645816
v -0.22365195 -0.09714777 -0.14645816
v -0.23244945 -0.08561669 -0.15672029
v -0.22791866 -0.08513422 -0.15583713
v -0.22365195 -0.09714777 -0.14645816
v -0.22791866 -0.08513422 -0.15583713
v -0.22365195 -0.08425852 -0.15423418
v -0.22365195 -0.09714777 -0.14645816
v -0.22365195 -0.08425852 -0.15423418
v -0.21648491 -0.09392203 -0.14159508
v -0.21648491 -0.09392203 -0.14159508
v -0.22365195 -0.08425852 -0.15423418
v -0.21979640 -0.08301980 -0.15196672
v -0.21648491 -0.09392203 -0.14159508
v -0.21979640 -0.08301980 -0.15196672
v -0.21648491 -0.08146075 -0.14911291
v -0.21648491 -0.09392203 -0.14159508
v -0.21648491 -0.08146075 -0.14911291
v -0.21192787 -0.08947734 -0.13489435
v -0.21192787 -0.08947734 -0.13489435
v -0.21648491 -0.08146075 -0.14911291
v -0.21383158 -0.07963511 -0.14577108
v -0.21192787 -0.08947734 -0.13489435
v -0.21383158 -0.07963511 -0.14577108
v -0.21192787 -0.07760578 -0.14205642
v -0.21168279 0.10655294 -0.12090158
v -0.21436060 0.11386386 -0.12085830
v -0.21079517 0.10908249 -0.11502479
v -0.21436060 0.11386386 -0.12085830
v -0.21385098 0.11543002 -0.11715879
v -0.21079517 0.10908249 -0.11502479
v -0.21436060 0.11386386 -0.12085830
v -0.21903739 0.11872134 -0.12307418
v -0.21385098 0.11543002 -0.11715879
v -0.21903739 0.11872134 -0.12307418
v -0.21861035 0.12084158 -0.11865769
v -0.21385098 0.11543002 -0.11715879
v -0.21903739 0.11872134 -0.12307418
v -0.22497932 0.12235472 -0.12444143
v -0.21861035 0.12084158 -0.11865769
v -0.22497932 0.12235472 -0.12444143
v -0.22470596 0.12489954 -0.11940579
v -0.21861035 0.12084158 -0.11865769
v -0.22497932 0.12235472 -0.12444143
v -0.23166742 0.12729073 -0.11934539
v -0.22470596 0.12489954 -0.11940579
v -0.23209224 0.13100728 -0.10626392
v -0.22428789 0.12828250 -0.10759724
v -0.23190596 0.13043062 -0.10950138
v -0.22428789 0.12828250 -0.10759724
v -0.22435469 0.12775071 -0.11050052
v -0.23190596 0.13043062 -0.10950138
v -0.22428789 0.12828250 -0.10759724
v -0.21753422 0.12341607 -0.10850044
v -0.22435469 0.12775071 -0.11050052
v -0.21753422 0.12341607 -0.10850044
v -0.21779994 0.12305805 -0.11096519
v -0.22435469 0.12775071 -0.11050052
v -0.21753422 0.12341607 -0.10850044
v -0.21239722 0.11681583 -0.10889781
v -0.21779994 0.12305805 -0.11096519
v -0.21239722 0.11681583 -0.10889781
v -0.21277751 0.11673623 -0.11085739
v -0.21779994 0.12305805 -0.11096519
v -0.21239722 0.11681583 -0.10889781
v -0.20930742 0.10903490 -0.10875606
v -0.21277751 0.11673623 -0.11085739
v -0.20930742 0.10903490 -0.10875606
v -0.20969795 0.10930204 -0.11018595
v -0.21277751 0.11673623 -0.11085739
v -0.23245300 0.11332788 -0.13801601
v -0.23193642 0.12083810 -0.13024282
v -0.22792118 0.11268915 -0.13723812
v -0.23193642 0.12083810 -0.13024282
v -0.22528242 0.11902997 -0.12939605
v -0.22792118 0.11268915 -0.13723812
v -0.23193642 0.12083810 -0.13024282
v -0.23174273 0.12433191 -0.12512121
v -0.22528242 0.11902997 -0.12939605
v -0.23174273 0.12433191 -0.12512121
v -0.22497932 0.12235472 -0.12444143
v -0.22528242 0.11902997 -0.12939605
v -0.23174273 0.12433191 -0.12512121
v -0.23166742 0.12729073 -0.11934539
v -0.22497932 0.12235472 -0.12444143
v -0.22528242 0.11902997 -0.12939605
v -0.21940873 0.11587366 -0.12744684
v -0.22365350 0.11152982 -0.13582624
v -0.21940873 0.11587366 -0.12744684
v -0.21979708 0.10988984 -0.13382899
v -0.22365350 0.11152982 -0.13582624
v -0.21940873 0.11587366 -0.12744684
v -0.21475855 0.11160734 -0.12454229
v -0.21979708 0.10988984 -0.13382899
v -0.21475855 0.11160734 -0.12454229
v -0.21648485 0.10782573 -0.13131523
v -0.21979708 0.10988984 -0.13382899
v -0.21475855 0.11160734 -0.12454229
v -0.21383094 0.10540866 -0.12837159
v -0.21648485 0.10782573 -0.13131523
v -0.21383094 0.10540866 -0.12837159
v -0.21475855 0.11160734 -0.12454229
v -0.21192684 0.10272190 -0.12509956
v -0.21475855 0.11160734 -0.12454229
v -0.21168279 0.10655294 -0.12090158
v -0.21192684 0.10272190 -0.12509956
v -0.21475855 0.11160734 -0.12454229
v -0.21436060 0.11386386 -0.12085830
v -0.21168279 0.10655294 -0.12090158
v -0.22497932 0.12235472 -0.12444143
v -0.21903739 0.11872134 -0.12307418
v -0.22528242 0.11902997 -0.12939605
v -0.21903739 0.11872134 -0.12307418
v -0.21940873 0.11587366 -0.12744684
v -0.22528242 0.11902997 -0.12939605
v -0.21903739 0.11872134 -0.12307418
v -0.21436060 0.11386386 -0.12085830
v -0.21940873 0.11587366 -0.12744684
v -0.21436060 0.11386386 -0.12085830
v -0.21475855 0.11160734 -0.12454229
v -0.21940873 0.11587366 -0.12744684
v -0.23190596 0.13043062 -0.10950138
v -0.22435469 0.12775071 -0.11050052
v -0.23166742 0.12729073 -0.11934539
v -0.22435469 0.12775071 -0.11050052
v -0.22470596 0.12489954 -0.11940579
v -0.23166742 0.12729073 -0.11934539
v -0.22435469 0.12775071 -0.11050052
v -0.21779994 0.12305805 -0.11096519
v -0.22470596 0.12489954 -0.11940579
v -0.21779994 0.12305805 -0.11096519
v -0.21861035 0.12084158 -0.11865769
v -0.22470596 0.12489954 -0.11940579
v -0.21779994 0.12305805 -0.11096519
v -0.21277751 0.11673623 -0.11085739
v -0.21861035 0.12084158 -0.11865769
v -0.21277751 0.11673623 -0.11085739
v -0.21385098 0.11543002 -0.11715879
v -0.21861035 0.12084158 -0.11865769
v -0.21277751 0.11673623 -0.11085739
v -0.20969795 0.10930204 -0.11018595
v -0.21385098 0.11543002 -0.11715879
v -0.20969795 0.10930204 -0.11018595
v -0.21079517 0.10908249 -0.11502479
v -0.21385098 0.11543002 -0.11715879
v -0.22792118 0.11268915 -0.13723812
v -0.22528242 0.11902997 -0.12939605
v -0.22365350 0.11152982 -0.13582624
v -0.21192787 0.01337334 -0.16131904
v -0.21506969 0.01626283 -0.16728231
v -0.21192787 0.02551599 -0.15984873
v -0.21506969 0.01626283 -0.16728231
v -0.21506969 0.02649307 -0.16596977
v -0.21192787 0.02551599 -0.15984873
v -0.21506969 0.01626283 -0.16728231
v -0.21979640 0.01675575 -0.17235261
v -0.21506969 0.02649307 -0.16596977
v -0.21979640 0.01675575 -0.17235261
v -0.21979640 0.02729607 -0.17100030
v -0.21506969 0.02649307 -0.16596977
v -0.21979640 0.01675575 -0.17235261
v -0.22574281 0.01710373 -0.17593199
v -0.21979640 0.02729607 -0.17100030
v -0.22574281 0.01710373 -0.17593199
v -0.22574281 0.02786295 -0.17455157
v -0.21979640 0.02729607 -0.17100030
v -0.22574281 0.01710373 -0.17593199
v -0.23244945 0.02814990 -0.17634923
v -0.22574281 0.02786295 -0.17455157
v -0.23245300 0.11332788 -0.13801601
v -0.22574281 0.10896223 -0.13918273
v -0.23244945 0.09632837 -0.15037392
v -0.22574281 0.10896223 -0.13918273
v -0.22574281 0.09534643 -0.14884105
v -0.23244945 0.09632837 -0.15037392
v -0.22574281 0.10896223 -0.13918273
v -0.21979640 0.10674537 -0.13635101
v -0.22574281 0.09534643 -0.14884105
v -0.21979640 0.10674537 -0.13635101
v -0.21979640 0.09340658 -0.14581283
v -0.22574281 0.09534643 -0.14884105
v -0.21979640 0.10674537 -0.13635101
v -0.21506969 0.10360511 -0.13233982
v -0.21979640 0.09340658 -0.14581283
v -0.21506969 0.10360511 -0.13233982
v -0.21506969 0.09065872 -0.14152328
v -0.21979640 0.09340658 -0.14581283
v -0.21506969 0.10360511 -0.13233982
v -0.21192787 0.09978411 -0.12745906
v -0.21506969 0.09065872 -0.14152328
v -0.21192787 0.09978411 -0.12745906
v -0.21192787 0.08731519 -0.13630384
v -0.21506969 0.09065872 -0.14152328
v -0.22365350 0.11152982 -0.13582624
v -0.21979708 0.10988984 -0.13382899
v -0.22574281 0.10896223 -0.13918273
v -0.21979708 0.10988984 -0.13382899
v -0.21979640 0.10674537 -0.13635101
v -0.22574281 0.10896223 -0.13918273
v -0.21979708 0.10988984 -0.13382899
v -0.21648485 0.10782573 -0.13131523
v -0.21979640 0.10674537 -0.13635101
v -0.21648485 0.10782573 -0.13131523
v -0.21506969 0.10360511 -0.13233982
v -0.21979640 0.10674537 -0.13635101
v -0.21648485 0.10782573 -0.13131523
v -0.21383094 0.10540866 -0.12837159
v -0.21506969 0.10360511 -0.13233982
v -0.21192787 0.09978411 -0.12745906
v -0.21506969 0.10360511 -0.13233982
v -0.21192684 0.10272190 -0.12509956
v -0.21506969 0.10360511 -0.13233982
v -0.21383094 0.10540866 -0.12837159
v -0.21192684 0.10272190 -0.12509956
v -0.23244945 -0.06652861 -0.16572691
v -0.22574281 -0.06585044 -0.16403754
v -0.23244945 -0.08561669 -0.15672029
v -0.22574281 -0.06585044 -0.16403754
v -0.22791866 -0.08513422 -0.15583713
v -0.23244945 -0.08561669 -0.15672029
v -0.22574281 -0.06585044 -0.16403754
v -0.22365195 -0.08425852 -0.15423418
v -0.22791866 -0.08513422 -0.15583713
v -0.22574281 -0.06585044 -0.16403754
v -0.21979640 -0.06451070 -0.16070017
v -0.22365195 -0.08425852 -0.15423418
v -0.21979640 -0.06451070 -0.16070017
v -0.21979640 -0.08301980 -0.15196672
v -0.22365195 -0.08425852 -0.15423418
v -0.21979640 -0.06451070 -0.16070017
v -0.21506969 -0.06261291 -0.15597266
v -0.21979640 -0.08301980 -0.15196672
v -0.21506969 -0.06261291 -0.15597266
v -0.21648491 -0.08146075 -0.14911291
v -0.21979640 -0.08301980 -0.15196672
v -0.21506969 -0.06261291 -0.15597266
v -0.21383158 -0.07963511 -0.14577108
v -0.21648491 -0.08146075 -0.14911291
v -0.21383158 -0.07963511 -0.14577108
v -0.21506969 -0.06261291 -0.15597266
v -0.21192787 -0.07760578 -0.14205642
v -0.21506969 -0.06261291 -0.15597266
v -0.21192787 -0.06030372 -0.15022032
v -0.21192787 -0.07760578 -0.14205642
v -0.23244945 -0.04647107 -0.17242944
v -0.22574281 -0.04599735 -0.17067174
v -0.23244945 -0.06652861 -0.16572691
v -0.22574281 -0.04599735 -0.17067174
v -0.22574281 -0.06585044 -0.16403754
v -0.23244945 -0.06652861 -0.16572691
v -0.22574281 -0.04599735 -0.17067174
v -0.21979640 -0.04506152 -0.16719937
v -0.22574281 -0.06585044 -0.16403754
v -0.21979640 -0.04506152 -0.16719937
v -0.21979640 -0.06451070 -0.16070017
v -0.22574281 -0.06585044 -0.16403754
v -0.21979640 -0.04506152 -0.16719937
v -0.21506969 -0.04373590 -0.16228068
v -0.21979640 -0.06451070 -0.16070017
v -0.21506969 -0.04373590 -0.16228068
v -0.21506969 -0.06261291 -0.15597266
v -0.21979640 -0.06451070 -0.16070017
v -0.21506969 -0.04373590 -0.16228068
v -0.21192787 -0.04212290 -0.15629568
v -0.21506969 -0.06261291 -0.15597266
v -0.21192787 -0.04212290 -0.15629568
v -0.21192787 -0.06030372 -0.15022032
v -0.21506969 -0.06261291 -0.15597266
v -0.23244945 -0.02574566 -0.17671625
v -0.22574281 -0.02548322 -0.17491485
v -0.23244945 -0.04647107 -0.17242944
v -0.22574281 -0.02548322 -0.17491485
v -0.22574281 -0.04599735 -0.17067174
v -0.23244945 -0.04647107 -0.17242944
v -0.22574281 -0.02548322 -0.17491485
v -0.21979640 -0.02496475 -0.17135615
v -0.22574281 -0.04599735 -0.17067174
v -0.21979640 -0.02496475 -0.17135615
v -0.21979640 -0.04506152 -0.16719937
v -0.22574281 -0.04599735 -0.17067174
v -0.21979640 -0.02496475 -0.17135615
v -0.21506969 -0.02423033 -0.16631518
v -0.21979640 -0.04506152 -0.16719937
v -0.21506969 -0.02423033 -0.16631518
v -0.21506969 -0.04373590 -0.16228068
v -0.21979640 -0.04506152 -0.16719937
v -0.21506969 -0.02423033 -0.16631518
v -0.21192787 -0.02333671 -0.16018139
v -0.21506969 -0.04373590 -0.16228068
v -0.21192787 -0.02333671 -0.16018139
v -0.21192787 -0.04212290 -0.15629568
v -0.21506969 -0.04373590 -0.16228068
v -0.21192787 -0.02333671 -0.16018139
v -0.21506969 -0.02423033 -0.16631518
v -0.21192787 -0.01112880 -0.16148941
v -0.21506969 -0.02423033 -0.16631518
v -0.21506969 -0.00399551 -0.16802346
v -0.21192787 -0.01112880 -0.16148941
v -0.21506969 -0.02423033 -0.16631518
v -0.21979640 -0.02496475 -0.17135615
v -0.21506969 -0.00399551 -0.16802346
v -0.21979640 -0.02496475 -0.17135615
v -0.21979640 -0.00411662 -0.17311623
v -0.21506969 -0.00399551 -0.16802346
v -0.21979640 -0.02496475 -0.17135615
v -0.22574281 -0.02548322 -0.17491485
v -0.21979640 -0.00411662 -0.17311623
v -0.22574281 -0.02548322 -0.17491485
v -0.22574281 -0.00420211 -0.17671147
v -0.21979640 -0.00411662 -0.17311623
v -0.22574281 -0.02548322 -0.17491485
v -0.23244945 -0.00777076 -0.17841267
v -0.22574281 -0.00420211 -0.17671147
v -0.22574281 0.01710373 -0.17593199
v -0.21979640 0.01675575 -0.17235261
v -0.22574281 -0.00420211 -0.17671147
v -0.21979640 0.01675575 -0.17235261
v -0.21979640 -0.00411662 -0.17311623
v -0.22574281 -0.00420211 -0.17671147
v -0.21979640 0.01675575 -0.17235261
v -0.21506969 0.01626283 -0.16728231
v -0.21979640 -0.00411662 -0.17311623
v -0.21506969 0.01626283 -0.16728231
v -0.21506969 -0.00399551 -0.16802346
v -0.21979640 -0.00411662 -0.17311623
v -0.21506969 0.01626283 -0.16728231
v -0.21192787 0.00113330 -0.16186846
v -0.21506969 -0.00399551 -0.16802346
v -0.23244945 0.04665286 -0.17238034
v -0.22574281 0.04617726 -0.17062315
v -0.23244945 0.02814990 -0.17634923
v -0.22574281 0.04617726 -0.17062315
v -0.22574281 0.02786295 -0.17455157
v -0.23244945 0.02814990 -0.17634923
v -0.22574281 0.04617726 -0.17062315
v -0.21979640 0.04523778 -0.16715179
v -0.22574281 0.02786295 -0.17455157
v -0.21979640 0.04523778 -0.16715179
v -0.21979640 0.02729607 -0.17100030
v -0.22574281 0.02786295 -0.17455157
v -0.21979640 0.04523778 -0.16715179
v -0.21506969 0.04390696 -0.16223447
v -0.21979640 0.02729607 -0.17100030
v -0.21506969 0.04390696 -0.16223447
v -0.21506969 0.02649307 -0.16596977
v -0.21979640 0.02729607 -0.17100030
v -0.21506969 0.04390696 -0.16223447
v -0.21192787 0.04228768 -0.15625117
v -0.21506969 0.02649307 -0.16596977
v -0.21192787 0.04228768 -0.15625117
v -0.21192787 0.02551599 -0.15984873
v -0.21506969 0.02649307 -0.16596977
v -0.23244945 0.06456830 -0.16650046
v -0.22574281 0.06391008 -0.16480322
v -0.23244945 0.04665286 -0.17238034
v -0.22574281 0.06391008 -0.16480322
v -0.22574281 0.04617726 -0.17062315
v -0.23244945 0.04665286 -0.17238034
v -0.22574281 0.06391008 -0.16480322
v -0.21979640 0.06260981 -0.16145026
v -0.22574281 0.04617726 -0.17062315
v -0.21979640 0.06260981 -0.16145026
v -0.21979640 0.04523778 -0.16715179
v -0.22574281 0.04617726 -0.17062315
v -0.21979640 0.06260981 -0.16145026
v -0.21506969 0.06076795 -0.15670067
v -0.21979640 0.04523778 -0.16715179
v -0.21506969 0.06076795 -0.15670067
v -0.21506969 0.04390696 -0.16223447
v -0.21979640 0.04523778 -0.16715179
v -0.21506969 0.06076795 -0.15670067
v -0.21192787 0.05852682 -0.15092148
v -0.21506969 0.04390696 -0.16223447
v -0.21192787 0.05852682 -0.15092148
v -0.21192787 0.04228768 -0.15625117
v -0.21506969 0.04390696 -0.16223447
v -0.23244945 0.08170488 -0.15879479
v -0.22574281 0.08087200 -0.15717607
v -0.23244945 0.06456830 -0.16650046
v -0.22574281 0.08087200 -0.15717607
v -0.22574281 0.06391008 -0.16480322
v -0.23244945 0.06456830 -0.16650046
v -0.22574281 0.08087200 -0.15717607
v -0.21979640 0.07922664 -0.15397828
v -0.22574281 0.06391008 -0.16480322
v -0.21979640 0.07922664 -0.15397828
v -0.21979640 0.06260981 -0.16145026
v -0.22574281 0.06391008 -0.16480322
v -0.21979640 0.07922664 -0.15397828
v -0.21506969 0.07689594 -0.14944854
v -0.21979640 0.06260981 -0.16145026
v -0.21506969 0.07689594 -0.14944854
v -0.21506969 0.06076795 -0.15670067
v -0.21979640 0.06260981 -0.16145026
v -0.21506969 0.07689594 -0.14944854
v -0.21192787 0.07405998 -0.14393678
v -0.21506969 0.06076795 -0.15670067
v -0.21192787 0.07405998 -0.14393678
v -0.21192787 0.05852682 -0.15092148
v -0.21506969 0.06076795 -0.15670067
v -0.23244945 0.09632837 -0.15037392
v -0.22574281 0.09534643 -0.14884105
v -0.23244945 0.08170488 -0.15879479
v -0.22574281 0.09534643 -0.14884105
v -0.22574281 0.08087200 -0.15717607
v -0.23244945 0.08170488 -0.15879479
v -0.22574281 0.09534643 -0.14884105
v -0.21979640 0.09340658 -0.14581283
v -0.22574281 0.08087200 -0.15717607
v -0.21979640 0.09340658 -0.14581283
v -0.21979640 0.07922664 -0.15397828
v -0.22574281 0.08087200 -0.15717607
v -0.21979640 0.09340658 -0.14581283
v -0.21506969 0.09065872 -0.14152328
v -0.21979640 0.07922664 -0.15397828
v -0.21506969 0.09065872 -0.14152328
v -0.21506969 0.07689594 -0.14944854
v -0.21979640 0.07922664 -0.15397828
v -0.21506969 0.09065872 -0.14152328
v -0.21192787 0.08731519 -0.13630384
v -0.21506969 0.07689594 -0.14944854
v -0.21192787 0.08731519 -0.13630384
v -0.21192787 0.07405998 -0.14393678
v -0.21506969 0.07689594 -0.14944854
v -0.21192787 0.00113330 -0.16186846
v -0.21192787 -0.01112880 -0.16148941
v -0.21506969 -0.00399551 -0.16802346
v -0.22574281 -0.00420211 -0.17671147
v -0.23244945 -0.00777076 -0.17841267
v -0.23244945 0.01026050 -0.17828682
v -0.22574281 0.01710373 -0.17593199
v -0.23244945 0.01026050 -0.17828682
v -0.23244945 0.02814990 -0.17634923
v -0.22574281 0.01710373 -0.17593199
v -0.22574281 -0.00420211 -0.17671147
v -0.23244945 0.01026050 -0.17828682
v -0.23245300 0.11332788 -0.13801601
v -0.22792118 0.11268915 -0.13723812
v -0.22574281 0.10896223 -0.13918273
v -0.22792118 0.11268915 -0.13723812
v -0.22365350 0.11152982 -0.13582624
v -0.22574281 0.10896223 -0.13918273
v -0.22574281 -0.02548322 -0.17491485
v -0.23244945 -0.02574566 -0.17671625
v -0.23244945 -0.00777076 -0.17841267
v -0.21506969 0.01626283 -0.16728231
v -0.21192787 0.01337334 -0.16131904
v -0.21192787 0.00113330 -0.16186846
v -0.18259616 0.07006687 -0.08044211
v -0.18699792 0.08146165 -0.07727444
v -0.17983380 0.07597849 -0.07521726
v -0.18699792 0.08146165 -0.07727444
v -0.18009795 0.07993435 -0.07281270
v -0.17983380 0.07597849 -0.07521726
v -0.18699792 0.08146165 -0.07727444
v -0.18588932 0.09042951 -0.06909709
v -0.18009795 0.07993435 -0.07281270
v -0.18588932 0.09042951 -0.06909709
v -0.17918302 0.08345618 -0.06965461
v -0.18009795 0.07993435 -0.07281270
v -0.18588932 0.09042951 -0.06909709
v -0.17606650 0.08731208 -0.06464192
v -0.17918302 0.08345618 -0.06965461
v -0.17204173 0.06037988 -0.07883989
v -0.18252182 0.06156116 -0.08422475
v -0.17204171 0.06299857 -0.07781945
v -0.18252182 0.06156116 -0.08422475
v -0.17621864 0.06785368 -0.07757205
v -0.17204171 0.06299857 -0.07781945
v -0.18252182 0.06156116 -0.08422475
v -0.18259616 0.07006687 -0.08044211
v -0.17621864 0.06785368 -0.07757205
v -0.18259616 0.07006687 -0.08044211
v -0.17854178 0.07198761 -0.07673543
v -0.17621864 0.06785368 -0.07757205
v -0.18259616 0.07006687 -0.08044211
v -0.17983380 0.07597849 -0.07521726
v -0.17854178 0.07198761 -0.07673543
v -0.20203466 0.06081231 -0.11422017
v -0.20269195 0.07100932 -0.11106994
v -0.19751260 0.05305819 -0.10495328
v -0.20269195 0.07100932 -0.11106994
v -0.19824522 0.06635042 -0.10104352
v -0.19751260 0.05305819 -0.10495328
v -0.20269195 0.07100932 -0.11106994
v -0.20334286 0.08104000 -0.10695251
v -0.19824522 0.06635042 -0.10104352
v -0.20334286 0.08104000 -0.10695251
v -0.19881945 0.07658254 -0.09672985
v -0.19824522 0.06635042 -0.10104352
v -0.20334286 0.08104000 -0.10695251
v -0.20034594 0.08945177 -0.09123336
v -0.19881945 0.07658254 -0.09672985
v -0.14968467 0.05055577 -0.07827857
v -0.15074640 0.04021716 -0.07970450
v -0.15924913 0.05446512 -0.07752238
v -0.15074640 0.04021716 -0.07970450
v -0.16123164 0.04992459 -0.07891844
v -0.15924913 0.05446512 -0.07752238
v -0.15074640 0.04021716 -0.07970450
v -0.16198130 0.03959792 -0.08068422
v -0.16123164 0.04992459 -0.07891844
v -0.15159061 0.03277710 -0.08000000
v -0.15821931 0.03236978 -0.08044301
v -0.15074640 0.04021716 -0.07970450
v -0.15821931 0.03236978 -0.08044301
v -0.16198130 0.03959792 -0.08068422
v -0.15074640 0.04021716 -0.07970450
v -0.15821931 0.03236978 -0.08044301
v -0.16473052 0.03196968 -0.08176421
v -0.16198130 0.03959792 -0.08068422
v -0.16473052 0.03196968 -0.08176421
v -0.17100890 0.03158389 -0.08394019
v -0.16198130 0.03959792 -0.08068422
v -0.17100890 0.03158389 -0.08394019
v -0.17272267 0.03922202 -0.08415521
v -0.16198130 0.03959792 -0.08068422
v -0.17100890 0.03158389 -0.08394019
v -0.17694317 0.03121924 -0.08693236
v -0.17272267 0.03922202 -0.08415521
v -0.17694317 0.03121924 -0.08693236
v -0.18242817 0.03088219 -0.09068773
v -0.17272267 0.03922202 -0.08415521
v -0.18242817 0.03088219 -0.09068773
v -0.18242240 0.03910862 -0.08994038
v -0.17272267 0.03922202 -0.08415521
v -0.18242817 0.03088219 -0.09068773
v -0.18736671 0.03057873 -0.09513973
v -0.18242240 0.03910862 -0.08994038
v -0.18736671 0.03057873 -0.09513973
v -0.19058560 0.03926353 -0.09774450
v -0.18242240 0.03910862 -0.08994038
v -0.18736671 0.03057873 -0.09513973
v -0.19167127 0.03031422 -0.10020948
v -0.19058560 0.03926353 -0.09774450
v -0.19167127 0.03031422 -0.10020948
v -0.19526559 0.03009336 -0.10580715
v -0.19058560 0.03926353 -0.09774450
v -0.19526559 0.03009336 -0.10580715
v -0.19679568 0.03967883 -0.10716938
v -0.19058560 0.03926353 -0.09774450
v -0.19526559 0.03009336 -0.10580715
v -0.19808595 0.02992005 -0.11183352
v -0.19679568 0.03967883 -0.10716938
v -0.20008240 0.02979737 -0.11818181
v -0.20073580 0.04033333 -0.11773409
v -0.19808595 0.02992005 -0.11183352
v -0.20073580 0.04033333 -0.11773409
v -0.19679568 0.03967883 -0.10716938
v -0.19808595 0.02992005 -0.11183352
v -0.20073580 0.04033333 -0.11773409
v -0.20137994 0.05055499 -0.11642913
v -0.19679568 0.03967883 -0.10716938
v -0.20137994 0.05055499 -0.11642913
v -0.19751260 0.05305819 -0.10495328
v -0.19679568 0.03967883 -0.10716938
v -0.20137994 0.05055499 -0.11642913
v -0.20203466 0.06081231 -0.11422017
v -0.19751260 0.05305819 -0.10495328
v -0.18699792 0.08146165 -0.07727444
v -0.19451958 0.08503889 -0.08368250
v -0.19028363 0.09251862 -0.07191480
v -0.19451958 0.08503889 -0.08368250
v -0.19425754 0.09492754 -0.07508003
v -0.19028363 0.09251862 -0.07191480
v -0.19451958 0.08503889 -0.08368250
v -0.20034594 0.08945177 -0.09123336
v -0.19425754 0.09492754 -0.07508003
v -0.20034594 0.08945177 -0.09123336
v -0.19776084 0.09762581 -0.07855275
v -0.19425754 0.09492754 -0.07508003
v -0.20034594 0.08945177 -0.09123336
v -0.20074922 0.10057933 -0.08228907
v -0.19776084 0.09762581 -0.07855275
v -0.20074922 0.10057933 -0.08228907
v -0.20034594 0.08945177 -0.09123336
v -0.20318488 0.10375073 -0.08624172
v -0.20034594 0.08945177 -0.09123336
v -0.20421960 0.09450535 -0.09959348
v -0.20318488 0.10375073 -0.08624172
v -0.20034594 0.08945177 -0.09123336
v -0.20334286 0.08104000 -0.10695251
v -0.20421960 0.09450535 -0.09959348
v -0.18699792 0.08146165 -0.07727444
v -0.18741626 0.07133037 -0.08383483
v -0.19451958 0.08503889 -0.08368250
v -0.18741626 0.07133037 -0.08383483
v -0.19176771 0.07285281 -0.08771905
v -0.19451958 0.08503889 -0.08368250
v -0.18741626 0.07133037 -0.08383483
v -0.18252182 0.06156116 -0.08422475
v -0.19176771 0.07285281 -0.08771905
v -0.18252182 0.06156116 -0.08422475
v -0.19142273 0.06358925 -0.09176698
v -0.19176771 0.07285281 -0.08771905
v -0.19824522 0.06635042 -0.10104352
v -0.19881945 0.07658254 -0.09672985
v -0.19142273 0.06358925 -0.09176698
v -0.19881945 0.07658254 -0.09672985
v -0.19176771 0.07285281 -0.08771905
v -0.19142273 0.06358925 -0.09176698
v -0.19881945 0.07658254 -0.09672985
v -0.19451958 0.08503889 -0.08368250
v -0.19176771 0.07285281 -0.08771905
v -0.17235231 0.04988898 -0.08213826
v -0.18245311 0.05042331 -0.08777087
v -0.17204173 0.06037988 -0.07883989
v -0.18245311 0.05042331 -0.08777087
v -0.18252182 0.06156116 -0.08422475
v -0.17204173 0.06037988 -0.07883989
v -0.18245311 0.05042331 -0.08777087
v -0.19099249 0.05149894 -0.09551427
v -0.18252182 0.06156116 -0.08422475
v -0.19099249 0.05149894 -0.09551427
v -0.19142273 0.06358925 -0.09176698
v -0.18252182 0.06156116 -0.08422475
v -0.19099249 0.05149894 -0.09551427
v -0.19751260 0.05305819 -0.10495328
v -0.19142273 0.06358925 -0.09176698
v -0.19751260 0.05305819 -0.10495328
v -0.19824522 0.06635042 -0.10104352
v -0.19142273 0.06358925 -0.09176698
v -0.16198130 0.03959792 -0.08068422
v -0.17272267 0.03922202 -0.08415521
v -0.16123164 0.04992459 -0.07891844
v -0.17272267 0.03922202 -0.08415521
v -0.17235231 0.04988898 -0.08213826
v -0.16123164 0.04992459 -0.07891844
v -0.17272267 0.03922202 -0.08415521
v -0.18242240 0.03910862 -0.08994038
v -0.17235231 0.04988898 -0.08213826
v -0.18242240 0.03910862 -0.08994038
v -0.18245311 0.05042331 -0.08777087
v -0.17235231 0.04988898 -0.08213826
v -0.18242240 0.03910862 -0.08994038
v -0.19058560 0.03926353 -0.09774450
v -0.18245311 0.05042331 -0.08777087
v -0.19058560 0.03926353 -0.09774450
v -0.19099249 0.05149894 -0.09551427
v -0.18245311 0.05042331 -0.08777087
v -0.19058560 0.03926353 -0.09774450
v -0.19679568 0.03967883 -0.10716938
v -0.19099249 0.05149894 -0.09551427
v -0.19679568 0.03967883 -0.10716938
v -0.19751260 0.05305819 -0.10495328
v -0.19099249 0.05149894 -0.09551427
v -0.16692203 0.05900027 -0.07760027
v -0.17204173 0.06037988 -0.07883989
v -0.17204171 0.06299857 -0.07781945
v -0.16692203 0.05900027 -0.07760027
v -0.17235231 0.04988898 -0.08213826
v -0.17204173 0.06037988 -0.07883989
v -0.16692203 0.05900027 -0.07760027
v -0.16123164 0.04992459 -0.07891844
v -0.17235231 0.04988898 -0.08213826
v -0.16692203 0.05900027 -0.07760027
v -0.15924913 0.05446512 -0.07752238
v -0.16123164 0.04992459 -0.07891844
v -0.18699792 0.08146165 -0.07727444
v -0.19028363 0.09251862 -0.07191480
v -0.18588932 0.09042951 -0.06909709
v -0.20503702 0.10709994 -0.09036072
v -0.20318488 0.10375073 -0.08624172
v -0.20421960 0.09450535 -0.09959348
v -0.18259616 0.07006687 -0.08044211
v -0.18741626 0.07133037 -0.08383483
v -0.18699792 0.08146165 -0.07727444
v -0.19451958 0.08503889 -0.08368250
v -0.19881945 0.07658254 -0.09672985
v -0.20034594 0.08945177 -0.09123336
v -0.18252182 0.06156116 -0.08422475
v -0.18741626 0.07133037 -0.08383483
v -0.18259616 0.07006687 -0.08044211
v -0.23041807 -0.01262236 0.18645453
v -0.22795749 -0.01261869 0.18938753
v -0.23083398 0.00114740 0.18694467
v -0.23083398 0.00114740 0.18694467
v -0.22795749 -0.01261869 0.18938753
v -0.22846033 -0.00582336 0.18957054
v -0.23083398 0.00114740 0.18694467
v -0.22846033 -0.00582336 0.18957054
v -0.22859507 0.00049601 0.18961958
v -0.23083398 0.00114740 0.18694467
v -0.22859507 0.00049601 0.18961958
v -0.23025245 0.01490040 0.18625934
v -0.23025245 0.01490040 0.18625934
v -0.22859507 0.00049601 0.18961958
v -0.22841019 0.00681391 0.18955230
v -0.23025245 0.01490040 0.18625934
v -0.22841019 0.00681391 0.18955230
v -0.22790642 0.01311206 0.18936894
v -0.22869765 -0.02820454 0.18448391
v -0.22323713 -0.03620787 0.18766945
v -0.22384392 -0.03413867 0.18789030
v -0.22869765 -0.02820454 0.18448391
v -0.22384392 -0.03413867 0.18789030
v -0.22441524 -0.03205808 0.18809826
v -0.22869765 -0.02820454 0.18448391
v -0.22441524 -0.03205808 0.18809826
v -0.22495087 -0.02996676 0.18829320
v -0.22869765 -0.02820454 0.18448391
v -0.22495087 -0.02996676 0.18829320
v -0.22545055 -0.02786540 0.18847507
v -0.22869765 -0.02820454 0.18448391
v -0.22545055 -0.02786540 0.18847507
v -0.22591406 -0.02575467 0.18864378
v -0.22869765 -0.02820454 0.18448391
v -0.22591406 -0.02575467 0.18864378
v -0.22634121 -0.02363527 0.18879924
v -0.22869765 -0.02820454 0.18448391
v -0.22634121 -0.02363527 0.18879924
v -0.22673178 -0.02150790 0.18894141
v -0.22869765 -0.02820454 0.18448391
v -0.22673178 -0.02150790 0.18894141
v -0.22708570 -0.01937287 0.18907020
v -0.22869765 -0.02820454 0.18448391
v -0.22708570 -0.01937287 0.18907020
v -0.22708589 -0.01937160 0.18907028
v -0.22869765 -0.02820454 0.18448391
v -0.22708589 -0.01937160 0.18907028
v -0.23041807 -0.01262236 0.18645453
v -0.22869799 0.02820401 0.18448369
v -0.23025245 0.01490040 0.18625934
v -0.22790642 0.01311206 0.18936894
v -0.22869799 0.02820401 0.18448369
v -0.22790642 0.01311206 0.18936894
v -0.22708577 0.01937238 0.18907023
v -0.22869799 0.02820401 0.18448369
v -0.22708577 0.01937238 0.18907023
v -0.22679095 0.02116637 0.18896295
v -0.22869799 0.02820401 0.18448369
v -0.22679095 0.02116637 0.18896295
v -0.22647023 0.02295497 0.18884621
v -0.22869799 0.02820401 0.18448369
v -0.22647023 0.02295497 0.18884621
v -0.22612369 0.02473811 0.18872009
v -0.22869799 0.02820401 0.18448369
v -0.22612369 0.02473811 0.18872009
v -0.22575142 0.02651537 0.18858458
v -0.22869799 0.02820401 0.18448369
v -0.22575142 0.02651537 0.18858458
v -0.22535353 0.02828634 0.18843977
v -0.22869799 0.02820401 0.18448369
v -0.22535353 0.02828634 0.18843977
v -0.22493012 0.03005060 0.18828566
v -0.22869799 0.02820401 0.18448369
v -0.22493012 0.03005060 0.18828566
v -0.22440046 0.03211372 0.18809287
v -0.22869799 0.02820401 0.18448369
v -0.22440046 0.03211372 0.18809287
v -0.22383604 0.03416639 0.18788744
v -0.22869799 0.02820401 0.18448369
v -0.22383604 0.03416639 0.18788744
v -0.22323713 0.03620791 0.18766944
v -0.22708589 -0.01937160 0.18907028
v -0.22795749 -0.01261869 0.18938753
v -0.23041807 -0.01262236 0.18645453
v -0.23244943 -0.10902473 0.14143934
v -0.23244943 -0.09320465 0.15232981
v -0.23772970 -0.11418207 0.13807317
v -0.23772970 -0.11418207 0.13807317
v -0.23244943 -0.09320465 0.15232981
v -0.25500009 -0.09606504 0.15222194
v -0.23772970 -0.11418207 0.13807317
v -0.25500009 -0.09606504 0.15222194
v -0.25500009 -0.11538462 0.13815353
v -0.25500009 -0.05271582 0.17210768
v -0.23898742 -0.05500090 0.17064146
v -0.25500009 -0.02945038 0.17757445
v -0.25500009 -0.02945038 0.17757445
v -0.23898742 -0.05500090 0.17064146
v -0.24330661 -0.03808149 0.17553654
v -0.25500009 -0.02945038 0.17757445
v -0.24330661 -0.03808149 0.17553654
v -0.24481704 -0.02944986 0.17728231
v -0.25500009 -0.02945038 0.17757445
v -0.24481704 -0.02944986 0.17728231
v -0.25500009 -0.00566577 0.17991085
v -0.25500009 -0.00566577 0.17991085
v -0.24481704 -0.02944986 0.17728231
v -0.24659458 -0.01317774 0.17932012
v -0.25500009 -0.00566577 0.17991085
v -0.24659458 -0.01317774 0.17932012
v -0.24703882 0.00119789 0.17981991
v -0.25500009 -0.00566577 0.17991085
v -0.24703882 0.00119789 0.17981991
v -0.25500009 0.01821872 0.17907565
v -0.25500009 0.01821872 0.17907565
v -0.24703882 0.00119789 0.17981991
v -0.24641771 0.01555602 0.17912110
v -0.25500009 0.01821872 0.17907565
v -0.24641771 0.01555602 0.17912110
v -0.25500009 0.04178204 0.17508362
v -0.25500009 0.04178204 0.17508362
v -0.24641771 0.01555602 0.17912110
v -0.24481677 0.02944926 0.17728242
v -0.25500009 0.04178204 0.17508362
v -0.24481677 0.02944926 0.17728242
v -0.24241516 0.04222723 0.17452362
v -0.23244943 0.08561669 0.15672032
v -0.25500009 0.08629660 0.15796489
v -0.23244943 0.07229986 0.16329179
v -0.23244943 0.07229986 0.16329179
v -0.25500009 0.08629660 0.15796489
v -0.25500009 0.06460880 0.16800510
v -0.23244943 0.07229986 0.16329179
v -0.25500009 0.06460880 0.16800510
v -0.23612485 0.06335459 0.16742142
v -0.25500009 -0.07505196 0.16360689
v -0.25500009 -0.09606504 0.15222194
v -0.23244943 -0.09320465 0.15232981
v -0.25500009 -0.07505196 0.16360689
v -0.23244943 -0.09320465 0.15232981
v -0.23244943 -0.07629859 0.16146208
v -0.25500009 -0.07505196 0.16360689
v -0.23244943 -0.07629859 0.16146208
v -0.23244943 -0.07234014 0.16327395
v -0.25500009 -0.07505196 0.16360689
v -0.23244943 -0.07234014 0.16327395
v -0.23592844 -0.06390849 0.16718847
v -0.25500009 -0.07505196 0.16360689
v -0.23592844 -0.06390849 0.16718847
v -0.23898742 -0.05500090 0.17064146
v -0.25500009 -0.07505196 0.16360689
v -0.23898742 -0.05500090 0.17064146
v -0.25500009 -0.05271582 0.17210768
v -0.23245296 -0.11332788 0.13801604
v -0.23244943 -0.10902473 0.14143934
v -0.23772970 -0.11418207 0.13807317
v -0.24241516 0.04222723 0.17452362
v -0.25500009 0.06460880 0.16800510
v -0.25500009 0.04178204 0.17508362
v -0.25500009 0.06460880 0.16800510
v -0.24241516 0.04222723 0.17452362
v -0.23932679 0.05387649 0.17103123
v -0.25500009 0.06460880 0.16800510
v -0.23932679 0.05387649 0.17103123
v -0.23612485 0.06335459 0.16742142
v -0.25500009 0.10132597 0.14877183
v -0.25500009 0.08629660 0.15796489
v -0.23244943 0.08561669 0.15672032
v -0.25500009 0.10132597 0.14877183
v -0.23244943 0.08561669 0.15672032
v -0.23244943 0.10373303 0.14536486
v -0.25500009 0.10132597 0.14877183
v -0.23244943 0.10373303 0.14536486
v -0.23245267 0.11332783 0.13801604
v -0.25500009 0.10132597 0.14877183
v -0.23245267 0.11332783 0.13801604
v -0.23772970 0.11418207 0.13807317
v -0.25500009 0.10132597 0.14877183
v -0.23772970 0.11418207 0.13807317
v -0.25500009 0.11538462 0.13815353
v -0.23245267 0.11332783 0.13801604
v -0.23244943 0.10373303 0.14536486
v -0.23244943 0.11108654 0.13982581
v -0.20645210 0.12263446 -0.03469101
v -0.20243658 0.11856431 -0.03318801
v -0.20564023 0.11954867 -0.05311829
v -0.20243658 0.11856431 -0.03318801
v -0.19911519 0.11391154 -0.04379753
v -0.20564023 0.11954867 -0.05311829
v -0.20243658 0.11856431 -0.03318801
v -0.19794483 0.11500248 -0.03174323
v -0.19911519 0.11391154 -0.04379753
v -0.20473995 0.11085093 -0.08228781
v -0.20495439 0.11555181 -0.06890664
v -0.20062323 0.10713895 -0.07195991
v -0.20495439 0.11555181 -0.06890664
v -0.20213089 0.11177157 -0.06589697
v -0.20062323 0.10713895 -0.07195991
v -0.20495439 0.11555181 -0.06890664
v -0.20564023 0.11954867 -0.05311829
v -0.20213089 0.11177157 -0.06589697
v -0.20564023 0.11954867 -0.05311829
v -0.19881265 0.11096220 -0.05496303
v -0.20213089 0.11177157 -0.06589697
v -0.20564023 0.11954867 -0.05311829
v -0.19911519 0.11391154 -0.04379753
v -0.19881265 0.11096220 -0.05496303
v -0.20473995 0.11085093 -0.08228781
v -0.20064388 0.10225802 -0.08012169
v -0.20503702 0.10709994 -0.09036072
v -0.20064388 0.10225802 -0.08012169
v -0.20318488 0.10375073 -0.08624172
v -0.20503702 0.10709994 -0.09036072
v -0.20064388 0.10225802 -0.08012169
v -0.20074922 0.10057933 -0.08228907
v -0.20318488 0.10375073 -0.08624172
v -0.17056364 0.09704169 -0.04969690
v -0.17042950 0.09347753 -0.05507906
v -0.18111877 0.09880909 -0.05311256
v -0.17042950 0.09347753 -0.05507906
v -0.17598610 0.09422012 -0.05678352
v -0.18111877 0.09880909 -0.05311256
v -0.17042950 0.09347753 -0.05507906
v -0.17002791 0.09052314 -0.05860177
v -0.17598610 0.09422012 -0.05678352
v -0.17002791 0.09052314 -0.05860177
v -0.17760765 0.08943802 -0.06354819
v -0.17598610 0.09422012 -0.05678352
v -0.17002791 0.09052314 -0.05860177
v -0.17531398 0.08772869 -0.06386393
v -0.17760765 0.08943802 -0.06354819
v -0.19449692 0.09680887 -0.07352413
v -0.18670282 0.09247133 -0.06791665
v -0.19425754 0.09492754 -0.07508003
v -0.18670282 0.09247133 -0.06791665
v -0.19028363 0.09251862 -0.07191480
v -0.19425754 0.09492754 -0.07508003
v -0.18670282 0.09247133 -0.06791665
v -0.18588932 0.09042951 -0.06909709
v -0.19028363 0.09251862 -0.07191480
v -0.20064388 0.10225802 -0.08012169
v -0.19449692 0.09680887 -0.07352413
v -0.20074922 0.10057933 -0.08228907
v -0.19449692 0.09680887 -0.07352413
v -0.19776084 0.09762581 -0.07855275
v -0.20074922 0.10057933 -0.08228907
v -0.19449692 0.09680887 -0.07352413
v -0.19425754 0.09492754 -0.07508003
v -0.19776084 0.09762581 -0.07855275
v -0.15182857 0.10664374 -0.03267465
v -0.16174708 0.10422272 -0.03359163
v -0.15336206 0.10902257 -0.02441142
v -0.16174708 0.10422272 -0.03359163
v -0.16485940 0.10651962 -0.02533704
v -0.15336206 0.10902257 -0.02441142
v -0.16174708 0.10422272 -0.03359163
v -0.17185303 0.10376089 -0.03524554
v -0.16485940 0.10651962 -0.02533704
v -0.17185303 0.10376089 -0.03524554
v -0.17072233 0.10627682 -0.02605565
v -0.16485940 0.10651962 -0.02533704
v -0.17185303 0.10376089 -0.03524554
v -0.17655244 0.10671413 -0.02693220
v -0.17072233 0.10627682 -0.02605565
v -0.17185303 0.10376089 -0.03524554
v -0.18172166 0.10527767 -0.03756687
v -0.17655244 0.10671413 -0.02693220
v -0.18172166 0.10527767 -0.03756687
v -0.18226820 0.10782547 -0.02795441
v -0.17655244 0.10671413 -0.02693220
v -0.18172166 0.10527767 -0.03756687
v -0.19093816 0.10870930 -0.04045804
v -0.18226820 0.10782547 -0.02795441
v -0.19093816 0.10870930 -0.04045804
v -0.18778966 0.10959528 -0.02910801
v -0.18226820 0.10782547 -0.02795441
v -0.19093816 0.10870930 -0.04045804
v -0.19303968 0.11199882 -0.03037686
v -0.18778966 0.10959528 -0.02910801
v -0.19303968 0.11199882 -0.03037686
v -0.19093816 0.10870930 -0.04045804
v -0.19794483 0.11500248 -0.03174323
v -0.19093816 0.10870930 -0.04045804
v -0.19911519 0.11391154 -0.04379753
v -0.19794483 0.11500248 -0.03174323
v -0.16044026 0.10072584 -0.04171439
v -0.17102061 0.10026091 -0.04371692
v -0.16174708 0.10422272 -0.03359163
v -0.17102061 0.10026091 -0.04371692
v -0.17185303 0.10376089 -0.03524554
v -0.16174708 0.10422272 -0.03359163
v -0.17102061 0.10026091 -0.04371692
v -0.18125339 0.10187761 -0.04669113
v -0.17185303 0.10376089 -0.03524554
v -0.18125339 0.10187761 -0.04669113
v -0.18172166 0.10527767 -0.03756687
v -0.17185303 0.10376089 -0.03524554
v -0.18125339 0.10187761 -0.04669113
v -0.19066317 0.10550083 -0.05049881
v -0.18172166 0.10527767 -0.03756687
v -0.19066317 0.10550083 -0.05049881
v -0.19093816 0.10870930 -0.04045804
v -0.18172166 0.10527767 -0.03756687
v -0.19066317 0.10550083 -0.05049881
v -0.19881265 0.11096220 -0.05496303
v -0.19093816 0.10870930 -0.04045804
v -0.19881265 0.11096220 -0.05496303
v -0.19911519 0.11391154 -0.04379753
v -0.19093816 0.10870930 -0.04045804
v -0.15954563 0.09741441 -0.04753678
v -0.17056364 0.09704169 -0.04969690
v -0.16044026 0.10072584 -0.04171439
v -0.17056364 0.09704169 -0.04969690
v -0.17102061 0.10026091 -0.04371692
v -0.16044026 0.10072584 -0.04171439
v -0.17056364 0.09704169 -0.04969690
v -0.18111877 0.09880909 -0.05311256
v -0.17102061 0.10026091 -0.04371692
v -0.18111877 0.09880909 -0.05311256
v -0.18125339 0.10187761 -0.04669113
v -0.17102061 0.10026091 -0.04371692
v -0.18111877 0.09880909 -0.05311256
v -0.19067821 0.10262737 -0.05761134
v -0.18125339 0.10187761 -0.04669113
v -0.19067821 0.10262737 -0.05761134
v -0.19066317 0.10550083 -0.05049881
v -0.18125339 0.10187761 -0.04669113
v -0.19067821 0.10262737 -0.05761134
v -0.19495228 0.10526406 -0.06021181
v -0.19066317 0.10550083 -0.05049881
v -0.19495228 0.10526406 -0.06021181
v -0.19881265 0.11096220 -0.05496303
v -0.19066317 0.10550083 -0.05049881
v -0.19495228 0.10526406 -0.06021181
v -0.19879703 0.10833791 -0.06299595
v -0.19881265 0.11096220 -0.05496303
v -0.18131500 0.09549215 -0.05886126
v -0.18872249 0.09835274 -0.06261406
v -0.18111877 0.09880909 -0.05311256
v -0.18872249 0.09835274 -0.06261406
v -0.19067821 0.10262737 -0.05761134
v -0.18111877 0.09880909 -0.05311256
v -0.18872249 0.09835274 -0.06261406
v -0.19522546 0.10227534 -0.06702565
v -0.19067821 0.10262737 -0.05761134
v -0.19522546 0.10227534 -0.06702565
v -0.19495228 0.10526406 -0.06021181
v -0.19067821 0.10262737 -0.05761134
v -0.19522546 0.10227534 -0.06702565
v -0.20062323 0.10713895 -0.07195991
v -0.19495228 0.10526406 -0.06021181
v -0.20062323 0.10713895 -0.07195991
v -0.19879703 0.10833791 -0.06299595
v -0.19495228 0.10526406 -0.06021181
v -0.20062323 0.10713895 -0.07195991
v -0.20213089 0.11177157 -0.06589697
v -0.19879703 0.10833791 -0.06299595
v -0.15003433 0.10331451 -0.04064744
v -0.16174708 0.10422272 -0.03359163
v -0.15182857 0.10664374 -0.03267465
v -0.15003433 0.10331451 -0.04064744
v -0.16044026 0.10072584 -0.04171439
v -0.16174708 0.10422272 -0.03359163
v -0.15003433 0.10331451 -0.04064744
v -0.15748436 0.09804887 -0.04677690
v -0.16044026 0.10072584 -0.04171439
v -0.17606650 0.08731208 -0.06464192
v -0.18588932 0.09042951 -0.06909709
v -0.17760765 0.08943802 -0.06354819
v -0.17606650 0.08731208 -0.06464192
v -0.17760765 0.08943802 -0.06354819
v -0.17531398 0.08772869 -0.06386393
v -0.20213089 0.11177157 -0.06589697
v -0.19881265 0.11096220 -0.05496303
v -0.19879703 0.10833791 -0.06299595
v -0.15954563 0.09741441 -0.04753678
v -0.15748436 0.09804887 -0.04677690
v -0.16389833 0.09401109 -0.05266057
v -0.15954563 0.09741441 -0.04753678
v -0.16044026 0.10072584 -0.04171439
v -0.15748436 0.09804887 -0.04677690
v -0.17042950 0.09347753 -0.05507906
v -0.16389833 0.09401109 -0.05266057
v -0.17002791 0.09052314 -0.05860177
v -0.17042950 0.09347753 -0.05507906
v -0.17056364 0.09704169 -0.04969690
v -0.16389833 0.09401109 -0.05266057
v -0.20064388 0.10225802 -0.08012169
v -0.20473995 0.11085093 -0.08228781
v -0.20062323 0.10713895 -0.07195991
v -0.17760765 0.08943802 -0.06354819
v -0.18588932 0.09042951 -0.06909709
v -0.18670282 0.09247133 -0.06791665
v -0.15954563 0.09741441 -0.04753678
v -0.16389833 0.09401109 -0.05266057
v -0.17056364 0.09704169 -0.04969690
v -0.17598610 0.09422012 -0.05678352
v -0.18131500 0.09549215 -0.05886126
v -0.18111877 0.09880909 -0.05311256
v -0.17760765 0.08943802 -0.06354819
v -0.18131500 0.09549215 -0.05886126
v -0.17598610 0.09422012 -0.05678352
v -0.17760765 0.08943802 -0.06354819
v -0.18670282 0.09247133 -0.06791665
v -0.18131500 0.09549215 -0.05886126
v -0.18131500 0.09549215 -0.05886126
v -0.18670282 0.09247133 -0.06791665
v -0.18872249 0.09835274 -0.06261406
v -0.19449692 0.09680887 -0.07352413
v -0.18872249 0.09835274 -0.06261406
v -0.18670282 0.09247133 -0.06791665
v -0.18872249 0.09835274 -0.06261406
v -0.19449692 0.09680887 -0.07352413
v -0.19522546 0.10227534 -0.06702565
v -0.20064388 0.10225802 -0.08012169
v -0.19522546 0.10227534 -0.06702565
v -0.19449692 0.09680887 -0.07352413
v -0.19522546 0.10227534 -0.06702565
v -0.20064388 0.10225802 -0.08012169
v -0.20062323 0.10713895 -0.07195991
v -0.25500009 0.13288890 0.10642940
v -0.23592082 0.12843379 0.11824549
v -0.23210507 0.13100940 0.10626413
v -0.23592082 0.12843379 0.11824549
v -0.23176368 0.12939893 0.11357026
v -0.23210507 0.13100940 0.10626413
v -0.23592082 0.12843379 0.11824549
v -0.23167375 0.12724441 0.11945436
v -0.23176368 0.12939893 0.11357026
v -0.23772970 0.11418207 0.13807317
v -0.23664626 0.12252741 0.12905220
v -0.25500009 0.11538462 0.13815353
v -0.23664626 0.12252741 0.12905220
v -0.25500009 0.12332027 0.12979496
v -0.25500009 0.11538462 0.13815353
v -0.23664626 0.12252741 0.12905220
v -0.23592082 0.12843379 0.11824549
v -0.25500009 0.12332027 0.12979496
v -0.23592082 0.12843379 0.11824549
v -0.25500009 0.12913118 0.11984140
v -0.25500009 0.12332027 0.12979496
v -0.23592082 0.12843379 0.11824549
v -0.25500009 0.13288890 0.10642940
v -0.25500009 0.12913118 0.11984140
v -0.23592082 0.12843379 0.11824549
v -0.23664626 0.12252741 0.12905220
v -0.23167375 0.12724441 0.11945436
v -0.23664626 0.12252741 0.12905220
v -0.23173096 0.12456365 0.12472771
v -0.23167375 0.12724441 0.11945436
v -0.23664626 0.12252741 0.12905220
v -0.23191462 0.12110233 0.12989823
v -0.23173096 0.12456365 0.12472771
v -0.23191462 0.12110233 0.12989823
v -0.23664626 0.12252741 0.12905220
v -0.23245267 0.11332783 0.13801604
v -0.23664626 0.12252741 0.12905220
v -0.23772970 0.11418207 0.13807317
v -0.23245267 0.11332783 0.13801604
v -0.21697642 0.05764003 0.18076114
v -0.21086782 0.06338853 0.18316739
v -0.21821684 0.05960724 0.17710377
v -0.21086782 0.06338853 0.18316739
v -0.21364506 0.06772852 0.17413084
v -0.21821684 0.05960724 0.17710377
v -0.21086782 0.06338853 0.18316739
v -0.20761736 0.06831062 0.18198433
v -0.21364506 0.06772852 0.17413084
v -0.20761736 0.06831062 0.18198433
v -0.20417836 0.07298949 0.18073263
v -0.21364506 0.06772852 0.17413084
v -0.20417836 0.07298949 0.18073263
v -0.20079672 0.08025116 0.17436176
v -0.21364506 0.06772852 0.17413084
v -0.20417836 0.07298949 0.18073263
v -0.20057349 0.07742084 0.17942057
v -0.20079672 0.08025116 0.17436176
v -0.22323713 0.03620791 0.18766944
v -0.22131002 0.04199655 0.18696805
v -0.22869799 0.02820401 0.18448369
v -0.22131002 0.04199655 0.18696805
v -0.22848904 0.02931775 0.18432156
v -0.22869799 0.02820401 0.18448369
v -0.22131002 0.04199655 0.18696805
v -0.21909803 0.04760534 0.18616296
v -0.22848904 0.02931775 0.18432156
v -0.21909803 0.04760534 0.18616296
v -0.22415656 0.04558386 0.18113741
v -0.22848904 0.02931775 0.18432156
v -0.21909803 0.04760534 0.18616296
v -0.21662300 0.05302007 0.18526211
v -0.22415656 0.04558386 0.18113741
v -0.21662300 0.05302007 0.18526211
v -0.21697642 0.05764003 0.18076114
v -0.22415656 0.04558386 0.18113741
v -0.21662300 0.05302007 0.18526211
v -0.21390672 0.05822918 0.18427346
v -0.21697642 0.05764003 0.18076114
v -0.15411043 0.11144805 0.15287081
v -0.16233863 0.10717698 0.16513359
v -0.15640205 0.10986632 0.16334348
v -0.16233863 0.10717698 0.16513359
v -0.16086102 0.10783590 0.16496639
v -0.15640205 0.10986632 0.16334348
v -0.16233863 0.10717698 0.16513359
v -0.16538477 0.10555287 0.16661291
v -0.16086102 0.10783590 0.16496639
v -0.19384949 0.09062018 0.16296286
v -0.18924165 0.08898147 0.17529610
v -0.18545783 0.09221253 0.17391891
v -0.19384949 0.09062018 0.16296286
v -0.19295466 0.08553173 0.17664754
v -0.18924165 0.08898147 0.17529610
v -0.19384949 0.09062018 0.16296286
v -0.20079672 0.08025116 0.17436176
v -0.19295466 0.08553173 0.17664754
v -0.19384949 0.09062018 0.16296286
v -0.20580194 0.07908326 0.16846783
v -0.20079672 0.08025116 0.17436176
v -0.19384949 0.09062018 0.16296286
v -0.20039427 0.08562487 0.16387174
v -0.20580194 0.07908326 0.16846783
v -0.19384949 0.09062018 0.16296286
v -0.19385016 0.09237565 0.15738331
v -0.20039427 0.08562487 0.16387174
v -0.19384949 0.09062018 0.16296286
v -0.18842498 0.09706356 0.15099012
v -0.19385016 0.09237565 0.15738331
v -0.19384949 0.09062018 0.16296286
v -0.18537049 0.09870809 0.15078061
v -0.18842498 0.09706356 0.15099012
v -0.19384949 0.09062018 0.16296286
v -0.17508361 0.10222618 0.15987632
v -0.18537049 0.09870809 0.15078061
v -0.19384949 0.09062018 0.16296286
v -0.18162045 0.09522676 0.17252221
v -0.17508361 0.10222618 0.15987632
v -0.19384949 0.09062018 0.16296286
v -0.18545783 0.09221253 0.17391891
v -0.18162045 0.09522676 0.17252221
v -0.17508361 0.10222618 0.15987632
v -0.17969637 0.10280139 0.13507183
v -0.18537049 0.09870809 0.15078061
v -0.17508361 0.10222618 0.15987632
v -0.15411043 0.11144805 0.15287081
v -0.17969637 0.10280139 0.13507183
v -0.17508361 0.10222618 0.15987632
v -0.16233863 0.10717698 0.16513359
v -0.15411043 0.11144805 0.15287081
v -0.17508361 0.10222618 0.15987632
v -0.16538477 0.10555287 0.16661291
v -0.16233863 0.10717698 0.16513359
v -0.17508361 0.10222618 0.15987632
v -0.16995925 0.10299928 0.16827789
v -0.16538477 0.10555287 0.16661291
v -0.17508361 0.10222618 0.15987632
v -0.17296033 0.10118080 0.16937019
v -0.16995925 0.10299928 0.16827789
v -0.17508361 0.10222618 0.15987632
v -0.17596269 0.09924036 0.17046297
v -0.17296033 0.10118080 0.16937019
v -0.17508361 0.10222618 0.15987632
v -0.17879787 0.09728987 0.17149489
v -0.17596269 0.09924036 0.17046297
v -0.17508361 0.10222618 0.15987632
v -0.18162045 0.09522676 0.17252221
v -0.17879787 0.09728987 0.17149489
v -0.18683055 0.09828198 0.14887880
v -0.18842498 0.09706356 0.15099012
v -0.18537049 0.09870809 0.15078061
v -0.18683055 0.09828198 0.14887880
v -0.18537049 0.09870809 0.15078061
v -0.18331838 0.10075911 0.14306768
v -0.17969637 0.10280139 0.13507183
v -0.18331838 0.10075911 0.14306768
v -0.18537049 0.09870809 0.15078061
v -0.15640205 0.10986632 0.16334348
v -0.14396721 0.11448104 0.15881756
v -0.15411043 0.11144805 0.15287081
v -0.22415656 0.04558386 0.18113741
v -0.21697642 0.05764003 0.18076114
v -0.21821684 0.05960724 0.17710377
v -0.21697642 0.05764003 0.18076114
v -0.21390672 0.05822918 0.18427346
v -0.21086782 0.06338853 0.18316739
v -0.20580194 0.07908326 0.16846783
v -0.21364506 0.06772852 0.17413084
v -0.20079672 0.08025116 0.17436176
v -0.19682498 0.08160196 0.17805623
v -0.20079672 0.08025116 0.17436176
v -0.20057349 0.07742084 0.17942057
v -0.19682498 0.08160196 0.17805623
v -0.19295466 0.08553173 0.17664754
v -0.20079672 0.08025116 0.17436176
v -0.21387561 0.11913668 0.10882790
v -0.21121053 0.12099040 0.08708387
v -0.21889443 0.12464359 0.10834571
v -0.21121053 0.12099040 0.08708387
v -0.21617646 0.12386321 0.09993533
v -0.21889443 0.12464359 0.10834571
v -0.21121053 0.12099040 0.08708387
v -0.21574745 0.12818262 0.06739516
v -0.21617646 0.12386321 0.09993533
v -0.20930742 0.10903490 -0.10875606
v -0.21153517 0.11674920 -0.10493298
v -0.20503702 0.10709994 -0.09036072
v -0.21153517 0.11674920 -0.10493298
v -0.20690002 0.11447199 -0.08607453
v -0.20503702 0.10709994 -0.09036072
v -0.21153517 0.11674920 -0.10493298
v -0.21140586 0.12144872 -0.08589687
v -0.20690002 0.11447199 -0.08607453
v -0.20495439 0.11555181 -0.06890664
v -0.20911449 0.12172643 -0.06859484
v -0.20564023 0.11954867 -0.05311829
v -0.20911449 0.12172643 -0.06859484
v -0.20726554 0.12198884 -0.05064531
v -0.20564023 0.11954867 -0.05311829
v -0.20911449 0.12172643 -0.06859484
v -0.21582642 0.12814645 -0.06813826
v -0.20726554 0.12198884 -0.05064531
v -0.21582642 0.12814645 -0.06813826
v -0.21451432 0.12890996 -0.05028242
v -0.20726554 0.12198884 -0.05064531
v -0.21582642 0.12814645 -0.06813826
v -0.22384025 0.13280641 -0.06740441
v -0.21451432 0.12890996 -0.05028242
v -0.22384025 0.13280641 -0.06740441
v -0.22318408 0.13391711 -0.04969717
v -0.21451432 0.12890996 -0.05028242
v -0.22384025 0.13280641 -0.06740441
v -0.23278070 0.13672490 -0.04892293
v -0.22318408 0.13391711 -0.04969717
v -0.23278070 0.13672490 -0.04892293
v -0.22384025 0.13280641 -0.06740441
v -0.23239173 0.13378443 -0.08348404
v -0.22384025 0.13280641 -0.06740441
v -0.22451412 0.13137947 -0.08456480
v -0.23239173 0.13378443 -0.08348404
v -0.22384025 0.13280641 -0.06740441
v -0.21582642 0.12814645 -0.06813826
v -0.22451412 0.13137947 -0.08456480
v -0.21582642 0.12814645 -0.06813826
v -0.21738747 0.12719037 -0.08538418
v -0.22451412 0.13137947 -0.08456480
v -0.21582642 0.12814645 -0.06813826
v -0.20911449 0.12172643 -0.06859484
v -0.21738747 0.12719037 -0.08538418
v -0.20911449 0.12172643 -0.06859484
v -0.21140586 0.12144872 -0.08589687
v -0.21738747 0.12719037 -0.08538418
v -0.20911449 0.12172643 -0.06859484
v -0.20690002 0.11447199 -0.08607453
v -0.21140586 0.12144872 -0.08589687
v -0.23257711 0.13794534 0.01986864
v -0.22218261 0.13519271 -0.00004715
v -0.23259749 0.13789898 -0.02177224
v -0.22218261 0.13519271 -0.00004715
v -0.22238177 0.13494009 -0.02213941
v -0.23259749 0.13789898 -0.02177224
v -0.22218261 0.13519271 -0.00004715
v -0.21282482 0.12981375 -0.00004775
v -0.22238177 0.13494009 -0.02213941
v -0.21282482 0.12981375 -0.00004775
v -0.21316075 0.12963477 -0.02241684
v -0.22238177 0.13494009 -0.02213941
v -0.20848925 0.12612113 -0.00140012
v -0.21282482 0.12981375 -0.00004775
v -0.20806619 0.12456387 0.03300495
v -0.21282482 0.12981375 -0.00004775
v -0.21309985 0.12966441 0.02045814
v -0.20806619 0.12456387 0.03300495
v -0.21282482 0.12981375 -0.00004775
v -0.22218261 0.13519271 -0.00004715
v -0.21309985 0.12966441 0.02045814
v -0.22218261 0.13519271 -0.00004715
v -0.22233987 0.13498056 0.02020443
v -0.21309985 0.12966441 0.02045814
v -0.22218261 0.13519271 -0.00004715
v -0.23257711 0.13794534 0.01986864
v -0.22233987 0.13498056 0.02020443
v -0.23266395 0.13549775 0.06570629
v -0.22377915 0.13285363 0.06666766
v -0.23273860 0.13686958 0.04639052
v -0.22377915 0.13285363 0.06666766
v -0.22307062 0.13404320 0.04713022
v -0.23273860 0.13686958 0.04639052
v -0.22377915 0.13285363 0.06666766
v -0.21574745 0.12818262 0.06739516
v -0.22307062 0.13404320 0.04713022
v -0.21574745 0.12818262 0.06739516
v -0.21433751 0.12900086 0.04768935
v -0.22307062 0.13404320 0.04713022
v -0.21574745 0.12818262 0.06739516
v -0.20922845 0.12276973 0.06250788
v -0.21433751 0.12900086 0.04768935
v -0.20922845 0.12276973 0.06250788
v -0.20806619 0.12456387 0.03300495
v -0.21433751 0.12900086 0.04768935
v -0.22510921 0.12869149 0.10747169
v -0.22355991 0.12916468 0.09902692
v -0.23210507 0.13100940 0.10626413
v -0.22355991 0.12916468 0.09902692
v -0.23210066 0.13211401 0.09768405
v -0.23210507 0.13100940 0.10626413
v -0.22355991 0.12916468 0.09902692
v -0.22377915 0.13285363 0.06666766
v -0.23210066 0.13211401 0.09768405
v -0.22393248 0.12869878 -0.10362758
v -0.21688733 0.12363002 -0.10453490
v -0.22428789 0.12828250 -0.10759724
v -0.21688733 0.12363002 -0.10453490
v -0.21753422 0.12341607 -0.10850044
v -0.22428789 0.12828250 -0.10759724
v -0.21688733 0.12363002 -0.10453490
v -0.21153517 0.11674920 -0.10493298
v -0.21753422 0.12341607 -0.10850044
v -0.21153517 0.11674920 -0.10493298
v -0.21239722 0.11681583 -0.10889781
v -0.21753422 0.12341607 -0.10850044
v -0.21153517 0.11674920 -0.10493298
v -0.20930742 0.10903490 -0.10875606
v -0.21239722 0.11681583 -0.10889781
v -0.23259749 0.13789898 -0.02177224
v -0.22238177 0.13494009 -0.02213941
v -0.23278070 0.13672490 -0.04892293
v -0.22238177 0.13494009 -0.02213941
v -0.22318408 0.13391711 -0.04969717
v -0.23278070 0.13672490 -0.04892293
v -0.22238177 0.13494009 -0.02213941
v -0.21316075 0.12963477 -0.02241684
v -0.22318408 0.13391711 -0.04969717
v -0.21316075 0.12963477 -0.02241684
v -0.21451432 0.12890996 -0.05028242
v -0.22318408 0.13391711 -0.04969717
v -0.21316075 0.12963477 -0.02241684
v -0.20726554 0.12198884 -0.05064531
v -0.21451432 0.12890996 -0.05028242
v -0.23273860 0.13686958 0.04639052
v -0.22307062 0.13404320 0.04713022
v -0.23257711 0.13794534 0.01986864
v -0.22307062 0.13404320 0.04713022
v -0.22233987 0.13498056 0.02020443
v -0.23257711 0.13794534 0.01986864
v -0.22307062 0.13404320 0.04713022
v -0.21433751 0.12900086 0.04768935
v -0.22233987 0.13498056 0.02020443
v -0.21433751 0.12900086 0.04768935
v -0.21309985 0.12966441 0.02045814
v -0.22233987 0.13498056 0.02020443
v -0.21433751 0.12900086 0.04768935
v -0.20806619 0.12456387 0.03300495
v -0.21309985 0.12966441 0.02045814
v -0.20645210 0.12263446 -0.03469101
v -0.21282482 0.12981375 -0.00004775
v -0.20696707 0.12408481 -0.02125353
v -0.20645210 0.12263446 -0.03469101
v -0.21316075 0.12963477 -0.02241684
v -0.21282482 0.12981375 -0.00004775
v -0.20645210 0.12263446 -0.03469101
v -0.20726554 0.12198884 -0.05064531
v -0.21316075 0.12963477 -0.02241684
v -0.20645210 0.12263446 -0.03469101
v -0.20564023 0.11954867 -0.05311829
v -0.20726554 0.12198884 -0.05064531
v -0.22393248 0.12869878 -0.10362758
v -0.23208081 0.13115312 -0.10515823
v -0.23239173 0.13378443 -0.08348404
v -0.22393248 0.12869878 -0.10362758
v -0.22428789 0.12828250 -0.10759724
v -0.23208081 0.13115312 -0.10515823
v -0.20503702 0.10709994 -0.09036072
v -0.20690002 0.11447199 -0.08607453
v -0.20473995 0.11085093 -0.08228781
v -0.20911449 0.12172643 -0.06859484
v -0.20495439 0.11555181 -0.06890664
v -0.20690002 0.11447199 -0.08607453
v -0.21121053 0.12099040 0.08708387
v -0.20922845 0.12276973 0.06250788
v -0.21574745 0.12818262 0.06739516
v -0.21889443 0.12464359 0.10834571
v -0.22355991 0.12916468 0.09902692
v -0.22510921 0.12869149 0.10747169
v -0.22355991 0.12916468 0.09902692
v -0.21889443 0.12464359 0.10834571
v -0.21617646 0.12386321 0.09993533
v -0.23209224 0.13100728 -0.10626392
v -0.23208081 0.13115312 -0.10515823
v -0.22428789 0.12828250 -0.10759724
v -0.22393248 0.12869878 -0.10362758
v -0.23239173 0.13378443 -0.08348404
v -0.22451412 0.13137947 -0.08456480
v -0.21738747 0.12719037 -0.08538418
v -0.22393248 0.12869878 -0.10362758
v -0.22451412 0.13137947 -0.08456480
v -0.22393248 0.12869878 -0.10362758
v -0.21738747 0.12719037 -0.08538418
v -0.21688733 0.12363002 -0.10453490
v -0.21140586 0.12144872 -0.08589687
v -0.21688733 0.12363002 -0.10453490
v -0.21738747 0.12719037 -0.08538418
v -0.21688733 0.12363002 -0.10453490
v -0.21140586 0.12144872 -0.08589687
v -0.21153517 0.11674920 -0.10493298
v -0.20690002 0.11447199 -0.08607453
v -0.20495439 0.11555181 -0.06890664
v -0.20473995 0.11085093 -0.08228781
v -0.20848925 0.12612113 -0.00140012
v -0.20696707 0.12408481 -0.02125353
v -0.21282482 0.12981375 -0.00004775
v -0.23210066 0.13211401 0.09768405
v -0.22377915 0.13285363 0.06666766
v -0.23266395 0.13549775 0.06570629
v -0.22355991 0.12916468 0.09902692
v -0.21574745 0.12818262 0.06739516
v -0.22377915 0.13285363 0.06666766
v -0.22355991 0.12916468 0.09902692
v -0.21617646 0.12386321 0.09993533
v -0.21574745 0.12818262 0.06739516
v -0.15336206 0.10902257 -0.02441142
v -0.14021414 0.11311950 -0.02441142
v -0.15182857 0.10664374 -0.03267465
v -0.15182857 0.10664374 -0.03267465
v -0.14021414 0.11311950 -0.02441142
v -0.14442002 0.10948151 -0.03145947
v -0.15182857 0.10664374 -0.03267465
v -0.14442002 0.10948151 -0.03145947
v -0.15003433 0.10331451 -0.04064744
v -0.20848925 0.12612113 -0.00140012
v -0.20483239 0.12290832 -0.00115852
v -0.20696707 0.12408481 -0.02125353
v -0.20483239 0.12290832 -0.00115852
v -0.19885874 0.11753930 -0.01463853
v -0.20696707 0.12408481 -0.02125353
v -0.20483239 0.12290832 -0.00115852
v -0.19704146 0.11778788 -0.00069876
v -0.19885874 0.11753930 -0.01463853
v -0.18028569 0.11235555 0.00000001
v -0.17856438 0.11037342 -0.00950449
v -0.18805773 0.11406443 -0.00026969
v -0.17856438 0.11037342 -0.00950449
v -0.18917314 0.11278094 -0.01188751
v -0.18805773 0.11406443 -0.00026969
v -0.17856438 0.11037342 -0.00950449
v -0.17655244 0.10671413 -0.02693220
v -0.18917314 0.11278094 -0.01188751
v -0.17655244 0.10671413 -0.02693220
v -0.18226820 0.10782547 -0.02795441
v -0.18917314 0.11278094 -0.01188751
v -0.19303968 0.11199882 -0.03037686
v -0.19885874 0.11753930 -0.01463853
v -0.18778966 0.10959528 -0.02910801
v -0.19885874 0.11753930 -0.01463853
v -0.18917314 0.11278094 -0.01188751
v -0.18778966 0.10959528 -0.02910801
v -0.19885874 0.11753930 -0.01463853
v -0.19704146 0.11778788 -0.00069876
v -0.18917314 0.11278094 -0.01188751
v -0.16758966 0.11044318 -0.00761465
v -0.16345746 0.11288776 0.00000001
v -0.16084422 0.11351515 0.00000001
v -0.16758966 0.11044318 -0.00761465
v -0.16604638 0.11241734 0.00000001
v -0.16345746 0.11288776 0.00000001
v -0.16758966 0.11044318 -0.00761465
v -0.16860081 0.11209553 0.00000001
v -0.16604638 0.11241734 0.00000001
v -0.16758966 0.11044318 -0.00761465
v -0.17147119 0.11189823 0.00000001
v -0.16860081 0.11209553 0.00000001
v -0.16758966 0.11044318 -0.00761465
v -0.17427782 0.11187050 0.00000001
v -0.17147119 0.11189823 0.00000001
v -0.16758966 0.11044318 -0.00761465
v -0.17856438 0.11037342 -0.00950449
v -0.17427782 0.11187050 0.00000001
v -0.16758966 0.11044318 -0.00761465
v -0.17072233 0.10627682 -0.02605565
v -0.17856438 0.11037342 -0.00950449
v -0.16758966 0.11044318 -0.00761465
v -0.16485940 0.10651962 -0.02533704
v -0.17072233 0.10627682 -0.02605565
v -0.16758966 0.11044318 -0.00761465
v -0.15336206 0.10902257 -0.02441142
v -0.16485940 0.10651962 -0.02533704
v -0.16758966 0.11044318 -0.00761465
v -0.15591277 0.11221656 -0.01011537
v -0.15336206 0.10902257 -0.02441142
v -0.16758966 0.11044318 -0.00761465
v -0.15821921 0.11430689 0.00000001
v -0.15591277 0.11221656 -0.01011537
v -0.16758966 0.11044318 -0.00761465
v -0.16084422 0.11351515 0.00000001
v -0.15821921 0.11430689 0.00000001
v -0.20243658 0.11856431 -0.03318801
v -0.19885874 0.11753930 -0.01463853
v -0.19794483 0.11500248 -0.03174323
v -0.20696707 0.12408481 -0.02125353
v -0.19885874 0.11753930 -0.01463853
v -0.20243658 0.11856431 -0.03318801
v -0.17072233 0.10627682 -0.02605565
v -0.17655244 0.10671413 -0.02693220
v -0.17856438 0.11037342 -0.00950449
v -0.18226820 0.10782547 -0.02795441
v -0.18778966 0.10959528 -0.02910801
v -0.18917314 0.11278094 -0.01188751
v -0.19303968 0.11199882 -0.03037686
v -0.19794483 0.11500248 -0.03174323
v -0.19885874 0.11753930 -0.01463853
v -0.20645210 0.12263446 -0.03469101
v -0.20696707 0.12408481 -0.02125353
v -0.20243658 0.11856431 -0.03318801
v -0.17856438 0.11037342 -0.00950449
v -0.17701427 0.11199935 0.00000001
v -0.17427782 0.11187050 0.00000001
v -0.18028569 0.11235555 0.00000001
v -0.17701427 0.11199935 0.00000001
v -0.17856438 0.11037342 -0.00950449
v -0.18917314 0.11278094 -0.01188751
v -0.19704146 0.11778788 -0.00069876
v -0.18805773 0.11406443 -0.00026969
v 0.12442528 -0.06337809 0.01386911
v 0.12381765 -0.06485563 0.01282520
v 0.12412763 -0.06428947 0.01222492
v 0.12381765 -0.06485563 0.01282520
v 0.12333240 -0.06926298 0.01014532
v 0.12412763 -0.06428947 0.01222492
v 0.12412763 -0.06428947 0.01222492
v 0.12333240 -0.06926298 0.01014532
v 0.12446600 -0.06726028 0.00798602
v 0.12333240 -0.06926298 0.01014532
v 0.12490815 -0.06934252 0.00859494
v 0.12446600 -0.06726028 0.00798602
v 0.12374542 -0.07066832 0.00947763
v 0.12490815 -0.06934252 0.00859494
v 0.12333240 -0.06926298 0.01014532
v 0.12508834 -0.06831539 0.00692121
v 0.12446600 -0.06726028 0.00798602
v 0.12490815 -0.06934252 0.00859494
v 0.12065391 -0.09794805 0.00499999
v 0.12058608 -0.09820116 -0.00000001
v 0.12240677 -0.09827738 0.00499999
v 0.12240677 -0.09827738 0.00499999
v 0.12058608 -0.09820116 -0.00000001
v 0.12639133 -0.09830248 -0.00000001
v 0.12240677 -0.09827738 0.00499999
v 0.12639133 -0.09830248 -0.00000001
v 0.12791238 -0.09756210 0.00499999
v 0.13352174 -0.07972713 -0.00000001
v 0.13330708 -0.07987743 0.00499999
v 0.13560247 -0.08514762 -0.00000001
v 0.13560247 -0.08514762 -0.00000001
v 0.13330708 -0.07987743 0.00499999
v 0.13532438 -0.08504532 0.00499999
v 0.13560247 -0.08514762 -0.00000001
v 0.13532438 -0.08504532 0.00499999
v 0.13474243 -0.09056729 0.00499999
v 0.12791238 -0.09756210 0.00499999
v 0.12639133 -0.09830248 -0.00000001
v 0.13156462 -0.09566657 -0.00000001
v 0.12791238 -0.09756210 0.00499999
v 0.13156462 -0.09566657 -0.00000001
v 0.13209114 -0.09480948 0.00499999
v 0.13209114 -0.09480948 0.00499999
v 0.13156462 -0.09566657 -0.00000001
v 0.13489489 -0.09091046 -0.00000001
v 0.13209114 -0.09480948 0.00499999
v 0.13489489 -0.09091046 -0.00000001
v 0.13474243 -0.09056729 0.00499999
v 0.13474243 -0.09056729 0.00499999
v 0.13489489 -0.09091046 -0.00000001
v 0.13560247 -0.08514762 -0.00000001
v 0.10788171 -0.09365878 0.00859495
v 0.10872990 -0.09211272 0.00947763
v 0.10503744 -0.09395737 0.00882433
v 0.10503744 -0.09395737 0.00882433
v 0.10872990 -0.09211272 0.00947763
v 0.10632498 -0.09245779 0.01067344
v 0.10503744 -0.09395737 0.00882433
v 0.10632498 -0.09245779 0.01067344
v 0.10211184 -0.09524498 0.01386911
v 0.10697817 -0.09417940 0.00692121
v 0.10788171 -0.09365878 0.00859495
v 0.10503744 -0.09395737 0.00882433
v 0.13330708 -0.07987743 0.00499999
v 0.13352174 -0.07972713 -0.00000001
v 0.12544461 -0.06864865 0.00499999
v 0.12544461 -0.06864865 0.00499999
v 0.13352174 -0.07972713 -0.00000001
v 0.12539428 -0.06811991 -0.00000001
v 0.12544461 -0.06864865 0.00499999
v 0.12539428 -0.06811991 -0.00000001
v 0.12539191 -0.06811652 -0.00000004
v 0.12539191 -0.06811652 -0.00000004
v 0.12508834 -0.06831539 0.00692121
v 0.12544461 -0.06864865 0.00499999
v 0.12544461 -0.06864865 0.00499999
v 0.12508834 -0.06831539 0.00692121
v 0.12539645 -0.06873658 0.00671510
v 0.12058608 -0.09820116 -0.00000001
v 0.12065391 -0.09794805 0.00499999
v 0.10689909 -0.09453374 -0.00000001
v 0.10689909 -0.09453374 -0.00000001
v 0.12065391 -0.09794805 0.00499999
v 0.10741318 -0.09440020 0.00499999
v 0.10697817 -0.09417940 0.00692121
v 0.10689511 -0.09453268 -0.00000004
v 0.10689909 -0.09453374 -0.00000001
v 0.10697817 -0.09417940 0.00692121
v 0.10689909 -0.09453374 -0.00000001
v 0.10741318 -0.09440020 0.00499999
v 0.10697817 -0.09417940 0.00692121
v 0.10741318 -0.09440020 0.00499999
v 0.10747934 -0.09432488 0.00671510
v 0.09402439 -0.10413518 -0.01671977
v 0.09541198 -0.10184953 -0.01683201
v 0.09448734 -0.10449538 -0.00001159
v 0.09541198 -0.10184953 -0.01683201
v 0.09593715 -0.10196105 -0.00000000
v 0.09448734 -0.10449538 -0.00001159
v 0.09316745 -0.10299067 -0.04282504
v 0.09173229 -0.10533914 -0.04247892
v 0.09161391 -0.10395680 -0.05481776
v 0.09173229 -0.10533914 -0.04247892
v 0.09014118 -0.10634622 -0.05437819
v 0.09161391 -0.10395680 -0.05481776
v 0.09173229 -0.10533914 -0.04247892
v 0.09177091 -0.10810564 -0.04227962
v 0.09014118 -0.10634622 -0.05437819
v 0.09177091 -0.10810564 -0.04227962
v 0.09021085 -0.10917487 -0.05412297
v 0.09014118 -0.10634622 -0.05437819
v 0.09541198 -0.10184953 -0.01683201
v 0.09402439 -0.10413518 -0.01671977
v 0.09316745 -0.10299067 -0.04282504
v 0.09402439 -0.10413518 -0.01671977
v 0.09173229 -0.10533914 -0.04247892
v 0.09316745 -0.10299067 -0.04282504
v 0.09402439 -0.10413518 -0.01671977
v 0.09401329 -0.10681104 -0.01667719
v 0.09173229 -0.10533914 -0.04247892
v 0.09401329 -0.10681104 -0.01667719
v 0.09177091 -0.10810564 -0.04227962
v 0.09173229 -0.10533914 -0.04247892
v 0.09453262 -0.10689516 -0.00000004
v 0.09402439 -0.10413518 -0.01671977
v 0.09448734 -0.10449538 -0.00001159
v 0.09453262 -0.10689516 -0.00000004
v 0.09401329 -0.10681104 -0.01667719
v 0.09402439 -0.10413518 -0.01671977
v 0.09453262 -0.10689516 -0.00000004
v 0.09453369 -0.10689914 -0.00000001
v 0.09401329 -0.10681104 -0.01667719
v 0.09014118 -0.10634622 -0.05437819
v 0.08970546 -0.10648430 -0.05729411
v 0.09161391 -0.10395680 -0.05481776
v 0.08970546 -0.10648430 -0.05729411
v 0.09111060 -0.10429209 -0.05786980
v 0.09161391 -0.10395680 -0.05481776
v 0.08970546 -0.10648430 -0.05729411
v 0.08751355 -0.10952688 -0.06390534
v 0.09111060 -0.10429209 -0.05786980
v 0.08751355 -0.10952688 -0.06390534
v 0.08893819 -0.10588552 -0.06562958
v 0.09111060 -0.10429209 -0.05786980
v 0.08751355 -0.10952688 -0.06390534
v 0.08420719 -0.11106193 -0.06956399
v 0.08893819 -0.10588552 -0.06562958
v 0.08420719 -0.11106193 -0.06956399
v 0.08726006 -0.10715601 -0.06908504
v 0.08893819 -0.10588552 -0.06562958
v 0.08420719 -0.11106193 -0.06956399
v 0.08501898 -0.10884371 -0.07206320
v 0.08726006 -0.10715601 -0.06908504
v 0.08970546 -0.10648430 -0.05729411
v 0.09014118 -0.10634622 -0.05437819
v 0.08751355 -0.10952688 -0.06390534
v 0.09014118 -0.10634622 -0.05437819
v 0.09021085 -0.10917487 -0.05412297
v 0.08751355 -0.10952688 -0.06390534
v 0.06755582 -0.12079336 -0.06106389
v 0.06985530 -0.12023230 -0.06033466
v 0.06635353 -0.12164431 -0.05481757
v 0.06985530 -0.12023230 -0.06033466
v 0.06910258 -0.12107760 -0.05437826
v 0.06635353 -0.12164431 -0.05481757
v 0.06985530 -0.12023230 -0.06033466
v 0.07218920 -0.12087929 -0.05981647
v 0.06910258 -0.12107760 -0.05437826
v 0.07218920 -0.12087929 -0.05981647
v 0.07173683 -0.12211054 -0.05412292
v 0.06910258 -0.12107760 -0.05437826
v 0.06755582 -0.12079336 -0.06106389
v 0.06889842 -0.11990824 -0.06518303
v 0.06985530 -0.12023230 -0.06033466
v 0.06889842 -0.11990824 -0.06518303
v 0.07083871 -0.11938984 -0.06423982
v 0.06985530 -0.12023230 -0.06033466
v 0.06889842 -0.11990824 -0.06518303
v 0.07081824 -0.11866703 -0.06903583
v 0.07083871 -0.11938984 -0.06423982
v 0.08420719 -0.11106193 -0.06956399
v 0.08162069 -0.11263032 -0.07153886
v 0.08501898 -0.10884371 -0.07206320
v 0.08162069 -0.11263032 -0.07153886
v 0.08169273 -0.11128795 -0.07434077
v 0.08501898 -0.10884371 -0.07206320
v 0.08162069 -0.11263032 -0.07153886
v 0.07913432 -0.11432831 -0.07190468
v 0.08169273 -0.11128795 -0.07434077
v 0.07913432 -0.11432831 -0.07190468
v 0.07833228 -0.11366486 -0.07476451
v 0.08169273 -0.11128795 -0.07434077
v 0.07913432 -0.11432831 -0.07190468
v 0.07685166 -0.11604893 -0.07087757
v 0.07833228 -0.11366486 -0.07476451
v 0.07685166 -0.11604893 -0.07087757
v 0.07510237 -0.11586144 -0.07357624
v 0.07833228 -0.11366486 -0.07476451
v 0.07685166 -0.11604893 -0.07087757
v 0.07274037 -0.11742001 -0.07158800
v 0.07510237 -0.11586144 -0.07357624
v 0.07083871 -0.11938984 -0.06423982
v 0.07402668 -0.11854138 -0.06691615
v 0.07218920 -0.12087929 -0.05981647
v 0.07685166 -0.11604893 -0.07087757
v 0.07402668 -0.11854138 -0.06691615
v 0.07274037 -0.11742001 -0.07158800
v 0.07218920 -0.12087929 -0.05981647
v 0.06985530 -0.12023230 -0.06033466
v 0.07083871 -0.11938984 -0.06423982
v 0.07081824 -0.11866703 -0.06903583
v 0.07402668 -0.11854138 -0.06691615
v 0.07083871 -0.11938984 -0.06423982
v 0.07402668 -0.11854138 -0.06691615
v 0.07081824 -0.11866703 -0.06903583
v 0.07274037 -0.11742001 -0.07158800
v 0.06635353 -0.12164431 -0.05481757
v 0.06910258 -0.12107760 -0.05437826
v 0.06521484 -0.12253299 -0.04556825
v 0.06910258 -0.12107760 -0.05437826
v 0.06792356 -0.12198333 -0.04519990
v 0.06521484 -0.12253299 -0.04556825
v 0.06910258 -0.12107760 -0.05437826
v 0.07173683 -0.12211054 -0.05412292
v 0.06792356 -0.12198333 -0.04519990
v 0.07173683 -0.12211054 -0.05412292
v 0.07052019 -0.12297682 -0.04498681
v 0.06792356 -0.12198333 -0.04519990
v 0.06315911 -0.12438001 -0.01920143
v 0.06578578 -0.12385697 -0.01906644
v 0.06299958 -0.12502418 -0.00000000
v 0.06578578 -0.12385697 -0.01906644
v 0.06587689 -0.12452863 -0.00001164
v 0.06299958 -0.12502418 -0.00000000
v 0.06578578 -0.12385697 -0.01906644
v 0.06811646 -0.12539196 -0.00000004
v 0.06587689 -0.12452863 -0.00001164
v 0.06521484 -0.12253299 -0.04556825
v 0.06792356 -0.12198333 -0.04519990
v 0.06315911 -0.12438001 -0.01920143
v 0.06792356 -0.12198333 -0.04519990
v 0.06578578 -0.12385697 -0.01906644
v 0.06315911 -0.12438001 -0.01920143
v 0.06792356 -0.12198333 -0.04519990
v 0.07052019 -0.12297682 -0.04498681
v 0.06578578 -0.12385697 -0.01906644
v 0.07052019 -0.12297682 -0.04498681
v 0.06830785 -0.12476632 -0.01900792
v 0.06578578 -0.12385697 -0.01906644
v 0.06811646 -0.12539196 -0.00000004
v 0.06578578 -0.12385697 -0.01906644
v 0.06811986 -0.12539433 -0.00000000
v 0.06811986 -0.12539433 -0.00000000
v 0.06578578 -0.12385697 -0.01906644
v 0.06830785 -0.12476632 -0.01900792
v -0.13351728 0.03347709 -0.08973823
v -0.13489939 0.03382363 -0.08484962
v -0.13093875 0.04249082 -0.08934266
v -0.13489939 0.03382363 -0.08484962
v -0.13281379 0.04264836 -0.08384616
v -0.13093875 0.04249082 -0.08934266
v -0.13489939 0.03382363 -0.08484962
v -0.13843730 0.03471070 -0.08129645
v -0.13281379 0.04264836 -0.08384616
v -0.13843730 0.03471070 -0.08129645
v -0.13603897 0.04344705 -0.08088471
v -0.13281379 0.04264836 -0.08384616
v -0.13843730 0.03471070 -0.08129645
v -0.14321370 0.03590830 -0.08000000
v -0.13603897 0.04344705 -0.08088471
v -0.14321370 0.03590830 -0.08000000
v -0.14013189 0.04466581 -0.07965096
v -0.13603897 0.04344705 -0.08088471
v -0.14013189 0.04466581 -0.07965096
v -0.13724795 0.04862114 -0.08035010
v -0.13603897 0.04344705 -0.08088471
v -0.13603897 0.04344705 -0.08088471
v -0.13724795 0.04862114 -0.08035010
v -0.13361172 0.04683659 -0.08211768
v -0.13603897 0.04344705 -0.08088471
v -0.13361172 0.04683659 -0.08211768
v -0.13281379 0.04264836 -0.08384616
v -0.13281379 0.04264836 -0.08384616
v -0.13361172 0.04683659 -0.08211768
v -0.13123709 0.04502684 -0.08537604
v -0.13281379 0.04264836 -0.08384616
v -0.13123709 0.04502684 -0.08537604
v -0.13093875 0.04249082 -0.08934266
v -0.13093875 0.04249082 -0.08934266
v -0.13123709 0.04502684 -0.08537604
v -0.13058781 0.04354536 -0.08948879
v -0.16434136 0.06094722 -0.07652631
v -0.15469710 0.05827348 -0.07689546
v -0.16692203 0.05900027 -0.07760027
v -0.15469710 0.05827348 -0.07689546
v -0.15924913 0.05446512 -0.07752238
v -0.16692203 0.05900027 -0.07760027
v -0.15469710 0.05827348 -0.07689546
v -0.14968467 0.05055577 -0.07827857
v -0.15924913 0.05446512 -0.07752238
v -0.13896373 0.06256631 -0.08551147
v -0.14658227 0.06589145 -0.08089492
v -0.14843343 0.07474115 -0.08440620
v -0.14658227 0.06589145 -0.08089492
v -0.15187919 0.07137320 -0.07962468
v -0.14843343 0.07474115 -0.08440620
v -0.14658227 0.06589145 -0.08089492
v -0.15033197 0.06219577 -0.07805504
v -0.15187919 0.07137320 -0.07962468
v -0.15033197 0.06219577 -0.07805504
v -0.15647398 0.06731074 -0.07671548
v -0.15187919 0.07137320 -0.07962468
v -0.15033197 0.06219577 -0.07805504
v -0.15469710 0.05827348 -0.07689546
v -0.15647398 0.06731074 -0.07671548
v -0.15469710 0.05827348 -0.07689546
v -0.15904042 0.06516361 -0.07607740
v -0.15647398 0.06731074 -0.07671548
v -0.15469710 0.05827348 -0.07689546
v -0.16168849 0.06302173 -0.07601372
v -0.15904042 0.06516361 -0.07607740
v -0.14968467 0.05055577 -0.07827857
v -0.15469710 0.05827348 -0.07689546
v -0.14530317 0.05479738 -0.07880648
v -0.13896373 0.06256631 -0.08551147
v -0.14158504 0.05896276 -0.08131493
v -0.14658227 0.06589145 -0.08089492
v -0.14158504 0.05896276 -0.08131493
v -0.15033197 0.06219577 -0.07805504
v -0.14658227 0.06589145 -0.08089492
v -0.14158504 0.05896276 -0.08131493
v -0.14530317 0.05479738 -0.07880648
v -0.15033197 0.06219577 -0.07805504
v -0.15033197 0.06219577 -0.07805504
v -0.14530317 0.05479738 -0.07880648
v -0.15469710 0.05827348 -0.07689546
v -0.16434136 0.06094722 -0.07652631
v -0.16168849 0.06302173 -0.07601372
v -0.15469710 0.05827348 -0.07689546
v -0.13288452 0.05365886 -0.08532684
v -0.13755803 0.05433333 -0.08193431
v -0.13896373 0.06256631 -0.08551147
v -0.13755803 0.05433333 -0.08193431
v -0.14158504 0.05896276 -0.08131493
v -0.13896373 0.06256631 -0.08551147
v -0.13755803 0.05433333 -0.08193431
v -0.14090723 0.05101342 -0.07969355
v -0.14158504 0.05896276 -0.08131493
v -0.14090723 0.05101342 -0.07969355
v -0.14530317 0.05479738 -0.07880648
v -0.14158504 0.05896276 -0.08131493
v -0.14090723 0.05101342 -0.07969355
v -0.14013189 0.04466581 -0.07965096
v -0.14530317 0.05479738 -0.07880648
v -0.14013189 0.04466581 -0.07965096
v -0.14968467 0.05055577 -0.07827857
v -0.14530317 0.05479738 -0.07880648
v -0.13504271 0.05132492 -0.08214936
v -0.13724795 0.04862114 -0.08035010
v -0.13755803 0.05433333 -0.08193431
v -0.13724795 0.04862114 -0.08035010
v -0.14090723 0.05101342 -0.07969355
v -0.13755803 0.05433333 -0.08193431
v -0.13724795 0.04862114 -0.08035010
v -0.14013189 0.04466581 -0.07965096
v -0.14090723 0.05101342 -0.07969355
v -0.13288452 0.05365886 -0.08532684
v -0.13504271 0.05132492 -0.08214936
v -0.13755803 0.05433333 -0.08193431
v -0.17531398 0.08772869 -0.06386393
v -0.17000502 0.08510428 -0.06474853
v -0.17606650 0.08731208 -0.06464192
v -0.17000502 0.08510428 -0.06474853
v -0.17251721 0.08564194 -0.06471812
v -0.17606650 0.08731208 -0.06464192
v -0.17000502 0.08510428 -0.06474853
v -0.16881154 0.08450552 -0.06532635
v -0.17251721 0.08564194 -0.06471812
v -0.15101699 0.08976733 -0.07757920
v -0.15413260 0.08663514 -0.07313906
v -0.15087560 0.09004801 -0.07709692
v -0.15413260 0.08663514 -0.07313906
v -0.15267970 0.08788320 -0.07447163
v -0.15087560 0.09004801 -0.07709692
v -0.15413260 0.08663514 -0.07313906
v -0.15505352 0.08617866 -0.07196309
v -0.15267970 0.08788320 -0.07447163
v -0.15525326 0.08583441 -0.07232876
v -0.15818007 0.08462405 -0.07001312
v -0.15413260 0.08663514 -0.07313906
v -0.15818007 0.08462405 -0.07001312
v -0.15867688 0.08463801 -0.06941506
v -0.15413260 0.08663514 -0.07313906
v -0.15818007 0.08462405 -0.07001312
v -0.16150235 0.08398659 -0.06802579
v -0.15867688 0.08463801 -0.06941506
v -0.16150235 0.08398659 -0.06802579
v -0.16414307 0.08411080 -0.06652549
v -0.15867688 0.08463801 -0.06941506
v -0.16150235 0.08398659 -0.06802579
v -0.16509221 0.08394657 -0.06644324
v -0.16414307 0.08411080 -0.06652549
v -0.16462779 0.08435994 -0.06602628
v -0.16414307 0.08411080 -0.06652549
v -0.16824180 0.08492704 -0.06482186
v -0.16414307 0.08411080 -0.06652549
v -0.17000502 0.08510428 -0.06474853
v -0.16824180 0.08492704 -0.06482186
v -0.16414307 0.08411080 -0.06652549
v -0.16509221 0.08394657 -0.06644324
v -0.17000502 0.08510428 -0.06474853
v -0.16509221 0.08394657 -0.06644324
v -0.16881154 0.08450552 -0.06532635
v -0.17000502 0.08510428 -0.06474853
v -0.15413260 0.08663514 -0.07313906
v -0.15867688 0.08463801 -0.06941506
v -0.15505352 0.08617866 -0.07196309
v -0.15867688 0.08463801 -0.06941506
v -0.15790908 0.08499758 -0.06966435
v -0.15505352 0.08617866 -0.07196309
v -0.15867688 0.08463801 -0.06941506
v -0.16414307 0.08411080 -0.06652549
v -0.15790908 0.08499758 -0.06966435
v -0.16414307 0.08411080 -0.06652549
v -0.16114043 0.08438376 -0.06766064
v -0.15790908 0.08499758 -0.06966435
v -0.16414307 0.08411080 -0.06652549
v -0.16462779 0.08435994 -0.06602628
v -0.16114043 0.08438376 -0.06766064
v -0.17531398 0.08772869 -0.06386393
v -0.17184846 0.08606400 -0.06409207
v -0.17000502 0.08510428 -0.06474853
v -0.15101699 0.08976733 -0.07757920
v -0.15283455 0.08757110 -0.07488357
v -0.15413260 0.08663514 -0.07313906
v -0.15283455 0.08757110 -0.07488357
v -0.15525326 0.08583441 -0.07232876
v -0.15413260 0.08663514 -0.07313906
v -0.17184846 0.08606400 -0.06409207
v -0.16824180 0.08492704 -0.06482186
v -0.17000502 0.08510428 -0.06474853
v -0.15101699 0.08976733 -0.07757920
v -0.15156065 0.08781788 -0.08026552
v -0.15283455 0.08757110 -0.07488357
v -0.15156065 0.08781788 -0.08026552
v -0.15489635 0.08430150 -0.07560320
v -0.15283455 0.08757110 -0.07488357
v -0.15156065 0.08781788 -0.08026552
v -0.15152198 0.08400837 -0.08317488
v -0.15489635 0.08430150 -0.07560320
v -0.15152198 0.08400837 -0.08317488
v -0.15502235 0.08261979 -0.07697372
v -0.15489635 0.08430150 -0.07560320
v -0.15152198 0.08400837 -0.08317488
v -0.15481493 0.08026941 -0.07834327
v -0.15502235 0.08261979 -0.07697372
v -0.17621864 0.06785368 -0.07757205
v -0.17854178 0.07198761 -0.07673543
v -0.17045316 0.06940336 -0.07511440
v -0.17854178 0.07198761 -0.07673543
v -0.17207833 0.07207458 -0.07435823
v -0.17045316 0.06940336 -0.07511440
v -0.17854178 0.07198761 -0.07673543
v -0.17983380 0.07597849 -0.07521726
v -0.17207833 0.07207458 -0.07435823
v -0.17983380 0.07597849 -0.07521726
v -0.17310686 0.07463231 -0.07334686
v -0.17207833 0.07207458 -0.07435823
v -0.17983380 0.07597849 -0.07521726
v -0.18009795 0.07993435 -0.07281270
v -0.17310686 0.07463231 -0.07334686
v -0.18009795 0.07993435 -0.07281270
v -0.17356193 0.07864118 -0.07102922
v -0.17310686 0.07463231 -0.07334686
v -0.15064128 0.07969204 -0.08434776
v -0.15448496 0.07872296 -0.07897223
v -0.15152198 0.08400837 -0.08317488
v -0.15448496 0.07872296 -0.07897223
v -0.15481493 0.08026941 -0.07834327
v -0.15152198 0.08400837 -0.08317488
v -0.15448496 0.07872296 -0.07897223
v -0.15949930 0.07600343 -0.07544556
v -0.15481493 0.08026941 -0.07834327
v -0.15949930 0.07600343 -0.07544556
v -0.15998322 0.07760354 -0.07469778
v -0.15481493 0.08026941 -0.07834327
v -0.15949930 0.07600343 -0.07544556
v -0.16559212 0.07370101 -0.07384767
v -0.15998322 0.07760354 -0.07469778
v -0.16559212 0.07370101 -0.07384767
v -0.16632967 0.07564773 -0.07296426
v -0.15998322 0.07760354 -0.07469778
v -0.16559212 0.07370101 -0.07384767
v -0.17207833 0.07207458 -0.07435823
v -0.16632967 0.07564773 -0.07296426
v -0.17207833 0.07207458 -0.07435823
v -0.17310686 0.07463231 -0.07334686
v -0.16632967 0.07564773 -0.07296426
v -0.14843343 0.07474115 -0.08440620
v -0.15274832 0.07444960 -0.08004457
v -0.15064128 0.07969204 -0.08434776
v -0.15274832 0.07444960 -0.08004457
v -0.15395658 0.07703871 -0.07948451
v -0.15064128 0.07969204 -0.08434776
v -0.15274832 0.07444960 -0.08004457
v -0.15692665 0.07150654 -0.07696753
v -0.15395658 0.07703871 -0.07948451
v -0.15692665 0.07150654 -0.07696753
v -0.15871027 0.07424830 -0.07612319
v -0.15395658 0.07703871 -0.07948451
v -0.15692665 0.07150654 -0.07696753
v -0.16183010 0.06843714 -0.07551053
v -0.15871027 0.07424830 -0.07612319
v -0.16183010 0.06843714 -0.07551053
v -0.16440701 0.07161160 -0.07461407
v -0.15871027 0.07424830 -0.07612319
v -0.16183010 0.06843714 -0.07551053
v -0.16702245 0.06551447 -0.07580319
v -0.16440701 0.07161160 -0.07461407
v -0.16702245 0.06551447 -0.07580319
v -0.17045316 0.06940336 -0.07511440
v -0.16440701 0.07161160 -0.07461407
v -0.16702245 0.06551447 -0.07580319
v -0.17204171 0.06299857 -0.07781945
v -0.17045316 0.06940336 -0.07511440
v -0.17204171 0.06299857 -0.07781945
v -0.17621864 0.06785368 -0.07757205
v -0.17045316 0.06940336 -0.07511440
v -0.15647398 0.06731074 -0.07671548
v -0.15904042 0.06516361 -0.07607740
v -0.15692665 0.07150654 -0.07696753
v -0.15904042 0.06516361 -0.07607740
v -0.16183010 0.06843714 -0.07551053
v -0.15692665 0.07150654 -0.07696753
v -0.15904042 0.06516361 -0.07607740
v -0.16168849 0.06302173 -0.07601372
v -0.16183010 0.06843714 -0.07551053
v -0.16168849 0.06302173 -0.07601372
v -0.16702245 0.06551447 -0.07580319
v -0.16183010 0.06843714 -0.07551053
v -0.16168849 0.06302173 -0.07601372
v -0.16434136 0.06094722 -0.07652631
v -0.16702245 0.06551447 -0.07580319
v -0.16692203 0.05900027 -0.07760027
v -0.17204171 0.06299857 -0.07781945
v -0.16434136 0.06094722 -0.07652631
v -0.17204171 0.06299857 -0.07781945
v -0.16702245 0.06551447 -0.07580319
v -0.16434136 0.06094722 -0.07652631
v -0.15489635 0.08430150 -0.07560320
v -0.15995568 0.08191821 -0.07186792
v -0.15525326 0.08583441 -0.07232876
v -0.15995568 0.08191821 -0.07186792
v -0.15818007 0.08462405 -0.07001312
v -0.15525326 0.08583441 -0.07232876
v -0.15995568 0.08191821 -0.07186792
v -0.16150235 0.08398659 -0.06802579
v -0.15818007 0.08462405 -0.07001312
v -0.15995568 0.08191821 -0.07186792
v -0.16616656 0.08093748 -0.06948207
v -0.16150235 0.08398659 -0.06802579
v -0.16616656 0.08093748 -0.06948207
v -0.16509221 0.08394657 -0.06644324
v -0.16150235 0.08398659 -0.06802579
v -0.16616656 0.08093748 -0.06948207
v -0.17282669 0.08147022 -0.06871539
v -0.16509221 0.08394657 -0.06644324
v -0.17282669 0.08147022 -0.06871539
v -0.16881154 0.08450552 -0.06532635
v -0.16509221 0.08394657 -0.06644324
v -0.17282669 0.08147022 -0.06871539
v -0.17251721 0.08564194 -0.06471812
v -0.16881154 0.08450552 -0.06532635
v -0.17606650 0.08731208 -0.06464192
v -0.17251721 0.08564194 -0.06471812
v -0.17918302 0.08345618 -0.06965461
v -0.17251721 0.08564194 -0.06471812
v -0.17282669 0.08147022 -0.06871539
v -0.17918302 0.08345618 -0.06965461
v -0.15502235 0.08261979 -0.07697372
v -0.16023143 0.08006879 -0.07324127
v -0.15489635 0.08430150 -0.07560320
v -0.16023143 0.08006879 -0.07324127
v -0.15995568 0.08191821 -0.07186792
v -0.15489635 0.08430150 -0.07560320
v -0.16023143 0.08006879 -0.07324127
v -0.16666637 0.07868784 -0.07117798
v -0.15995568 0.08191821 -0.07186792
v -0.16666637 0.07868784 -0.07117798
v -0.16616656 0.08093748 -0.06948207
v -0.15995568 0.08191821 -0.07186792
v -0.16666637 0.07868784 -0.07117798
v -0.17356193 0.07864118 -0.07102922
v -0.16616656 0.08093748 -0.06948207
v -0.17356193 0.07864118 -0.07102922
v -0.17282669 0.08147022 -0.06871539
v -0.16616656 0.08093748 -0.06948207
v -0.17356193 0.07864118 -0.07102922
v -0.18009795 0.07993435 -0.07281270
v -0.17282669 0.08147022 -0.06871539
v -0.18009795 0.07993435 -0.07281270
v -0.17918302 0.08345618 -0.06965461
v -0.17282669 0.08147022 -0.06871539
v -0.15481493 0.08026941 -0.07834327
v -0.15998322 0.07760354 -0.07469778
v -0.15502235 0.08261979 -0.07697372
v -0.15998322 0.07760354 -0.07469778
v -0.16023143 0.08006879 -0.07324127
v -0.15502235 0.08261979 -0.07697372
v -0.15998322 0.07760354 -0.07469778
v -0.16632967 0.07564773 -0.07296426
v -0.16023143 0.08006879 -0.07324127
v -0.16632967 0.07564773 -0.07296426
v -0.16666637 0.07868784 -0.07117798
v -0.16023143 0.08006879 -0.07324127
v -0.16632967 0.07564773 -0.07296426
v -0.17310686 0.07463231 -0.07334686
v -0.16666637 0.07868784 -0.07117798
v -0.17310686 0.07463231 -0.07334686
v -0.17356193 0.07864118 -0.07102922
v -0.16666637 0.07868784 -0.07117798
v -0.17207833 0.07207458 -0.07435823
v -0.16559212 0.07370101 -0.07384767
v -0.17045316 0.06940336 -0.07511440
v -0.16559212 0.07370101 -0.07384767
v -0.16440701 0.07161160 -0.07461407
v -0.17045316 0.06940336 -0.07511440
v -0.16559212 0.07370101 -0.07384767
v -0.15949930 0.07600343 -0.07544556
v -0.16440701 0.07161160 -0.07461407
v -0.15949930 0.07600343 -0.07544556
v -0.15871027 0.07424830 -0.07612319
v -0.16440701 0.07161160 -0.07461407
v -0.15949930 0.07600343 -0.07544556
v -0.15448496 0.07872296 -0.07897223
v -0.15871027 0.07424830 -0.07612319
v -0.15448496 0.07872296 -0.07897223
v -0.15395658 0.07703871 -0.07948451
v -0.15871027 0.07424830 -0.07612319
v -0.15448496 0.07872296 -0.07897223
v -0.15064128 0.07969204 -0.08434776
v -0.15395658 0.07703871 -0.07948451
v -0.14843343 0.07474115 -0.08440620
v -0.15187919 0.07137320 -0.07962468
v -0.15274832 0.07444960 -0.08004457
v -0.15187919 0.07137320 -0.07962468
v -0.15692665 0.07150654 -0.07696753
v -0.15274832 0.07444960 -0.08004457
v -0.15187919 0.07137320 -0.07962468
v -0.15647398 0.06731074 -0.07671548
v -0.15692665 0.07150654 -0.07696753
v -0.15283455 0.08757110 -0.07488357
v -0.15489635 0.08430150 -0.07560320
v -0.15525326 0.08583441 -0.07232876
v -0.12758808 0.06889340 -0.10400000
v -0.13116617 0.06180985 -0.09400000
v -0.12764300 0.06896894 -0.10400000
v -0.12764300 0.06896894 -0.10400000
v -0.13116617 0.06180985 -0.09400000
v -0.13130493 0.06199098 -0.09400000
v -0.13803029 0.10757630 -0.10400000
v -0.15087560 0.09004801 -0.07709692
v -0.14924590 0.09292407 -0.07306328
v -0.13803029 0.10757630 -0.10400000
v -0.14924590 0.09292407 -0.07306328
v -0.14386110 0.10168366 -0.05935314
v -0.13803029 0.10757630 -0.10400000
v -0.14386110 0.10168366 -0.05935314
v -0.13963170 0.10783481 -0.04962989
v -0.13803029 0.10757630 -0.10400000
v -0.13963170 0.10783481 -0.04962989
v -0.13428998 0.11221063 -0.10400000
v -0.13428998 0.11221063 -0.10400000
v -0.13963170 0.10783481 -0.04962989
v -0.13468547 0.11442380 -0.03799180
v -0.10465597 0.10036008 -0.10400000
v -0.10637224 0.10186189 -0.10400000
v -0.10447034 0.10055330 -0.09400000
v -0.10447034 0.10055330 -0.09400000
v -0.10637224 0.10186189 -0.10400000
v -0.10619198 0.10206262 -0.09400000
v -0.10635849 0.10298946 -0.06573363
v -0.10720450 0.10346423 -0.06489266
v -0.10276456 0.10196605 -0.06353123
v -0.10276456 0.10196605 -0.06353123
v -0.10720450 0.10346423 -0.06489266
v -0.10451583 0.10291668 -0.06159897
v -0.10276456 0.10196605 -0.06353123
v -0.10451583 0.10291668 -0.06159897
v -0.09889187 0.10233831 -0.06161342
v -0.09889187 0.10233831 -0.06161342
v -0.10451583 0.10291668 -0.06159897
v -0.10118398 0.10349961 -0.05886767
v -0.09889187 0.10233831 -0.06161342
v -0.10118398 0.10349961 -0.05886767
v -0.09517405 0.10406457 -0.06019494
v -0.09517405 0.10406457 -0.06019494
v -0.10118398 0.10349961 -0.05886767
v -0.09935367 0.10616324 -0.05531477
v -0.10720450 0.10346423 -0.06489266
v -0.10810119 0.10395699 -0.06435387
v -0.10451583 0.10291668 -0.06159897
v -0.10451583 0.10291668 -0.06159897
v -0.10810119 0.10395699 -0.06435387
v -0.10617990 0.10345574 -0.06170920
v -0.10451583 0.10291668 -0.06159897
v -0.10617990 0.10345574 -0.06170920
v -0.10118398 0.10349961 -0.05886767
v -0.10118398 0.10349961 -0.05886767
v -0.10617990 0.10345574 -0.06170920
v -0.10399939 0.10367087 -0.05923208
v -0.10118398 0.10349961 -0.05886767
v -0.10399939 0.10367087 -0.05923208
v -0.10168099 0.10459043 -0.05706033
v -0.10635849 0.10298946 -0.06573363
v -0.10276456 0.10196605 -0.06353123
v -0.10543502 0.10245447 -0.06721660
v -0.10543502 0.10245447 -0.06721660
v -0.10276456 0.10196605 -0.06353123
v -0.10214559 0.10163572 -0.06447167
v -0.10543502 0.10245447 -0.06721660
v -0.10214559 0.10163572 -0.06447167
v -0.10457985 0.10191586 -0.07004560
v -0.10457985 0.10191586 -0.07004560
v -0.10214559 0.10163572 -0.06447167
v -0.10042859 0.10074618 -0.06869823
v -0.10457985 0.10191586 -0.07004560
v -0.10042859 0.10074618 -0.06869823
v -0.10015569 0.10061422 -0.06998779
v -0.10015569 0.10061422 -0.06998779
v -0.10042859 0.10074618 -0.06869823
v -0.09557570 0.10115689 -0.06998779
v -0.09557570 0.10115689 -0.06998779
v -0.10042859 0.10074618 -0.06869823
v -0.09591695 0.10119993 -0.06837809
v -0.09557570 0.10115689 -0.06998779
v -0.09591695 0.10119993 -0.06837809
v -0.09157824 0.10345640 -0.07004560
v -0.09157824 0.10345640 -0.07004560
v -0.09591695 0.10119993 -0.06837809
v -0.09320494 0.10342606 -0.06401845
v -0.10276456 0.10196605 -0.06353123
v -0.09889187 0.10233831 -0.06161342
v -0.10214559 0.10163572 -0.06447167
v -0.10214559 0.10163572 -0.06447167
v -0.09889187 0.10233831 -0.06161342
v -0.09809359 0.10197449 -0.06289291
v -0.10214559 0.10163572 -0.06447167
v -0.09809359 0.10197449 -0.06289291
v -0.10042859 0.10074618 -0.06869823
v -0.10042859 0.10074618 -0.06869823
v -0.09809359 0.10197449 -0.06289291
v -0.09591695 0.10119993 -0.06837809
v -0.09935367 0.10616324 -0.05531477
v -0.10118398 0.10349961 -0.05886767
v -0.10168099 0.10459043 -0.05706033
v -0.09320494 0.10342606 -0.06401845
v -0.09591695 0.10119993 -0.06837809
v -0.09809359 0.10197449 -0.06289291
v -0.09320494 0.10342606 -0.06401845
v -0.09809359 0.10197449 -0.06289291
v -0.09517405 0.10406457 -0.06019494
v -0.09517405 0.10406457 -0.06019494
v -0.09809359 0.10197449 -0.06289291
v -0.09889187 0.10233831 -0.06161342
v -0.12849302 0.11540924 -0.04379520
v -0.12543153 0.11428943 -0.04167284
v -0.12402362 0.11284655 -0.05007575
v -0.12543153 0.11428943 -0.04167284
v -0.12032373 0.11178332 -0.04673750
v -0.12402362 0.11284655 -0.05007575
v -0.12543153 0.11428943 -0.04167284
v -0.12212619 0.11390878 -0.03965763
v -0.12032373 0.11178332 -0.04673750
v -0.12212619 0.11390878 -0.03965763
v -0.11611846 0.11198565 -0.04385066
v -0.12032373 0.11178332 -0.04673750
v -0.12212619 0.11390878 -0.03965763
v -0.11871187 0.11428280 -0.03783179
v -0.11611846 0.11198565 -0.04385066
v -0.09935367 0.10616324 -0.05531477
v -0.10478644 0.10554336 -0.05582621
v -0.10777395 0.11118642 -0.04669797
v -0.10478644 0.10554336 -0.05582621
v -0.11190822 0.10960821 -0.04892091
v -0.10777395 0.11118642 -0.04669797
v -0.10478644 0.10554336 -0.05582621
v -0.10799711 0.10485407 -0.05897065
v -0.11190822 0.10960821 -0.04892091
v -0.10799711 0.10485407 -0.05897065
v -0.11574725 0.10919804 -0.05200188
v -0.11190822 0.10960821 -0.04892091
v -0.10799711 0.10485407 -0.05897065
v -0.11890170 0.10995626 -0.05570355
v -0.11574725 0.10919804 -0.05200188
v -0.11532785 0.11539628 -0.03626979
v -0.10777395 0.11118642 -0.04669797
v -0.11871187 0.11428280 -0.03783179
v -0.10777395 0.11118642 -0.04669797
v -0.11611846 0.11198565 -0.04385066
v -0.11871187 0.11428280 -0.03783179
v -0.10777395 0.11118642 -0.04669797
v -0.11190822 0.10960821 -0.04892091
v -0.11611846 0.11198565 -0.04385066
v -0.11081830 0.10545713 -0.06248466
v -0.10799711 0.10485407 -0.05897065
v -0.10810119 0.10395699 -0.06435387
v -0.10799711 0.10485407 -0.05897065
v -0.10617990 0.10345574 -0.06170920
v -0.10810119 0.10395699 -0.06435387
v -0.10799711 0.10485407 -0.05897065
v -0.10478644 0.10554336 -0.05582621
v -0.10617990 0.10345574 -0.06170920
v -0.10478644 0.10554336 -0.05582621
v -0.10399939 0.10367087 -0.05923208
v -0.10617990 0.10345574 -0.06170920
v -0.10478644 0.10554336 -0.05582621
v -0.10168099 0.10459043 -0.05706033
v -0.10399939 0.10367087 -0.05923208
v -0.11190822 0.10960821 -0.04892091
v -0.11574725 0.10919804 -0.05200188
v -0.11611846 0.11198565 -0.04385066
v -0.11574725 0.10919804 -0.05200188
v -0.12032373 0.11178332 -0.04673750
v -0.11611846 0.11198565 -0.04385066
v -0.11574725 0.10919804 -0.05200188
v -0.12402362 0.11284655 -0.05007575
v -0.12032373 0.11178332 -0.04673750
v -0.09935367 0.10616324 -0.05531477
v -0.10168099 0.10459043 -0.05706033
v -0.10478644 0.10554336 -0.05582621
v -0.11574725 0.10919804 -0.05200188
v -0.11890170 0.10995626 -0.05570355
v -0.12402362 0.11284655 -0.05007575
v -0.10799711 0.10485407 -0.05897065
v -0.11081830 0.10545713 -0.06248466
v -0.11890170 0.10995626 -0.05570355
v -0.13208896 0.11372932 -0.10400000
v -0.13428998 0.11221063 -0.10400000
v -0.13468547 0.11442380 -0.03799180
v -0.13208896 0.11372932 -0.10400000
v -0.13468547 0.11442380 -0.03799180
v -0.13388721 0.11551695 -0.02898131
v -0.13208896 0.11372932 -0.10400000
v -0.13388721 0.11551695 -0.02898131
v -0.13337634 0.11598501 -0.02516055
v -0.13208896 0.11372932 -0.10400000
v -0.13337634 0.11598501 -0.02516055
v -0.13306090 0.11619789 -0.02369325
v -0.13208896 0.11372932 -0.10400000
v -0.13306090 0.11619789 -0.02369325
v -0.13286092 0.11630747 -0.02305969
v -0.13208896 0.11372932 -0.10400000
v -0.13286092 0.11630747 -0.02305969
v -0.13259068 0.11642744 -0.02253275
v -0.13208896 0.11372932 -0.10400000
v -0.13259068 0.11642744 -0.02253275
v -0.13244181 0.11648062 -0.02239313
v -0.13208896 0.11372932 -0.10400000
v -0.13244181 0.11648062 -0.02239313
v -0.13006519 0.11398892 -0.10400000
v -0.13006519 0.11398892 -0.10400000
v -0.13244181 0.11648062 -0.02239313
v -0.13236769 0.11650386 -0.02236156
v -0.13006519 0.11398892 -0.10400000
v -0.13236769 0.11650386 -0.02236156
v -0.13224549 0.11653760 -0.02236289
v -0.13006519 0.11398892 -0.10400000
v -0.13224549 0.11653760 -0.02236289
v -0.13214999 0.11656012 -0.02240908
v -0.13006519 0.11398892 -0.10400000
v -0.13214999 0.11656012 -0.02240908
v -0.13197621 0.11659265 -0.02259163
v -0.13006519 0.11398892 -0.10400000
v -0.13197621 0.11659265 -0.02259163
v -0.13165019 0.11662551 -0.02326360
v -0.13006519 0.11398892 -0.10400000
v -0.13165019 0.11662551 -0.02326360
v -0.13113088 0.11660609 -0.02517373
v -0.13006519 0.11398892 -0.10400000
v -0.13113088 0.11660609 -0.02517373
v -0.13048069 0.11646430 -0.02893858
v -0.13006519 0.11398892 -0.10400000
v -0.13048069 0.11646430 -0.02893858
v -0.12978535 0.11619268 -0.03396409
v -0.13006519 0.11398892 -0.10400000
v -0.12978535 0.11619268 -0.03396409
v -0.12810789 0.11341894 -0.10400000
v -0.12810789 0.11341894 -0.10400000
v -0.12978535 0.11619268 -0.03396409
v -0.12849302 0.11540924 -0.04379520
v 0.07148866 0.03295676 0.19343438
v 0.07448951 0.02221228 0.19242366
v 0.09994524 0.04238577 0.12752518
v 0.07448951 0.02221228 0.19242366
v 0.10446771 0.02866348 0.12587914
v 0.09994524 0.04238577 0.12752518
v 0.07448951 0.02221228 0.19242366
v 0.07630324 0.01117866 0.19181435
v 0.10446771 0.02866348 0.12587914
v 0.08613715 0.06750679 0.13255091
v 0.08180191 0.07315366 0.13412881
v 0.06207578 0.05301985 0.19661310
v 0.08180191 0.07315366 0.13412881
v 0.05769736 0.05953478 0.19809403
v 0.06207578 0.05301985 0.19661310
v 0.08180191 0.07315366 0.13412881
v 0.07724846 0.07859002 0.13553232
v 0.05769736 0.05953478 0.19809403
v 0.06586582 0.04627087 0.19533213
v 0.08613715 0.06750679 0.13255091
v 0.06207578 0.05301985 0.19661310
v 0.06586582 0.04627087 0.19533213
v 0.09378830 0.05540363 0.12976612
v 0.08613715 0.06750679 0.13255091
v 0.06586582 0.04627087 0.19533213
v 0.06733554 0.04326988 0.19483574
v 0.09378830 0.05540363 0.12976612
v 0.11199747 0.08258945 0.06778237
v 0.09378830 0.05540363 0.12976612
v 0.12366490 0.06409068 0.06353577
v 0.11199747 0.08258945 0.06778237
v 0.08613715 0.06750679 0.13255091
v 0.09378830 0.05540363 0.12976612
v 0.11199747 0.08258945 0.06778237
v 0.08180191 0.07315366 0.13412881
v 0.08613715 0.06750679 0.13255091
v 0.11199747 0.08258945 0.06778237
v 0.07724846 0.07859002 0.13553232
v 0.08180191 0.07315366 0.13412881
v 0.11199747 0.08258945 0.06778237
v 0.09757408 0.09873793 0.07303205
v 0.07724846 0.07859002 0.13553232
v 0.13925753 -0.00000000 0.05786052
v 0.13749167 0.02219990 0.05850324
v 0.07630324 0.01117866 0.19181435
v 0.13925753 -0.00000000 0.05786052
v 0.07630324 0.01117866 0.19181435
v 0.07690981 -0.00000000 0.19161131
v 0.07630324 0.01117866 0.19181435
v 0.13749167 0.02219990 0.05850324
v 0.10446771 0.02866348 0.12587914
v 0.10446771 0.02866348 0.12587914
v 0.13749167 0.02219990 0.05850324
v 0.13224436 0.04376805 0.06041311
v 0.09994524 0.04238577 0.12752518
v 0.13224436 0.04376805 0.06041311
v 0.12366490 0.06409068 0.06353577
v 0.09994524 0.04238577 0.12752518
v 0.10446771 0.02866348 0.12587914
v 0.13224436 0.04376805 0.06041311
v 0.07148866 0.03295676 0.19343438
v 0.09378830 0.05540363 0.12976612
v 0.06733554 0.04326988 0.19483574
v 0.09378830 0.05540363 0.12976612
v 0.07148866 0.03295676 0.19343438
v 0.09994524 0.04238577 0.12752518
v 0.09378830 0.05540363 0.12976612
v 0.09994524 0.04238577 0.12752518
v 0.12366490 0.06409068 0.06353577
v 0.07724846 -0.07859001 0.13553232
v 0.08180191 -0.07315366 0.13412881
v 0.05769736 -0.05953478 0.19809403
v 0.08180191 -0.07315366 0.13412881
v 0.05840014 -0.05856310 0.19785627
v 0.05769736 -0.05953478 0.19809403
v 0.08180191 -0.07315366 0.13412881
v 0.08613715 -0.06750679 0.13255091
v 0.05840014 -0.05856310 0.19785627
v 0.08613715 -0.06750679 0.13255091
v 0.06524216 -0.04747130 0.19554282
v 0.05840014 -0.05856310 0.19785627
v 0.08613715 -0.06750679 0.13255091
v 0.09378830 -0.05540363 0.12976612
v 0.06524216 -0.04747130 0.19554282
v 0.09757408 -0.09873793 0.07303206
v 0.11199747 -0.08258945 0.06778237
v 0.08180191 -0.07315366 0.13412881
v 0.11199747 -0.08258945 0.06778237
v 0.08613715 -0.06750679 0.13255091
v 0.08180191 -0.07315366 0.13412881
v 0.11199747 -0.08258945 0.06778237
v 0.09378830 -0.05540363 0.12976612
v 0.08613715 -0.06750679 0.13255091
v 0.07622561 -0.01186966 0.19184042
v 0.07433722 -0.02289021 0.19247497
v 0.13749167 -0.02219990 0.05850324
v 0.07433722 -0.02289021 0.19247497
v 0.10446771 -0.02866348 0.12587914
v 0.13749167 -0.02219990 0.05850324
v 0.07433722 -0.02289021 0.19247497
v 0.09994525 -0.04238576 0.12752518
v 0.10446771 -0.02866348 0.12587914
v 0.07690981 -0.00000000 0.19161131
v 0.07622561 -0.01186966 0.19184042
v 0.13749167 -0.02219990 0.05850324
v 0.07690981 -0.00000000 0.19161131
v 0.13749167 -0.02219990 0.05850324
v 0.13925753 -0.00000000 0.05786052
v 0.09757408 -0.09873793 0.07303206
v 0.08180191 -0.07315366 0.13412881
v 0.07724846 -0.07859001 0.13553232
v 0.07058480 -0.03550514 0.19373917
v 0.09378830 -0.05540363 0.12976612
v 0.09994525 -0.04238576 0.12752518
v 0.07058480 -0.03550514 0.19373917
v 0.06524216 -0.04747130 0.19554282
v 0.09378830 -0.05540363 0.12976612
v 0.09378830 -0.05540363 0.12976612
v 0.11199747 -0.08258945 0.06778237
v 0.12366490 -0.06409068 0.06353577
v 0.07433722 -0.02289021 0.19247497
v 0.07058480 -0.03550514 0.19373917
v 0.09994525 -0.04238576 0.12752518
v 0.09994525 -0.04238576 0.12752518
v 0.12366490 -0.06409068 0.06353577
v 0.13224436 -0.04376805 0.06041311
v 0.09994525 -0.04238576 0.12752518
v 0.09378830 -0.05540363 0.12976612
v 0.12366490 -0.06409068 0.06353577
v 0.10446771 -0.02866348 0.12587914
v 0.13224436 -0.04376805 0.06041311
v 0.13749167 -0.02219990 0.05850324
v 0.10446771 -0.02866348 0.12587914
v 0.09994525 -0.04238576 0.12752518
v 0.13224436 -0.04376805 0.06041311
v 0.13675886 -0.02208855 0.05664161
v 0.13638053 -0.02434199 0.05677931
v 0.13680812 -0.02169232 0.05662367
v 0.13638053 -0.02434199 0.05677931
v 0.13646279 -0.02374904 0.05674937
v 0.13680812 -0.02169232 0.05662367
v 0.13638053 -0.02434199 0.05677931
v 0.13596554 -0.02658811 0.05693035
v 0.13646279 -0.02374904 0.05674937
v 0.13596554 -0.02658811 0.05693035
v 0.13608636 -0.02579955 0.05688638
v 0.13646279 -0.02374904 0.05674937
v 0.13596554 -0.02658811 0.05693035
v 0.13551400 -0.02882624 0.05709470
v 0.13608636 -0.02579955 0.05688638
v 0.13551400 -0.02882624 0.05709470
v 0.13567897 -0.02784334 0.05703465
v 0.13608636 -0.02579955 0.05688638
v 0.13551400 -0.02882624 0.05709470
v 0.13502606 -0.03105570 0.05727229
v 0.13567897 -0.02784334 0.05703465
v 0.13502606 -0.03105570 0.05727229
v 0.13520454 -0.03004197 0.05720733
v 0.13567897 -0.02784334 0.05703465
v 0.13502606 -0.03105570 0.05727229
v 0.13450187 -0.03327581 0.05746308
v 0.13520454 -0.03004197 0.05720733
v 0.13450187 -0.03327581 0.05746308
v 0.13469435 -0.03223149 0.05739302
v 0.13520454 -0.03004197 0.05720733
v 0.13450187 -0.03327581 0.05746308
v 0.13394157 -0.03548592 0.05766701
v 0.13469435 -0.03223149 0.05739302
v 0.13394157 -0.03548592 0.05766701
v 0.13414865 -0.03441126 0.05759164
v 0.13469435 -0.03223149 0.05739302
v 0.13394157 -0.03548592 0.05766701
v 0.13334536 -0.03768536 0.05788402
v 0.13414865 -0.03441126 0.05759164
v 0.13334536 -0.03768536 0.05788402
v 0.13356766 -0.03658064 0.05780310
v 0.13414865 -0.03441126 0.05759164
v 0.13334536 -0.03768536 0.05788402
v 0.13271339 -0.03987347 0.05811404
v 0.13356766 -0.03658064 0.05780310
v 0.13271339 -0.03987347 0.05811404
v 0.13295160 -0.03873900 0.05802733
v 0.13356766 -0.03658064 0.05780310
v 0.13271339 -0.03987347 0.05811404
v 0.13204585 -0.04204958 0.05835700
v 0.13295160 -0.03873900 0.05802733
v 0.13204585 -0.04204958 0.05835700
v 0.13230072 -0.04088571 0.05826424
v 0.13295160 -0.03873900 0.05802733
v 0.13204585 -0.04204958 0.05835700
v 0.13134294 -0.04421305 0.05861284
v 0.13230072 -0.04088571 0.05826424
v 0.13134294 -0.04421305 0.05861284
v 0.13161525 -0.04302016 0.05851372
v 0.13230072 -0.04088571 0.05826424
v 0.13134294 -0.04421305 0.05861284
v 0.13060490 -0.04636322 0.05888146
v 0.13161525 -0.04302016 0.05851372
v 0.13060490 -0.04636322 0.05888146
v 0.13089551 -0.04514175 0.05877569
v 0.13161525 -0.04302016 0.05851372
v 0.13060490 -0.04636322 0.05888146
v 0.12983192 -0.04849944 0.05916280
v 0.13089551 -0.04514175 0.05877569
v 0.12983192 -0.04849944 0.05916280
v 0.13014175 -0.04724986 0.05905005
v 0.13089551 -0.04514175 0.05877569
v 0.12983192 -0.04849944 0.05916280
v 0.12902426 -0.05062108 0.05945677
v 0.13014175 -0.04724986 0.05905005
v 0.12902426 -0.05062108 0.05945677
v 0.12935423 -0.04934393 0.05933667
v 0.13014175 -0.04724986 0.05905005
v 0.12902426 -0.05062108 0.05945677
v 0.12818215 -0.05272750 0.05976327
v 0.12935423 -0.04934393 0.05933667
v 0.12818215 -0.05272750 0.05976327
v 0.12853333 -0.05142336 0.05963546
v 0.12935423 -0.04934393 0.05933667
v 0.12818215 -0.05272750 0.05976327
v 0.12730583 -0.05481806 0.06008223
v 0.12853333 -0.05142336 0.05963546
v 0.12730583 -0.05481806 0.06008223
v 0.12767930 -0.05348759 0.05994630
v 0.12853333 -0.05142336 0.05963546
v 0.12730583 -0.05481806 0.06008223
v 0.12639558 -0.05689213 0.06041353
v 0.12767930 -0.05348759 0.05994630
v 0.12639558 -0.05689213 0.06041353
v 0.12679247 -0.05553605 0.06026908
v 0.12767930 -0.05348759 0.05994630
v 0.12639558 -0.05689213 0.06041353
v 0.12545167 -0.05894910 0.06075709
v 0.12679247 -0.05553605 0.06026908
v 0.12545167 -0.05894910 0.06075709
v 0.12587319 -0.05756819 0.06060366
v 0.12679247 -0.05553605 0.06026908
v 0.12545167 -0.05894910 0.06075709
v 0.12447438 -0.06098833 0.06111279
v 0.12587319 -0.05756819 0.06060366
v 0.12447438 -0.06098833 0.06111279
v 0.12492181 -0.05958347 0.06094994
v 0.12587319 -0.05756819 0.06060366
v 0.12447438 -0.06098833 0.06111279
v 0.12346401 -0.06300922 0.06148054
v 0.12492181 -0.05958347 0.06094994
v 0.12346401 -0.06300922 0.06148054
v 0.12393866 -0.06158135 0.06130778
v 0.12492181 -0.05958347 0.06094994
v 0.12346401 -0.06300922 0.06148054
v 0.12242087 -0.06501117 0.06186022
v 0.12393866 -0.06158135 0.06130778
v 0.12242087 -0.06501117 0.06186022
v 0.12292412 -0.06356131 0.06167704
v 0.12393866 -0.06158135 0.06130778
v 0.12242087 -0.06501117 0.06186022
v 0.12134524 -0.06699356 0.06225171
v 0.12292412 -0.06356131 0.06167704
v 0.12134524 -0.06699356 0.06225171
v 0.12185014 -0.06557506 0.06206793
v 0.12292412 -0.06356131 0.06167704
v 0.12134524 -0.06699356 0.06225171
v 0.12023748 -0.06895582 0.06265489
v 0.12185014 -0.06557506 0.06206793
v 0.12023748 -0.06895582 0.06265489
v 0.12074386 -0.06756884 0.06247059
v 0.12185014 -0.06557506 0.06206793
v 0.12023748 -0.06895582 0.06265489
v 0.11909792 -0.07089732 0.06306966
v 0.12074386 -0.06756884 0.06247059
v 0.11909792 -0.07089732 0.06306966
v 0.11960569 -0.06954211 0.06288485
v 0.12074386 -0.06756884 0.06247059
v 0.11909792 -0.07089732 0.06306966
v 0.11792688 -0.07281751 0.06349589
v 0.11960569 -0.06954211 0.06288485
v 0.11792688 -0.07281751 0.06349589
v 0.11843605 -0.07149436 0.06331056
v 0.11960569 -0.06954211 0.06288485
v 0.11792688 -0.07281751 0.06349589
v 0.11672473 -0.07471579 0.06393344
v 0.11843605 -0.07149436 0.06331056
v 0.11672473 -0.07471579 0.06393344
v 0.11723537 -0.07342508 0.06374757
v 0.11843605 -0.07149436 0.06331056
v 0.11672473 -0.07471579 0.06393344
v 0.11549183 -0.07659161 0.06438217
v 0.11723537 -0.07342508 0.06374757
v 0.11549183 -0.07659161 0.06438217
v 0.11600411 -0.07533377 0.06419572
v 0.11723537 -0.07342508 0.06374757
v 0.11549183 -0.07659161 0.06438217
v 0.11422855 -0.07844439 0.06484198
v 0.11600411 -0.07533377 0.06419572
v 0.11422855 -0.07844439 0.06484198
v 0.11474269 -0.07721993 0.06465484
v 0.11600411 -0.07533377 0.06419572
v 0.11422855 -0.07844439 0.06484198
v 0.11293526 -0.08027358 0.06531268
v 0.11474269 -0.07721993 0.06465484
v 0.11293526 -0.08027358 0.06531268
v 0.11345157 -0.07908312 0.06512476
v 0.11474269 -0.07721993 0.06465484
v 0.11293526 -0.08027358 0.06531268
v 0.11161237 -0.08207864 0.06579418
v 0.11345157 -0.07908312 0.06512476
v 0.11161237 -0.08207864 0.06579418
v 0.11213121 -0.08092287 0.06560534
v 0.11345157 -0.07908312 0.06512476
v 0.11161237 -0.08207864 0.06579418
v 0.11026026 -0.08385900 0.06628631
v 0.11213121 -0.08092287 0.06560534
v 0.11026026 -0.08385900 0.06628631
v 0.11078208 -0.08273872 0.06609639
v 0.11213121 -0.08092287 0.06560534
v 0.11026026 -0.08385900 0.06628631
v 0.10887934 -0.08561414 0.06678892
v 0.11078208 -0.08273872 0.06609639
v 0.10887934 -0.08561414 0.06678892
v 0.10940463 -0.08453024 0.06659773
v 0.11078208 -0.08273872 0.06609639
v 0.10887934 -0.08561414 0.06678892
v 0.10747002 -0.08734354 0.06730187
v 0.10940463 -0.08453024 0.06659773
v 0.10747002 -0.08734354 0.06730187
v 0.10799934 -0.08629699 0.06710922
v 0.10940463 -0.08453024 0.06659773
v 0.10747002 -0.08734354 0.06730187
v 0.10603274 -0.08904667 0.06782500
v 0.10799934 -0.08629699 0.06710922
v 0.10603274 -0.08904667 0.06782500
v 0.10656671 -0.08803859 0.06763065
v 0.10799934 -0.08629699 0.06710922
v 0.10603274 -0.08904667 0.06782500
v 0.10456792 -0.09072303 0.06835816
v 0.10656671 -0.08803859 0.06763065
v 0.10456792 -0.09072303 0.06835816
v 0.10510719 -0.08975460 0.06816187
v 0.10656671 -0.08803859 0.06763065
v 0.10456792 -0.09072303 0.06835816
v 0.10307600 -0.09237209 0.06890117
v 0.10510719 -0.08975460 0.06816187
v 0.10307600 -0.09237209 0.06890117
v 0.10362128 -0.09144466 0.06870270
v 0.10510719 -0.08975460 0.06816187
v 0.10307600 -0.09237209 0.06890117
v 0.10155744 -0.09399337 0.06945388
v 0.10362128 -0.09144466 0.06870270
v 0.10155744 -0.09399337 0.06945388
v 0.10210947 -0.09310837 0.06925295
v 0.10362128 -0.09144466 0.06870270
v 0.10155744 -0.09399337 0.06945388
v 0.10001267 -0.09558639 0.07001612
v 0.10210947 -0.09310837 0.06925295
v 0.10001267 -0.09558639 0.07001612
v 0.10057225 -0.09474538 0.06981245
v 0.10210947 -0.09310837 0.06925295
v 0.10001267 -0.09558639 0.07001612
v 0.09844219 -0.09715067 0.07058773
v 0.10057225 -0.09474538 0.06981245
v 0.09844219 -0.09715067 0.07058773
v 0.09908168 -0.09628271 0.07035498
v 0.10057225 -0.09474538 0.06981245
v 0.09844219 -0.09715067 0.07058773
v 0.09684645 -0.09868572 0.07116853
v 0.09908168 -0.09628271 0.07035498
v 0.09684645 -0.09868572 0.07116853
v 0.09756883 -0.09779508 0.07090561
v 0.09908168 -0.09628271 0.07035498
v 0.09684645 -0.09868572 0.07116853
v 0.09517844 -0.10023824 0.07177564
v 0.09756883 -0.09779508 0.07090561
v 0.09517844 -0.10023824 0.07177564
v 0.09603414 -0.09928221 0.07146419
v 0.09756883 -0.09779508 0.07090561
v 0.09517844 -0.10023824 0.07177564
v 0.09447805 -0.10074381 0.07203057
v 0.09603414 -0.09928221 0.07146419
v 0.09517844 -0.10023824 0.07177564
v 0.09348814 -0.10176322 0.07239086
v 0.09447805 -0.10074381 0.07203057
v 0.09348814 -0.10176322 0.07239086
v 0.09290099 -0.10217961 0.07260457
v 0.09447805 -0.10074381 0.07203057
v 0.09348814 -0.10176322 0.07239086
v 0.09177596 -0.10326029 0.07301405
v 0.09290099 -0.10217961 0.07260457
v 0.09177596 -0.10326029 0.07301405
v 0.09130340 -0.10358933 0.07318604
v 0.09290099 -0.10217961 0.07260457
v 0.09177596 -0.10326029 0.07301405
v 0.09004228 -0.10472911 0.07364505
v 0.09130340 -0.10358933 0.07318604
v 0.09004228 -0.10472911 0.07364505
v 0.08968573 -0.10497273 0.07377483
v 0.09130340 -0.10358933 0.07318604
v 0.09004228 -0.10472911 0.07364505
v 0.08828755 -0.10616931 0.07428373
v 0.08968573 -0.10497273 0.07377483
v 0.08828755 -0.10616931 0.07428373
v 0.08804839 -0.10632956 0.07437077
v 0.08968573 -0.10497273 0.07377483
v 0.08828755 -0.10616931 0.07428373
v 0.08651217 -0.10758056 0.07492991
v 0.08804839 -0.10632956 0.07437077
v 0.08651217 -0.10758056 0.07492991
v 0.08639185 -0.10765957 0.07497369
v 0.08804839 -0.10632956 0.07437077
v 0.08651217 -0.10758056 0.07492991
v 0.08471655 -0.10896253 0.07558346
v 0.08639185 -0.10765957 0.07497369
v 0.13740508 -0.01756241 0.05640640
v 0.13710041 -0.01982846 0.05651729
v 0.13712226 -0.01962993 0.05650934
v 0.13710041 -0.01982846 0.05651729
v 0.13680812 -0.02169232 0.05662367
v 0.13712226 -0.01962993 0.05650934
v 0.13710041 -0.01982846 0.05651729
v 0.13675886 -0.02208855 0.05664161
v 0.13680812 -0.02169232 0.05662367
v 0.13791036 0.01306376 0.05622249
v 0.13788727 0.01318759 0.05623090
v 0.13810162 0.01088022 0.05615288
v 0.13810162 0.01088022 0.05615288
v 0.13788727 0.01318759 0.05623090
v 0.13807679 0.01099522 0.05616192
v 0.13810162 0.01088022 0.05615288
v 0.13807679 0.01099522 0.05616192
v 0.13825799 0.00869354 0.05609597
v 0.13825799 0.00869354 0.05609597
v 0.13807679 0.01099522 0.05616192
v 0.13823193 0.00879979 0.05610546
v 0.13825799 0.00869354 0.05609597
v 0.13823193 0.00879979 0.05610546
v 0.13837942 0.00650435 0.05605177
v 0.13837942 0.00650435 0.05605177
v 0.13823193 0.00879979 0.05610546
v 0.13835261 0.00660192 0.05606152
v 0.13837942 0.00650435 0.05605177
v 0.13835261 0.00660192 0.05606152
v 0.13846583 0.00431327 0.05602031
v 0.13846583 0.00431327 0.05602031
v 0.13835261 0.00660192 0.05606152
v 0.13843885 0.00440221 0.05603014
v 0.13846583 0.00431327 0.05602031
v 0.13843885 0.00440221 0.05603014
v 0.13849060 0.00220127 0.05601130
v 0.13851496 -0.00226486 0.05600244
v 0.13849058 -0.00220182 0.05601130
v 0.13846124 -0.00445710 0.05602199
v 0.13846124 -0.00445710 0.05602199
v 0.13849058 -0.00220182 0.05601130
v 0.13843883 -0.00440275 0.05603015
v 0.13846124 -0.00445710 0.05602199
v 0.13843883 -0.00440275 0.05603015
v 0.13837251 -0.00664804 0.05605429
v 0.13837251 -0.00664804 0.05605429
v 0.13843883 -0.00440275 0.05603015
v 0.13835258 -0.00660247 0.05606153
v 0.13837251 -0.00664804 0.05605429
v 0.13835258 -0.00660247 0.05606153
v 0.13824878 -0.00883706 0.05609932
v 0.13824878 -0.00883706 0.05609932
v 0.13835258 -0.00660247 0.05606153
v 0.13823187 -0.00880034 0.05610547
v 0.13824878 -0.00883706 0.05609932
v 0.13823187 -0.00880034 0.05610547
v 0.13809015 -0.01102351 0.05615706
v 0.13809015 -0.01102351 0.05615706
v 0.13823187 -0.00880034 0.05610547
v 0.13807673 -0.01099576 0.05616194
v 0.13809015 -0.01102351 0.05615706
v 0.13807673 -0.01099576 0.05616194
v 0.13789659 -0.01320678 0.05622750
v 0.13789659 -0.01320678 0.05622750
v 0.13807673 -0.01099576 0.05616194
v 0.13788721 -0.01318813 0.05623092
v 0.13789659 -0.01320678 0.05622750
v 0.13788721 -0.01318813 0.05623092
v 0.13766826 -0.01538624 0.05631060
v 0.13849060 0.00220127 0.05601130
v 0.13850785 -0.00000027 0.05600503
v 0.13851726 0.00212096 0.05600160
v 0.13851726 0.00212096 0.05600160
v 0.13846583 0.00431327 0.05602031
v 0.13849060 0.00220127 0.05601130
v 0.13788727 0.01318759 0.05623090
v 0.13791036 0.01306376 0.05622249
v 0.13768430 0.01524352 0.05630477
v 0.13788727 0.01318759 0.05623090
v 0.13768430 0.01524352 0.05630477
v 0.13766342 0.01537629 0.05631237
v 0.13766342 0.01537629 0.05631237
v 0.13768430 0.01524352 0.05630477
v 0.13754972 0.01640278 0.05635376
v 0.13740530 0.01756071 0.05640632
v 0.13766342 0.01537629 0.05631237
v 0.13754972 0.01640278 0.05635376
v 0.13851726 0.00212096 0.05600160
v 0.13851496 -0.00226486 0.05600244
v 0.13853363 -0.00007196 0.05599564
v 0.13851496 -0.00226486 0.05600244
v 0.13851726 0.00212096 0.05600160
v 0.13850785 -0.00000027 0.05600503
v 0.13851496 -0.00226486 0.05600244
v 0.13850785 -0.00000027 0.05600503
v 0.13849058 -0.00220182 0.05601130
v 0.13788721 -0.01318813 0.05623092
v 0.13766336 -0.01537683 0.05631240
v 0.13766826 -0.01538624 0.05631060
v 0.13740523 -0.01756125 0.05640635
v 0.13766826 -0.01538624 0.05631060
v 0.13766336 -0.01537683 0.05631240
v 0.13372105 0.03602154 0.05774728
v 0.12757955 0.05372261 0.05998260
v 0.13382519 0.03592667 0.05770937
v 0.12757955 0.05372261 0.05998260
v 0.12783572 0.05356565 0.05988936
v 0.13382519 0.03592667 0.05770937
v 0.12757955 0.05372261 0.05998260
v 0.11923759 0.07016447 0.06301883
v 0.12783572 0.05356565 0.05988936
v 0.11923759 0.07016447 0.06301883
v 0.11955754 0.07012323 0.06290237
v 0.12783572 0.05356565 0.05988936
v 0.11923759 0.07016447 0.06301883
v 0.10885489 0.08522850 0.06679782
v 0.11955754 0.07012323 0.06290237
v 0.10885489 0.08522850 0.06679782
v 0.10915781 0.08526516 0.06668757
v 0.11955754 0.07012323 0.06290237
v 0.10885489 0.08522850 0.06679782
v 0.09747259 0.09788971 0.07094063
v 0.10915781 0.08526516 0.06668757
v 0.09747259 0.09788971 0.07094063
v 0.09684646 0.09868572 0.07116853
v 0.10915781 0.08526516 0.06668757
v 0.09747259 0.09788971 0.07094063
v 0.08471697 0.10896222 0.07558331
v 0.09684646 0.09868572 0.07116853
v 0.13740508 0.01756240 0.05640640
v 0.13372105 0.03602154 0.05774728
v 0.13382519 0.03592667 0.05770937
v 0.08097193 0.11170417 0.07694639
v 0.08015447 0.11230757 0.07724392
v 0.07906933 0.11302755 0.07763888
v 0.07906933 0.11302755 0.07763888
v 0.08015447 0.11230757 0.07724392
v 0.07829510 0.11359012 0.07792068
v 0.07906933 0.11302755 0.07763888
v 0.07829510 0.11359012 0.07792068
v 0.07714731 0.11431875 0.07833844
v 0.07714731 0.11431875 0.07833844
v 0.07829510 0.11359012 0.07792068
v 0.07641671 0.11484069 0.07860436
v 0.07714731 0.11431875 0.07833844
v 0.07641671 0.11484069 0.07860436
v 0.07520634 0.11557746 0.07904489
v 0.07520634 0.11557746 0.07904489
v 0.07641671 0.11484069 0.07860436
v 0.07451984 0.11605906 0.07929476
v 0.07520634 0.11557746 0.07904489
v 0.07451984 0.11605906 0.07929476
v 0.07324693 0.11680336 0.07975806
v 0.07324693 0.11680336 0.07975806
v 0.07451984 0.11605906 0.07929476
v 0.07260502 0.11724500 0.07999170
v 0.07324693 0.11680336 0.07975806
v 0.07260502 0.11724500 0.07999170
v 0.07126954 0.11799613 0.08047777
v 0.07126954 0.11799613 0.08047777
v 0.07260502 0.11724500 0.07999170
v 0.07067280 0.11839829 0.08069497
v 0.07126954 0.11799613 0.08047777
v 0.07067280 0.11839829 0.08069497
v 0.06927468 0.11915550 0.08120384
v 0.06927468 0.11915550 0.08120384
v 0.07067280 0.11839829 0.08069497
v 0.06872372 0.11951873 0.08140438
v 0.06927468 0.11915550 0.08120384
v 0.06872372 0.11951873 0.08140438
v 0.06726285 0.12028117 0.08193608
v 0.06726285 0.12028117 0.08193608
v 0.06872372 0.11951873 0.08140438
v 0.06675830 0.12060614 0.08211973
v 0.06726285 0.12028117 0.08193608
v 0.06675830 0.12060614 0.08211973
v 0.06523455 0.12137284 0.08267433
v 0.06523455 0.12137284 0.08267433
v 0.06675830 0.12060614 0.08211973
v 0.06477709 0.12166033 0.08284083
v 0.06523455 0.12137284 0.08267433
v 0.06477709 0.12166033 0.08284083
v 0.06319028 0.12243025 0.08341839
v 0.06319028 0.12243025 0.08341839
v 0.06477709 0.12166033 0.08284083
v 0.06278061 0.12268111 0.08356749
v 0.06319028 0.12243025 0.08341839
v 0.06278061 0.12268111 0.08356749
v 0.06113056 0.12345314 0.08416806
v 0.06113056 0.12345314 0.08416806
v 0.06278061 0.12268111 0.08356749
v 0.06076941 0.12366834 0.08429951
v 0.06113056 0.12345314 0.08416806
v 0.06076941 0.12366834 0.08429951
v 0.05905591 0.12444125 0.08492317
v 0.05905591 0.12444125 0.08492317
v 0.06076941 0.12366834 0.08429951
v 0.05874403 0.12462182 0.08503669
v 0.05905591 0.12444125 0.08492317
v 0.05874403 0.12462182 0.08503669
v 0.05696683 0.12539434 0.08568354
v 0.05696683 0.12539434 0.08568354
v 0.05874403 0.12462182 0.08503669
v 0.05670500 0.12554142 0.08577883
v 0.05696683 0.12539434 0.08568354
v 0.05670500 0.12554142 0.08577883
v 0.05486386 0.12631215 0.08644895
v 0.05486386 0.12631215 0.08644895
v 0.05670500 0.12554142 0.08577883
v 0.05465283 0.12642699 0.08652576
v 0.05486386 0.12631215 0.08644895
v 0.05465283 0.12642699 0.08652576
v 0.05274751 0.12719448 0.08721925
v 0.05274751 0.12719448 0.08721925
v 0.05465283 0.12642699 0.08652576
v 0.05258808 0.12727840 0.08727727
v 0.05274751 0.12719448 0.08721925
v 0.05258808 0.12727840 0.08727727
v 0.05061832 0.12804110 0.08799420
v 0.05061832 0.12804110 0.08799420
v 0.05258808 0.12727840 0.08727727
v 0.05051126 0.12809551 0.08803317
v 0.05061832 0.12804110 0.08799420
v 0.05051126 0.12809551 0.08803317
v 0.04847682 0.12885179 0.08877364
v 0.08471697 0.10896222 0.07558331
v 0.08336139 0.10998655 0.07607670
v 0.08285464 0.11034894 0.07626114
v 0.08285464 0.11034894 0.07626114
v 0.08336139 0.10998655 0.07607670
v 0.08199427 0.11099327 0.07657429
v 0.08285464 0.11034894 0.07626114
v 0.08199427 0.11099327 0.07657429
v 0.08097193 0.11170417 0.07694639
v 0.08199427 0.11099327 0.07657429
v 0.08015447 0.11230757 0.07724392
v 0.08097193 0.11170417 0.07694639
v 0.05051126 0.12809551 0.08803317
v 0.04842291 0.12887819 0.08879327
v 0.04847682 0.12885179 0.08877364
v 0.04632354 0.12962633 0.08955737
v 0.04847682 0.12885179 0.08877364
v 0.04842291 0.12887819 0.08879327
v 0.00034057 0.13735908 0.10842217
v 0.00349768 0.11579160 0.16166797
v 0.02151661 0.13596110 0.10071472
v 0.00349768 0.11579160 0.16166797
v 0.01384300 0.11407497 0.15861002
v 0.02151661 0.13596110 0.10071472
v 0.00349768 0.11579160 0.16166797
v 0.00687230 0.09418048 0.21517102
v 0.01384300 0.11407497 0.15861002
v 0.00687230 0.09418048 0.21517102
v 0.01431953 0.09195638 0.21268516
v 0.01384300 0.11407497 0.15861002
v 0.05211578 0.06645209 0.19998161
v 0.06696330 0.08847896 0.13927581
v 0.04593735 0.07278710 0.20206850
v 0.06696330 0.08847896 0.13927581
v 0.06139302 0.09294890 0.14130323
v 0.04593735 0.07278710 0.20206850
v 0.06696330 0.08847896 0.13927581
v 0.08071602 0.11244710 0.07916789
v 0.06139302 0.09294890 0.14130323
v 0.06214633 0.12336811 0.08592671
v 0.05558373 0.09705921 0.14341765
v 0.08071602 0.11244710 0.07916789
v 0.05558373 0.09705921 0.14341765
v 0.06139302 0.09294890 0.14130323
v 0.08071602 0.11244710 0.07916789
v 0.05558373 0.09705921 0.14341765
v 0.04593735 0.07278710 0.20206850
v 0.06139302 0.09294890 0.14130323
v 0.01431953 0.09195638 0.21268516
v 0.02040607 0.08957825 0.21064976
v 0.01384300 0.11407497 0.15861002
v 0.02040607 0.08957825 0.21064976
v 0.02398796 0.11167489 0.15491758
v 0.01384300 0.11407497 0.15861002
v 0.02040607 0.08957825 0.21064976
v 0.02631064 0.08674783 0.20867161
v 0.02398796 0.11167489 0.15491758
v 0.02631064 0.08674783 0.20867161
v 0.03389535 0.10832999 0.15131157
v 0.02398796 0.11167489 0.15491758
v 0.02631064 0.08674783 0.20867161
v 0.03200379 0.08348119 0.20676067
v 0.03389535 0.10832999 0.15131157
v 0.03200379 0.08348119 0.20676067
v 0.04348751 0.10406629 0.14782032
v 0.03389535 0.10832999 0.15131157
v 0.03200379 0.08348119 0.20676067
v 0.03921423 0.07848128 0.20433519
v 0.04348751 0.10406629 0.14782032
v 0.03921423 0.07848128 0.20433519
v 0.04963192 0.10075150 0.14558392
v 0.04348751 0.10406629 0.14782032
v 0.03921423 0.07848128 0.20433519
v 0.04593735 0.07278710 0.20206850
v 0.04963192 0.10075150 0.14558392
v 0.04593735 0.07278710 0.20206850
v 0.05558373 0.09705921 0.14341765
v 0.04963192 0.10075150 0.14558392
v 0.09757408 0.09873793 0.07303205
v 0.08071602 0.11244710 0.07916789
v 0.06696330 0.08847896 0.13927581
v 0.09757408 0.09873793 0.07303205
v 0.06696330 0.08847896 0.13927581
v 0.07724846 0.07859002 0.13553232
v 0.06696330 0.08847896 0.13927581
v 0.05211578 0.06645209 0.19998161
v 0.07724846 0.07859002 0.13553232
v 0.04348751 0.10406629 0.14782032
v 0.06214633 0.12336811 0.08592671
v 0.04226904 0.13126338 0.09316145
v 0.04963192 0.10075150 0.14558392
v 0.06214633 0.12336811 0.08592671
v 0.04348751 0.10406629 0.14782032
v 0.04963192 0.10075150 0.14558392
v 0.05558373 0.09705921 0.14341765
v 0.06214633 0.12336811 0.08592671
v 0.02398796 0.11167489 0.15491758
v 0.04226904 0.13126338 0.09316145
v 0.02151661 0.13596110 0.10071472
v 0.03389535 0.10832999 0.15131157
v 0.04226904 0.13126338 0.09316145
v 0.02398796 0.11167489 0.15491758
v 0.03389535 0.10832999 0.15131157
v 0.04348751 0.10406629 0.14782032
v 0.04226904 0.13126338 0.09316145
v 0.01384300 0.11407497 0.15861002
v 0.02398796 0.11167489 0.15491758
v 0.02151661 0.13596110 0.10071472
v 0.05769736 0.05953478 0.19809403
v 0.07724846 0.07859002 0.13553232
v 0.05211578 0.06645209 0.19998161
v -0.04216558 0.13501899 0.12176479
v -0.08325561 0.12938873 0.13672034
v -0.08324304 0.12935992 0.13671577
v -0.12378740 0.12033970 0.15147270
v -0.08324304 0.12935992 0.13671577
v -0.08325561 0.12938873 0.13672034
v -0.01397081 0.09676275 0.22224340
v -0.02481411 0.11625126 0.17171694
v -0.02041781 0.09654041 0.22453798
v -0.02481411 0.11625126 0.17171694
v -0.03378146 0.10877952 0.19369048
v -0.02041781 0.09654041 0.22453798
v -0.02481411 0.11625126 0.17171694
v -0.03559095 0.13562033 0.12150017
v -0.03378146 0.10877952 0.19369048
v -0.03559095 0.13562033 0.12150017
v -0.05137002 0.12051588 0.16359293
v -0.03378146 0.10877952 0.19369048
v -0.03559095 0.13562033 0.12150017
v -0.07175837 0.13125247 0.13466404
v -0.05137002 0.12051588 0.16359293
v -0.05712915 0.08535364 0.23838662
v -0.07116562 0.10039129 0.20729721
v -0.06263224 0.08191846 0.24055964
v -0.07116562 0.10039129 0.20729721
v -0.08304296 0.09546546 0.21162020
v -0.06263224 0.08191846 0.24055964
v -0.07116562 0.10039129 0.20729721
v -0.08619656 0.11362225 0.17626876
v -0.08304296 0.09546546 0.21162020
v -0.08619656 0.11362225 0.17626876
v -0.09799937 0.11012292 0.18056463
v -0.08304296 0.09546546 0.21162020
v -0.08619656 0.11362225 0.17626876
v -0.10756355 0.12428096 0.14769606
v -0.09799937 0.11012292 0.18056463
v -0.05140220 0.08835824 0.23614811
v -0.04548024 0.09091843 0.23386063
v -0.07116562 0.10039129 0.20729721
v -0.04548024 0.09091843 0.23386063
v -0.05892685 0.10423589 0.20284267
v -0.07116562 0.10039129 0.20729721
v -0.04548024 0.09091843 0.23386063
v -0.03939310 0.09302341 0.23154092
v -0.05892685 0.10423589 0.20284267
v -0.03939310 0.09302341 0.23154092
v -0.04643009 0.10702079 0.19829419
v -0.05892685 0.10423589 0.20284267
v -0.03939310 0.09302341 0.23154092
v -0.02682523 0.09584112 0.22686212
v -0.04643009 0.10702079 0.19829419
v -0.10756355 0.12428096 0.14769606
v -0.08619656 0.11362225 0.17626876
v -0.07175837 0.13125247 0.13466404
v -0.08619656 0.11362225 0.17626876
v -0.07424735 0.11653676 0.17191961
v -0.07175837 0.13125247 0.13466404
v -0.08619656 0.11362225 0.17626876
v -0.07116562 0.10039129 0.20729721
v -0.07424735 0.11653676 0.17191961
v -0.07116562 0.10039129 0.20729721
v -0.05892685 0.10423589 0.20284267
v -0.07424735 0.11653676 0.17191961
v -0.04643009 0.10702079 0.19829419
v -0.05137002 0.12051588 0.16359293
v -0.05892685 0.10423589 0.20284267
v -0.05137002 0.12051588 0.16359293
v -0.07424735 0.11653676 0.17191961
v -0.05892685 0.10423589 0.20284267
v -0.05137002 0.12051588 0.16359293
v -0.07175837 0.13125247 0.13466404
v -0.07424735 0.11653676 0.17191961
v -0.14284120 0.11473797 0.16053608
v -0.12462882 0.10552553 0.18115883
v -0.10837439 0.10649607 0.18434084
v -0.14284120 0.11473797 0.16053608
v -0.10837439 0.10649607 0.18434084
v -0.10756355 0.12428096 0.14769606
v -0.07048622 0.07592809 0.24369379
v -0.06263224 0.08191846 0.24055964
v -0.08304296 0.09546546 0.21162020
v -0.07048622 0.07592809 0.24369379
v -0.08304296 0.09546546 0.21162020
v -0.10650260 0.09599058 0.20188719
v -0.10837439 0.10649607 0.18434084
v -0.12462882 0.10552553 0.18115883
v -0.10650260 0.09599058 0.20188719
v -0.08304296 0.09546546 0.21162020
v -0.10837439 0.10649607 0.18434084
v -0.10650260 0.09599058 0.20188719
v -0.05712915 0.08535364 0.23838662
v -0.05140220 0.08835824 0.23614811
v -0.07116562 0.10039129 0.20729721
v -0.04643009 0.10702079 0.19829419
v -0.02682523 0.09584112 0.22686212
v -0.03378146 0.10877952 0.19369048
v -0.03378146 0.10877952 0.19369048
v -0.02682523 0.09584112 0.22686212
v -0.02041781 0.09654041 0.22453798
v -0.09799937 0.11012292 0.18056463
v -0.10756355 0.12428096 0.14769606
v -0.10837439 0.10649607 0.18434084
v -0.08304296 0.09546546 0.21162020
v -0.09799937 0.11012292 0.18056463
v -0.10837439 0.10649607 0.18434084
v -0.05137002 0.12051588 0.16359293
v -0.04643009 0.10702079 0.19829419
v -0.03378146 0.10877952 0.19369048
v -0.03559095 0.13562033 0.12150017
v -0.02481411 0.11625126 0.17171694
v -0.01763891 0.13681072 0.11496616
v -0.02481411 0.11625126 0.17171694
v -0.00824548 0.10962053 0.18415239
v -0.01763891 0.13681072 0.11496616
v -0.02481411 0.11625126 0.17171694
v -0.01397081 0.09676275 0.22224340
v -0.00824548 0.10962053 0.18415239
v -0.01397081 0.09676275 0.22224340
v -0.00181754 0.09588467 0.21807380
v -0.00824548 0.10962053 0.18415239
v -0.00824548 0.10962053 0.18415239
v -0.00181754 0.09588467 0.21807380
v 0.00349768 0.11579160 0.16166797
v 0.00687230 0.09418048 0.21517102
v 0.00349768 0.11579160 0.16166797
v -0.00181754 0.09588467 0.21807380
v 0.00349768 0.11579160 0.16166797
v -0.01763891 0.13681072 0.11496616
v -0.00824548 0.10962053 0.18415239
v 0.00034057 0.13735908 0.10842217
v -0.01763891 0.13681072 0.11496616
v 0.00349768 0.11579160 0.16166797
v 0.04070977 0.13144141 0.09160062
v 0.03850017 0.13208358 0.09240485
v 0.03983966 0.13171917 0.09191731
v 0.03850017 0.13208358 0.09240485
v 0.03765867 0.13234423 0.09271114
v 0.03983966 0.13171917 0.09191731
v 0.03850017 0.13208358 0.09240485
v 0.03628140 0.13268827 0.09321241
v 0.03765867 0.13234423 0.09271114
v 0.03628140 0.13268827 0.09321241
v 0.03546871 0.13293275 0.09350822
v 0.03765867 0.13234423 0.09271114
v 0.03628140 0.13268827 0.09321241
v 0.03405402 0.13325539 0.09402312
v 0.03546871 0.13293275 0.09350822
v 0.03405402 0.13325539 0.09402312
v 0.03327033 0.13348460 0.09430836
v 0.03546871 0.13293275 0.09350822
v 0.03405402 0.13325539 0.09402312
v 0.03181862 0.13378488 0.09483674
v 0.03327033 0.13348460 0.09430836
v 0.03181862 0.13378488 0.09483674
v 0.03106408 0.13399962 0.09511137
v 0.03327033 0.13348460 0.09430836
v 0.03181862 0.13378488 0.09483674
v 0.02957576 0.13427663 0.09565307
v 0.03106408 0.13399962 0.09511137
v 0.02957576 0.13427663 0.09565307
v 0.02885050 0.13447769 0.09591705
v 0.03106408 0.13399962 0.09511137
v 0.02957576 0.13427663 0.09565307
v 0.02732601 0.13473059 0.09647191
v 0.02885050 0.13447769 0.09591705
v 0.02732601 0.13473059 0.09647191
v 0.02663013 0.13491869 0.09672519
v 0.02885050 0.13447769 0.09591705
v 0.02732601 0.13473059 0.09647191
v 0.02506996 0.13514669 0.09729305
v 0.02663013 0.13491869 0.09672519
v 0.02506996 0.13514669 0.09729305
v 0.02440353 0.13532251 0.09753561
v 0.02663013 0.13491869 0.09672519
v 0.02506996 0.13514669 0.09729305
v 0.02280818 0.13552488 0.09811628
v 0.02440353 0.13532251 0.09753561
v 0.02280818 0.13552488 0.09811628
v 0.02217124 0.13568908 0.09834810
v 0.02440353 0.13532251 0.09753561
v 0.02280818 0.13552488 0.09811628
v 0.02054122 0.13586511 0.09894137
v 0.02217124 0.13568908 0.09834810
v 0.02054122 0.13586511 0.09894137
v 0.01993381 0.13601828 0.09916246
v 0.02217124 0.13568908 0.09834810
v 0.02054122 0.13586511 0.09894137
v 0.01826967 0.13616732 0.09976815
v 0.01993381 0.13601828 0.09916246
v 0.01826967 0.13616732 0.09976815
v 0.01769181 0.13631003 0.09997848
v 0.01993381 0.13601828 0.09916246
v 0.01826967 0.13616732 0.09976815
v 0.01599410 0.13643149 0.10059639
v 0.01769181 0.13631003 0.09997848
v 0.01599410 0.13643149 0.10059639
v 0.01544577 0.13656424 0.10079597
v 0.01769181 0.13631003 0.09997848
v 0.01599410 0.13643149 0.10059639
v 0.01371507 0.13665757 0.10142589
v 0.01544577 0.13656424 0.10079597
v 0.01371507 0.13665757 0.10142589
v 0.01319625 0.13678089 0.10161473
v 0.01544577 0.13656424 0.10079597
v 0.01371507 0.13665757 0.10142589
v 0.01143315 0.13684554 0.10225645
v 0.01319625 0.13678089 0.10161473
v 0.01143315 0.13684554 0.10225645
v 0.01094382 0.13695991 0.10243454
v 0.01319625 0.13678089 0.10161473
v 0.01143315 0.13684554 0.10225645
v 0.00914890 0.13699540 0.10308784
v 0.01094382 0.13695991 0.10243454
v 0.00914890 0.13699540 0.10308784
v 0.00868902 0.13710123 0.10325523
v 0.01094382 0.13695991 0.10243454
v 0.00914890 0.13699540 0.10308784
v 0.00686289 0.13710710 0.10391988
v 0.00868902 0.13710123 0.10325523
v 0.00686289 0.13710710 0.10391988
v 0.00643241 0.13720486 0.10407656
v 0.00868902 0.13710123 0.10325523
v 0.00686289 0.13710710 0.10391988
v 0.00457569 0.13718067 0.10475235
v 0.00643241 0.13720486 0.10407656
v 0.00457569 0.13718067 0.10475235
v 0.00417455 0.13727075 0.10489835
v 0.00643241 0.13720486 0.10407656
v 0.00457569 0.13718067 0.10475235
v 0.00228786 0.13721609 0.10558506
v 0.00417455 0.13727075 0.10489835
v 0.00228786 0.13721609 0.10558506
v 0.00191600 0.13729888 0.10572040
v 0.00417455 0.13727075 0.10489835
v 0.00228786 0.13721609 0.10558506
v -0.00000005 0.13721335 0.10641779
v 0.00191600 0.13729888 0.10572040
v -0.00000005 0.13721335 0.10641779
v -0.00034269 0.13728924 0.10654250
v 0.00191600 0.13729888 0.10572040
v -0.00000005 0.13721335 0.10641779
v -0.04216256 0.13501927 0.12176369
v -0.00034269 0.13728924 0.10654250
v 0.04632354 0.12962633 0.08955737
v 0.04509911 0.13004506 0.09000303
v 0.04502497 0.13007404 0.09003002
v 0.04509911 0.13004506 0.09000303
v 0.04502385 0.13007036 0.09003043
v 0.04502497 0.13007404 0.09003002
v 0.04502385 0.13007036 0.09003043
v 0.04417264 0.13036005 0.09034024
v 0.04502497 0.13007404 0.09003002
v 0.04502385 0.13007036 0.09003043
v 0.04290960 0.13076186 0.09079995
v 0.04417264 0.13036005 0.09034024
v 0.04417264 0.13036005 0.09034024
v 0.04290960 0.13076186 0.09079995
v 0.04201117 0.13105771 0.09112695
v 0.04070977 0.13144141 0.09160062
v 0.04201117 0.13105771 0.09112695
v 0.04290960 0.13076186 0.09079995
v 0.04201117 0.13105771 0.09112695
v 0.04070977 0.13144141 0.09160062
v 0.03983966 0.13171917 0.09191731
v -0.04009392 0.13838997 0.00000000
v -0.04216256 0.13501927 0.12176369
v -0.00000006 0.14000000 0.00000000
v -0.00000006 0.14000000 0.00000000
v -0.04216256 0.13501927 0.12176369
v -0.00000005 0.13721335 0.10641779
v -0.15411043 0.11144805 0.15287081
v -0.15780328 0.11444543 0.00000001
v -0.16073067 0.11233823 0.04062212
v -0.15411043 0.11144805 0.15287081
v -0.16073067 0.11233823 0.04062212
v -0.16501296 0.10990879 0.07487412
v -0.15411043 0.11144805 0.15287081
v -0.16501296 0.10990879 0.07487412
v -0.17016693 0.10728124 0.10307481
v -0.15411043 0.11144805 0.15287081
v -0.17016693 0.10728124 0.10307481
v -0.17270324 0.10604580 0.11396113
v -0.15411043 0.11144805 0.15287081
v -0.17270324 0.10604580 0.11396113
v -0.17593761 0.10450593 0.12569352
v -0.15411043 0.11144805 0.15287081
v -0.17593761 0.10450593 0.12569352
v -0.17969637 0.10280139 0.13507183
v -0.15780328 0.11444543 0.00000001
v -0.15411043 0.11144805 0.15287081
v -0.14396721 0.11448104 0.15881756
v -0.15780328 0.11444543 0.00000001
v -0.14396721 0.11448104 0.15881756
v -0.12378740 0.12033970 0.15147270
v -0.15780328 0.11444543 0.00000001
v -0.12378740 0.12033970 0.15147270
v -0.11925043 0.12557141 0.00000001
v -0.07992957 0.13357009 0.00000000
v -0.11925043 0.12557141 0.00000001
v -0.08325561 0.12938873 0.13672034
v -0.07992957 0.13357009 0.00000000
v -0.08325561 0.12938873 0.13672034
v -0.04216558 0.13501899 0.12176479
v -0.07992957 0.13357009 0.00000000
v -0.04216558 0.13501899 0.12176479
v -0.04216451 0.13501909 0.12176440
v -0.07992957 0.13357009 0.00000000
v -0.04216451 0.13501909 0.12176440
v -0.04216353 0.13501918 0.12176404
v -0.07992957 0.13357009 0.00000000
v -0.04216353 0.13501918 0.12176404
v -0.04216256 0.13501927 0.12176369
v -0.07992957 0.13357009 0.00000000
v -0.04216256 0.13501927 0.12176369
v -0.04009392 0.13838997 0.00000000
v -0.12378740 0.12033970 0.15147270
v -0.08325561 0.12938873 0.13672034
v -0.11925043 0.12557141 0.00000001
v -0.14350693 0.11467091 0.15865003
v -0.12378740 0.12033970 0.15147270
v -0.14396721 0.11448104 0.15881756
v -0.14350693 0.11467091 0.15865003
v -0.14396721 0.11448104 0.15881756
v -0.15640205 0.10986632 0.16334348
v -0.09087563 0.05118625 0.25186779
v -0.08651834 0.05810252 0.25012090
v -0.13987684 0.06808349 0.21547875
v -0.08651834 0.05810252 0.25012090
v -0.13319139 0.07661984 0.21197573
v -0.13987684 0.06808349 0.21547875
v -0.08651834 0.05810252 0.25012090
v -0.08166387 0.06453069 0.24817592
v -0.13319139 0.07661984 0.21197573
v -0.08166387 0.06453069 0.24817592
v -0.12481389 0.08397079 0.20892658
v -0.13319139 0.07661984 0.21197573
v -0.08166387 0.06453069 0.24817592
v -0.07630730 0.07048830 0.24602904
v -0.12481389 0.08397079 0.20892658
v -0.07630730 0.07048830 0.24602904
v -0.11580523 0.09040395 0.20564767
v -0.12481389 0.08397079 0.20892658
v -0.07630730 0.07048830 0.24602904
v -0.07048622 0.07592809 0.24369379
v -0.11580523 0.09040395 0.20564767
v -0.07048622 0.07592809 0.24369379
v -0.10650260 0.09599058 0.20188719
v -0.11580523 0.09040395 0.20564767
v -0.19163133 0.08608735 0.17829423
v -0.18964411 0.08539320 0.17969931
v -0.17675626 0.09816568 0.17288015
v -0.18964411 0.08539320 0.17969931
v -0.13319139 0.07661984 0.21197573
v -0.17675626 0.09816568 0.17288015
v -0.18964411 0.08539320 0.17969931
v -0.13987684 0.06808349 0.21547875
v -0.13319139 0.07661984 0.21197573
v -0.14284120 0.11473797 0.16053608
v -0.16037422 0.10778558 0.16691758
v -0.11580523 0.09040395 0.20564767
v -0.14284120 0.11473797 0.16053608
v -0.11580523 0.09040395 0.20564767
v -0.12462882 0.10552553 0.18115883
v -0.11580523 0.09040395 0.20564767
v -0.10650260 0.09599058 0.20188719
v -0.12462882 0.10552553 0.18115883
v -0.12481389 0.08397079 0.20892658
v -0.16037422 0.10778558 0.16691758
v -0.17675626 0.09816568 0.17288015
v -0.12481389 0.08397079 0.20892658
v -0.11580523 0.09040395 0.20564767
v -0.16037422 0.10778558 0.16691758
v -0.13319139 0.07661984 0.21197573
v -0.12481389 0.08397079 0.20892658
v -0.17675626 0.09816568 0.17288015
v -0.09726874 0.03776559 0.25444566
v -0.09431805 0.04460929 0.25325247
v -0.15432164 0.04790752 0.21994852
v -0.09431805 0.04460929 0.25325247
v -0.14799296 0.05854616 0.21764507
v -0.15432164 0.04790752 0.21994852
v -0.09431805 0.04460929 0.25325247
v -0.09087563 0.05118625 0.25186779
v -0.14799296 0.05854616 0.21764507
v -0.09087563 0.05118625 0.25186779
v -0.14441841 0.06355493 0.21634404
v -0.14799296 0.05854616 0.21764507
v -0.09087563 0.05118625 0.25186779
v -0.13987684 0.06808349 0.21547875
v -0.14441841 0.06355493 0.21634404
v -0.19163133 0.08608735 0.17829423
v -0.20421878 0.07201397 0.18287570
v -0.14441841 0.06355493 0.21634404
v -0.20421878 0.07201397 0.18287570
v -0.14799296 0.05854616 0.21764507
v -0.14441841 0.06355493 0.21634404
v -0.20421878 0.07201397 0.18287570
v -0.15432164 0.04790752 0.21994852
v -0.14799296 0.05854616 0.21764507
v -0.18964411 0.08539320 0.17969931
v -0.19163133 0.08608735 0.17829423
v -0.14441841 0.06355493 0.21634404
v -0.18964411 0.08539320 0.17969931
v -0.14441841 0.06355493 0.21634404
v -0.13987684 0.06808349 0.21547875
v -0.10425914 -0.00000000 0.25730576
v -0.10354321 0.01234216 0.25700896
v -0.22647032 0.01935984 0.19097460
v -0.10425914 -0.00000000 0.25730576
v -0.22647032 0.01935984 0.19097460
v -0.22801167 -0.00000000 0.19153560
v -0.09971290 0.03069836 0.25543918
v -0.15432164 0.04790752 0.21994852
v -0.15943667 0.03656794 0.22181023
v -0.09971290 0.03069836 0.25543918
v -0.09726874 0.03776559 0.25444566
v -0.15432164 0.04790752 0.21994852
v -0.15432164 0.04790752 0.21994852
v -0.20421878 0.07201397 0.18287570
v -0.21440183 0.05588751 0.18658202
v -0.10163959 0.02345129 0.25622635
v -0.15943667 0.03656794 0.22181023
v -0.16321087 0.02468933 0.22318394
v -0.10163959 0.02345129 0.25622635
v -0.09971290 0.03069836 0.25543918
v -0.15943667 0.03656794 0.22181023
v -0.15943667 0.03656794 0.22181023
v -0.21440183 0.05588751 0.18658202
v -0.22189018 0.03816774 0.18930757
v -0.15943667 0.03656794 0.22181023
v -0.15432164 0.04790752 0.21994852
v -0.21440183 0.05588751 0.18658202
v -0.16321087 0.02468933 0.22318394
v -0.10354321 0.01234216 0.25700896
v -0.10163959 0.02345129 0.25622635
v -0.16321087 0.02468933 0.22318394
v -0.22189018 0.03816774 0.18930757
v -0.22647032 0.01935984 0.19097460
v -0.16321087 0.02468933 0.22318394
v -0.15943667 0.03656794 0.22181023
v -0.22189018 0.03816774 0.18930757
v -0.22647032 0.01935984 0.19097460
v -0.10354321 0.01234216 0.25700896
v -0.16321087 0.02468933 0.22318394
v -0.16738787 0.10438389 0.16734198
v -0.16995925 0.10299928 0.16827789
v -0.17268348 0.10122970 0.16926942
v -0.17268348 0.10122970 0.16926942
v -0.16995925 0.10299928 0.16827789
v -0.17296033 0.10118080 0.16937019
v -0.17268348 0.10122970 0.16926942
v -0.17296033 0.10118080 0.16937019
v -0.17783126 0.09780960 0.17114306
v -0.17783126 0.09780960 0.17114306
v -0.17296033 0.10118080 0.16937019
v -0.17596269 0.09924036 0.17046297
v -0.17783126 0.09780960 0.17114306
v -0.17596269 0.09924036 0.17046297
v -0.17879787 0.09728987 0.17149489
v -0.17783126 0.09780960 0.17114306
v -0.17879787 0.09728987 0.17149489
v -0.18281946 0.09413143 0.17295862
v -0.18281946 0.09413143 0.17295862
v -0.17879787 0.09728987 0.17149489
v -0.18162045 0.09522676 0.17252221
v -0.18281946 0.09413143 0.17295862
v -0.18162045 0.09522676 0.17252221
v -0.18763664 0.09020360 0.17471195
v -0.18763664 0.09020360 0.17471195
v -0.18162045 0.09522676 0.17252221
v -0.18545783 0.09221253 0.17391891
v -0.18763664 0.09020360 0.17471195
v -0.18545783 0.09221253 0.17391891
v -0.18924165 0.08898147 0.17529610
v -0.18763664 0.09020360 0.17471195
v -0.18924165 0.08898147 0.17529610
v -0.19227181 0.08603510 0.17639900
v -0.19227181 0.08603510 0.17639900
v -0.18924165 0.08898147 0.17529610
v -0.19295466 0.08553173 0.17664754
v -0.19227181 0.08603510 0.17639900
v -0.19295466 0.08553173 0.17664754
v -0.19373681 0.08462668 0.17693222
v -0.19373681 0.08462668 0.17693222
v -0.19295466 0.08553173 0.17664754
v -0.19517738 0.08319003 0.17745655
v -0.19517738 0.08319003 0.17745655
v -0.19295466 0.08553173 0.17664754
v -0.19682498 0.08160196 0.17805623
v -0.19517738 0.08319003 0.17745655
v -0.19682498 0.08160196 0.17805623
v -0.19659305 0.08172560 0.17797180
v -0.20057349 0.07742084 0.17942057
v -0.19934778 0.07871542 0.17897444
v -0.19682498 0.08160196 0.17805623
v -0.19682498 0.08160196 0.17805623
v -0.19934778 0.07871542 0.17897444
v -0.19798333 0.08023391 0.17847783
v -0.19682498 0.08160196 0.17805623
v -0.19798333 0.08023391 0.17847783
v -0.19659305 0.08172560 0.17797180
v -0.21662300 0.05302007 0.18526211
v -0.21549846 0.05494381 0.18485282
v -0.21390672 0.05822918 0.18427346
v -0.21390672 0.05822918 0.18427346
v -0.21549846 0.05494381 0.18485282
v -0.21453941 0.05678025 0.18450374
v -0.21390672 0.05822918 0.18427346
v -0.21453941 0.05678025 0.18450374
v -0.21354899 0.05859773 0.18414325
v -0.21909803 0.04760534 0.18616296
v -0.21818431 0.04932695 0.18583038
v -0.21662300 0.05302007 0.18526211
v -0.21662300 0.05302007 0.18526211
v -0.21818431 0.04932695 0.18583038
v -0.21732122 0.05121654 0.18551623
v -0.21662300 0.05302007 0.18526211
v -0.21732122 0.05121654 0.18551623
v -0.21642585 0.05308903 0.18519036
v -0.22131002 0.04199655 0.18696805
v -0.22057697 0.04356195 0.18670123
v -0.21909803 0.04760534 0.18616296
v -0.21909803 0.04760534 0.18616296
v -0.22057697 0.04356195 0.18670123
v -0.21981245 0.04549902 0.18642298
v -0.21909803 0.04760534 0.18616296
v -0.21981245 0.04549902 0.18642298
v -0.21901481 0.04742090 0.18613266
v -0.22323713 0.03620791 0.18766944
v -0.22266926 0.03766612 0.18746277
v -0.22131002 0.04199655 0.18696805
v -0.22131002 0.04199655 0.18696805
v -0.22266926 0.03766612 0.18746277
v -0.22200561 0.03964485 0.18722122
v -0.22131002 0.04199655 0.18696805
v -0.22200561 0.03964485 0.18722122
v -0.22130810 0.04161035 0.18696735
v -0.22329883 0.03567483 0.18769191
v -0.22323713 0.03620791 0.18766944
v -0.22389412 0.03367162 0.18790858
v -0.22389412 0.03367162 0.18790858
v -0.22323713 0.03620791 0.18766944
v -0.22383604 0.03416639 0.18788744
v -0.22389412 0.03367162 0.18790858
v -0.22383604 0.03416639 0.18788744
v -0.22445493 0.03165717 0.18811269
v -0.22445493 0.03165717 0.18811269
v -0.22383604 0.03416639 0.18788744
v -0.22440046 0.03211372 0.18809287
v -0.22445493 0.03165717 0.18811269
v -0.22440046 0.03211372 0.18809287
v -0.22498103 0.02963216 0.18830418
v -0.22498103 0.02963216 0.18830418
v -0.22440046 0.03211372 0.18809287
v -0.22493012 0.03005060 0.18828566
v -0.22498103 0.02963216 0.18830418
v -0.22493012 0.03005060 0.18828566
v -0.22547230 0.02759726 0.18848299
v -0.22547230 0.02759726 0.18848299
v -0.22493012 0.03005060 0.18828566
v -0.22535353 0.02828634 0.18843977
v -0.22547230 0.02759726 0.18848299
v -0.22535353 0.02828634 0.18843977
v -0.22592855 0.02555315 0.18864905
v -0.22592855 0.02555315 0.18864905
v -0.22535353 0.02828634 0.18843977
v -0.22575142 0.02651537 0.18858458
v -0.22592855 0.02555315 0.18864905
v -0.22575142 0.02651537 0.18858458
v -0.22634964 0.02350050 0.18880231
v -0.22634964 0.02350050 0.18880231
v -0.22575142 0.02651537 0.18858458
v -0.22612369 0.02473811 0.18872009
v -0.22634964 0.02350050 0.18880231
v -0.22612369 0.02473811 0.18872009
v -0.22647023 0.02295497 0.18884621
v -0.20761736 0.06831062 0.18198433
v -0.20813830 0.06737988 0.18217392
v -0.20696697 0.06907114 0.18174761
v -0.20761736 0.06831062 0.18198433
v -0.20696697 0.06907114 0.18174761
v -0.20576681 0.07073936 0.18131078
v -0.20761736 0.06831062 0.18198433
v -0.20576681 0.07073936 0.18131078
v -0.20453821 0.07238397 0.18086360
v -0.20761736 0.06831062 0.18198433
v -0.20453821 0.07238397 0.18086360
v -0.20417836 0.07298949 0.18073263
v -0.21086782 0.06338853 0.18316739
v -0.21390672 0.05822918 0.18427346
v -0.21252752 0.06039565 0.18377147
v -0.21086782 0.06338853 0.18316739
v -0.21252752 0.06039565 0.18377147
v -0.21147537 0.06217342 0.18338852
v -0.21086782 0.06338853 0.18316739
v -0.21147537 0.06217342 0.18338852
v -0.21039286 0.06393044 0.18299452
v -0.21086782 0.06338853 0.18316739
v -0.21039286 0.06393044 0.18299452
v -0.20928039 0.06566612 0.18258961
v -0.21086782 0.06338853 0.18316739
v -0.20928039 0.06566612 0.18258961
v -0.20813830 0.06737988 0.18217392
v -0.21086782 0.06338853 0.18316739
v -0.20813830 0.06737988 0.18217392
v -0.20761736 0.06831062 0.18198433
v -0.15640205 0.10986632 0.16334348
v -0.16086102 0.10783590 0.16496639
v -0.16195658 0.10726497 0.16536515
v -0.16195658 0.10726497 0.16536515
v -0.16086102 0.10783590 0.16496639
v -0.16538477 0.10555287 0.16661291
v -0.16195658 0.10726497 0.16536515
v -0.16538477 0.10555287 0.16661291
v -0.16738787 0.10438389 0.16734198
v -0.16738787 0.10438389 0.16734198
v -0.16538477 0.10555287 0.16661291
v -0.16995925 0.10299928 0.16827789
v -0.19934778 0.07871542 0.17897444
v -0.20057349 0.07742084 0.17942057
v -0.20068593 0.07717066 0.17946149
v -0.20199736 0.07560015 0.17993882
v -0.20068593 0.07717066 0.17946149
v -0.20057349 0.07742084 0.17942057
v -0.20057349 0.07742084 0.17942057
v -0.20417836 0.07298949 0.18073263
v -0.20199736 0.07560015 0.17993882
v -0.20328160 0.07400441 0.18040624
v -0.20199736 0.07560015 0.17993882
v -0.20417836 0.07298949 0.18073263
v -0.20328160 0.07400441 0.18040624
v -0.20417836 0.07298949 0.18073263
v -0.20453821 0.07238397 0.18086360
v -0.21390672 0.05822918 0.18427346
v -0.21354899 0.05859773 0.18414325
v -0.21252752 0.06039565 0.18377147
v -0.21662300 0.05302007 0.18526211
v -0.21642585 0.05308903 0.18519036
v -0.21549846 0.05494381 0.18485282
v -0.21909803 0.04760534 0.18616296
v -0.21901481 0.04742090 0.18613266
v -0.21818431 0.04932695 0.18583038
v -0.22131002 0.04199655 0.18696805
v -0.22130810 0.04161035 0.18696735
v -0.22057697 0.04356195 0.18670123
v -0.22323713 0.03620791 0.18766944
v -0.22329883 0.03567483 0.18769191
v -0.22266926 0.03766612 0.18746277
v -0.22673543 0.02144002 0.18894273
v -0.22634964 0.02350050 0.18880231
v -0.22647023 0.02295497 0.18884621
v -0.22647023 0.02295497 0.18884621
v -0.22679095 0.02116637 0.18896295
v -0.22673543 0.02144002 0.18894273
v -0.22708577 0.01937238 0.18907023
v -0.22673543 0.02144002 0.18894273
v -0.22679095 0.02116637 0.18896295
v -0.22845815 -0.00648443 0.18956975
v -0.22863008 0.00000039 0.18963232
v -0.22846033 -0.00582336 0.18957054
v -0.22863008 0.00000039 0.18963232
v -0.22859507 0.00049601 0.18961958
v -0.22846033 -0.00582336 0.18957054
v -0.22863008 0.00000039 0.18963232
v -0.22845811 0.00648522 0.18956974
v -0.22859507 0.00049601 0.18961958
v -0.22845811 0.00648522 0.18956974
v -0.22841019 0.00681391 0.18955230
v -0.22859507 0.00049601 0.18961958
v -0.22845811 0.00648522 0.18956974
v -0.22794280 0.01294940 0.18938218
v -0.22841019 0.00681391 0.18955230
v -0.22794280 0.01294940 0.18938218
v -0.22790642 0.01311206 0.18936894
v -0.22841019 0.00681391 0.18955230
v -0.22794280 0.01294940 0.18938218
v -0.22708577 0.01937238 0.18907023
v -0.22790642 0.01311206 0.18936894
v -0.22708589 -0.01937160 0.18907028
v -0.22794289 -0.01294862 0.18938221
v -0.22795749 -0.01261869 0.18938753
v -0.22845815 -0.00648443 0.18956975
v -0.22795749 -0.01261869 0.18938753
v -0.22794289 -0.01294862 0.18938221
v -0.22795749 -0.01261869 0.18938753
v -0.22845815 -0.00648443 0.18956975
v -0.22846033 -0.00582336 0.18957054
v -0.09764954 -0.03676775 0.25460013
v -0.10053171 -0.02787153 0.25577321
v -0.15432164 -0.04790752 0.21994852
v -0.10053171 -0.02787153 0.25577321
v -0.15943667 -0.03656794 0.22181023
v -0.15432164 -0.04790752 0.21994852
v -0.10053171 -0.02787153 0.25577321
v -0.10260064 -0.01872152 0.25662064
v -0.15943667 -0.03656794 0.22181023
v -0.10260064 -0.01872152 0.25662064
v -0.16321088 -0.02468933 0.22318394
v -0.15943667 -0.03656794 0.22181023
v -0.10260064 -0.01872152 0.25662064
v -0.10384461 -0.00940289 0.25713359
v -0.16321088 -0.02468933 0.22318394
v -0.09087563 -0.05118625 0.25186779
v -0.09345589 -0.04637413 0.25290497
v -0.14441843 -0.06355493 0.21634404
v -0.09345589 -0.04637413 0.25290497
v -0.14799296 -0.05854616 0.21764507
v -0.14441843 -0.06355493 0.21634404
v -0.09345589 -0.04637413 0.25290497
v -0.09764954 -0.03676775 0.25460013
v -0.14799296 -0.05854616 0.21764507
v -0.20421878 -0.07201397 0.18287570
v -0.15432164 -0.04790752 0.21994852
v -0.21440183 -0.05588751 0.18658202
v -0.20421878 -0.07201397 0.18287570
v -0.14799296 -0.05854616 0.21764507
v -0.15432164 -0.04790752 0.21994852
v -0.20421878 -0.07201397 0.18287570
v -0.14441843 -0.06355493 0.21634404
v -0.14799296 -0.05854616 0.21764507
v -0.20421878 -0.07201397 0.18287570
v -0.18964411 -0.08539320 0.17969931
v -0.14441843 -0.06355493 0.21634404
v -0.20421878 -0.07201397 0.18287570
v -0.19163133 -0.08608735 0.17829423
v -0.18964411 -0.08539320 0.17969931
v -0.22801167 -0.00000000 0.19153560
v -0.22647032 -0.01935984 0.19097460
v -0.10384461 -0.00940289 0.25713359
v -0.22801167 -0.00000000 0.19153560
v -0.10384461 -0.00940289 0.25713359
v -0.10425914 -0.00000000 0.25730576
v -0.10384461 -0.00940289 0.25713359
v -0.22647032 -0.01935984 0.19097460
v -0.16321088 -0.02468933 0.22318394
v -0.16321088 -0.02468933 0.22318394
v -0.22647032 -0.01935984 0.19097460
v -0.22189018 -0.03816774 0.18930757
v -0.15943667 -0.03656794 0.22181023
v -0.22189018 -0.03816774 0.18930757
v -0.21440183 -0.05588751 0.18658202
v -0.15943667 -0.03656794 0.22181023
v -0.16321088 -0.02468933 0.22318394
v -0.22189018 -0.03816774 0.18930757
v -0.15432164 -0.04790752 0.21994852
v -0.15943667 -0.03656794 0.22181023
v -0.21440183 -0.05588751 0.18658202
v -0.14799296 -0.05854616 0.21764507
v -0.09764954 -0.03676775 0.25460013
v -0.15432164 -0.04790752 0.21994852
v -0.09087563 -0.05118625 0.25186779
v -0.14441843 -0.06355493 0.21634404
v -0.13987685 -0.06808349 0.21547875
v -0.18964411 -0.08539320 0.17969931
v -0.13987685 -0.06808349 0.21547875
v -0.14441843 -0.06355493 0.21634404
v -0.07048622 -0.07592810 0.24369379
v -0.07636410 -0.07043032 0.24605181
v -0.10650260 -0.09599058 0.20188719
v -0.07636410 -0.07043032 0.24605181
v -0.11580523 -0.09040395 0.20564767
v -0.10650260 -0.09599058 0.20188719
v -0.07636410 -0.07043032 0.24605181
v -0.12481389 -0.08397079 0.20892656
v -0.11580523 -0.09040395 0.20564767
v -0.16037422 -0.10778558 0.16691758
v -0.12481389 -0.08397079 0.20892656
v -0.17675626 -0.09816568 0.17288015
v -0.16037422 -0.10778558 0.16691758
v -0.11580523 -0.09040395 0.20564767
v -0.12481389 -0.08397079 0.20892656
v -0.16037422 -0.10778558 0.16691758
v -0.10650260 -0.09599058 0.20188719
v -0.11580523 -0.09040395 0.20564767
v -0.16037422 -0.10778558 0.16691758
v -0.12462882 -0.10552553 0.18115883
v -0.10650260 -0.09599058 0.20188719
v -0.16037422 -0.10778558 0.16691758
v -0.14284120 -0.11473797 0.16053608
v -0.12462882 -0.10552553 0.18115883
v -0.19163133 -0.08608735 0.17829423
v -0.17675626 -0.09816568 0.17288015
v -0.13319140 -0.07661984 0.21197573
v -0.19163133 -0.08608735 0.17829423
v -0.13319140 -0.07661984 0.21197573
v -0.18964411 -0.08539320 0.17969931
v -0.08656313 -0.05803762 0.25013887
v -0.13319140 -0.07661984 0.21197573
v -0.08171474 -0.06446892 0.24819631
v -0.13319140 -0.07661984 0.21197573
v -0.08656313 -0.05803762 0.25013887
v -0.13987685 -0.06808349 0.21547875
v -0.08171474 -0.06446892 0.24819631
v -0.12481389 -0.08397079 0.20892656
v -0.07636410 -0.07043032 0.24605181
v -0.12481389 -0.08397079 0.20892656
v -0.08171474 -0.06446892 0.24819631
v -0.13319140 -0.07661984 0.21197573
v -0.12481389 -0.08397079 0.20892656
v -0.13319140 -0.07661984 0.21197573
v -0.17675626 -0.09816568 0.17288015
v -0.09087563 -0.05118625 0.25186779
v -0.13987685 -0.06808349 0.21547875
v -0.08656313 -0.05803762 0.25013887
v -0.18964411 -0.08539320 0.17969931
v -0.13319140 -0.07661984 0.21197573
v -0.13987685 -0.06808349 0.21547875
v -0.17877206 -0.09730818 0.17148549
v -0.17527638 -0.09955253 0.17021318
v -0.18358077 -0.09371829 0.17323572
v -0.18358077 -0.09371829 0.17323572
v -0.17527638 -0.09955253 0.17021318
v -0.19227181 -0.08603510 0.17639900
v -0.18358077 -0.09371829 0.17323572
v -0.19227181 -0.08603510 0.17639900
v -0.18831958 -0.08979405 0.17496050
v -0.18831958 -0.08979405 0.17496050
v -0.19227181 -0.08603510 0.17639900
v -0.19295509 -0.08553132 0.17664769
v -0.19517736 -0.08319005 0.17745654
v -0.19630699 -0.08214942 0.17786769
v -0.19373679 -0.08462670 0.17693221
v -0.19373679 -0.08462670 0.17693221
v -0.19630699 -0.08214942 0.17786769
v -0.19295509 -0.08553132 0.17664769
v -0.19373679 -0.08462670 0.17693221
v -0.19295509 -0.08553132 0.17664769
v -0.19227181 -0.08603510 0.17639900
v -0.19630699 -0.08214942 0.17786769
v -0.19659302 -0.08172563 0.17797179
v -0.19957000 -0.07857977 0.17905533
v -0.19957000 -0.07857977 0.17905533
v -0.19659302 -0.08172563 0.17797179
v -0.19798330 -0.08023395 0.17847782
v -0.19957000 -0.07857977 0.17905533
v -0.19798330 -0.08023395 0.17847782
v -0.19934774 -0.07871547 0.17897443
v -0.20199730 -0.07560023 0.17993879
v -0.20273009 -0.07482290 0.18020550
v -0.20068589 -0.07717073 0.17946147
v -0.20068589 -0.07717073 0.17946147
v -0.20273009 -0.07482290 0.18020550
v -0.19957000 -0.07857977 0.17905533
v -0.20068589 -0.07717073 0.17946147
v -0.19957000 -0.07857977 0.17905533
v -0.19934774 -0.07871547 0.17897443
v -0.20273009 -0.07482290 0.18020550
v -0.20328152 -0.07400449 0.18040621
v -0.20577307 -0.07088021 0.18131305
v -0.20577307 -0.07088021 0.18131305
v -0.20328152 -0.07400449 0.18040621
v -0.20453814 -0.07238406 0.18086357
v -0.20577307 -0.07088021 0.18131305
v -0.20453814 -0.07238406 0.18086357
v -0.20576674 -0.07073947 0.18131075
v -0.20813821 -0.06738001 0.18217389
v -0.20868442 -0.06675391 0.18237270
v -0.20696688 -0.06907126 0.18174758
v -0.20696688 -0.06907126 0.18174758
v -0.20868442 -0.06675391 0.18237270
v -0.20577307 -0.07088021 0.18131305
v -0.20696688 -0.06907126 0.18174758
v -0.20577307 -0.07088021 0.18131305
v -0.20576674 -0.07073947 0.18131075
v -0.21039277 -0.06393059 0.18299449
v -0.21144949 -0.06244710 0.18337911
v -0.20928030 -0.06566627 0.18258958
v -0.20928030 -0.06566627 0.18258958
v -0.21144949 -0.06244710 0.18337911
v -0.20868442 -0.06675391 0.18237270
v -0.20928030 -0.06566627 0.18258958
v -0.20868442 -0.06675391 0.18237270
v -0.20813821 -0.06738001 0.18217389
v -0.21144949 -0.06244710 0.18337911
v -0.21147525 -0.06217359 0.18338850
v -0.21380840 -0.05840609 0.18423768
v -0.21380840 -0.05840609 0.18423768
v -0.21147525 -0.06217359 0.18338850
v -0.21252741 -0.06039584 0.18377144
v -0.21380840 -0.05840609 0.18423768
v -0.21252741 -0.06039584 0.18377144
v -0.21354887 -0.05859793 0.18414322
v -0.21380840 -0.05840609 0.18423768
v -0.21354887 -0.05859793 0.18414322
v -0.21602480 -0.05422489 0.18504439
v -0.21602480 -0.05422489 0.18504439
v -0.21354887 -0.05859793 0.18414322
v -0.21453931 -0.05678046 0.18450371
v -0.21602480 -0.05422489 0.18504439
v -0.21453931 -0.05678046 0.18450371
v -0.21549836 -0.05494404 0.18485277
v -0.21732110 -0.05121680 0.18551619
v -0.21808733 -0.04990822 0.18579509
v -0.21642573 -0.05308927 0.18519031
v -0.21642573 -0.05308927 0.18519031
v -0.21808733 -0.04990822 0.18579509
v -0.21602480 -0.05422489 0.18504439
v -0.21642573 -0.05308927 0.18519031
v -0.21602480 -0.05422489 0.18504439
v -0.21549836 -0.05494404 0.18485277
v -0.21808733 -0.04990822 0.18579509
v -0.21818419 -0.04932722 0.18583033
v -0.21998456 -0.04546181 0.18648561
v -0.21998456 -0.04546181 0.18648561
v -0.21818419 -0.04932722 0.18583033
v -0.21901469 -0.04742118 0.18613262
v -0.21998456 -0.04546181 0.18648561
v -0.21901469 -0.04742118 0.18613262
v -0.21981232 -0.04549932 0.18642292
v -0.21998456 -0.04546181 0.18648561
v -0.21981232 -0.04549932 0.18642292
v -0.22170496 -0.04089240 0.18711179
v -0.22170496 -0.04089240 0.18711179
v -0.21981232 -0.04549932 0.18642292
v -0.22057685 -0.04356227 0.18670119
v -0.22170496 -0.04089240 0.18711179
v -0.22057685 -0.04356227 0.18670119
v -0.22130798 -0.04161067 0.18696731
v -0.22266916 -0.03766648 0.18746273
v -0.22323713 -0.03620787 0.18766945
v -0.22200549 -0.03964519 0.18722118
v -0.22200549 -0.03964519 0.18722118
v -0.22323713 -0.03620787 0.18766945
v -0.22170496 -0.04089240 0.18711179
v -0.22200549 -0.03964519 0.18722118
v -0.22170496 -0.04089240 0.18711179
v -0.22130798 -0.04161067 0.18696731
v -0.22323713 -0.03620787 0.18766945
v -0.22329872 -0.03567520 0.18769186
v -0.22384392 -0.03413867 0.18789030
v -0.22384392 -0.03413867 0.18789030
v -0.22329872 -0.03567520 0.18769186
v -0.22389400 -0.03367200 0.18790854
v -0.22384392 -0.03413867 0.18789030
v -0.22389400 -0.03367200 0.18790854
v -0.22441524 -0.03205808 0.18809826
v -0.22441524 -0.03205808 0.18809826
v -0.22389400 -0.03367200 0.18790854
v -0.22445481 -0.03165758 0.18811266
v -0.22441524 -0.03205808 0.18809826
v -0.22445481 -0.03165758 0.18811266
v -0.22495087 -0.02996676 0.18829320
v -0.22495087 -0.02996676 0.18829320
v -0.22445481 -0.03165758 0.18811266
v -0.22498094 -0.02963258 0.18830414
v -0.22495087 -0.02996676 0.18829320
v -0.22498094 -0.02963258 0.18830414
v -0.22545055 -0.02786540 0.18847507
v -0.22545055 -0.02786540 0.18847507
v -0.22498094 -0.02963258 0.18830414
v -0.22547221 -0.02759769 0.18848296
v -0.22545055 -0.02786540 0.18847507
v -0.22547221 -0.02759769 0.18848296
v -0.22591406 -0.02575467 0.18864378
v -0.22591406 -0.02575467 0.18864378
v -0.22547221 -0.02759769 0.18848296
v -0.22592846 -0.02555360 0.18864902
v -0.22591406 -0.02575467 0.18864378
v -0.22592846 -0.02555360 0.18864902
v -0.22634121 -0.02363527 0.18879924
v -0.22634121 -0.02363527 0.18879924
v -0.22592846 -0.02555360 0.18864902
v -0.22634955 -0.02350097 0.18880228
v -0.22634121 -0.02363527 0.18879924
v -0.22634955 -0.02350097 0.18880228
v -0.22673178 -0.02150790 0.18894141
v -0.17527638 -0.09955253 0.17021318
v -0.17877206 -0.09730818 0.17148549
v -0.17392670 -0.10056979 0.16972192
v -0.17527638 -0.09955253 0.17021318
v -0.17392670 -0.10056979 0.16972192
v -0.16898771 -0.10356316 0.16792429
v -0.17527638 -0.09955253 0.17021318
v -0.16898771 -0.10356316 0.16792429
v -0.16408087 -0.10623486 0.16613833
v -0.17527638 -0.09955253 0.17021318
v -0.16408087 -0.10623486 0.16613833
v -0.16021010 -0.10814556 0.16472950
v -0.17527638 -0.09955253 0.17021318
v -0.16021010 -0.10814556 0.16472950
v -0.15640162 -0.10986651 0.16334331
v -0.19517736 -0.08319005 0.17745654
v -0.19659302 -0.08172563 0.17797179
v -0.19630699 -0.08214942 0.17786769
v -0.20199730 -0.07560023 0.17993879
v -0.20328152 -0.07400449 0.18040621
v -0.20273009 -0.07482290 0.18020550
v -0.21039277 -0.06393059 0.18299449
v -0.21147525 -0.06217359 0.18338850
v -0.21144949 -0.06244710 0.18337911
v -0.21732110 -0.05121680 0.18551619
v -0.21818419 -0.04932722 0.18583033
v -0.21808733 -0.04990822 0.18579509
v -0.22323713 -0.03620787 0.18766945
v -0.22266916 -0.03766648 0.18746273
v -0.22329872 -0.03567520 0.18769186
v -0.22634955 -0.02350097 0.18880228
v -0.22673533 -0.02144050 0.18894270
v -0.22673178 -0.02150790 0.18894141
v -0.22708570 -0.01937287 0.18907020
v -0.22673178 -0.02150790 0.18894141
v -0.22673533 -0.02144050 0.18894270
v -0.25500009 -0.11538462 0.13815353
v -0.25500009 -0.12472719 0.12782305
v -0.23772970 -0.11418207 0.13807317
v -0.25500009 -0.12472719 0.12782305
v -0.23664626 -0.12252741 0.12905220
v -0.23772970 -0.11418207 0.13807317
v -0.25500009 -0.12472719 0.12782305
v -0.25500009 -0.13004918 0.11759972
v -0.23664626 -0.12252741 0.12905220
v -0.25500009 -0.13004918 0.11759972
v -0.23592082 -0.12843379 0.11824549
v -0.23664626 -0.12252741 0.12905220
v -0.25500009 -0.13004918 0.11759972
v -0.25500009 -0.13288890 0.10642940
v -0.23592082 -0.12843379 0.11824549
v -0.25500009 -0.13288890 0.10642940
v -0.23209185 -0.13100722 0.10626394
v -0.23592082 -0.12843379 0.11824549
v -0.23772970 -0.11418207 0.13807317
v -0.23664626 -0.12252741 0.12905220
v -0.23245296 -0.11332788 0.13801604
v -0.23664626 -0.12252741 0.12905220
v -0.23193525 -0.12084702 0.13023121
v -0.23245296 -0.11332788 0.13801604
v -0.23664626 -0.12252741 0.12905220
v -0.23592082 -0.12843379 0.11824549
v -0.23193525 -0.12084702 0.13023121
v -0.23592082 -0.12843379 0.11824549
v -0.23174136 -0.12433752 0.12511148
v -0.23193525 -0.12084702 0.13023121
v -0.23592082 -0.12843379 0.11824549
v -0.23166599 -0.12729362 0.11933819
v -0.23174136 -0.12433752 0.12511148
v -0.23209185 -0.13100722 0.10626394
v -0.23190521 -0.13043068 0.10950046
v -0.23592082 -0.12843379 0.11824549
v -0.23190521 -0.13043068 0.10950046
v -0.23166599 -0.12729362 0.11933819
v -0.23592082 -0.12843379 0.11824549
v -0.22606674 -0.11225823 0.13671338
v -0.22606466 -0.11013941 0.13842580
v -0.23245296 -0.11332788 0.13801604
v -0.22606466 -0.11013941 0.13842580
v -0.23244943 -0.10902473 0.14143934
v -0.23245296 -0.11332788 0.13801604
v -0.22606466 -0.11013941 0.13842580
v -0.22585141 -0.09484895 0.14921332
v -0.23244943 -0.10902473 0.14143934
v -0.22585141 -0.09484895 0.14921332
v -0.23244943 -0.09320465 0.15232981
v -0.23244943 -0.10902473 0.14143934
v -0.22585141 -0.09484895 0.14921332
v -0.22887625 -0.08515316 0.15615419
v -0.23244943 -0.09320465 0.15232981
v -0.22887625 -0.08515316 0.15615419
v -0.23244943 -0.07629859 0.16146208
v -0.23244943 -0.09320465 0.15232981
v -0.22887625 -0.08515316 0.15615419
v -0.23244943 -0.07234014 0.16327395
v -0.23244943 -0.07629859 0.16146208
v -0.22034465 -0.11016478 0.13416389
v -0.22191409 -0.10609904 0.13880677
v -0.22606674 -0.11225823 0.13671338
v -0.22191409 -0.10609904 0.13880677
v -0.22606466 -0.11013941 0.13842580
v -0.22606674 -0.11225823 0.13671338
v -0.22191409 -0.10609904 0.13880677
v -0.22585141 -0.09484895 0.14921332
v -0.22606466 -0.11013941 0.13842580
v 0.09757408 -0.09873793 0.07303206
v 0.08071602 -0.11244711 0.07916789
v 0.07875025 -0.11324505 0.07775502
v 0.09757408 -0.09873793 0.07303206
v 0.07875025 -0.11324505 0.07775502
v 0.08471655 -0.10896253 0.07558346
v 0.09757408 -0.09873793 0.07303206
v 0.08471655 -0.10896253 0.07558346
v 0.08651217 -0.10758056 0.07492991
v 0.09757408 -0.09873793 0.07303206
v 0.08651217 -0.10758056 0.07492991
v 0.08828755 -0.10616931 0.07428373
v 0.09757408 -0.09873793 0.07303206
v 0.08828755 -0.10616931 0.07428373
v 0.09004228 -0.10472911 0.07364505
v 0.09757408 -0.09873793 0.07303206
v 0.09004228 -0.10472911 0.07364505
v 0.09177596 -0.10326029 0.07301405
v 0.09757408 -0.09873793 0.07303206
v 0.09177596 -0.10326029 0.07301405
v 0.09348814 -0.10176322 0.07239086
v 0.09757408 -0.09873793 0.07303206
v 0.09348814 -0.10176322 0.07239086
v 0.09517844 -0.10023824 0.07177564
v 0.09757408 -0.09873793 0.07303206
v 0.09517844 -0.10023824 0.07177564
v 0.09684645 -0.09868572 0.07116853
v 0.02151661 -0.13596110 0.10071472
v 0.00034057 -0.13735908 0.10842217
v -0.00034269 -0.13728924 0.10654250
v 0.02151661 -0.13596110 0.10071472
v -0.00034269 -0.13728924 0.10654250
v 0.00643241 -0.13720486 0.10407656
v 0.02151661 -0.13596110 0.10071472
v 0.00643241 -0.13720486 0.10407656
v 0.01319625 -0.13678089 0.10161473
v 0.02151661 -0.13596110 0.10071472
v 0.01319625 -0.13678089 0.10161473
v 0.01993381 -0.13601828 0.09916246
v 0.02151661 -0.13596110 0.10071472
v 0.01993381 -0.13601828 0.09916246
v 0.02663013 -0.13491869 0.09672519
v 0.02151661 -0.13596110 0.10071472
v 0.02663013 -0.13491869 0.09672519
v 0.04226904 -0.13126338 0.09316145
v 0.06214633 -0.12336811 0.08592671
v 0.04226904 -0.13126338 0.09316145
v 0.03983966 -0.13171917 0.09191731
v 0.06214633 -0.12336811 0.08592671
v 0.03983966 -0.13171917 0.09191731
v 0.04632400 -0.12962618 0.08955720
v 0.06214633 -0.12336811 0.08592671
v 0.04632400 -0.12962618 0.08955720
v 0.04632542 -0.12962568 0.08955670
v 0.06214633 -0.12336811 0.08592671
v 0.04632542 -0.12962568 0.08955670
v 0.05310260 -0.12704930 0.08709000
v 0.06214633 -0.12336811 0.08592671
v 0.05310260 -0.12704930 0.08709000
v 0.05975013 -0.12411527 0.08467049
v 0.06214633 -0.12336811 0.08592671
v 0.05975013 -0.12411527 0.08467049
v 0.06625138 -0.12083092 0.08230423
v 0.06214633 -0.12336811 0.08592671
v 0.06625138 -0.12083092 0.08230423
v 0.08071602 -0.11244711 0.07916789
v 0.04226904 -0.13126338 0.09316145
v 0.02663013 -0.13491869 0.09672519
v 0.03327033 -0.13348460 0.09430836
v 0.04226904 -0.13126338 0.09316145
v 0.03327033 -0.13348460 0.09430836
v 0.03983966 -0.13171917 0.09191731
v 0.08071602 -0.11244711 0.07916789
v 0.06625138 -0.12083092 0.08230423
v 0.07259005 -0.11720448 0.07999715
v 0.08071602 -0.11244711 0.07916789
v 0.07259005 -0.11720448 0.07999715
v 0.07875025 -0.11324505 0.07775502
v -0.01397081 -0.09676275 0.22224340
v -0.02481411 -0.11625126 0.17171694
v -0.00516171 -0.09629720 0.21920210
v -0.02481411 -0.11625126 0.17171694
v -0.00824548 -0.10962052 0.18415241
v -0.00516171 -0.09629720 0.21920210
v -0.02481411 -0.11625126 0.17171694
v -0.03559095 -0.13562033 0.12150017
v -0.00824548 -0.10962052 0.18415241
v -0.03559095 -0.13562033 0.12150017
v -0.01763891 -0.13681072 0.11496616
v -0.00824548 -0.10962052 0.18415241
v 0.00359943 -0.09493198 0.21626189
v -0.00824548 -0.10962052 0.18415241
v 0.00349768 -0.11579160 0.16166798
v 0.00359943 -0.09493198 0.21626189
v -0.00516171 -0.09629720 0.21920210
v -0.00824548 -0.10962052 0.18415241
v 0.00687230 -0.09418048 0.21517102
v 0.00359943 -0.09493198 0.21626189
v 0.00349768 -0.11579160 0.16166798
v -0.01763891 -0.13681072 0.11496616
v 0.00349768 -0.11579160 0.16166798
v -0.00824548 -0.10962052 0.18415241
v 0.00034057 -0.13735908 0.10842217
v 0.00349768 -0.11579160 0.16166798
v -0.01763891 -0.13681072 0.11496616
v -0.04261956 -0.09197144 0.23276633
v -0.04862956 -0.08962274 0.23507349
v -0.06657143 -0.11048134 0.18735343
v -0.04862956 -0.08962274 0.23507349
v -0.06665140 -0.09716181 0.21480502
v -0.06657143 -0.11048134 0.18735343
v -0.04862956 -0.08962274 0.23507349
v -0.05443521 -0.08683533 0.23733056
v -0.06665140 -0.09716181 0.21480502
v -0.01397081 -0.09676275 0.22224340
v -0.02380863 -0.09623040 0.22576261
v -0.02481411 -0.11625126 0.17171694
v -0.02380863 -0.09623040 0.22576261
v -0.03873244 -0.11513533 0.17722086
v -0.02481411 -0.11625126 0.17171694
v -0.02380863 -0.09623040 0.22576261
v -0.03645859 -0.09385981 0.23043475
v -0.03873244 -0.11513533 0.17722086
v -0.03645859 -0.09385981 0.23043475
v -0.05271231 -0.11328256 0.18230912
v -0.03873244 -0.11513533 0.17722086
v -0.03645859 -0.09385981 0.23043475
v -0.06657143 -0.11048134 0.18735343
v -0.05271231 -0.11328256 0.18230912
v -0.02481411 -0.11625126 0.17171694
v -0.03873244 -0.11513533 0.17722086
v -0.03559095 -0.13562033 0.12150017
v -0.03873244 -0.11513533 0.17722086
v -0.07175837 -0.13125247 0.13466404
v -0.03559095 -0.13562033 0.12150017
v -0.03873244 -0.11513533 0.17722086
v -0.05271231 -0.11328256 0.18230912
v -0.07175837 -0.13125247 0.13466404
v -0.12462882 -0.10552553 0.18115883
v -0.10409788 -0.10805621 0.18278431
v -0.10650260 -0.09599058 0.20188719
v -0.10409788 -0.10805621 0.18278431
v -0.08304296 -0.09546546 0.21162020
v -0.10650260 -0.09599058 0.20188719
v -0.10409788 -0.10805621 0.18278431
v -0.08021663 -0.10668697 0.19231989
v -0.08304296 -0.09546546 0.21162020
v -0.08021663 -0.10668697 0.19231989
v -0.06665140 -0.09716181 0.21480502
v -0.08304296 -0.09546546 0.21162020
v -0.08021663 -0.10668697 0.19231989
v -0.06657143 -0.11048134 0.18735343
v -0.06665140 -0.09716181 0.21480502
v -0.14284120 -0.11473797 0.16053608
v -0.10756355 -0.12428096 0.14769606
v -0.10409788 -0.10805621 0.18278431
v -0.14284120 -0.11473797 0.16053608
v -0.10409788 -0.10805621 0.18278431
v -0.12462882 -0.10552553 0.18115883
v -0.06539091 -0.07997131 0.24165634
v -0.08304296 -0.09546546 0.21162020
v -0.06003165 -0.08361309 0.23953021
v -0.08304296 -0.09546546 0.21162020
v -0.06539091 -0.07997131 0.24165634
v -0.10650260 -0.09599058 0.20188719
v -0.06665140 -0.09716181 0.21480502
v -0.05443521 -0.08683533 0.23733056
v -0.08304296 -0.09546546 0.21162020
v -0.06657143 -0.11048134 0.18735343
v -0.10756355 -0.12428096 0.14769606
v -0.07175837 -0.13125247 0.13466404
v -0.06657143 -0.11048134 0.18735343
v -0.08021663 -0.10668697 0.19231989
v -0.10756355 -0.12428096 0.14769606
v -0.07048622 -0.07592810 0.24369379
v -0.10650260 -0.09599058 0.20188719
v -0.06539091 -0.07997131 0.24165634
v -0.08304296 -0.09546546 0.21162020
v -0.05443521 -0.08683533 0.23733056
v -0.06003165 -0.08361309 0.23953021
v -0.10756355 -0.12428096 0.14769606
v -0.08021663 -0.10668697 0.19231989
v -0.10409788 -0.10805621 0.18278431
v -0.06657143 -0.11048134 0.18735343
v -0.03645859 -0.09385981 0.23043475
v -0.04261956 -0.09197144 0.23276633
v -0.07175837 -0.13125247 0.13466404
v -0.05271231 -0.11328256 0.18230912
v -0.06657143 -0.11048134 0.18735343
v -0.18683502 -0.09828216 0.14886393
v -0.19089386 -0.09717885 0.14586591
v -0.18174538 -0.10172812 0.13988774
v -0.19089386 -0.09717885 0.14586591
v -0.19016731 -0.09942673 0.13800242
v -0.18174538 -0.10172812 0.13988774
v -0.19089386 -0.09717885 0.14586591
v -0.19522566 -0.09684858 0.14307194
v -0.19016731 -0.09942673 0.13800242
v -0.21317290 -0.11159126 0.12352975
v -0.21250281 -0.10721377 0.12957952
v -0.21658391 -0.11588133 0.12296595
v -0.21250281 -0.10721377 0.12957952
v -0.21773428 -0.11430843 0.12691731
v -0.21658391 -0.11588133 0.12296595
v -0.21250281 -0.10721377 0.12957952
v -0.21684343 -0.10638066 0.13448232
v -0.21773428 -0.11430843 0.12691731
v -0.21684343 -0.10638066 0.13448232
v -0.22034465 -0.11016478 0.13416389
v -0.21773428 -0.11430843 0.12691731
v -0.21292092 -0.10312340 0.13530936
v -0.21250281 -0.10721377 0.12957952
v -0.20868211 -0.10048014 0.13662290
v -0.21250281 -0.10721377 0.12957952
v -0.20554802 -0.10260296 0.13152768
v -0.20868211 -0.10048014 0.13662290
v -0.21250281 -0.10721377 0.12957952
v -0.20917400 -0.10791039 0.12443392
v -0.20554802 -0.10260296 0.13152768
v -0.20917400 -0.10791039 0.12443392
v -0.20469688 -0.10493968 0.12565369
v -0.20554802 -0.10260296 0.13152768
v -0.19971452 -0.09730020 0.14055680
v -0.19792571 -0.09994552 0.13440210
v -0.19522566 -0.09684858 0.14307194
v -0.19792571 -0.09994552 0.13440210
v -0.19016731 -0.09942673 0.13800242
v -0.19522566 -0.09684858 0.14307194
v -0.19792571 -0.09994552 0.13440210
v -0.19480890 -0.10143290 0.12889839
v -0.19016731 -0.09942673 0.13800242
v -0.19480890 -0.10143290 0.12889839
v -0.18966925 -0.10099301 0.13083435
v -0.19016731 -0.09942673 0.13800242
v -0.18174538 -0.10172812 0.13988774
v -0.19016731 -0.09942673 0.13800242
v -0.18458633 -0.10145300 0.13291033
v -0.21317290 -0.11159126 0.12352975
v -0.20917400 -0.10791039 0.12443392
v -0.21250281 -0.10721377 0.12957952
v -0.19986435 -0.10276061 0.12715558
v -0.20554802 -0.10260296 0.13152768
v -0.20469688 -0.10493968 0.12565369
v -0.20554802 -0.10260296 0.13152768
v -0.19986435 -0.10276061 0.12715558
v -0.19792571 -0.09994552 0.13440210
v -0.19986435 -0.10276061 0.12715558
v -0.19480890 -0.10143290 0.12889839
v -0.19792571 -0.09994552 0.13440210
v -0.18458633 -0.10145300 0.13291033
v -0.19016731 -0.09942673 0.13800242
v -0.18966925 -0.10099301 0.13083435
v -0.17969953 -0.10280024 0.13506942
v -0.18174538 -0.10172812 0.13988774
v -0.18458633 -0.10145300 0.13291033
v -0.21684343 -0.10638066 0.13448232
v -0.21250281 -0.10721377 0.12957952
v -0.21292092 -0.10312340 0.13530936
v -0.20554802 -0.10260296 0.13152768
v -0.20424037 -0.09852161 0.13838779
v -0.20868211 -0.10048014 0.13662290
v -0.20554802 -0.10260296 0.13152768
v -0.19792571 -0.09994552 0.13440210
v -0.20424037 -0.09852161 0.13838779
v -0.20424037 -0.09852161 0.13838779
v -0.19792571 -0.09994552 0.13440210
v -0.19971452 -0.09730020 0.14055680
v -0.14350693 -0.11467091 0.15865003
v -0.15640162 -0.10986651 0.16334331
v -0.14396723 -0.11448104 0.15881756
v -0.14350693 -0.11467091 0.15865003
v -0.14396723 -0.11448104 0.15881756
v -0.12378740 -0.12033970 0.15147270
v -0.04216558 -0.13501899 0.12176479
v -0.08324304 -0.12935992 0.13671577
v -0.08325561 -0.12938873 0.13672034
v -0.12378740 -0.12033970 0.15147270
v -0.08325561 -0.12938873 0.13672034
v -0.08324304 -0.12935992 0.13671577
v 0.03983966 -0.13171917 0.09191731
v 0.03327033 -0.13348460 0.09430836
v 0.04014397 -0.13160969 0.09180656
v 0.03327033 -0.13348460 0.09430836
v 0.03388775 -0.13329615 0.09408363
v 0.04014397 -0.13160969 0.09180656
v 0.03327033 -0.13348460 0.09430836
v 0.02663013 -0.13491869 0.09672519
v 0.03388775 -0.13329615 0.09408363
v 0.02663013 -0.13491869 0.09672519
v 0.02756821 -0.13468359 0.09638376
v 0.03388775 -0.13329615 0.09408363
v 0.02663013 -0.13491869 0.09672519
v 0.01993381 -0.13601828 0.09916246
v 0.02756821 -0.13468359 0.09638376
v 0.01993381 -0.13601828 0.09916246
v 0.02072427 -0.13583907 0.09887475
v 0.02756821 -0.13468359 0.09638376
v 0.01993381 -0.13601828 0.09916246
v 0.01319625 -0.13678089 0.10161473
v 0.02072427 -0.13583907 0.09887475
v 0.01319625 -0.13678089 0.10161473
v 0.01383777 -0.13664638 0.10138123
v 0.02072427 -0.13583907 0.09887475
v 0.01319625 -0.13678089 0.10161473
v 0.00643241 -0.13720486 0.10407656
v 0.01383777 -0.13664638 0.10138123
v 0.00643241 -0.13720486 0.10407656
v 0.00692443 -0.13710460 0.10389748
v 0.01383777 -0.13664638 0.10138123
v 0.00643241 -0.13720486 0.10407656
v -0.00034269 -0.13728924 0.10654250
v 0.00692443 -0.13710460 0.10389748
v -0.00034269 -0.13728924 0.10654250
v -0.00000006 -0.13721335 0.10641779
v 0.00692443 -0.13710460 0.10389748
v -0.00034269 -0.13728924 0.10654250
v -0.04216256 -0.13501927 0.12176369
v -0.00000006 -0.13721335 0.10641779
v 0.04632400 -0.12962618 0.08955720
v 0.03983966 -0.13171917 0.09191731
v 0.04014397 -0.13160969 0.09180656
v 0.09882431 0.09916525 -0.00000001
v 0.09747259 0.09788971 0.07094063
v 0.11309207 0.08252377 -0.00000001
v 0.11309207 0.08252377 -0.00000001
v 0.09747259 0.09788971 0.07094063
v 0.10885489 0.08522850 0.06679782
v 0.11309207 0.08252377 -0.00000001
v 0.10885489 0.08522850 0.06679782
v 0.11923759 0.07016447 0.06301883
v 0.02072427 -0.13583907 0.09887475
v 0.02169441 -0.13830891 -0.00000000
v 0.02756821 -0.13468359 0.09638376
v 0.02756821 -0.13468359 0.09638376
v 0.02169441 -0.13830891 -0.00000000
v 0.04286478 -0.13327643 -0.00000000
v 0.02756821 -0.13468359 0.09638376
v 0.04286478 -0.13327643 -0.00000000
v 0.03388775 -0.13329615 0.09408363
v 0.12442528 -0.06337809 0.01386911
v 0.12502416 -0.06299958 -0.00000001
v 0.13332550 -0.04271183 -0.00000001
v 0.12442528 -0.06337809 0.01386911
v 0.13332550 -0.04271183 -0.00000001
v 0.12587319 -0.05756819 0.06060366
v 0.12442528 -0.06337809 0.01386911
v 0.12587319 -0.05756819 0.06060366
v 0.12492181 -0.05958347 0.06094994
v 0.12442528 -0.06337809 0.01386911
v 0.12492181 -0.05958347 0.06094994
v 0.12393866 -0.06158135 0.06130778
v 0.12442528 -0.06337809 0.01386911
v 0.12393866 -0.06158135 0.06130778
v 0.12292412 -0.06356131 0.06167704
v 0.12442528 -0.06337809 0.01386911
v 0.12292412 -0.06356131 0.06167704
v 0.12185014 -0.06557506 0.06206793
v 0.12442528 -0.06337809 0.01386911
v 0.12185014 -0.06557506 0.06206793
v 0.12074386 -0.06756884 0.06247059
v 0.12442528 -0.06337809 0.01386911
v 0.12074386 -0.06756884 0.06247059
v 0.11960569 -0.06954211 0.06288485
v 0.12442528 -0.06337809 0.01386911
v 0.11960569 -0.06954211 0.06288485
v 0.11843605 -0.07149436 0.06331056
v 0.12442528 -0.06337809 0.01386911
v 0.11843605 -0.07149436 0.06331056
v 0.11723537 -0.07342508 0.06374757
v 0.12442528 -0.06337809 0.01386911
v 0.11723537 -0.07342508 0.06374757
v 0.11600411 -0.07533377 0.06419572
v 0.12442528 -0.06337809 0.01386911
v 0.11600411 -0.07533377 0.06419572
v 0.11474269 -0.07721993 0.06465484
v 0.12442528 -0.06337809 0.01386911
v 0.11474269 -0.07721993 0.06465484
v 0.11438374 -0.08009239 0.01386911
v 0.06337803 -0.12442533 0.01386911
v 0.08009234 -0.11438379 0.01386911
v 0.06420308 -0.12195804 0.08304975
v 0.06337803 -0.12442533 0.01386911
v 0.06420308 -0.12195804 0.08304975
v 0.05835388 -0.12480088 0.08517869
v 0.06337803 -0.12442533 0.01386911
v 0.05835388 -0.12480088 0.08517869
v 0.05239033 -0.12735789 0.08734924
v 0.06337803 -0.12442533 0.01386911
v 0.05239033 -0.12735789 0.08734924
v 0.04632542 -0.12962568 0.08955670
v 0.06337803 -0.12442533 0.01386911
v 0.04632542 -0.12962568 0.08955670
v 0.04286478 -0.13327643 -0.00000000
v 0.06337803 -0.12442533 0.01386911
v 0.04286478 -0.13327643 -0.00000000
v 0.06299958 -0.12502418 -0.00000000
v 0.02185315 0.13828391 -0.00000000
v -0.00000005 0.13721335 0.10641779
v 0.00457569 0.13718067 0.10475235
v 0.02185315 0.13828391 -0.00000000
v 0.00457569 0.13718067 0.10475235
v 0.00686289 0.13710710 0.10391988
v 0.02185315 0.13828391 -0.00000000
v 0.00686289 0.13710710 0.10391988
v 0.00914890 0.13699540 0.10308784
v 0.02185315 0.13828391 -0.00000000
v 0.00914890 0.13699540 0.10308784
v 0.01143315 0.13684554 0.10225645
v 0.02185315 0.13828391 -0.00000000
v 0.01143315 0.13684554 0.10225645
v 0.01371507 0.13665757 0.10142589
v 0.02185315 0.13828391 -0.00000000
v 0.01371507 0.13665757 0.10142589
v 0.01599410 0.13643149 0.10059639
v 0.02185315 0.13828391 -0.00000000
v 0.01599410 0.13643149 0.10059639
v 0.01826967 0.13616732 0.09976815
v 0.02185315 0.13828391 -0.00000000
v 0.01826967 0.13616732 0.09976815
v 0.02054122 0.13586511 0.09894137
v 0.02185315 0.13828391 -0.00000000
v 0.02054122 0.13586511 0.09894137
v 0.02280818 0.13552488 0.09811628
v 0.02185315 0.13828391 -0.00000000
v 0.02280818 0.13552488 0.09811628
v 0.04317061 0.13317768 -0.00000000
v 0.04317061 0.13317768 -0.00000000
v 0.02280818 0.13552488 0.09811628
v 0.02506996 0.13514669 0.09729305
v 0.04317061 0.13317768 -0.00000000
v 0.02506996 0.13514669 0.09729305
v 0.02732601 0.13473059 0.09647191
v 0.04317061 0.13317768 -0.00000000
v 0.02732601 0.13473059 0.09647191
v 0.02957576 0.13427663 0.09565307
v 0.04317061 0.13317768 -0.00000000
v 0.02957576 0.13427663 0.09565307
v 0.03181862 0.13378488 0.09483674
v 0.04317061 0.13317768 -0.00000000
v 0.03181862 0.13378488 0.09483674
v 0.03405402 0.13325539 0.09402312
v 0.04317061 0.13317768 -0.00000000
v 0.03405402 0.13325539 0.09402312
v 0.03628140 0.13268827 0.09321241
v 0.04317061 0.13317768 -0.00000000
v 0.03628140 0.13268827 0.09321241
v 0.03850017 0.13208358 0.09240485
v 0.04317061 0.13317768 -0.00000000
v 0.03850017 0.13208358 0.09240485
v 0.04070977 0.13144141 0.09160062
v 0.04317061 0.13317768 -0.00000000
v 0.04070977 0.13144141 0.09160062
v 0.04290960 0.13076186 0.09079995
v 0.04317061 0.13317768 -0.00000000
v 0.04290960 0.13076186 0.09079995
v 0.04502385 0.13007036 0.09003043
v 0.04317061 0.13317768 -0.00000000
v 0.04502385 0.13007036 0.09003043
v 0.06342972 0.12480651 -0.00000000
v 0.06342972 0.12480651 -0.00000000
v 0.04502385 0.13007036 0.09003043
v 0.04509911 0.13004506 0.09000303
v 0.06342972 0.12480651 -0.00000000
v 0.04509911 0.13004506 0.09000303
v 0.04632354 0.12962633 0.08955737
v 0.06342972 0.12480651 -0.00000000
v 0.04632354 0.12962633 0.08955737
v 0.04842291 0.12887819 0.08879327
v 0.06342972 0.12480651 -0.00000000
v 0.04842291 0.12887819 0.08879327
v 0.05051126 0.12809551 0.08803317
v 0.06342972 0.12480651 -0.00000000
v 0.05051126 0.12809551 0.08803317
v 0.05258808 0.12727840 0.08727727
v 0.06342972 0.12480651 -0.00000000
v 0.05258808 0.12727840 0.08727727
v 0.05465283 0.12642699 0.08652576
v 0.06342972 0.12480651 -0.00000000
v 0.05465283 0.12642699 0.08652576
v 0.05670500 0.12554142 0.08577883
v 0.06342972 0.12480651 -0.00000000
v 0.05670500 0.12554142 0.08577883
v 0.05874403 0.12462182 0.08503669
v 0.06342972 0.12480651 -0.00000000
v 0.05874403 0.12462182 0.08503669
v 0.06076941 0.12366834 0.08429951
v 0.06342972 0.12480651 -0.00000000
v 0.06076941 0.12366834 0.08429951
v 0.06278061 0.12268111 0.08356749
v 0.06342972 0.12480651 -0.00000000
v 0.06278061 0.12268111 0.08356749
v 0.06477709 0.12166033 0.08284083
v 0.06342972 0.12480651 -0.00000000
v 0.06477709 0.12166033 0.08284083
v 0.06675830 0.12060614 0.08211973
v 0.06342972 0.12480651 -0.00000000
v 0.06675830 0.12060614 0.08211973
v 0.08213380 0.11337563 -0.00000000
v 0.08213380 0.11337563 -0.00000000
v 0.06675830 0.12060614 0.08211973
v 0.06872372 0.11951873 0.08140438
v 0.08213380 0.11337563 -0.00000000
v 0.06872372 0.11951873 0.08140438
v 0.07067280 0.11839829 0.08069497
v 0.08213380 0.11337563 -0.00000000
v 0.07067280 0.11839829 0.08069497
v 0.07260502 0.11724500 0.07999170
v 0.08213380 0.11337563 -0.00000000
v 0.07260502 0.11724500 0.07999170
v 0.07451984 0.11605906 0.07929476
v 0.08213380 0.11337563 -0.00000000
v 0.07451984 0.11605906 0.07929476
v 0.07641671 0.11484069 0.07860436
v 0.08213380 0.11337563 -0.00000000
v 0.07641671 0.11484069 0.07860436
v 0.07829510 0.11359012 0.07792068
v 0.08213380 0.11337563 -0.00000000
v 0.07829510 0.11359012 0.07792068
v 0.08015447 0.11230757 0.07724392
v 0.08213380 0.11337563 -0.00000000
v 0.08015447 0.11230757 0.07724392
v 0.08199427 0.11099327 0.07657429
v 0.08213380 0.11337563 -0.00000000
v 0.08199427 0.11099327 0.07657429
v 0.08336139 0.10998655 0.07607670
v 0.08213380 0.11337563 -0.00000000
v 0.08336139 0.10998655 0.07607670
v 0.08471697 0.10896222 0.07558331
v 0.08213380 0.11337563 -0.00000000
v 0.08471697 0.10896222 0.07558331
v 0.09747259 0.09788971 0.07094063
v 0.08213380 0.11337563 -0.00000000
v 0.09747259 0.09788971 0.07094063
v 0.09882431 0.09916525 -0.00000001
v 0.13820779 0.02232925 -0.00000001
v 0.13302819 0.04362901 -0.00000001
v 0.13372105 0.03602154 0.05774728
v 0.13820779 0.02232925 -0.00000001
v 0.13372105 0.03602154 0.05774728
v 0.13740508 0.01756240 0.05640640
v 0.13820779 0.02232925 -0.00000001
v 0.13740508 0.01756240 0.05640640
v 0.13740530 0.01756071 0.05640632
v 0.13820779 0.02232925 -0.00000001
v 0.13740530 0.01756071 0.05640632
v 0.13754972 0.01640278 0.05635376
v 0.13820779 0.02232925 -0.00000001
v 0.13754972 0.01640278 0.05635376
v 0.13768430 0.01524352 0.05630477
v 0.13820779 0.02232925 -0.00000001
v 0.13768430 0.01524352 0.05630477
v 0.13791036 0.01306376 0.05622249
v 0.13820779 0.02232925 -0.00000001
v 0.13791036 0.01306376 0.05622249
v 0.13810162 0.01088022 0.05615288
v 0.13820779 0.02232925 -0.00000001
v 0.13810162 0.01088022 0.05615288
v 0.13999913 0.00048208 -0.00000001
v 0.13999913 0.00048208 -0.00000001
v 0.13810162 0.01088022 0.05615288
v 0.13825799 0.00869354 0.05609597
v 0.13999913 0.00048208 -0.00000001
v 0.13825799 0.00869354 0.05609597
v 0.13837942 0.00650435 0.05605177
v 0.13999913 0.00048208 -0.00000001
v 0.13837942 0.00650435 0.05605177
v 0.13846583 0.00431327 0.05602031
v 0.13999913 0.00048208 -0.00000001
v 0.13846583 0.00431327 0.05602031
v 0.13851726 0.00212096 0.05600160
v 0.13999913 0.00048208 -0.00000001
v 0.13851726 0.00212096 0.05600160
v 0.13853363 -0.00007196 0.05599564
v 0.13999913 0.00048208 -0.00000001
v 0.13853363 -0.00007196 0.05599564
v 0.13851496 -0.00226486 0.05600244
v 0.13999913 0.00048208 -0.00000001
v 0.13851496 -0.00226486 0.05600244
v 0.13846124 -0.00445710 0.05602199
v 0.13999913 0.00048208 -0.00000001
v 0.13846124 -0.00445710 0.05602199
v 0.13837251 -0.00664804 0.05605429
v 0.13999913 0.00048208 -0.00000001
v 0.13837251 -0.00664804 0.05605429
v 0.13824878 -0.00883706 0.05609932
v 0.13999913 0.00048208 -0.00000001
v 0.13824878 -0.00883706 0.05609932
v 0.13809015 -0.01102351 0.05615706
v 0.13999913 0.00048208 -0.00000001
v 0.13809015 -0.01102351 0.05615706
v 0.13789659 -0.01320678 0.05622750
v 0.13999913 0.00048208 -0.00000001
v 0.13789659 -0.01320678 0.05622750
v 0.13835829 -0.02137691 -0.00000001
v 0.13835829 -0.02137691 -0.00000001
v 0.13789659 -0.01320678 0.05622750
v 0.13766826 -0.01538624 0.05631060
v 0.13835829 -0.02137691 -0.00000001
v 0.13766826 -0.01538624 0.05631060
v 0.13740523 -0.01756125 0.05640635
v 0.13835829 -0.02137691 -0.00000001
v 0.13740523 -0.01756125 0.05640635
v 0.13740508 -0.01756241 0.05640640
v 0.13835829 -0.02137691 -0.00000001
v 0.13740508 -0.01756241 0.05640640
v 0.13712226 -0.01962993 0.05650934
v 0.13835829 -0.02137691 -0.00000001
v 0.13712226 -0.01962993 0.05650934
v 0.13680812 -0.02169232 0.05662367
v 0.13835829 -0.02137691 -0.00000001
v 0.13680812 -0.02169232 0.05662367
v 0.13646279 -0.02374904 0.05674937
v 0.13835829 -0.02137691 -0.00000001
v 0.13646279 -0.02374904 0.05674937
v 0.13608636 -0.02579955 0.05688638
v 0.13835829 -0.02137691 -0.00000001
v 0.13608636 -0.02579955 0.05688638
v 0.13567897 -0.02784334 0.05703465
v 0.13835829 -0.02137691 -0.00000001
v 0.13567897 -0.02784334 0.05703465
v 0.13520454 -0.03004197 0.05720733
v 0.13835829 -0.02137691 -0.00000001
v 0.13520454 -0.03004197 0.05720733
v 0.13469435 -0.03223149 0.05739302
v 0.13835829 -0.02137691 -0.00000001
v 0.13469435 -0.03223149 0.05739302
v 0.13414865 -0.03441126 0.05759164
v 0.13835829 -0.02137691 -0.00000001
v 0.13414865 -0.03441126 0.05759164
v 0.13332550 -0.04271183 -0.00000001
v 0.13332550 -0.04271183 -0.00000001
v 0.13414865 -0.03441126 0.05759164
v 0.13356766 -0.03658064 0.05780310
v 0.13332550 -0.04271183 -0.00000001
v 0.13356766 -0.03658064 0.05780310
v 0.13295160 -0.03873900 0.05802733
v 0.13332550 -0.04271183 -0.00000001
v 0.13295160 -0.03873900 0.05802733
v 0.13230072 -0.04088571 0.05826424
v 0.13332550 -0.04271183 -0.00000001
v 0.13230072 -0.04088571 0.05826424
v 0.13161525 -0.04302016 0.05851372
v 0.13332550 -0.04271183 -0.00000001
v 0.13161525 -0.04302016 0.05851372
v 0.13089551 -0.04514175 0.05877569
v 0.13332550 -0.04271183 -0.00000001
v 0.13089551 -0.04514175 0.05877569
v 0.13014175 -0.04724986 0.05905005
v 0.13332550 -0.04271183 -0.00000001
v 0.13014175 -0.04724986 0.05905005
v 0.12935423 -0.04934393 0.05933667
v 0.13332550 -0.04271183 -0.00000001
v 0.12935423 -0.04934393 0.05933667
v 0.12853333 -0.05142336 0.05963546
v 0.13332550 -0.04271183 -0.00000001
v 0.12853333 -0.05142336 0.05963546
v 0.12767930 -0.05348759 0.05994630
v 0.13332550 -0.04271183 -0.00000001
v 0.12767930 -0.05348759 0.05994630
v 0.12679247 -0.05553605 0.06026908
v 0.13332550 -0.04271183 -0.00000001
v 0.12679247 -0.05553605 0.06026908
v 0.12587319 -0.05756819 0.06060366
v 0.11438374 -0.08009239 0.01386911
v 0.11474269 -0.07721993 0.06465484
v 0.11345157 -0.07908312 0.06512476
v 0.11438374 -0.08009239 0.01386911
v 0.11345157 -0.07908312 0.06512476
v 0.11213121 -0.08092287 0.06560534
v 0.11438374 -0.08009239 0.01386911
v 0.11213121 -0.08092287 0.06560534
v 0.11078208 -0.08273872 0.06609639
v 0.11438374 -0.08009239 0.01386911
v 0.11078208 -0.08273872 0.06609639
v 0.10940463 -0.08453024 0.06659773
v 0.11438374 -0.08009239 0.01386911
v 0.10940463 -0.08453024 0.06659773
v 0.10799934 -0.08629699 0.06710922
v 0.11438374 -0.08009239 0.01386911
v 0.10799934 -0.08629699 0.06710922
v 0.10656671 -0.08803859 0.06763065
v 0.11438374 -0.08009239 0.01386911
v 0.10656671 -0.08803859 0.06763065
v 0.10510719 -0.08975460 0.06816187
v 0.11438374 -0.08009239 0.01386911
v 0.10510719 -0.08975460 0.06816187
v 0.10362128 -0.09144466 0.06870270
v 0.11438374 -0.08009239 0.01386911
v 0.10362128 -0.09144466 0.06870270
v 0.10210947 -0.09310837 0.06925295
v 0.11438374 -0.08009239 0.01386911
v 0.10210947 -0.09310837 0.06925295
v 0.10057225 -0.09474538 0.06981245
v 0.11438374 -0.08009239 0.01386911
v 0.10057225 -0.09474538 0.06981245
v 0.10211184 -0.09524498 0.01386911
v 0.10211184 -0.09524498 0.01386911
v 0.10057225 -0.09474538 0.06981245
v 0.09908168 -0.09628271 0.07035498
v 0.10211184 -0.09524498 0.01386911
v 0.09908168 -0.09628271 0.07035498
v 0.09756883 -0.09779508 0.07090561
v 0.10211184 -0.09524498 0.01386911
v 0.09756883 -0.09779508 0.07090561
v 0.09603414 -0.09928221 0.07146419
v 0.10211184 -0.09524498 0.01386911
v 0.09603414 -0.09928221 0.07146419
v 0.09447805 -0.10074381 0.07203057
v 0.10211184 -0.09524498 0.01386911
v 0.09447805 -0.10074381 0.07203057
v 0.09290099 -0.10217961 0.07260457
v 0.10211184 -0.09524498 0.01386911
v 0.09290099 -0.10217961 0.07260457
v 0.09130340 -0.10358933 0.07318604
v 0.10211184 -0.09524498 0.01386911
v 0.09130340 -0.10358933 0.07318604
v 0.08968573 -0.10497273 0.07377483
v 0.10211184 -0.09524498 0.01386911
v 0.08968573 -0.10497273 0.07377483
v 0.08804839 -0.10632956 0.07437077
v 0.10211184 -0.09524498 0.01386911
v 0.08804839 -0.10632956 0.07437077
v 0.08639185 -0.10765957 0.07497369
v 0.10211184 -0.09524498 0.01386911
v 0.08639185 -0.10765957 0.07497369
v 0.09524493 -0.10211189 0.01386911
v 0.10211184 -0.09524498 0.01386911
v 0.09524493 -0.10211189 0.01386911
v 0.09593715 -0.10196105 -0.00000000
v 0.10211184 -0.09524498 0.01386911
v 0.09593715 -0.10196105 -0.00000000
v 0.10196102 -0.09593717 -0.00000001
v 0.08009234 -0.11438379 0.01386911
v 0.09524493 -0.10211189 0.01386911
v 0.08639185 -0.10765957 0.07497369
v 0.08009234 -0.11438379 0.01386911
v 0.08639185 -0.10765957 0.07497369
v 0.08471655 -0.10896253 0.07558346
v 0.08009234 -0.11438379 0.01386911
v 0.08471655 -0.10896253 0.07558346
v 0.07991733 -0.11247366 0.07733023
v 0.08009234 -0.11438379 0.01386911
v 0.07991733 -0.11247366 0.07733023
v 0.07498351 -0.11576530 0.07912599
v 0.08009234 -0.11438379 0.01386911
v 0.07498351 -0.11576530 0.07912599
v 0.06992489 -0.11883326 0.08096718
v 0.08009234 -0.11438379 0.01386911
v 0.06992489 -0.11883326 0.08096718
v 0.06420308 -0.12195804 0.08304975
v -0.00000006 -0.14000000 -0.00000000
v 0.02169441 -0.13830891 -0.00000000
v 0.02072427 -0.13583907 0.09887475
v -0.00000006 -0.14000000 -0.00000000
v 0.02072427 -0.13583907 0.09887475
v 0.01383777 -0.13664638 0.10138123
v -0.00000006 -0.14000000 -0.00000000
v 0.01383777 -0.13664638 0.10138123
v 0.00692443 -0.13710460 0.10389748
v -0.00000006 -0.14000000 -0.00000000
v 0.00692443 -0.13710460 0.10389748
v -0.00000006 -0.13721335 0.10641779
v -0.00000005 0.13721335 0.10641779
v 0.02185315 0.13828391 -0.00000000
v -0.00000006 0.14000000 0.00000000
v 0.04632400 -0.12962618 0.08955720
v 0.04286478 -0.13327643 -0.00000000
v 0.04632542 -0.12962568 0.08955670
v 0.04632400 -0.12962618 0.08955720
v 0.04014397 -0.13160969 0.09180656
v 0.04286478 -0.13327643 -0.00000000
v 0.11923759 0.07016447 0.06301883
v 0.12458730 0.06385916 -0.00000001
v 0.11309207 0.08252377 -0.00000001
v 0.12757955 0.05372261 0.05998260
v 0.13302819 0.04362901 -0.00000001
v 0.12458730 0.06385916 -0.00000001
v 0.12757955 0.05372261 0.05998260
v 0.12458730 0.06385916 -0.00000001
v 0.11923759 0.07016447 0.06301883
v 0.13372105 0.03602154 0.05774728
v 0.13302819 0.04362901 -0.00000001
v 0.12757955 0.05372261 0.05998260
v 0.04286478 -0.13327643 -0.00000000
v 0.04014397 -0.13160969 0.09180656
v 0.03388775 -0.13329615 0.09408363
v -0.00000005 0.13721335 0.10641779
v 0.00228786 0.13721609 0.10558506
v 0.00457569 0.13718067 0.10475235
v -0.16274980 -0.10869098 0.14727331
v -0.18216209 -0.10003711 0.15250932
v -0.17969953 -0.10280024 0.13506942
v -0.18216209 -0.10003711 0.15250932
v -0.18174538 -0.10172812 0.13988774
v -0.17969953 -0.10280024 0.13506942
v -0.18216209 -0.10003711 0.15250932
v -0.18683502 -0.09828216 0.14886393
v -0.18174538 -0.10172812 0.13988774
v -0.15640162 -0.10986651 0.16334331
v -0.16021010 -0.10814556 0.16472950
v -0.14396723 -0.11448104 0.15881756
v -0.16021010 -0.10814556 0.16472950
v -0.16230135 -0.10719083 0.16514759
v -0.14396723 -0.11448104 0.15881756
v -0.16021010 -0.10814556 0.16472950
v -0.16408087 -0.10623486 0.16613833
v -0.16230135 -0.10719083 0.16514759
v -0.18216209 -0.10003711 0.15250932
v -0.19035706 -0.09244170 0.16439056
v -0.18683502 -0.09828216 0.14886393
v -0.19035706 -0.09244170 0.16439056
v -0.19128400 -0.09469988 0.15447802
v -0.18683502 -0.09828216 0.14886393
v -0.19035706 -0.09244170 0.16439056
v -0.19912097 -0.08702939 0.16270874
v -0.19128400 -0.09469988 0.15447802
v -0.22869765 -0.02820454 0.18448391
v -0.22170496 -0.04089240 0.18711179
v -0.22323713 -0.03620787 0.18766945
v -0.22869765 -0.02820454 0.18448391
v -0.21998456 -0.04546181 0.18648561
v -0.22170496 -0.04089240 0.18711179
v -0.22869765 -0.02820454 0.18448391
v -0.21808733 -0.04990822 0.18579509
v -0.21998456 -0.04546181 0.18648561
v -0.22869765 -0.02820454 0.18448391
v -0.22460781 -0.04424449 0.18146064
v -0.21808733 -0.04990822 0.18579509
v -0.17254086 -0.10324935 0.16099588
v -0.17392670 -0.10056979 0.16972192
v -0.17877206 -0.09730818 0.17148549
v -0.17254086 -0.10324935 0.16099588
v -0.16898771 -0.10356316 0.16792429
v -0.17392670 -0.10056979 0.16972192
v -0.17254086 -0.10324935 0.16099588
v -0.16408087 -0.10623486 0.16613833
v -0.16898771 -0.10356316 0.16792429
v -0.17254086 -0.10324935 0.16099588
v -0.16230135 -0.10719083 0.16514759
v -0.16408087 -0.10623486 0.16613833
v -0.17254086 -0.10324935 0.16099588
v -0.14396723 -0.11448104 0.15881756
v -0.16230135 -0.10719083 0.16514759
v -0.17254086 -0.10324935 0.16099588
v -0.16274980 -0.10869098 0.14727331
v -0.14396723 -0.11448104 0.15881756
v -0.17254086 -0.10324935 0.16099588
v -0.18216209 -0.10003711 0.15250932
v -0.16274980 -0.10869098 0.14727331
v -0.17254086 -0.10324935 0.16099588
v -0.19035706 -0.09244170 0.16439056
v -0.18216209 -0.10003711 0.15250932
v -0.17254086 -0.10324935 0.16099588
v -0.18358077 -0.09371829 0.17323572
v -0.19035706 -0.09244170 0.16439056
v -0.17254086 -0.10324935 0.16099588
v -0.17877206 -0.09730818 0.17148549
v -0.18358077 -0.09371829 0.17323572
v -0.21491172 -0.05965856 0.18157446
v -0.20577307 -0.07088021 0.18131305
v -0.20868442 -0.06675391 0.18237270
v -0.21491172 -0.05965856 0.18157446
v -0.20273009 -0.07482290 0.18020550
v -0.20577307 -0.07088021 0.18131305
v -0.21491172 -0.05965856 0.18157446
v -0.19957000 -0.07857977 0.17905533
v -0.20273009 -0.07482290 0.18020550
v -0.21491172 -0.05965856 0.18157446
v -0.20586878 -0.07898242 0.16854724
v -0.19957000 -0.07857977 0.17905533
v -0.21491172 -0.05965856 0.18157446
v -0.21361555 -0.06776010 0.17413280
v -0.20586878 -0.07898242 0.16854724
v -0.21491172 -0.05965856 0.18157446
v -0.21642141 -0.06298110 0.17594294
v -0.21361555 -0.06776010 0.17413280
v -0.21491172 -0.05965856 0.18157446
v -0.22173935 -0.05194259 0.17947174
v -0.21642141 -0.06298110 0.17594294
v -0.21491172 -0.05965856 0.18157446
v -0.21808733 -0.04990822 0.18579509
v -0.22173935 -0.05194259 0.17947174
v -0.21491172 -0.05965856 0.18157446
v -0.21602480 -0.05422489 0.18504439
v -0.21808733 -0.04990822 0.18579509
v -0.21491172 -0.05965856 0.18157446
v -0.21380840 -0.05840609 0.18423768
v -0.21602480 -0.05422489 0.18504439
v -0.21491172 -0.05965856 0.18157446
v -0.21144949 -0.06244710 0.18337911
v -0.21380840 -0.05840609 0.18423768
v -0.21491172 -0.05965856 0.18157446
v -0.20868442 -0.06675391 0.18237270
v -0.21144949 -0.06244710 0.18337911
v -0.19715904 -0.08269492 0.17555953
v -0.18831958 -0.08979405 0.17496050
v -0.19295509 -0.08553132 0.17664769
v -0.19715904 -0.08269492 0.17555953
v -0.18358077 -0.09371829 0.17323572
v -0.18831958 -0.08979405 0.17496050
v -0.19715904 -0.08269492 0.17555953
v -0.19035706 -0.09244170 0.16439056
v -0.18358077 -0.09371829 0.17323572
v -0.19715904 -0.08269492 0.17555953
v -0.19912097 -0.08702939 0.16270874
v -0.19035706 -0.09244170 0.16439056
v -0.19715904 -0.08269492 0.17555953
v -0.20586878 -0.07898242 0.16854724
v -0.19912097 -0.08702939 0.16270874
v -0.19715904 -0.08269492 0.17555953
v -0.19957000 -0.07857977 0.17905533
v -0.20586878 -0.07898242 0.16854724
v -0.19715904 -0.08269492 0.17555953
v -0.19630699 -0.08214942 0.17786769
v -0.19957000 -0.07857977 0.17905533
v -0.19715904 -0.08269492 0.17555953
v -0.19295509 -0.08553132 0.17664769
v -0.19630699 -0.08214942 0.17786769
v -0.21808733 -0.04990822 0.18579509
v -0.22460781 -0.04424449 0.18146064
v -0.22173935 -0.05194259 0.17947174
v -0.20848921 -0.12612139 -0.00140605
v -0.20271705 -0.12130991 -0.00103117
v -0.20802085 -0.12475058 0.02945362
v -0.20271705 -0.12130991 -0.00103117
v -0.19979867 -0.11843833 0.02217314
v -0.20802085 -0.12475058 0.02945362
v -0.20271705 -0.12130991 -0.00103117
v -0.19707513 -0.11780603 -0.00070535
v -0.19979867 -0.11843833 0.02217314
v -0.17269653 -0.10604902 0.11393497
v -0.17825531 -0.10452718 0.11296701
v -0.16717244 -0.10878433 0.08784451
v -0.17825531 -0.10452718 0.11296701
v -0.17712029 -0.10643009 0.08992610
v -0.16717244 -0.10878433 0.08784451
v -0.17825531 -0.10452718 0.11296701
v -0.18398723 -0.10393942 0.11205235
v -0.17712029 -0.10643009 0.08992610
v -0.20802085 -0.12475058 0.02945362
v -0.20060855 -0.11720863 0.04514714
v -0.20922848 -0.12276990 0.06240547
v -0.20060855 -0.11720863 0.04514714
v -0.20177791 -0.11609540 0.06259954
v -0.20922848 -0.12276990 0.06240547
v -0.20060855 -0.11720863 0.04514714
v -0.19152009 -0.11249225 0.04538790
v -0.20177791 -0.11609540 0.06259954
v -0.19152009 -0.11249225 0.04538790
v -0.19298030 -0.11134566 0.06299595
v -0.20177791 -0.11609540 0.06259954
v -0.19152009 -0.11249225 0.04538790
v -0.18159939 -0.10997473 0.04576820
v -0.19298030 -0.11134566 0.06299595
v -0.18159939 -0.10997473 0.04576820
v -0.18332493 -0.10878516 0.06357267
v -0.19298030 -0.11134566 0.06299595
v -0.18159939 -0.10997473 0.04576820
v -0.17137105 -0.10978922 0.04626791
v -0.18332493 -0.10878516 0.06357267
v -0.17137105 -0.10978922 0.04626791
v -0.17334808 -0.10855614 0.06429765
v -0.18332493 -0.10878516 0.06357267
v -0.17137105 -0.10978922 0.04626791
v -0.16269592 -0.11118022 0.05811930
v -0.17334808 -0.10855614 0.06429765
v -0.18005803 -0.11127509 0.02222632
v -0.19033089 -0.11374709 0.02215784
v -0.18017453 -0.11234052 0.00000001
v -0.19033089 -0.11374709 0.02215784
v -0.18796713 -0.11403704 -0.00026991
v -0.18017453 -0.11234052 0.00000001
v -0.19033089 -0.11374709 0.02215784
v -0.19707513 -0.11780603 -0.00070535
v -0.18796713 -0.11403704 -0.00026991
v -0.21122447 -0.12097629 0.08716473
v -0.20430703 -0.11424164 0.08747111
v -0.21387415 -0.11914020 0.10882616
v -0.20430703 -0.11424164 0.08747111
v -0.21055695 -0.11510222 0.10898674
v -0.21387415 -0.11914020 0.10882616
v -0.20430703 -0.11424164 0.08747111
v -0.20572457 -0.11084847 0.10935712
v -0.21055695 -0.11510222 0.10898674
v -0.20430703 -0.11424164 0.08747111
v -0.19596981 -0.10939792 0.08805982
v -0.20572457 -0.11084847 0.10935712
v -0.19596981 -0.10939792 0.08805982
v -0.20076867 -0.10779934 0.10984724
v -0.20572457 -0.11084847 0.10935712
v -0.19596981 -0.10939792 0.08805982
v -0.19539795 -0.10559694 0.11047123
v -0.20076867 -0.10779934 0.10984724
v -0.19596981 -0.10939792 0.08805982
v -0.18672017 -0.10674021 0.08889507
v -0.19539795 -0.10559694 0.11047123
v -0.18672017 -0.10674021 0.08889507
v -0.19035006 -0.10439061 0.11113064
v -0.19539795 -0.10559694 0.11047123
v -0.18672017 -0.10674021 0.08889507
v -0.17712029 -0.10643009 0.08992610
v -0.19035006 -0.10439061 0.11113064
v -0.17712029 -0.10643009 0.08992610
v -0.18398723 -0.10393942 0.11205235
v -0.19035006 -0.10439061 0.11113064
v -0.20922848 -0.12276990 0.06240547
v -0.20177791 -0.11609540 0.06259954
v -0.21122447 -0.12097629 0.08716473
v -0.20177791 -0.11609540 0.06259954
v -0.20430703 -0.11424164 0.08747111
v -0.21122447 -0.12097629 0.08716473
v -0.20177791 -0.11609540 0.06259954
v -0.19298030 -0.11134566 0.06299595
v -0.20430703 -0.11424164 0.08747111
v -0.19298030 -0.11134566 0.06299595
v -0.19596981 -0.10939792 0.08805982
v -0.20430703 -0.11424164 0.08747111
v -0.19298030 -0.11134566 0.06299595
v -0.18332493 -0.10878516 0.06357267
v -0.19596981 -0.10939792 0.08805982
v -0.18332493 -0.10878516 0.06357267
v -0.18672017 -0.10674021 0.08889507
v -0.19596981 -0.10939792 0.08805982
v -0.18332493 -0.10878516 0.06357267
v -0.17334808 -0.10855614 0.06429765
v -0.18672017 -0.10674021 0.08889507
v -0.17334808 -0.10855614 0.06429765
v -0.17712029 -0.10643009 0.08992610
v -0.18672017 -0.10674021 0.08889507
v -0.17334808 -0.10855614 0.06429765
v -0.16717244 -0.10878433 0.08784451
v -0.17712029 -0.10643009 0.08992610
v -0.17137105 -0.10978922 0.04626791
v -0.18159939 -0.10997473 0.04576820
v -0.16949358 -0.11114588 0.02237515
v -0.18159939 -0.10997473 0.04576820
v -0.18005803 -0.11127509 0.02222632
v -0.16949358 -0.11114588 0.02237515
v -0.18159939 -0.10997473 0.04576820
v -0.19152009 -0.11249225 0.04538790
v -0.18005803 -0.11127509 0.02222632
v -0.19152009 -0.11249225 0.04538790
v -0.19033089 -0.11374709 0.02215784
v -0.18005803 -0.11127509 0.02222632
v -0.19152009 -0.11249225 0.04538790
v -0.20060855 -0.11720863 0.04514714
v -0.19033089 -0.11374709 0.02215784
v -0.20060855 -0.11720863 0.04514714
v -0.19979867 -0.11843833 0.02217314
v -0.19033089 -0.11374709 0.02215784
v -0.20060855 -0.11720863 0.04514714
v -0.20802085 -0.12475058 0.02945362
v -0.19979867 -0.11843833 0.02217314
v -0.16949358 -0.11114588 0.02237515
v -0.16269592 -0.11118022 0.05811930
v -0.17137105 -0.10978922 0.04626791
v -0.16949358 -0.11114588 0.02237515
v -0.15910376 -0.11341091 0.02172072
v -0.16269592 -0.11118022 0.05811930
v -0.16949358 -0.11114588 0.02237515
v -0.15780304 -0.11444551 0.00000001
v -0.15910376 -0.11341091 0.02172072
v -0.16949358 -0.11114588 0.02237515
v -0.16194629 -0.11326368 0.00000001
v -0.15780304 -0.11444551 0.00000001
v -0.16949358 -0.11114588 0.02237515
v -0.16617448 -0.11244430 0.00000001
v -0.16194629 -0.11326368 0.00000001
v -0.16949358 -0.11114588 0.02237515
v -0.17045584 -0.11199297 0.00000001
v -0.16617448 -0.11244430 0.00000001
v -0.16949358 -0.11114588 0.02237515
v -0.17475834 -0.11191247 0.00000001
v -0.17045584 -0.11199297 0.00000001
v -0.16949358 -0.11114588 0.02237515
v -0.17747263 -0.11205280 0.00000001
v -0.17475834 -0.11191247 0.00000001
v -0.16949358 -0.11114588 0.02237515
v -0.18017453 -0.11234052 0.00000001
v -0.17747263 -0.11205280 0.00000001
v -0.16949358 -0.11114588 0.02237515
v -0.18005803 -0.11127509 0.02222632
v -0.18017453 -0.11234052 0.00000001
v -0.16269592 -0.11118022 0.05811930
v -0.16717244 -0.10878433 0.08784451
v -0.17334808 -0.10855614 0.06429765
v -0.19707513 -0.11780603 -0.00070535
v -0.19033089 -0.11374709 0.02215784
v -0.19979867 -0.11843833 0.02217314
v -0.15087540 -0.09004833 -0.07709738
v -0.15412679 -0.08664667 -0.07312510
v -0.15100889 -0.08978458 -0.07755067
v -0.15412679 -0.08664667 -0.07312510
v -0.15282544 -0.08759091 -0.07485761
v -0.15100889 -0.08978458 -0.07755067
v -0.15412679 -0.08664667 -0.07312510
v -0.15524152 -0.08585694 -0.07230404
v -0.15282544 -0.08759091 -0.07485761
v -0.17602402 -0.08734597 -0.06458895
v -0.16998720 -0.08512393 -0.06472483
v -0.17531502 -0.08773754 -0.06385732
v -0.16998720 -0.08512393 -0.06472483
v -0.17184924 -0.08607180 -0.06408499
v -0.17531502 -0.08773754 -0.06385732
v -0.16998720 -0.08512393 -0.06472483
v -0.16824226 -0.08493368 -0.06481480
v -0.17184924 -0.08607180 -0.06408499
v -0.16877910 -0.08453720 -0.06528949
v -0.16506560 -0.08397650 -0.06641210
v -0.16998720 -0.08512393 -0.06472483
v -0.16506560 -0.08397650 -0.06641210
v -0.16412976 -0.08412827 -0.06650679
v -0.16998720 -0.08512393 -0.06472483
v -0.16506560 -0.08397650 -0.06641210
v -0.16148144 -0.08401435 -0.06799860
v -0.16412976 -0.08412827 -0.06650679
v -0.16148144 -0.08401435 -0.06799860
v -0.15866783 -0.08465266 -0.06939963
v -0.16412976 -0.08412827 -0.06650679
v -0.16148144 -0.08401435 -0.06799860
v -0.15816426 -0.08464929 -0.06998805
v -0.15866783 -0.08465266 -0.06939963
v -0.15790862 -0.08500070 -0.06965979
v -0.15866783 -0.08465266 -0.06939963
v -0.15505297 -0.08618074 -0.07196003
v -0.15866783 -0.08465266 -0.06939963
v -0.15412679 -0.08664667 -0.07312510
v -0.15505297 -0.08618074 -0.07196003
v -0.15866783 -0.08465266 -0.06939963
v -0.15816426 -0.08464929 -0.06998805
v -0.15412679 -0.08664667 -0.07312510
v -0.15816426 -0.08464929 -0.06998805
v -0.15524152 -0.08585694 -0.07230404
v -0.15412679 -0.08664667 -0.07312510
v -0.16998720 -0.08512393 -0.06472483
v -0.16412976 -0.08412827 -0.06650679
v -0.16824226 -0.08493368 -0.06481480
v -0.16412976 -0.08412827 -0.06650679
v -0.16462789 -0.08436538 -0.06601966
v -0.16824226 -0.08493368 -0.06481480
v -0.16412976 -0.08412827 -0.06650679
v -0.15866783 -0.08465266 -0.06939963
v -0.16462789 -0.08436538 -0.06601966
v -0.15866783 -0.08465266 -0.06939963
v -0.16114022 -0.08438800 -0.06765488
v -0.16462789 -0.08436538 -0.06601966
v -0.15866783 -0.08465266 -0.06939963
v -0.15790862 -0.08500070 -0.06965979
v -0.16114022 -0.08438800 -0.06765488
v -0.15087540 -0.09004833 -0.07709738
v -0.15267920 -0.08788434 -0.07447027
v -0.15412679 -0.08664667 -0.07312510
v -0.17602402 -0.08734597 -0.06458895
v -0.17247929 -0.08567490 -0.06467390
v -0.16998720 -0.08512393 -0.06472483
v -0.17247929 -0.08567490 -0.06467390
v -0.16877910 -0.08453720 -0.06528949
v -0.16998720 -0.08512393 -0.06472483
v -0.15267920 -0.08788434 -0.07447027
v -0.15505297 -0.08618074 -0.07196003
v -0.15412679 -0.08664667 -0.07312510
v -0.23211891 -0.13101169 -0.10626431
v -0.22430394 -0.12828463 -0.10759947
v -0.23208385 -0.13211995 -0.09761298
v -0.22430394 -0.12828463 -0.10759947
v -0.22408696 -0.12851985 -0.10535495
v -0.23208385 -0.13211995 -0.09761298
v -0.22430394 -0.12828463 -0.10759947
v -0.21754092 -0.12341253 -0.10850383
v -0.22408696 -0.12851985 -0.10535495
v -0.21754092 -0.12341253 -0.10850383
v -0.21716647 -0.12353763 -0.10626109
v -0.22408696 -0.12851985 -0.10535495
v -0.21754092 -0.12341253 -0.10850383
v -0.21239689 -0.11680390 -0.10890154
v -0.21716647 -0.12353763 -0.10626109
v -0.21239689 -0.11680390 -0.10890154
v -0.21190627 -0.11677683 -0.10665912
v -0.21716647 -0.12353763 -0.10626109
v -0.21239689 -0.11680390 -0.10890154
v -0.20930309 -0.10901278 -0.10875928
v -0.21190627 -0.11677683 -0.10665912
v -0.20624903 -0.11438768 -0.08236364
v -0.21190627 -0.11677683 -0.10665912
v -0.20473188 -0.11149084 -0.08078898
v -0.21190627 -0.11677683 -0.10665912
v -0.20504105 -0.10716230 -0.09030815
v -0.20473188 -0.11149084 -0.08078898
v -0.21190627 -0.11677683 -0.10665912
v -0.20930309 -0.10901278 -0.10875928
v -0.20504105 -0.10716230 -0.09030815
v -0.21387415 -0.11914020 0.10882616
v -0.21674066 -0.12367815 0.10360346
v -0.21122447 -0.12097629 0.08716473
v -0.21674066 -0.12367815 0.10360346
v -0.21127256 -0.12146451 0.08498835
v -0.21122447 -0.12097629 0.08716473
v -0.21674066 -0.12367815 0.10360346
v -0.21729679 -0.12724589 0.08447765
v -0.21127256 -0.12146451 0.08498835
v -0.23275792 -0.13699186 0.04429623
v -0.22380262 -0.13287319 0.06647818
v -0.23241020 -0.13388160 0.08258416
v -0.22380262 -0.13287319 0.06647818
v -0.22447511 -0.13146271 0.08366119
v -0.23241020 -0.13388160 0.08258416
v -0.22380262 -0.13287319 0.06647818
v -0.21574893 -0.12819208 0.06720553
v -0.22447511 -0.13146271 0.08366119
v -0.21574893 -0.12819208 0.06720553
v -0.21729679 -0.12724589 0.08447765
v -0.22447511 -0.13146271 0.08366119
v -0.21574893 -0.12819208 0.06720553
v -0.21127256 -0.12146451 0.08498835
v -0.21729679 -0.12724589 0.08447765
v -0.23256196 -0.13796635 -0.01890278
v -0.22218263 -0.13519271 0.00010267
v -0.23259172 -0.13792630 0.02071115
v -0.22218263 -0.13519271 0.00010267
v -0.22236187 -0.13496391 0.02106092
v -0.23259172 -0.13792630 0.02071115
v -0.22218263 -0.13519271 0.00010267
v -0.21282483 -0.12981375 0.00010397
v -0.22236187 -0.13496391 0.02106092
v -0.21282483 -0.12981375 0.00010397
v -0.21312828 -0.12965176 0.02132519
v -0.22236187 -0.13496391 0.02106092
v -0.23268971 -0.13690373 -0.04566225
v -0.22301398 -0.13407326 -0.04639092
v -0.23256196 -0.13796635 -0.01890278
v -0.22301398 -0.13407326 -0.04639092
v -0.22231634 -0.13499890 -0.01922250
v -0.23256196 -0.13796635 -0.01890278
v -0.22301398 -0.13407326 -0.04639092
v -0.21427442 -0.12902558 -0.04694176
v -0.22231634 -0.13499890 -0.01922250
v -0.21427442 -0.12902558 -0.04694176
v -0.21306901 -0.12967829 -0.01946409
v -0.22231634 -0.13499890 -0.01922250
v -0.21427442 -0.12902558 -0.04694176
v -0.20696928 -0.12204845 -0.04728336
v -0.21306901 -0.12967829 -0.01946409
v -0.20696928 -0.12204845 -0.04728336
v -0.20644648 -0.12264186 -0.03471325
v -0.21306901 -0.12967829 -0.01946409
v -0.20696928 -0.12204845 -0.04728336
v -0.20563629 -0.11958219 -0.05306462
v -0.20644648 -0.12264186 -0.03471325
v -0.23208385 -0.13211995 -0.09761298
v -0.22428936 -0.13170007 -0.08088480
v -0.23260419 -0.13553183 -0.06517408
v -0.22428936 -0.13170007 -0.08088480
v -0.22371446 -0.13288392 -0.06612817
v -0.23260419 -0.13553183 -0.06517408
v -0.22428936 -0.13170007 -0.08088480
v -0.21698620 -0.12741345 -0.08168800
v -0.22371446 -0.13288392 -0.06612817
v -0.21698620 -0.12741345 -0.08168800
v -0.21567890 -0.12820868 -0.06685025
v -0.22371446 -0.13288392 -0.06612817
v -0.21698620 -0.12741345 -0.08168800
v -0.21085952 -0.12153400 -0.08219023
v -0.21567890 -0.12820868 -0.06685025
v -0.21085952 -0.12153400 -0.08219023
v -0.20894981 -0.12176923 -0.06729970
v -0.21567890 -0.12820868 -0.06685025
v -0.21085952 -0.12153400 -0.08219023
v -0.20624903 -0.11438768 -0.08236364
v -0.20894981 -0.12176923 -0.06729970
v -0.20624903 -0.11438768 -0.08236364
v -0.20496935 -0.11574940 -0.06834961
v -0.20894981 -0.12176923 -0.06729970
v -0.20624903 -0.11438768 -0.08236364
v -0.20473188 -0.11149084 -0.08078898
v -0.20496935 -0.11574940 -0.06834961
v -0.21574893 -0.12819208 0.06720553
v -0.22380262 -0.13287319 0.06647818
v -0.21421797 -0.12907310 0.04554594
v -0.22380262 -0.13287319 0.06647818
v -0.22301673 -0.13414943 0.04500799
v -0.21421797 -0.12907310 0.04554594
v -0.22380262 -0.13287319 0.06647818
v -0.23275792 -0.13699186 0.04429623
v -0.22301673 -0.13414943 0.04500799
v -0.23259172 -0.13792630 0.02071115
v -0.22236187 -0.13496391 0.02106092
v -0.23275792 -0.13699186 0.04429623
v -0.22236187 -0.13496391 0.02106092
v -0.22301673 -0.13414943 0.04500799
v -0.23275792 -0.13699186 0.04429623
v -0.22236187 -0.13496391 0.02106092
v -0.21312828 -0.12965176 0.02132519
v -0.22301673 -0.13414943 0.04500799
v -0.21312828 -0.12965176 0.02132519
v -0.21421797 -0.12907310 0.04554594
v -0.22301673 -0.13414943 0.04500799
v -0.21312828 -0.12965176 0.02132519
v -0.20802085 -0.12475058 0.02945362
v -0.21421797 -0.12907310 0.04554594
v -0.21282483 -0.12981375 0.00010397
v -0.22218263 -0.13519271 0.00010267
v -0.21306901 -0.12967829 -0.01946409
v -0.22218263 -0.13519271 0.00010267
v -0.22231634 -0.13499890 -0.01922250
v -0.21306901 -0.12967829 -0.01946409
v -0.22218263 -0.13519271 0.00010267
v -0.23256196 -0.13796635 -0.01890278
v -0.22231634 -0.13499890 -0.01922250
v -0.23260419 -0.13553183 -0.06517408
v -0.22371446 -0.13288392 -0.06612817
v -0.23268971 -0.13690373 -0.04566225
v -0.22371446 -0.13288392 -0.06612817
v -0.22301398 -0.13407326 -0.04639092
v -0.23268971 -0.13690373 -0.04566225
v -0.22371446 -0.13288392 -0.06612817
v -0.21567890 -0.12820868 -0.06685025
v -0.22301398 -0.13407326 -0.04639092
v -0.21567890 -0.12820868 -0.06685025
v -0.21427442 -0.12902558 -0.04694176
v -0.22301398 -0.13407326 -0.04639092
v -0.21567890 -0.12820868 -0.06685025
v -0.20894981 -0.12176923 -0.06729970
v -0.21427442 -0.12902558 -0.04694176
v -0.20894981 -0.12176923 -0.06729970
v -0.20696928 -0.12204845 -0.04728336
v -0.21427442 -0.12902558 -0.04694176
v -0.20894981 -0.12176923 -0.06729970
v -0.20563629 -0.11958219 -0.05306462
v -0.20696928 -0.12204845 -0.04728336
v -0.20848921 -0.12612139 -0.00140605
v -0.21306901 -0.12967829 -0.01946409
v -0.20725004 -0.12464307 -0.01497149
v -0.20848921 -0.12612139 -0.00140605
v -0.21282483 -0.12981375 0.00010397
v -0.21306901 -0.12967829 -0.01946409
v -0.20848921 -0.12612139 -0.00140605
v -0.21312828 -0.12965176 0.02132519
v -0.21282483 -0.12981375 0.00010397
v -0.20848921 -0.12612139 -0.00140605
v -0.20802085 -0.12475058 0.02945362
v -0.21312828 -0.12965176 0.02132519
v -0.22385547 -0.12879489 0.10269547
v -0.23207619 -0.13146478 0.10278039
v -0.23241020 -0.13388160 0.08258416
v -0.22385547 -0.12879489 0.10269547
v -0.22510090 -0.12869035 0.10747068
v -0.23207619 -0.13146478 0.10278039
v -0.20922848 -0.12276990 0.06240547
v -0.21574893 -0.12819208 0.06720553
v -0.21421797 -0.12907310 0.04554594
v -0.20922848 -0.12276990 0.06240547
v -0.21127256 -0.12146451 0.08498835
v -0.21574893 -0.12819208 0.06720553
v -0.20922848 -0.12276990 0.06240547
v -0.21122447 -0.12097629 0.08716473
v -0.21127256 -0.12146451 0.08498835
v -0.20802085 -0.12475058 0.02945362
v -0.20922848 -0.12276990 0.06240547
v -0.21421797 -0.12907310 0.04554594
v -0.20644648 -0.12264186 -0.03471325
v -0.20725004 -0.12464307 -0.01497149
v -0.21306901 -0.12967829 -0.01946409
v -0.20496935 -0.11574940 -0.06834961
v -0.20563629 -0.11958219 -0.05306462
v -0.20894981 -0.12176923 -0.06729970
v -0.22408696 -0.12851985 -0.10535495
v -0.22428936 -0.13170007 -0.08088480
v -0.23208385 -0.13211995 -0.09761298
v -0.23209185 -0.13100722 0.10626394
v -0.23207619 -0.13146478 0.10278039
v -0.22510090 -0.12869035 0.10747068
v -0.22385547 -0.12879489 0.10269547
v -0.21889049 -0.12464490 0.10834414
v -0.22510090 -0.12869035 0.10747068
v -0.22385547 -0.12879489 0.10269547
v -0.21674066 -0.12367815 0.10360346
v -0.21889049 -0.12464490 0.10834414
v -0.21387415 -0.11914020 0.10882616
v -0.21889049 -0.12464490 0.10834414
v -0.21674066 -0.12367815 0.10360346
v -0.22385547 -0.12879489 0.10269547
v -0.23241020 -0.13388160 0.08258416
v -0.22447511 -0.13146271 0.08366119
v -0.21729679 -0.12724589 0.08447765
v -0.22385547 -0.12879489 0.10269547
v -0.22447511 -0.13146271 0.08366119
v -0.22385547 -0.12879489 0.10269547
v -0.21729679 -0.12724589 0.08447765
v -0.21674066 -0.12367815 0.10360346
v -0.22408696 -0.12851985 -0.10535495
v -0.21698620 -0.12741345 -0.08168800
v -0.22428936 -0.13170007 -0.08088480
v -0.22408696 -0.12851985 -0.10535495
v -0.21716647 -0.12353763 -0.10626109
v -0.21698620 -0.12741345 -0.08168800
v -0.21716647 -0.12353763 -0.10626109
v -0.21085952 -0.12153400 -0.08219023
v -0.21698620 -0.12741345 -0.08168800
v -0.21716647 -0.12353763 -0.10626109
v -0.21190627 -0.11677683 -0.10665912
v -0.21085952 -0.12153400 -0.08219023
v -0.21085952 -0.12153400 -0.08219023
v -0.21190627 -0.11677683 -0.10665912
v -0.20624903 -0.11438768 -0.08236364
v -0.13843730 -0.03471071 -0.08129644
v -0.14164717 -0.01748711 -0.08129644
v -0.13489939 -0.03382364 -0.08484962
v -0.14164717 -0.01748711 -0.08129644
v -0.13802722 -0.01704021 -0.08484962
v -0.13489939 -0.03382364 -0.08484962
v -0.14164717 -0.01748711 -0.08129644
v -0.14272253 0.00000000 -0.08129644
v -0.13802722 -0.01704021 -0.08484962
v -0.14272253 0.00000000 -0.08129644
v -0.13907511 0.00000000 -0.08484962
v -0.13802722 -0.01704021 -0.08484962
v -0.14272253 0.00000000 -0.08129644
v -0.14164717 0.01748711 -0.08129644
v -0.13907511 0.00000000 -0.08484962
v -0.14164717 0.01748711 -0.08129644
v -0.13802722 0.01704021 -0.08484962
v -0.13907511 0.00000000 -0.08484962
v -0.14164717 0.01748711 -0.08129644
v -0.13843730 0.03471070 -0.08129645
v -0.13802722 0.01704021 -0.08484962
v -0.13843730 0.03471070 -0.08129645
v -0.13489939 0.03382363 -0.08484962
v -0.13802722 0.01704021 -0.08484962
v -0.14321370 0.03590830 -0.08000000
v -0.13843730 0.03471070 -0.08129645
v -0.14164717 0.01748711 -0.08129644
v -0.14321370 0.03590830 -0.08000000
v -0.14164717 0.01748711 -0.08129644
v -0.14715199 0.01207718 -0.08000000
v -0.14321370 -0.03590830 -0.08000000
v -0.14715199 -0.01207718 -0.08000000
v -0.14164717 -0.01748711 -0.08129644
v -0.14321370 -0.03590830 -0.08000000
v -0.14164717 -0.01748711 -0.08129644
v -0.13843730 -0.03471071 -0.08129644
v -0.13351728 -0.03347709 -0.08973823
v -0.13489939 -0.03382364 -0.08484962
v -0.13802722 -0.01704021 -0.08484962
v -0.13351728 -0.03347709 -0.08973823
v -0.13802722 -0.01704021 -0.08484962
v -0.13718892 -0.01125948 -0.08973823
v -0.13351728 0.03347709 -0.08973823
v -0.13718892 0.01125948 -0.08973823
v -0.13802722 0.01704021 -0.08484962
v -0.13351728 0.03347709 -0.08973823
v -0.13802722 0.01704021 -0.08484962
v -0.13489939 0.03382363 -0.08484962
v -0.13718892 -0.01125948 -0.08973823
v -0.13802722 -0.01704021 -0.08484962
v -0.13907511 0.00000000 -0.08484962
v -0.13718892 0.01125948 -0.08973823
v -0.13907511 0.00000000 -0.08484962
v -0.13802722 0.01704021 -0.08484962
v -0.13718892 0.01125948 -0.08973823
v -0.13718892 -0.01125948 -0.08973823
v -0.13907511 0.00000000 -0.08484962
v -0.14272253 0.00000000 -0.08129644
v -0.14715199 -0.01207718 -0.08000000
v -0.14715199 0.01207718 -0.08000000
v -0.14272253 0.00000000 -0.08129644
v -0.14164717 -0.01748711 -0.08129644
v -0.14715199 -0.01207718 -0.08000000
v -0.14164717 0.01748711 -0.08129644
v -0.14272253 0.00000000 -0.08129644
v -0.14715199 0.01207718 -0.08000000
v -0.21192787 -0.07760578 -0.14205642
v -0.20212354 -0.06219656 -0.11385003
v -0.21192787 -0.08947734 -0.13489435
v -0.21192787 -0.08947734 -0.13489435
v -0.20212354 -0.06219656 -0.11385003
v -0.20273409 -0.07166039 -0.11083452
v -0.21192787 -0.08947734 -0.13489435
v -0.20273409 -0.07166039 -0.11083452
v -0.20333867 -0.08097543 -0.10698250
v -0.21046272 -0.10931780 -0.11341915
v -0.21152430 -0.10740321 -0.11952084
v -0.20392952 -0.09005085 -0.10228365
v -0.20392952 -0.09005085 -0.10228365
v -0.21152430 -0.10740321 -0.11952084
v -0.21182909 -0.10532125 -0.12254238
v -0.20392952 -0.09005085 -0.10228365
v -0.21182909 -0.10532125 -0.12254238
v -0.20333867 -0.08097543 -0.10698250
v -0.20333867 -0.08097543 -0.10698250
v -0.21182909 -0.10532125 -0.12254238
v -0.21192700 -0.10272218 -0.12510000
v -0.20333867 -0.08097543 -0.10698250
v -0.21192700 -0.10272218 -0.12510000
v -0.21192787 -0.10069247 -0.12674267
v -0.21046272 -0.10931780 -0.11341915
v -0.20392952 -0.09005085 -0.10228365
v -0.20930309 -0.10901278 -0.10875928
v -0.20930309 -0.10901278 -0.10875928
v -0.20392952 -0.09005085 -0.10228365
v -0.20449838 -0.09879065 -0.09673942
v -0.20930309 -0.10901278 -0.10875928
v -0.20449838 -0.09879065 -0.09673942
v -0.20504105 -0.10716230 -0.09030815
v -0.21192787 -0.10069247 -0.12674267
v -0.21192787 -0.08947734 -0.13489435
v -0.20333867 -0.08097543 -0.10698250
v -0.20510822 -0.04532047 -0.13285271
v -0.20073234 -0.04027814 -0.11773879
v -0.20510822 -0.05651580 -0.12849028
v -0.20510822 -0.05651580 -0.12849028
v -0.20073234 -0.04027814 -0.11773879
v -0.20142229 -0.05122228 -0.11631335
v -0.20510822 -0.05651580 -0.12849028
v -0.20142229 -0.05122228 -0.11631335
v -0.21192787 -0.07760578 -0.14205642
v -0.21192787 -0.07760578 -0.14205642
v -0.20142229 -0.05122228 -0.11631335
v -0.20212354 -0.06219656 -0.11385003
v -0.21168279 0.10655294 -0.12090158
v -0.21079517 0.10908249 -0.11502479
v -0.20510821 0.09029171 -0.10747648
v -0.20510821 0.09029171 -0.10747648
v -0.21079517 0.10908249 -0.11502479
v -0.20969795 0.10930204 -0.11018595
v -0.20510821 0.09029171 -0.10747648
v -0.20969795 0.10930204 -0.11018595
v -0.20510821 0.09915216 -0.09936115
v -0.20510821 0.09915216 -0.09936115
v -0.20969795 0.10930204 -0.11018595
v -0.20930742 0.10903490 -0.10875606
v -0.20510821 0.09915216 -0.09936115
v -0.20930742 0.10903490 -0.10875606
v -0.20503702 0.10709994 -0.09036072
v -0.21192684 0.10272190 -0.12509956
v -0.21168279 0.10655294 -0.12090158
v -0.20510821 0.09029171 -0.10747648
v -0.21192684 0.10272190 -0.12509956
v -0.20510821 0.09029171 -0.10747648
v -0.20510821 0.08076971 -0.11480436
v -0.21192684 0.10272190 -0.12509956
v -0.20510821 0.08076971 -0.11480436
v -0.21192787 0.09978411 -0.12745906
v -0.20008240 -0.02979737 -0.11818181
v -0.20073234 -0.04027814 -0.11773879
v -0.20510822 -0.04532047 -0.13285271
v -0.20008240 -0.02979737 -0.11818181
v -0.20510822 -0.04532047 -0.13285271
v -0.20510822 -0.03379309 -0.13624174
v -0.20008240 -0.02979737 -0.11818181
v -0.20510822 -0.03379309 -0.13624174
v -0.19926534 0.00973671 -0.11818182
v -0.20008240 0.02979737 -0.11818181
v -0.19926534 0.00973671 -0.11818182
v -0.20510822 0.01392441 -0.13967785
v -0.20008240 0.02979737 -0.11818181
v -0.20510822 0.01392441 -0.13967785
v -0.20510822 0.02581843 -0.13797535
v -0.20008240 0.02979737 -0.11818181
v -0.20510822 0.02581843 -0.13797535
v -0.20510822 0.03752328 -0.13526193
v -0.20008240 0.02979737 -0.11818181
v -0.20510822 0.03752328 -0.13526193
v -0.20073580 0.04033333 -0.11773409
v -0.19926534 0.00973671 -0.11818182
v -0.20510822 -0.03379309 -0.13624174
v -0.20510822 -0.02201811 -0.13863258
v -0.19926534 0.00973671 -0.11818182
v -0.20510822 -0.02201811 -0.13863258
v -0.20510822 -0.01008181 -0.14000766
v -0.19926534 0.00973671 -0.11818182
v -0.20510822 -0.01008181 -0.14000766
v -0.20510822 0.00192836 -0.14035694
v -0.19926534 0.00973671 -0.11818182
v -0.20510822 0.00192836 -0.14035694
v -0.20510822 0.01392441 -0.13967785
v -0.20503702 0.10709994 -0.09036072
v -0.20421960 0.09450535 -0.09959348
v -0.20510821 0.09915216 -0.09936115
v -0.20421960 0.09450535 -0.09959348
v -0.20510821 0.09029171 -0.10747648
v -0.20510821 0.09915216 -0.09936115
v -0.20334286 0.08104000 -0.10695251
v -0.20510821 0.08076971 -0.11480436
v -0.20510821 0.09029171 -0.10747648
v -0.20334286 0.08104000 -0.10695251
v -0.20510821 0.09029171 -0.10747648
v -0.20421960 0.09450535 -0.09959348
v -0.20269195 0.07100932 -0.11106994
v -0.20510821 0.07065593 -0.12129109
v -0.20510821 0.08076971 -0.11480436
v -0.20269195 0.07100932 -0.11106994
v -0.20510821 0.08076971 -0.11480436
v -0.20334286 0.08104000 -0.10695251
v -0.20510821 0.08076971 -0.11480436
v -0.21192787 0.08731519 -0.13630384
v -0.21192787 0.09978411 -0.12745906
v -0.20203466 0.06081231 -0.11422017
v -0.20510822 0.06002446 -0.12688913
v -0.20510821 0.07065593 -0.12129109
v -0.20203466 0.06081231 -0.11422017
v -0.20510821 0.07065593 -0.12129109
v -0.20269195 0.07100932 -0.11106994
v -0.20510821 0.07065593 -0.12129109
v -0.21192787 0.07405998 -0.14393678
v -0.21192787 0.08731519 -0.13630384
v -0.20510821 0.07065593 -0.12129109
v -0.21192787 0.08731519 -0.13630384
v -0.20510821 0.08076971 -0.11480436
v -0.20137994 0.05055499 -0.11642913
v -0.20510822 0.04895321 -0.13155748
v -0.20510822 0.06002446 -0.12688913
v -0.20137994 0.05055499 -0.11642913
v -0.20510822 0.06002446 -0.12688913
v -0.20203466 0.06081231 -0.11422017
v -0.20510822 0.06002446 -0.12688913
v -0.21192787 0.05852682 -0.15092148
v -0.21192787 0.07405998 -0.14393678
v -0.20510822 0.06002446 -0.12688913
v -0.21192787 0.07405998 -0.14393678
v -0.20510821 0.07065593 -0.12129109
v -0.20073580 0.04033333 -0.11773409
v -0.20510822 0.03752328 -0.13526193
v -0.20510822 0.04895321 -0.13155748
v -0.20073580 0.04033333 -0.11773409
v -0.20510822 0.04895321 -0.13155748
v -0.20137994 0.05055499 -0.11642913
v -0.20510822 0.03752328 -0.13526193
v -0.21192787 0.04228768 -0.15625117
v -0.21192787 0.05852682 -0.15092148
v -0.20510822 0.04895321 -0.13155748
v -0.20510822 0.03752328 -0.13526193
v -0.21192787 0.05852682 -0.15092148
v -0.20510822 0.04895321 -0.13155748
v -0.21192787 0.05852682 -0.15092148
v -0.20510822 0.06002446 -0.12688913
v -0.20510822 0.02581843 -0.13797535
v -0.21192787 0.02551599 -0.15984873
v -0.21192787 0.04228768 -0.15625117
v -0.20510822 0.02581843 -0.13797535
v -0.21192787 0.04228768 -0.15625117
v -0.20510822 0.03752328 -0.13526193
v -0.20510822 0.01392441 -0.13967785
v -0.21192787 0.01337334 -0.16131904
v -0.21192787 0.02551599 -0.15984873
v -0.20510822 0.01392441 -0.13967785
v -0.21192787 0.02551599 -0.15984873
v -0.20510822 0.02581843 -0.13797535
v -0.20510822 0.00192836 -0.14035694
v -0.21192787 0.00113330 -0.16186846
v -0.21192787 0.01337334 -0.16131904
v -0.20510822 0.00192836 -0.14035694
v -0.21192787 0.01337334 -0.16131904
v -0.20510822 0.01392441 -0.13967785
v -0.20510822 -0.01008181 -0.14000766
v -0.21192787 -0.02333671 -0.16018139
v -0.21192787 -0.01112880 -0.16148941
v -0.20510822 -0.01008181 -0.14000766
v -0.21192787 -0.01112880 -0.16148941
v -0.20510822 0.00192836 -0.14035694
v -0.20510822 -0.03379309 -0.13624174
v -0.21192787 -0.04212290 -0.15629568
v -0.21192787 -0.02333671 -0.16018139
v -0.20510822 -0.02201811 -0.13863258
v -0.20510822 -0.03379309 -0.13624174
v -0.21192787 -0.02333671 -0.16018139
v -0.20510822 -0.02201811 -0.13863258
v -0.21192787 -0.02333671 -0.16018139
v -0.20510822 -0.01008181 -0.14000766
v -0.20510822 -0.04532047 -0.13285271
v -0.21192787 -0.06030372 -0.15022032
v -0.21192787 -0.04212290 -0.15629568
v -0.20510822 -0.04532047 -0.13285271
v -0.21192787 -0.04212290 -0.15629568
v -0.20510822 -0.03379309 -0.13624174
v -0.21192787 -0.07760578 -0.14205642
v -0.21192787 -0.06030372 -0.15022032
v -0.20510822 -0.05651580 -0.12849028
v -0.20510822 -0.05651580 -0.12849028
v -0.21192787 -0.06030372 -0.15022032
v -0.20510822 -0.04532047 -0.13285271
v -0.20510822 0.00192836 -0.14035694
v -0.21192787 -0.01112880 -0.16148941
v -0.21192787 0.00113330 -0.16186846
v -0.19434187 -0.00000000 -0.10580715
v -0.18642809 -0.00000000 -0.09513973
v -0.19526559 -0.03009336 -0.10580715
v -0.18642809 -0.00000000 -0.09513973
v -0.18736671 -0.03057873 -0.09513973
v -0.19526559 -0.03009336 -0.10580715
v -0.18642809 -0.00000000 -0.09513973
v -0.17598489 -0.00000000 -0.08693236
v -0.18736671 -0.03057873 -0.09513973
v -0.17598489 -0.00000000 -0.08693236
v -0.17694317 -0.03121924 -0.08693236
v -0.18736671 -0.03057873 -0.09513973
v -0.17598489 -0.00000000 -0.08693236
v -0.16374922 -0.00000000 -0.08176421
v -0.17694317 -0.03121924 -0.08693236
v -0.16374922 -0.00000000 -0.08176421
v -0.16473052 -0.03196969 -0.08176421
v -0.17694317 -0.03121924 -0.08693236
v -0.16374922 -0.00000000 -0.08176421
v -0.15069185 0.01071038 -0.08000000
v -0.16473052 -0.03196969 -0.08176421
v -0.15069185 0.01071038 -0.08000000
v -0.15159061 -0.03277710 -0.08000000
v -0.16473052 -0.03196969 -0.08176421
v -0.20008240 -0.02979737 -0.11818181
v -0.19926534 0.00973671 -0.11818182
v -0.19526559 -0.03009336 -0.10580715
v -0.19926534 0.00973671 -0.11818182
v -0.19434187 -0.00000000 -0.10580715
v -0.19526559 -0.03009336 -0.10580715
v -0.19926534 0.00973671 -0.11818182
v -0.19808595 0.02992005 -0.11183352
v -0.19434187 -0.00000000 -0.10580715
v -0.19808595 0.02992005 -0.11183352
v -0.19526559 0.03009336 -0.10580715
v -0.19434187 -0.00000000 -0.10580715
v -0.17100890 0.03158389 -0.08394019
v -0.16473052 0.03196968 -0.08176421
v -0.17598489 -0.00000000 -0.08693236
v -0.16473052 0.03196968 -0.08176421
v -0.16374922 -0.00000000 -0.08176421
v -0.17598489 -0.00000000 -0.08693236
v -0.16473052 0.03196968 -0.08176421
v -0.15821931 0.03236978 -0.08044301
v -0.16374922 -0.00000000 -0.08176421
v -0.18242817 0.03088219 -0.09068773
v -0.17694317 0.03121924 -0.08693236
v -0.18642809 -0.00000000 -0.09513973
v -0.17694317 0.03121924 -0.08693236
v -0.17598489 -0.00000000 -0.08693236
v -0.18642809 -0.00000000 -0.09513973
v -0.17694317 0.03121924 -0.08693236
v -0.17100890 0.03158389 -0.08394019
v -0.17598489 -0.00000000 -0.08693236
v -0.19167127 0.03031422 -0.10020948
v -0.18736671 0.03057873 -0.09513973
v -0.19434187 -0.00000000 -0.10580715
v -0.18736671 0.03057873 -0.09513973
v -0.18642809 -0.00000000 -0.09513973
v -0.19434187 -0.00000000 -0.10580715
v -0.18736671 0.03057873 -0.09513973
v -0.18242817 0.03088219 -0.09068773
v -0.18642809 -0.00000000 -0.09513973
v -0.16374922 -0.00000000 -0.08176421
v -0.15821931 0.03236978 -0.08044301
v -0.15069185 0.01071038 -0.08000000
v -0.15159061 0.03277710 -0.08000000
v -0.15069185 0.01071038 -0.08000000
v -0.15821931 0.03236978 -0.08044301
v -0.19434187 -0.00000000 -0.10580715
v -0.19526559 0.03009336 -0.10580715
v -0.19167127 0.03031422 -0.10020948
v -0.20008240 0.02979737 -0.11818181
v -0.19808595 0.02992005 -0.11183352
v -0.19926534 0.00973671 -0.11818182
v -0.14715199 -0.01207718 -0.08000000
v -0.15069185 0.01071038 -0.08000000
v -0.14715199 0.01207718 -0.08000000
v -0.14715199 0.01207718 -0.08000000
v -0.15069185 0.01071038 -0.08000000
v -0.15159061 0.03277710 -0.08000000
v -0.14715199 0.01207718 -0.08000000
v -0.15159061 0.03277710 -0.08000000
v -0.14321370 0.03590830 -0.08000000
v -0.15159061 -0.03277710 -0.08000000
v -0.14715199 -0.01207718 -0.08000000
v -0.14321370 -0.03590830 -0.08000000
v -0.15159061 -0.03277710 -0.08000000
v -0.15069185 0.01071038 -0.08000000
v -0.14715199 -0.01207718 -0.08000000
v -0.17978387 -0.08178452 -0.07129426
v -0.17330912 -0.08010285 -0.06991227
v -0.17844380 -0.08476783 -0.06816062
v -0.17330912 -0.08010285 -0.06991227
v -0.17223158 -0.08258540 -0.06762333
v -0.17844380 -0.08476783 -0.06816062
v -0.17330912 -0.08010285 -0.06991227
v -0.16649818 -0.07983199 -0.07035776
v -0.17223158 -0.08258540 -0.06762333
v -0.16649818 -0.07983199 -0.07035776
v -0.16574933 -0.08187059 -0.06867815
v -0.17223158 -0.08258540 -0.06762333
v -0.16649818 -0.07983199 -0.07035776
v -0.16014562 -0.08100352 -0.07257874
v -0.16574933 -0.08187059 -0.06867815
v -0.16014562 -0.08100352 -0.07257874
v -0.15970425 -0.08270144 -0.07121002
v -0.16574933 -0.08187059 -0.06867815
v -0.16014562 -0.08100352 -0.07257874
v -0.15499243 -0.08348075 -0.07631615
v -0.15970425 -0.08270144 -0.07121002
v -0.15499243 -0.08348075 -0.07631615
v -0.15475601 -0.08498729 -0.07494270
v -0.15970425 -0.08270144 -0.07121002
v -0.15499243 -0.08348075 -0.07631615
v -0.15163974 -0.08697475 -0.08113402
v -0.15475601 -0.08498729 -0.07494270
v -0.15163974 -0.08697475 -0.08113402
v -0.15100889 -0.08978458 -0.07755067
v -0.15475601 -0.08498729 -0.07494270
v -0.17119266 -0.07050742 -0.07483468
v -0.17311187 -0.07464918 -0.07333911
v -0.17713006 -0.06927037 -0.07735872
v -0.17311187 -0.07464918 -0.07333911
v -0.17896232 -0.07301075 -0.07641996
v -0.17713006 -0.06927037 -0.07735872
v -0.17311187 -0.07464918 -0.07333911
v -0.17359081 -0.07745913 -0.07181922
v -0.17896232 -0.07301075 -0.07641996
v -0.17359081 -0.07745913 -0.07181922
v -0.18007948 -0.07762089 -0.07434294
v -0.17896232 -0.07301075 -0.07641996
v -0.17359081 -0.07745913 -0.07181922
v -0.17330912 -0.08010285 -0.06991227
v -0.18007948 -0.07762089 -0.07434294
v -0.17330912 -0.08010285 -0.06991227
v -0.17978387 -0.08178452 -0.07129426
v -0.18007948 -0.07762089 -0.07434294
v -0.17311187 -0.07464918 -0.07333911
v -0.16633324 -0.07566046 -0.07295788
v -0.17359081 -0.07745913 -0.07181922
v -0.16633324 -0.07566046 -0.07295788
v -0.16668020 -0.07778256 -0.07176729
v -0.17359081 -0.07745913 -0.07181922
v -0.16633324 -0.07566046 -0.07295788
v -0.15998559 -0.07761392 -0.07469248
v -0.16668020 -0.07778256 -0.07176729
v -0.15998559 -0.07761392 -0.07469248
v -0.16022643 -0.07933455 -0.07371767
v -0.16668020 -0.07778256 -0.07176729
v -0.15998559 -0.07761392 -0.07469248
v -0.15481658 -0.08027944 -0.07833858
v -0.16022643 -0.07933455 -0.07371767
v -0.15481658 -0.08027944 -0.07833858
v -0.15500174 -0.08192938 -0.07743700
v -0.16022643 -0.07933455 -0.07371767
v -0.15481658 -0.08027944 -0.07833858
v -0.15129141 -0.08245716 -0.08378299
v -0.15500174 -0.08192938 -0.07743700
v -0.15129141 -0.08245716 -0.08378299
v -0.15163974 -0.08697475 -0.08113402
v -0.15500174 -0.08192938 -0.07743700
v -0.14843343 -0.07474115 -0.08440622
v -0.15022036 -0.07839365 -0.08444541
v -0.15268361 -0.07229922 -0.07943490
v -0.15022036 -0.07839365 -0.08444541
v -0.15345071 -0.07581242 -0.07977587
v -0.15268361 -0.07229922 -0.07943490
v -0.15022036 -0.07839365 -0.08444541
v -0.15129141 -0.08245716 -0.08378299
v -0.15345071 -0.07581242 -0.07977587
v -0.15129141 -0.08245716 -0.08378299
v -0.15420008 -0.07774414 -0.07928819
v -0.15345071 -0.07581242 -0.07977587
v -0.15129141 -0.08245716 -0.08378299
v -0.15481658 -0.08027944 -0.07833858
v -0.15420008 -0.07774414 -0.07928819
v -0.16692205 -0.05900028 -0.07760027
v -0.16434136 -0.06094724 -0.07652632
v -0.16911313 -0.06052628 -0.07771563
v -0.16434136 -0.06094724 -0.07652632
v -0.16631710 -0.06231604 -0.07648362
v -0.16911313 -0.06052628 -0.07771563
v -0.16434136 -0.06094724 -0.07652632
v -0.16168849 -0.06302174 -0.07601374
v -0.16631710 -0.06231604 -0.07648362
v -0.16168849 -0.06302174 -0.07601374
v -0.16342421 -0.06425799 -0.07585205
v -0.16631710 -0.06231604 -0.07648362
v -0.16168849 -0.06302174 -0.07601374
v -0.15904044 -0.06516362 -0.07607740
v -0.16342421 -0.06425799 -0.07585205
v -0.15904044 -0.06516362 -0.07607740
v -0.15771077 -0.06835207 -0.07644993
v -0.16342421 -0.06425799 -0.07585205
v -0.15904044 -0.06516362 -0.07607740
v -0.15647398 -0.06731075 -0.07671549
v -0.15771077 -0.06835207 -0.07644993
v -0.15187919 -0.07137322 -0.07962469
v -0.15268361 -0.07229922 -0.07943490
v -0.15647398 -0.06731075 -0.07671549
v -0.15268361 -0.07229922 -0.07943490
v -0.15771077 -0.06835207 -0.07644993
v -0.15647398 -0.06731075 -0.07671549
v -0.15268361 -0.07229922 -0.07943490
v -0.15795869 -0.07295655 -0.07654710
v -0.15771077 -0.06835207 -0.07644993
v -0.17844380 -0.08476783 -0.06816062
v -0.17223158 -0.08258540 -0.06762333
v -0.17602402 -0.08734597 -0.06458895
v -0.17223158 -0.08258540 -0.06762333
v -0.17247929 -0.08567490 -0.06467390
v -0.17602402 -0.08734597 -0.06458895
v -0.17223158 -0.08258540 -0.06762333
v -0.16877910 -0.08453720 -0.06528949
v -0.17247929 -0.08567490 -0.06467390
v -0.17223158 -0.08258540 -0.06762333
v -0.16574933 -0.08187059 -0.06867815
v -0.16877910 -0.08453720 -0.06528949
v -0.16574933 -0.08187059 -0.06867815
v -0.16506560 -0.08397650 -0.06641210
v -0.16877910 -0.08453720 -0.06528949
v -0.16574933 -0.08187059 -0.06867815
v -0.15970425 -0.08270144 -0.07121002
v -0.16506560 -0.08397650 -0.06641210
v -0.15970425 -0.08270144 -0.07121002
v -0.16148144 -0.08401435 -0.06799860
v -0.16506560 -0.08397650 -0.06641210
v -0.15970425 -0.08270144 -0.07121002
v -0.15816426 -0.08464929 -0.06998805
v -0.16148144 -0.08401435 -0.06799860
v -0.15970425 -0.08270144 -0.07121002
v -0.15475601 -0.08498729 -0.07494270
v -0.15816426 -0.08464929 -0.06998805
v -0.15475601 -0.08498729 -0.07494270
v -0.15524152 -0.08585694 -0.07230404
v -0.15816426 -0.08464929 -0.06998805
v -0.15475601 -0.08498729 -0.07494270
v -0.15282544 -0.08759091 -0.07485761
v -0.15524152 -0.08585694 -0.07230404
v -0.17359081 -0.07745913 -0.07181922
v -0.16668020 -0.07778256 -0.07176729
v -0.17330912 -0.08010285 -0.06991227
v -0.16668020 -0.07778256 -0.07176729
v -0.16649818 -0.07983199 -0.07035776
v -0.17330912 -0.08010285 -0.06991227
v -0.16668020 -0.07778256 -0.07176729
v -0.16022643 -0.07933455 -0.07371767
v -0.16649818 -0.07983199 -0.07035776
v -0.16022643 -0.07933455 -0.07371767
v -0.16014562 -0.08100352 -0.07257874
v -0.16649818 -0.07983199 -0.07035776
v -0.16022643 -0.07933455 -0.07371767
v -0.15500174 -0.08192938 -0.07743700
v -0.16014562 -0.08100352 -0.07257874
v -0.15500174 -0.08192938 -0.07743700
v -0.15499243 -0.08348075 -0.07631615
v -0.16014562 -0.08100352 -0.07257874
v -0.15500174 -0.08192938 -0.07743700
v -0.15163974 -0.08697475 -0.08113402
v -0.15499243 -0.08348075 -0.07631615
v -0.17119266 -0.07050742 -0.07483468
v -0.16494945 -0.07248364 -0.07431453
v -0.17311187 -0.07464918 -0.07333911
v -0.16494945 -0.07248364 -0.07431453
v -0.16633324 -0.07566046 -0.07295788
v -0.17311187 -0.07464918 -0.07333911
v -0.16494945 -0.07248364 -0.07431453
v -0.15907396 -0.07498588 -0.07585441
v -0.16633324 -0.07566046 -0.07295788
v -0.15907396 -0.07498588 -0.07585441
v -0.15998559 -0.07761392 -0.07469248
v -0.16633324 -0.07566046 -0.07295788
v -0.15907396 -0.07498588 -0.07585441
v -0.15420008 -0.07774414 -0.07928819
v -0.15998559 -0.07761392 -0.07469248
v -0.15420008 -0.07774414 -0.07928819
v -0.15481658 -0.08027944 -0.07833858
v -0.15998559 -0.07761392 -0.07469248
v -0.17440638 -0.06549015 -0.07777839
v -0.16897209 -0.06753162 -0.07549731
v -0.17713006 -0.06927037 -0.07735872
v -0.16897209 -0.06753162 -0.07549731
v -0.17119266 -0.07050742 -0.07483468
v -0.17713006 -0.06927037 -0.07735872
v -0.16897209 -0.06753162 -0.07549731
v -0.16330582 -0.07010381 -0.07507313
v -0.17119266 -0.07050742 -0.07483468
v -0.16330582 -0.07010381 -0.07507313
v -0.16494945 -0.07248364 -0.07431453
v -0.17119266 -0.07050742 -0.07483468
v -0.16330582 -0.07010381 -0.07507313
v -0.15795869 -0.07295655 -0.07654710
v -0.16494945 -0.07248364 -0.07431453
v -0.15795869 -0.07295655 -0.07654710
v -0.15907396 -0.07498588 -0.07585441
v -0.16494945 -0.07248364 -0.07431453
v -0.15795869 -0.07295655 -0.07654710
v -0.15345071 -0.07581242 -0.07977587
v -0.15907396 -0.07498588 -0.07585441
v -0.15345071 -0.07581242 -0.07977587
v -0.15420008 -0.07774414 -0.07928819
v -0.15907396 -0.07498588 -0.07585441
v -0.16911313 -0.06052628 -0.07771563
v -0.16631710 -0.06231604 -0.07648362
v -0.17440638 -0.06549015 -0.07777839
v -0.16631710 -0.06231604 -0.07648362
v -0.16897209 -0.06753162 -0.07549731
v -0.17440638 -0.06549015 -0.07777839
v -0.16631710 -0.06231604 -0.07648362
v -0.16342421 -0.06425799 -0.07585205
v -0.16897209 -0.06753162 -0.07549731
v -0.15100889 -0.08978458 -0.07755067
v -0.15282544 -0.08759091 -0.07485761
v -0.15475601 -0.08498729 -0.07494270
v -0.14843343 -0.07474115 -0.08440622
v -0.15268361 -0.07229922 -0.07943490
v -0.15187919 -0.07137322 -0.07962469
v -0.16342421 -0.06425799 -0.07585205
v -0.16330582 -0.07010381 -0.07507313
v -0.16897209 -0.06753162 -0.07549731
v -0.16342421 -0.06425799 -0.07585205
v -0.15771077 -0.06835207 -0.07644993
v -0.16330582 -0.07010381 -0.07507313
v -0.16330582 -0.07010381 -0.07507313
v -0.15771077 -0.06835207 -0.07644993
v -0.15795869 -0.07295655 -0.07654710
v -0.15795869 -0.07295655 -0.07654710
v -0.15268361 -0.07229922 -0.07943490
v -0.15345071 -0.07581242 -0.07977587
v -0.10409127 -0.10094565 -0.09400000
v -0.10619198 -0.10206262 -0.09400000
v -0.10447034 -0.10055330 -0.09400000
v -0.13803029 -0.10757630 -0.10400000
v -0.14186151 -0.09999116 -0.10400000
v -0.14002740 -0.08665571 -0.10400000
v -0.14186151 -0.09999116 -0.10400000
v -0.14148732 -0.08937934 -0.10400000
v -0.14002740 -0.08665571 -0.10400000
v -0.14186151 -0.09999116 -0.10400000
v -0.14251599 -0.09428630 -0.10400000
v -0.14148732 -0.08937934 -0.10400000
v -0.12764300 -0.06896894 -0.10400000
v -0.13803029 -0.10757630 -0.10400000
v -0.14002740 -0.08665571 -0.10400000
v -0.12764300 -0.06896894 -0.10400000
v -0.13428998 -0.11221063 -0.10400000
v -0.13803029 -0.10757630 -0.10400000
v -0.12764300 -0.06896894 -0.10400000
v -0.13208896 -0.11372932 -0.10400000
v -0.13428998 -0.11221063 -0.10400000
v -0.12764300 -0.06896894 -0.10400000
v -0.13006519 -0.11398892 -0.10400000
v -0.13208896 -0.11372932 -0.10400000
v -0.12764300 -0.06896894 -0.10400000
v -0.12810789 -0.11341894 -0.10400000
v -0.13006519 -0.11398892 -0.10400000
v -0.12764300 -0.06896894 -0.10400000
v -0.11697380 -0.08568633 -0.10400000
v -0.12810789 -0.11341894 -0.10400000
v -0.12764300 -0.06896894 -0.10400000
v -0.12724955 -0.06951670 -0.10400000
v -0.11697380 -0.08568633 -0.10400000
v -0.12764300 -0.06896894 -0.10400000
v -0.12758808 -0.06889340 -0.10400000
v -0.12724955 -0.06951670 -0.10400000
v -0.12810789 -0.11341894 -0.10400000
v -0.11697380 -0.08568633 -0.10400000
v -0.10637224 -0.10186189 -0.10400000
v -0.10465597 -0.10036008 -0.10400000
v -0.10637224 -0.10186189 -0.10400000
v -0.11697380 -0.08568633 -0.10400000
v -0.14002740 -0.08665571 -0.10400000
v -0.14148732 -0.08937934 -0.10400000
v -0.14843343 -0.07474115 -0.08440622
v -0.14148732 -0.08937934 -0.10400000
v -0.15022036 -0.07839365 -0.08444541
v -0.14843343 -0.07474115 -0.08440622
v -0.14148732 -0.08937934 -0.10400000
v -0.14251599 -0.09428630 -0.10400000
v -0.15022036 -0.07839365 -0.08444541
v -0.14251599 -0.09428630 -0.10400000
v -0.15129141 -0.08245716 -0.08378299
v -0.15022036 -0.07839365 -0.08444541
v -0.14251599 -0.09428630 -0.10400000
v -0.14186151 -0.09999116 -0.10400000
v -0.15129141 -0.08245716 -0.08378299
v -0.14186151 -0.09999116 -0.10400000
v -0.15163974 -0.08697475 -0.08113402
v -0.15129141 -0.08245716 -0.08378299
v -0.14186151 -0.09999116 -0.10400000
v -0.13803029 -0.10757630 -0.10400000
v -0.15163974 -0.08697475 -0.08113402
v -0.13803029 -0.10757630 -0.10400000
v -0.15100889 -0.08978458 -0.07755067
v -0.15163974 -0.08697475 -0.08113402
v -0.13803029 -0.10757630 -0.10400000
v -0.15087540 -0.09004833 -0.07709738
v -0.15100889 -0.08978458 -0.07755067
v -0.13116617 -0.06180985 -0.09400000
v -0.13130493 -0.06199098 -0.09400000
v -0.13117096 -0.06179966 -0.09400000
v -0.12758808 -0.06889340 -0.10400000
v -0.12764300 -0.06896894 -0.10400000
v -0.13116617 -0.06180985 -0.09400000
v -0.12764300 -0.06896894 -0.10400000
v -0.13130493 -0.06199098 -0.09400000
v -0.13116617 -0.06180985 -0.09400000
v -0.13058781 -0.04354536 -0.08948879
v -0.13033747 -0.04768726 -0.08693445
v -0.13123709 -0.04502684 -0.08537604
v -0.13123709 -0.04502684 -0.08537604
v -0.13033747 -0.04768726 -0.08693445
v -0.13210988 -0.04964434 -0.08407573
v -0.13123709 -0.04502684 -0.08537604
v -0.13210988 -0.04964434 -0.08407573
v -0.13361174 -0.04683659 -0.08211768
v -0.13288452 -0.05365886 -0.08532684
v -0.13504389 -0.05132352 -0.08214806
v -0.13210988 -0.04964434 -0.08407573
v -0.13288452 -0.05365886 -0.08532684
v -0.13210988 -0.04964434 -0.08407573
v -0.13033747 -0.04768726 -0.08693445
v -0.13288452 -0.05365886 -0.08532684
v -0.13033747 -0.04768726 -0.08693445
v -0.13186647 -0.05218019 -0.08557176
v -0.13361174 -0.04683659 -0.08211768
v -0.13210988 -0.04964434 -0.08407573
v -0.13504389 -0.05132352 -0.08214806
v -0.13724796 -0.04862114 -0.08035010
v -0.13361174 -0.04683659 -0.08211768
v -0.13504389 -0.05132352 -0.08214806
v -0.09219379 0.10220563 -0.09000000
v -0.09568526 0.10056604 -0.07988281
v -0.09157824 0.10345640 -0.07004560
v -0.09568526 0.10056604 -0.07988281
v -0.09557570 0.10115689 -0.06998779
v -0.09157824 0.10345640 -0.07004560
v -0.09568526 0.10056604 -0.07988281
v -0.09983926 0.10006028 -0.07988281
v -0.09557570 0.10115689 -0.06998779
v -0.09983926 0.10006028 -0.07988281
v -0.10015569 0.10061422 -0.06998779
v -0.09557570 0.10115689 -0.06998779
v -0.09983926 0.10006028 -0.07988281
v -0.10457985 0.10191586 -0.07004560
v -0.10015569 0.10061422 -0.06998779
v -0.10457985 0.10191586 -0.07004560
v -0.09983926 0.10006028 -0.07988281
v -0.10359515 0.10080049 -0.09000000
v -0.09983926 0.10006028 -0.07988281
v -0.10134643 0.09993339 -0.09000000
v -0.10359515 0.10080049 -0.09000000
v -0.09983926 0.10006028 -0.07988281
v -0.09648477 0.09992386 -0.09000000
v -0.10134643 0.09993339 -0.09000000
v -0.09983926 0.10006028 -0.07988281
v -0.09568526 0.10056604 -0.07988281
v -0.09648477 0.09992386 -0.09000000
v -0.09219379 0.10220563 -0.09000000
v -0.09648477 0.09992386 -0.09000000
v -0.09568526 0.10056604 -0.07988281
v -0.03983097 0.13175420 -0.09000001
v -0.05867323 0.12451156 -0.09000001
v -0.05672521 0.12654738 -0.05043122
v -0.05867323 0.12451156 -0.09000001
v -0.06178552 0.12406008 -0.05368637
v -0.05672521 0.12654738 -0.05043122
v -0.05867323 0.12451156 -0.09000001
v -0.06693593 0.12127648 -0.05643570
v -0.06178552 0.12406008 -0.05368637
v -0.00000006 0.14000000 0.00000000
v -0.00000006 0.13764328 -0.09000001
v -0.00142457 0.13999216 -0.00002287
v -0.00000006 0.13764328 -0.09000001
v -0.00998837 0.13960537 -0.00144284
v -0.00142457 0.13999216 -0.00002287
v -0.00000006 0.13764328 -0.09000001
v -0.01659844 0.13889046 -0.00463005
v -0.00998837 0.13960537 -0.00144284
v -0.07625354 0.11459092 -0.09000000
v -0.06693593 0.12127648 -0.05643570
v -0.05867323 0.12451156 -0.09000001
v -0.07625354 0.11459092 -0.09000000
v -0.07741407 0.11471692 -0.06133106
v -0.06693593 0.12127648 -0.05643570
v -0.07625354 0.11459092 -0.09000000
v -0.08488497 0.10917189 -0.06532681
v -0.07741407 0.11471692 -0.06133106
v -0.07625354 0.11459092 -0.09000000
v -0.09157824 0.10345640 -0.07004560
v -0.08488497 0.10917189 -0.06532681
v -0.07625354 0.11459092 -0.09000000
v -0.09219379 0.10220563 -0.09000000
v -0.09157824 0.10345640 -0.07004560
v -0.02013202 0.13616304 -0.09000001
v -0.01659844 0.13889046 -0.00463005
v -0.00000006 0.13764328 -0.09000001
v -0.02013202 0.13616304 -0.09000001
v -0.02320695 0.13778660 -0.01041580
v -0.01659844 0.13889046 -0.00463005
v -0.02013202 0.13616304 -0.09000001
v -0.02847990 0.13661425 -0.01713675
v -0.02320695 0.13778660 -0.01041580
v -0.02013202 0.13616304 -0.09000001
v -0.03334903 0.13531527 -0.02428131
v -0.02847990 0.13661425 -0.01713675
v -0.02013202 0.13616304 -0.09000001
v -0.03872896 0.13367105 -0.03175362
v -0.03334903 0.13531527 -0.02428131
v -0.02013202 0.13616304 -0.09000001
v -0.03983097 0.13175420 -0.09000001
v -0.03872896 0.13367105 -0.03175362
v -0.04700316 0.13071750 -0.04157526
v -0.03872896 0.13367105 -0.03175362
v -0.03983097 0.13175420 -0.09000001
v -0.04700316 0.13071750 -0.04157526
v -0.03983097 0.13175420 -0.09000001
v -0.05177010 0.12876627 -0.04645254
v -0.03983097 0.13175420 -0.09000001
v -0.05672521 0.12654738 -0.05043122
v -0.05177010 0.12876627 -0.04645254
v -0.00000006 0.14000000 0.00000000
v 0.02185315 0.13828391 -0.00000000
v -0.00000006 0.13764328 -0.09000001
v 0.02185315 0.13828391 -0.00000000
v 0.02265527 0.13576600 -0.09000001
v -0.00000006 0.13764328 -0.09000001
v 0.02185315 0.13828391 -0.00000000
v 0.04317061 0.13317768 -0.00000000
v 0.02265527 0.13576600 -0.09000001
v 0.04286478 -0.13327643 -0.00000000
v 0.04469264 -0.13018538 -0.09000001
v 0.06299958 -0.12502418 -0.00000000
v 0.04469264 -0.13018538 -0.09000001
v 0.06315911 -0.12438001 -0.01920143
v 0.06299958 -0.12502418 -0.00000000
v 0.04469264 -0.13018538 -0.09000001
v 0.06521484 -0.12253299 -0.04556825
v 0.06315911 -0.12438001 -0.01920143
v -0.00000006 -0.13764328 -0.09000001
v 0.02265527 -0.13576600 -0.09000001
v -0.00000006 -0.14000000 -0.00000000
v 0.02265527 -0.13576600 -0.09000001
v 0.02169441 -0.13830891 -0.00000000
v -0.00000006 -0.14000000 -0.00000000
v 0.02265527 -0.13576600 -0.09000001
v 0.04286478 -0.13327643 -0.00000000
v 0.02169441 -0.13830891 -0.00000000
v 0.10184948 -0.09541203 -0.01683201
v 0.10196102 -0.09593717 -0.00000001
v 0.09541198 -0.10184953 -0.01683201
v 0.10196102 -0.09593717 -0.00000001
v 0.09593715 -0.10196105 -0.00000000
v 0.09541198 -0.10184953 -0.01683201
v 0.12604998 -0.05529068 -0.09000002
v 0.11586138 -0.07510243 -0.07357625
v 0.11523028 -0.07528374 -0.09000002
v 0.12604998 -0.05529068 -0.09000002
v 0.11741995 -0.07274043 -0.07158801
v 0.11586138 -0.07510243 -0.07357625
v 0.12604998 -0.05529068 -0.09000002
v 0.11866697 -0.07081830 -0.06903583
v 0.11741995 -0.07274043 -0.07158801
v 0.12604998 -0.05529068 -0.09000002
v 0.11990819 -0.06889848 -0.06518303
v 0.11866697 -0.07081830 -0.06903583
v 0.12604998 -0.05529068 -0.09000002
v 0.12079331 -0.06755588 -0.06106389
v 0.11990819 -0.06889848 -0.06518303
v 0.12604998 -0.05529068 -0.09000002
v 0.12164426 -0.06635359 -0.05481757
v 0.12079331 -0.06755588 -0.06106389
v 0.12604998 -0.05529068 -0.09000002
v 0.12253293 -0.06521490 -0.04556825
v 0.12164426 -0.06635359 -0.05481757
v 0.12604998 -0.05529068 -0.09000002
v 0.12437995 -0.06315917 -0.01920144
v 0.12253293 -0.06521490 -0.04556825
v 0.12604998 -0.05529068 -0.09000002
v 0.12502416 -0.06299958 -0.00000001
v 0.12437995 -0.06315917 -0.01920144
v 0.12604998 -0.05529068 -0.09000002
v 0.13332550 -0.04271183 -0.00000001
v 0.12502416 -0.06299958 -0.00000001
v 0.12604998 -0.05529068 -0.09000002
v 0.13343138 -0.03378943 -0.09000002
v 0.13332550 -0.04271183 -0.00000001
v 0.10126738 -0.09322326 -0.09000001
v 0.08501898 -0.10884371 -0.07206320
v 0.08454218 -0.10861988 -0.09000001
v 0.10126738 -0.09322326 -0.09000001
v 0.08726006 -0.10715601 -0.06908504
v 0.08501898 -0.10884371 -0.07206320
v 0.10126738 -0.09322326 -0.09000001
v 0.08893819 -0.10588552 -0.06562958
v 0.08726006 -0.10715601 -0.06908504
v 0.10126738 -0.09322326 -0.09000001
v 0.09111060 -0.10429209 -0.05786980
v 0.08893819 -0.10588552 -0.06562958
v 0.10126738 -0.09322326 -0.09000001
v 0.09161391 -0.10395680 -0.05481776
v 0.09111060 -0.10429209 -0.05786980
v 0.10126738 -0.09322326 -0.09000001
v 0.09316745 -0.10299067 -0.04282504
v 0.09161391 -0.10395680 -0.05481776
v 0.10126738 -0.09322326 -0.09000001
v 0.09541198 -0.10184953 -0.01683201
v 0.09316745 -0.10299067 -0.04282504
v 0.10126738 -0.09322326 -0.09000001
v 0.10184948 -0.09541203 -0.01683201
v 0.09541198 -0.10184953 -0.01683201
v 0.10126738 -0.09322326 -0.09000001
v 0.10299062 -0.09316751 -0.04282504
v 0.10184948 -0.09541203 -0.01683201
v 0.10126738 -0.09322326 -0.09000001
v 0.10395674 -0.09161396 -0.05481776
v 0.10299062 -0.09316751 -0.04282504
v 0.10126738 -0.09322326 -0.09000001
v 0.10429204 -0.09111066 -0.05786981
v 0.10395674 -0.09161396 -0.05481776
v 0.10126738 -0.09322326 -0.09000001
v 0.10588546 -0.08893825 -0.06562958
v 0.10429204 -0.09111066 -0.05786981
v 0.10126738 -0.09322326 -0.09000001
v 0.10715595 -0.08726012 -0.06908504
v 0.10588546 -0.08893825 -0.06562958
v 0.10126738 -0.09322326 -0.09000001
v 0.10884366 -0.08501904 -0.07206320
v 0.10715595 -0.08726012 -0.06908504
v 0.10126738 -0.09322326 -0.09000001
v 0.11128789 -0.08169279 -0.07434077
v 0.10884366 -0.08501904 -0.07206320
v 0.10126738 -0.09322326 -0.09000001
v 0.11366480 -0.07833234 -0.07476452
v 0.11128789 -0.08169279 -0.07434077
v 0.10126738 -0.09322326 -0.09000001
v 0.11523028 -0.07528374 -0.09000002
v 0.11366480 -0.07833234 -0.07476452
v 0.06551090 -0.12105365 -0.09000001
v 0.06521484 -0.12253299 -0.04556825
v 0.04469264 -0.13018538 -0.09000001
v 0.06551090 -0.12105365 -0.09000001
v 0.06635353 -0.12164431 -0.05481757
v 0.06521484 -0.12253299 -0.04556825
v 0.06551090 -0.12105365 -0.09000001
v 0.06755582 -0.12079336 -0.06106389
v 0.06635353 -0.12164431 -0.05481757
v 0.06551090 -0.12105365 -0.09000001
v 0.06889842 -0.11990824 -0.06518303
v 0.06755582 -0.12079336 -0.06106389
v 0.06551090 -0.12105365 -0.09000001
v 0.07081824 -0.11866703 -0.06903583
v 0.06889842 -0.11990824 -0.06518303
v 0.06551090 -0.12105365 -0.09000001
v 0.07274037 -0.11742001 -0.07158800
v 0.07081824 -0.11866703 -0.06903583
v 0.06551090 -0.12105365 -0.09000001
v 0.07510237 -0.11586144 -0.07357624
v 0.07274037 -0.11742001 -0.07158800
v 0.06551090 -0.12105365 -0.09000001
v 0.07833228 -0.11366486 -0.07476451
v 0.07510237 -0.11586144 -0.07357624
v 0.06551090 -0.12105365 -0.09000001
v 0.08454218 -0.10861988 -0.09000001
v 0.07833228 -0.11366486 -0.07476451
v 0.04469264 0.13018538 -0.09000001
v 0.04317061 0.13317768 -0.00000000
v 0.06342972 0.12480651 -0.00000000
v 0.04469264 0.13018538 -0.09000001
v 0.02265527 0.13576600 -0.09000001
v 0.04317061 0.13317768 -0.00000000
v 0.06551090 0.12105365 -0.09000001
v 0.06342972 0.12480651 -0.00000000
v 0.08213380 0.11337563 -0.00000000
v 0.06551090 0.12105365 -0.09000001
v 0.04469264 0.13018538 -0.09000001
v 0.06342972 0.12480651 -0.00000000
v 0.08454218 0.10861988 -0.09000001
v 0.08213380 0.11337563 -0.00000000
v 0.09882431 0.09916525 -0.00000001
v 0.08454218 0.10861988 -0.09000001
v 0.06551090 0.12105365 -0.09000001
v 0.08213380 0.11337563 -0.00000000
v 0.10126738 0.09322326 -0.09000001
v 0.09882431 0.09916525 -0.00000001
v 0.11309207 0.08252377 -0.00000001
v 0.10126738 0.09322326 -0.09000001
v 0.08454218 0.10861988 -0.09000001
v 0.09882431 0.09916525 -0.00000001
v 0.11523028 0.07528374 -0.09000002
v 0.11309207 0.08252377 -0.00000001
v 0.12458730 0.06385916 -0.00000001
v 0.11523028 0.07528374 -0.09000002
v 0.10126738 0.09322326 -0.09000001
v 0.11309207 0.08252377 -0.00000001
v 0.12604998 0.05529068 -0.09000002
v 0.12458730 0.06385916 -0.00000001
v 0.13302819 0.04362901 -0.00000001
v 0.12604998 0.05529068 -0.09000002
v 0.11523028 0.07528374 -0.09000002
v 0.12458730 0.06385916 -0.00000001
v 0.13343138 0.03378943 -0.09000002
v 0.13302819 0.04362901 -0.00000001
v 0.13820779 0.02232925 -0.00000001
v 0.13343138 0.03378943 -0.09000002
v 0.12604998 0.05529068 -0.09000002
v 0.13302819 0.04362901 -0.00000001
v 0.13717309 0.01136649 -0.09000002
v 0.13820779 0.02232925 -0.00000001
v 0.13999913 0.00048208 -0.00000001
v 0.13717309 0.01136649 -0.09000002
v 0.13343138 0.03378943 -0.09000002
v 0.13820779 0.02232925 -0.00000001
v 0.13717309 -0.01136649 -0.09000002
v 0.13999913 0.00048208 -0.00000001
v 0.13835829 -0.02137691 -0.00000001
v 0.13717309 -0.01136649 -0.09000002
v 0.13717309 0.01136649 -0.09000002
v 0.13999913 0.00048208 -0.00000001
v 0.13343138 -0.03378943 -0.09000002
v 0.13835829 -0.02137691 -0.00000001
v 0.13332550 -0.04271183 -0.00000001
v 0.13343138 -0.03378943 -0.09000002
v 0.13717309 -0.01136649 -0.09000002
v 0.13835829 -0.02137691 -0.00000001
v 0.11523028 -0.07528374 -0.09000002
v 0.11586138 -0.07510243 -0.07357625
v 0.11366480 -0.07833234 -0.07476452
v 0.08454218 -0.10861988 -0.09000001
v 0.08501898 -0.10884371 -0.07206320
v 0.08169273 -0.11128795 -0.07434077
v 0.02265527 -0.13576600 -0.09000001
v 0.04469264 -0.13018538 -0.09000001
v 0.04286478 -0.13327643 -0.00000000
v 0.08454218 -0.10861988 -0.09000001
v 0.08169273 -0.11128795 -0.07434077
v 0.07833228 -0.11366486 -0.07476451
v -0.05672521 -0.12654738 -0.05043122
v -0.06178553 -0.12406008 -0.05368637
v -0.03983097 -0.13175420 -0.09000001
v -0.06178553 -0.12406008 -0.05368637
v -0.05867323 -0.12451156 -0.09000001
v -0.03983097 -0.13175420 -0.09000001
v -0.06178553 -0.12406008 -0.05368637
v -0.06693593 -0.12127648 -0.05643570
v -0.05867323 -0.12451156 -0.09000001
v -0.09157823 -0.10345641 -0.07004559
v -0.07625354 -0.11459092 -0.09000000
v -0.08488497 -0.10917189 -0.06532681
v -0.07625354 -0.11459092 -0.09000000
v -0.07741407 -0.11471692 -0.06133106
v -0.08488497 -0.10917189 -0.06532681
v -0.07625354 -0.11459092 -0.09000000
v -0.05867323 -0.12451156 -0.09000001
v -0.07741407 -0.11471692 -0.06133106
v -0.05867323 -0.12451156 -0.09000001
v -0.06693593 -0.12127648 -0.05643570
v -0.07741407 -0.11471692 -0.06133106
v -0.00000006 -0.13764328 -0.09000001
v -0.02320695 -0.13778660 -0.01041580
v -0.02013202 -0.13616304 -0.09000001
v -0.00000006 -0.13764328 -0.09000001
v -0.01659844 -0.13889046 -0.00463005
v -0.02320695 -0.13778660 -0.01041580
v -0.00000006 -0.13764328 -0.09000001
v -0.00998837 -0.13960537 -0.00144284
v -0.01659844 -0.13889046 -0.00463005
v -0.00000006 -0.13764328 -0.09000001
v -0.00142457 -0.13999216 -0.00002287
v -0.00998837 -0.13960537 -0.00144284
v -0.00000006 -0.13764328 -0.09000001
v -0.00000006 -0.14000000 -0.00000000
v -0.00142457 -0.13999216 -0.00002287
v -0.02013202 -0.13616304 -0.09000001
v -0.03872896 -0.13367105 -0.03175362
v -0.03983097 -0.13175420 -0.09000001
v -0.02013202 -0.13616304 -0.09000001
v -0.03334903 -0.13531527 -0.02428131
v -0.03872896 -0.13367105 -0.03175362
v -0.02013202 -0.13616304 -0.09000001
v -0.02847990 -0.13661425 -0.01713675
v -0.03334903 -0.13531527 -0.02428131
v -0.02013202 -0.13616304 -0.09000001
v -0.02320695 -0.13778660 -0.01041580
v -0.02847990 -0.13661425 -0.01713675
v -0.04700316 -0.13071750 -0.04157526
v -0.05177010 -0.12876627 -0.04645254
v -0.03983097 -0.13175420 -0.09000001
v -0.04700316 -0.13071750 -0.04157526
v -0.03983097 -0.13175420 -0.09000001
v -0.03872896 -0.13367105 -0.03175362
v -0.09219379 -0.10220563 -0.09000000
v -0.07625354 -0.11459092 -0.09000000
v -0.09157823 -0.10345641 -0.07004559
v -0.03983097 -0.13175420 -0.09000001
v -0.05177010 -0.12876627 -0.04645254
v -0.05672521 -0.12654738 -0.05043122
v -0.11670063 -0.08605802 -0.09000000
v -0.12724955 -0.06951670 -0.10400000
v -0.12724955 -0.06951670 -0.09000000
v -0.11670063 -0.08605802 -0.09000000
v -0.11697380 -0.08568633 -0.10400000
v -0.12724955 -0.06951670 -0.10400000
v -0.11670063 -0.08605802 -0.09000000
v -0.10465597 -0.10036008 -0.10400000
v -0.11697380 -0.08568633 -0.10400000
v -0.11670063 -0.08605802 -0.09000000
v -0.10447034 -0.10055330 -0.09400000
v -0.10465597 -0.10036008 -0.10400000
v -0.11670063 -0.08605802 -0.09000000
v -0.10409127 -0.10094565 -0.09400000
v -0.10447034 -0.10055330 -0.09400000
v -0.11670063 -0.08605802 -0.09000000
v -0.10401532 -0.10102390 -0.09000000
v -0.10409127 -0.10094565 -0.09400000
v -0.12724955 -0.06951670 -0.09000000
v -0.13117096 -0.06179966 -0.09400000
v -0.13252219 -0.05884632 -0.09000000
v -0.12724955 -0.06951670 -0.09000000
v -0.13116617 -0.06180985 -0.09400000
v -0.13117096 -0.06179966 -0.09400000
v -0.12724955 -0.06951670 -0.09000000
v -0.12758808 -0.06889340 -0.10400000
v -0.13116617 -0.06180985 -0.09400000
v -0.12724955 -0.06951670 -0.09000000
v -0.12724955 -0.06951670 -0.10400000
v -0.12758808 -0.06889340 -0.10400000
v -0.13058781 0.04354536 -0.08948879
v -0.13039245 0.04408513 -0.09000000
v -0.13093875 0.04249082 -0.08934266
v -0.13039245 0.04408513 -0.09000000
v -0.13351728 0.03347709 -0.08973823
v -0.13093875 0.04249082 -0.08934266
v -0.13039245 0.04408513 -0.09000000
v -0.13581852 0.02233872 -0.09000000
v -0.13351728 0.03347709 -0.08973823
v -0.13351728 -0.03347709 -0.08973823
v -0.13058781 -0.04354536 -0.08948879
v -0.13093877 -0.04249082 -0.08934266
v -0.13351728 -0.03347709 -0.08973823
v -0.13039245 -0.04408513 -0.09000000
v -0.13058781 -0.04354536 -0.08948879
v -0.13351728 -0.03347709 -0.08973823
v -0.13581852 -0.02233873 -0.09000000
v -0.13039245 -0.04408513 -0.09000000
v -0.13351728 -0.03347709 -0.08973823
v -0.13718892 -0.01125948 -0.08973823
v -0.13581852 -0.02233873 -0.09000000
v -0.13351728 0.03347709 -0.08973823
v -0.13581852 0.02233872 -0.09000000
v -0.13718892 0.01125948 -0.08973823
v -0.13764335 -0.00000000 -0.09000000
v -0.13718892 -0.01125948 -0.08973823
v -0.13718892 0.01125948 -0.08973823
v -0.13764335 -0.00000000 -0.09000000
v -0.13581852 -0.02233873 -0.09000000
v -0.13718892 -0.01125948 -0.08973823
v -0.13581852 0.02233872 -0.09000000
v -0.13764335 -0.00000000 -0.09000000
v -0.13718892 0.01125948 -0.08973823
v -0.13058781 0.04354536 -0.08948879
v -0.13033780 0.04768977 -0.08693342
v -0.13039245 0.04408513 -0.09000000
v -0.13033780 0.04768977 -0.08693342
v -0.13004479 0.04519591 -0.09000000
v -0.13039245 0.04408513 -0.09000000
v -0.13033780 0.04768977 -0.08693342
v -0.12967914 0.05045721 -0.08892975
v -0.13004479 0.04519591 -0.09000000
v -0.13122214 0.05698965 -0.09000000
v -0.13074302 0.05259006 -0.08758648
v -0.13288452 0.05365886 -0.08532684
v -0.13074302 0.05259006 -0.08758648
v -0.13186627 0.05217984 -0.08557182
v -0.13288452 0.05365886 -0.08532684
v -0.13074302 0.05259006 -0.08758648
v -0.12967914 0.05045721 -0.08892975
v -0.13186627 0.05217984 -0.08557182
v -0.12967914 0.05045721 -0.08892975
v -0.13033780 0.04768977 -0.08693342
v -0.13186627 0.05217984 -0.08557182
v -0.13004479 0.04519591 -0.09000000
v -0.12967914 0.05045721 -0.08892975
v -0.12938675 0.05196968 -0.09000000
v -0.13122214 0.05698965 -0.09000000
v -0.12938675 0.05196968 -0.09000000
v -0.13074302 0.05259006 -0.08758648
v -0.13074302 0.05259006 -0.08758648
v -0.12938675 0.05196968 -0.09000000
v -0.12967914 0.05045721 -0.08892975
v -0.13896373 0.06256631 -0.08551147
v -0.14843343 0.07474115 -0.08440620
v -0.14002740 0.08665571 -0.10400000
v -0.13896373 0.06256631 -0.08551147
v -0.14002740 0.08665571 -0.10400000
v -0.12764300 0.06896894 -0.10400000
v -0.13896373 0.06256631 -0.08551147
v -0.12764300 0.06896894 -0.10400000
v -0.13130493 0.06199098 -0.09400000
v -0.13896373 0.06256631 -0.08551147
v -0.13130493 0.06199098 -0.09400000
v -0.13117096 0.06179966 -0.09400000
v -0.13896373 0.06256631 -0.08551147
v -0.13117096 0.06179966 -0.09400000
v -0.13252219 0.05884632 -0.09000000
v -0.13896373 0.06256631 -0.08551147
v -0.13252219 0.05884632 -0.09000000
v -0.13122214 0.05698965 -0.09000000
v -0.13896373 0.06256631 -0.08551147
v -0.13122214 0.05698965 -0.09000000
v -0.13288452 0.05365886 -0.08532684
v -0.12758808 0.06889340 -0.10400000
v -0.11718303 0.08539998 -0.10400000
v -0.12469964 0.07399339 -0.09000000
v -0.11718303 0.08539998 -0.10400000
v -0.11515335 0.08811767 -0.09000000
v -0.12469964 0.07399339 -0.09000000
v -0.11718303 0.08539998 -0.10400000
v -0.10465597 0.10036008 -0.10400000
v -0.11515335 0.08811767 -0.09000000
v -0.10465597 0.10036008 -0.10400000
v -0.10447034 0.10055330 -0.09400000
v -0.11515335 0.08811767 -0.09000000
v -0.10401532 0.10102390 -0.09000000
v -0.11515335 0.08811767 -0.09000000
v -0.10409127 0.10094565 -0.09400000
v -0.11515335 0.08811767 -0.09000000
v -0.10447034 0.10055330 -0.09400000
v -0.10409127 0.10094565 -0.09400000
v -0.13116617 0.06180985 -0.09400000
v -0.13252219 0.05884632 -0.09000000
v -0.13117096 0.06179966 -0.09400000
v -0.13116617 0.06180985 -0.09400000
v -0.12469964 0.07399339 -0.09000000
v -0.13252219 0.05884632 -0.09000000
v -0.13116617 0.06180985 -0.09400000
v -0.12758808 0.06889340 -0.10400000
v -0.12469964 0.07399339 -0.09000000
v -0.10619198 0.10206262 -0.09400000
v -0.10637224 0.10186189 -0.10400000
v -0.10635849 0.10298946 -0.06573363
v -0.10619198 0.10206262 -0.09400000
v -0.10635849 0.10298946 -0.06573363
v -0.10543502 0.10245447 -0.06721660
v -0.10619198 0.10206262 -0.09400000
v -0.10543502 0.10245447 -0.06721660
v -0.10457985 0.10191586 -0.07004560
v -0.10619198 0.10206262 -0.09400000
v -0.10457985 0.10191586 -0.07004560
v -0.10409127 0.10094565 -0.09400000
v -0.10637224 0.10186189 -0.10400000
v -0.12810789 0.11341894 -0.10400000
v -0.12849302 0.11540924 -0.04379520
v -0.10637224 0.10186189 -0.10400000
v -0.12849302 0.11540924 -0.04379520
v -0.12402362 0.11284655 -0.05007575
v -0.10637224 0.10186189 -0.10400000
v -0.12402362 0.11284655 -0.05007575
v -0.11890170 0.10995626 -0.05570355
v -0.10637224 0.10186189 -0.10400000
v -0.11890170 0.10995626 -0.05570355
v -0.11081830 0.10545713 -0.06248466
v -0.10637224 0.10186189 -0.10400000
v -0.11081830 0.10545713 -0.06248466
v -0.10810119 0.10395699 -0.06435387
v -0.10637224 0.10186189 -0.10400000
v -0.10810119 0.10395699 -0.06435387
v -0.10720450 0.10346423 -0.06489266
v -0.10637224 0.10186189 -0.10400000
v -0.10720450 0.10346423 -0.06489266
v -0.10635849 0.10298946 -0.06573363
v -0.10457985 0.10191586 -0.07004560
v -0.10401532 0.10102390 -0.09000000
v -0.10409127 0.10094565 -0.09400000
v -0.10457985 0.10191586 -0.07004560
v -0.10359515 0.10080049 -0.09000000
v -0.10401532 0.10102390 -0.09000000
v 0.13343138 0.03378943 -0.09000002
v 0.13717309 0.01136649 -0.09000002
v 0.12604998 0.05529068 -0.09000002
v 0.13717309 0.01136649 -0.09000002
v 0.12516195 0.00469424 -0.09000002
v 0.12604998 0.05529068 -0.09000002
v 0.13717309 0.01136649 -0.09000002
v 0.13717309 -0.01136649 -0.09000002
v 0.12516195 0.00469424 -0.09000002
v 0.13717309 -0.01136649 -0.09000002
v 0.12407560 -0.01711123 -0.09000002
v 0.12516195 0.00469424 -0.09000002
v 0.13717309 -0.01136649 -0.09000002
v 0.13343138 -0.03378943 -0.09000002
v 0.12407560 -0.01711123 -0.09000002
v 0.13343138 -0.03378943 -0.09000002
v 0.12604998 -0.05529068 -0.09000002
v 0.12407560 -0.01711123 -0.09000002
v -0.10401532 -0.10102390 -0.09000000
v -0.11670063 -0.08605802 -0.09000000
v -0.10604644 -0.06664634 -0.09000000
v -0.11670063 -0.08605802 -0.09000000
v -0.11600836 -0.04721907 -0.09000000
v -0.10604644 -0.06664634 -0.09000000
v -0.11670063 -0.08605802 -0.09000000
v -0.12244545 -0.02635708 -0.09000000
v -0.11600836 -0.04721907 -0.09000000
v -0.07685666 -0.09889706 -0.09000000
v -0.05851574 -0.11074059 -0.09000001
v -0.07625354 -0.11459092 -0.09000000
v -0.05851574 -0.11074059 -0.09000001
v -0.05867323 -0.12451156 -0.09000001
v -0.07625354 -0.11459092 -0.09000000
v -0.05851574 -0.11074059 -0.09000001
v -0.03839685 -0.11921934 -0.09000001
v -0.05867323 -0.12451156 -0.09000001
v -0.03839685 -0.11921934 -0.09000001
v -0.03983097 -0.13175420 -0.09000001
v -0.05867323 -0.12451156 -0.09000001
v -0.03839685 -0.11921934 -0.09000001
v -0.01711130 -0.12407566 -0.09000001
v -0.03983097 -0.13175420 -0.09000001
v -0.01711130 -0.12407566 -0.09000001
v -0.02013202 -0.13616304 -0.09000001
v -0.03983097 -0.13175420 -0.09000001
v -0.01711130 -0.12407566 -0.09000001
v 0.00469418 -0.12516201 -0.09000001
v -0.02013202 -0.13616304 -0.09000001
v 0.00469418 -0.12516201 -0.09000001
v -0.00000006 -0.13764328 -0.09000001
v -0.02013202 -0.13616304 -0.09000001
v 0.00469418 -0.12516201 -0.09000001
v 0.02635702 -0.12244537 -0.09000001
v -0.00000006 -0.13764328 -0.09000001
v 0.02635702 -0.12244537 -0.09000001
v 0.02265527 -0.13576600 -0.09000001
v -0.00000006 -0.13764328 -0.09000001
v 0.02635702 -0.12244537 -0.09000001
v 0.04721901 -0.11600829 -0.09000001
v 0.02265527 -0.13576600 -0.09000001
v 0.04721901 -0.11600829 -0.09000001
v 0.04469264 -0.13018538 -0.09000001
v 0.02265527 -0.13576600 -0.09000001
v 0.04721901 -0.11600829 -0.09000001
v 0.06664628 -0.10604636 -0.09000001
v 0.04469264 -0.13018538 -0.09000001
v 0.06664628 -0.10604636 -0.09000001
v 0.06551090 -0.12105365 -0.09000001
v 0.04469264 -0.13018538 -0.09000001
v 0.06664628 -0.10604636 -0.09000001
v 0.08404853 -0.09286226 -0.09000001
v 0.06551090 -0.12105365 -0.09000001
v 0.08404853 -0.09286226 -0.09000001
v 0.08454218 -0.10861988 -0.09000001
v 0.06551090 -0.12105365 -0.09000001
v 0.08404853 -0.09286226 -0.09000001
v 0.09889700 -0.07685659 -0.09000001
v 0.08454218 -0.10861988 -0.09000001
v 0.09889700 -0.07685659 -0.09000001
v 0.10126738 -0.09322326 -0.09000001
v 0.08454218 -0.10861988 -0.09000001
v 0.09889700 -0.07685659 -0.09000001
v 0.11074054 -0.05851568 -0.09000002
v 0.10126738 -0.09322326 -0.09000001
v 0.11074054 -0.05851568 -0.09000002
v 0.11523028 -0.07528374 -0.09000002
v 0.10126738 -0.09322326 -0.09000001
v 0.11074054 -0.05851568 -0.09000002
v 0.11921928 -0.03839678 -0.09000002
v 0.11523028 -0.07528374 -0.09000002
v 0.12604998 -0.05529068 -0.09000002
v 0.11523028 -0.07528374 -0.09000002
v 0.12407560 -0.01711123 -0.09000002
v 0.11523028 -0.07528374 -0.09000002
v 0.11921928 -0.03839678 -0.09000002
v 0.12407560 -0.01711123 -0.09000002
v -0.11515335 0.08811767 -0.09000000
v -0.10401532 0.10102390 -0.09000000
v -0.11921941 0.03839678 -0.09000000
v -0.10401532 0.10102390 -0.09000000
v -0.11074067 0.05851568 -0.09000000
v -0.11921941 0.03839678 -0.09000000
v -0.10401532 0.10102390 -0.09000000
v -0.10359515 0.10080049 -0.09000000
v -0.11074067 0.05851568 -0.09000000
v -0.10359515 0.10080049 -0.09000000
v -0.09889713 0.07685659 -0.09000000
v -0.11074067 0.05851568 -0.09000000
v -0.10359515 0.10080049 -0.09000000
v -0.10134643 0.09993339 -0.09000000
v -0.09889713 0.07685659 -0.09000000
v -0.08404866 0.09286226 -0.09000000
v -0.09889713 0.07685659 -0.09000000
v -0.09219379 0.10220563 -0.09000000
v -0.09889713 0.07685659 -0.09000000
v -0.09648477 0.09992386 -0.09000000
v -0.09219379 0.10220563 -0.09000000
v -0.09889713 0.07685659 -0.09000000
v -0.10134643 0.09993339 -0.09000000
v -0.09648477 0.09992386 -0.09000000
v -0.07625354 0.11459092 -0.09000000
v -0.05867323 0.12451156 -0.09000001
v -0.08404866 0.09286226 -0.09000000
v -0.05867323 0.12451156 -0.09000001
v -0.06664641 0.10604636 -0.09000000
v -0.08404866 0.09286226 -0.09000000
v -0.05867323 0.12451156 -0.09000001
v -0.03983097 0.13175420 -0.09000001
v -0.06664641 0.10604636 -0.09000000
v -0.03983097 0.13175420 -0.09000001
v -0.04721914 0.11600829 -0.09000001
v -0.06664641 0.10604636 -0.09000000
v -0.03983097 0.13175420 -0.09000001
v -0.02013202 0.13616304 -0.09000001
v -0.04721914 0.11600829 -0.09000001
v -0.02013202 0.13616304 -0.09000001
v -0.02635715 0.12244537 -0.09000001
v -0.04721914 0.11600829 -0.09000001
v -0.02013202 0.13616304 -0.09000001
v -0.00000006 0.13764328 -0.09000001
v -0.02635715 0.12244537 -0.09000001
v -0.00000006 0.13764328 -0.09000001
v -0.00469431 0.12516201 -0.09000001
v -0.02635715 0.12244537 -0.09000001
v -0.00000006 0.13764328 -0.09000001
v 0.02265527 0.13576600 -0.09000001
v -0.00469431 0.12516201 -0.09000001
v 0.02265527 0.13576600 -0.09000001
v 0.01711117 0.12407566 -0.09000001
v -0.00469431 0.12516201 -0.09000001
v 0.02265527 0.13576600 -0.09000001
v 0.04469264 0.13018538 -0.09000001
v 0.01711117 0.12407566 -0.09000001
v 0.04469264 0.13018538 -0.09000001
v 0.03839672 0.11921934 -0.09000001
v 0.01711117 0.12407566 -0.09000001
v 0.04469264 0.13018538 -0.09000001
v 0.06551090 0.12105365 -0.09000001
v 0.03839672 0.11921934 -0.09000001
v 0.06551090 0.12105365 -0.09000001
v 0.05851561 0.11074059 -0.09000001
v 0.03839672 0.11921934 -0.09000001
v 0.06551090 0.12105365 -0.09000001
v 0.08454218 0.10861988 -0.09000001
v 0.05851561 0.11074059 -0.09000001
v 0.08454218 0.10861988 -0.09000001
v 0.07685653 0.09889706 -0.09000001
v 0.05851561 0.11074059 -0.09000001
v 0.08454218 0.10861988 -0.09000001
v 0.10126738 0.09322326 -0.09000001
v 0.07685653 0.09889706 -0.09000001
v 0.10126738 0.09322326 -0.09000001
v 0.09286220 0.08404859 -0.09000001
v 0.07685653 0.09889706 -0.09000001
v 0.10126738 0.09322326 -0.09000001
v 0.10604631 0.06664634 -0.09000002
v 0.09286220 0.08404859 -0.09000001
v 0.10126738 0.09322326 -0.09000001
v 0.11523028 0.07528374 -0.09000002
v 0.10604631 0.06664634 -0.09000002
v 0.11523028 0.07528374 -0.09000002
v 0.11600823 0.04721907 -0.09000002
v 0.10604631 0.06664634 -0.09000002
v 0.11523028 0.07528374 -0.09000002
v 0.12604998 0.05529068 -0.09000002
v 0.11600823 0.04721907 -0.09000002
v 0.12604998 0.05529068 -0.09000002
v 0.12244532 0.02635708 -0.09000002
v 0.11600823 0.04721907 -0.09000002
v 0.12604998 0.05529068 -0.09000002
v 0.12516195 0.00469424 -0.09000002
v 0.12244532 0.02635708 -0.09000002
v -0.12407573 0.01711123 -0.09000000
v -0.11515335 0.08811767 -0.09000000
v -0.11921941 0.03839678 -0.09000000
v -0.12407573 0.01711123 -0.09000000
v -0.12469964 0.07399339 -0.09000000
v -0.11515335 0.08811767 -0.09000000
v -0.12407573 0.01711123 -0.09000000
v -0.12938675 0.05196968 -0.09000000
v -0.12469964 0.07399339 -0.09000000
v -0.12407573 0.01711123 -0.09000000
v -0.13004479 0.04519591 -0.09000000
v -0.12938675 0.05196968 -0.09000000
v -0.12407573 0.01711123 -0.09000000
v -0.13039245 0.04408513 -0.09000000
v -0.13004479 0.04519591 -0.09000000
v -0.12407573 0.01711123 -0.09000000
v -0.13581852 0.02233872 -0.09000000
v -0.13039245 0.04408513 -0.09000000
v -0.12407573 0.01711123 -0.09000000
v -0.13764335 -0.00000000 -0.09000000
v -0.13581852 0.02233872 -0.09000000
v -0.12407573 0.01711123 -0.09000000
v -0.12516208 -0.00469424 -0.09000000
v -0.13764335 -0.00000000 -0.09000000
v -0.12516208 -0.00469424 -0.09000000
v -0.13581852 -0.02233873 -0.09000000
v -0.13764335 -0.00000000 -0.09000000
v -0.12516208 -0.00469424 -0.09000000
v -0.13039245 -0.04408513 -0.09000000
v -0.13581852 -0.02233873 -0.09000000
v -0.12516208 -0.00469424 -0.09000000
v -0.12954114 -0.04737038 -0.09000000
v -0.13039245 -0.04408513 -0.09000000
v -0.12516208 -0.00469424 -0.09000000
v -0.12948829 -0.05265344 -0.09000000
v -0.12954114 -0.04737038 -0.09000000
v -0.12516208 -0.00469424 -0.09000000
v -0.12724955 -0.06951670 -0.09000000
v -0.12948829 -0.05265344 -0.09000000
v -0.12516208 -0.00469424 -0.09000000
v -0.11670063 -0.08605802 -0.09000000
v -0.12724955 -0.06951670 -0.09000000
v -0.12516208 -0.00469424 -0.09000000
v -0.12244545 -0.02635708 -0.09000000
v -0.11670063 -0.08605802 -0.09000000
v -0.09286233 -0.08404859 -0.09000000
v -0.10401532 -0.10102390 -0.09000000
v -0.10604644 -0.06664634 -0.09000000
v -0.09286233 -0.08404859 -0.09000000
v -0.10359515 -0.10080049 -0.09000000
v -0.10401532 -0.10102390 -0.09000000
v -0.09286233 -0.08404859 -0.09000000
v -0.10134646 -0.09993339 -0.09000000
v -0.10359515 -0.10080049 -0.09000000
v -0.09286233 -0.08404859 -0.09000000
v -0.09648478 -0.09992386 -0.09000000
v -0.10134646 -0.09993339 -0.09000000
v -0.09286233 -0.08404859 -0.09000000
v -0.09219379 -0.10220563 -0.09000000
v -0.09648478 -0.09992386 -0.09000000
v -0.09286233 -0.08404859 -0.09000000
v -0.07625354 -0.11459092 -0.09000000
v -0.09219379 -0.10220563 -0.09000000
v -0.09286233 -0.08404859 -0.09000000
v -0.07685666 -0.09889706 -0.09000000
v -0.07625354 -0.11459092 -0.09000000
v -0.13122214 0.05698965 -0.09000000
v -0.13252219 0.05884632 -0.09000000
v -0.12469964 0.07399339 -0.09000000
v -0.13122214 0.05698965 -0.09000000
v -0.12469964 0.07399339 -0.09000000
v -0.12938675 0.05196968 -0.09000000
v -0.13122213 -0.05698963 -0.09000000
v -0.12948829 -0.05265344 -0.09000000
v -0.12724955 -0.06951670 -0.09000000
v -0.13122213 -0.05698963 -0.09000000
v -0.12724955 -0.06951670 -0.09000000
v -0.13252219 -0.05884632 -0.09000000
v -0.09219379 0.10220563 -0.09000000
v -0.07625354 0.11459092 -0.09000000
v -0.08404866 0.09286226 -0.09000000
v 0.04721901 -0.11600829 -0.13760003
v 0.04721901 -0.11600829 -0.09000001
v 0.02635701 -0.12244537 -0.13760003
v 0.02635701 -0.12244537 -0.13760003
v 0.04721901 -0.11600829 -0.09000001
v 0.02635702 -0.12244537 -0.09000001
v 0.02635701 -0.12244537 -0.13760003
v 0.02635702 -0.12244537 -0.09000001
v 0.00469417 -0.12516201 -0.13760003
v 0.00469417 -0.12516201 -0.13760003
v 0.02635702 -0.12244537 -0.09000001
v 0.00469418 -0.12516201 -0.09000001
v 0.00469417 -0.12516201 -0.13760003
v 0.00469418 -0.12516201 -0.09000001
v -0.01711130 -0.12407566 -0.13760003
v -0.01711130 -0.12407566 -0.13760003
v 0.00469418 -0.12516201 -0.09000001
v -0.01711130 -0.12407566 -0.09000001
v -0.01711130 -0.12407566 -0.13760003
v -0.01711130 -0.12407566 -0.09000001
v -0.03839685 -0.11921934 -0.13760003
v -0.03839685 -0.11921934 -0.13760003
v -0.01711130 -0.12407566 -0.09000001
v -0.03839685 -0.11921934 -0.09000001
v -0.03839685 -0.11921934 -0.13760003
v -0.03839685 -0.11921934 -0.09000001
v -0.05851575 -0.11074059 -0.13760002
v -0.05851575 -0.11074059 -0.13760002
v -0.03839685 -0.11921934 -0.09000001
v -0.05851574 -0.11074059 -0.09000001
v -0.05851575 -0.11074059 -0.13760002
v -0.05851574 -0.11074059 -0.09000001
v -0.07685666 -0.09889706 -0.13760002
v -0.07685666 -0.09889706 -0.13760002
v -0.05851574 -0.11074059 -0.09000001
v -0.07685666 -0.09889706 -0.09000000
v -0.07685666 -0.09889706 -0.13760002
v -0.07685666 -0.09889706 -0.09000000
v -0.09286234 -0.08404859 -0.13760002
v -0.09286234 -0.08404859 -0.13760002
v -0.07685666 -0.09889706 -0.09000000
v -0.09286233 -0.08404859 -0.09000000
v -0.09286234 -0.08404859 -0.13760002
v -0.09286233 -0.08404859 -0.09000000
v -0.10604644 -0.06664634 -0.13760002
v -0.10604644 -0.06664634 -0.13760002
v -0.09286233 -0.08404859 -0.09000000
v -0.10604644 -0.06664634 -0.09000000
v -0.10604644 -0.06664634 -0.13760002
v -0.10604644 -0.06664634 -0.09000000
v -0.11600836 -0.04721907 -0.13760002
v -0.11600836 -0.04721907 -0.13760002
v -0.10604644 -0.06664634 -0.09000000
v -0.11600836 -0.04721907 -0.09000000
v -0.11600836 -0.04721907 -0.13760002
v -0.11600836 -0.04721907 -0.09000000
v -0.12244545 -0.02635708 -0.13760002
v -0.12244545 -0.02635708 -0.13760002
v -0.11600836 -0.04721907 -0.09000000
v -0.12244545 -0.02635708 -0.09000000
v -0.12244545 -0.02635708 -0.13760002
v -0.12244545 -0.02635708 -0.09000000
v -0.12516208 -0.00469424 -0.13760002
v -0.12516208 -0.00469424 -0.13760002
v -0.12244545 -0.02635708 -0.09000000
v -0.12516208 -0.00469424 -0.09000000
v -0.12516208 -0.00469424 -0.13760002
v -0.12516208 -0.00469424 -0.09000000
v -0.12407573 0.01711123 -0.13760002
v -0.12407573 0.01711123 -0.13760002
v -0.12516208 -0.00469424 -0.09000000
v -0.12407573 0.01711123 -0.09000000
v -0.12407573 0.01711123 -0.13760002
v -0.12407573 0.01711123 -0.09000000
v -0.11921942 0.03839678 -0.13760002
v -0.11921942 0.03839678 -0.13760002
v -0.12407573 0.01711123 -0.09000000
v -0.11921941 0.03839678 -0.09000000
v -0.11921942 0.03839678 -0.13760002
v -0.11921941 0.03839678 -0.09000000
v -0.11074067 0.05851568 -0.13760002
v -0.11074067 0.05851568 -0.13760002
v -0.11921941 0.03839678 -0.09000000
v -0.11074067 0.05851568 -0.09000000
v -0.11074067 0.05851568 -0.13760002
v -0.11074067 0.05851568 -0.09000000
v -0.09889714 0.07685659 -0.13760002
v -0.09889714 0.07685659 -0.13760002
v -0.11074067 0.05851568 -0.09000000
v -0.09889713 0.07685659 -0.09000000
v -0.09889714 0.07685659 -0.13760002
v -0.09889713 0.07685659 -0.09000000
v -0.08404866 0.09286226 -0.13760002
v -0.08404866 0.09286226 -0.13760002
v -0.09889713 0.07685659 -0.09000000
v -0.08404866 0.09286226 -0.09000000
v -0.08404866 0.09286226 -0.13760002
v -0.08404866 0.09286226 -0.09000000
v -0.06664641 0.10604636 -0.13760002
v -0.06664641 0.10604636 -0.13760002
v -0.08404866 0.09286226 -0.09000000
v -0.06664641 0.10604636 -0.09000000
v -0.06664641 0.10604636 -0.13760002
v -0.06664641 0.10604636 -0.09000000
v -0.04721914 0.11600829 -0.13760002
v -0.04721914 0.11600829 -0.13760002
v -0.06664641 0.10604636 -0.09000000
v -0.04721914 0.11600829 -0.09000001
v -0.04721914 0.11600829 -0.13760002
v -0.04721914 0.11600829 -0.09000001
v -0.02635715 0.12244537 -0.13760003
v -0.02635715 0.12244537 -0.13760003
v -0.04721914 0.11600829 -0.09000001
v -0.02635715 0.12244537 -0.09000001
v -0.02635715 0.12244537 -0.13760003
v -0.02635715 0.12244537 -0.09000001
v -0.00469431 0.12516201 -0.13760003
v -0.00469431 0.12516201 -0.13760003
v -0.02635715 0.12244537 -0.09000001
v -0.00469431 0.12516201 -0.09000001
v -0.00469431 0.12516201 -0.13760003
v -0.00469431 0.12516201 -0.09000001
v 0.01711116 0.12407566 -0.13760003
v 0.01711116 0.12407566 -0.13760003
v -0.00469431 0.12516201 -0.09000001
v 0.01711117 0.12407566 -0.09000001
v 0.01711116 0.12407566 -0.13760003
v 0.01711117 0.12407566 -0.09000001
v 0.03839672 0.11921934 -0.13760003
v 0.03839672 0.11921934 -0.13760003
v 0.01711117 0.12407566 -0.09000001
v 0.03839672 0.11921934 -0.09000001
v 0.03839672 0.11921934 -0.13760003
v 0.03839672 0.11921934 -0.09000001
v 0.05851561 0.11074059 -0.13760003
v 0.05851561 0.11074059 -0.13760003
v 0.03839672 0.11921934 -0.09000001
v 0.05851561 0.11074059 -0.09000001
v 0.05851561 0.11074059 -0.13760003
v 0.05851561 0.11074059 -0.09000001
v 0.07685653 0.09889706 -0.13760003
v 0.07685653 0.09889706 -0.13760003
v 0.05851561 0.11074059 -0.09000001
v 0.07685653 0.09889706 -0.09000001
v 0.07685653 0.09889706 -0.13760003
v 0.07685653 0.09889706 -0.09000001
v 0.09286220 0.08404859 -0.13760003
v 0.09286220 0.08404859 -0.13760003
v 0.07685653 0.09889706 -0.09000001
v 0.09286220 0.08404859 -0.09000001
v 0.09286220 0.08404859 -0.13760003
v 0.09286220 0.08404859 -0.09000001
v 0.10604630 0.06664634 -0.13760003
v 0.10604630 0.06664634 -0.13760003
v 0.09286220 0.08404859 -0.09000001
v 0.10604631 0.06664634 -0.09000002
v 0.10604630 0.06664634 -0.13760003
v 0.10604631 0.06664634 -0.09000002
v 0.11600823 0.04721907 -0.13760003
v 0.11600823 0.04721907 -0.13760003
v 0.10604631 0.06664634 -0.09000002
v 0.11600823 0.04721907 -0.09000002
v 0.11600823 0.04721907 -0.13760003
v 0.11600823 0.04721907 -0.09000002
v 0.12244531 0.02635708 -0.13760004
v 0.12244531 0.02635708 -0.13760004
v 0.11600823 0.04721907 -0.09000002
v 0.12244532 0.02635708 -0.09000002
v 0.12244531 0.02635708 -0.13760004
v 0.12244532 0.02635708 -0.09000002
v 0.12516195 0.00469424 -0.13760004
v 0.12516195 0.00469424 -0.13760004
v 0.12244532 0.02635708 -0.09000002
v 0.12516195 0.00469424 -0.09000002
v 0.12516195 0.00469424 -0.13760004
v 0.12516195 0.00469424 -0.09000002
v 0.12407560 -0.01711123 -0.13760004
v 0.12407560 -0.01711123 -0.13760004
v 0.12516195 0.00469424 -0.09000002
v 0.12407560 -0.01711123 -0.09000002
v 0.12407560 -0.01711123 -0.13760004
v 0.12407560 -0.01711123 -0.09000002
v 0.11921928 -0.03839678 -0.13760003
v 0.11921928 -0.03839678 -0.13760003
v 0.12407560 -0.01711123 -0.09000002
v 0.11921928 -0.03839678 -0.09000002
v 0.11921928 -0.03839678 -0.13760003
v 0.11921928 -0.03839678 -0.09000002
v 0.11074053 -0.05851568 -0.13760003
v 0.11074053 -0.05851568 -0.13760003
v 0.11921928 -0.03839678 -0.09000002
v 0.11074054 -0.05851568 -0.09000002
v 0.11074053 -0.05851568 -0.13760003
v 0.11074054 -0.05851568 -0.09000002
v 0.09889700 -0.07685659 -0.13760003
v 0.09889700 -0.07685659 -0.13760003
v 0.11074054 -0.05851568 -0.09000002
v 0.09889700 -0.07685659 -0.09000001
v 0.09889700 -0.07685659 -0.13760003
v 0.09889700 -0.07685659 -0.09000001
v 0.08404853 -0.09286226 -0.13760003
v 0.08404853 -0.09286226 -0.13760003
v 0.09889700 -0.07685659 -0.09000001
v 0.08404853 -0.09286226 -0.09000001
v 0.08404853 -0.09286226 -0.13760003
v 0.08404853 -0.09286226 -0.09000001
v 0.06664627 -0.10604636 -0.13760003
v 0.06664627 -0.10604636 -0.13760003
v 0.08404853 -0.09286226 -0.09000001
v 0.06664628 -0.10604636 -0.09000001
v 0.06664627 -0.10604636 -0.13760003
v 0.06664628 -0.10604636 -0.09000001
v 0.04721901 -0.11600829 -0.13760003
v 0.04721901 -0.11600829 -0.13760003
v 0.06664628 -0.10604636 -0.09000001
v 0.04721901 -0.11600829 -0.09000001
f 1 2 3
f 4 5 6
f 7 8 9
f 10 11 12
f 13 14 15
f 16 17 18
f 19 20 21
f 22 23 24
f 25 26 27
f 28 29 30
f 31 32 33
f 34 35 36
f 37 38 39
f 40 41 42
f 43 44 45
f 46 47 48
f 49 50 51
f 52 53 54
f 55 56 57
f 58 59 60
f 61 62 63
f 64 65 66
f 67 68 69
f 70 71 72
f 73 74 75
f 76 77 78
f 79 80 81
f 82 83 84
f 85 86 87
f 88 89 90
f 91 92 93
f 94 95 96
f 97 98 99
f 100 101 102
f 103 104 105
f 106 107 108
f 109 110 111
f 112 113 114
f 115 116 117
f 118 119 120
f 121 122 123
f 124 125 126
f 127 128 129
f 130 131 132
f 133 134 135
f 136 137 138
f 139 140 141
f 142 143 144
f 145 146 147
f 148 149 150
f 151 152 153
f 154 155 156
f 157 158 159
f 160 161 162
f 163 164 165
f 166 167 168
f 169 170 171
f 172 173 174
f 175 176 177
f 178 179 180
f 181 182 183
f 184 185 186
f 187 188 189
f 190 191 192
f 193 194 195
f 196 197 198
f 199 200 201
f 202 203 204
f 205 206 207
f 208 209 210
f 211 212 213
f 214 215 216
f 217 218 219
f 220 221 222
f 223 224 225
f 226 227 228
f 229 230 231
f 232 233 234
f 235 236 237
f 238 239 240
f 241 242 243
f 244 245 246
f 247 248 249
f 250 251 252
f 253 254 255
f 256 257 258
f 259 260 261
f 262 263 264
f 265 266 267
f 268 269 270
f 271 272 273
f 274 275 276
f 277 278 279
f 280 281 282
f 283 284 285
f 286 287 288
f 289 290 291
f 292 293 294
f 295 296 297
f 298 299 300
f 301 302 303
f 304 305 306
f 307 308 309
f 310 311 312
f 313 314 315
f 316 317 318
f 319 320 321
f 322 323 324
f 325 326 327
f 328 329 330
f 331 332 333
f 334 335 336
f 337 338 339
f 340 341 342
f 343 344 345
f 346 347 348
f 349 350 351
f 352 353 354
f 355 356 357
f 358 359 360
f 361 362 363
f 364 365 366
f 367 368 369
f 370 371 372
f 373 374 375
f 376 377 378
f 379 380 381
f 382 383 384
f 385 386 387
f 388 389 390
f 391 392 393
f 394 395 396
f 397 398 399
f 400 401 402
f 403 404 405
f 406 407 408
f 409 410 411
f 412 413 414
f 415 416 417
f 418 419 420
f 421 422 423
f 424 425 426
f 427 428 429
f 430 431 432
f 433 434 435
f 436 437 438
f 439 440 441
f 442 443 444
f 445 446 447
f 448 449 450
f 451 452 453
f 454 455 456
f 457 458 459
f 460 461 462
f 463 464 465
f 466 467 468
f 469 470 471
f 472 473 474
f 475 476 477
f 478 479 480
f 481 482 483
f 484 485 486
f 487 488 489
f 490 491 492
f 493 494 495
f 496 497 498
f 499 500 501
f 502 503 504
f 505 506 507
f 508 509 510
f 511 512 513
f 514 515 516
f 517 518 519
f 520 521 522
f 523 524 525
f 526 527 528
f 529 530 531
f 532 533 534
f 535 536 537
f 538 539 540
f 541 542 543
f 544 545 546
f 547 548 549
f 550 551 552
f 553 554 555
f 556 557 558
f 559 560 561
f 562 563 564
f 565 566 567
f 568 569 570
f 571 572 573
f 574 575 576
f 577 578 579
f 580 581 582
f 583 584 585
f 586 587 588
f 589 590 591
f 592 593 594
f 595 596 597
f 598 599 600
f 601 602 603
f 604 605 606
f 607 608 609
f 610 611 612
f 613 614 615
f 616 617 618
f 619 620 621
f 622 623 624
f 625 626 627
f 628 629 630
f 631 632 633
f 634 635 636
f 637 638 639
f 640 641 642
f 643 644 645
f 646 647 648
f 649 650 651
f 652 653 654
f 655 656 657
f 658 659 660
f 661 662 663
f 664 665 666
f 667 668 669
f 670 671 672
f 673 674 675
f 676 677 678
f 679 680 681
f 682 683 684
f 685 686 687
f 688 689 690
f 691 692 693
f 694 695 696
f 697 698 699
f 700 701 702
f 703 704 705
f 706 707 708
f 709 710 711
f 712 713 714
f 715 716 717
f 718 719 720
f 721 722 723
f 724 725 726
f 727 728 729
f 730 731 732
f 733 734 735
f 736 737 738
f 739 740 741
f 742 743 744
f 745 746 747
f 748 749 750
f 751 752 753
f 754 755 756
f 757 758 759
f 760 761 762
f 763 764 765
f 766 767 768
f 769 770 771
f 772 773 774
f 775 776 777
f 778 779 780
f 781 782 783
f 784 785 786
f 787 788 789
f 790 791 792
f 793 794 795
f 796 797 798
f 799 800 801
f 802 803 804
f 805 806 807
f 808 809 810
f 811 812 813
f 814 815 816
f 817 818 819
f 820 821 822
f 823 824 825
f 826 827 828
f 829 830 831
f 832 833 834
f 835 836 837
f 838 839 840
f 841 842 843
f 844 845 846
f 847 848 849
f 850 851 852
f 853 854 855
f 856 857 858
f 859 860 861
f 862 863 864
f 865 866 867
f 868 869 870
f 871 872 873
f 874 875 876
f 877 878 879
f 880 881 882
f 883 884 885
f 886 887 888
f 889 890 891
f 892 893 894
f 895 896 897
f 898 899 900
f 901 902 903
f 904 905 906
f 907 908 909
f 910 911 912
f 913 914 915
f 916 917 918
f 919 920 921
f 922 923 924
f 925 926 927
f 928 929 930
f 931 932 933
f 934 935 936
f 937 938 939
f 940 941 942
f 943 944 945
f 946 947 948
f 949 950 951
f 952 953 954
f 955 956 957
f 958 959 960
f 961 962 963
f 964 965 966
f 967 968 969
f 970 971 972
f 973 974 975
f 976 977 978
f 979 980 981
f 982 983 984
f 985 986 987
f 988 989 990
f 991 992 993
f 994 995 996
f 997 998 999
f 1000 1001 1002
f 1003 1004 1005
f 1006 1007 1008
f 1009 1010 1011
f 1012 1013 1014
f 1015 1016 1017
f 1018 1019 1020
f 1021 1022 1023
f 1024 1025 1026
f 1027 1028 1029
f 1030 1031 1032
f 1033 1034 1035
f 1036 1037 1038
f 1039 1040 1041
f 1042 1043 1044
f 1045 1046 1047
f 1048 1049 1050
f 1051 1052 1053
f 1054 1055 1056
f 1057 1058 1059
f 1060 1061 1062
f 1063 1064 1065
f 1066 1067 1068
f 1069 1070 1071
f 1072 1073 1074
f 1075 1076 1077
f 1078 1079 1080
f 1081 1082 1083
f 1084 1085 1086
f 1087 1088 1089
f 1090 1091 1092
f 1093 1094 1095
f 1096 1097 1098
f 1099 1100 1101
f 1102 1103 1104
f 1105 1106 1107
f 1108 1109 1110
f 1111 1112 1113
f 1114 1115 1116
f 1117 1118 1119
f 1120 1121 1122
f 1123 1124 1125
f 1126 1127 1128
f 1129 1130 1131
f 1132 1133 1134
f 1135 1136 1137
f 1138 1139 1140
f 1141 1142 1143
f 1144 1145 1146
f 1147 1148 1149
f 1150 1151 1152
f 1153 1154 1155
f 1156 1157 1158
f 1159 1160 1161
f 1162 1163 1164
f 1165 1166 1167
f 1168 1169 1170
f 1171 1172 1173
f 1174 1175 1176
f 1177 1178 1179
f 1180 1181 1182
f 1183 1184 1185
f 1186 1187 1188
f 1189 1190 1191
f 1192 1193 1194
f 1195 1196 1197
f 1198 1199 1200
f 1201 1202 1203
f 1204 1205 1206
f 1207 1208 1209
f 1210 1211 1212
f 1213 1214 1215
f 1216 1217 1218
f 1219 1220 1221
f 1222 1223 1224
f 1225 1226 1227
f 1228 1229 1230
f 1231 1232 1233
f 1234 1235 1236
f 1237 1238 1239
f 1240 1241 1242
f 1243 1244 1245
f 1246 1247 1248
f 1249 1250 1251
f 1252 1253 1254
f 1255 1256 1257
f 1258 1259 1260
f 1261 1262 1263
f 1264 1265 1266
f 1267 1268 1269
f 1270 1271 1272
f 1273 1274 1275
f 1276 1277 1278
f 1279 1280 1281
f 1282 1283 1284
f 1285 1286 1287
f 1288 1289 1290
f 1291 1292 1293
f 1294 1295 1296
f 1297 1298 1299
f 1300 1301 1302
f 1303 1304 1305
f 1306 1307 1308
f 1309 1310 1311
f 1312 1313 1314
f 1315 1316 1317
f 1318 1319 1320
f 1321 1322 1323
f 1324 1325 1326
f 1327 1328 1329
f 1330 1331 1332
f 1333 1334 1335
f 1336 1337 1338
f 1339 1340 1341
f 1342 1343 1344
f 1345 1346 1347
f 1348 1349 1350
f 1351 1352 1353
f 1354 1355 1356
f 1357 1358 1359
f 1360 1361 1362
f 1363 1364 1365
f 1366 1367 1368
f 1369 1370 1371
f 1372 1373 1374
f 1375 1376 1377
f 1378 1379 1380
f 1381 1382 1383
f 1384 1385 1386
f 1387 1388 1389
f 1390 1391 1392
f 1393 1394 1395
f 1396 1397 1398
f 1399 1400 1401
f 1402 1403 1404
f 1405 1406 1407
f 1408 1409 1410
f 1411 1412 1413
f 1414 1415 1416
f 1417 1418 1419
f 1420 1421 1422
f 1423 1424 1425
f 1426 1427 1428
f 1429 1430 1431
f 1432 1433 1434
f 1435 1436 1437
f 1438 1439 1440
f 1441 1442 1443
f 1444 1445 1446
f 1447 1448 1449
f 1450 1451 1452
f 1453 1454 1455
f 1456 1457 1458
f 1459 1460 1461
f 1462 1463 1464
f 1465 1466 1467
f 1468 1469 1470
f 1471 1472 1473
f 1474 1475 1476
f 1477 1478 1479
f 1480 1481 1482
f 1483 1484 1485
f 1486 1487 1488
f 1489 1490 1491
f 1492 1493 1494
f 1495 1496 1497
f 1498 1499 1500
f 1501 1502 1503
f 1504 1505 1506
f 1507 1508 1509
f 1510 1511 1512
f 1513 1514 1515
f 1516 1517 1518
f 1519 1520 1521
f 1522 1523 1524
f 1525 1526 1527
f 1528 1529 1530
f 1531 1532 1533
f 1534 1535 1536
f 1537 1538 1539
f 1540 1541 1542
f 1543 1544 1545
f 1546 1547 1548
f 1549 1550 1551
f 1552 1553 1554
f 1555 1556 1557
f 1558 1559 1560
f 1561 1562 1563
f 1564 1565 1566
f 1567 1568 1569
f 1570 1571 1572
f 1573 1574 1575
f 1576 1577 1578
f 1579 1580 1581
f 1582 1583 1584
f 1585 1586 1587
f 1588 1589 1590
f 1591 1592 1593
f 1594 1595 1596
f 1597 1598 1599
f 1600 1601 1602
f 1603 1604 1605
f 1606 1607 1608
f 1609 1610 1611
f 1612 1613 1614
f 1615 1616 1617
f 1618 1619 1620
f 1621 1622 1623
f 1624 1625 1626
f 1627 1628 1629
f 1630 1631 1632
f 1633 1634 1635
f 1636 1637 1638
f 1639 1640 1641
f 1642 1643 1644
f 1645 1646 1647
f 1648 1649 1650
f 1651 1652 1653
f 1654 1655 1656
f 1657 1658 1659
f 1660 1661 1662
f 1663 1664 1665
f 1666 1667 1668
f 1669 1670 1671
f 1672 1673 1674
f 1675 1676 1677
f 1678 1679 1680
f 1681 1682 1683
f 1684 1685 1686
f 1687 1688 1689
f 1690 1691 1692
f 1693 1694 1695
f 1696 1697 1698
f 1699 1700 1701
f 1702 1703 1704
f 1705 1706 1707
f 1708 1709 1710
f 1711 1712 1713
f 1714 1715 1716
f 1717 1718 1719
f 1720 1721 1722
f 1723 1724 1725
f 1726 1727 1728
f 1729 1730 1731
f 1732 1733 1734
f 1735 1736 1737
f 1738 1739 1740
f 1741 1742 1743
f 1744 1745 1746
f 1747 1748 1749
f 1750 1751 1752
f 1753 1754 1755
f 1756 1757 1758
f 1759 1760 1761
f 1762 1763 1764
f 1765 1766 1767
f 1768 1769 1770
f 1771 1772 1773
f 1774 1775 1776
f 1777 1778 1779
f 1780 1781 1782
f 1783 1784 1785
f 1786 1787 1788
f 1789 1790 1791
f 1792 1793 1794
f 1795 1796 1797
f 1798 1799 1800
f 1801 1802 1803
f 1804 1805 1806
f 1807 1808 1809
f 1810 1811 1812
f 1813 1814 1815
f 1816 1817 1818
f 1819 1820 1821
f 1822 1823 1824
f 1825 1826 1827
f 1828 1829 1830
f 1831 1832 1833
f 1834 1835 1836
f 1837 1838 1839
f 1840 1841 1842
f 1843 1844 1845
f 1846 1847 1848
f 1849 1850 1851
f 1852 1853 1854
f 1855 1856 1857
f 1858 1859 1860
f 1861 1862 1863
f 1864 1865 1866
f 1867 1868 1869
f 1870 1871 1872
f 1873 1874 1875
f 1876 1877 1878
f 1879 1880 1881
f 1882 1883 1884
f 1885 1886 1887
f 1888 1889 1890
f 1891 1892 1893
f 1894 1895 1896
f 1897 1898 1899
f 1900 1901 1902
f 1903 1904 1905
f 1906 1907 1908
f 1909 1910 1911
f 1912 1913 1914
f 1915 1916 1917
f 1918 1919 1920
f 1921 1922 1923
f 1924 1925 1926
f 1927 1928 1929
f 1930 1931 1932
f 1933 1934 1935
f 1936 1937 1938
f 1939 1940 1941
f 1942 1943 1944
f 1945 1946 1947
f 1948 1949 1950
f 1951 1952 1953
f 1954 1955 1956
f 1957 1958 1959
f 1960 1961 1962
f 1963 1964 1965
f 1966 1967 1968
f 1969 1970 1971
f 1972 1973 1974
f 1975 1976 1977
f 1978 1979 1980
f 1981 1982 1983
f 1984 1985 1986
f 1987 1988 1989
f 1990 1991 1992
f 1993 1994 1995
f 1996 1997 1998
f 1999 2000 2001
f 2002 2003 2004
f 2005 2006 2007
f 2008 2009 2010
f 2011 2012 2013
f 2014 2015 2016
f 2017 2018 2019
f 2020 2021 2022
f 2023 2024 2025
f 2026 2027 2028
f 2029 2030 2031
f 2032 2033 2034
f 2035 2036 2037
f 2038 2039 2040
f 2041 2042 2043
f 2044 2045 2046
f 2047 2048 2049
f 2050 2051 2052
f 2053 2054 2055
f 2056 2057 2058
f 2059 2060 2061
f 2062 2063 2064
f 2065 2066 2067
f 2068 2069 2070
f 2071 2072 2073
f 2074 2075 2076
f 2077 2078 2079
f 2080 2081 2082
f 2083 2084 2085
f 2086 2087 2088
f 2089 2090 2091
f 2092 2093 2094
f 2095 2096 2097
f 2098 2099 2100
f 2101 2102 2103
f 2104 2105 2106
f 2107 2108 2109
f 2110 2111 2112
f 2113 2114 2115
f 2116 2117 2118
f 2119 2120 2121
f 2122 2123 2124
f 2125 2126 2127
f 2128 2129 2130
f 2131 2132 2133
f 2134 2135 2136
f 2137 2138 2139
f 2140 2141 2142
f 2143 2144 2145
f 2146 2147 2148
f 2149 2150 2151
f 2152 2153 2154
f 2155 2156 2157
f 2158 2159 2160
f 2161 2162 2163
f 2164 2165 2166
f 2167 2168 2169
f 2170 2171 2172
f 2173 2174 2175
f 2176 2177 2178
f 2179 2180 2181
f 2182 2183 2184
f 2185 2186 2187
f 2188 2189 2190
f 2191 2192 2193
f 2194 2195 2196
f 2197 2198 2199
f 2200 2201 2202
f 2203 2204 2205
f 2206 2207 2208
f 2209 2210 2211
f 2212 2213 2214
f 2215 2216 2217
f 2218 2219 2220
f 2221 2222 2223
f 2224 2225 2226
f 2227 2228 2229
f 2230 2231 2232
f 2233 2234 2235
f 2236 2237 2238
f 2239 2240 2241
f 2242 2243 2244
f 2245 2246 2247
f 2248 2249 2250
f 2251 2252 2253
f 2254 2255 2256
f 2257 2258 2259
f 2260 2261 2262
f 2263 2264 2265
f 2266 2267 2268
f 2269 2270 2271
f 2272 2273 2274
f 2275 2276 2277
f 2278 2279 2280
f 2281 2282 2283
f 2284 2285 2286
f 2287 2288 2289
f 2290 2291 2292
f 2293 2294 2295
f 2296 2297 2298
f 2299 2300 2301
f 2302 2303 2304
f 2305 2306 2307
f 2308 2309 2310
f 2311 2312 2313
f 2314 2315 2316
f 2317 2318 2319
f 2320 2321 2322
f 2323 2324 2325
f 2326 2327 2328
f 2329 2330 2331
f 2332 2333 2334
f 2335 2336 2337
f 2338 2339 2340
f 2341 2342 2343
f 2344 2345 2346
f 2347 2348 2349
f 2350 2351 2352
f 2353 2354 2355
f 2356 2357 2358
f 2359 2360 2361
f 2362 2363 2364
f 2365 2366 2367
f 2368 2369 2370
f 2371 2372 2373
f 2374 2375 2376
f 2377 2378 2379
f 2380 2381 2382
f 2383 2384 2385
f 2386 2387 2388
f 2389 2390 2391
f 2392 2393 2394
f 2395 2396 2397
f 2398 2399 2400
f 2401 2402 2403
f 2404 2405 2406
f 2407 2408 2409
f 2410 2411 2412
f 2413 2414 2415
f 2416 2417 2418
f 2419 2420 2421
f 2422 2423 2424
f 2425 2426 2427
f 2428 2429 2430
f 2431 2432 2433
f 2434 2435 2436
f 2437 2438 2439
f 2440 2441 2442
f 2443 2444 2445
f 2446 2447 2448
f 2449 2450 2451
f 2452 2453 2454
f 2455 2456 2457
f 2458 2459 2460
f 2461 2462 2463
f 2464 2465 2466
f 2467 2468 2469
f 2470 2471 2472
f 2473 2474 2475
f 2476 2477 2478
f 2479 2480 2481
f 2482 2483 2484
f 2485 2486 2487
f 2488 2489 2490
f 2491 2492 2493
f 2494 2495 2496
f 2497 2498 2499
f 2500 2501 2502
f 2503 2504 2505
f 2506 2507 2508
f 2509 2510 2511
f 2512 2513 2514
f 2515 2516 2517
f 2518 2519 2520
f 2521 2522 2523
f 2524 2525 2526
f 2527 2528 2529
f 2530 2531 2532
f 2533 2534 2535
f 2536 2537 2538
f 2539 2540 2541
f 2542 2543 2544
f 2545 2546 2547
f 2548 2549 2550
f 2551 2552 2553
f 2554 2555 2556
f 2557 2558 2559
f 2560 2561 2562
f 2563 2564 2565
f 2566 2567 2568
f 2569 2570 2571
f 2572 2573 2574
f 2575 2576 2577
f 2578 2579 2580
f 2581 2582 2583
f 2584 2585 2586
f 2587 2588 2589
f 2590 2591 2592
f 2593 2594 2595
f 2596 2597 2598
f 2599 2600 2601
f 2602 2603 2604
f 2605 2606 2607
f 2608 2609 2610
f 2611 2612 2613
f 2614 2615 2616
f 2617 2618 2619
f 2620 2621 2622
f 2623 2624 2625
f 2626 2627 2628
f 2629 2630 2631
f 2632 2633 2634
f 2635 2636 2637
f 2638 2639 2640
f 2641 2642 2643
f 2644 2645 2646
f 2647 2648 2649
f 2650 2651 2652
f 2653 2654 2655
f 2656 2657 2658
f 2659 2660 2661
f 2662 2663 2664
f 2665 2666 2667
f 2668 2669 2670
f 2671 2672 2673
f 2674 2675 2676
f 2677 2678 2679
f 2680 2681 2682
f 2683 2684 2685
f 2686 2687 2688
f 2689 2690 2691
f 2692 2693 2694
f 2695 2696 2697
f 2698 2699 2700
f 2701 2702 2703
f 2704 2705 2706
f 2707 2708 2709
f 2710 2711 2712
f 2713 2714 2715
f 2716 2717 2718
f 2719 2720 2721
f 2722 2723 2724
f 2725 2726 2727
f 2728 2729 2730
f 2731 2732 2733
f 2734 2735 2736
f 2737 2738 2739
f 2740 2741 2742
f 2743 2744 2745
f 2746 2747 2748
f 2749 2750 2751
f 2752 2753 2754
f 2755 2756 2757
f 2758 2759 2760
f 2761 2762 2763
f 2764 2765 2766
f 2767 2768 2769
f 2770 2771 2772
f 2773 2774 2775
f 2776 2777 2778
f 2779 2780 2781
f 2782 2783 2784
f 2785 2786 2787
f 2788 2789 2790
f 2791 2792 2793
f 2794 2795 2796
f 2797 2798 2799
f 2800 2801 2802
f 2803 2804 2805
f 2806 2807 2808
f 2809 2810 2811
f 2812 2813 2814
f 2815 2816 2817
f 2818 2819 2820
f 2821 2822 2823
f 2824 2825 2826
f 2827 2828 2829
f 2830 2831 2832
f 2833 2834 2835
f 2836 2837 2838
f 2839 2840 2841
f 2842 2843 2844
f 2845 2846 2847
f 2848 2849 2850
f 2851 2852 2853
f 2854 2855 2856
f 2857 2858 2859
f 2860 2861 2862
f 2863 2864 2865
f 2866 2867 2868
f 2869 2870 2871
f 2872 2873 2874
f 2875 2876 2877
f 2878 2879 2880
f 2881 2882 2883
f 2884 2885 2886
f 2887 2888 2889
f 2890 2891 2892
f 2893 2894 2895
f 2896 2897 2898
f 2899 2900 2901
f 2902 2903 2904
f 2905 2906 2907
f 2908 2909 2910
f 2911 2912 2913
f 2914 2915 2916
f 2917 2918 2919
f 2920 2921 2922
f 2923 2924 2925
f 2926 2927 2928
f 2929 2930 2931
f 2932 2933 2934
f 2935 2936 2937
f 2938 2939 2940
f 2941 2942 2943
f 2944 2945 2946
f 2947 2948 2949
f 2950 2951 2952
f 2953 2954 2955
f 2956 2957 2958
f 2959 2960 2961
f 2962 2963 2964
f 2965 2966 2967
f 2968 2969 2970
f 2971 2972 2973
f 2974 2975 2976
f 2977 2978 2979
f 2980 2981 2982
f 2983 2984 2985
f 2986 2987 2988
f 2989 2990 2991
f 2992 2993 2994
f 2995 2996 2997
f 2998 2999 3000
f 3001 3002 3003
f 3004 3005 3006
f 3007 3008 3009
f 3010 3011 3012
f 3013 3014 3015
f 3016 3017 3018
f 3019 3020 3021
f 3022 3023 3024
f 3025 3026 3027
f 3028 3029 3030
f 3031 3032 3033
f 3034 3035 3036
f 3037 3038 3039
f 3040 3041 3042
f 3043 3044 3045
f 3046 3047 3048
f 3049 3050 3051
f 3052 3053 3054
f 3055 3056 3057
f 3058 3059 3060
f 3061 3062 3063
f 3064 3065 3066
f 3067 3068 3069
f 3070 3071 3072
f 3073 3074 3075
f 3076 3077 3078
f 3079 3080 3081
f 3082 3083 3084
f 3085 3086 3087
f 3088 3089 3090
f 3091 3092 3093
f 3094 3095 3096
f 3097 3098 3099
f 3100 3101 3102
f 3103 3104 3105
f 3106 3107 3108
f 3109 3110 3111
f 3112 3113 3114
f 3115 3116 3117
f 3118 3119 3120
f 3121 3122 3123
f 3124 3125 3126
f 3127 3128 3129
f 3130 3131 3132
f 3133 3134 3135
f 3136 3137 3138
f 3139 3140 3141
f 3142 3143 3144
f 3145 3146 3147
f 3148 3149 3150
f 3151 3152 3153
f 3154 3155 3156
f 3157 3158 3159
f 3160 3161 3162
f 3163 3164 3165
f 3166 3167 3168
f 3169 3170 3171
f 3172 3173 3174
f 3175 3176 3177
f 3178 3179 3180
f 3181 3182 3183
f 3184 3185 3186
f 3187 3188 3189
f 3190 3191 3192
f 3193 3194 3195
f 3196 3197 3198
f 3199 3200 3201
f 3202 3203 3204
f 3205 3206 3207
f 3208 3209 3210
f 3211 3212 3213
f 3214 3215 3216
f 3217 3218 3219
f 3220 3221 3222
f 3223 3224 3225
f 3226 3227 3228
f 3229 3230 3231
f 3232 3233 3234
f 3235 3236 3237
f 3238 3239 3240
f 3241 3242 3243
f 3244 3245 3246
f 3247 3248 3249
f 3250 3251 3252
f 3253 3254 3255
f 3256 3257 3258
f 3259 3260 3261
f 3262 3263 3264
f 3265 3266 3267
f 3268 3269 3270
f 3271 3272 3273
f 3274 3275 3276
f 3277 3278 3279
f 3280 3281 3282
f 3283 3284 3285
f 3286 3287 3288
f 3289 3290 3291
f 3292 3293 3294
f 3295 3296 3297
f 3298 3299 3300
f 3301 3302 3303
f 3304 3305 3306
f 3307 3308 3309
f 3310 3311 3312
f 3313 3314 3315
f 3316 3317 3318
f 3319 3320 3321
f 3322 3323 3324
f 3325 3326 3327
f 3328 3329 3330
f 3331 3332 3333
f 3334 3335 3336
f 3337 3338 3339
f 3340 3341 3342
f 3343 3344 3345
f 3346 3347 3348
f 3349 3350 3351
f 3352 3353 3354
f 3355 3356 3357
f 3358 3359 3360
f 3361 3362 3363
f 3364 3365 3366
f 3367 3368 3369
f 3370 3371 3372
f 3373 3374 3375
f 3376 3377 3378
f 3379 3380 3381
f 3382 3383 3384
f 3385 3386 3387
f 3388 3389 3390
f 3391 3392 3393
f 3394 3395 3396
f 3397 3398 3399
f 3400 3401 3402
f 3403 3404 3405
f 3406 3407 3408
f 3409 3410 3411
f 3412 3413 3414
f 3415 3416 3417
f 3418 3419 3420
f 3421 3422 3423
f 3424 3425 3426
f 3427 3428 3429
f 3430 3431 3432
f 3433 3434 3435
f 3436 3437 3438
f 3439 3440 3441
f 3442 3443 3444
f 3445 3446 3447
f 3448 3449 3450
f 3451 3452 3453
f 3454 3455 3456
f 3457 3458 3459
f 3460 3461 3462
f 3463 3464 3465
f 3466 3467 3468
f 3469 3470 3471
f 3472 3473 3474
f 3475 3476 3477
f 3478 3479 3480
f 3481 3482 3483
f 3484 3485 3486
f 3487 3488 3489
f 3490 3491 3492
f 3493 3494 3495
f 3496 3497 3498
f 3499 3500 3501
f 3502 3503 3504
f 3505 3506 3507
f 3508 3509 3510
f 3511 3512 3513
f 3514 3515 3516
f 3517 3518 3519
f 3520 3521 3522
f 3523 3524 3525
f 3526 3527 3528
f 3529 3530 3531
f 3532 3533 3534
f 3535 3536 3537
f 3538 3539 3540
f 3541 3542 3543
f 3544 3545 3546
f 3547 3548 3549
f 3550 3551 3552
f 3553 3554 3555
f 3556 3557 3558
f 3559 3560 3561
f 3562 3563 3564
f 3565 3566 3567
f 3568 3569 3570
f 3571 3572 3573
f 3574 3575 3576
f 3577 3578 3579
f 3580 3581 3582
f 3583 3584 3585
f 3586 3587 3588
f 3589 3590 3591
f 3592 3593 3594
f 3595 3596 3597
f 3598 3599 3600
f 3601 3602 3603
f 3604 3605 3606
f 3607 3608 3609
f 3610 3611 3612
f 3613 3614 3615
f 3616 3617 3618
f 3619 3620 3621
f 3622 3623 3624
f 3625 3626 3627
f 3628 3629 3630
f 3631 3632 3633
f 3634 3635 3636
f 3637 3638 3639
f 3640 3641 3642
f 3643 3644 3645
f 3646 3647 3648
f 3649 3650 3651
f 3652 3653 3654
f 3655 3656 3657
f 3658 3659 3660
f 3661 3662 3663
f 3664 3665 3666
f 3667 3668 3669
f 3670 3671 3672
f 3673 3674 3675
f 3676 3677 3678
f 3679 3680 3681
f 3682 3683 3684
f 3685 3686 3687
f 3688 3689 3690
f 3691 3692 3693
f 3694 3695 3696
f 3697 3698 3699
f 3700 3701 3702
f 3703 3704 3705
f 3706 3707 3708
f 3709 3710 3711
f 3712 3713 3714
f 3715 3716 3717
f 3718 3719 3720
f 3721 3722 3723
f 3724 3725 3726
f 3727 3728 3729
f 3730 3731 3732
f 3733 3734 3735
f 3736 3737 3738
f 3739 3740 3741
f 3742 3743 3744
f 3745 3746 3747
f 3748 3749 3750
f 3751 3752 3753
f 3754 3755 3756
f 3757 3758 3759
f 3760 3761 3762
f 3763 3764 3765
f 3766 3767 3768
f 3769 3770 3771
f 3772 3773 3774
f 3775 3776 3777
f 3778 3779 3780
f 3781 3782 3783
f 3784 3785 3786
f 3787 3788 3789
f 3790 3791 3792
f 3793 3794 3795
f 3796 3797 3798
f 3799 3800 3801
f 3802 3803 3804
f 3805 3806 3807
f 3808 3809 3810
f 3811 3812 3813
f 3814 3815 3816
f 3817 3818 3819
f 3820 3821 3822
f 3823 3824 3825
f 3826 3827 3828
f 3829 3830 3831
f 3832 3833 3834
f 3835 3836 3837
f 3838 3839 3840
f 3841 3842 3843
f 3844 3845 3846
f 3847 3848 3849
f 3850 3851 3852
f 3853 3854 3855
f 3856 3857 3858
f 3859 3860 3861
f 3862 3863 3864
f 3865 3866 3867
f 3868 3869 3870
f 3871 3872 3873
f 3874 3875 3876
f 3877 3878 3879
f 3880 3881 3882
f 3883 3884 3885
f 3886 3887 3888
f 3889 3890 3891
f 3892 3893 3894
f 3895 3896 3897
f 3898 3899 3900
f 3901 3902 3903
f 3904 3905 3906
f 3907 3908 3909
f 3910 3911 3912
f 3913 3914 3915
f 3916 3917 3918
f 3919 3920 3921
f 3922 3923 3924
f 3925 3926 3927
f 3928 3929 3930
f 3931 3932 3933
f 3934 3935 3936
f 3937 3938 3939
f 3940 3941 3942
f 3943 3944 3945
f 3946 3947 3948
f 3949 3950 3951
f 3952 3953 3954
f 3955 3956 3957
f 3958 3959 3960
f 3961 3962 3963
f 3964 3965 3966
f 3967 3968 3969
f 3970 3971 3972
f 3973 3974 3975
f 3976 3977 3978
f 3979 3980 3981
f 3982 3983 3984
f 3985 3986 3987
f 3988 3989 3990
f 3991 3992 3993
f 3994 3995 3996
f 3997 3998 3999
f 4000 4001 4002
f 4003 4004 4005
f 4006 4007 4008
f 4009 4010 4011
f 4012 4013 4014
f 4015 4016 4017
f 4018 4019 4020
f 4021 4022 4023
f 4024 4025 4026
f 4027 4028 4029
f 4030 4031 4032
f 4033 4034 4035
f 4036 4037 4038
f 4039 4040 4041
f 4042 4043 4044
f 4045 4046 4047
f 4048 4049 4050
f 4051 4052 4053
f 4054 4055 4056
f 4057 4058 4059
f 4060 4061 4062
f 4063 4064 4065
f 4066 4067 4068
f 4069 4070 4071
f 4072 4073 4074
f 4075 4076 4077
f 4078 4079 4080
f 4081 4082 4083
f 4084 4085 4086
f 4087 4088 4089
f 4090 4091 4092
f 4093 4094 4095
f 4096 4097 4098
f 4099 4100 4101
f 4102 4103 4104
f 4105 4106 4107
f 4108 4109 4110
f 4111 4112 4113
f 4114 4115 4116
f 4117 4118 4119
f 4120 4121 4122
f 4123 4124 4125
f 4126 4127 4128
f 4129 4130 4131
f 4132 4133 4134
f 4135 4136 4137
f 4138 4139 4140
f 4141 4142 4143
f 4144 4145 4146
f 4147 4148 4149
f 4150 4151 4152
f 4153 4154 4155
f 4156 4157 4158
f 4159 4160 4161
f 4162 4163 4164
f 4165 4166 4167
f 4168 4169 4170
f 4171 4172 4173
f 4174 4175 4176
f 4177 4178 4179
f 4180 4181 4182
f 4183 4184 4185
f 4186 4187 4188
f 4189 4190 4191
f 4192 4193 4194
f 4195 4196 4197
f 4198 4199 4200
f 4201 4202 4203
f 4204 4205 4206
f 4207 4208 4209
f 4210 4211 4212
f 4213 4214 4215
f 4216 4217 4218
f 4219 4220 4221
f 4222 4223 4224
f 4225 4226 4227
f 4228 4229 4230
f 4231 4232 4233
f 4234 4235 4236
f 4237 4238 4239
f 4240 4241 4242
f 4243 4244 4245
f 4246 4247 4248
f 4249 4250 4251
f 4252 4253 4254
f 4255 4256 4257
f 4258 4259 4260
f 4261 4262 4263
f 4264 4265 4266
f 4267 4268 4269
f 4270 4271 4272
f 4273 4274 4275
f 4276 4277 4278
f 4279 4280 4281
f 4282 4283 4284
f 4285 4286 4287
f 4288 4289 4290
f 4291 4292 4293
f 4294 4295 4296
f 4297 4298 4299
f 4300 4301 4302
f 4303 4304 4305
f 4306 4307 4308
f 4309 4310 4311
f 4312 4313 4314
f 4315 4316 4317
f 4318 4319 4320
f 4321 4322 4323
f 4324 4325 4326
f 4327 4328 4329
f 4330 4331 4332
f 4333 4334 4335
f 4336 4337 4338
f 4339 4340 4341
f 4342 4343 4344
f 4345 4346 4347
f 4348 4349 4350
f 4351 4352 4353
f 4354 4355 4356
f 4357 4358 4359
f 4360 4361 4362
f 4363 4364 4365
f 4366 4367 4368
f 4369 4370 4371
f 4372 4373 4374
f 4375 4376 4377
f 4378 4379 4380
f 4381 4382 4383
f 4384 4385 4386
f 4387 4388 4389
f 4390 4391 4392
f 4393 4394 4395
f 4396 4397 4398
f 4399 4400 4401
f 4402 4403 4404
f 4405 4406 4407
f 4408 4409 4410
f 4411 4412 4413
f 4414 4415 4416
f 4417 4418 4419
f 4420 4421 4422
f 4423 4424 4425
f 4426 4427 4428
f 4429 4430 4431
f 4432 4433 4434
f 4435 4436 4437
f 4438 4439 4440
f 4441 4442 4443
f 4444 4445 4446
f 4447 4448 4449
f 4450 4451 4452
f 4453 4454 4455
f 4456 4457 4458
f 4459 4460 4461
f 4462 4463 4464
f 4465 4466 4467
f 4468 4469 4470
f 4471 4472 4473
f 4474 4475 4476
f 4477 4478 4479
f 4480 4481 4482
f 4483 4484 4485
f 4486 4487 4488
f 4489 4490 4491
f 4492 4493 4494
f 4495 4496 4497
f 4498 4499 4500
f 4501 4502 4503
f 4504 4505 4506
f 4507 4508 4509
f 4510 4511 4512
f 4513 4514 4515
f 4516 4517 4518
f 4519 4520 4521
f 4522 4523 4524
f 4525 4526 4527
f 4528 4529 4530
f 4531 4532 4533
f 4534 4535 4536
f 4537 4538 4539
f 4540 4541 4542
f 4543 4544 4545
f 4546 4547 4548
f 4549 4550 4551
f 4552 4553 4554
f 4555 4556 4557
f 4558 4559 4560
f 4561 4562 4563
f 4564 4565 4566
f 4567 4568 4569
f 4570 4571 4572
f 4573 4574 4575
f 4576 4577 4578
f 4579 4580 4581
f 4582 4583 4584
f 4585 4586 4587
f 4588 4589 4590
f 4591 4592 4593
f 4594 4595 4596
f 4597 4598 4599
f 4600 4601 4602
f 4603 4604 4605
f 4606 4607 4608
f 4609 4610 4611
f 4612 4613 4614
f 4615 4616 4617
f 4618 4619 4620
f 4621 4622 4623
f 4624 4625 4626
f 4627 4628 4629
f 4630 4631 4632
f 4633 4634 4635
f 4636 4637 4638
f 4639 4640 4641
f 4642 4643 4644
f 4645 4646 4647
f 4648 4649 4650
f 4651 4652 4653
f 4654 4655 4656
f 4657 4658 4659
f 4660 4661 4662
f 4663 4664 4665
f 4666 4667 4668
f 4669 4670 4671
f 4672 4673 4674
f 4675 4676 4677
f 4678 4679 4680
f 4681 4682 4683
f 4684 4685 4686
f 4687 4688 4689
f 4690 4691 4692
f 4693 4694 4695
f 4696 4697 4698
f 4699 4700 4701
f 4702 4703 4704
f 4705 4706 4707
f 4708 4709 4710
f 4711 4712 4713
f 4714 4715 4716
f 4717 4718 4719
f 4720 4721 4722
f 4723 4724 4725
f 4726 4727 4728
f 4729 4730 4731
f 4732 4733 4734
f 4735 4736 4737
f 4738 4739 4740
f 4741 4742 4743
f 4744 4745 4746
f 4747 4748 4749
f 4750 4751 4752
f 4753 4754 4755
f 4756 4757 4758
f 4759 4760 4761
f 4762 4763 4764
f 4765 4766 4767
f 4768 4769 4770
f 4771 4772 4773
f 4774 4775 4776
f 4777 4778 4779
f 4780 4781 4782
f 4783 4784 4785
f 4786 4787 4788
f 4789 4790 4791
f 4792 4793 4794
f 4795 4796 4797
f 4798 4799 4800
f 4801 4802 4803
f 4804 4805 4806
f 4807 4808 4809
f 4810 4811 4812
f 4813 4814 4815
f 4816 4817 4818
f 4819 4820 4821
f 4822 4823 4824
f 4825 4826 4827
f 4828 4829 4830
f 4831 4832 4833
f 4834 4835 4836
f 4837 4838 4839
f 4840 4841 4842
f 4843 4844 4845
f 4846 4847 4848
f 4849 4850 4851
f 4852 4853 4854
f 4855 4856 4857
f 4858 4859 4860
f 4861 4862 4863
f 4864 4865 4866
f 4867 4868 4869
f 4870 4871 4872
f 4873 4874 4875
f 4876 4877 4878
f 4879 4880 4881
f 4882 4883 4884
f 4885 4886 4887
f 4888 4889 4890
f 4891 4892 4893
f 4894 4895 4896
f 4897 4898 4899
f 4900 4901 4902
f 4903 4904 4905
f 4906 4907 4908
f 4909 4910 4911
f 4912 4913 4914
f 4915 4916 4917
f 4918 4919 4920
f 4921 4922 4923
f 4924 4925 4926
f 4927 4928 4929
f 4930 4931 4932
f 4933 4934 4935
f 4936 4937 4938
f 4939 4940 4941
f 4942 4943 4944
f 4945 4946 4947
f 4948 4949 4950
f 4951 4952 4953
f 4954 4955 4956
f 4957 4958 4959
f 4960 4961 4962
f 4963 4964 4965
f 4966 4967 4968
f 4969 4970 4971
f 4972 4973 4974
f 4975 4976 4977
f 4978 4979 4980
f 4981 4982 4983
f 4984 4985 4986
f 4987 4988 4989
f 4990 4991 4992
f 4993 4994 4995
f 4996 4997 4998
f 4999 5000 5001
f 5002 5003 5004
f 5005 5006 5007
f 5008 5009 5010
f 5011 5012 5013
f 5014 5015 5016
f 5017 5018 5019
f 5020 5021 5022
f 5023 5024 5025
f 5026 5027 5028
f 5029 5030 5031
f 5032 5033 5034
f 5035 5036 5037
f 5038 5039 5040
f 5041 5042 5043
f 5044 5045 5046
f 5047 5048 5049
f 5050 5051 5052
f 5053 5054 5055
f 5056 5057 5058
f 5059 5060 5061
f 5062 5063 5064
f 5065 5066 5067
f 5068 5069 5070
f 5071 5072 5073
f 5074 5075 5076
f 5077 5078 5079
f 5080 5081 5082
f 5083 5084 5085
f 5086 5087 5088
f 5089 5090 5091
f 5092 5093 5094
f 5095 5096 5097
f 5098 5099 5100
f 5101 5102 5103
f 5104 5105 5106
f 5107 5108 5109
f 5110 5111 5112
f 5113 5114 5115
f 5116 5117 5118
f 5119 5120 5121
f 5122 5123 5124
f 5125 5126 5127
f 5128 5129 5130
f 5131 5132 5133
f 5134 5135 5136
f 5137 5138 5139
f 5140 5141 5142
f 5143 5144 5145
f 5146 5147 5148
f 5149 5150 5151
f 5152 5153 5154
f 5155 5156 5157
f 5158 5159 5160
f 5161 5162 5163
f 5164 5165 5166
f 5167 5168 5169
f 5170 5171 5172
f 5173 5174 5175
f 5176 5177 5178
f 5179 5180 5181
f 5182 5183 5184
f 5185 5186 5187
f 5188 5189 5190
f 5191 5192 5193
f 5194 5195 5196
f 5197 5198 5199
f 5200 5201 5202
f 5203 5204 5205
f 5206 5207 5208
f 5209 5210 5211
f 5212 5213 5214
f 5215 5216 5217
f 5218 5219 5220
f 5221 5222 5223
f 5224 5225 5226
f 5227 5228 5229
f 5230 5231 5232
f 5233 5234 5235
f 5236 5237 5238
f 5239 5240 5241
f 5242 5243 5244
f 5245 5246 5247
f 5248 5249 5250
f 5251 5252 5253
f 5254 5255 5256
f 5257 5258 5259
f 5260 5261 5262
f 5263 5264 5265
f 5266 5267 5268
f 5269 5270 5271
f 5272 5273 5274
f 5275 5276 5277
f 5278 5279 5280
f 5281 5282 5283
f 5284 5285 5286
f 5287 5288 5289
f 5290 5291 5292
f 5293 5294 5295
f 5296 5297 5298
f 5299 5300 5301
f 5302 5303 5304
f 5305 5306 5307
f 5308 5309 5310
f 5311 5312 5313
f 5314 5315 5316
f 5317 5318 5319
f 5320 5321 5322
f 5323 5324 5325
f 5326 5327 5328
f 5329 5330 5331
f 5332 5333 5334
f 5335 5336 5337
f 5338 5339 5340
f 5341 5342 5343
f 5344 5345 5346
f 5347 5348 5349
f 5350 5351 5352
f 5353 5354 5355
f 5356 5357 5358
f 5359 5360 5361
f 5362 5363 5364
f 5365 5366 5367
f 5368 5369 5370
f 5371 5372 5373
f 5374 5375 5376
f 5377 5378 5379
f 5380 5381 5382
f 5383 5384 5385
f 5386 5387 5388
f 5389 5390 5391
f 5392 5393 5394
f 5395 5396 5397
f 5398 5399 5400
f 5401 5402 5403
f 5404 5405 5406
f 5407 5408 5409
f 5410 5411 5412
f 5413 5414 5415
f 5416 5417 5418
f 5419 5420 5421
f 5422 5423 5424
f 5425 5426 5427
f 5428 5429 5430
f 5431 5432 5433
f 5434 5435 5436
f 5437 5438 5439
f 5440 5441 5442
f 5443 5444 5445
f 5446 5447 5448
f 5449 5450 5451
f 5452 5453 5454
f 5455 5456 5457
f 5458 5459 5460
f 5461 5462 5463
f 5464 5465 5466
f 5467 5468 5469
f 5470 5471 5472
f 5473 5474 5475
f 5476 5477 5478
f 5479 5480 5481
f 5482 5483 5484
f 5485 5486 5487
f 5488 5489 5490
f 5491 5492 5493
f 5494 5495 5496
f 5497 5498 5499
f 5500 5501 5502
f 5503 5504 5505
f 5506 5507 5508
f 5509 5510 5511
f 5512 5513 5514
f 5515 5516 5517
f 5518 5519 5520
f 5521 5522 5523
f 5524 5525 5526
f 5527 5528 5529
f 5530 5531 5532
f 5533 5534 5535
f 5536 5537 5538
f 5539 5540 5541
f 5542 5543 5544
f 5545 5546 5547
f 5548 5549 5550
f 5551 5552 5553
f 5554 5555 5556
f 5557 5558 5559
f 5560 5561 5562
f 5563 5564 5565
f 5566 5567 5568
f 5569 5570 5571
f 5572 5573 5574
f 5575 5576 5577
f 5578 5579 5580
f 5581 5582 5583
f 5584 5585 5586
f 5587 5588 5589
f 5590 5591 5592
f 5593 5594 5595
f 5596 5597 5598
f 5599 5600 5601
f 5602 5603 5604
f 5605 5606 5607
f 5608 5609 5610
f 5611 5612 5613
f 5614 5615 5616
f 5617 5618 5619
f 5620 5621 5622
f 5623 5624 5625
f 5626 5627 5628
f 5629 5630 5631
f 5632 5633 5634
f 5635 5636 5637
f 5638 5639 5640
f 5641 5642 5643
f 5644 5645 5646
f 5647 5648 5649
f 5650 5651 5652
f 5653 5654 5655
f 5656 5657 5658
f 5659 5660 5661
f 5662 5663 5664
f 5665 5666 5667
f 5668 5669 5670
f 5671 5672 5673
f 5674 5675 5676
f 5677 5678 5679
f 5680 5681 5682
f 5683 5684 5685
f 5686 5687 5688
f 5689 5690 5691
f 5692 5693 5694
f 5695 5696 5697
f 5698 5699 5700
f 5701 5702 5703
f 5704 5705 5706
f 5707 5708 5709
f 5710 5711 5712
f 5713 5714 5715
f 5716 5717 5718
f 5719 5720 5721
f 5722 5723 5724
f 5725 5726 5727
f 5728 5729 5730
f 5731 5732 5733
f 5734 5735 5736
f 5737 5738 5739
f 5740 5741 5742
f 5743 5744 5745
f 5746 5747 5748
f 5749 5750 5751
f 5752 5753 5754
f 5755 5756 5757
f 5758 5759 5760
f 5761 5762 5763
f 5764 5765 5766
f 5767 5768 5769
f 5770 5771 5772
f 5773 5774 5775
f 5776 5777 5778
f 5779 5780 5781
f 5782 5783 5784
f 5785 5786 5787
f 5788 5789 5790
f 5791 5792 5793
f 5794 5795 5796
f 5797 5798 5799
f 5800 5801 5802
f 5803 5804 5805
f 5806 5807 5808
f 5809 5810 5811
f 5812 5813 5814
f 5815 5816 5817
f 5818 5819 5820
f 5821 5822 5823
f 5824 5825 5826
f 5827 5828 5829
f 5830 5831 5832
f 5833 5834 5835
f 5836 5837 5838
f 5839 5840 5841
f 5842 5843 5844
f 5845 5846 5847
f 5848 5849 5850
f 5851 5852 5853
f 5854 5855 5856
f 5857 5858 5859
f 5860 5861 5862
f 5863 5864 5865
f 5866 5867 5868
f 5869 5870 5871
f 5872 5873 5874
f 5875 5876 5877
f 5878 5879 5880
f 5881 5882 5883
f 5884 5885 5886
f 5887 5888 5889
f 5890 5891 5892
f 5893 5894 5895
f 5896 5897 5898
f 5899 5900 5901
f 5902 5903 5904
f 5905 5906 5907
f 5908 5909 5910
f 5911 5912 5913
f 5914 5915 5916
f 5917 5918 5919
f 5920 5921 5922
f 5923 5924 5925
f 5926 5927 5928
f 5929 5930 5931
f 5932 5933 5934
f 5935 5936 5937
f 5938 5939 5940
f 5941 5942 5943
f 5944 5945 5946
f 5947 5948 5949
f 5950 5951 5952
f 5953 5954 5955
f 5956 5957 5958
f 5959 5960 5961
f 5962 5963 5964
f 5965 5966 5967
f 5968 5969 5970
f 5971 5972 5973
f 5974 5975 5976
f 5977 5978 5979
f 5980 5981 5982
f 5983 5984 5985
f 5986 5987 5988
f 5989 5990 5991
f 5992 5993 5994
f 5995 5996 5997
f 5998 5999 6000
f 6001 6002 6003
f 6004 6005 6006
f 6007 6008 6009
f 6010 6011 6012
f 6013 6014 6015
f 6016 6017 6018
f 6019 6020 6021
f 6022 6023 6024
f 6025 6026 6027
f 6028 6029 6030
f 6031 6032 6033
f 6034 6035 6036
f 6037 6038 6039
f 6040 6041 6042
f 6043 6044 6045
f 6046 6047 6048
f 6049 6050 6051
f 6052 6053 6054
f 6055 6056 6057
f 6058 6059 6060
f 6061 6062 6063
f 6064 6065 6066
f 6067 6068 6069
f 6070 6071 6072
f 6073 6074 6075
f 6076 6077 6078
f 6079 6080 6081
f 6082 6083 6084
f 6085 6086 6087
f 6088 6089 6090
f 6091 6092 6093
f 6094 6095 6096
f 6097 6098 6099
f 6100 6101 6102
f 6103 6104 6105
f 6106 6107 6108
f 6109 6110 6111
f 6112 6113 6114
f 6115 6116 6117
f 6118 6119 6120
f 6121 6122 6123
f 6124 6125 6126
f 6127 6128 6129
f 6130 6131 6132
f 6133 6134 6135
f 6136 6137 6138
f 6139 6140 6141
f 6142 6143 6144
f 6145 6146 6147
f 6148 6149 6150
f 6151 6152 6153
f 6154 6155 6156
f 6157 6158 6159
f 6160 6161 6162
f 6163 6164 6165
f 6166 6167 6168
f 6169 6170 6171
f 6172 6173 6174
f 6175 6176 6177
f 6178 6179 6180
f 6181 6182 6183
f 6184 6185 6186
f 6187 6188 6189
f 6190 6191 6192
f 6193 6194 6195
f 6196 6197 6198
f 6199 6200 6201
f 6202 6203 6204
f 6205 6206 6207
f 6208 6209 6210
f 6211 6212 6213
f 6214 6215 6216
f 6217 6218 6219
f 6220 6221 6222
f 6223 6224 6225
f 6226 6227 6228
f 6229 6230 6231
f 6232 6233 6234
f 6235 6236 6237
f 6238 6239 6240
f 6241 6242 6243
f 6244 6245 6246
f 6247 6248 6249
f 6250 6251 6252
f 6253 6254 6255
f 6256 6257 6258
f 6259 6260 6261
f 6262 6263 6264
f 6265 6266 6267
f 6268 6269 6270
f 6271 6272 6273
f 6274 6275 6276
f 6277 6278 6279
f 6280 6281 6282
f 6283 6284 6285
f 6286 6287 6288
f 6289 6290 6291
f 6292 6293 6294
f 6295 6296 6297
f 6298 6299 6300
f 6301 6302 6303
f 6304 6305 6306
f 6307 6308 6309
f 6310 6311 6312
f 6313 6314 6315
f 6316 6317 6318
f 6319 6320 6321
f 6322 6323 6324
f 6325 6326 6327
f 6328 6329 6330
f 6331 6332 6333
f 6334 6335 6336
f 6337 6338 6339
f 6340 6341 6342
f 6343 6344 6345
f 6346 6347 6348
f 6349 6350 6351
f 6352 6353 6354
f 6355 6356 6357
f 6358 6359 6360
f 6361 6362 6363
f 6364 6365 6366
f 6367 6368 6369
f 6370 6371 6372
f 6373 6374 6375
f 6376 6377 6378
f 6379 6380 6381
f 6382 6383 6384
f 6385 6386 6387
f 6388 6389 6390
f 6391 6392 6393
f 6394 6395 6396
f 6397 6398 6399
f 6400 6401 6402
f 6403 6404 6405
f 6406 6407 6408
f 6409 6410 6411
f 6412 6413 6414
f 6415 6416 6417
f 6418 6419 6420
f 6421 6422 6423
f 6424 6425 6426
f 6427 6428 6429
f 6430 6431 6432
f 6433 6434 6435
f 6436 6437 6438
f 6439 6440 6441
f 6442 6443 6444
f 6445 6446 6447
f 6448 6449 6450
f 6451 6452 6453
f 6454 6455 6456
f 6457 6458 6459
f 6460 6461 6462
f 6463 6464 6465
f 6466 6467 6468
f 6469 6470 6471
f 6472 6473 6474
f 6475 6476 6477
f 6478 6479 6480
f 6481 6482 6483
f 6484 6485 6486
f 6487 6488 6489
f 6490 6491 6492
f 6493 6494 6495
f 6496 6497 6498
f 6499 6500 6501
f 6502 6503 6504
f 6505 6506 6507
f 6508 6509 6510
f 6511 6512 6513
f 6514 6515 6516
f 6517 6518 6519
f 6520 6521 6522
f 6523 6524 6525
f 6526 6527 6528
f 6529 6530 6531
f 6532 6533 6534
f 6535 6536 6537
f 6538 6539 6540
f 6541 6542 6543
f 6544 6545 6546
f 6547 6548 6549
f 6550 6551 6552
f 6553 6554 6555
f 6556 6557 6558
f 6559 6560 6561
f 6562 6563 6564
f 6565 6566 6567
f 6568 6569 6570
f 6571 6572 6573
f 6574 6575 6576
f 6577 6578 6579
f 6580 6581 6582
f 6583 6584 6585
f 6586 6587 6588
f 6589 6590 6591
f 6592 6593 6594
f 6595 6596 6597
f 6598 6599 6600
f 6601 6602 6603
f 6604 6605 6606
f 6607 6608 6609
f 6610 6611 6612
f 6613 6614 6615
f 6616 6617 6618
f 6619 6620 6621
f 6622 6623 6624
f 6625 6626 6627
f 6628 6629 6630
f 6631 6632 6633
f 6634 6635 6636
f 6637 6638 6639
f 6640 6641 6642
f 6643 6644 6645
f 6646 6647 6648
f 6649 6650 6651
f 6652 6653 6654
f 6655 6656 6657
f 6658 6659 6660
f 6661 6662 6663
f 6664 6665 6666
f 6667 6668 6669
f 6670 6671 6672
f 6673 6674 6675
f 6676 6677 6678
f 6679 6680 6681
f 6682 6683 6684
f 6685 6686 6687
f 6688 6689 6690
f 6691 6692 6693
f 6694 6695 6696
f 6697 6698 6699
f 6700 6701 6702
f 6703 6704 6705
f 6706 6707 6708
f 6709 6710 6711
f 6712 6713 6714
f 6715 6716 6717
f 6718 6719 6720
f 6721 6722 6723
f 6724 6725 6726
f 6727 6728 6729
f 6730 6731 6732
f 6733 6734 6735
f 6736 6737 6738
f 6739 6740 6741
f 6742 6743 6744
f 6745 6746 6747
f 6748 6749 6750
f 6751 6752 6753
f 6754 6755 6756
f 6757 6758 6759
f 6760 6761 6762
f 6763 6764 6765
f 6766 6767 6768
f 6769 6770 6771
f 6772 6773 6774
f 6775 6776 6777
f 6778 6779 6780
f 6781 6782 6783
f 6784 6785 6786
f 6787 6788 6789
f 6790 6791 6792
f 6793 6794 6795
f 6796 6797 6798
f 6799 6800 6801
f 6802 6803 6804
f 6805 6806 6807
f 6808 6809 6810
f 6811 6812 6813
f 6814 6815 6816
f 6817 6818 6819
f 6820 6821 6822
f 6823 6824 6825
f 6826 6827 6828
f 6829 6830 6831
f 6832 6833 6834
f 6835 6836 6837
f 6838 6839 6840
f 6841 6842 6843
f 6844 6845 6846
f 6847 6848 6849
f 6850 6851 6852
f 6853 6854 6855
f 6856 6857 6858
f 6859 6860 6861
f 6862 6863 6864
f 6865 6866 6867
f 6868 6869 6870
f 6871 6872 6873
f 6874 6875 6876
f 6877 6878 6879
f 6880 6881 6882
f 6883 6884 6885
f 6886 6887 6888
f 6889 6890 6891
f 6892 6893 6894
f 6895 6896 6897
f 6898 6899 6900
f 6901 6902 6903
f 6904 6905 6906
f 6907 6908 6909
f 6910 6911 6912
f 6913 6914 6915
f 6916 6917 6918
f 6919 6920 6921
f 6922 6923 6924
f 6925 6926 6927
f 6928 6929 6930
f 6931 6932 6933
f 6934 6935 6936
f 6937 6938 6939
f 6940 6941 6942
f 6943 6944 6945
f 6946 6947 6948
f 6949 6950 6951
f 6952 6953 6954
f 6955 6956 6957
f 6958 6959 6960
f 6961 6962 6963
f 6964 6965 6966
f 6967 6968 6969
f 6970 6971 6972
f 6973 6974 6975
f 6976 6977 6978
f 6979 6980 6981
f 6982 6983 6984
f 6985 6986 6987
f 6988 6989 6990
f 6991 6992 6993
f 6994 6995 6996
f 6997 6998 6999
f 7000 7001 7002
f 7003 7004 7005
f 7006 7007 7008
f 7009 7010 7011
f 7012 7013 7014
f 7015 7016 7017
f 7018 7019 7020
f 7021 7022 7023
f 7024 7025 7026
f 7027 7028 7029
f 7030 7031 7032
f 7033 7034 7035
f 7036 7037 7038
f 7039 7040 7041
f 7042 7043 7044
f 7045 7046 7047
f 7048 7049 7050
f 7051 7052 7053
f 7054 7055 7056
f 7057 7058 7059
f 7060 7061 7062
f 7063 7064 7065
f 7066 7067 7068
f 7069 7070 7071
f 7072 7073 7074
f 7075 7076 7077
f 7078 7079 7080
f 7081 7082 7083
f 7084 7085 7086
f 7087 7088 7089
f 7090 7091 7092
f 7093 7094 7095
f 7096 7097 7098
f 7099 7100 7101
f 7102 7103 7104
f 7105 7106 7107
f 7108 7109 7110
f 7111 7112 7113
f 7114 7115 7116
f 7117 7118 7119
f 7120 7121 7122
f 7123 7124 7125
f 7126 7127 7128
f 7129 7130 7131
f 7132 7133 7134
f 7135 7136 7137
f 7138 7139 7140
f 7141 7142 7143
f 7144 7145 7146
f 7147 7148 7149
f 7150 7151 7152
f 7153 7154 7155
f 7156 7157 7158
f 7159 7160 7161
f 7162 7163 7164
f 7165 7166 7167
f 7168 7169 7170
f 7171 7172 7173
f 7174 7175 7176
f 7177 7178 7179
f 7180 7181 7182
f 7183 7184 7185
f 7186 7187 7188
f 7189 7190 7191
f 7192 7193 7194
f 7195 7196 7197
f 7198 7199 7200
f 7201 7202 7203
f 7204 7205 7206
f 7207 7208 7209
f 7210 7211 7212
f 7213 7214 7215
f 7216 7217 7218
f 7219 7220 7221
f 7222 7223 7224
f 7225 7226 7227
f 7228 7229 7230
f 7231 7232 7233
f 7234 7235 7236
f 7237 7238 7239
f 7240 7241 7242
f 7243 7244 7245
f 7246 7247 7248
f 7249 7250 7251
f 7252 7253 7254
f 7255 7256 7257
f 7258 7259 7260
f 7261 7262 7263
f 7264 7265 7266
f 7267 7268 7269
f 7270 7271 7272
f 7273 7274 7275
f 7276 7277 7278
f 7279 7280 7281
f 7282 7283 7284
f 7285 7286 7287
f 7288 7289 7290
f 7291 7292 7293
f 7294 7295 7296
f 7297 7298 7299
f 7300 7301 7302
f 7303 7304 7305
f 7306 7307 7308
f 7309 7310 7311
f 7312 7313 7314
f 7315 7316 7317
f 7318 7319 7320
f 7321 7322 7323
f 7324 7325 7326
f 7327 7328 7329
f 7330 7331 7332
f 7333 7334 7335
f 7336 7337 7338
f 7339 7340 7341
f 7342 7343 7344
f 7345 7346 7347
f 7348 7349 7350
f 7351 7352 7353
f 7354 7355 7356
f 7357 7358 7359
f 7360 7361 7362
f 7363 7364 7365
f 7366 7367 7368
f 7369 7370 7371
f 7372 7373 7374
f 7375 7376 7377
f 7378 7379 7380
f 7381 7382 7383
f 7384 7385 7386
f 7387 7388 7389
f 7390 7391 7392
f 7393 7394 7395
f 7396 7397 7398
f 7399 7400 7401
f 7402 7403 7404
f 7405 7406 7407
f 7408 7409 7410
f 7411 7412 7413
f 7414 7415 7416
f 7417 7418 7419
f 7420 7421 7422
f 7423 7424 7425
f 7426 7427 7428
f 7429 7430 7431
f 7432 7433 7434
f 7435 7436 7437
f 7438 7439 7440
f 7441 7442 7443
f 7444 7445 7446
f 7447 7448 7449
f 7450 7451 7452
f 7453 7454 7455
f 7456 7457 7458
f 7459 7460 7461
f 7462 7463 7464
f 7465 7466 7467
f 7468 7469 7470
f 7471 7472 7473
f 7474 7475 7476
f 7477 7478 7479
f 7480 7481 7482
f 7483 7484 7485
f 7486 7487 7488
f 7489 7490 7491
f 7492 7493 7494
f 7495 7496 7497
f 7498 7499 7500
f 7501 7502 7503
f 7504 7505 7506
f 7507 7508 7509
f 7510 7511 7512
f 7513 7514 7515
f 7516 7517 7518
f 7519 7520 7521
f 7522 7523 7524
f 7525 7526 7527
f 7528 7529 7530
f 7531 7532 7533
f 7534 7535 7536
f 7537 7538 7539
f 7540 7541 7542
f 7543 7544 7545
f 7546 7547 7548
f 7549 7550 7551
f 7552 7553 7554
f 7555 7556 7557
f 7558 7559 7560
f 7561 7562 7563
f 7564 7565 7566
f 7567 7568 7569
f 7570 7571 7572
f 7573 7574 7575
f 7576 7577 7578
f 7579 7580 7581
f 7582 7583 7584
f 7585 7586 7587
f 7588 7589 7590
f 7591 7592 7593
f 7594 7595 7596
f 7597 7598 7599
f 7600 7601 7602
f 7603 7604 7605
f 7606 7607 7608
f 7609 7610 7611
f 7612 7613 7614
f 7615 7616 7617
f 7618 7619 7620
f 7621 7622 7623
f 7624 7625 7626
f 7627 7628 7629
f 7630 7631 7632
f 7633 7634 7635
f 7636 7637 7638
f 7639 7640 7641
f 7642 7643 7644
f 7645 7646 7647
f 7648 7649 7650
f 7651 7652 7653
f 7654 7655 7656
f 7657 7658 7659
f 7660 7661 7662
f 7663 7664 7665
f 7666 7667 7668
f 7669 7670 7671
f 7672 7673 7674
f 7675 7676 7677
f 7678 7679 7680
f 7681 7682 7683
f 7684 7685 7686
f 7687 7688 7689
f 7690 7691 7692
f 7693 7694 7695
f 7696 7697 7698
f 7699 7700 7701
f 7702 7703 7704
f 7705 7706 7707
f 7708 7709 7710
f 7711 7712 7713
f 7714 7715 7716
f 7717 7718 7719
f 7720 7721 7722
f 7723 7724 7725
f 7726 7727 7728
f 7729 7730 7731
f 7732 7733 7734
f 7735 7736 7737
f 7738 7739 7740
f 7741 7742 7743
f 7744 7745 7746
f 7747 7748 7749
f 7750 7751 7752
f 7753 7754 7755
f 7756 7757 7758
f 7759 7760 7761
f 7762 7763 7764
f 7765 7766 7767
f 7768 7769 7770
f 7771 7772 7773
f 7774 7775 7776
f 7777 7778 7779
f 7780 7781 7782
f 7783 7784 7785
f 7786 7787 7788
f 7789 7790 7791
f 7792 7793 7794
f 7795 7796 7797
f 7798 7799 7800
f 7801 7802 7803
f 7804 7805 7806
f 7807 7808 7809
f 7810 7811 7812
f 7813 7814 7815
f 7816 7817 7818
f 7819 7820 7821
f 7822 7823 7824
f 7825 7826 7827
f 7828 7829 7830
f 7831 7832 7833
f 7834 7835 7836
f 7837 7838 7839
f 7840 7841 7842
f 7843 7844 7845
f 7846 7847 7848
f 7849 7850 7851
f 7852 7853 7854
f 7855 7856 7857
f 7858 7859 7860
f 7861 7862 7863
f 7864 7865 7866
f 7867 7868 7869
f 7870 7871 7872
f 7873 7874 7875
f 7876 7877 7878
f 7879 7880 7881
f 7882 7883 7884
f 7885 7886 7887
f 7888 7889 7890
f 7891 7892 7893
f 7894 7895 7896
f 7897 7898 7899
f 7900 7901 7902
f 7903 7904 7905
f 7906 7907 7908
f 7909 7910 7911
f 7912 7913 7914
f 7915 7916 7917
f 7918 7919 7920
f 7921 7922 7923
f 7924 7925 7926
f 7927 7928 7929
f 7930 7931 7932
f 7933 7934 7935
f 7936 7937 7938
f 7939 7940 7941
f 7942 7943 7944
f 7945 7946 7947
f 7948 7949 7950
f 7951 7952 7953
f 7954 7955 7956
f 7957 7958 7959
f 7960 7961 7962
f 7963 7964 7965
f 7966 7967 7968
f 7969 7970 7971
f 7972 7973 7974
f 7975 7976 7977
f 7978 7979 7980
f 7981 7982 7983
f 7984 7985 7986
f 7987 7988 7989
f 7990 7991 7992
f 7993 7994 7995
f 7996 7997 7998
f 7999 8000 8001
f 8002 8003 8004
f 8005 8006 8007
f 8008 8009 8010
f 8011 8012 8013
f 8014 8015 8016
f 8017 8018 8019
f 8020 8021 8022
f 8023 8024 8025
f 8026 8027 8028
f 8029 8030 8031
f 8032 8033 8034
f 8035 8036 8037
f 8038 8039 8040
f 8041 8042 8043
f 8044 8045 8046
f 8047 8048 8049
f 8050 8051 8052
f 8053 8054 8055
f 8056 8057 8058
f 8059 8060 8061
f 8062 8063 8064
f 8065 8066 8067
f 8068 8069 8070
f 8071 8072 8073
f 8074 8075 8076
f 8077 8078 8079
f 8080 8081 8082
f 8083 8084 8085
f 8086 8087 8088
f 8089 8090 8091
f 8092 8093 8094
f 8095 8096 8097
f 8098 8099 8100
f 8101 8102 8103
f 8104 8105 8106
f 8107 8108 8109
f 8110 8111 8112
f 8113 8114 8115
f 8116 8117 8118
f 8119 8120 8121
f 8122 8123 8124
f 8125 8126 8127
f 8128 8129 8130
f 8131 8132 8133
f 8134 8135 8136
f 8137 8138 8139
f 8140 8141 8142
f 8143 8144 8145
f 8146 8147 8148
f 8149 8150 8151
f 8152 8153 8154
f 8155 8156 8157
f 8158 8159 8160
f 8161 8162 8163
f 8164 8165 8166
f 8167 8168 8169
f 8170 8171 8172
f 8173 8174 8175
f 8176 8177 8178
f 8179 8180 8181
f 8182 8183 8184
f 8185 8186 8187
f 8188 8189 8190
f 8191 8192 8193
f 8194 8195 8196
f 8197 8198 8199
f 8200 8201 8202
f 8203 8204 8205
f 8206 8207 8208
f 8209 8210 8211
f 8212 8213 8214
f 8215 8216 8217
f 8218 8219 8220
f 8221 8222 8223
f 8224 8225 8226
f 8227 8228 8229
f 8230 8231 8232
f 8233 8234 8235
f 8236 8237 8238
f 8239 8240 8241
f 8242 8243 8244
f 8245 8246 8247
f 8248 8249 8250
f 8251 8252 8253
f 8254 8255 8256
f 8257 8258 8259
f 8260 8261 8262
f 8263 8264 8265
f 8266 8267 8268
f 8269 8270 8271
f 8272 8273 8274
f 8275 8276 8277
f 8278 8279 8280
f 8281 8282 8283
f 8284 8285 8286
f 8287 8288 8289
f 8290 8291 8292
f 8293 8294 8295
f 8296 8297 8298
f 8299 8300 8301
f 8302 8303 8304
f 8305 8306 8307
f 8308 8309 8310
f 8311 8312 8313
f 8314 8315 8316
f 8317 8318 8319
f 8320 8321 8322
f 8323 8324 8325
f 8326 8327 8328
f 8329 8330 8331
f 8332 8333 8334
f 8335 8336 8337
f 8338 8339 8340
f 8341 8342 8343
f 8344 8345 8346
f 8347 8348 8349
f 8350 8351 8352
f 8353 8354 8355
f 8356 8357 8358
f 8359 8360 8361
f 8362 8363 8364
f 8365 8366 8367
f 8368 8369 8370
f 8371 8372 8373
f 8374 8375 8376
f 8377 8378 8379
f 8380 8381 8382
f 8383 8384 8385
f 8386 8387 8388
f 8389 8390 8391
f 8392 8393 8394
f 8395 8396 8397
f 8398 8399 8400
f 8401 8402 8403
f 8404 8405 8406
f 8407 8408 8409
f 8410 8411 8412
f 8413 8414 8415
f 8416 8417 8418
f 8419 8420 8421
f 8422 8423 8424
f 8425 8426 8427
f 8428 8429 8430
f 8431 8432 8433
f 8434 8435 8436
f 8437 8438 8439
f 8440 8441 8442
f 8443 8444 8445
f 8446 8447 8448
f 8449 8450 8451
f 8452 8453 8454
f 8455 8456 8457
f 8458 8459 8460
f 8461 8462 8463
f 8464 8465 8466
f 8467 8468 8469
f 8470 8471 8472
f 8473 8474 8475
f 8476 8477 8478
f 8479 8480 8481
f 8482 8483 8484
f 8485 8486 8487
f 8488 8489 8490
f 8491 8492 8493
f 8494 8495 8496
f 8497 8498 8499
f 8500 8501 8502
f 8503 8504 8505
f 8506 8507 8508
f 8509 8510 8511
f 8512 8513 8514
f 8515 8516 8517
f 8518 8519 8520
f 8521 8522 8523
f 8524 8525 8526
f 8527 8528 8529
f 8530 8531 8532
f 8533 8534 8535
f 8536 8537 8538
f 8539 8540 8541
f 8542 8543 8544
f 8545 8546 8547
f 8548 8549 8550
f 8551 8552 8553
f 8554 8555 8556
f 8557 8558 8559
f 8560 8561 8562
f 8563 8564 8565
f 8566 8567 8568
f 8569 8570 8571
f 8572 8573 8574
f 8575 8576 8577
f 8578 8579 8580
f 8581 8582 8583
f 8584 8585 8586
f 8587 8588 8589
f 8590 8591 8592
f 8593 8594 8595
f 8596 8597 8598
f 8599 8600 8601
f 8602 8603 8604
f 8605 8606 8607
f 8608 8609 8610
f 8611 8612 8613
f 8614 8615 8616
f 8617 8618 8619
f 8620 8621 8622
f 8623 8624 8625
f 8626 8627 8628
f 8629 8630 8631
f 8632 8633 8634
f 8635 8636 8637
f 8638 8639 8640
f 8641 8642 8643
f 8644 8645 8646
f 8647 8648 8649
f 8650 8651 8652
f 8653 8654 8655
f 8656 8657 8658
f 8659 8660 8661
f 8662 8663 8664
f 8665 8666 8667
f 8668 8669 8670
f 8671 8672 8673
f 8674 8675 8676
f 8677 8678 8679
f 8680 8681 8682
f 8683 8684 8685
f 8686 8687 8688
f 8689 8690 8691
f 8692 8693 8694
f 8695 8696 8697
f 8698 8699 8700
f 8701 8702 8703
f 8704 8705 8706
f 8707 8708 8709
f 8710 8711 8712
f 8713 8714 8715
f 8716 8717 8718
f 8719 8720 8721
f 8722 8723 8724
f 8725 8726 8727
f 8728 8729 8730
f 8731 8732 8733
f 8734 8735 8736
f 8737 8738 8739
f 8740 8741 8742
f 8743 8744 8745
f 8746 8747 8748
f 8749 8750 8751
f 8752 8753 8754
f 8755 8756 8757
f 8758 8759 8760
f 8761 8762 8763
f 8764 8765 8766
f 8767 8768 8769
f 8770 8771 8772
f 8773 8774 8775
f 8776 8777 8778
f 8779 8780 8781
f 8782 8783 8784
f 8785 8786 8787
f 8788 8789 8790
f 8791 8792 8793
f 8794 8795 8796
f 8797 8798 8799
f 8800 8801 8802
f 8803 8804 8805
f 8806 8807 8808
f 8809 8810 8811
f 8812 8813 8814
f 8815 8816 8817
f 8818 8819 8820
f 8821 8822 8823
f 8824 8825 8826
f 8827 8828 8829
f 8830 8831 8832
f 8833 8834 8835
f 8836 8837 8838
f 8839 8840 8841
f 8842 8843 8844
f 8845 8846 8847
f 8848 8849 8850
f 8851 8852 8853
f 8854 8855 8856
f 8857 8858 8859
f 8860 8861 8862
f 8863 8864 8865
f 8866 8867 8868
f 8869 8870 8871
f 8872 8873 8874
f 8875 8876 8877
f 8878 8879 8880
f 8881 8882 8883
f 8884 8885 8886
f 8887 8888 8889
f 8890 8891 8892
f 8893 8894 8895
f 8896 8897 8898
f 8899 8900 8901
f 8902 8903 8904
f 8905 8906 8907
f 8908 8909 8910
f 8911 8912 8913
f 8914 8915 8916
f 8917 8918 8919
f 8920 8921 8922
f 8923 8924 8925
f 8926 8927 8928
f 8929 8930 8931
f 8932 8933 8934
f 8935 8936 8937
f 8938 8939 8940
f 8941 8942 8943
f 8944 8945 8946
f 8947 8948 8949
f 8950 8951 8952
f 8953 8954 8955
f 8956 8957 8958
f 8959 8960 8961
f 8962 8963 8964
f 8965 8966 8967
f 8968 8969 8970
f 8971 8972 8973
f 8974 8975 8976
f 8977 8978 8979
f 8980 8981 8982
f 8983 8984 8985
f 8986 8987 8988
f 8989 8990 8991
f 8992 8993 8994
f 8995 8996 8997
f 8998 8999 9000
f 9001 9002 9003
f 9004 9005 9006
f 9007 9008 9009
f 9010 9011 9012
f 9013 9014 9015
f 9016 9017 9018
f 9019 9020 9021
f 9022 9023 9024
f 9025 9026 9027
f 9028 9029 9030
f 9031 9032 9033
f 9034 9035 9036
f 9037 9038 9039
f 9040 9041 9042
f 9043 9044 9045
f 9046 9047 9048
f 9049 9050 9051
f 9052 9053 9054
f 9055 9056 9057
f 9058 9059 9060
f 9061 9062 9063
f 9064 9065 9066
f 9067 9068 9069
f 9070 9071 9072
f 9073 9074 9075
f 9076 9077 9078
f 9079 9080 9081
f 9082 9083 9084
f 9085 9086 9087
f 9088 9089 9090
f 9091 9092 9093
f 9094 9095 9096
f 9097 9098 9099
f 9100 9101 9102
f 9103 9104 9105
f 9106 9107 9108
f 9109 9110 9111
f 9112 9113 9114
f 9115 9116 9117
f 9118 9119 9120
f 9121 9122 9123
f 9124 9125 9126
f 9127 9128 9129
f 9130 9131 9132
f 9133 9134 9135
f 9136 9137 9138
f 9139 9140 9141
f 9142 9143 9144
f 9145 9146 9147
f 9148 9149 9150
f 9151 9152 9153
f 9154 9155 9156
f 9157 9158 9159
f 9160 9161 9162
f 9163 9164 9165
f 9166 9167 9168
f 9169 9170 9171
f 9172 9173 9174
f 9175 9176 9177
f 9178 9179 9180
f 9181 9182 9183
f 9184 9185 9186
f 9187 9188 9189
f 9190 9191 9192
f 9193 9194 9195
f 9196 9197 9198
f 9199 9200 9201
f 9202 9203 9204
f 9205 9206 9207
f 9208 9209 9210
f 9211 9212 9213
f 9214 9215 9216
f 9217 9218 9219
f 9220 9221 9222
f 9223 9224 9225
f 9226 9227 9228
f 9229 9230 9231
f 9232 9233 9234
f 9235 9236 9237
f 9238 9239 9240
f 9241 9242 9243
f 9244 9245 9246
f 9247 9248 9249
f 9250 9251 9252
f 9253 9254 9255
f 9256 9257 9258
f 9259 9260 9261
f 9262 9263 9264
f 9265 9266 9267
f 9268 9269 9270
f 9271 9272 9273
f 9274 9275 9276
f 9277 9278 9279
f 9280 9281 9282
f 9283 9284 9285
f 9286 9287 9288
f 9289 9290 9291
f 9292 9293 9294
f 9295 9296 9297
f 9298 9299 9300
f 9301 9302 9303
f 9304 9305 9306
f 9307 9308 9309
f 9310 9311 9312
f 9313 9314 9315
f 9316 9317 9318
f 9319 9320 9321
f 9322 9323 9324
f 9325 9326 9327
f 9328 9329 9330
f 9331 9332 9333
f 9334 9335 9336
f 9337 9338 9339
f 9340 9341 9342
f 9343 9344 9345
f 9346 9347 9348
f 9349 9350 9351
f 9352 9353 9354
f 9355 9356 9357
f 9358 9359 9360
f 9361 9362 9363
f 9364 9365 9366
f 9367 9368 9369
f 9370 9371 9372
f 9373 9374 9375
f 9376 9377 9378
f 9379 9380 9381
f 9382 9383 9384
f 9385 9386 9387
f 9388 9389 9390
f 9391 9392 9393
f 9394 9395 9396
f 9397 9398 9399
f 9400 9401 9402
f 9403 9404 9405
f 9406 9407 9408
f 9409 9410 9411
f 9412 9413 9414
f 9415 9416 9417
f 9418 9419 9420
f 9421 9422 9423
f 9424 9425 9426
f 9427 9428 9429
f 9430 9431 9432
f 9433 9434 9435
f 9436 9437 9438
f 9439 9440 9441
f 9442 9443 9444
f 9445 9446 9447
f 9448 9449 9450
f 9451 9452 9453
f 9454 9455 9456
f 9457 9458 9459
f 9460 9461 9462
f 9463 9464 9465
f 9466 9467 9468
f 9469 9470 9471
f 9472 9473 9474
f 9475 9476 9477
f 9478 9479 9480
f 9481 9482 9483
f 9484 9485 9486
f 9487 9488 9489
f 9490 9491 9492
f 9493 9494 9495
f 9496 9497 9498
f 9499 9500 9501
f 9502 9503 9504
f 9505 9506 9507
f 9508 9509 9510
f 9511 9512 9513
f 9514 9515 9516
f 9517 9518 9519
f 9520 9521 9522
f 9523 9524 9525
f 9526 9527 9528
f 9529 9530 9531
f 9532 9533 9534
f 9535 9536 9537
f 9538 9539 9540
f 9541 9542 9543
f 9544 9545 9546
f 9547 9548 9549
f 9550 9551 9552
f 9553 9554 9555
f 9556 9557 9558
f 9559 9560 9561
f 9562 9563 9564
f 9565 9566 9567
f 9568 9569 9570
f 9571 9572 9573
f 9574 9575 9576
f 9577 9578 9579
f 9580 9581 9582
f 9583 9584 9585
f 9586 9587 9588
f 9589 9590 9591
f 9592 9593 9594
f 9595 9596 9597
f 9598 9599 9600
f 9601 9602 9603
f 9604 9605 9606
f 9607 9608 9609
f 9610 9611 9612
f 9613 9614 9615
f 9616 9617 9618
f 9619 9620 9621
f 9622 9623 9624
f 9625 9626 9627
f 9628 9629 9630
f 9631 9632 9633
f 9634 9635 9636
f 9637 9638 9639
f 9640 9641 9642
f 9643 9644 9645
f 9646 9647 9648
f 9649 9650 9651
f 9652 9653 9654
f 9655 9656 9657
f 9658 9659 9660
f 9661 9662 9663
f 9664 9665 9666
f 9667 9668 9669
f 9670 9671 9672
f 9673 9674 9675
f 9676 9677 9678
f 9679 9680 9681
f 9682 9683 9684
f 9685 9686 9687
f 9688 9689 9690
f 9691 9692 9693
f 9694 9695 9696
f 9697 9698 9699
f 9700 9701 9702
f 9703 9704 9705
f 9706 9707 9708
f 9709 9710 9711
f 9712 9713 9714
f 9715 9716 9717
f 9718 9719 9720
f 9721 9722 9723
f 9724 9725 9726
f 9727 9728 9729
f 9730 9731 9732
f 9733 9734 9735
f 9736 9737 9738
f 9739 9740 9741
f 9742 9743 9744
f 9745 9746 9747
f 9748 9749 9750
f 9751 9752 9753
f 9754 9755 9756
f 9757 9758 9759
f 9760 9761 9762
f 9763 9764 9765
f 9766 9767 9768
f 9769 9770 9771
f 9772 9773 9774
f 9775 9776 9777
f 9778 9779 9780
f 9781 9782 9783
f 9784 9785 9786
f 9787 9788 9789
f 9790 9791 9792
f 9793 9794 9795
f 9796 9797 9798
f 9799 9800 9801
f 9802 9803 9804
f 9805 9806 9807
f 9808 9809 9810
f 9811 9812 9813
f 9814 9815 9816
f 9817 9818 9819
f 9820 9821 9822
f 9823 9824 9825
f 9826 9827 9828
f 9829 9830 9831
f 9832 9833 9834
f 9835 9836 9837
f 9838 9839 9840
f 9841 9842 9843
f 9844 9845 9846
f 9847 9848 9849
f 9850 9851 9852
f 9853 9854 9855
f 9856 9857 9858
f 9859 9860 9861
f 9862 9863 9864
f 9865 9866 9867
f 9868 9869 9870
f 9871 9872 9873
f 9874 9875 9876
f 9877 9878 9879
f 9880 9881 9882
f 9883 9884 9885
f 9886 9887 9888
f 9889 9890 9891
f 9892 9893 9894
f 9895 9896 9897
f 9898 9899 9900
f 9901 9902 9903
f 9904 9905 9906
f 9907 9908 9909
f 9910 9911 9912
f 9913 9914 9915
f 9916 9917 9918
f 9919 9920 9921
f 9922 9923 9924
f 9925 9926 9927
f 9928 9929 9930
f 9931 9932 9933
f 9934 9935 9936
f 9937 9938 9939
f 9940 9941 9942
f 9943 9944 9945
f 9946 9947 9948
f 9949 9950 9951
f 9952 9953 9954
f 9955 9956 9957
f 9958 9959 9960
f 9961 9962 9963
f 9964 9965 9966
f 9967 9968 9969
f 9970 9971 9972
f 9973 9974 9975
f 9976 9977 9978
f 9979 9980 9981
f 9982 9983 9984
f 9985 9986 9987
f 9988 9989 9990
f 9991 9992 9993
f 9994 9995 9996
f 9997 9998 9999
f 10000 10001 10002
f 10003 10004 10005
f 10006 10007 10008
f 10009 10010 10011
f 10012 10013 10014
f 10015 10016 10017
f 10018 10019 10020
f 10021 10022 10023
f 10024 10025 10026
f 10027 10028 10029
f 10030 10031 10032
f 10033 10034 10035
f 10036 10037 10038
f 10039 10040 10041
f 10042 10043 10044
f 10045 10046 10047
f 10048 10049 10050
f 10051 10052 10053
f 10054 10055 10056
f 10057 10058 10059
f 10060 10061 10062
f 10063 10064 10065
f 10066 10067 10068
f 10069 10070 10071
f 10072 10073 10074
f 10075 10076 10077
f 10078 10079 10080
f 10081 10082 10083
f 10084 10085 10086
f 10087 10088 10089
f 10090 10091 10092
f 10093 10094 10095
f 10096 10097 10098
f 10099 10100 10101
f 10102 10103 10104
f 10105 10106 10107
f 10108 10109 10110
f 10111 10112 10113
f 10114 10115 10116
f 10117 10118 10119
f 10120 10121 10122
f 10123 10124 10125
f 10126 10127 10128
f 10129 10130 10131
f 10132 10133 10134
f 10135 10136 10137
f 10138 10139 10140
f 10141 10142 10143
f 10144 10145 10146
f 10147 10148 10149
f 10150 10151 10152
f 10153 10154 10155
f 10156 10157 10158
f 10159 10160 10161
f 10162 10163 10164
f 10165 10166 10167
f 10168 10169 10170
f 10171 10172 10173
f 10174 10175 10176
f 10177 10178 10179
f 10180 10181 10182
f 10183 10184 10185
f 10186 10187 10188
f 10189 10190 10191
f 10192 10193 10194
f 10195 10196 10197
f 10198 10199 10200
f 10201 10202 10203
f 10204 10205 10206
f 10207 10208 10209
f 10210 10211 10212
f 10213 10214 10215
f 10216 10217 10218
f 10219 10220 10221
f 10222 10223 10224
f 10225 10226 10227
f 10228 10229 10230
f 10231 10232 10233
f 10234 10235 10236
f 10237 10238 10239
f 10240 10241 10242
f 10243 10244 10245
f 10246 10247 10248
f 10249 10250 10251
f 10252 10253 10254
f 10255 10256 10257
f 10258 10259 10260
f 10261 10262 10263
f 10264 10265 10266
f 10267 10268 10269
f 10270 10271 10272
f 10273 10274 10275
f 10276 10277 10278
f 10279 10280 10281
f 10282 10283 10284
f 10285 10286 10287
f 10288 10289 10290
f 10291 10292 10293
f 10294 10295 10296
f 10297 10298 10299
f 10300 10301 10302
f 10303 10304 10305
f 10306 10307 10308
f 10309 10310 10311
f 10312 10313 10314
f 10315 10316 10317
f 10318 10319 10320
f 10321 10322 10323
f 10324 10325 10326
f 10327 10328 10329
f 10330 10331 10332
f 10333 10334 10335
f 10336 10337 10338
f 10339 10340 10341
f 10342 10343 10344
f 10345 10346 10347
f 10348 10349 10350
f 10351 10352 10353
f 10354 10355 10356
f 10357 10358 10359
f 10360 10361 10362
f 10363 10364 10365
f 10366 10367 10368
f 10369 10370 10371
f 10372 10373 10374
f 10375 10376 10377
f 10378 10379 10380
f 10381 10382 10383
f 10384 10385 10386
f 10387 10388 10389
f 10390 10391 10392
f 10393 10394 10395
f 10396 10397 10398
f 10399 10400 10401
f 10402 10403 10404
f 10405 10406 10407
f 10408 10409 10410
f 10411 10412 10413
f 10414 10415 10416
f 10417 10418 10419
f 10420 10421 10422
f 10423 10424 10425
f 10426 10427 10428
f 10429 10430 10431
f 10432 10433 10434
f 10435 10436 10437
f 10438 10439 10440
f 10441 10442 10443
f 10444 10445 10446
f 10447 10448 10449
f 10450 10451 10452
f 10453 10454 10455
f 10456 10457 10458
f 10459 10460 10461
f 10462 10463 10464
f 10465 10466 10467
f 10468 10469 10470
f 10471 10472 10473
f 10474 10475 10476
f 10477 10478 10479
f 10480 10481 10482
f 10483 10484 10485
f 10486 10487 10488
f 10489 10490 10491
f 10492 10493 10494
f 10495 10496 10497
f 10498 10499 10500
f 10501 10502 10503
f 10504 10505 10506
f 10507 10508 10509
f 10510 10511 10512
f 10513 10514 10515
f 10516 10517 10518
f 10519 10520 10521
f 10522 10523 10524
f 10525 10526 10527
f 10528 10529 10530
f 10531 10532 10533
f 10534 10535 10536
f 10537 10538 10539
f 10540 10541 10542
f 10543 10544 10545
f 10546 10547 10548
f 10549 10550 10551
f 10552 10553 10554
f 10555 10556 10557
f 10558 10559 10560
f 10561 10562 10563
f 10564 10565 10566
f 10567 10568 10569
f 10570 10571 10572
f 10573 10574 10575
f 10576 10577 10578
f 10579 10580 10581
f 10582 10583 10584
f 10585 10586 10587
f 10588 10589 10590
f 10591 10592 10593
f 10594 10595 10596
f 10597 10598 10599
f 10600 10601 10602
f 10603 10604 10605
f 10606 10607 10608
f 10609 10610 10611
f 10612 10613 10614
f 10615 10616 10617
f 10618 10619 10620
f 10621 10622 10623
f 10624 10625 10626
f 10627 10628 10629
f 10630 10631 10632
f 10633 10634 10635
f 10636 10637 10638
f 10639 10640 10641
f 10642 10643 10644
f 10645 10646 10647
f 10648 10649 10650
f 10651 10652 10653
f 10654 10655 10656
f 10657 10658 10659
f 10660 10661 10662
f 10663 10664 10665
f 10666 10667 10668
f 10669 10670 10671
f 10672 10673 10674
f 10675 10676 10677
f 10678 10679 10680
f 10681 10682 10683
f 10684 10685 10686
f 10687 10688 10689
f 10690 10691 10692
f 10693 10694 10695
f 10696 10697 10698
f 10699 10700 10701
f 10702 10703 10704
f 10705 10706 10707
f 10708 10709 10710
f 10711 10712 10713
f 10714 10715 10716
f 10717 10718 10719
f 10720 10721 10722
f 10723 10724 10725
f 10726 10727 10728
f 10729 10730 10731
f 10732 10733 10734
f 10735 10736 10737
f 10738 10739 10740
f 10741 10742 10743
f 10744 10745 10746
f 10747 10748 10749
f 10750 10751 10752
f 10753 10754 10755
f 10756 10757 10758
f 10759 10760 10761
f 10762 10763 10764
f 10765 10766 10767
f 10768 10769 10770
f 10771 10772 10773
f 10774 10775 10776
f 10777 10778 10779
f 10780 10781 10782
f 10783 10784 10785
f 10786 10787 10788
f 10789 10790 10791
f 10792 10793 10794
f 10795 10796 10797
f 10798 10799 10800
f 10801 10802 10803
f 10804 10805 10806
f 10807 10808 10809
f 10810 10811 10812
f 10813 10814 10815
f 10816 10817 10818
f 10819 10820 10821
f 10822 10823 10824
f 10825 10826 10827
f 10828 10829 10830
f 10831 10832 10833
f 10834 10835 10836
f 10837 10838 10839
f 10840 10841 10842
f 10843 10844 10845
f 10846 10847 10848
f 10849 10850 10851
f 10852 10853 10854
f 10855 10856 10857
f 10858 10859 10860
f 10861 10862 10863
f 10864 10865 10866
f 10867 10868 10869
f 10870 10871 10872
f 10873 10874 10875
f 10876 10877 10878
f 10879 10880 10881
f 10882 10883 10884
f 10885 10886 10887
f 10888 10889 10890
f 10891 10892 10893
f 10894 10895 10896
f 10897 10898 10899
f 10900 10901 10902
f 10903 10904 10905
f 10906 10907 10908
f 10909 10910 10911
f 10912 10913 10914
f 10915 10916 10917
f 10918 10919 10920
f 10921 10922 10923
f 10924 10925 10926
f 10927 10928 10929
f 10930 10931 10932
f 10933 10934 10935
f 10936 10937 10938
f 10939 10940 10941
f 10942 10943 10944
f 10945 10946 10947
f 10948 10949 10950
f 10951 10952 10953
f 10954 10955 10956
f 10957 10958 10959
f 10960 10961 10962
f 10963 10964 10965
f 10966 10967 10968
f 10969 10970 10971
f 10972 10973 10974
f 10975 10976 10977
f 10978 10979 10980
f 10981 10982 10983
f 10984 10985 10986
f 10987 10988 10989
f 10990 10991 10992
f 10993 10994 10995
f 10996 10997 10998
f 10999 11000 11001
f 11002 11003 11004
f 11005 11006 11007
f 11008 11009 11010
f 11011 11012 11013
f 11014 11015 11016
f 11017 11018 11019
f 11020 11021 11022
f 11023 11024 11025
f 11026 11027 11028
f 11029 11030 11031
f 11032 11033 11034
f 11035 11036 11037
f 11038 11039 11040
f 11041 11042 11043
f 11044 11045 11046
f 11047 11048 11049
f 11050 11051 11052
f 11053 11054 11055
f 11056 11057 11058
f 11059 11060 11061
f 11062 11063 11064
f 11065 11066 11067
f 11068 11069 11070
f 11071 11072 11073
f 11074 11075 11076
f 11077 11078 11079
f 11080 11081 11082
f 11083 11084 11085
f 11086 11087 11088
f 11089 11090 11091
f 11092 11093 11094
f 11095 11096 11097
f 11098 11099 11100
f 11101 11102 11103
f 11104 11105 11106
f 11107 11108 11109
f 11110 11111 11112
f 11113 11114 11115
f 11116 11117 11118
f 11119 11120 11121
f 11122 11123 11124
f 11125 11126 11127
f 11128 11129 11130
f 11131 11132 11133
f 11134 11135 11136
f 11137 11138 11139
f 11140 11141 11142
f 11143 11144 11145
f 11146 11147 11148
f 11149 11150 11151
f 11152 11153 11154
f 11155 11156 11157
f 11158 11159 11160
f 11161 11162 11163
f 11164 11165 11166
f 11167 11168 11169
f 11170 11171 11172
f 11173 11174 11175
f 11176 11177 11178
f 11179 11180 11181
f 11182 11183 11184
f 11185 11186 11187
f 11188 11189 11190
f 11191 11192 11193
f 11194 11195 11196
f 11197 11198 11199
f 11200 11201 11202
f 11203 11204 11205
f 11206 11207 11208
f 11209 11210 11211
f 11212 11213 11214
f 11215 11216 11217
f 11218 11219 11220
f 11221 11222 11223
f 11224 11225 11226
f 11227 11228 11229
f 11230 11231 11232
f 11233 11234 11235
f 11236 11237 11238
f 11239 11240 11241
f 11242 11243 11244
f 11245 11246 11247
f 11248 11249 11250
f 11251 11252 11253
f 11254 11255 11256
f 11257 11258 11259
f 11260 11261 11262
f 11263 11264 11265
f 11266 11267 11268
f 11269 11270 11271
f 11272 11273 11274
f 11275 11276 11277
f 11278 11279 11280
f 11281 11282 11283
f 11284 11285 11286
f 11287 11288 11289
f 11290 11291 11292
f 11293 11294 11295
f 11296 11297 11298
f 11299 11300 11301
f 11302 11303 11304
f 11305 11306 11307
f 11308 11309 11310
f 11311 11312 11313
f 11314 11315 11316
f 11317 11318 11319
f 11320 11321 11322
f 11323 11324 11325
f 11326 11327 11328
f 11329 11330 11331
f 11332 11333 11334
f 11335 11336 11337
f 11338 11339 11340
f 11341 11342 11343
f 11344 11345 11346
f 11347 11348 11349
f 11350 11351 11352
f 11353 11354 11355
f 11356 11357 11358
f 11359 11360 11361
f 11362 11363 11364
f 11365 11366 11367
f 11368 11369 11370
f 11371 11372 11373
f 11374 11375 11376
f 11377 11378 11379
f 11380 11381 11382
f 11383 11384 11385
f 11386 11387 11388
f 11389 11390 11391
f 11392 11393 11394
f 11395 11396 11397
f 11398 11399 11400
f 11401 11402 11403
f 11404 11405 11406
f 11407 11408 11409
f 11410 11411 11412
f 11413 11414 11415
f 11416 11417 11418
f 11419 11420 11421
f 11422 11423 11424
f 11425 11426 11427
f 11428 11429 11430
f 11431 11432 11433
f 11434 11435 11436
f 11437 11438 11439
f 11440 11441 11442
f 11443 11444 11445
f 11446 11447 11448
f 11449 11450 11451
f 11452 11453 11454
f 11455 11456 11457
f 11458 11459 11460
f 11461 11462 11463
f 11464 11465 11466
f 11467 11468 11469
f 11470 11471 11472
f 11473 11474 11475
f 11476 11477 11478
f 11479 11480 11481
f 11482 11483 11484
f 11485 11486 11487
f 11488 11489 11490
f 11491 11492 11493
f 11494 11495 11496
f 11497 11498 11499
f 11500 11501 11502
f 11503 11504 11505
f 11506 11507 11508
f 11509 11510 11511
f 11512 11513 11514
f 11515 11516 11517
f 11518 11519 11520
f 11521 11522 11523
f 11524 11525 11526
f 11527 11528 11529
f 11530 11531 11532
f 11533 11534 11535
f 11536 11537 11538
f 11539 11540 11541
f 11542 11543 11544
f 11545 11546 11547
f 11548 11549 11550
f 11551 11552 11553
f 11554 11555 11556
f 11557 11558 11559
f 11560 11561 11562
f 11563 11564 11565
f 11566 11567 11568
f 11569 11570 11571
f 11572 11573 11574
f 11575 11576 11577
f 11578 11579 11580
f 11581 11582 11583
f 11584 11585 11586
f 11587 11588 11589
f 11590 11591 11592
f 11593 11594 11595
f 11596 11597 11598
f 11599 11600 11601
f 11602 11603 11604
f 11605 11606 11607
f 11608 11609 11610
f 11611 11612 11613
f 11614 11615 11616
f 11617 11618 11619
f 11620 11621 11622
f 11623 11624 11625
f 11626 11627 11628
f 11629 11630 11631
f 11632 11633 11634
f 11635 11636 11637
f 11638 11639 11640
f 11641 11642 11643
f 11644 11645 11646
f 11647 11648 11649
f 11650 11651 11652
f 11653 11654 11655
f 11656 11657 11658
f 11659 11660 11661
f 11662 11663 11664
f 11665 11666 11667
f 11668 11669 11670
f 11671 11672 11673
f 11674 11675 11676
f 11677 11678 11679
f 11680 11681 11682
f 11683 11684 11685
f 11686 11687 11688
f 11689 11690 11691
f 11692 11693 11694
f 11695 11696 11697
f 11698 11699 11700
f 11701 11702 11703
f 11704 11705 11706
f 11707 11708 11709
f 11710 11711 11712
f 11713 11714 11715
f 11716 11717 11718
f 11719 11720 11721
f 11722 11723 11724
f 11725 11726 11727
f 11728 11729 11730
f 11731 11732 11733
f 11734 11735 11736
f 11737 11738 11739
f 11740 11741 11742
f 11743 11744 11745
f 11746 11747 11748
f 11749 11750 11751
f 11752 11753 11754
f 11755 11756 11757
f 11758 11759 11760
f 11761 11762 11763
f 11764 11765 11766
f 11767 11768 11769
f 11770 11771 11772
f 11773 11774 11775
f 11776 11777 11778
f 11779 11780 11781
f 11782 11783 11784
f 11785 11786 11787
f 11788 11789 11790
f 11791 11792 11793
f 11794 11795 11796
f 11797 11798 11799
f 11800 11801 11802
f 11803 11804 11805
f 11806 11807 11808
f 11809 11810 11811
f 11812 11813 11814
f 11815 11816 11817
f 11818 11819 11820
f 11821 11822 11823
f 11824 11825 11826
f 11827 11828 11829
f 11830 11831 11832
f 11833 11834 11835
f 11836 11837 11838
f 11839 11840 11841
f 11842 11843 11844
f 11845 11846 11847
f 11848 11849 11850
f 11851 11852 11853
f 11854 11855 11856
f 11857 11858 11859
f 11860 11861 11862
f 11863 11864 11865
f 11866 11867 11868
f 11869 11870 11871
f 11872 11873 11874
f 11875 11876 11877
f 11878 11879 11880
f 11881 11882 11883
f 11884 11885 11886
f 11887 11888 11889
f 11890 11891 11892
f 11893 11894 11895
f 11896 11897 11898
f 11899 11900 11901
f 11902 11903 11904
f 11905 11906 11907
f 11908 11909 11910
f 11911 11912 11913
f 11914 11915 11916
f 11917 11918 11919
f 11920 11921 11922
f 11923 11924 11925
f 11926 11927 11928
f 11929 11930 11931
f 11932 11933 11934
f 11935 11936 11937
f 11938 11939 11940
f 11941 11942 11943
f 11944 11945 11946
f 11947 11948 11949
f 11950 11951 11952
f 11953 11954 11955
f 11956 11957 11958
f 11959 11960 11961
f 11962 11963 11964
f 11965 11966 11967
f 11968 11969 11970
f 11971 11972 11973
f 11974 11975 11976
f 11977 11978 11979
f 11980 11981 11982
f 11983 11984 11985
f 11986 11987 11988
f 11989 11990 11991
f 11992 11993 11994
f 11995 11996 11997
f 11998 11999 12000
f 12001 12002 12003
f 12004 12005 12006
f 12007 12008 12009
f 12010 12011 12012
f 12013 12014 12015
f 12016 12017 12018
f 12019 12020 12021
f 12022 12023 12024
f 12025 12026 12027
f 12028 12029 12030
f 12031 12032 12033
f 12034 12035 12036
f 12037 12038 12039
f 12040 12041 12042
f 12043 12044 12045
f 12046 12047 12048
f 12049 12050 12051
f 12052 12053 12054
f 12055 12056 12057
f 12058 12059 12060
f 12061 12062 12063
f 12064 12065 12066
f 12067 12068 12069
f 12070 12071 12072
f 12073 12074 12075
f 12076 12077 12078
f 12079 12080 12081
f 12082 12083 12084
f 12085 12086 12087
f 12088 12089 12090
f 12091 12092 12093
f 12094 12095 12096
f 12097 12098 12099
f 12100 12101 12102
f 12103 12104 12105
f 12106 12107 12108
f 12109 12110 12111
f 12112 12113 12114
f 12115 12116 12117
f 12118 12119 12120
f 12121 12122 12123
f 12124 12125 12126
f 12127 12128 12129
f 12130 12131 12132
f 12133 12134 12135
f 12136 12137 12138
f 12139 12140 12141
f 12142 12143 12144
f 12145 12146 12147
f 12148 12149 12150
f 12151 12152 12153
f 12154 12155 12156
f 12157 12158 12159
f 12160 12161 12162
f 12163 12164 12165
f 12166 12167 12168
f 12169 12170 12171
f 12172 12173 12174
f 12175 12176 12177
f 12178 12179 12180
f 12181 12182 12183
f 12184 12185 12186
f 12187 12188 12189
f 12190 12191 12192
f 12193 12194 12195
f 12196 12197 12198
f 12199 12200 12201
f 12202 12203 12204
f 12205 12206 12207
f 12208 12209 12210
f 12211 12212 12213
f 12214 12215 12216
f 12217 12218 12219
f 12220 12221 12222
f 12223 12224 12225
f 12226 12227 12228
f 12229 12230 12231
f 12232 12233 12234
f 12235 12236 12237
f 12238 12239 12240
f 12241 12242 12243
f 12244 12245 12246
f 12247 12248 12249
f 12250 12251 12252
f 12253 12254 12255
f 12256 12257 12258
f 12259 12260 12261
f 12262 12263 12264
f 12265 12266 12267
f 12268 12269 12270
f 12271 12272 12273
f 12274 12275 12276
f 12277 12278 12279
f 12280 12281 12282
f 12283 12284 12285
f 12286 12287 12288
f 12289 12290 12291
f 12292 12293 12294
f 12295 12296 12297
f 12298 12299 12300
f 12301 12302 12303
f 12304 12305 12306
f 12307 12308 12309
f 12310 12311 12312
f 12313 12314 12315
f 12316 12317 12318
f 12319 12320 12321
f 12322 12323 12324
f 12325 12326 12327
f 12328 12329 12330
f 12331 12332 12333
f 12334 12335 12336
f 12337 12338 12339
f 12340 12341 12342
f 12343 12344 12345
f 12346 12347 12348
f 12349 12350 12351
f 12352 12353 12354
f 12355 12356 12357
f 12358 12359 12360
f 12361 12362 12363
f 12364 12365 12366
f 12367 12368 12369
f 12370 12371 12372
f 12373 12374 12375
f 12376 12377 12378
f 12379 12380 12381
f 12382 12383 12384
f 12385 12386 12387
f 12388 12389 12390
f 12391 12392 12393
f 12394 12395 12396
f 12397 12398 12399
f 12400 12401 12402
f 12403 12404 12405
f 12406 12407 12408
f 12409 12410 12411
f 12412 12413 12414
f 12415 12416 12417
f 12418 12419 12420
f 12421 12422 12423
f 12424 12425 12426
f 12427 12428 12429
f 12430 12431 12432
f 12433 12434 12435
f 12436 12437 12438
f 12439 12440 12441
f 12442 12443 12444
f 12445 12446 12447
f 12448 12449 12450
f 12451 12452 12453
f 12454 12455 12456
f 12457 12458 12459
f 12460 12461 12462
f 12463 12464 12465
f 12466 12467 12468
f 12469 12470 12471
f 12472 12473 12474
f 12475 12476 12477
f 12478 12479 12480
f 12481 12482 12483
f 12484 12485 12486
f 12487 12488 12489
f 12490 12491 12492
f 12493 12494 12495
f 12496 12497 12498
f 12499 12500 12501
f 12502 12503 12504
f 12505 12506 12507
f 12508 12509 12510
f 12511 12512 12513
f 12514 12515 12516
f 12517 12518 12519
f 12520 12521 12522
f 12523 12524 12525
f 12526 12527 12528
f 12529 12530 12531
f 12532 12533 12534
f 12535 12536 12537
f 12538 12539 12540
f 12541 12542 12543
f 12544 12545 12546
f 12547 12548 12549
f 12550 12551 12552
f 12553 12554 12555
f 12556 12557 12558
f 12559 12560 12561
f 12562 12563 12564
f 12565 12566 12567
f 12568 12569 12570
f 12571 12572 12573
f 12574 12575 12576
f 12577 12578 12579
f 12580 12581 12582
f 12583 12584 12585
f 12586 12587 12588
f 12589 12590 12591
f 12592 12593 12594
f 12595 12596 12597
f 12598 12599 12600
f 12601 12602 12603
f 12604 12605 12606
f 12607 12608 12609
f 12610 12611 12612
f 12613 12614 12615
f 12616 12617 12618
f 12619 12620 12621
f 12622 12623 12624
f 12625 12626 12627
f 12628 12629 12630
f 12631 12632 12633
f 12634 12635 12636
f 12637 12638 12639
f 12640 12641 12642
f 12643 12644 12645
f 12646 12647 12648
f 12649 12650 12651
f 12652 12653 12654
f 12655 12656 12657
f 12658 12659 12660
f 12661 12662 12663
f 12664 12665 12666
f 12667 12668 12669
f 12670 12671 12672
f 12673 12674 12675
f 12676 12677 12678
f 12679 12680 12681
f 12682 12683 12684
f 12685 12686 12687
f 12688 12689 12690
f 12691 12692 12693
f 12694 12695 12696
f 12697 12698 12699
f 12700 12701 12702
f 12703 12704 12705
f 12706 12707 12708
f 12709 12710 12711
f 12712 12713 12714
f 12715 12716 12717
f 12718 12719 12720
f 12721 12722 12723
f 12724 12725 12726
f 12727 12728 12729
f 12730 12731 12732
f 12733 12734 12735
f 12736 12737 12738
f 12739 12740 12741
f 12742 12743 12744
f 12745 12746 12747
f 12748 12749 12750
f 12751 12752 12753
f 12754 12755 12756
f 12757 12758 12759
f 12760 12761 12762
f 12763 12764 12765
f 12766 12767 12768
f 12769 12770 12771
f 12772 12773 12774
f 12775 12776 12777
f 12778 12779 12780
f 12781 12782 12783
f 12784 12785 12786
f 12787 12788 12789
f 12790 12791 12792
f 12793 12794 12795
f 12796 12797 12798
f 12799 12800 12801
f 12802 12803 12804
f 12805 12806 12807
f 12808 12809 12810
f 12811 12812 12813
f 12814 12815 12816
f 12817 12818 12819
f 12820 12821 12822
f 12823 12824 12825
f 12826 12827 12828
f 12829 12830 12831
f 12832 12833 12834
f 12835 12836 12837
f 12838 12839 12840
f 12841 12842 12843
f 12844 12845 12846
f 12847 12848 12849
f 12850 12851 12852
f 12853 12854 12855
f 12856 12857 12858
f 12859 12860 12861
f 12862 12863 12864
f 12865 12866 12867
f 12868 12869 12870
f 12871 12872 12873
f 12874 12875 12876
f 12877 12878 12879
f 12880 12881 12882
f 12883 12884 12885
f 12886 12887 12888
f 12889 12890 12891
f 12892 12893 12894
f 12895 12896 12897
f 12898 12899 12900
f 12901 12902 12903
f 12904 12905 12906
f 12907 12908 12909
f 12910 12911 12912
f 12913 12914 12915
f 12916 12917 12918
f 12919 12920 12921
f 12922 12923 12924
f 12925 12926 12927
f 12928 12929 12930
f 12931 12932 12933
f 12934 12935 12936
f 12937 12938 12939
f 12940 12941 12942
f 12943 12944 12945
f 12946 12947 12948
f 12949 12950 12951
f 12952 12953 12954
f 12955 12956 12957
f 12958 12959 12960
f 12961 12962 12963
f 12964 12965 12966
f 12967 12968 12969
f 12970 12971 12972
f 12973 12974 12975
f 12976 12977 12978
f 12979 12980 12981
f 12982 12983 12984
f 12985 12986 12987
f 12988 12989 12990
f 12991 12992 12993
f 12994 12995 12996
f 12997 12998 12999
f 13000 13001 13002
f 13003 13004 13005
f 13006 13007 13008
f 13009 13010 13011
f 13012 13013 13014
f 13015 13016 13017
f 13018 13019 13020
f 13021 13022 13023
f 13024 13025 13026
f 13027 13028 13029
f 13030 13031 13032
f 13033 13034 13035
f 13036 13037 13038
f 13039 13040 13041
f 13042 13043 13044
f 13045 13046 13047
f 13048 13049 13050
f 13051 13052 13053
f 13054 13055 13056
f 13057 13058 13059
f 13060 13061 13062
f 13063 13064 13065
f 13066 13067 13068
f 13069 13070 13071
f 13072 13073 13074
f 13075 13076 13077
f 13078 13079 13080
f 13081 13082 13083
f 13084 13085 13086
f 13087 13088 13089
f 13090 13091 13092
f 13093 13094 13095
f 13096 13097 13098
f 13099 13100 13101
f 13102 13103 13104
f 13105 13106 13107
f 13108 13109 13110
f 13111 13112 13113
f 13114 13115 13116
f 13117 13118 13119
f 13120 13121 13122
f 13123 13124 13125
f 13126 13127 13128
f 13129 13130 13131
f 13132 13133 13134
f 13135 13136 13137
f 13138 13139 13140
f 13141 13142 13143
f 13144 13145 13146
f 13147 13148 13149
f 13150 13151 13152
f 13153 13154 13155
f 13156 13157 13158
f 13159 13160 13161
f 13162 13163 13164
f 13165 13166 13167
f 13168 13169 13170
f 13171 13172 13173
f 13174 13175 13176
f 13177 13178 13179
f 13180 13181 13182
f 13183 13184 13185
f 13186 13187 13188
f 13189 13190 13191
f 13192 13193 13194
f 13195 13196 13197
f 13198 13199 13200
f 13201 13202 13203
f 13204 13205 13206
f 13207 13208 13209
f 13210 13211 13212
f 13213 13214 13215
f 13216 13217 13218
f 13219 13220 13221
f 13222 13223 13224
f 13225 13226 13227
f 13228 13229 13230
f 13231 13232 13233
f 13234 13235 13236
f 13237 13238 13239
f 13240 13241 13242
f 13243 13244 13245
f 13246 13247 13248
f 13249 13250 13251
f 13252 13253 13254
f 13255 13256 13257
f 13258 13259 13260
f 13261 13262 13263
f 13264 13265 13266
f 13267 13268 13269
f 13270 13271 13272
f 13273 13274 13275
f 13276 13277 13278
f 13279 13280 13281
f 13282 13283 13284
f 13285 13286 13287
f 13288 13289 13290
f 13291 13292 13293
f 13294 13295 13296
f 13297 13298 13299
f 13300 13301 13302
f 13303 13304 13305
f 13306 13307 13308
f 13309 13310 13311
f 13312 13313 13314
f 13315 13316 13317
f 13318 13319 13320
f 13321 13322 13323
f 13324 13325 13326
f 13327 13328 13329
f 13330 13331 13332
f 13333 13334 13335
f 13336 13337 13338
f 13339 13340 13341
f 13342 13343 13344
f 13345 13346 13347
f 13348 13349 13350
f 13351 13352 13353
f 13354 13355 13356
f 13357 13358 13359
f 13360 13361 13362
f 13363 13364 13365
f 13366 13367 13368
f 13369 13370 13371
f 13372 13373 13374
f 13375 13376 13377
f 13378 13379 13380
f 13381 13382 13383
f 13384 13385 13386
f 13387 13388 13389
f 13390 13391 13392
f 13393 13394 13395
f 13396 13397 13398
f 13399 13400 13401
f 13402 13403 13404
f 13405 13406 13407
f 13408 13409 13410
f 13411 13412 13413
f 13414 13415 13416
f 13417 13418 13419
f 13420 13421 13422
f 13423 13424 13425
f 13426 13427 13428
f 13429 13430 13431
f 13432 13433 13434
f 13435 13436 13437
f 13438 13439 13440
f 13441 13442 13443
f 13444 13445 13446
f 13447 13448 13449
f 13450 13451 13452
f 13453 13454 13455
f 13456 13457 13458
f 13459 13460 13461
f 13462 13463 13464
f 13465 13466 13467
f 13468 13469 13470
f 13471 13472 13473
f 13474 13475 13476
f 13477 13478 13479
f 13480 13481 13482
f 13483 13484 13485
f 13486 13487 13488
f 13489 13490 13491
f 13492 13493 13494
f 13495 13496 13497
f 13498 13499 13500
f 13501 13502 13503
f 13504 13505 13506
f 13507 13508 13509
f 13510 13511 13512
f 13513 13514 13515
f 13516 13517 13518
f 13519 13520 13521
f 13522 13523 13524
f 13525 13526 13527
f 13528 13529 13530
f 13531 13532 13533
f 13534 13535 13536
f 13537 13538 13539
f 13540 13541 13542
f 13543 13544 13545
f 13546 13547 13548
f 13549 13550 13551
f 13552 13553 13554
f 13555 13556 13557
f 13558 13559 13560
f 13561 13562 13563
f 13564 13565 13566
f 13567 13568 13569
f 13570 13571 13572
f 13573 13574 13575
f 13576 13577 13578
f 13579 13580 13581
f 13582 13583 13584
f 13585 13586 13587
f 13588 13589 13590
f 13591 13592 13593
f 13594 13595 13596
f 13597 13598 13599
f 13600 13601 13602
f 13603 13604 13605
f 13606 13607 13608
f 13609 13610 13611
f 13612 13613 13614
f 13615 13616 13617
f 13618 13619 13620
f 13621 13622 13623
f 13624 13625 13626
f 13627 13628 13629
f 13630 13631 13632
f 13633 13634 13635
f 13636 13637 13638
f 13639 13640 13641
f 13642 13643 13644
f 13645 13646 13647
f 13648 13649 13650
f 13651 13652 13653
f 13654 13655 13656
f 13657 13658 13659
f 13660 13661 13662
f 13663 13664 13665
f 13666 13667 13668
f 13669 13670 13671
f 13672 13673 13674
f 13675 13676 13677
f 13678 13679 13680
f 13681 13682 13683
f 13684 13685 13686
f 13687 13688 13689
f 13690 13691 13692
f 13693 13694 13695
f 13696 13697 13698
f 13699 13700 13701
f 13702 13703 13704
f 13705 13706 13707
f 13708 13709 13710
f 13711 13712 13713
f 13714 13715 13716
f 13717 13718 13719
f 13720 13721 13722
f 13723 13724 13725
f 13726 13727 13728
f 13729 13730 13731
f 13732 13733 13734
f 13735 13736 13737
f 13738 13739 13740
f 13741 13742 13743
f 13744 13745 13746
f 13747 13748 13749
f 13750 13751 13752
f 13753 13754 13755
f 13756 13757 13758
f 13759 13760 13761
f 13762 13763 13764
f 13765 13766 13767
f 13768 13769 13770
f 13771 13772 13773
f 13774 13775 13776
f 13777 13778 13779
f 13780 13781 13782
f 13783 13784 13785
f 13786 13787 13788
f 13789 13790 13791
f 13792 13793 13794
f 13795 13796 13797
f 13798 13799 13800
f 13801 13802 13803
f 13804 13805 13806
f 13807 13808 13809
f 13810 13811 13812
f 13813 13814 13815
f 13816 13817 13818
f 13819 13820 13821
f 13822 13823 13824
f 13825 13826 13827
f 13828 13829 13830
f 13831 13832 13833
f 13834 13835 13836
f 13837 13838 13839
f 13840 13841 13842
f 13843 13844 13845
f 13846 13847 13848
f 13849 13850 13851
f 13852 13853 13854
f 13855 13856 13857
f 13858 13859 13860
f 13861 13862 13863
f 13864 13865 13866
f 13867 13868 13869
f 13870 13871 13872
f 13873 13874 13875
f 13876 13877 13878
f 13879 13880 13881
f 13882 13883 13884
f 13885 13886 13887
f 13888 13889 13890
f 13891 13892 13893
f 13894 13895 13896
f 13897 13898 13899
f 13900 13901 13902
f 13903 13904 13905
f 13906 13907 13908
f 13909 13910 13911
f 13912 13913 13914
f 13915 13916 13917
f 13918 13919 13920
f 13921 13922 13923
f 13924 13925 13926
f 13927 13928 13929
f 13930 13931 13932
f 13933 13934 13935
f 13936 13937 13938
f 13939 13940 13941
f 13942 13943 13944
f 13945 13946 13947
f 13948 13949 13950
f 13951 13952 13953
f 13954 13955 13956
f 13957 13958 13959
f 13960 13961 13962
f 13963 13964 13965
f 13966 13967 13968
f 13969 13970 13971
f 13972 13973 13974
f 13975 13976 13977
f 13978 13979 13980
f 13981 13982 13983
f 13984 13985 13986
f 13987 13988 13989
f 13990 13991 13992
f 13993 13994 13995
f 13996 13997 13998
f 13999 14000 14001
f 14002 14003 14004
f 14005 14006 14007
f 14008 14009 14010
f 14011 14012 14013
f 14014 14015 14016
f 14017 14018 14019
f 14020 14021 14022
f 14023 14024 14025
f 14026 14027 14028
f 14029 14030 14031
f 14032 14033 14034
f 14035 14036 14037
f 14038 14039 14040
f 14041 14042 14043
f 14044 14045 14046
f 14047 14048 14049
f 14050 14051 14052
f 14053 14054 14055
f 14056 14057 14058
f 14059 14060 14061
f 14062 14063 14064
f 14065 14066 14067
f 14068 14069 14070
f 14071 14072 14073
f 14074 14075 14076
f 14077 14078 14079
f 14080 14081 14082
f 14083 14084 14085
f 14086 14087 14088
f 14089 14090 14091
f 14092 14093 14094
f 14095 14096 14097
f 14098 14099 14100
f 14101 14102 14103
f 14104 14105 14106
f 14107 14108 14109
f 14110 14111 14112
f 14113 14114 14115
f 14116 14117 14118
f 14119 14120 14121
f 14122 14123 14124
f 14125 14126 14127
f 14128 14129 14130
f 14131 14132 14133
f 14134 14135 14136
f 14137 14138 14139
f 14140 14141 14142
f 14143 14144 14145
f 14146 14147 14148
f 14149 14150 14151
f 14152 14153 14154
f 14155 14156 14157
f 14158 14159 14160
f 14161 14162 14163
f 14164 14165 14166
f 14167 14168 14169
f 14170 14171 14172
f 14173 14174 14175
f 14176 14177 14178
f 14179 14180 14181
f 14182 14183 14184
f 14185 14186 14187
f 14188 14189 14190
f 14191 14192 14193
f 14194 14195 14196
f 14197 14198 14199
f 14200 14201 14202
f 14203 14204 14205
f 14206 14207 14208
f 14209 14210 14211
f 14212 14213 14214
f 14215 14216 14217
f 14218 14219 14220
f 14221 14222 14223
f 14224 14225 14226
f 14227 14228 14229
f 14230 14231 14232
f 14233 14234 14235
f 14236 14237 14238
f 14239 14240 14241
f 14242 14243 14244
f 14245 14246 14247
f 14248 14249 14250
f 14251 14252 14253
f 14254 14255 14256
f 14257 14258 14259
f 14260 14261 14262
f 14263 14264 14265
f 14266 14267 14268
f 14269 14270 14271
f 14272 14273 14274
f 14275 14276 14277
f 14278 14279 14280
f 14281 14282 14283
f 14284 14285 14286
f 14287 14288 14289
f 14290 14291 14292
f 14293 14294 14295
f 14296 14297 14298
f 14299 14300 14301
f 14302 14303 14304
f 14305 14306 14307
f 14308 14309 14310
f 14311 14312 14313
f 14314 14315 14316
f 14317 14318 14319
f 14320 14321 14322
f 14323 14324 14325
f 14326 14327 14328
f 14329 14330 14331
f 14332 14333 14334
f 14335 14336 14337
f 14338 14339 14340
f 14341 14342 14343
f 14344 14345 14346
f 14347 14348 14349
f 14350 14351 14352
f 14353 14354 14355
f 14356 14357 14358
f 14359 14360 14361
f 14362 14363 14364
f 14365 14366 14367
f 14368 14369 14370
f 14371 14372 14373
f 14374 14375 14376
f 14377 14378 14379
f 14380 14381 14382
f 14383 14384 14385
f 14386 14387 14388
f 14389 14390 14391
f 14392 14393 14394
f 14395 14396 14397
f 14398 14399 14400
f 14401 14402 14403
f 14404 14405 14406
f 14407 14408 14409
f 14410 14411 14412
f 14413 14414 14415
f 14416 14417 14418
f 14419 14420 14421
f 14422 14423 14424
f 14425 14426 14427
f 14428 14429 14430
f 14431 14432 14433
f 14434 14435 14436
f 14437 14438 14439
f 14440 14441 14442
f 14443 14444 14445
f 14446 14447 14448
f 14449 14450 14451
f 14452 14453 14454
f 14455 14456 14457
f 14458 14459 14460
f 14461 14462 14463
f 14464 14465 14466
f 14467 14468 14469
f 14470 14471 14472
f 14473 14474 14475
f 14476 14477 14478
f 14479 14480 14481
f 14482 14483 14484
f 14485 14486 14487
f 14488 14489 14490
f 14491 14492 14493
f 14494 14495 14496
f 14497 14498 14499
f 14500 14501 14502
f 14503 14504 14505
f 14506 14507 14508
f 14509 14510 14511
f 14512 14513 14514
f 14515 14516 14517
f 14518 14519 14520
f 14521 14522 14523
f 14524 14525 14526
f 14527 14528 14529
f 14530 14531 14532
f 14533 14534 14535
f 14536 14537 14538
f 14539 14540 14541
f 14542 14543 14544
f 14545 14546 14547
f 14548 14549 14550
f 14551 14552 14553
f 14554 14555 14556
f 14557 14558 14559
f 14560 14561 14562
f 14563 14564 14565
f 14566 14567 14568
f 14569 14570 14571
f 14572 14573 14574
f 14575 14576 14577
f 14578 14579 14580
f 14581 14582 14583
f 14584 14585 14586
f 14587 14588 14589
f 14590 14591 14592
f 14593 14594 14595
f 14596 14597 14598
f 14599 14600 14601
f 14602 14603 14604
f 14605 14606 14607
f 14608 14609 14610
f 14611 14612 14613
f 14614 14615 14616
f 14617 14618 14619
f 14620 14621 14622
f 14623 14624 14625
f 14626 14627 14628
f 14629 14630 14631
f 14632 14633 14634
f 14635 14636 14637
f 14638 14639 14640
f 14641 14642 14643
f 14644 14645 14646
f 14647 14648 14649
f 14650 14651 14652
f 14653 14654 14655
f 14656 14657 14658
f 14659 14660 14661
f 14662 14663 14664
f 14665 14666 14667
f 14668 14669 14670
f 14671 14672 14673
f 14674 14675 14676
f 14677 14678 14679
f 14680 14681 14682
f 14683 14684 14685
f 14686 14687 14688
f 14689 14690 14691
f 14692 14693 14694
f 14695 14696 14697
f 14698 14699 14700
f 14701 14702 14703
f 14704 14705 14706
f 14707 14708 14709
f 14710 14711 14712
f 14713 14714 14715
f 14716 14717 14718
f 14719 14720 14721
f 14722 14723 14724
f 14725 14726 14727
f 14728 14729 14730
f 14731 14732 14733
f 14734 14735 14736
f 14737 14738 14739
f 14740 14741 14742
f 14743 14744 14745
f 14746 14747 14748
f 14749 14750 14751
f 14752 14753 14754
f 14755 14756 14757
f 14758 14759 14760
f 14761 14762 14763
f 14764 14765 14766
f 14767 14768 14769
f 14770 14771 14772
f 14773 14774 14775
f 14776 14777 14778
f 14779 14780 14781
f 14782 14783 14784
f 14785 14786 14787
f 14788 14789 14790
f 14791 14792 14793
f 14794 14795 14796
f 14797 14798 14799
f 14800 14801 14802
f 14803 14804 14805
f 14806 14807 14808
f 14809 14810 14811
f 14812 14813 14814
f 14815 14816 14817
f 14818 14819 14820
f 14821 14822 14823
f 14824 14825 14826
f 14827 14828 14829
f 14830 14831 14832
f 14833 14834 14835
f 14836 14837 14838
f 14839 14840 14841
f 14842 14843 14844
f 14845 14846 14847
f 14848 14849 14850
f 14851 14852 14853
f 14854 14855 14856
f 14857 14858 14859
f 14860 14861 14862
f 14863 14864 14865
f 14866 14867 14868
f 14869 14870 14871
f 14872 14873 14874
f 14875 14876 14877
f 14878 14879 14880
f 14881 14882 14883
f 14884 14885 14886
f 14887 14888 14889
f 14890 14891 14892
f 14893 14894 14895
f 14896 14897 14898
f 14899 14900 14901
f 14902 14903 14904
f 14905 14906 14907
f 14908 14909 14910
f 14911 14912 14913
f 14914 14915 14916
f 14917 14918 14919
f 14920 14921 14922
f 14923 14924 14925
f 14926 14927 14928
f 14929 14930 14931
f 14932 14933 14934
f 14935 14936 14937
f 14938 14939 14940
f 14941 14942 14943
f 14944 14945 14946
f 14947 14948 14949
f 14950 14951 14952
f 14953 14954 14955
f 14956 14957 14958
f 14959 14960 14961
f 14962 14963 14964
f 14965 14966 14967
f 14968 14969 14970
f 14971 14972 14973
f 14974 14975 14976
f 14977 14978 14979
f 14980 14981 14982
f 14983 14984 14985
f 14986 14987 14988
f 14989 14990 14991
f 14992 14993 14994
f 14995 14996 14997
f 14998 14999 15000
f 15001 15002 15003
f 15004 15005 15006
f 15007 15008 15009
f 15010 15011 15012
f 15013 15014 15015
f 15016 15017 15018
f 15019 15020 15021
f 15022 15023 15024
f 15025 15026 15027
f 15028 15029 15030
f 15031 15032 15033
f 15034 15035 15036
f 15037 15038 15039
f 15040 15041 15042
f 15043 15044 15045
f 15046 15047 15048
f 15049 15050 15051
f 15052 15053 15054
f 15055 15056 15057
f 15058 15059 15060
f 15061 15062 15063
f 15064 15065 15066
f 15067 15068 15069
f 15070 15071 15072
f 15073 15074 15075
f 15076 15077 15078
f 15079 15080 15081
f 15082 15083 15084
f 15085 15086 15087
f 15088 15089 15090
f 15091 15092 15093
f 15094 15095 15096
f 15097 15098 15099
f 15100 15101 15102
f 15103 15104 15105
f 15106 15107 15108
f 15109 15110 15111
f 15112 15113 15114
f 15115 15116 15117
f 15118 15119 15120
f 15121 15122 15123
f 15124 15125 15126
f 15127 15128 15129
f 15130 15131 15132
f 15133 15134 15135
f 15136 15137 15138
f 15139 15140 15141
f 15142 15143 15144
f 15145 15146 15147
f 15148 15149 15150
f 15151 15152 15153
f 15154 15155 15156
f 15157 15158 15159
f 15160 15161 15162
f 15163 15164 15165
f 15166 15167 15168
f 15169 15170 15171
f 15172 15173 15174
f 15175 15176 15177
f 15178 15179 15180
f 15181 15182 15183
f 15184 15185 15186
f 15187 15188 15189
f 15190 15191 15192
f 15193 15194 15195
f 15196 15197 15198
f 15199 15200 15201
f 15202 15203 15204
f 15205 15206 15207
f 15208 15209 15210
f 15211 15212 15213
f 15214 15215 15216
f 15217 15218 15219
f 15220 15221 15222
f 15223 15224 15225
f 15226 15227 15228
f 15229 15230 15231
f 15232 15233 15234
f 15235 15236 15237
f 15238 15239 15240
f 15241 15242 15243
f 15244 15245 15246
f 15247 15248 15249
f 15250 15251 15252
f 15253 15254 15255
f 15256 15257 15258
f 15259 15260 15261
f 15262 15263 15264
f 15265 15266 15267
f 15268 15269 15270
f 15271 15272 15273
f 15274 15275 15276
f 15277 15278 15279
f 15280 15281 15282
f 15283 15284 15285
f 15286 15287 15288
f 15289 15290 15291
f 15292 15293 15294
f 15295 15296 15297
f 15298 15299 15300
f 15301 15302 15303
f 15304 15305 15306
f 15307 15308 15309
f 15310 15311 15312
f 15313 15314 15315
f 15316 15317 15318
f 15319 15320 15321
f 15322 15323 15324
f 15325 15326 15327
f 15328 15329 15330
f 15331 15332 15333
f 15334 15335 15336
f 15337 15338 15339
f 15340 15341 15342
f 15343 15344 15345
f 15346 15347 15348
f 15349 15350 15351
f 15352 15353 15354
f 15355 15356 15357
f 15358 15359 15360
f 15361 15362 15363
f 15364 15365 15366
f 15367 15368 15369
f 15370 15371 15372
f 15373 15374 15375
f 15376 15377 15378
f 15379 15380 15381
f 15382 15383 15384
f 15385 15386 15387
f 15388 15389 15390
f 15391 15392 15393
f 15394 15395 15396
f 15397 15398 15399
f 15400 15401 15402
f 15403 15404 15405
f 15406 15407 15408
f 15409 15410 15411
f 15412 15413 15414
f 15415 15416 15417
f 15418 15419 15420
f 15421 15422 15423
f 15424 15425 15426
f 15427 15428 15429
f 15430 15431 15432
f 15433 15434 15435
f 15436 15437 15438
f 15439 15440 15441
f 15442 15443 15444
f 15445 15446 15447
f 15448 15449 15450
f 15451 15452 15453
f 15454 15455 15456
f 15457 15458 15459
f 15460 15461 15462
f 15463 15464 15465
f 15466 15467 15468
f 15469 15470 15471
f 15472 15473 15474
f 15475 15476 15477
f 15478 15479 15480
f 15481 15482 15483
f 15484 15485 15486
f 15487 15488 15489
f 15490 15491 15492
f 15493 15494 15495
f 15496 15497 15498
f 15499 15500 15501
f 15502 15503 15504
f 15505 15506 15507
f 15508 15509 15510
f 15511 15512 15513
f 15514 15515 15516
f 15517 15518 15519
f 15520 15521 15522
f 15523 15524 15525
f 15526 15527 15528
f 15529 15530 15531
f 15532 15533 15534
f 15535 15536 15537
f 15538 15539 15540
f 15541 15542 15543
f 15544 15545 15546
f 15547 15548 15549
f 15550 15551 15552
f 15553 15554 15555
f 15556 15557 15558
f 15559 15560 15561
f 15562 15563 15564
f 15565 15566 15567
f 15568 15569 15570
f 15571 15572 15573
f 15574 15575 15576
f 15577 15578 15579
f 15580 15581 15582
f 15583 15584 15585
f 15586 15587 15588
f 15589 15590 15591
f 15592 15593 15594
f 15595 15596 15597
f 15598 15599 15600
f 15601 15602 15603
f 15604 15605 15606
f 15607 15608 15609
f 15610 15611 15612
f 15613 15614 15615
f 15616 15617 15618
f 15619 15620 15621
f 15622 15623 15624
f 15625 15626 15627
f 15628 15629 15630
f 15631 15632 15633
f 15634 15635 15636
f 15637 15638 15639
f 15640 15641 15642
f 15643 15644 15645
f 15646 15647 15648
f 15649 15650 15651
f 15652 15653 15654
f 15655 15656 15657
f 15658 15659 15660
f 15661 15662 15663
f 15664 15665 15666
f 15667 15668 15669
f 15670 15671 15672
f 15673 15674 15675
f 15676 15677 15678
f 15679 15680 15681
f 15682 15683 15684
f 15685 15686 15687
f 15688 15689 15690
f 15691 15692 15693
f 15694 15695 15696
f 15697 15698 15699
f 15700 15701 15702
f 15703 15704 15705
f 15706 15707 15708
f 15709 15710 15711
f 15712 15713 15714
f 15715 15716 15717
f 15718 15719 15720
f 15721 15722 15723
f 15724 15725 15726
f 15727 15728 15729
f 15730 15731 15732
f 15733 15734 15735
f 15736 15737 15738
f 15739 15740 15741
f 15742 15743 15744
f 15745 15746 15747
f 15748 15749 15750
f 15751 15752 15753
f 15754 15755 15756
f 15757 15758 15759
f 15760 15761 15762
f 15763 15764 15765
f 15766 15767 15768
f 15769 15770 15771
f 15772 15773 15774
f 15775 15776 15777
f 15778 15779 15780
f 15781 15782 15783
f 15784 15785 15786
f 15787 15788 15789
f 15790 15791 15792
f 15793 15794 15795
f 15796 15797 15798
f 15799 15800 15801
f 15802 15803 15804
f 15805 15806 15807
f 15808 15809 15810
f 15811 15812 15813
f 15814 15815 15816
f 15817 15818 15819
f 15820 15821 15822
f 15823 15824 15825
f 15826 15827 15828
f 15829 15830 15831
f 15832 15833 15834
f 15835 15836 15837
f 15838 15839 15840
f 15841 15842 15843
f 15844 15845 15846
f 15847 15848 15849
f 15850 15851 15852
f 15853 15854 15855
f 15856 15857 15858
f 15859 15860 15861
f 15862 15863 15864
f 15865 15866 15867
f 15868 15869 15870
f 15871 15872 15873
f 15874 15875 15876
f 15877 15878 15879
f 15880 15881 15882
f 15883 15884 15885
f 15886 15887 15888
f 15889 15890 15891
f 15892 15893 15894
f 15895 15896 15897
f 15898 15899 15900
f 15901 15902 15903
f 15904 15905 15906
f 15907 15908 15909
f 15910 15911 15912
f 15913 15914 15915
f 15916 15917 15918
f 15919 15920 15921
f 15922 15923 15924
f 15925 15926 15927
f 15928 15929 15930
f 15931 15932 15933
f 15934 15935 15936
f 15937 15938 15939
f 15940 15941 15942
f 15943 15944 15945
f 15946 15947 15948
f 15949 15950 15951
f 15952 15953 15954
f 15955 15956 15957
f 15958 15959 15960
f 15961 15962 15963
f 15964 15965 15966
f 15967 15968 15969
f 15970 15971 15972
f 15973 15974 15975
f 15976 15977 15978
f 15979 15980 15981
f 15982 15983 15984
f 15985 15986 15987
f 15988 15989 15990
f 15991 15992 15993
f 15994 15995 15996
f 15997 15998 15999
f 16000 16001 16002
f 16003 16004 16005
f 16006 16007 16008
f 16009 16010 16011
f 16012 16013 16014
f 16015 16016 16017
f 16018 16019 16020
f 16021 16022 16023
f 16024 16025 16026
f 16027 16028 16029
f 16030 16031 16032
f 16033 16034 16035
f 16036 16037 16038
f 16039 16040 16041
f 16042 16043 16044
f 16045 16046 16047
f 16048 16049 16050
f 16051 16052 16053
f 16054 16055 16056
f 16057 16058 16059
f 16060 16061 16062
f 16063 16064 16065
f 16066 16067 16068
f 16069 16070 16071
f 16072 16073 16074
f 16075 16076 16077
f 16078 16079 16080
f 16081 16082 16083
f 16084 16085 16086
f 16087 16088 16089
f 16090 16091 16092
f 16093 16094 16095
f 16096 16097 16098
f 16099 16100 16101
f 16102 16103 16104
f 16105 16106 16107
f 16108 16109 16110
f 16111 16112 16113
f 16114 16115 16116
f 16117 16118 16119
f 16120 16121 16122
f 16123 16124 16125
f 16126 16127 16128
f 16129 16130 16131
f 16132 16133 16134
f 16135 16136 16137
f 16138 16139 16140
f 16141 16142 16143
f 16144 16145 16146
f 16147 16148 16149
f 16150 16151 16152
f 16153 16154 16155
f 16156 16157 16158
f 16159 16160 16161
f 16162 16163 16164
f 16165 16166 16167
f 16168 16169 16170
f 16171 16172 16173
f 16174 16175 16176
f 16177 16178 16179
f 16180 16181 16182
f 16183 16184 16185
f 16186 16187 16188
f 16189 16190 16191
f 16192 16193 16194
f 16195 16196 16197
f 16198 16199 16200
f 16201 16202 16203
f 16204 16205 16206
f 16207 16208 16209
f 16210 16211 16212
f 16213 16214 16215
f 16216 16217 16218
f 16219 16220 16221
f 16222 16223 16224
f 16225 16226 16227
f 16228 16229 16230
f 16231 16232 16233
f 16234 16235 16236
