# Exported from USD: /kuka_kr210/link_2/collisions
mtllib collisions_2.mtl

g collisions
v 0.12350001 0.00015073 -1.29981115
v -0.07350000 0.02831972 -0.18670025
v 0.14367467 0.03020992 -1.40639046
v 0.18949999 -0.12706228 -1.35172227
v 0.18950000 -0.10165738 -1.37710670
v 0.23311109 -0.10599049 -1.36898735
v 0.09150003 0.24727323 0.02936419
v 0.25707865 0.24298884 0.03091672
v 0.09150021 0.23773519 -0.16161945
v 0.27403471 0.15261874 -1.23850182
v 0.27305269 0.23474867 0.00990572
v 0.28441417 0.14594336 -1.21626857
v 0.00000001 0.21963788 -0.01482455
v 0.06934446 0.23609973 -0.16098055
v -0.07349999 0.18441212 -0.04186765
v 0.00000001 0.21963788 -0.01482455
v -0.07349999 0.18441212 -0.04186765
v -0.07349999 0.18862226 0.01431277
v 0.00000001 0.21963788 -0.01482455
v 0.04800002 0.23740714 0.00051709
v 0.06934446 0.23609973 -0.16098055
v -0.07349999 0.18862226 0.01431277
v -0.08350000 0.05015073 0.00018879
v -0.07349999 0.17608589 0.06923827
v -0.08350000 0.05015073 0.00018879
v -0.07349999 0.18862226 0.01431277
v -0.07349999 0.18441212 -0.04186765
v 0.18949999 -0.22399169 -0.01165173
v 0.18949999 -0.22558522 -0.07180015
v 0.27031103 -0.21761179 -0.04079900
v 0.24776674 -0.14653840 -1.30825379
v 0.25417475 -0.15297436 -1.28483203
v 0.18949999 -0.15841221 -1.28758433
v -0.07350000 0.08215476 -0.17009434
v -0.07350000 0.02831972 -0.18670025
v -0.08350000 0.02515075 -0.04311249
v 0.27370757 0.23356860 0.01086106
v 0.26565460 0.23904393 0.02949950
v 0.27497974 0.23127612 0.01271697
v 0.26565460 0.23904393 0.02949950
v 0.27370757 0.23356860 0.01086106
v 0.27305269 0.23474867 0.00990572
v -0.07349999 0.17608589 0.06923827
v -0.07349999 0.14791689 0.11802837
v 0.07801455 0.22695150 0.12602916
v -0.08350000 0.00015074 -0.04981122
v -0.08350000 0.02515075 -0.04311249
v -0.07350000 0.02831972 -0.18670025
v 0.14367467 -0.00445352 -1.40918306
v 0.12350001 0.00015073 -1.29981115
v 0.14367467 0.03020992 -1.40639046
v 0.18949999 -0.14629173 -1.32139066
v 0.18949999 -0.12706228 -1.35172227
v 0.24203504 -0.13629347 -1.33065298
v 0.18949999 -0.14629173 -1.32139066
v 0.24776674 -0.14653840 -1.30825379
v 0.18949999 -0.15841221 -1.28758433
v 0.27821335 0.14837574 -1.24054530
v 0.27403471 0.15261874 -1.23850182
v 0.28441417 0.14594336 -1.21626857
v -0.07349999 0.17608589 0.06923827
v -0.08350000 0.05015073 0.00018879
v -0.08350000 0.04345200 0.02518877
v -0.08350000 0.04345200 0.02518877
v -0.07349999 0.14791689 0.11802837
v -0.07349999 0.17608589 0.06923827
v -0.08350000 0.02515075 0.04349007
v -0.07349999 0.14791689 0.11802837
v -0.08350000 0.04345200 0.02518877
v 0.18949999 -0.22558522 -0.07180015
v 0.18949999 -0.22641402 -0.10308395
v 0.27031103 -0.21761179 -0.04079900
v 0.26542175 -0.21606940 -0.00725213
v 0.18949999 -0.22399169 -0.01165173
v 0.27031103 -0.21761179 -0.04079900
v 0.18949999 -0.22399169 -0.01165173
v 0.25445992 -0.21321082 0.02604827
v 0.20471731 -0.21466219 0.04443999
v 0.24776674 -0.14653840 -1.30825379
v 0.25250060 -0.14607668 -1.30611685
v 0.25417475 -0.15297436 -1.28483203
v 0.19098548 -0.01016991 -1.43713692
v 0.19098548 0.00015073 -1.43966249
v 0.23376278 -0.04666777 -1.40000299
v 0.18963961 -0.01030086 -1.43738845
v 0.19098548 0.00015073 -1.43966249
v 0.19098548 -0.01016991 -1.43713692
v 0.23718832 -0.12278419 -1.35088065
v 0.18949999 -0.12706228 -1.35172227
v 0.23311109 -0.10599049 -1.36898735
v 0.18949999 -0.12706228 -1.35172227
v 0.23718832 -0.12278419 -1.35088065
v 0.24203504 -0.13629347 -1.33065298
v -0.08350000 0.04345200 -0.02481118
v -0.08350000 0.05015073 0.00018879
v -0.07349999 0.18441212 -0.04186765
v -0.07349999 0.18441212 -0.04186765
v -0.07349999 0.16382955 -0.09431121
v -0.08350000 0.04345200 -0.02481118
v 0.27854727 -0.14800578 -1.24056759
v 0.36355423 -0.06895888 -1.05961648
v 0.36269109 -0.07178673 -1.05810860
v 0.29336882 0.18860250 0.00594839
v 0.28110635 0.15413940 0.07531967
v 0.28699672 0.14479795 0.06576516
v 0.24489278 0.24065758 0.05014732
v 0.15257854 0.24308966 0.05045583
v 0.09136042 0.22761570 0.12625846
v 0.26363358 0.24104525 0.02851352
v 0.26565460 0.23904393 0.02949950
v 0.27305269 0.23474867 0.00990572
v 0.27403471 0.15261874 -1.23850182
v 0.26112193 0.24229252 0.02741870
v 0.26363358 0.24104525 0.02851352
v 0.27497974 0.23127612 0.01271697
v 0.26565460 0.23904393 0.02949950
v 0.26870215 0.23591274 0.02589961
v 0.00000001 0.11445921 0.18816105
v -0.07350000 0.10661823 0.15634790
v -0.07350000 0.05585948 0.18079206
v -0.07350000 0.10661823 0.15634790
v -0.08350000 0.02515075 0.04349007
v -0.07350000 0.05585948 0.18079206
v -0.07350000 0.10661823 0.15634790
v -0.07349999 0.14791689 0.11802837
v -0.08350000 0.02515075 0.04349007
v 0.09136042 0.22761570 0.12625846
v 0.07936042 0.22721960 0.12612173
v 0.09136042 0.22223329 0.13505206
v 0.07801455 0.22172693 0.13456485
v 0.07801455 0.22695150 0.12602916
v -0.07349999 0.14791689 0.11802837
v 0.07801455 0.22695150 0.12602916
v 0.07936042 0.22721960 0.12612173
v 0.06908592 0.24236915 0.05462112
v -0.08350000 -0.02484926 -0.04311249
v -0.08350000 0.00015074 -0.04981122
v -0.07350000 -0.02801826 -0.18670025
v -0.07350000 -0.02801826 -0.18670025
v -0.07350001 -0.08185330 -0.17009434
v -0.08350000 -0.02484926 -0.04311249
v -0.07350000 -0.02801826 -0.18670025
v -0.08350000 0.00015074 -0.04981122
v -0.07350000 0.02831972 -0.18670025
v 0.14432969 -0.00448419 -1.41024521
v 0.14367467 -0.00445352 -1.40918306
v 0.14367467 0.03020992 -1.40639046
v 0.14367467 -0.00445352 -1.40918306
v 0.14432969 -0.00448419 -1.41024521
v 0.14367466 -0.03889792 -1.40439394
v 0.24293274 -0.13789805 -1.32714489
v 0.18949999 -0.14629173 -1.32139066
v 0.24203504 -0.13629347 -1.33065298
v 0.24776674 -0.14653840 -1.30825379
v 0.18949999 -0.14629173 -1.32139066
v 0.24293274 -0.13789805 -1.32714489
v 0.14635983 -0.12660711 -1.34976605
v 0.18949999 -0.12706228 -1.35172227
v 0.18949999 -0.14629173 -1.32139066
v 0.14432969 0.03041025 -1.40743378
v 0.14432969 -0.00448419 -1.41024521
v 0.14367467 0.03020992 -1.40639046
v 0.14432969 -0.00448419 -1.41024521
v 0.14432969 0.03041025 -1.40743378
v 0.17472137 0.00015073 -1.43924478
v 0.14536040 -0.16104244 -1.25175741
v -0.00000001 -0.21933644 -0.01482455
v -0.07350001 -0.18411062 -0.04186765
v 0.14635985 0.16112253 -1.26191857
v 0.07074700 0.23640782 -0.16163215
v 0.09150021 0.23773519 -0.16161945
v 0.26843843 0.15186067 -1.26384953
v 0.27403471 0.15261874 -1.23850182
v 0.27821335 0.14837574 -1.24054530
v -0.08350000 0.00015074 0.05018880
v -0.08350000 -0.02484926 0.04349007
v -0.07350001 -0.05555800 0.18079206
v -0.07350001 -0.05555800 0.18079206
v -0.07350000 0.00015074 0.18918881
v -0.08350000 0.00015074 0.05018880
v -0.07350000 0.05585948 0.18079206
v -0.08350000 0.02515075 0.04349007
v -0.08350000 0.00015074 0.05018880
v -0.08350000 0.00015074 0.05018880
v -0.07350000 0.00015074 0.18918881
v -0.07350000 0.05585948 0.18079206
v -0.07350001 -0.12840191 -0.13835803
v -0.08350000 -0.02484926 -0.04311249
v -0.07350001 -0.08185330 -0.17009434
v -0.07350001 -0.12840191 -0.13835803
v -0.08350000 -0.04315055 -0.02481118
v -0.08350000 -0.02484926 -0.04311249
v -0.08350000 -0.04315055 -0.02481118
v -0.07350001 -0.12840191 -0.13835803
v -0.07350001 -0.16352806 -0.09431121
v -0.08350000 -0.04984927 0.00018879
v -0.08350000 -0.04315055 -0.02481118
v -0.07350001 -0.18411062 -0.04186765
v -0.08350000 -0.04315055 -0.02481118
v -0.07350001 -0.16352806 -0.09431121
v -0.07350001 -0.18411062 -0.04186765
v 0.26132143 -0.21500015 0.00520411
v 0.25445992 -0.21321082 0.02604827
v 0.18949999 -0.22399169 -0.01165173
v 0.26132143 -0.21500015 0.00520411
v 0.18949999 -0.22399169 -0.01165173
v 0.26542175 -0.21606940 -0.00725213
v 0.27857310 -0.21295548 -0.01203618
v 0.29195518 -0.21310974 -0.05512456
v 0.28826205 -0.20641792 -0.00957117
v 0.33847723 -0.19649411 -0.22838375
v 0.34368060 -0.19040317 -0.28576198
v 0.35722165 -0.18198878 -0.31533805
v 0.34368060 -0.19040317 -0.28576198
v 0.33847723 -0.19649411 -0.22838375
v 0.26567356 -0.15425336 -1.26086119
v 0.33001984 -0.20004595 -0.22181788
v 0.33847723 -0.19649411 -0.22838375
v 0.31614474 -0.20714790 -0.16781387
v 0.33001984 -0.20004595 -0.22181788
v 0.26567356 -0.15425336 -1.26086119
v 0.33847723 -0.19649411 -0.22838375
v 0.34430892 -0.19226164 -0.22662553
v 0.33847723 -0.19649411 -0.22838375
v 0.35722165 -0.18198878 -0.31533805
v 0.40850001 0.03630498 -0.48783889
v 0.38116350 -0.10761702 -0.15885010
v 0.40850001 -0.11348945 -0.49656418
v 0.40850001 0.03630498 -0.48783889
v 0.40850001 0.04168684 -0.48928097
v 0.38116350 0.00614322 -0.15926614
v 0.25250060 -0.14607668 -1.30611685
v 0.25878153 -0.15191418 -1.28381231
v 0.25417475 -0.15297436 -1.28483203
v 0.23718832 -0.12278419 -1.35088065
v 0.24195615 -0.12418401 -1.34736469
v 0.24203504 -0.13629347 -1.33065298
v 0.23009662 -0.04751958 -1.40187839
v 0.19098548 -0.01016991 -1.43713692
v 0.23376278 -0.04666777 -1.40000299
v 0.23009662 -0.04751958 -1.40187839
v 0.23190711 -0.06972971 -1.39282587
v 0.19098548 -0.01016991 -1.43713692
v 0.19098548 0.00015073 -1.43966249
v 0.19237737 0.00015073 -1.43872717
v 0.23376278 -0.04666777 -1.40000299
v 0.18963961 0.00015073 -1.43994597
v 0.18963961 -0.01030086 -1.43738845
v 0.17763960 0.00015073 -1.44036511
v 0.19098548 0.00015073 -1.43966249
v 0.18963961 -0.01030086 -1.43738845
v 0.18963961 0.00015073 -1.43994597
v 0.36269110 0.05489791 -1.05810860
v 0.35742953 0.09222583 -0.96396139
v 0.37306079 0.08559502 -0.87284568
v 0.36269110 0.05489791 -1.05810860
v 0.29507693 0.13490519 -1.19610468
v 0.35742953 0.09222583 -0.96396139
v 0.36976039 0.09102742 -0.87198702
v 0.37306079 0.08559502 -0.87284568
v 0.35742953 0.09222583 -0.96396139
v 0.36976039 0.09102742 -0.87198702
v 0.28441417 0.14594336 -1.21626857
v 0.27305269 0.23474867 0.00990572
v 0.28705194 0.14209315 -1.21825925
v 0.27821335 0.14837574 -1.24054530
v 0.28441417 0.14594336 -1.21626857
v 0.29507693 0.13490519 -1.19610468
v 0.36269110 0.05489791 -1.05810860
v 0.28705194 0.14209315 -1.21825925
v 0.38090616 0.00875426 -0.15916374
v 0.31987556 0.08139406 0.00250127
v 0.32066220 0.07937975 0.00095471
v 0.29251257 0.21360175 -0.02141312
v 0.27370757 0.23356860 0.01086106
v 0.27497974 0.23127612 0.01271697
v 0.27370757 0.23356860 0.01086106
v 0.29251257 0.21360175 -0.02141312
v 0.27305269 0.23474867 0.00990572
v 0.36381980 0.04834441 -1.05982867
v 0.36382120 0.04744906 -1.05990866
v 0.36331594 0.04744906 -1.06218782
v 0.14367467 0.06344332 -1.39614871
v 0.14367467 0.03020992 -1.40639046
v -0.07350000 0.02831972 -0.18670025
v -0.07350000 0.08215476 -0.17009434
v 0.14367467 0.06344332 -1.39614871
v -0.07350000 0.02831972 -0.18670025
v -0.07350000 0.12870339 -0.13835803
v -0.07350000 0.08215476 -0.17009434
v -0.08350000 0.02515075 -0.04311249
v -0.07350000 0.12870339 -0.13835803
v -0.08350000 0.02515075 -0.04311249
v -0.08350000 0.04345200 -0.02481118
v -0.07350000 0.12870339 -0.13835803
v -0.08350000 0.04345200 -0.02481118
v -0.07349999 0.16382955 -0.09431121
v 0.36331594 0.04744906 -1.06218782
v 0.24254723 0.08261653 -1.37550238
v 0.24859159 0.09950055 -1.35412267
v 0.24000533 0.06192069 -1.38726738
v 0.24254723 0.08261653 -1.37550238
v 0.36331594 0.04744906 -1.06218782
v 0.36331593 -0.06433788 -1.06218782
v 0.26915421 0.02480312 -1.31541732
v 0.36331594 0.04744906 -1.06218782
v 0.36331593 -0.06433788 -1.06218782
v 0.26902418 -0.02960764 -1.31536177
v 0.26915421 0.02480312 -1.31541732
v 0.28740035 -0.14179379 -1.21826330
v 0.36269109 -0.07178673 -1.05810860
v 0.35527806 -0.11598799 -0.95971659
v 0.28740035 -0.14179379 -1.21826330
v 0.27854727 -0.14800578 -1.24056759
v 0.36269109 -0.07178673 -1.05810860
v 0.27437008 -0.15226096 -1.23851636
v 0.37499981 -0.15838737 -0.49829891
v 0.36736877 -0.17006326 -0.40675142
v 0.27437008 -0.15226096 -1.23851636
v 0.36736877 -0.17006326 -0.40675142
v 0.35722165 -0.18198878 -0.31533805
v 0.34368060 -0.19040317 -0.28576198
v 0.27437008 -0.15226096 -1.23851636
v 0.35722165 -0.18198878 -0.31533805
v 0.27437008 -0.15226096 -1.23851636
v 0.34368060 -0.19040317 -0.28576198
v 0.26567356 -0.15425336 -1.26086119
v 0.24057700 0.10489366 -1.36586097
v 0.23907407 0.10440383 -1.36797169
v 0.26118999 0.14870744 -1.28764895
v 0.19098548 0.01047136 -1.43713692
v 0.23182415 0.06967341 -1.39300945
v 0.23004626 0.04745440 -1.40199783
v 0.23182415 0.06967341 -1.39300945
v 0.23436238 0.09028201 -1.38068703
v 0.23801686 0.08867570 -1.37925580
v 0.23436238 0.09028201 -1.38068703
v 0.23907407 0.10440383 -1.36797169
v 0.23801686 0.08867570 -1.37925580
v 0.38063165 0.00414390 -0.15660611
v 0.38116350 0.00614322 -0.15926614
v 0.38090616 0.00875426 -0.15916374
v 0.38063165 0.00414390 -0.15660611
v 0.38090616 0.00875426 -0.15916374
v 0.32066220 0.07937975 0.00095471
v 0.33403703 0.01396606 -0.02850482
v 0.33603763 -0.00891864 -0.03491841
v 0.33653837 -0.00213482 -0.03544024
v 0.33403703 0.01396606 -0.02850482
v 0.33653837 -0.00213482 -0.03544024
v 0.33468991 0.01465187 -0.03019783
v 0.30707463 0.13582589 0.01081725
v 0.38090616 0.00875426 -0.15916374
v 0.33223382 0.13560097 -0.08164308
v 0.31296107 0.09530814 0.01664927
v 0.32066220 0.07937975 0.00095471
v 0.31987556 0.08139406 0.00250127
v 0.27496084 0.16637669 0.08243021
v 0.29336882 0.18860250 0.00594839
v 0.27197075 0.17360342 0.08429911
v 0.29925779 -0.18551046 -0.00199912
v 0.33547156 -0.05629351 -0.04090557
v 0.28668970 0.13928950 0.06663104
v 0.33403703 0.01396606 -0.02850482
v 0.28668970 0.13928950 0.06663104
v 0.33603763 -0.00891864 -0.03491841
v 0.24489278 0.24065758 0.05014732
v 0.25782821 0.24231082 0.03835955
v 0.15257854 0.24308966 0.05045583
v 0.25782821 0.24231082 0.03835955
v 0.25707865 0.24298884 0.03091672
v 0.09150003 0.24727323 0.02936419
v 0.15257854 0.24308966 0.05045583
v 0.25782821 0.24231082 0.03835955
v 0.09150003 0.24727323 0.02936419
v 0.25782821 0.24231082 0.03835955
v 0.26112193 0.24229252 0.02741870
v 0.25707865 0.24298884 0.03091672
v 0.25782821 0.24231082 0.03835955
v 0.26363358 0.24104525 0.02851352
v 0.26112193 0.24229252 0.02741870
v 0.09278247 0.22741841 0.12619039
v 0.09136042 0.22761570 0.12625846
v 0.09136042 0.22223329 0.13505206
v 0.09278247 0.22741841 0.12619039
v 0.25357044 0.23604594 0.06001493
v 0.09136042 0.22761570 0.12625846
v 0.25153062 0.23826170 0.05619981
v 0.09136042 0.22761570 0.12625846
v 0.25357044 0.23604594 0.06001493
v 0.27403471 0.15261874 -1.23850182
v 0.26363358 0.24104525 0.02851352
v 0.26956165 0.23649512 0.00713840
v 0.07936042 0.22193131 0.13476148
v 0.07801455 0.22172693 0.13456485
v 0.00000001 0.11445921 0.18816105
v 0.07936042 0.22457545 0.13044164
v 0.07936042 0.22721960 0.12612173
v 0.07801455 0.22695150 0.12602916
v 0.07801455 0.22172693 0.13456485
v 0.07936042 0.22457545 0.13044164
v 0.07801455 0.22695150 0.12602916
v 0.07936042 0.22457545 0.13044164
v 0.07801455 0.22172693 0.13456485
v 0.07936042 0.22193131 0.13476148
v 0.09136042 0.22223329 0.13505206
v 0.07936042 0.22721960 0.12612173
v 0.07936042 0.22457545 0.13044164
v 0.07936042 0.22457545 0.13044164
v 0.07936042 0.22193131 0.13476148
v 0.09136042 0.22223329 0.13505206
v 0.00000001 0.16093465 0.15035048
v -0.07350000 0.10661823 0.15634790
v 0.00000001 0.11445921 0.18816105
v 0.00000001 0.11445921 0.18816105
v 0.07801455 0.22172693 0.13456485
v 0.00000001 0.16093465 0.15035048
v 0.00000001 0.16093465 0.15035048
v -0.07349999 0.14791689 0.11802837
v -0.07350000 0.10661823 0.15634790
v 0.00000001 0.16093465 0.15035048
v 0.07801455 0.22172693 0.13456485
v -0.07349999 0.14791689 0.11802837
v 0.06908592 0.24637855 0.03188273
v 0.00000001 0.21963788 -0.01482455
v -0.07349999 0.18862226 0.01431277
v 0.00000001 0.21963788 -0.01482455
v 0.06908592 0.24637855 0.03188273
v 0.04800002 0.23740714 0.00051709
v 0.06934446 0.23609973 -0.16098055
v 0.04800002 0.23740714 0.00051709
v 0.06908592 0.24637855 0.03188273
v 0.06908592 0.24637855 0.03188273
v 0.07074700 0.23640782 -0.16163215
v 0.06934446 0.23609973 -0.16098055
v 0.00000001 0.21554924 0.04494914
v -0.07349999 0.18862226 0.01431277
v -0.07349999 0.17608589 0.06923827
v -0.07349999 0.17608589 0.06923827
v 0.07801455 0.22695150 0.12602916
v 0.00000001 0.21554924 0.04494914
v 0.07801455 0.22695150 0.12602916
v 0.06908592 0.24236915 0.05462112
v 0.00000001 0.21554924 0.04494914
v 0.00000001 0.21554924 0.04494914
v 0.06908592 0.24637855 0.03188273
v -0.07349999 0.18862226 0.01431277
v 0.06908592 0.24637855 0.03188273
v 0.00000001 0.21554924 0.04494914
v 0.06908592 0.24236915 0.05462112
v 0.09136042 0.22761570 0.12625846
v 0.15257854 0.24308966 0.05045583
v 0.09150003 0.24234850 0.05729374
v 0.24684162 -0.13673371 -1.32758024
v 0.25250060 -0.14607668 -1.30611685
v 0.24776674 -0.14653840 -1.30825379
v 0.24776674 -0.14653840 -1.30825379
v 0.24293274 -0.13789805 -1.32714489
v 0.24684162 -0.13673371 -1.32758024
v 0.24684162 -0.13673371 -1.32758024
v 0.24293274 -0.13789805 -1.32714489
v 0.24203504 -0.13629347 -1.33065298
v 0.24684162 -0.13673371 -1.32758024
v 0.24203504 -0.13629347 -1.33065298
v 0.24195615 -0.12418401 -1.34736469
v 0.14635983 -0.14526345 -1.31990555
v 0.18949999 -0.14629173 -1.32139066
v 0.18949999 -0.15841221 -1.28758433
v 0.14635984 -0.10192041 -1.37487105
v 0.18950000 -0.10165738 -1.37710670
v 0.18949999 -0.12706228 -1.35172227
v 0.14635984 -0.10192041 -1.37487105
v 0.18949999 -0.12706228 -1.35172227
v 0.14635983 -0.12660711 -1.34976605
v 0.14635984 -0.10192041 -1.37487105
v 0.14635983 -0.12660711 -1.34976605
v 0.14536040 -0.10178031 -1.37469938
v 0.17763960 -0.01049436 -1.43776014
v 0.18963961 -0.01030086 -1.43738845
v 0.18950000 -0.10165738 -1.37710670
v 0.17763960 -0.01049436 -1.43776014
v 0.18950000 -0.10165738 -1.37710670
v 0.14635984 -0.10192041 -1.37487105
v 0.17763960 0.00015073 -1.44036511
v 0.18963961 -0.01030086 -1.43738845
v 0.17763960 -0.01049436 -1.43776014
v 0.14432968 -0.15610086 -1.28649905
v 0.14536040 -0.15678614 -1.28665999
v -0.07350001 -0.18411062 -0.04186765
v 0.14536040 -0.15678614 -1.28665999
v 0.14536040 -0.16104244 -1.25175741
v -0.07350001 -0.18411062 -0.04186765
v 0.14536042 0.16090156 -1.26190189
v 0.06934446 0.23609973 -0.16098055
v 0.07074700 0.23640782 -0.16163215
v 0.07074700 0.23640782 -0.16163215
v 0.14635985 0.16112253 -1.26191857
v 0.14536042 0.16090156 -1.26190189
v 0.06934446 0.23609973 -0.16098055
v 0.14536042 0.16090156 -1.26190189
v -0.07349999 0.18441212 -0.04186765
v 0.26118999 0.14870744 -1.28764895
v 0.26843843 0.15186067 -1.26384953
v 0.26366946 0.14667799 -1.28659299
v 0.26366946 0.14667799 -1.28659299
v 0.24057700 0.10489366 -1.36586097
v 0.26118999 0.14870744 -1.28764895
v -0.08350000 -0.04315055 0.02518877
v -0.07350001 -0.14761541 0.11802837
v -0.08350000 -0.02484926 0.04349007
v -0.07350001 -0.05555800 0.18079206
v -0.08350000 -0.02484926 0.04349007
v -0.07350001 -0.10631675 0.15634790
v -0.07350001 -0.14761541 0.11802837
v -0.07350001 -0.10631675 0.15634790
v -0.08350000 -0.02484926 0.04349007
v -0.07350001 -0.10631675 0.15634790
v -0.00000001 -0.11415775 0.18816105
v -0.07350001 -0.05555800 0.18079206
v -0.07350001 -0.10631675 0.15634790
v 0.07801452 -0.19573467 0.17019746
v -0.00000001 -0.11415775 0.18816105
v -0.07350001 -0.10631675 0.15634790
v -0.07350001 -0.14761541 0.11802837
v 0.07801452 -0.19573467 0.17019746
v -0.07350001 -0.18832080 0.01431277
v -0.08350000 -0.04984927 0.00018879
v -0.07350001 -0.18411062 -0.04186765
v -0.07350001 -0.18832080 0.01431277
v -0.07350001 -0.18411062 -0.04186765
v -0.00000001 -0.21933644 -0.01482455
v -0.00000001 -0.21524780 0.04494914
v -0.07350001 -0.18832080 0.01431277
v -0.00000001 -0.21933644 -0.01482455
v -0.00000000 -0.05920456 0.21203062
v -0.07350001 -0.05555800 0.18079206
v -0.00000001 -0.11415775 0.18816105
v -0.00000000 -0.05920456 0.21203062
v -0.07350000 0.00015074 0.18918881
v -0.07350001 -0.05555800 0.18079206
v -0.00000000 -0.05920456 0.21203062
v 0.00000000 0.00015074 0.22018883
v -0.07350000 0.00015074 0.18918881
v 0.06573648 -0.10568659 -0.97684816
v -0.07350001 -0.12840191 -0.13835803
v -0.07350001 -0.08185330 -0.17009434
v -0.07350001 -0.16352806 -0.09431121
v -0.07350001 -0.12840191 -0.13835803
v 0.06573648 -0.10568659 -0.97684816
v 0.05449250 -0.22452687 0.00030347
v -0.00000001 -0.21524780 0.04494914
v -0.00000001 -0.21933644 -0.01482455
v 0.07801452 -0.20196872 0.16236857
v -0.00000001 -0.19518404 0.10140308
v -0.00000001 -0.21524780 0.04494914
v 0.07801452 -0.20196872 0.16236857
v 0.07801452 -0.19573467 0.17019746
v -0.07350001 -0.14761541 0.11802837
v 0.29195518 -0.21310974 -0.05512456
v 0.27857310 -0.21295548 -0.01203618
v 0.28044952 -0.21639282 -0.05199734
v 0.26126722 -0.15558439 -1.26055673
v 0.33001984 -0.20004595 -0.22181788
v 0.31614474 -0.20714790 -0.16781387
v 0.26126722 -0.15558439 -1.26055673
v 0.26567356 -0.15425336 -1.26086119
v 0.33001984 -0.20004595 -0.22181788
v 0.26126722 -0.15558439 -1.26055673
v 0.27031103 -0.21728403 -0.13346013
v 0.18949999 -0.16283535 -1.25194409
v 0.26126722 -0.15558439 -1.26055673
v 0.18949999 -0.16283535 -1.25194409
v 0.18949999 -0.15841221 -1.28758433
v 0.26126722 -0.15558439 -1.26055673
v 0.25878153 -0.15191418 -1.28381231
v 0.26567356 -0.15425336 -1.26086119
v 0.26126722 -0.15558439 -1.26055673
v 0.18949999 -0.15841221 -1.28758433
v 0.25417475 -0.15297436 -1.28483203
v 0.25417475 -0.15297436 -1.28483203
v 0.25878153 -0.15191418 -1.28381231
v 0.26126722 -0.15558439 -1.26055673
v 0.27031103 -0.21728403 -0.13346013
v 0.28328780 -0.21612221 -0.06054304
v 0.18949999 -0.22641402 -0.10308395
v 0.18949999 -0.22641402 -0.10308395
v 0.28328780 -0.21612221 -0.06054304
v 0.27031103 -0.21761179 -0.04079900
v 0.28328780 -0.21612221 -0.06054304
v 0.27031103 -0.21728403 -0.13346013
v 0.30296118 -0.21197969 -0.12228230
v 0.28328780 -0.21612221 -0.06054304
v 0.30296118 -0.21197969 -0.12228230
v 0.29195518 -0.21310974 -0.05512456
v 0.12395206 -0.22913300 -0.10650251
v 0.18949999 -0.22641402 -0.10308395
v 0.11114879 -0.22983938 -0.07888994
v 0.16330209 -0.22489983 -0.17044058
v 0.14397584 -0.22733932 -0.13908747
v 0.18949999 -0.16283535 -1.25194409
v 0.18949999 -0.22641402 -0.10308395
v 0.14397584 -0.22733932 -0.13908747
v 0.16330209 -0.22489983 -0.17044058
v 0.34872816 -0.18654746 -0.22494367
v 0.34430892 -0.19226164 -0.22662553
v 0.36342428 -0.17575831 -0.31343201
v 0.32409183 -0.20229698 -0.13937965
v 0.33847723 -0.19649411 -0.22838375
v 0.34430892 -0.19226164 -0.22662553
v 0.32312549 -0.12563801 -0.03167168
v 0.32870011 -0.10317025 -0.03716508
v 0.29925779 -0.18551046 -0.00199912
v 0.31629727 -0.14689204 -0.02392987
v 0.32312549 -0.12563801 -0.03167168
v 0.29925779 -0.18551046 -0.00199912
v 0.38063164 -0.10761702 -0.15660611
v 0.33653837 -0.00213482 -0.03544024
v 0.33603763 -0.00891864 -0.03491841
v 0.33468991 0.01465187 -0.03019783
v 0.33653837 -0.00213482 -0.03544024
v 0.38063164 -0.10761702 -0.15660611
v 0.30827640 -0.16698432 -0.01398036
v 0.31629727 -0.14689204 -0.02392987
v 0.29925779 -0.18551046 -0.00199912
v 0.23781497 -0.10852035 -1.36522415
v 0.23718832 -0.12278419 -1.35088065
v 0.23311109 -0.10599049 -1.36898735
v 0.23781497 -0.10852035 -1.36522415
v 0.24195615 -0.12418401 -1.34736469
v 0.23718832 -0.12278419 -1.35088065
v 0.23781497 -0.10852035 -1.36522415
v 0.23311109 -0.10599049 -1.36898735
v 0.23448117 -0.09028956 -1.38045838
v 0.23781497 -0.10852035 -1.36522415
v 0.23448117 -0.09028956 -1.38045838
v 0.24146138 -0.10657989 -1.36412480
v 0.18950001 0.10958197 -1.37061599
v 0.18950001 0.09880268 -1.37956789
v 0.14635985 0.10733173 -1.37052062
v 0.18950004 0.10958537 -1.37061289
v 0.18950001 0.10958197 -1.37061599
v 0.14635985 0.10733173 -1.37052062
v 0.18950001 0.10958197 -1.37061599
v 0.23008399 0.10634861 -1.36935738
v 0.18950001 0.09880268 -1.37956789
v 0.18950001 0.10958197 -1.37061599
v 0.18950004 0.10958537 -1.37061289
v 0.23008399 0.10634861 -1.36935738
v 0.14635985 0.09776088 -1.37820390
v 0.14635985 0.10733173 -1.37052062
v 0.18950001 0.09880268 -1.37956789
v 0.18950001 0.09880268 -1.37956789
v 0.14635985 0.09483173 -1.38055518
v 0.14635985 0.09776088 -1.37820390
v 0.18963961 -0.01030086 -1.43738845
v 0.22990767 -0.08679035 -1.38403586
v 0.18950000 -0.10165738 -1.37710670
v 0.22990767 -0.08679035 -1.38403586
v 0.18963961 -0.01030086 -1.43738845
v 0.19098548 -0.01016991 -1.43713692
v 0.19098548 -0.01016991 -1.43713692
v 0.23190711 -0.06972971 -1.39282587
v 0.22990767 -0.08679035 -1.38403586
v 0.23190711 -0.06972971 -1.39282587
v 0.23448117 -0.09028956 -1.38045838
v 0.22990767 -0.08679035 -1.38403586
v 0.17763960 0.01079582 -1.43776014
v 0.14635985 0.09483173 -1.38055518
v 0.18950001 0.09880268 -1.37956789
v 0.36976039 0.09102742 -0.87198702
v 0.35415655 0.09753351 -0.96291342
v 0.28441417 0.14594336 -1.21626857
v 0.35415655 0.09753351 -0.96291342
v 0.36976039 0.09102742 -0.87198702
v 0.35742953 0.09222583 -0.96396139
v 0.35415655 0.09753351 -0.96291342
v 0.28705194 0.14209315 -1.21825925
v 0.28441417 0.14594336 -1.21626857
v 0.35742953 0.09222583 -0.96396139
v 0.29507693 0.13490519 -1.19610468
v 0.35415655 0.09753351 -0.96291342
v 0.29507693 0.13490519 -1.19610468
v 0.28705194 0.14209315 -1.21825925
v 0.35415655 0.09753351 -0.96291342
v 0.35722165 -0.18198878 -0.31533805
v 0.36736877 -0.17006326 -0.40675142
v 0.37274782 -0.16586090 -0.40562549
v 0.37274782 -0.16586090 -0.40562549
v 0.36736877 -0.17006326 -0.40675142
v 0.37499981 -0.15838737 -0.49829891
v 0.38116350 0.00800238 -0.16069600
v 0.40833443 0.04647783 -0.49272934
v 0.38090616 0.00875426 -0.15916374
v 0.29336882 0.18860250 0.00594839
v 0.28076333 0.22544583 0.00145843
v 0.27497974 0.23127612 0.01271697
v 0.28076333 0.22544583 0.00145843
v 0.29251257 0.21360175 -0.02141312
v 0.27497974 0.23127612 0.01271697
v 0.28076333 0.22544583 0.00145843
v 0.29336882 0.18860250 0.00594839
v 0.29251257 0.21360175 -0.02141312
v 0.36976039 0.09102742 -0.87198702
v 0.38137004 0.08549775 -0.78033379
v 0.37306079 0.08559502 -0.87284568
v 0.38137004 0.08549775 -0.78033379
v 0.38474974 0.07986844 -0.78099123
v 0.37306079 0.08559502 -0.87284568
v 0.14432970 0.06386512 -1.39712384
v 0.14432969 0.03041025 -1.40743378
v 0.14367467 0.03020992 -1.40639046
v 0.14367467 0.03020992 -1.40639046
v 0.14367467 0.06344332 -1.39614871
v 0.14432970 0.06386512 -1.39712384
v -0.07350000 0.08215476 -0.17009434
v -0.07350000 0.12870339 -0.13835803
v 0.14367467 0.09366568 -1.37894514
v 0.14367467 0.09366568 -1.37894514
v 0.14367467 0.06344332 -1.39614871
v -0.07350000 0.08215476 -0.17009434
v 0.14367467 0.09366568 -1.37894514
v 0.14432970 0.06386512 -1.39712384
v 0.14367467 0.06344332 -1.39614871
v 0.14367467 0.09366568 -1.37894514
v 0.14432970 0.09428885 -1.37980559
v 0.14432970 0.06386512 -1.39712384
v -0.07349999 0.16382955 -0.09431121
v 0.14367468 0.15511691 -1.28730920
v 0.14367467 0.10601176 -1.36903384
v 0.14367467 0.10601176 -1.36903384
v -0.07350000 0.12870339 -0.13835803
v -0.07349999 0.16382955 -0.09431121
v 0.14367467 0.10601176 -1.36903384
v 0.14367467 0.09366568 -1.37894514
v -0.07350000 0.12870339 -0.13835803
v 0.14387760 0.15548223 -1.28766444
v -0.07349999 0.16382955 -0.09431121
v -0.07349999 0.18441212 -0.04186765
v 0.14387760 0.15548223 -1.28766444
v 0.14367468 0.15511691 -1.28730920
v -0.07349999 0.16382955 -0.09431121
v 0.14635198 0.15694697 -1.28813770
v 0.18950958 0.15781763 -1.29072478
v 0.14635289 0.15677735 -1.28858760
v 0.18950958 0.15781763 -1.29072478
v 0.14648274 0.10867576 -1.36860326
v 0.14635289 0.15677735 -1.28858760
v 0.14635579 0.10746984 -1.37039283
v 0.18950004 0.10958537 -1.37061289
v 0.14635985 0.10733173 -1.37052062
v 0.14635579 0.10746984 -1.37039283
v 0.14635198 0.10760240 -1.37026075
v 0.18950004 0.10958537 -1.37061289
v 0.26476696 0.15455610 -1.26273015
v 0.26112193 0.24229252 0.02741870
v 0.27403471 0.15261874 -1.23850182
v 0.26476696 0.15455610 -1.26273015
v 0.27403471 0.15261874 -1.23850182
v 0.26843843 0.15186067 -1.26384953
v 0.36331594 0.04744906 -1.06218782
v 0.26915421 0.02480312 -1.31541732
v 0.23830529 0.03970616 -1.39546707
v 0.23830529 0.03970616 -1.39546707
v 0.26915421 0.02480312 -1.31541732
v 0.23739164 0.01625551 -1.40000370
v 0.23232053 -0.00003798 -1.40729120
v 0.19237737 0.00015073 -1.43872717
v 0.23266079 0.02354716 -1.40550545
v 0.23739164 0.01625551 -1.40000370
v 0.26915421 0.02480312 -1.31541732
v 0.23726063 -0.00753291 -1.40068749
v 0.26902418 -0.02960764 -1.31536177
v 0.23726063 -0.00753291 -1.40068749
v 0.26915421 0.02480312 -1.31541732
v 0.36275231 -0.06742740 -1.06246725
v 0.36331593 -0.06433788 -1.06218782
v 0.36355423 -0.06895888 -1.05961648
v 0.26902418 -0.02960764 -1.31536177
v 0.36331593 -0.06433788 -1.06218782
v 0.23790632 -0.03113918 -1.39752176
v 0.23790632 -0.03113918 -1.39752176
v 0.23726063 -0.00753291 -1.40068749
v 0.26902418 -0.02960764 -1.31536177
v 0.23790632 -0.03113918 -1.39752176
v 0.36331593 -0.06433788 -1.06218782
v 0.23873423 -0.04425540 -1.39352921
v 0.23564653 -0.02308266 -1.40252283
v 0.23726063 -0.00753291 -1.40068749
v 0.23790632 -0.03113918 -1.39752176
v 0.23790632 -0.03113918 -1.39752176
v 0.23671688 -0.04557221 -1.39722088
v 0.23564653 -0.02308266 -1.40252283
v 0.36381393 -0.06634200 -1.05949238
v 0.36355423 -0.06895888 -1.05961648
v 0.36331593 -0.06433788 -1.06218782
v 0.23813395 -0.08867415 -1.37903526
v 0.23448117 -0.09028956 -1.38045838
v 0.23190711 -0.06972971 -1.39282587
v 0.24146138 -0.10657989 -1.36412480
v 0.23448117 -0.09028956 -1.38045838
v 0.23813395 -0.08867415 -1.37903526
v 0.24105762 -0.08658629 -1.37678698
v 0.23813395 -0.08867415 -1.37903526
v 0.23556699 -0.06848132 -1.39114121
v 0.23556699 -0.06848132 -1.39114121
v 0.23813395 -0.08867415 -1.37903526
v 0.23190711 -0.06972971 -1.39282587
v 0.23556699 -0.06848132 -1.39114121
v 0.23009662 -0.04751958 -1.40187839
v 0.23376278 -0.04666777 -1.40000299
v 0.23009662 -0.04751958 -1.40187839
v 0.23556699 -0.06848132 -1.39114121
v 0.23190711 -0.06972971 -1.39282587
v 0.36269109 -0.07178673 -1.05810860
v 0.40833442 -0.11505422 -0.66168323
v 0.35527806 -0.11598799 -0.95971659
v 0.40833442 -0.11505422 -0.66168323
v 0.36951097 -0.11944846 -0.86772206
v 0.35527806 -0.11598799 -0.95971659
v 0.40771185 -0.11595825 -0.66220525
v 0.36951097 -0.11944846 -0.86772206
v 0.40833442 -0.11505422 -0.66168323
v 0.40833442 -0.11505422 -0.66168323
v 0.36269109 -0.07178673 -1.05810860
v 0.36355423 -0.06895888 -1.05961648
v 0.23702668 0.10635744 -1.36719635
v 0.23907407 0.10440383 -1.36797169
v 0.23296811 0.10606550 -1.36920860
v 0.23801686 0.08867570 -1.37925580
v 0.24420594 0.10129592 -1.36414722
v 0.24094187 0.08659788 -1.37699893
v 0.24094187 0.08659788 -1.37699893
v 0.24420594 0.10129592 -1.36414722
v 0.24254723 0.08261653 -1.37550238
v 0.23801686 0.08867570 -1.37925580
v 0.23907407 0.10440383 -1.36797169
v 0.24356299 0.10168529 -1.36462644
v 0.24569490 0.09987040 -1.36165527
v 0.24859159 0.09950055 -1.35412267
v 0.24254723 0.08261653 -1.37550238
v 0.24420594 0.10129592 -1.36414722
v 0.24569490 0.09987040 -1.36165527
v 0.24254723 0.08261653 -1.37550238
v 0.24569490 0.09987040 -1.36165527
v 0.24420594 0.10129592 -1.36414722
v 0.25522059 0.11736159 -1.32895616
v 0.25522059 0.11736159 -1.32895616
v 0.25070071 0.10312125 -1.34713629
v 0.24569490 0.09987040 -1.36165527
v 0.19098548 0.01047136 -1.43713692
v 0.22864007 0.07746195 -1.38994983
v 0.23182415 0.06967341 -1.39300945
v 0.22864007 0.07746195 -1.38994983
v 0.23436238 0.09028201 -1.38068703
v 0.23182415 0.06967341 -1.39300945
v 0.38116350 0.00414390 -0.15885010
v 0.40850001 0.03630498 -0.48783889
v 0.38116350 0.00614322 -0.15926614
v 0.38116350 -0.10761702 -0.15885010
v 0.40850001 0.03630498 -0.48783889
v 0.38116350 0.00414390 -0.15885010
v 0.31995737 0.07687594 0.00274696
v 0.32586842 0.05713675 -0.00947872
v 0.32066220 0.07937975 0.00095471
v 0.31296107 0.09530814 0.01664927
v 0.31995737 0.07687594 0.00274696
v 0.32066220 0.07937975 0.00095471
v 0.31995737 0.07687594 0.00274696
v 0.28668970 0.13928950 0.06663104
v 0.32586842 0.05713675 -0.00947872
v 0.31123712 0.10351443 0.01948484
v 0.31296107 0.09530814 0.01664927
v 0.31987556 0.08139406 0.00250127
v 0.38090616 0.00875426 -0.15916374
v 0.31123712 0.10351443 0.01948484
v 0.31987556 0.08139406 0.00250127
v 0.30707463 0.13582589 0.01081725
v 0.31123712 0.10351443 0.01948484
v 0.38090616 0.00875426 -0.15916374
v 0.27976686 0.15680670 0.07686951
v 0.28110635 0.15413940 0.07531967
v 0.29336882 0.18860250 0.00594839
v 0.27976686 0.15680670 0.07686951
v 0.29336882 0.18860250 0.00594839
v 0.27496084 0.16637669 0.08243021
v 0.32586842 0.05713675 -0.00947872
v 0.28668970 0.13928950 0.06663104
v 0.33059486 0.03615312 -0.01993046
v 0.33059486 0.03615312 -0.01993046
v 0.28668970 0.13928950 0.06663104
v 0.33403703 0.01396606 -0.02850482
v 0.33059486 0.03615312 -0.01993046
v 0.32803511 0.05373598 -0.01430175
v 0.32586842 0.05713675 -0.00947872
v 0.25525728 0.24024476 0.04938569
v 0.24489278 0.24065758 0.05014732
v 0.09136042 0.22761570 0.12625846
v 0.25525728 0.24024476 0.04938569
v 0.09136042 0.22761570 0.12625846
v 0.25153062 0.23826170 0.05619981
v 0.25525728 0.24024476 0.04938569
v 0.25782821 0.24231082 0.03835955
v 0.24489278 0.24065758 0.05014732
v 0.25525728 0.24024476 0.04938569
v 0.25153062 0.23826170 0.05619981
v 0.25357044 0.23604594 0.06001493
v 0.26367125 0.23672679 0.03983506
v 0.26870215 0.23591274 0.02589961
v 0.26565460 0.23904393 0.02949950
v 0.25597683 0.23495972 0.05979069
v 0.25357044 0.23604594 0.06001493
v 0.25286722 0.22984182 0.06970461
v 0.09278247 0.22208289 0.13490734
v 0.09136042 0.22223329 0.13505206
v 0.09278247 0.21357842 0.14057544
v 0.09278247 0.22208289 0.13490734
v 0.25316152 0.22182618 0.07807066
v 0.25286722 0.22984182 0.06970461
v 0.09278247 0.22208289 0.13490734
v 0.25286722 0.22984182 0.06970461
v 0.25357044 0.23604594 0.06001493
v 0.09278247 0.22208289 0.13490734
v 0.09278247 0.22741841 0.12619039
v 0.09136042 0.22223329 0.13505206
v 0.25357044 0.23604594 0.06001493
v 0.09278247 0.22741841 0.12619039
v 0.09278247 0.22208289 0.13490734
v 0.00000000 0.05950603 0.21203062
v 0.00000001 0.11445921 0.18816105
v -0.07350000 0.05585948 0.18079206
v 0.09150002 0.05328282 0.21755829
v 0.09150002 0.09460780 0.20304438
v 0.00000000 0.05950603 0.21203062
v 0.00000000 0.05950603 0.21203062
v -0.07350000 0.05585948 0.18079206
v -0.07350000 0.00015074 0.18918881
v 0.00000000 0.05950603 0.21203062
v -0.07350000 0.00015074 0.18918881
v 0.00000000 0.00015074 0.22018883
v 0.27179221 0.23537927 0.00890651
v 0.27305269 0.23474867 0.00990572
v 0.27403471 0.15261874 -1.23850182
v 0.27403471 0.15261874 -1.23850182
v 0.26956165 0.23649512 0.00713840
v 0.27179221 0.23537927 0.00890651
v 0.27179221 0.23537927 0.00890651
v 0.26363358 0.24104525 0.02851352
v 0.27305269 0.23474867 0.00990572
v 0.27179221 0.23537927 0.00890651
v 0.26956165 0.23649512 0.00713840
v 0.26363358 0.24104525 0.02851352
v 0.12843131 0.12597331 0.18303660
v 0.09278247 0.21357842 0.14057544
v 0.12843131 0.10698892 0.19473907
v 0.27074501 0.17232337 0.08740368
v 0.27496084 0.16637669 0.08243021
v 0.27197075 0.17360342 0.08429911
v 0.26869854 0.17093716 0.08958294
v 0.27074501 0.17232337 0.08740368
v 0.26169762 0.19184869 0.09045102
v 0.09136042 0.21676527 0.13869640
v 0.09278247 0.21357842 0.14057544
v 0.09136042 0.22223329 0.13505206
v 0.09150003 0.24275698 0.05497714
v 0.15257854 0.24308966 0.05045583
v 0.09150003 0.24727323 0.02936419
v 0.09150003 0.24275698 0.05497714
v 0.09150003 0.24234850 0.05729374
v 0.15257854 0.24308966 0.05045583
v 0.14635983 -0.14479845 -1.32064989
v 0.14635983 -0.12660711 -1.34976605
v 0.18949999 -0.14629173 -1.32139066
v 0.18949999 -0.14629173 -1.32139066
v 0.14635983 -0.14526345 -1.31990555
v 0.14635983 -0.14479845 -1.32064989
v 0.14536040 -0.07227828 -1.39382866
v 0.14635984 -0.07237785 -1.39402679
v 0.14536040 -0.10178031 -1.37469938
v 0.17472137 -0.00997712 -1.43676665
v 0.17472137 0.00015073 -1.43924478
v 0.17621755 0.00015073 -1.44015625
v 0.14432969 -0.07196199 -1.39319995
v 0.14367466 -0.07148464 -1.39225057
v 0.14367466 -0.03889792 -1.40439394
v 0.14432969 -0.07196199 -1.39319995
v 0.14536040 -0.07227828 -1.39382866
v 0.14536040 -0.10178031 -1.37469938
v 0.14536040 -0.16104244 -1.25175741
v 0.14536040 -0.15678614 -1.28665999
v 0.14635983 -0.15700190 -1.28671053
v 0.14635983 -0.15700190 -1.28671053
v 0.18949999 -0.15841221 -1.28758433
v 0.18949999 -0.16283535 -1.25194409
v -0.00000001 -0.21933644 -0.01482455
v 0.14536040 -0.16104244 -1.25175741
v 0.14635983 -0.16126399 -1.25176027
v 0.14635983 -0.16126399 -1.25176027
v 0.08647543 -0.22804188 -0.08616046
v -0.00000001 -0.21933644 -0.01482455
v 0.18949999 -0.16283535 -1.25194409
v 0.12395206 -0.22913300 -0.10650251
v 0.14635983 -0.16126399 -1.25176027
v 0.14635983 -0.16126399 -1.25176027
v 0.14635983 -0.15700190 -1.28671053
v 0.18949999 -0.16283535 -1.25194409
v 0.14635983 -0.15700190 -1.28671053
v 0.14635983 -0.16126399 -1.25176027
v 0.14536040 -0.16104244 -1.25175741
v 0.08647543 -0.22804188 -0.08616046
v 0.07559134 -0.22827660 -0.05598495
v -0.00000001 -0.21933644 -0.01482455
v 0.07559134 -0.22827660 -0.05598495
v 0.08647543 -0.22804188 -0.08616046
v 0.11114879 -0.22983938 -0.07888994
v 0.27115124 0.14811266 -1.26461747
v 0.26843843 0.15186067 -1.26384953
v 0.27821335 0.14837574 -1.24054530
v 0.27115124 0.14811266 -1.26461747
v 0.26366946 0.14667799 -1.28659299
v 0.26843843 0.15186067 -1.26384953
v 0.24339544 0.10316000 -1.36374286
v 0.24420594 0.10129592 -1.36414722
v 0.24057700 0.10489366 -1.36586097
v 0.26366946 0.14667799 -1.28659299
v 0.24339544 0.10316000 -1.36374286
v 0.24057700 0.10489366 -1.36586097
v 0.24339544 0.10316000 -1.36374286
v 0.26366946 0.14667799 -1.28659299
v 0.26367423 0.14541479 -1.28790978
v -0.07350001 -0.17578439 0.06923827
v -0.08350000 -0.04315055 0.02518877
v -0.08350000 -0.04984927 0.00018879
v -0.08350000 -0.04984927 0.00018879
v -0.07350001 -0.18832080 0.01431277
v -0.07350001 -0.17578439 0.06923827
v -0.08350000 -0.04315055 0.02518877
v -0.07350001 -0.17578439 0.06923827
v -0.07350001 -0.14761541 0.11802837
v -0.00000001 -0.19518404 0.10140308
v 0.07801452 -0.20196872 0.16236857
v -0.07350001 -0.17578439 0.06923827
v -0.07350001 -0.17578439 0.06923827
v 0.07801452 -0.20196872 0.16236857
v -0.07350001 -0.14761541 0.11802837
v -0.07350001 -0.17578439 0.06923827
v -0.00000001 -0.21524780 0.04494914
v -0.00000001 -0.19518404 0.10140308
v -0.07350001 -0.17578439 0.06923827
v -0.07350001 -0.18832080 0.01431277
v -0.00000001 -0.21524780 0.04494914
v -0.07350000 -0.02801826 -0.18670025
v 0.06573648 -0.09816672 -0.98137549
v -0.07350001 -0.08185330 -0.17009434
v 0.06573648 -0.09816672 -0.98137549
v 0.06573648 -0.10568659 -0.97684816
v -0.07350001 -0.08185330 -0.17009434
v 0.06573648 -0.09816672 -0.98137549
v 0.14367466 -0.03889792 -1.40439394
v 0.14367466 -0.07148464 -1.39225057
v 0.06573648 -0.09816672 -0.98137549
v 0.14367466 -0.07148464 -1.39225057
v 0.06573648 -0.10568659 -0.97684816
v -0.07350001 -0.16352806 -0.09431121
v 0.06573648 -0.10568659 -0.97684816
v 0.06573648 -0.10997544 -0.96918979
v 0.05631284 -0.22508012 -0.00585631
v -0.00000001 -0.21933644 -0.01482455
v 0.06136798 -0.22661649 -0.02296207
v 0.05631284 -0.22508012 -0.00585631
v 0.05449250 -0.22452687 0.00030347
v -0.00000001 -0.21933644 -0.01482455
v 0.06136798 -0.22661649 -0.02296207
v 0.09625217 -0.22825759 -0.01933495
v 0.05631284 -0.22508012 -0.00585631
v 0.05631284 -0.22508012 -0.00585631
v 0.09625217 -0.22825759 -0.01933495
v 0.05449250 -0.22452687 0.00030347
v 0.05145884 -0.22158508 0.02287879
v 0.07936040 -0.20461958 0.15265110
v -0.00000001 -0.21524780 0.04494914
v -0.00000001 -0.21524780 0.04494914
v 0.05449250 -0.22452687 0.00030347
v 0.05145884 -0.22158508 0.02287879
v 0.09281875 -0.22464740 0.01567396
v 0.09625217 -0.22825759 -0.01933495
v 0.18949999 -0.22399169 -0.01165173
v 0.09281875 -0.22464740 0.01567396
v 0.07936040 -0.20461958 0.15265110
v 0.05145884 -0.22158508 0.02287879
v 0.09281875 -0.22464740 0.01567396
v 0.05449250 -0.22452687 0.00030347
v 0.09625217 -0.22825759 -0.01933495
v 0.09281875 -0.22464740 0.01567396
v 0.05145884 -0.22158508 0.02287879
v 0.05449250 -0.22452687 0.00030347
v 0.07936040 -0.20222335 0.16249338
v 0.07801452 -0.20196872 0.16236857
v -0.00000001 -0.21524780 0.04494914
v 0.28293884 -0.21616048 -0.05948976
v 0.28237945 -0.21621269 -0.05780611
v 0.27031103 -0.21761179 -0.04079900
v 0.28237945 -0.21621269 -0.05780611
v 0.28044952 -0.21639282 -0.05199734
v 0.27031103 -0.21761179 -0.04079900
v 0.28237945 -0.21621269 -0.05780611
v 0.28293884 -0.21616048 -0.05948976
v 0.29195518 -0.21310974 -0.05512456
v 0.29195518 -0.21310974 -0.05512456
v 0.28044952 -0.21639282 -0.05199734
v 0.28237945 -0.21621269 -0.05780611
v 0.27670637 -0.21631229 -0.04085211
v 0.28044952 -0.21639282 -0.05199734
v 0.27857310 -0.21295548 -0.01203618
v 0.27670637 -0.21631229 -0.04085211
v 0.27031103 -0.21761179 -0.04079900
v 0.28044952 -0.21639282 -0.05199734
v 0.26126722 -0.15558439 -1.26055673
v 0.31497688 -0.20764596 -0.16358939
v 0.27031103 -0.21728403 -0.13346013
v 0.28324903 -0.21612656 -0.06042597
v 0.28293884 -0.21616048 -0.05948976
v 0.27031103 -0.21761179 -0.04079900
v 0.28324903 -0.21612656 -0.06042597
v 0.27031103 -0.21761179 -0.04079900
v 0.28328780 -0.21612221 -0.06054304
v 0.29195518 -0.21310974 -0.05512456
v 0.28293884 -0.21616048 -0.05948976
v 0.28324903 -0.21612656 -0.06042597
v 0.28324903 -0.21612656 -0.06042597
v 0.28328780 -0.21612221 -0.06054304
v 0.29195518 -0.21310974 -0.05512456
v 0.13418616 -0.22821629 -0.12315658
v 0.18949999 -0.16283535 -1.25194409
v 0.14397584 -0.22733932 -0.13908747
v 0.13418616 -0.22821629 -0.12315658
v 0.12395206 -0.22913300 -0.10650251
v 0.18949999 -0.16283535 -1.25194409
v 0.13418616 -0.22821629 -0.12315658
v 0.14397584 -0.22733932 -0.13908747
v 0.18949999 -0.22641402 -0.10308395
v 0.18949999 -0.22641402 -0.10308395
v 0.12395206 -0.22913300 -0.10650251
v 0.13418616 -0.22821629 -0.12315658
v 0.17432321 -0.22279322 -0.19428632
v 0.18949999 -0.16283535 -1.25194409
v 0.27031103 -0.21728403 -0.13346013
v 0.17432321 -0.22279322 -0.19428632
v 0.27031103 -0.21728403 -0.13346013
v 0.18949999 -0.22641402 -0.10308395
v 0.31708605 -0.20720923 -0.14152935
v 0.31614474 -0.20714790 -0.16781387
v 0.33847723 -0.19649411 -0.22838375
v 0.31708605 -0.20720923 -0.14152935
v 0.33847723 -0.19649411 -0.22838375
v 0.32409183 -0.20229698 -0.13937965
v 0.29195518 -0.21310974 -0.05512456
v 0.30296118 -0.21197969 -0.12228230
v 0.31708605 -0.20720923 -0.14152935
v 0.34872816 -0.18654746 -0.22494367
v 0.32946021 -0.19556916 -0.13744417
v 0.34430892 -0.19226164 -0.22662553
v 0.32946021 -0.19556916 -0.13744417
v 0.32409183 -0.20229698 -0.13937965
v 0.34430892 -0.19226164 -0.22662553
v 0.33285509 -0.07988402 -0.04026619
v 0.38063164 -0.10761702 -0.15660611
v 0.33547156 -0.05629351 -0.04090557
v 0.32870011 -0.10317025 -0.03716508
v 0.33285509 -0.07988402 -0.04026619
v 0.29925779 -0.18551046 -0.00199912
v 0.33285509 -0.07988402 -0.04026619
v 0.33547156 -0.05629351 -0.04090557
v 0.29925779 -0.18551046 -0.00199912
v 0.32312549 -0.12563801 -0.03167168
v 0.32757936 -0.11114508 -0.03708849
v 0.32870011 -0.10317025 -0.03716508
v 0.32757936 -0.11114508 -0.03708849
v 0.38063164 -0.10761702 -0.15660611
v 0.32870011 -0.10317025 -0.03716508
v 0.38116350 -0.10851962 -0.15893176
v 0.38063164 -0.10761702 -0.15660611
v 0.38090615 -0.11222738 -0.15916374
v 0.38090615 -0.11222738 -0.15916374
v 0.38116350 -0.11069519 -0.15991566
v 0.38116350 -0.10851962 -0.15893176
v 0.38116350 -0.10851962 -0.15893176
v 0.38116350 -0.11069519 -0.15991566
v 0.40850000 -0.11843387 -0.49788907
v 0.38116350 -0.10851962 -0.15893176
v 0.40850000 -0.11843387 -0.49788907
v 0.40850001 -0.11348945 -0.49656418
v 0.38116350 -0.10761702 -0.15885010
v 0.38116350 -0.10851962 -0.15893176
v 0.40850001 -0.11348945 -0.49656418
v 0.38007538 -0.11069751 -0.15634242
v 0.38090615 -0.11222738 -0.15916374
v 0.38063164 -0.10761702 -0.15660611
v 0.38007538 -0.11069751 -0.15634242
v 0.32757936 -0.11114508 -0.03708849
v 0.32312549 -0.12563801 -0.03167168
v 0.38063164 -0.10761702 -0.15660611
v 0.32757936 -0.11114508 -0.03708849
v 0.38007538 -0.11069751 -0.15634242
v 0.33737515 -0.03085377 -0.04081760
v 0.38063164 -0.10761702 -0.15660611
v 0.33603763 -0.00891864 -0.03491841
v 0.14536041 0.09470176 -1.38037589
v 0.14635985 0.09776088 -1.37820390
v 0.14635985 0.09483173 -1.38055518
v 0.14635985 0.10733173 -1.37052062
v 0.14635985 0.09776088 -1.37820390
v 0.14536041 0.09470176 -1.38037589
v 0.14432970 0.09428885 -1.37980559
v 0.14536041 0.09470176 -1.38037589
v 0.14432970 0.06386512 -1.39712384
v 0.23062078 -0.09106442 -1.38068607
v 0.22990767 -0.08679035 -1.38403586
v 0.23448117 -0.09028956 -1.38045838
v 0.22990767 -0.08679035 -1.38403586
v 0.23062078 -0.09106442 -1.38068607
v 0.18950000 -0.10165738 -1.37710670
v 0.36275231 0.05053858 -1.06246725
v 0.36331594 0.04744906 -1.06218782
v 0.25070071 0.10312125 -1.34713629
v 0.36275231 0.05053858 -1.06246725
v 0.25070071 0.10312125 -1.34713629
v 0.25522059 0.11736159 -1.32895616
v 0.35722165 -0.18198878 -0.31533805
v 0.37274782 -0.16586090 -0.40562549
v 0.36032523 -0.17887128 -0.31438437
v 0.36032523 -0.17887128 -0.31438437
v 0.37274782 -0.16586090 -0.40562549
v 0.36342428 -0.17575831 -0.31343201
v 0.36032523 -0.17887128 -0.31438437
v 0.34430892 -0.19226164 -0.22662553
v 0.35722165 -0.18198878 -0.31533805
v 0.36032523 -0.17887128 -0.31438437
v 0.36342428 -0.17575831 -0.31343201
v 0.34430892 -0.19226164 -0.22662553
v 0.37274782 -0.16586090 -0.40562549
v 0.40771185 -0.12540505 -0.50645295
v 0.36342428 -0.17575831 -0.31343201
v 0.38116350 -0.11212504 -0.16177478
v 0.38116350 -0.11069519 -0.15991566
v 0.38090615 -0.11222738 -0.15916374
v 0.40850001 0.04953722 -0.65771869
v 0.36381980 0.04834441 -1.05982867
v 0.36380270 0.05052856 -1.05884793
v 0.36355424 0.05207006 -1.05961648
v 0.40850002 0.05347702 -0.65377894
v 0.40850001 0.04953722 -0.65771869
v 0.36355424 0.05207006 -1.05961648
v 0.40850001 0.04953722 -0.65771869
v 0.36380270 0.05052856 -1.05884793
v 0.36355424 0.05207006 -1.05961648
v 0.28705194 0.14209315 -1.21825925
v 0.36269110 0.05489791 -1.05810860
v 0.36355424 0.05207006 -1.05961648
v 0.36331594 0.04744906 -1.06218782
v 0.36275231 0.05053858 -1.06246725
v 0.36355424 0.05207006 -1.05961648
v 0.36381980 0.04834441 -1.05982867
v 0.36331594 0.04744906 -1.06218782
v 0.36381980 0.04834441 -1.05982867
v 0.36355424 0.05207006 -1.05961648
v 0.36380270 0.05052856 -1.05884793
v 0.25522059 0.11736159 -1.32895616
v 0.26011821 0.12759976 -1.31044438
v 0.36355424 0.05207006 -1.05961648
v 0.36355424 0.05207006 -1.05961648
v 0.36275231 0.05053858 -1.06246725
v 0.25522059 0.11736159 -1.32895616
v 0.33973000 0.14647761 -0.12577179
v 0.33223382 0.13560097 -0.08164308
v 0.38090616 0.00875426 -0.15916374
v 0.33973000 0.14647761 -0.12577179
v 0.38090616 0.00875426 -0.15916374
v 0.34545237 0.13543460 -0.14171985
v 0.40833443 0.04805157 -0.49860266
v 0.33973000 0.14647761 -0.12577179
v 0.34590915 0.13614291 -0.14630845
v 0.36165413 0.10529068 -0.19860706
v 0.40833443 0.04647783 -0.49272934
v 0.40833443 0.04805157 -0.49860266
v 0.36369556 0.09892620 -0.19978335
v 0.40833443 0.04647783 -0.49272934
v 0.36165413 0.10529068 -0.19860706
v 0.34645408 0.13350150 -0.14451161
v 0.34590915 0.13614291 -0.14630845
v 0.33973000 0.14647761 -0.12577179
v 0.34645408 0.13350150 -0.14451161
v 0.33973000 0.14647761 -0.12577179
v 0.34545237 0.13543460 -0.14171985
v 0.34645408 0.13350150 -0.14451161
v 0.34545237 0.13543460 -0.14171985
v 0.38090616 0.00875426 -0.15916374
v 0.38116350 0.00614322 -0.15926614
v 0.40850001 0.04168684 -0.48928097
v 0.38116350 0.00757191 -0.16036490
v 0.38116350 0.00800238 -0.16069600
v 0.38116350 0.00757191 -0.16036490
v 0.40850001 0.04168684 -0.48928097
v 0.38116350 0.00757191 -0.16036490
v 0.38090616 0.00875426 -0.15916374
v 0.38116350 0.00614322 -0.15926614
v 0.38116350 0.00757191 -0.16036490
v 0.38116350 0.00800238 -0.16069600
v 0.38090616 0.00875426 -0.15916374
v 0.37107524 0.08370305 -0.23112193
v 0.38090616 0.00875426 -0.15916374
v 0.40833443 0.04647783 -0.49272934
v 0.14432970 0.15614958 -1.28755906
v 0.14387760 0.15548223 -1.28766444
v -0.07349999 0.18441212 -0.04186765
v 0.14387760 0.10649689 -1.36918977
v 0.14367467 0.10601176 -1.36903384
v 0.14367468 0.15511691 -1.28730920
v 0.14367468 0.15511691 -1.28730920
v 0.14387760 0.15548223 -1.28766444
v 0.14387760 0.10649689 -1.36918977
v 0.14432970 0.09428885 -1.37980559
v 0.14367467 0.09366568 -1.37894514
v 0.14387760 0.10649689 -1.36918977
v 0.14387760 0.10649689 -1.36918977
v 0.14367467 0.09366568 -1.37894514
v 0.14367467 0.10601176 -1.36903384
v 0.14589189 0.15635347 -1.28924254
v 0.14635289 0.15677735 -1.28858760
v 0.14648274 0.10867576 -1.36860326
v 0.18950001 0.16261573 -1.26300696
v 0.14635985 0.15704918 -1.28777674
v 0.14635985 0.16112253 -1.26191857
v 0.18950001 0.16261573 -1.26300696
v 0.14635985 0.16112253 -1.26191857
v 0.09150021 0.23773519 -0.16161945
v 0.18950001 0.16261573 -1.26300696
v 0.09150021 0.23773519 -0.16161945
v 0.25707865 0.24298884 0.03091672
v 0.36331594 0.04744906 -1.06218782
v 0.24859159 0.09950055 -1.35412267
v 0.25058579 0.10270748 -1.34760216
v 0.25058579 0.10270748 -1.34760216
v 0.25070071 0.10312125 -1.34713629
v 0.36331594 0.04744906 -1.06218782
v 0.24569490 0.09987040 -1.36165527
v 0.25058579 0.10270748 -1.34760216
v 0.24859159 0.09950055 -1.35412267
v 0.25058579 0.10270748 -1.34760216
v 0.24569490 0.09987040 -1.36165527
v 0.25070071 0.10312125 -1.34713629
v 0.23865299 0.04424967 -1.39379004
v 0.24000533 0.06192069 -1.38726738
v 0.36331594 0.04744906 -1.06218782
v 0.36331594 0.04744906 -1.06218782
v 0.23830529 0.03970616 -1.39546707
v 0.23865299 0.04424967 -1.39379004
v 0.23562287 0.02300172 -1.40258220
v 0.23830529 0.03970616 -1.39546707
v 0.23739164 0.01625551 -1.40000370
v 0.23562287 0.02300172 -1.40258220
v 0.23232053 -0.00003798 -1.40729120
v 0.23266079 0.02354716 -1.40550545
v 0.19237737 0.00015073 -1.43872717
v 0.23232053 -0.00003798 -1.40729120
v 0.23268481 -0.02363928 -1.40544370
v 0.23268481 -0.02363928 -1.40544370
v 0.23232053 -0.00003798 -1.40729120
v 0.23564653 -0.02308266 -1.40252283
v 0.23268481 -0.02363928 -1.40544370
v 0.23376278 -0.04666777 -1.40000299
v 0.19237737 0.00015073 -1.43872717
v 0.23268481 -0.02363928 -1.40544370
v 0.23671688 -0.04557221 -1.39722088
v 0.23376278 -0.04666777 -1.40000299
v 0.23268481 -0.02363928 -1.40544370
v 0.23564653 -0.02308266 -1.40252283
v 0.23671688 -0.04557221 -1.39722088
v 0.23933802 -0.05382123 -1.39061740
v 0.23873423 -0.04425540 -1.39352921
v 0.36331593 -0.06433788 -1.06218782
v 0.23933802 -0.05382123 -1.39061740
v 0.23790632 -0.03113918 -1.39752176
v 0.23873423 -0.04425540 -1.39352921
v 0.23933802 -0.05382123 -1.39061740
v 0.23671688 -0.04557221 -1.39722088
v 0.23790632 -0.03113918 -1.39752176
v 0.24298538 -0.08373349 -1.37393478
v 0.36331593 -0.06433788 -1.06218782
v 0.24465842 -0.09411620 -1.36650684
v 0.24298538 -0.08373349 -1.37393478
v 0.24158151 -0.07502150 -1.38016751
v 0.36331593 -0.06433788 -1.06218782
v 0.24298538 -0.08373349 -1.37393478
v 0.24465842 -0.09411620 -1.36650684
v 0.24105762 -0.08658629 -1.37678698
v 0.24298538 -0.08373349 -1.37393478
v 0.24105762 -0.08658629 -1.37678698
v 0.24158151 -0.07502150 -1.38016751
v 0.36382120 -0.06433788 -1.05990866
v 0.36381393 -0.06634200 -1.05949238
v 0.36331593 -0.06433788 -1.06218782
v 0.36382120 -0.06433788 -1.05990866
v 0.36382120 0.04744906 -1.05990866
v 0.40850001 -0.10563907 -0.66613629
v 0.36381393 -0.06634200 -1.05949238
v 0.36382120 -0.06433788 -1.05990866
v 0.40850001 -0.10563907 -0.66613629
v 0.23850847 -0.06687277 -1.38858488
v 0.24158151 -0.07502150 -1.38016751
v 0.24105762 -0.08658629 -1.37678698
v 0.24105762 -0.08658629 -1.37678698
v 0.23556699 -0.06848132 -1.39114121
v 0.23850847 -0.06687277 -1.38858488
v 0.23671688 -0.04557221 -1.39722088
v 0.23933802 -0.05382123 -1.39061740
v 0.23850847 -0.06687277 -1.38858488
v 0.23376278 -0.04666777 -1.40000299
v 0.23671688 -0.04557221 -1.39722088
v 0.23850847 -0.06687277 -1.38858488
v 0.23850847 -0.06687277 -1.38858488
v 0.23556699 -0.06848132 -1.39114121
v 0.23376278 -0.04666777 -1.40000299
v 0.35196339 -0.12106651 -0.95926169
v 0.28740035 -0.14179379 -1.21826330
v 0.35527806 -0.11598799 -0.95971659
v 0.35196339 -0.12106651 -0.95926169
v 0.27854727 -0.14800578 -1.24056759
v 0.28740035 -0.14179379 -1.21826330
v 0.40850001 -0.11058346 -0.66481140
v 0.36355423 -0.06895888 -1.05961648
v 0.36381393 -0.06634200 -1.05949238
v 0.40850001 -0.11058346 -0.66481140
v 0.36381393 -0.06634200 -1.05949238
v 0.40850001 -0.10563907 -0.66613629
v 0.24436210 -0.10405999 -1.36225703
v 0.24847094 -0.11906346 -1.34522727
v 0.24146138 -0.10657989 -1.36412480
v 0.24436210 -0.10405999 -1.36225703
v 0.24105762 -0.08658629 -1.37678698
v 0.24465842 -0.09411620 -1.36650684
v 0.23813395 -0.08867415 -1.37903526
v 0.24436210 -0.10405999 -1.36225703
v 0.24146138 -0.10657989 -1.36412480
v 0.24436210 -0.10405999 -1.36225703
v 0.23813395 -0.08867415 -1.37903526
v 0.24105762 -0.08658629 -1.37678698
v 0.24861164 -0.11068671 -1.34994629
v 0.24436210 -0.10405999 -1.36225703
v 0.24465842 -0.09411620 -1.36650684
v 0.24436210 -0.10405999 -1.36225703
v 0.24861164 -0.11068671 -1.34994629
v 0.24847094 -0.11906346 -1.34522727
v 0.24465842 -0.09411620 -1.36650684
v 0.36331593 -0.06433788 -1.06218782
v 0.24861164 -0.11068671 -1.34994629
v 0.36331593 -0.06433788 -1.06218782
v 0.36275231 -0.06742740 -1.06246725
v 0.24861164 -0.11068671 -1.34994629
v 0.24847094 -0.11906346 -1.34522727
v 0.24559865 -0.12196517 -1.34664753
v 0.24146138 -0.10657989 -1.36412480
v 0.24559865 -0.12196517 -1.34664753
v 0.23781497 -0.10852035 -1.36522415
v 0.24146138 -0.10657989 -1.36412480
v 0.24559865 -0.12196517 -1.34664753
v 0.24195615 -0.12418401 -1.34736469
v 0.23781497 -0.10852035 -1.36522415
v 0.27854727 -0.14800578 -1.24056759
v 0.27645666 -0.15013546 -1.23954096
v 0.26936419 -0.15152305 -1.26203063
v 0.25878153 -0.15191418 -1.28381231
v 0.26936419 -0.15152305 -1.26203063
v 0.26567356 -0.15425336 -1.26086119
v 0.26936419 -0.15152305 -1.26203063
v 0.27437008 -0.15226096 -1.23851636
v 0.26567356 -0.15425336 -1.26086119
v 0.26936419 -0.15152305 -1.26203063
v 0.27645666 -0.15013546 -1.23954096
v 0.27437008 -0.15226096 -1.23851636
v 0.25250060 -0.14607668 -1.30611685
v 0.24684162 -0.13673371 -1.32758024
v 0.25615055 -0.14347461 -1.30629209
v 0.25767290 0.15109389 -1.28768328
v 0.23702668 0.10635744 -1.36719635
v 0.25351715 0.15198383 -1.28823403
v 0.25767290 0.15109389 -1.28768328
v 0.26118999 0.14870744 -1.28764895
v 0.23907407 0.10440383 -1.36797169
v 0.23702668 0.10635744 -1.36719635
v 0.25767290 0.15109389 -1.28768328
v 0.23907407 0.10440383 -1.36797169
v 0.24357226 0.10167969 -1.36461952
v 0.24420594 0.10129592 -1.36414722
v 0.23801686 0.08867570 -1.37925580
v 0.23801686 0.08867570 -1.37925580
v 0.24356299 0.10168529 -1.36462644
v 0.24357226 0.10167969 -1.36461952
v 0.24357226 0.10167969 -1.36461952
v 0.24057700 0.10489366 -1.36586097
v 0.24420594 0.10129592 -1.36414722
v 0.24357226 0.10167969 -1.36461952
v 0.23907407 0.10440383 -1.36797169
v 0.24057700 0.10489366 -1.36586097
v 0.24357226 0.10167969 -1.36461952
v 0.24356299 0.10168529 -1.36462644
v 0.23907407 0.10440383 -1.36797169
v 0.18950001 0.09880268 -1.37956789
v 0.22864007 0.07746195 -1.38994983
v 0.18963961 0.01060231 -1.43738845
v 0.18963961 0.01060231 -1.43738845
v 0.22864007 0.07746195 -1.38994983
v 0.19098548 0.01047136 -1.43713692
v 0.18963961 0.01060231 -1.43738845
v 0.17763960 0.01079582 -1.43776014
v 0.18950001 0.09880268 -1.37956789
v 0.18963961 0.01060231 -1.43738845
v 0.19098548 0.01047136 -1.43713692
v 0.19098548 0.00015073 -1.43966249
v 0.17763960 0.01079582 -1.43776014
v 0.18963961 0.01060231 -1.43738845
v 0.17763960 0.00015073 -1.44036511
v 0.19098548 0.00015073 -1.43966249
v 0.18963961 0.00015073 -1.43994597
v 0.18963961 0.01060231 -1.43738845
v 0.18963961 0.01060231 -1.43738845
v 0.18963961 0.00015073 -1.43994597
v 0.17763960 0.00015073 -1.44036511
v 0.23145672 0.09776976 -1.37628201
v 0.18950001 0.09880268 -1.37956789
v 0.23008399 0.10634861 -1.36935738
v 0.23145672 0.09776976 -1.37628201
v 0.23008399 0.10634861 -1.36935738
v 0.23296811 0.10606550 -1.36920860
v 0.23145672 0.09776976 -1.37628201
v 0.23296811 0.10606550 -1.36920860
v 0.23907407 0.10440383 -1.36797169
v 0.23907407 0.10440383 -1.36797169
v 0.23436238 0.09028201 -1.38068703
v 0.23145672 0.09776976 -1.37628201
v 0.38077627 -0.10761702 -0.15721628
v 0.38116350 -0.10851962 -0.15893176
v 0.38116350 -0.10761702 -0.15885010
v 0.38063164 -0.10761702 -0.15660611
v 0.38116350 -0.10851962 -0.15893176
v 0.38077627 -0.10761702 -0.15721628
v 0.32666063 0.05851660 -0.01145754
v 0.38063165 0.00414390 -0.15660611
v 0.32066220 0.07937975 0.00095471
v 0.32666063 0.05851660 -0.01145754
v 0.32803511 0.05373598 -0.01430175
v 0.38063165 0.00414390 -0.15660611
v 0.32066220 0.07937975 0.00095471
v 0.32586842 0.05713675 -0.00947872
v 0.32666063 0.05851660 -0.01145754
v 0.32586842 0.05713675 -0.00947872
v 0.32803511 0.05373598 -0.01430175
v 0.32666063 0.05851660 -0.01145754
v 0.28782195 0.14368643 0.06421759
v 0.29708904 0.12975331 0.04657211
v 0.30707463 0.13582589 0.01081725
v 0.28782195 0.14368643 0.06421759
v 0.29336882 0.18860250 0.00594839
v 0.28699672 0.14479795 0.06576516
v 0.28782195 0.14368643 0.06421759
v 0.30707463 0.13582589 0.01081725
v 0.29336882 0.18860250 0.00594839
v 0.29649836 0.12716827 0.04839959
v 0.31995737 0.07687594 0.00274696
v 0.31296107 0.09530814 0.01664927
v 0.28668970 0.13928950 0.06663104
v 0.31995737 0.07687594 0.00274696
v 0.29649836 0.12716827 0.04839959
v 0.28782195 0.14368643 0.06421759
v 0.29649836 0.12716827 0.04839959
v 0.29708904 0.12975331 0.04657211
v 0.28699672 0.14479795 0.06576516
v 0.28668970 0.13928950 0.06663104
v 0.29649836 0.12716827 0.04839959
v 0.29649836 0.12716827 0.04839959
v 0.28782195 0.14368643 0.06421759
v 0.28699672 0.14479795 0.06576516
v 0.33341589 0.02622173 -0.02658460
v 0.33059486 0.03615312 -0.01993046
v 0.33403703 0.01396606 -0.02850482
v 0.33341589 0.02622173 -0.02658460
v 0.33403703 0.01396606 -0.02850482
v 0.33468991 0.01465187 -0.03019783
v 0.33341589 0.02622173 -0.02658460
v 0.32803511 0.05373598 -0.01430175
v 0.33059486 0.03615312 -0.01993046
v 0.38063165 0.00414390 -0.15660611
v 0.32803511 0.05373598 -0.01430175
v 0.33341589 0.02622173 -0.02658460
v 0.33468991 0.01465187 -0.03019783
v 0.38063164 -0.10761702 -0.15660611
v 0.33341589 0.02622173 -0.02658460
v 0.33341589 0.02622173 -0.02658460
v 0.38063164 -0.10761702 -0.15660611
v 0.38063165 0.00414390 -0.15660611
v 0.25768215 0.23901559 0.04958918
v 0.25525728 0.24024476 0.04938569
v 0.25357044 0.23604594 0.06001493
v 0.25357044 0.23604594 0.06001493
v 0.25597683 0.23495972 0.05979069
v 0.25768215 0.23901559 0.04958918
v 0.26126882 0.20649538 0.08193161
v 0.26469141 0.19365864 0.08565094
v 0.29336882 0.18860250 0.00594839
v 0.26053855 0.21065109 0.07941630
v 0.26126882 0.20649538 0.08193161
v 0.29336882 0.18860250 0.00594839
v 0.09278247 0.21357842 0.14057544
v 0.12484559 0.10792210 0.19513962
v 0.12843131 0.10698892 0.19473907
v 0.12484559 0.08109629 0.20771781
v 0.09150002 0.09460780 0.20304438
v 0.09150002 0.05328282 0.21755829
v 0.09150001 0.00992223 0.22374424
v 0.12484537 0.02364843 0.22170255
v 0.09150002 0.05328282 0.21755829
v 0.04800001 0.09376633 0.20123729
v 0.09150002 0.09460780 0.20304438
v 0.00000001 0.11445921 0.18816105
v 0.00000000 0.05950603 0.21203062
v 0.04800001 0.09376633 0.20123729
v 0.00000001 0.11445921 0.18816105
v 0.04800001 0.09376633 0.20123729
v 0.00000000 0.05950603 0.21203062
v 0.09150002 0.09460780 0.20304438
v 0.04800001 0.05280950 0.21562192
v 0.09150001 0.00992223 0.22374424
v 0.09150002 0.05328282 0.21755829
v 0.00000000 0.05950603 0.21203062
v 0.04800001 0.05280950 0.21562192
v 0.09150002 0.05328282 0.21755829
v 0.28026787 -0.20574570 0.01320257
v 0.27857310 -0.21295548 -0.01203618
v 0.28826205 -0.20641792 -0.00957117
v 0.29155076 -0.19629431 0.00609710
v 0.29958255 -0.18655908 -0.00320814
v 0.29925779 -0.18551046 -0.00199912
v 0.29925779 -0.18551046 -0.00199912
v 0.29102961 -0.19482023 0.00707349
v 0.29155076 -0.19629431 0.00609710
v 0.13169413 -0.10355257 0.19388065
v 0.13169413 -0.08359213 0.20331058
v 0.12843129 -0.08444937 0.20538983
v 0.26944607 0.17970518 0.08587714
v 0.27074501 0.17232337 0.08740368
v 0.27197075 0.17360342 0.08429911
v 0.27197075 0.17360342 0.08429911
v 0.29336882 0.18860250 0.00594839
v 0.26944607 0.17970518 0.08587714
v 0.29336882 0.18860250 0.00594839
v 0.26469141 0.19365864 0.08565094
v 0.26944607 0.17970518 0.08587714
v 0.26169762 0.19184869 0.09045102
v 0.13169414 0.04396882 0.21548262
v 0.26869854 0.17093716 0.08958294
v 0.00000001 0.11445921 0.18816105
v 0.09150002 0.09460780 0.20304438
v 0.07936042 0.21350216 0.14037940
v 0.09150003 0.24234850 0.05729374
v 0.09150003 0.24275698 0.05497714
v 0.07009532 0.24256854 0.05469521
v 0.09136042 0.22761570 0.12625846
v 0.09150003 0.24234850 0.05729374
v 0.07009532 0.24256854 0.05469521
v 0.07009532 0.24256854 0.05469521
v 0.07936042 0.22721960 0.12612173
v 0.09136042 0.22761570 0.12625846
v 0.07009532 0.24256854 0.05469521
v 0.06908592 0.24236915 0.05462112
v 0.07936042 0.22721960 0.12612173
v 0.14367466 -0.14347260 -1.31904247
v 0.06573648 -0.10997544 -0.96918979
v 0.06573648 -0.10568659 -0.97684816
v -0.07350001 -0.16352806 -0.09431121
v 0.06573648 -0.10997544 -0.96918979
v 0.14367466 -0.14347260 -1.31904247
v -0.07350001 -0.18411062 -0.04186765
v -0.07350001 -0.16352806 -0.09431121
v 0.14367466 -0.14347260 -1.31904247
v 0.14635984 -0.10058384 -1.37573770
v 0.17763960 -0.01049436 -1.43776014
v 0.14635984 -0.10192041 -1.37487105
v 0.14635984 -0.10058384 -1.37573770
v 0.14635984 -0.07237785 -1.39402679
v 0.17763960 -0.01049436 -1.43776014
v 0.14635984 -0.10058384 -1.37573770
v 0.14635984 -0.10192041 -1.37487105
v 0.14536040 -0.10178031 -1.37469938
v 0.14635984 -0.10058384 -1.37573770
v 0.14536040 -0.10178031 -1.37469938
v 0.14635984 -0.07237785 -1.39402679
v 0.17621755 0.01069944 -1.43757513
v 0.17763960 0.01079582 -1.43776014
v 0.17763960 0.00015073 -1.44036511
v 0.17621755 0.00015073 -1.44015625
v 0.17621755 0.01069944 -1.43757513
v 0.17763960 0.00015073 -1.44036511
v 0.17621755 0.01069944 -1.43757513
v 0.14635985 0.09483173 -1.38055518
v 0.17763960 0.01079582 -1.43776014
v 0.17621755 0.01069944 -1.43757513
v 0.14536041 0.09470176 -1.38037589
v 0.14635985 0.09483173 -1.38055518
v 0.14536040 -0.03933053 -1.40610650
v 0.17472137 -0.00997712 -1.43676665
v 0.14536040 -0.07227828 -1.39382866
v 0.14536040 -0.03933053 -1.40610650
v 0.14536040 -0.07227828 -1.39382866
v 0.14432969 -0.07196199 -1.39319995
v 0.17472137 -0.00997712 -1.43676665
v 0.17621755 -0.01039798 -1.43757513
v 0.14536040 -0.07227828 -1.39382866
v 0.17621755 -0.01039798 -1.43757513
v 0.14635984 -0.07237785 -1.39402679
v 0.14536040 -0.07227828 -1.39382866
v 0.17763960 -0.01049436 -1.43776014
v 0.14635984 -0.07237785 -1.39402679
v 0.17621755 -0.01039798 -1.43757513
v 0.17621755 -0.01039798 -1.43757513
v 0.17472137 -0.00997712 -1.43676665
v 0.17621755 0.00015073 -1.44015625
v 0.17763960 0.00015073 -1.44036511
v 0.17763960 -0.01049436 -1.43776014
v 0.17621755 -0.01039798 -1.43757513
v 0.17621755 -0.01039798 -1.43757513
v 0.17621755 0.00015073 -1.44015625
v 0.17763960 0.00015073 -1.44036511
v 0.14635983 -0.15682851 -1.28720096
v 0.14635983 -0.15700190 -1.28671053
v 0.14536040 -0.15678614 -1.28665999
v 0.14635983 -0.15682851 -1.28720096
v 0.14635983 -0.14526345 -1.31990555
v 0.18949999 -0.15841221 -1.28758433
v 0.14635983 -0.15682851 -1.28720096
v 0.18949999 -0.15841221 -1.28758433
v 0.14635983 -0.15700190 -1.28671053
v 0.14635983 -0.16126399 -1.25176027
v 0.09574755 -0.22797477 -0.10216729
v 0.08647543 -0.22804188 -0.08616046
v 0.09574755 -0.22797477 -0.10216729
v 0.14635983 -0.16126399 -1.25176027
v 0.12395206 -0.22913300 -0.10650251
v 0.11114879 -0.22983938 -0.07888994
v 0.08647543 -0.22804188 -0.08616046
v 0.09574755 -0.22797477 -0.10216729
v 0.09574755 -0.22797477 -0.10216729
v 0.12395206 -0.22913300 -0.10650251
v 0.11114879 -0.22983938 -0.07888994
v 0.06932144 -0.22770017 -0.04688434
v 0.06136798 -0.22661649 -0.02296207
v -0.00000001 -0.21933644 -0.01482455
v 0.07559134 -0.22827660 -0.05598495
v 0.06932144 -0.22770017 -0.04688434
v -0.00000001 -0.21933644 -0.01482455
v 0.24420594 0.10129592 -1.36414722
v 0.25599980 0.12201570 -1.32401636
v 0.25522059 0.11736159 -1.32895616
v 0.24339544 0.10316000 -1.36374286
v 0.25599980 0.12201570 -1.32401636
v 0.24420594 0.10129592 -1.36414722
v 0.25599980 0.12201570 -1.32401636
v 0.24339544 0.10316000 -1.36374286
v 0.26367423 0.14541479 -1.28790978
v 0.25599980 0.12201570 -1.32401636
v 0.26011821 0.12759976 -1.31044438
v 0.25522059 0.11736159 -1.32895616
v 0.25599980 0.12201570 -1.32401636
v 0.26550585 0.14130594 -1.28759125
v 0.26011821 0.12759976 -1.31044438
v 0.25599980 0.12201570 -1.32401636
v 0.26367423 0.14541479 -1.28790978
v 0.26550585 0.14130594 -1.28759125
v 0.26550585 0.14130594 -1.28759125
v 0.26367423 0.14541479 -1.28790978
v 0.26407683 0.14548634 -1.28681448
v 0.26407683 0.14548634 -1.28681448
v 0.26367423 0.14541479 -1.28790978
v 0.26366946 0.14667799 -1.28659299
v 0.26407683 0.14548634 -1.28681448
v 0.27115124 0.14811266 -1.26461747
v 0.26550585 0.14130594 -1.28759125
v 0.27115124 0.14811266 -1.26461747
v 0.26407683 0.14548634 -1.28681448
v 0.26366946 0.14667799 -1.28659299
v 0.27884283 0.15443959 0.07962426
v 0.13169413 -0.04134707 0.21594051
v 0.29102961 -0.19482023 0.00707349
v 0.29925779 -0.18551046 -0.00199912
v 0.28668970 0.13928950 0.06663104
v 0.27884283 0.15443959 0.07962426
v 0.27884283 0.15443959 0.07962426
v 0.29102961 -0.19482023 0.00707349
v 0.29925779 -0.18551046 -0.00199912
v 0.27884283 0.15443959 0.07962426
v 0.28699672 0.14479795 0.06576516
v 0.28110635 0.15413940 0.07531967
v 0.27884283 0.15443959 0.07962426
v 0.28668970 0.13928950 0.06663104
v 0.28699672 0.14479795 0.06576516
v 0.27884283 0.15443959 0.07962426
v 0.27074501 0.17232337 0.08740368
v 0.26869854 0.17093716 0.08958294
v 0.27884283 0.15443959 0.07962426
v 0.28110635 0.15413940 0.07531967
v 0.27976686 0.15680670 0.07686951
v 0.27884283 0.15443959 0.07962426
v 0.27976686 0.15680670 0.07686951
v 0.27496084 0.16637669 0.08243021
v 0.27074501 0.17232337 0.08740368
v 0.27884283 0.15443959 0.07962426
v 0.27496084 0.16637669 0.08243021
v 0.28654850 -0.20067787 0.01022365
v 0.29155076 -0.19629431 0.00609710
v 0.29102961 -0.19482023 0.00707349
v 0.07936040 -0.18685763 0.17495707
v 0.09150001 -0.07624648 0.21051231
v -0.00000000 -0.05920456 0.21203062
v -0.00000000 -0.05920456 0.21203062
v 0.09150001 -0.07624648 0.21051231
v 0.09150001 -0.03381274 0.22136524
v 0.09150001 -0.03381274 0.22136524
v 0.09150001 0.00992223 0.22374424
v 0.00000000 0.00015074 0.22018883
v 0.06573648 -0.09338923 -0.98205534
v -0.07350000 -0.02801826 -0.18670025
v -0.07350000 0.02831972 -0.18670025
v 0.06573648 -0.09338923 -0.98205534
v 0.12350001 0.00015073 -1.29981115
v 0.14367467 -0.00445352 -1.40918306
v 0.06573648 -0.09338923 -0.98205534
v 0.14367467 -0.00445352 -1.40918306
v 0.14367466 -0.03889792 -1.40439394
v 0.06573648 -0.09338923 -0.98205534
v 0.14367466 -0.03889792 -1.40439394
v 0.06573648 -0.09816672 -0.98137549
v 0.14432969 -0.10133519 -1.37415412
v 0.14432969 -0.07196199 -1.39319995
v 0.14536040 -0.10178031 -1.37469938
v 0.18949999 -0.22399169 -0.01165173
v 0.09625217 -0.22825759 -0.01933495
v 0.09672845 -0.22836726 -0.02178816
v 0.09672845 -0.22836726 -0.02178816
v 0.09625217 -0.22825759 -0.01933495
v 0.06136798 -0.22661649 -0.02296207
v 0.07936040 -0.20375060 0.15622035
v -0.00000001 -0.21524780 0.04494914
v 0.07936040 -0.20461958 0.15265110
v 0.07936040 -0.20375060 0.15622035
v 0.07936040 -0.20222335 0.16249338
v -0.00000001 -0.21524780 0.04494914
v 0.27030325 -0.21617449 -0.02178678
v 0.27857310 -0.21295548 -0.01203618
v 0.26542175 -0.21606940 -0.00725213
v 0.27030325 -0.21617449 -0.02178678
v 0.27670637 -0.21631229 -0.04085211
v 0.27857310 -0.21295548 -0.01203618
v 0.27030325 -0.21617449 -0.02178678
v 0.26542175 -0.21606940 -0.00725213
v 0.27031103 -0.21761179 -0.04079900
v 0.27030325 -0.21617449 -0.02178678
v 0.27031103 -0.21761179 -0.04079900
v 0.27670637 -0.21631229 -0.04085211
v 0.31600136 -0.20720983 -0.16729298
v 0.31497688 -0.20764596 -0.16358939
v 0.26126722 -0.15558439 -1.26055673
v 0.31600136 -0.20720983 -0.16729298
v 0.31708605 -0.20720923 -0.14152935
v 0.31497688 -0.20764596 -0.16358939
v 0.30918173 -0.20973611 -0.14366701
v 0.30296118 -0.21197969 -0.12228230
v 0.27031103 -0.21728403 -0.13346013
v 0.30918173 -0.20973611 -0.14366701
v 0.27031103 -0.21728403 -0.13346013
v 0.31497688 -0.20764596 -0.16358939
v 0.30918173 -0.20973611 -0.14366701
v 0.31708605 -0.20720923 -0.14152935
v 0.30296118 -0.21197969 -0.12228230
v 0.30918173 -0.20973611 -0.14366701
v 0.31497688 -0.20764596 -0.16358939
v 0.31708605 -0.20720923 -0.14152935
v 0.18949999 -0.22641402 -0.10308395
v 0.16330209 -0.22489983 -0.17044058
v 0.17293759 -0.22305810 -0.19128832
v 0.17293759 -0.22305810 -0.19128832
v 0.17432321 -0.22279322 -0.19428632
v 0.18949999 -0.22641402 -0.10308395
v 0.17293759 -0.22305810 -0.19128832
v 0.16330209 -0.22489983 -0.17044058
v 0.18949999 -0.16283535 -1.25194409
v 0.17432321 -0.22279322 -0.19428632
v 0.17293759 -0.22305810 -0.19128832
v 0.18949999 -0.16283535 -1.25194409
v 0.38007538 -0.11504874 -0.16069362
v 0.32946021 -0.19556916 -0.13744417
v 0.34872816 -0.18654746 -0.22494367
v 0.38063164 -0.10761702 -0.15660611
v 0.33290698 -0.08418336 -0.04152260
v 0.32870011 -0.10317025 -0.03716508
v 0.33290698 -0.08418336 -0.04152260
v 0.33285509 -0.07988402 -0.04026619
v 0.32870011 -0.10317025 -0.03716508
v 0.33290698 -0.08418336 -0.04152260
v 0.38063164 -0.10761702 -0.15660611
v 0.33285509 -0.07988402 -0.04026619
v 0.32036744 -0.13695660 -0.02945790
v 0.32312549 -0.12563801 -0.03167168
v 0.31629727 -0.14689204 -0.02392987
v 0.38007538 -0.11069751 -0.15634242
v 0.32036744 -0.13695660 -0.02945790
v 0.31629727 -0.14689204 -0.02392987
v 0.32036744 -0.13695660 -0.02945790
v 0.38007538 -0.11069751 -0.15634242
v 0.32312549 -0.12563801 -0.03167168
v 0.31137566 -0.16144920 -0.01867071
v 0.31629727 -0.14689204 -0.02392987
v 0.30827640 -0.16698432 -0.01398036
v 0.31137566 -0.16144920 -0.01867071
v 0.38007538 -0.11069751 -0.15634242
v 0.31629727 -0.14689204 -0.02392987
v 0.31137566 -0.16144920 -0.01867071
v 0.30827640 -0.16698432 -0.01398036
v 0.38007538 -0.11069751 -0.15634242
v 0.30113567 -0.18358374 -0.00531296
v 0.38007538 -0.11069751 -0.15634242
v 0.30827640 -0.16698432 -0.01398036
v 0.29925779 -0.18551046 -0.00199912
v 0.29958255 -0.18655908 -0.00320814
v 0.30113567 -0.18358374 -0.00531296
v 0.30113567 -0.18358374 -0.00531296
v 0.30827640 -0.16698432 -0.01398036
v 0.29925779 -0.18551046 -0.00199912
v 0.30113567 -0.18358374 -0.00531296
v 0.29958255 -0.18655908 -0.00320814
v 0.38090615 -0.11222738 -0.15916374
v 0.30113567 -0.18358374 -0.00531296
v 0.38090615 -0.11222738 -0.15916374
v 0.38007538 -0.11069751 -0.15634242
v 0.38063164 -0.10761702 -0.15660611
v 0.33737515 -0.03085377 -0.04081760
v 0.33653786 -0.03245586 -0.03910217
v 0.33653786 -0.03245586 -0.03910217
v 0.33737515 -0.03085377 -0.04081760
v 0.33603763 -0.00891864 -0.03491841
v 0.28668970 0.13928950 0.06663104
v 0.33653786 -0.03245586 -0.03910217
v 0.33603763 -0.00891864 -0.03491841
v 0.33653786 -0.03245586 -0.03910217
v 0.28668970 0.13928950 0.06663104
v 0.33547156 -0.05629351 -0.04090557
v 0.18951402 0.11093476 -1.36859182
v 0.14648274 0.10867576 -1.36860326
v 0.18950958 0.15781763 -1.29072478
v 0.18951402 0.11093476 -1.36859182
v 0.14635198 0.10760240 -1.37026075
v 0.14648274 0.10867576 -1.36860326
v 0.23008399 0.10634861 -1.36935738
v 0.23299827 0.10724917 -1.36763147
v 0.23296811 0.10606550 -1.36920860
v 0.23299827 0.10724917 -1.36763147
v 0.23702668 0.10635744 -1.36719635
v 0.23296811 0.10606550 -1.36920860
v 0.23299827 0.10724917 -1.36763147
v 0.25351715 0.15198383 -1.28823403
v 0.23702668 0.10635744 -1.36719635
v 0.23299827 0.10724917 -1.36763147
v 0.23011940 0.15470704 -1.28926018
v 0.25351715 0.15198383 -1.28823403
v 0.14536041 0.06414457 -1.39776996
v 0.14432970 0.06386512 -1.39712384
v 0.14536041 0.09470176 -1.38037589
v 0.14536041 0.09470176 -1.38037589
v 0.17621755 0.01069944 -1.43757513
v 0.14536041 0.06414457 -1.39776996
v 0.23200105 -0.09933721 -1.37420204
v 0.23448117 -0.09028956 -1.38045838
v 0.23311109 -0.10599049 -1.36898735
v 0.23200105 -0.09933721 -1.37420204
v 0.23062078 -0.09106442 -1.38068607
v 0.23448117 -0.09028956 -1.38045838
v 0.23311109 -0.10599049 -1.36898735
v 0.18950000 -0.10165738 -1.37710670
v 0.23200105 -0.09933721 -1.37420204
v 0.23062078 -0.09106442 -1.38068607
v 0.23200105 -0.09933721 -1.37420204
v 0.18950000 -0.10165738 -1.37710670
v 0.38025294 -0.15415878 -0.49751702
v 0.37274782 -0.16586090 -0.40562549
v 0.37499981 -0.15838737 -0.49829891
v 0.38025294 -0.15415878 -0.49751702
v 0.40771185 -0.12540505 -0.50645295
v 0.37274782 -0.16586090 -0.40562549
v 0.40850001 0.04562662 -0.49322072
v 0.38116350 0.00800238 -0.16069600
v 0.40850001 0.04168684 -0.48928097
v 0.40850001 0.04562662 -0.49322072
v 0.40833443 0.04647783 -0.49272934
v 0.38116350 0.00800238 -0.16069600
v 0.40850001 0.04562662 -0.49322072
v 0.40833443 0.04805157 -0.49860266
v 0.40833443 0.04647783 -0.49272934
v 0.40850001 0.04562662 -0.49322072
v 0.40850001 0.04706869 -0.49860266
v 0.40833443 0.04805157 -0.49860266
v 0.36382120 0.04744906 -1.05990866
v 0.36381980 0.04834441 -1.05982867
v 0.40850001 0.04415536 -0.65916076
v 0.36381980 0.04834441 -1.05982867
v 0.40850001 0.04953722 -0.65771869
v 0.40850001 0.04415536 -0.65916076
v 0.40850001 0.04415536 -0.65916076
v 0.40850001 -0.10563907 -0.66613629
v 0.36382120 0.04744906 -1.05990866
v 0.40850002 0.05347702 -0.65377894
v 0.36355424 0.05207006 -1.05961648
v 0.40833443 0.05432821 -0.65427032
v 0.36355424 0.05207006 -1.05961648
v 0.28028294 0.14262791 -1.24206820
v 0.28705194 0.14209315 -1.21825925
v 0.26394099 0.13301097 -1.29673007
v 0.26011821 0.12759976 -1.31044438
v 0.26550585 0.14130594 -1.28759125
v 0.26394099 0.13301097 -1.29673007
v 0.36355424 0.05207006 -1.05961648
v 0.26011821 0.12759976 -1.31044438
v 0.36369556 0.09892620 -0.19978335
v 0.36165413 0.10529068 -0.19860706
v 0.35279128 0.12127197 -0.16217318
v 0.34590915 0.13614291 -0.14630845
v 0.34645408 0.13350150 -0.14451161
v 0.35279128 0.12127197 -0.16217318
v 0.35279128 0.12127197 -0.16217318
v 0.40833443 0.04805157 -0.49860266
v 0.34590915 0.13614291 -0.14630845
v 0.35279128 0.12127197 -0.16217318
v 0.36165413 0.10529068 -0.19860706
v 0.40833443 0.04805157 -0.49860266
v 0.38090616 0.00875426 -0.15916374
v 0.36369556 0.09892620 -0.19978335
v 0.35279128 0.12127197 -0.16217318
v 0.35279128 0.12127197 -0.16217318
v 0.34645408 0.13350150 -0.14451161
v 0.38090616 0.00875426 -0.15916374
v 0.36948061 0.08699257 -0.22435012
v 0.40833443 0.04647783 -0.49272934
v 0.36369556 0.09892620 -0.19978335
v 0.36948061 0.08699257 -0.22435012
v 0.37107524 0.08370305 -0.23112193
v 0.40833443 0.04647783 -0.49272934
v 0.36948061 0.08699257 -0.22435012
v 0.36369556 0.09892620 -0.19978335
v 0.38090616 0.00875426 -0.15916374
v 0.36948061 0.08699257 -0.22435012
v 0.38090616 0.00875426 -0.15916374
v 0.37107524 0.08370305 -0.23112193
v 0.14635985 0.10733173 -1.37052062
v 0.14536041 0.09470176 -1.38037589
v 0.14536041 0.10718460 -1.37035492
v 0.14536041 0.10718460 -1.37035492
v 0.14635579 0.10746984 -1.37039283
v 0.14635985 0.10733173 -1.37052062
v 0.14536041 0.10718460 -1.37035492
v 0.14635198 0.10760240 -1.37026075
v 0.14635579 0.10746984 -1.37039283
v 0.14536042 0.16090156 -1.26190189
v 0.14432970 0.16019960 -1.26184919
v -0.07349999 0.18441212 -0.04186765
v 0.14432970 0.16019960 -1.26184919
v 0.14432970 0.15614958 -1.28755906
v -0.07349999 0.18441212 -0.04186765
v 0.14635985 0.16112253 -1.26191857
v 0.14635985 0.15704918 -1.28777674
v 0.14536041 0.15683380 -1.28772476
v 0.14536041 0.15683380 -1.28772476
v 0.14536042 0.16090156 -1.26190189
v 0.14635985 0.16112253 -1.26191857
v 0.14536041 0.15683380 -1.28772476
v 0.14635985 0.15704918 -1.28777674
v 0.14635198 0.15694697 -1.28813770
v 0.14635198 0.15694697 -1.28813770
v 0.14635289 0.15677735 -1.28858760
v 0.14536041 0.15683380 -1.28772476
v 0.14635289 0.15677735 -1.28858760
v 0.14589189 0.15635347 -1.28924254
v 0.14536041 0.15683380 -1.28772476
v 0.23666825 0.04552664 -1.39733174
v 0.23865299 0.04424967 -1.39379004
v 0.23830529 0.03970616 -1.39546707
v 0.23666825 0.04552664 -1.39733174
v 0.24000533 0.06192069 -1.38726738
v 0.23865299 0.04424967 -1.39379004
v 0.23666825 0.04552664 -1.39733174
v 0.23562287 0.02300172 -1.40258220
v 0.23266079 0.02354716 -1.40550545
v 0.23830529 0.03970616 -1.39546707
v 0.23562287 0.02300172 -1.40258220
v 0.23666825 0.04552664 -1.39733174
v 0.23562287 0.02300172 -1.40258220
v 0.23528491 -0.00003262 -1.40432313
v 0.23232053 -0.00003798 -1.40729120
v 0.23528491 -0.00003262 -1.40432313
v 0.23564653 -0.02308266 -1.40252283
v 0.23232053 -0.00003798 -1.40729120
v 0.23528491 -0.00003262 -1.40432313
v 0.23726063 -0.00753291 -1.40068749
v 0.23564653 -0.02308266 -1.40252283
v 0.23739164 0.01625551 -1.40000370
v 0.23726063 -0.00753291 -1.40068749
v 0.23528491 -0.00003262 -1.40432313
v 0.23528491 -0.00003262 -1.40432313
v 0.23562287 0.02300172 -1.40258220
v 0.23739164 0.01625551 -1.40000370
v 0.36331593 -0.06433788 -1.06218782
v 0.24158151 -0.07502150 -1.38016751
v 0.24051319 -0.06492611 -1.38514379
v 0.24051319 -0.06492611 -1.38514379
v 0.23933802 -0.05382123 -1.39061740
v 0.36331593 -0.06433788 -1.06218782
v 0.24158151 -0.07502150 -1.38016751
v 0.23850847 -0.06687277 -1.38858488
v 0.24051319 -0.06492611 -1.38514379
v 0.24051319 -0.06492611 -1.38514379
v 0.23850847 -0.06687277 -1.38858488
v 0.23933802 -0.05382123 -1.39061740
v 0.40833442 -0.11107493 -0.66566256
v 0.40833442 -0.11505422 -0.66168323
v 0.36355423 -0.06895888 -1.05961648
v 0.40850001 -0.11058346 -0.66481140
v 0.40833442 -0.11107493 -0.66566256
v 0.36355423 -0.06895888 -1.05961648
v 0.40833442 -0.11505422 -0.66168323
v 0.40833442 -0.11107493 -0.66566256
v 0.40850001 -0.11420304 -0.66119185
v 0.40850001 -0.11420304 -0.66119185
v 0.40833442 -0.11107493 -0.66566256
v 0.40850001 -0.11058346 -0.66481140
v 0.27437008 -0.15226096 -1.23851636
v 0.27645666 -0.15013546 -1.23954096
v 0.36615814 -0.12456525 -0.86748472
v 0.36615814 -0.12456525 -0.86748472
v 0.37615423 -0.12946585 -0.77515212
v 0.27437008 -0.15226096 -1.23851636
v 0.36615814 -0.12456525 -0.86748472
v 0.27645666 -0.15013546 -1.23954096
v 0.27854727 -0.14800578 -1.24056759
v 0.35196339 -0.12106651 -0.95926169
v 0.36615814 -0.12456525 -0.86748472
v 0.27854727 -0.14800578 -1.24056759
v 0.35527806 -0.11598799 -0.95971659
v 0.36951097 -0.11944846 -0.86772206
v 0.36615814 -0.12456525 -0.86748472
v 0.36615814 -0.12456525 -0.86748472
v 0.35196339 -0.12106651 -0.95926169
v 0.35527806 -0.11598799 -0.95971659
v 0.37136449 -0.13347510 -0.77501777
v 0.37694512 -0.14006448 -0.68272987
v 0.27437008 -0.15226096 -1.23851636
v 0.37136449 -0.13347510 -0.77501777
v 0.27437008 -0.15226096 -1.23851636
v 0.37615423 -0.12946585 -0.77515212
v 0.37136449 -0.13347510 -0.77501777
v 0.37615423 -0.12946585 -0.77515212
v 0.37694512 -0.14006448 -0.68272987
v 0.37499981 -0.15838737 -0.49829891
v 0.27437008 -0.15226096 -1.23851636
v 0.37817390 -0.14835871 -0.59045389
v 0.27437008 -0.15226096 -1.23851636
v 0.37694512 -0.14006448 -0.68272987
v 0.37817390 -0.14835871 -0.59045389
v 0.37817390 -0.14835871 -0.59045389
v 0.38025294 -0.15415878 -0.49751702
v 0.37499981 -0.15838737 -0.49829891
v 0.38025294 -0.15415878 -0.49751702
v 0.37817390 -0.14835871 -0.59045389
v 0.38327016 -0.14416776 -0.59000626
v 0.24847094 -0.11906346 -1.34522727
v 0.24861164 -0.11068671 -1.34994629
v 0.25342748 -0.12419074 -1.33104733
v 0.25878976 -0.13374933 -1.31142429
v 0.25342748 -0.12419074 -1.33104733
v 0.36355423 -0.06895888 -1.05961648
v 0.25342748 -0.12419074 -1.33104733
v 0.36275231 -0.06742740 -1.06246725
v 0.36355423 -0.06895888 -1.05961648
v 0.25342748 -0.12419074 -1.33104733
v 0.24861164 -0.11068671 -1.34994629
v 0.36275231 -0.06742740 -1.06246725
v 0.27854727 -0.14800578 -1.24056759
v 0.26936419 -0.15152305 -1.26203063
v 0.27206717 -0.14772433 -1.26285508
v 0.27206717 -0.14772433 -1.26285508
v 0.26520089 -0.14554050 -1.28468636
v 0.27287019 -0.14352187 -1.26504043
v 0.26244668 -0.14921525 -1.28447583
v 0.26936419 -0.15152305 -1.26203063
v 0.25878153 -0.15191418 -1.28381231
v 0.26244668 -0.14921525 -1.28447583
v 0.25615055 -0.14347461 -1.30629209
v 0.26520089 -0.14554050 -1.28468636
v 0.26244668 -0.14921525 -1.28447583
v 0.26520089 -0.14554050 -1.28468636
v 0.27206717 -0.14772433 -1.26285508
v 0.26244668 -0.14921525 -1.28447583
v 0.27206717 -0.14772433 -1.26285508
v 0.26936419 -0.15152305 -1.26203063
v 0.26244668 -0.14921525 -1.28447583
v 0.25878153 -0.15191418 -1.28381231
v 0.25250060 -0.14607668 -1.30611685
v 0.25250060 -0.14607668 -1.30611685
v 0.25615055 -0.14347461 -1.30629209
v 0.26244668 -0.14921525 -1.28447583
v 0.25894965 -0.13999191 -1.30592111
v 0.26520089 -0.14554050 -1.28468636
v 0.25615055 -0.14347461 -1.30629209
v 0.25894965 -0.13999191 -1.30592111
v 0.26563881 -0.14086741 -1.28799632
v 0.26520089 -0.14554050 -1.28468636
v 0.23436238 0.09028201 -1.38068703
v 0.22864007 0.07746195 -1.38994983
v 0.23051979 0.09101473 -1.38082841
v 0.23051979 0.09101473 -1.38082841
v 0.22864007 0.07746195 -1.38994983
v 0.18950001 0.09880268 -1.37956789
v 0.38077628 0.00414390 -0.15721628
v 0.38116350 0.00614322 -0.15926614
v 0.38063165 0.00414390 -0.15660611
v 0.38077628 0.00414390 -0.15721628
v 0.38116350 0.00414390 -0.15885010
v 0.38116350 0.00614322 -0.15926614
v 0.29708904 0.12975331 0.04657211
v 0.29649836 0.12716827 0.04839959
v 0.30012119 0.12519445 0.04079857
v 0.30707463 0.13582589 0.01081725
v 0.29708904 0.12975331 0.04657211
v 0.30012119 0.12519445 0.04079857
v 0.26136613 0.23459707 0.04921123
v 0.26028875 0.23360168 0.05359342
v 0.26870215 0.23591274 0.02589961
v 0.26367125 0.23672679 0.03983506
v 0.26136613 0.23459707 0.04921123
v 0.26870215 0.23591274 0.02589961
v 0.25971896 0.23720419 0.04954209
v 0.25768215 0.23901559 0.04958918
v 0.25597683 0.23495972 0.05979069
v 0.26028875 0.23360168 0.05359342
v 0.26136613 0.23459707 0.04921123
v 0.25971896 0.23720419 0.04954209
v 0.25971896 0.23720419 0.04954209
v 0.26136613 0.23459707 0.04921123
v 0.26367125 0.23672679 0.03983506
v 0.25971896 0.23720419 0.04954209
v 0.26367125 0.23672679 0.03983506
v 0.26565460 0.23904393 0.02949950
v 0.25782821 0.24231082 0.03835955
v 0.25525728 0.24024476 0.04938569
v 0.26028821 0.24102853 0.03901061
v 0.26028821 0.24102853 0.03901061
v 0.25525728 0.24024476 0.04938569
v 0.25768215 0.23901559 0.04958918
v 0.26363358 0.24104525 0.02851352
v 0.25782821 0.24231082 0.03835955
v 0.26028821 0.24102853 0.03901061
v 0.26565460 0.23904393 0.02949950
v 0.26363358 0.24104525 0.02851352
v 0.26028821 0.24102853 0.03901061
v 0.26028821 0.24102853 0.03901061
v 0.25971896 0.23720419 0.04954209
v 0.26565460 0.23904393 0.02949950
v 0.26028821 0.24102853 0.03901061
v 0.25768215 0.23901559 0.04958918
v 0.25971896 0.23720419 0.04954209
v 0.25527188 0.22898307 0.06909504
v 0.25597683 0.23495972 0.05979069
v 0.25286722 0.22984182 0.06970461
v 0.26028875 0.23360168 0.05359342
v 0.25971896 0.23720419 0.04954209
v 0.25972435 0.23104593 0.05829784
v 0.26870215 0.23591274 0.02589961
v 0.26028875 0.23360168 0.05359342
v 0.25972435 0.23104593 0.05829784
v 0.25924447 0.21801510 0.07495900
v 0.29336882 0.18860250 0.00594839
v 0.27497974 0.23127612 0.01271697
v 0.25924447 0.21801510 0.07495900
v 0.26053855 0.21065109 0.07941630
v 0.29336882 0.18860250 0.00594839
v 0.25924447 0.21801510 0.07495900
v 0.25893766 0.22588062 0.06672426
v 0.25527188 0.22898307 0.06909504
v 0.26126882 0.20649538 0.08193161
v 0.26375520 0.19221935 0.08834084
v 0.26469141 0.19365864 0.08565094
v 0.26375520 0.19221935 0.08834084
v 0.26944607 0.17970518 0.08587714
v 0.26469141 0.19365864 0.08565094
v 0.26375520 0.19221935 0.08834084
v 0.26169762 0.19184869 0.09045102
v 0.27074501 0.17232337 0.08740368
v 0.26375520 0.19221935 0.08834084
v 0.27074501 0.17232337 0.08740368
v 0.26944607 0.17970518 0.08587714
v 0.09278247 0.21357842 0.14057544
v 0.12843131 0.12597331 0.18303660
v 0.25439078 0.21244895 0.08466365
v 0.12843131 0.10698892 0.19473907
v 0.25643828 0.20210316 0.08929696
v 0.25439078 0.21244895 0.08466365
v 0.25439078 0.21244895 0.08466365
v 0.12843131 0.12597331 0.18303660
v 0.12843131 0.10698892 0.19473907
v 0.09278247 0.22208289 0.13490734
v 0.25439078 0.21244895 0.08466365
v 0.25316152 0.22182618 0.07807066
v 0.25439078 0.21244895 0.08466365
v 0.09278247 0.22208289 0.13490734
v 0.09278247 0.21357842 0.14057544
v 0.09136042 0.21365410 0.14076993
v 0.12484559 0.10792210 0.19513962
v 0.09278247 0.21357842 0.14057544
v 0.09136042 0.21365410 0.14076993
v 0.09150002 0.09460780 0.20304438
v 0.12484559 0.10792210 0.19513962
v 0.09136042 0.21365410 0.14076993
v 0.07936042 0.21350216 0.14037940
v 0.09150002 0.09460780 0.20304438
v 0.09136042 0.21365410 0.14076993
v 0.09278247 0.21357842 0.14057544
v 0.09136042 0.21676527 0.13869640
v 0.09136042 0.21365410 0.14076993
v 0.09136042 0.21676527 0.13869640
v 0.07936042 0.21350216 0.14037940
v 0.12484551 0.05322336 0.21650335
v 0.12484551 0.05283847 0.21662465
v 0.12843130 0.06601390 0.21214679
v 0.09150002 0.05328282 0.21755829
v 0.12484551 0.05283847 0.21662465
v 0.12484551 0.05322336 0.21650335
v 0.12484559 0.08710661 0.20489970
v 0.12484559 0.10792210 0.19513962
v 0.09150002 0.09460780 0.20304438
v 0.12484559 0.08710661 0.20489970
v 0.09150002 0.09460780 0.20304438
v 0.12484559 0.08109629 0.20771781
v 0.12484546 0.04450791 0.21807387
v 0.12484551 0.05283847 0.21662465
v 0.09150002 0.05328282 0.21755829
v 0.12484537 0.02364843 0.22170255
v 0.12484546 0.04450791 0.21807387
v 0.09150002 0.05328282 0.21755829
v 0.04800001 0.00983518 0.22175273
v 0.00000000 0.00015074 0.22018883
v 0.09150001 0.00992223 0.22374424
v 0.04800001 0.05280950 0.21562192
v 0.04800001 0.00983518 0.22175273
v 0.09150001 0.00992223 0.22374424
v 0.04800001 0.00983518 0.22175273
v 0.00000000 0.05950603 0.21203062
v 0.00000000 0.00015074 0.22018883
v 0.04800001 0.00983518 0.22175273
v 0.04800001 0.05280950 0.21562192
v 0.00000000 0.05950603 0.21203062
v 0.28026787 -0.20574570 0.01320257
v 0.26821432 -0.21070898 0.02022209
v 0.27857310 -0.21295548 -0.01203618
v 0.26132143 -0.21500015 0.00520411
v 0.26821432 -0.21070898 0.02022209
v 0.25445992 -0.21321082 0.02604827
v 0.26821432 -0.21070898 0.02022209
v 0.26132143 -0.21500015 0.00520411
v 0.26542175 -0.21606940 -0.00725213
v 0.26821432 -0.21070898 0.02022209
v 0.26542175 -0.21606940 -0.00725213
v 0.27857310 -0.21295548 -0.01203618
v 0.25472069 -0.21296555 0.02679225
v 0.09278244 -0.20241224 0.16258594
v 0.25445992 -0.21321082 0.02604827
v 0.25472069 -0.21296555 0.02679225
v 0.25445992 -0.21321082 0.02604827
v 0.26821432 -0.21070898 0.02022209
v 0.28826205 -0.20641792 -0.00957117
v 0.29195518 -0.21310974 -0.05512456
v 0.30066565 -0.20717341 -0.05261014
v 0.31708605 -0.20720923 -0.14152935
v 0.30066565 -0.20717341 -0.05261014
v 0.29195518 -0.21310974 -0.05512456
v 0.30066565 -0.20717341 -0.05261014
v 0.31708605 -0.20720923 -0.14152935
v 0.32409183 -0.20229698 -0.13937965
v 0.26881010 -0.20891136 0.02228435
v 0.13169413 -0.10355257 0.19388065
v 0.09427864 -0.19547164 0.16987315
v 0.13169413 -0.08359213 0.20331058
v 0.13169413 -0.10355257 0.19388065
v 0.28103746 -0.20353794 0.01477780
v 0.28103746 -0.20353794 0.01477780
v 0.13169413 -0.10355257 0.19388065
v 0.26881010 -0.20891136 0.02228435
v 0.12843129 -0.10461413 0.19586334
v 0.13169413 -0.10355257 0.19388065
v 0.12843129 -0.08444937 0.20538983
v 0.12843129 -0.10461413 0.19586334
v 0.09427864 -0.19547164 0.16987315
v 0.13169413 -0.10355257 0.19388065
v 0.12843130 0.04441737 0.21768644
v 0.12843130 0.06601390 0.21214679
v 0.12484551 0.05283847 0.21662465
v 0.12843130 0.04441737 0.21768644
v 0.26169762 0.19184869 0.09045102
v 0.12843130 0.06601390 0.21214679
v 0.12843130 0.04441737 0.21768644
v 0.13169414 0.04396882 0.21548262
v 0.26169762 0.19184869 0.09045102
v 0.12484551 0.05283847 0.21662465
v 0.12484546 0.04450791 0.21807387
v 0.12843130 0.04441737 0.21768644
v 0.12843130 0.04441737 0.21768644
v 0.12484537 0.02364843 0.22170255
v 0.12843130 0.02237388 0.22102967
v 0.12843130 0.04441737 0.21768644
v 0.12484546 0.04450791 0.21807387
v 0.12484537 0.02364843 0.22170255
v 0.07936042 0.21655892 0.13834211
v 0.07936042 0.22193131 0.13476148
v 0.00000001 0.11445921 0.18816105
v 0.00000001 0.11445921 0.18816105
v 0.07936042 0.21350216 0.14037940
v 0.07936042 0.21655892 0.13834211
v 0.07936042 0.22193131 0.13476148
v 0.07936042 0.21655892 0.13834211
v 0.09136042 0.22223329 0.13505206
v 0.07936042 0.21655892 0.13834211
v 0.09136042 0.21676527 0.13869640
v 0.09136042 0.22223329 0.13505206
v 0.07936042 0.21655892 0.13834211
v 0.07936042 0.21350216 0.14037940
v 0.09136042 0.21676527 0.13869640
v 0.07009532 0.24659126 0.03188130
v 0.09150003 0.24275698 0.05497714
v 0.09150003 0.24727323 0.02936419
v 0.07009532 0.24659126 0.03188130
v 0.07009532 0.24256854 0.05469521
v 0.09150003 0.24275698 0.05497714
v 0.09150003 0.24727323 0.02936419
v 0.09150021 0.23773519 -0.16161945
v 0.07009532 0.24659126 0.03188130
v 0.07009532 0.24659126 0.03188130
v 0.06908592 0.24637855 0.03188273
v 0.06908592 0.24236915 0.05462112
v 0.07009532 0.24659126 0.03188130
v 0.06908592 0.24236915 0.05462112
v 0.07009532 0.24256854 0.05469521
v 0.09150021 0.23773519 -0.16161945
v 0.07074700 0.23640782 -0.16163215
v 0.07009532 0.24659126 0.03188130
v 0.07074700 0.23640782 -0.16163215
v 0.06908592 0.24637855 0.03188273
v 0.07009532 0.24659126 0.03188130
v 0.14367466 -0.14347260 -1.31904247
v 0.14432968 -0.14442970 -1.31950381
v 0.14432968 -0.15610086 -1.28649905
v 0.14367466 -0.15506648 -1.28625610
v 0.14432968 -0.15610086 -1.28649905
v -0.07350001 -0.18411062 -0.04186765
v -0.07350001 -0.18411062 -0.04186765
v 0.14367466 -0.14347260 -1.31904247
v 0.14367466 -0.15506648 -1.28625610
v 0.14367466 -0.15506648 -1.28625610
v 0.14367466 -0.14347260 -1.31904247
v 0.14432968 -0.15610086 -1.28649905
v 0.17472137 0.01027857 -1.43676665
v 0.17621755 0.00015073 -1.44015625
v 0.17472137 0.00015073 -1.43924478
v 0.17472137 0.01027857 -1.43676665
v 0.17621755 0.01069944 -1.43757513
v 0.17621755 0.00015073 -1.44015625
v 0.17472137 0.00015073 -1.43924478
v 0.14432969 0.03041025 -1.40743378
v 0.17472137 0.01027857 -1.43676665
v 0.17472137 0.01027857 -1.43676665
v 0.14432969 0.03041025 -1.40743378
v 0.14432970 0.06386512 -1.39712384
v 0.17472137 0.01027857 -1.43676665
v 0.14432970 0.06386512 -1.39712384
v 0.14536041 0.06414457 -1.39776996
v 0.17472137 0.01027857 -1.43676665
v 0.14536041 0.06414457 -1.39776996
v 0.17621755 0.01069944 -1.43757513
v 0.14432969 -0.03915812 -1.40542415
v 0.14432969 -0.07196199 -1.39319995
v 0.14367466 -0.03889792 -1.40439394
v 0.14432969 -0.03915812 -1.40542415
v 0.14536040 -0.03933053 -1.40610650
v 0.14432969 -0.07196199 -1.39319995
v 0.14367466 -0.03889792 -1.40439394
v 0.14432969 -0.00448419 -1.41024521
v 0.14432969 -0.03915812 -1.40542415
v 0.14432969 -0.03915812 -1.40542415
v 0.14432969 -0.00448419 -1.41024521
v 0.17472137 0.00015073 -1.43924478
v 0.14432969 -0.03915812 -1.40542415
v 0.17472137 0.00015073 -1.43924478
v 0.17472137 -0.00997712 -1.43676665
v 0.14536040 -0.03933053 -1.40610650
v 0.14432969 -0.03915812 -1.40542415
v 0.17472137 -0.00997712 -1.43676665
v 0.10253090 -0.22970318 -0.05167649
v 0.06932144 -0.22770017 -0.04688434
v 0.07559134 -0.22827660 -0.05598495
v 0.06136798 -0.22661649 -0.02296207
v 0.06932144 -0.22770017 -0.04688434
v 0.10253090 -0.22970318 -0.05167649
v 0.10253090 -0.22970318 -0.05167649
v 0.09672845 -0.22836726 -0.02178816
v 0.06136798 -0.22661649 -0.02296207
v 0.18949999 -0.22399169 -0.01165173
v 0.09672845 -0.22836726 -0.02178816
v 0.10253090 -0.22970318 -0.05167649
v 0.10253090 -0.22970318 -0.05167649
v 0.18949999 -0.22558522 -0.07180015
v 0.18949999 -0.22399169 -0.01165173
v 0.10253090 -0.22970318 -0.05167649
v 0.18949999 -0.22641402 -0.10308395
v 0.18949999 -0.22558522 -0.07180015
v 0.13169414 0.04396882 0.21548262
v 0.13169413 0.02214869 0.21879199
v 0.26869854 0.17093716 0.08958294
v 0.13169413 0.02214869 0.21879199
v 0.12843130 0.04441737 0.21768644
v 0.12843130 0.02237388 0.22102967
v 0.12843130 0.04441737 0.21768644
v 0.13169413 0.02214869 0.21879199
v 0.13169414 0.04396882 0.21548262
v 0.12843130 -0.01969100 0.22125754
v 0.13169413 0.02214869 0.21879199
v 0.12843130 0.02237388 0.22102967
v 0.29180378 -0.19718772 0.00462868
v 0.28654850 -0.20067787 0.01022365
v 0.28826205 -0.20641792 -0.00957117
v 0.28654850 -0.20067787 0.01022365
v 0.29180378 -0.19718772 0.00462868
v 0.29155076 -0.19629431 0.00609710
v 0.07801453 -0.18678807 0.17468211
v -0.00000001 -0.11415775 0.18816105
v 0.07801452 -0.19573467 0.17019746
v 0.07936040 -0.18685763 0.17495707
v 0.07801453 -0.18678807 0.17468211
v 0.07801452 -0.19573467 0.17019746
v 0.07801453 -0.18678807 0.17468211
v -0.00000000 -0.05920456 0.21203062
v -0.00000001 -0.11415775 0.18816105
v 0.07801453 -0.18678807 0.17468211
v 0.07936040 -0.18685763 0.17495707
v -0.00000000 -0.05920456 0.21203062
v 0.12484517 -0.06432231 0.21341100
v 0.09150001 -0.03381274 0.22136524
v 0.09150001 -0.07624648 0.21051231
v 0.00000000 0.00015074 0.22018883
v -0.00000000 -0.05920456 0.21203062
v 0.04800000 -0.03351019 0.21939489
v 0.04800000 -0.03351019 0.21939489
v 0.09150001 -0.03381274 0.22136524
v 0.00000000 0.00015074 0.22018883
v 0.09150001 -0.03381274 0.22136524
v 0.04800000 -0.03351019 0.21939489
v -0.00000000 -0.05920456 0.21203062
v 0.06573648 -0.09338923 -0.98205534
v 0.06550000 -0.09338923 -0.98070040
v -0.07350000 -0.02801826 -0.18670025
v 0.06550000 -0.09338923 -0.98070040
v 0.06573648 -0.09338923 -0.98205534
v 0.06573648 -0.09816672 -0.98137549
v 0.06550000 -0.07861937 -0.98070040
v -0.07350000 0.02831972 -0.18670025
v 0.12350001 0.00015073 -1.29981115
v 0.06550000 -0.07861937 -0.98070040
v 0.06573648 -0.09338923 -0.98205534
v -0.07350000 0.02831972 -0.18670025
v 0.06573648 -0.09338923 -0.98205534
v 0.06550000 -0.07861937 -0.98070040
v 0.12350001 0.00015073 -1.29981115
v 0.14367466 -0.10066338 -1.37333110
v 0.06573648 -0.10568659 -0.97684816
v 0.14367466 -0.07148464 -1.39225057
v 0.14367466 -0.07148464 -1.39225057
v 0.14432969 -0.07196199 -1.39319995
v 0.14367466 -0.10066338 -1.37333110
v 0.14367466 -0.10066338 -1.37333110
v 0.14432969 -0.07196199 -1.39319995
v 0.14432969 -0.10133519 -1.37415412
v 0.07936040 -0.20375060 0.15622035
v 0.09136039 -0.20259970 0.16267779
v 0.07936040 -0.20222335 0.16249338
v 0.09136039 -0.20259970 0.16267779
v 0.07936040 -0.20375060 0.15622035
v 0.07936040 -0.20461958 0.15265110
v 0.25445992 -0.21321082 0.02604827
v 0.09278244 -0.20241224 0.16258594
v 0.09136039 -0.20259970 0.16267779
v 0.31612883 -0.20715482 -0.16775599
v 0.26126722 -0.15558439 -1.26055673
v 0.31614474 -0.20714790 -0.16781387
v 0.31612883 -0.20715482 -0.16775599
v 0.31600136 -0.20720983 -0.16729298
v 0.26126722 -0.15558439 -1.26055673
v 0.31614474 -0.20714790 -0.16781387
v 0.31708605 -0.20720923 -0.14152935
v 0.31612883 -0.20715482 -0.16775599
v 0.31708605 -0.20720923 -0.14152935
v 0.31600136 -0.20720983 -0.16729298
v 0.31612883 -0.20715482 -0.16775599
v 0.38063164 -0.11478508 -0.16377410
v 0.34872816 -0.18654746 -0.22494367
v 0.36342428 -0.17575831 -0.31343201
v 0.38063164 -0.11478508 -0.16377410
v 0.38007538 -0.11504874 -0.16069362
v 0.34872816 -0.18654746 -0.22494367
v 0.38090615 -0.11222738 -0.15916374
v 0.38007538 -0.11504874 -0.16069362
v 0.38063164 -0.11478508 -0.16377410
v 0.38010361 -0.11328438 -0.15810677
v 0.38090615 -0.11222738 -0.15916374
v 0.29958255 -0.18655908 -0.00320814
v 0.38010361 -0.11328438 -0.15810677
v 0.38007538 -0.11504874 -0.16069362
v 0.38090615 -0.11222738 -0.15916374
v 0.29958255 -0.18655908 -0.00320814
v 0.38007538 -0.11504874 -0.16069362
v 0.38010361 -0.11328438 -0.15810677
v 0.33547156 -0.05629351 -0.04090557
v 0.38063164 -0.10761702 -0.15660611
v 0.33622243 -0.05629083 -0.04266552
v 0.33622243 -0.05629083 -0.04266552
v 0.33653786 -0.03245586 -0.03910217
v 0.33547156 -0.05629351 -0.04090557
v 0.33653786 -0.03245586 -0.03910217
v 0.33622243 -0.05629083 -0.04266552
v 0.38063164 -0.10761702 -0.15660611
v 0.18950004 0.10958537 -1.37061289
v 0.14635198 0.10760240 -1.37026075
v 0.18951099 0.11064231 -1.36903003
v 0.14635198 0.10760240 -1.37026075
v 0.18951402 0.11093476 -1.36859182
v 0.18951099 0.11064231 -1.36903003
v 0.18950001 0.16261573 -1.26300696
v 0.18950001 0.15818990 -1.28971890
v 0.14635985 0.15704918 -1.28777674
v 0.23008400 0.15556059 -1.28745487
v 0.18950001 0.15818990 -1.28971890
v 0.18950001 0.16261573 -1.26300696
v 0.23008400 0.15556059 -1.28745487
v 0.23011940 0.15470704 -1.28926018
v 0.18950958 0.15781763 -1.29072478
v 0.23011940 0.15470704 -1.28926018
v 0.23299827 0.10724917 -1.36763147
v 0.23011940 0.10754189 -1.36775616
v 0.18950958 0.15781763 -1.29072478
v 0.23011940 0.15470704 -1.28926018
v 0.23011940 0.10754189 -1.36775616
v 0.23011940 0.10754189 -1.36775616
v 0.23299827 0.10724917 -1.36763147
v 0.23008399 0.10634861 -1.36935738
v 0.23011940 0.10754189 -1.36775616
v 0.18951402 0.11093476 -1.36859182
v 0.18950958 0.15781763 -1.29072478
v 0.23011940 0.10754189 -1.36775616
v 0.23008399 0.10634861 -1.36935738
v 0.18950004 0.10958537 -1.37061289
v 0.23011940 0.10754189 -1.36775616
v 0.18951099 0.11064231 -1.36903003
v 0.18951402 0.11093476 -1.36859182
v 0.18950004 0.10958537 -1.37061289
v 0.18951099 0.11064231 -1.36903003
v 0.23011940 0.10754189 -1.36775616
v 0.40771185 -0.12540505 -0.50645295
v 0.40833442 -0.12436116 -0.50645295
v 0.36342428 -0.17575831 -0.31343201
v 0.40833442 -0.12436116 -0.50645295
v 0.38063164 -0.11478508 -0.16377410
v 0.36342428 -0.17575831 -0.31343201
v 0.40850000 -0.12205342 -0.50150862
v 0.40850000 -0.11843387 -0.49788907
v 0.38116350 -0.11069519 -0.15991566
v 0.38116350 -0.11069519 -0.15991566
v 0.38116350 -0.11212504 -0.16177478
v 0.40850000 -0.12205342 -0.50150862
v 0.37306079 0.08559502 -0.87284568
v 0.40833443 0.05432821 -0.65427032
v 0.36320385 0.05463225 -1.05501595
v 0.36320385 0.05463225 -1.05501595
v 0.40833443 0.05432821 -0.65427032
v 0.36355424 0.05207006 -1.05961648
v 0.36320385 0.05463225 -1.05501595
v 0.36269110 0.05489791 -1.05810860
v 0.37306079 0.08559502 -0.87284568
v 0.36320385 0.05463225 -1.05501595
v 0.36355424 0.05207006 -1.05961648
v 0.36269110 0.05489791 -1.05810860
v 0.27877065 0.14682798 -1.24095538
v 0.27821335 0.14837574 -1.24054530
v 0.28705194 0.14209315 -1.21825925
v 0.28028294 0.14262791 -1.24206820
v 0.27877065 0.14682798 -1.24095538
v 0.28705194 0.14209315 -1.21825925
v 0.27877065 0.14682798 -1.24095538
v 0.27115124 0.14811266 -1.26461747
v 0.27821335 0.14837574 -1.24054530
v 0.27877065 0.14682798 -1.24095538
v 0.28028294 0.14262791 -1.24206820
v 0.27115124 0.14811266 -1.26461747
v 0.27264931 0.14390047 -1.26480201
v 0.27115124 0.14811266 -1.26461747
v 0.28028294 0.14262791 -1.24206820
v 0.27264931 0.14390047 -1.26480201
v 0.28028294 0.14262791 -1.24206820
v 0.36355424 0.05207006 -1.05961648
v 0.26521319 0.13615467 -1.29134229
v 0.26550585 0.14130594 -1.28759125
v 0.36355424 0.05207006 -1.05961648
v 0.26521319 0.13615467 -1.29134229
v 0.26394099 0.13301097 -1.29673007
v 0.26550585 0.14130594 -1.28759125
v 0.26521319 0.13615467 -1.29134229
v 0.36355424 0.05207006 -1.05961648
v 0.26394099 0.13301097 -1.29673007
v 0.32647371 0.17072974 -0.10033266
v 0.40833443 0.04805157 -0.49860266
v 0.39589825 0.07031841 -0.50315478
v 0.32647371 0.17072974 -0.10033266
v 0.33973000 0.14647761 -0.12577179
v 0.40833443 0.04805157 -0.49860266
v 0.31448674 0.18869761 -0.07230876
v 0.39256173 0.07818721 -0.59579340
v 0.38896975 0.08116309 -0.68820563
v 0.38137004 0.08549775 -0.78033379
v 0.30204153 0.20440233 -0.04560170
v 0.38896975 0.08116309 -0.68820563
v 0.30204153 0.20440233 -0.04560170
v 0.31448674 0.18869761 -0.07230876
v 0.38896975 0.08116309 -0.68820563
v 0.29251257 0.21360175 -0.02141312
v 0.30204153 0.20440233 -0.04560170
v 0.27305269 0.23474867 0.00990572
v 0.14491533 0.15651969 -1.28799966
v 0.14432970 0.16019960 -1.26184919
v 0.14536042 0.16090156 -1.26190189
v 0.14491533 0.15651969 -1.28799966
v 0.14536042 0.16090156 -1.26190189
v 0.14536041 0.15683380 -1.28772476
v 0.14432970 0.15614958 -1.28755906
v 0.14432970 0.16019960 -1.26184919
v 0.14491533 0.15651969 -1.28799966
v 0.14448489 0.10778729 -1.36852053
v 0.14432970 0.10671721 -1.36982849
v 0.14387760 0.10649689 -1.36918977
v 0.14432970 0.09428885 -1.37980559
v 0.14387760 0.10649689 -1.36918977
v 0.14432970 0.10671721 -1.36982849
v 0.23371347 0.04661168 -1.40011862
v 0.23666825 0.04552664 -1.39733174
v 0.23266079 0.02354716 -1.40550545
v 0.23266079 0.02354716 -1.40550545
v 0.19237737 0.00015073 -1.43872717
v 0.23371347 0.04661168 -1.40011862
v 0.23371347 0.04661168 -1.40011862
v 0.19237737 0.00015073 -1.43872717
v 0.19098548 0.00015073 -1.43966249
v 0.23371347 0.04661168 -1.40011862
v 0.19098548 0.01047136 -1.43713692
v 0.23004626 0.04745440 -1.40199783
v 0.23371347 0.04661168 -1.40011862
v 0.19098548 0.00015073 -1.43966249
v 0.19098548 0.01047136 -1.43713692
v 0.23666825 0.04552664 -1.39733174
v 0.23842799 0.06683649 -1.38875511
v 0.24000533 0.06192069 -1.38726738
v 0.23842799 0.06683649 -1.38875511
v 0.24254723 0.08261653 -1.37550238
v 0.24000533 0.06192069 -1.38726738
v 0.23842799 0.06683649 -1.38875511
v 0.24094187 0.08659788 -1.37699893
v 0.24254723 0.08261653 -1.37550238
v 0.23371347 0.04661168 -1.40011862
v 0.23842799 0.06683649 -1.38875511
v 0.23666825 0.04552664 -1.39733174
v 0.36615814 -0.12456525 -0.86748472
v 0.40771185 -0.11755464 -0.65624741
v 0.37615423 -0.12946585 -0.77515212
v 0.40771185 -0.11755464 -0.65624741
v 0.36951097 -0.11944846 -0.86772206
v 0.40771185 -0.11595825 -0.66220525
v 0.40771185 -0.11755464 -0.65624741
v 0.36615814 -0.12456525 -0.86748472
v 0.36951097 -0.11944846 -0.86772206
v 0.37615423 -0.12946585 -0.77515212
v 0.40771185 -0.11755464 -0.65624741
v 0.37694512 -0.14006448 -0.68272987
v 0.40771185 -0.12540505 -0.50645295
v 0.38025294 -0.15415878 -0.49751702
v 0.40771185 -0.11755464 -0.65624741
v 0.40771185 -0.11755464 -0.65624741
v 0.37817390 -0.14835871 -0.59045389
v 0.37694512 -0.14006448 -0.68272987
v 0.37817390 -0.14835871 -0.59045389
v 0.40771185 -0.11755464 -0.65624741
v 0.38327016 -0.14416776 -0.59000626
v 0.40771185 -0.11755464 -0.65624741
v 0.38025294 -0.15415878 -0.49751702
v 0.38327016 -0.14416776 -0.59000626
v 0.27206717 -0.14772433 -1.26285508
v 0.27912755 -0.14638290 -1.24099746
v 0.27854727 -0.14800578 -1.24056759
v 0.28060717 -0.14224455 -1.24209347
v 0.27287019 -0.14352187 -1.26504043
v 0.36355423 -0.06895888 -1.05961648
v 0.28060717 -0.14224455 -1.24209347
v 0.27206717 -0.14772433 -1.26285508
v 0.27287019 -0.14352187 -1.26504043
v 0.28060717 -0.14224455 -1.24209347
v 0.27912755 -0.14638290 -1.24099746
v 0.27206717 -0.14772433 -1.26285508
v 0.27015857 -0.14235303 -1.27384594
v 0.27287019 -0.14352187 -1.26504043
v 0.26520089 -0.14554050 -1.28468636
v 0.26563881 -0.14086741 -1.28799632
v 0.27015857 -0.14235303 -1.27384594
v 0.26520089 -0.14554050 -1.28468636
v 0.36355423 -0.06895888 -1.05961648
v 0.27287019 -0.14352187 -1.26504043
v 0.27015857 -0.14235303 -1.27384594
v 0.27015857 -0.14235303 -1.27384594
v 0.26563881 -0.14086741 -1.28799632
v 0.36355423 -0.06895888 -1.05961648
v 0.25915245 -0.13439589 -1.31009677
v 0.25878976 -0.13374933 -1.31142429
v 0.36355423 -0.06895888 -1.05961648
v 0.25048459 -0.13429358 -1.32728937
v 0.25894965 -0.13999191 -1.30592111
v 0.25615055 -0.14347461 -1.30629209
v 0.25048459 -0.13429358 -1.32728937
v 0.25615055 -0.14347461 -1.30629209
v 0.24684162 -0.13673371 -1.32758024
v 0.25048459 -0.13429358 -1.32728937
v 0.24684162 -0.13673371 -1.32758024
v 0.24195615 -0.12418401 -1.34736469
v 0.24195615 -0.12418401 -1.34736469
v 0.24559865 -0.12196517 -1.34664753
v 0.25048459 -0.13429358 -1.32728937
v 0.25941503 0.15091466 -1.28629997
v 0.26843843 0.15186067 -1.26384953
v 0.26118999 0.14870744 -1.28764895
v 0.26118999 0.14870744 -1.28764895
v 0.25767290 0.15109389 -1.28768328
v 0.25941503 0.15091466 -1.28629997
v 0.25941503 0.15091466 -1.28629997
v 0.26476696 0.15455610 -1.26273015
v 0.26843843 0.15186067 -1.26384953
v 0.23132332 0.09680803 -1.37692931
v 0.23145672 0.09776976 -1.37628201
v 0.23436238 0.09028201 -1.38068703
v 0.23436238 0.09028201 -1.38068703
v 0.23051979 0.09101473 -1.38082841
v 0.23132332 0.09680803 -1.37692931
v 0.23145672 0.09776976 -1.37628201
v 0.23132332 0.09680803 -1.37692931
v 0.18950001 0.09880268 -1.37956789
v 0.23132332 0.09680803 -1.37692931
v 0.23051979 0.09101473 -1.38082841
v 0.18950001 0.09880268 -1.37956789
v 0.30510884 0.11206830 0.03188797
v 0.30012119 0.12519445 0.04079857
v 0.29649836 0.12716827 0.04839959
v 0.31296107 0.09530814 0.01664927
v 0.31123712 0.10351443 0.01948484
v 0.30510884 0.11206830 0.03188797
v 0.30510884 0.11206830 0.03188797
v 0.29649836 0.12716827 0.04839959
v 0.31296107 0.09530814 0.01664927
v 0.25597683 0.23495972 0.05979069
v 0.25527188 0.22898307 0.06909504
v 0.25888452 0.22724305 0.06529786
v 0.25888452 0.22724305 0.06529786
v 0.25527188 0.22898307 0.06909504
v 0.25893766 0.22588062 0.06672426
v 0.25888452 0.22724305 0.06529786
v 0.25971896 0.23720419 0.04954209
v 0.25597683 0.23495972 0.05979069
v 0.25888452 0.22724305 0.06529786
v 0.25972435 0.23104593 0.05829784
v 0.25971896 0.23720419 0.04954209
v 0.26870215 0.23591274 0.02589961
v 0.25972435 0.23104593 0.05829784
v 0.25888452 0.22724305 0.06529786
v 0.27497974 0.23127612 0.01271697
v 0.26870215 0.23591274 0.02589961
v 0.25888452 0.22724305 0.06529786
v 0.25888452 0.22724305 0.06529786
v 0.25924447 0.21801510 0.07495900
v 0.27497974 0.23127612 0.01271697
v 0.25893766 0.22588062 0.06672426
v 0.25924447 0.21801510 0.07495900
v 0.25888452 0.22724305 0.06529786
v 0.25558022 0.22127000 0.07713582
v 0.25924447 0.21801510 0.07495900
v 0.25527188 0.22898307 0.06909504
v 0.25558022 0.22127000 0.07713582
v 0.25286722 0.22984182 0.06970461
v 0.25316152 0.22182618 0.07807066
v 0.25558022 0.22127000 0.07713582
v 0.25527188 0.22898307 0.06909504
v 0.25286722 0.22984182 0.06970461
v 0.25892660 0.20230074 0.08795538
v 0.25439078 0.21244895 0.08466365
v 0.25643828 0.20210316 0.08929696
v 0.26169762 0.19184869 0.09045102
v 0.26375520 0.19221935 0.08834084
v 0.25892660 0.20230074 0.08795538
v 0.12484559 0.08109629 0.20771781
v 0.12484554 0.06610399 0.21244338
v 0.12843130 0.06601390 0.21214679
v 0.12484554 0.06610399 0.21244338
v 0.12484551 0.05322336 0.21650335
v 0.12843130 0.06601390 0.21214679
v 0.12484554 0.06610399 0.21244338
v 0.12484559 0.08109629 0.20771781
v 0.09150002 0.05328282 0.21755829
v 0.09150002 0.05328282 0.21755829
v 0.12484551 0.05322336 0.21650335
v 0.12484554 0.06610399 0.21244338
v 0.12843130 0.08693975 0.20447472
v 0.12484559 0.08710661 0.20489970
v 0.12484559 0.08109629 0.20771781
v 0.12484559 0.10792210 0.19513962
v 0.12843130 0.08693975 0.20447472
v 0.12843131 0.10698892 0.19473907
v 0.12484559 0.08710661 0.20489970
v 0.12843130 0.08693975 0.20447472
v 0.12484559 0.10792210 0.19513962
v 0.12843130 0.08693975 0.20447472
v 0.25643828 0.20210316 0.08929696
v 0.12843131 0.10698892 0.19473907
v 0.12843130 0.08693975 0.20447472
v 0.12484559 0.08109629 0.20771781
v 0.12843130 0.06601390 0.21214679
v 0.12843130 0.08693975 0.20447472
v 0.25892660 0.20230074 0.08795538
v 0.25643828 0.20210316 0.08929696
v 0.26169762 0.19184869 0.09045102
v 0.12843130 0.08693975 0.20447472
v 0.12843130 0.06601390 0.21214679
v 0.25892660 0.20230074 0.08795538
v 0.12843130 0.08693975 0.20447472
v 0.26169762 0.19184869 0.09045102
v 0.12484536 0.02245095 0.22174945
v 0.12484537 0.02364843 0.22170255
v 0.09150001 0.00992223 0.22374424
v 0.12484536 0.02245095 0.22174945
v 0.12843130 0.02237388 0.22102967
v 0.12484537 0.02364843 0.22170255
v 0.07936040 -0.19591336 0.17041770
v 0.07936040 -0.18685763 0.17495707
v 0.07801452 -0.19573467 0.17019746
v 0.07936040 -0.19591336 0.17041770
v 0.07801452 -0.19573467 0.17019746
v 0.07801452 -0.20196872 0.16236857
v 0.07936040 -0.19591336 0.17041770
v 0.09136039 -0.20259970 0.16267779
v 0.09136039 -0.19617735 0.17074314
v 0.12843129 -0.10461413 0.19586334
v 0.09278244 -0.19604587 0.17058107
v 0.09427864 -0.19547164 0.16987315
v 0.09278244 -0.19604587 0.17058107
v 0.26881010 -0.20891136 0.02228435
v 0.09427864 -0.19547164 0.16987315
v 0.09278244 -0.19604587 0.17058107
v 0.09136039 -0.20259970 0.16267779
v 0.09278244 -0.20241224 0.16258594
v 0.09278244 -0.19604587 0.17058107
v 0.09136039 -0.19617735 0.17074314
v 0.09136039 -0.20259970 0.16267779
v 0.28096724 -0.20498389 0.01354768
v 0.28026787 -0.20574570 0.01320257
v 0.28826205 -0.20641792 -0.00957117
v 0.28654850 -0.20067787 0.01022365
v 0.28096724 -0.20498389 0.01354768
v 0.28826205 -0.20641792 -0.00957117
v 0.14536040 -0.14506381 -1.31980947
v 0.14635983 -0.14479845 -1.32064989
v 0.14635983 -0.14526345 -1.31990555
v 0.14635983 -0.12660711 -1.34976605
v 0.14635983 -0.14479845 -1.32064989
v 0.14536040 -0.14506381 -1.31980947
v 0.14635983 -0.14526345 -1.31990555
v 0.14635983 -0.15682851 -1.28720096
v 0.14536040 -0.14506381 -1.31980947
v 0.14536040 -0.14506381 -1.31980947
v 0.14635983 -0.15682851 -1.28720096
v 0.14536040 -0.15678614 -1.28665999
v 0.14536040 -0.14506381 -1.31980947
v 0.14536040 -0.15678614 -1.28665999
v 0.14432968 -0.15610086 -1.28649905
v 0.14432968 -0.14442970 -1.31950381
v 0.14536040 -0.14506381 -1.31980947
v 0.14432968 -0.15610086 -1.28649905
v 0.14432968 -0.12588032 -1.34919289
v 0.14367466 -0.10066338 -1.37333110
v 0.14432969 -0.10133519 -1.37415412
v 0.11041805 -0.22982787 -0.07658241
v 0.07559134 -0.22827660 -0.05598495
v 0.11114879 -0.22983938 -0.07888994
v 0.11041805 -0.22982787 -0.07658241
v 0.10253090 -0.22970318 -0.05167649
v 0.07559134 -0.22827660 -0.05598495
v 0.11114879 -0.22983938 -0.07888994
v 0.18949999 -0.22641402 -0.10308395
v 0.11041805 -0.22982787 -0.07658241
v 0.18949999 -0.22641402 -0.10308395
v 0.10253090 -0.22970318 -0.05167649
v 0.11041805 -0.22982787 -0.07658241
v 0.13169413 -0.04134707 0.21594051
v 0.27884283 0.15443959 0.07962426
v 0.13169413 -0.01948995 0.21901754
v 0.12843130 -0.01969100 0.22125754
v 0.13169413 -0.01948995 0.21901754
v 0.13169413 0.02214869 0.21879199
v 0.13169413 -0.01948995 0.21901754
v 0.27884283 0.15443959 0.07962426
v 0.26869854 0.17093716 0.08958294
v 0.26869854 0.17093716 0.08958294
v 0.13169413 0.02214869 0.21879199
v 0.13169413 -0.01948995 0.21901754
v 0.12484516 -0.00595734 0.22286162
v 0.12484516 -0.01971636 0.22156480
v 0.12843130 -0.01969100 0.22125754
v 0.12484516 -0.00595734 0.22286162
v 0.12843130 -0.01969100 0.22125754
v 0.12843130 0.02237388 0.22102967
v 0.12484516 -0.00595734 0.22286162
v 0.09150001 -0.03381274 0.22136524
v 0.12484516 -0.01971636 0.22156480
v 0.09150001 -0.03381274 0.22136524
v 0.12484516 -0.00595734 0.22286162
v 0.09150001 0.00992223 0.22374424
v 0.12484516 -0.00595734 0.22286162
v 0.12484536 0.02245095 0.22174945
v 0.09150001 0.00992223 0.22374424
v 0.12843130 0.02237388 0.22102967
v 0.12484536 0.02245095 0.22174945
v 0.12484516 -0.00595734 0.22286162
v 0.29155076 -0.19629431 0.00609710
v 0.29248018 -0.19626349 0.00394728
v 0.29958255 -0.18655908 -0.00320814
v 0.29248018 -0.19626349 0.00394728
v 0.29180378 -0.19718772 0.00462868
v 0.29958255 -0.18655908 -0.00320814
v 0.29248018 -0.19626349 0.00394728
v 0.29155076 -0.19629431 0.00609710
v 0.29180378 -0.19718772 0.00462868
v 0.32946021 -0.19556916 -0.13744417
v 0.38007538 -0.11504874 -0.16069362
v 0.30742014 -0.19894791 -0.05057285
v 0.32409183 -0.20229698 -0.13937965
v 0.32946021 -0.19556916 -0.13744417
v 0.30742014 -0.19894791 -0.05057285
v 0.30742014 -0.19894791 -0.05057285
v 0.30066565 -0.20717341 -0.05261014
v 0.32409183 -0.20229698 -0.13937965
v 0.28826205 -0.20641792 -0.00957117
v 0.30066565 -0.20717341 -0.05261014
v 0.30742014 -0.19894791 -0.05057285
v 0.07936040 -0.19591336 0.17041770
v 0.09136039 -0.18696045 0.17536333
v 0.07936040 -0.18685763 0.17495707
v 0.09136039 -0.18696045 0.17536333
v 0.07936040 -0.19591336 0.17041770
v 0.09136039 -0.19617735 0.17074314
v 0.09150001 -0.07624648 0.21051231
v 0.07936040 -0.18685763 0.17495707
v 0.09136039 -0.18696045 0.17536333
v 0.09136039 -0.18696045 0.17536333
v 0.12484517 -0.06432231 0.21341100
v 0.09150001 -0.07624648 0.21051231
v 0.09136039 -0.19617735 0.17074314
v 0.09278244 -0.19604587 0.17058107
v 0.09136039 -0.18696045 0.17536333
v 0.12843130 -0.06343026 0.21284381
v 0.12484517 -0.06432231 0.21341100
v 0.12843129 -0.08444937 0.20538983
v 0.06550000 -0.09778870 -0.98007432
v 0.06573648 -0.09816672 -0.98137549
v -0.07350000 -0.02801826 -0.18670025
v 0.06550000 -0.09338923 -0.98070040
v 0.06550000 -0.09778870 -0.98007432
v -0.07350000 -0.02801826 -0.18670025
v 0.06550000 -0.09778870 -0.98007432
v 0.06550000 -0.09338923 -0.98070040
v 0.06573648 -0.09816672 -0.98137549
v 0.09136039 -0.20503848 0.15266034
v 0.09136039 -0.20259970 0.16267779
v 0.07936040 -0.20461958 0.15265110
v 0.09281875 -0.22464740 0.01567396
v 0.09136039 -0.20503848 0.15266034
v 0.07936040 -0.20461958 0.15265110
v 0.25445992 -0.21321082 0.02604827
v 0.09136039 -0.20259970 0.16267779
v 0.09136039 -0.20503848 0.15266034
v 0.09136039 -0.20503848 0.15266034
v 0.09281875 -0.22464740 0.01567396
v 0.18949999 -0.22399169 -0.01165173
v 0.09136039 -0.20503848 0.15266034
v 0.20471731 -0.21466219 0.04443999
v 0.25445992 -0.21321082 0.02604827
v 0.18949999 -0.22399169 -0.01165173
v 0.20471731 -0.21466219 0.04443999
v 0.09136039 -0.20503848 0.15266034
v 0.23008400 0.15556059 -1.28745487
v 0.25355136 0.15305791 -1.28612950
v 0.23011940 0.15470704 -1.28926018
v 0.26077011 0.15590953 -1.26121548
v 0.23008400 0.15556059 -1.28745487
v 0.18950001 0.16261573 -1.26300696
v 0.26077011 0.15590953 -1.26121548
v 0.18950001 0.16261573 -1.26300696
v 0.25707865 0.24298884 0.03091672
v 0.26476696 0.15455610 -1.26273015
v 0.25355136 0.15305791 -1.28612950
v 0.26077011 0.15590953 -1.26121548
v 0.26077011 0.15590953 -1.26121548
v 0.25355136 0.15305791 -1.28612950
v 0.23008400 0.15556059 -1.28745487
v 0.26077011 0.15590953 -1.26121548
v 0.25707865 0.24298884 0.03091672
v 0.26112193 0.24229252 0.02741870
v 0.26112193 0.24229252 0.02741870
v 0.26476696 0.15455610 -1.26273015
v 0.26077011 0.15590953 -1.26121548
v 0.18950004 0.15818878 -1.28972319
v 0.23008400 0.15556059 -1.28745487
v 0.18950958 0.15781763 -1.29072478
v 0.18950004 0.15818878 -1.28972319
v 0.18950001 0.15818990 -1.28971890
v 0.23008400 0.15556059 -1.28745487
v 0.18950004 0.15818878 -1.28972319
v 0.18950958 0.15781763 -1.29072478
v 0.14635198 0.15694697 -1.28813770
v 0.18950004 0.15818878 -1.28972319
v 0.14635198 0.15694697 -1.28813770
v 0.14635985 0.15704918 -1.28777674
v 0.18950004 0.15818878 -1.28972319
v 0.14635985 0.15704918 -1.28777674
v 0.18950001 0.15818990 -1.28971890
v 0.40833442 -0.12290463 -0.50101712
v 0.40850000 -0.12205342 -0.50150862
v 0.38116350 -0.11212504 -0.16177478
v 0.40833442 -0.12290463 -0.50101712
v 0.38116350 -0.11212504 -0.16177478
v 0.38090615 -0.11222738 -0.15916374
v 0.40850000 -0.12205342 -0.50150862
v 0.40833442 -0.12290463 -0.50101712
v 0.40850000 -0.12337828 -0.50645295
v 0.40833442 -0.12290463 -0.50101712
v 0.40833442 -0.12436116 -0.50645295
v 0.40850000 -0.12337828 -0.50645295
v 0.38090615 -0.11222738 -0.15916374
v 0.38063164 -0.11478508 -0.16377410
v 0.40833442 -0.12290463 -0.50101712
v 0.38063164 -0.11478508 -0.16377410
v 0.40833442 -0.12436116 -0.50645295
v 0.40833442 -0.12290463 -0.50101712
v 0.26550585 0.14130594 -1.28759125
v 0.27115124 0.14811266 -1.26461747
v 0.27260220 0.14388335 -1.26495245
v 0.27260220 0.14388335 -1.26495245
v 0.27115124 0.14811266 -1.26461747
v 0.27264931 0.14390047 -1.26480201
v 0.27260220 0.14388335 -1.26495245
v 0.36355424 0.05207006 -1.05961648
v 0.26550585 0.14130594 -1.28759125
v 0.27260220 0.14388335 -1.26495245
v 0.27264931 0.14390047 -1.26480201
v 0.36355424 0.05207006 -1.05961648
v 0.32647371 0.17072974 -0.10033266
v 0.40771186 0.05694584 -0.64839700
v 0.31448674 0.18869761 -0.07230876
v 0.40771186 0.05694584 -0.64839700
v 0.39256173 0.07818721 -0.59579340
v 0.31448674 0.18869761 -0.07230876
v 0.40771186 0.05694584 -0.64839700
v 0.38137004 0.08549775 -0.78033379
v 0.38896975 0.08116309 -0.68820563
v 0.38474974 0.07986844 -0.78099123
v 0.38137004 0.08549775 -0.78033379
v 0.40771186 0.05694584 -0.64839700
v 0.39256173 0.07818721 -0.59579340
v 0.40771186 0.05694584 -0.64839700
v 0.38896975 0.08116309 -0.68820563
v 0.33223382 0.13560097 -0.08164308
v 0.33973000 0.14647761 -0.12577179
v 0.32776284 0.16756694 -0.09749643
v 0.31293315 0.18948140 -0.06461946
v 0.30707463 0.13582589 0.01081725
v 0.33223382 0.13560097 -0.08164308
v 0.33223382 0.13560097 -0.08164308
v 0.32776284 0.16756694 -0.09749643
v 0.31293315 0.18948140 -0.06461946
v 0.30707463 0.13582589 0.01081725
v 0.31293315 0.18948140 -0.06461946
v 0.29336882 0.18860250 0.00594839
v 0.31293315 0.18948140 -0.06461946
v 0.32776284 0.16756694 -0.09749643
v 0.31448674 0.18869761 -0.07230876
v 0.31293315 0.18948140 -0.06461946
v 0.29251257 0.21360175 -0.02141312
v 0.29336882 0.18860250 0.00594839
v 0.31448674 0.18869761 -0.07230876
v 0.30204153 0.20440233 -0.04560170
v 0.31293315 0.18948140 -0.06461946
v 0.31293315 0.18948140 -0.06461946
v 0.30204153 0.20440233 -0.04560170
v 0.29251257 0.21360175 -0.02141312
v 0.29982773 0.20640115 -0.04773603
v 0.38137004 0.08549775 -0.78033379
v 0.36976039 0.09102742 -0.87198702
v 0.29982773 0.20640115 -0.04773603
v 0.30204153 0.20440233 -0.04560170
v 0.38137004 0.08549775 -0.78033379
v 0.29982773 0.20640115 -0.04773603
v 0.36976039 0.09102742 -0.87198702
v 0.27305269 0.23474867 0.00990572
v 0.29982773 0.20640115 -0.04773603
v 0.27305269 0.23474867 0.00990572
v 0.30204153 0.20440233 -0.04560170
v 0.14539122 0.15614950 -1.28925589
v 0.14536041 0.15683380 -1.28772476
v 0.14589189 0.15635347 -1.28924254
v 0.14539122 0.15614950 -1.28925589
v 0.14491533 0.15651969 -1.28799966
v 0.14536041 0.15683380 -1.28772476
v 0.14432970 0.15614958 -1.28755906
v 0.14491533 0.15651969 -1.28799966
v 0.14448394 0.15549922 -1.28911451
v 0.14387760 0.15548223 -1.28766444
v 0.14432970 0.15614958 -1.28755906
v 0.14448394 0.15549922 -1.28911451
v 0.14448394 0.15549922 -1.28911451
v 0.14387760 0.10649689 -1.36918977
v 0.14387760 0.15548223 -1.28766444
v 0.14448394 0.15549922 -1.28911451
v 0.14448489 0.10778729 -1.36852053
v 0.14387760 0.10649689 -1.36918977
v 0.23548548 0.06843440 -1.39131859
v 0.23842799 0.06683649 -1.38875511
v 0.23371347 0.04661168 -1.40011862
v 0.23182415 0.06967341 -1.39300945
v 0.23548548 0.06843440 -1.39131859
v 0.23004626 0.04745440 -1.40199783
v 0.23548548 0.06843440 -1.39131859
v 0.23371347 0.04661168 -1.40011862
v 0.23004626 0.04745440 -1.40199783
v 0.23548548 0.06843440 -1.39131859
v 0.23182415 0.06967341 -1.39300945
v 0.23801686 0.08867570 -1.37925580
v 0.23801686 0.08867570 -1.37925580
v 0.24094187 0.08659788 -1.37699893
v 0.23548548 0.06843440 -1.39131859
v 0.24094187 0.08659788 -1.37699893
v 0.23842799 0.06683649 -1.38875511
v 0.23548548 0.06843440 -1.39131859
v 0.40771185 -0.11595825 -0.66220525
v 0.40833442 -0.11505422 -0.66168323
v 0.40833442 -0.11651075 -0.65624741
v 0.40833442 -0.11651075 -0.65624741
v 0.40771185 -0.11755464 -0.65624741
v 0.40771185 -0.11595825 -0.66220525
v 0.40833442 -0.11651075 -0.65624741
v 0.40850001 -0.11420304 -0.66119185
v 0.40850000 -0.11552787 -0.65624741
v 0.40833442 -0.11505422 -0.66168323
v 0.40850001 -0.11420304 -0.66119185
v 0.40833442 -0.11651075 -0.65624741
v 0.28169648 -0.14176303 -1.23898104
v 0.28060717 -0.14224455 -1.24209347
v 0.36355423 -0.06895888 -1.05961648
v 0.28169648 -0.14176303 -1.23898104
v 0.27912755 -0.14638290 -1.24099746
v 0.28060717 -0.14224455 -1.24209347
v 0.28169648 -0.14176303 -1.23898104
v 0.36355423 -0.06895888 -1.05961648
v 0.27854727 -0.14800578 -1.24056759
v 0.28169648 -0.14176303 -1.23898104
v 0.27854727 -0.14800578 -1.24056759
v 0.27912755 -0.14638290 -1.24099746
v 0.25894965 -0.13999191 -1.30592111
v 0.26217068 -0.13740718 -1.29981306
v 0.26563881 -0.14086741 -1.28799632
v 0.26217068 -0.13740718 -1.29981306
v 0.25894965 -0.13999191 -1.30592111
v 0.25915245 -0.13439589 -1.31009677
v 0.36355423 -0.06895888 -1.05961648
v 0.26563881 -0.14086741 -1.28799632
v 0.26217068 -0.13740718 -1.29981306
v 0.26217068 -0.13740718 -1.29981306
v 0.25915245 -0.13439589 -1.31009677
v 0.36355423 -0.06895888 -1.05961648
v 0.25048459 -0.13429358 -1.32728937
v 0.25332321 -0.13107094 -1.32636908
v 0.25894965 -0.13999191 -1.30592111
v 0.24847094 -0.11906346 -1.34522727
v 0.25342748 -0.12419074 -1.33104733
v 0.25332321 -0.13107094 -1.32636908
v 0.25332321 -0.13107094 -1.32636908
v 0.24559865 -0.12196517 -1.34664753
v 0.24847094 -0.11906346 -1.34522727
v 0.25332321 -0.13107094 -1.32636908
v 0.25048459 -0.13429358 -1.32728937
v 0.24559865 -0.12196517 -1.34664753
v 0.25332321 -0.13107094 -1.32636908
v 0.25342748 -0.12419074 -1.33104733
v 0.25878976 -0.13374933 -1.31142429
v 0.25878976 -0.13374933 -1.31142429
v 0.25915245 -0.13439589 -1.31009677
v 0.25332321 -0.13107094 -1.32636908
v 0.25332321 -0.13107094 -1.32636908
v 0.25915245 -0.13439589 -1.31009677
v 0.25894965 -0.13999191 -1.30592111
v 0.25779718 0.15150601 -1.28625301
v 0.25941503 0.15091466 -1.28629997
v 0.25767290 0.15109389 -1.28768328
v 0.25779718 0.15150601 -1.28625301
v 0.25767290 0.15109389 -1.28768328
v 0.25355136 0.15305791 -1.28612950
v 0.25941503 0.15091466 -1.28629997
v 0.25779718 0.15150601 -1.28625301
v 0.26476696 0.15455610 -1.26273015
v 0.25779718 0.15150601 -1.28625301
v 0.25355136 0.15305791 -1.28612950
v 0.26476696 0.15455610 -1.26273015
v 0.30572304 0.11426887 0.03005757
v 0.30510884 0.11206830 0.03188797
v 0.31123712 0.10351443 0.01948484
v 0.30510884 0.11206830 0.03188797
v 0.30572304 0.11426887 0.03005757
v 0.30012119 0.12519445 0.04079857
v 0.30572304 0.11426887 0.03005757
v 0.31123712 0.10351443 0.01948484
v 0.30707463 0.13582589 0.01081725
v 0.30707463 0.13582589 0.01081725
v 0.30012119 0.12519445 0.04079857
v 0.30572304 0.11426887 0.03005757
v 0.26053855 0.21065109 0.07941630
v 0.25924447 0.21801510 0.07495900
v 0.25889406 0.21168865 0.08178570
v 0.25924447 0.21801510 0.07495900
v 0.25558022 0.22127000 0.07713582
v 0.25889406 0.21168865 0.08178570
v 0.25889406 0.21168865 0.08178570
v 0.26126882 0.20649538 0.08193161
v 0.26053855 0.21065109 0.07941630
v 0.25889406 0.21168865 0.08178570
v 0.26375520 0.19221935 0.08834084
v 0.26126882 0.20649538 0.08193161
v 0.25889406 0.21168865 0.08178570
v 0.25892660 0.20230074 0.08795538
v 0.26375520 0.19221935 0.08834084
v 0.26870525 -0.20971436 0.02166071
v 0.09278244 -0.19604587 0.17058107
v 0.09278244 -0.20241224 0.16258594
v 0.09278244 -0.19604587 0.17058107
v 0.26870525 -0.20971436 0.02166071
v 0.26881010 -0.20891136 0.02228435
v 0.28026787 -0.20574570 0.01320257
v 0.28096724 -0.20498389 0.01354768
v 0.26870525 -0.20971436 0.02166071
v 0.28107030 -0.20433003 0.01420381
v 0.28103746 -0.20353794 0.01477780
v 0.26881010 -0.20891136 0.02228435
v 0.28107030 -0.20433003 0.01420381
v 0.26881010 -0.20891136 0.02228435
v 0.26870525 -0.20971436 0.02166071
v 0.28107030 -0.20433003 0.01420381
v 0.26870525 -0.20971436 0.02166071
v 0.28096724 -0.20498389 0.01354768
v 0.28107030 -0.20433003 0.01420381
v 0.28654850 -0.20067787 0.01022365
v 0.28103746 -0.20353794 0.01477780
v 0.28107030 -0.20433003 0.01420381
v 0.28096724 -0.20498389 0.01354768
v 0.28654850 -0.20067787 0.01022365
v 0.14536040 -0.12643309 -1.34962872
v 0.14536040 -0.14506381 -1.31980947
v 0.14432968 -0.14442970 -1.31950381
v 0.14432968 -0.14442970 -1.31950381
v 0.14432968 -0.12588032 -1.34919289
v 0.14536040 -0.12643309 -1.34962872
v 0.14635983 -0.12660711 -1.34976605
v 0.14536040 -0.14506381 -1.31980947
v 0.14536040 -0.12643309 -1.34962872
v 0.14536040 -0.10178031 -1.37469938
v 0.14635983 -0.12660711 -1.34976605
v 0.14536040 -0.12643309 -1.34962872
v 0.14536040 -0.12643309 -1.34962872
v 0.14432969 -0.10133519 -1.37415412
v 0.14536040 -0.10178031 -1.37469938
v 0.14536040 -0.12643309 -1.34962872
v 0.14432968 -0.12588032 -1.34919289
v 0.14432969 -0.10133519 -1.37415412
v 0.06573648 -0.10568659 -0.97684816
v 0.14367466 -0.10066338 -1.37333110
v 0.14367466 -0.12504603 -1.34853509
v 0.14432968 -0.12588032 -1.34919289
v 0.14367466 -0.12504603 -1.34853509
v 0.14367466 -0.10066338 -1.37333110
v 0.14367466 -0.12504603 -1.34853509
v 0.14367466 -0.14347260 -1.31904247
v 0.06573648 -0.10568659 -0.97684816
v 0.14367466 -0.12504603 -1.34853509
v 0.14432968 -0.14442970 -1.31950381
v 0.14367466 -0.14347260 -1.31904247
v 0.14367466 -0.12504603 -1.34853509
v 0.14432968 -0.12588032 -1.34919289
v 0.14432968 -0.14442970 -1.31950381
v 0.29583443 -0.19735039 -0.00780228
v 0.38007538 -0.11504874 -0.16069362
v 0.29958255 -0.18655908 -0.00320814
v 0.29583443 -0.19735039 -0.00780228
v 0.30742014 -0.19894791 -0.05057285
v 0.38007538 -0.11504874 -0.16069362
v 0.29958255 -0.18655908 -0.00320814
v 0.29180378 -0.19718772 0.00462868
v 0.29583443 -0.19735039 -0.00780228
v 0.29583443 -0.19735039 -0.00780228
v 0.29180378 -0.19718772 0.00462868
v 0.28826205 -0.20641792 -0.00957117
v 0.28826205 -0.20641792 -0.00957117
v 0.30742014 -0.19894791 -0.05057285
v 0.29583443 -0.19735039 -0.00780228
v 0.12843129 -0.08444937 0.20538983
v 0.12484517 -0.06432231 0.21341100
v 0.09278244 -0.18690925 0.17516097
v 0.09136039 -0.18696045 0.17536333
v 0.09278244 -0.18690925 0.17516097
v 0.12484517 -0.06432231 0.21341100
v 0.09278244 -0.18690925 0.17516097
v 0.09136039 -0.18696045 0.17536333
v 0.09278244 -0.19604587 0.17058107
v 0.09278244 -0.18690925 0.17516097
v 0.12843129 -0.10461413 0.19586334
v 0.12843129 -0.08444937 0.20538983
v 0.09278244 -0.18690925 0.17516097
v 0.09278244 -0.19604587 0.17058107
v 0.12843129 -0.10461413 0.19586334
v 0.12843129 -0.08444937 0.20538983
v 0.13169413 -0.08359213 0.20331058
v 0.13169413 -0.06278603 0.21068910
v 0.13169413 -0.06278603 0.21068910
v 0.12843130 -0.06343026 0.21284381
v 0.12843129 -0.08444937 0.20538983
v 0.13169413 -0.08359213 0.20331058
v 0.28103746 -0.20353794 0.01477780
v 0.13169413 -0.06278603 0.21068910
v 0.13169413 -0.06278603 0.21068910
v 0.28103746 -0.20353794 0.01477780
v 0.28654850 -0.20067787 0.01022365
v 0.29102961 -0.19482023 0.00707349
v 0.13169413 -0.04134707 0.21594051
v 0.13169413 -0.06278603 0.21068910
v 0.13169413 -0.06278603 0.21068910
v 0.28654850 -0.20067787 0.01022365
v 0.29102961 -0.19482023 0.00707349
v 0.12843130 -0.04177187 0.21814904
v 0.12484517 -0.06432231 0.21341100
v 0.12843130 -0.06343026 0.21284381
v 0.13169413 -0.04134707 0.21594051
v 0.13169413 -0.01948995 0.21901754
v 0.12843130 -0.04177187 0.21814904
v 0.12843130 -0.04177187 0.21814904
v 0.13169413 -0.01948995 0.21901754
v 0.12843130 -0.01969100 0.22125754
v 0.12843130 -0.04177187 0.21814904
v 0.13169413 -0.06278603 0.21068910
v 0.13169413 -0.04134707 0.21594051
v 0.12843130 -0.04177187 0.21814904
v 0.12843130 -0.06343026 0.21284381
v 0.13169413 -0.06278603 0.21068910
v 0.23011940 0.15470704 -1.28926018
v 0.25352650 0.15227713 -1.28765944
v 0.25351715 0.15198383 -1.28823403
v 0.25352650 0.15227713 -1.28765944
v 0.23011940 0.15470704 -1.28926018
v 0.25355136 0.15305791 -1.28612950
v 0.25352650 0.15227713 -1.28765944
v 0.25767290 0.15109389 -1.28768328
v 0.25351715 0.15198383 -1.28823403
v 0.25352650 0.15227713 -1.28765944
v 0.25355136 0.15305791 -1.28612950
v 0.25767290 0.15109389 -1.28768328
v 0.40833443 0.05590198 -0.64839700
v 0.32647371 0.17072974 -0.10033266
v 0.39589825 0.07031841 -0.50315478
v 0.40833443 0.05590198 -0.64839700
v 0.40771186 0.05694584 -0.64839700
v 0.32647371 0.17072974 -0.10033266
v 0.39589825 0.07031841 -0.50315478
v 0.40833443 0.04805157 -0.49860266
v 0.40833443 0.05590198 -0.64839700
v 0.40833443 0.05590198 -0.64839700
v 0.40850001 0.04706869 -0.49860266
v 0.40850002 0.05491907 -0.64839700
v 0.40833443 0.04805157 -0.49860266
v 0.40850001 0.04706869 -0.49860266
v 0.40833443 0.05590198 -0.64839700
v 0.40833443 0.05590198 -0.64839700
v 0.40850002 0.05491907 -0.64839700
v 0.40850002 0.05347702 -0.65377894
v 0.40833443 0.05432821 -0.65427032
v 0.40833443 0.05590198 -0.64839700
v 0.40850002 0.05347702 -0.65377894
v 0.38474974 0.07986844 -0.78099123
v 0.40771186 0.05694584 -0.64839700
v 0.40833443 0.05590198 -0.64839700
v 0.37306079 0.08559502 -0.87284568
v 0.38474974 0.07986844 -0.78099123
v 0.40833443 0.05590198 -0.64839700
v 0.40833443 0.05590198 -0.64839700
v 0.40833443 0.05432821 -0.65427032
v 0.37306079 0.08559502 -0.87284568
v 0.32688278 0.16972614 -0.09943268
v 0.32647371 0.17072974 -0.10033266
v 0.31448674 0.18869761 -0.07230876
v 0.32688278 0.16972614 -0.09943268
v 0.31448674 0.18869761 -0.07230876
v 0.32776284 0.16756694 -0.09749643
v 0.32688278 0.16972614 -0.09943268
v 0.33973000 0.14647761 -0.12577179
v 0.32647371 0.17072974 -0.10033266
v 0.32688278 0.16972614 -0.09943268
v 0.32776284 0.16756694 -0.09749643
v 0.33973000 0.14647761 -0.12577179
v 0.14491533 0.15651969 -1.28799966
v 0.14539122 0.15614950 -1.28925589
v 0.14491533 0.10727992 -1.36994842
v 0.14448394 0.15549922 -1.28911451
v 0.14491533 0.10727992 -1.36994842
v 0.14448489 0.10778729 -1.36852053
v 0.14491533 0.10727992 -1.36994842
v 0.14448394 0.15549922 -1.28911451
v 0.14491533 0.15651969 -1.28799966
v 0.14491533 0.10727992 -1.36994842
v 0.14432970 0.10671721 -1.36982849
v 0.14448489 0.10778729 -1.36852053
v 0.14491533 0.10727992 -1.36994842
v 0.14536041 0.10718460 -1.37035492
v 0.14536041 0.09470176 -1.38037589
v 0.14491533 0.10727992 -1.36994842
v 0.14536041 0.09470176 -1.38037589
v 0.14432970 0.09428885 -1.37980559
v 0.14432970 0.09428885 -1.37980559
v 0.14432970 0.10671721 -1.36982849
v 0.14491533 0.10727992 -1.36994842
v 0.25683781 0.21225100 0.08348229
v 0.25889406 0.21168865 0.08178570
v 0.25558022 0.22127000 0.07713582
v 0.25316152 0.22182618 0.07807066
v 0.25439078 0.21244895 0.08466365
v 0.25683781 0.21225100 0.08348229
v 0.25683781 0.21225100 0.08348229
v 0.25558022 0.22127000 0.07713582
v 0.25316152 0.22182618 0.07807066
v 0.25683781 0.21225100 0.08348229
v 0.25439078 0.21244895 0.08466365
v 0.25892660 0.20230074 0.08795538
v 0.25683781 0.21225100 0.08348229
v 0.25892660 0.20230074 0.08795538
v 0.25889406 0.21168865 0.08178570
v 0.26849205 -0.21031821 0.02094384
v 0.26821432 -0.21070898 0.02022209
v 0.28026787 -0.20574570 0.01320257
v 0.28026787 -0.20574570 0.01320257
v 0.26870525 -0.20971436 0.02166071
v 0.26849205 -0.21031821 0.02094384
v 0.26849205 -0.21031821 0.02094384
v 0.25472069 -0.21296555 0.02679225
v 0.26821432 -0.21070898 0.02022209
v 0.25472069 -0.21296555 0.02679225
v 0.26849205 -0.21031821 0.02094384
v 0.09278244 -0.20241224 0.16258594
v 0.26849205 -0.21031821 0.02094384
v 0.26870525 -0.20971436 0.02166071
v 0.09278244 -0.20241224 0.16258594
v 0.12484516 -0.03545464 0.22008136
v 0.12843130 -0.04177187 0.21814904
v 0.12843130 -0.01969100 0.22125754
v 0.14539187 0.10821737 -1.36902836
v 0.14539122 0.15614950 -1.28925589
v 0.14589189 0.15635347 -1.28924254
v 0.14539187 0.10821737 -1.36902836
v 0.14491533 0.10727992 -1.36994842
v 0.14539122 0.15614950 -1.28925589
v 0.14539187 0.10821737 -1.36902836
v 0.14589189 0.15635347 -1.28924254
v 0.14648274 0.10867576 -1.36860326
v 0.14648274 0.10867576 -1.36860326
v 0.14635198 0.10760240 -1.37026075
v 0.14539187 0.10821737 -1.36902836
v 0.14491533 0.10727992 -1.36994842
v 0.14539187 0.10821737 -1.36902836
v 0.14536041 0.10718460 -1.37035492
v 0.14635198 0.10760240 -1.37026075
v 0.14536041 0.10718460 -1.37035492
v 0.14539187 0.10821737 -1.36902836
v 0.12484517 -0.06432231 0.21341100
v 0.12843130 -0.04177187 0.21814904
v 0.12484516 -0.04184671 0.21860442
v 0.12484516 -0.04184671 0.21860442
v 0.12843130 -0.04177187 0.21814904
v 0.12484516 -0.03545464 0.22008136
v 0.12484516 -0.04184671 0.21860442
v 0.09150001 -0.03381274 0.22136524
v 0.12484517 -0.06432231 0.21341100
v 0.12484516 -0.04184671 0.21860442
v 0.12484516 -0.03545464 0.22008136
v 0.09150001 -0.03381274 0.22136524
v 0.12484516 -0.03350703 0.22026494
v 0.12843130 -0.01969100 0.22125754
v 0.12484516 -0.01971636 0.22156480
v 0.12484516 -0.03350703 0.22026494
v 0.12484516 -0.03545464 0.22008136
v 0.12843130 -0.01969100 0.22125754
v 0.12484516 -0.01971636 0.22156480
v 0.09150001 -0.03381274 0.22136524
v 0.12484516 -0.03350703 0.22026494
v 0.12484516 -0.03545464 0.22008136
v 0.12484516 -0.03350703 0.22026494
v 0.09150001 -0.03381274 0.22136524
v -0.08350000 0.04345200 -0.02481118
v -0.08350000 -0.04315055 0.02518877
v -0.08350000 0.05015073 0.00018879
v -0.08350000 -0.04315055 0.02518877
v -0.08350000 -0.04315055 -0.02481118
v -0.08350000 -0.04984927 0.00018879
v -0.08350000 -0.04315055 0.02518877
v -0.08350000 0.02515075 -0.04311249
v -0.08350000 0.00015074 -0.04981122
v -0.08350000 -0.04315055 0.02518877
v -0.08350000 0.04345200 0.02518877
v -0.08350000 0.05015073 0.00018879
v -0.08350000 -0.04315055 0.02518877
v -0.08350000 0.00015074 -0.04981122
v -0.08350000 -0.02484926 -0.04311249
v -0.08350000 0.02515075 0.04349007
v -0.08350000 0.04345200 0.02518877
v -0.08350000 -0.04315055 0.02518877
v -0.08350000 -0.04315055 0.02518877
v -0.08350000 -0.02484926 0.04349007
v -0.08350000 0.00015074 0.05018880
v -0.08350000 -0.04315055 0.02518877
v -0.08350000 0.04345200 -0.02481118
v -0.08350000 0.02515075 -0.04311249
v -0.08350000 -0.04315055 0.02518877
v -0.08350000 0.00015074 0.05018880
v -0.08350000 0.02515075 0.04349007
v -0.08350000 -0.04315055 0.02518877
v -0.08350000 -0.02484926 -0.04311249
v -0.08350000 -0.04315055 -0.02481118
v 0.36382120 -0.06433788 -1.05990866
v 0.36331593 -0.06433788 -1.06218782
v 0.36331594 0.04744906 -1.06218782
v 0.36331594 0.04744906 -1.06218782
v 0.36382120 0.04744906 -1.05990866
v 0.36382120 -0.06433788 -1.05990866
v 0.38063164 -0.10761702 -0.15660611
v 0.38077627 -0.10761702 -0.15721628
v 0.38077628 0.00414390 -0.15721628
v 0.38077628 0.00414390 -0.15721628
v 0.38063165 0.00414390 -0.15660611
v 0.38063164 -0.10761702 -0.15660611
v 0.38116350 -0.10761702 -0.15885010
v 0.38116350 0.00414390 -0.15885010
v 0.38077628 0.00414390 -0.15721628
v 0.38077628 0.00414390 -0.15721628
v 0.38077627 -0.10761702 -0.15721628
v 0.38116350 -0.10761702 -0.15885010
v 0.40850000 -0.12205342 -0.50150862
v 0.40850000 -0.12337828 -0.50645295
v 0.40850000 -0.11552787 -0.65624741
v 0.40850001 -0.11348945 -0.49656418
v 0.40850000 -0.11843387 -0.49788907
v 0.40850000 -0.12205342 -0.50150862
v 0.40850000 -0.12205342 -0.50150862
v 0.40850001 0.04953722 -0.65771869
v 0.40850002 0.05347702 -0.65377894
v 0.40850001 0.04168684 -0.48928097
v 0.40850001 0.03630498 -0.48783889
v 0.40850000 -0.12205342 -0.50150862
v 0.40850000 -0.12205342 -0.50150862
v 0.40850001 0.03630498 -0.48783889
v 0.40850001 -0.11348945 -0.49656418
v 0.40850001 0.04706869 -0.49860266
v 0.40850001 0.04562662 -0.49322072
v 0.40850000 -0.12205342 -0.50150862
v 0.40850000 -0.12205342 -0.50150862
v 0.40850001 0.04415536 -0.65916076
v 0.40850001 0.04953722 -0.65771869
v 0.40850000 -0.12205342 -0.50150862
v 0.40850002 0.05491907 -0.64839700
v 0.40850001 0.04706869 -0.49860266
v 0.40850000 -0.12205342 -0.50150862
v 0.40850001 -0.11058346 -0.66481140
v 0.40850001 -0.10563907 -0.66613629
v 0.40850000 -0.12205342 -0.50150862
v 0.40850001 -0.11420304 -0.66119185
v 0.40850001 -0.11058346 -0.66481140
v 0.40850002 0.05347702 -0.65377894
v 0.40850002 0.05491907 -0.64839700
v 0.40850000 -0.12205342 -0.50150862
v 0.40850000 -0.12205342 -0.50150862
v 0.40850001 0.04562662 -0.49322072
v 0.40850001 0.04168684 -0.48928097
v 0.40850000 -0.12205342 -0.50150862
v 0.40850001 -0.10563907 -0.66613629
v 0.40850001 0.04415536 -0.65916076
v 0.40850000 -0.12205342 -0.50150862
v 0.40850000 -0.11552787 -0.65624741
v 0.40850001 -0.11420304 -0.66119185
v 0.07936040 -0.19591336 0.17041770
v 0.07801452 -0.20196872 0.16236857
v 0.07936040 -0.20222335 0.16249338
v 0.07936040 -0.20222335 0.16249338
v 0.09136039 -0.20259970 0.16267779
v 0.07936040 -0.19591336 0.17041770
v 0.40850000 -0.12337828 -0.50645295
v 0.40833442 -0.11651075 -0.65624741
v 0.40850000 -0.11552787 -0.65624741
v 0.40833442 -0.11651075 -0.65624741
v 0.40850000 -0.12337828 -0.50645295
v 0.40833442 -0.12436116 -0.50645295
v 0.40833442 -0.11651075 -0.65624741
v 0.40833442 -0.12436116 -0.50645295
v 0.40771185 -0.12540505 -0.50645295
v 0.40771185 -0.12540505 -0.50645295
v 0.40771185 -0.11755464 -0.65624741
v 0.40833442 -0.11651075 -0.65624741
f 1 2 3
f 4 5 6
f 7 8 9
f 10 11 12
f 13 14 15
f 16 17 18
f 19 20 21
f 22 23 24
f 25 26 27
f 28 29 30
f 31 32 33
f 34 35 36
f 37 38 39
f 40 41 42
f 43 44 45
f 46 47 48
f 49 50 51
f 52 53 54
f 55 56 57
f 58 59 60
f 61 62 63
f 64 65 66
f 67 68 69
f 70 71 72
f 73 74 75
f 76 77 78
f 79 80 81
f 82 83 84
f 85 86 87
f 88 89 90
f 91 92 93
f 94 95 96
f 97 98 99
f 100 101 102
f 103 104 105
f 106 107 108
f 109 110 111
f 112 113 114
f 115 116 117
f 118 119 120
f 121 122 123
f 124 125 126
f 127 128 129
f 130 131 132
f 133 134 135
f 136 137 138
f 139 140 141
f 142 143 144
f 145 146 147
f 148 149 150
f 151 152 153
f 154 155 156
f 157 158 159
f 160 161 162
f 163 164 165
f 166 167 168
f 169 170 171
f 172 173 174
f 175 176 177
f 178 179 180
f 181 182 183
f 184 185 186
f 187 188 189
f 190 191 192
f 193 194 195
f 196 197 198
f 199 200 201
f 202 203 204
f 205 206 207
f 208 209 210
f 211 212 213
f 214 215 216
f 217 218 219
f 220 221 222
f 223 224 225
f 226 227 228
f 229 230 231
f 232 233 234
f 235 236 237
f 238 239 240
f 241 242 243
f 244 245 246
f 247 248 249
f 250 251 252
f 253 254 255
f 256 257 258
f 259 260 261
f 262 263 264
f 265 266 267
f 268 269 270
f 271 272 273
f 274 275 276
f 277 278 279
f 280 281 282
f 283 284 285
f 286 287 288
f 289 290 291
f 292 293 294
f 295 296 297
f 298 299 300
f 301 302 303
f 304 305 306
f 307 308 309
f 310 311 312
f 313 314 315
f 316 317 318
f 319 320 321
f 322 323 324
f 325 326 327
f 328 329 330
f 331 332 333
f 334 335 336
f 337 338 339
f 340 341 342
f 343 344 345
f 346 347 348
f 349 350 351
f 352 353 354
f 355 356 357
f 358 359 360
f 361 362 363
f 364 365 366
f 367 368 369
f 370 371 372
f 373 374 375
f 376 377 378
f 379 380 381
f 382 383 384
f 385 386 387
f 388 389 390
f 391 392 393
f 394 395 396
f 397 398 399
f 400 401 402
f 403 404 405
f 406 407 408
f 409 410 411
f 412 413 414
f 415 416 417
f 418 419 420
f 421 422 423
f 424 425 426
f 427 428 429
f 430 431 432
f 433 434 435
f 436 437 438
f 439 440 441
f 442 443 444
f 445 446 447
f 448 449 450
f 451 452 453
f 454 455 456
f 457 458 459
f 460 461 462
f 463 464 465
f 466 467 468
f 469 470 471
f 472 473 474
f 475 476 477
f 478 479 480
f 481 482 483
f 484 485 486
f 487 488 489
f 490 491 492
f 493 494 495
f 496 497 498
f 499 500 501
f 502 503 504
f 505 506 507
f 508 509 510
f 511 512 513
f 514 515 516
f 517 518 519
f 520 521 522
f 523 524 525
f 526 527 528
f 529 530 531
f 532 533 534
f 535 536 537
f 538 539 540
f 541 542 543
f 544 545 546
f 547 548 549
f 550 551 552
f 553 554 555
f 556 557 558
f 559 560 561
f 562 563 564
f 565 566 567
f 568 569 570
f 571 572 573
f 574 575 576
f 577 578 579
f 580 581 582
f 583 584 585
f 586 587 588
f 589 590 591
f 592 593 594
f 595 596 597
f 598 599 600
f 601 602 603
f 604 605 606
f 607 608 609
f 610 611 612
f 613 614 615
f 616 617 618
f 619 620 621
f 622 623 624
f 625 626 627
f 628 629 630
f 631 632 633
f 634 635 636
f 637 638 639
f 640 641 642
f 643 644 645
f 646 647 648
f 649 650 651
f 652 653 654
f 655 656 657
f 658 659 660
f 661 662 663
f 664 665 666
f 667 668 669
f 670 671 672
f 673 674 675
f 676 677 678
f 679 680 681
f 682 683 684
f 685 686 687
f 688 689 690
f 691 692 693
f 694 695 696
f 697 698 699
f 700 701 702
f 703 704 705
f 706 707 708
f 709 710 711
f 712 713 714
f 715 716 717
f 718 719 720
f 721 722 723
f 724 725 726
f 727 728 729
f 730 731 732
f 733 734 735
f 736 737 738
f 739 740 741
f 742 743 744
f 745 746 747
f 748 749 750
f 751 752 753
f 754 755 756
f 757 758 759
f 760 761 762
f 763 764 765
f 766 767 768
f 769 770 771
f 772 773 774
f 775 776 777
f 778 779 780
f 781 782 783
f 784 785 786
f 787 788 789
f 790 791 792
f 793 794 795
f 796 797 798
f 799 800 801
f 802 803 804
f 805 806 807
f 808 809 810
f 811 812 813
f 814 815 816
f 817 818 819
f 820 821 822
f 823 824 825
f 826 827 828
f 829 830 831
f 832 833 834
f 835 836 837
f 838 839 840
f 841 842 843
f 844 845 846
f 847 848 849
f 850 851 852
f 853 854 855
f 856 857 858
f 859 860 861
f 862 863 864
f 865 866 867
f 868 869 870
f 871 872 873
f 874 875 876
f 877 878 879
f 880 881 882
f 883 884 885
f 886 887 888
f 889 890 891
f 892 893 894
f 895 896 897
f 898 899 900
f 901 902 903
f 904 905 906
f 907 908 909
f 910 911 912
f 913 914 915
f 916 917 918
f 919 920 921
f 922 923 924
f 925 926 927
f 928 929 930
f 931 932 933
f 934 935 936
f 937 938 939
f 940 941 942
f 943 944 945
f 946 947 948
f 949 950 951
f 952 953 954
f 955 956 957
f 958 959 960
f 961 962 963
f 964 965 966
f 967 968 969
f 970 971 972
f 973 974 975
f 976 977 978
f 979 980 981
f 982 983 984
f 985 986 987
f 988 989 990
f 991 992 993
f 994 995 996
f 997 998 999
f 1000 1001 1002
f 1003 1004 1005
f 1006 1007 1008
f 1009 1010 1011
f 1012 1013 1014
f 1015 1016 1017
f 1018 1019 1020
f 1021 1022 1023
f 1024 1025 1026
f 1027 1028 1029
f 1030 1031 1032
f 1033 1034 1035
f 1036 1037 1038
f 1039 1040 1041
f 1042 1043 1044
f 1045 1046 1047
f 1048 1049 1050
f 1051 1052 1053
f 1054 1055 1056
f 1057 1058 1059
f 1060 1061 1062
f 1063 1064 1065
f 1066 1067 1068
f 1069 1070 1071
f 1072 1073 1074
f 1075 1076 1077
f 1078 1079 1080
f 1081 1082 1083
f 1084 1085 1086
f 1087 1088 1089
f 1090 1091 1092
f 1093 1094 1095
f 1096 1097 1098
f 1099 1100 1101
f 1102 1103 1104
f 1105 1106 1107
f 1108 1109 1110
f 1111 1112 1113
f 1114 1115 1116
f 1117 1118 1119
f 1120 1121 1122
f 1123 1124 1125
f 1126 1127 1128
f 1129 1130 1131
f 1132 1133 1134
f 1135 1136 1137
f 1138 1139 1140
f 1141 1142 1143
f 1144 1145 1146
f 1147 1148 1149
f 1150 1151 1152
f 1153 1154 1155
f 1156 1157 1158
f 1159 1160 1161
f 1162 1163 1164
f 1165 1166 1167
f 1168 1169 1170
f 1171 1172 1173
f 1174 1175 1176
f 1177 1178 1179
f 1180 1181 1182
f 1183 1184 1185
f 1186 1187 1188
f 1189 1190 1191
f 1192 1193 1194
f 1195 1196 1197
f 1198 1199 1200
f 1201 1202 1203
f 1204 1205 1206
f 1207 1208 1209
f 1210 1211 1212
f 1213 1214 1215
f 1216 1217 1218
f 1219 1220 1221
f 1222 1223 1224
f 1225 1226 1227
f 1228 1229 1230
f 1231 1232 1233
f 1234 1235 1236
f 1237 1238 1239
f 1240 1241 1242
f 1243 1244 1245
f 1246 1247 1248
f 1249 1250 1251
f 1252 1253 1254
f 1255 1256 1257
f 1258 1259 1260
f 1261 1262 1263
f 1264 1265 1266
f 1267 1268 1269
f 1270 1271 1272
f 1273 1274 1275
f 1276 1277 1278
f 1279 1280 1281
f 1282 1283 1284
f 1285 1286 1287
f 1288 1289 1290
f 1291 1292 1293
f 1294 1295 1296
f 1297 1298 1299
f 1300 1301 1302
f 1303 1304 1305
f 1306 1307 1308
f 1309 1310 1311
f 1312 1313 1314
f 1315 1316 1317
f 1318 1319 1320
f 1321 1322 1323
f 1324 1325 1326
f 1327 1328 1329
f 1330 1331 1332
f 1333 1334 1335
f 1336 1337 1338
f 1339 1340 1341
f 1342 1343 1344
f 1345 1346 1347
f 1348 1349 1350
f 1351 1352 1353
f 1354 1355 1356
f 1357 1358 1359
f 1360 1361 1362
f 1363 1364 1365
f 1366 1367 1368
f 1369 1370 1371
f 1372 1373 1374
f 1375 1376 1377
f 1378 1379 1380
f 1381 1382 1383
f 1384 1385 1386
f 1387 1388 1389
f 1390 1391 1392
f 1393 1394 1395
f 1396 1397 1398
f 1399 1400 1401
f 1402 1403 1404
f 1405 1406 1407
f 1408 1409 1410
f 1411 1412 1413
f 1414 1415 1416
f 1417 1418 1419
f 1420 1421 1422
f 1423 1424 1425
f 1426 1427 1428
f 1429 1430 1431
f 1432 1433 1434
f 1435 1436 1437
f 1438 1439 1440
f 1441 1442 1443
f 1444 1445 1446
f 1447 1448 1449
f 1450 1451 1452
f 1453 1454 1455
f 1456 1457 1458
f 1459 1460 1461
f 1462 1463 1464
f 1465 1466 1467
f 1468 1469 1470
f 1471 1472 1473
f 1474 1475 1476
f 1477 1478 1479
f 1480 1481 1482
f 1483 1484 1485
f 1486 1487 1488
f 1489 1490 1491
f 1492 1493 1494
f 1495 1496 1497
f 1498 1499 1500
f 1501 1502 1503
f 1504 1505 1506
f 1507 1508 1509
f 1510 1511 1512
f 1513 1514 1515
f 1516 1517 1518
f 1519 1520 1521
f 1522 1523 1524
f 1525 1526 1527
f 1528 1529 1530
f 1531 1532 1533
f 1534 1535 1536
f 1537 1538 1539
f 1540 1541 1542
f 1543 1544 1545
f 1546 1547 1548
f 1549 1550 1551
f 1552 1553 1554
f 1555 1556 1557
f 1558 1559 1560
f 1561 1562 1563
f 1564 1565 1566
f 1567 1568 1569
f 1570 1571 1572
f 1573 1574 1575
f 1576 1577 1578
f 1579 1580 1581
f 1582 1583 1584
f 1585 1586 1587
f 1588 1589 1590
f 1591 1592 1593
f 1594 1595 1596
f 1597 1598 1599
f 1600 1601 1602
f 1603 1604 1605
f 1606 1607 1608
f 1609 1610 1611
f 1612 1613 1614
f 1615 1616 1617
f 1618 1619 1620
f 1621 1622 1623
f 1624 1625 1626
f 1627 1628 1629
f 1630 1631 1632
f 1633 1634 1635
f 1636 1637 1638
f 1639 1640 1641
f 1642 1643 1644
f 1645 1646 1647
f 1648 1649 1650
f 1651 1652 1653
f 1654 1655 1656
f 1657 1658 1659
f 1660 1661 1662
f 1663 1664 1665
f 1666 1667 1668
f 1669 1670 1671
f 1672 1673 1674
f 1675 1676 1677
f 1678 1679 1680
f 1681 1682 1683
f 1684 1685 1686
f 1687 1688 1689
f 1690 1691 1692
f 1693 1694 1695
f 1696 1697 1698
f 1699 1700 1701
f 1702 1703 1704
f 1705 1706 1707
f 1708 1709 1710
f 1711 1712 1713
f 1714 1715 1716
f 1717 1718 1719
f 1720 1721 1722
f 1723 1724 1725
f 1726 1727 1728
f 1729 1730 1731
f 1732 1733 1734
f 1735 1736 1737
f 1738 1739 1740
f 1741 1742 1743
f 1744 1745 1746
f 1747 1748 1749
f 1750 1751 1752
f 1753 1754 1755
f 1756 1757 1758
f 1759 1760 1761
f 1762 1763 1764
f 1765 1766 1767
f 1768 1769 1770
f 1771 1772 1773
f 1774 1775 1776
f 1777 1778 1779
f 1780 1781 1782
f 1783 1784 1785
f 1786 1787 1788
f 1789 1790 1791
f 1792 1793 1794
f 1795 1796 1797
f 1798 1799 1800
f 1801 1802 1803
f 1804 1805 1806
f 1807 1808 1809
f 1810 1811 1812
f 1813 1814 1815
f 1816 1817 1818
f 1819 1820 1821
f 1822 1823 1824
f 1825 1826 1827
f 1828 1829 1830
f 1831 1832 1833
f 1834 1835 1836
f 1837 1838 1839
f 1840 1841 1842
f 1843 1844 1845
f 1846 1847 1848
f 1849 1850 1851
f 1852 1853 1854
f 1855 1856 1857
f 1858 1859 1860
f 1861 1862 1863
f 1864 1865 1866
f 1867 1868 1869
f 1870 1871 1872
f 1873 1874 1875
f 1876 1877 1878
f 1879 1880 1881
f 1882 1883 1884
f 1885 1886 1887
f 1888 1889 1890
f 1891 1892 1893
f 1894 1895 1896
f 1897 1898 1899
f 1900 1901 1902
f 1903 1904 1905
f 1906 1907 1908
f 1909 1910 1911
f 1912 1913 1914
f 1915 1916 1917
f 1918 1919 1920
f 1921 1922 1923
f 1924 1925 1926
f 1927 1928 1929
f 1930 1931 1932
f 1933 1934 1935
f 1936 1937 1938
f 1939 1940 1941
f 1942 1943 1944
f 1945 1946 1947
f 1948 1949 1950
f 1951 1952 1953
f 1954 1955 1956
f 1957 1958 1959
f 1960 1961 1962
f 1963 1964 1965
f 1966 1967 1968
f 1969 1970 1971
f 1972 1973 1974
f 1975 1976 1977
f 1978 1979 1980
f 1981 1982 1983
f 1984 1985 1986
f 1987 1988 1989
f 1990 1991 1992
f 1993 1994 1995
f 1996 1997 1998
f 1999 2000 2001
f 2002 2003 2004
f 2005 2006 2007
f 2008 2009 2010
f 2011 2012 2013
f 2014 2015 2016
f 2017 2018 2019
f 2020 2021 2022
f 2023 2024 2025
f 2026 2027 2028
f 2029 2030 2031
f 2032 2033 2034
f 2035 2036 2037
f 2038 2039 2040
f 2041 2042 2043
f 2044 2045 2046
f 2047 2048 2049
f 2050 2051 2052
f 2053 2054 2055
f 2056 2057 2058
f 2059 2060 2061
f 2062 2063 2064
f 2065 2066 2067
f 2068 2069 2070
f 2071 2072 2073
f 2074 2075 2076
f 2077 2078 2079
f 2080 2081 2082
f 2083 2084 2085
f 2086 2087 2088
f 2089 2090 2091
f 2092 2093 2094
f 2095 2096 2097
f 2098 2099 2100
f 2101 2102 2103
f 2104 2105 2106
f 2107 2108 2109
f 2110 2111 2112
f 2113 2114 2115
f 2116 2117 2118
f 2119 2120 2121
f 2122 2123 2124
f 2125 2126 2127
f 2128 2129 2130
f 2131 2132 2133
f 2134 2135 2136
f 2137 2138 2139
f 2140 2141 2142
f 2143 2144 2145
f 2146 2147 2148
f 2149 2150 2151
f 2152 2153 2154
f 2155 2156 2157
f 2158 2159 2160
f 2161 2162 2163
f 2164 2165 2166
f 2167 2168 2169
f 2170 2171 2172
f 2173 2174 2175
f 2176 2177 2178
f 2179 2180 2181
f 2182 2183 2184
f 2185 2186 2187
f 2188 2189 2190
f 2191 2192 2193
f 2194 2195 2196
f 2197 2198 2199
f 2200 2201 2202
f 2203 2204 2205
f 2206 2207 2208
f 2209 2210 2211
f 2212 2213 2214
f 2215 2216 2217
f 2218 2219 2220
f 2221 2222 2223
f 2224 2225 2226
f 2227 2228 2229
f 2230 2231 2232
f 2233 2234 2235
f 2236 2237 2238
f 2239 2240 2241
f 2242 2243 2244
f 2245 2246 2247
f 2248 2249 2250
f 2251 2252 2253
f 2254 2255 2256
f 2257 2258 2259
f 2260 2261 2262
f 2263 2264 2265
f 2266 2267 2268
f 2269 2270 2271
f 2272 2273 2274
f 2275 2276 2277
f 2278 2279 2280
f 2281 2282 2283
f 2284 2285 2286
f 2287 2288 2289
f 2290 2291 2292
f 2293 2294 2295
f 2296 2297 2298
f 2299 2300 2301
f 2302 2303 2304
f 2305 2306 2307
f 2308 2309 2310
f 2311 2312 2313
f 2314 2315 2316
f 2317 2318 2319
f 2320 2321 2322
f 2323 2324 2325
f 2326 2327 2328
f 2329 2330 2331
f 2332 2333 2334
f 2335 2336 2337
f 2338 2339 2340
f 2341 2342 2343
f 2344 2345 2346
f 2347 2348 2349
f 2350 2351 2352
f 2353 2354 2355
f 2356 2357 2358
f 2359 2360 2361
f 2362 2363 2364
f 2365 2366 2367
f 2368 2369 2370
f 2371 2372 2373
f 2374 2375 2376
f 2377 2378 2379
f 2380 2381 2382
f 2383 2384 2385
f 2386 2387 2388
f 2389 2390 2391
f 2392 2393 2394
f 2395 2396 2397
f 2398 2399 2400
f 2401 2402 2403
f 2404 2405 2406
f 2407 2408 2409
f 2410 2411 2412
f 2413 2414 2415
f 2416 2417 2418
f 2419 2420 2421
f 2422 2423 2424
f 2425 2426 2427
f 2428 2429 2430
f 2431 2432 2433
f 2434 2435 2436
f 2437 2438 2439
f 2440 2441 2442
f 2443 2444 2445
f 2446 2447 2448
f 2449 2450 2451
f 2452 2453 2454
f 2455 2456 2457
f 2458 2459 2460
f 2461 2462 2463
f 2464 2465 2466
f 2467 2468 2469
f 2470 2471 2472
f 2473 2474 2475
f 2476 2477 2478
f 2479 2480 2481
f 2482 2483 2484
f 2485 2486 2487
f 2488 2489 2490
f 2491 2492 2493
f 2494 2495 2496
f 2497 2498 2499
f 2500 2501 2502
f 2503 2504 2505
f 2506 2507 2508
f 2509 2510 2511
f 2512 2513 2514
f 2515 2516 2517
f 2518 2519 2520
f 2521 2522 2523
f 2524 2525 2526
f 2527 2528 2529
f 2530 2531 2532
f 2533 2534 2535
f 2536 2537 2538
f 2539 2540 2541
f 2542 2543 2544
f 2545 2546 2547
f 2548 2549 2550
f 2551 2552 2553
f 2554 2555 2556
f 2557 2558 2559
f 2560 2561 2562
f 2563 2564 2565
f 2566 2567 2568
f 2569 2570 2571
f 2572 2573 2574
f 2575 2576 2577
f 2578 2579 2580
f 2581 2582 2583
f 2584 2585 2586
f 2587 2588 2589
f 2590 2591 2592
f 2593 2594 2595
f 2596 2597 2598
f 2599 2600 2601
f 2602 2603 2604
f 2605 2606 2607
f 2608 2609 2610
f 2611 2612 2613
f 2614 2615 2616
f 2617 2618 2619
f 2620 2621 2622
f 2623 2624 2625
f 2626 2627 2628
f 2629 2630 2631
f 2632 2633 2634
f 2635 2636 2637
f 2638 2639 2640
f 2641 2642 2643
f 2644 2645 2646
f 2647 2648 2649
f 2650 2651 2652
f 2653 2654 2655
f 2656 2657 2658
f 2659 2660 2661
f 2662 2663 2664
f 2665 2666 2667
f 2668 2669 2670
f 2671 2672 2673
f 2674 2675 2676
f 2677 2678 2679
f 2680 2681 2682
f 2683 2684 2685
f 2686 2687 2688
f 2689 2690 2691
f 2692 2693 2694
f 2695 2696 2697
f 2698 2699 2700
f 2701 2702 2703
f 2704 2705 2706
f 2707 2708 2709
f 2710 2711 2712
f 2713 2714 2715
f 2716 2717 2718
f 2719 2720 2721
f 2722 2723 2724
f 2725 2726 2727
f 2728 2729 2730
f 2731 2732 2733
f 2734 2735 2736
f 2737 2738 2739
f 2740 2741 2742
f 2743 2744 2745
f 2746 2747 2748
f 2749 2750 2751
f 2752 2753 2754
f 2755 2756 2757
f 2758 2759 2760
f 2761 2762 2763
f 2764 2765 2766
f 2767 2768 2769
f 2770 2771 2772
f 2773 2774 2775
f 2776 2777 2778
f 2779 2780 2781
f 2782 2783 2784
f 2785 2786 2787
f 2788 2789 2790
f 2791 2792 2793
f 2794 2795 2796
f 2797 2798 2799
f 2800 2801 2802
f 2803 2804 2805
f 2806 2807 2808
f 2809 2810 2811
f 2812 2813 2814
f 2815 2816 2817
f 2818 2819 2820
f 2821 2822 2823
f 2824 2825 2826
f 2827 2828 2829
f 2830 2831 2832
f 2833 2834 2835
f 2836 2837 2838
f 2839 2840 2841
f 2842 2843 2844
f 2845 2846 2847
f 2848 2849 2850
f 2851 2852 2853
f 2854 2855 2856
f 2857 2858 2859
f 2860 2861 2862
f 2863 2864 2865
f 2866 2867 2868
f 2869 2870 2871
f 2872 2873 2874
f 2875 2876 2877
f 2878 2879 2880
f 2881 2882 2883
f 2884 2885 2886
f 2887 2888 2889
f 2890 2891 2892
f 2893 2894 2895
f 2896 2897 2898
f 2899 2900 2901
f 2902 2903 2904
f 2905 2906 2907
f 2908 2909 2910
f 2911 2912 2913
f 2914 2915 2916
f 2917 2918 2919
f 2920 2921 2922
f 2923 2924 2925
f 2926 2927 2928
f 2929 2930 2931
f 2932 2933 2934
f 2935 2936 2937
f 2938 2939 2940
f 2941 2942 2943
f 2944 2945 2946
f 2947 2948 2949
f 2950 2951 2952
f 2953 2954 2955
f 2956 2957 2958
f 2959 2960 2961
f 2962 2963 2964
f 2965 2966 2967
f 2968 2969 2970
f 2971 2972 2973
f 2974 2975 2976
f 2977 2978 2979
f 2980 2981 2982
f 2983 2984 2985
f 2986 2987 2988
f 2989 2990 2991
f 2992 2993 2994
f 2995 2996 2997
f 2998 2999 3000
f 3001 3002 3003
f 3004 3005 3006
f 3007 3008 3009
f 3010 3011 3012
f 3013 3014 3015
f 3016 3017 3018
f 3019 3020 3021
f 3022 3023 3024
f 3025 3026 3027
f 3028 3029 3030
f 3031 3032 3033
f 3034 3035 3036
f 3037 3038 3039
f 3040 3041 3042
f 3043 3044 3045
f 3046 3047 3048
f 3049 3050 3051
f 3052 3053 3054
f 3055 3056 3057
f 3058 3059 3060
f 3061 3062 3063
f 3064 3065 3066
f 3067 3068 3069
f 3070 3071 3072
f 3073 3074 3075
f 3076 3077 3078
f 3079 3080 3081
f 3082 3083 3084
f 3085 3086 3087
f 3088 3089 3090
f 3091 3092 3093
f 3094 3095 3096
f 3097 3098 3099
f 3100 3101 3102
f 3103 3104 3105
f 3106 3107 3108
f 3109 3110 3111
f 3112 3113 3114
f 3115 3116 3117
f 3118 3119 3120
f 3121 3122 3123
f 3124 3125 3126
f 3127 3128 3129
f 3130 3131 3132
f 3133 3134 3135
f 3136 3137 3138
f 3139 3140 3141
f 3142 3143 3144
f 3145 3146 3147
f 3148 3149 3150
f 3151 3152 3153
f 3154 3155 3156
f 3157 3158 3159
f 3160 3161 3162
f 3163 3164 3165
f 3166 3167 3168
f 3169 3170 3171
f 3172 3173 3174
f 3175 3176 3177
f 3178 3179 3180
f 3181 3182 3183
f 3184 3185 3186
f 3187 3188 3189
f 3190 3191 3192
f 3193 3194 3195
f 3196 3197 3198
f 3199 3200 3201
f 3202 3203 3204
f 3205 3206 3207
f 3208 3209 3210
f 3211 3212 3213
f 3214 3215 3216
f 3217 3218 3219
f 3220 3221 3222
f 3223 3224 3225
f 3226 3227 3228
f 3229 3230 3231
f 3232 3233 3234
f 3235 3236 3237
f 3238 3239 3240
f 3241 3242 3243
f 3244 3245 3246
f 3247 3248 3249
f 3250 3251 3252
f 3253 3254 3255
f 3256 3257 3258
f 3259 3260 3261
f 3262 3263 3264
f 3265 3266 3267
f 3268 3269 3270
f 3271 3272 3273
f 3274 3275 3276
f 3277 3278 3279
f 3280 3281 3282
f 3283 3284 3285
f 3286 3287 3288
f 3289 3290 3291
f 3292 3293 3294
f 3295 3296 3297
f 3298 3299 3300
f 3301 3302 3303
f 3304 3305 3306
f 3307 3308 3309
f 3310 3311 3312
f 3313 3314 3315
f 3316 3317 3318
f 3319 3320 3321
f 3322 3323 3324
f 3325 3326 3327
f 3328 3329 3330
f 3331 3332 3333
f 3334 3335 3336
f 3337 3338 3339
f 3340 3341 3342
f 3343 3344 3345
f 3346 3347 3348
f 3349 3350 3351
f 3352 3353 3354
f 3355 3356 3357
f 3358 3359 3360
f 3361 3362 3363
f 3364 3365 3366
f 3367 3368 3369
f 3370 3371 3372
f 3373 3374 3375
f 3376 3377 3378
f 3379 3380 3381
f 3382 3383 3384
f 3385 3386 3387
f 3388 3389 3390
f 3391 3392 3393
f 3394 3395 3396
f 3397 3398 3399
f 3400 3401 3402
f 3403 3404 3405
f 3406 3407 3408
f 3409 3410 3411
f 3412 3413 3414
f 3415 3416 3417
f 3418 3419 3420
f 3421 3422 3423
f 3424 3425 3426
f 3427 3428 3429
f 3430 3431 3432
f 3433 3434 3435
f 3436 3437 3438
f 3439 3440 3441
f 3442 3443 3444
f 3445 3446 3447
f 3448 3449 3450
f 3451 3452 3453
f 3454 3455 3456
f 3457 3458 3459
f 3460 3461 3462
f 3463 3464 3465
f 3466 3467 3468
f 3469 3470 3471
f 3472 3473 3474
f 3475 3476 3477
f 3478 3479 3480
f 3481 3482 3483
f 3484 3485 3486
f 3487 3488 3489
f 3490 3491 3492
f 3493 3494 3495
f 3496 3497 3498
f 3499 3500 3501
f 3502 3503 3504
f 3505 3506 3507
f 3508 3509 3510
f 3511 3512 3513
f 3514 3515 3516
f 3517 3518 3519
f 3520 3521 3522
f 3523 3524 3525
f 3526 3527 3528
f 3529 3530 3531
f 3532 3533 3534
f 3535 3536 3537
f 3538 3539 3540
f 3541 3542 3543
f 3544 3545 3546
f 3547 3548 3549
f 3550 3551 3552
f 3553 3554 3555
f 3556 3557 3558
f 3559 3560 3561
f 3562 3563 3564
f 3565 3566 3567
f 3568 3569 3570
f 3571 3572 3573
f 3574 3575 3576
f 3577 3578 3579
f 3580 3581 3582
f 3583 3584 3585
f 3586 3587 3588
f 3589 3590 3591
f 3592 3593 3594
f 3595 3596 3597
f 3598 3599 3600
f 3601 3602 3603
f 3604 3605 3606
f 3607 3608 3609
f 3610 3611 3612
f 3613 3614 3615
f 3616 3617 3618
f 3619 3620 3621
f 3622 3623 3624
f 3625 3626 3627
f 3628 3629 3630
f 3631 3632 3633
f 3634 3635 3636
f 3637 3638 3639
f 3640 3641 3642
f 3643 3644 3645
f 3646 3647 3648
f 3649 3650 3651
f 3652 3653 3654
f 3655 3656 3657
f 3658 3659 3660
f 3661 3662 3663
f 3664 3665 3666
f 3667 3668 3669
f 3670 3671 3672
f 3673 3674 3675
f 3676 3677 3678
f 3679 3680 3681
f 3682 3683 3684
f 3685 3686 3687
f 3688 3689 3690
f 3691 3692 3693
f 3694 3695 3696
f 3697 3698 3699
f 3700 3701 3702
f 3703 3704 3705
f 3706 3707 3708
f 3709 3710 3711
f 3712 3713 3714
f 3715 3716 3717
f 3718 3719 3720
f 3721 3722 3723
f 3724 3725 3726
f 3727 3728 3729
f 3730 3731 3732
f 3733 3734 3735
f 3736 3737 3738
f 3739 3740 3741
f 3742 3743 3744
