# Exported from USD: /kuka_kr210/base_link/visuals
mtllib visuals.mtl

g visuals
v -0.67780888 0.21000003 0.06538174
v -0.67780888 0.19000000 0.06538174
v -0.68021095 0.20000001 0.06656894
v -0.67780888 0.19000000 0.06538174
v -0.67780888 0.21000003 0.06538174
v -0.67124575 0.21732101 0.06213824
v -0.67780888 0.19000000 0.06538174
v -0.67124575 0.21732101 0.06213824
v -0.67124575 0.18267901 0.06213824
v -0.67124575 0.18267901 0.06213824
v -0.67124575 0.21732101 0.06213824
v -0.66228086 0.21999999 0.05770754
v -0.67124575 0.18267901 0.06213824
v -0.66228086 0.21999999 0.05770754
v -0.66228086 0.17999999 0.05770754
v -0.66228086 0.17999999 0.05770754
v -0.66228086 0.21999999 0.05770754
v -0.65331590 0.21732101 0.05327684
v -0.66228086 0.17999999 0.05770754
v -0.65331590 0.21732101 0.05327684
v -0.65331590 0.18267901 0.05327684
v -0.65331590 0.18267901 0.05327684
v -0.65331590 0.21732101 0.05327684
v -0.64675379 0.21000002 0.05003336
v -0.65331590 0.18267901 0.05327684
v -0.64675379 0.21000002 0.05003336
v -0.64675379 0.19000000 0.05003337
v -0.64675379 0.19000000 0.05003337
v -0.64675379 0.21000002 0.05003336
v -0.64435172 0.20000000 0.04884614
v -0.62903070 0.21000003 0.08589274
v -0.65331590 0.21732101 0.05327684
v -0.63559383 0.21732101 0.08913625
v -0.65331590 0.21732101 0.05327684
v -0.62903070 0.21000003 0.08589274
v -0.64675379 0.21000002 0.05003336
v -0.62662894 0.20000001 0.08470555
v -0.64675379 0.21000002 0.05003336
v -0.62903070 0.21000003 0.08589274
v -0.64675379 0.21000002 0.05003336
v -0.62662894 0.20000001 0.08470555
v -0.64435172 0.20000000 0.04884614
v -0.62903070 0.19000000 0.08589275
v -0.64435172 0.20000000 0.04884614
v -0.62662894 0.20000001 0.08470555
v -0.64435172 0.20000000 0.04884614
v -0.62903070 0.19000000 0.08589275
v -0.64675379 0.19000000 0.05003337
v -0.65331590 0.18267901 0.05327684
v -0.62903070 0.19000000 0.08589275
v -0.63559383 0.18267902 0.08913625
v -0.62903070 0.19000000 0.08589275
v -0.65331590 0.18267901 0.05327684
v -0.64675379 0.19000000 0.05003337
v -0.66228086 0.17999999 0.05770754
v -0.63559383 0.18267902 0.08913625
v -0.64455873 0.18000000 0.09356696
v -0.63559383 0.18267902 0.08913625
v -0.66228086 0.17999999 0.05770754
v -0.65331590 0.18267901 0.05327684
v -0.67124575 0.18267901 0.06213824
v -0.64455873 0.18000000 0.09356696
v -0.65352291 0.18267902 0.09799725
v -0.64455873 0.18000000 0.09356696
v -0.67124575 0.18267901 0.06213824
v -0.66228086 0.17999999 0.05770754
v -0.67780888 0.19000000 0.06538174
v -0.65352291 0.18267902 0.09799725
v -0.66008580 0.19000000 0.10124125
v -0.65352291 0.18267902 0.09799725
v -0.67780888 0.19000000 0.06538174
v -0.67124575 0.18267901 0.06213824
v -0.67780888 0.19000000 0.06538174
v -0.66248786 0.20000001 0.10242826
v -0.68021095 0.20000001 0.06656894
v -0.66248786 0.20000001 0.10242826
v -0.67780888 0.19000000 0.06538174
v -0.66008580 0.19000000 0.10124125
v -0.68021095 0.20000001 0.06656894
v -0.66008580 0.21000003 0.10124125
v -0.67780888 0.21000003 0.06538174
v -0.66008580 0.21000003 0.10124125
v -0.68021095 0.20000001 0.06656894
v -0.66248786 0.20000001 0.10242826
v -0.65352291 0.21732101 0.09799725
v -0.67780888 0.21000003 0.06538174
v -0.66008580 0.21000003 0.10124125
v -0.67780888 0.21000003 0.06538174
v -0.65352291 0.21732101 0.09799725
v -0.67124575 0.21732101 0.06213824
v -0.64455873 0.21999999 0.09356695
v -0.67124575 0.21732101 0.06213824
v -0.65352291 0.21732101 0.09799725
v -0.67124575 0.21732101 0.06213824
v -0.64455873 0.21999999 0.09356695
v -0.66228086 0.21999999 0.05770754
v -0.63559383 0.21732101 0.08913625
v -0.66228086 0.21999999 0.05770754
v -0.64455873 0.21999999 0.09356695
v -0.66228086 0.21999999 0.05770754
v -0.63559383 0.21732101 0.08913625
v -0.65331590 0.21732101 0.05327684
v -0.21760382 -0.08599168 0.32869223
v -0.23159483 0.02923010 0.32869223
v -0.23159483 -0.02923008 0.32869223
v -0.23159483 0.02923010 0.32869223
v -0.21760382 -0.08599168 0.32869223
v -0.21760382 0.08599171 0.32869222
v -0.21760382 0.08599171 0.32869222
v -0.21760382 -0.08599168 0.32869223
v -0.19043681 -0.13775599 0.32869223
v -0.21760382 0.08599171 0.32869222
v -0.19043681 -0.13775599 0.32869223
v -0.19043681 0.13775602 0.32869222
v -0.19043681 0.13775602 0.32869222
v -0.19043681 -0.13775599 0.32869223
v -0.15166982 -0.18151398 0.32869223
v -0.19043681 0.13775602 0.32869222
v -0.15166982 -0.18151398 0.32869223
v -0.15166982 0.18151401 0.32869222
v -0.15166982 0.18151401 0.32869222
v -0.15166982 -0.18151398 0.32869223
v -0.10355782 -0.21472298 0.32869223
v -0.15166982 0.18151401 0.32869222
v -0.10355782 -0.21472298 0.32869223
v -0.10355782 0.21472300 0.32869222
v -0.10355782 0.21472300 0.32869222
v -0.10355782 -0.21472298 0.32869223
v -0.04889681 -0.23545298 0.32869224
v -0.10355782 0.21472300 0.32869222
v -0.04889681 -0.23545298 0.32869224
v -0.04889681 0.23545301 0.32869222
v -0.04889681 0.23545301 0.32869222
v -0.04889681 -0.23545298 0.32869224
v 0.00913718 -0.24249998 0.32869224
v -0.04889681 0.23545301 0.32869222
v 0.00913718 -0.24249998 0.32869224
v 0.00913718 0.24250000 0.32869222
v 0.00913718 0.24250000 0.32869222
v 0.00913718 -0.24249998 0.32869224
v 0.06717117 -0.23545298 0.32869224
v 0.00913718 0.24250000 0.32869222
v 0.06717117 -0.23545298 0.32869224
v 0.06717117 0.23545301 0.32869222
v 0.06717117 0.23545301 0.32869222
v 0.06717117 -0.23545298 0.32869224
v 0.12183217 -0.21472298 0.32869223
v 0.06717117 0.23545301 0.32869222
v 0.12183217 -0.21472298 0.32869223
v 0.12183217 0.21472300 0.32869222
v 0.12183217 0.21472300 0.32869222
v 0.12183217 -0.21472298 0.32869223
v 0.16994418 -0.18151398 0.32869223
v 0.12183217 0.21472300 0.32869222
v 0.16994418 -0.18151398 0.32869223
v 0.16994418 0.18151401 0.32869222
v 0.16994418 0.18151401 0.32869222
v 0.16994418 -0.18151398 0.32869223
v 0.20871118 -0.13775599 0.32869223
v 0.16994418 0.18151401 0.32869222
v 0.20871118 -0.13775599 0.32869223
v 0.20871118 0.13775602 0.32869222
v 0.20871118 0.13775602 0.32869222
v 0.20871118 -0.13775599 0.32869223
v 0.23587818 -0.08599168 0.32869223
v 0.20871118 0.13775602 0.32869222
v 0.23587818 -0.08599168 0.32869223
v 0.23587818 0.08599171 0.32869222
v 0.23587818 0.08599171 0.32869222
v 0.23587818 -0.08599168 0.32869223
v 0.24986920 -0.02923008 0.32869223
v 0.23587818 0.08599171 0.32869222
v 0.24986920 -0.02923008 0.32869223
v 0.24986920 0.02923010 0.32869223
v 0.10711529 -0.22182598 0.29981623
v 0.12183217 -0.21472298 0.32869223
v 0.06717117 -0.23545298 0.32869224
v 0.13234618 -0.20886800 0.29981623
v 0.16994418 -0.18151398 0.32869223
v 0.12183217 -0.21472298 0.32869223
v 0.16994418 -0.18151398 0.32869223
v 0.17783917 -0.17420099 0.29981623
v 0.20871118 -0.13775599 0.32869223
v 0.20871118 -0.13775599 0.32869223
v 0.21312417 -0.13113198 0.29981623
v 0.23587818 -0.08599168 0.32869223
v 0.23587818 -0.08599168 0.32869223
v 0.23870619 -0.07813100 0.29981622
v 0.24986920 -0.02923008 0.32869223
v 0.24986920 -0.02923008 0.32869223
v 0.25082716 -0.01979859 0.29981622
v 0.24986920 0.02923010 0.32869223
v 0.24986920 0.02923010 0.32869223
v 0.24893318 0.03611591 0.29981622
v 0.23587818 0.08599171 0.32869222
v 0.23587818 0.08599171 0.32869222
v 0.23430517 0.09003232 0.29981622
v 0.20871118 0.13775602 0.32869222
v 0.20871118 0.13775602 0.32869222
v 0.20722517 0.13988401 0.29981622
v 0.16994418 0.18151401 0.32869222
v 0.16873418 0.18257902 0.29981621
v 0.12183217 0.21472300 0.32869222
v 0.16994418 0.18151401 0.32869222
v 0.09591127 0.22644302 0.29981621
v 0.06717117 0.23545301 0.32869222
v 0.12183217 0.21472300 0.32869222
v 0.06716719 0.23543101 0.29981621
v 0.00913718 0.24250000 0.32869222
v 0.06717117 0.23545301 0.32869222
v 0.00498921 0.24246500 0.29981621
v -0.04889681 0.23545301 0.32869222
v 0.00913718 0.24250000 0.32869222
v -0.07645531 0.22689202 0.29981621
v -0.10355782 0.21472300 0.32869222
v -0.04889681 0.23545301 0.32869222
v -0.12578182 0.20150202 0.29981621
v -0.15166982 0.18151401 0.32869222
v -0.10355782 0.21472300 0.32869222
v -0.19043681 0.13775602 0.32869222
v -0.15166982 0.18151401 0.32869222
v -0.16937882 0.16413001 0.29981622
v -0.21760382 0.08599171 0.32869222
v -0.19043681 0.13775602 0.32869222
v -0.20334682 0.11686200 0.29981622
v -0.23159483 0.02923010 0.32869223
v -0.21760382 0.08599171 0.32869222
v -0.22533883 0.06186501 0.29981622
v -0.23159483 -0.02923008 0.32869223
v -0.23159483 0.02923010 0.32869223
v -0.23333679 0.00354914 0.29981622
v -0.21760382 -0.08599168 0.32869223
v -0.23159483 -0.02923008 0.32869223
v -0.22779782 -0.05165328 0.29981622
v -0.19043681 -0.13775599 0.32869223
v -0.21760382 -0.08599168 0.32869223
v -0.20956281 -0.10476999 0.29981622
v -0.15166982 -0.18151398 0.32869223
v -0.19043681 -0.13775599 0.32869223
v -0.17912881 -0.15284698 0.29981623
v -0.13862380 -0.19228399 0.29981623
v -0.10355782 -0.21472298 0.32869223
v -0.15166982 -0.18151398 0.32869223
v -0.08824973 -0.22208597 0.29981623
v -0.04889681 -0.23545298 0.32869224
v -0.10355782 -0.21472298 0.32869223
v -0.03114971 -0.23912999 0.29981623
v 0.00913718 -0.24249998 0.32869224
v -0.04889681 -0.23545298 0.32869224
v 0.02607378 -0.24190799 0.29981623
v 0.06717117 -0.23545298 0.32869224
v 0.00913718 -0.24249998 0.32869224
v 0.10711529 -0.22182598 0.29981623
v 0.06717117 -0.23545298 0.32869224
v 0.08071836 -0.23169497 0.29981623
v 0.13234618 -0.20886800 0.29981623
v 0.12183217 -0.21472298 0.32869223
v 0.10711529 -0.22182598 0.29981623
v 0.15604118 -0.19293900 0.29981623
v 0.16994418 -0.18151398 0.32869223
v 0.13234618 -0.20886800 0.29981623
v 0.17783917 -0.17420099 0.29981623
v 0.16994418 -0.18151398 0.32869223
v 0.15604118 -0.19293900 0.29981623
v 0.17783917 -0.17420099 0.29981623
v 0.19740318 -0.15284698 0.29981623
v 0.20871118 -0.13775599 0.32869223
v 0.19740318 -0.15284698 0.29981623
v 0.21312417 -0.13113198 0.29981623
v 0.20871118 -0.13775599 0.32869223
v 0.21312417 -0.13113198 0.29981623
v 0.22748519 -0.10550100 0.29981622
v 0.23587818 -0.08599168 0.32869223
v 0.22748519 -0.10550100 0.29981622
v 0.23870619 -0.07813100 0.29981622
v 0.23587818 -0.08599168 0.32869223
v 0.23870619 -0.07813100 0.29981622
v 0.24656618 -0.04933370 0.29981622
v 0.24986920 -0.02923008 0.32869223
v 0.24656618 -0.04933370 0.29981622
v 0.25082716 -0.01979859 0.29981622
v 0.24986920 -0.02923008 0.32869223
v 0.25082716 -0.01979859 0.29981622
v 0.25148818 0.00848916 0.29981622
v 0.24986920 0.02923010 0.32869223
v 0.25148818 0.00848916 0.29981622
v 0.24893318 0.03611591 0.29981622
v 0.24986920 0.02923010 0.32869223
v 0.24893318 0.03611591 0.29981622
v 0.24319719 0.06342121 0.29981622
v 0.23587818 0.08599171 0.32869222
v 0.24319719 0.06342121 0.29981622
v 0.23430517 0.09003232 0.29981622
v 0.23587818 0.08599171 0.32869222
v 0.23430517 0.09003232 0.29981622
v 0.22227117 0.11567202 0.29981622
v 0.20871118 0.13775602 0.32869222
v 0.22227117 0.11567202 0.29981622
v 0.20722517 0.13988401 0.29981622
v 0.20871118 0.13775602 0.32869222
v 0.20722517 0.13988401 0.29981622
v 0.18931419 0.16230401 0.29981622
v 0.16994418 0.18151401 0.32869222
v 0.16873418 0.18257902 0.29981621
v 0.16994418 0.18151401 0.32869222
v 0.18931419 0.16230401 0.29981622
v 0.14572319 0.20037600 0.29981621
v 0.12183217 0.21472300 0.32869222
v 0.16873418 0.18257902 0.29981621
v 0.09591127 0.22644302 0.29981621
v 0.12183217 0.21472300 0.32869222
v 0.12051618 0.21540901 0.29981621
v 0.06753477 0.23536402 0.29981621
v 0.06717117 0.23545301 0.32869222
v 0.09591127 0.22644302 0.29981621
v 0.06716719 0.23543101 0.29981621
v 0.06717117 0.23545301 0.32869222
v 0.06753477 0.23536402 0.29981621
v 0.03809318 0.24076502 0.29981621
v 0.00913718 0.24250000 0.32869222
v 0.06716719 0.23543101 0.29981621
v 0.00498921 0.24246500 0.29981621
v 0.00913718 0.24250000 0.32869222
v 0.00913718 0.24250000 0.29981621
v -0.02225273 0.24046002 0.29981621
v -0.04889681 0.23545301 0.32869222
v 0.00498921 0.24246500 0.29981621
v -0.07645531 0.22689202 0.29981621
v -0.04889681 0.23545301 0.32869222
v -0.04965953 0.23526398 0.29981621
v -0.10224183 0.21540901 0.29981621
v -0.10355782 0.21472300 0.32869222
v -0.07645531 0.22689202 0.29981621
v -0.12578182 0.20150202 0.29981621
v -0.10355782 0.21472300 0.32869222
v -0.10224183 0.21540901 0.29981621
v -0.14861681 0.18417401 0.29981621
v -0.15166982 0.18151401 0.32869222
v -0.12578182 0.20150202 0.29981621
v -0.16937882 0.16413001 0.29981622
v -0.15166982 0.18151401 0.32869222
v -0.14861681 0.18417401 0.29981621
v -0.19043681 0.13775602 0.32869222
v -0.16937882 0.16413001 0.29981622
v -0.18772681 0.14160102 0.29981622
v -0.20334682 0.11686200 0.29981622
v -0.19043681 0.13775602 0.32869222
v -0.18772681 0.14160102 0.29981622
v -0.21760382 0.08599171 0.32869222
v -0.20334682 0.11686200 0.29981622
v -0.21599782 0.09011362 0.29981622
v -0.22533883 0.06186501 0.29981622
v -0.21760382 0.08599171 0.32869222
v -0.21599782 0.09011362 0.29981622
v -0.23159483 0.02923010 0.32869223
v -0.22533883 0.06186501 0.29981622
v -0.23117182 0.03252392 0.29981622
v -0.23333679 0.00354914 0.29981622
v -0.23159483 0.02923010 0.32869223
v -0.23117182 0.03252392 0.29981622
v -0.23159483 -0.02923008 0.32869223
v -0.23333679 0.00354914 0.29981622
v -0.23215881 -0.02413049 0.29981622
v -0.22779782 -0.05165328 0.29981622
v -0.23159483 -0.02923008 0.32869223
v -0.23215881 -0.02413049 0.29981622
v -0.21760382 -0.08599168 0.32869223
v -0.22779782 -0.05165328 0.29981622
v -0.22025281 -0.07865610 0.29981622
v -0.20956281 -0.10476999 0.29981622
v -0.21760382 -0.08599168 0.32869223
v -0.22025281 -0.07865610 0.29981622
v -0.19043681 -0.13775599 0.32869223
v -0.20956281 -0.10476999 0.29981622
v -0.19581082 -0.12962398 0.29981623
v -0.17912881 -0.15284698 0.29981623
v -0.19043681 -0.13775599 0.32869223
v -0.19581082 -0.12962398 0.29981623
v -0.15166982 -0.18151398 0.32869223
v -0.17912881 -0.15284698 0.29981623
v -0.16053383 -0.17325700 0.29981623
v -0.13862380 -0.19228399 0.29981623
v -0.15166982 -0.18151398 0.32869223
v -0.16053383 -0.17325700 0.29981623
v -0.11442681 -0.20865798 0.29981623
v -0.10355782 -0.21472298 0.32869223
v -0.13862380 -0.19228399 0.29981623
v -0.08824973 -0.22208597 0.29981623
v -0.10355782 -0.21472298 0.32869223
v -0.11442681 -0.20865798 0.29981623
v -0.06033162 -0.23233699 0.29981623
v -0.04889681 -0.23545298 0.32869224
v -0.08824973 -0.22208597 0.29981623
v -0.03114971 -0.23912999 0.29981623
v -0.04889681 -0.23545298 0.32869224
v -0.06033162 -0.23233699 0.29981623
v -0.00192692 -0.24224799 0.29981623
v 0.00913718 -0.24249998 0.32869224
v -0.03114971 -0.23912999 0.29981623
v 0.02607378 -0.24190799 0.29981623
v 0.00913718 -0.24249998 0.32869224
v -0.00192692 -0.24224799 0.29981623
v 0.05352599 -0.23840300 0.29981623
v 0.06717117 -0.23545298 0.32869224
v 0.02607378 -0.24190799 0.29981623
v 0.08071836 -0.23169497 0.29981623
v 0.06717117 -0.23545298 0.32869224
v 0.05352599 -0.23840300 0.29981623
v 0.12051618 0.21540901 0.29981621
v 0.12183217 0.21472300 0.32869222
v 0.14572319 0.20037600 0.29981621
v 0.00913718 0.24250000 0.29981621
v 0.00913718 0.24250000 0.32869222
v 0.03809318 0.24076502 0.29981621
v -0.04965953 0.23526398 0.29981621
v -0.04889681 0.23545301 0.32869222
v -0.02225273 0.24046002 0.29981621
v -0.36237183 -0.13574797 0.29978118
v -0.36236271 -0.13572799 0.29981623
v -0.36231673 0.13583502 0.29976514
v -0.36236271 -0.13572799 0.29981623
v -0.36230275 0.13583502 0.29981622
v -0.36231673 0.13583502 0.29976514
v -0.36231673 0.13583502 0.29976514
v -0.36250293 0.13583502 0.29981622
v -0.36237183 -0.13574797 0.29978118
v -0.29430974 -0.24512698 0.29981623
v -0.36230275 0.13583502 0.29981622
v -0.36236271 -0.13572799 0.29981623
v -0.36230275 0.13583502 0.29981622
v -0.29430974 -0.24512698 0.29981623
v -0.29426783 0.24515202 0.29981621
v -0.29426783 0.24515202 0.29981621
v -0.29430974 -0.24512698 0.29981623
v -0.26640379 -0.27610790 0.29981623
v -0.29426783 0.24515202 0.29981621
v -0.26640379 -0.27610790 0.29981623
v -0.23533881 0.30398492 0.29981621
v -0.23533881 0.30398492 0.29981621
v -0.26640379 -0.27610790 0.29981623
v -0.23333679 0.00354914 0.29981622
v -0.23333679 0.00354914 0.29981622
v -0.26640379 -0.27610790 0.29981623
v -0.23215881 -0.02413049 0.29981622
v -0.23215881 -0.02413049 0.29981622
v -0.26640379 -0.27610790 0.29981623
v -0.20144682 -0.32834806 0.29981623
v -0.23215881 -0.02413049 0.29981622
v -0.20144682 -0.32834806 0.29981623
v -0.22779782 -0.05165328 0.29981622
v -0.22779782 -0.05165328 0.29981622
v -0.20144682 -0.32834806 0.29981623
v -0.22025281 -0.07865610 0.29981622
v -0.22025281 -0.07865610 0.29981622
v -0.20144682 -0.32834806 0.29981623
v -0.20956281 -0.10476999 0.29981622
v -0.20956281 -0.10476999 0.29981622
v -0.20144682 -0.32834806 0.29981623
v -0.19581082 -0.12962398 0.29981623
v -0.19581082 -0.12962398 0.29981623
v -0.20144682 -0.32834806 0.29981623
v -0.12688081 -0.36561494 0.29981623
v -0.19581082 -0.12962398 0.29981623
v -0.12688081 -0.36561494 0.29981623
v -0.17912881 -0.15284698 0.29981623
v -0.17912881 -0.15284698 0.29981623
v -0.12688081 -0.36561494 0.29981623
v -0.16053383 -0.17325700 0.29981623
v -0.16053383 -0.17325700 0.29981623
v -0.12688081 -0.36561494 0.29981623
v -0.13862380 -0.19228399 0.29981623
v -0.13862380 -0.19228399 0.29981623
v -0.12688081 -0.36561494 0.29981623
v -0.11442681 -0.20865798 0.29981623
v -0.11442681 -0.20865798 0.29981623
v -0.12688081 -0.36561494 0.29981623
v -0.08703083 -0.37803404 0.29981623
v -0.11442681 -0.20865798 0.29981623
v -0.08703083 -0.37803404 0.29981623
v -0.08824973 -0.22208597 0.29981623
v -0.08824973 -0.22208597 0.29981623
v -0.08703083 -0.37803404 0.29981623
v -0.06033162 -0.23233699 0.29981623
v -0.06033162 -0.23233699 0.29981623
v -0.08703083 -0.37803404 0.29981623
v -0.00451252 -0.38983588 0.29981623
v -0.06033162 -0.23233699 0.29981623
v -0.00451252 -0.38983588 0.29981623
v -0.03114971 -0.23912999 0.29981623
v -0.03114971 -0.23912999 0.29981623
v -0.00451252 -0.38983588 0.29981623
v -0.00192692 -0.24224799 0.29981623
v -0.00192692 -0.24224799 0.29981623
v -0.00451252 -0.38983588 0.29981623
v 0.03722069 -0.38908403 0.29981623
v -0.00192692 -0.24224799 0.29981623
v 0.03722069 -0.38908403 0.29981623
v 0.02607378 -0.24190799 0.29981623
v 0.02607378 -0.24190799 0.29981623
v 0.03722069 -0.38908403 0.29981623
v 0.05352599 -0.23840300 0.29981623
v 0.05352599 -0.23840300 0.29981623
v 0.03722069 -0.38908403 0.29981623
v 0.11925016 -0.37423291 0.29981623
v 0.05352599 -0.23840300 0.29981623
v 0.11925016 -0.37423291 0.29981623
v 0.08071836 -0.23169497 0.29981623
v 0.08071836 -0.23169497 0.29981623
v 0.11925016 -0.37423291 0.29981623
v 0.10711529 -0.22182598 0.29981623
v 0.10711529 -0.22182598 0.29981623
v 0.11925016 -0.37423291 0.29981623
v 0.13234618 -0.20886800 0.29981623
v 0.13234618 -0.20886800 0.29981623
v 0.11925016 -0.37423291 0.29981623
v 0.15866120 -0.36028298 0.29981623
v 0.13234618 -0.20886800 0.29981623
v 0.15866120 -0.36028298 0.29981623
v 0.15604118 -0.19293900 0.29981623
v 0.15604118 -0.19293900 0.29981623
v 0.15866120 -0.36028298 0.29981623
v 0.17783917 -0.17420099 0.29981623
v 0.17783917 -0.17420099 0.29981623
v 0.15866120 -0.36028298 0.29981623
v 0.23168619 -0.32036408 0.29981623
v 0.17783917 -0.17420099 0.29981623
v 0.23168619 -0.32036408 0.29981623
v 0.19740318 -0.15284698 0.29981623
v 0.19740318 -0.15284698 0.29981623
v 0.23168619 -0.32036408 0.29981623
v 0.21312417 -0.13113198 0.29981623
v 0.21312417 -0.13113198 0.29981623
v 0.23168619 -0.32036408 0.29981623
v 0.22748519 -0.10550100 0.29981622
v 0.22748519 -0.10550100 0.29981622
v 0.23168619 -0.32036408 0.29981623
v 0.23870619 -0.07813100 0.29981622
v 0.23870619 -0.07813100 0.29981622
v 0.23168619 -0.32036408 0.29981623
v 0.29476628 -0.26566293 0.29981623
v 0.23870619 -0.07813100 0.29981622
v 0.29476628 -0.26566293 0.29981623
v 0.24656618 -0.04933370 0.29981622
v 0.24656618 -0.04933370 0.29981622
v 0.29476628 -0.26566293 0.29981623
v 0.25082716 -0.01979859 0.29981622
v 0.25082716 -0.01979859 0.29981622
v 0.29476628 -0.26566293 0.29981623
v 0.25148818 0.00848916 0.29981622
v 0.25148818 0.00848916 0.29981622
v 0.29476628 -0.26566293 0.29981623
v 0.29472613 0.26572008 0.29981621
v 0.29472613 0.26572008 0.29981621
v 0.29476628 -0.26566293 0.29981623
v 0.34467220 0.19897602 0.29981621
v 0.34467220 0.19897602 0.29981621
v 0.29476628 -0.26566293 0.29981623
v 0.34462216 -0.19902598 0.29981623
v 0.34467220 0.19897602 0.29981621
v 0.34462216 -0.19902598 0.29981623
v 0.36402318 -0.16191601 0.29981623
v 0.34467220 0.19897602 0.29981621
v 0.36402318 -0.16191601 0.29981623
v 0.36402318 0.16191603 0.29981622
v 0.36402318 0.16191603 0.29981622
v 0.36402318 -0.16191601 0.29981623
v 0.39029413 -0.08294808 0.29981622
v 0.36402318 0.16191603 0.29981622
v 0.39029413 -0.08294808 0.29981622
v 0.39031625 0.08288311 0.29981622
v 0.39031625 0.08288311 0.29981622
v 0.39029413 -0.08294808 0.29981622
v 0.39921513 0.00006811 0.29981622
v -0.23533881 0.30398492 0.29981621
v -0.23117182 0.03252392 0.29981622
v -0.20139080 0.32838799 0.29981621
v -0.23117182 0.03252392 0.29981622
v -0.23533881 0.30398492 0.29981621
v -0.23333679 0.00354914 0.29981622
v -0.20139080 0.32838799 0.29981621
v -0.23117182 0.03252392 0.29981622
v -0.22533883 0.06186501 0.29981622
v -0.20139080 0.32838799 0.29981621
v -0.22533883 0.06186501 0.29981622
v -0.21599782 0.09011362 0.29981622
v -0.20139080 0.32838799 0.29981621
v -0.21599782 0.09011362 0.29981622
v -0.20334682 0.11686200 0.29981622
v -0.20139080 0.32838799 0.29981621
v -0.20334682 0.11686200 0.29981622
v -0.18772681 0.14160102 0.29981622
v -0.20139080 0.32838799 0.29981621
v -0.18772681 0.14160102 0.29981622
v -0.12693781 0.36557407 0.29981621
v -0.12693781 0.36557407 0.29981621
v -0.18772681 0.14160102 0.29981622
v -0.16937882 0.16413001 0.29981622
v -0.12693781 0.36557407 0.29981621
v -0.16937882 0.16413001 0.29981622
v -0.14861681 0.18417401 0.29981621
v -0.12693781 0.36557407 0.29981621
v -0.14861681 0.18417401 0.29981621
v -0.12578182 0.20150202 0.29981621
v -0.12693781 0.36557407 0.29981621
v -0.12578182 0.20150202 0.29981621
v -0.04609093 0.38616712 0.29981621
v -0.04609093 0.38616712 0.29981621
v -0.12578182 0.20150202 0.29981621
v -0.10224183 0.21540901 0.29981621
v -0.04609093 0.38616712 0.29981621
v -0.10224183 0.21540901 0.29981621
v -0.07645531 0.22689202 0.29981621
v -0.04609093 0.38616712 0.29981621
v -0.07645531 0.22689202 0.29981621
v -0.04965953 0.23526398 0.29981621
v -0.04609093 0.38616712 0.29981621
v -0.04965953 0.23526398 0.29981621
v -0.02225273 0.24046002 0.29981621
v -0.04609093 0.38616712 0.29981621
v -0.02225273 0.24046002 0.29981621
v 0.03722069 0.38908405 0.29981621
v 0.03722069 0.38908405 0.29981621
v -0.02225273 0.24046002 0.29981621
v 0.00498921 0.24246500 0.29981621
v 0.03722069 0.38908405 0.29981621
v 0.00498921 0.24246500 0.29981621
v 0.00913718 0.24250000 0.29981621
v 0.03722069 0.38908405 0.29981621
v 0.00913718 0.24250000 0.29981621
v 0.03809318 0.24076502 0.29981621
v 0.03722069 0.38908405 0.29981621
v 0.03809318 0.24076502 0.29981621
v 0.07869677 0.38382603 0.29981621
v 0.07869677 0.38382603 0.29981621
v 0.03809318 0.24076502 0.29981621
v 0.06716719 0.23543101 0.29981621
v 0.07869677 0.38382603 0.29981621
v 0.06716719 0.23543101 0.29981621
v 0.06753477 0.23536402 0.29981621
v 0.07869677 0.38382603 0.29981621
v 0.06753477 0.23536402 0.29981621
v 0.09591127 0.22644302 0.29981621
v 0.07869677 0.38382603 0.29981621
v 0.09591127 0.22644302 0.29981621
v 0.15853618 0.36033509 0.29981621
v 0.15853618 0.36033509 0.29981621
v 0.09591127 0.22644302 0.29981621
v 0.12051618 0.21540901 0.29981621
v 0.15853618 0.36033509 0.29981621
v 0.12051618 0.21540901 0.29981621
v 0.14572319 0.20037600 0.29981621
v 0.15853618 0.36033509 0.29981621
v 0.14572319 0.20037600 0.29981621
v 0.16873418 0.18257902 0.29981621
v 0.15853618 0.36033509 0.29981621
v 0.16873418 0.18257902 0.29981621
v 0.23175317 0.32033999 0.29981621
v 0.23175317 0.32033999 0.29981621
v 0.16873418 0.18257902 0.29981621
v 0.18931419 0.16230401 0.29981622
v 0.23175317 0.32033999 0.29981621
v 0.18931419 0.16230401 0.29981622
v 0.20722517 0.13988401 0.29981622
v 0.23175317 0.32033999 0.29981621
v 0.20722517 0.13988401 0.29981622
v 0.22227117 0.11567202 0.29981622
v 0.23175317 0.32033999 0.29981621
v 0.22227117 0.11567202 0.29981622
v 0.23430517 0.09003232 0.29981622
v 0.23175317 0.32033999 0.29981621
v 0.23430517 0.09003232 0.29981622
v 0.29472613 0.26572008 0.29981621
v 0.29472613 0.26572008 0.29981621
v 0.23430517 0.09003232 0.29981622
v 0.24319719 0.06342121 0.29981622
v 0.29472613 0.26572008 0.29981621
v 0.24319719 0.06342121 0.29981622
v 0.24893318 0.03611591 0.29981622
v 0.29472613 0.26572008 0.29981621
v 0.24893318 0.03611591 0.29981622
v 0.25148818 0.00848916 0.29981622
v -0.36230275 0.13583502 0.29981622
v -0.37746885 0.16724900 0.24390825
v -0.36231673 0.13583502 0.29976514
v -0.37746885 0.16724900 0.24390825
v -0.36250293 0.13583502 0.29981622
v -0.36231673 0.13583502 0.29976514
v -0.36237183 -0.13574797 0.29978118
v -0.36250293 0.13583502 0.29981622
v -0.36250293 -0.13600299 0.29981623
v 0.39029413 -0.08294808 0.29981622
v 0.44235730 -0.04275709 0.11770225
v 0.39921513 0.00006811 0.29981622
v 0.44235730 -0.04275709 0.11770225
v 0.39029413 -0.08294808 0.29981622
v 0.44155008 -0.05026731 0.11770225
v 0.39031625 0.08288311 0.29981622
v 0.44462121 0.00006811 0.11770225
v 0.43468523 0.09253070 0.11770224
v 0.44462121 0.00006811 0.11770225
v 0.39031625 0.08288311 0.29981622
v 0.39921513 0.00006811 0.29981622
v 0.36402318 0.16191603 0.29981622
v 0.43468523 0.09253070 0.11770224
v 0.40533018 0.18077101 0.11770224
v 0.43468523 0.09253070 0.11770224
v 0.36402318 0.16191603 0.29981622
v 0.39031625 0.08288311 0.29981622
v 0.36402318 0.16191603 0.29981622
v 0.40357912 0.18412400 0.11770224
v 0.34467220 0.19897602 0.29981621
v 0.40357912 0.18412400 0.11770224
v 0.36402318 0.16191603 0.29981622
v 0.40533018 0.18077101 0.11770224
v 0.34467220 0.19897602 0.29981621
v 0.35543519 0.26379297 0.11770224
v 0.29472613 0.26572008 0.29981621
v 0.35543519 0.26379297 0.11770224
v 0.34467220 0.19897602 0.29981621
v 0.35995412 0.25775490 0.11770224
v 0.29717624 0.32640905 0.11770223
v 0.23175317 0.32033999 0.29981621
v 0.29472613 0.26572008 0.29981621
v 0.23175317 0.32033999 0.29981621
v 0.29717624 0.32640905 0.11770223
v 0.29147926 0.33135012 0.11770223
v 0.22124618 0.38015697 0.11770223
v 0.15853618 0.36033509 0.29981621
v 0.23175317 0.32033999 0.29981621
v 0.15853618 0.36033509 0.29981621
v 0.22124618 0.38015697 0.11770223
v 0.21462318 0.38377598 0.11770223
v 0.17593320 0.40227604 0.11770223
v 0.07869677 0.38382603 0.29981621
v 0.15853618 0.36033509 0.29981621
v 0.07869677 0.38382603 0.29981621
v 0.17593320 0.40227604 0.11770223
v 0.08678596 0.42850587 0.11770223
v 0.08678596 0.42850587 0.11770223
v 0.03722069 0.38908405 0.29981621
v 0.07869677 0.38382603 0.29981621
v 0.03722069 0.38908405 0.29981621
v 0.08678596 0.42850587 0.11770223
v 0.08303378 0.42898214 0.11770223
v -0.00232692 0.43517691 0.11770223
v -0.04609093 0.38616712 0.29981621
v 0.03722069 0.38908405 0.29981621
v -0.04609093 0.38616712 0.29981621
v -0.00232692 0.43517691 0.11770223
v -0.00986392 0.43491304 0.11770223
v -0.09452883 0.42280409 0.11770223
v -0.12693781 0.36557407 0.29981621
v -0.04609093 0.38616712 0.29981621
v -0.12693781 0.36557407 0.29981621
v -0.09452883 0.42280409 0.11770223
v -0.10184281 0.42094097 0.11770223
v -0.14276983 0.40813101 0.11770223
v -0.20139080 0.32838799 0.29981621
v -0.12693781 0.36557407 0.29981621
v -0.20139080 0.32838799 0.29981621
v -0.14276983 0.40813101 0.11770223
v -0.22590382 0.36660910 0.11770223
v -0.22590382 0.36660910 0.11770223
v -0.23533881 0.30398492 0.29981621
v -0.20139080 0.32838799 0.29981621
v -0.23533881 0.30398492 0.29981621
v -0.22590382 0.36660910 0.11770223
v -0.22897480 0.36440212 0.11770223
v -0.29568872 0.31079111 0.11770224
v -0.29426783 0.24515202 0.29981621
v -0.23533881 0.30398492 0.29981621
v -0.29426783 0.24515202 0.29981621
v -0.29568872 0.31079111 0.11770224
v -0.30101994 0.30546901 0.11770224
v -0.36230275 0.13583502 0.29981622
v -0.29426783 0.24515202 0.29981621
v -0.37752092 0.16739301 0.24371725
v -0.36230987 -0.13586499 0.29976416
v -0.29430974 -0.24512698 0.29981623
v -0.36236271 -0.13572799 0.29981623
v -0.29430974 -0.24512698 0.29981623
v -0.36230987 -0.13586499 0.29976416
v -0.37762278 -0.16749900 0.24330725
v -0.30100292 -0.30544489 0.11770226
v -0.26640379 -0.27610790 0.29981623
v -0.29430974 -0.24512698 0.29981623
v -0.26640379 -0.27610790 0.29981623
v -0.30100292 -0.30544489 0.11770226
v -0.29847789 -0.30824804 0.11770226
v -0.26661181 -0.33685401 0.11770226
v -0.20144682 -0.32834806 0.29981623
v -0.26640379 -0.27610790 0.29981623
v -0.20144682 -0.32834806 0.29981623
v -0.26661181 -0.33685401 0.11770226
v -0.26073477 -0.34158095 0.11770226
v -0.18874282 -0.38775208 0.11770226
v -0.12688081 -0.36561494 0.29981623
v -0.20144682 -0.32834806 0.29981623
v -0.12688081 -0.36561494 0.29981623
v -0.18874282 -0.38775208 0.11770226
v -0.18199682 -0.39112392 0.11770226
v -0.10182984 -0.42091509 0.11770226
v -0.08703083 -0.37803404 0.29981623
v -0.12688081 -0.36561494 0.29981623
v -0.08703083 -0.37803404 0.29981623
v -0.10182984 -0.42091509 0.11770226
v -0.09822481 -0.42203900 0.11770226
v -0.05622452 -0.43039107 0.11770226
v -0.00451252 -0.38983588 0.29981623
v -0.08703083 -0.37803404 0.29981623
v -0.00451252 -0.38983588 0.29981623
v -0.05622452 -0.43039107 0.11770226
v -0.04875933 -0.43145811 0.11770226
v -0.00610132 -0.43521404 0.11770226
v 0.03722069 -0.38908403 0.29981623
v -0.00451252 -0.38983588 0.29981623
v 0.03722069 -0.38908403 0.29981623
v -0.00610132 -0.43521404 0.11770226
v -0.00232592 -0.43514591 0.11770226
v 0.08297757 -0.42901897 0.11770226
v 0.11925016 -0.37423291 0.29981623
v 0.03722069 -0.38908403 0.29981623
v 0.11925016 -0.37423291 0.29981623
v 0.08297757 -0.42901897 0.11770226
v 0.09039859 -0.42767608 0.11770226
v 0.17249417 -0.40348509 0.11770226
v 0.15866120 -0.36028298 0.29981623
v 0.11925016 -0.37423291 0.29981623
v 0.15866120 -0.36028298 0.29981623
v 0.17249417 -0.40348509 0.11770226
v 0.17605917 -0.40222296 0.11770226
v 0.17605917 -0.40222296 0.11770226
v 0.23168619 -0.32036408 0.29981623
v 0.15866120 -0.36028298 0.29981623
v 0.23168619 -0.32036408 0.29981623
v 0.17605917 -0.40222296 0.11770226
v 0.25759816 -0.35765004 0.11770226
v 0.29147318 -0.33135187 0.11770226
v 0.29476628 -0.26566293 0.29981623
v 0.23168619 -0.32036408 0.29981623
v 0.29476628 -0.26566293 0.29981623
v 0.29147318 -0.33135187 0.11770226
v 0.29718029 -0.32640394 0.11770226
v 0.29476628 -0.26566293 0.29981623
v 0.38367721 -0.22218600 0.11770225
v 0.34462216 -0.19902598 0.29981623
v 0.38367721 -0.22218600 0.11770225
v 0.29476628 -0.26566293 0.29981623
v 0.32800928 -0.29659301 0.11770226
v 0.34462216 -0.19902598 0.29981623
v 0.40533018 -0.18077100 0.11770225
v 0.36402318 -0.16191601 0.29981623
v 0.40533018 -0.18077100 0.11770225
v 0.34462216 -0.19902598 0.29981623
v 0.38367721 -0.22218600 0.11770225
v 0.36402318 -0.16191601 0.29981623
v 0.43466315 -0.09259569 0.11770225
v 0.39029413 -0.08294808 0.29981622
v 0.43466315 -0.09259569 0.11770225
v 0.36402318 -0.16191601 0.29981623
v 0.40533018 -0.18077100 0.11770225
v -0.36230275 0.13583502 0.29981622
v -0.37752092 0.16739301 0.24371725
v -0.37746885 0.16724900 0.24390825
v -0.37746885 0.16724900 0.24390825
v -0.37765273 0.16724900 0.24395824
v -0.36250293 0.13583502 0.29981622
v -0.38326794 0.16724301 0.22325825
v -0.36250293 0.13583502 0.29981622
v -0.37765273 0.16724900 0.24395824
v -0.36250293 0.13583502 0.29981622
v -0.38326794 0.16724301 0.22325825
v -0.38326794 -0.16754398 0.22325826
v -0.36250293 0.13583502 0.29981622
v -0.38326794 -0.16754398 0.22325826
v -0.36250293 -0.13600299 0.29981623
v -0.36250293 -0.13600299 0.29981623
v -0.38326794 -0.16754398 0.22325826
v -0.37777591 -0.16753798 0.24350627
v -0.36230987 -0.13586499 0.29976416
v -0.36237183 -0.13574797 0.29978118
v -0.36250293 -0.13600299 0.29981623
v 0.43466315 -0.09259569 0.11770225
v 0.44155008 -0.05026731 0.11770225
v 0.39029413 -0.08294808 0.29981622
v 0.44235730 -0.04275709 0.11770225
v 0.44462121 0.00006811 0.11770225
v 0.39921513 0.00006811 0.29981622
v 0.40357912 0.18412400 0.11770224
v 0.35995412 0.25775490 0.11770224
v 0.34467220 0.19897602 0.29981621
v 0.35543519 0.26379297 0.11770224
v 0.32702222 0.29554806 0.11770224
v 0.29472613 0.26572008 0.29981621
v 0.29472613 0.26572008 0.29981621
v 0.32702222 0.29554806 0.11770224
v 0.29717624 0.32640905 0.11770223
v 0.22124618 0.38015697 0.11770223
v 0.23175317 0.32033999 0.29981621
v 0.29147926 0.33135012 0.11770223
v 0.17593320 0.40227604 0.11770223
v 0.15853618 0.36033509 0.29981621
v 0.21462318 0.38377598 0.11770223
v -0.00232692 0.43517691 0.11770223
v 0.03722069 0.38908405 0.29981621
v 0.08303378 0.42898214 0.11770223
v -0.09452883 0.42280409 0.11770223
v -0.04609093 0.38616712 0.29981621
v -0.00986392 0.43491304 0.11770223
v -0.14276983 0.40813101 0.11770223
v -0.12693781 0.36557407 0.29981621
v -0.10184281 0.42094097 0.11770223
v -0.29568872 0.31079111 0.11770224
v -0.23533881 0.30398492 0.29981621
v -0.22897480 0.36440212 0.11770223
v -0.29426783 0.24515202 0.29981621
v -0.30101994 0.30546901 0.11770224
v -0.32959288 0.27368096 0.11770224
v -0.33868787 0.26280389 0.11770224
v -0.29426783 0.24515202 0.29981621
v -0.32959288 0.27368096 0.11770224
v -0.29426783 0.24515202 0.29981621
v -0.33868787 0.26280389 0.11770224
v -0.37752092 0.16739301 0.24371725
v -0.29430974 -0.24512698 0.29981623
v -0.37762278 -0.16749900 0.24330725
v -0.37766975 -0.16750798 0.24313325
v -0.37762278 -0.16749900 0.24330725
v -0.36230987 -0.13586499 0.29976416
v -0.36230987 -0.13600299 0.29976416
v -0.31125894 -0.29328110 0.11770226
v -0.29430974 -0.24512698 0.29981623
v -0.37766975 -0.16750798 0.24313325
v -0.29430974 -0.24512698 0.29981623
v -0.31125894 -0.29328110 0.11770226
v -0.30100292 -0.30544489 0.11770226
v -0.26661181 -0.33685401 0.11770226
v -0.26640379 -0.27610790 0.29981623
v -0.29847789 -0.30824804 0.11770226
v -0.22595881 -0.36656898 0.11770226
v -0.20144682 -0.32834806 0.29981623
v -0.26073477 -0.34158095 0.11770226
v -0.18874282 -0.38775208 0.11770226
v -0.20144682 -0.32834806 0.29981623
v -0.22595881 -0.36656898 0.11770226
v -0.10182984 -0.42091509 0.11770226
v -0.12688081 -0.36561494 0.29981623
v -0.18199682 -0.39112392 0.11770226
v -0.05622452 -0.43039107 0.11770226
v -0.08703083 -0.37803404 0.29981623
v -0.09822481 -0.42203900 0.11770226
v -0.00610132 -0.43521404 0.11770226
v -0.00451252 -0.38983588 0.29981623
v -0.04875933 -0.43145811 0.11770226
v 0.08297757 -0.42901897 0.11770226
v 0.03722069 -0.38908403 0.29981623
v -0.00232592 -0.43514591 0.11770226
v 0.17249417 -0.40348509 0.11770226
v 0.11925016 -0.37423291 0.29981623
v 0.09039859 -0.42767608 0.11770226
v 0.29147318 -0.33135187 0.11770226
v 0.23168619 -0.32036408 0.29981623
v 0.25759816 -0.35765004 0.11770226
v 0.32800928 -0.29659301 0.11770226
v 0.29476628 -0.26566293 0.29981623
v 0.29718029 -0.32640394 0.11770226
v -0.37746885 0.16724900 0.24390825
v -0.37752092 0.16739301 0.24371725
v -0.38126487 0.16724900 0.22991426
v -0.37758288 -0.16753798 0.24345324
v -0.36250293 -0.13600299 0.29981623
v -0.37777591 -0.16753798 0.24350627
v -0.38326794 -0.19677600 0.11770225
v -0.38326794 -0.16500000 0.17356127
v -0.38326794 -0.16500000 0.11770225
v -0.38326794 -0.16500000 0.17356127
v -0.38326794 -0.19677600 0.11770225
v -0.38326794 -0.16750798 0.22249425
v -0.38326794 -0.16750798 0.22249425
v -0.38326794 -0.19677600 0.11770225
v -0.38326794 -0.19373600 0.14602426
v -0.38326794 0.16500001 0.11770224
v -0.38326794 0.19315601 0.14741825
v -0.38326794 0.19637299 0.11770224
v -0.38326794 0.19315601 0.14741825
v -0.38326794 0.16500001 0.11770224
v -0.38326794 0.19029901 0.15783324
v -0.38326794 0.19029901 0.15783324
v -0.38326794 0.16500001 0.11770224
v -0.38326794 0.16738401 0.22252924
v -0.38326794 0.16738401 0.22252924
v -0.38326794 0.16500001 0.11770224
v -0.38326794 0.16724301 0.22252924
v -0.38326794 0.16724301 0.22252924
v -0.38326794 0.16500001 0.11770224
v -0.38326794 0.16724301 0.22325825
v -0.38326794 0.16724301 0.22325825
v -0.38326794 0.16500001 0.11770224
v -0.38326794 0.16500001 0.17356125
v -0.38326794 0.16724301 0.22325825
v -0.38326794 0.16500001 0.17356125
v -0.38326794 -0.16754398 0.22325826
v -0.38326794 -0.16754398 0.22325826
v -0.38326794 0.16500001 0.17356125
v -0.38326794 -0.16500000 0.17356127
v -0.38326794 -0.16754398 0.22325826
v -0.38326794 -0.16500000 0.17356127
v -0.38326794 -0.16750798 0.22249425
v -0.38326794 -0.16754398 0.22325826
v -0.38326794 -0.16750798 0.22249425
v -0.38326794 -0.16754500 0.22249425
v -0.36230987 -0.13586499 0.29976416
v -0.36250293 -0.13600299 0.29981623
v -0.36230987 -0.13600299 0.29976416
v -0.34870589 0.24970501 0.11770224
v -0.37752092 0.16739301 0.24371725
v -0.33868787 0.26280389 0.11770224
v -0.37752092 0.16739301 0.24371725
v -0.34870589 0.24970501 0.11770224
v -0.38326794 0.19029901 0.15783324
v -0.37752092 0.16739301 0.24371725
v -0.38326794 0.19029901 0.15783324
v -0.38326794 0.16738401 0.22252924
v -0.37758288 -0.16753798 0.24345324
v -0.37762278 -0.16749900 0.24330725
v -0.36230987 -0.13600299 0.29976416
v -0.31125894 -0.29328110 0.11770226
v -0.37766975 -0.16750798 0.24313325
v -0.37769872 -0.16750900 0.24302425
v -0.38326794 0.16738401 0.22252924
v -0.38126487 0.16724900 0.22991426
v -0.37752092 0.16739301 0.24371725
v -0.38126487 0.16724900 0.22991426
v -0.38326794 0.16738401 0.22252924
v -0.38326794 0.16724301 0.22252924
v -0.37758288 -0.16753798 0.24345324
v -0.36230987 -0.13600299 0.29976416
v -0.36250293 -0.13600299 0.29981623
v -0.38326794 -0.16500000 0.17356127
v -0.53601873 0.16500001 0.21449124
v -0.53601873 -0.16500000 0.21449125
v -0.53601873 0.16500001 0.21449124
v -0.38326794 -0.16500000 0.17356127
v -0.38326794 0.16500001 0.17356125
v -0.58260691 -0.16500001 0.04062456
v -0.42546976 -0.16500001 0.00887286
v -0.58001786 -0.16500000 0.05028387
v -0.42546976 -0.16500001 0.00887286
v -0.58260691 -0.16500001 0.04062456
v -0.46286771 -0.16500001 0.00854076
v -0.46286771 -0.16500001 -0.00229783
v -0.46285272 -0.16500001 0.00770226
v -0.46286771 -0.16500001 0.00854076
v -0.42546976 -0.16500001 0.00887286
v -0.39326790 -0.16500000 0.11770225
v -0.38405886 -0.16500000 0.16342126
v -0.39326790 -0.16500000 0.11770225
v -0.42546976 -0.16500001 0.00887286
v -0.39326790 -0.16500001 0.00770226
v -0.39326790 -0.16500001 0.00770226
v -0.42546976 -0.16500001 0.00887286
v -0.46286771 -0.16500001 0.00854076
v -0.39326790 -0.16500001 0.00770226
v -0.46286771 -0.16500001 0.00854076
v -0.46285272 -0.16500001 0.00770226
v -0.53860670 -0.16500000 0.20483225
v -0.38326794 -0.16500000 0.17356127
v -0.53601873 -0.16500000 0.21449125
v -0.38326794 -0.16500000 0.17356127
v -0.53860670 -0.16500000 0.20483225
v -0.38405886 -0.16500000 0.16342126
v -0.38326794 -0.16500000 0.17356127
v -0.38405886 -0.16500000 0.16342126
v -0.38326794 -0.16500000 0.11770225
v -0.38326794 -0.16500000 0.11770225
v -0.38405886 -0.16500000 0.16342126
v -0.39326790 -0.16500000 0.11770225
v -0.36935279 -0.22104999 0.11770225
v -0.38326794 -0.19373600 0.14602426
v -0.38326794 -0.19677600 0.11770225
v -0.38326794 -0.19373600 0.14602426
v -0.37769872 -0.16750900 0.24302425
v -0.38326794 -0.16750798 0.22249425
v -0.37769872 -0.16750900 0.24302425
v -0.38326794 -0.19373600 0.14602426
v -0.36263093 -0.22955200 0.11770225
v -0.36263093 -0.22955200 0.11770225
v -0.38326794 -0.19373600 0.14602426
v -0.36935279 -0.22104999 0.11770225
v -0.38326794 -0.16754500 0.22249425
v -0.38326794 -0.16750798 0.22249425
v -0.38118282 -0.16753798 0.23018225
v -0.38326794 -0.16754500 0.22249425
v -0.38118282 -0.16753798 0.23018225
v -0.38326794 -0.16754398 0.22325826
v -0.38326794 0.16724301 0.22252924
v -0.38326794 0.16724301 0.22325825
v -0.38126487 0.16724900 0.22991426
v -0.36796290 0.22273900 0.11770224
v -0.38326794 0.19029901 0.15783324
v -0.34870589 0.24970501 0.11770224
v -0.38326794 0.19029901 0.15783324
v -0.36796290 0.22273900 0.11770224
v -0.38326794 0.19315601 0.14741825
v -0.38326794 0.19315601 0.14741825
v -0.36796290 0.22273900 0.11770224
v -0.38326794 0.19637299 0.11770224
v -0.38326794 0.16500001 0.17356125
v -0.53860670 0.16500001 0.20483224
v -0.53601873 0.16500001 0.21449124
v -0.53860670 0.16500001 0.20483224
v -0.38326794 0.16500001 0.17356125
v -0.38405886 0.16500001 0.16342125
v -0.38405886 0.16500001 0.16342125
v -0.38326794 0.16500001 0.17356125
v -0.38326794 0.16500001 0.11770224
v -0.38405886 0.16500001 0.16342125
v -0.38326794 0.16500001 0.11770224
v -0.39326790 0.16500001 0.11770224
v -0.38405886 0.16500001 0.16342125
v -0.39326790 0.16500001 0.11770224
v -0.42546976 0.16500001 0.00887285
v -0.42546976 0.16500001 0.00887285
v -0.39326790 0.16500001 0.11770224
v -0.39326790 0.16500001 0.00770225
v -0.42546976 0.16500001 0.00887285
v -0.39326790 0.16500001 0.00770225
v -0.46286771 0.16500001 0.00854075
v -0.46286771 0.16500001 0.00854075
v -0.39326790 0.16500001 0.00770225
v -0.46285272 0.16500001 0.00770225
v -0.46286771 0.16500001 0.00854075
v -0.46285272 0.16500001 0.00770225
v -0.46286771 0.16500001 -0.00229784
v -0.42546976 0.16500001 0.00887285
v -0.58260691 0.16500001 0.04062455
v -0.58001786 0.16500001 0.05028386
v -0.58260691 0.16500001 0.04062455
v -0.42546976 0.16500001 0.00887285
v -0.46286771 0.16500001 0.00854075
v -0.31125894 -0.29328110 0.11770226
v -0.37769872 -0.16750900 0.24302425
v -0.36263093 -0.22955200 0.11770225
v -0.58001786 0.25500000 0.05028386
v -0.57484186 0.22199999 0.06960236
v -0.53860670 0.25500000 0.20483223
v -0.57484186 0.22199999 0.06960236
v -0.58001786 0.25500000 0.05028386
v -0.58001786 0.16500001 0.05028386
v -0.57484186 0.22199999 0.06960236
v -0.58001786 0.16500001 0.05028386
v -0.57484186 0.17800001 0.06960236
v -0.57484186 0.17800001 0.06960236
v -0.58001786 0.16500001 0.05028386
v -0.54378372 0.17800001 0.18551325
v -0.58260691 -0.16500001 0.04062456
v -0.58001786 0.16500001 0.05028386
v -0.58260691 0.16500001 0.04062455
v -0.58001786 0.16500001 0.05028386
v -0.58260691 -0.16500001 0.04062456
v -0.53860670 0.16500001 0.20483224
v -0.53860670 0.16500001 0.20483224
v -0.58260691 -0.16500001 0.04062456
v -0.53601873 0.16500001 0.21449124
v -0.53601873 0.16500001 0.21449124
v -0.58260691 -0.16500001 0.04062456
v -0.53601873 -0.16500000 0.21449125
v -0.53601873 -0.16500000 0.21449125
v -0.58260691 -0.16500001 0.04062456
v -0.58001786 -0.16500000 0.05028387
v -0.53601873 -0.16500000 0.21449125
v -0.58001786 -0.16500000 0.05028387
v -0.53860670 -0.16500000 0.20483225
v -0.53860670 0.25500000 0.20483223
v -0.54378372 0.22199999 0.18551325
v -0.53860670 0.16500001 0.20483224
v -0.54378372 0.22199999 0.18551325
v -0.53860670 0.25500000 0.20483223
v -0.57484186 0.22199999 0.06960236
v -0.53860670 0.16500001 0.20483224
v -0.54378372 0.22199999 0.18551325
v -0.54378372 0.17800001 0.18551325
v -0.53860670 0.16500001 0.20483224
v -0.54378372 0.17800001 0.18551325
v -0.58001786 0.16500001 0.05028386
v -0.58001786 -0.16500000 0.05028387
v -0.55465978 -0.18676899 0.14492427
v -0.53860670 -0.16500000 0.20483225
v -0.55465978 -0.18676899 0.14492427
v -0.58001786 -0.16500000 0.05028387
v -0.58001786 -0.25499999 0.05028388
v -0.55465978 -0.18676899 0.14492427
v -0.58001786 -0.25499999 0.05028388
v -0.55465978 -0.21326898 0.14492428
v -0.55465978 -0.21326898 0.14492428
v -0.58001786 -0.25499999 0.05028388
v -0.54780072 -0.21326897 0.17052127
v -0.53860670 -0.16500000 0.20483225
v -0.54780072 -0.18676899 0.17052127
v -0.53860670 -0.25499999 0.20483225
v -0.54780072 -0.18676899 0.17052127
v -0.53860670 -0.16500000 0.20483225
v -0.55465978 -0.18676899 0.14492427
v -0.53860670 -0.25499999 0.20483225
v -0.54780072 -0.18676899 0.17052127
v -0.54780072 -0.21326897 0.17052127
v -0.53860670 -0.25499999 0.20483225
v -0.54780072 -0.21326897 0.17052127
v -0.58001786 -0.25499999 0.05028388
v -0.38405886 -0.25499999 0.16342127
v -0.53860670 -0.16500000 0.20483225
v -0.53860670 -0.25499999 0.20483225
v -0.53860670 -0.16500000 0.20483225
v -0.38405886 -0.25499999 0.16342127
v -0.38405886 -0.16500000 0.16342126
v -0.38405886 -0.25499999 0.16342127
v -0.42546976 -0.16500001 0.00887286
v -0.38405886 -0.16500000 0.16342126
v -0.42546976 -0.16500001 0.00887286
v -0.38405886 -0.25499999 0.16342127
v -0.42546976 -0.25499999 0.00887287
v -0.39326790 -0.25945491 0.00770227
v -0.39326790 -0.16500000 0.11770225
v -0.39326790 -0.16500001 0.00770226
v -0.39326790 -0.16500000 0.11770225
v -0.39326790 -0.25945491 0.00770227
v -0.39326790 -0.25945490 0.11770225
v -0.38118282 -0.16753798 0.23018225
v -0.38326794 -0.16750798 0.22249425
v -0.37769872 -0.16750900 0.24302425
v -0.38405886 0.16500001 0.16342125
v -0.53860670 0.25500000 0.20483223
v -0.53860670 0.16500001 0.20483224
v -0.53860670 0.25500000 0.20483223
v -0.38405886 0.16500001 0.16342125
v -0.38405886 0.25500000 0.16342125
v -0.38405886 0.25500000 0.16342125
v -0.58001786 0.25500000 0.05028386
v -0.53860670 0.25500000 0.20483223
v -0.58001786 0.25500000 0.05028386
v -0.38405886 0.25500000 0.16342125
v -0.41521171 0.25500000 0.11770224
v -0.41521171 0.25500000 0.11770224
v -0.38405886 0.25500000 0.16342125
v -0.39630881 0.25500000 0.11770224
v -0.58001786 0.25500000 0.05028386
v -0.41521171 0.25500000 0.11770224
v -0.41521171 0.25500000 0.04715786
v -0.58001786 0.25500000 0.05028386
v -0.41521171 0.25500000 0.04715786
v -0.42546976 0.25500000 0.00887285
v -0.58001786 -0.25499999 0.05028388
v -0.38405886 -0.25499999 0.16342127
v -0.53860670 -0.25499999 0.20483225
v -0.38405886 -0.25499999 0.16342127
v -0.58001786 -0.25499999 0.05028388
v -0.42546976 -0.25499999 0.00887287
v -0.38118282 -0.16753798 0.23018225
v -0.37769872 -0.16750900 0.24302425
v -0.37758288 -0.16753798 0.24345324
v -0.66691685 0.22199999 0.10461725
v -0.66248786 0.20000001 0.10242826
v -0.66691685 0.17800001 0.10461725
v -0.66248786 0.20000001 0.10242826
v -0.66691685 0.22199999 0.10461725
v -0.66008580 0.21000003 0.10124125
v -0.66008580 0.21000003 0.10124125
v -0.66691685 0.22199999 0.10461725
v -0.65352291 0.21732101 0.09799725
v -0.65352291 0.21732101 0.09799725
v -0.66691685 0.22199999 0.10461725
v -0.64455873 0.21999999 0.09356695
v -0.64455873 0.21999999 0.09356695
v -0.66691685 0.22199999 0.10461725
v -0.62120575 0.22199999 0.08202565
v -0.64455873 0.21999999 0.09356695
v -0.62120575 0.22199999 0.08202565
v -0.63559383 0.21732101 0.08913625
v -0.63559383 0.21732101 0.08913625
v -0.62120575 0.22199999 0.08202565
v -0.62903070 0.21000003 0.08589274
v -0.62903070 0.21000003 0.08589274
v -0.62120575 0.22199999 0.08202565
v -0.62662894 0.20000001 0.08470555
v -0.66691685 0.17800001 0.10461725
v -0.64455873 0.18000000 0.09356696
v -0.62120575 0.17800001 0.08202565
v -0.64455873 0.18000000 0.09356696
v -0.66691685 0.17800001 0.10461725
v -0.65352291 0.18267902 0.09799725
v -0.65352291 0.18267902 0.09799725
v -0.66691685 0.17800001 0.10461725
v -0.66008580 0.19000000 0.10124125
v -0.66008580 0.19000000 0.10124125
v -0.66691685 0.17800001 0.10461725
v -0.66248786 0.20000001 0.10242826
v -0.62120575 0.17800001 0.08202565
v -0.64455873 0.18000000 0.09356696
v -0.63559383 0.18267902 0.08913625
v -0.62120575 0.17800001 0.08202565
v -0.63559383 0.18267902 0.08913625
v -0.62903070 0.19000000 0.08589275
v -0.62120575 0.17800001 0.08202565
v -0.62903070 0.19000000 0.08589275
v -0.62662894 0.20000001 0.08470555
v -0.62120575 0.17800001 0.08202565
v -0.62662894 0.20000001 0.08470555
v -0.62120575 0.22199999 0.08202565
v -0.56757593 0.22200000 0.22035823
v -0.58258784 0.22200000 0.21870825
v -0.57587689 0.22200000 0.22258326
v -0.58258784 0.22200000 0.21870825
v -0.56757593 0.22200000 0.22035823
v -0.56333292 0.22200000 0.21301026
v -0.58258784 0.22200000 0.21870825
v -0.56333292 0.22200000 0.21301026
v -0.59014791 0.22199999 0.19793724
v -0.59014791 0.22199999 0.19793724
v -0.56333292 0.22200000 0.21301026
v -0.56889778 0.22199999 0.19224323
v -0.59014791 0.22199999 0.19793724
v -0.66691685 0.22199999 0.10461725
v -0.64102995 0.22199999 0.20122726
v -0.66691685 0.22199999 0.10461725
v -0.59014791 0.22199999 0.19793724
v -0.56889778 0.22199999 0.19224323
v -0.66691685 0.22199999 0.10461725
v -0.56889778 0.22199999 0.19224323
v -0.54378372 0.22199999 0.18551325
v -0.66691685 0.22199999 0.10461725
v -0.54378372 0.22199999 0.18551325
v -0.57484186 0.22199999 0.06960236
v -0.66691685 0.22199999 0.10461725
v -0.57484186 0.22199999 0.06960236
v -0.62120575 0.22199999 0.08202565
v -0.57484186 0.22199999 0.06960236
v -0.62120575 0.17800001 0.08202565
v -0.62120575 0.22199999 0.08202565
v -0.62120575 0.17800001 0.08202565
v -0.57484186 0.22199999 0.06960236
v -0.57484186 0.17800001 0.06960236
v -0.66691685 0.17800001 0.10461725
v -0.59014791 0.17800001 0.19793724
v -0.64102995 0.17800001 0.20122726
v -0.59014791 0.17800001 0.19793724
v -0.66691685 0.17800001 0.10461725
v -0.56889778 0.17800001 0.19224323
v -0.56889778 0.17800001 0.19224323
v -0.66691685 0.17800001 0.10461725
v -0.54378372 0.17800001 0.18551325
v -0.54378372 0.17800001 0.18551325
v -0.66691685 0.17800001 0.10461725
v -0.57484186 0.17800001 0.06960236
v -0.57484186 0.17800001 0.06960236
v -0.66691685 0.17800001 0.10461725
v -0.62120575 0.17800001 0.08202565
v -0.58258784 0.17800001 0.21870826
v -0.56757593 0.17800001 0.22035823
v -0.57587689 0.17800001 0.22258326
v -0.56757593 0.17800001 0.22035823
v -0.58258784 0.17800001 0.21870826
v -0.56333292 0.17800001 0.21301026
v -0.56333292 0.17800001 0.21301026
v -0.58258784 0.17800001 0.21870826
v -0.59014791 0.17800001 0.19793724
v -0.56333292 0.17800001 0.21301026
v -0.59014791 0.17800001 0.19793724
v -0.56889778 0.17800001 0.19224323
v -0.66691685 0.17800001 0.10461725
v -0.64102995 0.22199999 0.20122726
v -0.66691685 0.22199999 0.10461725
v -0.64102995 0.22199999 0.20122726
v -0.66691685 0.17800001 0.10461725
v -0.64102995 0.17800001 0.20122726
v -0.56757593 0.17800001 0.22035823
v -0.57587689 0.22200000 0.22258326
v -0.57587689 0.17800001 0.22258326
v -0.57587689 0.22200000 0.22258326
v -0.56757593 0.17800001 0.22035823
v -0.56757593 0.22200000 0.22035823
v -0.56757593 0.17800001 0.22035823
v -0.56333292 0.22200000 0.21301026
v -0.56757593 0.22200000 0.22035823
v -0.56333292 0.22200000 0.21301026
v -0.56757593 0.17800001 0.22035823
v -0.56333292 0.17800001 0.21301026
v -0.56333292 0.17800001 0.21301026
v -0.56889778 0.22199999 0.19224323
v -0.56333292 0.22200000 0.21301026
v -0.56889778 0.22199999 0.19224323
v -0.56333292 0.17800001 0.21301026
v -0.56889778 0.17800001 0.19224323
v -0.54378372 0.17800001 0.18551325
v -0.56889778 0.22199999 0.19224323
v -0.56889778 0.17800001 0.19224323
v -0.56889778 0.22199999 0.19224323
v -0.54378372 0.17800001 0.18551325
v -0.54378372 0.22199999 0.18551325
v -0.59014791 0.17800001 0.19793724
v -0.64102995 0.22199999 0.20122726
v -0.64102995 0.17800001 0.20122726
v -0.64102995 0.22199999 0.20122726
v -0.59014791 0.17800001 0.19793724
v -0.59014791 0.22199999 0.19793724
v -0.59014791 0.17800001 0.19793724
v -0.58258784 0.22200000 0.21870825
v -0.59014791 0.22199999 0.19793724
v -0.58258784 0.22200000 0.21870825
v -0.59014791 0.17800001 0.19793724
v -0.58258784 0.17800001 0.21870826
v -0.57587689 0.17800001 0.22258326
v -0.58258784 0.22200000 0.21870825
v -0.58258784 0.17800001 0.21870826
v -0.58258784 0.22200000 0.21870825
v -0.57587689 0.17800001 0.22258326
v -0.57587689 0.22200000 0.22258326
v -0.59056395 -0.19351898 0.13073326
v -0.59056395 -0.20651897 0.13073326
v -0.59224594 -0.20001900 0.13118427
v -0.59056395 -0.20651897 0.13073326
v -0.59056395 -0.19351898 0.13073326
v -0.58596784 -0.18875999 0.12950224
v -0.59056395 -0.20651897 0.13073326
v -0.58596784 -0.18875999 0.12950224
v -0.58596784 -0.21127699 0.12950224
v -0.58596784 -0.21127699 0.12950224
v -0.58596784 -0.18875999 0.12950224
v -0.57968897 -0.18701900 0.12781928
v -0.58596784 -0.21127699 0.12950224
v -0.57968897 -0.18701900 0.12781928
v -0.57968897 -0.21301899 0.12781928
v -0.57968897 -0.21301899 0.12781928
v -0.57968897 -0.18701900 0.12781928
v -0.57341081 -0.18875999 0.12613726
v -0.57968897 -0.21301899 0.12781928
v -0.57341081 -0.18875999 0.12613726
v -0.57341081 -0.21127699 0.12613726
v -0.57341081 -0.21127699 0.12613726
v -0.57341081 -0.18875999 0.12613726
v -0.56881499 -0.19351898 0.12490625
v -0.57341081 -0.21127699 0.12613726
v -0.56881499 -0.19351898 0.12490625
v -0.56881499 -0.20651897 0.12490625
v -0.56881499 -0.20651897 0.12490625
v -0.56881499 -0.19351898 0.12490625
v -0.56713194 -0.20001900 0.12445527
v -0.58596784 -0.21127699 0.12950224
v -0.58402091 -0.20662398 0.15491726
v -0.59056395 -0.20651897 0.13073326
v -0.59056395 -0.20651897 0.13073326
v -0.58603489 -0.20204000 0.15375427
v -0.59224594 -0.20001900 0.13118427
v -0.58599573 -0.20002199 0.15377628
v -0.59056395 -0.19351898 0.13073326
v -0.59224594 -0.20001900 0.13118427
v -0.58596784 -0.18875999 0.12950224
v -0.59056395 -0.19351898 0.13073326
v -0.58395892 -0.19356401 0.15495226
v -0.57968897 -0.18701900 0.12781928
v -0.58596784 -0.18875999 0.12950224
v -0.57825381 -0.18877299 0.15824627
v -0.57341081 -0.18875999 0.12613726
v -0.57968897 -0.18701900 0.12781928
v -0.56952184 -0.18706598 0.16147327
v -0.56881499 -0.19351898 0.12490625
v -0.57341081 -0.18875999 0.12613726
v -0.56238979 -0.19341398 0.14912126
v -0.56713194 -0.20001900 0.12445527
v -0.56881499 -0.19351898 0.12490625
v -0.56122696 -0.19799698 0.14710625
v -0.56881499 -0.20651897 0.12490625
v -0.56713194 -0.20001900 0.12445527
v -0.56124985 -0.20001600 0.14714528
v -0.56881499 -0.20651897 0.12490625
v -0.56242478 -0.20647297 0.14918227
v -0.57341081 -0.21127699 0.12613726
v -0.57341081 -0.21127699 0.12613726
v -0.56571895 -0.21126398 0.15488826
v -0.57968897 -0.21301899 0.12781928
v -0.57968897 -0.21301899 0.12781928
v -0.57166892 -0.21297098 0.16204826
v -0.58596784 -0.21127699 0.12950224
v -0.58402091 -0.20662398 0.15491726
v -0.58406997 -0.20651099 0.15488826
v -0.59056395 -0.20651897 0.13073326
v -0.58596784 -0.21127699 0.12950224
v -0.57885176 -0.21098798 0.15790125
v -0.58402091 -0.20662398 0.15491726
v -0.58603489 -0.20204000 0.15375427
v -0.58599573 -0.20002199 0.15377628
v -0.59224594 -0.20001900 0.13118427
v -0.59056395 -0.20651897 0.13073326
v -0.58406997 -0.20651099 0.15488826
v -0.58603489 -0.20204000 0.15375427
v -0.58599573 -0.20002199 0.15377628
v -0.58594978 -0.19759698 0.15380327
v -0.59056395 -0.19351898 0.13073326
v -0.58594978 -0.19759698 0.15380327
v -0.58395892 -0.19356401 0.15495226
v -0.59056395 -0.19351898 0.13073326
v -0.58395892 -0.19356401 0.15495226
v -0.58363384 -0.19290499 0.15514026
v -0.58596784 -0.18875999 0.12950224
v -0.58596784 -0.18875999 0.12950224
v -0.58363384 -0.19290499 0.15514026
v -0.57825381 -0.18877299 0.15824627
v -0.57968897 -0.18701900 0.12781928
v -0.57825381 -0.18877299 0.15824627
v -0.57818675 -0.18872298 0.15828425
v -0.56574076 -0.18887399 0.15492526
v -0.57341081 -0.18875999 0.12613726
v -0.56952184 -0.18706598 0.16147327
v -0.57341081 -0.18875999 0.12613726
v -0.56574076 -0.18887399 0.15492526
v -0.56537378 -0.18904998 0.15428928
v -0.57968897 -0.18701900 0.12781928
v -0.57030696 -0.18701900 0.16283426
v -0.56952184 -0.18706598 0.16147327
v -0.57341081 -0.18875999 0.12613726
v -0.56537378 -0.18904998 0.15428928
v -0.56238979 -0.19341398 0.14912126
v -0.56236082 -0.19352599 0.14907124
v -0.56881499 -0.19351898 0.12490625
v -0.56238979 -0.19341398 0.14912126
v -0.56122696 -0.19799698 0.14710625
v -0.56881499 -0.19351898 0.12490625
v -0.56236082 -0.19352599 0.14907124
v -0.56713194 -0.20001900 0.12445527
v -0.56122696 -0.19799698 0.14710625
v -0.56124985 -0.20001600 0.14714528
v -0.56881499 -0.20651897 0.12490625
v -0.56124985 -0.20001600 0.14714528
v -0.56127572 -0.20244000 0.14719128
v -0.56881499 -0.20651897 0.12490625
v -0.56127572 -0.20244000 0.14719128
v -0.56242478 -0.20647297 0.14918227
v -0.57341081 -0.21127699 0.12613726
v -0.56242478 -0.20647297 0.14918227
v -0.56261277 -0.20713199 0.14950826
v -0.57341081 -0.21127699 0.12613726
v -0.56261277 -0.20713199 0.14950826
v -0.56571895 -0.21126398 0.15488826
v -0.57968897 -0.21301899 0.12781928
v -0.56571895 -0.21126398 0.15488826
v -0.56575781 -0.21131497 0.15495426
v -0.57968897 -0.21301899 0.12781928
v -0.57030696 -0.21301899 0.16283426
v -0.57166892 -0.21297098 0.16204826
v -0.58596784 -0.21127699 0.12950224
v -0.57166892 -0.21297098 0.16204826
v -0.57821572 -0.21116299 0.15826827
v -0.58402091 -0.20662398 0.15491726
v -0.59349078 -0.21127699 0.16231727
v -0.58406997 -0.20651099 0.15488826
v -0.58596784 -0.21127699 0.12950224
v -0.57821572 -0.21116299 0.15826827
v -0.57885176 -0.21098798 0.15790125
v -0.58402091 -0.20662398 0.15491726
v -0.57885176 -0.21098798 0.15790125
v -0.59349078 -0.21127699 0.16231727
v -0.58599573 -0.20002199 0.15377628
v -0.58603489 -0.20204000 0.15375427
v -0.59472293 -0.20651897 0.15772127
v -0.58406997 -0.20651099 0.15488826
v -0.59472293 -0.20651897 0.15772127
v -0.58603489 -0.20204000 0.15375427
v -0.58594978 -0.19759698 0.15380327
v -0.58599573 -0.20002199 0.15377628
v -0.59517282 -0.20001900 0.15603926
v -0.58395892 -0.19356401 0.15495226
v -0.58594978 -0.19759698 0.15380327
v -0.59472293 -0.19351898 0.15772127
v -0.58363384 -0.19290499 0.15514026
v -0.58395892 -0.19356401 0.15495226
v -0.59349078 -0.18875999 0.16231727
v -0.58363384 -0.19290499 0.15514026
v -0.59349078 -0.18875999 0.16231727
v -0.57825381 -0.18877299 0.15824627
v -0.57825381 -0.18877299 0.15824627
v -0.59349078 -0.18875999 0.16231727
v -0.57818675 -0.18872298 0.15828425
v -0.57968897 -0.18701900 0.12781928
v -0.57818675 -0.18872298 0.15828425
v -0.57030696 -0.18701900 0.16283426
v -0.56574076 -0.18887399 0.15492526
v -0.56952184 -0.18706598 0.16147327
v -0.55367476 -0.18701900 0.15825627
v -0.55530876 -0.18884600 0.15215925
v -0.56537378 -0.18904998 0.15428928
v -0.56574076 -0.18887399 0.15492526
v -0.55364686 -0.18704600 0.15836324
v -0.56952184 -0.18706598 0.16147327
v -0.57030696 -0.18701900 0.16283426
v -0.56238979 -0.19341398 0.14912126
v -0.56537378 -0.18904998 0.15428928
v -0.55530876 -0.18884600 0.15215925
v -0.55628383 -0.19195498 0.14852027
v -0.56236082 -0.19352599 0.14907124
v -0.56238979 -0.19341398 0.14912126
v -0.55648172 -0.19365198 0.14778224
v -0.56122696 -0.19799698 0.14710625
v -0.56236082 -0.19352599 0.14907124
v -0.55695695 -0.19772700 0.14600926
v -0.56124985 -0.20001600 0.14714528
v -0.56122696 -0.19799698 0.14710625
v -0.55692089 -0.19999700 0.14614528
v -0.56127572 -0.20244000 0.14719128
v -0.56124985 -0.20001600 0.14714528
v -0.55685890 -0.20387199 0.14637724
v -0.56242478 -0.20647297 0.14918227
v -0.56127572 -0.20244000 0.14719128
v -0.55602372 -0.20921102 0.14949027
v -0.56261277 -0.20713199 0.14950826
v -0.56242478 -0.20647297 0.14918227
v -0.55602372 -0.20921102 0.14949027
v -0.56571895 -0.21126398 0.15488826
v -0.56261277 -0.20713199 0.14950826
v -0.55528796 -0.21104098 0.15223826
v -0.56575781 -0.21131497 0.15495426
v -0.56571895 -0.21126398 0.15488826
v -0.57968897 -0.21301899 0.12781928
v -0.56575781 -0.21131497 0.15495426
v -0.57030696 -0.21301899 0.16283426
v -0.57166892 -0.21297098 0.16204826
v -0.57030696 -0.21301899 0.16283426
v -0.59180880 -0.21301899 0.16859625
v -0.57821572 -0.21116299 0.15826827
v -0.57166892 -0.21297098 0.16204826
v -0.59180880 -0.21301899 0.16859625
v -0.58406997 -0.20651099 0.15488826
v -0.59349078 -0.21127699 0.16231727
v -0.59472293 -0.20651897 0.15772127
v -0.57885176 -0.21098798 0.15790125
v -0.57821572 -0.21116299 0.15826827
v -0.59349078 -0.21127699 0.16231727
v -0.58599573 -0.20002199 0.15377628
v -0.59472293 -0.20651897 0.15772127
v -0.59517282 -0.20001900 0.15603926
v -0.58594978 -0.19759698 0.15380327
v -0.59517282 -0.20001900 0.15603926
v -0.59472293 -0.19351898 0.15772127
v -0.58395892 -0.19356401 0.15495226
v -0.59472293 -0.19351898 0.15772127
v -0.59349078 -0.18875999 0.16231727
v -0.57818675 -0.18872298 0.15828425
v -0.59349078 -0.18875999 0.16231727
v -0.59180880 -0.18701900 0.16859624
v -0.57818675 -0.18872298 0.15828425
v -0.59180880 -0.18701900 0.16859624
v -0.57030696 -0.18701900 0.16283426
v -0.55367476 -0.18701900 0.15825627
v -0.56952184 -0.18706598 0.16147327
v -0.55364686 -0.18704600 0.15836324
v -0.55519295 -0.18847599 0.15259326
v -0.56574076 -0.18887399 0.15492526
v -0.55367476 -0.18701900 0.15825627
v -0.55530876 -0.18884600 0.15215925
v -0.56574076 -0.18887399 0.15492526
v -0.55519295 -0.18847599 0.15259326
v -0.55364686 -0.18704600 0.15836324
v -0.57030696 -0.18701900 0.16283426
v -0.55207580 -0.18851900 0.16422724
v -0.55628383 -0.19195498 0.14852027
v -0.56238979 -0.19341398 0.14912126
v -0.55530876 -0.18884600 0.15215925
v -0.55628383 -0.19195498 0.14852027
v -0.55648172 -0.19365198 0.14778224
v -0.56236082 -0.19352599 0.14907124
v -0.55648172 -0.19365198 0.14778224
v -0.55695695 -0.19772700 0.14600926
v -0.56122696 -0.19799698 0.14710625
v -0.55692089 -0.19999700 0.14614528
v -0.56124985 -0.20001600 0.14714528
v -0.55695695 -0.19772700 0.14600926
v -0.55685890 -0.20387199 0.14637724
v -0.56127572 -0.20244000 0.14719128
v -0.55692089 -0.19999700 0.14614528
v -0.55602372 -0.20921102 0.14949027
v -0.56242478 -0.20647297 0.14918227
v -0.55685890 -0.20387199 0.14637724
v -0.55602372 -0.20921102 0.14949027
v -0.55528796 -0.21104098 0.15223826
v -0.56571895 -0.21126398 0.15488826
v -0.55528796 -0.21104098 0.15223826
v -0.55482286 -0.21219499 0.15397225
v -0.56575781 -0.21131497 0.15495426
v -0.56575781 -0.21131497 0.15495426
v -0.55363590 -0.21270799 0.15840325
v -0.57030696 -0.21301899 0.16283426
v -0.55319196 -0.21290001 0.16006025
v -0.59180880 -0.21301899 0.16859625
v -0.57030696 -0.21301899 0.16283426
v -0.57821572 -0.21116299 0.15826827
v -0.59180880 -0.21301899 0.16859625
v -0.59349078 -0.21127699 0.16231727
v -0.59349078 -0.18875999 0.16231727
v -0.59012580 -0.18875999 0.17487427
v -0.59180880 -0.18701900 0.16859624
v -0.59012580 -0.18875999 0.17487427
v -0.59349078 -0.18875999 0.16231727
v -0.59472293 -0.19351898 0.15772127
v -0.59012580 -0.18875999 0.17487427
v -0.59472293 -0.19351898 0.15772127
v -0.58889496 -0.19351898 0.17947025
v -0.58889496 -0.19351898 0.17947025
v -0.59472293 -0.19351898 0.15772127
v -0.59517282 -0.20001900 0.15603926
v -0.58889496 -0.19351898 0.17947025
v -0.59517282 -0.20001900 0.15603926
v -0.58844382 -0.20001900 0.18115324
v -0.58844382 -0.20001900 0.18115324
v -0.59517282 -0.20001900 0.15603926
v -0.59472293 -0.20651897 0.15772127
v -0.58844382 -0.20001900 0.18115324
v -0.59472293 -0.20651897 0.15772127
v -0.58889496 -0.20651897 0.17947025
v -0.58889496 -0.20651897 0.17947025
v -0.59472293 -0.20651897 0.15772127
v -0.59349078 -0.21127699 0.16231727
v -0.58889496 -0.20651897 0.17947025
v -0.59349078 -0.21127699 0.16231727
v -0.59012580 -0.21127699 0.17487427
v -0.59012580 -0.21127699 0.17487427
v -0.59349078 -0.21127699 0.16231727
v -0.59180880 -0.21301899 0.16859625
v -0.57030696 -0.18701900 0.16283426
v -0.59180880 -0.18701900 0.16859624
v -0.59012580 -0.18875999 0.17487427
v -0.55364686 -0.18704600 0.15836324
v -0.55021578 -0.18676899 0.17116826
v -0.55367476 -0.18701900 0.15825627
v -0.55707383 -0.18676899 0.14557127
v -0.55519295 -0.18847599 0.15259326
v -0.55367476 -0.18701900 0.15825627
v -0.55519295 -0.18847599 0.15259326
v -0.55707383 -0.18676899 0.14557127
v -0.55530876 -0.18884600 0.15215925
v -0.55530876 -0.18884600 0.15215925
v -0.55707383 -0.18676899 0.14557127
v -0.55628383 -0.19195498 0.14852027
v -0.55628383 -0.19195498 0.14852027
v -0.55707383 -0.18676899 0.14557127
v -0.55695695 -0.19772700 0.14600926
v -0.55695695 -0.19772700 0.14600926
v -0.55707383 -0.18676899 0.14557127
v -0.55707383 -0.21326898 0.14557127
v -0.55628383 -0.19195498 0.14852027
v -0.55695695 -0.19772700 0.14600926
v -0.55648172 -0.19365198 0.14778224
v -0.57030696 -0.18701900 0.16283426
v -0.59012580 -0.18875999 0.17487427
v -0.55207580 -0.18851900 0.16422724
v -0.55021578 -0.18676899 0.17116826
v -0.55086273 -0.19270598 0.16875226
v -0.55031079 -0.19827900 0.17081425
v -0.55086273 -0.19270598 0.16875226
v -0.55021578 -0.18676899 0.17116826
v -0.55207580 -0.18851900 0.16422724
v -0.55207580 -0.18851900 0.16422724
v -0.55021578 -0.18676899 0.17116826
v -0.55364686 -0.18704600 0.15836324
v -0.55707383 -0.21326898 0.14557127
v -0.55692089 -0.19999700 0.14614528
v -0.55695695 -0.19772700 0.14600926
v -0.55707383 -0.21326898 0.14557127
v -0.55685890 -0.20387199 0.14637724
v -0.55692089 -0.19999700 0.14614528
v -0.55707383 -0.21326898 0.14557127
v -0.55602372 -0.20921102 0.14949027
v -0.55685890 -0.20387199 0.14637724
v -0.55602372 -0.20921102 0.14949027
v -0.55707383 -0.21326898 0.14557127
v -0.55528796 -0.21104098 0.15223826
v -0.55528796 -0.21104098 0.15223826
v -0.55707383 -0.21326898 0.14557127
v -0.55482286 -0.21219499 0.15397225
v -0.55482286 -0.21219499 0.15397225
v -0.55707383 -0.21326898 0.14557127
v -0.55363590 -0.21270799 0.15840325
v -0.55363590 -0.21270799 0.15840325
v -0.55707383 -0.21326898 0.14557127
v -0.55319196 -0.21290001 0.16006025
v -0.55319196 -0.21290001 0.16006025
v -0.55021578 -0.21326897 0.17116826
v -0.55198085 -0.21108899 0.16457825
v -0.55021578 -0.21326897 0.17116826
v -0.55319196 -0.21290001 0.16006025
v -0.55707383 -0.21326898 0.14557127
v -0.55482286 -0.21219499 0.15397225
v -0.55363590 -0.21270799 0.15840325
v -0.56575781 -0.21131497 0.15495426
v -0.55363590 -0.21270799 0.15840325
v -0.55319196 -0.21290001 0.16006025
v -0.57030696 -0.21301899 0.16283426
v -0.55319196 -0.21290001 0.16006025
v -0.59012580 -0.21127699 0.17487427
v -0.59180880 -0.21301899 0.16859625
v -0.55173469 -0.21072000 0.16550026
v -0.58889496 -0.20651897 0.17947025
v -0.59012580 -0.21127699 0.17487427
v -0.55065674 -0.20599798 0.16952027
v -0.58844382 -0.20001900 0.18115324
v -0.58889496 -0.20651897 0.17947025
v -0.55031079 -0.19827900 0.17081425
v -0.58889496 -0.19351898 0.17947025
v -0.58844382 -0.20001900 0.18115324
v -0.55086273 -0.19270598 0.16875226
v -0.59012580 -0.18875999 0.17487427
v -0.58889496 -0.19351898 0.17947025
v -0.55367476 -0.18701900 0.15825627
v -0.55021578 -0.18676899 0.17116826
v -0.55707383 -0.18676899 0.14557127
v -0.55465978 -0.18676899 0.14492427
v -0.55707383 -0.21326898 0.14557127
v -0.55707383 -0.18676899 0.14557127
v -0.55707383 -0.21326898 0.14557127
v -0.55465978 -0.18676899 0.14492427
v -0.55465978 -0.21326898 0.14492428
v -0.55207580 -0.18851900 0.16422724
v -0.59012580 -0.18875999 0.17487427
v -0.55086273 -0.19270598 0.16875226
v -0.55031079 -0.19827900 0.17081425
v -0.55086273 -0.19270598 0.16875226
v -0.58889496 -0.19351898 0.17947025
v -0.55027980 -0.20001900 0.17092726
v -0.55021578 -0.18676899 0.17116826
v -0.55031079 -0.19827900 0.17081425
v -0.55707383 -0.21326898 0.14557127
v -0.54780072 -0.21326897 0.17052127
v -0.55021578 -0.21326897 0.17116826
v -0.54780072 -0.21326897 0.17052127
v -0.55707383 -0.21326898 0.14557127
v -0.55465978 -0.21326898 0.14492428
v -0.55021578 -0.21326897 0.17116826
v -0.55173469 -0.21072000 0.16550026
v -0.55198085 -0.21108899 0.16457825
v -0.55319196 -0.21290001 0.16006025
v -0.55173469 -0.21072000 0.16550026
v -0.59012580 -0.21127699 0.17487427
v -0.55173469 -0.21072000 0.16550026
v -0.55319196 -0.21290001 0.16006025
v -0.55198085 -0.21108899 0.16457825
v -0.55065674 -0.20599798 0.16952027
v -0.58889496 -0.20651897 0.17947025
v -0.55173469 -0.21072000 0.16550026
v -0.55027980 -0.20001900 0.17092726
v -0.58844382 -0.20001900 0.18115324
v -0.55065674 -0.20599798 0.16952027
v -0.55027980 -0.20001900 0.17092726
v -0.55031079 -0.19827900 0.17081425
v -0.58844382 -0.20001900 0.18115324
v -0.54780072 -0.18676899 0.17052127
v -0.55707383 -0.18676899 0.14557127
v -0.55021578 -0.18676899 0.17116826
v -0.55707383 -0.18676899 0.14557127
v -0.54780072 -0.18676899 0.17052127
v -0.55465978 -0.18676899 0.14492427
v -0.55021578 -0.21326897 0.17116826
v -0.55021578 -0.18676899 0.17116826
v -0.55027980 -0.20001900 0.17092726
v -0.54780072 -0.21326897 0.17052127
v -0.55021578 -0.18676899 0.17116826
v -0.55021578 -0.21326897 0.17116826
v -0.55021578 -0.18676899 0.17116826
v -0.54780072 -0.21326897 0.17052127
v -0.54780072 -0.18676899 0.17052127
v -0.55065674 -0.20599798 0.16952027
v -0.55021578 -0.21326897 0.17116826
v -0.55027980 -0.20001900 0.17092726
v -0.55021578 -0.21326897 0.17116826
v -0.55065674 -0.20599798 0.16952027
v -0.55173469 -0.21072000 0.16550026
v -0.37766975 -0.16750798 0.24313325
v -0.37758288 -0.16753798 0.24345324
v 0.39542010 0.27918789 0.03770225
v 0.39666423 0.28112212 0.03770225
v 0.39754915 0.28589806 -0.00229775
v 0.39542010 0.27918789 0.03770225
v 0.39754915 0.28589806 -0.00229775
v 0.39598119 0.27958390 -0.00229775
v 0.39666423 0.28112212 0.03770225
v 0.39752123 0.28601795 -0.00229775
v 0.39754915 0.28589806 -0.00229775
v 0.39558217 0.27910104 -0.00229775
v 0.39542010 0.27918789 0.03770225
v 0.39598119 0.27958390 -0.00229775
v 0.39666423 0.28112212 0.03770225
v 0.39742318 0.28791002 0.03770225
v 0.39752123 0.28601795 -0.00229775
v 0.39345011 0.27612493 0.03770225
v 0.39542010 0.27918789 0.03770225
v 0.39558217 0.27910104 -0.00229775
v 0.39752123 0.28601795 -0.00229775
v 0.39742318 0.28791002 0.03770225
v 0.39593419 0.29255491 -0.00229775
v 0.39223316 0.27504286 -0.00229775
v 0.39345011 0.27612493 0.03770225
v 0.39558217 0.27910104 -0.00229775
v 0.39742318 0.28791002 0.03770225
v 0.39547220 0.29294607 0.03770224
v 0.39593419 0.29255491 -0.00229775
v 0.39223316 0.27504286 -0.00229775
v 0.39034012 0.27424809 0.03770225
v 0.39345011 0.27612493 0.03770225
v 0.39593419 0.29255491 -0.00229775
v 0.39547220 0.29294607 0.03770224
v 0.39558521 0.29294506 -0.00229775
v 0.39223316 0.27504286 -0.00229775
v 0.39040616 0.27421990 -0.00229775
v 0.39034012 0.27424809 0.03770225
v 0.39558521 0.29294506 -0.00229775
v 0.39547220 0.29294607 0.03770224
v 0.39507419 0.29397401 0.03770224
v 0.39040616 0.27421990 -0.00229775
v 0.38770032 0.27265403 0.03770225
v 0.39034012 0.27424809 0.03770225
v 0.39558521 0.29294506 -0.00229775
v 0.39507419 0.29397401 0.03770224
v 0.39142519 0.29760012 -0.00229775
v 0.39040616 0.27421990 -0.00229775
v 0.38601804 0.27224407 -0.00229775
v 0.38770032 0.27265403 0.03770225
v 0.39142519 0.29760012 -0.00229775
v 0.39507419 0.29397401 0.03770224
v 0.39045721 0.29804412 0.03770224
v 0.38601804 0.27224407 -0.00229775
v 0.38352710 0.27239493 0.03770225
v 0.38770032 0.27265403 0.03770225
v 0.39047906 0.29796207 -0.00229775
v 0.39142519 0.29760012 -0.00229775
v 0.39045721 0.29804412 0.03770224
v 0.38357306 0.27239493 -0.00229775
v 0.38352710 0.27239493 0.03770225
v 0.38601804 0.27224407 -0.00229775
v 0.39047906 0.29796207 -0.00229775
v 0.39045721 0.29804412 0.03770224
v 0.38999012 0.29845610 0.03770224
v 0.38357306 0.27239493 -0.00229775
v 0.38108209 0.27224407 0.03770225
v 0.38352710 0.27239493 0.03770225
v 0.38542318 0.29989907 -0.00229775
v 0.39047906 0.29796207 -0.00229775
v 0.38999012 0.29845610 0.03770224
v 0.37940010 0.27265403 -0.00229775
v 0.38108209 0.27224407 0.03770225
v 0.38357306 0.27239493 -0.00229775
v 0.38542318 0.29989907 -0.00229775
v 0.38999012 0.29845610 0.03770224
v 0.38355020 0.30002505 0.03770224
v 0.37940010 0.27265403 -0.00229775
v 0.37669423 0.27421990 0.03770225
v 0.38108209 0.27224407 0.03770225
v 0.38355020 0.30002505 -0.00229775
v 0.38542318 0.29989907 -0.00229775
v 0.38355020 0.30002505 0.03770224
v 0.37676024 0.27424809 -0.00229775
v 0.37669423 0.27421990 0.03770225
v 0.37940010 0.27265403 -0.00229775
v 0.38355020 0.30002505 -0.00229775
v 0.38355020 0.30002505 0.03770224
v 0.38167721 0.29989907 0.03770224
v 0.37676024 0.27424809 -0.00229775
v 0.37486720 0.27504286 0.03770225
v 0.37669423 0.27421990 0.03770225
v 0.38355020 0.30002505 -0.00229775
v 0.38167721 0.29989907 0.03770224
v 0.37711027 0.29845610 -0.00229775
v 0.37365106 0.27612492 -0.00229775
v 0.37486720 0.27504286 0.03770225
v 0.37676024 0.27424809 -0.00229775
v 0.37711027 0.29845610 -0.00229775
v 0.38167721 0.29989907 0.03770224
v 0.37662208 0.29796207 0.03770224
v 0.37486720 0.27504286 0.03770225
v 0.37365106 0.27612492 -0.00229775
v 0.37151819 0.27910105 0.03770225
v 0.37711027 0.29845610 -0.00229775
v 0.37662208 0.29796207 0.03770224
v 0.37664318 0.29804412 -0.00229775
v 0.37365106 0.27612492 -0.00229775
v 0.37168026 0.27918789 -0.00229775
v 0.37151819 0.27910105 0.03770225
v 0.37664318 0.29804412 -0.00229775
v 0.37662208 0.29796207 0.03770224
v 0.37567517 0.29760012 0.03770224
v 0.37151819 0.27910105 0.03770225
v 0.37168026 0.27918789 -0.00229775
v 0.37111917 0.27958390 0.03770225
v 0.37664318 0.29804412 -0.00229775
v 0.37567517 0.29760012 0.03770224
v 0.37202623 0.29397401 -0.00229775
v 0.37168026 0.27918789 -0.00229775
v 0.37043720 0.28112212 -0.00229775
v 0.37111917 0.27958390 0.03770225
v 0.37151515 0.29294506 0.03770224
v 0.37202623 0.29397401 -0.00229775
v 0.37567517 0.29760012 0.03770224
v 0.37111917 0.27958390 0.03770225
v 0.37043720 0.28112212 -0.00229775
v 0.36955124 0.28589806 0.03770225
v 0.37151515 0.29294506 0.03770224
v 0.37162820 0.29294607 -0.00229775
v 0.37202623 0.29397401 -0.00229775
v 0.37043720 0.28112212 -0.00229775
v 0.36958021 0.28601796 0.03770225
v 0.36955124 0.28589806 0.03770225
v 0.37116617 0.29255492 0.03770224
v 0.37162820 0.29294607 -0.00229775
v 0.37151515 0.29294506 0.03770224
v 0.37043720 0.28112212 -0.00229775
v 0.36967725 0.28791001 -0.00229775
v 0.36958021 0.28601796 0.03770225
v 0.36967725 0.28791001 -0.00229775
v 0.37162820 0.29294607 -0.00229775
v 0.37116617 0.29255492 0.03770224
v 0.36958021 0.28601796 0.03770225
v 0.36967725 0.28791001 -0.00229775
v 0.37116617 0.29255492 0.03770224
v -0.30921194 0.32338289 0.03770224
v -0.30796784 0.32531610 0.03770224
v -0.30708188 0.33009309 -0.00229775
v -0.30921194 0.32338289 0.03770224
v -0.30708188 0.33009309 -0.00229775
v -0.30865085 0.32377887 -0.00229775
v -0.30796784 0.32531610 0.03770224
v -0.30711085 0.33021194 -0.00229775
v -0.30708188 0.33009309 -0.00229775
v -0.30904987 0.32329503 -0.00229775
v -0.30921194 0.32338289 0.03770224
v -0.30865085 0.32377887 -0.00229775
v -0.30796784 0.32531610 0.03770224
v -0.30720890 0.33210397 0.03770224
v -0.30711085 0.33021194 -0.00229775
v -0.31118169 0.32031888 0.03770224
v -0.30921194 0.32338289 0.03770224
v -0.30904987 0.32329503 -0.00229775
v -0.30711085 0.33021194 -0.00229775
v -0.30720890 0.33210397 0.03770224
v -0.30869785 0.33674887 -0.00229775
v -0.31239787 0.31923711 -0.00229775
v -0.31118169 0.32031888 0.03770224
v -0.30904987 0.32329503 -0.00229775
v -0.30720890 0.33210397 0.03770224
v -0.30915985 0.33714104 0.03770224
v -0.30869785 0.33674887 -0.00229775
v -0.31239787 0.31923711 -0.00229775
v -0.31429192 0.31844208 0.03770224
v -0.31118169 0.32031888 0.03770224
v -0.30869785 0.33674887 -0.00229775
v -0.30915985 0.33714104 0.03770224
v -0.30904683 0.33713901 -0.00229775
v -0.31239787 0.31923711 -0.00229775
v -0.31422591 0.31841388 -0.00229775
v -0.31429192 0.31844208 0.03770224
v -0.30904683 0.33713901 -0.00229775
v -0.30915985 0.33714104 0.03770224
v -0.30955788 0.33816797 0.03770224
v -0.31422591 0.31841388 -0.00229775
v -0.31693175 0.31684798 0.03770224
v -0.31429192 0.31844208 0.03770224
v -0.30904683 0.33713901 -0.00229775
v -0.30955788 0.33816797 0.03770224
v -0.31320685 0.34179407 -0.00229775
v -0.31422591 0.31841388 -0.00229775
v -0.31861374 0.31643802 -0.00229775
v -0.31693175 0.31684798 0.03770224
v -0.31320685 0.34179407 -0.00229775
v -0.30955788 0.33816797 0.03770224
v -0.31417483 0.34223807 0.03770224
v -0.31861374 0.31643802 -0.00229775
v -0.32110471 0.31658992 0.03770224
v -0.31693175 0.31684798 0.03770224
v -0.31415275 0.34215704 -0.00229775
v -0.31320685 0.34179407 -0.00229775
v -0.31417483 0.34223807 0.03770224
v -0.32105875 0.31658992 -0.00229775
v -0.32110471 0.31658992 0.03770224
v -0.31861374 0.31643802 -0.00229775
v -0.31415275 0.34215704 -0.00229775
v -0.31417483 0.34223807 0.03770224
v -0.31464168 0.34265006 0.03770224
v -0.32105875 0.31658992 -0.00229775
v -0.32354972 0.31643802 0.03770224
v -0.32110471 0.31658992 0.03770224
v -0.31920886 0.34409305 -0.00229775
v -0.31415275 0.34215704 -0.00229775
v -0.31464168 0.34265006 0.03770224
v -0.32523173 0.31684798 -0.00229775
v -0.32354972 0.31643802 0.03770224
v -0.32105875 0.31658992 -0.00229775
v -0.31920886 0.34409305 -0.00229775
v -0.31464168 0.34265006 0.03770224
v -0.32108185 0.34421903 0.03770224
v -0.32523173 0.31684798 -0.00229775
v -0.32793784 0.31841388 0.03770224
v -0.32354972 0.31643802 0.03770224
v -0.32108185 0.34421903 -0.00229775
v -0.31920886 0.34409305 -0.00229775
v -0.32108185 0.34421903 0.03770224
v -0.32787180 0.31844208 -0.00229775
v -0.32793784 0.31841388 0.03770224
v -0.32523173 0.31684798 -0.00229775
v -0.32108185 0.34421903 -0.00229775
v -0.32108185 0.34421903 0.03770224
v -0.32295483 0.34409306 0.03770224
v -0.32787180 0.31844208 -0.00229775
v -0.32976484 0.31923711 0.03770224
v -0.32793784 0.31841388 0.03770224
v -0.32108185 0.34421903 -0.00229775
v -0.32295483 0.34409306 0.03770224
v -0.32752177 0.34265006 -0.00229775
v -0.33098075 0.32031888 -0.00229775
v -0.32976484 0.31923711 0.03770224
v -0.32787180 0.31844208 -0.00229775
v -0.32752177 0.34265006 -0.00229775
v -0.32295483 0.34409306 0.03770224
v -0.32800972 0.34215704 0.03770224
v -0.32976484 0.31923711 0.03770224
v -0.33098075 0.32031888 -0.00229775
v -0.33311385 0.32329503 0.03770224
v -0.32752177 0.34265006 -0.00229775
v -0.32800972 0.34215704 0.03770224
v -0.32798889 0.34223807 -0.00229775
v -0.33098075 0.32031888 -0.00229775
v -0.33295178 0.32338288 -0.00229775
v -0.33311385 0.32329503 0.03770224
v -0.32798889 0.34223807 -0.00229775
v -0.32800972 0.34215704 0.03770224
v -0.32895687 0.34179407 0.03770224
v -0.33311385 0.32329503 0.03770224
v -0.33295178 0.32338288 -0.00229775
v -0.33351287 0.32377887 0.03770224
v -0.32798889 0.34223807 -0.00229775
v -0.32895687 0.34179407 0.03770224
v -0.33260584 0.33816797 -0.00229775
v -0.33295178 0.32338288 -0.00229775
v -0.33419487 0.32531610 -0.00229775
v -0.33351287 0.32377887 0.03770224
v -0.33311689 0.33713901 0.03770224
v -0.33260584 0.33816797 -0.00229775
v -0.32895687 0.34179407 0.03770224
v -0.33351287 0.32377887 0.03770224
v -0.33419487 0.32531610 -0.00229775
v -0.33508083 0.33009309 0.03770224
v -0.33311689 0.33713901 0.03770224
v -0.33300388 0.33714104 -0.00229775
v -0.33260584 0.33816797 -0.00229775
v -0.33419487 0.32531610 -0.00229775
v -0.33505186 0.33021194 0.03770224
v -0.33508083 0.33009309 0.03770224
v -0.33346587 0.33674887 0.03770224
v -0.33300388 0.33714104 -0.00229775
v -0.33311689 0.33713901 0.03770224
v -0.33419487 0.32531610 -0.00229775
v -0.33495381 0.33210397 -0.00229775
v -0.33505186 0.33021194 0.03770224
v -0.33495381 0.33210397 -0.00229775
v -0.33300388 0.33714104 -0.00229775
v -0.33346587 0.33674887 0.03770224
v -0.33505186 0.33021194 0.03770224
v -0.33495381 0.33210397 -0.00229775
v -0.33346587 0.33674887 0.03770224
v -0.35340589 0.27918789 0.03770225
v -0.35216284 0.28112212 0.03770225
v -0.35127687 0.28589806 -0.00229775
v -0.35340589 0.27918789 0.03770225
v -0.35127687 0.28589806 -0.00229775
v -0.35284480 0.27958390 -0.00229775
v -0.35216284 0.28112212 0.03770225
v -0.35130584 0.28601795 -0.00229775
v -0.35127687 0.28589806 -0.00229775
v -0.35324383 0.27910104 -0.00229775
v -0.35340589 0.27918789 0.03770225
v -0.35284480 0.27958390 -0.00229775
v -0.35216284 0.28112212 0.03770225
v -0.35140288 0.28791002 0.03770225
v -0.35130584 0.28601795 -0.00229775
v -0.35537669 0.27612493 0.03770225
v -0.35340589 0.27918789 0.03770225
v -0.35324383 0.27910104 -0.00229775
v -0.35130584 0.28601795 -0.00229775
v -0.35140288 0.28791002 0.03770225
v -0.35289180 0.29255491 -0.00229775
v -0.35659283 0.27504286 -0.00229775
v -0.35537669 0.27612493 0.03770225
v -0.35324383 0.27910104 -0.00229775
v -0.35140288 0.28791002 0.03770225
v -0.35335383 0.29294607 0.03770224
v -0.35289180 0.29255491 -0.00229775
v -0.35659283 0.27504286 -0.00229775
v -0.35848588 0.27424809 0.03770225
v -0.35537669 0.27612493 0.03770225
v -0.35289180 0.29255491 -0.00229775
v -0.35335383 0.29294607 0.03770224
v -0.35324079 0.29294506 -0.00229775
v -0.35659283 0.27504286 -0.00229775
v -0.35841987 0.27421990 -0.00229775
v -0.35848588 0.27424809 0.03770225
v -0.35324079 0.29294506 -0.00229775
v -0.35335383 0.29294607 0.03770224
v -0.35375187 0.29397401 0.03770224
v -0.35841987 0.27421990 -0.00229775
v -0.36112574 0.27265403 0.03770225
v -0.35848588 0.27424809 0.03770225
v -0.35324079 0.29294506 -0.00229775
v -0.35375187 0.29397401 0.03770224
v -0.35740080 0.29760012 -0.00229775
v -0.35841987 0.27421990 -0.00229775
v -0.36280772 0.27224407 -0.00229775
v -0.36112574 0.27265403 0.03770225
v -0.35740080 0.29760012 -0.00229775
v -0.35375187 0.29397401 0.03770224
v -0.35836881 0.29804412 0.03770224
v -0.36280772 0.27224407 -0.00229775
v -0.36529869 0.27239493 0.03770225
v -0.36112574 0.27265403 0.03770225
v -0.35834771 0.29796207 -0.00229775
v -0.35740080 0.29760012 -0.00229775
v -0.35836881 0.29804412 0.03770224
v -0.36525273 0.27239493 -0.00229775
v -0.36529869 0.27239493 0.03770225
v -0.36280772 0.27224407 -0.00229775
v -0.35834771 0.29796207 -0.00229775
v -0.35836881 0.29804412 0.03770224
v -0.35883591 0.29845610 0.03770224
v -0.36525273 0.27239493 -0.00229775
v -0.36774367 0.27224407 0.03770225
v -0.36529869 0.27239493 0.03770225
v -0.36340284 0.29989907 -0.00229775
v -0.35834771 0.29796207 -0.00229775
v -0.35883591 0.29845610 0.03770224
v -0.36942595 0.27265403 -0.00229775
v -0.36774367 0.27224407 0.03770225
v -0.36525273 0.27239493 -0.00229775
v -0.36340284 0.29989907 -0.00229775
v -0.35883591 0.29845610 0.03770224
v -0.36527583 0.30002505 0.03770224
v -0.36942595 0.27265403 -0.00229775
v -0.37213179 0.27421990 0.03770225
v -0.36774367 0.27224407 0.03770225
v -0.36527583 0.30002505 -0.00229775
v -0.36340284 0.29989907 -0.00229775
v -0.36527583 0.30002505 0.03770224
v -0.37206575 0.27424809 -0.00229775
v -0.37213179 0.27421990 0.03770225
v -0.36942595 0.27265403 -0.00229775
v -0.36527583 0.30002505 -0.00229775
v -0.36527583 0.30002505 0.03770224
v -0.36714882 0.29989907 0.03770224
v -0.37206575 0.27424809 -0.00229775
v -0.37395880 0.27504286 0.03770225
v -0.37213179 0.27421990 0.03770225
v -0.36527583 0.30002505 -0.00229775
v -0.36714882 0.29989907 0.03770224
v -0.37171575 0.29845610 -0.00229775
v -0.37517574 0.27612492 -0.00229775
v -0.37395880 0.27504286 0.03770225
v -0.37206575 0.27424809 -0.00229775
v -0.37171575 0.29845610 -0.00229775
v -0.36714882 0.29989907 0.03770224
v -0.37220469 0.29796207 0.03770224
v -0.37395880 0.27504286 0.03770225
v -0.37517574 0.27612492 -0.00229775
v -0.37730780 0.27910105 0.03770225
v -0.37171575 0.29845610 -0.00229775
v -0.37220469 0.29796207 0.03770224
v -0.37218285 0.29804412 -0.00229775
v -0.37517574 0.27612492 -0.00229775
v -0.37714574 0.27918789 -0.00229775
v -0.37730780 0.27910105 0.03770225
v -0.37218285 0.29804412 -0.00229775
v -0.37220469 0.29796207 0.03770224
v -0.37315083 0.29760012 0.03770224
v -0.37730780 0.27910105 0.03770225
v -0.37714574 0.27918789 -0.00229775
v -0.37770683 0.27958390 0.03770225
v -0.37218285 0.29804412 -0.00229775
v -0.37315083 0.29760012 0.03770224
v -0.37679982 0.29397401 -0.00229775
v -0.37714574 0.27918789 -0.00229775
v -0.37838987 0.28112212 -0.00229775
v -0.37770683 0.27958390 0.03770225
v -0.37731084 0.29294506 0.03770224
v -0.37679982 0.29397401 -0.00229775
v -0.37315083 0.29760012 0.03770224
v -0.37770683 0.27958390 0.03770225
v -0.37838987 0.28112212 -0.00229775
v -0.37927479 0.28589806 0.03770225
v -0.37731084 0.29294506 0.03770224
v -0.37719783 0.29294607 -0.00229775
v -0.37679982 0.29397401 -0.00229775
v -0.37838987 0.28112212 -0.00229775
v -0.37924686 0.28601796 0.03770225
v -0.37927479 0.28589806 0.03770225
v -0.37765983 0.29255492 0.03770224
v -0.37719783 0.29294607 -0.00229775
v -0.37731084 0.29294506 0.03770224
v -0.37838987 0.28112212 -0.00229775
v -0.37914881 0.28791001 -0.00229775
v -0.37924686 0.28601796 0.03770225
v -0.37914881 0.28791001 -0.00229775
v -0.37719783 0.29294607 -0.00229775
v -0.37765983 0.29255492 0.03770224
v -0.37924686 0.28601796 0.03770225
v -0.37914881 0.28791001 -0.00229775
v -0.37765983 0.29255492 0.03770224
v -0.35340589 -0.29286098 0.03770226
v -0.35216284 -0.29092702 0.03770226
v -0.35127687 -0.28615105 -0.00229773
v -0.35340589 -0.29286098 0.03770226
v -0.35127687 -0.28615105 -0.00229773
v -0.35284480 -0.29246500 -0.00229773
v -0.35216284 -0.29092702 0.03770226
v -0.35130584 -0.28603193 -0.00229773
v -0.35127687 -0.28615105 -0.00229773
v -0.35324383 -0.29294810 -0.00229773
v -0.35340589 -0.29286098 0.03770226
v -0.35284480 -0.29246500 -0.00229773
v -0.35216284 -0.29092702 0.03770226
v -0.35140288 -0.28413990 0.03770226
v -0.35130584 -0.28603193 -0.00229773
v -0.35537669 -0.29592398 0.03770227
v -0.35340589 -0.29286098 0.03770226
v -0.35324383 -0.29294810 -0.00229773
v -0.35130584 -0.28603193 -0.00229773
v -0.35140288 -0.28413990 0.03770226
v -0.35289180 -0.27949399 -0.00229773
v -0.35659283 -0.29700702 -0.00229773
v -0.35537669 -0.29592398 0.03770227
v -0.35324383 -0.29294810 -0.00229773
v -0.35140288 -0.28413990 0.03770226
v -0.35335383 -0.27910307 0.03770226
v -0.35289180 -0.27949399 -0.00229773
v -0.35659283 -0.29700702 -0.00229773
v -0.35848588 -0.29780102 0.03770227
v -0.35537669 -0.29592398 0.03770227
v -0.35289180 -0.27949399 -0.00229773
v -0.35335383 -0.27910307 0.03770226
v -0.35324079 -0.27910408 -0.00229773
v -0.35659283 -0.29700702 -0.00229773
v -0.35841987 -0.29782999 -0.00229773
v -0.35848588 -0.29780102 0.03770227
v -0.35324079 -0.27910408 -0.00229773
v -0.35335383 -0.27910307 0.03770226
v -0.35375187 -0.27807489 0.03770226
v -0.35841987 -0.29782999 -0.00229773
v -0.36112574 -0.29939589 0.03770227
v -0.35848588 -0.29780102 0.03770227
v -0.35324079 -0.27910408 -0.00229773
v -0.35375187 -0.27807489 0.03770226
v -0.35740080 -0.27444905 -0.00229773
v -0.35841987 -0.29782999 -0.00229773
v -0.36280772 -0.29980510 -0.00229773
v -0.36112574 -0.29939589 0.03770227
v -0.35740080 -0.27444905 -0.00229773
v -0.35375187 -0.27807489 0.03770226
v -0.35836881 -0.27400604 0.03770226
v -0.36280772 -0.29980510 -0.00229773
v -0.36529869 -0.29965395 0.03770227
v -0.36112574 -0.29939589 0.03770227
v -0.35834771 -0.27408707 -0.00229773
v -0.35740080 -0.27444905 -0.00229773
v -0.35836881 -0.27400604 0.03770226
v -0.36525273 -0.29965395 -0.00229773
v -0.36529869 -0.29965395 0.03770227
v -0.36280772 -0.29980510 -0.00229773
v -0.35834771 -0.27408707 -0.00229773
v -0.35836881 -0.27400604 0.03770226
v -0.35883591 -0.27359405 0.03770226
v -0.36525273 -0.29965395 -0.00229773
v -0.36774367 -0.29980510 0.03770227
v -0.36529869 -0.29965395 0.03770227
v -0.36340284 -0.27215007 -0.00229773
v -0.35834771 -0.27408707 -0.00229773
v -0.35883591 -0.27359405 0.03770226
v -0.36942595 -0.29939589 -0.00229773
v -0.36774367 -0.29980510 0.03770227
v -0.36525273 -0.29965395 -0.00229773
v -0.36340284 -0.27215007 -0.00229773
v -0.35883591 -0.27359405 0.03770226
v -0.36527583 -0.27202511 0.03770226
v -0.36942595 -0.29939589 -0.00229773
v -0.37213179 -0.29782998 0.03770227
v -0.36774367 -0.29980510 0.03770227
v -0.36527583 -0.27202511 -0.00229773
v -0.36340284 -0.27215007 -0.00229773
v -0.36527583 -0.27202511 0.03770226
v -0.37206575 -0.29780102 -0.00229773
v -0.37213179 -0.29782998 0.03770227
v -0.36942595 -0.29939589 -0.00229773
v -0.36527583 -0.27202511 -0.00229773
v -0.36527583 -0.27202511 0.03770226
v -0.36714882 -0.27215007 0.03770226
v -0.37206575 -0.29780102 -0.00229773
v -0.37395880 -0.29700702 0.03770227
v -0.37213179 -0.29782998 0.03770227
v -0.36527583 -0.27202511 -0.00229773
v -0.36714882 -0.27215007 0.03770226
v -0.37171575 -0.27359405 -0.00229773
v -0.37517574 -0.29592398 -0.00229773
v -0.37395880 -0.29700702 0.03770227
v -0.37206575 -0.29780102 -0.00229773
v -0.37171575 -0.27359405 -0.00229773
v -0.36714882 -0.27215007 0.03770226
v -0.37220469 -0.27408707 0.03770226
v -0.37395880 -0.29700702 0.03770227
v -0.37517574 -0.29592398 -0.00229773
v -0.37730780 -0.29294810 0.03770226
v -0.37171575 -0.27359405 -0.00229773
v -0.37220469 -0.27408707 0.03770226
v -0.37218285 -0.27400604 -0.00229773
v -0.37517574 -0.29592398 -0.00229773
v -0.37714574 -0.29286098 -0.00229773
v -0.37730780 -0.29294810 0.03770226
v -0.37218285 -0.27400604 -0.00229773
v -0.37220469 -0.27408707 0.03770226
v -0.37315083 -0.27444905 0.03770226
v -0.37730780 -0.29294810 0.03770226
v -0.37714574 -0.29286098 -0.00229773
v -0.37770683 -0.29246500 0.03770226
v -0.37218285 -0.27400604 -0.00229773
v -0.37315083 -0.27444905 0.03770226
v -0.37679982 -0.27807489 -0.00229773
v -0.37714574 -0.29286098 -0.00229773
v -0.37838987 -0.29092702 -0.00229773
v -0.37770683 -0.29246500 0.03770226
v -0.37731084 -0.27910408 0.03770226
v -0.37679982 -0.27807489 -0.00229773
v -0.37315083 -0.27444905 0.03770226
v -0.37770683 -0.29246500 0.03770226
v -0.37838987 -0.29092702 -0.00229773
v -0.37927479 -0.28615105 0.03770226
v -0.37731084 -0.27910408 0.03770226
v -0.37719783 -0.27910307 -0.00229773
v -0.37679982 -0.27807489 -0.00229773
v -0.37838987 -0.29092702 -0.00229773
v -0.37924686 -0.28603193 0.03770226
v -0.37927479 -0.28615105 0.03770226
v -0.37765983 -0.27949399 0.03770226
v -0.37719783 -0.27910307 -0.00229773
v -0.37731084 -0.27910408 0.03770226
v -0.37838987 -0.29092702 -0.00229773
v -0.37914881 -0.28413990 -0.00229773
v -0.37924686 -0.28603193 0.03770226
v -0.37914881 -0.28413990 -0.00229773
v -0.37719783 -0.27910307 -0.00229773
v -0.37765983 -0.27949399 0.03770226
v -0.37924686 -0.28603193 0.03770226
v -0.37914881 -0.28413990 -0.00229773
v -0.37765983 -0.27949399 0.03770226
v -0.26501772 -0.38124892 0.03770227
v -0.26377386 -0.37931597 0.03770227
v -0.26288792 -0.37453902 -0.00229773
v -0.26501772 -0.38124892 0.03770227
v -0.26288792 -0.37453902 -0.00229773
v -0.26445687 -0.38085294 -0.00229773
v -0.26377386 -0.37931597 0.03770227
v -0.26291686 -0.37441987 -0.00229773
v -0.26288792 -0.37453902 -0.00229773
v -0.26485592 -0.38133708 -0.00229773
v -0.26501772 -0.38124892 0.03770227
v -0.26445687 -0.38085294 -0.00229773
v -0.26377386 -0.37931597 0.03770227
v -0.26301491 -0.37252807 0.03770227
v -0.26291686 -0.37441987 -0.00229773
v -0.26698774 -0.38431293 0.03770227
v -0.26501772 -0.38124892 0.03770227
v -0.26485592 -0.38133708 -0.00229773
v -0.26291686 -0.37441987 -0.00229773
v -0.26301491 -0.37252807 0.03770227
v -0.26450387 -0.36788291 -0.00229773
v -0.26820388 -0.38539496 -0.00229773
v -0.26698774 -0.38431293 0.03770227
v -0.26485592 -0.38133708 -0.00229773
v -0.26301491 -0.37252807 0.03770227
v -0.26496589 -0.36749101 0.03770227
v -0.26450387 -0.36788291 -0.00229773
v -0.26820388 -0.38539496 -0.00229773
v -0.27009770 -0.38619000 0.03770227
v -0.26698774 -0.38431293 0.03770227
v -0.26450387 -0.36788291 -0.00229773
v -0.26496589 -0.36749101 0.03770227
v -0.26485187 -0.36749303 -0.00229773
v -0.26820388 -0.38539496 -0.00229773
v -0.27003193 -0.38621792 -0.00229773
v -0.27009770 -0.38619000 0.03770227
v -0.26485187 -0.36749303 -0.00229773
v -0.26496589 -0.36749101 0.03770227
v -0.26536289 -0.36646408 0.03770227
v -0.27003193 -0.38621792 -0.00229773
v -0.27273777 -0.38778406 0.03770227
v -0.27009770 -0.38619000 0.03770227
v -0.26485187 -0.36749303 -0.00229773
v -0.26536289 -0.36646408 0.03770227
v -0.26901290 -0.36283797 -0.00229773
v -0.27003193 -0.38621792 -0.00229773
v -0.27441978 -0.38819402 -0.00229773
v -0.27273777 -0.38778406 0.03770227
v -0.26901290 -0.36283797 -0.00229773
v -0.26536289 -0.36646408 0.03770227
v -0.26997986 -0.36239397 0.03770227
v -0.27441978 -0.38819402 -0.00229773
v -0.27691075 -0.38804188 0.03770227
v -0.27273777 -0.38778406 0.03770227
v -0.26995879 -0.36247501 -0.00229773
v -0.26901290 -0.36283797 -0.00229773
v -0.26997986 -0.36239397 0.03770227
v -0.27686480 -0.38804188 -0.00229773
v -0.27691075 -0.38804188 0.03770227
v -0.27441978 -0.38819402 -0.00229773
v -0.26995879 -0.36247501 -0.00229773
v -0.26997986 -0.36239397 0.03770227
v -0.27044773 -0.36198199 0.03770227
v -0.27686480 -0.38804188 -0.00229773
v -0.27935576 -0.38819402 0.03770227
v -0.27691075 -0.38804188 0.03770227
v -0.27501491 -0.36053905 -0.00229773
v -0.26995879 -0.36247501 -0.00229773
v -0.27044773 -0.36198199 0.03770227
v -0.28103670 -0.38778406 -0.00229773
v -0.27935576 -0.38819402 0.03770227
v -0.27686480 -0.38804188 -0.00229773
v -0.27501491 -0.36053905 -0.00229773
v -0.27044773 -0.36198199 0.03770227
v -0.27688789 -0.36041304 0.03770227
v -0.28103670 -0.38778406 -0.00229773
v -0.28374386 -0.38621792 0.03770227
v -0.27935576 -0.38819402 0.03770227
v -0.27688789 -0.36041304 -0.00229773
v -0.27501491 -0.36053905 -0.00229773
v -0.27688789 -0.36041304 0.03770227
v -0.28367782 -0.38619000 -0.00229773
v -0.28374386 -0.38621792 0.03770227
v -0.28103670 -0.38778406 -0.00229773
v -0.27688789 -0.36041304 -0.00229773
v -0.27688789 -0.36041304 0.03770227
v -0.27876088 -0.36053905 0.03770227
v -0.28367782 -0.38619000 -0.00229773
v -0.28557089 -0.38539496 0.03770227
v -0.28374386 -0.38621792 0.03770227
v -0.27688789 -0.36041304 -0.00229773
v -0.27876088 -0.36053905 0.03770227
v -0.28332782 -0.36198199 -0.00229773
v -0.28678679 -0.38431293 -0.00229773
v -0.28557089 -0.38539496 0.03770227
v -0.28367782 -0.38619000 -0.00229773
v -0.28332782 -0.36198199 -0.00229773
v -0.27876088 -0.36053905 0.03770227
v -0.28381574 -0.36247501 0.03770227
v -0.28557089 -0.38539496 0.03770227
v -0.28678679 -0.38431293 -0.00229773
v -0.28891987 -0.38133708 0.03770227
v -0.28332782 -0.36198199 -0.00229773
v -0.28381574 -0.36247501 0.03770227
v -0.28379491 -0.36239398 -0.00229773
v -0.28678679 -0.38431293 -0.00229773
v -0.28875783 -0.38124892 -0.00229773
v -0.28891987 -0.38133708 0.03770227
v -0.28379491 -0.36239398 -0.00229773
v -0.28381574 -0.36247501 0.03770227
v -0.28476292 -0.36283797 0.03770227
v -0.28891987 -0.38133708 0.03770227
v -0.28875783 -0.38124892 -0.00229773
v -0.28931892 -0.38085294 0.03770227
v -0.28379491 -0.36239398 -0.00229773
v -0.28476292 -0.36283797 0.03770227
v -0.28841189 -0.36646408 -0.00229773
v -0.28875783 -0.38124892 -0.00229773
v -0.29000092 -0.37931597 -0.00229773
v -0.28931892 -0.38085294 0.03770227
v -0.28892291 -0.36749303 0.03770227
v -0.28841189 -0.36646408 -0.00229773
v -0.28476292 -0.36283797 0.03770227
v -0.28931892 -0.38085294 0.03770227
v -0.29000092 -0.37931597 -0.00229773
v -0.29088685 -0.37453902 0.03770227
v -0.28892291 -0.36749303 0.03770227
v -0.28880990 -0.36749101 -0.00229773
v -0.28841189 -0.36646408 -0.00229773
v -0.29000092 -0.37931597 -0.00229773
v -0.29085791 -0.37441987 0.03770227
v -0.29088685 -0.37453902 0.03770227
v -0.28927192 -0.36788291 0.03770227
v -0.28880990 -0.36749101 -0.00229773
v -0.28892291 -0.36749303 0.03770227
v -0.29000092 -0.37931597 -0.00229773
v -0.29075983 -0.37252808 -0.00229773
v -0.29085791 -0.37441987 0.03770227
v -0.29075983 -0.37252808 -0.00229773
v -0.28880990 -0.36749101 -0.00229773
v -0.28927192 -0.36788291 0.03770227
v -0.29085791 -0.37441987 0.03770227
v -0.29075983 -0.37252808 -0.00229773
v -0.28927192 -0.36788291 0.03770227
v 0.30703220 -0.38124892 0.03770227
v 0.30827528 -0.37931597 0.03770227
v 0.30916122 -0.37453902 -0.00229773
v 0.30703220 -0.38124892 0.03770227
v 0.30916122 -0.37453902 -0.00229773
v 0.30759329 -0.38085294 -0.00229773
v 0.30827528 -0.37931597 0.03770227
v 0.30913228 -0.37441987 -0.00229773
v 0.30916122 -0.37453902 -0.00229773
v 0.30719423 -0.38133708 -0.00229773
v 0.30703220 -0.38124892 0.03770227
v 0.30759329 -0.38085294 -0.00229773
v 0.30827528 -0.37931597 0.03770227
v 0.30903420 -0.37252807 0.03770227
v 0.30913228 -0.37441987 -0.00229773
v 0.30506116 -0.38431293 0.03770227
v 0.30703220 -0.38124892 0.03770227
v 0.30719423 -0.38133708 -0.00229773
v 0.30913228 -0.37441987 -0.00229773
v 0.30903420 -0.37252807 0.03770227
v 0.30754629 -0.36788291 -0.00229773
v 0.30384526 -0.38539496 -0.00229773
v 0.30506116 -0.38431293 0.03770227
v 0.30719423 -0.38133708 -0.00229773
v 0.30903420 -0.37252807 0.03770227
v 0.30708426 -0.36749101 0.03770227
v 0.30754629 -0.36788291 -0.00229773
v 0.30384526 -0.38539496 -0.00229773
v 0.30195218 -0.38619000 0.03770227
v 0.30506116 -0.38431293 0.03770227
v 0.30754629 -0.36788291 -0.00229773
v 0.30708426 -0.36749101 0.03770227
v 0.30719727 -0.36749303 -0.00229773
v 0.30384526 -0.38539496 -0.00229773
v 0.30201823 -0.38621792 -0.00229773
v 0.30195218 -0.38619000 0.03770227
v 0.30719727 -0.36749303 -0.00229773
v 0.30708426 -0.36749101 0.03770227
v 0.30668625 -0.36646408 0.03770227
v 0.30201823 -0.38621792 -0.00229773
v 0.29931107 -0.38778406 0.03770227
v 0.30195218 -0.38619000 0.03770227
v 0.30719727 -0.36749303 -0.00229773
v 0.30668625 -0.36646408 0.03770227
v 0.30303729 -0.36283797 -0.00229773
v 0.30201823 -0.38621792 -0.00229773
v 0.29763013 -0.38819402 -0.00229773
v 0.29931107 -0.38778406 0.03770227
v 0.30303729 -0.36283797 -0.00229773
v 0.30668625 -0.36646408 0.03770227
v 0.30206928 -0.36239397 0.03770227
v 0.29763013 -0.38819402 -0.00229773
v 0.29513916 -0.38804188 0.03770227
v 0.29931107 -0.38778406 0.03770227
v 0.30209011 -0.36247501 -0.00229773
v 0.30303729 -0.36283797 -0.00229773
v 0.30206928 -0.36239397 0.03770227
v 0.29518512 -0.38804188 -0.00229773
v 0.29513916 -0.38804188 0.03770227
v 0.29763013 -0.38819402 -0.00229773
v 0.30209011 -0.36247501 -0.00229773
v 0.30206928 -0.36239397 0.03770227
v 0.30160218 -0.36198199 0.03770227
v 0.29518512 -0.38804188 -0.00229773
v 0.29269415 -0.38819402 0.03770227
v 0.29513916 -0.38804188 0.03770227
v 0.29703525 -0.36053905 -0.00229773
v 0.30209011 -0.36247501 -0.00229773
v 0.30160218 -0.36198199 0.03770227
v 0.29101214 -0.38778406 -0.00229773
v 0.29269415 -0.38819402 0.03770227
v 0.29518512 -0.38804188 -0.00229773
v 0.29703525 -0.36053905 -0.00229773
v 0.30160218 -0.36198199 0.03770227
v 0.29516226 -0.36041304 0.03770227
v 0.29101214 -0.38778406 -0.00229773
v 0.28830630 -0.38621792 0.03770227
v 0.29269415 -0.38819402 0.03770227
v 0.29516226 -0.36041304 -0.00229773
v 0.29703525 -0.36053905 -0.00229773
v 0.29516226 -0.36041304 0.03770227
v 0.28837207 -0.38619000 -0.00229773
v 0.28830630 -0.38621792 0.03770227
v 0.29101214 -0.38778406 -0.00229773
v 0.29516226 -0.36041304 -0.00229773
v 0.29516226 -0.36041304 0.03770227
v 0.29328927 -0.36053905 0.03770227
v 0.28837207 -0.38619000 -0.00229773
v 0.28647825 -0.38539496 0.03770227
v 0.28830630 -0.38621792 0.03770227
v 0.29516226 -0.36041304 -0.00229773
v 0.29328927 -0.36053905 0.03770227
v 0.28872210 -0.36198199 -0.00229773
v 0.28526211 -0.38431293 -0.00229773
v 0.28647825 -0.38539496 0.03770227
v 0.28837207 -0.38619000 -0.00229773
v 0.28872210 -0.36198199 -0.00229773
v 0.29328927 -0.36053905 0.03770227
v 0.28823316 -0.36247501 0.03770227
v 0.28647825 -0.38539496 0.03770227
v 0.28526211 -0.38431293 -0.00229773
v 0.28313029 -0.38133708 0.03770227
v 0.28872210 -0.36198199 -0.00229773
v 0.28823316 -0.36247501 0.03770227
v 0.28825423 -0.36239398 -0.00229773
v 0.28526211 -0.38431293 -0.00229773
v 0.28329208 -0.38124892 -0.00229773
v 0.28313029 -0.38133708 0.03770227
v 0.28825423 -0.36239398 -0.00229773
v 0.28823316 -0.36247501 0.03770227
v 0.28728727 -0.36283797 0.03770227
v 0.28313029 -0.38133708 0.03770227
v 0.28329208 -0.38124892 -0.00229773
v 0.28273124 -0.38085294 0.03770227
v 0.28825423 -0.36239398 -0.00229773
v 0.28728727 -0.36283797 0.03770227
v 0.28363726 -0.36646408 -0.00229773
v 0.28329208 -0.38124892 -0.00229773
v 0.28204823 -0.37931597 -0.00229773
v 0.28273124 -0.38085294 0.03770227
v 0.28312624 -0.36749303 0.03770227
v 0.28363726 -0.36646408 -0.00229773
v 0.28728727 -0.36283797 0.03770227
v 0.28273124 -0.38085294 0.03770227
v 0.28204823 -0.37931597 -0.00229773
v 0.28116229 -0.37453902 0.03770227
v 0.28312624 -0.36749303 0.03770227
v 0.28324026 -0.36749101 -0.00229773
v 0.28363726 -0.36646408 -0.00229773
v 0.28204823 -0.37931597 -0.00229773
v 0.28119123 -0.37441987 0.03770227
v 0.28116229 -0.37453902 0.03770227
v 0.28277823 -0.36788291 0.03770227
v 0.28324026 -0.36749101 -0.00229773
v 0.28312624 -0.36749303 0.03770227
v 0.28204823 -0.37931597 -0.00229773
v 0.28128928 -0.37252808 -0.00229773
v 0.28119123 -0.37441987 0.03770227
v 0.28128928 -0.37252808 -0.00229773
v 0.28324026 -0.36749101 -0.00229773
v 0.28277823 -0.36788291 0.03770227
v 0.28119123 -0.37441987 0.03770227
v 0.28128928 -0.37252808 -0.00229773
v 0.28277823 -0.36788291 0.03770227
v 0.35122615 -0.33705497 0.03770227
v 0.35246924 -0.33512202 0.03770227
v 0.35335520 -0.33034503 -0.00229773
v 0.35122615 -0.33705497 0.03770227
v 0.35335520 -0.33034503 -0.00229773
v 0.35178724 -0.33665895 -0.00229773
v 0.35246924 -0.33512202 0.03770227
v 0.35332623 -0.33022591 -0.00229773
v 0.35335520 -0.33034503 -0.00229773
v 0.35138822 -0.33714309 -0.00229773
v 0.35122615 -0.33705497 0.03770227
v 0.35178724 -0.33665895 -0.00229773
v 0.35246924 -0.33512202 0.03770227
v 0.35322818 -0.32833412 0.03770227
v 0.35332623 -0.33022591 -0.00229773
v 0.34925511 -0.34011793 0.03770227
v 0.35122615 -0.33705497 0.03770227
v 0.35138822 -0.33714309 -0.00229773
v 0.35332623 -0.33022591 -0.00229773
v 0.35322818 -0.32833412 0.03770227
v 0.35174024 -0.32368895 -0.00229773
v 0.34803921 -0.34120101 -0.00229773
v 0.34925511 -0.34011793 0.03770227
v 0.35138822 -0.33714309 -0.00229773
v 0.35322818 -0.32833412 0.03770227
v 0.35127825 -0.32329702 0.03770227
v 0.35174024 -0.32368895 -0.00229773
v 0.34803921 -0.34120101 -0.00229773
v 0.34614617 -0.34199601 0.03770227
v 0.34925511 -0.34011793 0.03770227
v 0.35174024 -0.32368895 -0.00229773
v 0.35127825 -0.32329702 0.03770227
v 0.35139126 -0.32329905 -0.00229773
v 0.34803921 -0.34120101 -0.00229773
v 0.34621221 -0.34202397 -0.00229773
v 0.34614617 -0.34199601 0.03770227
v 0.35139126 -0.32329905 -0.00229773
v 0.35127825 -0.32329702 0.03770227
v 0.35088021 -0.32226911 0.03770227
v 0.34621221 -0.34202397 -0.00229773
v 0.34350610 -0.34359011 0.03770227
v 0.34614617 -0.34199601 0.03770227
v 0.35139126 -0.32329905 -0.00229773
v 0.35088021 -0.32226911 0.03770227
v 0.34723124 -0.31864402 -0.00229773
v 0.34621221 -0.34202397 -0.00229773
v 0.34182408 -0.34400007 -0.00229773
v 0.34350610 -0.34359011 0.03770227
v 0.34723124 -0.31864402 -0.00229773
v 0.35088021 -0.32226911 0.03770227
v 0.34626326 -0.31820002 0.03770227
v 0.34182408 -0.34400007 -0.00229773
v 0.33933312 -0.34384793 0.03770227
v 0.34350610 -0.34359011 0.03770227
v 0.34628409 -0.31828105 -0.00229773
v 0.34723124 -0.31864402 -0.00229773
v 0.34626326 -0.31820002 0.03770227
v 0.33937907 -0.34384793 -0.00229773
v 0.33933312 -0.34384793 0.03770227
v 0.34182408 -0.34400007 -0.00229773
v 0.34628409 -0.31828105 -0.00229773
v 0.34626326 -0.31820002 0.03770227
v 0.34579614 -0.31778803 0.03770227
v 0.33937907 -0.34384793 -0.00229773
v 0.33688810 -0.34400007 0.03770227
v 0.33933312 -0.34384793 0.03770227
v 0.34122920 -0.31634507 -0.00229773
v 0.34628409 -0.31828105 -0.00229773
v 0.34579614 -0.31778803 0.03770227
v 0.33520612 -0.34359011 -0.00229773
v 0.33688810 -0.34400007 0.03770227
v 0.33937907 -0.34384793 -0.00229773
v 0.34122920 -0.31634507 -0.00229773
v 0.34579614 -0.31778803 0.03770227
v 0.33935621 -0.31621906 0.03770227
v 0.33520612 -0.34359011 -0.00229773
v 0.33250028 -0.34202397 0.03770227
v 0.33688810 -0.34400007 0.03770227
v 0.33935621 -0.31621906 -0.00229773
v 0.34122920 -0.31634507 -0.00229773
v 0.33935621 -0.31621906 0.03770227
v 0.33256629 -0.34199601 -0.00229773
v 0.33250028 -0.34202397 0.03770227
v 0.33520612 -0.34359011 -0.00229773
v 0.33935621 -0.31621906 -0.00229773
v 0.33935621 -0.31621906 0.03770227
v 0.33748323 -0.31634506 0.03770227
v 0.33256629 -0.34199601 -0.00229773
v 0.33067223 -0.34120101 0.03770227
v 0.33250028 -0.34202397 0.03770227
v 0.33935621 -0.31621906 -0.00229773
v 0.33748323 -0.31634506 0.03770227
v 0.33291605 -0.31778803 -0.00229773
v 0.32945606 -0.34011793 -0.00229773
v 0.33067223 -0.34120101 0.03770227
v 0.33256629 -0.34199601 -0.00229773
v 0.33291605 -0.31778803 -0.00229773
v 0.33748323 -0.31634506 0.03770227
v 0.33242711 -0.31828105 0.03770227
v 0.33067223 -0.34120101 0.03770227
v 0.32945606 -0.34011793 -0.00229773
v 0.32732424 -0.33714309 0.03770227
v 0.33291605 -0.31778803 -0.00229773
v 0.33242711 -0.31828105 0.03770227
v 0.33244920 -0.31820002 -0.00229773
v 0.32945606 -0.34011793 -0.00229773
v 0.32748631 -0.33705497 -0.00229773
v 0.32732424 -0.33714309 0.03770227
v 0.33244920 -0.31820002 -0.00229773
v 0.33242711 -0.31828105 0.03770227
v 0.33148122 -0.31864402 0.03770227
v 0.32732424 -0.33714309 0.03770227
v 0.32748631 -0.33705497 -0.00229773
v 0.32692522 -0.33665895 0.03770227
v 0.33244920 -0.31820002 -0.00229773
v 0.33148122 -0.31864402 0.03770227
v 0.32783225 -0.32226911 -0.00229773
v 0.32748631 -0.33705497 -0.00229773
v 0.32624221 -0.33512202 -0.00229773
v 0.32692522 -0.33665895 0.03770227
v 0.32732120 -0.32329905 0.03770227
v 0.32783225 -0.32226911 -0.00229773
v 0.33148122 -0.31864402 0.03770227
v 0.32692522 -0.33665895 0.03770227
v 0.32624221 -0.33512202 -0.00229773
v 0.32535625 -0.33034503 0.03770227
v 0.32732120 -0.32329905 0.03770227
v 0.32743421 -0.32329702 -0.00229773
v 0.32783225 -0.32226911 -0.00229773
v 0.32624221 -0.33512202 -0.00229773
v 0.32538521 -0.33022591 0.03770227
v 0.32535625 -0.33034503 0.03770227
v 0.32697222 -0.32368895 0.03770227
v 0.32743421 -0.32329702 -0.00229773
v 0.32732120 -0.32329905 0.03770227
v 0.32624221 -0.33512202 -0.00229773
v 0.32548326 -0.32833412 -0.00229773
v 0.32538521 -0.33022591 0.03770227
v 0.32548326 -0.32833412 -0.00229773
v 0.32743421 -0.32329702 -0.00229773
v 0.32697222 -0.32368895 0.03770227
v 0.32538521 -0.33022591 0.03770227
v 0.32548326 -0.32833412 -0.00229773
v 0.32697222 -0.32368895 0.03770227
v 0.39542010 -0.29286098 0.03770226
v 0.39666423 -0.29092702 0.03770226
v 0.39754915 -0.28615105 -0.00229773
v 0.39542010 -0.29286098 0.03770226
v 0.39754915 -0.28615105 -0.00229773
v 0.39598119 -0.29246500 -0.00229773
v 0.39666423 -0.29092702 0.03770226
v 0.39752123 -0.28603193 -0.00229773
v 0.39754915 -0.28615105 -0.00229773
v 0.39558217 -0.29294810 -0.00229773
v 0.39542010 -0.29286098 0.03770226
v 0.39598119 -0.29246500 -0.00229773
v 0.39666423 -0.29092702 0.03770226
v 0.39742318 -0.28413990 0.03770226
v 0.39752123 -0.28603193 -0.00229773
v 0.39345011 -0.29592398 0.03770227
v 0.39542010 -0.29286098 0.03770226
v 0.39558217 -0.29294810 -0.00229773
v 0.39752123 -0.28603193 -0.00229773
v 0.39742318 -0.28413990 0.03770226
v 0.39593419 -0.27949399 -0.00229773
v 0.39223316 -0.29700702 -0.00229773
v 0.39345011 -0.29592398 0.03770227
v 0.39558217 -0.29294810 -0.00229773
v 0.39742318 -0.28413990 0.03770226
v 0.39547220 -0.27910307 0.03770226
v 0.39593419 -0.27949399 -0.00229773
v 0.39223316 -0.29700702 -0.00229773
v 0.39034012 -0.29780102 0.03770227
v 0.39345011 -0.29592398 0.03770227
v 0.39593419 -0.27949399 -0.00229773
v 0.39547220 -0.27910307 0.03770226
v 0.39558521 -0.27910408 -0.00229773
v 0.39223316 -0.29700702 -0.00229773
v 0.39040616 -0.29782999 -0.00229773
v 0.39034012 -0.29780102 0.03770227
v 0.39558521 -0.27910408 -0.00229773
v 0.39547220 -0.27910307 0.03770226
v 0.39507419 -0.27807489 0.03770226
v 0.39040616 -0.29782999 -0.00229773
v 0.38770032 -0.29939589 0.03770227
v 0.39034012 -0.29780102 0.03770227
v 0.39558521 -0.27910408 -0.00229773
v 0.39507419 -0.27807489 0.03770226
v 0.39142519 -0.27444905 -0.00229773
v 0.39040616 -0.29782999 -0.00229773
v 0.38601804 -0.29980510 -0.00229773
v 0.38770032 -0.29939589 0.03770227
v 0.39142519 -0.27444905 -0.00229773
v 0.39507419 -0.27807489 0.03770226
v 0.39045721 -0.27400604 0.03770226
v 0.38601804 -0.29980510 -0.00229773
v 0.38352710 -0.29965395 0.03770227
v 0.38770032 -0.29939589 0.03770227
v 0.39047906 -0.27408707 -0.00229773
v 0.39142519 -0.27444905 -0.00229773
v 0.39045721 -0.27400604 0.03770226
v 0.38357306 -0.29965395 -0.00229773
v 0.38352710 -0.29965395 0.03770227
v 0.38601804 -0.29980510 -0.00229773
v 0.39047906 -0.27408707 -0.00229773
v 0.39045721 -0.27400604 0.03770226
v 0.38999012 -0.27359405 0.03770226
v 0.38357306 -0.29965395 -0.00229773
v 0.38108209 -0.29980510 0.03770227
v 0.38352710 -0.29965395 0.03770227
v 0.38542318 -0.27215007 -0.00229773
v 0.39047906 -0.27408707 -0.00229773
v 0.38999012 -0.27359405 0.03770226
v 0.37940010 -0.29939589 -0.00229773
v 0.38108209 -0.29980510 0.03770227
v 0.38357306 -0.29965395 -0.00229773
v 0.38542318 -0.27215007 -0.00229773
v 0.38999012 -0.27359405 0.03770226
v 0.38355020 -0.27202511 0.03770226
v 0.37940010 -0.29939589 -0.00229773
v 0.37669423 -0.29782998 0.03770227
v 0.38108209 -0.29980510 0.03770227
v 0.38355020 -0.27202511 -0.00229773
v 0.38542318 -0.27215007 -0.00229773
v 0.38355020 -0.27202511 0.03770226
v 0.37676024 -0.29780102 -0.00229773
v 0.37669423 -0.29782998 0.03770227
v 0.37940010 -0.29939589 -0.00229773
v 0.38355020 -0.27202511 -0.00229773
v 0.38355020 -0.27202511 0.03770226
v 0.38167721 -0.27215007 0.03770226
v 0.37676024 -0.29780102 -0.00229773
v 0.37486720 -0.29700702 0.03770227
v 0.37669423 -0.29782998 0.03770227
v 0.38355020 -0.27202511 -0.00229773
v 0.38167721 -0.27215007 0.03770226
v 0.37711027 -0.27359405 -0.00229773
v 0.37365106 -0.29592398 -0.00229773
v 0.37486720 -0.29700702 0.03770227
v 0.37676024 -0.29780102 -0.00229773
v 0.37711027 -0.27359405 -0.00229773
v 0.38167721 -0.27215007 0.03770226
v 0.37662208 -0.27408707 0.03770226
v 0.37486720 -0.29700702 0.03770227
v 0.37365106 -0.29592398 -0.00229773
v 0.37151819 -0.29294810 0.03770226
v 0.37711027 -0.27359405 -0.00229773
v 0.37662208 -0.27408707 0.03770226
v 0.37664318 -0.27400604 -0.00229773
v 0.37365106 -0.29592398 -0.00229773
v 0.37168026 -0.29286098 -0.00229773
v 0.37151819 -0.29294810 0.03770226
v 0.37664318 -0.27400604 -0.00229773
v 0.37662208 -0.27408707 0.03770226
v 0.37567517 -0.27444905 0.03770226
v 0.37151819 -0.29294810 0.03770226
v 0.37168026 -0.29286098 -0.00229773
v 0.37111917 -0.29246500 0.03770226
v 0.37664318 -0.27400604 -0.00229773
v 0.37567517 -0.27444905 0.03770226
v 0.37202623 -0.27807489 -0.00229773
v 0.37168026 -0.29286098 -0.00229773
v 0.37043720 -0.29092702 -0.00229773
v 0.37111917 -0.29246500 0.03770226
v 0.37151515 -0.27910408 0.03770226
v 0.37202623 -0.27807489 -0.00229773
v 0.37567517 -0.27444905 0.03770226
v 0.37111917 -0.29246500 0.03770226
v 0.37043720 -0.29092702 -0.00229773
v 0.36955124 -0.28615105 0.03770226
v 0.37151515 -0.27910408 0.03770226
v 0.37162820 -0.27910307 -0.00229773
v 0.37202623 -0.27807489 -0.00229773
v 0.37043720 -0.29092702 -0.00229773
v 0.36958021 -0.28603193 0.03770226
v 0.36955124 -0.28615105 0.03770226
v 0.37116617 -0.27949399 0.03770226
v 0.37162820 -0.27910307 -0.00229773
v 0.37151515 -0.27910408 0.03770226
v 0.37043720 -0.29092702 -0.00229773
v 0.36967725 -0.28413990 -0.00229773
v 0.36958021 -0.28603193 0.03770226
v 0.36967725 -0.28413990 -0.00229773
v 0.37162820 -0.27910307 -0.00229773
v 0.37116617 -0.27949399 0.03770226
v 0.36958021 -0.28603193 0.03770226
v 0.36967725 -0.28413990 -0.00229773
v 0.37116617 -0.27949399 0.03770226
v -0.42546976 -0.16500001 0.00887286
v -0.58001786 -0.25499999 0.05028388
v -0.58001786 -0.16500000 0.05028387
v -0.58001786 -0.25499999 0.05028388
v -0.42546976 -0.16500001 0.00887286
v -0.42546976 -0.25499999 0.00887287
v 0.49578518 0.07761140 0.04062376
v 0.44603726 0.07326010 0.04066295
v 0.44603828 0.07325901 0.04062376
v 0.49691725 0.07750920 0.03984045
v 0.49578518 0.07761140 0.04062376
v 0.44603828 0.07325901 0.04062376
v 0.49578518 0.07761140 0.04062376
v 0.49575722 0.07761000 0.04066295
v 0.44603726 0.07326010 0.04066295
v 0.45008731 0.04256451 0.11770224
v 0.44603828 0.07325901 0.04062376
v 0.44603726 0.07326010 0.04066295
v 0.49691725 0.07750920 0.03984045
v 0.44603828 0.07325901 0.04062376
v 0.44604030 0.07324189 0.04037286
v 0.49691725 0.07750920 0.03984045
v 0.49719819 0.07773610 0.03993565
v 0.49578518 0.07761140 0.04062376
v 0.44603726 0.07326010 0.04066295
v 0.50297719 0.07824171 0.11770224
v 0.44603726 0.07326010 0.11770224
v 0.50297719 0.07824171 0.11770224
v 0.44603726 0.07326010 0.04066295
v 0.49575722 0.07761000 0.04066295
v 0.45008731 0.04256451 0.11770224
v 0.44604030 0.07324189 0.04037286
v 0.44603828 0.07325901 0.04062376
v 0.45008731 0.04256451 0.11770224
v 0.44603726 0.07326010 0.04066295
v 0.44603726 0.07326010 0.11770224
v 0.49723423 0.07748059 0.03962145
v 0.49691725 0.07750920 0.03984045
v 0.44604030 0.07324189 0.04037286
v 0.49719819 0.07773610 0.03993565
v 0.49582225 0.07761559 0.04064985
v 0.49578518 0.07761140 0.04062376
v 0.49745524 0.07775849 0.03980265
v 0.49719819 0.07773610 0.03993565
v 0.49691725 0.07750920 0.03984045
v 0.49582225 0.07761559 0.04064985
v 0.50297719 0.07824171 0.11770224
v 0.49575722 0.07761000 0.04066295
v -0.39630881 0.25500000 0.11770224
v -0.40588284 0.26977897 0.11770224
v -0.41521171 0.25500000 0.11770224
v -0.40588284 0.26977897 0.11770224
v -0.39630881 0.25500000 0.11770224
v -0.39326790 0.25500000 0.11770224
v -0.40588284 0.26977897 0.11770224
v -0.39326790 0.25500000 0.11770224
v -0.38707587 0.25097198 0.11770224
v -0.22077380 -0.44400599 0.11770226
v -0.22387880 -0.37686690 0.11770226
v -0.26509669 -0.41808599 0.11770226
v 0.26898706 -0.42717388 0.11770226
v 0.24215317 -0.37686690 0.11770226
v 0.19263819 -0.46511006 0.11770226
v 0.24215317 -0.37686690 0.11770226
v 0.26898706 -0.42717388 0.11770226
v 0.28337106 -0.41808599 0.11770226
v -0.40588284 -0.27869007 0.11770226
v -0.39326790 -0.25945490 0.11770225
v -0.41788480 -0.25945490 0.11770225
v -0.39326790 -0.25945490 0.11770225
v -0.40588284 -0.27869007 0.11770226
v -0.37373275 -0.24653998 0.11770225
v -0.39326790 -0.25945490 0.11770225
v -0.37373275 -0.24653998 0.11770225
v -0.39326790 -0.16500000 0.11770225
v -0.39326790 -0.16500000 0.11770225
v -0.37373275 -0.24653998 0.11770225
v -0.38326794 -0.19677600 0.11770225
v -0.38326794 -0.19677600 0.11770225
v -0.37373275 -0.24653998 0.11770225
v -0.36935279 -0.22104999 0.11770225
v -0.36935279 -0.22104999 0.11770225
v -0.37373275 -0.24653998 0.11770225
v -0.36500177 -0.24701798 0.11770225
v -0.36935279 -0.22104999 0.11770225
v -0.36500177 -0.24701798 0.11770225
v -0.36263093 -0.22955200 0.11770225
v -0.36263093 -0.22955200 0.11770225
v -0.36500177 -0.24701798 0.11770225
v -0.36311683 -0.24712097 0.11770225
v -0.36263093 -0.22955200 0.11770225
v -0.36311683 -0.24712097 0.11770225
v -0.35741681 -0.24892498 0.11770225
v -0.36263093 -0.22955200 0.11770225
v -0.35741681 -0.24892498 0.11770225
v -0.31125894 -0.29328110 0.11770226
v -0.31125894 -0.29328110 0.11770226
v -0.35741681 -0.24892498 0.11770225
v -0.33417276 -0.28011396 0.11770226
v -0.31125894 -0.29328110 0.11770226
v -0.33417276 -0.28011396 0.11770226
v -0.32131276 -0.29452797 0.11770226
v -0.31125894 -0.29328110 0.11770226
v -0.32131276 -0.29452797 0.11770226
v -0.30815378 -0.30927699 0.11770226
v -0.31125894 -0.29328110 0.11770226
v -0.30815378 -0.30927699 0.11770226
v -0.30100292 -0.30544489 0.11770226
v -0.30100292 -0.30544489 0.11770226
v -0.30815378 -0.30927699 0.11770226
v -0.27976394 -0.33594903 0.11770226
v -0.30100292 -0.30544489 0.11770226
v -0.27976394 -0.33594903 0.11770226
v -0.29847789 -0.30824804 0.11770226
v -0.29847789 -0.30824804 0.11770226
v -0.27976394 -0.33594903 0.11770226
v -0.26661181 -0.33685401 0.11770226
v -0.26661181 -0.33685401 0.11770226
v -0.27976394 -0.33594903 0.11770226
v -0.27192092 -0.34211689 0.11770226
v -0.26661181 -0.33685401 0.11770226
v -0.27192092 -0.34211689 0.11770226
v -0.24924582 -0.35995000 0.11770226
v -0.26661181 -0.33685401 0.11770226
v -0.24924582 -0.35995000 0.11770226
v -0.26073477 -0.34158095 0.11770226
v -0.26073477 -0.34158095 0.11770226
v -0.24924582 -0.35995000 0.11770226
v -0.22595881 -0.36656898 0.11770226
v -0.22595881 -0.36656898 0.11770226
v -0.24924582 -0.35995000 0.11770226
v -0.22387880 -0.37686690 0.11770226
v -0.22595881 -0.36656898 0.11770226
v -0.22387880 -0.37686690 0.11770226
v -0.18874282 -0.38775208 0.11770226
v -0.18874282 -0.38775208 0.11770226
v -0.22387880 -0.37686690 0.11770226
v -0.22077380 -0.44400599 0.11770226
v -0.18874282 -0.38775208 0.11770226
v -0.22077380 -0.44400599 0.11770226
v -0.14200081 -0.47660991 0.11770226
v -0.18874282 -0.38775208 0.11770226
v -0.14200081 -0.47660991 0.11770226
v -0.18199682 -0.39112392 0.11770226
v -0.18199682 -0.39112392 0.11770226
v -0.14200081 -0.47660991 0.11770226
v -0.10182984 -0.42091509 0.11770226
v -0.10182984 -0.42091509 0.11770226
v -0.14200081 -0.47660991 0.11770226
v -0.05883323 -0.49535790 0.11770226
v -0.10182984 -0.42091509 0.11770226
v -0.05883323 -0.49535790 0.11770226
v -0.09822481 -0.42203900 0.11770226
v -0.09822481 -0.42203900 0.11770226
v -0.05883323 -0.49535790 0.11770226
v -0.05622452 -0.43039107 0.11770226
v -0.05622452 -0.43039107 0.11770226
v -0.05883323 -0.49535790 0.11770226
v 0.02631028 -0.49970510 0.11770226
v -0.05622452 -0.43039107 0.11770226
v 0.02631028 -0.49970510 0.11770226
v -0.04875933 -0.43145811 0.11770226
v -0.04875933 -0.43145811 0.11770226
v 0.02631028 -0.49970510 0.11770226
v -0.00610132 -0.43521404 0.11770226
v -0.00610132 -0.43521404 0.11770226
v 0.02631028 -0.49970510 0.11770226
v -0.00232592 -0.43514591 0.11770226
v -0.00232592 -0.43514591 0.11770226
v 0.02631028 -0.49970510 0.11770226
v 0.08297757 -0.42901897 0.11770226
v 0.08297757 -0.42901897 0.11770226
v 0.02631028 -0.49970510 0.11770226
v 0.11095417 -0.48952403 0.11770226
v 0.08297757 -0.42901897 0.11770226
v 0.11095417 -0.48952403 0.11770226
v 0.09039859 -0.42767608 0.11770226
v 0.09039859 -0.42767608 0.11770226
v 0.11095417 -0.48952403 0.11770226
v 0.17249417 -0.40348509 0.11770226
v 0.17249417 -0.40348509 0.11770226
v 0.11095417 -0.48952403 0.11770226
v 0.19263819 -0.46511006 0.11770226
v 0.17249417 -0.40348509 0.11770226
v 0.19263819 -0.46511006 0.11770226
v 0.17605917 -0.40222296 0.11770226
v 0.17605917 -0.40222296 0.11770226
v 0.19263819 -0.46511006 0.11770226
v 0.24215317 -0.37686690 0.11770226
v 0.17605917 -0.40222296 0.11770226
v 0.24215317 -0.37686690 0.11770226
v 0.25759816 -0.35765004 0.11770226
v 0.25759816 -0.35765004 0.11770226
v 0.24215317 -0.37686690 0.11770226
v 0.27430812 -0.35497894 0.11770226
v 0.25759816 -0.35765004 0.11770226
v 0.27430812 -0.35497894 0.11770226
v 0.29147318 -0.33135187 0.11770226
v 0.29147318 -0.33135187 0.11770226
v 0.27430812 -0.35497894 0.11770226
v 0.29449728 -0.33846211 0.11770226
v 0.29147318 -0.33135187 0.11770226
v 0.29449728 -0.33846211 0.11770226
v 0.29718029 -0.32640394 0.11770226
v 0.29718029 -0.32640394 0.11770226
v 0.29449728 -0.33846211 0.11770226
v 0.30456406 -0.33022490 0.11770226
v 0.29718029 -0.32640394 0.11770226
v 0.30456406 -0.33022490 0.11770226
v 0.32800928 -0.29659301 0.11770226
v 0.32800928 -0.29659301 0.11770226
v 0.30456406 -0.33022490 0.11770226
v 0.33245707 -0.30296892 0.11770226
v 0.32800928 -0.29659301 0.11770226
v 0.33245707 -0.30296892 0.11770226
v 0.38367721 -0.22218600 0.11770225
v 0.38367721 -0.22218600 0.11770225
v 0.33245707 -0.30296892 0.11770226
v 0.34758329 -0.28533393 0.11770226
v 0.38367721 -0.22218600 0.11770225
v 0.34758329 -0.28533393 0.11770226
v 0.35778216 -0.27344495 0.11770226
v 0.38367721 -0.22218600 0.11770225
v 0.35778216 -0.27344495 0.11770226
v 0.38028631 -0.24202101 0.11770225
v 0.38367721 -0.22218600 0.11770225
v 0.38028631 -0.24202101 0.11770225
v 0.38600409 -0.23301598 0.11770225
v 0.38367721 -0.22218600 0.11770225
v 0.38600409 -0.23301598 0.11770225
v 0.40533018 -0.18077100 0.11770225
v 0.40533018 -0.18077100 0.11770225
v 0.38600409 -0.23301598 0.11770225
v 0.42722318 -0.27423387 0.11770226
v 0.40533018 -0.18077100 0.11770225
v 0.42722318 -0.27423387 0.11770226
v 0.43466315 -0.09259569 0.11770225
v 0.43466315 -0.09259569 0.11770225
v 0.42722318 -0.27423387 0.11770226
v 0.44498417 -0.24502500 0.11770225
v 0.43466315 -0.09259569 0.11770225
v 0.44498417 -0.24502500 0.11770225
v 0.44155008 -0.05026731 0.11770225
v 0.44155008 -0.05026731 0.11770225
v 0.44498417 -0.24502500 0.11770225
v 0.44235730 -0.04275709 0.11770225
v 0.44235730 -0.04275709 0.11770225
v 0.44498417 -0.24502500 0.11770225
v 0.44462121 0.00006811 0.11770225
v -0.38326794 0.16500001 0.11770224
v -0.39326790 0.25500000 0.11770224
v -0.39326790 0.16500001 0.11770224
v -0.39326790 0.25500000 0.11770224
v -0.38326794 0.16500001 0.11770224
v -0.38707587 0.25097198 0.11770224
v -0.38707587 0.25097198 0.11770224
v -0.38326794 0.16500001 0.11770224
v -0.38698471 0.25091800 0.11770224
v -0.38698471 0.25091800 0.11770224
v -0.38326794 0.16500001 0.11770224
v -0.38326794 0.19637299 0.11770224
v -0.38698471 0.25091800 0.11770224
v -0.38326794 0.19637299 0.11770224
v -0.37713787 0.24708501 0.11770224
v -0.37713787 0.24708501 0.11770224
v -0.38326794 0.19637299 0.11770224
v -0.36796290 0.22273900 0.11770224
v -0.37713787 0.24708501 0.11770224
v -0.36796290 0.22273900 0.11770224
v -0.37246579 0.24676301 0.11770224
v -0.37246579 0.24676301 0.11770224
v -0.36796290 0.22273900 0.11770224
v -0.36779475 0.24644000 0.11770224
v -0.36779475 0.24644000 0.11770224
v -0.36796290 0.22273900 0.11770224
v -0.34870589 0.24970501 0.11770224
v -0.36779475 0.24644000 0.11770224
v -0.34870589 0.24970501 0.11770224
v -0.35741681 0.24892499 0.11770224
v -0.35741681 0.24892499 0.11770224
v -0.34870589 0.24970501 0.11770224
v -0.33942983 0.27354506 0.11770224
v -0.33942983 0.27354506 0.11770224
v -0.34870589 0.24970501 0.11770224
v -0.33868787 0.26280389 0.11770224
v -0.33942983 0.27354506 0.11770224
v -0.33868787 0.26280389 0.11770224
v -0.32087386 0.29516808 0.11770224
v -0.32087386 0.29516808 0.11770224
v -0.33868787 0.26280389 0.11770224
v -0.32959288 0.27368096 0.11770224
v -0.32087386 0.29516808 0.11770224
v -0.32959288 0.27368096 0.11770224
v -0.30101994 0.30546901 0.11770224
v -0.32087386 0.29516808 0.11770224
v -0.30101994 0.30546901 0.11770224
v -0.31414589 0.30300802 0.11770224
v -0.31414589 0.30300802 0.11770224
v -0.30101994 0.30546901 0.11770224
v -0.28628284 0.33023099 0.11770223
v -0.28628284 0.33023099 0.11770223
v -0.30101994 0.30546901 0.11770224
v -0.29568872 0.31079111 0.11770224
v -0.28628284 0.33023099 0.11770223
v -0.29568872 0.31079111 0.11770224
v -0.22897480 0.36440212 0.11770223
v -0.28628284 0.33023099 0.11770223
v -0.22897480 0.36440212 0.11770223
v -0.27157575 0.34226400 0.11770223
v -0.27157575 0.34226400 0.11770223
v -0.22897480 0.36440212 0.11770223
v -0.25603375 0.35497895 0.11770223
v -0.25603375 0.35497895 0.11770223
v -0.22897480 0.36440212 0.11770223
v -0.22387880 0.37686691 0.11770223
v -0.22387880 0.37686691 0.11770223
v -0.22897480 0.36440212 0.11770223
v -0.22590382 0.36660910 0.11770223
v -0.22387880 0.37686691 0.11770223
v -0.22590382 0.36660910 0.11770223
v -0.14276983 0.40813101 0.11770223
v -0.22387880 0.37686691 0.11770223
v -0.14276983 0.40813101 0.11770223
v -0.22077380 0.44400600 0.11770223
v -0.22077380 0.44400600 0.11770223
v -0.14276983 0.40813101 0.11770223
v -0.14200081 0.47660992 0.11770223
v -0.14200081 0.47660992 0.11770223
v -0.14276983 0.40813101 0.11770223
v -0.10184281 0.42094097 0.11770223
v -0.14200081 0.47660992 0.11770223
v -0.10184281 0.42094097 0.11770223
v -0.05883323 0.49535790 0.11770223
v -0.05883323 0.49535790 0.11770223
v -0.10184281 0.42094097 0.11770223
v -0.09452883 0.42280409 0.11770223
v -0.05883323 0.49535790 0.11770223
v -0.09452883 0.42280409 0.11770223
v -0.00986392 0.43491304 0.11770223
v -0.05883323 0.49535790 0.11770223
v -0.00986392 0.43491304 0.11770223
v 0.02631028 0.49970511 0.11770223
v 0.02631028 0.49970511 0.11770223
v -0.00986392 0.43491304 0.11770223
v -0.00232692 0.43517691 0.11770223
v 0.02631028 0.49970511 0.11770223
v -0.00232692 0.43517691 0.11770223
v 0.08303378 0.42898214 0.11770223
v 0.02631028 0.49970511 0.11770223
v 0.08303378 0.42898214 0.11770223
v 0.11095417 0.48952404 0.11770223
v 0.11095417 0.48952404 0.11770223
v 0.08303378 0.42898214 0.11770223
v 0.08678596 0.42850587 0.11770223
v 0.11095417 0.48952404 0.11770223
v 0.08678596 0.42850587 0.11770223
v 0.17593320 0.40227604 0.11770223
v 0.11095417 0.48952404 0.11770223
v 0.17593320 0.40227604 0.11770223
v 0.19263819 0.46511007 0.11770223
v 0.19263819 0.46511007 0.11770223
v 0.17593320 0.40227604 0.11770223
v 0.21462318 0.38377598 0.11770223
v 0.19263819 0.46511007 0.11770223
v 0.21462318 0.38377598 0.11770223
v 0.26898706 0.42717389 0.11770223
v 0.26898706 0.42717389 0.11770223
v 0.21462318 0.38377598 0.11770223
v 0.22124618 0.38015697 0.11770223
v 0.26898706 0.42717389 0.11770223
v 0.22124618 0.38015697 0.11770223
v 0.24215317 0.37686691 0.11770223
v 0.26898706 0.42717389 0.11770223
v 0.24215317 0.37686691 0.11770223
v 0.28337106 0.41808600 0.11770223
v -0.22077380 0.44400600 0.11770223
v -0.26509669 0.41808600 0.11770223
v -0.22387880 0.37686691 0.11770223
v 0.29147926 0.33135012 0.11770223
v 0.24215317 0.37686691 0.11770223
v 0.22124618 0.38015697 0.11770223
v 0.24215317 0.37686691 0.11770223
v 0.29147926 0.33135012 0.11770223
v 0.25115818 0.37114913 0.11770223
v 0.25115818 0.37114913 0.11770223
v 0.29147926 0.33135012 0.11770223
v 0.28258213 0.34864498 0.11770223
v 0.28258213 0.34864498 0.11770223
v 0.29147926 0.33135012 0.11770223
v 0.29447111 0.33844611 0.11770223
v 0.29447111 0.33844611 0.11770223
v 0.29147926 0.33135012 0.11770223
v 0.29717624 0.32640905 0.11770223
v 0.29447111 0.33844611 0.11770223
v 0.29717624 0.32640905 0.11770223
v 0.31210610 0.32331989 0.11770223
v 0.31210610 0.32331989 0.11770223
v 0.29717624 0.32640905 0.11770223
v 0.32702222 0.29554806 0.11770224
v 0.31210610 0.32331989 0.11770223
v 0.32702222 0.29554806 0.11770224
v 0.33936208 0.29542688 0.11770224
v 0.33936208 0.29542688 0.11770224
v 0.32702222 0.29554806 0.11770224
v 0.35543519 0.26379297 0.11770224
v 0.33936208 0.29542688 0.11770224
v 0.35543519 0.26379297 0.11770224
v 0.34759930 0.28536010 0.11770224
v 0.34759930 0.28536010 0.11770224
v 0.35543519 0.26379297 0.11770224
v 0.36411613 0.26517094 0.11770224
v 0.36411613 0.26517094 0.11770224
v 0.35543519 0.26379297 0.11770224
v 0.35995412 0.25775490 0.11770224
v 0.36411613 0.26517094 0.11770224
v 0.35995412 0.25775490 0.11770224
v 0.40357912 0.18412400 0.11770224
v 0.36411613 0.26517094 0.11770224
v 0.40357912 0.18412400 0.11770224
v 0.38600409 0.23301599 0.11770224
v 0.38600409 0.23301599 0.11770224
v 0.40357912 0.18412400 0.11770224
v 0.42722318 0.27423388 0.11770224
v 0.42722318 0.27423388 0.11770224
v 0.40357912 0.18412400 0.11770224
v 0.40533018 0.18077101 0.11770224
v 0.42722318 0.27423388 0.11770224
v 0.40533018 0.18077101 0.11770224
v 0.43468523 0.09253070 0.11770224
v 0.42722318 0.27423388 0.11770224
v 0.43468523 0.09253070 0.11770224
v 0.44498417 0.24502501 0.11770224
v 0.44498417 0.24502501 0.11770224
v 0.43468523 0.09253070 0.11770224
v 0.44462121 0.00006811 0.11770225
v 0.44498417 0.24502501 0.11770224
v 0.44462121 0.00006811 0.11770225
v 0.44498417 -0.24502500 0.11770225
v 0.44498417 0.24502501 0.11770224
v 0.44498417 -0.24502500 0.11770225
v 0.44603726 0.07326010 0.11770224
v 0.44603726 0.07326010 0.11770224
v 0.44498417 -0.24502500 0.11770225
v 0.45212105 0.00371988 0.11770225
v 0.45212105 0.00371988 0.11770225
v 0.44498417 -0.24502500 0.11770225
v 0.48027518 -0.16741800 0.11770225
v 0.44603726 0.07326010 0.11770224
v 0.45212105 0.00371988 0.11770225
v 0.45008731 0.04256451 0.11770224
v 0.45212105 0.00371988 0.11770225
v 0.48027518 -0.16741800 0.11770225
v 0.50906128 0.00870148 0.11770225
v 0.50906128 0.00870148 0.11770225
v 0.48027518 -0.16741800 0.11770225
v 0.50186920 -0.08494400 0.11770225
v 0.50906128 0.00870148 0.11770225
v 0.50186920 -0.08494400 0.11770225
v 0.50913715 0.00000000 0.11770225
v 0.44603726 0.07326010 0.11770224
v 0.48027518 0.16741801 0.11770224
v 0.44498417 0.24502501 0.11770224
v 0.48027518 0.16741801 0.11770224
v 0.44603726 0.07326010 0.11770224
v 0.50297719 0.07824171 0.11770224
v 0.48027518 0.16741801 0.11770224
v 0.50297719 0.07824171 0.11770224
v 0.50186920 0.08494401 0.11770224
v -0.38326794 -0.16500000 0.11770225
v -0.39326790 -0.16500000 0.11770225
v -0.38326794 -0.19677600 0.11770225
v 0.45008731 0.04256451 0.11770224
v 0.44612616 0.07273201 0.03899625
v 0.44604030 0.07324189 0.04037286
v 0.44612616 0.07273201 0.03899625
v 0.49723423 0.07748059 0.03962145
v 0.44604030 0.07324189 0.04037286
v 0.49723423 0.07748059 0.03962145
v 0.49745524 0.07775849 0.03980265
v 0.49691725 0.07750920 0.03984045
v 0.49745524 0.07775849 0.03980265
v 0.49723423 0.07748059 0.03962145
v 0.49765411 0.07744280 0.03933095
v 0.49582225 0.07761559 0.04064985
v 0.50297719 0.07824171 0.03770225
v 0.50297719 0.07824171 0.11770224
v 0.50297719 0.07824171 0.03770225
v 0.49582225 0.07761559 0.04064985
v 0.49719819 0.07773610 0.03993565
v 0.50297719 0.07824171 0.03770225
v 0.49719819 0.07773610 0.03993565
v 0.49745524 0.07775849 0.03980265
v 0.50297719 0.07824171 0.03770225
v 0.49745524 0.07775849 0.03980265
v 0.49912429 0.07790449 0.03893677
v 0.50297719 0.07824171 0.03770225
v 0.49912429 0.07790449 0.03893677
v 0.50015116 0.07799441 0.03840365
v 0.50297719 0.07824171 0.03770225
v 0.50015116 0.07799441 0.03840365
v 0.50150323 0.07811270 0.03770225
v -0.39326790 -0.25945491 0.00770227
v -0.41788480 -0.25945490 0.11770225
v -0.39326790 -0.25945490 0.11770225
v -0.41788480 -0.25945490 0.11770225
v -0.39326790 -0.25945491 0.00770227
v -0.41788480 -0.25945491 0.00770227
v -0.40588284 -0.27869007 0.03770226
v -0.41788480 -0.25945490 0.11770225
v -0.41788480 -0.25945491 0.00770227
v -0.41788480 -0.25945490 0.11770225
v -0.40588284 -0.27869007 0.03770226
v -0.40588284 -0.27869007 0.11770226
v -0.40588284 -0.27869007 0.03770226
v -0.37373275 -0.24653998 0.11770225
v -0.40588284 -0.27869007 0.11770226
v -0.37373275 -0.24653998 0.11770225
v -0.40588284 -0.27869007 0.03770226
v -0.37622985 -0.24903700 0.03770226
v -0.37493470 -0.24880898 0.03770226
v -0.36500177 -0.24701798 0.11770225
v -0.37373275 -0.24653998 0.11770225
v -0.36473888 -0.24893300 0.03770226
v -0.36311683 -0.24712097 0.11770225
v -0.36500177 -0.24701798 0.11770225
v -0.35501373 -0.25242701 0.03770226
v -0.35741681 -0.24892498 0.11770225
v -0.36311683 -0.24712097 0.11770225
v -0.33417276 -0.28011396 0.11770226
v -0.35741681 -0.24892498 0.11770225
v -0.35501373 -0.25242701 0.03770226
v -0.32131276 -0.29452797 0.11770226
v -0.33417276 -0.28011396 0.11770226
v -0.33941481 -0.27356410 0.03770226
v -0.30815378 -0.30927699 0.11770226
v -0.32131276 -0.29452797 0.11770226
v -0.32137090 -0.29458794 0.03770227
v -0.31413776 -0.30301589 0.03770227
v -0.27976394 -0.33594903 0.11770226
v -0.30815378 -0.30927699 0.11770226
v -0.28628084 -0.33023301 0.03770227
v -0.27192092 -0.34211689 0.11770226
v -0.27976394 -0.33594903 0.11770226
v -0.27184981 -0.34203994 0.03770227
v -0.24924582 -0.35995000 0.11770226
v -0.27192092 -0.34211689 0.11770226
v -0.25603375 -0.35497793 0.03770227
v -0.22387880 -0.37686690 0.11770226
v -0.24924582 -0.35995000 0.11770226
v -0.26509669 -0.41808599 0.03770227
v -0.22387880 -0.37686690 0.11770226
v -0.22387880 -0.37686691 0.03770227
v -0.22387880 -0.37686690 0.11770226
v -0.26509669 -0.41808599 0.03770227
v -0.26509669 -0.41808599 0.11770226
v -0.26509669 -0.41808599 0.03770227
v -0.22077380 -0.44400599 0.11770226
v -0.26509669 -0.41808599 0.11770226
v -0.22077380 -0.44400599 0.11770226
v -0.26509669 -0.41808599 0.03770227
v -0.22077380 -0.44400600 -0.00229773
v -0.22077380 -0.44400600 -0.00229773
v -0.14200081 -0.47660991 0.11770226
v -0.22077380 -0.44400599 0.11770226
v -0.14200081 -0.47660991 0.11770226
v -0.22077380 -0.44400600 -0.00229773
v -0.14200081 -0.47660992 -0.00229773
v -0.14200081 -0.47660992 -0.00229773
v -0.05883323 -0.49535790 0.11770226
v -0.14200081 -0.47660991 0.11770226
v -0.05883323 -0.49535790 0.11770226
v -0.14200081 -0.47660992 -0.00229773
v -0.05883323 -0.49535790 -0.00229773
v -0.05883323 -0.49535790 -0.00229773
v 0.02631028 -0.49970510 0.11770226
v -0.05883323 -0.49535790 0.11770226
v 0.02631028 -0.49970510 0.11770226
v -0.05883323 -0.49535790 -0.00229773
v 0.02631028 -0.49970511 -0.00229772
v 0.02631028 -0.49970511 -0.00229772
v 0.11095417 -0.48952403 0.11770226
v 0.02631028 -0.49970510 0.11770226
v 0.11095417 -0.48952403 0.11770226
v 0.02631028 -0.49970511 -0.00229772
v 0.11095417 -0.48952404 -0.00229773
v 0.11095417 -0.48952404 -0.00229773
v 0.19263819 -0.46511006 0.11770226
v 0.11095417 -0.48952403 0.11770226
v 0.19263819 -0.46511006 0.11770226
v 0.11095417 -0.48952404 -0.00229773
v 0.19263819 -0.46511006 -0.00229773
v 0.19263819 -0.46511006 -0.00229773
v 0.26898706 -0.42717388 0.11770226
v 0.19263819 -0.46511006 0.11770226
v 0.26898706 -0.42717388 0.11770226
v 0.19263819 -0.46511006 -0.00229773
v 0.26898706 -0.42717388 -0.00229773
v 0.26898706 -0.42717388 -0.00229773
v 0.28337106 -0.41808599 0.11770226
v 0.26898706 -0.42717388 0.11770226
v 0.28337106 -0.41808599 0.11770226
v 0.26898706 -0.42717388 -0.00229773
v 0.28337106 -0.41808599 0.03770227
v 0.28337106 -0.41808599 0.11770226
v 0.24215317 -0.37686691 0.04066297
v 0.24215317 -0.37686690 0.11770226
v 0.24215317 -0.37686691 0.04066297
v 0.28337106 -0.41808599 0.11770226
v 0.27785417 -0.41256788 0.04066297
v 0.27785417 -0.41256788 0.04066297
v 0.28337106 -0.41808599 0.11770226
v 0.27790016 -0.41261411 0.04065007
v 0.27790016 -0.41261411 0.04065007
v 0.28337106 -0.41808599 0.11770226
v 0.27903324 -0.41374692 0.04009137
v 0.27903324 -0.41374692 0.04009137
v 0.28337106 -0.41808599 0.11770226
v 0.27913713 -0.41385108 0.04003989
v 0.27913713 -0.41385108 0.04003989
v 0.28337106 -0.41808599 0.11770226
v 0.27942926 -0.41414294 0.03982177
v 0.27942926 -0.41414294 0.03982177
v 0.28337106 -0.41808599 0.11770226
v 0.28027126 -0.41498494 0.03919246
v 0.25011918 -0.37182397 0.03770227
v 0.27430812 -0.35497894 0.11770226
v 0.24215317 -0.37686690 0.11770226
v 0.28018618 -0.35051110 0.03770227
v 0.29449728 -0.33846211 0.11770226
v 0.27430812 -0.35497894 0.11770226
v 0.29446426 -0.33843291 0.03770227
v 0.30456406 -0.33022490 0.11770226
v 0.29449728 -0.33846211 0.11770226
v 0.30986428 -0.32540601 0.03770227
v 0.33245707 -0.30296892 0.11770226
v 0.30456406 -0.33022490 0.11770226
v 0.33245707 -0.30296892 0.11770226
v 0.33730313 -0.29771289 0.03770227
v 0.34758329 -0.28533393 0.11770226
v 0.34758329 -0.28533393 0.11770226
v 0.38548213 -0.23385800 0.03861707
v 0.35778216 -0.27344495 0.11770226
v 0.35778216 -0.27344495 0.11770226
v 0.38548213 -0.23385800 0.03861707
v 0.38028631 -0.24202101 0.11770225
v 0.38028631 -0.24202101 0.11770225
v 0.38600409 -0.23301598 0.04066296
v 0.38600409 -0.23301598 0.11770225
v 0.38600409 -0.23301598 0.04066296
v 0.42722318 -0.27423387 0.11770226
v 0.38600409 -0.23301598 0.11770225
v 0.42722318 -0.27423387 0.11770226
v 0.38600409 -0.23301598 0.04066296
v 0.42170507 -0.26871699 0.04066296
v 0.42722318 -0.27423387 0.11770226
v 0.42170507 -0.26871699 0.04066296
v 0.42175129 -0.26876297 0.04065006
v 0.42722318 -0.27423387 0.11770226
v 0.42175129 -0.26876297 0.04065006
v 0.42394409 -0.27095500 0.03916927
v 0.42394409 -0.27095500 0.03916927
v 0.42175129 -0.26876297 0.04065006
v 0.42296007 -0.26997202 0.03983338
v 0.42722318 -0.27423387 0.11770226
v 0.44498417 -0.24502501 -0.00229773
v 0.44498417 -0.24502500 0.11770225
v 0.44498417 -0.24502501 -0.00229773
v 0.42722318 -0.27423387 0.11770226
v 0.42722318 -0.27423388 0.03770226
v 0.44498417 -0.24502500 0.11770225
v 0.48027518 -0.16741800 -0.00229774
v 0.48027518 -0.16741800 0.11770225
v 0.48027518 -0.16741800 -0.00229774
v 0.44498417 -0.24502500 0.11770225
v 0.44498417 -0.24502501 -0.00229773
v 0.48027518 -0.16741800 0.11770225
v 0.50186920 -0.08494400 -0.00229774
v 0.50186920 -0.08494400 0.11770225
v 0.50186920 -0.08494400 -0.00229774
v 0.48027518 -0.16741800 0.11770225
v 0.48027518 -0.16741800 -0.00229774
v 0.50186920 -0.08494400 0.11770225
v 0.50913715 -0.00000000 -0.00229774
v 0.50913715 0.00000000 0.11770225
v 0.50913715 -0.00000000 -0.00229774
v 0.50186920 -0.08494400 0.11770225
v 0.50186920 -0.08494400 -0.00229774
v 0.50913715 0.00000000 0.11770225
v 0.50906128 0.00870148 0.03770225
v 0.50906128 0.00870148 0.11770225
v 0.50906128 0.00870148 0.03770225
v 0.50913715 0.00000000 0.11770225
v 0.50913715 -0.00000000 -0.00229774
v 0.50906128 0.00870148 0.03770225
v 0.45212105 0.00371988 0.11770225
v 0.50906128 0.00870148 0.11770225
v 0.45212105 0.00371988 0.11770225
v 0.50906128 0.00870148 0.03770225
v 0.50398326 0.00825719 0.03988155
v 0.45212105 0.00371988 0.11770225
v 0.50398326 0.00825719 0.03988155
v 0.50344020 0.00820967 0.04008246
v 0.45212105 0.00371988 0.11770225
v 0.50344020 0.00820967 0.04008246
v 0.50190604 0.00807544 0.04064985
v 0.45212105 0.00371988 0.11770225
v 0.50190604 0.00807544 0.04064985
v 0.50184131 0.00806979 0.04066296
v 0.50398326 0.00825719 0.03988155
v 0.50906128 0.00870148 0.03770225
v 0.50411814 0.00826896 0.03980027
v 0.50411814 0.00826896 0.03980027
v 0.50906128 0.00870148 0.03770225
v 0.50507116 0.00835237 0.03922377
v 0.50507116 0.00835237 0.03922377
v 0.50906128 0.00870148 0.03770225
v 0.50529218 0.00837171 0.03909006
v 0.50529218 0.00837171 0.03909006
v 0.50906128 0.00870148 0.03770225
v 0.50678921 0.00850265 0.03818516
v 0.50678921 0.00850265 0.03818516
v 0.50906128 0.00870148 0.03770225
v 0.50758725 0.00857253 0.03770225
v 0.45212105 0.00371988 0.04066296
v 0.45212105 0.00371988 0.11770225
v 0.50184131 0.00806979 0.04066296
v 0.45212105 0.00371988 0.04066296
v 0.45008731 0.04256451 0.11770224
v 0.45212105 0.00371988 0.11770225
v 0.50297719 0.07824171 0.11770224
v 0.50186920 0.08494400 -0.00229774
v 0.50186920 0.08494401 0.11770224
v 0.50186920 0.08494400 -0.00229774
v 0.50297719 0.07824171 0.11770224
v 0.50297719 0.07824171 0.03770225
v 0.50186920 0.08494401 0.11770224
v 0.48027518 0.16741800 -0.00229775
v 0.48027518 0.16741801 0.11770224
v 0.48027518 0.16741800 -0.00229775
v 0.50186920 0.08494401 0.11770224
v 0.50186920 0.08494400 -0.00229774
v 0.48027518 0.16741801 0.11770224
v 0.44498417 0.24502501 -0.00229775
v 0.44498417 0.24502501 0.11770224
v 0.44498417 0.24502501 -0.00229775
v 0.48027518 0.16741801 0.11770224
v 0.48027518 0.16741800 -0.00229775
v 0.44498417 0.24502501 0.11770224
v 0.42722318 0.27423388 0.03770225
v 0.42722318 0.27423388 0.11770224
v 0.42722318 0.27423388 0.03770225
v 0.44498417 0.24502501 0.11770224
v 0.44498417 0.24502501 -0.00229775
v 0.42412212 0.27113408 0.03919244
v 0.38600409 0.23301599 0.11770224
v 0.42722318 0.27423388 0.11770224
v 0.38600409 0.23301599 0.11770224
v 0.42412212 0.27113408 0.03919244
v 0.42328012 0.27029207 0.03982175
v 0.38600409 0.23301599 0.11770224
v 0.42328012 0.27029207 0.03982175
v 0.42298827 0.26999995 0.04003986
v 0.38600409 0.23301599 0.11770224
v 0.42298827 0.26999995 0.04003986
v 0.42288411 0.26989606 0.04009135
v 0.38600409 0.23301599 0.11770224
v 0.42288411 0.26989606 0.04009135
v 0.42175129 0.26876298 0.04065004
v 0.38600409 0.23301599 0.11770224
v 0.42175129 0.26876298 0.04065004
v 0.42170507 0.26871699 0.04066295
v 0.38600409 0.23301599 0.04066295
v 0.38600409 0.23301599 0.11770224
v 0.42170507 0.26871699 0.04066295
v 0.38600409 0.23301599 0.11770224
v 0.38096115 0.24098200 0.03770225
v 0.36411613 0.26517094 0.11770224
v 0.36411613 0.26517094 0.11770224
v 0.35964829 0.27104899 0.03770225
v 0.34759930 0.28536010 0.11770224
v 0.34757009 0.28532708 0.03770225
v 0.33936208 0.29542688 0.11770224
v 0.34759930 0.28536010 0.11770224
v 0.33936208 0.29542688 0.11770224
v 0.33454320 0.30072710 0.03770224
v 0.31210610 0.32331989 0.11770223
v 0.30685008 0.32816595 0.03770224
v 0.29447111 0.33844611 0.11770223
v 0.31210610 0.32331989 0.11770223
v 0.29447213 0.33843696 0.03770224
v 0.28258213 0.34864498 0.11770223
v 0.29447111 0.33844611 0.11770223
v 0.24299519 0.37634495 0.03861705
v 0.25115818 0.37114913 0.11770223
v 0.28258213 0.34864498 0.11770223
v 0.24215317 0.37686691 0.04066294
v 0.24215317 0.37686691 0.11770223
v 0.25115818 0.37114913 0.11770223
v 0.24215317 0.37686691 0.11770223
v 0.28009218 0.41480690 0.03916925
v 0.28337106 0.41808600 0.11770223
v 0.28009218 0.41480690 0.03916925
v 0.24215317 0.37686691 0.11770223
v 0.27910921 0.41382289 0.03983335
v 0.27910921 0.41382289 0.03983335
v 0.24215317 0.37686691 0.11770223
v 0.27790016 0.41261411 0.04065004
v 0.27790016 0.41261411 0.04065004
v 0.24215317 0.37686691 0.11770223
v 0.27785417 0.41256789 0.04066294
v 0.27785417 0.41256789 0.04066294
v 0.24215317 0.37686691 0.11770223
v 0.24215317 0.37686691 0.04066294
v 0.28337106 0.41808599 0.03770224
v 0.26898706 0.42717389 0.11770223
v 0.28337106 0.41808600 0.11770223
v 0.26898706 0.42717389 0.11770223
v 0.28337106 0.41808599 0.03770224
v 0.26898706 0.42717388 -0.00229776
v 0.26898706 0.42717388 -0.00229776
v 0.19263819 0.46511007 0.11770223
v 0.26898706 0.42717389 0.11770223
v 0.19263819 0.46511007 0.11770223
v 0.26898706 0.42717388 -0.00229776
v 0.19263819 0.46511006 -0.00229776
v 0.19263819 0.46511006 -0.00229776
v 0.11095417 0.48952404 0.11770223
v 0.19263819 0.46511007 0.11770223
v 0.11095417 0.48952404 0.11770223
v 0.19263819 0.46511006 -0.00229776
v 0.11095417 0.48952404 -0.00229776
v 0.11095417 0.48952404 -0.00229776
v 0.02631028 0.49970511 0.11770223
v 0.11095417 0.48952404 0.11770223
v 0.02631028 0.49970511 0.11770223
v 0.11095417 0.48952404 -0.00229776
v 0.02631028 0.49970511 -0.00229776
v 0.02631028 0.49970511 -0.00229776
v -0.05883323 0.49535790 0.11770223
v 0.02631028 0.49970511 0.11770223
v -0.05883323 0.49535790 0.11770223
v 0.02631028 0.49970511 -0.00229776
v -0.05883323 0.49535790 -0.00229776
v -0.05883323 0.49535790 -0.00229776
v -0.14200081 0.47660992 0.11770223
v -0.05883323 0.49535790 0.11770223
v -0.14200081 0.47660992 0.11770223
v -0.05883323 0.49535790 -0.00229776
v -0.14200081 0.47660992 -0.00229776
v -0.14200081 0.47660992 -0.00229776
v -0.22077380 0.44400600 0.11770223
v -0.14200081 0.47660992 0.11770223
v -0.22077380 0.44400600 0.11770223
v -0.14200081 0.47660992 -0.00229776
v -0.22077380 0.44400600 -0.00229776
v -0.22077380 0.44400600 -0.00229776
v -0.26509669 0.41808600 0.11770223
v -0.22077380 0.44400600 0.11770223
v -0.26509669 0.41808600 0.11770223
v -0.22077380 0.44400600 -0.00229776
v -0.26509669 0.41808599 0.03770224
v -0.22387880 0.37686691 0.03770224
v -0.26509669 0.41808600 0.11770223
v -0.26509669 0.41808599 0.03770224
v -0.26509669 0.41808600 0.11770223
v -0.22387880 0.37686691 0.03770224
v -0.22387880 0.37686691 0.11770223
v -0.22387880 0.37686691 0.03770224
v -0.25603375 0.35497895 0.11770223
v -0.22387880 0.37686691 0.11770223
v -0.24924582 0.35995001 0.03770224
v -0.27157575 0.34226400 0.11770223
v -0.25603375 0.35497895 0.11770223
v -0.27164280 0.34233612 0.03770224
v -0.28628284 0.33023099 0.11770223
v -0.27157575 0.34226400 0.11770223
v -0.27976394 0.33594903 0.03770224
v -0.31414589 0.30300802 0.11770224
v -0.28628284 0.33023099 0.11770223
v -0.32087386 0.29516808 0.11770224
v -0.31414589 0.30300802 0.11770224
v -0.30815378 0.30927700 0.03770224
v -0.33942983 0.27354506 0.11770224
v -0.32087386 0.29516808 0.11770224
v -0.32080474 0.29509696 0.03770224
v -0.35741681 0.24892499 0.11770224
v -0.33942983 0.27354506 0.11770224
v -0.33417276 0.28011397 0.03770225
v -0.35741681 0.24892499 0.03770225
v -0.36779475 0.24644000 0.11770224
v -0.35741681 0.24892499 0.11770224
v -0.35751486 0.24888401 0.03770225
v -0.37246579 0.24676301 0.11770224
v -0.36779475 0.24644000 0.11770224
v -0.36779475 0.24643999 0.03770225
v -0.37713787 0.24708501 0.11770224
v -0.37246579 0.24676301 0.11770224
v -0.37713787 0.24708501 0.11770224
v -0.36779475 0.24643999 0.03770225
v -0.37713787 0.24708501 0.03770225
v -0.37713787 0.24708501 0.03770225
v -0.38698471 0.25091800 0.11770224
v -0.37713787 0.24708501 0.11770224
v -0.37713787 0.24708501 0.03770225
v -0.38707587 0.25097198 0.11770224
v -0.38698471 0.25091800 0.11770224
v -0.38707587 0.25097198 0.11770224
v -0.40588284 0.26977897 0.03770225
v -0.40588284 0.26977897 0.11770224
v -0.40588284 0.26977897 0.03770225
v -0.38707587 0.25097198 0.11770224
v -0.38707587 0.25097197 0.03770225
v -0.41521171 0.25500000 0.00770225
v -0.40588284 0.26977897 0.11770224
v -0.40588284 0.26977897 0.03770225
v -0.40588284 0.26977897 0.11770224
v -0.41521171 0.25500000 0.00770225
v -0.41521171 0.25500000 0.11770224
v -0.41521171 0.25500000 0.11770224
v -0.41521171 0.25500000 0.00770225
v -0.41521171 0.25500000 0.04715786
v -0.41521171 0.25500000 0.04715786
v -0.39326790 0.25500000 0.11770224
v -0.39630881 0.25500000 0.11770224
v -0.39326790 0.25500000 0.11770224
v -0.41521171 0.25500000 0.04715786
v -0.39326790 0.25500000 0.00770225
v -0.39326790 0.25500000 0.00770225
v -0.41521171 0.25500000 0.04715786
v -0.41521171 0.25500000 0.00770225
v -0.39326790 0.16500001 0.00770225
v -0.39326790 0.25500000 0.11770224
v -0.39326790 0.25500000 0.00770225
v -0.39326790 0.25500000 0.11770224
v -0.39326790 0.16500001 0.00770225
v -0.39326790 0.16500001 0.11770224
v 0.45008731 0.04256451 0.11770224
v 0.44619626 0.07230849 0.03861526
v 0.44612616 0.07273201 0.03899625
v 0.44619626 0.07230849 0.03861526
v 0.45008731 0.04256451 0.11770224
v 0.44629911 0.07168561 0.03805506
v 0.44612616 0.07273201 0.03899625
v 0.49765411 0.07744280 0.03933095
v 0.49723423 0.07748059 0.03962145
v 0.49857029 0.07758161 0.03907865
v 0.49745524 0.07775849 0.03980265
v 0.49765411 0.07744280 0.03933095
v 0.49912429 0.07790449 0.03893677
v 0.49745524 0.07775849 0.03980265
v 0.49857029 0.07758161 0.03907865
v 0.50018519 0.07763891 0.03858897
v 0.50015116 0.07799441 0.03840365
v 0.49912429 0.07790449 0.03893677
v 0.50150323 0.07811270 0.03770225
v 0.50015116 0.07799441 0.03840365
v 0.50136125 0.07698029 0.03770225
v 0.45208627 0.00672824 0.03770225
v 0.46989927 0.03495870 0.03770225
v 0.46833009 0.04127279 0.03770225
v 0.46989927 0.03495870 0.03770225
v 0.45208627 0.00672824 0.03770225
v 0.47364628 0.03041701 0.03770225
v 0.47364628 0.03041701 0.03770225
v 0.45208627 0.00672824 0.03770225
v 0.50591314 0.01143750 0.03770225
v 0.46989927 0.03495870 0.03770225
v 0.47364628 0.03041701 0.03770225
v 0.47029802 0.03447519 0.03770225
v 0.47364628 0.03041701 0.03770225
v 0.50591314 0.01143750 0.03770225
v 0.47547328 0.02959420 0.03770225
v 0.47547328 0.02959420 0.03770225
v 0.50591314 0.01143750 0.03770225
v 0.47986117 0.02761821 0.03770225
v 0.47986117 0.02761821 0.03770225
v 0.50591314 0.01143750 0.03770225
v 0.48230720 0.02776959 0.03770225
v 0.48230720 0.02776959 0.03770225
v 0.50591314 0.01143750 0.03770225
v 0.48647910 0.02802801 0.03770225
v 0.48647910 0.02802801 0.03770225
v 0.50591314 0.01143750 0.03770225
v 0.48912024 0.02962219 0.03770225
v 0.48912024 0.02962219 0.03770225
v 0.50591314 0.01143750 0.03770225
v 0.49222916 0.03149950 0.03770225
v 0.49222916 0.03149950 0.03770225
v 0.50591314 0.01143750 0.03770225
v 0.49419919 0.03456269 0.03770225
v 0.49419919 0.03456269 0.03770225
v 0.50591314 0.01143750 0.03770225
v 0.49544328 0.03649619 0.03770225
v 0.49544328 0.03649619 0.03770225
v 0.50591314 0.01143750 0.03770225
v 0.49620226 0.04328398 0.03770225
v 0.49620226 0.04328398 0.03770225
v 0.50591314 0.01143750 0.03770225
v 0.50035107 0.07500051 0.03770225
v 0.50035107 0.07500051 0.03770225
v 0.50591314 0.01143750 0.03770225
v 0.50085729 0.07599139 0.03770225
v 0.50085729 0.07599139 0.03770225
v 0.50591314 0.01143750 0.03770225
v 0.50136125 0.07698029 0.03770225
v 0.50136125 0.07698029 0.03770225
v 0.50591314 0.01143750 0.03770225
v 0.50150323 0.07811270 0.03770225
v 0.50150323 0.07811270 0.03770225
v 0.50591314 0.01143750 0.03770225
v 0.50297719 0.07824171 0.03770225
v 0.50297719 0.07824171 0.03770225
v 0.50591314 0.01143750 0.03770225
v 0.50906128 0.00870148 0.03770225
v 0.50906128 0.00870148 0.03770225
v 0.50591314 0.01143750 0.03770225
v 0.50658119 0.01055060 0.03770225
v 0.50906128 0.00870148 0.03770225
v 0.50658119 0.01055060 0.03770225
v 0.50725019 0.00966295 0.03770225
v 0.50906128 0.00870148 0.03770225
v 0.50725019 0.00966295 0.03770225
v 0.50758725 0.00857253 0.03770225
v 0.44652516 0.07029130 0.03770225
v 0.47445428 0.05297418 0.03770225
v 0.50035107 0.07500051 0.03770225
v 0.47445428 0.05297418 0.03770225
v 0.44652516 0.07029130 0.03770225
v 0.45100522 0.03165249 0.03770225
v 0.47445428 0.05297418 0.03770225
v 0.45100522 0.03165249 0.03770225
v 0.47029427 0.04831930 0.03770225
v 0.47029427 0.04831930 0.03770225
v 0.45100522 0.03165249 0.03770225
v 0.46994627 0.04792919 0.03770225
v 0.46994627 0.04792919 0.03770225
v 0.45100522 0.03165249 0.03770225
v 0.45208627 0.00672824 0.03770225
v 0.46994627 0.04792919 0.03770225
v 0.45208627 0.00672824 0.03770225
v 0.46833009 0.04127279 0.03770225
v 0.46994627 0.04792919 0.03770225
v 0.46833009 0.04127279 0.03770225
v 0.46835929 0.04139179 0.03770225
v 0.50035107 0.07500051 0.03770225
v 0.47445428 0.05297418 0.03770225
v 0.47540116 0.05333669 0.03770225
v 0.50035107 0.07500051 0.03770225
v 0.47540116 0.05333669 0.03770225
v 0.48045626 0.05527319 0.03770225
v 0.50035107 0.07500051 0.03770225
v 0.48045626 0.05527319 0.03770225
v 0.48232928 0.05539899 0.03770225
v 0.50035107 0.07500051 0.03770225
v 0.48232928 0.05539899 0.03770225
v 0.48876920 0.05383009 0.03770225
v 0.50035107 0.07500051 0.03770225
v 0.48876920 0.05383009 0.03770225
v 0.48923704 0.05341810 0.03770225
v 0.50035107 0.07500051 0.03770225
v 0.48923704 0.05341810 0.03770225
v 0.49385425 0.04934839 0.03770225
v 0.50035107 0.07500051 0.03770225
v 0.49385425 0.04934839 0.03770225
v 0.49425229 0.04832070 0.03770225
v 0.50035107 0.07500051 0.03770225
v 0.49425229 0.04832070 0.03770225
v 0.49620226 0.04328398 0.03770225
v -0.44303793 -0.21339498 0.00770227
v -0.39326790 -0.16500001 0.00770226
v -0.46285272 -0.16500001 0.00770226
v -0.39326790 -0.16500001 0.00770226
v -0.44303793 -0.21339498 0.00770227
v -0.41827673 -0.25945491 0.00770227
v -0.39326790 -0.16500001 0.00770226
v -0.41827673 -0.25945491 0.00770227
v -0.41788480 -0.25945491 0.00770227
v -0.39326790 -0.16500001 0.00770226
v -0.41788480 -0.25945491 0.00770227
v -0.39326790 -0.25945491 0.00770227
v -0.38633293 -0.30639791 -0.00229773
v -0.40588284 -0.27869007 0.03770226
v -0.41788480 -0.25945491 0.00770227
v -0.29286271 -0.39849195 0.03770227
v -0.28931892 -0.38085294 0.03770227
v -0.29088685 -0.37453902 0.03770227
v -0.28931892 -0.38085294 0.03770227
v -0.29286271 -0.39849195 0.03770227
v -0.26509669 -0.41808599 0.03770227
v -0.28931892 -0.38085294 0.03770227
v -0.26509669 -0.41808599 0.03770227
v -0.28891987 -0.38133708 0.03770227
v -0.28891987 -0.38133708 0.03770227
v -0.26509669 -0.41808599 0.03770227
v -0.28557089 -0.38539496 0.03770227
v -0.28557089 -0.38539496 0.03770227
v -0.26509669 -0.41808599 0.03770227
v -0.28374386 -0.38621792 0.03770227
v -0.28374386 -0.38621792 0.03770227
v -0.26509669 -0.41808599 0.03770227
v -0.27935576 -0.38819402 0.03770227
v -0.27935576 -0.38819402 0.03770227
v -0.26509669 -0.41808599 0.03770227
v -0.27691075 -0.38804188 0.03770227
v -0.27691075 -0.38804188 0.03770227
v -0.26509669 -0.41808599 0.03770227
v -0.27273777 -0.38778406 0.03770227
v -0.27273777 -0.38778406 0.03770227
v -0.26509669 -0.41808599 0.03770227
v -0.27009770 -0.38619000 0.03770227
v -0.27009770 -0.38619000 0.03770227
v -0.26509669 -0.41808599 0.03770227
v -0.26698774 -0.38431293 0.03770227
v -0.26698774 -0.38431293 0.03770227
v -0.26509669 -0.41808599 0.03770227
v -0.26501772 -0.38124892 0.03770227
v -0.26501772 -0.38124892 0.03770227
v -0.26509669 -0.41808599 0.03770227
v -0.22387880 -0.37686691 0.03770227
v -0.26501772 -0.38124892 0.03770227
v -0.22387880 -0.37686691 0.03770227
v -0.26377386 -0.37931597 0.03770227
v -0.26377386 -0.37931597 0.03770227
v -0.22387880 -0.37686691 0.03770227
v -0.26301491 -0.37252807 0.03770227
v -0.26301491 -0.37252807 0.03770227
v -0.22387880 -0.37686691 0.03770227
v -0.25603375 -0.35497793 0.03770227
v -0.38633293 -0.30594605 0.03770227
v -0.37770683 -0.29246500 0.03770226
v -0.37927479 -0.28615105 0.03770226
v -0.37770683 -0.29246500 0.03770226
v -0.38633293 -0.30594605 0.03770227
v -0.35617173 -0.34139302 0.03770227
v -0.37770683 -0.29246500 0.03770226
v -0.35617173 -0.34139302 0.03770227
v -0.37730780 -0.29294810 0.03770226
v -0.37730780 -0.29294810 0.03770226
v -0.35617173 -0.34139302 0.03770227
v -0.37395880 -0.29700702 0.03770227
v -0.37395880 -0.29700702 0.03770227
v -0.35617173 -0.34139302 0.03770227
v -0.37213179 -0.29782998 0.03770227
v -0.37213179 -0.29782998 0.03770227
v -0.35617173 -0.34139302 0.03770227
v -0.36774367 -0.29980510 0.03770227
v -0.36774367 -0.29980510 0.03770227
v -0.35617173 -0.34139302 0.03770227
v -0.36529869 -0.29965395 0.03770227
v -0.36529869 -0.29965395 0.03770227
v -0.35617173 -0.34139302 0.03770227
v -0.36112574 -0.29939589 0.03770227
v -0.36112574 -0.29939589 0.03770227
v -0.35617173 -0.34139302 0.03770227
v -0.35848588 -0.29780102 0.03770227
v -0.35848588 -0.29780102 0.03770227
v -0.35617173 -0.34139302 0.03770227
v -0.35537669 -0.29592398 0.03770227
v -0.35537669 -0.29592398 0.03770227
v -0.35617173 -0.34139302 0.03770227
v -0.29286271 -0.39849195 0.03770227
v -0.35537669 -0.29592398 0.03770227
v -0.29286271 -0.39849195 0.03770227
v -0.35340589 -0.29286098 0.03770226
v -0.35340589 -0.29286098 0.03770226
v -0.29286271 -0.39849195 0.03770227
v -0.35216284 -0.29092702 0.03770226
v -0.35216284 -0.29092702 0.03770226
v -0.29286271 -0.39849195 0.03770227
v -0.35140288 -0.28413990 0.03770226
v -0.35140288 -0.28413990 0.03770226
v -0.29286271 -0.39849195 0.03770227
v -0.33941481 -0.27356410 0.03770226
v -0.33941481 -0.27356410 0.03770226
v -0.29286271 -0.39849195 0.03770227
v -0.32137090 -0.29458794 0.03770227
v -0.32137090 -0.29458794 0.03770227
v -0.29286271 -0.39849195 0.03770227
v -0.31413776 -0.30301589 0.03770227
v -0.31413776 -0.30301589 0.03770227
v -0.29286271 -0.39849195 0.03770227
v -0.29088685 -0.37453902 0.03770227
v -0.31413776 -0.30301589 0.03770227
v -0.29088685 -0.37453902 0.03770227
v -0.28628084 -0.33023301 0.03770227
v -0.28628084 -0.33023301 0.03770227
v -0.29088685 -0.37453902 0.03770227
v -0.29085791 -0.37441987 0.03770227
v -0.28628084 -0.33023301 0.03770227
v -0.29085791 -0.37441987 0.03770227
v -0.28927192 -0.36788291 0.03770227
v -0.28628084 -0.33023301 0.03770227
v -0.28927192 -0.36788291 0.03770227
v -0.28892291 -0.36749303 0.03770227
v -0.28628084 -0.33023301 0.03770227
v -0.28892291 -0.36749303 0.03770227
v -0.28476292 -0.36283797 0.03770227
v -0.28628084 -0.33023301 0.03770227
v -0.28476292 -0.36283797 0.03770227
v -0.27184981 -0.34203994 0.03770227
v -0.27184981 -0.34203994 0.03770227
v -0.28476292 -0.36283797 0.03770227
v -0.28381574 -0.36247501 0.03770227
v -0.27184981 -0.34203994 0.03770227
v -0.28381574 -0.36247501 0.03770227
v -0.27876088 -0.36053905 0.03770227
v -0.27184981 -0.34203994 0.03770227
v -0.27876088 -0.36053905 0.03770227
v -0.27688789 -0.36041304 0.03770227
v -0.27184981 -0.34203994 0.03770227
v -0.27688789 -0.36041304 0.03770227
v -0.27044773 -0.36198199 0.03770227
v -0.27184981 -0.34203994 0.03770227
v -0.27044773 -0.36198199 0.03770227
v -0.25603375 -0.35497793 0.03770227
v -0.25603375 -0.35497793 0.03770227
v -0.27044773 -0.36198199 0.03770227
v -0.26997986 -0.36239397 0.03770227
v -0.25603375 -0.35497793 0.03770227
v -0.26997986 -0.36239397 0.03770227
v -0.26536289 -0.36646408 0.03770227
v -0.25603375 -0.35497793 0.03770227
v -0.26536289 -0.36646408 0.03770227
v -0.26496589 -0.36749101 0.03770227
v -0.25603375 -0.35497793 0.03770227
v -0.26496589 -0.36749101 0.03770227
v -0.26301491 -0.37252807 0.03770227
v -0.40588284 -0.27869007 0.03770226
v -0.38633293 -0.30594605 0.03770227
v -0.37622985 -0.24903700 0.03770226
v -0.38633293 -0.30594605 0.03770227
v -0.40588284 -0.27869007 0.03770226
v -0.38633293 -0.30639791 0.03770227
v -0.37622985 -0.24903700 0.03770226
v -0.38633293 -0.30594605 0.03770227
v -0.37927479 -0.28615105 0.03770226
v -0.37622985 -0.24903700 0.03770226
v -0.37927479 -0.28615105 0.03770226
v -0.37924686 -0.28603193 0.03770226
v -0.37622985 -0.24903700 0.03770226
v -0.37924686 -0.28603193 0.03770226
v -0.37765983 -0.27949399 0.03770226
v -0.37622985 -0.24903700 0.03770226
v -0.37765983 -0.27949399 0.03770226
v -0.37731084 -0.27910408 0.03770226
v -0.37622985 -0.24903700 0.03770226
v -0.37731084 -0.27910408 0.03770226
v -0.37315083 -0.27444905 0.03770226
v -0.37622985 -0.24903700 0.03770226
v -0.37315083 -0.27444905 0.03770226
v -0.37493470 -0.24880898 0.03770226
v -0.37493470 -0.24880898 0.03770226
v -0.37315083 -0.27444905 0.03770226
v -0.36473888 -0.24893300 0.03770226
v -0.36473888 -0.24893300 0.03770226
v -0.37315083 -0.27444905 0.03770226
v -0.37220469 -0.27408707 0.03770226
v -0.36473888 -0.24893300 0.03770226
v -0.37220469 -0.27408707 0.03770226
v -0.36714882 -0.27215007 0.03770226
v -0.36473888 -0.24893300 0.03770226
v -0.36714882 -0.27215007 0.03770226
v -0.36527583 -0.27202511 0.03770226
v -0.36473888 -0.24893300 0.03770226
v -0.36527583 -0.27202511 0.03770226
v -0.35883591 -0.27359405 0.03770226
v -0.36473888 -0.24893300 0.03770226
v -0.35883591 -0.27359405 0.03770226
v -0.35501373 -0.25242701 0.03770226
v -0.35501373 -0.25242701 0.03770226
v -0.35883591 -0.27359405 0.03770226
v -0.35836881 -0.27400604 0.03770226
v -0.35501373 -0.25242701 0.03770226
v -0.35836881 -0.27400604 0.03770226
v -0.35375187 -0.27807489 0.03770226
v -0.35501373 -0.25242701 0.03770226
v -0.35375187 -0.27807489 0.03770226
v -0.33941481 -0.27356410 0.03770226
v -0.33941481 -0.27356410 0.03770226
v -0.35375187 -0.27807489 0.03770226
v -0.35335383 -0.27910307 0.03770226
v -0.33941481 -0.27356410 0.03770226
v -0.35335383 -0.27910307 0.03770226
v -0.35140288 -0.28413990 0.03770226
v -0.37493470 -0.24880898 0.03770226
v -0.37373275 -0.24653998 0.11770225
v -0.37622985 -0.24903700 0.03770226
v -0.36473888 -0.24893300 0.03770226
v -0.36500177 -0.24701798 0.11770225
v -0.37493470 -0.24880898 0.03770226
v -0.35501373 -0.25242701 0.03770226
v -0.36311683 -0.24712097 0.11770225
v -0.36473888 -0.24893300 0.03770226
v -0.33417276 -0.28011396 0.11770226
v -0.35501373 -0.25242701 0.03770226
v -0.33941481 -0.27356410 0.03770226
v -0.32137090 -0.29458794 0.03770227
v -0.32131276 -0.29452797 0.11770226
v -0.33941481 -0.27356410 0.03770226
v -0.30815378 -0.30927699 0.11770226
v -0.32137090 -0.29458794 0.03770227
v -0.31413776 -0.30301589 0.03770227
v -0.28628084 -0.33023301 0.03770227
v -0.27976394 -0.33594903 0.11770226
v -0.31413776 -0.30301589 0.03770227
v -0.27184981 -0.34203994 0.03770227
v -0.27192092 -0.34211689 0.11770226
v -0.28628084 -0.33023301 0.03770227
v -0.25603375 -0.35497793 0.03770227
v -0.24924582 -0.35995000 0.11770226
v -0.27184981 -0.34203994 0.03770227
v -0.22387880 -0.37686691 0.03770227
v -0.22387880 -0.37686690 0.11770226
v -0.25603375 -0.35497793 0.03770227
v -0.29286271 -0.39849195 -0.00229773
v -0.22077380 -0.44400600 -0.00229773
v -0.26509669 -0.41808599 0.03770227
v -0.38633293 -0.30594605 -0.00229773
v -0.37838987 -0.29092702 -0.00229773
v -0.35617173 -0.34139302 -0.00229773
v -0.37838987 -0.29092702 -0.00229773
v -0.38633293 -0.30594605 -0.00229773
v -0.37914881 -0.28413990 -0.00229773
v -0.37914881 -0.28413990 -0.00229773
v -0.38633293 -0.30594605 -0.00229773
v -0.37914881 0.28791001 -0.00229775
v -0.35617173 -0.34139302 -0.00229773
v -0.37838987 -0.29092702 -0.00229773
v -0.37714574 -0.29286098 -0.00229773
v -0.35617173 -0.34139302 -0.00229773
v -0.37714574 -0.29286098 -0.00229773
v -0.37517574 -0.29592398 -0.00229773
v -0.35617173 -0.34139302 -0.00229773
v -0.37517574 -0.29592398 -0.00229773
v -0.37206575 -0.29780102 -0.00229773
v -0.35617173 -0.34139302 -0.00229773
v -0.37206575 -0.29780102 -0.00229773
v -0.36942595 -0.29939589 -0.00229773
v -0.35617173 -0.34139302 -0.00229773
v -0.36942595 -0.29939589 -0.00229773
v -0.36525273 -0.29965395 -0.00229773
v -0.35617173 -0.34139302 -0.00229773
v -0.36525273 -0.29965395 -0.00229773
v -0.36280772 -0.29980510 -0.00229773
v -0.35617173 -0.34139302 -0.00229773
v -0.36280772 -0.29980510 -0.00229773
v -0.35841987 -0.29782999 -0.00229773
v -0.35617173 -0.34139302 -0.00229773
v -0.35841987 -0.29782999 -0.00229773
v -0.35659283 -0.29700702 -0.00229773
v -0.35617173 -0.34139302 -0.00229773
v -0.35659283 -0.29700702 -0.00229773
v -0.35324383 -0.29294810 -0.00229773
v -0.35617173 -0.34139302 -0.00229773
v -0.35324383 -0.29294810 -0.00229773
v -0.29286271 -0.39849195 -0.00229773
v -0.29286271 -0.39849195 -0.00229773
v -0.35324383 -0.29294810 -0.00229773
v -0.35284480 -0.29246500 -0.00229773
v -0.29286271 -0.39849195 -0.00229773
v -0.35284480 -0.29246500 -0.00229773
v -0.35127687 -0.28615105 -0.00229773
v -0.29286271 -0.39849195 -0.00229773
v -0.35127687 -0.28615105 -0.00229773
v -0.33495381 0.33210397 -0.00229775
v -0.29286271 -0.39849195 -0.00229773
v -0.33495381 0.33210397 -0.00229775
v -0.33419487 0.32531610 -0.00229775
v -0.29286271 -0.39849195 -0.00229773
v -0.33419487 0.32531610 -0.00229775
v -0.33295178 0.32338288 -0.00229775
v -0.29286271 -0.39849195 -0.00229773
v -0.33295178 0.32338288 -0.00229775
v -0.33098075 0.32031888 -0.00229775
v -0.29286271 -0.39849195 -0.00229773
v -0.33098075 0.32031888 -0.00229775
v -0.32787180 0.31844208 -0.00229775
v -0.29286271 -0.39849195 -0.00229773
v -0.32787180 0.31844208 -0.00229775
v -0.32523173 0.31684798 -0.00229775
v -0.29286271 -0.39849195 -0.00229773
v -0.32523173 0.31684798 -0.00229775
v -0.32105875 0.31658992 -0.00229775
v -0.29286271 -0.39849195 -0.00229773
v -0.32105875 0.31658992 -0.00229775
v -0.31861374 0.31643802 -0.00229775
v -0.29286271 -0.39849195 -0.00229773
v -0.31861374 0.31643802 -0.00229775
v -0.31422591 0.31841388 -0.00229775
v -0.29286271 -0.39849195 -0.00229773
v -0.31422591 0.31841388 -0.00229775
v -0.31239787 0.31923711 -0.00229775
v -0.29286271 -0.39849195 -0.00229773
v -0.31239787 0.31923711 -0.00229775
v -0.30904987 0.32329503 -0.00229775
v -0.29286271 -0.39849195 -0.00229773
v -0.30904987 0.32329503 -0.00229775
v -0.30865085 0.32377887 -0.00229775
v -0.29286271 -0.39849195 -0.00229773
v -0.30865085 0.32377887 -0.00229775
v -0.30708188 0.33009309 -0.00229775
v -0.29286271 -0.39849195 -0.00229773
v -0.30708188 0.33009309 -0.00229775
v -0.29286271 0.39849195 -0.00229776
v -0.29286271 -0.39849195 -0.00229773
v -0.29286271 0.39849195 -0.00229776
v -0.29075983 0.37629795 -0.00229775
v -0.29075983 0.37629795 -0.00229775
v -0.29286271 0.39849195 -0.00229776
v -0.28880990 0.38133502 -0.00229776
v -0.28880990 0.38133502 -0.00229776
v -0.29286271 0.39849195 -0.00229776
v -0.28841189 0.38236195 -0.00229776
v -0.28841189 0.38236195 -0.00229776
v -0.29286271 0.39849195 -0.00229776
v -0.22077380 0.44400600 -0.00229776
v -0.28841189 0.38236195 -0.00229776
v -0.22077380 0.44400600 -0.00229776
v -0.28379491 0.38643202 -0.00229776
v -0.28379491 0.38643202 -0.00229776
v -0.22077380 0.44400600 -0.00229776
v -0.28332782 0.38684401 -0.00229776
v -0.28332782 0.38684401 -0.00229776
v -0.22077380 0.44400600 -0.00229776
v -0.27688789 0.38841298 -0.00229776
v -0.27688789 0.38841298 -0.00229776
v -0.22077380 0.44400600 -0.00229776
v -0.27501491 0.38828701 -0.00229776
v -0.27501491 0.38828701 -0.00229776
v -0.22077380 0.44400600 -0.00229776
v -0.26995879 0.38635102 -0.00229776
v -0.26995879 0.38635102 -0.00229776
v -0.22077380 0.44400600 -0.00229776
v -0.26901290 0.38598803 -0.00229776
v -0.26901290 0.38598803 -0.00229776
v -0.22077380 0.44400600 -0.00229776
v -0.26485187 0.38133299 -0.00229776
v -0.26485187 0.38133299 -0.00229776
v -0.22077380 0.44400600 -0.00229776
v -0.26450387 0.38094309 -0.00229776
v -0.26450387 0.38094309 -0.00229776
v -0.22077380 0.44400600 -0.00229776
v -0.26291686 0.37440589 -0.00229775
v -0.26291686 0.37440589 -0.00229775
v -0.22077380 0.44400600 -0.00229776
v -0.26288792 0.37428704 -0.00229775
v -0.26288792 0.37428704 -0.00229775
v -0.22077380 0.44400600 -0.00229776
v -0.26288792 -0.37453902 -0.00229773
v -0.29000092 0.36951005 -0.00229775
v -0.29075983 -0.37252808 -0.00229773
v -0.29075983 0.37629795 -0.00229775
v -0.29075983 -0.37252808 -0.00229773
v -0.29000092 0.36951005 -0.00229775
v -0.28880990 -0.36749101 -0.00229773
v -0.28880990 -0.36749101 -0.00229773
v -0.29000092 0.36951005 -0.00229775
v -0.28875783 0.36757714 -0.00229775
v -0.28880990 -0.36749101 -0.00229773
v -0.28875783 0.36757714 -0.00229775
v -0.28841189 -0.36646408 -0.00229773
v -0.28841189 -0.36646408 -0.00229773
v -0.28875783 0.36757714 -0.00229775
v -0.28678679 0.36451387 -0.00229775
v -0.28841189 -0.36646408 -0.00229773
v -0.28678679 0.36451387 -0.00229775
v -0.28379491 -0.36239398 -0.00229773
v -0.28379491 -0.36239398 -0.00229773
v -0.28678679 0.36451387 -0.00229775
v -0.28367782 0.36263606 -0.00229775
v -0.28379491 -0.36239398 -0.00229773
v -0.28367782 0.36263606 -0.00229775
v -0.28332782 -0.36198199 -0.00229773
v -0.28332782 -0.36198199 -0.00229773
v -0.28367782 0.36263606 -0.00229775
v -0.28103670 0.36104193 -0.00229775
v -0.28332782 -0.36198199 -0.00229773
v -0.28103670 0.36104193 -0.00229775
v -0.27688789 -0.36041304 -0.00229773
v -0.27688789 -0.36041304 -0.00229773
v -0.28103670 0.36104193 -0.00229775
v -0.27686480 0.36078387 -0.00229775
v -0.27688789 -0.36041304 -0.00229773
v -0.27686480 0.36078387 -0.00229775
v -0.27501491 -0.36053905 -0.00229773
v -0.27501491 -0.36053905 -0.00229773
v -0.27686480 0.36078387 -0.00229775
v -0.27441978 0.36063197 -0.00229775
v -0.27501491 -0.36053905 -0.00229773
v -0.27441978 0.36063197 -0.00229775
v -0.26995879 -0.36247501 -0.00229773
v -0.26995879 -0.36247501 -0.00229773
v -0.27441978 0.36063197 -0.00229775
v -0.27003193 0.36260810 -0.00229775
v -0.26995879 -0.36247501 -0.00229773
v -0.27003193 0.36260810 -0.00229775
v -0.26820388 0.36343107 -0.00229775
v -0.26995879 -0.36247501 -0.00229773
v -0.26820388 0.36343107 -0.00229775
v -0.26901290 -0.36283797 -0.00229773
v -0.26901290 -0.36283797 -0.00229773
v -0.26820388 0.36343107 -0.00229775
v -0.26485187 -0.36749303 -0.00229773
v -0.26485187 -0.36749303 -0.00229773
v -0.26820388 0.36343107 -0.00229775
v -0.26485592 0.36748898 -0.00229775
v -0.26485187 -0.36749303 -0.00229773
v -0.26485592 0.36748898 -0.00229775
v -0.26445687 0.36797309 -0.00229775
v -0.26485187 -0.36749303 -0.00229773
v -0.26445687 0.36797309 -0.00229775
v -0.26450387 -0.36788291 -0.00229773
v -0.26450387 -0.36788291 -0.00229773
v -0.26445687 0.36797309 -0.00229775
v -0.26291686 -0.37441987 -0.00229773
v -0.26291686 -0.37441987 -0.00229773
v -0.26445687 0.36797309 -0.00229775
v -0.26288792 0.37428704 -0.00229775
v -0.26291686 -0.37441987 -0.00229773
v -0.26288792 0.37428704 -0.00229775
v -0.26288792 -0.37453902 -0.00229773
v -0.35617173 0.34139302 -0.00229775
v -0.38633293 0.29748708 -0.00229775
v -0.38633293 0.30594605 -0.00229775
v -0.38633293 0.29748708 -0.00229775
v -0.35617173 0.34139302 -0.00229775
v -0.37679982 0.29397401 -0.00229775
v -0.38633293 0.29748708 -0.00229775
v -0.37679982 0.29397401 -0.00229775
v -0.37914881 0.28791001 -0.00229775
v -0.38633293 0.29748708 -0.00229775
v -0.37914881 0.28791001 -0.00229775
v -0.38633293 -0.30594605 -0.00229773
v -0.37914881 0.28791001 -0.00229775
v -0.37679982 0.29397401 -0.00229775
v -0.37719783 0.29294607 -0.00229775
v -0.37679982 0.29397401 -0.00229775
v -0.35617173 0.34139302 -0.00229775
v -0.37218285 0.29804412 -0.00229775
v -0.37218285 0.29804412 -0.00229775
v -0.35617173 0.34139302 -0.00229775
v -0.37171575 0.29845610 -0.00229775
v -0.37171575 0.29845610 -0.00229775
v -0.35617173 0.34139302 -0.00229775
v -0.36527583 0.30002505 -0.00229775
v -0.36527583 0.30002505 -0.00229775
v -0.35617173 0.34139302 -0.00229775
v -0.36340284 0.29989907 -0.00229775
v -0.36340284 0.29989907 -0.00229775
v -0.35617173 0.34139302 -0.00229775
v -0.35834771 0.29796207 -0.00229775
v -0.35834771 0.29796207 -0.00229775
v -0.35617173 0.34139302 -0.00229775
v -0.35740080 0.29760012 -0.00229775
v -0.35740080 0.29760012 -0.00229775
v -0.35617173 0.34139302 -0.00229775
v -0.35324079 0.29294506 -0.00229775
v -0.35324079 0.29294506 -0.00229775
v -0.35617173 0.34139302 -0.00229775
v -0.33260584 0.33816797 -0.00229775
v -0.33260584 0.33816797 -0.00229775
v -0.35617173 0.34139302 -0.00229775
v -0.29286271 0.39849195 -0.00229776
v -0.35324079 0.29294506 -0.00229775
v -0.33260584 0.33816797 -0.00229775
v -0.35289180 0.29255491 -0.00229775
v -0.35289180 0.29255491 -0.00229775
v -0.33260584 0.33816797 -0.00229775
v -0.33300388 0.33714104 -0.00229775
v -0.35289180 0.29255491 -0.00229775
v -0.33300388 0.33714104 -0.00229775
v -0.33495381 0.33210397 -0.00229775
v -0.35289180 0.29255491 -0.00229775
v -0.33495381 0.33210397 -0.00229775
v -0.35130584 0.28601795 -0.00229775
v -0.35130584 0.28601795 -0.00229775
v -0.33495381 0.33210397 -0.00229775
v -0.35127687 0.28589806 -0.00229775
v -0.35127687 0.28589806 -0.00229775
v -0.33495381 0.33210397 -0.00229775
v -0.35127687 -0.28615105 -0.00229773
v -0.33260584 0.33816797 -0.00229775
v -0.29286271 0.39849195 -0.00229776
v -0.32798889 0.34223807 -0.00229775
v -0.32798889 0.34223807 -0.00229775
v -0.29286271 0.39849195 -0.00229776
v -0.32752177 0.34265006 -0.00229775
v -0.32752177 0.34265006 -0.00229775
v -0.29286271 0.39849195 -0.00229776
v -0.32108185 0.34421903 -0.00229775
v -0.32108185 0.34421903 -0.00229775
v -0.29286271 0.39849195 -0.00229776
v -0.31920886 0.34409305 -0.00229775
v -0.31920886 0.34409305 -0.00229775
v -0.29286271 0.39849195 -0.00229776
v -0.31415275 0.34215704 -0.00229775
v -0.31415275 0.34215704 -0.00229775
v -0.29286271 0.39849195 -0.00229776
v -0.31320685 0.34179407 -0.00229775
v -0.31320685 0.34179407 -0.00229775
v -0.29286271 0.39849195 -0.00229776
v -0.30904683 0.33713901 -0.00229775
v -0.30904683 0.33713901 -0.00229775
v -0.29286271 0.39849195 -0.00229776
v -0.30869785 0.33674887 -0.00229775
v -0.30869785 0.33674887 -0.00229775
v -0.29286271 0.39849195 -0.00229776
v -0.30711085 0.33021194 -0.00229775
v -0.30711085 0.33021194 -0.00229775
v -0.29286271 0.39849195 -0.00229776
v -0.30708188 0.33009309 -0.00229775
v -0.37838987 0.28112212 -0.00229775
v -0.37914881 -0.28413990 -0.00229773
v -0.37914881 0.28791001 -0.00229775
v -0.37914881 -0.28413990 -0.00229773
v -0.37838987 0.28112212 -0.00229775
v -0.37719783 -0.27910307 -0.00229773
v -0.37719783 -0.27910307 -0.00229773
v -0.37838987 0.28112212 -0.00229775
v -0.37714574 0.27918789 -0.00229775
v -0.37719783 -0.27910307 -0.00229773
v -0.37714574 0.27918789 -0.00229775
v -0.37679982 -0.27807489 -0.00229773
v -0.37679982 -0.27807489 -0.00229773
v -0.37714574 0.27918789 -0.00229775
v -0.37517574 0.27612492 -0.00229775
v -0.37679982 -0.27807489 -0.00229773
v -0.37517574 0.27612492 -0.00229775
v -0.37218285 -0.27400604 -0.00229773
v -0.37218285 -0.27400604 -0.00229773
v -0.37517574 0.27612492 -0.00229775
v -0.37206575 0.27424809 -0.00229775
v -0.37218285 -0.27400604 -0.00229773
v -0.37206575 0.27424809 -0.00229775
v -0.37171575 -0.27359405 -0.00229773
v -0.37171575 -0.27359405 -0.00229773
v -0.37206575 0.27424809 -0.00229775
v -0.36942595 0.27265403 -0.00229775
v -0.37171575 -0.27359405 -0.00229773
v -0.36942595 0.27265403 -0.00229775
v -0.36527583 -0.27202511 -0.00229773
v -0.36527583 -0.27202511 -0.00229773
v -0.36942595 0.27265403 -0.00229775
v -0.36525273 0.27239493 -0.00229775
v -0.36527583 -0.27202511 -0.00229773
v -0.36525273 0.27239493 -0.00229775
v -0.36340284 -0.27215007 -0.00229773
v -0.36340284 -0.27215007 -0.00229773
v -0.36525273 0.27239493 -0.00229775
v -0.36280772 0.27224407 -0.00229775
v -0.36340284 -0.27215007 -0.00229773
v -0.36280772 0.27224407 -0.00229775
v -0.35834771 -0.27408707 -0.00229773
v -0.35834771 -0.27408707 -0.00229773
v -0.36280772 0.27224407 -0.00229775
v -0.35841987 0.27421990 -0.00229775
v -0.35834771 -0.27408707 -0.00229773
v -0.35841987 0.27421990 -0.00229775
v -0.35659283 0.27504286 -0.00229775
v -0.35834771 -0.27408707 -0.00229773
v -0.35659283 0.27504286 -0.00229775
v -0.35740080 -0.27444905 -0.00229773
v -0.35740080 -0.27444905 -0.00229773
v -0.35659283 0.27504286 -0.00229775
v -0.35324079 -0.27910408 -0.00229773
v -0.35324079 -0.27910408 -0.00229773
v -0.35659283 0.27504286 -0.00229775
v -0.35324383 0.27910104 -0.00229775
v -0.35324079 -0.27910408 -0.00229773
v -0.35324383 0.27910104 -0.00229775
v -0.35284480 0.27958390 -0.00229775
v -0.35324079 -0.27910408 -0.00229773
v -0.35284480 0.27958390 -0.00229775
v -0.35289180 -0.27949399 -0.00229773
v -0.35289180 -0.27949399 -0.00229773
v -0.35284480 0.27958390 -0.00229775
v -0.35130584 -0.28603193 -0.00229773
v -0.35130584 -0.28603193 -0.00229773
v -0.35284480 0.27958390 -0.00229775
v -0.35127687 0.28589806 -0.00229775
v -0.35130584 -0.28603193 -0.00229773
v -0.35127687 0.28589806 -0.00229775
v -0.35127687 -0.28615105 -0.00229773
v -0.29286271 -0.39849195 -0.00229773
v -0.28678679 -0.38431293 -0.00229773
v -0.22077380 -0.44400600 -0.00229773
v -0.28678679 -0.38431293 -0.00229773
v -0.29286271 -0.39849195 -0.00229773
v -0.28875783 -0.38124892 -0.00229773
v -0.28875783 -0.38124892 -0.00229773
v -0.29286271 -0.39849195 -0.00229773
v -0.29000092 -0.37931597 -0.00229773
v -0.29000092 -0.37931597 -0.00229773
v -0.29286271 -0.39849195 -0.00229773
v -0.29075983 -0.37252808 -0.00229773
v -0.29075983 -0.37252808 -0.00229773
v -0.29286271 -0.39849195 -0.00229773
v -0.29075983 0.37629795 -0.00229775
v -0.22077380 -0.44400600 -0.00229773
v -0.28678679 -0.38431293 -0.00229773
v -0.28367782 -0.38619000 -0.00229773
v -0.22077380 -0.44400600 -0.00229773
v -0.28367782 -0.38619000 -0.00229773
v -0.28103670 -0.38778406 -0.00229773
v -0.22077380 -0.44400600 -0.00229773
v -0.28103670 -0.38778406 -0.00229773
v -0.27686480 -0.38804188 -0.00229773
v -0.22077380 -0.44400600 -0.00229773
v -0.27686480 -0.38804188 -0.00229773
v -0.27441978 -0.38819402 -0.00229773
v -0.22077380 -0.44400600 -0.00229773
v -0.27441978 -0.38819402 -0.00229773
v -0.27003193 -0.38621792 -0.00229773
v -0.22077380 -0.44400600 -0.00229773
v -0.27003193 -0.38621792 -0.00229773
v -0.26820388 -0.38539496 -0.00229773
v -0.22077380 -0.44400600 -0.00229773
v -0.26820388 -0.38539496 -0.00229773
v -0.26485592 -0.38133708 -0.00229773
v -0.22077380 -0.44400600 -0.00229773
v -0.26485592 -0.38133708 -0.00229773
v -0.26445687 -0.38085294 -0.00229773
v -0.22077380 -0.44400600 -0.00229773
v -0.26445687 -0.38085294 -0.00229773
v -0.26288792 -0.37453902 -0.00229773
v -0.22077380 -0.44400600 -0.00229773
v -0.26288792 -0.37453902 -0.00229773
v -0.22077380 0.44400600 -0.00229776
v -0.22077380 -0.44400600 -0.00229773
v -0.22077380 0.44400600 -0.00229776
v -0.14200081 0.47660992 -0.00229776
v -0.22077380 -0.44400600 -0.00229773
v -0.14200081 0.47660992 -0.00229776
v -0.14200081 -0.47660992 -0.00229773
v -0.14200081 -0.47660992 -0.00229773
v -0.14200081 0.47660992 -0.00229776
v -0.05883323 0.49535790 -0.00229776
v -0.14200081 -0.47660992 -0.00229773
v -0.05883323 0.49535790 -0.00229776
v -0.05883323 -0.49535790 -0.00229773
v -0.05883323 -0.49535790 -0.00229773
v -0.05883323 0.49535790 -0.00229776
v 0.02631028 0.49970511 -0.00229776
v -0.05883323 -0.49535790 -0.00229773
v 0.02631028 0.49970511 -0.00229776
v 0.02631028 -0.49970511 -0.00229772
v 0.02631028 -0.49970511 -0.00229772
v 0.02631028 0.49970511 -0.00229776
v 0.11095417 0.48952404 -0.00229776
v 0.02631028 -0.49970511 -0.00229772
v 0.11095417 0.48952404 -0.00229776
v 0.11095417 -0.48952404 -0.00229773
v 0.11095417 -0.48952404 -0.00229773
v 0.11095417 0.48952404 -0.00229776
v 0.19263819 0.46511006 -0.00229776
v 0.11095417 -0.48952404 -0.00229773
v 0.19263819 0.46511006 -0.00229776
v 0.19263819 -0.46511006 -0.00229773
v 0.19263819 -0.46511006 -0.00229773
v 0.19263819 0.46511006 -0.00229776
v 0.26898706 0.42717388 -0.00229776
v 0.19263819 -0.46511006 -0.00229773
v 0.26898706 0.42717388 -0.00229776
v 0.26898706 -0.42717388 -0.00229773
v 0.26898706 -0.42717388 -0.00229773
v 0.26898706 0.42717388 -0.00229776
v 0.28128928 0.37629795 -0.00229775
v 0.28128928 0.37629795 -0.00229775
v 0.26898706 0.42717388 -0.00229776
v 0.28363726 0.38236195 -0.00229776
v 0.28363726 0.38236195 -0.00229776
v 0.26898706 0.42717388 -0.00229776
v 0.28825423 0.38643202 -0.00229776
v 0.28825423 0.38643202 -0.00229776
v 0.26898706 0.42717388 -0.00229776
v 0.28872210 0.38684401 -0.00229776
v 0.28872210 0.38684401 -0.00229776
v 0.26898706 0.42717388 -0.00229776
v 0.29516226 0.38841298 -0.00229776
v 0.29516226 0.38841298 -0.00229776
v 0.26898706 0.42717388 -0.00229776
v 0.31725925 0.39184096 -0.00229776
v 0.28128928 0.37629795 -0.00229775
v 0.28363726 0.38236195 -0.00229776
v 0.28324026 0.38133502 -0.00229776
v 0.29516226 0.38841298 -0.00229776
v 0.31725925 0.39184096 -0.00229776
v 0.29703525 0.38828701 -0.00229776
v 0.29703525 0.38828701 -0.00229776
v 0.31725925 0.39184096 -0.00229776
v 0.30209011 0.38635102 -0.00229776
v 0.30209011 0.38635102 -0.00229776
v 0.31725925 0.39184096 -0.00229776
v 0.30303729 0.38598803 -0.00229776
v 0.30303729 0.38598803 -0.00229776
v 0.31725925 0.39184096 -0.00229776
v 0.30719727 0.38133299 -0.00229776
v 0.30719727 0.38133299 -0.00229776
v 0.31725925 0.39184096 -0.00229776
v 0.30754629 0.38094309 -0.00229776
v 0.30754629 0.38094309 -0.00229776
v 0.31725925 0.39184096 -0.00229776
v 0.30913228 0.37440589 -0.00229775
v 0.30913228 0.37440589 -0.00229775
v 0.31725925 0.39184096 -0.00229776
v 0.30916122 0.37428704 -0.00229775
v 0.30916122 0.37428704 -0.00229775
v 0.31725925 0.39184096 -0.00229776
v 0.30916122 -0.37453902 -0.00229773
v 0.33778217 0.37681890 -0.00229775
v 0.32548326 -0.32833412 -0.00229773
v 0.31725925 0.39184096 -0.00229776
v 0.32548326 -0.32833412 -0.00229773
v 0.33778217 0.37681890 -0.00229775
v 0.32743421 -0.32329702 -0.00229773
v 0.32743421 -0.32329702 -0.00229773
v 0.33778217 0.37681890 -0.00229775
v 0.32783225 -0.32226911 -0.00229773
v 0.32783225 -0.32226911 -0.00229773
v 0.33778217 0.37681890 -0.00229775
v 0.33244920 -0.31820002 -0.00229773
v 0.33244920 -0.31820002 -0.00229773
v 0.33778217 0.37681890 -0.00229775
v 0.33291605 -0.31778803 -0.00229773
v 0.33291605 -0.31778803 -0.00229773
v 0.33778217 0.37681890 -0.00229775
v 0.33935621 -0.31621906 -0.00229773
v 0.33935621 -0.31621906 -0.00229773
v 0.33778217 0.37681890 -0.00229775
v 0.36967725 0.28791001 -0.00229775
v 0.36967725 0.28791001 -0.00229775
v 0.33778217 0.37681890 -0.00229775
v 0.37202623 0.29397401 -0.00229775
v 0.37202623 0.29397401 -0.00229775
v 0.33778217 0.37681890 -0.00229775
v 0.37711027 0.29845610 -0.00229775
v 0.37711027 0.29845610 -0.00229775
v 0.33778217 0.37681890 -0.00229775
v 0.39702109 0.31550887 -0.00229775
v 0.33935621 -0.31621906 -0.00229773
v 0.36967725 0.28791001 -0.00229775
v 0.34122920 -0.31634507 -0.00229773
v 0.34122920 -0.31634507 -0.00229773
v 0.36967725 0.28791001 -0.00229775
v 0.34628409 -0.31828105 -0.00229773
v 0.34628409 -0.31828105 -0.00229773
v 0.36967725 0.28791001 -0.00229775
v 0.34723124 -0.31864402 -0.00229773
v 0.34723124 -0.31864402 -0.00229773
v 0.36967725 0.28791001 -0.00229775
v 0.35139126 -0.32329905 -0.00229773
v 0.35139126 -0.32329905 -0.00229773
v 0.36967725 0.28791001 -0.00229775
v 0.35174024 -0.32368895 -0.00229773
v 0.35174024 -0.32368895 -0.00229773
v 0.36967725 0.28791001 -0.00229775
v 0.35332623 -0.33022591 -0.00229773
v 0.35332623 -0.33022591 -0.00229773
v 0.36967725 0.28791001 -0.00229775
v 0.35335520 -0.33034503 -0.00229773
v 0.36967725 0.28791001 -0.00229775
v 0.37202623 0.29397401 -0.00229775
v 0.37162820 0.29294607 -0.00229775
v 0.37202623 0.29397401 -0.00229775
v 0.37711027 0.29845610 -0.00229775
v 0.37664318 0.29804412 -0.00229775
v 0.37711027 0.29845610 -0.00229775
v 0.39702109 0.31550887 -0.00229775
v 0.38355020 0.30002505 -0.00229775
v 0.38355020 0.30002505 -0.00229775
v 0.39702109 0.31550887 -0.00229775
v 0.38542318 0.29989907 -0.00229775
v 0.38542318 0.29989907 -0.00229775
v 0.39702109 0.31550887 -0.00229775
v 0.39047906 0.29796207 -0.00229775
v 0.39047906 0.29796207 -0.00229775
v 0.39702109 0.31550887 -0.00229775
v 0.39142519 0.29760012 -0.00229775
v 0.39142519 0.29760012 -0.00229775
v 0.39702109 0.31550887 -0.00229775
v 0.39558521 0.29294506 -0.00229775
v 0.39558521 0.29294506 -0.00229775
v 0.39702109 0.31550887 -0.00229775
v 0.39593419 0.29255491 -0.00229775
v 0.39593419 0.29255491 -0.00229775
v 0.39702109 0.31550887 -0.00229775
v 0.39752123 0.28601795 -0.00229775
v 0.39752123 0.28601795 -0.00229775
v 0.39702109 0.31550887 -0.00229775
v 0.44498417 0.24502501 -0.00229775
v 0.39752123 0.28601795 -0.00229775
v 0.44498417 0.24502501 -0.00229775
v 0.39754915 0.28589806 -0.00229775
v 0.39754915 0.28589806 -0.00229775
v 0.44498417 0.24502501 -0.00229775
v 0.39754915 -0.28615105 -0.00229773
v 0.39754915 -0.28615105 -0.00229773
v 0.44498417 0.24502501 -0.00229775
v 0.40204826 -0.30812207 -0.00229773
v 0.40204826 -0.30812207 -0.00229773
v 0.44498417 0.24502501 -0.00229775
v 0.44498417 -0.24502501 -0.00229773
v 0.44498417 -0.24502501 -0.00229773
v 0.44498417 0.24502501 -0.00229775
v 0.48027518 0.16741800 -0.00229775
v 0.44498417 -0.24502501 -0.00229773
v 0.48027518 0.16741800 -0.00229775
v 0.48027518 -0.16741800 -0.00229774
v 0.48027518 -0.16741800 -0.00229774
v 0.48027518 0.16741800 -0.00229775
v 0.50186920 0.08494400 -0.00229774
v 0.48027518 -0.16741800 -0.00229774
v 0.50186920 0.08494400 -0.00229774
v 0.50186920 -0.08494400 -0.00229774
v 0.50186920 -0.08494400 -0.00229774
v 0.50186920 0.08494400 -0.00229774
v 0.50913715 -0.00000000 -0.00229774
v 0.26898706 -0.42717388 -0.00229773
v 0.29763013 -0.38819402 -0.00229773
v 0.33778217 -0.37681890 -0.00229773
v 0.29763013 -0.38819402 -0.00229773
v 0.26898706 -0.42717388 -0.00229773
v 0.29101214 -0.38778406 -0.00229773
v 0.29101214 -0.38778406 -0.00229773
v 0.26898706 -0.42717388 -0.00229773
v 0.28526211 -0.38431293 -0.00229773
v 0.28526211 -0.38431293 -0.00229773
v 0.26898706 -0.42717388 -0.00229773
v 0.28204823 -0.37931597 -0.00229773
v 0.28204823 -0.37931597 -0.00229773
v 0.26898706 -0.42717388 -0.00229773
v 0.28128928 -0.37252808 -0.00229773
v 0.28128928 -0.37252808 -0.00229773
v 0.26898706 -0.42717388 -0.00229773
v 0.28128928 0.37629795 -0.00229775
v 0.28526211 -0.38431293 -0.00229773
v 0.28204823 -0.37931597 -0.00229773
v 0.28329208 -0.38124892 -0.00229773
v 0.29101214 -0.38778406 -0.00229773
v 0.28526211 -0.38431293 -0.00229773
v 0.28837207 -0.38619000 -0.00229773
v 0.29763013 -0.38819402 -0.00229773
v 0.29101214 -0.38778406 -0.00229773
v 0.29518512 -0.38804188 -0.00229773
v 0.33778217 -0.37681890 -0.00229773
v 0.29763013 -0.38819402 -0.00229773
v 0.30201823 -0.38621792 -0.00229773
v 0.33778217 -0.37681890 -0.00229773
v 0.30201823 -0.38621792 -0.00229773
v 0.30384526 -0.38539496 -0.00229773
v 0.33778217 -0.37681890 -0.00229773
v 0.30384526 -0.38539496 -0.00229773
v 0.30719423 -0.38133708 -0.00229773
v 0.33778217 -0.37681890 -0.00229773
v 0.30719423 -0.38133708 -0.00229773
v 0.30759329 -0.38085294 -0.00229773
v 0.33778217 -0.37681890 -0.00229773
v 0.30759329 -0.38085294 -0.00229773
v 0.30916122 -0.37453902 -0.00229773
v 0.33778217 -0.37681890 -0.00229773
v 0.30916122 -0.37453902 -0.00229773
v 0.32624221 -0.33512202 -0.00229773
v 0.32624221 -0.33512202 -0.00229773
v 0.30916122 -0.37453902 -0.00229773
v 0.32548326 -0.32833412 -0.00229773
v 0.32548326 -0.32833412 -0.00229773
v 0.30916122 -0.37453902 -0.00229773
v 0.31725925 0.39184096 -0.00229776
v 0.33778217 -0.37681890 -0.00229773
v 0.32624221 -0.33512202 -0.00229773
v 0.32748631 -0.33705497 -0.00229773
v 0.33778217 -0.37681890 -0.00229773
v 0.32748631 -0.33705497 -0.00229773
v 0.32945606 -0.34011793 -0.00229773
v 0.33778217 -0.37681890 -0.00229773
v 0.32945606 -0.34011793 -0.00229773
v 0.33256629 -0.34199601 -0.00229773
v 0.33778217 -0.37681890 -0.00229773
v 0.33256629 -0.34199601 -0.00229773
v 0.33520612 -0.34359011 -0.00229773
v 0.33778217 -0.37681890 -0.00229773
v 0.33520612 -0.34359011 -0.00229773
v 0.33937907 -0.34384793 -0.00229773
v 0.33778217 -0.37681890 -0.00229773
v 0.33937907 -0.34384793 -0.00229773
v 0.34182408 -0.34400007 -0.00229773
v 0.33778217 -0.37681890 -0.00229773
v 0.34182408 -0.34400007 -0.00229773
v 0.34621221 -0.34202397 -0.00229773
v 0.33778217 -0.37681890 -0.00229773
v 0.34621221 -0.34202397 -0.00229773
v 0.34803921 -0.34120101 -0.00229773
v 0.33778217 -0.37681890 -0.00229773
v 0.34803921 -0.34120101 -0.00229773
v 0.39702109 -0.31550887 -0.00229773
v 0.39702109 -0.31550887 -0.00229773
v 0.34803921 -0.34120101 -0.00229773
v 0.35138822 -0.33714309 -0.00229773
v 0.39702109 -0.31550887 -0.00229773
v 0.35138822 -0.33714309 -0.00229773
v 0.35178724 -0.33665895 -0.00229773
v 0.39702109 -0.31550887 -0.00229773
v 0.35178724 -0.33665895 -0.00229773
v 0.35335520 -0.33034503 -0.00229773
v 0.39702109 -0.31550887 -0.00229773
v 0.35335520 -0.33034503 -0.00229773
v 0.37365106 -0.29592398 -0.00229773
v 0.37365106 -0.29592398 -0.00229773
v 0.35335520 -0.33034503 -0.00229773
v 0.37168026 -0.29286098 -0.00229773
v 0.37168026 -0.29286098 -0.00229773
v 0.35335520 -0.33034503 -0.00229773
v 0.37043720 -0.29092702 -0.00229773
v 0.37043720 -0.29092702 -0.00229773
v 0.35335520 -0.33034503 -0.00229773
v 0.36967725 -0.28413990 -0.00229773
v 0.36967725 -0.28413990 -0.00229773
v 0.35335520 -0.33034503 -0.00229773
v 0.36967725 0.28791001 -0.00229775
v 0.39702109 -0.31550887 -0.00229773
v 0.37365106 -0.29592398 -0.00229773
v 0.37676024 -0.29780102 -0.00229773
v 0.39702109 -0.31550887 -0.00229773
v 0.37676024 -0.29780102 -0.00229773
v 0.37940010 -0.29939589 -0.00229773
v 0.39702109 -0.31550887 -0.00229773
v 0.37940010 -0.29939589 -0.00229773
v 0.38357306 -0.29965395 -0.00229773
v 0.39702109 -0.31550887 -0.00229773
v 0.38357306 -0.29965395 -0.00229773
v 0.38601804 -0.29980510 -0.00229773
v 0.39702109 -0.31550887 -0.00229773
v 0.38601804 -0.29980510 -0.00229773
v 0.39040616 -0.29782999 -0.00229773
v 0.39702109 -0.31550887 -0.00229773
v 0.39040616 -0.29782999 -0.00229773
v 0.39223316 -0.29700702 -0.00229773
v 0.39702109 -0.31550887 -0.00229773
v 0.39223316 -0.29700702 -0.00229773
v 0.39558217 -0.29294810 -0.00229773
v 0.39702109 -0.31550887 -0.00229773
v 0.39558217 -0.29294810 -0.00229773
v 0.39598119 -0.29246500 -0.00229773
v 0.39702109 -0.31550887 -0.00229773
v 0.39598119 -0.29246500 -0.00229773
v 0.39754915 -0.28615105 -0.00229773
v 0.39702109 -0.31550887 -0.00229773
v 0.39754915 -0.28615105 -0.00229773
v 0.40204826 -0.30812207 -0.00229773
v 0.37043720 0.28112212 -0.00229775
v 0.36967725 -0.28413990 -0.00229773
v 0.36967725 0.28791001 -0.00229775
v 0.36967725 -0.28413990 -0.00229773
v 0.37043720 0.28112212 -0.00229775
v 0.37162820 -0.27910307 -0.00229773
v 0.37162820 -0.27910307 -0.00229773
v 0.37043720 0.28112212 -0.00229775
v 0.37168026 0.27918789 -0.00229775
v 0.37162820 -0.27910307 -0.00229773
v 0.37168026 0.27918789 -0.00229775
v 0.37202623 -0.27807489 -0.00229773
v 0.37202623 -0.27807489 -0.00229773
v 0.37168026 0.27918789 -0.00229775
v 0.37365106 0.27612492 -0.00229775
v 0.37202623 -0.27807489 -0.00229773
v 0.37365106 0.27612492 -0.00229775
v 0.37664318 -0.27400604 -0.00229773
v 0.37664318 -0.27400604 -0.00229773
v 0.37365106 0.27612492 -0.00229775
v 0.37676024 0.27424809 -0.00229775
v 0.37664318 -0.27400604 -0.00229773
v 0.37676024 0.27424809 -0.00229775
v 0.37711027 -0.27359405 -0.00229773
v 0.37711027 -0.27359405 -0.00229773
v 0.37676024 0.27424809 -0.00229775
v 0.37940010 0.27265403 -0.00229775
v 0.37711027 -0.27359405 -0.00229773
v 0.37940010 0.27265403 -0.00229775
v 0.38355020 -0.27202511 -0.00229773
v 0.38355020 -0.27202511 -0.00229773
v 0.37940010 0.27265403 -0.00229775
v 0.38357306 0.27239493 -0.00229775
v 0.38355020 -0.27202511 -0.00229773
v 0.38357306 0.27239493 -0.00229775
v 0.38542318 -0.27215007 -0.00229773
v 0.38542318 -0.27215007 -0.00229773
v 0.38357306 0.27239493 -0.00229775
v 0.38601804 0.27224407 -0.00229775
v 0.38542318 -0.27215007 -0.00229773
v 0.38601804 0.27224407 -0.00229775
v 0.39047906 -0.27408707 -0.00229773
v 0.39047906 -0.27408707 -0.00229773
v 0.38601804 0.27224407 -0.00229775
v 0.39040616 0.27421990 -0.00229775
v 0.39047906 -0.27408707 -0.00229773
v 0.39040616 0.27421990 -0.00229775
v 0.39223316 0.27504286 -0.00229775
v 0.39047906 -0.27408707 -0.00229773
v 0.39223316 0.27504286 -0.00229775
v 0.39142519 -0.27444905 -0.00229773
v 0.39142519 -0.27444905 -0.00229773
v 0.39223316 0.27504286 -0.00229775
v 0.39558521 -0.27910408 -0.00229773
v 0.39558521 -0.27910408 -0.00229773
v 0.39223316 0.27504286 -0.00229775
v 0.39558217 0.27910104 -0.00229775
v 0.39558521 -0.27910408 -0.00229773
v 0.39558217 0.27910104 -0.00229775
v 0.39598119 0.27958390 -0.00229775
v 0.39558521 -0.27910408 -0.00229773
v 0.39598119 0.27958390 -0.00229775
v 0.39593419 -0.27949399 -0.00229773
v 0.39593419 -0.27949399 -0.00229773
v 0.39598119 0.27958390 -0.00229775
v 0.39752123 -0.28603193 -0.00229773
v 0.39752123 -0.28603193 -0.00229773
v 0.39598119 0.27958390 -0.00229775
v 0.39754915 0.28589806 -0.00229775
v 0.39752123 -0.28603193 -0.00229773
v 0.39754915 0.28589806 -0.00229775
v 0.39754915 -0.28615105 -0.00229773
v 0.28204823 0.36951005 -0.00229775
v 0.28128928 -0.37252808 -0.00229773
v 0.28128928 0.37629795 -0.00229775
v 0.28128928 -0.37252808 -0.00229773
v 0.28204823 0.36951005 -0.00229775
v 0.28324026 -0.36749101 -0.00229773
v 0.28324026 -0.36749101 -0.00229773
v 0.28204823 0.36951005 -0.00229775
v 0.28329208 0.36757714 -0.00229775
v 0.28324026 -0.36749101 -0.00229773
v 0.28329208 0.36757714 -0.00229775
v 0.28363726 -0.36646408 -0.00229773
v 0.28363726 -0.36646408 -0.00229773
v 0.28329208 0.36757714 -0.00229775
v 0.28526211 0.36451387 -0.00229775
v 0.28363726 -0.36646408 -0.00229773
v 0.28526211 0.36451387 -0.00229775
v 0.28825423 -0.36239398 -0.00229773
v 0.28825423 -0.36239398 -0.00229773
v 0.28526211 0.36451387 -0.00229775
v 0.28837207 0.36263606 -0.00229775
v 0.28825423 -0.36239398 -0.00229773
v 0.28837207 0.36263606 -0.00229775
v 0.28872210 -0.36198199 -0.00229773
v 0.28872210 -0.36198199 -0.00229773
v 0.28837207 0.36263606 -0.00229775
v 0.29101214 0.36104193 -0.00229775
v 0.28872210 -0.36198199 -0.00229773
v 0.29101214 0.36104193 -0.00229775
v 0.29516226 -0.36041304 -0.00229773
v 0.29516226 -0.36041304 -0.00229773
v 0.29101214 0.36104193 -0.00229775
v 0.29518512 0.36078387 -0.00229775
v 0.29516226 -0.36041304 -0.00229773
v 0.29518512 0.36078387 -0.00229775
v 0.29703525 -0.36053905 -0.00229773
v 0.29703525 -0.36053905 -0.00229773
v 0.29518512 0.36078387 -0.00229775
v 0.29763013 0.36063197 -0.00229775
v 0.29703525 -0.36053905 -0.00229773
v 0.29763013 0.36063197 -0.00229775
v 0.30209011 -0.36247501 -0.00229773
v 0.30209011 -0.36247501 -0.00229773
v 0.29763013 0.36063197 -0.00229775
v 0.30201823 0.36260810 -0.00229775
v 0.30209011 -0.36247501 -0.00229773
v 0.30201823 0.36260810 -0.00229775
v 0.30384526 0.36343107 -0.00229775
v 0.30209011 -0.36247501 -0.00229773
v 0.30384526 0.36343107 -0.00229775
v 0.30303729 -0.36283797 -0.00229773
v 0.30303729 -0.36283797 -0.00229773
v 0.30384526 0.36343107 -0.00229775
v 0.30719727 -0.36749303 -0.00229773
v 0.30719727 -0.36749303 -0.00229773
v 0.30384526 0.36343107 -0.00229775
v 0.30719423 0.36748898 -0.00229775
v 0.30719727 -0.36749303 -0.00229773
v 0.30719423 0.36748898 -0.00229775
v 0.30759329 0.36797309 -0.00229775
v 0.30719727 -0.36749303 -0.00229773
v 0.30759329 0.36797309 -0.00229775
v 0.30754629 -0.36788291 -0.00229773
v 0.30754629 -0.36788291 -0.00229773
v 0.30759329 0.36797309 -0.00229775
v 0.30913228 -0.37441987 -0.00229773
v 0.30913228 -0.37441987 -0.00229773
v 0.30759329 0.36797309 -0.00229775
v 0.30916122 0.37428704 -0.00229775
v 0.30913228 -0.37441987 -0.00229773
v 0.30916122 0.37428704 -0.00229775
v 0.30916122 -0.37453902 -0.00229773
v -0.44414082 0.21104300 -0.00229775
v -0.46286771 -0.16500001 -0.00229783
v -0.46286771 0.16500001 -0.00229784
v -0.46286771 -0.16500001 -0.00229783
v -0.44414082 0.21104300 -0.00229775
v -0.45515472 -0.18556201 -0.00229774
v -0.45515472 -0.18556201 -0.00229774
v -0.44414082 0.21104300 -0.00229775
v -0.43824190 -0.22327600 -0.00229773
v -0.43824190 -0.22327600 -0.00229773
v -0.44414082 0.21104300 -0.00229775
v -0.42094985 0.25500000 -0.00229775
v -0.43824190 -0.22327600 -0.00229773
v -0.42094985 0.25500000 -0.00229775
v -0.41827673 -0.25945491 -0.00229773
v -0.41827673 -0.25945491 -0.00229773
v -0.42094985 0.25500000 -0.00229775
v -0.41521171 0.25500000 -0.00229775
v -0.41827673 -0.25945491 -0.00229773
v -0.41521171 0.25500000 -0.00229775
v -0.41788480 -0.25945491 -0.00229773
v -0.41788480 -0.25945491 -0.00229773
v -0.41521171 0.25500000 -0.00229775
v -0.38633293 -0.30639791 -0.00229773
v -0.38633293 -0.30639791 -0.00229773
v -0.41521171 0.25500000 -0.00229775
v -0.38633293 0.29748708 -0.00229775
v -0.38633293 -0.30639791 -0.00229773
v -0.38633293 0.29748708 -0.00229775
v -0.38633293 -0.30594605 -0.00229773
v 0.26898706 -0.42717388 -0.00229773
v 0.33778217 -0.37681889 0.03770227
v 0.28337106 -0.41808599 0.03770227
v 0.28337106 -0.41808599 0.11770226
v 0.28226414 -0.41697910 0.03770217
v 0.28152907 -0.41624299 0.03825177
v 0.28226414 -0.41697910 0.03770217
v 0.28337106 -0.41808599 0.11770226
v 0.28337106 -0.41808599 0.03770227
v 0.27903324 -0.41374692 0.04009137
v 0.27797511 -0.41268295 0.04052906
v 0.27790016 -0.41261411 0.04065007
v 0.27785417 -0.41256788 0.04066297
v 0.24215418 -0.37686691 0.04062377
v 0.24215317 -0.37686691 0.04066297
v 0.24215418 -0.37686691 0.04062377
v 0.27785417 -0.41256788 0.04066297
v 0.27787527 -0.41258794 0.04062378
v 0.24269417 -0.37653187 0.03911588
v 0.24215317 -0.37686690 0.11770226
v 0.24215317 -0.37686691 0.04066297
v 0.28337106 -0.41808599 0.11770226
v 0.28039521 -0.41510993 0.03909937
v 0.28027126 -0.41498494 0.03919246
v 0.28027126 -0.41498494 0.03919246
v 0.28013614 -0.41461587 0.03937417
v 0.27942926 -0.41414294 0.03982177
v 0.28003910 -0.41379696 0.03913376
v 0.27913713 -0.41385108 0.04003989
v 0.27942926 -0.41414294 0.03982177
v 0.27913713 -0.41385108 0.04003989
v 0.27920520 -0.41334590 0.03969807
v 0.27903324 -0.41374692 0.04009137
v 0.25011918 -0.37182397 0.03770227
v 0.24215317 -0.37686690 0.11770226
v 0.24476717 -0.37523901 0.03770227
v 0.28018618 -0.35051110 0.03770227
v 0.27430812 -0.35497894 0.11770226
v 0.25011918 -0.37182397 0.03770227
v 0.29446426 -0.33843291 0.03770227
v 0.29449728 -0.33846211 0.11770226
v 0.28018618 -0.35051110 0.03770227
v 0.30986428 -0.32540601 0.03770227
v 0.30456406 -0.33022490 0.11770226
v 0.29446426 -0.33843291 0.03770227
v 0.30986428 -0.32540601 0.03770227
v 0.33730313 -0.29771289 0.03770227
v 0.33245707 -0.30296892 0.11770226
v 0.33730313 -0.29771289 0.03770227
v 0.36226425 -0.26763192 0.03770226
v 0.34758329 -0.28533393 0.11770226
v 0.34758329 -0.28533393 0.11770226
v 0.38492128 -0.23475800 0.03795817
v 0.38548213 -0.23385800 0.03861707
v 0.38028631 -0.24202101 0.11770225
v 0.38548213 -0.23385800 0.03861707
v 0.38573027 -0.23345999 0.03903497
v 0.38028631 -0.24202101 0.11770225
v 0.38584712 -0.23326999 0.03963716
v 0.38600409 -0.23301598 0.04066296
v 0.42296007 -0.26997202 0.03983338
v 0.42175129 -0.26876297 0.04065006
v 0.42230904 -0.26982903 0.03988966
v 0.42361614 -0.27107388 0.03911897
v 0.42394409 -0.27095500 0.03916927
v 0.42296007 -0.26997202 0.03983338
v 0.42394409 -0.27095500 0.03916927
v 0.42361614 -0.27107388 0.03911897
v 0.42419526 -0.27120697 0.03899916
v 0.42722318 -0.27423387 0.11770226
v 0.42394409 -0.27095500 0.03916927
v 0.42419526 -0.27120697 0.03899916
v 0.38600409 -0.23301700 0.04062377
v 0.42170507 -0.26871699 0.04066296
v 0.38600409 -0.23301598 0.04066296
v 0.42170507 -0.26871699 0.04066296
v 0.38600409 -0.23301700 0.04062377
v 0.42172512 -0.26873809 0.04062377
v 0.40204826 -0.30812207 -0.00229773
v 0.44498417 -0.24502501 -0.00229773
v 0.42722318 -0.27423388 0.03770226
v 0.42419526 -0.27120697 0.03899916
v 0.42722318 -0.27423388 0.03770226
v 0.42722318 -0.27423387 0.11770226
v 0.42722318 -0.27423388 0.03770226
v 0.42419526 -0.27120697 0.03899916
v 0.42507815 -0.27208987 0.03840287
v 0.50913715 -0.00000000 -0.00229774
v 0.50297719 0.07824171 0.03770225
v 0.50906128 0.00870148 0.03770225
v 0.50678921 0.00850265 0.03818516
v 0.50621313 0.00881815 0.03858046
v 0.50529218 0.00837171 0.03909006
v 0.50557226 0.00915225 0.03857335
v 0.50507116 0.00835237 0.03922377
v 0.50529218 0.00837171 0.03909006
v 0.50507116 0.00835237 0.03922377
v 0.50469899 0.00849817 0.03936116
v 0.50411814 0.00826896 0.03980027
v 0.50388318 0.00866161 0.03918567
v 0.50398326 0.00825719 0.03988155
v 0.50411814 0.00826896 0.03980027
v 0.50328910 0.00841262 0.03961046
v 0.50344020 0.00820967 0.04008246
v 0.50398326 0.00825719 0.03988155
v 0.50344020 0.00820967 0.04008246
v 0.50186920 0.00807323 0.04062376
v 0.50190604 0.00807544 0.04064985
v 0.50186920 0.00807323 0.04062376
v 0.45212105 0.00371988 0.04066296
v 0.50184131 0.00806979 0.04066296
v 0.50758725 0.00857253 0.03770225
v 0.50725019 0.00966295 0.03770225
v 0.50678921 0.00850265 0.03818516
v 0.45212105 0.00371988 0.04066296
v 0.45212105 0.00372091 0.04062376
v 0.45008731 0.04256451 0.11770224
v 0.50913715 -0.00000000 -0.00229774
v 0.50186920 0.08494400 -0.00229774
v 0.50297719 0.07824171 0.03770225
v 0.44498417 0.24502501 -0.00229775
v 0.39702109 0.31550887 0.03770224
v 0.42722318 0.27423388 0.03770225
v 0.42722318 0.27423388 0.03770225
v 0.42538017 0.27239189 0.03825175
v 0.42722318 0.27423388 0.11770224
v 0.42538017 0.27239189 0.03825175
v 0.42722318 0.27423388 0.03770225
v 0.42611629 0.27312696 0.03770215
v 0.42412212 0.27113408 0.03919244
v 0.42375305 0.27099896 0.03937415
v 0.42328012 0.27029207 0.03982175
v 0.42328012 0.27029207 0.03982175
v 0.42293414 0.27090192 0.03913374
v 0.42298827 0.26999995 0.04003986
v 0.42248309 0.27006802 0.03969805
v 0.42288411 0.26989606 0.04009135
v 0.42298827 0.26999995 0.04003986
v 0.42288411 0.26989606 0.04009135
v 0.42182013 0.26883793 0.04052904
v 0.42175129 0.26876298 0.04065004
v 0.42172512 0.26873809 0.04062375
v 0.38600409 0.23301599 0.04066295
v 0.42170507 0.26871699 0.04066295
v 0.38600409 0.23301599 0.04066295
v 0.42172512 0.26873809 0.04062375
v 0.38600409 0.23301700 0.04062375
v 0.38600409 0.23301599 0.04066295
v 0.38566905 0.23355699 0.03911586
v 0.38600409 0.23301599 0.11770224
v 0.42424712 0.27125803 0.03909935
v 0.42412212 0.27113408 0.03919244
v 0.42722318 0.27423388 0.11770224
v 0.38600409 0.23301599 0.11770224
v 0.38437620 0.23562999 0.03770225
v 0.38096115 0.24098200 0.03770225
v 0.38096115 0.24098200 0.03770225
v 0.35964829 0.27104899 0.03770225
v 0.36411613 0.26517094 0.11770224
v 0.35964829 0.27104899 0.03770225
v 0.34757009 0.28532708 0.03770225
v 0.34759930 0.28536010 0.11770224
v 0.34757009 0.28532708 0.03770225
v 0.33454320 0.30072710 0.03770224
v 0.33936208 0.29542688 0.11770224
v 0.30685008 0.32816595 0.03770224
v 0.31210610 0.32331989 0.11770223
v 0.33454320 0.30072710 0.03770224
v 0.29447213 0.33843696 0.03770224
v 0.29447111 0.33844611 0.11770223
v 0.30685008 0.32816595 0.03770224
v 0.27676910 0.35312706 0.03770224
v 0.28258213 0.34864498 0.11770223
v 0.29447213 0.33843696 0.03770224
v 0.24389519 0.37578410 0.03795815
v 0.24299519 0.37634495 0.03861705
v 0.28258213 0.34864498 0.11770223
v 0.24299519 0.37634495 0.03861705
v 0.24259718 0.37659308 0.03903495
v 0.25115818 0.37114913 0.11770223
v 0.24240717 0.37670994 0.03963714
v 0.24215317 0.37686691 0.04066294
v 0.25115818 0.37114913 0.11770223
v 0.27910921 0.41382289 0.03983335
v 0.27790016 0.41261411 0.04065004
v 0.27896622 0.41317186 0.03988964
v 0.28021106 0.41447896 0.03911895
v 0.28009218 0.41480690 0.03916925
v 0.27910921 0.41382289 0.03983335
v 0.28009218 0.41480690 0.03916925
v 0.28021106 0.41447896 0.03911895
v 0.28034416 0.41505808 0.03899914
v 0.28034416 0.41505808 0.03899914
v 0.28337106 0.41808600 0.11770223
v 0.28009218 0.41480690 0.03916925
v 0.27785417 0.41256789 0.04066294
v 0.24215418 0.37686691 0.04062375
v 0.27787527 0.41258794 0.04062375
v 0.24215418 0.37686691 0.04062375
v 0.27785417 0.41256789 0.04066294
v 0.24215317 0.37686691 0.04066294
v 0.26898706 0.42717388 -0.00229776
v 0.28337106 0.41808599 0.03770224
v 0.31725925 0.39184096 -0.00229776
v 0.28034416 0.41505808 0.03899914
v 0.28337106 0.41808599 0.03770224
v 0.28337106 0.41808600 0.11770223
v 0.28337106 0.41808599 0.03770224
v 0.28034416 0.41505808 0.03899914
v 0.28122705 0.41594097 0.03840285
v -0.22077380 0.44400600 -0.00229776
v -0.29286271 0.39849195 0.03770224
v -0.26509669 0.41808599 0.03770224
v -0.38633293 0.30594605 0.03770224
v -0.37765983 0.29255492 0.03770224
v -0.35617173 0.34139303 0.03770224
v -0.37765983 0.29255492 0.03770224
v -0.38633293 0.30594605 0.03770224
v -0.37924686 0.28601796 0.03770225
v -0.37924686 0.28601796 0.03770225
v -0.38633293 0.30594605 0.03770224
v -0.37927479 0.28589806 0.03770225
v -0.35617173 0.34139303 0.03770224
v -0.37765983 0.29255492 0.03770224
v -0.37731084 0.29294506 0.03770224
v -0.35617173 0.34139303 0.03770224
v -0.37731084 0.29294506 0.03770224
v -0.37315083 0.29760012 0.03770224
v -0.35617173 0.34139303 0.03770224
v -0.37315083 0.29760012 0.03770224
v -0.37220469 0.29796207 0.03770224
v -0.35617173 0.34139303 0.03770224
v -0.37220469 0.29796207 0.03770224
v -0.36714882 0.29989907 0.03770224
v -0.35617173 0.34139303 0.03770224
v -0.36714882 0.29989907 0.03770224
v -0.36527583 0.30002505 0.03770224
v -0.35617173 0.34139303 0.03770224
v -0.36527583 0.30002505 0.03770224
v -0.35883591 0.29845610 0.03770224
v -0.35617173 0.34139303 0.03770224
v -0.35883591 0.29845610 0.03770224
v -0.35836881 0.29804412 0.03770224
v -0.35617173 0.34139303 0.03770224
v -0.35836881 0.29804412 0.03770224
v -0.35375187 0.29397401 0.03770224
v -0.35617173 0.34139303 0.03770224
v -0.35375187 0.29397401 0.03770224
v -0.33346587 0.33674887 0.03770224
v -0.35617173 0.34139303 0.03770224
v -0.33346587 0.33674887 0.03770224
v -0.29286271 0.39849195 0.03770224
v -0.33346587 0.33674887 0.03770224
v -0.35375187 0.29397401 0.03770224
v -0.35335383 0.29294607 0.03770224
v -0.33346587 0.33674887 0.03770224
v -0.35335383 0.29294607 0.03770224
v -0.35140288 0.28791002 0.03770225
v -0.33346587 0.33674887 0.03770224
v -0.35140288 0.28791002 0.03770225
v -0.33508083 0.33009309 0.03770224
v -0.33346587 0.33674887 0.03770224
v -0.33508083 0.33009309 0.03770224
v -0.33505186 0.33021194 0.03770224
v -0.29286271 0.39849195 0.03770224
v -0.33346587 0.33674887 0.03770224
v -0.33311689 0.33713901 0.03770224
v -0.29286271 0.39849195 0.03770224
v -0.33311689 0.33713901 0.03770224
v -0.32895687 0.34179407 0.03770224
v -0.29286271 0.39849195 0.03770224
v -0.32895687 0.34179407 0.03770224
v -0.32800972 0.34215704 0.03770224
v -0.29286271 0.39849195 0.03770224
v -0.32800972 0.34215704 0.03770224
v -0.32295483 0.34409306 0.03770224
v -0.29286271 0.39849195 0.03770224
v -0.32295483 0.34409306 0.03770224
v -0.32108185 0.34421903 0.03770224
v -0.29286271 0.39849195 0.03770224
v -0.32108185 0.34421903 0.03770224
v -0.31464168 0.34265006 0.03770224
v -0.29286271 0.39849195 0.03770224
v -0.31464168 0.34265006 0.03770224
v -0.31417483 0.34223807 0.03770224
v -0.29286271 0.39849195 0.03770224
v -0.31417483 0.34223807 0.03770224
v -0.30955788 0.33816797 0.03770224
v -0.29286271 0.39849195 0.03770224
v -0.30955788 0.33816797 0.03770224
v -0.30915985 0.33714104 0.03770224
v -0.29286271 0.39849195 0.03770224
v -0.30915985 0.33714104 0.03770224
v -0.30720890 0.33210397 0.03770224
v -0.38707587 0.25097197 0.03770225
v -0.38633293 0.29748708 0.03770224
v -0.40588284 0.26977897 0.03770225
v -0.38633293 0.29748708 0.03770224
v -0.38707587 0.25097197 0.03770225
v -0.37713787 0.24708501 0.03770225
v -0.38633293 0.29748708 0.03770224
v -0.37713787 0.24708501 0.03770225
v -0.38633293 0.30594605 0.03770224
v -0.38633293 0.30594605 0.03770224
v -0.37713787 0.24708501 0.03770225
v -0.37927479 0.28589806 0.03770225
v -0.37927479 0.28589806 0.03770225
v -0.37713787 0.24708501 0.03770225
v -0.37770683 0.27958390 0.03770225
v -0.37770683 0.27958390 0.03770225
v -0.37713787 0.24708501 0.03770225
v -0.37730780 0.27910105 0.03770225
v -0.37730780 0.27910105 0.03770225
v -0.37713787 0.24708501 0.03770225
v -0.37395880 0.27504286 0.03770225
v -0.37395880 0.27504286 0.03770225
v -0.37713787 0.24708501 0.03770225
v -0.36779475 0.24643999 0.03770225
v -0.37395880 0.27504286 0.03770225
v -0.36779475 0.24643999 0.03770225
v -0.37213179 0.27421990 0.03770225
v -0.37213179 0.27421990 0.03770225
v -0.36779475 0.24643999 0.03770225
v -0.36774367 0.27224407 0.03770225
v -0.36774367 0.27224407 0.03770225
v -0.36779475 0.24643999 0.03770225
v -0.35751486 0.24888401 0.03770225
v -0.36774367 0.27224407 0.03770225
v -0.35751486 0.24888401 0.03770225
v -0.36529869 0.27239493 0.03770225
v -0.36529869 0.27239493 0.03770225
v -0.35751486 0.24888401 0.03770225
v -0.36112574 0.27265403 0.03770225
v -0.36112574 0.27265403 0.03770225
v -0.35751486 0.24888401 0.03770225
v -0.35848588 0.27424809 0.03770225
v -0.35848588 0.27424809 0.03770225
v -0.35751486 0.24888401 0.03770225
v -0.35537669 0.27612493 0.03770225
v -0.35537669 0.27612493 0.03770225
v -0.35751486 0.24888401 0.03770225
v -0.35741681 0.24892499 0.03770225
v -0.35537669 0.27612493 0.03770225
v -0.35741681 0.24892499 0.03770225
v -0.33417276 0.28011397 0.03770225
v -0.35537669 0.27612493 0.03770225
v -0.33417276 0.28011397 0.03770225
v -0.35340589 0.27918789 0.03770225
v -0.35340589 0.27918789 0.03770225
v -0.33417276 0.28011397 0.03770225
v -0.35216284 0.28112212 0.03770225
v -0.35216284 0.28112212 0.03770225
v -0.33417276 0.28011397 0.03770225
v -0.35140288 0.28791002 0.03770225
v -0.35140288 0.28791002 0.03770225
v -0.33417276 0.28011397 0.03770225
v -0.33508083 0.33009309 0.03770224
v -0.33508083 0.33009309 0.03770224
v -0.33417276 0.28011397 0.03770225
v -0.33351287 0.32377887 0.03770224
v -0.33351287 0.32377887 0.03770224
v -0.33417276 0.28011397 0.03770225
v -0.32080474 0.29509696 0.03770224
v -0.33351287 0.32377887 0.03770224
v -0.32080474 0.29509696 0.03770224
v -0.33311385 0.32329503 0.03770224
v -0.33311385 0.32329503 0.03770224
v -0.32080474 0.29509696 0.03770224
v -0.32976484 0.31923711 0.03770224
v -0.32976484 0.31923711 0.03770224
v -0.32080474 0.29509696 0.03770224
v -0.32793784 0.31841388 0.03770224
v -0.32793784 0.31841388 0.03770224
v -0.32080474 0.29509696 0.03770224
v -0.32354972 0.31643802 0.03770224
v -0.32354972 0.31643802 0.03770224
v -0.32080474 0.29509696 0.03770224
v -0.32110471 0.31658992 0.03770224
v -0.32110471 0.31658992 0.03770224
v -0.32080474 0.29509696 0.03770224
v -0.31693175 0.31684798 0.03770224
v -0.31693175 0.31684798 0.03770224
v -0.32080474 0.29509696 0.03770224
v -0.30815378 0.30927700 0.03770224
v -0.31693175 0.31684798 0.03770224
v -0.30815378 0.30927700 0.03770224
v -0.31429192 0.31844208 0.03770224
v -0.31429192 0.31844208 0.03770224
v -0.30815378 0.30927700 0.03770224
v -0.31118169 0.32031888 0.03770224
v -0.31118169 0.32031888 0.03770224
v -0.30815378 0.30927700 0.03770224
v -0.30921194 0.32338289 0.03770224
v -0.30921194 0.32338289 0.03770224
v -0.30815378 0.30927700 0.03770224
v -0.30796784 0.32531610 0.03770224
v -0.30796784 0.32531610 0.03770224
v -0.30815378 0.30927700 0.03770224
v -0.27976394 0.33594903 0.03770224
v -0.30796784 0.32531610 0.03770224
v -0.27976394 0.33594903 0.03770224
v -0.30720890 0.33210397 0.03770224
v -0.30720890 0.33210397 0.03770224
v -0.27976394 0.33594903 0.03770224
v -0.28931892 0.36797309 0.03770224
v -0.30720890 0.33210397 0.03770224
v -0.28931892 0.36797309 0.03770224
v -0.29088685 0.37428704 0.03770224
v -0.30720890 0.33210397 0.03770224
v -0.29088685 0.37428704 0.03770224
v -0.29286271 0.39849195 0.03770224
v -0.28931892 0.36797309 0.03770224
v -0.27976394 0.33594903 0.03770224
v -0.28891987 0.36748898 0.03770224
v -0.28891987 0.36748898 0.03770224
v -0.27976394 0.33594903 0.03770224
v -0.28557089 0.36343107 0.03770224
v -0.28557089 0.36343107 0.03770224
v -0.27976394 0.33594903 0.03770224
v -0.28374386 0.36260811 0.03770224
v -0.28374386 0.36260811 0.03770224
v -0.27976394 0.33594903 0.03770224
v -0.27935576 0.36063197 0.03770224
v -0.27935576 0.36063197 0.03770224
v -0.27976394 0.33594903 0.03770224
v -0.27164280 0.34233612 0.03770224
v -0.27935576 0.36063197 0.03770224
v -0.27164280 0.34233612 0.03770224
v -0.27691075 0.36078388 0.03770224
v -0.27691075 0.36078388 0.03770224
v -0.27164280 0.34233612 0.03770224
v -0.27273777 0.36104193 0.03770224
v -0.27273777 0.36104193 0.03770224
v -0.27164280 0.34233612 0.03770224
v -0.27009770 0.36263606 0.03770224
v -0.27009770 0.36263606 0.03770224
v -0.27164280 0.34233612 0.03770224
v -0.24924582 0.35995001 0.03770224
v -0.27009770 0.36263606 0.03770224
v -0.24924582 0.35995001 0.03770224
v -0.26698774 0.36451388 0.03770224
v -0.26698774 0.36451388 0.03770224
v -0.24924582 0.35995001 0.03770224
v -0.26501772 0.36757714 0.03770224
v -0.26501772 0.36757714 0.03770224
v -0.24924582 0.35995001 0.03770224
v -0.26377386 0.36951006 0.03770224
v -0.26377386 0.36951006 0.03770224
v -0.24924582 0.35995001 0.03770224
v -0.26301491 0.37629795 0.03770224
v -0.29286271 0.39849195 0.03770224
v -0.28927192 0.38094309 0.03770224
v -0.26509669 0.41808599 0.03770224
v -0.28927192 0.38094309 0.03770224
v -0.29286271 0.39849195 0.03770224
v -0.29088685 0.37428704 0.03770224
v -0.28927192 0.38094309 0.03770224
v -0.29088685 0.37428704 0.03770224
v -0.29085791 0.37440589 0.03770224
v -0.26509669 0.41808599 0.03770224
v -0.28927192 0.38094309 0.03770224
v -0.28892291 0.38133299 0.03770224
v -0.26509669 0.41808599 0.03770224
v -0.28892291 0.38133299 0.03770224
v -0.28476292 0.38598803 0.03770224
v -0.26509669 0.41808599 0.03770224
v -0.28476292 0.38598803 0.03770224
v -0.28381574 0.38635102 0.03770224
v -0.26509669 0.41808599 0.03770224
v -0.28381574 0.38635102 0.03770224
v -0.27876088 0.38828701 0.03770224
v -0.26509669 0.41808599 0.03770224
v -0.27876088 0.38828701 0.03770224
v -0.27688789 0.38841298 0.03770224
v -0.26509669 0.41808599 0.03770224
v -0.27688789 0.38841298 0.03770224
v -0.27044773 0.38684401 0.03770224
v -0.26509669 0.41808599 0.03770224
v -0.27044773 0.38684401 0.03770224
v -0.26997986 0.38643202 0.03770224
v -0.26509669 0.41808599 0.03770224
v -0.26997986 0.38643202 0.03770224
v -0.26536289 0.38236195 0.03770224
v -0.26509669 0.41808599 0.03770224
v -0.26536289 0.38236195 0.03770224
v -0.26496589 0.38133502 0.03770224
v -0.26509669 0.41808599 0.03770224
v -0.26496589 0.38133502 0.03770224
v -0.22387880 0.37686691 0.03770224
v -0.22387880 0.37686691 0.03770224
v -0.26496589 0.38133502 0.03770224
v -0.26301491 0.37629795 0.03770224
v -0.22387880 0.37686691 0.03770224
v -0.26301491 0.37629795 0.03770224
v -0.24924582 0.35995001 0.03770224
v -0.24924582 0.35995001 0.03770224
v -0.25603375 0.35497895 0.11770223
v -0.22387880 0.37686691 0.03770224
v -0.27164280 0.34233612 0.03770224
v -0.27157575 0.34226400 0.11770223
v -0.24924582 0.35995001 0.03770224
v -0.27976394 0.33594903 0.03770224
v -0.28628284 0.33023099 0.11770223
v -0.27164280 0.34233612 0.03770224
v -0.30815378 0.30927700 0.03770224
v -0.31414589 0.30300802 0.11770224
v -0.27976394 0.33594903 0.03770224
v -0.32080474 0.29509696 0.03770224
v -0.32087386 0.29516808 0.11770224
v -0.30815378 0.30927700 0.03770224
v -0.33942983 0.27354506 0.11770224
v -0.32080474 0.29509696 0.03770224
v -0.33417276 0.28011397 0.03770225
v -0.35741681 0.24892499 0.11770224
v -0.33417276 0.28011397 0.03770225
v -0.35741681 0.24892499 0.03770225
v -0.35751486 0.24888401 0.03770225
v -0.36779475 0.24644000 0.11770224
v -0.35741681 0.24892499 0.03770225
v -0.36779475 0.24643999 0.03770225
v -0.37246579 0.24676301 0.11770224
v -0.35751486 0.24888401 0.03770225
v -0.38707587 0.25097197 0.03770225
v -0.38707587 0.25097198 0.11770224
v -0.37713787 0.24708501 0.03770225
v -0.41521171 0.25500000 0.00770225
v -0.40588284 0.26977897 0.03770225
v -0.38633293 0.29748708 0.03770224
v -0.38405886 0.16500001 0.16342125
v -0.39630881 0.25500000 0.11770224
v -0.38405886 0.25500000 0.16342125
v -0.39630881 0.25500000 0.11770224
v -0.38405886 0.16500001 0.16342125
v -0.41521171 0.25500000 0.04715786
v -0.41521171 0.25500000 0.04715786
v -0.38405886 0.16500001 0.16342125
v -0.42546976 0.25500000 0.00887285
v -0.42546976 0.25500000 0.00887285
v -0.38405886 0.16500001 0.16342125
v -0.42546976 0.16500001 0.00887285
v -0.39326790 0.16500001 0.00770225
v -0.44414082 0.21104300 0.00770225
v -0.46285272 0.16500001 0.00770225
v -0.44414082 0.21104300 0.00770225
v -0.39326790 0.16500001 0.00770225
v -0.42094985 0.25500000 0.00770225
v -0.42094985 0.25500000 0.00770225
v -0.39326790 0.16500001 0.00770225
v -0.41521171 0.25500000 0.00770225
v -0.41521171 0.25500000 0.00770225
v -0.39326790 0.16500001 0.00770225
v -0.39326790 0.25500000 0.00770225
v 0.49877018 0.07691451 0.03861386
v 0.44619626 0.07230849 0.03861526
v 0.44629911 0.07168561 0.03805506
v 0.49765411 0.07744280 0.03933095
v 0.44612616 0.07273201 0.03899625
v 0.44619626 0.07230849 0.03861526
v 0.45008731 0.04256451 0.11770224
v 0.44636413 0.07128469 0.03795366
v 0.44629911 0.07168561 0.03805506
v 0.44636413 0.07128469 0.03795366
v 0.45008731 0.04256451 0.11770224
v 0.44652516 0.07029130 0.03770225
v 0.49857029 0.07758161 0.03907865
v 0.49765411 0.07744280 0.03933095
v 0.49788016 0.07737899 0.03917974
v 0.49961320 0.07719700 0.03857936
v 0.49912429 0.07790449 0.03893677
v 0.49857029 0.07758161 0.03907865
v 0.50018519 0.07763891 0.03858897
v 0.49912429 0.07790449 0.03893677
v 0.49961320 0.07719700 0.03857936
v 0.50136125 0.07698029 0.03770225
v 0.50015116 0.07799441 0.03840365
v 0.50018519 0.07763891 0.03858897
v 0.50085729 0.07599139 0.03770225
v 0.50020421 0.07552479 0.03775036
v 0.50035107 0.07500051 0.03770225
v 0.50035107 0.07500051 0.03770225
v 0.50020421 0.07552479 0.03775036
v 0.44652516 0.07029130 0.03770225
v 0.45100522 0.03165249 0.03770225
v 0.44652516 0.07029130 0.03770225
v 0.45008731 0.04256451 0.11770224
v 0.45208627 0.00672824 0.03770225
v 0.45100522 0.03165249 0.03770225
v 0.45008731 0.04256451 0.11770224
v 0.50591314 0.01143750 0.03770225
v 0.45208627 0.00672824 0.03770225
v 0.50585324 0.01086910 0.03775516
v 0.50658119 0.01055060 0.03770225
v 0.50591314 0.01143750 0.03770225
v 0.50585324 0.01086910 0.03775516
v 0.50725019 0.00966295 0.03770225
v 0.50658119 0.01055060 0.03770225
v 0.50682122 0.00983328 0.03783535
v 0.50136125 0.07698029 0.03770225
v 0.50064212 0.07653690 0.03794586
v 0.50085729 0.07599139 0.03770225
v -0.44303793 -0.21339498 0.00770227
v -0.46285272 -0.16500001 0.00770226
v -0.45515472 -0.18556201 -0.00229774
v -0.41827673 -0.25945491 0.00770227
v -0.44303793 -0.21339498 0.00770227
v -0.43824190 -0.22327600 -0.00229773
v -0.41827673 -0.25945491 -0.00229773
v -0.41788480 -0.25945491 0.00770227
v -0.41827673 -0.25945491 0.00770227
v -0.41788480 -0.25945491 0.00770227
v -0.41827673 -0.25945491 -0.00229773
v -0.41788480 -0.25945491 -0.00229773
v -0.38633293 -0.30639791 -0.00229773
v -0.41788480 -0.25945491 0.00770227
v -0.41788480 -0.25945491 -0.00229773
v -0.38633293 -0.30639791 0.03770227
v -0.40588284 -0.27869007 0.03770226
v -0.38633293 -0.30639791 -0.00229773
v -0.38633293 -0.30639791 0.03770227
v -0.38633293 -0.30594605 -0.00229773
v -0.38633293 -0.30594605 0.03770227
v -0.38633293 -0.30594605 -0.00229773
v -0.38633293 -0.30639791 0.03770227
v -0.38633293 -0.30639791 -0.00229773
v -0.35617173 -0.34139302 -0.00229773
v -0.38633293 -0.30594605 0.03770227
v -0.38633293 -0.30594605 -0.00229773
v -0.38633293 -0.30594605 0.03770227
v -0.35617173 -0.34139302 -0.00229773
v -0.35617173 -0.34139302 0.03770227
v -0.35617173 -0.34139302 -0.00229773
v -0.29286271 -0.39849195 0.03770227
v -0.35617173 -0.34139302 0.03770227
v -0.29286271 -0.39849195 0.03770227
v -0.35617173 -0.34139302 -0.00229773
v -0.29286271 -0.39849195 -0.00229773
v -0.29286271 -0.39849195 -0.00229773
v -0.26509669 -0.41808599 0.03770227
v -0.29286271 -0.39849195 0.03770227
v -0.41827673 -0.25945491 0.00770227
v -0.43824190 -0.22327600 -0.00229773
v -0.41827673 -0.25945491 -0.00229773
v -0.43824190 -0.22327600 -0.00229773
v -0.44303793 -0.21339498 0.00770227
v -0.45515472 -0.18556201 -0.00229774
v -0.45515472 -0.18556201 -0.00229774
v -0.46285272 -0.16500001 0.00770226
v -0.46286771 -0.16500001 -0.00229783
v -0.46286771 -0.16500001 -0.00229783
v -0.46286771 0.16500001 0.00854075
v -0.46286771 0.16500001 -0.00229784
v -0.46286771 0.16500001 0.00854075
v -0.46286771 -0.16500001 -0.00229783
v -0.46286771 -0.16500001 0.00854076
v -0.46285272 0.16500001 0.00770225
v -0.44414082 0.21104300 -0.00229775
v -0.46286771 0.16500001 -0.00229784
v -0.44414082 0.21104300 -0.00229775
v -0.42094985 0.25500000 0.00770225
v -0.42094985 0.25500000 -0.00229775
v -0.42094985 0.25500000 0.00770225
v -0.44414082 0.21104300 -0.00229775
v -0.44414082 0.21104300 0.00770225
v -0.41521171 0.25500000 -0.00229775
v -0.42094985 0.25500000 0.00770225
v -0.41521171 0.25500000 0.00770225
v -0.42094985 0.25500000 0.00770225
v -0.41521171 0.25500000 -0.00229775
v -0.42094985 0.25500000 -0.00229775
v -0.41521171 0.25500000 -0.00229775
v -0.38633293 0.29748708 0.03770224
v -0.38633293 0.29748708 -0.00229775
v -0.38633293 0.29748708 0.03770224
v -0.41521171 0.25500000 -0.00229775
v -0.41521171 0.25500000 0.00770225
v -0.38633293 0.29748708 -0.00229775
v -0.38633293 0.30594605 0.03770224
v -0.38633293 0.30594605 -0.00229775
v -0.38633293 0.30594605 0.03770224
v -0.38633293 0.29748708 -0.00229775
v -0.38633293 0.29748708 0.03770224
v -0.38633293 0.30594605 -0.00229775
v -0.35617173 0.34139303 0.03770224
v -0.35617173 0.34139302 -0.00229775
v -0.35617173 0.34139303 0.03770224
v -0.38633293 0.30594605 -0.00229775
v -0.38633293 0.30594605 0.03770224
v -0.29286271 0.39849195 -0.00229776
v -0.35617173 0.34139303 0.03770224
v -0.29286271 0.39849195 0.03770224
v -0.35617173 0.34139303 0.03770224
v -0.29286271 0.39849195 -0.00229776
v -0.35617173 0.34139302 -0.00229775
v -0.22077380 0.44400600 -0.00229776
v -0.29286271 0.39849195 -0.00229776
v -0.29286271 0.39849195 0.03770224
v 0.31725925 0.39184096 -0.00229776
v 0.33778217 0.37681890 0.03770224
v 0.33778217 0.37681890 -0.00229775
v 0.39702109 0.31550887 0.03770224
v 0.33778217 0.37681890 -0.00229775
v 0.33778217 0.37681890 0.03770224
v 0.33778217 0.37681890 -0.00229775
v 0.39702109 0.31550887 0.03770224
v 0.39702109 0.31550887 -0.00229775
v 0.44498417 0.24502501 -0.00229775
v 0.39702109 0.31550887 -0.00229775
v 0.39702109 0.31550887 0.03770224
v 0.39702109 -0.31550887 -0.00229773
v 0.40204826 -0.30812207 -0.00229773
v 0.39702109 -0.31550887 0.03770227
v 0.33778217 -0.37681889 0.03770227
v 0.39702109 -0.31550887 -0.00229773
v 0.39702109 -0.31550887 0.03770227
v 0.39702109 -0.31550887 -0.00229773
v 0.33778217 -0.37681889 0.03770227
v 0.33778217 -0.37681890 -0.00229773
v 0.33778217 -0.37681890 -0.00229773
v 0.33778217 -0.37681889 0.03770227
v 0.26898706 -0.42717388 -0.00229773
v 0.28018618 -0.35051110 0.03770227
v 0.28277823 -0.36788291 0.03770227
v 0.29446426 -0.33843291 0.03770227
v 0.28277823 -0.36788291 0.03770227
v 0.28018618 -0.35051110 0.03770227
v 0.28116229 -0.37453902 0.03770227
v 0.28277823 -0.36788291 0.03770227
v 0.28116229 -0.37453902 0.03770227
v 0.28119123 -0.37441987 0.03770227
v 0.29446426 -0.33843291 0.03770227
v 0.28277823 -0.36788291 0.03770227
v 0.28312624 -0.36749303 0.03770227
v 0.29446426 -0.33843291 0.03770227
v 0.28312624 -0.36749303 0.03770227
v 0.28728727 -0.36283797 0.03770227
v 0.29446426 -0.33843291 0.03770227
v 0.28728727 -0.36283797 0.03770227
v 0.28823316 -0.36247501 0.03770227
v 0.29446426 -0.33843291 0.03770227
v 0.28823316 -0.36247501 0.03770227
v 0.29328927 -0.36053905 0.03770227
v 0.29446426 -0.33843291 0.03770227
v 0.29328927 -0.36053905 0.03770227
v 0.29516226 -0.36041304 0.03770227
v 0.29446426 -0.33843291 0.03770227
v 0.29516226 -0.36041304 0.03770227
v 0.30986428 -0.32540601 0.03770227
v 0.30986428 -0.32540601 0.03770227
v 0.29516226 -0.36041304 0.03770227
v 0.30160218 -0.36198199 0.03770227
v 0.30986428 -0.32540601 0.03770227
v 0.30160218 -0.36198199 0.03770227
v 0.30206928 -0.36239397 0.03770227
v 0.30986428 -0.32540601 0.03770227
v 0.30206928 -0.36239397 0.03770227
v 0.30668625 -0.36646408 0.03770227
v 0.30986428 -0.32540601 0.03770227
v 0.30668625 -0.36646408 0.03770227
v 0.30708426 -0.36749101 0.03770227
v 0.30986428 -0.32540601 0.03770227
v 0.30708426 -0.36749101 0.03770227
v 0.30903420 -0.37252807 0.03770227
v 0.28369519 -0.41416705 0.03770227
v 0.25011918 -0.37182397 0.03770227
v 0.24476717 -0.37523901 0.03770227
v 0.25011918 -0.37182397 0.03770227
v 0.28369519 -0.41416705 0.03770227
v 0.28116229 -0.37453902 0.03770227
v 0.25011918 -0.37182397 0.03770227
v 0.28116229 -0.37453902 0.03770227
v 0.28018618 -0.35051110 0.03770227
v 0.28116229 -0.37453902 0.03770227
v 0.28369519 -0.41416705 0.03770227
v 0.28273124 -0.38085294 0.03770227
v 0.28273124 -0.38085294 0.03770227
v 0.28369519 -0.41416705 0.03770227
v 0.28313029 -0.38133708 0.03770227
v 0.28313029 -0.38133708 0.03770227
v 0.28369519 -0.41416705 0.03770227
v 0.28647825 -0.38539496 0.03770227
v 0.30986428 -0.32540601 0.03770227
v 0.32697222 -0.32368895 0.03770227
v 0.33730313 -0.29771289 0.03770227
v 0.32697222 -0.32368895 0.03770227
v 0.30986428 -0.32540601 0.03770227
v 0.32535625 -0.33034503 0.03770227
v 0.32697222 -0.32368895 0.03770227
v 0.32535625 -0.33034503 0.03770227
v 0.32538521 -0.33022591 0.03770227
v 0.33730313 -0.29771289 0.03770227
v 0.32697222 -0.32368895 0.03770227
v 0.32732120 -0.32329905 0.03770227
v 0.33730313 -0.29771289 0.03770227
v 0.32732120 -0.32329905 0.03770227
v 0.33148122 -0.31864402 0.03770227
v 0.33730313 -0.29771289 0.03770227
v 0.33148122 -0.31864402 0.03770227
v 0.33242711 -0.31828105 0.03770227
v 0.33730313 -0.29771289 0.03770227
v 0.33242711 -0.31828105 0.03770227
v 0.33748323 -0.31634506 0.03770227
v 0.33730313 -0.29771289 0.03770227
v 0.33748323 -0.31634506 0.03770227
v 0.36226425 -0.26763192 0.03770226
v 0.36226425 -0.26763192 0.03770226
v 0.33748323 -0.31634506 0.03770227
v 0.33935621 -0.31621906 0.03770227
v 0.36226425 -0.26763192 0.03770226
v 0.33935621 -0.31621906 0.03770227
v 0.34579614 -0.31778803 0.03770227
v 0.36226425 -0.26763192 0.03770226
v 0.34579614 -0.31778803 0.03770227
v 0.34626326 -0.31820002 0.03770227
v 0.36226425 -0.26763192 0.03770226
v 0.34626326 -0.31820002 0.03770227
v 0.35088021 -0.32226911 0.03770227
v 0.36226425 -0.26763192 0.03770226
v 0.35088021 -0.32226911 0.03770227
v 0.35127825 -0.32329702 0.03770227
v 0.36226425 -0.26763192 0.03770226
v 0.35127825 -0.32329702 0.03770227
v 0.35322818 -0.32833412 0.03770227
v 0.28337106 -0.41808599 0.03770227
v 0.28281814 -0.41632202 0.03770227
v 0.28226414 -0.41697910 0.03770217
v 0.28281814 -0.41632202 0.03770227
v 0.28337106 -0.41808599 0.03770227
v 0.28326619 -0.41521990 0.03770227
v 0.28326619 -0.41521990 0.03770227
v 0.28337106 -0.41808599 0.03770227
v 0.28369519 -0.41416705 0.03770227
v 0.28369519 -0.41416705 0.03770227
v 0.28337106 -0.41808599 0.03770227
v 0.33778217 -0.37681889 0.03770227
v 0.28369519 -0.41416705 0.03770227
v 0.33778217 -0.37681889 0.03770227
v 0.29931107 -0.38778406 0.03770227
v 0.28369519 -0.41416705 0.03770227
v 0.29931107 -0.38778406 0.03770227
v 0.29269415 -0.38819402 0.03770227
v 0.28369519 -0.41416705 0.03770227
v 0.29269415 -0.38819402 0.03770227
v 0.28647825 -0.38539496 0.03770227
v 0.28647825 -0.38539496 0.03770227
v 0.29269415 -0.38819402 0.03770227
v 0.28830630 -0.38621792 0.03770227
v 0.29269415 -0.38819402 0.03770227
v 0.29931107 -0.38778406 0.03770227
v 0.29513916 -0.38804188 0.03770227
v 0.29931107 -0.38778406 0.03770227
v 0.33778217 -0.37681889 0.03770227
v 0.30195218 -0.38619000 0.03770227
v 0.30195218 -0.38619000 0.03770227
v 0.33778217 -0.37681889 0.03770227
v 0.30506116 -0.38431293 0.03770227
v 0.30506116 -0.38431293 0.03770227
v 0.33778217 -0.37681889 0.03770227
v 0.30703220 -0.38124892 0.03770227
v 0.30703220 -0.38124892 0.03770227
v 0.33778217 -0.37681889 0.03770227
v 0.30827528 -0.37931597 0.03770227
v 0.30827528 -0.37931597 0.03770227
v 0.33778217 -0.37681889 0.03770227
v 0.30903420 -0.37252807 0.03770227
v 0.30903420 -0.37252807 0.03770227
v 0.33778217 -0.37681889 0.03770227
v 0.30986428 -0.32540601 0.03770227
v 0.30986428 -0.32540601 0.03770227
v 0.33778217 -0.37681889 0.03770227
v 0.32692522 -0.33665895 0.03770227
v 0.30986428 -0.32540601 0.03770227
v 0.32692522 -0.33665895 0.03770227
v 0.32535625 -0.33034503 0.03770227
v 0.32692522 -0.33665895 0.03770227
v 0.33778217 -0.37681889 0.03770227
v 0.32732424 -0.33714309 0.03770227
v 0.32732424 -0.33714309 0.03770227
v 0.33778217 -0.37681889 0.03770227
v 0.33067223 -0.34120101 0.03770227
v 0.33067223 -0.34120101 0.03770227
v 0.33778217 -0.37681889 0.03770227
v 0.33250028 -0.34202397 0.03770227
v 0.33250028 -0.34202397 0.03770227
v 0.33778217 -0.37681889 0.03770227
v 0.33688810 -0.34400007 0.03770227
v 0.33688810 -0.34400007 0.03770227
v 0.33778217 -0.37681889 0.03770227
v 0.33933312 -0.34384793 0.03770227
v 0.33933312 -0.34384793 0.03770227
v 0.33778217 -0.37681889 0.03770227
v 0.34350610 -0.34359011 0.03770227
v 0.34350610 -0.34359011 0.03770227
v 0.33778217 -0.37681889 0.03770227
v 0.39702109 -0.31550887 0.03770227
v 0.34350610 -0.34359011 0.03770227
v 0.39702109 -0.31550887 0.03770227
v 0.34614617 -0.34199601 0.03770227
v 0.34614617 -0.34199601 0.03770227
v 0.39702109 -0.31550887 0.03770227
v 0.34925511 -0.34011793 0.03770227
v 0.34925511 -0.34011793 0.03770227
v 0.39702109 -0.31550887 0.03770227
v 0.35122615 -0.33705497 0.03770227
v 0.35122615 -0.33705497 0.03770227
v 0.39702109 -0.31550887 0.03770227
v 0.35246924 -0.33512202 0.03770227
v 0.35246924 -0.33512202 0.03770227
v 0.39702109 -0.31550887 0.03770227
v 0.35322818 -0.32833412 0.03770227
v 0.35322818 -0.32833412 0.03770227
v 0.39702109 -0.31550887 0.03770227
v 0.37486720 -0.29700702 0.03770227
v 0.35322818 -0.32833412 0.03770227
v 0.37486720 -0.29700702 0.03770227
v 0.37111917 -0.29246500 0.03770226
v 0.35322818 -0.32833412 0.03770227
v 0.37111917 -0.29246500 0.03770226
v 0.36226425 -0.26763192 0.03770226
v 0.36226425 -0.26763192 0.03770226
v 0.37111917 -0.29246500 0.03770226
v 0.36955124 -0.28615105 0.03770226
v 0.37111917 -0.29246500 0.03770226
v 0.37486720 -0.29700702 0.03770227
v 0.37151819 -0.29294810 0.03770226
v 0.37486720 -0.29700702 0.03770227
v 0.39702109 -0.31550887 0.03770227
v 0.37669423 -0.29782998 0.03770227
v 0.37669423 -0.29782998 0.03770227
v 0.39702109 -0.31550887 0.03770227
v 0.38108209 -0.29980510 0.03770227
v 0.38108209 -0.29980510 0.03770227
v 0.39702109 -0.31550887 0.03770227
v 0.38352710 -0.29965395 0.03770227
v 0.38352710 -0.29965395 0.03770227
v 0.39702109 -0.31550887 0.03770227
v 0.38770032 -0.29939589 0.03770227
v 0.38770032 -0.29939589 0.03770227
v 0.39702109 -0.31550887 0.03770227
v 0.39034012 -0.29780102 0.03770227
v 0.39034012 -0.29780102 0.03770227
v 0.39702109 -0.31550887 0.03770227
v 0.39345011 -0.29592398 0.03770227
v 0.39345011 -0.29592398 0.03770227
v 0.39702109 -0.31550887 0.03770227
v 0.39542010 -0.29286098 0.03770226
v 0.39542010 -0.29286098 0.03770226
v 0.39702109 -0.31550887 0.03770227
v 0.39666423 -0.29092702 0.03770226
v 0.39666423 -0.29092702 0.03770226
v 0.39702109 -0.31550887 0.03770227
v 0.39742318 -0.28413990 0.03770226
v 0.39742318 -0.28413990 0.03770226
v 0.39702109 -0.31550887 0.03770227
v 0.42722318 -0.27423388 0.03770226
v 0.39742318 -0.28413990 0.03770226
v 0.42722318 -0.27423388 0.03770226
v 0.42330423 -0.27455801 0.03770226
v 0.42330423 -0.27455801 0.03770226
v 0.42722318 -0.27423388 0.03770226
v 0.42435122 -0.27413204 0.03770226
v 0.42435122 -0.27413204 0.03770226
v 0.42722318 -0.27423388 0.03770226
v 0.42545921 -0.27368095 0.03770226
v 0.42545921 -0.27368095 0.03770226
v 0.42722318 -0.27423388 0.03770226
v 0.42611629 -0.27312696 0.03770216
v 0.36226425 -0.26763192 0.03770226
v 0.37116617 -0.27949399 0.03770226
v 0.38437620 -0.23562999 0.03770226
v 0.37116617 -0.27949399 0.03770226
v 0.36226425 -0.26763192 0.03770226
v 0.36955124 -0.28615105 0.03770226
v 0.37116617 -0.27949399 0.03770226
v 0.36955124 -0.28615105 0.03770226
v 0.36958021 -0.28603193 0.03770226
v 0.38437620 -0.23562999 0.03770226
v 0.37116617 -0.27949399 0.03770226
v 0.37151515 -0.27910408 0.03770226
v 0.38437620 -0.23562999 0.03770226
v 0.37151515 -0.27910408 0.03770226
v 0.37567517 -0.27444905 0.03770226
v 0.38437620 -0.23562999 0.03770226
v 0.37567517 -0.27444905 0.03770226
v 0.37662208 -0.27408707 0.03770226
v 0.38437620 -0.23562999 0.03770226
v 0.37662208 -0.27408707 0.03770226
v 0.38167721 -0.27215007 0.03770226
v 0.38437620 -0.23562999 0.03770226
v 0.38167721 -0.27215007 0.03770226
v 0.38355020 -0.27202511 0.03770226
v 0.38437620 -0.23562999 0.03770226
v 0.38355020 -0.27202511 0.03770226
v 0.38999012 -0.27359405 0.03770226
v 0.38437620 -0.23562999 0.03770226
v 0.38999012 -0.27359405 0.03770226
v 0.42330423 -0.27455801 0.03770226
v 0.42330423 -0.27455801 0.03770226
v 0.38999012 -0.27359405 0.03770226
v 0.39045721 -0.27400604 0.03770226
v 0.42330423 -0.27455801 0.03770226
v 0.39045721 -0.27400604 0.03770226
v 0.39507419 -0.27807489 0.03770226
v 0.42330423 -0.27455801 0.03770226
v 0.39507419 -0.27807489 0.03770226
v 0.39547220 -0.27910307 0.03770226
v 0.42330423 -0.27455801 0.03770226
v 0.39547220 -0.27910307 0.03770226
v 0.39742318 -0.28413990 0.03770226
v 0.28281814 -0.41632202 0.03770227
v 0.28152907 -0.41624299 0.03825177
v 0.28226414 -0.41697910 0.03770217
v 0.28152907 -0.41624299 0.03825177
v 0.28136525 -0.41607994 0.03837408
v 0.28337106 -0.41808599 0.11770226
v 0.27903324 -0.41374692 0.04009137
v 0.27894410 -0.41320491 0.03987437
v 0.27797511 -0.41268295 0.04052906
v 0.27894410 -0.41320491 0.03987437
v 0.27903324 -0.41374692 0.04009137
v 0.27920520 -0.41334590 0.03969807
v 0.24269417 -0.37653187 0.03911588
v 0.24215317 -0.37686691 0.04066297
v 0.24215418 -0.37686691 0.04062377
v 0.27787527 -0.41258794 0.04062378
v 0.24239317 -0.37671909 0.03962548
v 0.24215418 -0.37686691 0.04062377
v 0.24299519 -0.37634495 0.03860618
v 0.24215317 -0.37686690 0.11770226
v 0.24269417 -0.37653187 0.03911588
v 0.28136525 -0.41607994 0.03837408
v 0.28039521 -0.41510993 0.03909937
v 0.28337106 -0.41808599 0.11770226
v 0.28129616 -0.41498697 0.03859678
v 0.28027126 -0.41498494 0.03919246
v 0.28039521 -0.41510993 0.03909937
v 0.28129616 -0.41498697 0.03859678
v 0.28013614 -0.41461587 0.03937417
v 0.28027126 -0.41498494 0.03919246
v 0.28013614 -0.41461587 0.03937417
v 0.28003910 -0.41379696 0.03913376
v 0.27942926 -0.41414294 0.03982177
v 0.28003910 -0.41379696 0.03913376
v 0.27920520 -0.41334590 0.03969807
v 0.27913713 -0.41385108 0.04003989
v 0.24476717 -0.37523901 0.03770227
v 0.24215317 -0.37686690 0.11770226
v 0.24432518 -0.37551588 0.03774578
v 0.34758329 -0.28533393 0.11770226
v 0.36226425 -0.26763192 0.03770226
v 0.38437620 -0.23562999 0.03770226
v 0.34758329 -0.28533393 0.11770226
v 0.38437620 -0.23562999 0.03770226
v 0.38492128 -0.23475800 0.03795817
v 0.38492128 -0.23475800 0.03795817
v 0.38515726 -0.23438099 0.03806897
v 0.38548213 -0.23385800 0.03861707
v 0.42290014 -0.27093086 0.03914788
v 0.38573027 -0.23345999 0.03903497
v 0.38548213 -0.23385800 0.03861707
v 0.38028631 -0.24202101 0.11770225
v 0.38573027 -0.23345999 0.03903497
v 0.38584712 -0.23326999 0.03963716
v 0.42230904 -0.26982903 0.03988966
v 0.42175129 -0.26876297 0.04065006
v 0.42172512 -0.26873809 0.04062377
v 0.42296007 -0.26997202 0.03983338
v 0.42230904 -0.26982903 0.03988966
v 0.42244726 -0.27008507 0.03971707
v 0.42361614 -0.27107388 0.03911897
v 0.42296007 -0.26997202 0.03983338
v 0.42244726 -0.27008507 0.03971707
v 0.42419526 -0.27120697 0.03899916
v 0.42361614 -0.27107388 0.03911897
v 0.42412314 -0.27215591 0.03859848
v 0.42230904 -0.26982903 0.03988966
v 0.42172512 -0.26873809 0.04062377
v 0.38600409 -0.23301700 0.04062377
v 0.39702109 -0.31550887 0.03770227
v 0.40204826 -0.30812207 -0.00229773
v 0.42722318 -0.27423388 0.03770226
v 0.42507815 -0.27208987 0.03840287
v 0.42419526 -0.27120697 0.03899916
v 0.42483714 -0.27226588 0.03863767
v 0.42611629 -0.27312696 0.03770216
v 0.42722318 -0.27423388 0.03770226
v 0.42507815 -0.27208987 0.03840287
v 0.50682122 0.00983328 0.03783535
v 0.50621313 0.00881815 0.03858046
v 0.50678921 0.00850265 0.03818516
v 0.50621313 0.00881815 0.03858046
v 0.50557226 0.00915225 0.03857335
v 0.50529218 0.00837171 0.03909006
v 0.50557226 0.00915225 0.03857335
v 0.50469899 0.00849817 0.03936116
v 0.50507116 0.00835237 0.03922377
v 0.50402313 0.00873506 0.03908635
v 0.50411814 0.00826896 0.03980027
v 0.50469899 0.00849817 0.03936116
v 0.50391519 0.00867788 0.03916296
v 0.50388318 0.00866161 0.03918567
v 0.50411814 0.00826896 0.03980027
v 0.50388318 0.00866161 0.03918567
v 0.50328910 0.00841262 0.03961046
v 0.50398326 0.00825719 0.03988155
v 0.50328910 0.00841262 0.03961046
v 0.50314403 0.00835202 0.03971386
v 0.50344020 0.00820967 0.04008246
v 0.50314403 0.00835202 0.03971386
v 0.50186920 0.00807323 0.04062376
v 0.50344020 0.00820967 0.04008246
v 0.45212105 0.00372091 0.04062376
v 0.45212105 0.00371988 0.04066296
v 0.50186920 0.00807323 0.04062376
v 0.50725019 0.00966295 0.03770225
v 0.50682122 0.00983328 0.03783535
v 0.50678921 0.00850265 0.03818516
v 0.45212105 0.00372091 0.04062376
v 0.45211929 0.00399958 0.03962707
v 0.45008731 0.04256451 0.11770224
v 0.27676910 0.35312706 0.03770224
v 0.28369519 0.41416705 0.03770224
v 0.24476717 0.37523902 0.03770224
v 0.28369519 0.41416705 0.03770224
v 0.27676910 0.35312706 0.03770224
v 0.28116229 0.37428704 0.03770224
v 0.28369519 0.41416705 0.03770224
v 0.28116229 0.37428704 0.03770224
v 0.28119123 0.37440589 0.03770224
v 0.28369519 0.41416705 0.03770224
v 0.28119123 0.37440589 0.03770224
v 0.28277823 0.38094309 0.03770224
v 0.28369519 0.41416705 0.03770224
v 0.28277823 0.38094309 0.03770224
v 0.28312624 0.38133299 0.03770224
v 0.28369519 0.41416705 0.03770224
v 0.28312624 0.38133299 0.03770224
v 0.28728727 0.38598803 0.03770224
v 0.27676910 0.35312706 0.03770224
v 0.28273124 0.36797309 0.03770224
v 0.28116229 0.37428704 0.03770224
v 0.28273124 0.36797309 0.03770224
v 0.27676910 0.35312706 0.03770224
v 0.29447213 0.33843696 0.03770224
v 0.28273124 0.36797309 0.03770224
v 0.29447213 0.33843696 0.03770224
v 0.28313029 0.36748898 0.03770224
v 0.28313029 0.36748898 0.03770224
v 0.29447213 0.33843696 0.03770224
v 0.28647825 0.36343107 0.03770224
v 0.28647825 0.36343107 0.03770224
v 0.29447213 0.33843696 0.03770224
v 0.28830630 0.36260811 0.03770224
v 0.28830630 0.36260811 0.03770224
v 0.29447213 0.33843696 0.03770224
v 0.29269415 0.36063197 0.03770224
v 0.29269415 0.36063197 0.03770224
v 0.29447213 0.33843696 0.03770224
v 0.29513916 0.36078388 0.03770224
v 0.29513916 0.36078388 0.03770224
v 0.29447213 0.33843696 0.03770224
v 0.30685008 0.32816595 0.03770224
v 0.29513916 0.36078388 0.03770224
v 0.30685008 0.32816595 0.03770224
v 0.29931107 0.36104193 0.03770224
v 0.29931107 0.36104193 0.03770224
v 0.30685008 0.32816595 0.03770224
v 0.30195218 0.36263606 0.03770224
v 0.30195218 0.36263606 0.03770224
v 0.30685008 0.32816595 0.03770224
v 0.30506116 0.36451388 0.03770224
v 0.30506116 0.36451388 0.03770224
v 0.30685008 0.32816595 0.03770224
v 0.30703220 0.36757714 0.03770224
v 0.30703220 0.36757714 0.03770224
v 0.30685008 0.32816595 0.03770224
v 0.33454320 0.30072710 0.03770224
v 0.30703220 0.36757714 0.03770224
v 0.33454320 0.30072710 0.03770224
v 0.30827528 0.36951006 0.03770224
v 0.30827528 0.36951006 0.03770224
v 0.33454320 0.30072710 0.03770224
v 0.30903420 0.37629795 0.03770224
v 0.35964829 0.27104899 0.03770225
v 0.37111917 0.27958390 0.03770225
v 0.36955124 0.28589806 0.03770225
v 0.37111917 0.27958390 0.03770225
v 0.35964829 0.27104899 0.03770225
v 0.38096115 0.24098200 0.03770225
v 0.37111917 0.27958390 0.03770225
v 0.38096115 0.24098200 0.03770225
v 0.37151819 0.27910105 0.03770225
v 0.37151819 0.27910105 0.03770225
v 0.38096115 0.24098200 0.03770225
v 0.37486720 0.27504286 0.03770225
v 0.37486720 0.27504286 0.03770225
v 0.38096115 0.24098200 0.03770225
v 0.37669423 0.27421990 0.03770225
v 0.37669423 0.27421990 0.03770225
v 0.38096115 0.24098200 0.03770225
v 0.38108209 0.27224407 0.03770225
v 0.38108209 0.27224407 0.03770225
v 0.38096115 0.24098200 0.03770225
v 0.38437620 0.23562999 0.03770225
v 0.38108209 0.27224407 0.03770225
v 0.38437620 0.23562999 0.03770225
v 0.38352710 0.27239493 0.03770225
v 0.38352710 0.27239493 0.03770225
v 0.38437620 0.23562999 0.03770225
v 0.38770032 0.27265403 0.03770225
v 0.38770032 0.27265403 0.03770225
v 0.38437620 0.23562999 0.03770225
v 0.42330423 0.27455801 0.03770225
v 0.38770032 0.27265403 0.03770225
v 0.42330423 0.27455801 0.03770225
v 0.39034012 0.27424809 0.03770225
v 0.39034012 0.27424809 0.03770225
v 0.42330423 0.27455801 0.03770225
v 0.39345011 0.27612493 0.03770225
v 0.39345011 0.27612493 0.03770225
v 0.42330423 0.27455801 0.03770225
v 0.39542010 0.27918789 0.03770225
v 0.39542010 0.27918789 0.03770225
v 0.42330423 0.27455801 0.03770225
v 0.39666423 0.28112212 0.03770225
v 0.39666423 0.28112212 0.03770225
v 0.42330423 0.27455801 0.03770225
v 0.39742318 0.28791002 0.03770225
v 0.28281814 0.41632202 0.03770224
v 0.28337106 0.41808599 0.03770224
v 0.28226414 0.41697911 0.03770214
v 0.28337106 0.41808599 0.03770224
v 0.28281814 0.41632202 0.03770224
v 0.28326923 0.41521403 0.03770224
v 0.28337106 0.41808599 0.03770224
v 0.28326923 0.41521403 0.03770224
v 0.28369519 0.41416705 0.03770224
v 0.28337106 0.41808599 0.03770224
v 0.28369519 0.41416705 0.03770224
v 0.33778217 0.37681890 0.03770224
v 0.33778217 0.37681890 0.03770224
v 0.28369519 0.41416705 0.03770224
v 0.30160218 0.38684401 0.03770224
v 0.30160218 0.38684401 0.03770224
v 0.28369519 0.41416705 0.03770224
v 0.29516226 0.38841298 0.03770224
v 0.29516226 0.38841298 0.03770224
v 0.28369519 0.41416705 0.03770224
v 0.29328927 0.38828701 0.03770224
v 0.29328927 0.38828701 0.03770224
v 0.28369519 0.41416705 0.03770224
v 0.28823316 0.38635102 0.03770224
v 0.28823316 0.38635102 0.03770224
v 0.28369519 0.41416705 0.03770224
v 0.28728727 0.38598803 0.03770224
v 0.33778217 0.37681890 0.03770224
v 0.30160218 0.38684401 0.03770224
v 0.30206928 0.38643202 0.03770224
v 0.33778217 0.37681890 0.03770224
v 0.30206928 0.38643202 0.03770224
v 0.30668625 0.38236195 0.03770224
v 0.33778217 0.37681890 0.03770224
v 0.30668625 0.38236195 0.03770224
v 0.30708426 0.38133502 0.03770224
v 0.33778217 0.37681890 0.03770224
v 0.30708426 0.38133502 0.03770224
v 0.30903420 0.37629795 0.03770224
v 0.33778217 0.37681890 0.03770224
v 0.30903420 0.37629795 0.03770224
v 0.33454320 0.30072710 0.03770224
v 0.33778217 0.37681890 0.03770224
v 0.33454320 0.30072710 0.03770224
v 0.34757009 0.28532708 0.03770225
v 0.33778217 0.37681890 0.03770224
v 0.34757009 0.28532708 0.03770225
v 0.39702109 0.31550887 0.03770224
v 0.39702109 0.31550887 0.03770224
v 0.34757009 0.28532708 0.03770225
v 0.37567517 0.29760012 0.03770224
v 0.37567517 0.29760012 0.03770224
v 0.34757009 0.28532708 0.03770225
v 0.37116617 0.29255492 0.03770224
v 0.37116617 0.29255492 0.03770224
v 0.34757009 0.28532708 0.03770225
v 0.35964829 0.27104899 0.03770225
v 0.37116617 0.29255492 0.03770224
v 0.35964829 0.27104899 0.03770225
v 0.36958021 0.28601796 0.03770225
v 0.36958021 0.28601796 0.03770225
v 0.35964829 0.27104899 0.03770225
v 0.36955124 0.28589806 0.03770225
v 0.37567517 0.29760012 0.03770224
v 0.37116617 0.29255492 0.03770224
v 0.37151515 0.29294506 0.03770224
v 0.39702109 0.31550887 0.03770224
v 0.37567517 0.29760012 0.03770224
v 0.37662208 0.29796207 0.03770224
v 0.39702109 0.31550887 0.03770224
v 0.37662208 0.29796207 0.03770224
v 0.38167721 0.29989907 0.03770224
v 0.39702109 0.31550887 0.03770224
v 0.38167721 0.29989907 0.03770224
v 0.38355020 0.30002505 0.03770224
v 0.39702109 0.31550887 0.03770224
v 0.38355020 0.30002505 0.03770224
v 0.38999012 0.29845610 0.03770224
v 0.39702109 0.31550887 0.03770224
v 0.38999012 0.29845610 0.03770224
v 0.39045721 0.29804412 0.03770224
v 0.39702109 0.31550887 0.03770224
v 0.39045721 0.29804412 0.03770224
v 0.39507419 0.29397401 0.03770224
v 0.39702109 0.31550887 0.03770224
v 0.39507419 0.29397401 0.03770224
v 0.39547220 0.29294607 0.03770224
v 0.39702109 0.31550887 0.03770224
v 0.39547220 0.29294607 0.03770224
v 0.39742318 0.28791002 0.03770225
v 0.39702109 0.31550887 0.03770224
v 0.39742318 0.28791002 0.03770225
v 0.42722318 0.27423388 0.03770225
v 0.42722318 0.27423388 0.03770225
v 0.39742318 0.28791002 0.03770225
v 0.42330423 0.27455801 0.03770225
v 0.42722318 0.27423388 0.03770225
v 0.42330423 0.27455801 0.03770225
v 0.42435709 0.27412900 0.03770225
v 0.42722318 0.27423388 0.03770225
v 0.42435709 0.27412900 0.03770225
v 0.42545921 0.27368096 0.03770225
v 0.42722318 0.27423388 0.03770225
v 0.42545921 0.27368096 0.03770225
v 0.42611629 0.27312696 0.03770215
v 0.42611629 0.27312696 0.03770215
v 0.42545921 0.27368096 0.03770225
v 0.42538017 0.27239189 0.03825175
v 0.42521712 0.27222806 0.03837405
v 0.42722318 0.27423388 0.11770224
v 0.42538017 0.27239189 0.03825175
v 0.42412415 0.27215898 0.03859675
v 0.42375305 0.27099896 0.03937415
v 0.42412212 0.27113408 0.03919244
v 0.42375305 0.27099896 0.03937415
v 0.42293414 0.27090192 0.03913374
v 0.42328012 0.27029207 0.03982175
v 0.42298827 0.26999995 0.04003986
v 0.42293414 0.27090192 0.03913374
v 0.42248309 0.27006802 0.03969805
v 0.42288411 0.26989606 0.04009135
v 0.42234209 0.26980692 0.03987435
v 0.42182013 0.26883793 0.04052904
v 0.42234209 0.26980692 0.03987435
v 0.42288411 0.26989606 0.04009135
v 0.42248309 0.27006802 0.03969805
v 0.38600409 0.23301599 0.04066295
v 0.38600409 0.23301700 0.04062375
v 0.38566905 0.23355699 0.03911586
v 0.38585627 0.23325598 0.03962546
v 0.38600409 0.23301700 0.04062375
v 0.42172512 0.26873809 0.04062375
v 0.38600409 0.23301599 0.11770224
v 0.38566905 0.23355699 0.03911586
v 0.38548213 0.23385801 0.03860616
v 0.42424712 0.27125803 0.03909935
v 0.42412415 0.27215898 0.03859675
v 0.42412212 0.27113408 0.03919244
v 0.42424712 0.27125803 0.03909935
v 0.42722318 0.27423388 0.11770224
v 0.42521712 0.27222806 0.03837405
v 0.38600409 0.23301599 0.11770224
v 0.38465306 0.23518799 0.03774575
v 0.38437620 0.23562999 0.03770225
v 0.24476717 0.37523902 0.03770224
v 0.28258213 0.34864498 0.11770223
v 0.27676910 0.35312706 0.03770224
v 0.24476717 0.37523902 0.03770224
v 0.24389519 0.37578410 0.03795815
v 0.28258213 0.34864498 0.11770223
v 0.24389519 0.37578410 0.03795815
v 0.24351817 0.37602008 0.03806894
v 0.24299519 0.37634495 0.03861705
v 0.28006804 0.41376296 0.03914785
v 0.24259718 0.37659308 0.03903495
v 0.24299519 0.37634495 0.03861705
v 0.24259718 0.37659308 0.03903495
v 0.24240717 0.37670994 0.03963714
v 0.25115818 0.37114913 0.11770223
v 0.27896622 0.41317186 0.03988964
v 0.27790016 0.41261411 0.04065004
v 0.27787527 0.41258794 0.04062375
v 0.27922225 0.41331008 0.03971704
v 0.27910921 0.41382289 0.03983335
v 0.27896622 0.41317186 0.03988964
v 0.28021106 0.41447896 0.03911895
v 0.27910921 0.41382289 0.03983335
v 0.27922225 0.41331008 0.03971704
v 0.28129309 0.41498596 0.03859845
v 0.28034416 0.41505808 0.03899914
v 0.28021106 0.41447896 0.03911895
v 0.24215418 0.37686691 0.04062375
v 0.27896622 0.41317186 0.03988964
v 0.27787527 0.41258794 0.04062375
v 0.31725925 0.39184096 -0.00229776
v 0.28337106 0.41808599 0.03770224
v 0.33778217 0.37681890 0.03770224
v 0.28140306 0.41569996 0.03863765
v 0.28122705 0.41594097 0.03840285
v 0.28034416 0.41505808 0.03899914
v 0.28122705 0.41594097 0.03840285
v 0.28226414 0.41697911 0.03770214
v 0.28337106 0.41808599 0.03770224
v -0.42546976 0.25500000 0.00887285
v -0.58001786 0.16500001 0.05028386
v -0.58001786 0.25500000 0.05028386
v -0.58001786 0.16500001 0.05028386
v -0.42546976 0.25500000 0.00887285
v -0.42546976 0.16500001 0.00887285
v -0.46285272 0.16500001 0.00770225
v -0.44414082 0.21104300 0.00770225
v -0.44414082 0.21104300 -0.00229775
v 0.49898329 0.07676609 0.03848336
v 0.49877018 0.07691451 0.03861386
v 0.44629911 0.07168561 0.03805506
v 0.49877018 0.07691451 0.03861386
v 0.49833813 0.07721559 0.03887855
v 0.44619626 0.07230849 0.03861526
v 0.44619626 0.07230849 0.03861526
v 0.49788016 0.07737899 0.03917974
v 0.49765411 0.07744280 0.03933095
v 0.50020421 0.07552479 0.03775036
v 0.44636413 0.07128469 0.03795366
v 0.44652516 0.07029130 0.03770225
v 0.49898329 0.07676609 0.03848336
v 0.44629911 0.07168561 0.03805506
v 0.44636413 0.07128469 0.03795366
v 0.49857029 0.07758161 0.03907865
v 0.49788016 0.07737899 0.03917974
v 0.49790812 0.07737041 0.03916125
v 0.49961320 0.07719700 0.03857936
v 0.49857029 0.07758161 0.03907865
v 0.49833813 0.07721559 0.03887855
v 0.50064212 0.07653690 0.03794586
v 0.50018519 0.07763891 0.03858897
v 0.49961320 0.07719700 0.03857936
v 0.50136125 0.07698029 0.03770225
v 0.50018519 0.07763891 0.03858897
v 0.50064212 0.07653690 0.03794586
v 0.50085729 0.07599139 0.03770225
v 0.49994621 0.07598581 0.03789735
v 0.50020421 0.07552479 0.03775036
v 0.45209008 0.00645821 0.03771437
v 0.45208627 0.00672824 0.03770225
v 0.45008731 0.04256451 0.11770224
v 0.50585324 0.01086910 0.03775516
v 0.45208627 0.00672824 0.03770225
v 0.50583822 0.01079040 0.03777086
v 0.50658119 0.01055060 0.03770225
v 0.50585324 0.01086910 0.03775516
v 0.50583822 0.01079040 0.03777086
v 0.50682122 0.00983328 0.03783535
v 0.50658119 0.01055060 0.03770225
v 0.50645012 0.00997883 0.03794607
v 0.50085729 0.07599139 0.03770225
v 0.50064212 0.07653690 0.03794586
v 0.50041509 0.07643081 0.03794825
v -0.46286771 0.16500001 0.00854075
v -0.58260691 -0.16500001 0.04062456
v -0.58260691 0.16500001 0.04062455
v -0.58260691 -0.16500001 0.04062456
v -0.46286771 0.16500001 0.00854075
v -0.46286771 -0.16500001 0.00854076
v 0.28369519 -0.41416705 0.03770227
v 0.24476717 -0.37523901 0.03770227
v 0.28275716 -0.41445789 0.03783107
v 0.28369519 -0.41416705 0.03770227
v 0.28275716 -0.41445789 0.03783107
v 0.28326619 -0.41521990 0.03770227
v 0.28326619 -0.41521990 0.03770227
v 0.28268528 -0.41568091 0.03789246
v 0.28281814 -0.41632202 0.03770227
v 0.42611629 -0.27312696 0.03770216
v 0.42507815 -0.27208987 0.03840287
v 0.42545921 -0.27368095 0.03770226
v 0.42545921 -0.27368095 0.03770226
v 0.42542818 -0.27367410 0.03771136
v 0.42435122 -0.27413204 0.03770226
v 0.42435122 -0.27413204 0.03770226
v 0.42343608 -0.27421990 0.03772086
v 0.42330423 -0.27455801 0.03770226
v 0.42343608 -0.27421990 0.03772086
v 0.38437620 -0.23562999 0.03770226
v 0.42330423 -0.27455801 0.03770226
v 0.28281814 -0.41632202 0.03770227
v 0.28268528 -0.41568091 0.03789246
v 0.28152907 -0.41624299 0.03825177
v 0.28152907 -0.41624299 0.03825177
v 0.28140613 -0.41569996 0.03863557
v 0.28136525 -0.41607994 0.03837408
v 0.24239317 -0.37671909 0.03962548
v 0.27894410 -0.41320491 0.03987437
v 0.27920520 -0.41334590 0.03969807
v 0.24239317 -0.37671909 0.03962548
v 0.27797511 -0.41268295 0.04052906
v 0.27894410 -0.41320491 0.03987437
v 0.24269417 -0.37653187 0.03911588
v 0.24215418 -0.37686691 0.04062377
v 0.24239317 -0.37671909 0.03962548
v 0.27797511 -0.41268295 0.04052906
v 0.24239317 -0.37671909 0.03962548
v 0.27787527 -0.41258794 0.04062378
v 0.24248120 -0.37666398 0.03925398
v 0.24269417 -0.37653187 0.03911588
v 0.24239317 -0.37671909 0.03962548
v 0.24269417 -0.37653187 0.03911588
v 0.24248120 -0.37666398 0.03925398
v 0.24299519 -0.37634495 0.03860618
v 0.24330218 -0.37615493 0.03821936
v 0.24215317 -0.37686690 0.11770226
v 0.24299519 -0.37634495 0.03860618
v 0.28140613 -0.41569996 0.03863557
v 0.28039521 -0.41510993 0.03909937
v 0.28136525 -0.41607994 0.03837408
v 0.28140613 -0.41569996 0.03863557
v 0.28129616 -0.41498697 0.03859678
v 0.28039521 -0.41510993 0.03909937
v 0.28129616 -0.41498697 0.03859678
v 0.28102207 -0.41432810 0.03846938
v 0.28013614 -0.41461587 0.03937417
v 0.28086513 -0.41424301 0.03857578
v 0.28003910 -0.41379696 0.03913376
v 0.28013614 -0.41461587 0.03937417
v 0.28003910 -0.41379696 0.03913376
v 0.24299519 -0.37634495 0.03860618
v 0.27920520 -0.41334590 0.03969807
v 0.28256616 -0.41448304 0.03788177
v 0.24476717 -0.37523901 0.03770227
v 0.24432518 -0.37551588 0.03774578
v 0.24432518 -0.37551588 0.03774578
v 0.24215317 -0.37686690 0.11770226
v 0.24389915 -0.37578106 0.03794268
v 0.42349526 -0.27390495 0.03779188
v 0.38492128 -0.23475800 0.03795817
v 0.38437620 -0.23562999 0.03770226
v 0.42346326 -0.27198192 0.03844087
v 0.38515726 -0.23438099 0.03806897
v 0.38492128 -0.23475800 0.03795817
v 0.42333525 -0.27174291 0.03860127
v 0.38548213 -0.23385800 0.03861707
v 0.38515726 -0.23438099 0.03806897
v 0.42333525 -0.27174291 0.03860127
v 0.42290014 -0.27093086 0.03914788
v 0.38548213 -0.23385800 0.03861707
v 0.42290014 -0.27093086 0.03914788
v 0.42244726 -0.27008507 0.03971707
v 0.38573027 -0.23345999 0.03903497
v 0.38584712 -0.23326999 0.03963716
v 0.42244726 -0.27008507 0.03971707
v 0.38599622 -0.23302998 0.04039878
v 0.42244726 -0.27008507 0.03971707
v 0.38584712 -0.23326999 0.03963716
v 0.38573027 -0.23345999 0.03903497
v 0.42244726 -0.27008507 0.03971707
v 0.42230904 -0.26982903 0.03988966
v 0.38599622 -0.23302998 0.04039878
v 0.42361614 -0.27107388 0.03911897
v 0.42244726 -0.27008507 0.03971707
v 0.42290014 -0.27093086 0.03914788
v 0.42412314 -0.27215591 0.03859848
v 0.42361614 -0.27107388 0.03911897
v 0.42290014 -0.27093086 0.03914788
v 0.42483714 -0.27226588 0.03863767
v 0.42419526 -0.27120697 0.03899916
v 0.42412314 -0.27215591 0.03859848
v 0.42230904 -0.26982903 0.03988966
v 0.38600409 -0.23301700 0.04062377
v 0.38599622 -0.23302998 0.04039878
v 0.42542818 -0.27367410 0.03771136
v 0.42507815 -0.27208987 0.03840287
v 0.42483714 -0.27226588 0.03863767
v 0.50682122 0.00983328 0.03783535
v 0.50645012 0.00997883 0.03794607
v 0.50621313 0.00881815 0.03858046
v 0.50645012 0.00997883 0.03794607
v 0.50557226 0.00915225 0.03857335
v 0.50621313 0.00881815 0.03858046
v 0.50557226 0.00915225 0.03857335
v 0.50470817 0.00926630 0.03859895
v 0.50469899 0.00849817 0.03936116
v 0.50443918 0.00898849 0.03879006
v 0.50402313 0.00873506 0.03908635
v 0.50469899 0.00849817 0.03936116
v 0.50402313 0.00873506 0.03908635
v 0.50391519 0.00867788 0.03916296
v 0.50411814 0.00826896 0.03980027
v 0.45211217 0.00468897 0.03860876
v 0.50388318 0.00866161 0.03918567
v 0.50391519 0.00867788 0.03916296
v 0.45211217 0.00468897 0.03860876
v 0.50328910 0.00841262 0.03961046
v 0.50388318 0.00866161 0.03918567
v 0.50328910 0.00841262 0.03961046
v 0.45211929 0.00399958 0.03962707
v 0.50314403 0.00835202 0.03971386
v 0.45211929 0.00399958 0.03962707
v 0.50186920 0.00807323 0.04062376
v 0.50314403 0.00835202 0.03971386
v 0.45211929 0.00399958 0.03962707
v 0.45212105 0.00372091 0.04062376
v 0.50186920 0.00807323 0.04062376
v 0.45211929 0.00399958 0.03962707
v 0.45211217 0.00468897 0.03860876
v 0.45008731 0.04256451 0.11770224
v 0.42359507 0.27361998 0.03783105
v 0.42330423 0.27455801 0.03770225
v 0.38437620 0.23562999 0.03770225
v 0.42435709 0.27412900 0.03770225
v 0.42330423 0.27455801 0.03770225
v 0.42359507 0.27361998 0.03783105
v 0.42545921 0.27368096 0.03770225
v 0.42435709 0.27412900 0.03770225
v 0.42481810 0.27354810 0.03789244
v 0.28281814 0.41632202 0.03770224
v 0.28226414 0.41697911 0.03770214
v 0.28122705 0.41594097 0.03840285
v 0.28326923 0.41521403 0.03770224
v 0.28281814 0.41632202 0.03770224
v 0.28281128 0.41629100 0.03771133
v 0.28369519 0.41416705 0.03770224
v 0.28326923 0.41521403 0.03770224
v 0.28335708 0.41429889 0.03772083
v 0.28369519 0.41416705 0.03770224
v 0.28335708 0.41429889 0.03772083
v 0.24476717 0.37523902 0.03770224
v 0.42545921 0.27368096 0.03770225
v 0.42481810 0.27354810 0.03789244
v 0.42538017 0.27239189 0.03825175
v 0.42538017 0.27239189 0.03825175
v 0.42483714 0.27226895 0.03863554
v 0.42521712 0.27222806 0.03837405
v 0.42412415 0.27215898 0.03859675
v 0.42346528 0.27188489 0.03846935
v 0.42375305 0.27099896 0.03937415
v 0.42375305 0.27099896 0.03937415
v 0.42338020 0.27172795 0.03857576
v 0.42293414 0.27090192 0.03913374
v 0.38548213 0.23385801 0.03860616
v 0.42248309 0.27006802 0.03969805
v 0.42293414 0.27090192 0.03913374
v 0.38585627 0.23325598 0.03962546
v 0.42234209 0.26980692 0.03987435
v 0.42248309 0.27006802 0.03969805
v 0.38585627 0.23325598 0.03962546
v 0.42182013 0.26883793 0.04052904
v 0.42234209 0.26980692 0.03987435
v 0.38600409 0.23301700 0.04062375
v 0.38585627 0.23325598 0.03962546
v 0.38566905 0.23355699 0.03911586
v 0.38585627 0.23325598 0.03962546
v 0.42172512 0.26873809 0.04062375
v 0.42182013 0.26883793 0.04052904
v 0.38566905 0.23355699 0.03911586
v 0.38580117 0.23334402 0.03925396
v 0.38548213 0.23385801 0.03860616
v 0.38580117 0.23334402 0.03925396
v 0.38566905 0.23355699 0.03911586
v 0.38585627 0.23325598 0.03962546
v 0.38600409 0.23301599 0.11770224
v 0.38548213 0.23385801 0.03860616
v 0.38529211 0.23416500 0.03821934
v 0.42483714 0.27226895 0.03863554
v 0.42412415 0.27215898 0.03859675
v 0.42424712 0.27125803 0.03909935
v 0.42521712 0.27222806 0.03837405
v 0.42483714 0.27226895 0.03863554
v 0.42424712 0.27125803 0.03909935
v 0.42362022 0.27342898 0.03788175
v 0.38437620 0.23562999 0.03770225
v 0.38465306 0.23518799 0.03774575
v 0.38600409 0.23301599 0.11770224
v 0.38491824 0.23476197 0.03794266
v 0.38465306 0.23518799 0.03774575
v 0.28304213 0.41435808 0.03779185
v 0.24389519 0.37578410 0.03795815
v 0.24476717 0.37523902 0.03770224
v 0.28111911 0.41432607 0.03844085
v 0.24351817 0.37602008 0.03806894
v 0.24389519 0.37578410 0.03795815
v 0.28088009 0.41419807 0.03860125
v 0.24299519 0.37634495 0.03861705
v 0.24351817 0.37602008 0.03806894
v 0.28088009 0.41419807 0.03860125
v 0.28006804 0.41376296 0.03914785
v 0.24299519 0.37634495 0.03861705
v 0.24259718 0.37659308 0.03903495
v 0.28006804 0.41376296 0.03914785
v 0.27922225 0.41331008 0.03971704
v 0.24240717 0.37670994 0.03963714
v 0.27922225 0.41331008 0.03971704
v 0.24216716 0.37685904 0.04039876
v 0.27922225 0.41331008 0.03971704
v 0.24240717 0.37670994 0.03963714
v 0.24259718 0.37659308 0.03903495
v 0.27922225 0.41331008 0.03971704
v 0.27896622 0.41317186 0.03988964
v 0.24216716 0.37685904 0.04039876
v 0.28021106 0.41447896 0.03911895
v 0.27922225 0.41331008 0.03971704
v 0.28006804 0.41376296 0.03914785
v 0.28129309 0.41498596 0.03859845
v 0.28021106 0.41447896 0.03911895
v 0.28006804 0.41376296 0.03914785
v 0.28140306 0.41569996 0.03863765
v 0.28034416 0.41505808 0.03899914
v 0.28129309 0.41498596 0.03859845
v 0.27896622 0.41317186 0.03988964
v 0.24215418 0.37686691 0.04062375
v 0.24216716 0.37685904 0.04039876
v 0.28281128 0.41629100 0.03771133
v 0.28122705 0.41594097 0.03840285
v 0.28140306 0.41569996 0.03863765
v 0.49877018 0.07691451 0.03861386
v 0.49961320 0.07719700 0.03857936
v 0.49833813 0.07721559 0.03887855
v 0.49961320 0.07719700 0.03857936
v 0.49877018 0.07691451 0.03861386
v 0.49898329 0.07676609 0.03848336
v 0.49961320 0.07719700 0.03857936
v 0.49898329 0.07676609 0.03848336
v 0.49984613 0.07616449 0.03795435
v 0.44619626 0.07230849 0.03861526
v 0.49833813 0.07721559 0.03887855
v 0.49793428 0.07736230 0.03914395
v 0.44619626 0.07230849 0.03861526
v 0.49790812 0.07737041 0.03916125
v 0.49788016 0.07737899 0.03917974
v 0.44636413 0.07128469 0.03795366
v 0.49994621 0.07598581 0.03789735
v 0.49984613 0.07616449 0.03795435
v 0.49994621 0.07598581 0.03789735
v 0.44636413 0.07128469 0.03795366
v 0.50020421 0.07552479 0.03775036
v 0.49984613 0.07616449 0.03795435
v 0.49898329 0.07676609 0.03848336
v 0.44636413 0.07128469 0.03795366
v 0.49857029 0.07758161 0.03907865
v 0.49793428 0.07736230 0.03914395
v 0.49833813 0.07721559 0.03887855
v 0.49961320 0.07719700 0.03857936
v 0.50041509 0.07643081 0.03794825
v 0.50064212 0.07653690 0.03794586
v 0.50041509 0.07643081 0.03794825
v 0.49961320 0.07719700 0.03857936
v 0.49984613 0.07616449 0.03795435
v 0.50085729 0.07599139 0.03770225
v 0.50041509 0.07643081 0.03794825
v 0.49994621 0.07598581 0.03789735
v 0.45008731 0.04256451 0.11770224
v 0.45209920 0.00573394 0.03796745
v 0.45209008 0.00645821 0.03771437
v 0.45209920 0.00573394 0.03796745
v 0.45008731 0.04256451 0.11770224
v 0.45210811 0.00507145 0.03819885
v 0.50583315 0.01076580 0.03777627
v 0.45208627 0.00672824 0.03770225
v 0.45209008 0.00645821 0.03771437
v 0.50583822 0.01079040 0.03777086
v 0.45208627 0.00672824 0.03770225
v 0.50583315 0.01076580 0.03777627
v 0.50658119 0.01055060 0.03770225
v 0.50583822 0.01079040 0.03777086
v 0.50583315 0.01076580 0.03777627
v 0.50658119 0.01055060 0.03770225
v 0.50583315 0.01076580 0.03777627
v 0.50645012 0.00997883 0.03794607
v 0.28275716 -0.41445789 0.03783107
v 0.24476717 -0.37523901 0.03770227
v 0.28266928 -0.41447112 0.03785368
v 0.28326619 -0.41521990 0.03770227
v 0.28275716 -0.41445789 0.03783107
v 0.28262407 -0.41539389 0.03797186
v 0.28326619 -0.41521990 0.03770227
v 0.28262407 -0.41539389 0.03797186
v 0.28268528 -0.41568091 0.03789246
v 0.42545921 -0.27368095 0.03770226
v 0.42507815 -0.27208987 0.03840287
v 0.42542818 -0.27367410 0.03771136
v 0.42542818 -0.27367410 0.03771136
v 0.42454907 -0.27349296 0.03797227
v 0.42435122 -0.27413204 0.03770226
v 0.42435122 -0.27413204 0.03770226
v 0.42349526 -0.27390495 0.03779188
v 0.42343608 -0.27421990 0.03772086
v 0.42349526 -0.27390495 0.03779188
v 0.42435122 -0.27413204 0.03770226
v 0.42358926 -0.27340713 0.03790397
v 0.42349526 -0.27390495 0.03779188
v 0.38437620 -0.23562999 0.03770226
v 0.42343608 -0.27421990 0.03772086
v 0.28268528 -0.41568091 0.03789246
v 0.28140613 -0.41569996 0.03863557
v 0.28152907 -0.41624299 0.03825177
v 0.24248120 -0.37666398 0.03925398
v 0.24239317 -0.37671909 0.03962548
v 0.27920520 -0.41334590 0.03969807
v 0.27920520 -0.41334590 0.03969807
v 0.24299519 -0.37634495 0.03860618
v 0.24248120 -0.37666398 0.03925398
v 0.28086513 -0.41424301 0.03857578
v 0.24330218 -0.37615493 0.03821936
v 0.24299519 -0.37634495 0.03860618
v 0.24389915 -0.37578106 0.03794268
v 0.24215317 -0.37686690 0.11770226
v 0.24330218 -0.37615493 0.03821936
v 0.28262407 -0.41539389 0.03797186
v 0.28129616 -0.41498697 0.03859678
v 0.28140613 -0.41569996 0.03863557
v 0.28129616 -0.41498697 0.03859678
v 0.28110310 -0.41434589 0.03843107
v 0.28102207 -0.41432810 0.03846938
v 0.28102207 -0.41432810 0.03846938
v 0.28086513 -0.41424301 0.03857578
v 0.28013614 -0.41461587 0.03937417
v 0.28086513 -0.41424301 0.03857578
v 0.24299519 -0.37634495 0.03860618
v 0.28003910 -0.41379696 0.03913376
v 0.28266928 -0.41447112 0.03785368
v 0.24476717 -0.37523901 0.03770227
v 0.28256616 -0.41448304 0.03788177
v 0.28256616 -0.41448304 0.03788177
v 0.24432518 -0.37551588 0.03774578
v 0.24389915 -0.37578106 0.03794268
v 0.38492128 -0.23475800 0.03795817
v 0.42358926 -0.27340713 0.03790397
v 0.42363217 -0.27318409 0.03795436
v 0.42358926 -0.27340713 0.03790397
v 0.38492128 -0.23475800 0.03795817
v 0.42349526 -0.27390495 0.03779188
v 0.38492128 -0.23475800 0.03795817
v 0.42350617 -0.27206296 0.03838616
v 0.42346326 -0.27198192 0.03844087
v 0.38515726 -0.23438099 0.03806897
v 0.42346326 -0.27198192 0.03844087
v 0.42333525 -0.27174291 0.03860127
v 0.42412314 -0.27215591 0.03859848
v 0.42290014 -0.27093086 0.03914788
v 0.42333525 -0.27174291 0.03860127
v 0.38584712 -0.23326999 0.03963716
v 0.38599622 -0.23302998 0.04039878
v 0.38600409 -0.23301700 0.04062377
v 0.42483714 -0.27226588 0.03863767
v 0.42412314 -0.27215591 0.03859848
v 0.42454907 -0.27349296 0.03797227
v 0.42542818 -0.27367410 0.03771136
v 0.42483714 -0.27226588 0.03863767
v 0.42454907 -0.27349296 0.03797227
v 0.50645012 0.00997883 0.03794607
v 0.50622302 0.01003990 0.03794825
v 0.50557226 0.00915225 0.03857335
v 0.50557226 0.00915225 0.03857335
v 0.50488418 0.00944725 0.03847447
v 0.50470817 0.00926630 0.03859895
v 0.50470817 0.00926630 0.03859895
v 0.50443918 0.00898849 0.03879006
v 0.50469899 0.00849817 0.03936116
v 0.45211217 0.00468897 0.03860876
v 0.50402313 0.00873506 0.03908635
v 0.50443918 0.00898849 0.03879006
v 0.45211217 0.00468897 0.03860876
v 0.50391519 0.00867788 0.03916296
v 0.50396830 0.00870566 0.03912506
v 0.45211217 0.00468897 0.03860876
v 0.45211828 0.00411112 0.03922806
v 0.50328910 0.00841262 0.03961046
v 0.45211828 0.00411112 0.03922806
v 0.45211929 0.00399958 0.03962707
v 0.50328910 0.00841262 0.03961046
v 0.45211929 0.00399958 0.03962707
v 0.45211828 0.00411112 0.03922806
v 0.45211217 0.00468897 0.03860876
v 0.45211217 0.00468897 0.03860876
v 0.45210811 0.00507145 0.03819885
v 0.45008731 0.04256451 0.11770224
v 0.42360830 0.27353209 0.03785366
v 0.42359507 0.27361998 0.03783105
v 0.38437620 0.23562999 0.03770225
v 0.42453107 0.27348688 0.03797184
v 0.42435709 0.27412900 0.03770225
v 0.42359507 0.27361998 0.03783105
v 0.42481810 0.27354810 0.03789244
v 0.42435709 0.27412900 0.03770225
v 0.42453107 0.27348688 0.03797184
v 0.28281814 0.41632202 0.03770224
v 0.28122705 0.41594097 0.03840285
v 0.28281128 0.41629100 0.03771133
v 0.28326923 0.41521403 0.03770224
v 0.28281128 0.41629100 0.03771133
v 0.28263015 0.41541189 0.03797224
v 0.28304213 0.41435808 0.03779185
v 0.28326923 0.41521403 0.03770224
v 0.28254431 0.41445208 0.03790394
v 0.28326923 0.41521403 0.03770224
v 0.28304213 0.41435808 0.03779185
v 0.28335708 0.41429889 0.03772083
v 0.28335708 0.41429889 0.03772083
v 0.28304213 0.41435808 0.03779185
v 0.24476717 0.37523902 0.03770224
v 0.42538017 0.27239189 0.03825175
v 0.42481810 0.27354810 0.03789244
v 0.42483714 0.27226895 0.03863554
v 0.42412415 0.27215898 0.03859675
v 0.42348307 0.27196592 0.03843105
v 0.42346528 0.27188489 0.03846935
v 0.42375305 0.27099896 0.03937415
v 0.42346528 0.27188489 0.03846935
v 0.42338020 0.27172795 0.03857576
v 0.42338020 0.27172795 0.03857576
v 0.38548213 0.23385801 0.03860616
v 0.42293414 0.27090192 0.03913374
v 0.42248309 0.27006802 0.03969805
v 0.38548213 0.23385801 0.03860616
v 0.38580117 0.23334402 0.03925396
v 0.38585627 0.23325598 0.03962546
v 0.42248309 0.27006802 0.03969805
v 0.38580117 0.23334402 0.03925396
v 0.42338020 0.27172795 0.03857576
v 0.38529211 0.23416500 0.03821934
v 0.38548213 0.23385801 0.03860616
v 0.38600409 0.23301599 0.11770224
v 0.38529211 0.23416500 0.03821934
v 0.38491824 0.23476197 0.03794266
v 0.42483714 0.27226895 0.03863554
v 0.42453107 0.27348688 0.03797184
v 0.42412415 0.27215898 0.03859675
v 0.42362022 0.27342898 0.03788175
v 0.42360830 0.27353209 0.03785366
v 0.38437620 0.23562999 0.03770225
v 0.42362022 0.27342898 0.03788175
v 0.38465306 0.23518799 0.03774575
v 0.38491824 0.23476197 0.03794266
v 0.24389519 0.37578410 0.03795815
v 0.28254431 0.41445208 0.03790394
v 0.28232127 0.41449499 0.03795433
v 0.28254431 0.41445208 0.03790394
v 0.24389519 0.37578410 0.03795815
v 0.28304213 0.41435808 0.03779185
v 0.24389519 0.37578410 0.03795815
v 0.28120014 0.41436899 0.03838613
v 0.28111911 0.41432607 0.03844085
v 0.24351817 0.37602008 0.03806894
v 0.28111911 0.41432607 0.03844085
v 0.28088009 0.41419807 0.03860125
v 0.28129309 0.41498596 0.03859845
v 0.28006804 0.41376296 0.03914785
v 0.28088009 0.41419807 0.03860125
v 0.24240717 0.37670994 0.03963714
v 0.24216716 0.37685904 0.04039876
v 0.24215418 0.37686691 0.04062375
v 0.28263015 0.41541189 0.03797224
v 0.28140306 0.41569996 0.03863765
v 0.28129309 0.41498596 0.03859845
v 0.28281128 0.41629100 0.03771133
v 0.28140306 0.41569996 0.03863765
v 0.28263015 0.41541189 0.03797224
v 0.44619626 0.07230849 0.03861526
v 0.49793428 0.07736230 0.03914395
v 0.49790812 0.07737041 0.03916125
v 0.50041509 0.07643081 0.03794825
v 0.49984613 0.07616449 0.03795435
v 0.49994621 0.07598581 0.03789735
v 0.50470817 0.00926630 0.03859895
v 0.45209920 0.00573394 0.03796745
v 0.45210811 0.00507145 0.03819885
v 0.50570005 0.01039550 0.03788897
v 0.45209008 0.00645821 0.03771437
v 0.45209920 0.00573394 0.03796745
v 0.50583315 0.01076580 0.03777627
v 0.45209008 0.00645821 0.03771437
v 0.50570005 0.01039550 0.03788897
v 0.50645012 0.00997883 0.03794607
v 0.50583315 0.01076580 0.03777627
v 0.50570005 0.01039550 0.03788897
v 0.28275716 -0.41445789 0.03783107
v 0.28266928 -0.41447112 0.03785368
v 0.28262407 -0.41539389 0.03797186
v 0.28268528 -0.41568091 0.03789246
v 0.28262407 -0.41539389 0.03797186
v 0.28140613 -0.41569996 0.03863557
v 0.42454907 -0.27349296 0.03797227
v 0.42421508 -0.27337995 0.03796576
v 0.42435122 -0.27413204 0.03770226
v 0.42435122 -0.27413204 0.03770226
v 0.42421508 -0.27337995 0.03796576
v 0.42358926 -0.27340713 0.03790397
v 0.28086513 -0.41424301 0.03857578
v 0.24389915 -0.37578106 0.03794268
v 0.24330218 -0.37615493 0.03821936
v 0.28262407 -0.41539389 0.03797186
v 0.28232127 -0.41449499 0.03795436
v 0.28129616 -0.41498697 0.03859678
v 0.28129616 -0.41498697 0.03859678
v 0.28118414 -0.41436490 0.03839348
v 0.28110310 -0.41434589 0.03843107
v 0.24389915 -0.37578106 0.03794268
v 0.28110310 -0.41434589 0.03843107
v 0.28118414 -0.41436490 0.03839348
v 0.28110310 -0.41434589 0.03843107
v 0.24389915 -0.37578106 0.03794268
v 0.28102207 -0.41432810 0.03846938
v 0.28102207 -0.41432810 0.03846938
v 0.24389915 -0.37578106 0.03794268
v 0.28086513 -0.41424301 0.03857578
v 0.28266928 -0.41447112 0.03785368
v 0.28256616 -0.41448304 0.03788177
v 0.28262407 -0.41539389 0.03797186
v 0.28256616 -0.41448304 0.03788177
v 0.24389915 -0.37578106 0.03794268
v 0.28232127 -0.41449499 0.03795436
v 0.42421508 -0.27337995 0.03796576
v 0.42363217 -0.27318409 0.03795436
v 0.42358926 -0.27340713 0.03790397
v 0.42363217 -0.27318409 0.03795436
v 0.42350617 -0.27206296 0.03838616
v 0.38492128 -0.23475800 0.03795817
v 0.42346326 -0.27198192 0.03844087
v 0.42412314 -0.27215591 0.03859848
v 0.42333525 -0.27174291 0.03860127
v 0.42412314 -0.27215591 0.03859848
v 0.42346326 -0.27198192 0.03844087
v 0.42350617 -0.27206296 0.03838616
v 0.42454907 -0.27349296 0.03797227
v 0.42412314 -0.27215591 0.03859848
v 0.42421508 -0.27337995 0.03796576
v 0.50622302 0.01003990 0.03794825
v 0.50488418 0.00944725 0.03847447
v 0.50557226 0.00915225 0.03857335
v 0.50645012 0.00997883 0.03794607
v 0.50570005 0.01039550 0.03788897
v 0.50622302 0.01003990 0.03794825
v 0.50470817 0.00926630 0.03859895
v 0.50561720 0.01020330 0.03795435
v 0.45209920 0.00573394 0.03796745
v 0.50561720 0.01020330 0.03795435
v 0.50470817 0.00926630 0.03859895
v 0.50488418 0.00944725 0.03847447
v 0.50470817 0.00926630 0.03859895
v 0.45211217 0.00468897 0.03860876
v 0.50443918 0.00898849 0.03879006
v 0.45211217 0.00468897 0.03860876
v 0.50396830 0.00870566 0.03912506
v 0.50402313 0.00873506 0.03908635
v 0.45210811 0.00507145 0.03819885
v 0.45211217 0.00468897 0.03860876
v 0.50470817 0.00926630 0.03859895
v 0.42453107 0.27348688 0.03797184
v 0.42359507 0.27361998 0.03783105
v 0.42360830 0.27353209 0.03785366
v 0.42483714 0.27226895 0.03863554
v 0.42481810 0.27354810 0.03789244
v 0.42453107 0.27348688 0.03797184
v 0.28326923 0.41521403 0.03770224
v 0.28263015 0.41541189 0.03797224
v 0.28254431 0.41445208 0.03790394
v 0.42412415 0.27215898 0.03859675
v 0.42350209 0.27204695 0.03839345
v 0.42348307 0.27196592 0.03843105
v 0.38491824 0.23476197 0.03794266
v 0.42348307 0.27196592 0.03843105
v 0.42350209 0.27204695 0.03839345
v 0.42348307 0.27196592 0.03843105
v 0.38491824 0.23476197 0.03794266
v 0.42346528 0.27188489 0.03846935
v 0.38491824 0.23476197 0.03794266
v 0.42338020 0.27172795 0.03857576
v 0.42346528 0.27188489 0.03846935
v 0.42338020 0.27172795 0.03857576
v 0.38491824 0.23476197 0.03794266
v 0.38529211 0.23416500 0.03821934
v 0.42453107 0.27348688 0.03797184
v 0.42363217 0.27318409 0.03795434
v 0.42412415 0.27215898 0.03859675
v 0.42453107 0.27348688 0.03797184
v 0.42360830 0.27353209 0.03785366
v 0.42362022 0.27342898 0.03788175
v 0.42363217 0.27318409 0.03795434
v 0.42362022 0.27342898 0.03788175
v 0.38491824 0.23476197 0.03794266
v 0.28254431 0.41445208 0.03790394
v 0.28251714 0.41507790 0.03796574
v 0.28232127 0.41449499 0.03795433
v 0.28251714 0.41507790 0.03796574
v 0.28254431 0.41445208 0.03790394
v 0.28263015 0.41541189 0.03797224
v 0.28232127 0.41449499 0.03795433
v 0.28120014 0.41436899 0.03838613
v 0.24389519 0.37578410 0.03795815
v 0.28111911 0.41432607 0.03844085
v 0.28129309 0.41498596 0.03859845
v 0.28088009 0.41419807 0.03860125
v 0.28129309 0.41498596 0.03859845
v 0.28111911 0.41432607 0.03844085
v 0.28120014 0.41436899 0.03838613
v 0.28263015 0.41541189 0.03797224
v 0.28129309 0.41498596 0.03859845
v 0.28251714 0.41507790 0.03796574
v 0.50570005 0.01039550 0.03788897
v 0.45209920 0.00573394 0.03796745
v 0.50565612 0.01027380 0.03792606
v 0.28262407 -0.41539389 0.03797186
v 0.28256616 -0.41448304 0.03788177
v 0.28232127 -0.41449499 0.03795436
v 0.28232127 -0.41449499 0.03795436
v 0.28118414 -0.41436490 0.03839348
v 0.28129616 -0.41498697 0.03859678
v 0.28232127 -0.41449499 0.03795436
v 0.24389915 -0.37578106 0.03794268
v 0.28118414 -0.41436490 0.03839348
v 0.42421508 -0.27337995 0.03796576
v 0.42350617 -0.27206296 0.03838616
v 0.42363217 -0.27318409 0.03795436
v 0.42421508 -0.27337995 0.03796576
v 0.42412314 -0.27215591 0.03859848
v 0.42350617 -0.27206296 0.03838616
v 0.50622302 0.01003990 0.03794825
v 0.50561720 0.01020330 0.03795435
v 0.50488418 0.00944725 0.03847447
v 0.50622302 0.01003990 0.03794825
v 0.50570005 0.01039550 0.03788897
v 0.50565612 0.01027380 0.03792606
v 0.50565612 0.01027380 0.03792606
v 0.45209920 0.00573394 0.03796745
v 0.50561720 0.01020330 0.03795435
v 0.42412415 0.27215898 0.03859675
v 0.42363217 0.27318409 0.03795434
v 0.42350209 0.27204695 0.03839345
v 0.42363217 0.27318409 0.03795434
v 0.38491824 0.23476197 0.03794266
v 0.42350209 0.27204695 0.03839345
v 0.42453107 0.27348688 0.03797184
v 0.42362022 0.27342898 0.03788175
v 0.42363217 0.27318409 0.03795434
v 0.28251714 0.41507790 0.03796574
v 0.28120014 0.41436899 0.03838613
v 0.28232127 0.41449499 0.03795433
v 0.28251714 0.41507790 0.03796574
v 0.28129309 0.41498596 0.03859845
v 0.28120014 0.41436899 0.03838613
v 0.50622302 0.01003990 0.03794825
v 0.50565612 0.01027380 0.03792606
v 0.50561720 0.01020330 0.03795435
v 0.46911517 0.03677490 0.00570226
v 0.47036129 0.04833790 0.00570226
v 0.46850023 0.04357509 0.00570226
v 0.47036129 0.04833790 0.00570226
v 0.46911517 0.03677490 0.00570226
v 0.47049415 0.03458050 0.00570226
v 0.47036129 0.04833790 0.00570226
v 0.47049415 0.03458050 0.00570226
v 0.47069022 0.04917811 0.00570226
v 0.47069022 0.04917811 0.00570226
v 0.47049415 0.03458050 0.00570226
v 0.47243011 0.03149950 0.00570226
v 0.47069022 0.04917811 0.00570226
v 0.47243011 0.03149950 0.00570226
v 0.47539127 0.05345519 0.00570226
v 0.47539127 0.05345519 0.00570226
v 0.47243011 0.03149950 0.00570226
v 0.47553909 0.02962219 0.00570226
v 0.47539127 0.05345519 0.00570226
v 0.47553909 0.02962219 0.00570226
v 0.47568414 0.05372170 0.00570226
v 0.47568414 0.05372170 0.00570226
v 0.47553909 0.02962219 0.00570226
v 0.47818020 0.02802780 0.00570226
v 0.47568414 0.05372170 0.00570226
v 0.47818020 0.02802780 0.00570226
v 0.48232928 0.05539899 0.00570226
v 0.48232928 0.05539899 0.00570226
v 0.47818020 0.02802780 0.00570226
v 0.48235214 0.02776939 0.00570226
v 0.48232928 0.05539899 0.00570226
v 0.48235214 0.02776939 0.00570226
v 0.48419923 0.05527360 0.00570226
v 0.48419923 0.05527360 0.00570226
v 0.48235214 0.02776939 0.00570226
v 0.48479614 0.02761800 0.00570226
v 0.48419923 0.05527360 0.00570226
v 0.48479614 0.02761800 0.00570226
v 0.48925817 0.05333639 0.00570226
v 0.48925817 0.05333639 0.00570226
v 0.48479614 0.02761800 0.00570226
v 0.48918626 0.02959410 0.00570226
v 0.48925817 0.05333639 0.00570226
v 0.48918626 0.02959410 0.00570226
v 0.49101228 0.03041639 0.00570226
v 0.48925817 0.05333639 0.00570226
v 0.49101228 0.03041639 0.00570226
v 0.49020529 0.05297350 0.00570226
v 0.49020529 0.05297350 0.00570226
v 0.49101228 0.03041639 0.00570226
v 0.49436507 0.04831920 0.00570226
v 0.49436507 0.04831920 0.00570226
v 0.49101228 0.03041639 0.00570226
v 0.49436125 0.03447529 0.00570226
v 0.49436507 0.04831920 0.00570226
v 0.49436125 0.03447529 0.00570226
v 0.49476132 0.03495919 0.00570226
v 0.49436507 0.04831920 0.00570226
v 0.49476132 0.03495919 0.00570226
v 0.49471408 0.04792830 0.00570226
v 0.49471408 0.04792830 0.00570226
v 0.49476132 0.03495919 0.00570226
v 0.49630028 0.04139169 0.00570226
v 0.49630028 0.04139169 0.00570226
v 0.49476132 0.03495919 0.00570226
v 0.49632925 0.04127129 0.00570226
v 0.47049415 0.03458050 0.00570226
v 0.46911517 0.03677490 0.00570226
v 0.46989927 0.03495870 0.03770225
v 0.47243011 0.03149950 0.00570226
v 0.47049415 0.03458050 0.00570226
v 0.47029802 0.03447519 0.03770225
v 0.47243011 0.03149950 0.00570226
v 0.47364628 0.03041701 0.03770225
v 0.47553909 0.02962219 0.00570226
v 0.47553909 0.02962219 0.00570226
v 0.47547328 0.02959420 0.03770225
v 0.47818020 0.02802780 0.00570226
v 0.47818020 0.02802780 0.00570226
v 0.47986117 0.02761821 0.03770225
v 0.48235214 0.02776939 0.00570226
v 0.48235214 0.02776939 0.00570226
v 0.48230720 0.02776959 0.03770225
v 0.48479614 0.02761800 0.00570226
v 0.48479614 0.02761800 0.00570226
v 0.48647910 0.02802801 0.03770225
v 0.48918626 0.02959410 0.00570226
v 0.48918626 0.02959410 0.00570226
v 0.48912024 0.02962219 0.03770225
v 0.49101228 0.03041639 0.00570226
v 0.49101228 0.03041639 0.00570226
v 0.49222916 0.03149950 0.03770225
v 0.49436125 0.03447529 0.00570226
v 0.49436125 0.03447529 0.00570226
v 0.49419919 0.03456269 0.03770225
v 0.49476132 0.03495919 0.00570226
v 0.49419919 0.03456269 0.03770225
v 0.49632925 0.04127129 0.00570226
v 0.49476132 0.03495919 0.00570226
v 0.49544328 0.03649619 0.03770225
v 0.49630028 0.04139169 0.00570226
v 0.49632925 0.04127129 0.00570226
v 0.49630028 0.04139169 0.00570226
v 0.49620226 0.04328398 0.03770225
v 0.49471408 0.04792830 0.00570226
v 0.49471408 0.04792830 0.00570226
v 0.49425229 0.04832070 0.03770225
v 0.49436507 0.04831920 0.00570226
v 0.49436507 0.04831920 0.00570226
v 0.49385425 0.04934839 0.03770225
v 0.49020529 0.05297350 0.00570226
v 0.49020529 0.05297350 0.00570226
v 0.48923704 0.05341810 0.03770225
v 0.48925817 0.05333639 0.00570226
v 0.48925817 0.05333639 0.00570226
v 0.48876920 0.05383009 0.03770225
v 0.48419923 0.05527360 0.00570226
v 0.48419923 0.05527360 0.00570226
v 0.48232928 0.05539899 0.03770225
v 0.48232928 0.05539899 0.00570226
v 0.48232928 0.05539899 0.00570226
v 0.48045626 0.05527319 0.03770225
v 0.47568414 0.05372170 0.00570226
v 0.47568414 0.05372170 0.00570226
v 0.47540116 0.05333669 0.03770225
v 0.47539127 0.05345519 0.00570226
v 0.47539127 0.05345519 0.00570226
v 0.47445428 0.05297418 0.03770225
v 0.47069022 0.04917811 0.00570226
v 0.47029427 0.04831930 0.03770225
v 0.47036129 0.04833790 0.00570226
v 0.47069022 0.04917811 0.00570226
v 0.46850023 0.04357509 0.00570226
v 0.47036129 0.04833790 0.00570226
v 0.46994627 0.04792919 0.03770225
v 0.46911517 0.03677490 0.00570226
v 0.46850023 0.04357509 0.00570226
v 0.46835929 0.04139179 0.03770225
v 0.46989927 0.03495870 0.03770225
v 0.46911517 0.03677490 0.00570226
v 0.46833009 0.04127279 0.03770225
v 0.47029802 0.03447519 0.03770225
v 0.47049415 0.03458050 0.00570226
v 0.46989927 0.03495870 0.03770225
v 0.47364628 0.03041701 0.03770225
v 0.47243011 0.03149950 0.00570226
v 0.47029802 0.03447519 0.03770225
v 0.47553909 0.02962219 0.00570226
v 0.47364628 0.03041701 0.03770225
v 0.47547328 0.02959420 0.03770225
v 0.47818020 0.02802780 0.00570226
v 0.47547328 0.02959420 0.03770225
v 0.47986117 0.02761821 0.03770225
v 0.48235214 0.02776939 0.00570226
v 0.47986117 0.02761821 0.03770225
v 0.48230720 0.02776959 0.03770225
v 0.48479614 0.02761800 0.00570226
v 0.48230720 0.02776959 0.03770225
v 0.48647910 0.02802801 0.03770225
v 0.48918626 0.02959410 0.00570226
v 0.48647910 0.02802801 0.03770225
v 0.48912024 0.02962219 0.03770225
v 0.49101228 0.03041639 0.00570226
v 0.48912024 0.02962219 0.03770225
v 0.49222916 0.03149950 0.03770225
v 0.49222916 0.03149950 0.03770225
v 0.49419919 0.03456269 0.03770225
v 0.49436125 0.03447529 0.00570226
v 0.49419919 0.03456269 0.03770225
v 0.49544328 0.03649619 0.03770225
v 0.49632925 0.04127129 0.00570226
v 0.49544328 0.03649619 0.03770225
v 0.49620226 0.04328398 0.03770225
v 0.49630028 0.04139169 0.00570226
v 0.49620226 0.04328398 0.03770225
v 0.49425229 0.04832070 0.03770225
v 0.49471408 0.04792830 0.00570226
v 0.49436507 0.04831920 0.00570226
v 0.49425229 0.04832070 0.03770225
v 0.49385425 0.04934839 0.03770225
v 0.49020529 0.05297350 0.00570226
v 0.49385425 0.04934839 0.03770225
v 0.48923704 0.05341810 0.03770225
v 0.48925817 0.05333639 0.00570226
v 0.48923704 0.05341810 0.03770225
v 0.48876920 0.05383009 0.03770225
v 0.48419923 0.05527360 0.00570226
v 0.48876920 0.05383009 0.03770225
v 0.48232928 0.05539899 0.03770225
v 0.48232928 0.05539899 0.00570226
v 0.48232928 0.05539899 0.03770225
v 0.48045626 0.05527319 0.03770225
v 0.47568414 0.05372170 0.00570226
v 0.48045626 0.05527319 0.03770225
v 0.47540116 0.05333669 0.03770225
v 0.47539127 0.05345519 0.00570226
v 0.47540116 0.05333669 0.03770225
v 0.47445428 0.05297418 0.03770225
v 0.47029427 0.04831930 0.03770225
v 0.47069022 0.04917811 0.00570226
v 0.47445428 0.05297418 0.03770225
v 0.46994627 0.04792919 0.03770225
v 0.47036129 0.04833790 0.00570226
v 0.47029427 0.04831930 0.03770225
v 0.46835929 0.04139179 0.03770225
v 0.46850023 0.04357509 0.00570226
v 0.46994627 0.04792919 0.03770225
v 0.46911517 0.03677490 0.00570226
v 0.46835929 0.04139179 0.03770225
v 0.46833009 0.04127279 0.03770225
v -0.26501772 0.36757714 0.03770224
v -0.26377386 0.36951006 0.03770224
v -0.26288792 0.37428704 -0.00229775
v -0.26501772 0.36757714 0.03770224
v -0.26288792 0.37428704 -0.00229775
v -0.26445687 0.36797309 -0.00229775
v -0.26377386 0.36951006 0.03770224
v -0.26291686 0.37440589 -0.00229775
v -0.26288792 0.37428704 -0.00229775
v -0.26485592 0.36748898 -0.00229775
v -0.26501772 0.36757714 0.03770224
v -0.26445687 0.36797309 -0.00229775
v -0.26377386 0.36951006 0.03770224
v -0.26301491 0.37629795 0.03770224
v -0.26291686 0.37440589 -0.00229775
v -0.26698774 0.36451388 0.03770224
v -0.26501772 0.36757714 0.03770224
v -0.26485592 0.36748898 -0.00229775
v -0.26291686 0.37440589 -0.00229775
v -0.26301491 0.37629795 0.03770224
v -0.26450387 0.38094309 -0.00229776
v -0.26820388 0.36343107 -0.00229775
v -0.26698774 0.36451388 0.03770224
v -0.26485592 0.36748898 -0.00229775
v -0.26301491 0.37629795 0.03770224
v -0.26496589 0.38133502 0.03770224
v -0.26450387 0.38094309 -0.00229776
v -0.26820388 0.36343107 -0.00229775
v -0.27009770 0.36263606 0.03770224
v -0.26698774 0.36451388 0.03770224
v -0.26450387 0.38094309 -0.00229776
v -0.26496589 0.38133502 0.03770224
v -0.26485187 0.38133299 -0.00229776
v -0.26820388 0.36343107 -0.00229775
v -0.27003193 0.36260810 -0.00229775
v -0.27009770 0.36263606 0.03770224
v -0.26485187 0.38133299 -0.00229776
v -0.26496589 0.38133502 0.03770224
v -0.26536289 0.38236195 0.03770224
v -0.27003193 0.36260810 -0.00229775
v -0.27273777 0.36104193 0.03770224
v -0.27009770 0.36263606 0.03770224
v -0.26485187 0.38133299 -0.00229776
v -0.26536289 0.38236195 0.03770224
v -0.26901290 0.38598803 -0.00229776
v -0.27003193 0.36260810 -0.00229775
v -0.27441978 0.36063197 -0.00229775
v -0.27273777 0.36104193 0.03770224
v -0.26901290 0.38598803 -0.00229776
v -0.26536289 0.38236195 0.03770224
v -0.26997986 0.38643202 0.03770224
v -0.27441978 0.36063197 -0.00229775
v -0.27691075 0.36078388 0.03770224
v -0.27273777 0.36104193 0.03770224
v -0.26995879 0.38635102 -0.00229776
v -0.26901290 0.38598803 -0.00229776
v -0.26997986 0.38643202 0.03770224
v -0.27686480 0.36078387 -0.00229775
v -0.27691075 0.36078388 0.03770224
v -0.27441978 0.36063197 -0.00229775
v -0.26995879 0.38635102 -0.00229776
v -0.26997986 0.38643202 0.03770224
v -0.27044773 0.38684401 0.03770224
v -0.27686480 0.36078387 -0.00229775
v -0.27935576 0.36063197 0.03770224
v -0.27691075 0.36078388 0.03770224
v -0.27501491 0.38828701 -0.00229776
v -0.26995879 0.38635102 -0.00229776
v -0.27044773 0.38684401 0.03770224
v -0.28103670 0.36104193 -0.00229775
v -0.27935576 0.36063197 0.03770224
v -0.27686480 0.36078387 -0.00229775
v -0.27501491 0.38828701 -0.00229776
v -0.27044773 0.38684401 0.03770224
v -0.27688789 0.38841298 0.03770224
v -0.28103670 0.36104193 -0.00229775
v -0.28374386 0.36260811 0.03770224
v -0.27935576 0.36063197 0.03770224
v -0.27688789 0.38841298 -0.00229776
v -0.27501491 0.38828701 -0.00229776
v -0.27688789 0.38841298 0.03770224
v -0.28367782 0.36263606 -0.00229775
v -0.28374386 0.36260811 0.03770224
v -0.28103670 0.36104193 -0.00229775
v -0.27688789 0.38841298 -0.00229776
v -0.27688789 0.38841298 0.03770224
v -0.27876088 0.38828701 0.03770224
v -0.28367782 0.36263606 -0.00229775
v -0.28557089 0.36343107 0.03770224
v -0.28374386 0.36260811 0.03770224
v -0.27688789 0.38841298 -0.00229776
v -0.27876088 0.38828701 0.03770224
v -0.28332782 0.38684401 -0.00229776
v -0.28678679 0.36451387 -0.00229775
v -0.28557089 0.36343107 0.03770224
v -0.28367782 0.36263606 -0.00229775
v -0.28332782 0.38684401 -0.00229776
v -0.27876088 0.38828701 0.03770224
v -0.28381574 0.38635102 0.03770224
v -0.28557089 0.36343107 0.03770224
v -0.28678679 0.36451387 -0.00229775
v -0.28891987 0.36748898 0.03770224
v -0.28332782 0.38684401 -0.00229776
v -0.28381574 0.38635102 0.03770224
v -0.28379491 0.38643202 -0.00229776
v -0.28678679 0.36451387 -0.00229775
v -0.28875783 0.36757714 -0.00229775
v -0.28891987 0.36748898 0.03770224
v -0.28379491 0.38643202 -0.00229776
v -0.28381574 0.38635102 0.03770224
v -0.28476292 0.38598803 0.03770224
v -0.28891987 0.36748898 0.03770224
v -0.28875783 0.36757714 -0.00229775
v -0.28931892 0.36797309 0.03770224
v -0.28379491 0.38643202 -0.00229776
v -0.28476292 0.38598803 0.03770224
v -0.28841189 0.38236195 -0.00229776
v -0.28875783 0.36757714 -0.00229775
v -0.29000092 0.36951005 -0.00229775
v -0.28931892 0.36797309 0.03770224
v -0.28892291 0.38133299 0.03770224
v -0.28841189 0.38236195 -0.00229776
v -0.28476292 0.38598803 0.03770224
v -0.28931892 0.36797309 0.03770224
v -0.29000092 0.36951005 -0.00229775
v -0.29088685 0.37428704 0.03770224
v -0.28892291 0.38133299 0.03770224
v -0.28880990 0.38133502 -0.00229776
v -0.28841189 0.38236195 -0.00229776
v -0.29000092 0.36951005 -0.00229775
v -0.29085791 0.37440589 0.03770224
v -0.29088685 0.37428704 0.03770224
v -0.28927192 0.38094309 0.03770224
v -0.28880990 0.38133502 -0.00229776
v -0.28892291 0.38133299 0.03770224
v -0.29000092 0.36951005 -0.00229775
v -0.29075983 0.37629795 -0.00229775
v -0.29085791 0.37440589 0.03770224
v -0.29075983 0.37629795 -0.00229775
v -0.28880990 0.38133502 -0.00229776
v -0.28927192 0.38094309 0.03770224
v -0.29085791 0.37440589 0.03770224
v -0.29075983 0.37629795 -0.00229775
v -0.28927192 0.38094309 0.03770224
v 0.30703220 0.36757714 0.03770224
v 0.30827528 0.36951006 0.03770224
v 0.30916122 0.37428704 -0.00229775
v 0.30703220 0.36757714 0.03770224
v 0.30916122 0.37428704 -0.00229775
v 0.30759329 0.36797309 -0.00229775
v 0.30827528 0.36951006 0.03770224
v 0.30913228 0.37440589 -0.00229775
v 0.30916122 0.37428704 -0.00229775
v 0.30719423 0.36748898 -0.00229775
v 0.30703220 0.36757714 0.03770224
v 0.30759329 0.36797309 -0.00229775
v 0.30827528 0.36951006 0.03770224
v 0.30903420 0.37629795 0.03770224
v 0.30913228 0.37440589 -0.00229775
v 0.30506116 0.36451388 0.03770224
v 0.30703220 0.36757714 0.03770224
v 0.30719423 0.36748898 -0.00229775
v 0.30913228 0.37440589 -0.00229775
v 0.30903420 0.37629795 0.03770224
v 0.30754629 0.38094309 -0.00229776
v 0.30384526 0.36343107 -0.00229775
v 0.30506116 0.36451388 0.03770224
v 0.30719423 0.36748898 -0.00229775
v 0.30903420 0.37629795 0.03770224
v 0.30708426 0.38133502 0.03770224
v 0.30754629 0.38094309 -0.00229776
v 0.30384526 0.36343107 -0.00229775
v 0.30195218 0.36263606 0.03770224
v 0.30506116 0.36451388 0.03770224
v 0.30754629 0.38094309 -0.00229776
v 0.30708426 0.38133502 0.03770224
v 0.30719727 0.38133299 -0.00229776
v 0.30384526 0.36343107 -0.00229775
v 0.30201823 0.36260810 -0.00229775
v 0.30195218 0.36263606 0.03770224
v 0.30719727 0.38133299 -0.00229776
v 0.30708426 0.38133502 0.03770224
v 0.30668625 0.38236195 0.03770224
v 0.30201823 0.36260810 -0.00229775
v 0.29931107 0.36104193 0.03770224
v 0.30195218 0.36263606 0.03770224
v 0.30719727 0.38133299 -0.00229776
v 0.30668625 0.38236195 0.03770224
v 0.30303729 0.38598803 -0.00229776
v 0.30201823 0.36260810 -0.00229775
v 0.29763013 0.36063197 -0.00229775
v 0.29931107 0.36104193 0.03770224
v 0.30303729 0.38598803 -0.00229776
v 0.30668625 0.38236195 0.03770224
v 0.30206928 0.38643202 0.03770224
v 0.29763013 0.36063197 -0.00229775
v 0.29513916 0.36078388 0.03770224
v 0.29931107 0.36104193 0.03770224
v 0.30209011 0.38635102 -0.00229776
v 0.30303729 0.38598803 -0.00229776
v 0.30206928 0.38643202 0.03770224
v 0.29518512 0.36078387 -0.00229775
v 0.29513916 0.36078388 0.03770224
v 0.29763013 0.36063197 -0.00229775
v 0.30209011 0.38635102 -0.00229776
v 0.30206928 0.38643202 0.03770224
v 0.30160218 0.38684401 0.03770224
v 0.29518512 0.36078387 -0.00229775
v 0.29269415 0.36063197 0.03770224
v 0.29513916 0.36078388 0.03770224
v 0.29703525 0.38828701 -0.00229776
v 0.30209011 0.38635102 -0.00229776
v 0.30160218 0.38684401 0.03770224
v 0.29101214 0.36104193 -0.00229775
v 0.29269415 0.36063197 0.03770224
v 0.29518512 0.36078387 -0.00229775
v 0.29703525 0.38828701 -0.00229776
v 0.30160218 0.38684401 0.03770224
v 0.29516226 0.38841298 0.03770224
v 0.29101214 0.36104193 -0.00229775
v 0.28830630 0.36260811 0.03770224
v 0.29269415 0.36063197 0.03770224
v 0.29516226 0.38841298 -0.00229776
v 0.29703525 0.38828701 -0.00229776
v 0.29516226 0.38841298 0.03770224
v 0.28837207 0.36263606 -0.00229775
v 0.28830630 0.36260811 0.03770224
v 0.29101214 0.36104193 -0.00229775
v 0.29516226 0.38841298 -0.00229776
v 0.29516226 0.38841298 0.03770224
v 0.29328927 0.38828701 0.03770224
v 0.28837207 0.36263606 -0.00229775
v 0.28647825 0.36343107 0.03770224
v 0.28830630 0.36260811 0.03770224
v 0.29516226 0.38841298 -0.00229776
v 0.29328927 0.38828701 0.03770224
v 0.28872210 0.38684401 -0.00229776
v 0.28526211 0.36451387 -0.00229775
v 0.28647825 0.36343107 0.03770224
v 0.28837207 0.36263606 -0.00229775
v 0.28872210 0.38684401 -0.00229776
v 0.29328927 0.38828701 0.03770224
v 0.28823316 0.38635102 0.03770224
v 0.28647825 0.36343107 0.03770224
v 0.28526211 0.36451387 -0.00229775
v 0.28313029 0.36748898 0.03770224
v 0.28872210 0.38684401 -0.00229776
v 0.28823316 0.38635102 0.03770224
v 0.28825423 0.38643202 -0.00229776
v 0.28526211 0.36451387 -0.00229775
v 0.28329208 0.36757714 -0.00229775
v 0.28313029 0.36748898 0.03770224
v 0.28825423 0.38643202 -0.00229776
v 0.28823316 0.38635102 0.03770224
v 0.28728727 0.38598803 0.03770224
v 0.28313029 0.36748898 0.03770224
v 0.28329208 0.36757714 -0.00229775
v 0.28273124 0.36797309 0.03770224
v 0.28825423 0.38643202 -0.00229776
v 0.28728727 0.38598803 0.03770224
v 0.28363726 0.38236195 -0.00229776
v 0.28329208 0.36757714 -0.00229775
v 0.28204823 0.36951005 -0.00229775
v 0.28273124 0.36797309 0.03770224
v 0.28312624 0.38133299 0.03770224
v 0.28363726 0.38236195 -0.00229776
v 0.28728727 0.38598803 0.03770224
v 0.28273124 0.36797309 0.03770224
v 0.28204823 0.36951005 -0.00229775
v 0.28116229 0.37428704 0.03770224
v 0.28312624 0.38133299 0.03770224
v 0.28324026 0.38133502 -0.00229776
v 0.28363726 0.38236195 -0.00229776
v 0.28204823 0.36951005 -0.00229775
v 0.28119123 0.37440589 0.03770224
v 0.28116229 0.37428704 0.03770224
v 0.28277823 0.38094309 0.03770224
v 0.28324026 0.38133502 -0.00229776
v 0.28312624 0.38133299 0.03770224
v 0.28204823 0.36951005 -0.00229775
v 0.28128928 0.37629795 -0.00229775
v 0.28119123 0.37440589 0.03770224
v 0.28128928 0.37629795 -0.00229775
v 0.28324026 0.38133502 -0.00229776
v 0.28277823 0.38094309 0.03770224
v 0.28119123 0.37440589 0.03770224
v 0.28128928 0.37629795 -0.00229775
v 0.28277823 0.38094309 0.03770224
usemtl material_C0C0C0
f 1 2 3
f 4 5 6
f 7 8 9
f 10 11 12
f 13 14 15
f 16 17 18
f 19 20 21
f 22 23 24
f 25 26 27
f 28 29 30
f 31 32 33
f 34 35 36
f 37 38 39
f 40 41 42
f 43 44 45
f 46 47 48
f 49 50 51
f 52 53 54
f 55 56 57
f 58 59 60
f 61 62 63
f 64 65 66
f 67 68 69
f 70 71 72
f 73 74 75
f 76 77 78
f 79 80 81
f 82 83 84
f 85 86 87
f 88 89 90
f 91 92 93
f 94 95 96
f 97 98 99
f 100 101 102
f 103 104 105
f 106 107 108
f 109 110 111
f 112 113 114
f 115 116 117
f 118 119 120
f 121 122 123
f 124 125 126
f 127 128 129
f 130 131 132
f 133 134 135
f 136 137 138
f 139 140 141
f 142 143 144
f 145 146 147
f 148 149 150
f 151 152 153
f 154 155 156
f 157 158 159
f 160 161 162
f 163 164 165
f 166 167 168
f 169 170 171
f 172 173 174
f 175 176 177
f 178 179 180
f 181 182 183
f 184 185 186
f 187 188 189
f 190 191 192
f 193 194 195
f 196 197 198
f 199 200 201
f 202 203 204
f 205 206 207
f 208 209 210
f 211 212 213
f 214 215 216
f 217 218 219
f 220 221 222
f 223 224 225
f 226 227 228
f 229 230 231
f 232 233 234
f 235 236 237
f 238 239 240
f 241 242 243
f 244 245 246
f 247 248 249
f 250 251 252
f 253 254 255
f 256 257 258
f 259 260 261
f 262 263 264
f 265 266 267
f 268 269 270
f 271 272 273
f 274 275 276
f 277 278 279
f 280 281 282
f 283 284 285
f 286 287 288
f 289 290 291
f 292 293 294
f 295 296 297
f 298 299 300
f 301 302 303
f 304 305 306
f 307 308 309
f 310 311 312
f 313 314 315
f 316 317 318
f 319 320 321
f 322 323 324
f 325 326 327
f 328 329 330
f 331 332 333
f 334 335 336
f 337 338 339
f 340 341 342
f 343 344 345
f 346 347 348
f 349 350 351
f 352 353 354
f 355 356 357
f 358 359 360
f 361 362 363
f 364 365 366
f 367 368 369
f 370 371 372
f 373 374 375
f 376 377 378
f 379 380 381
f 382 383 384
f 385 386 387
f 388 389 390
f 391 392 393
f 394 395 396
f 397 398 399
f 400 401 402
f 403 404 405
f 406 407 408
f 409 410 411
f 412 413 414
f 415 416 417
f 418 419 420
f 421 422 423
f 424 425 426
f 427 428 429
f 430 431 432
f 433 434 435
f 436 437 438
f 439 440 441
f 442 443 444
f 445 446 447
f 448 449 450
f 451 452 453
f 454 455 456
f 457 458 459
f 460 461 462
f 463 464 465
f 466 467 468
f 469 470 471
f 472 473 474
f 475 476 477
f 478 479 480
f 481 482 483
f 484 485 486
f 487 488 489
f 490 491 492
f 493 494 495
f 496 497 498
f 499 500 501
f 502 503 504
f 505 506 507
f 508 509 510
f 511 512 513
f 514 515 516
f 517 518 519
f 520 521 522
f 523 524 525
f 526 527 528
f 529 530 531
f 532 533 534
f 535 536 537
f 538 539 540
f 541 542 543
f 544 545 546
f 547 548 549
f 550 551 552
f 553 554 555
f 556 557 558
f 559 560 561
f 562 563 564
f 565 566 567
f 568 569 570
f 571 572 573
f 574 575 576
f 577 578 579
f 580 581 582
f 583 584 585
f 586 587 588
f 589 590 591
f 592 593 594
f 595 596 597
f 598 599 600
f 601 602 603
f 604 605 606
f 607 608 609
f 610 611 612
f 613 614 615
f 616 617 618
f 619 620 621
f 622 623 624
f 625 626 627
f 628 629 630
f 631 632 633
f 634 635 636
f 637 638 639
f 640 641 642
f 643 644 645
f 646 647 648
f 649 650 651
f 652 653 654
f 655 656 657
f 658 659 660
f 661 662 663
f 664 665 666
f 667 668 669
f 670 671 672
f 673 674 675
f 676 677 678
f 679 680 681
f 682 683 684
f 685 686 687
f 688 689 690
f 691 692 693
f 694 695 696
f 697 698 699
f 700 701 702
f 703 704 705
f 706 707 708
f 709 710 711
f 712 713 714
f 715 716 717
f 718 719 720
f 721 722 723
f 724 725 726
f 727 728 729
f 730 731 732
f 733 734 735
f 736 737 738
f 739 740 741
f 742 743 744
f 745 746 747
f 748 749 750
f 751 752 753
f 754 755 756
f 757 758 759
f 760 761 762
f 763 764 765
f 766 767 768
f 769 770 771
f 772 773 774
f 775 776 777
f 778 779 780
f 781 782 783
f 784 785 786
f 787 788 789
f 790 791 792
f 793 794 795
f 796 797 798
f 799 800 801
f 802 803 804
f 805 806 807
f 808 809 810
f 811 812 813
f 814 815 816
f 817 818 819
f 820 821 822
f 823 824 825
f 826 827 828
f 829 830 831
f 832 833 834
f 835 836 837
f 838 839 840
f 841 842 843
f 844 845 846
f 847 848 849
f 850 851 852
f 853 854 855
f 856 857 858
f 859 860 861
f 862 863 864
f 865 866 867
f 868 869 870
f 871 872 873
f 874 875 876
f 877 878 879
f 880 881 882
f 883 884 885
f 886 887 888
f 889 890 891
f 892 893 894
f 895 896 897
f 898 899 900
f 901 902 903
f 904 905 906
f 907 908 909
f 910 911 912
f 913 914 915
f 916 917 918
f 919 920 921
f 922 923 924
f 925 926 927
f 928 929 930
f 931 932 933
f 934 935 936
f 937 938 939
f 940 941 942
f 943 944 945
f 946 947 948
f 949 950 951
f 952 953 954
f 955 956 957
f 958 959 960
f 961 962 963
f 964 965 966
f 967 968 969
f 970 971 972
f 973 974 975
f 976 977 978
f 979 980 981
f 982 983 984
f 985 986 987
f 988 989 990
f 991 992 993
f 994 995 996
f 997 998 999
f 1000 1001 1002
f 1003 1004 1005
f 1006 1007 1008
f 1009 1010 1011
f 1012 1013 1014
f 1015 1016 1017
f 1018 1019 1020
f 1021 1022 1023
f 1024 1025 1026
f 1027 1028 1029
f 1030 1031 1032
f 1033 1034 1035
f 1036 1037 1038
f 1039 1040 1041
f 1042 1043 1044
f 1045 1046 1047
f 1048 1049 1050
f 1051 1052 1053
f 1054 1055 1056
f 1057 1058 1059
f 1060 1061 1062
f 1063 1064 1065
f 1066 1067 1068
f 1069 1070 1071
f 1072 1073 1074
f 1075 1076 1077
f 1078 1079 1080
f 1081 1082 1083
f 1084 1085 1086
f 1087 1088 1089
f 1090 1091 1092
f 1093 1094 1095
f 1096 1097 1098
f 1099 1100 1101
f 1102 1103 1104
f 1105 1106 1107
f 1108 1109 1110
f 1111 1112 1113
f 1114 1115 1116
f 1117 1118 1119
f 1120 1121 1122
f 1123 1124 1125
f 1126 1127 1128
f 1129 1130 1131
f 1132 1133 1134
f 1135 1136 1137
f 1138 1139 1140
f 1141 1142 1143
f 1144 1145 1146
f 1147 1148 1149
f 1150 1151 1152
f 1153 1154 1155
f 1156 1157 1158
f 1159 1160 1161
f 1162 1163 1164
f 1165 1166 1167
f 1168 1169 1170
f 1171 1172 1173
f 1174 1175 1176
f 1177 1178 1179
f 1180 1181 1182
f 1183 1184 1185
f 1186 1187 1188
f 1189 1190 1191
f 1192 1193 1194
f 1195 1196 1197
f 1198 1199 1200
f 1201 1202 1203
f 1204 1205 1206
f 1207 1208 1209
f 1210 1211 1212
f 1213 1214 1215
f 1216 1217 1218
f 1219 1220 1221
f 1222 1223 1224
f 1225 1226 1227
f 1228 1229 1230
f 1231 1232 1233
f 1234 1235 1236
f 1237 1238 1239
f 1240 1241 1242
f 1243 1244 1245
f 1246 1247 1248
f 1249 1250 1251
f 1252 1253 1254
f 1255 1256 1257
f 1258 1259 1260
f 1261 1262 1263
f 1264 1265 1266
f 1267 1268 1269
f 1270 1271 1272
f 1273 1274 1275
f 1276 1277 1278
f 1279 1280 1281
f 1282 1283 1284
f 1285 1286 1287
f 1288 1289 1290
f 1291 1292 1293
f 1294 1295 1296
f 1297 1298 1299
f 1300 1301 1302
f 1303 1304 1305
f 1306 1307 1308
f 1309 1310 1311
f 1312 1313 1314
f 1315 1316 1317
f 1318 1319 1320
f 1321 1322 1323
f 1324 1325 1326
f 1327 1328 1329
f 1330 1331 1332
f 1333 1334 1335
f 1336 1337 1338
f 1339 1340 1341
f 1342 1343 1344
f 1345 1346 1347
f 1348 1349 1350
f 1351 1352 1353
f 1354 1355 1356
f 1357 1358 1359
f 1360 1361 1362
f 1363 1364 1365
f 1366 1367 1368
f 1369 1370 1371
f 1372 1373 1374
f 1375 1376 1377
f 1378 1379 1380
f 1381 1382 1383
f 1384 1385 1386
f 1387 1388 1389
f 1390 1391 1392
f 1393 1394 1395
f 1396 1397 1398
f 1399 1400 1401
f 1402 1403 1404
f 1405 1406 1407
f 1408 1409 1410
f 1411 1412 1413
f 1414 1415 1416
f 1417 1418 1419
f 1420 1421 1422
f 1423 1424 1425
f 1426 1427 1428
f 1429 1430 1431
f 1432 1433 1434
f 1435 1436 1437
f 1438 1439 1440
f 1441 1442 1443
f 1444 1445 1446
f 1447 1448 1449
f 1450 1451 1452
f 1453 1454 1455
f 1456 1457 1458
f 1459 1460 1461
f 1462 1463 1464
f 1465 1466 1467
f 1468 1469 1470
f 1471 1472 1473
f 1474 1475 1476
f 1477 1478 1479
f 1480 1481 1482
f 1483 1484 1485
f 1486 1487 1488
f 1489 1490 1491
f 1492 1493 1494
f 1495 1496 1497
f 1498 1499 1500
f 1501 1502 1503
f 1504 1505 1506
f 1507 1508 1509
f 1510 1511 1512
f 1513 1514 1515
f 1516 1517 1518
f 1519 1520 1521
f 1522 1523 1524
f 1525 1526 1527
f 1528 1529 1530
f 1531 1532 1533
f 1534 1535 1536
f 1537 1538 1539
f 1540 1541 1542
f 1543 1544 1545
f 1546 1547 1548
f 1549 1550 1551
f 1552 1553 1554
f 1555 1556 1557
f 1558 1559 1560
f 1561 1562 1563
f 1564 1565 1566
f 1567 1568 1569
f 1570 1571 1572
f 1573 1574 1575
f 1576 1577 1578
f 1579 1580 1581
f 1582 1583 1584
f 1585 1586 1587
f 1588 1589 1590
f 1591 1592 1593
f 1594 1595 1596
f 1597 1598 1599
f 1600 1601 1602
f 1603 1604 1605
f 1606 1607 1608
f 1609 1610 1611
f 1612 1613 1614
f 1615 1616 1617
f 1618 1619 1620
f 1621 1622 1623
f 1624 1625 1626
f 1627 1628 1629
f 1630 1631 1632
f 1633 1634 1635
f 1636 1637 1638
f 1639 1640 1641
f 1642 1643 1644
f 1645 1646 1647
f 1648 1649 1650
f 1651 1652 1653
f 1654 1655 1656
f 1657 1658 1659
f 1660 1661 1662
f 1663 1664 1665
f 1666 1667 1668
f 1669 1670 1671
f 1672 1673 1674
f 1675 1676 1677
f 1678 1679 1680
f 1681 1682 1683
f 1684 1685 1686
f 1687 1688 1689
f 1690 1691 1692
f 1693 1694 1695
f 1696 1697 1698
f 1699 1700 1701
f 1702 1703 1704
f 1705 1706 1707
f 1708 1709 1710
f 1711 1712 1713
f 1714 1715 1716
f 1717 1718 1719
f 1720 1721 1722
f 1723 1724 1725
f 1726 1727 1728
f 1729 1730 1731
f 1732 1733 1734
f 1735 1736 1737
f 1738 1739 1740
f 1741 1742 1743
f 1744 1745 1746
f 1747 1748 1749
f 1750 1751 1752
f 1753 1754 1755
f 1756 1757 1758
f 1759 1760 1761
f 1762 1763 1764
f 1765 1766 1767
f 1768 1769 1770
f 1771 1772 1773
f 1774 1775 1776
f 1777 1778 1779
f 1780 1781 1782
f 1783 1784 1785
f 1786 1787 1788
f 1789 1790 1791
f 1792 1793 1794
f 1795 1796 1797
f 1798 1799 1800
f 1801 1802 1803
f 1804 1805 1806
f 1807 1808 1809
f 1810 1811 1812
f 1813 1814 1815
f 1816 1817 1818
f 1819 1820 1821
f 1822 1823 1824
f 1825 1826 1827
f 1828 1829 1830
f 1831 1832 1833
f 1834 1835 1836
f 1837 1838 1839
f 1840 1841 1842
f 1843 1844 1845
f 1846 1847 1848
f 1849 1850 1851
f 1852 1853 1854
f 1855 1856 1857
f 1858 1859 1860
f 1861 1862 1863
f 1864 1865 1866
f 1867 1868 1869
f 1870 1871 1872
f 1875 1876 1877
f 1878 1879 1880
f 1881 1882 1883
f 1884 1885 1886
f 1887 1888 1889
f 1890 1891 1892
f 1893 1894 1895
f 1896 1897 1898
f 1899 1900 1901
f 1902 1903 1904
f 1905 1906 1907
f 1908 1909 1910
f 1911 1912 1913
f 1914 1915 1916
f 1917 1918 1919
f 1920 1921 1922
f 1923 1924 1925
f 1926 1927 1928
f 1929 1930 1931
f 1932 1933 1934
f 1935 1936 1937
f 1938 1939 1940
f 1941 1942 1943
f 1944 1945 1946
f 1947 1948 1949
f 1950 1951 1952
f 1953 1954 1955
f 1956 1957 1958
f 1959 1960 1961
f 1962 1963 1964
f 1965 1966 1967
f 1968 1969 1970
f 1971 1972 1973
f 1974 1975 1976
f 1977 1978 1979
f 1980 1981 1982
f 1983 1984 1985
f 1986 1987 1988
f 1989 1990 1991
f 1992 1993 1994
f 1995 1996 1997
f 1998 1999 2000
f 2001 2002 2003
f 2004 2005 2006
f 2007 2008 2009
f 2010 2011 2012
f 2013 2014 2015
f 2016 2017 2018
f 2019 2020 2021
f 2022 2023 2024
f 2025 2026 2027
f 2028 2029 2030
f 2031 2032 2033
f 2034 2035 2036
f 2037 2038 2039
f 2040 2041 2042
f 2043 2044 2045
f 2046 2047 2048
f 2049 2050 2051
f 2052 2053 2054
f 2055 2056 2057
f 2058 2059 2060
f 2061 2062 2063
f 2064 2065 2066
f 2067 2068 2069
f 2070 2071 2072
f 2073 2074 2075
f 2076 2077 2078
f 2079 2080 2081
f 2082 2083 2084
f 2085 2086 2087
f 2088 2089 2090
f 2091 2092 2093
f 2094 2095 2096
f 2097 2098 2099
f 2100 2101 2102
f 2103 2104 2105
f 2106 2107 2108
f 2109 2110 2111
f 2112 2113 2114
f 2115 2116 2117
f 2118 2119 2120
f 2121 2122 2123
f 2124 2125 2126
f 2127 2128 2129
f 2130 2131 2132
f 2133 2134 2135
f 2136 2137 2138
f 2139 2140 2141
f 2142 2143 2144
f 2145 2146 2147
f 2148 2149 2150
f 2151 2152 2153
f 2154 2155 2156
f 2157 2158 2159
f 2160 2161 2162
f 2163 2164 2165
f 2166 2167 2168
f 2169 2170 2171
f 2172 2173 2174
f 2175 2176 2177
f 2178 2179 2180
f 2181 2182 2183
f 2184 2185 2186
f 2187 2188 2189
f 2190 2191 2192
f 2193 2194 2195
f 2196 2197 2198
f 2199 2200 2201
f 2202 2203 2204
f 2205 2206 2207
f 2208 2209 2210
f 2211 2212 2213
f 2214 2215 2216
f 2217 2218 2219
f 2220 2221 2222
f 2223 2224 2225
f 2226 2227 2228
f 2229 2230 2231
f 2232 2233 2234
f 2235 2236 2237
f 2238 2239 2240
f 2241 2242 2243
f 2244 2245 2246
f 2247 2248 2249
f 2250 2251 2252
f 2253 2254 2255
f 2256 2257 2258
f 2259 2260 2261
f 2262 2263 2264
f 2265 2266 2267
f 2268 2269 2270
f 2271 2272 2273
f 2274 2275 2276
f 2277 2278 2279
f 2280 2281 2282
f 2283 2284 2285
f 2286 2287 2288
f 2289 2290 2291
f 2292 2293 2294
f 2295 2296 2297
f 2298 2299 2300
f 2301 2302 2303
f 2304 2305 2306
f 2307 2308 2309
f 2310 2311 2312
f 2313 2314 2315
f 2316 2317 2318
f 2319 2320 2321
f 2322 2323 2324
f 2325 2326 2327
f 2328 2329 2330
f 2331 2332 2333
f 2334 2335 2336
f 2337 2338 2339
f 2340 2341 2342
f 2343 2344 2345
f 2346 2347 2348
f 2349 2350 2351
f 2352 2353 2354
f 2355 2356 2357
f 2358 2359 2360
f 2361 2362 2363
f 2364 2365 2366
f 2367 2368 2369
f 2370 2371 2372
f 2373 2374 2375
f 2376 2377 2378
f 2379 2380 2381
f 2382 2383 2384
f 2385 2386 2387
f 2388 2389 2390
f 2391 2392 2393
f 2394 2395 2396
f 2397 2398 2399
f 2400 2401 2402
f 2403 2404 2405
f 2406 2407 2408
f 2409 2410 2411
f 2412 2413 2414
f 2415 2416 2417
f 2418 2419 2420
f 2421 2422 2423
f 2424 2425 2426
f 2427 2428 2429
f 2430 2431 2432
f 2433 2434 2435
f 2436 2437 2438
f 2439 2440 2441
f 2442 2443 2444
f 2445 2446 2447
f 2448 2449 2450
f 2451 2452 2453
f 2454 2455 2456
f 2457 2458 2459
f 2460 2461 2462
f 2463 2464 2465
f 2466 2467 2468
f 2469 2470 2471
f 2472 2473 2474
f 2475 2476 2477
f 2478 2479 2480
f 2481 2482 2483
f 2484 2485 2486
f 2487 2488 2489
f 2490 2491 2492
f 2493 2494 2495
f 2496 2497 2498
f 2499 2500 2501
f 2502 2503 2504
f 2505 2506 2507
f 2508 2509 2510
f 2511 2512 2513
f 2514 2515 2516
f 2517 2518 2519
f 2520 2521 2522
f 2523 2524 2525
f 2526 2527 2528
f 2529 2530 2531
f 2532 2533 2534
f 2535 2536 2537
f 2538 2539 2540
f 2541 2542 2543
f 2544 2545 2546
f 2547 2548 2549
f 2550 2551 2552
f 2553 2554 2555
f 2556 2557 2558
f 2559 2560 2561
f 2562 2563 2564
f 2565 2566 2567
f 2568 2569 2570
f 2571 2572 2573
f 2574 2575 2576
f 2577 2578 2579
f 2580 2581 2582
f 2583 2584 2585
f 2586 2587 2588
f 2589 2590 2591
f 2592 2593 2594
f 2595 2596 2597
f 2598 2599 2600
f 2601 2602 2603
f 2604 2605 2606
f 2607 2608 2609
f 2610 2611 2612
f 2613 2614 2615
f 2616 2617 2618
f 2619 2620 2621
f 2622 2623 2624
f 2625 2626 2627
f 2628 2629 2630
f 2631 2632 2633
f 2634 2635 2636
f 2637 2638 2639
f 2640 2641 2642
f 2643 2644 2645
f 2646 2647 2648
f 2649 2650 2651
f 2652 2653 2654
f 2655 2656 2657
f 2658 2659 2660
f 2661 2662 2663
f 2664 2665 2666
f 2667 2668 2669
f 2670 2671 2672
f 2673 2674 2675
f 2676 2677 2678
f 2679 2680 2681
f 2682 2683 2684
f 2685 2686 2687
f 2688 2689 2690
f 2691 2692 2693
f 2694 2695 2696
f 2697 2698 2699
f 2700 2701 2702
f 2703 2704 2705
f 2706 2707 2708
f 2709 2710 2711
f 2712 2713 2714
f 2715 2716 2717
f 2718 2719 2720
f 2721 2722 2723
f 2724 2725 2726
f 2727 2728 2729
f 2730 2731 2732
f 2733 2734 2735
f 2736 2737 2738
f 2739 2740 2741
f 2742 2743 2744
f 2745 2746 2747
f 2748 2749 2750
f 2751 2752 2753
f 2754 2755 2756
f 2757 2758 2759
f 2760 2761 2762
f 2763 2764 2765
f 2766 2767 2768
f 2769 2770 2771
f 2772 2773 2774
f 2775 2776 2777
f 2778 2779 2780
f 2781 2782 2783
f 2784 2785 2786
f 2787 2788 2789
f 2790 2791 2792
f 2793 2794 2795
f 2796 2797 2798
f 2799 2800 2801
f 2802 2803 2804
f 2805 2806 2807
f 2808 2809 2810
f 2811 2812 2813
f 2814 2815 2816
f 2817 2818 2819
f 2820 2821 2822
f 2823 2824 2825
f 2826 2827 2828
f 2829 2830 2831
f 2832 2833 2834
f 2835 2836 2837
f 2838 2839 2840
f 2841 2842 2843
f 2844 2845 2846
f 2847 2848 2849
f 2850 2851 2852
f 2853 2854 2855
f 2856 2857 2858
f 2859 2860 2861
f 2862 2863 2864
f 2865 2866 2867
f 2868 2869 2870
f 2871 2872 2873
f 2874 2875 2876
f 2877 2878 2879
f 2880 2881 2882
f 2883 2884 2885
f 2886 2887 2888
f 2889 2890 2891
f 2892 2893 2894
f 2895 2896 2897
f 2898 2899 2900
f 2901 2902 2903
f 2904 2905 2906
f 2907 2908 2909
f 2910 2911 2912
f 2913 2914 2915
f 2916 2917 2918
f 2919 2920 2921
f 2922 2923 2924
f 2925 2926 2927
f 2928 2929 2930
f 2931 2932 2933
f 2934 2935 2936
f 2937 2938 2939
f 2940 2941 2942
f 2943 2944 2945
f 2946 2947 2948
f 2949 2950 2951
f 2952 2953 2954
f 2955 2956 2957
f 2958 2959 2960
f 2961 2962 2963
f 2964 2965 2966
f 2967 2968 2969
f 2970 2971 2972
f 2973 2974 2975
f 2976 2977 2978
f 2979 2980 2981
f 2982 2983 2984
f 2985 2986 2987
f 2988 2989 2990
f 2991 2992 2993
f 2994 2995 2996
f 2997 2998 2999
f 3000 3001 3002
f 3003 3004 3005
f 3006 3007 3008
f 3009 3010 3011
f 3012 3013 3014
f 3015 3016 3017
f 3018 3019 3020
f 3021 3022 3023
f 3024 3025 3026
f 3027 3028 3029
f 3030 3031 3032
f 3033 3034 3035
f 3036 3037 3038
f 3039 3040 3041
f 3042 3043 3044
f 3045 3046 3047
f 3048 3049 3050
f 3051 3052 3053
f 3054 3055 3056
f 3057 3058 3059
f 3060 3061 3062
f 3063 3064 3065
f 3066 3067 3068
f 3069 3070 3071
f 3072 3073 3074
f 3075 3076 3077
f 3078 3079 3080
f 3081 3082 3083
f 3084 3085 3086
f 3087 3088 3089
f 3090 3091 3092
f 3093 3094 3095
f 3096 3097 3098
f 3099 3100 3101
f 3102 3103 3104
f 3105 3106 3107
f 3108 3109 3110
f 3111 3112 3113
f 3114 3115 3116
f 3117 3118 3119
f 3120 3121 3122
f 3123 3124 3125
f 3126 3127 3128
f 3129 3130 3131
f 3132 3133 3134
f 3135 3136 3137
f 3138 3139 3140
f 3141 3142 3143
f 3144 3145 3146
f 3147 3148 3149
f 3150 3151 3152
f 3153 3154 3155
f 3156 3157 3158
f 3159 3160 3161
f 3162 3163 3164
f 3165 3166 3167
f 3168 3169 3170
f 3171 3172 3173
f 3174 3175 3176
f 3177 3178 3179
f 3180 3181 3182
f 3183 3184 3185
f 3186 3187 3188
f 3189 3190 3191
f 3192 3193 3194
f 3195 3196 3197
f 3198 3199 3200
f 3201 3202 3203
f 3204 3205 3206
f 3207 3208 3209
f 3210 3211 3212
f 3213 3214 3215
f 3216 3217 3218
f 3219 3220 3221
f 3222 3223 3224
f 3225 3226 3227
f 3228 3229 3230
f 3231 3232 3233
f 3234 3235 3236
f 3237 3238 3239
f 3240 3241 3242
f 3243 3244 3245
f 3246 3247 3248
f 3249 3250 3251
f 3252 3253 3254
f 3255 3256 3257
f 3258 3259 3260
f 3261 3262 3263
f 3264 3265 3266
f 3267 3268 3269
f 3270 3271 3272
f 3273 3274 3275
f 3276 3277 3278
f 3279 3280 3281
f 3282 3283 3284
f 3285 3286 3287
f 3288 3289 3290
f 3291 3292 3293
f 3294 3295 3296
f 3297 3298 3299
f 3300 3301 3302
f 3303 3304 3305
f 3306 3307 3308
f 3309 3310 3311
f 3312 3313 3314
f 3315 3316 3317
f 3318 3319 3320
f 3321 3322 3323
f 3324 3325 3326
f 3327 3328 3329
f 3330 3331 3332
f 3333 3334 3335
f 3336 3337 3338
f 3339 3340 3341
f 3342 3343 3344
f 3345 3346 3347
f 3348 3349 3350
f 3351 3352 3353
f 3354 3355 3356
f 3357 3358 3359
f 3360 3361 3362
f 3363 3364 3365
f 3366 3367 3368
f 3369 3370 3371
f 3372 3373 3374
f 3375 3376 3377
f 3378 3379 3380
f 3381 3382 3383
f 3384 3385 3386
f 3387 3388 3389
f 3390 3391 3392
f 3393 3394 3395
f 3396 3397 3398
f 3399 3400 3401
f 3402 3403 3404
f 3405 3406 3407
f 3408 3409 3410
f 3411 3412 3413
f 3414 3415 3416
f 3417 3418 3419
f 3420 3421 3422
f 3423 3424 3425
f 3426 3427 3428
f 3429 3430 3431
f 3432 3433 3434
f 3435 3436 3437
f 3438 3439 3440
f 3441 3442 3443
f 3444 3445 3446
f 3447 3448 3449
f 3450 3451 3452
f 3453 3454 3455
f 3456 3457 3458
f 3459 3460 3461
f 3462 3463 3464
f 3465 3466 3467
f 3468 3469 3470
f 3471 3472 3473
f 3474 3475 3476
f 3477 3478 3479
f 3480 3481 3482
f 3483 3484 3485
f 3486 3487 3488
f 3489 3490 3491
f 3492 3493 3494
f 3495 3496 3497
f 3498 3499 3500
f 3501 3502 3503
f 3504 3505 3506
f 3507 3508 3509
f 3510 3511 3512
f 3513 3514 3515
f 3516 3517 3518
f 3519 3520 3521
f 3522 3523 3524
f 3525 3526 3527
f 3528 3529 3530
f 3531 3532 3533
f 3534 3535 3536
f 3537 3538 3539
f 3540 3541 3542
f 3543 3544 3545
f 3546 3547 3548
f 3549 3550 3551
f 3552 3553 3554
f 3555 3556 3557
f 3558 3559 3560
f 3561 3562 3563
f 3564 3565 3566
f 3567 3568 3569
f 3570 3571 3572
f 3573 3574 3575
f 3576 3577 3578
f 3579 3580 3581
f 3582 3583 3584
f 3585 3586 3587
f 3588 3589 3590
f 3591 3592 3593
f 3594 3595 3596
f 3597 3598 3599
f 3600 3601 3602
f 3603 3604 3605
f 3606 3607 3608
f 3609 3610 3611
f 3612 3613 3614
f 3615 3616 3617
f 3618 3619 3620
f 3621 3622 3623
f 3624 3625 3626
f 3627 3628 3629
f 3630 3631 3632
f 3633 3634 3635
f 3636 3637 3638
f 3639 3640 3641
f 3642 3643 3644
f 3645 3646 3647
f 3648 3649 3650
f 3651 3652 3653
f 3654 3655 3656
f 3657 3658 3659
f 3660 3661 3662
f 3663 3664 3665
f 3666 3667 3668
f 3669 3670 3671
f 3672 3673 3674
f 3675 3676 3677
f 3678 3679 3680
f 3681 3682 3683
f 3684 3685 3686
f 3687 3688 3689
f 3690 3691 3692
f 3693 3694 3695
f 3696 3697 3698
f 3699 3700 3701
f 3702 3703 3704
f 3705 3706 3707
f 3708 3709 3710
f 3711 3712 3713
f 3714 3715 3716
f 3717 3718 3719
f 3720 3721 3722
f 3723 3724 3725
f 3726 3727 3728
f 3729 3730 3731
f 3732 3733 3734
f 3735 3736 3737
f 3738 3739 3740
f 3741 3742 3743
f 3744 3745 3746
f 3747 3748 3749
f 3750 3751 3752
f 3753 3754 3755
f 3756 3757 3758
f 3759 3760 3761
f 3762 3763 3764
f 3765 3766 3767
f 3768 3769 3770
f 3771 3772 3773
f 3774 3775 3776
f 3777 3778 3779
f 3780 3781 3782
f 3783 3784 3785
f 3786 3787 3788
f 3789 3790 3791
f 3792 3793 3794
f 3795 3796 3797
f 3798 3799 3800
f 3801 3802 3803
f 3804 3805 3806
f 3807 3808 3809
f 3810 3811 3812
f 3813 3814 3815
f 3816 3817 3818
f 3819 3820 3821
f 3822 3823 3824
f 3825 3826 3827
f 3828 3829 3830
f 3831 3832 3833
f 3834 3835 3836
f 3837 3838 3839
f 3840 3841 3842
f 3843 3844 3845
f 3846 3847 3848
f 3849 3850 3851
f 3852 3853 3854
f 3855 3856 3857
f 3858 3859 3860
f 3861 3862 3863
f 3864 3865 3866
f 3867 3868 3869
f 3870 3871 3872
f 3873 3874 3875
f 3876 3877 3878
f 3879 3880 3881
f 3882 3883 3884
f 3885 3886 3887
f 3888 3889 3890
f 3891 3892 3893
f 3894 3895 3896
f 3897 3898 3899
f 3900 3901 3902
f 3903 3904 3905
f 3906 3907 3908
f 3909 3910 3911
f 3912 3913 3914
f 3915 3916 3917
f 3918 3919 3920
f 3921 3922 3923
f 3924 3925 3926
f 3927 3928 3929
f 3930 3931 3932
f 3933 3934 3935
f 3936 3937 3938
f 3939 3940 3941
f 3942 3943 3944
f 3945 3946 3947
f 3948 3949 3950
f 3951 3952 3953
f 3954 3955 3956
f 3957 3958 3959
f 3960 3961 3962
f 3963 3964 3965
f 3966 3967 3968
f 3969 3970 3971
f 3972 3973 3974
f 3975 3976 3977
f 3978 3979 3980
f 3981 3982 3983
f 3984 3985 3986
f 3987 3988 3989
f 3990 3991 3992
f 3993 3994 3995
f 3996 3997 3998
f 3999 4000 4001
f 4002 4003 4004
f 4005 4006 4007
f 4008 4009 4010
f 4011 4012 4013
f 4014 4015 4016
f 4017 4018 4019
f 4020 4021 4022
f 4023 4024 4025
f 4026 4027 4028
f 4029 4030 4031
f 4032 4033 4034
f 4035 4036 4037
f 4038 4039 4040
f 4041 4042 4043
f 4044 4045 4046
f 4047 4048 4049
f 4050 4051 4052
f 4053 4054 4055
f 4056 4057 4058
f 4059 4060 4061
f 4062 4063 4064
f 4065 4066 4067
f 4068 4069 4070
f 4071 4072 4073
f 4074 4075 4076
f 4077 4078 4079
f 4080 4081 4082
f 4083 4084 4085
f 4086 4087 4088
f 4089 4090 4091
f 4092 4093 4094
f 4095 4096 4097
f 4098 4099 4100
f 4101 4102 4103
f 4104 4105 4106
f 4107 4108 4109
f 4110 4111 4112
f 4113 4114 4115
f 4116 4117 4118
f 4119 4120 4121
f 4122 4123 4124
f 4125 4126 4127
f 4128 4129 4130
f 4131 4132 4133
f 4134 4135 4136
f 4137 4138 4139
f 4140 4141 4142
f 4143 4144 4145
f 4146 4147 4148
f 4149 4150 4151
f 4152 4153 4154
f 4155 4156 4157
f 4158 4159 4160
f 4161 4162 4163
f 4164 4165 4166
f 4167 4168 4169
f 4170 4171 4172
f 4173 4174 4175
f 4176 4177 4178
f 4179 4180 4181
f 4182 4183 4184
f 4185 4186 4187
f 4188 4189 4190
f 4191 4192 4193
f 4194 4195 4196
f 4197 4198 4199
f 4200 4201 4202
f 4203 4204 4205
f 4206 4207 4208
f 4209 4210 4211
f 4212 4213 4214
f 4215 4216 4217
f 4218 4219 4220
f 4221 4222 4223
f 4224 4225 4226
f 4227 4228 4229
f 4230 4231 4232
f 4233 4234 4235
f 4236 4237 4238
f 4239 4240 4241
f 4242 4243 4244
f 4245 4246 4247
f 4248 4249 4250
f 4251 4252 4253
f 4254 4255 4256
f 4257 4258 4259
f 4260 4261 4262
f 4263 4264 4265
f 4266 4267 4268
f 4269 4270 4271
f 4272 4273 4274
f 4275 4276 4277
f 4278 4279 4280
f 4281 4282 4283
f 4284 4285 4286
f 4287 4288 4289
f 4290 4291 4292
f 4293 4294 4295
f 4296 4297 4298
f 4299 4300 4301
f 4302 4303 4304
f 4305 4306 4307
f 4308 4309 4310
f 4311 4312 4313
f 4314 4315 4316
f 4317 4318 4319
f 4320 4321 4322
f 4323 4324 4325
f 4326 4327 4328
f 4329 4330 4331
f 4332 4333 4334
f 4335 4336 4337
f 4338 4339 4340
f 4341 4342 4343
f 4344 4345 4346
f 4347 4348 4349
f 4350 4351 4352
f 4353 4354 4355
f 4356 4357 4358
f 4359 4360 4361
f 4362 4363 4364
f 4365 4366 4367
f 4368 4369 4370
f 4371 4372 4373
f 4374 4375 4376
f 4377 4378 4379
f 4380 4381 4382
f 4383 4384 4385
f 4386 4387 4388
f 4389 4390 4391
f 4392 4393 4394
f 4395 4396 4397
f 4398 4399 4400
f 4401 4402 4403
f 4404 4405 4406
f 4407 4408 4409
f 4410 4411 4412
f 4413 4414 4415
f 4416 4417 4418
f 4419 4420 4421
f 4422 4423 4424
f 4425 4426 4427
f 4428 4429 4430
f 4431 4432 4433
f 4434 4435 4436
f 4437 4438 4439
f 4440 4441 4442
f 4443 4444 4445
f 4446 4447 4448
f 4449 4450 4451
f 4452 4453 4454
f 4455 4456 4457
f 4458 4459 4460
f 4461 4462 4463
f 4464 4465 4466
f 4467 4468 4469
f 4470 4471 4472
f 4473 4474 4475
f 4476 4477 4478
f 4479 4480 4481
f 4482 4483 4484
f 4485 4486 4487
f 4488 4489 4490
f 4491 4492 4493
f 4494 4495 4496
f 4497 4498 4499
f 4500 4501 4502
f 4503 4504 4505
f 4506 4507 4508
f 4509 4510 4511
f 4512 4513 4514
f 4515 4516 4517
f 4518 4519 4520
f 4521 4522 4523
f 4524 4525 4526
f 4527 4528 4529
f 4530 4531 4532
f 4533 4534 4535
f 4536 4537 4538
f 4539 4540 4541
f 4542 4543 4544
f 4545 4546 4547
f 4548 4549 4550
f 4551 4552 4553
f 4554 4555 4556
f 4557 4558 4559
f 4560 4561 4562
f 4563 4564 4565
f 4566 4567 4568
f 4569 4570 4571
f 4572 4573 4574
f 4575 4576 4577
f 4578 4579 4580
f 4581 4582 4583
f 4584 4585 4586
f 4587 4588 4589
f 4590 4591 4592
f 4593 4594 4595
f 4596 4597 4598
f 4599 4600 4601
f 4602 4603 4604
f 4605 4606 4607
f 4608 4609 4610
f 4611 4612 4613
f 4614 4615 4616
f 4617 4618 4619
f 4620 4621 4622
f 4623 4624 4625
f 4626 4627 4628
f 4629 4630 4631
f 4632 4633 4634
f 4635 4636 4637
f 4638 4639 4640
f 4641 4642 4643
f 4644 4645 4646
f 4647 4648 4649
f 4650 4651 4652
f 4653 4654 4655
f 4656 4657 4658
f 4659 4660 4661
f 4662 4663 4664
f 4665 4666 4667
f 4668 4669 4670
f 4671 4672 4673
f 4674 4675 4676
f 4677 4678 4679
f 4680 4681 4682
f 4683 4684 4685
f 4686 4687 4688
f 4689 4690 4691
f 4692 4693 4694
f 4695 4696 4697
f 4698 4699 4700
f 4701 4702 4703
f 4704 4705 4706
f 4707 4708 4709
f 4710 4711 4712
f 4713 4714 4715
f 4716 4717 4718
f 4719 4720 4721
f 4722 4723 4724
f 4725 4726 4727
f 4728 4729 4730
f 4731 4732 4733
f 4734 4735 4736
f 4737 4738 4739
f 4740 4741 4742
f 4743 4744 4745
f 4746 4747 4748
f 4749 4750 4751
f 4752 4753 4754
f 4755 4756 4757
f 4758 4759 4760
f 4761 4762 4763
f 4764 4765 4766
f 4767 4768 4769
f 4770 4771 4772
f 4773 4774 4775
f 4776 4777 4778
f 4779 4780 4781
f 4782 4783 4784
f 4785 4786 4787
f 4788 4789 4790
f 4791 4792 4793
f 4794 4795 4796
f 4797 4798 4799
f 4800 4801 4802
f 4803 4804 4805
f 4806 4807 4808
f 4809 4810 4811
f 4812 4813 4814
f 4815 4816 4817
f 4818 4819 4820
f 4821 4822 4823
f 4824 4825 4826
f 4827 4828 4829
f 4830 4831 4832
f 4833 4834 4835
f 4836 4837 4838
f 4839 4840 4841
f 4842 4843 4844
f 4845 4846 4847
f 4848 4849 4850
f 4851 4852 4853
f 4854 4855 4856
f 4857 4858 4859
f 4860 4861 4862
f 4863 4864 4865
f 4866 4867 4868
f 4869 4870 4871
f 4872 4873 4874
f 4875 4876 4877
f 4878 4879 4880
f 4881 4882 4883
f 4884 4885 4886
f 4887 4888 4889
f 4890 4891 4892
f 4893 4894 4895
f 4896 4897 4898
f 4899 4900 4901
f 4902 4903 4904
f 4905 4906 4907
f 4908 4909 4910
f 4911 4912 4913
f 4914 4915 4916
f 4917 4918 4919
f 4920 4921 4922
f 4923 4924 4925
f 4926 4927 4928
f 4929 4930 4931
f 4932 4933 4934
f 4935 4936 4937
f 4938 4939 4940
f 4941 4942 4943
f 4944 4945 4946
f 4947 4948 4949
f 4950 4951 4952
f 4953 4954 4955
f 4956 4957 4958
f 4959 4960 4961
f 4962 4963 4964
f 4965 4966 4967
f 4968 4969 4970
f 4971 4972 4973
f 4974 4975 4976
f 4977 4978 4979
f 4980 4981 4982
f 4983 4984 4985
f 4986 4987 4988
f 4989 4990 4991
f 4992 4993 4994
f 4995 4996 4997
f 4998 4999 5000
f 5001 5002 5003
f 5004 5005 5006
f 5007 5008 5009
f 5010 5011 5012
f 5013 5014 5015
f 5016 5017 5018
f 5019 5020 5021
f 5022 5023 5024
f 5025 5026 5027
f 5028 5029 5030
f 5031 5032 5033
f 5034 5035 5036
f 5037 5038 5039
f 5040 5041 5042
f 5043 5044 5045
f 5046 5047 5048
f 5049 5050 5051
f 5052 5053 5054
f 5055 5056 5057
f 5058 5059 5060
f 5061 5062 5063
f 5064 5065 5066
f 5067 5068 5069
f 5070 5071 5072
f 5073 5074 5075
f 5076 5077 5078
f 5079 5080 5081
f 5082 5083 5084
f 5085 5086 5087
f 5088 5089 5090
f 5091 5092 5093
f 5094 5095 5096
f 5097 5098 5099
f 5100 5101 5102
f 5103 5104 5105
f 5106 5107 5108
f 5109 5110 5111
f 5112 5113 5114
f 5115 5116 5117
f 5118 5119 5120
f 5121 5122 5123
f 5124 5125 5126
f 5127 5128 5129
f 5130 5131 5132
f 5133 5134 5135
f 5136 5137 5138
f 5139 5140 5141
f 5142 5143 5144
f 5145 5146 5147
f 5148 5149 5150
f 5151 5152 5153
f 5154 5155 5156
f 5157 5158 5159
f 5160 5161 5162
f 5163 5164 5165
f 5166 5167 5168
f 5169 5170 5171
f 5172 5173 5174
f 5175 5176 5177
f 5178 5179 5180
f 5181 5182 5183
f 5184 5185 5186
f 5187 5188 5189
f 5190 5191 5192
f 5193 5194 5195
f 5196 5197 5198
f 5199 5200 5201
f 5202 5203 5204
f 5205 5206 5207
f 5208 5209 5210
f 5211 5212 5213
f 5214 5215 5216
f 5217 5218 5219
f 5220 5221 5222
f 5223 5224 5225
f 5226 5227 5228
f 5229 5230 5231
f 5232 5233 5234
f 5235 5236 5237
f 5238 5239 5240
f 5241 5242 5243
f 5244 5245 5246
f 5247 5248 5249
f 5250 5251 5252
f 5253 5254 5255
f 5256 5257 5258
f 5259 5260 5261
f 5262 5263 5264
f 5265 5266 5267
f 5268 5269 5270
f 5271 5272 5273
f 5274 5275 5276
f 5277 5278 5279
f 5280 5281 5282
f 5283 5284 5285
f 5286 5287 5288
f 5289 5290 5291
f 5292 5293 5294
f 5295 5296 5297
f 5298 5299 5300
f 5301 5302 5303
f 5304 5305 5306
f 5307 5308 5309
f 5310 5311 5312
f 5313 5314 5315
f 5316 5317 5318
f 5319 5320 5321
f 5322 5323 5324
f 5325 5326 5327
f 5328 5329 5330
f 5331 5332 5333
f 5334 5335 5336
f 5337 5338 5339
f 5340 5341 5342
f 5343 5344 5345
f 5346 5347 5348
f 5349 5350 5351
f 5352 5353 5354
f 5355 5356 5357
f 5358 5359 5360
f 5361 5362 5363
f 5364 5365 5366
f 5367 5368 5369
f 5370 5371 5372
f 5373 5374 5375
f 5376 5377 5378
f 5379 5380 5381
f 5382 5383 5384
f 5385 5386 5387
f 5388 5389 5390
f 5391 5392 5393
f 5394 5395 5396
f 5397 5398 5399
f 5400 5401 5402
f 5403 5404 5405
f 5406 5407 5408
f 5409 5410 5411
f 5412 5413 5414
f 5415 5416 5417
f 5418 5419 5420
f 5421 5422 5423
f 5424 5425 5426
f 5427 5428 5429
f 5430 5431 5432
f 5433 5434 5435
f 5436 5437 5438
f 5439 5440 5441
f 5442 5443 5444
f 5445 5446 5447
f 5448 5449 5450
f 5451 5452 5453
f 5454 5455 5456
f 5457 5458 5459
f 5460 5461 5462
f 5463 5464 5465
f 5466 5467 5468
f 5469 5470 5471
f 5472 5473 5474
f 5475 5476 5477
f 5478 5479 5480
f 5481 5482 5483
f 5484 5485 5486
f 5487 5488 5489
f 5490 5491 5492
f 5493 5494 5495
f 5496 5497 5498
f 5499 5500 5501
f 5502 5503 5504
f 5505 5506 5507
f 5508 5509 5510
f 5511 5512 5513
f 5514 5515 5516
f 5517 5518 5519
f 5520 5521 5522
f 5523 5524 5525
f 5526 5527 5528
f 5529 5530 5531
f 5532 5533 5534
f 5535 5536 5537
f 5538 5539 5540
f 5541 5542 5543
f 5544 5545 5546
f 5547 5548 5549
f 5550 5551 5552
f 5553 5554 5555
f 5556 5557 5558
f 5559 5560 5561
f 5562 5563 5564
f 5565 5566 5567
f 5568 5569 5570
f 5571 5572 5573
f 5574 5575 5576
f 5577 5578 5579
f 5580 5581 5582
f 5583 5584 5585
f 5586 5587 5588
f 5589 5590 5591
f 5592 5593 5594
f 5595 5596 5597
f 5598 5599 5600
f 5601 5602 5603
f 5604 5605 5606
f 5607 5608 5609
f 5610 5611 5612
f 5613 5614 5615
f 5616 5617 5618
f 5619 5620 5621
f 5622 5623 5624
f 5625 5626 5627
f 5628 5629 5630
f 5631 5632 5633
f 5634 5635 5636
f 5637 5638 5639
f 5640 5641 5642
f 5643 5644 5645
f 5646 5647 5648
f 5649 5650 5651
f 5652 5653 5654
f 5655 5656 5657
f 5658 5659 5660
f 5661 5662 5663
f 5664 5665 5666
f 5667 5668 5669
f 5670 5671 5672
f 5673 5674 5675
f 5676 5677 5678
f 5679 5680 5681
f 5682 5683 5684
f 5685 5686 5687
f 5688 5689 5690
f 5691 5692 5693
f 5694 5695 5696
f 5697 5698 5699
f 5700 5701 5702
f 5703 5704 5705
f 5706 5707 5708
f 5709 5710 5711
f 5712 5713 5714
f 5715 5716 5717
f 5718 5719 5720
f 5721 5722 5723
f 5724 5725 5726
f 5727 5728 5729
f 5730 5731 5732
f 5733 5734 5735
f 5736 5737 5738
f 5739 5740 5741
f 5742 5743 5744
f 5745 5746 5747
f 5748 5749 5750
f 5751 5752 5753
f 5754 5755 5756
f 5757 5758 5759
f 5760 5761 5762
f 5763 5764 5765
f 5766 5767 5768
f 5769 5770 5771
f 5772 5773 5774
f 5775 5776 5777
f 5778 5779 5780
f 5781 5782 5783
f 5784 5785 5786
f 5787 5788 5789
f 5790 5791 5792
f 5793 5794 5795
f 5796 5797 5798
f 5799 5800 5801
f 5802 5803 5804
f 5805 5806 5807
f 5808 5809 5810
f 5811 5812 5813
f 5814 5815 5816
f 5817 5818 5819
f 5820 5821 5822
f 5823 5824 5825
f 5826 5827 5828
f 5829 5830 5831
f 5832 5833 5834
f 5835 5836 5837
f 5838 5839 5840
f 5841 5842 5843
f 5844 5845 5846
f 5847 5848 5849
f 5850 5851 5852
f 5853 5854 5855
f 5856 5857 5858
f 5859 5860 5861
f 5862 5863 5864
f 5865 5866 5867
f 5868 5869 5870
f 5871 5872 5873
f 5874 5875 5876
f 5877 5878 5879
f 5880 5881 5882
f 5883 5884 5885
f 5886 5887 5888
f 5889 5890 5891
f 5892 5893 5894
f 5895 5896 5897
f 5898 5899 5900
f 5901 5902 5903
f 5904 5905 5906
f 5907 5908 5909
f 5910 5911 5912
f 5913 5914 5915
f 5916 5917 5918
f 5919 5920 5921
f 5922 5923 5924
f 5925 5926 5927
f 5928 5929 5930
f 5931 5932 5933
f 5934 5935 5936
f 5937 5938 5939
f 5940 5941 5942
f 5943 5944 5945
f 5946 5947 5948
f 5949 5950 5951
f 5952 5953 5954
f 5955 5956 5957
f 5958 5959 5960
f 5961 5962 5963
f 5964 5965 5966
f 5967 5968 5969
f 5970 5971 5972
f 5973 5974 5975
f 5976 5977 5978
f 5979 5980 5981
f 5982 5983 5984
f 5985 5986 5987
f 5988 5989 5990
f 5991 5992 5993
f 5994 5995 5996
f 5997 5998 5999
f 6000 6001 6002
f 6003 6004 6005
f 6006 6007 6008
f 6009 6010 6011
f 6012 6013 6014
f 6015 6016 6017
f 6018 6019 6020
f 6021 6022 6023
f 6024 6025 6026
f 6027 6028 6029
f 6030 6031 6032
f 6033 6034 6035
f 6036 6037 6038
f 6039 6040 6041
f 6042 6043 6044
f 6045 6046 6047
f 6048 6049 6050
f 6051 6052 6053
f 6054 6055 6056
f 6057 6058 6059
f 6060 6061 6062
f 6063 6064 6065
f 6066 6067 6068
f 6069 6070 6071
f 6072 6073 6074
f 6075 6076 6077
f 6078 6079 6080
f 6081 6082 6083
f 6084 6085 6086
f 6087 6088 6089
f 6090 6091 6092
f 6093 6094 6095
f 6096 6097 6098
f 6099 6100 6101
f 6102 6103 6104
f 6105 6106 6107
f 6108 6109 6110
f 6111 6112 6113
f 6114 6115 6116
f 6117 6118 6119
f 6120 6121 6122
f 6123 6124 6125
f 6126 6127 6128
f 6129 6130 6131
f 6132 6133 6134
f 6135 6136 6137
f 6138 6139 6140
f 6141 6142 6143
f 6144 6145 6146
f 6147 6148 6149
f 6150 6151 6152
f 6153 6154 6155
f 6156 6157 6158
f 6159 6160 6161
f 6162 6163 6164
f 6165 6166 6167
f 6168 6169 6170
f 6171 6172 6173
f 6174 6175 6176
f 6177 6178 6179
f 6180 6181 6182
f 6183 6184 6185
f 6186 6187 6188
f 6189 6190 6191
f 6192 6193 6194
f 6195 6196 6197
f 6198 6199 6200
f 6201 6202 6203
f 6204 6205 6206
f 6207 6208 6209
f 6210 6211 6212
f 6213 6214 6215
f 6216 6217 6218
f 6219 6220 6221
f 6222 6223 6224
f 6225 6226 6227
f 6228 6229 6230
f 6231 6232 6233
f 6234 6235 6236
f 6237 6238 6239
f 6240 6241 6242
f 6243 6244 6245
f 6246 6247 6248
f 6249 6250 6251
f 6252 6253 6254
f 6255 6256 6257
f 6258 6259 6260
f 6261 6262 6263
f 6264 6265 6266
f 6267 6268 6269
f 6270 6271 6272
f 6273 6274 6275
f 6276 6277 6278
f 6279 6280 6281
f 6282 6283 6284
f 6285 6286 6287
f 6288 6289 6290
f 6291 6292 6293
f 6294 6295 6296
f 6297 6298 6299
f 6300 6301 6302
f 6303 6304 6305
f 6306 6307 6308
f 6309 6310 6311
f 6312 6313 6314
f 6315 6316 6317
f 6318 6319 6320
f 6321 6322 6323
f 6324 6325 6326
f 6327 6328 6329
f 6330 6331 6332
f 6333 6334 6335
f 6336 6337 6338
f 6339 6340 6341
f 6342 6343 6344
f 6345 6346 6347
f 6348 6349 6350
f 6351 6352 6353
f 6354 6355 6356
f 6357 6358 6359
f 6360 6361 6362
f 6363 6364 6365
f 6366 6367 6368
f 6369 6370 6371
f 6372 6373 6374
f 6375 6376 6377
f 6378 6379 6380
f 6381 6382 6383
f 6384 6385 6386
f 6387 6388 6389
f 6390 6391 6392
f 6393 6394 6395
f 6396 6397 6398
f 6399 6400 6401
f 6402 6403 6404
f 6405 6406 6407
f 6408 6409 6410
f 6411 6412 6413
f 6414 6415 6416
f 6417 6418 6419
f 6420 6421 6422
f 6423 6424 6425
f 6426 6427 6428
f 6429 6430 6431
f 6432 6433 6434
f 6435 6436 6437
f 6438 6439 6440
f 6441 6442 6443
f 6444 6445 6446
f 6447 6448 6449
f 6450 6451 6452
f 6453 6454 6455
f 6456 6457 6458
f 6459 6460 6461
f 6462 6463 6464
f 6465 6466 6467
f 6468 6469 6470
f 6471 6472 6473
f 6474 6475 6476
f 6477 6478 6479
f 6480 6481 6482
f 6483 6484 6485
f 6486 6487 6488
f 6489 6490 6491
f 6492 6493 6494
f 6495 6496 6497
f 6498 6499 6500
f 6501 6502 6503
f 6504 6505 6506
f 6507 6508 6509
f 6510 6511 6512
f 6513 6514 6515
f 6516 6517 6518
f 6519 6520 6521
f 6522 6523 6524
f 6525 6526 6527
f 6528 6529 6530
f 6531 6532 6533
f 6534 6535 6536
f 6537 6538 6539
f 6540 6541 6542
f 6543 6544 6545
f 6546 6547 6548
f 6549 6550 6551
f 6552 6553 6554
f 6555 6556 6557
f 6558 6559 6560
f 6561 6562 6563
f 6564 6565 6566
f 6567 6568 6569
f 6570 6571 6572
f 6573 6574 6575
f 6576 6577 6578
f 6579 6580 6581
f 6582 6583 6584
f 6585 6586 6587
f 6588 6589 6590
f 6591 6592 6593
f 6594 6595 6596
f 6597 6598 6599
f 6600 6601 6602
f 6603 6604 6605
f 6606 6607 6608
f 6609 6610 6611
f 6612 6613 6614
f 6615 6616 6617
f 6618 6619 6620
f 6621 6622 6623
f 6624 6625 6626
f 6627 6628 6629
f 6630 6631 6632
f 6633 6634 6635
f 6636 6637 6638
f 6639 6640 6641
f 6642 6643 6644
f 6645 6646 6647
f 6648 6649 6650
f 6651 6652 6653
f 6654 6655 6656
f 6657 6658 6659
f 6660 6661 6662
f 6663 6664 6665
f 6666 6667 6668
f 6669 6670 6671
f 6672 6673 6674
f 6675 6676 6677
f 6678 6679 6680
f 6681 6682 6683
f 6684 6685 6686
f 6687 6688 6689
f 6690 6691 6692
f 6693 6694 6695
f 6696 6697 6698
f 6699 6700 6701
f 6702 6703 6704
f 6705 6706 6707
f 6708 6709 6710
f 6711 6712 6713
f 6714 6715 6716
f 6717 6718 6719
f 6720 6721 6722
f 6723 6724 6725
f 6726 6727 6728
f 6729 6730 6731
f 6732 6733 6734
f 6735 6736 6737
f 6738 6739 6740
f 6741 6742 6743
f 6744 6745 6746
f 6747 6748 6749
f 6750 6751 6752
f 6753 6754 6755
f 6756 6757 6758
f 6759 6760 6761
f 6762 6763 6764
f 6765 6766 6767
f 6768 6769 6770
f 6771 6772 6773
f 6774 6775 6776
f 6777 6778 6779
f 6780 6781 6782
f 6783 6784 6785
f 6786 6787 6788
f 6789 6790 6791
f 6792 6793 6794
f 6795 6796 6797
f 6798 6799 6800
f 6801 6802 6803
f 6804 6805 6806
f 6807 6808 6809
f 6810 6811 6812
f 6813 6814 6815
f 6816 6817 6818
f 6819 6820 6821
f 6822 6823 6824
f 6825 6826 6827
f 6828 6829 6830
f 6831 6832 6833
f 6834 6835 6836
f 6837 6838 6839
f 6840 6841 6842
f 6843 6844 6845
f 6846 6847 6848
f 6849 6850 6851
f 6852 6853 6854
f 6855 6856 6857
f 6858 6859 6860
f 6861 6862 6863
f 6864 6865 6866
f 6867 6868 6869
f 6870 6871 6872
f 6873 6874 6875
f 6876 6877 6878
f 6879 6880 6881
f 6882 6883 6884
f 6885 6886 6887
f 6888 6889 6890
f 6891 6892 6893
f 6894 6895 6896
f 6897 6898 6899
f 6900 6901 6902
f 6903 6904 6905
f 6906 6907 6908
f 6909 6910 6911
f 6912 6913 6914
f 6915 6916 6917
f 6918 6919 6920
f 6921 6922 6923
f 6924 6925 6926
f 6927 6928 6929
f 6930 6931 6932
f 6933 6934 6935
f 6936 6937 6938
f 6939 6940 6941
f 6942 6943 6944
f 6945 6946 6947
f 6948 6949 6950
f 6951 6952 6953
f 6954 6955 6956
f 6957 6958 6959
f 6960 6961 6962
f 6963 6964 6965
f 6966 6967 6968
f 6969 6970 6971
f 6972 6973 6974
f 6975 6976 6977
f 6978 6979 6980
f 6981 6982 6983
f 6984 6985 6986
f 6987 6988 6989
f 6990 6991 6992
f 6993 6994 6995
f 6996 6997 6998
f 6999 7000 7001
f 7002 7003 7004
f 7005 7006 7007
f 7008 7009 7010
f 7011 7012 7013
f 7014 7015 7016
f 7017 7018 7019
f 7020 7021 7022
f 7023 7024 7025
f 7026 7027 7028
f 7029 7030 7031
f 7032 7033 7034
f 7035 7036 7037
f 7038 7039 7040
f 7041 7042 7043
f 7044 7045 7046
f 7047 7048 7049
f 7050 7051 7052
f 7053 7054 7055
f 7056 7057 7058
f 7059 7060 7061
f 7062 7063 7064
f 7065 7066 7067
f 7068 7069 7070
f 7071 7072 7073
f 7074 7075 7076
f 7077 7078 7079
f 7080 7081 7082
f 7083 7084 7085
f 7086 7087 7088
f 7089 7090 7091
f 7092 7093 7094
f 7095 7096 7097
f 7098 7099 7100
f 7101 7102 7103
f 7104 7105 7106
f 7107 7108 7109
f 7110 7111 7112
f 7113 7114 7115
f 7116 7117 7118
f 7119 7120 7121
f 7122 7123 7124
f 7125 7126 7127
f 7128 7129 7130
f 7131 7132 7133
f 7134 7135 7136
f 7137 7138 7139
f 7140 7141 7142
f 7143 7144 7145
f 7146 7147 7148
f 7149 7150 7151
f 7152 7153 7154
f 7155 7156 7157
f 7158 7159 7160
f 7161 7162 7163
f 7164 7165 7166
f 7167 7168 7169
f 7170 7171 7172
f 7173 7174 7175
f 7176 7177 7178
f 7179 7180 7181
f 7182 7183 7184
f 7185 7186 7187
f 7188 7189 7190
f 7191 7192 7193
f 7194 7195 7196
f 7197 7198 7199
f 7200 7201 7202
f 7203 7204 7205
f 7206 7207 7208
f 7209 7210 7211
f 7212 7213 7214
f 7215 7216 7217
f 7218 7219 7220
f 7221 7222 7223
f 7224 7225 7226
f 7227 7228 7229
f 7230 7231 7232
f 7233 7234 7235
f 7236 7237 7238
f 7239 7240 7241
f 7242 7243 7244
f 7245 7246 7247
f 7248 7249 7250
f 7251 7252 7253
f 7254 7255 7256
f 7257 7258 7259
f 7260 7261 7262
f 7263 7264 7265
f 7266 7267 7268
f 7269 7270 7271
f 7272 7273 7274
f 7275 7276 7277
f 7278 7279 7280
f 7281 7282 7283
f 7284 7285 7286
f 7287 7288 7289
f 7290 7291 7292
f 7293 7294 7295
f 7296 7297 7298
f 7299 7300 7301
f 7302 7303 7304
f 7305 7306 7307
f 7308 7309 7310
f 7311 7312 7313
f 7314 7315 7316
f 7317 7318 7319
f 7320 7321 7322
f 7323 7324 7325
f 7326 7327 7328
f 7329 7330 7331
f 7332 7333 7334
f 7335 7336 7337
f 7338 7339 7340
f 7341 7342 7343
f 7344 7345 7346
f 7347 7348 7349
f 7350 7351 7352
f 7353 7354 7355
f 7356 7357 7358
f 7359 7360 7361
f 7362 7363 7364
f 7365 7366 7367
f 7368 7369 7370
f 7371 7372 7373
f 7374 7375 7376
f 7377 7378 7379
f 7380 7381 7382
f 7383 7384 7385
f 7386 7387 7388
f 7389 7390 7391
f 7392 7393 7394
f 7395 7396 7397
f 7398 7399 7400
f 7401 7402 7403
f 7404 7405 7406
f 7407 7408 7409
f 7410 7411 7412
f 7413 7414 7415
f 7416 7417 7418
f 7419 7420 7421
f 7422 7423 7424
f 7425 7426 7427
f 7428 7429 7430
f 7431 7432 7433
f 7434 7435 7436
f 7437 7438 7439
f 7440 7441 7442
f 7443 7444 7445
f 7446 7447 7448
f 7449 7450 7451
f 7452 7453 7454
f 7455 7456 7457
f 7458 7459 7460
f 7461 7462 7463
f 7464 7465 7466
f 7467 7468 7469
f 7470 7471 7472
f 7473 7474 7475
f 7476 7477 7478
f 7479 7480 7481
f 7482 7483 7484
f 7485 7486 7487
f 7488 7489 7490
f 7491 7492 7493
f 7494 7495 7496
f 7497 7498 7499
f 7500 7501 7502
f 7503 7504 7505
f 7506 7507 7508
f 7509 7510 7511
f 7512 7513 7514
f 7515 7516 7517
f 7518 7519 7520
f 7521 7522 7523
f 7524 7525 7526
f 7527 7528 7529
f 7530 7531 7532
f 7533 7534 7535
f 7536 7537 7538
f 7539 7540 7541
f 7542 7543 7544
f 7545 7546 7547
f 7548 7549 7550
f 7551 7552 7553
f 7554 7555 7556
f 7557 7558 7559
f 7560 7561 7562
f 7563 7564 7565
f 7566 7567 7568
f 7569 7570 7571
f 7572 7573 7574
f 7575 7576 7577
f 7578 7579 7580
f 7581 7582 7583
f 7584 7585 7586
f 7587 7588 7589
f 7590 7591 7592
f 7593 7594 7595
f 7596 7597 7598
f 7599 7600 7601
f 7602 7603 7604
f 7605 7606 7607
f 7608 7609 7610
f 7611 7612 7613
f 7614 7615 7616
f 7617 7618 7619
f 7620 7621 7622
f 7623 7624 7625
f 7626 7627 7628
f 7629 7630 7631
f 7632 7633 7634
f 7635 7636 7637
f 7638 7639 7640
f 7641 7642 7643
f 7644 7645 7646
f 7647 7648 7649
f 7650 7651 7652
f 7653 7654 7655
f 7656 7657 7658
f 7659 7660 7661
f 7662 7663 7664
f 7665 7666 7667
f 7668 7669 7670
f 7671 7672 7673
f 7674 7675 7676
f 7677 7678 7679
f 7680 7681 7682
f 7683 7684 7685
f 7686 7687 7688
f 7689 7690 7691
f 7692 7693 7694
f 7695 7696 7697
f 7698 7699 7700
f 7701 7702 7703
f 7704 7705 7706
f 7707 7708 7709
f 7710 7711 7712
f 7713 7714 7715
f 7716 7717 7718
f 7719 7720 7721
f 7722 7723 7724
f 7725 7726 7727
f 7728 7729 7730
f 7731 7732 7733
f 7734 7735 7736
f 7737 7738 7739
f 7740 7741 7742
f 7743 7744 7745
f 7746 7747 7748
f 7749 7750 7751
f 7752 7753 7754
f 7755 7756 7757
f 7758 7759 7760
f 7761 7762 7763
f 7764 7765 7766
f 7767 7768 7769
f 7770 7771 7772
f 7773 7774 7775
f 7776 7777 7778
f 7779 7780 7781
f 7782 7783 7784
f 7785 7786 7787
f 7788 7789 7790
f 7791 7792 7793
f 7794 7795 7796
f 7797 7798 7799
f 7800 7801 7802
f 7803 7804 7805
f 7806 7807 7808
f 7809 7810 7811
f 7812 7813 7814
f 7815 7816 7817
f 7818 7819 7820
f 7821 7822 7823
f 7824 7825 7826
f 7827 7828 7829
f 7830 7831 7832
f 7833 7834 7835
f 7836 7837 7838
f 7839 7840 7841
f 7842 7843 7844
f 7845 7846 7847
f 7848 7849 7850
f 7851 7852 7853
f 7854 7855 7856
f 7857 7858 7859
f 7860 7861 7862
f 7863 7864 7865
f 7866 7867 7868
f 7869 7870 7871
f 7872 7873 7874
f 7875 7876 7877
f 7878 7879 7880
f 7881 7882 7883
f 7884 7885 7886
f 7887 7888 7889
f 7890 7891 7892
f 7893 7894 7895
